{
  "resourceType": "Bundle",
  "type": "transaction",
  "entry": [
    {
      "fullUrl": "urn:uuid:e019d0c9-f6c1-419f-bf69-241b68cf91f0",
      "resource": {
        "resourceType": "Patient",
        "id": "e019d0c9-f6c1-419f-bf69-241b68cf91f0",
        "text": {
          "status": "generated",
          "div": "<div xmlns=\"http://www.w3.org/1999/xhtml\">Generated by <a href=\"https://github.com/synthetichealth/synthea\">Synthea</a>.Version identifier: v2.4.0-404-ge7ce2295\n .   Person seed: 508943482563998989  Population seed: 0</div>"
        },
        "extension": [
          {
            "url": "http://hl7.org/fhir/StructureDefinition/us-core-race",
            "valueCodeableConcept": {
              "coding": [
                {
                  "system": "http://hl7.org/fhir/v3/Race",
                  "code": "2106-3",
                  "display": "White"
                }
              ],
              "text": "White"
            }
          },
          {
            "url": "http://hl7.org/fhir/StructureDefinition/us-core-ethnicity",
            "valueCodeableConcept": {
              "coding": [
                {
                  "system": "http://hl7.org/fhir/v3/Ethnicity",
                  "code": "2186-5",
                  "display": "Not Hispanic or Latino"
                }
              ],
              "text": "Not Hispanic or Latino"
            }
          },
          {
            "url": "http://hl7.org/fhir/StructureDefinition/patient-mothersMaidenName",
            "valueString": "Burma963 Gottlieb798"
          },
          {
            "url": "http://hl7.org/fhir/us/core/StructureDefinition/us-core-birthsex",
            "valueCode": "M"
          },
          {
            "url": "http://hl7.org/fhir/StructureDefinition/birthPlace",
            "valueAddress": {
              "city": "Lynn",
              "state": "Massachusetts",
              "country": "US"
            }
          },
          {
            "url": "http://synthetichealth.github.io/synthea/disability-adjusted-life-years",
            "valueDecimal": 0.009121399980612807
          },
          {
            "url": "http://synthetichealth.github.io/synthea/quality-adjusted-life-years",
            "valueDecimal": 27.990878600019386
          }
        ],
        "identifier": [
          {
            "system": "https://github.com/synthetichealth/synthea",
            "value": "29707cd0-3ff2-4656-9c8b-fe298fe98a24"
          },
          {
            "type": {
              "coding": [
                {
                  "system": "http://hl7.org/fhir/v2/0203",
                  "code": "MR"
                }
              ]
            },
            "system": "http://hospital.smarthealthit.org",
            "value": "29707cd0-3ff2-4656-9c8b-fe298fe98a24"
          },
          {
            "type": {
              "coding": [
                {
                  "system": "http://hl7.org/fhir/identifier-type",
                  "code": "SB"
                }
              ]
            },
            "system": "http://hl7.org/fhir/sid/us-ssn",
            "value": "999-39-5041"
          },
          {
            "type": {
              "coding": [
                {
                  "system": "http://hl7.org/fhir/v2/0203",
                  "code": "DL"
                }
              ]
            },
            "system": "urn:oid:2.16.840.1.113883.4.3.25",
            "value": "S99981434"
          }
        ],
        "name": [
          {
            "use": "official",
            "family": [
              "McGlynn426"
            ],
            "given": [
              "Darrin898"
            ],
            "prefix": [
              "Mr."
            ]
          }
        ],
        "telecom": [
          {
            "system": "phone",
            "value": "555-818-2814",
            "use": "home"
          }
        ],
        "gender": "male",
        "birthDate": "1990-05-28",
        "address": [
          {
            "extension": [
              {
                "url": "http://hl7.org/fhir/StructureDefinition/geolocation",
                "extension": [
                  {
                    "url": "latitude",
                    "valueDecimal": 42.290126010689455
                  },
                  {
                    "url": "longitude",
                    "valueDecimal": -70.7246193385223
                  }
                ]
              }
            ],
            "line": [
              "501 Rosenbaum Skyway"
            ],
            "city": "Scituate",
            "state": "Massachusetts",
            "postalCode": "02066",
            "country": "US"
          }
        ],
        "maritalStatus": {
          "coding": [
            {
              "system": "http://hl7.org/fhir/v3/MaritalStatus",
              "code": "M"
            }
          ]
        },
        "multipleBirthBoolean": false,
        "communication": [
          {
            "language": {
              "coding": [
                {
                  "system": "urn:ietf:bcp:47",
                  "code": "en-US",
                  "display": "English"
                }
              ],
              "text": "English"
            }
          }
        ]
      },
      "request": {
        "method": "POST",
        "url": "Patient"
      }
    },
    {
      "fullUrl": "urn:uuid:a5816e38-d79c-359b-b920-84a4c3f4667a",
      "resource": {
        "resourceType": "Organization",
        "id": "a5816e38-d79c-359b-b920-84a4c3f4667a",
        "identifier": [
          {
            "system": "https://github.com/synthetichealth/synthea",
            "value": "a5816e38-d79c-359b-b920-84a4c3f4667a"
          }
        ],
        "type": {
          "coding": [
            {
              "system": "Healthcare Provider",
              "code": "prov",
              "display": "Healthcare Provider"
            }
          ],
          "text": "Healthcare Provider"
        },
        "name": "PCP28807",
        "telecom": [
          {
            "system": "phone",
            "value": "781-383-0860"
          }
        ],
        "address": [
          {
            "line": [
              "223 CHIEF JUSTICE CUSHING HWY"
            ],
            "city": "COHASSET",
            "state": "MA",
            "postalCode": "02025-1416",
            "country": "US"
          }
        ]
      },
      "request": {
        "method": "POST",
        "url": "Organization"
      }
    },
    {
      "fullUrl": "urn:uuid:0000016d-3a85-4cca-0000-00000000495c",
      "resource": {
        "resourceType": "Practitioner",
        "id": "0000016d-3a85-4cca-0000-00000000495c",
        "identifier": [
          {
            "system": "http://hl7.org/fhir/sid/us-npi",
            "value": "18780"
          }
        ],
        "active": true,
        "name": {
          "family": [
            "Dibbert990"
          ],
          "given": [
            "Amado512"
          ],
          "prefix": [
            "Dr."
          ]
        },
        "address": [
          {
            "line": [
              "223 CHIEF JUSTICE CUSHING HWY"
            ],
            "city": "COHASSET",
            "state": "MA",
            "postalCode": "02025-1416",
            "country": "US"
          }
        ],
        "gender": "male"
      },
      "request": {
        "method": "POST",
        "url": "Practitioner"
      }
    },
    {
      "fullUrl": "urn:uuid:936d7d6e-55f3-4b80-9754-d6b860567c73",
      "resource": {
        "resourceType": "Encounter",
        "id": "936d7d6e-55f3-4b80-9754-d6b860567c73",
        "status": "finished",
        "type": [
          {
            "coding": [
              {
                "system": "http://snomed.info/sct",
                "code": "162673000",
                "display": "General examination of patient (procedure)"
              }
            ],
            "text": "General examination of patient (procedure)"
          }
        ],
        "patient": {
          "reference": "urn:uuid:e019d0c9-f6c1-419f-bf69-241b68cf91f0"
        },
        "participant": [
          {
            "individual": {
              "reference": "urn:uuid:0000016d-3a85-4cca-0000-00000000495c"
            }
          }
        ],
        "period": {
          "start": "2012-07-30T01:29:26-04:00",
          "end": "2012-07-30T01:59:26-04:00"
        },
        "serviceProvider": {
          "reference": "urn:uuid:a5816e38-d79c-359b-b920-84a4c3f4667a"
        }
      },
      "request": {
        "method": "POST",
        "url": "Encounter"
      }
    },
    {
      "fullUrl": "urn:uuid:2de5cda8-c8d9-49bb-83ec-d05cbe3f9e36",
      "resource": {
        "resourceType": "Observation",
        "id": "2de5cda8-c8d9-49bb-83ec-d05cbe3f9e36",
        "status": "final",
        "category": {
          "coding": [
            {
              "system": "http://hl7.org/fhir/observation-category",
              "code": "vital-signs",
              "display": "vital-signs"
            }
          ],
          "text": "vital-signs"
        },
        "code": {
          "coding": [
            {
              "system": "http://loinc.org",
              "code": "8302-2",
              "display": "Body Height"
            }
          ],
          "text": "Body Height"
        },
        "subject": {
          "reference": "urn:uuid:e019d0c9-f6c1-419f-bf69-241b68cf91f0"
        },
        "encounter": {
          "reference": "urn:uuid:936d7d6e-55f3-4b80-9754-d6b860567c73"
        },
        "effectiveDateTime": "2012-07-30T01:29:26-04:00",
        "issued": "2012-07-30T01:29:26.340-04:00",
        "valueQuantity": {
          "value": 178.55312134378886,
          "unit": "cm",
          "system": "http://unitsofmeasure.org",
          "code": "cm"
        }
      },
      "request": {
        "method": "POST",
        "url": "Observation"
      }
    },
    {
      "fullUrl": "urn:uuid:cd4ad443-79cf-4162-a390-a1fcad9907db",
      "resource": {
        "resourceType": "Observation",
        "id": "cd4ad443-79cf-4162-a390-a1fcad9907db",
        "status": "final",
        "category": {
          "coding": [
            {
              "system": "http://hl7.org/fhir/observation-category",
              "code": "vital-signs",
              "display": "vital-signs"
            }
          ],
          "text": "vital-signs"
        },
        "code": {
          "coding": [
            {
              "system": "http://loinc.org",
              "code": "72514-3",
              "display": "Pain severity - 0-10 verbal numeric rating [Score] - Reported"
            }
          ],
          "text": "Pain severity - 0-10 verbal numeric rating [Score] - Reported"
        },
        "subject": {
          "reference": "urn:uuid:e019d0c9-f6c1-419f-bf69-241b68cf91f0"
        },
        "encounter": {
          "reference": "urn:uuid:936d7d6e-55f3-4b80-9754-d6b860567c73"
        },
        "effectiveDateTime": "2012-07-30T01:29:26-04:00",
        "issued": "2012-07-30T01:29:26.340-04:00",
        "valueQuantity": {
          "value": 0.3803362103905501,
          "unit": "{score}",
          "system": "http://unitsofmeasure.org",
          "code": "{score}"
        }
      },
      "request": {
        "method": "POST",
        "url": "Observation"
      }
    },
    {
      "fullUrl": "urn:uuid:7d8daf67-f42d-4e6b-92d2-07ec88be3b20",
      "resource": {
        "resourceType": "Observation",
        "id": "7d8daf67-f42d-4e6b-92d2-07ec88be3b20",
        "status": "final",
        "category": {
          "coding": [
            {
              "system": "http://hl7.org/fhir/observation-category",
              "code": "vital-signs",
              "display": "vital-signs"
            }
          ],
          "text": "vital-signs"
        },
        "code": {
          "coding": [
            {
              "system": "http://loinc.org",
              "code": "29463-7",
              "display": "Body Weight"
            }
          ],
          "text": "Body Weight"
        },
        "subject": {
          "reference": "urn:uuid:e019d0c9-f6c1-419f-bf69-241b68cf91f0"
        },
        "encounter": {
          "reference": "urn:uuid:936d7d6e-55f3-4b80-9754-d6b860567c73"
        },
        "effectiveDateTime": "2012-07-30T01:29:26-04:00",
        "issued": "2012-07-30T01:29:26.340-04:00",
        "valueQuantity": {
          "value": 66.22870922711289,
          "unit": "kg",
          "system": "http://unitsofmeasure.org",
          "code": "kg"
        }
      },
      "request": {
        "method": "POST",
        "url": "Observation"
      }
    },
    {
      "fullUrl": "urn:uuid:9b653663-92b6-41a0-a3af-cb7eb5bcb749",
      "resource": {
        "resourceType": "Observation",
        "id": "9b653663-92b6-41a0-a3af-cb7eb5bcb749",
        "status": "final",
        "category": {
          "coding": [
            {
              "system": "http://hl7.org/fhir/observation-category",
              "code": "vital-signs",
              "display": "vital-signs"
            }
          ],
          "text": "vital-signs"
        },
        "code": {
          "coding": [
            {
              "system": "http://loinc.org",
              "code": "39156-5",
              "display": "Body Mass Index"
            }
          ],
          "text": "Body Mass Index"
        },
        "subject": {
          "reference": "urn:uuid:e019d0c9-f6c1-419f-bf69-241b68cf91f0"
        },
        "encounter": {
          "reference": "urn:uuid:936d7d6e-55f3-4b80-9754-d6b860567c73"
        },
        "effectiveDateTime": "2012-07-30T01:29:26-04:00",
        "issued": "2012-07-30T01:29:26.340-04:00",
        "valueQuantity": {
          "value": 20.77358243035033,
          "unit": "kg/m2",
          "system": "http://unitsofmeasure.org",
          "code": "kg/m2"
        }
      },
      "request": {
        "method": "POST",
        "url": "Observation"
      }
    },
    {
      "fullUrl": "urn:uuid:0a1ef808-d7a4-4a7a-bffc-cbe4a9ad702f",
      "resource": {
        "resourceType": "Observation",
        "id": "0a1ef808-d7a4-4a7a-bffc-cbe4a9ad702f",
        "status": "final",
        "category": {
          "coding": [
            {
              "system": "http://hl7.org/fhir/observation-category",
              "code": "vital-signs",
              "display": "vital-signs"
            }
          ],
          "text": "vital-signs"
        },
        "code": {
          "coding": [
            {
              "system": "http://loinc.org",
              "code": "55284-4",
              "display": "Blood Pressure"
            }
          ],
          "text": "Blood Pressure"
        },
        "subject": {
          "reference": "urn:uuid:e019d0c9-f6c1-419f-bf69-241b68cf91f0"
        },
        "encounter": {
          "reference": "urn:uuid:936d7d6e-55f3-4b80-9754-d6b860567c73"
        },
        "effectiveDateTime": "2012-07-30T01:29:26-04:00",
        "issued": "2012-07-30T01:29:26.340-04:00",
        "component": [
          {
            "code": {
              "coding": [
                {
                  "system": "http://loinc.org",
                  "code": "8462-4",
                  "display": "Diastolic Blood Pressure"
                }
              ],
              "text": "Diastolic Blood Pressure"
            },
            "valueQuantity": {
              "value": 75.88816403875653,
              "unit": "mm[Hg]",
              "system": "http://unitsofmeasure.org",
              "code": "mm[Hg]"
            }
          },
          {
            "code": {
              "coding": [
                {
                  "system": "http://loinc.org",
                  "code": "8480-6",
                  "display": "Systolic Blood Pressure"
                }
              ],
              "text": "Systolic Blood Pressure"
            },
            "valueQuantity": {
              "value": 106.64271717344296,
              "unit": "mm[Hg]",
              "system": "http://unitsofmeasure.org",
              "code": "mm[Hg]"
            }
          }
        ]
      },
      "request": {
        "method": "POST",
        "url": "Observation"
      }
    },
    {
      "fullUrl": "urn:uuid:9b923578-6d08-4a2d-9a45-7fa4a2171963",
      "resource": {
        "resourceType": "Observation",
        "id": "9b923578-6d08-4a2d-9a45-7fa4a2171963",
        "status": "final",
        "category": {
          "coding": [
            {
              "system": "http://hl7.org/fhir/observation-category",
              "code": "laboratory",
              "display": "laboratory"
            }
          ],
          "text": "laboratory"
        },
        "code": {
          "coding": [
            {
              "system": "http://loinc.org",
              "code": "6690-2",
              "display": "Leukocytes [#/volume] in Blood by Automated count"
            }
          ],
          "text": "Leukocytes [#/volume] in Blood by Automated count"
        },
        "subject": {
          "reference": "urn:uuid:e019d0c9-f6c1-419f-bf69-241b68cf91f0"
        },
        "encounter": {
          "reference": "urn:uuid:936d7d6e-55f3-4b80-9754-d6b860567c73"
        },
        "effectiveDateTime": "2012-07-30T01:29:26-04:00",
        "issued": "2012-07-30T01:29:26.340-04:00",
        "valueQuantity": {
          "value": 9.929202424319548,
          "unit": "10*3/uL",
          "system": "http://unitsofmeasure.org",
          "code": "10*3/uL"
        }
      },
      "request": {
        "method": "POST",
        "url": "Observation"
      }
    },
    {
      "fullUrl": "urn:uuid:d99d5703-c9ca-4ac9-8f6d-9be95b48efea",
      "resource": {
        "resourceType": "Observation",
        "id": "d99d5703-c9ca-4ac9-8f6d-9be95b48efea",
        "status": "final",
        "category": {
          "coding": [
            {
              "system": "http://hl7.org/fhir/observation-category",
              "code": "laboratory",
              "display": "laboratory"
            }
          ],
          "text": "laboratory"
        },
        "code": {
          "coding": [
            {
              "system": "http://loinc.org",
              "code": "789-8",
              "display": "Erythrocytes [#/volume] in Blood by Automated count"
            }
          ],
          "text": "Erythrocytes [#/volume] in Blood by Automated count"
        },
        "subject": {
          "reference": "urn:uuid:e019d0c9-f6c1-419f-bf69-241b68cf91f0"
        },
        "encounter": {
          "reference": "urn:uuid:936d7d6e-55f3-4b80-9754-d6b860567c73"
        },
        "effectiveDateTime": "2012-07-30T01:29:26-04:00",
        "issued": "2012-07-30T01:29:26.340-04:00",
        "valueQuantity": {
          "value": 4.83907688324886,
          "unit": "10*6/uL",
          "system": "http://unitsofmeasure.org",
          "code": "10*6/uL"
        }
      },
      "request": {
        "method": "POST",
        "url": "Observation"
      }
    },
    {
      "fullUrl": "urn:uuid:334cd2f7-2d75-4b27-bea7-3c806f977cb3",
      "resource": {
        "resourceType": "Observation",
        "id": "334cd2f7-2d75-4b27-bea7-3c806f977cb3",
        "status": "final",
        "category": {
          "coding": [
            {
              "system": "http://hl7.org/fhir/observation-category",
              "code": "laboratory",
              "display": "laboratory"
            }
          ],
          "text": "laboratory"
        },
        "code": {
          "coding": [
            {
              "system": "http://loinc.org",
              "code": "718-7",
              "display": "Hemoglobin [Mass/volume] in Blood"
            }
          ],
          "text": "Hemoglobin [Mass/volume] in Blood"
        },
        "subject": {
          "reference": "urn:uuid:e019d0c9-f6c1-419f-bf69-241b68cf91f0"
        },
        "encounter": {
          "reference": "urn:uuid:936d7d6e-55f3-4b80-9754-d6b860567c73"
        },
        "effectiveDateTime": "2012-07-30T01:29:26-04:00",
        "issued": "2012-07-30T01:29:26.340-04:00",
        "valueQuantity": {
          "value": 13.124927825173998,
          "unit": "g/dL",
          "system": "http://unitsofmeasure.org",
          "code": "g/dL"
        }
      },
      "request": {
        "method": "POST",
        "url": "Observation"
      }
    },
    {
      "fullUrl": "urn:uuid:6487e206-4266-42d5-a013-62eb1a3078ae",
      "resource": {
        "resourceType": "Observation",
        "id": "6487e206-4266-42d5-a013-62eb1a3078ae",
        "status": "final",
        "category": {
          "coding": [
            {
              "system": "http://hl7.org/fhir/observation-category",
              "code": "laboratory",
              "display": "laboratory"
            }
          ],
          "text": "laboratory"
        },
        "code": {
          "coding": [
            {
              "system": "http://loinc.org",
              "code": "4544-3",
              "display": "Hematocrit [Volume Fraction] of Blood by Automated count"
            }
          ],
          "text": "Hematocrit [Volume Fraction] of Blood by Automated count"
        },
        "subject": {
          "reference": "urn:uuid:e019d0c9-f6c1-419f-bf69-241b68cf91f0"
        },
        "encounter": {
          "reference": "urn:uuid:936d7d6e-55f3-4b80-9754-d6b860567c73"
        },
        "effectiveDateTime": "2012-07-30T01:29:26-04:00",
        "issued": "2012-07-30T01:29:26.340-04:00",
        "valueQuantity": {
          "value": 47.26299421680035,
          "unit": "%",
          "system": "http://unitsofmeasure.org",
          "code": "%"
        }
      },
      "request": {
        "method": "POST",
        "url": "Observation"
      }
    },
    {
      "fullUrl": "urn:uuid:abaf7c07-2227-4619-90d8-e9c3d462a6b9",
      "resource": {
        "resourceType": "Observation",
        "id": "abaf7c07-2227-4619-90d8-e9c3d462a6b9",
        "status": "final",
        "category": {
          "coding": [
            {
              "system": "http://hl7.org/fhir/observation-category",
              "code": "laboratory",
              "display": "laboratory"
            }
          ],
          "text": "laboratory"
        },
        "code": {
          "coding": [
            {
              "system": "http://loinc.org",
              "code": "787-2",
              "display": "MCV [Entitic volume] by Automated count"
            }
          ],
          "text": "MCV [Entitic volume] by Automated count"
        },
        "subject": {
          "reference": "urn:uuid:e019d0c9-f6c1-419f-bf69-241b68cf91f0"
        },
        "encounter": {
          "reference": "urn:uuid:936d7d6e-55f3-4b80-9754-d6b860567c73"
        },
        "effectiveDateTime": "2012-07-30T01:29:26-04:00",
        "issued": "2012-07-30T01:29:26.340-04:00",
        "valueQuantity": {
          "value": 94.72174027206955,
          "unit": "fL",
          "system": "http://unitsofmeasure.org",
          "code": "fL"
        }
      },
      "request": {
        "method": "POST",
        "url": "Observation"
      }
    },
    {
      "fullUrl": "urn:uuid:9527ba7a-ffae-4715-9042-8901f763eeb0",
      "resource": {
        "resourceType": "Observation",
        "id": "9527ba7a-ffae-4715-9042-8901f763eeb0",
        "status": "final",
        "category": {
          "coding": [
            {
              "system": "http://hl7.org/fhir/observation-category",
              "code": "laboratory",
              "display": "laboratory"
            }
          ],
          "text": "laboratory"
        },
        "code": {
          "coding": [
            {
              "system": "http://loinc.org",
              "code": "785-6",
              "display": "MCH [Entitic mass] by Automated count"
            }
          ],
          "text": "MCH [Entitic mass] by Automated count"
        },
        "subject": {
          "reference": "urn:uuid:e019d0c9-f6c1-419f-bf69-241b68cf91f0"
        },
        "encounter": {
          "reference": "urn:uuid:936d7d6e-55f3-4b80-9754-d6b860567c73"
        },
        "effectiveDateTime": "2012-07-30T01:29:26-04:00",
        "issued": "2012-07-30T01:29:26.340-04:00",
        "valueQuantity": {
          "value": 30.103006686098055,
          "unit": "pg",
          "system": "http://unitsofmeasure.org",
          "code": "pg"
        }
      },
      "request": {
        "method": "POST",
        "url": "Observation"
      }
    },
    {
      "fullUrl": "urn:uuid:31d46a6b-cc3a-431d-b249-97782d57411d",
      "resource": {
        "resourceType": "Observation",
        "id": "31d46a6b-cc3a-431d-b249-97782d57411d",
        "status": "final",
        "category": {
          "coding": [
            {
              "system": "http://hl7.org/fhir/observation-category",
              "code": "laboratory",
              "display": "laboratory"
            }
          ],
          "text": "laboratory"
        },
        "code": {
          "coding": [
            {
              "system": "http://loinc.org",
              "code": "786-4",
              "display": "MCHC [Mass/volume] by Automated count"
            }
          ],
          "text": "MCHC [Mass/volume] by Automated count"
        },
        "subject": {
          "reference": "urn:uuid:e019d0c9-f6c1-419f-bf69-241b68cf91f0"
        },
        "encounter": {
          "reference": "urn:uuid:936d7d6e-55f3-4b80-9754-d6b860567c73"
        },
        "effectiveDateTime": "2012-07-30T01:29:26-04:00",
        "issued": "2012-07-30T01:29:26.340-04:00",
        "valueQuantity": {
          "value": 33.09415701229377,
          "unit": "g/dL",
          "system": "http://unitsofmeasure.org",
          "code": "g/dL"
        }
      },
      "request": {
        "method": "POST",
        "url": "Observation"
      }
    },
    {
      "fullUrl": "urn:uuid:98b7ef34-d526-4c2c-8f18-83ed8845db67",
      "resource": {
        "resourceType": "Observation",
        "id": "98b7ef34-d526-4c2c-8f18-83ed8845db67",
        "status": "final",
        "category": {
          "coding": [
            {
              "system": "http://hl7.org/fhir/observation-category",
              "code": "laboratory",
              "display": "laboratory"
            }
          ],
          "text": "laboratory"
        },
        "code": {
          "coding": [
            {
              "system": "http://loinc.org",
              "code": "21000-5",
              "display": "Erythrocyte distribution width [Entitic volume] by Automated count"
            }
          ],
          "text": "Erythrocyte distribution width [Entitic volume] by Automated count"
        },
        "subject": {
          "reference": "urn:uuid:e019d0c9-f6c1-419f-bf69-241b68cf91f0"
        },
        "encounter": {
          "reference": "urn:uuid:936d7d6e-55f3-4b80-9754-d6b860567c73"
        },
        "effectiveDateTime": "2012-07-30T01:29:26-04:00",
        "issued": "2012-07-30T01:29:26.340-04:00",
        "valueQuantity": {
          "value": 43.84958424827369,
          "unit": "fL",
          "system": "http://unitsofmeasure.org",
          "code": "fL"
        }
      },
      "request": {
        "method": "POST",
        "url": "Observation"
      }
    },
    {
      "fullUrl": "urn:uuid:c7a77933-1e0b-47d1-abc6-f0b54ed476b0",
      "resource": {
        "resourceType": "Observation",
        "id": "c7a77933-1e0b-47d1-abc6-f0b54ed476b0",
        "status": "final",
        "category": {
          "coding": [
            {
              "system": "http://hl7.org/fhir/observation-category",
              "code": "laboratory",
              "display": "laboratory"
            }
          ],
          "text": "laboratory"
        },
        "code": {
          "coding": [
            {
              "system": "http://loinc.org",
              "code": "777-3",
              "display": "Platelets [#/volume] in Blood by Automated count"
            }
          ],
          "text": "Platelets [#/volume] in Blood by Automated count"
        },
        "subject": {
          "reference": "urn:uuid:e019d0c9-f6c1-419f-bf69-241b68cf91f0"
        },
        "encounter": {
          "reference": "urn:uuid:936d7d6e-55f3-4b80-9754-d6b860567c73"
        },
        "effectiveDateTime": "2012-07-30T01:29:26-04:00",
        "issued": "2012-07-30T01:29:26.340-04:00",
        "valueQuantity": {
          "value": 398.6488837467738,
          "unit": "10*3/uL",
          "system": "http://unitsofmeasure.org",
          "code": "10*3/uL"
        }
      },
      "request": {
        "method": "POST",
        "url": "Observation"
      }
    },
    {
      "fullUrl": "urn:uuid:93b38d60-2799-4e4b-bb0d-9ea207a47326",
      "resource": {
        "resourceType": "Observation",
        "id": "93b38d60-2799-4e4b-bb0d-9ea207a47326",
        "status": "final",
        "category": {
          "coding": [
            {
              "system": "http://hl7.org/fhir/observation-category",
              "code": "laboratory",
              "display": "laboratory"
            }
          ],
          "text": "laboratory"
        },
        "code": {
          "coding": [
            {
              "system": "http://loinc.org",
              "code": "32207-3",
              "display": "Platelet distribution width [Entitic volume] in Blood by Automated count"
            }
          ],
          "text": "Platelet distribution width [Entitic volume] in Blood by Automated count"
        },
        "subject": {
          "reference": "urn:uuid:e019d0c9-f6c1-419f-bf69-241b68cf91f0"
        },
        "encounter": {
          "reference": "urn:uuid:936d7d6e-55f3-4b80-9754-d6b860567c73"
        },
        "effectiveDateTime": "2012-07-30T01:29:26-04:00",
        "issued": "2012-07-30T01:29:26.340-04:00",
        "valueQuantity": {
          "value": 415.2078368593014,
          "unit": "fL",
          "system": "http://unitsofmeasure.org",
          "code": "fL"
        }
      },
      "request": {
        "method": "POST",
        "url": "Observation"
      }
    },
    {
      "fullUrl": "urn:uuid:20bdf9eb-7ebe-40d3-9d21-1e6184248ba7",
      "resource": {
        "resourceType": "Observation",
        "id": "20bdf9eb-7ebe-40d3-9d21-1e6184248ba7",
        "status": "final",
        "category": {
          "coding": [
            {
              "system": "http://hl7.org/fhir/observation-category",
              "code": "laboratory",
              "display": "laboratory"
            }
          ],
          "text": "laboratory"
        },
        "code": {
          "coding": [
            {
              "system": "http://loinc.org",
              "code": "32623-1",
              "display": "Platelet mean volume [Entitic volume] in Blood by Automated count"
            }
          ],
          "text": "Platelet mean volume [Entitic volume] in Blood by Automated count"
        },
        "subject": {
          "reference": "urn:uuid:e019d0c9-f6c1-419f-bf69-241b68cf91f0"
        },
        "encounter": {
          "reference": "urn:uuid:936d7d6e-55f3-4b80-9754-d6b860567c73"
        },
        "effectiveDateTime": "2012-07-30T01:29:26-04:00",
        "issued": "2012-07-30T01:29:26.340-04:00",
        "valueQuantity": {
          "value": 12.008379291853213,
          "unit": "fL",
          "system": "http://unitsofmeasure.org",
          "code": "fL"
        }
      },
      "request": {
        "method": "POST",
        "url": "Observation"
      }
    },
    {
      "fullUrl": "urn:uuid:61d4531d-da45-4524-a2fe-0636865bd4c4",
      "resource": {
        "resourceType": "Observation",
        "id": "61d4531d-da45-4524-a2fe-0636865bd4c4",
        "status": "final",
        "category": {
          "coding": [
            {
              "system": "http://hl7.org/fhir/observation-category",
              "code": "survey",
              "display": "survey"
            }
          ],
          "text": "survey"
        },
        "code": {
          "coding": [
            {
              "system": "http://loinc.org",
              "code": "72166-2",
              "display": "Tobacco smoking status NHIS"
            }
          ],
          "text": "Tobacco smoking status NHIS"
        },
        "subject": {
          "reference": "urn:uuid:e019d0c9-f6c1-419f-bf69-241b68cf91f0"
        },
        "encounter": {
          "reference": "urn:uuid:936d7d6e-55f3-4b80-9754-d6b860567c73"
        },
        "effectiveDateTime": "2012-07-30T01:29:26-04:00",
        "issued": "2012-07-30T01:29:26.340-04:00",
        "valueCodeableConcept": {
          "coding": [
            {
              "system": "http://snomed.info/sct",
              "code": "8517006",
              "display": "Former smoker"
            }
          ],
          "text": "Former smoker"
        }
      },
      "request": {
        "method": "POST",
        "url": "Observation"
      }
    },
    {
      "fullUrl": "urn:uuid:7a1a3e2d-bada-4d7d-91d7-40c306eda9e8",
      "resource": {
        "resourceType": "Procedure",
        "id": "7a1a3e2d-bada-4d7d-91d7-40c306eda9e8",
        "subject": {
          "reference": "urn:uuid:e019d0c9-f6c1-419f-bf69-241b68cf91f0"
        },
        "status": "completed",
        "code": {
          "coding": [
            {
              "system": "http://snomed.info/sct",
              "code": "430193006",
              "display": "Medication Reconciliation (procedure)"
            }
          ],
          "text": "Medication Reconciliation (procedure)"
        },
        "performedPeriod": {
          "start": "2012-07-30T01:29:26-04:00",
          "end": "2012-07-30T01:44:26-04:00"
        },
        "encounter": {
          "reference": "urn:uuid:936d7d6e-55f3-4b80-9754-d6b860567c73"
        }
      },
      "request": {
        "method": "POST",
        "url": "Procedure"
      }
    },
    {
      "fullUrl": "urn:uuid:8a2a8a71-0b0f-42e3-b5ea-3e56ca9c6767",
      "resource": {
        "resourceType": "Immunization",
        "id": "8a2a8a71-0b0f-42e3-b5ea-3e56ca9c6767",
        "status": "completed",
        "date": "2012-07-30T01:29:26-04:00",
        "vaccineCode": {
          "coding": [
            {
              "system": "http://hl7.org/fhir/sid/cvx",
              "code": "140",
              "display": "Influenza, seasonal, injectable, preservative free"
            }
          ],
          "text": "Influenza, seasonal, injectable, preservative free"
        },
        "patient": {
          "reference": "urn:uuid:e019d0c9-f6c1-419f-bf69-241b68cf91f0"
        },
        "wasNotGiven": false,
        "reported": false,
        "encounter": {
          "reference": "urn:uuid:936d7d6e-55f3-4b80-9754-d6b860567c73"
        }
      },
      "request": {
        "method": "POST",
        "url": "Immunization"
      }
    },
    {
      "fullUrl": "urn:uuid:81983aa6-b64c-4204-9e7e-83bb22a10d7b",
      "resource": {
        "resourceType": "Immunization",
        "id": "81983aa6-b64c-4204-9e7e-83bb22a10d7b",
        "status": "completed",
        "date": "2012-07-30T01:29:26-04:00",
        "vaccineCode": {
          "coding": [
            {
              "system": "http://hl7.org/fhir/sid/cvx",
              "code": "113",
              "display": "Td (adult) preservative free"
            }
          ],
          "text": "Td (adult) preservative free"
        },
        "patient": {
          "reference": "urn:uuid:e019d0c9-f6c1-419f-bf69-241b68cf91f0"
        },
        "wasNotGiven": false,
        "reported": false,
        "encounter": {
          "reference": "urn:uuid:936d7d6e-55f3-4b80-9754-d6b860567c73"
        }
      },
      "request": {
        "method": "POST",
        "url": "Immunization"
      }
    },
    {
      "fullUrl": "urn:uuid:e4dd1f3d-7930-4cbd-a078-1d6453a9de0e",
      "resource": {
        "resourceType": "Immunization",
        "id": "e4dd1f3d-7930-4cbd-a078-1d6453a9de0e",
        "status": "completed",
        "date": "2012-07-30T01:29:26-04:00",
        "vaccineCode": {
          "coding": [
            {
              "system": "http://hl7.org/fhir/sid/cvx",
              "code": "43",
              "display": "Hep B, adult"
            }
          ],
          "text": "Hep B, adult"
        },
        "patient": {
          "reference": "urn:uuid:e019d0c9-f6c1-419f-bf69-241b68cf91f0"
        },
        "wasNotGiven": false,
        "reported": false,
        "encounter": {
          "reference": "urn:uuid:936d7d6e-55f3-4b80-9754-d6b860567c73"
        }
      },
      "request": {
        "method": "POST",
        "url": "Immunization"
      }
    },
    {
      "fullUrl": "urn:uuid:a0c02786-baa0-4f93-8916-bb8d2ef27589",
      "resource": {
        "resourceType": "Immunization",
        "id": "a0c02786-baa0-4f93-8916-bb8d2ef27589",
        "status": "completed",
        "date": "2012-07-30T01:29:26-04:00",
        "vaccineCode": {
          "coding": [
            {
              "system": "http://hl7.org/fhir/sid/cvx",
              "code": "114",
              "display": "meningococcal MCV4P"
            }
          ],
          "text": "meningococcal MCV4P"
        },
        "patient": {
          "reference": "urn:uuid:e019d0c9-f6c1-419f-bf69-241b68cf91f0"
        },
        "wasNotGiven": false,
        "reported": false,
        "encounter": {
          "reference": "urn:uuid:936d7d6e-55f3-4b80-9754-d6b860567c73"
        }
      },
      "request": {
        "method": "POST",
        "url": "Immunization"
      }
    },
    {
      "fullUrl": "urn:uuid:b19f9c1d-6c77-4a88-a45e-80530873256b",
      "resource": {
        "resourceType": "DiagnosticReport",
        "id": "b19f9c1d-6c77-4a88-a45e-80530873256b",
        "status": "final",
        "category": {
          "coding": [
            {
              "system": "http://hl7.org/fhir/ValueSet/diagnostic-service-sections",
              "code": "LAB"
            }
          ]
        },
        "code": {
          "coding": [
            {
              "system": "http://loinc.org",
              "code": "58410-2",
              "display": "Complete blood count (hemogram) panel - Blood by Automated count"
            }
          ],
          "text": "Complete blood count (hemogram) panel - Blood by Automated count"
        },
        "subject": {
          "reference": "urn:uuid:e019d0c9-f6c1-419f-bf69-241b68cf91f0"
        },
        "encounter": {
          "reference": "urn:uuid:936d7d6e-55f3-4b80-9754-d6b860567c73"
        },
        "effectiveDateTime": "2012-07-30T01:29:26-04:00",
        "issued": "2012-07-30T01:29:26.340-04:00",
        "performer": {
          "reference": "urn:uuid:a5816e38-d79c-359b-b920-84a4c3f4667a"
        },
        "result": [
          {
            "reference": "urn:uuid:20bdf9eb-7ebe-40d3-9d21-1e6184248ba7",
            "display": "Platelet mean volume [Entitic volume] in Blood by Automated count"
          }
        ]
      },
      "request": {
        "method": "POST",
        "url": "DiagnosticReport"
      }
    },
    {
      "fullUrl": "urn:uuid:b6e408bd-19a8-4aee-9037-27d662b367fe",
      "resource": {
        "resourceType": "Claim",
        "id": "b6e408bd-19a8-4aee-9037-27d662b367fe",
        "type": "institutional",
        "organization": {
          "reference": "urn:uuid:a5816e38-d79c-359b-b920-84a4c3f4667a"
        },
        "use": "complete",
        "patient": {
          "reference": "urn:uuid:e019d0c9-f6c1-419f-bf69-241b68cf91f0"
        },
        "item": [
          {
            "sequence": 1,
            "type": {
              "system": "http://hl7.org/fhir/v3/ActCode",
              "code": "CSINV",
              "display": "clinical service invoice"
            },
            "service": {
              "system": "http://snomed.info/sct",
              "code": "162673000",
              "display": "General examination of patient (procedure)"
            }
          },
          {
            "sequence": 2,
            "type": {
              "system": "http://hl7.org/fhir/v3/ActCode",
              "code": "CSINV",
              "display": "clinical service invoice"
            },
            "service": {
              "system": "http://hl7.org/fhir/sid/cvx",
              "code": "140",
              "display": "Influenza, seasonal, injectable, preservative free"
            },
            "net": {
              "value": 140.52,
              "system": "urn:iso:std:iso:4217",
              "code": "USD"
            }
          },
          {
            "sequence": 3,
            "type": {
              "system": "http://hl7.org/fhir/v3/ActCode",
              "code": "CSINV",
              "display": "clinical service invoice"
            },
            "service": {
              "system": "http://hl7.org/fhir/sid/cvx",
              "code": "113",
              "display": "Td (adult) preservative free"
            },
            "net": {
              "value": 140.52,
              "system": "urn:iso:std:iso:4217",
              "code": "USD"
            }
          },
          {
            "sequence": 4,
            "type": {
              "system": "http://hl7.org/fhir/v3/ActCode",
              "code": "CSINV",
              "display": "clinical service invoice"
            },
            "service": {
              "system": "http://hl7.org/fhir/sid/cvx",
              "code": "43",
              "display": "Hep B, adult"
            },
            "net": {
              "value": 140.52,
              "system": "urn:iso:std:iso:4217",
              "code": "USD"
            }
          },
          {
            "sequence": 5,
            "type": {
              "system": "http://hl7.org/fhir/v3/ActCode",
              "code": "CSINV",
              "display": "clinical service invoice"
            },
            "service": {
              "system": "http://hl7.org/fhir/sid/cvx",
              "code": "114",
              "display": "meningococcal MCV4P"
            },
            "net": {
              "value": 140.52,
              "system": "urn:iso:std:iso:4217",
              "code": "USD"
            }
          },
          {
            "sequence": 6,
            "type": {
              "system": "http://hl7.org/fhir/v3/ActCode",
              "code": "CSINV",
              "display": "clinical service invoice"
            },
            "service": {
              "system": "http://snomed.info/sct",
              "code": "430193006",
              "display": "Medication Reconciliation (procedure)"
            },
            "net": {
              "value": 442.27,
              "system": "urn:iso:std:iso:4217",
              "code": "USD"
            }
          }
        ]
      },
      "request": {
        "method": "POST",
        "url": "Claim"
      }
    },
    {
      "fullUrl": "urn:uuid:53448086-9c37-497d-8927-c1c6dcab6272",
      "resource": {
        "resourceType": "Encounter",
        "id": "53448086-9c37-497d-8927-c1c6dcab6272",
        "status": "finished",
        "type": [
          {
            "coding": [
              {
                "system": "http://snomed.info/sct",
                "code": "162673000",
                "display": "General examination of patient (procedure)"
              }
            ],
            "text": "General examination of patient (procedure)"
          }
        ],
        "patient": {
          "reference": "urn:uuid:e019d0c9-f6c1-419f-bf69-241b68cf91f0"
        },
        "participant": [
          {
            "individual": {
              "reference": "urn:uuid:0000016d-3a85-4cca-0000-00000000495c"
            }
          }
        ],
        "period": {
          "start": "2015-08-03T01:29:26-04:00",
          "end": "2015-08-03T01:59:26-04:00"
        },
        "serviceProvider": {
          "reference": "urn:uuid:a5816e38-d79c-359b-b920-84a4c3f4667a"
        }
      },
      "request": {
        "method": "POST",
        "url": "Encounter"
      }
    },
    {
      "fullUrl": "urn:uuid:8dc4e265-bae8-4cd3-8887-ef432c4d50b8",
      "resource": {
        "resourceType": "Observation",
        "id": "8dc4e265-bae8-4cd3-8887-ef432c4d50b8",
        "status": "final",
        "category": {
          "coding": [
            {
              "system": "http://hl7.org/fhir/observation-category",
              "code": "vital-signs",
              "display": "vital-signs"
            }
          ],
          "text": "vital-signs"
        },
        "code": {
          "coding": [
            {
              "system": "http://loinc.org",
              "code": "8302-2",
              "display": "Body Height"
            }
          ],
          "text": "Body Height"
        },
        "subject": {
          "reference": "urn:uuid:e019d0c9-f6c1-419f-bf69-241b68cf91f0"
        },
        "encounter": {
          "reference": "urn:uuid:53448086-9c37-497d-8927-c1c6dcab6272"
        },
        "effectiveDateTime": "2015-08-03T01:29:26-04:00",
        "issued": "2015-08-03T01:29:26.340-04:00",
        "valueQuantity": {
          "value": 178.55312134378886,
          "unit": "cm",
          "system": "http://unitsofmeasure.org",
          "code": "cm"
        }
      },
      "request": {
        "method": "POST",
        "url": "Observation"
      }
    },
    {
      "fullUrl": "urn:uuid:9654ebd7-77eb-4c16-8bf6-5d9309ffc4b1",
      "resource": {
        "resourceType": "Observation",
        "id": "9654ebd7-77eb-4c16-8bf6-5d9309ffc4b1",
        "status": "final",
        "category": {
          "coding": [
            {
              "system": "http://hl7.org/fhir/observation-category",
              "code": "vital-signs",
              "display": "vital-signs"
            }
          ],
          "text": "vital-signs"
        },
        "code": {
          "coding": [
            {
              "system": "http://loinc.org",
              "code": "72514-3",
              "display": "Pain severity - 0-10 verbal numeric rating [Score] - Reported"
            }
          ],
          "text": "Pain severity - 0-10 verbal numeric rating [Score] - Reported"
        },
        "subject": {
          "reference": "urn:uuid:e019d0c9-f6c1-419f-bf69-241b68cf91f0"
        },
        "encounter": {
          "reference": "urn:uuid:53448086-9c37-497d-8927-c1c6dcab6272"
        },
        "effectiveDateTime": "2015-08-03T01:29:26-04:00",
        "issued": "2015-08-03T01:29:26.340-04:00",
        "valueQuantity": {
          "value": 3.751525152902869,
          "unit": "{score}",
          "system": "http://unitsofmeasure.org",
          "code": "{score}"
        }
      },
      "request": {
        "method": "POST",
        "url": "Observation"
      }
    },
    {
      "fullUrl": "urn:uuid:2be129a8-1836-4c32-bb69-94c5e4c07b7d",
      "resource": {
        "resourceType": "Observation",
        "id": "2be129a8-1836-4c32-bb69-94c5e4c07b7d",
        "status": "final",
        "category": {
          "coding": [
            {
              "system": "http://hl7.org/fhir/observation-category",
              "code": "vital-signs",
              "display": "vital-signs"
            }
          ],
          "text": "vital-signs"
        },
        "code": {
          "coding": [
            {
              "system": "http://loinc.org",
              "code": "29463-7",
              "display": "Body Weight"
            }
          ],
          "text": "Body Weight"
        },
        "subject": {
          "reference": "urn:uuid:e019d0c9-f6c1-419f-bf69-241b68cf91f0"
        },
        "encounter": {
          "reference": "urn:uuid:53448086-9c37-497d-8927-c1c6dcab6272"
        },
        "effectiveDateTime": "2015-08-03T01:29:26-04:00",
        "issued": "2015-08-03T01:29:26.340-04:00",
        "valueQuantity": {
          "value": 71.21736727341879,
          "unit": "kg",
          "system": "http://unitsofmeasure.org",
          "code": "kg"
        }
      },
      "request": {
        "method": "POST",
        "url": "Observation"
      }
    },
    {
      "fullUrl": "urn:uuid:9e11ff40-71ff-481f-8703-1c1a9125e7fd",
      "resource": {
        "resourceType": "Observation",
        "id": "9e11ff40-71ff-481f-8703-1c1a9125e7fd",
        "status": "final",
        "category": {
          "coding": [
            {
              "system": "http://hl7.org/fhir/observation-category",
              "code": "vital-signs",
              "display": "vital-signs"
            }
          ],
          "text": "vital-signs"
        },
        "code": {
          "coding": [
            {
              "system": "http://loinc.org",
              "code": "39156-5",
              "display": "Body Mass Index"
            }
          ],
          "text": "Body Mass Index"
        },
        "subject": {
          "reference": "urn:uuid:e019d0c9-f6c1-419f-bf69-241b68cf91f0"
        },
        "encounter": {
          "reference": "urn:uuid:53448086-9c37-497d-8927-c1c6dcab6272"
        },
        "effectiveDateTime": "2015-08-03T01:29:26-04:00",
        "issued": "2015-08-03T01:29:26.340-04:00",
        "valueQuantity": {
          "value": 22.338346417919347,
          "unit": "kg/m2",
          "system": "http://unitsofmeasure.org",
          "code": "kg/m2"
        }
      },
      "request": {
        "method": "POST",
        "url": "Observation"
      }
    },
    {
      "fullUrl": "urn:uuid:e076a763-cc73-42d4-b358-f24916429f8f",
      "resource": {
        "resourceType": "Observation",
        "id": "e076a763-cc73-42d4-b358-f24916429f8f",
        "status": "final",
        "category": {
          "coding": [
            {
              "system": "http://hl7.org/fhir/observation-category",
              "code": "vital-signs",
              "display": "vital-signs"
            }
          ],
          "text": "vital-signs"
        },
        "code": {
          "coding": [
            {
              "system": "http://loinc.org",
              "code": "55284-4",
              "display": "Blood Pressure"
            }
          ],
          "text": "Blood Pressure"
        },
        "subject": {
          "reference": "urn:uuid:e019d0c9-f6c1-419f-bf69-241b68cf91f0"
        },
        "encounter": {
          "reference": "urn:uuid:53448086-9c37-497d-8927-c1c6dcab6272"
        },
        "effectiveDateTime": "2015-08-03T01:29:26-04:00",
        "issued": "2015-08-03T01:29:26.340-04:00",
        "component": [
          {
            "code": {
              "coding": [
                {
                  "system": "http://loinc.org",
                  "code": "8462-4",
                  "display": "Diastolic Blood Pressure"
                }
              ],
              "text": "Diastolic Blood Pressure"
            },
            "valueQuantity": {
              "value": 72.72730777685976,
              "unit": "mm[Hg]",
              "system": "http://unitsofmeasure.org",
              "code": "mm[Hg]"
            }
          },
          {
            "code": {
              "coding": [
                {
                  "system": "http://loinc.org",
                  "code": "8480-6",
                  "display": "Systolic Blood Pressure"
                }
              ],
              "text": "Systolic Blood Pressure"
            },
            "valueQuantity": {
              "value": 133.77320327234472,
              "unit": "mm[Hg]",
              "system": "http://unitsofmeasure.org",
              "code": "mm[Hg]"
            }
          }
        ]
      },
      "request": {
        "method": "POST",
        "url": "Observation"
      }
    },
    {
      "fullUrl": "urn:uuid:39c98a4c-82ca-4e71-8ca6-08b6e28b03b6",
      "resource": {
        "resourceType": "Observation",
        "id": "39c98a4c-82ca-4e71-8ca6-08b6e28b03b6",
        "status": "final",
        "category": {
          "coding": [
            {
              "system": "http://hl7.org/fhir/observation-category",
              "code": "survey",
              "display": "survey"
            }
          ],
          "text": "survey"
        },
        "code": {
          "coding": [
            {
              "system": "http://loinc.org",
              "code": "72166-2",
              "display": "Tobacco smoking status NHIS"
            }
          ],
          "text": "Tobacco smoking status NHIS"
        },
        "subject": {
          "reference": "urn:uuid:e019d0c9-f6c1-419f-bf69-241b68cf91f0"
        },
        "encounter": {
          "reference": "urn:uuid:53448086-9c37-497d-8927-c1c6dcab6272"
        },
        "effectiveDateTime": "2015-08-03T01:29:26-04:00",
        "issued": "2015-08-03T01:29:26.340-04:00",
        "valueCodeableConcept": {
          "coding": [
            {
              "system": "http://snomed.info/sct",
              "code": "8517006",
              "display": "Former smoker"
            }
          ],
          "text": "Former smoker"
        }
      },
      "request": {
        "method": "POST",
        "url": "Observation"
      }
    },
    {
      "fullUrl": "urn:uuid:9e9a1eb4-8517-4944-90c0-7e4c9127031e",
      "resource": {
        "resourceType": "Procedure",
        "id": "9e9a1eb4-8517-4944-90c0-7e4c9127031e",
        "subject": {
          "reference": "urn:uuid:e019d0c9-f6c1-419f-bf69-241b68cf91f0"
        },
        "status": "completed",
        "code": {
          "coding": [
            {
              "system": "http://snomed.info/sct",
              "code": "430193006",
              "display": "Medication Reconciliation (procedure)"
            }
          ],
          "text": "Medication Reconciliation (procedure)"
        },
        "performedPeriod": {
          "start": "2015-08-03T01:29:26-04:00",
          "end": "2015-08-03T01:44:26-04:00"
        },
        "encounter": {
          "reference": "urn:uuid:53448086-9c37-497d-8927-c1c6dcab6272"
        }
      },
      "request": {
        "method": "POST",
        "url": "Procedure"
      }
    },
    {
      "fullUrl": "urn:uuid:ec0d9d7a-84dc-4966-be49-b06619eabdb2",
      "resource": {
        "resourceType": "Immunization",
        "id": "ec0d9d7a-84dc-4966-be49-b06619eabdb2",
        "status": "completed",
        "date": "2015-08-03T01:29:26-04:00",
        "vaccineCode": {
          "coding": [
            {
              "system": "http://hl7.org/fhir/sid/cvx",
              "code": "140",
              "display": "Influenza, seasonal, injectable, preservative free"
            }
          ],
          "text": "Influenza, seasonal, injectable, preservative free"
        },
        "patient": {
          "reference": "urn:uuid:e019d0c9-f6c1-419f-bf69-241b68cf91f0"
        },
        "wasNotGiven": false,
        "reported": false,
        "encounter": {
          "reference": "urn:uuid:53448086-9c37-497d-8927-c1c6dcab6272"
        }
      },
      "request": {
        "method": "POST",
        "url": "Immunization"
      }
    },
    {
      "fullUrl": "urn:uuid:b574b8fa-6a3d-456c-b6a0-1fd268799b18",
      "resource": {
        "resourceType": "Claim",
        "id": "b574b8fa-6a3d-456c-b6a0-1fd268799b18",
        "type": "institutional",
        "organization": {
          "reference": "urn:uuid:a5816e38-d79c-359b-b920-84a4c3f4667a"
        },
        "use": "complete",
        "patient": {
          "reference": "urn:uuid:e019d0c9-f6c1-419f-bf69-241b68cf91f0"
        },
        "item": [
          {
            "sequence": 1,
            "type": {
              "system": "http://hl7.org/fhir/v3/ActCode",
              "code": "CSINV",
              "display": "clinical service invoice"
            },
            "service": {
              "system": "http://snomed.info/sct",
              "code": "162673000",
              "display": "General examination of patient (procedure)"
            }
          },
          {
            "sequence": 2,
            "type": {
              "system": "http://hl7.org/fhir/v3/ActCode",
              "code": "CSINV",
              "display": "clinical service invoice"
            },
            "service": {
              "system": "http://hl7.org/fhir/sid/cvx",
              "code": "140",
              "display": "Influenza, seasonal, injectable, preservative free"
            },
            "net": {
              "value": 140.52,
              "system": "urn:iso:std:iso:4217",
              "code": "USD"
            }
          },
          {
            "sequence": 3,
            "type": {
              "system": "http://hl7.org/fhir/v3/ActCode",
              "code": "CSINV",
              "display": "clinical service invoice"
            },
            "service": {
              "system": "http://snomed.info/sct",
              "code": "430193006",
              "display": "Medication Reconciliation (procedure)"
            },
            "net": {
              "value": 660.71,
              "system": "urn:iso:std:iso:4217",
              "code": "USD"
            }
          }
        ]
      },
      "request": {
        "method": "POST",
        "url": "Claim"
      }
    },
    {
      "fullUrl": "urn:uuid:4861d01f-019c-3dac-a153-8334e50919f9",
      "resource": {
        "resourceType": "Organization",
        "id": "4861d01f-019c-3dac-a153-8334e50919f9",
        "identifier": [
          {
            "system": "https://github.com/synthetichealth/synthea",
            "value": "4861d01f-019c-3dac-a153-8334e50919f9"
          }
        ],
        "type": {
          "coding": [
            {
              "system": "Healthcare Provider",
              "code": "prov",
              "display": "Healthcare Provider"
            }
          ],
          "text": "Healthcare Provider"
        },
        "name": "NORTH SHORE MEDICAL CENTER -",
        "telecom": [
          {
            "system": "phone",
            "value": "9787411215"
          }
        ],
        "address": [
          {
            "line": [
              "81 HIGHLAND AVENUE"
            ],
            "city": "SALEM",
            "state": "MA",
            "postalCode": "01970",
            "country": "US"
          }
        ]
      },
      "request": {
        "method": "POST",
        "url": "Organization"
      }
    },
    {
      "fullUrl": "urn:uuid:0000016d-3a85-4cca-0000-0000000000a0",
      "resource": {
        "resourceType": "Practitioner",
        "id": "0000016d-3a85-4cca-0000-0000000000a0",
        "identifier": [
          {
            "system": "http://hl7.org/fhir/sid/us-npi",
            "value": "160"
          }
        ],
        "active": true,
        "name": {
          "family": [
            "Kohler843"
          ],
          "given": [
            "Bobby524"
          ],
          "prefix": [
            "Dr."
          ]
        },
        "address": [
          {
            "line": [
              "81 HIGHLAND AVENUE"
            ],
            "city": "SALEM",
            "state": "MA",
            "postalCode": "01970",
            "country": "US"
          }
        ],
        "gender": "male"
      },
      "request": {
        "method": "POST",
        "url": "Practitioner"
      }
    },
    {
      "fullUrl": "urn:uuid:c099ce10-035d-4175-92d7-19123db12a42",
      "resource": {
        "resourceType": "Encounter",
        "id": "c099ce10-035d-4175-92d7-19123db12a42",
        "status": "finished",
        "class": "ambulatory",
        "type": [
          {
            "coding": [
              {
                "system": "http://snomed.info/sct",
                "code": "185345009",
                "display": "Encounter for symptom"
              }
            ],
            "text": "Encounter for symptom"
          }
        ],
        "patient": {
          "reference": "urn:uuid:e019d0c9-f6c1-419f-bf69-241b68cf91f0"
        },
        "participant": [
          {
            "individual": {
              "reference": "urn:uuid:0000016d-3a85-4cca-0000-0000000000a0"
            }
          }
        ],
        "period": {
          "start": "2016-05-22T01:29:26-04:00",
          "end": "2016-05-22T01:44:26-04:00"
        },
        "reason": [
          {
            "coding": [
              {
                "system": "http://snomed.info/sct",
                "code": "444814009",
                "display": "Viral sinusitis (disorder)"
              }
            ]
          }
        ],
        "serviceProvider": {
          "reference": "urn:uuid:4861d01f-019c-3dac-a153-8334e50919f9"
        }
      },
      "request": {
        "method": "POST",
        "url": "Encounter"
      }
    },
    {
      "fullUrl": "urn:uuid:f338f2d1-ea84-463d-847e-0596f757a927",
      "resource": {
        "resourceType": "Condition",
        "id": "f338f2d1-ea84-463d-847e-0596f757a927",
        "patient": {
          "reference": "urn:uuid:e019d0c9-f6c1-419f-bf69-241b68cf91f0"
        },
        "encounter": {
          "reference": "urn:uuid:c099ce10-035d-4175-92d7-19123db12a42"
        },
        "dateRecorded": "2016-05-22",
        "code": {
          "coding": [
            {
              "system": "http://snomed.info/sct",
              "code": "444814009",
              "display": "Viral sinusitis (disorder)"
            }
          ],
          "text": "Viral sinusitis (disorder)"
        },
        "category": {
          "coding": [
            {
              "system": "http://hl7.org/fhir/condition-category",
              "code": "diagnosis"
            }
          ]
        },
        "clinicalStatus": "resolved",
        "verificationStatus": "confirmed",
        "onsetDateTime": "2016-05-22T01:29:26-04:00",
        "abatementDateTime": "2016-06-12T01:29:26-04:00"
      },
      "request": {
        "method": "POST",
        "url": "Condition"
      }
    },
    {
      "fullUrl": "urn:uuid:a4f0b531-ed25-4008-877c-e6c779e037e7",
      "resource": {
        "resourceType": "Claim",
        "id": "a4f0b531-ed25-4008-877c-e6c779e037e7",
        "type": "institutional",
        "organization": {
          "reference": "urn:uuid:4861d01f-019c-3dac-a153-8334e50919f9"
        },
        "use": "complete",
        "diagnosis": [
          {
            "sequence": 1,
            "diagnosis": {
              "system": "http://snomed.info/sct",
              "code": "444814009",
              "display": "Viral sinusitis (disorder)"
            }
          }
        ],
        "patient": {
          "reference": "urn:uuid:e019d0c9-f6c1-419f-bf69-241b68cf91f0"
        },
        "item": [
          {
            "sequence": 1,
            "type": {
              "system": "http://hl7.org/fhir/v3/ActCode",
              "code": "CSINV",
              "display": "clinical service invoice"
            },
            "service": {
              "system": "http://snomed.info/sct",
              "code": "185345009",
              "display": "Encounter for symptom"
            }
          }
        ]
      },
      "request": {
        "method": "POST",
        "url": "Claim"
      }
    },
    {
      "fullUrl": "urn:uuid:65cd772f-602a-4121-85f7-544108198b28",
      "resource": {
        "resourceType": "Encounter",
        "id": "65cd772f-602a-4121-85f7-544108198b28",
        "status": "finished",
        "type": [
          {
            "coding": [
              {
                "system": "http://snomed.info/sct",
                "code": "162673000",
                "display": "General examination of patient (procedure)"
              }
            ],
            "text": "General examination of patient (procedure)"
          }
        ],
        "patient": {
          "reference": "urn:uuid:e019d0c9-f6c1-419f-bf69-241b68cf91f0"
        },
        "participant": [
          {
            "individual": {
              "reference": "urn:uuid:0000016d-3a85-4cca-0000-00000000495c"
            }
          }
        ],
        "period": {
          "start": "2018-08-06T01:29:26-04:00",
          "end": "2018-08-06T01:44:26-04:00"
        },
        "serviceProvider": {
          "reference": "urn:uuid:a5816e38-d79c-359b-b920-84a4c3f4667a"
        }
      },
      "request": {
        "method": "POST",
        "url": "Encounter"
      }
    },
    {
      "fullUrl": "urn:uuid:52141b77-7aae-4eea-a645-85fbce2fed48",
      "resource": {
        "resourceType": "Observation",
        "id": "52141b77-7aae-4eea-a645-85fbce2fed48",
        "status": "final",
        "category": {
          "coding": [
            {
              "system": "http://hl7.org/fhir/observation-category",
              "code": "vital-signs",
              "display": "vital-signs"
            }
          ],
          "text": "vital-signs"
        },
        "code": {
          "coding": [
            {
              "system": "http://loinc.org",
              "code": "8302-2",
              "display": "Body Height"
            }
          ],
          "text": "Body Height"
        },
        "subject": {
          "reference": "urn:uuid:e019d0c9-f6c1-419f-bf69-241b68cf91f0"
        },
        "encounter": {
          "reference": "urn:uuid:65cd772f-602a-4121-85f7-544108198b28"
        },
        "effectiveDateTime": "2018-08-06T01:29:26-04:00",
        "issued": "2018-08-06T01:29:26.340-04:00",
        "valueQuantity": {
          "value": 178.55312134378886,
          "unit": "cm",
          "system": "http://unitsofmeasure.org",
          "code": "cm"
        }
      },
      "request": {
        "method": "POST",
        "url": "Observation"
      }
    },
    {
      "fullUrl": "urn:uuid:3bd9e73d-77d0-4071-9e92-16c477bab5a8",
      "resource": {
        "resourceType": "Observation",
        "id": "3bd9e73d-77d0-4071-9e92-16c477bab5a8",
        "status": "final",
        "category": {
          "coding": [
            {
              "system": "http://hl7.org/fhir/observation-category",
              "code": "vital-signs",
              "display": "vital-signs"
            }
          ],
          "text": "vital-signs"
        },
        "code": {
          "coding": [
            {
              "system": "http://loinc.org",
              "code": "72514-3",
              "display": "Pain severity - 0-10 verbal numeric rating [Score] - Reported"
            }
          ],
          "text": "Pain severity - 0-10 verbal numeric rating [Score] - Reported"
        },
        "subject": {
          "reference": "urn:uuid:e019d0c9-f6c1-419f-bf69-241b68cf91f0"
        },
        "encounter": {
          "reference": "urn:uuid:65cd772f-602a-4121-85f7-544108198b28"
        },
        "effectiveDateTime": "2018-08-06T01:29:26-04:00",
        "issued": "2018-08-06T01:29:26.340-04:00",
        "valueQuantity": {
          "value": 2.5801995632046535,
          "unit": "{score}",
          "system": "http://unitsofmeasure.org",
          "code": "{score}"
        }
      },
      "request": {
        "method": "POST",
        "url": "Observation"
      }
    },
    {
      "fullUrl": "urn:uuid:41facb87-bd24-4453-87d2-cc59bcc68ede",
      "resource": {
        "resourceType": "Observation",
        "id": "41facb87-bd24-4453-87d2-cc59bcc68ede",
        "status": "final",
        "category": {
          "coding": [
            {
              "system": "http://hl7.org/fhir/observation-category",
              "code": "vital-signs",
              "display": "vital-signs"
            }
          ],
          "text": "vital-signs"
        },
        "code": {
          "coding": [
            {
              "system": "http://loinc.org",
              "code": "29463-7",
              "display": "Body Weight"
            }
          ],
          "text": "Body Weight"
        },
        "subject": {
          "reference": "urn:uuid:e019d0c9-f6c1-419f-bf69-241b68cf91f0"
        },
        "encounter": {
          "reference": "urn:uuid:65cd772f-602a-4121-85f7-544108198b28"
        },
        "effectiveDateTime": "2018-08-06T01:29:26-04:00",
        "issued": "2018-08-06T01:29:26.340-04:00",
        "valueQuantity": {
          "value": 75.27231341288159,
          "unit": "kg",
          "system": "http://unitsofmeasure.org",
          "code": "kg"
        }
      },
      "request": {
        "method": "POST",
        "url": "Observation"
      }
    },
    {
      "fullUrl": "urn:uuid:a954db2f-2b4e-4ba0-a129-609563df4959",
      "resource": {
        "resourceType": "Observation",
        "id": "a954db2f-2b4e-4ba0-a129-609563df4959",
        "status": "final",
        "category": {
          "coding": [
            {
              "system": "http://hl7.org/fhir/observation-category",
              "code": "vital-signs",
              "display": "vital-signs"
            }
          ],
          "text": "vital-signs"
        },
        "code": {
          "coding": [
            {
              "system": "http://loinc.org",
              "code": "39156-5",
              "display": "Body Mass Index"
            }
          ],
          "text": "Body Mass Index"
        },
        "subject": {
          "reference": "urn:uuid:e019d0c9-f6c1-419f-bf69-241b68cf91f0"
        },
        "encounter": {
          "reference": "urn:uuid:65cd772f-602a-4121-85f7-544108198b28"
        },
        "effectiveDateTime": "2018-08-06T01:29:26-04:00",
        "issued": "2018-08-06T01:29:26.340-04:00",
        "valueQuantity": {
          "value": 23.610238303806753,
          "unit": "kg/m2",
          "system": "http://unitsofmeasure.org",
          "code": "kg/m2"
        }
      },
      "request": {
        "method": "POST",
        "url": "Observation"
      }
    },
    {
      "fullUrl": "urn:uuid:d7a3c0fa-66fb-4d45-b132-289f45db12f2",
      "resource": {
        "resourceType": "Observation",
        "id": "d7a3c0fa-66fb-4d45-b132-289f45db12f2",
        "status": "final",
        "category": {
          "coding": [
            {
              "system": "http://hl7.org/fhir/observation-category",
              "code": "vital-signs",
              "display": "vital-signs"
            }
          ],
          "text": "vital-signs"
        },
        "code": {
          "coding": [
            {
              "system": "http://loinc.org",
              "code": "55284-4",
              "display": "Blood Pressure"
            }
          ],
          "text": "Blood Pressure"
        },
        "subject": {
          "reference": "urn:uuid:e019d0c9-f6c1-419f-bf69-241b68cf91f0"
        },
        "encounter": {
          "reference": "urn:uuid:65cd772f-602a-4121-85f7-544108198b28"
        },
        "effectiveDateTime": "2018-08-06T01:29:26-04:00",
        "issued": "2018-08-06T01:29:26.340-04:00",
        "component": [
          {
            "code": {
              "coding": [
                {
                  "system": "http://loinc.org",
                  "code": "8462-4",
                  "display": "Diastolic Blood Pressure"
                }
              ],
              "text": "Diastolic Blood Pressure"
            },
            "valueQuantity": {
              "value": 76.78039241052345,
              "unit": "mm[Hg]",
              "system": "http://unitsofmeasure.org",
              "code": "mm[Hg]"
            }
          },
          {
            "code": {
              "coding": [
                {
                  "system": "http://loinc.org",
                  "code": "8480-6",
                  "display": "Systolic Blood Pressure"
                }
              ],
              "text": "Systolic Blood Pressure"
            },
            "valueQuantity": {
              "value": 111.61620304620938,
              "unit": "mm[Hg]",
              "system": "http://unitsofmeasure.org",
              "code": "mm[Hg]"
            }
          }
        ]
      },
      "request": {
        "method": "POST",
        "url": "Observation"
      }
    },
    {
      "fullUrl": "urn:uuid:46ffcfe8-751d-43d9-ab3b-da264bd370e2",
      "resource": {
        "resourceType": "Observation",
        "id": "46ffcfe8-751d-43d9-ab3b-da264bd370e2",
        "status": "final",
        "category": {
          "coding": [
            {
              "system": "http://hl7.org/fhir/observation-category",
              "code": "laboratory",
              "display": "laboratory"
            }
          ],
          "text": "laboratory"
        },
        "code": {
          "coding": [
            {
              "system": "http://loinc.org",
              "code": "6690-2",
              "display": "Leukocytes [#/volume] in Blood by Automated count"
            }
          ],
          "text": "Leukocytes [#/volume] in Blood by Automated count"
        },
        "subject": {
          "reference": "urn:uuid:e019d0c9-f6c1-419f-bf69-241b68cf91f0"
        },
        "encounter": {
          "reference": "urn:uuid:65cd772f-602a-4121-85f7-544108198b28"
        },
        "effectiveDateTime": "2018-08-06T01:29:26-04:00",
        "issued": "2018-08-06T01:29:26.340-04:00",
        "valueQuantity": {
          "value": 4.244385529825539,
          "unit": "10*3/uL",
          "system": "http://unitsofmeasure.org",
          "code": "10*3/uL"
        }
      },
      "request": {
        "method": "POST",
        "url": "Observation"
      }
    },
    {
      "fullUrl": "urn:uuid:f32643ef-c0f7-4f0b-b927-e62a4a480035",
      "resource": {
        "resourceType": "Observation",
        "id": "f32643ef-c0f7-4f0b-b927-e62a4a480035",
        "status": "final",
        "category": {
          "coding": [
            {
              "system": "http://hl7.org/fhir/observation-category",
              "code": "laboratory",
              "display": "laboratory"
            }
          ],
          "text": "laboratory"
        },
        "code": {
          "coding": [
            {
              "system": "http://loinc.org",
              "code": "789-8",
              "display": "Erythrocytes [#/volume] in Blood by Automated count"
            }
          ],
          "text": "Erythrocytes [#/volume] in Blood by Automated count"
        },
        "subject": {
          "reference": "urn:uuid:e019d0c9-f6c1-419f-bf69-241b68cf91f0"
        },
        "encounter": {
          "reference": "urn:uuid:65cd772f-602a-4121-85f7-544108198b28"
        },
        "effectiveDateTime": "2018-08-06T01:29:26-04:00",
        "issued": "2018-08-06T01:29:26.340-04:00",
        "valueQuantity": {
          "value": 4.531659229958781,
          "unit": "10*6/uL",
          "system": "http://unitsofmeasure.org",
          "code": "10*6/uL"
        }
      },
      "request": {
        "method": "POST",
        "url": "Observation"
      }
    },
    {
      "fullUrl": "urn:uuid:633a6555-7bbd-48ea-b070-7c192f097809",
      "resource": {
        "resourceType": "Observation",
        "id": "633a6555-7bbd-48ea-b070-7c192f097809",
        "status": "final",
        "category": {
          "coding": [
            {
              "system": "http://hl7.org/fhir/observation-category",
              "code": "laboratory",
              "display": "laboratory"
            }
          ],
          "text": "laboratory"
        },
        "code": {
          "coding": [
            {
              "system": "http://loinc.org",
              "code": "718-7",
              "display": "Hemoglobin [Mass/volume] in Blood"
            }
          ],
          "text": "Hemoglobin [Mass/volume] in Blood"
        },
        "subject": {
          "reference": "urn:uuid:e019d0c9-f6c1-419f-bf69-241b68cf91f0"
        },
        "encounter": {
          "reference": "urn:uuid:65cd772f-602a-4121-85f7-544108198b28"
        },
        "effectiveDateTime": "2018-08-06T01:29:26-04:00",
        "issued": "2018-08-06T01:29:26.340-04:00",
        "valueQuantity": {
          "value": 16.38725875075854,
          "unit": "g/dL",
          "system": "http://unitsofmeasure.org",
          "code": "g/dL"
        }
      },
      "request": {
        "method": "POST",
        "url": "Observation"
      }
    },
    {
      "fullUrl": "urn:uuid:d5c891c9-d1d0-4806-b523-caff539941ae",
      "resource": {
        "resourceType": "Observation",
        "id": "d5c891c9-d1d0-4806-b523-caff539941ae",
        "status": "final",
        "category": {
          "coding": [
            {
              "system": "http://hl7.org/fhir/observation-category",
              "code": "laboratory",
              "display": "laboratory"
            }
          ],
          "text": "laboratory"
        },
        "code": {
          "coding": [
            {
              "system": "http://loinc.org",
              "code": "4544-3",
              "display": "Hematocrit [Volume Fraction] of Blood by Automated count"
            }
          ],
          "text": "Hematocrit [Volume Fraction] of Blood by Automated count"
        },
        "subject": {
          "reference": "urn:uuid:e019d0c9-f6c1-419f-bf69-241b68cf91f0"
        },
        "encounter": {
          "reference": "urn:uuid:65cd772f-602a-4121-85f7-544108198b28"
        },
        "effectiveDateTime": "2018-08-06T01:29:26-04:00",
        "issued": "2018-08-06T01:29:26.340-04:00",
        "valueQuantity": {
          "value": 41.76213650534234,
          "unit": "%",
          "system": "http://unitsofmeasure.org",
          "code": "%"
        }
      },
      "request": {
        "method": "POST",
        "url": "Observation"
      }
    },
    {
      "fullUrl": "urn:uuid:5d592c66-315d-4243-a7cd-6ee018f1ba06",
      "resource": {
        "resourceType": "Observation",
        "id": "5d592c66-315d-4243-a7cd-6ee018f1ba06",
        "status": "final",
        "category": {
          "coding": [
            {
              "system": "http://hl7.org/fhir/observation-category",
              "code": "laboratory",
              "display": "laboratory"
            }
          ],
          "text": "laboratory"
        },
        "code": {
          "coding": [
            {
              "system": "http://loinc.org",
              "code": "787-2",
              "display": "MCV [Entitic volume] by Automated count"
            }
          ],
          "text": "MCV [Entitic volume] by Automated count"
        },
        "subject": {
          "reference": "urn:uuid:e019d0c9-f6c1-419f-bf69-241b68cf91f0"
        },
        "encounter": {
          "reference": "urn:uuid:65cd772f-602a-4121-85f7-544108198b28"
        },
        "effectiveDateTime": "2018-08-06T01:29:26-04:00",
        "issued": "2018-08-06T01:29:26.340-04:00",
        "valueQuantity": {
          "value": 85.04708112922758,
          "unit": "fL",
          "system": "http://unitsofmeasure.org",
          "code": "fL"
        }
      },
      "request": {
        "method": "POST",
        "url": "Observation"
      }
    },
    {
      "fullUrl": "urn:uuid:197e9f9f-a968-44ff-92f4-b3ae40fcfe39",
      "resource": {
        "resourceType": "Observation",
        "id": "197e9f9f-a968-44ff-92f4-b3ae40fcfe39",
        "status": "final",
        "category": {
          "coding": [
            {
              "system": "http://hl7.org/fhir/observation-category",
              "code": "laboratory",
              "display": "laboratory"
            }
          ],
          "text": "laboratory"
        },
        "code": {
          "coding": [
            {
              "system": "http://loinc.org",
              "code": "785-6",
              "display": "MCH [Entitic mass] by Automated count"
            }
          ],
          "text": "MCH [Entitic mass] by Automated count"
        },
        "subject": {
          "reference": "urn:uuid:e019d0c9-f6c1-419f-bf69-241b68cf91f0"
        },
        "encounter": {
          "reference": "urn:uuid:65cd772f-602a-4121-85f7-544108198b28"
        },
        "effectiveDateTime": "2018-08-06T01:29:26-04:00",
        "issued": "2018-08-06T01:29:26.340-04:00",
        "valueQuantity": {
          "value": 27.685972129656076,
          "unit": "pg",
          "system": "http://unitsofmeasure.org",
          "code": "pg"
        }
      },
      "request": {
        "method": "POST",
        "url": "Observation"
      }
    },
    {
      "fullUrl": "urn:uuid:8ff39ca6-dbdc-45b7-b7b0-50d4382599c5",
      "resource": {
        "resourceType": "Observation",
        "id": "8ff39ca6-dbdc-45b7-b7b0-50d4382599c5",
        "status": "final",
        "category": {
          "coding": [
            {
              "system": "http://hl7.org/fhir/observation-category",
              "code": "laboratory",
              "display": "laboratory"
            }
          ],
          "text": "laboratory"
        },
        "code": {
          "coding": [
            {
              "system": "http://loinc.org",
              "code": "786-4",
              "display": "MCHC [Mass/volume] by Automated count"
            }
          ],
          "text": "MCHC [Mass/volume] by Automated count"
        },
        "subject": {
          "reference": "urn:uuid:e019d0c9-f6c1-419f-bf69-241b68cf91f0"
        },
        "encounter": {
          "reference": "urn:uuid:65cd772f-602a-4121-85f7-544108198b28"
        },
        "effectiveDateTime": "2018-08-06T01:29:26-04:00",
        "issued": "2018-08-06T01:29:26.340-04:00",
        "valueQuantity": {
          "value": 34.10942972872635,
          "unit": "g/dL",
          "system": "http://unitsofmeasure.org",
          "code": "g/dL"
        }
      },
      "request": {
        "method": "POST",
        "url": "Observation"
      }
    },
    {
      "fullUrl": "urn:uuid:0ab02d00-c5be-4c03-bfa0-c5362c50bff3",
      "resource": {
        "resourceType": "Observation",
        "id": "0ab02d00-c5be-4c03-bfa0-c5362c50bff3",
        "status": "final",
        "category": {
          "coding": [
            {
              "system": "http://hl7.org/fhir/observation-category",
              "code": "laboratory",
              "display": "laboratory"
            }
          ],
          "text": "laboratory"
        },
        "code": {
          "coding": [
            {
              "system": "http://loinc.org",
              "code": "21000-5",
              "display": "Erythrocyte distribution width [Entitic volume] by Automated count"
            }
          ],
          "text": "Erythrocyte distribution width [Entitic volume] by Automated count"
        },
        "subject": {
          "reference": "urn:uuid:e019d0c9-f6c1-419f-bf69-241b68cf91f0"
        },
        "encounter": {
          "reference": "urn:uuid:65cd772f-602a-4121-85f7-544108198b28"
        },
        "effectiveDateTime": "2018-08-06T01:29:26-04:00",
        "issued": "2018-08-06T01:29:26.340-04:00",
        "valueQuantity": {
          "value": 43.58595376821119,
          "unit": "fL",
          "system": "http://unitsofmeasure.org",
          "code": "fL"
        }
      },
      "request": {
        "method": "POST",
        "url": "Observation"
      }
    },
    {
      "fullUrl": "urn:uuid:36cb9206-bfc4-4b25-8d58-53a8897b6e06",
      "resource": {
        "resourceType": "Observation",
        "id": "36cb9206-bfc4-4b25-8d58-53a8897b6e06",
        "status": "final",
        "category": {
          "coding": [
            {
              "system": "http://hl7.org/fhir/observation-category",
              "code": "laboratory",
              "display": "laboratory"
            }
          ],
          "text": "laboratory"
        },
        "code": {
          "coding": [
            {
              "system": "http://loinc.org",
              "code": "777-3",
              "display": "Platelets [#/volume] in Blood by Automated count"
            }
          ],
          "text": "Platelets [#/volume] in Blood by Automated count"
        },
        "subject": {
          "reference": "urn:uuid:e019d0c9-f6c1-419f-bf69-241b68cf91f0"
        },
        "encounter": {
          "reference": "urn:uuid:65cd772f-602a-4121-85f7-544108198b28"
        },
        "effectiveDateTime": "2018-08-06T01:29:26-04:00",
        "issued": "2018-08-06T01:29:26.340-04:00",
        "valueQuantity": {
          "value": 432.8652040438122,
          "unit": "10*3/uL",
          "system": "http://unitsofmeasure.org",
          "code": "10*3/uL"
        }
      },
      "request": {
        "method": "POST",
        "url": "Observation"
      }
    },
    {
      "fullUrl": "urn:uuid:5d98b1c4-a484-4588-807f-079169de627c",
      "resource": {
        "resourceType": "Observation",
        "id": "5d98b1c4-a484-4588-807f-079169de627c",
        "status": "final",
        "category": {
          "coding": [
            {
              "system": "http://hl7.org/fhir/observation-category",
              "code": "laboratory",
              "display": "laboratory"
            }
          ],
          "text": "laboratory"
        },
        "code": {
          "coding": [
            {
              "system": "http://loinc.org",
              "code": "32207-3",
              "display": "Platelet distribution width [Entitic volume] in Blood by Automated count"
            }
          ],
          "text": "Platelet distribution width [Entitic volume] in Blood by Automated count"
        },
        "subject": {
          "reference": "urn:uuid:e019d0c9-f6c1-419f-bf69-241b68cf91f0"
        },
        "encounter": {
          "reference": "urn:uuid:65cd772f-602a-4121-85f7-544108198b28"
        },
        "effectiveDateTime": "2018-08-06T01:29:26-04:00",
        "issued": "2018-08-06T01:29:26.340-04:00",
        "valueQuantity": {
          "value": 317.8345119805223,
          "unit": "fL",
          "system": "http://unitsofmeasure.org",
          "code": "fL"
        }
      },
      "request": {
        "method": "POST",
        "url": "Observation"
      }
    },
    {
      "fullUrl": "urn:uuid:003a9a2e-91d2-41a3-9def-4a110524f699",
      "resource": {
        "resourceType": "Observation",
        "id": "003a9a2e-91d2-41a3-9def-4a110524f699",
        "status": "final",
        "category": {
          "coding": [
            {
              "system": "http://hl7.org/fhir/observation-category",
              "code": "laboratory",
              "display": "laboratory"
            }
          ],
          "text": "laboratory"
        },
        "code": {
          "coding": [
            {
              "system": "http://loinc.org",
              "code": "32623-1",
              "display": "Platelet mean volume [Entitic volume] in Blood by Automated count"
            }
          ],
          "text": "Platelet mean volume [Entitic volume] in Blood by Automated count"
        },
        "subject": {
          "reference": "urn:uuid:e019d0c9-f6c1-419f-bf69-241b68cf91f0"
        },
        "encounter": {
          "reference": "urn:uuid:65cd772f-602a-4121-85f7-544108198b28"
        },
        "effectiveDateTime": "2018-08-06T01:29:26-04:00",
        "issued": "2018-08-06T01:29:26.340-04:00",
        "valueQuantity": {
          "value": 10.116568454040635,
          "unit": "fL",
          "system": "http://unitsofmeasure.org",
          "code": "fL"
        }
      },
      "request": {
        "method": "POST",
        "url": "Observation"
      }
    },
    {
      "fullUrl": "urn:uuid:45c8c0b7-efb8-4959-81ac-427ac87d6f77",
      "resource": {
        "resourceType": "Observation",
        "id": "45c8c0b7-efb8-4959-81ac-427ac87d6f77",
        "status": "final",
        "category": {
          "coding": [
            {
              "system": "http://hl7.org/fhir/observation-category",
              "code": "survey",
              "display": "survey"
            }
          ],
          "text": "survey"
        },
        "code": {
          "coding": [
            {
              "system": "http://loinc.org",
              "code": "72166-2",
              "display": "Tobacco smoking status NHIS"
            }
          ],
          "text": "Tobacco smoking status NHIS"
        },
        "subject": {
          "reference": "urn:uuid:e019d0c9-f6c1-419f-bf69-241b68cf91f0"
        },
        "encounter": {
          "reference": "urn:uuid:65cd772f-602a-4121-85f7-544108198b28"
        },
        "effectiveDateTime": "2018-08-06T01:29:26-04:00",
        "issued": "2018-08-06T01:29:26.340-04:00",
        "valueCodeableConcept": {
          "coding": [
            {
              "system": "http://snomed.info/sct",
              "code": "8517006",
              "display": "Former smoker"
            }
          ],
          "text": "Former smoker"
        }
      },
      "request": {
        "method": "POST",
        "url": "Observation"
      }
    },
    {
      "fullUrl": "urn:uuid:d32f7979-a4e8-4df6-a6bf-38a814fc5d40",
      "resource": {
        "resourceType": "Immunization",
        "id": "d32f7979-a4e8-4df6-a6bf-38a814fc5d40",
        "status": "completed",
        "date": "2018-08-06T01:29:26-04:00",
        "vaccineCode": {
          "coding": [
            {
              "system": "http://hl7.org/fhir/sid/cvx",
              "code": "140",
              "display": "Influenza, seasonal, injectable, preservative free"
            }
          ],
          "text": "Influenza, seasonal, injectable, preservative free"
        },
        "patient": {
          "reference": "urn:uuid:e019d0c9-f6c1-419f-bf69-241b68cf91f0"
        },
        "wasNotGiven": false,
        "reported": false,
        "encounter": {
          "reference": "urn:uuid:65cd772f-602a-4121-85f7-544108198b28"
        }
      },
      "request": {
        "method": "POST",
        "url": "Immunization"
      }
    },
    {
      "fullUrl": "urn:uuid:f68a6a6f-06d5-45ea-9761-7de9f718dfcf",
      "resource": {
        "resourceType": "DiagnosticReport",
        "id": "f68a6a6f-06d5-45ea-9761-7de9f718dfcf",
        "status": "final",
        "category": {
          "coding": [
            {
              "system": "http://hl7.org/fhir/ValueSet/diagnostic-service-sections",
              "code": "LAB"
            }
          ]
        },
        "code": {
          "coding": [
            {
              "system": "http://loinc.org",
              "code": "58410-2",
              "display": "Complete blood count (hemogram) panel - Blood by Automated count"
            }
          ],
          "text": "Complete blood count (hemogram) panel - Blood by Automated count"
        },
        "subject": {
          "reference": "urn:uuid:e019d0c9-f6c1-419f-bf69-241b68cf91f0"
        },
        "encounter": {
          "reference": "urn:uuid:65cd772f-602a-4121-85f7-544108198b28"
        },
        "effectiveDateTime": "2018-08-06T01:29:26-04:00",
        "issued": "2018-08-06T01:29:26.340-04:00",
        "performer": {
          "reference": "urn:uuid:a5816e38-d79c-359b-b920-84a4c3f4667a"
        },
        "result": [
          {
            "reference": "urn:uuid:003a9a2e-91d2-41a3-9def-4a110524f699",
            "display": "Platelet mean volume [Entitic volume] in Blood by Automated count"
          }
        ]
      },
      "request": {
        "method": "POST",
        "url": "DiagnosticReport"
      }
    },
    {
      "fullUrl": "urn:uuid:06ebcc44-24c5-465e-a0f5-68eab9ed7db4",
      "resource": {
        "resourceType": "Claim",
        "id": "06ebcc44-24c5-465e-a0f5-68eab9ed7db4",
        "type": "institutional",
        "organization": {
          "reference": "urn:uuid:a5816e38-d79c-359b-b920-84a4c3f4667a"
        },
        "use": "complete",
        "patient": {
          "reference": "urn:uuid:e019d0c9-f6c1-419f-bf69-241b68cf91f0"
        },
        "item": [
          {
            "sequence": 1,
            "type": {
              "system": "http://hl7.org/fhir/v3/ActCode",
              "code": "CSINV",
              "display": "clinical service invoice"
            },
            "service": {
              "system": "http://snomed.info/sct",
              "code": "162673000",
              "display": "General examination of patient (procedure)"
            }
          },
          {
            "sequence": 2,
            "type": {
              "system": "http://hl7.org/fhir/v3/ActCode",
              "code": "CSINV",
              "display": "clinical service invoice"
            },
            "service": {
              "system": "http://hl7.org/fhir/sid/cvx",
              "code": "140",
              "display": "Influenza, seasonal, injectable, preservative free"
            },
            "net": {
              "value": 140.52,
              "system": "urn:iso:std:iso:4217",
              "code": "USD"
            }
          }
        ]
      },
      "request": {
        "method": "POST",
        "url": "Claim"
      }
    }
  ]
}
