{
  "resourceType": "Bundle",
  "type": "transaction",
  "entry": [
    {
      "fullUrl": "urn:uuid:82caa894-8e86-4331-8cba-d3c6ef7bab87",
      "resource": {
        "resourceType": "Patient",
        "id": "82caa894-8e86-4331-8cba-d3c6ef7bab87",
        "text": {
          "status": "generated",
          "div": "<div xmlns=\"http://www.w3.org/1999/xhtml\">Generated by <a href=\"https://github.com/synthetichealth/synthea\">Synthea</a>.Version identifier: v2.4.0-404-ge7ce2295\n .   Person seed: -636333988887034212  Population seed: 0</div>"
        },
        "extension": [
          {
            "url": "http://hl7.org/fhir/StructureDefinition/us-core-race",
            "valueCodeableConcept": {
              "coding": [
                {
                  "system": "http://hl7.org/fhir/v3/Race",
                  "code": "2106-3",
                  "display": "White"
                }
              ],
              "text": "White"
            }
          },
          {
            "url": "http://hl7.org/fhir/StructureDefinition/us-core-ethnicity",
            "valueCodeableConcept": {
              "coding": [
                {
                  "system": "http://hl7.org/fhir/v3/Ethnicity",
                  "code": "2186-5",
                  "display": "Not Hispanic or Latino"
                }
              ],
              "text": "Not Hispanic or Latino"
            }
          },
          {
            "url": "http://hl7.org/fhir/StructureDefinition/patient-mothersMaidenName",
            "valueString": "Twyla619 Goodwin327"
          },
          {
            "url": "http://hl7.org/fhir/us/core/StructureDefinition/us-core-birthsex",
            "valueCode": "F"
          },
          {
            "url": "http://hl7.org/fhir/StructureDefinition/birthPlace",
            "valueAddress": {
              "city": "Dalton",
              "state": "Massachusetts",
              "country": "US"
            }
          },
          {
            "url": "http://synthetichealth.github.io/synthea/disability-adjusted-life-years",
            "valueDecimal": 0.0
          },
          {
            "url": "http://synthetichealth.github.io/synthea/quality-adjusted-life-years",
            "valueDecimal": 0.0
          }
        ],
        "identifier": [
          {
            "system": "https://github.com/synthetichealth/synthea",
            "value": "a2abad97-9251-49cd-b304-fabf5e20678f"
          },
          {
            "type": {
              "coding": [
                {
                  "system": "http://hl7.org/fhir/v2/0203",
                  "code": "MR"
                }
              ]
            },
            "system": "http://hospital.smarthealthit.org",
            "value": "a2abad97-9251-49cd-b304-fabf5e20678f"
          },
          {
            "type": {
              "coding": [
                {
                  "system": "http://hl7.org/fhir/identifier-type",
                  "code": "SB"
                }
              ]
            },
            "system": "http://hl7.org/fhir/sid/us-ssn",
            "value": "999-44-6530"
          }
        ],
        "name": [
          {
            "use": "official",
            "family": [
              "Hackett68"
            ],
            "given": [
              "Mariette443"
            ]
          }
        ],
        "telecom": [
          {
            "system": "phone",
            "value": "555-475-8703",
            "use": "home"
          }
        ],
        "gender": "female",
        "birthDate": "2019-01-31",
        "address": [
          {
            "extension": [
              {
                "url": "http://hl7.org/fhir/StructureDefinition/geolocation",
                "extension": [
                  {
                    "url": "latitude",
                    "valueDecimal": 42.383108356444275
                  },
                  {
                    "url": "longitude",
                    "valueDecimal": -70.98709923464124
                  }
                ]
              }
            ],
            "line": [
              "917 Waters Underpass Unit 81"
            ],
            "city": "Boston",
            "state": "Massachusetts",
            "postalCode": "02108",
            "country": "US"
          }
        ],
        "maritalStatus": {
          "coding": [
            {
              "system": "http://hl7.org/fhir/v3/MaritalStatus",
              "code": "S"
            }
          ]
        },
        "multipleBirthBoolean": false,
        "communication": [
          {
            "language": {
              "coding": [
                {
                  "system": "urn:ietf:bcp:47",
                  "code": "en-US",
                  "display": "English"
                }
              ],
              "text": "English"
            }
          }
        ]
      },
      "request": {
        "method": "POST",
        "url": "Patient"
      }
    },
    {
      "fullUrl": "urn:uuid:43e1c8ac-cce2-3e8d-8752-ce9045c435cb",
      "resource": {
        "resourceType": "Organization",
        "id": "43e1c8ac-cce2-3e8d-8752-ce9045c435cb",
        "identifier": [
          {
            "system": "https://github.com/synthetichealth/synthea",
            "value": "43e1c8ac-cce2-3e8d-8752-ce9045c435cb"
          }
        ],
        "type": {
          "coding": [
            {
              "system": "Healthcare Provider",
              "code": "prov",
              "display": "Healthcare Provider"
            }
          ],
          "text": "Healthcare Provider"
        },
        "name": "PCP236544",
        "address": [
          {
            "line": [
              "365 MAIN ST"
            ],
            "city": "WINTHROP",
            "state": "MA",
            "postalCode": "02152-1637",
            "country": "US"
          }
        ]
      },
      "request": {
        "method": "POST",
        "url": "Organization"
      }
    },
    {
      "fullUrl": "urn:uuid:0000016d-3a85-4cca-0000-000000010b08",
      "resource": {
        "resourceType": "Practitioner",
        "id": "0000016d-3a85-4cca-0000-000000010b08",
        "identifier": [
          {
            "system": "http://hl7.org/fhir/sid/us-npi",
            "value": "68360"
          }
        ],
        "active": true,
        "name": {
          "family": [
            "Willms744"
          ],
          "given": [
            "Charla27"
          ],
          "prefix": [
            "Dr."
          ]
        },
        "address": [
          {
            "line": [
              "365 MAIN ST"
            ],
            "city": "WINTHROP",
            "state": "MA",
            "postalCode": "02152-1637",
            "country": "US"
          }
        ],
        "gender": "female"
      },
      "request": {
        "method": "POST",
        "url": "Practitioner"
      }
    },
    {
      "fullUrl": "urn:uuid:fd42d70a-266e-463b-bd01-df3743d8bb81",
      "resource": {
        "resourceType": "Encounter",
        "id": "fd42d70a-266e-463b-bd01-df3743d8bb81",
        "status": "finished",
        "type": [
          {
            "coding": [
              {
                "system": "http://snomed.info/sct",
                "code": "410620009",
                "display": "Well child visit (procedure)"
              }
            ],
            "text": "Well child visit (procedure)"
          }
        ],
        "patient": {
          "reference": "urn:uuid:82caa894-8e86-4331-8cba-d3c6ef7bab87"
        },
        "participant": [
          {
            "individual": {
              "reference": "urn:uuid:0000016d-3a85-4cca-0000-000000010b08"
            }
          }
        ],
        "period": {
          "start": "2019-01-31T04:09:40-05:00",
          "end": "2019-01-31T04:24:40-05:00"
        },
        "serviceProvider": {
          "reference": "urn:uuid:43e1c8ac-cce2-3e8d-8752-ce9045c435cb"
        }
      },
      "request": {
        "method": "POST",
        "url": "Encounter"
      }
    },
    {
      "fullUrl": "urn:uuid:1d372a15-3c87-4fea-bec7-200d3898c9e4",
      "resource": {
        "resourceType": "Observation",
        "id": "1d372a15-3c87-4fea-bec7-200d3898c9e4",
        "status": "final",
        "category": {
          "coding": [
            {
              "system": "http://hl7.org/fhir/observation-category",
              "code": "vital-signs",
              "display": "vital-signs"
            }
          ],
          "text": "vital-signs"
        },
        "code": {
          "coding": [
            {
              "system": "http://loinc.org",
              "code": "8302-2",
              "display": "Body Height"
            }
          ],
          "text": "Body Height"
        },
        "subject": {
          "reference": "urn:uuid:82caa894-8e86-4331-8cba-d3c6ef7bab87"
        },
        "encounter": {
          "reference": "urn:uuid:fd42d70a-266e-463b-bd01-df3743d8bb81"
        },
        "effectiveDateTime": "2019-01-31T04:09:40-05:00",
        "issued": "2019-01-31T04:09:40.094-05:00",
        "valueQuantity": {
          "value": 50.606434221925916,
          "unit": "cm",
          "system": "http://unitsofmeasure.org",
          "code": "cm"
        }
      },
      "request": {
        "method": "POST",
        "url": "Observation"
      }
    },
    {
      "fullUrl": "urn:uuid:2bc4ea4c-82ab-4cc0-b868-23ba1f08eb5c",
      "resource": {
        "resourceType": "Observation",
        "id": "2bc4ea4c-82ab-4cc0-b868-23ba1f08eb5c",
        "status": "final",
        "category": {
          "coding": [
            {
              "system": "http://hl7.org/fhir/observation-category",
              "code": "vital-signs",
              "display": "vital-signs"
            }
          ],
          "text": "vital-signs"
        },
        "code": {
          "coding": [
            {
              "system": "http://loinc.org",
              "code": "72514-3",
              "display": "Pain severity - 0-10 verbal numeric rating [Score] - Reported"
            }
          ],
          "text": "Pain severity - 0-10 verbal numeric rating [Score] - Reported"
        },
        "subject": {
          "reference": "urn:uuid:82caa894-8e86-4331-8cba-d3c6ef7bab87"
        },
        "encounter": {
          "reference": "urn:uuid:fd42d70a-266e-463b-bd01-df3743d8bb81"
        },
        "effectiveDateTime": "2019-01-31T04:09:40-05:00",
        "issued": "2019-01-31T04:09:40.094-05:00",
        "valueQuantity": {
          "value": 2.634845643527447,
          "unit": "{score}",
          "system": "http://unitsofmeasure.org",
          "code": "{score}"
        }
      },
      "request": {
        "method": "POST",
        "url": "Observation"
      }
    },
    {
      "fullUrl": "urn:uuid:3d198073-c4a2-4067-806c-4f3239626db4",
      "resource": {
        "resourceType": "Observation",
        "id": "3d198073-c4a2-4067-806c-4f3239626db4",
        "status": "final",
        "category": {
          "coding": [
            {
              "system": "http://hl7.org/fhir/observation-category",
              "code": "vital-signs",
              "display": "vital-signs"
            }
          ],
          "text": "vital-signs"
        },
        "code": {
          "coding": [
            {
              "system": "http://loinc.org",
              "code": "29463-7",
              "display": "Body Weight"
            }
          ],
          "text": "Body Weight"
        },
        "subject": {
          "reference": "urn:uuid:82caa894-8e86-4331-8cba-d3c6ef7bab87"
        },
        "encounter": {
          "reference": "urn:uuid:fd42d70a-266e-463b-bd01-df3743d8bb81"
        },
        "effectiveDateTime": "2019-01-31T04:09:40-05:00",
        "issued": "2019-01-31T04:09:40.094-05:00",
        "valueQuantity": {
          "value": 4.281085151236955,
          "unit": "kg",
          "system": "http://unitsofmeasure.org",
          "code": "kg"
        }
      },
      "request": {
        "method": "POST",
        "url": "Observation"
      }
    },
    {
      "fullUrl": "urn:uuid:17e93a1d-8226-40c3-9f5b-9d66251f68eb",
      "resource": {
        "resourceType": "Observation",
        "id": "17e93a1d-8226-40c3-9f5b-9d66251f68eb",
        "status": "final",
        "category": {
          "coding": [
            {
              "system": "http://hl7.org/fhir/observation-category",
              "code": "vital-signs",
              "display": "vital-signs"
            }
          ],
          "text": "vital-signs"
        },
        "code": {
          "coding": [
            {
              "system": "http://loinc.org",
              "code": "77606-2",
              "display": "Weight-for-length Per age and sex"
            }
          ],
          "text": "Weight-for-length Per age and sex"
        },
        "subject": {
          "reference": "urn:uuid:82caa894-8e86-4331-8cba-d3c6ef7bab87"
        },
        "encounter": {
          "reference": "urn:uuid:fd42d70a-266e-463b-bd01-df3743d8bb81"
        },
        "effectiveDateTime": "2019-01-31T04:09:40-05:00",
        "issued": "2019-01-31T04:09:40.094-05:00",
        "valueQuantity": {
          "value": 92.12179468257736,
          "unit": "%",
          "system": "http://unitsofmeasure.org",
          "code": "%"
        }
      },
      "request": {
        "method": "POST",
        "url": "Observation"
      }
    },
    {
      "fullUrl": "urn:uuid:2e74c248-836c-4c2f-ab32-e85f3a486978",
      "resource": {
        "resourceType": "Observation",
        "id": "2e74c248-836c-4c2f-ab32-e85f3a486978",
        "status": "final",
        "category": {
          "coding": [
            {
              "system": "http://hl7.org/fhir/observation-category",
              "code": "vital-signs",
              "display": "vital-signs"
            }
          ],
          "text": "vital-signs"
        },
        "code": {
          "coding": [
            {
              "system": "http://loinc.org",
              "code": "55284-4",
              "display": "Blood Pressure"
            }
          ],
          "text": "Blood Pressure"
        },
        "subject": {
          "reference": "urn:uuid:82caa894-8e86-4331-8cba-d3c6ef7bab87"
        },
        "encounter": {
          "reference": "urn:uuid:fd42d70a-266e-463b-bd01-df3743d8bb81"
        },
        "effectiveDateTime": "2019-01-31T04:09:40-05:00",
        "issued": "2019-01-31T04:09:40.094-05:00",
        "component": [
          {
            "code": {
              "coding": [
                {
                  "system": "http://loinc.org",
                  "code": "8462-4",
                  "display": "Diastolic Blood Pressure"
                }
              ],
              "text": "Diastolic Blood Pressure"
            },
            "valueQuantity": {
              "value": 77.53504342798828,
              "unit": "mm[Hg]",
              "system": "http://unitsofmeasure.org",
              "code": "mm[Hg]"
            }
          },
          {
            "code": {
              "coding": [
                {
                  "system": "http://loinc.org",
                  "code": "8480-6",
                  "display": "Systolic Blood Pressure"
                }
              ],
              "text": "Systolic Blood Pressure"
            },
            "valueQuantity": {
              "value": 118.70916529758541,
              "unit": "mm[Hg]",
              "system": "http://unitsofmeasure.org",
              "code": "mm[Hg]"
            }
          }
        ]
      },
      "request": {
        "method": "POST",
        "url": "Observation"
      }
    },
    {
      "fullUrl": "urn:uuid:04ed41ef-9c84-4511-8cb3-7a21ec5df6ce",
      "resource": {
        "resourceType": "Observation",
        "id": "04ed41ef-9c84-4511-8cb3-7a21ec5df6ce",
        "status": "final",
        "category": {
          "coding": [
            {
              "system": "http://hl7.org/fhir/observation-category",
              "code": "laboratory",
              "display": "laboratory"
            }
          ],
          "text": "laboratory"
        },
        "code": {
          "coding": [
            {
              "system": "http://loinc.org",
              "code": "6690-2",
              "display": "Leukocytes [#/volume] in Blood by Automated count"
            }
          ],
          "text": "Leukocytes [#/volume] in Blood by Automated count"
        },
        "subject": {
          "reference": "urn:uuid:82caa894-8e86-4331-8cba-d3c6ef7bab87"
        },
        "encounter": {
          "reference": "urn:uuid:fd42d70a-266e-463b-bd01-df3743d8bb81"
        },
        "effectiveDateTime": "2019-01-31T04:09:40-05:00",
        "issued": "2019-01-31T04:09:40.094-05:00",
        "valueQuantity": {
          "value": 4.63776152370236,
          "unit": "10*3/uL",
          "system": "http://unitsofmeasure.org",
          "code": "10*3/uL"
        }
      },
      "request": {
        "method": "POST",
        "url": "Observation"
      }
    },
    {
      "fullUrl": "urn:uuid:393e662a-443d-4c41-b932-6251550d6359",
      "resource": {
        "resourceType": "Observation",
        "id": "393e662a-443d-4c41-b932-6251550d6359",
        "status": "final",
        "category": {
          "coding": [
            {
              "system": "http://hl7.org/fhir/observation-category",
              "code": "laboratory",
              "display": "laboratory"
            }
          ],
          "text": "laboratory"
        },
        "code": {
          "coding": [
            {
              "system": "http://loinc.org",
              "code": "789-8",
              "display": "Erythrocytes [#/volume] in Blood by Automated count"
            }
          ],
          "text": "Erythrocytes [#/volume] in Blood by Automated count"
        },
        "subject": {
          "reference": "urn:uuid:82caa894-8e86-4331-8cba-d3c6ef7bab87"
        },
        "encounter": {
          "reference": "urn:uuid:fd42d70a-266e-463b-bd01-df3743d8bb81"
        },
        "effectiveDateTime": "2019-01-31T04:09:40-05:00",
        "issued": "2019-01-31T04:09:40.094-05:00",
        "valueQuantity": {
          "value": 4.2298057192551495,
          "unit": "10*6/uL",
          "system": "http://unitsofmeasure.org",
          "code": "10*6/uL"
        }
      },
      "request": {
        "method": "POST",
        "url": "Observation"
      }
    },
    {
      "fullUrl": "urn:uuid:3202ed67-7718-4477-9268-9b035b41895a",
      "resource": {
        "resourceType": "Observation",
        "id": "3202ed67-7718-4477-9268-9b035b41895a",
        "status": "final",
        "category": {
          "coding": [
            {
              "system": "http://hl7.org/fhir/observation-category",
              "code": "laboratory",
              "display": "laboratory"
            }
          ],
          "text": "laboratory"
        },
        "code": {
          "coding": [
            {
              "system": "http://loinc.org",
              "code": "718-7",
              "display": "Hemoglobin [Mass/volume] in Blood"
            }
          ],
          "text": "Hemoglobin [Mass/volume] in Blood"
        },
        "subject": {
          "reference": "urn:uuid:82caa894-8e86-4331-8cba-d3c6ef7bab87"
        },
        "encounter": {
          "reference": "urn:uuid:fd42d70a-266e-463b-bd01-df3743d8bb81"
        },
        "effectiveDateTime": "2019-01-31T04:09:40-05:00",
        "issued": "2019-01-31T04:09:40.094-05:00",
        "valueQuantity": {
          "value": 14.758732828804327,
          "unit": "g/dL",
          "system": "http://unitsofmeasure.org",
          "code": "g/dL"
        }
      },
      "request": {
        "method": "POST",
        "url": "Observation"
      }
    },
    {
      "fullUrl": "urn:uuid:59ab9228-7463-42ca-857b-e4641a3411ae",
      "resource": {
        "resourceType": "Observation",
        "id": "59ab9228-7463-42ca-857b-e4641a3411ae",
        "status": "final",
        "category": {
          "coding": [
            {
              "system": "http://hl7.org/fhir/observation-category",
              "code": "laboratory",
              "display": "laboratory"
            }
          ],
          "text": "laboratory"
        },
        "code": {
          "coding": [
            {
              "system": "http://loinc.org",
              "code": "4544-3",
              "display": "Hematocrit [Volume Fraction] of Blood by Automated count"
            }
          ],
          "text": "Hematocrit [Volume Fraction] of Blood by Automated count"
        },
        "subject": {
          "reference": "urn:uuid:82caa894-8e86-4331-8cba-d3c6ef7bab87"
        },
        "encounter": {
          "reference": "urn:uuid:fd42d70a-266e-463b-bd01-df3743d8bb81"
        },
        "effectiveDateTime": "2019-01-31T04:09:40-05:00",
        "issued": "2019-01-31T04:09:40.094-05:00",
        "valueQuantity": {
          "value": 45.232633779955854,
          "unit": "%",
          "system": "http://unitsofmeasure.org",
          "code": "%"
        }
      },
      "request": {
        "method": "POST",
        "url": "Observation"
      }
    },
    {
      "fullUrl": "urn:uuid:d5cd7416-3020-4158-bf62-6ff95e080e77",
      "resource": {
        "resourceType": "Observation",
        "id": "d5cd7416-3020-4158-bf62-6ff95e080e77",
        "status": "final",
        "category": {
          "coding": [
            {
              "system": "http://hl7.org/fhir/observation-category",
              "code": "laboratory",
              "display": "laboratory"
            }
          ],
          "text": "laboratory"
        },
        "code": {
          "coding": [
            {
              "system": "http://loinc.org",
              "code": "787-2",
              "display": "MCV [Entitic volume] by Automated count"
            }
          ],
          "text": "MCV [Entitic volume] by Automated count"
        },
        "subject": {
          "reference": "urn:uuid:82caa894-8e86-4331-8cba-d3c6ef7bab87"
        },
        "encounter": {
          "reference": "urn:uuid:fd42d70a-266e-463b-bd01-df3743d8bb81"
        },
        "effectiveDateTime": "2019-01-31T04:09:40-05:00",
        "issued": "2019-01-31T04:09:40.094-05:00",
        "valueQuantity": {
          "value": 91.27877090273662,
          "unit": "fL",
          "system": "http://unitsofmeasure.org",
          "code": "fL"
        }
      },
      "request": {
        "method": "POST",
        "url": "Observation"
      }
    },
    {
      "fullUrl": "urn:uuid:e8014eca-1070-422d-81ca-04bd98249cd9",
      "resource": {
        "resourceType": "Observation",
        "id": "e8014eca-1070-422d-81ca-04bd98249cd9",
        "status": "final",
        "category": {
          "coding": [
            {
              "system": "http://hl7.org/fhir/observation-category",
              "code": "laboratory",
              "display": "laboratory"
            }
          ],
          "text": "laboratory"
        },
        "code": {
          "coding": [
            {
              "system": "http://loinc.org",
              "code": "785-6",
              "display": "MCH [Entitic mass] by Automated count"
            }
          ],
          "text": "MCH [Entitic mass] by Automated count"
        },
        "subject": {
          "reference": "urn:uuid:82caa894-8e86-4331-8cba-d3c6ef7bab87"
        },
        "encounter": {
          "reference": "urn:uuid:fd42d70a-266e-463b-bd01-df3743d8bb81"
        },
        "effectiveDateTime": "2019-01-31T04:09:40-05:00",
        "issued": "2019-01-31T04:09:40.094-05:00",
        "valueQuantity": {
          "value": 31.585563157190236,
          "unit": "pg",
          "system": "http://unitsofmeasure.org",
          "code": "pg"
        }
      },
      "request": {
        "method": "POST",
        "url": "Observation"
      }
    },
    {
      "fullUrl": "urn:uuid:8018cadc-7d2b-48c9-afbe-290187f153c1",
      "resource": {
        "resourceType": "Observation",
        "id": "8018cadc-7d2b-48c9-afbe-290187f153c1",
        "status": "final",
        "category": {
          "coding": [
            {
              "system": "http://hl7.org/fhir/observation-category",
              "code": "laboratory",
              "display": "laboratory"
            }
          ],
          "text": "laboratory"
        },
        "code": {
          "coding": [
            {
              "system": "http://loinc.org",
              "code": "786-4",
              "display": "MCHC [Mass/volume] by Automated count"
            }
          ],
          "text": "MCHC [Mass/volume] by Automated count"
        },
        "subject": {
          "reference": "urn:uuid:82caa894-8e86-4331-8cba-d3c6ef7bab87"
        },
        "encounter": {
          "reference": "urn:uuid:fd42d70a-266e-463b-bd01-df3743d8bb81"
        },
        "effectiveDateTime": "2019-01-31T04:09:40-05:00",
        "issued": "2019-01-31T04:09:40.094-05:00",
        "valueQuantity": {
          "value": 34.835846154865955,
          "unit": "g/dL",
          "system": "http://unitsofmeasure.org",
          "code": "g/dL"
        }
      },
      "request": {
        "method": "POST",
        "url": "Observation"
      }
    },
    {
      "fullUrl": "urn:uuid:9e21cb86-6cbf-44bd-8007-afdfe1f4d607",
      "resource": {
        "resourceType": "Observation",
        "id": "9e21cb86-6cbf-44bd-8007-afdfe1f4d607",
        "status": "final",
        "category": {
          "coding": [
            {
              "system": "http://hl7.org/fhir/observation-category",
              "code": "laboratory",
              "display": "laboratory"
            }
          ],
          "text": "laboratory"
        },
        "code": {
          "coding": [
            {
              "system": "http://loinc.org",
              "code": "21000-5",
              "display": "Erythrocyte distribution width [Entitic volume] by Automated count"
            }
          ],
          "text": "Erythrocyte distribution width [Entitic volume] by Automated count"
        },
        "subject": {
          "reference": "urn:uuid:82caa894-8e86-4331-8cba-d3c6ef7bab87"
        },
        "encounter": {
          "reference": "urn:uuid:fd42d70a-266e-463b-bd01-df3743d8bb81"
        },
        "effectiveDateTime": "2019-01-31T04:09:40-05:00",
        "issued": "2019-01-31T04:09:40.094-05:00",
        "valueQuantity": {
          "value": 45.36407577697949,
          "unit": "fL",
          "system": "http://unitsofmeasure.org",
          "code": "fL"
        }
      },
      "request": {
        "method": "POST",
        "url": "Observation"
      }
    },
    {
      "fullUrl": "urn:uuid:2755405f-25e5-4135-94e8-b8a0143d6da1",
      "resource": {
        "resourceType": "Observation",
        "id": "2755405f-25e5-4135-94e8-b8a0143d6da1",
        "status": "final",
        "category": {
          "coding": [
            {
              "system": "http://hl7.org/fhir/observation-category",
              "code": "laboratory",
              "display": "laboratory"
            }
          ],
          "text": "laboratory"
        },
        "code": {
          "coding": [
            {
              "system": "http://loinc.org",
              "code": "777-3",
              "display": "Platelets [#/volume] in Blood by Automated count"
            }
          ],
          "text": "Platelets [#/volume] in Blood by Automated count"
        },
        "subject": {
          "reference": "urn:uuid:82caa894-8e86-4331-8cba-d3c6ef7bab87"
        },
        "encounter": {
          "reference": "urn:uuid:fd42d70a-266e-463b-bd01-df3743d8bb81"
        },
        "effectiveDateTime": "2019-01-31T04:09:40-05:00",
        "issued": "2019-01-31T04:09:40.094-05:00",
        "valueQuantity": {
          "value": 434.5574439884538,
          "unit": "10*3/uL",
          "system": "http://unitsofmeasure.org",
          "code": "10*3/uL"
        }
      },
      "request": {
        "method": "POST",
        "url": "Observation"
      }
    },
    {
      "fullUrl": "urn:uuid:6254f6a0-342b-4580-a16e-6672752ab581",
      "resource": {
        "resourceType": "Observation",
        "id": "6254f6a0-342b-4580-a16e-6672752ab581",
        "status": "final",
        "category": {
          "coding": [
            {
              "system": "http://hl7.org/fhir/observation-category",
              "code": "laboratory",
              "display": "laboratory"
            }
          ],
          "text": "laboratory"
        },
        "code": {
          "coding": [
            {
              "system": "http://loinc.org",
              "code": "32207-3",
              "display": "Platelet distribution width [Entitic volume] in Blood by Automated count"
            }
          ],
          "text": "Platelet distribution width [Entitic volume] in Blood by Automated count"
        },
        "subject": {
          "reference": "urn:uuid:82caa894-8e86-4331-8cba-d3c6ef7bab87"
        },
        "encounter": {
          "reference": "urn:uuid:fd42d70a-266e-463b-bd01-df3743d8bb81"
        },
        "effectiveDateTime": "2019-01-31T04:09:40-05:00",
        "issued": "2019-01-31T04:09:40.094-05:00",
        "valueQuantity": {
          "value": 475.93853110364273,
          "unit": "fL",
          "system": "http://unitsofmeasure.org",
          "code": "fL"
        }
      },
      "request": {
        "method": "POST",
        "url": "Observation"
      }
    },
    {
      "fullUrl": "urn:uuid:fa0f376a-f2d2-4490-9c42-e4782ae7ec1f",
      "resource": {
        "resourceType": "Observation",
        "id": "fa0f376a-f2d2-4490-9c42-e4782ae7ec1f",
        "status": "final",
        "category": {
          "coding": [
            {
              "system": "http://hl7.org/fhir/observation-category",
              "code": "laboratory",
              "display": "laboratory"
            }
          ],
          "text": "laboratory"
        },
        "code": {
          "coding": [
            {
              "system": "http://loinc.org",
              "code": "32623-1",
              "display": "Platelet mean volume [Entitic volume] in Blood by Automated count"
            }
          ],
          "text": "Platelet mean volume [Entitic volume] in Blood by Automated count"
        },
        "subject": {
          "reference": "urn:uuid:82caa894-8e86-4331-8cba-d3c6ef7bab87"
        },
        "encounter": {
          "reference": "urn:uuid:fd42d70a-266e-463b-bd01-df3743d8bb81"
        },
        "effectiveDateTime": "2019-01-31T04:09:40-05:00",
        "issued": "2019-01-31T04:09:40.094-05:00",
        "valueQuantity": {
          "value": 11.185449325068019,
          "unit": "fL",
          "system": "http://unitsofmeasure.org",
          "code": "fL"
        }
      },
      "request": {
        "method": "POST",
        "url": "Observation"
      }
    },
    {
      "fullUrl": "urn:uuid:0d414431-757b-4d2e-a872-65a3734a2b71",
      "resource": {
        "resourceType": "Observation",
        "id": "0d414431-757b-4d2e-a872-65a3734a2b71",
        "status": "final",
        "category": {
          "coding": [
            {
              "system": "http://hl7.org/fhir/observation-category",
              "code": "survey",
              "display": "survey"
            }
          ],
          "text": "survey"
        },
        "code": {
          "coding": [
            {
              "system": "http://loinc.org",
              "code": "72166-2",
              "display": "Tobacco smoking status NHIS"
            }
          ],
          "text": "Tobacco smoking status NHIS"
        },
        "subject": {
          "reference": "urn:uuid:82caa894-8e86-4331-8cba-d3c6ef7bab87"
        },
        "encounter": {
          "reference": "urn:uuid:fd42d70a-266e-463b-bd01-df3743d8bb81"
        },
        "effectiveDateTime": "2019-01-31T04:09:40-05:00",
        "issued": "2019-01-31T04:09:40.094-05:00",
        "valueCodeableConcept": {
          "coding": [
            {
              "system": "http://snomed.info/sct",
              "code": "266919005",
              "display": "Never smoker"
            }
          ],
          "text": "Never smoker"
        }
      },
      "request": {
        "method": "POST",
        "url": "Observation"
      }
    },
    {
      "fullUrl": "urn:uuid:8c554834-9b6d-41ab-bbf0-005a661f204f",
      "resource": {
        "resourceType": "Immunization",
        "id": "8c554834-9b6d-41ab-bbf0-005a661f204f",
        "status": "completed",
        "date": "2019-01-31T04:09:40-05:00",
        "vaccineCode": {
          "coding": [
            {
              "system": "http://hl7.org/fhir/sid/cvx",
              "code": "08",
              "display": "Hep B, adolescent or pediatric"
            }
          ],
          "text": "Hep B, adolescent or pediatric"
        },
        "patient": {
          "reference": "urn:uuid:82caa894-8e86-4331-8cba-d3c6ef7bab87"
        },
        "wasNotGiven": false,
        "reported": false,
        "encounter": {
          "reference": "urn:uuid:fd42d70a-266e-463b-bd01-df3743d8bb81"
        }
      },
      "request": {
        "method": "POST",
        "url": "Immunization"
      }
    },
    {
      "fullUrl": "urn:uuid:6e015971-f7c7-4a76-9233-37b1990cd231",
      "resource": {
        "resourceType": "DiagnosticReport",
        "id": "6e015971-f7c7-4a76-9233-37b1990cd231",
        "status": "final",
        "category": {
          "coding": [
            {
              "system": "http://hl7.org/fhir/ValueSet/diagnostic-service-sections",
              "code": "LAB"
            }
          ]
        },
        "code": {
          "coding": [
            {
              "system": "http://loinc.org",
              "code": "58410-2",
              "display": "Complete blood count (hemogram) panel - Blood by Automated count"
            }
          ],
          "text": "Complete blood count (hemogram) panel - Blood by Automated count"
        },
        "subject": {
          "reference": "urn:uuid:82caa894-8e86-4331-8cba-d3c6ef7bab87"
        },
        "encounter": {
          "reference": "urn:uuid:fd42d70a-266e-463b-bd01-df3743d8bb81"
        },
        "effectiveDateTime": "2019-01-31T04:09:40-05:00",
        "issued": "2019-01-31T04:09:40.094-05:00",
        "performer": {
          "reference": "urn:uuid:43e1c8ac-cce2-3e8d-8752-ce9045c435cb"
        },
        "result": [
          {
            "reference": "urn:uuid:fa0f376a-f2d2-4490-9c42-e4782ae7ec1f",
            "display": "Platelet mean volume [Entitic volume] in Blood by Automated count"
          }
        ]
      },
      "request": {
        "method": "POST",
        "url": "DiagnosticReport"
      }
    },
    {
      "fullUrl": "urn:uuid:1cfda96d-82cd-4593-a40e-ff92d9137b2b",
      "resource": {
        "resourceType": "Claim",
        "id": "1cfda96d-82cd-4593-a40e-ff92d9137b2b",
        "type": "institutional",
        "organization": {
          "reference": "urn:uuid:43e1c8ac-cce2-3e8d-8752-ce9045c435cb"
        },
        "use": "complete",
        "patient": {
          "reference": "urn:uuid:82caa894-8e86-4331-8cba-d3c6ef7bab87"
        },
        "item": [
          {
            "sequence": 1,
            "type": {
              "system": "http://hl7.org/fhir/v3/ActCode",
              "code": "CSINV",
              "display": "clinical service invoice"
            },
            "service": {
              "system": "http://snomed.info/sct",
              "code": "410620009",
              "display": "Well child visit (procedure)"
            }
          },
          {
            "sequence": 2,
            "type": {
              "system": "http://hl7.org/fhir/v3/ActCode",
              "code": "CSINV",
              "display": "clinical service invoice"
            },
            "service": {
              "system": "http://hl7.org/fhir/sid/cvx",
              "code": "08",
              "display": "Hep B, adolescent or pediatric"
            },
            "net": {
              "value": 140.52,
              "system": "urn:iso:std:iso:4217",
              "code": "USD"
            }
          }
        ]
      },
      "request": {
        "method": "POST",
        "url": "Claim"
      }
    },
    {
      "fullUrl": "urn:uuid:af40ec43-72eb-4265-9a9a-aaa8845360e9",
      "resource": {
        "resourceType": "Encounter",
        "id": "af40ec43-72eb-4265-9a9a-aaa8845360e9",
        "status": "finished",
        "type": [
          {
            "coding": [
              {
                "system": "http://snomed.info/sct",
                "code": "410620009",
                "display": "Well child visit (procedure)"
              }
            ],
            "text": "Well child visit (procedure)"
          }
        ],
        "patient": {
          "reference": "urn:uuid:82caa894-8e86-4331-8cba-d3c6ef7bab87"
        },
        "participant": [
          {
            "individual": {
              "reference": "urn:uuid:0000016d-3a85-4cca-0000-000000010b08"
            }
          }
        ],
        "period": {
          "start": "2019-03-07T04:09:40-05:00",
          "end": "2019-03-07T04:39:40-05:00"
        },
        "serviceProvider": {
          "reference": "urn:uuid:43e1c8ac-cce2-3e8d-8752-ce9045c435cb"
        }
      },
      "request": {
        "method": "POST",
        "url": "Encounter"
      }
    },
    {
      "fullUrl": "urn:uuid:8189617a-aaca-4d5e-96b7-ba6d4cb51bc8",
      "resource": {
        "resourceType": "Observation",
        "id": "8189617a-aaca-4d5e-96b7-ba6d4cb51bc8",
        "status": "final",
        "category": {
          "coding": [
            {
              "system": "http://hl7.org/fhir/observation-category",
              "code": "vital-signs",
              "display": "vital-signs"
            }
          ],
          "text": "vital-signs"
        },
        "code": {
          "coding": [
            {
              "system": "http://loinc.org",
              "code": "8302-2",
              "display": "Body Height"
            }
          ],
          "text": "Body Height"
        },
        "subject": {
          "reference": "urn:uuid:82caa894-8e86-4331-8cba-d3c6ef7bab87"
        },
        "encounter": {
          "reference": "urn:uuid:af40ec43-72eb-4265-9a9a-aaa8845360e9"
        },
        "effectiveDateTime": "2019-03-07T04:09:40-05:00",
        "issued": "2019-03-07T04:09:40.094-05:00",
        "valueQuantity": {
          "value": 54.20759711711538,
          "unit": "cm",
          "system": "http://unitsofmeasure.org",
          "code": "cm"
        }
      },
      "request": {
        "method": "POST",
        "url": "Observation"
      }
    },
    {
      "fullUrl": "urn:uuid:3f915c2c-c747-4531-b662-b1791eb7444e",
      "resource": {
        "resourceType": "Observation",
        "id": "3f915c2c-c747-4531-b662-b1791eb7444e",
        "status": "final",
        "category": {
          "coding": [
            {
              "system": "http://hl7.org/fhir/observation-category",
              "code": "vital-signs",
              "display": "vital-signs"
            }
          ],
          "text": "vital-signs"
        },
        "code": {
          "coding": [
            {
              "system": "http://loinc.org",
              "code": "72514-3",
              "display": "Pain severity - 0-10 verbal numeric rating [Score] - Reported"
            }
          ],
          "text": "Pain severity - 0-10 verbal numeric rating [Score] - Reported"
        },
        "subject": {
          "reference": "urn:uuid:82caa894-8e86-4331-8cba-d3c6ef7bab87"
        },
        "encounter": {
          "reference": "urn:uuid:af40ec43-72eb-4265-9a9a-aaa8845360e9"
        },
        "effectiveDateTime": "2019-03-07T04:09:40-05:00",
        "issued": "2019-03-07T04:09:40.094-05:00",
        "valueQuantity": {
          "value": 1.482518191628707,
          "unit": "{score}",
          "system": "http://unitsofmeasure.org",
          "code": "{score}"
        }
      },
      "request": {
        "method": "POST",
        "url": "Observation"
      }
    },
    {
      "fullUrl": "urn:uuid:af8eb9c0-9c61-4616-80eb-f92b5c928cf8",
      "resource": {
        "resourceType": "Observation",
        "id": "af8eb9c0-9c61-4616-80eb-f92b5c928cf8",
        "status": "final",
        "category": {
          "coding": [
            {
              "system": "http://hl7.org/fhir/observation-category",
              "code": "vital-signs",
              "display": "vital-signs"
            }
          ],
          "text": "vital-signs"
        },
        "code": {
          "coding": [
            {
              "system": "http://loinc.org",
              "code": "29463-7",
              "display": "Body Weight"
            }
          ],
          "text": "Body Weight"
        },
        "subject": {
          "reference": "urn:uuid:82caa894-8e86-4331-8cba-d3c6ef7bab87"
        },
        "encounter": {
          "reference": "urn:uuid:af40ec43-72eb-4265-9a9a-aaa8845360e9"
        },
        "effectiveDateTime": "2019-03-07T04:09:40-05:00",
        "issued": "2019-03-07T04:09:40.094-05:00",
        "valueQuantity": {
          "value": 5.105634075126138,
          "unit": "kg",
          "system": "http://unitsofmeasure.org",
          "code": "kg"
        }
      },
      "request": {
        "method": "POST",
        "url": "Observation"
      }
    },
    {
      "fullUrl": "urn:uuid:fcfdcf3c-9230-4375-99d4-6cc98639873a",
      "resource": {
        "resourceType": "Observation",
        "id": "fcfdcf3c-9230-4375-99d4-6cc98639873a",
        "status": "final",
        "category": {
          "coding": [
            {
              "system": "http://hl7.org/fhir/observation-category",
              "code": "vital-signs",
              "display": "vital-signs"
            }
          ],
          "text": "vital-signs"
        },
        "code": {
          "coding": [
            {
              "system": "http://loinc.org",
              "code": "77606-2",
              "display": "Weight-for-length Per age and sex"
            }
          ],
          "text": "Weight-for-length Per age and sex"
        },
        "subject": {
          "reference": "urn:uuid:82caa894-8e86-4331-8cba-d3c6ef7bab87"
        },
        "encounter": {
          "reference": "urn:uuid:af40ec43-72eb-4265-9a9a-aaa8845360e9"
        },
        "effectiveDateTime": "2019-03-07T04:09:40-05:00",
        "issued": "2019-03-07T04:09:40.094-05:00",
        "valueQuantity": {
          "value": 92.1402907994623,
          "unit": "%",
          "system": "http://unitsofmeasure.org",
          "code": "%"
        }
      },
      "request": {
        "method": "POST",
        "url": "Observation"
      }
    },
    {
      "fullUrl": "urn:uuid:d79dde75-8722-4169-990e-02a92501cdb9",
      "resource": {
        "resourceType": "Observation",
        "id": "d79dde75-8722-4169-990e-02a92501cdb9",
        "status": "final",
        "category": {
          "coding": [
            {
              "system": "http://hl7.org/fhir/observation-category",
              "code": "vital-signs",
              "display": "vital-signs"
            }
          ],
          "text": "vital-signs"
        },
        "code": {
          "coding": [
            {
              "system": "http://loinc.org",
              "code": "55284-4",
              "display": "Blood Pressure"
            }
          ],
          "text": "Blood Pressure"
        },
        "subject": {
          "reference": "urn:uuid:82caa894-8e86-4331-8cba-d3c6ef7bab87"
        },
        "encounter": {
          "reference": "urn:uuid:af40ec43-72eb-4265-9a9a-aaa8845360e9"
        },
        "effectiveDateTime": "2019-03-07T04:09:40-05:00",
        "issued": "2019-03-07T04:09:40.094-05:00",
        "component": [
          {
            "code": {
              "coding": [
                {
                  "system": "http://loinc.org",
                  "code": "8462-4",
                  "display": "Diastolic Blood Pressure"
                }
              ],
              "text": "Diastolic Blood Pressure"
            },
            "valueQuantity": {
              "value": 83.02099842609873,
              "unit": "mm[Hg]",
              "system": "http://unitsofmeasure.org",
              "code": "mm[Hg]"
            }
          },
          {
            "code": {
              "coding": [
                {
                  "system": "http://loinc.org",
                  "code": "8480-6",
                  "display": "Systolic Blood Pressure"
                }
              ],
              "text": "Systolic Blood Pressure"
            },
            "valueQuantity": {
              "value": 116.87071139162192,
              "unit": "mm[Hg]",
              "system": "http://unitsofmeasure.org",
              "code": "mm[Hg]"
            }
          }
        ]
      },
      "request": {
        "method": "POST",
        "url": "Observation"
      }
    },
    {
      "fullUrl": "urn:uuid:529b99e2-f8fb-4482-8725-905abd0c045f",
      "resource": {
        "resourceType": "Observation",
        "id": "529b99e2-f8fb-4482-8725-905abd0c045f",
        "status": "final",
        "category": {
          "coding": [
            {
              "system": "http://hl7.org/fhir/observation-category",
              "code": "survey",
              "display": "survey"
            }
          ],
          "text": "survey"
        },
        "code": {
          "coding": [
            {
              "system": "http://loinc.org",
              "code": "72166-2",
              "display": "Tobacco smoking status NHIS"
            }
          ],
          "text": "Tobacco smoking status NHIS"
        },
        "subject": {
          "reference": "urn:uuid:82caa894-8e86-4331-8cba-d3c6ef7bab87"
        },
        "encounter": {
          "reference": "urn:uuid:af40ec43-72eb-4265-9a9a-aaa8845360e9"
        },
        "effectiveDateTime": "2019-03-07T04:09:40-05:00",
        "issued": "2019-03-07T04:09:40.094-05:00",
        "valueCodeableConcept": {
          "coding": [
            {
              "system": "http://snomed.info/sct",
              "code": "266919005",
              "display": "Never smoker"
            }
          ],
          "text": "Never smoker"
        }
      },
      "request": {
        "method": "POST",
        "url": "Observation"
      }
    },
    {
      "fullUrl": "urn:uuid:ec134919-02a6-41ab-9815-c9a380096aa6",
      "resource": {
        "resourceType": "Procedure",
        "id": "ec134919-02a6-41ab-9815-c9a380096aa6",
        "subject": {
          "reference": "urn:uuid:82caa894-8e86-4331-8cba-d3c6ef7bab87"
        },
        "status": "completed",
        "code": {
          "coding": [
            {
              "system": "http://snomed.info/sct",
              "code": "430193006",
              "display": "Medication Reconciliation (procedure)"
            }
          ],
          "text": "Medication Reconciliation (procedure)"
        },
        "performedPeriod": {
          "start": "2019-03-07T04:09:40-05:00",
          "end": "2019-03-07T04:24:40-05:00"
        },
        "encounter": {
          "reference": "urn:uuid:af40ec43-72eb-4265-9a9a-aaa8845360e9"
        }
      },
      "request": {
        "method": "POST",
        "url": "Procedure"
      }
    },
    {
      "fullUrl": "urn:uuid:d6b2fe2a-ee2c-4b9e-86a6-e57c58a201b7",
      "resource": {
        "resourceType": "Immunization",
        "id": "d6b2fe2a-ee2c-4b9e-86a6-e57c58a201b7",
        "status": "completed",
        "date": "2019-03-07T04:09:40-05:00",
        "vaccineCode": {
          "coding": [
            {
              "system": "http://hl7.org/fhir/sid/cvx",
              "code": "08",
              "display": "Hep B, adolescent or pediatric"
            }
          ],
          "text": "Hep B, adolescent or pediatric"
        },
        "patient": {
          "reference": "urn:uuid:82caa894-8e86-4331-8cba-d3c6ef7bab87"
        },
        "wasNotGiven": false,
        "reported": false,
        "encounter": {
          "reference": "urn:uuid:af40ec43-72eb-4265-9a9a-aaa8845360e9"
        }
      },
      "request": {
        "method": "POST",
        "url": "Immunization"
      }
    },
    {
      "fullUrl": "urn:uuid:92ba65b9-578b-4d40-82f8-0637b7019847",
      "resource": {
        "resourceType": "Claim",
        "id": "92ba65b9-578b-4d40-82f8-0637b7019847",
        "type": "institutional",
        "organization": {
          "reference": "urn:uuid:43e1c8ac-cce2-3e8d-8752-ce9045c435cb"
        },
        "use": "complete",
        "patient": {
          "reference": "urn:uuid:82caa894-8e86-4331-8cba-d3c6ef7bab87"
        },
        "item": [
          {
            "sequence": 1,
            "type": {
              "system": "http://hl7.org/fhir/v3/ActCode",
              "code": "CSINV",
              "display": "clinical service invoice"
            },
            "service": {
              "system": "http://snomed.info/sct",
              "code": "410620009",
              "display": "Well child visit (procedure)"
            }
          },
          {
            "sequence": 2,
            "type": {
              "system": "http://hl7.org/fhir/v3/ActCode",
              "code": "CSINV",
              "display": "clinical service invoice"
            },
            "service": {
              "system": "http://hl7.org/fhir/sid/cvx",
              "code": "08",
              "display": "Hep B, adolescent or pediatric"
            },
            "net": {
              "value": 140.52,
              "system": "urn:iso:std:iso:4217",
              "code": "USD"
            }
          },
          {
            "sequence": 3,
            "type": {
              "system": "http://hl7.org/fhir/v3/ActCode",
              "code": "CSINV",
              "display": "clinical service invoice"
            },
            "service": {
              "system": "http://snomed.info/sct",
              "code": "430193006",
              "display": "Medication Reconciliation (procedure)"
            },
            "net": {
              "value": 807.37,
              "system": "urn:iso:std:iso:4217",
              "code": "USD"
            }
          }
        ]
      },
      "request": {
        "method": "POST",
        "url": "Claim"
      }
    },
    {
      "fullUrl": "urn:uuid:ae43e66e-60e4-49d2-8126-75febd236525",
      "resource": {
        "resourceType": "Encounter",
        "id": "ae43e66e-60e4-49d2-8126-75febd236525",
        "status": "finished",
        "type": [
          {
            "coding": [
              {
                "system": "http://snomed.info/sct",
                "code": "410620009",
                "display": "Well child visit (procedure)"
              }
            ],
            "text": "Well child visit (procedure)"
          }
        ],
        "patient": {
          "reference": "urn:uuid:82caa894-8e86-4331-8cba-d3c6ef7bab87"
        },
        "participant": [
          {
            "individual": {
              "reference": "urn:uuid:0000016d-3a85-4cca-0000-000000010b08"
            }
          }
        ],
        "period": {
          "start": "2019-05-09T05:09:40-04:00",
          "end": "2019-05-09T05:24:40-04:00"
        },
        "serviceProvider": {
          "reference": "urn:uuid:43e1c8ac-cce2-3e8d-8752-ce9045c435cb"
        }
      },
      "request": {
        "method": "POST",
        "url": "Encounter"
      }
    },
    {
      "fullUrl": "urn:uuid:937faade-b053-4fde-9fd2-894322bf2bfc",
      "resource": {
        "resourceType": "Observation",
        "id": "937faade-b053-4fde-9fd2-894322bf2bfc",
        "status": "final",
        "category": {
          "coding": [
            {
              "system": "http://hl7.org/fhir/observation-category",
              "code": "vital-signs",
              "display": "vital-signs"
            }
          ],
          "text": "vital-signs"
        },
        "code": {
          "coding": [
            {
              "system": "http://loinc.org",
              "code": "8302-2",
              "display": "Body Height"
            }
          ],
          "text": "Body Height"
        },
        "subject": {
          "reference": "urn:uuid:82caa894-8e86-4331-8cba-d3c6ef7bab87"
        },
        "encounter": {
          "reference": "urn:uuid:ae43e66e-60e4-49d2-8126-75febd236525"
        },
        "effectiveDateTime": "2019-05-09T05:09:40-04:00",
        "issued": "2019-05-09T05:09:40.094-04:00",
        "valueQuantity": {
          "value": 59.344843943960136,
          "unit": "cm",
          "system": "http://unitsofmeasure.org",
          "code": "cm"
        }
      },
      "request": {
        "method": "POST",
        "url": "Observation"
      }
    },
    {
      "fullUrl": "urn:uuid:dcbb5b24-d4f9-4bc8-996e-2ea2a121d7c8",
      "resource": {
        "resourceType": "Observation",
        "id": "dcbb5b24-d4f9-4bc8-996e-2ea2a121d7c8",
        "status": "final",
        "category": {
          "coding": [
            {
              "system": "http://hl7.org/fhir/observation-category",
              "code": "vital-signs",
              "display": "vital-signs"
            }
          ],
          "text": "vital-signs"
        },
        "code": {
          "coding": [
            {
              "system": "http://loinc.org",
              "code": "72514-3",
              "display": "Pain severity - 0-10 verbal numeric rating [Score] - Reported"
            }
          ],
          "text": "Pain severity - 0-10 verbal numeric rating [Score] - Reported"
        },
        "subject": {
          "reference": "urn:uuid:82caa894-8e86-4331-8cba-d3c6ef7bab87"
        },
        "encounter": {
          "reference": "urn:uuid:ae43e66e-60e4-49d2-8126-75febd236525"
        },
        "effectiveDateTime": "2019-05-09T05:09:40-04:00",
        "issued": "2019-05-09T05:09:40.094-04:00",
        "valueQuantity": {
          "value": 3.408954094787505,
          "unit": "{score}",
          "system": "http://unitsofmeasure.org",
          "code": "{score}"
        }
      },
      "request": {
        "method": "POST",
        "url": "Observation"
      }
    },
    {
      "fullUrl": "urn:uuid:31b220d2-714f-4795-9b01-030c116935b7",
      "resource": {
        "resourceType": "Observation",
        "id": "31b220d2-714f-4795-9b01-030c116935b7",
        "status": "final",
        "category": {
          "coding": [
            {
              "system": "http://hl7.org/fhir/observation-category",
              "code": "vital-signs",
              "display": "vital-signs"
            }
          ],
          "text": "vital-signs"
        },
        "code": {
          "coding": [
            {
              "system": "http://loinc.org",
              "code": "29463-7",
              "display": "Body Weight"
            }
          ],
          "text": "Body Weight"
        },
        "subject": {
          "reference": "urn:uuid:82caa894-8e86-4331-8cba-d3c6ef7bab87"
        },
        "encounter": {
          "reference": "urn:uuid:ae43e66e-60e4-49d2-8126-75febd236525"
        },
        "effectiveDateTime": "2019-05-09T05:09:40-04:00",
        "issued": "2019-05-09T05:09:40.094-04:00",
        "valueQuantity": {
          "value": 6.549853733947649,
          "unit": "kg",
          "system": "http://unitsofmeasure.org",
          "code": "kg"
        }
      },
      "request": {
        "method": "POST",
        "url": "Observation"
      }
    },
    {
      "fullUrl": "urn:uuid:0947eeb1-349e-44ed-99c8-6882bf7a93aa",
      "resource": {
        "resourceType": "Observation",
        "id": "0947eeb1-349e-44ed-99c8-6882bf7a93aa",
        "status": "final",
        "category": {
          "coding": [
            {
              "system": "http://hl7.org/fhir/observation-category",
              "code": "vital-signs",
              "display": "vital-signs"
            }
          ],
          "text": "vital-signs"
        },
        "code": {
          "coding": [
            {
              "system": "http://loinc.org",
              "code": "77606-2",
              "display": "Weight-for-length Per age and sex"
            }
          ],
          "text": "Weight-for-length Per age and sex"
        },
        "subject": {
          "reference": "urn:uuid:82caa894-8e86-4331-8cba-d3c6ef7bab87"
        },
        "encounter": {
          "reference": "urn:uuid:ae43e66e-60e4-49d2-8126-75febd236525"
        },
        "effectiveDateTime": "2019-05-09T05:09:40-04:00",
        "issued": "2019-05-09T05:09:40.094-04:00",
        "valueQuantity": {
          "value": 92.00375307094406,
          "unit": "%",
          "system": "http://unitsofmeasure.org",
          "code": "%"
        }
      },
      "request": {
        "method": "POST",
        "url": "Observation"
      }
    },
    {
      "fullUrl": "urn:uuid:8761d10a-c111-4bae-80ac-8a561af59667",
      "resource": {
        "resourceType": "Observation",
        "id": "8761d10a-c111-4bae-80ac-8a561af59667",
        "status": "final",
        "category": {
          "coding": [
            {
              "system": "http://hl7.org/fhir/observation-category",
              "code": "vital-signs",
              "display": "vital-signs"
            }
          ],
          "text": "vital-signs"
        },
        "code": {
          "coding": [
            {
              "system": "http://loinc.org",
              "code": "55284-4",
              "display": "Blood Pressure"
            }
          ],
          "text": "Blood Pressure"
        },
        "subject": {
          "reference": "urn:uuid:82caa894-8e86-4331-8cba-d3c6ef7bab87"
        },
        "encounter": {
          "reference": "urn:uuid:ae43e66e-60e4-49d2-8126-75febd236525"
        },
        "effectiveDateTime": "2019-05-09T05:09:40-04:00",
        "issued": "2019-05-09T05:09:40.094-04:00",
        "component": [
          {
            "code": {
              "coding": [
                {
                  "system": "http://loinc.org",
                  "code": "8462-4",
                  "display": "Diastolic Blood Pressure"
                }
              ],
              "text": "Diastolic Blood Pressure"
            },
            "valueQuantity": {
              "value": 74.70568739742059,
              "unit": "mm[Hg]",
              "system": "http://unitsofmeasure.org",
              "code": "mm[Hg]"
            }
          },
          {
            "code": {
              "coding": [
                {
                  "system": "http://loinc.org",
                  "code": "8480-6",
                  "display": "Systolic Blood Pressure"
                }
              ],
              "text": "Systolic Blood Pressure"
            },
            "valueQuantity": {
              "value": 113.77705465507728,
              "unit": "mm[Hg]",
              "system": "http://unitsofmeasure.org",
              "code": "mm[Hg]"
            }
          }
        ]
      },
      "request": {
        "method": "POST",
        "url": "Observation"
      }
    },
    {
      "fullUrl": "urn:uuid:61b5dd75-44cd-43ae-9163-7480b306c866",
      "resource": {
        "resourceType": "Observation",
        "id": "61b5dd75-44cd-43ae-9163-7480b306c866",
        "status": "final",
        "category": {
          "coding": [
            {
              "system": "http://hl7.org/fhir/observation-category",
              "code": "survey",
              "display": "survey"
            }
          ],
          "text": "survey"
        },
        "code": {
          "coding": [
            {
              "system": "http://loinc.org",
              "code": "72166-2",
              "display": "Tobacco smoking status NHIS"
            }
          ],
          "text": "Tobacco smoking status NHIS"
        },
        "subject": {
          "reference": "urn:uuid:82caa894-8e86-4331-8cba-d3c6ef7bab87"
        },
        "encounter": {
          "reference": "urn:uuid:ae43e66e-60e4-49d2-8126-75febd236525"
        },
        "effectiveDateTime": "2019-05-09T05:09:40-04:00",
        "issued": "2019-05-09T05:09:40.094-04:00",
        "valueCodeableConcept": {
          "coding": [
            {
              "system": "http://snomed.info/sct",
              "code": "266919005",
              "display": "Never smoker"
            }
          ],
          "text": "Never smoker"
        }
      },
      "request": {
        "method": "POST",
        "url": "Observation"
      }
    },
    {
      "fullUrl": "urn:uuid:9613d176-51fe-455e-b867-ecc289e7081b",
      "resource": {
        "resourceType": "Immunization",
        "id": "9613d176-51fe-455e-b867-ecc289e7081b",
        "status": "completed",
        "date": "2019-05-09T05:09:40-04:00",
        "vaccineCode": {
          "coding": [
            {
              "system": "http://hl7.org/fhir/sid/cvx",
              "code": "49",
              "display": "Hib (PRP-OMP)"
            }
          ],
          "text": "Hib (PRP-OMP)"
        },
        "patient": {
          "reference": "urn:uuid:82caa894-8e86-4331-8cba-d3c6ef7bab87"
        },
        "wasNotGiven": false,
        "reported": false,
        "encounter": {
          "reference": "urn:uuid:ae43e66e-60e4-49d2-8126-75febd236525"
        }
      },
      "request": {
        "method": "POST",
        "url": "Immunization"
      }
    },
    {
      "fullUrl": "urn:uuid:b3bc1437-9d56-4e4f-a2cb-250e2c8b12f3",
      "resource": {
        "resourceType": "Immunization",
        "id": "b3bc1437-9d56-4e4f-a2cb-250e2c8b12f3",
        "status": "completed",
        "date": "2019-05-09T05:09:40-04:00",
        "vaccineCode": {
          "coding": [
            {
              "system": "http://hl7.org/fhir/sid/cvx",
              "code": "119",
              "display": "rotavirus, monovalent"
            }
          ],
          "text": "rotavirus, monovalent"
        },
        "patient": {
          "reference": "urn:uuid:82caa894-8e86-4331-8cba-d3c6ef7bab87"
        },
        "wasNotGiven": false,
        "reported": false,
        "encounter": {
          "reference": "urn:uuid:ae43e66e-60e4-49d2-8126-75febd236525"
        }
      },
      "request": {
        "method": "POST",
        "url": "Immunization"
      }
    },
    {
      "fullUrl": "urn:uuid:9ba87c0c-9d31-441d-8aef-22f1facb400f",
      "resource": {
        "resourceType": "Immunization",
        "id": "9ba87c0c-9d31-441d-8aef-22f1facb400f",
        "status": "completed",
        "date": "2019-05-09T05:09:40-04:00",
        "vaccineCode": {
          "coding": [
            {
              "system": "http://hl7.org/fhir/sid/cvx",
              "code": "10",
              "display": "IPV"
            }
          ],
          "text": "IPV"
        },
        "patient": {
          "reference": "urn:uuid:82caa894-8e86-4331-8cba-d3c6ef7bab87"
        },
        "wasNotGiven": false,
        "reported": false,
        "encounter": {
          "reference": "urn:uuid:ae43e66e-60e4-49d2-8126-75febd236525"
        }
      },
      "request": {
        "method": "POST",
        "url": "Immunization"
      }
    },
    {
      "fullUrl": "urn:uuid:23bf557f-5b5c-4070-ab5b-a5e8e7abdcb6",
      "resource": {
        "resourceType": "Immunization",
        "id": "23bf557f-5b5c-4070-ab5b-a5e8e7abdcb6",
        "status": "completed",
        "date": "2019-05-09T05:09:40-04:00",
        "vaccineCode": {
          "coding": [
            {
              "system": "http://hl7.org/fhir/sid/cvx",
              "code": "20",
              "display": "DTaP"
            }
          ],
          "text": "DTaP"
        },
        "patient": {
          "reference": "urn:uuid:82caa894-8e86-4331-8cba-d3c6ef7bab87"
        },
        "wasNotGiven": false,
        "reported": false,
        "encounter": {
          "reference": "urn:uuid:ae43e66e-60e4-49d2-8126-75febd236525"
        }
      },
      "request": {
        "method": "POST",
        "url": "Immunization"
      }
    },
    {
      "fullUrl": "urn:uuid:1da70612-8de3-4dc4-b654-4776ca3c4670",
      "resource": {
        "resourceType": "Immunization",
        "id": "1da70612-8de3-4dc4-b654-4776ca3c4670",
        "status": "completed",
        "date": "2019-05-09T05:09:40-04:00",
        "vaccineCode": {
          "coding": [
            {
              "system": "http://hl7.org/fhir/sid/cvx",
              "code": "133",
              "display": "Pneumococcal conjugate PCV 13"
            }
          ],
          "text": "Pneumococcal conjugate PCV 13"
        },
        "patient": {
          "reference": "urn:uuid:82caa894-8e86-4331-8cba-d3c6ef7bab87"
        },
        "wasNotGiven": false,
        "reported": false,
        "encounter": {
          "reference": "urn:uuid:ae43e66e-60e4-49d2-8126-75febd236525"
        }
      },
      "request": {
        "method": "POST",
        "url": "Immunization"
      }
    },
    {
      "fullUrl": "urn:uuid:2a0fe475-9509-4ae5-896b-3af3d37ab077",
      "resource": {
        "resourceType": "Claim",
        "id": "2a0fe475-9509-4ae5-896b-3af3d37ab077",
        "type": "institutional",
        "organization": {
          "reference": "urn:uuid:43e1c8ac-cce2-3e8d-8752-ce9045c435cb"
        },
        "use": "complete",
        "patient": {
          "reference": "urn:uuid:82caa894-8e86-4331-8cba-d3c6ef7bab87"
        },
        "item": [
          {
            "sequence": 1,
            "type": {
              "system": "http://hl7.org/fhir/v3/ActCode",
              "code": "CSINV",
              "display": "clinical service invoice"
            },
            "service": {
              "system": "http://snomed.info/sct",
              "code": "410620009",
              "display": "Well child visit (procedure)"
            }
          },
          {
            "sequence": 2,
            "type": {
              "system": "http://hl7.org/fhir/v3/ActCode",
              "code": "CSINV",
              "display": "clinical service invoice"
            },
            "service": {
              "system": "http://hl7.org/fhir/sid/cvx",
              "code": "49",
              "display": "Hib (PRP-OMP)"
            },
            "net": {
              "value": 140.52,
              "system": "urn:iso:std:iso:4217",
              "code": "USD"
            }
          },
          {
            "sequence": 3,
            "type": {
              "system": "http://hl7.org/fhir/v3/ActCode",
              "code": "CSINV",
              "display": "clinical service invoice"
            },
            "service": {
              "system": "http://hl7.org/fhir/sid/cvx",
              "code": "119",
              "display": "rotavirus, monovalent"
            },
            "net": {
              "value": 140.52,
              "system": "urn:iso:std:iso:4217",
              "code": "USD"
            }
          },
          {
            "sequence": 4,
            "type": {
              "system": "http://hl7.org/fhir/v3/ActCode",
              "code": "CSINV",
              "display": "clinical service invoice"
            },
            "service": {
              "system": "http://hl7.org/fhir/sid/cvx",
              "code": "10",
              "display": "IPV"
            },
            "net": {
              "value": 140.52,
              "system": "urn:iso:std:iso:4217",
              "code": "USD"
            }
          },
          {
            "sequence": 5,
            "type": {
              "system": "http://hl7.org/fhir/v3/ActCode",
              "code": "CSINV",
              "display": "clinical service invoice"
            },
            "service": {
              "system": "http://hl7.org/fhir/sid/cvx",
              "code": "20",
              "display": "DTaP"
            },
            "net": {
              "value": 140.52,
              "system": "urn:iso:std:iso:4217",
              "code": "USD"
            }
          },
          {
            "sequence": 6,
            "type": {
              "system": "http://hl7.org/fhir/v3/ActCode",
              "code": "CSINV",
              "display": "clinical service invoice"
            },
            "service": {
              "system": "http://hl7.org/fhir/sid/cvx",
              "code": "133",
              "display": "Pneumococcal conjugate PCV 13"
            },
            "net": {
              "value": 140.52,
              "system": "urn:iso:std:iso:4217",
              "code": "USD"
            }
          }
        ]
      },
      "request": {
        "method": "POST",
        "url": "Claim"
      }
    },
    {
      "fullUrl": "urn:uuid:e5018c55-5291-45f9-b7dc-0e9d1f575656",
      "resource": {
        "resourceType": "Encounter",
        "id": "e5018c55-5291-45f9-b7dc-0e9d1f575656",
        "status": "finished",
        "type": [
          {
            "coding": [
              {
                "system": "http://snomed.info/sct",
                "code": "410620009",
                "display": "Well child visit (procedure)"
              }
            ],
            "text": "Well child visit (procedure)"
          }
        ],
        "patient": {
          "reference": "urn:uuid:82caa894-8e86-4331-8cba-d3c6ef7bab87"
        },
        "participant": [
          {
            "individual": {
              "reference": "urn:uuid:0000016d-3a85-4cca-0000-000000010b08"
            }
          }
        ],
        "period": {
          "start": "2019-07-11T05:09:40-04:00",
          "end": "2019-07-11T05:39:40-04:00"
        },
        "serviceProvider": {
          "reference": "urn:uuid:43e1c8ac-cce2-3e8d-8752-ce9045c435cb"
        }
      },
      "request": {
        "method": "POST",
        "url": "Encounter"
      }
    },
    {
      "fullUrl": "urn:uuid:492dd43d-c2a0-4f42-ab6b-dc844fd62396",
      "resource": {
        "resourceType": "Observation",
        "id": "492dd43d-c2a0-4f42-ab6b-dc844fd62396",
        "status": "final",
        "category": {
          "coding": [
            {
              "system": "http://hl7.org/fhir/observation-category",
              "code": "vital-signs",
              "display": "vital-signs"
            }
          ],
          "text": "vital-signs"
        },
        "code": {
          "coding": [
            {
              "system": "http://loinc.org",
              "code": "8302-2",
              "display": "Body Height"
            }
          ],
          "text": "Body Height"
        },
        "subject": {
          "reference": "urn:uuid:82caa894-8e86-4331-8cba-d3c6ef7bab87"
        },
        "encounter": {
          "reference": "urn:uuid:e5018c55-5291-45f9-b7dc-0e9d1f575656"
        },
        "effectiveDateTime": "2019-07-11T05:09:40-04:00",
        "issued": "2019-07-11T05:09:40.094-04:00",
        "valueQuantity": {
          "value": 63.24374128485757,
          "unit": "cm",
          "system": "http://unitsofmeasure.org",
          "code": "cm"
        }
      },
      "request": {
        "method": "POST",
        "url": "Observation"
      }
    },
    {
      "fullUrl": "urn:uuid:e9607d20-1f9d-4861-9333-457edf430c84",
      "resource": {
        "resourceType": "Observation",
        "id": "e9607d20-1f9d-4861-9333-457edf430c84",
        "status": "final",
        "category": {
          "coding": [
            {
              "system": "http://hl7.org/fhir/observation-category",
              "code": "vital-signs",
              "display": "vital-signs"
            }
          ],
          "text": "vital-signs"
        },
        "code": {
          "coding": [
            {
              "system": "http://loinc.org",
              "code": "72514-3",
              "display": "Pain severity - 0-10 verbal numeric rating [Score] - Reported"
            }
          ],
          "text": "Pain severity - 0-10 verbal numeric rating [Score] - Reported"
        },
        "subject": {
          "reference": "urn:uuid:82caa894-8e86-4331-8cba-d3c6ef7bab87"
        },
        "encounter": {
          "reference": "urn:uuid:e5018c55-5291-45f9-b7dc-0e9d1f575656"
        },
        "effectiveDateTime": "2019-07-11T05:09:40-04:00",
        "issued": "2019-07-11T05:09:40.094-04:00",
        "valueQuantity": {
          "value": 0.9726463544624764,
          "unit": "{score}",
          "system": "http://unitsofmeasure.org",
          "code": "{score}"
        }
      },
      "request": {
        "method": "POST",
        "url": "Observation"
      }
    },
    {
      "fullUrl": "urn:uuid:85ad08a7-9d54-48fa-80d7-b0cbad18aa86",
      "resource": {
        "resourceType": "Observation",
        "id": "85ad08a7-9d54-48fa-80d7-b0cbad18aa86",
        "status": "final",
        "category": {
          "coding": [
            {
              "system": "http://hl7.org/fhir/observation-category",
              "code": "vital-signs",
              "display": "vital-signs"
            }
          ],
          "text": "vital-signs"
        },
        "code": {
          "coding": [
            {
              "system": "http://loinc.org",
              "code": "29463-7",
              "display": "Body Weight"
            }
          ],
          "text": "Body Weight"
        },
        "subject": {
          "reference": "urn:uuid:82caa894-8e86-4331-8cba-d3c6ef7bab87"
        },
        "encounter": {
          "reference": "urn:uuid:e5018c55-5291-45f9-b7dc-0e9d1f575656"
        },
        "effectiveDateTime": "2019-07-11T05:09:40-04:00",
        "issued": "2019-07-11T05:09:40.094-04:00",
        "valueQuantity": {
          "value": 7.760277917313134,
          "unit": "kg",
          "system": "http://unitsofmeasure.org",
          "code": "kg"
        }
      },
      "request": {
        "method": "POST",
        "url": "Observation"
      }
    },
    {
      "fullUrl": "urn:uuid:1539f1fd-61bd-4712-bfa5-d64bc2a51511",
      "resource": {
        "resourceType": "Observation",
        "id": "1539f1fd-61bd-4712-bfa5-d64bc2a51511",
        "status": "final",
        "category": {
          "coding": [
            {
              "system": "http://hl7.org/fhir/observation-category",
              "code": "vital-signs",
              "display": "vital-signs"
            }
          ],
          "text": "vital-signs"
        },
        "code": {
          "coding": [
            {
              "system": "http://loinc.org",
              "code": "77606-2",
              "display": "Weight-for-length Per age and sex"
            }
          ],
          "text": "Weight-for-length Per age and sex"
        },
        "subject": {
          "reference": "urn:uuid:82caa894-8e86-4331-8cba-d3c6ef7bab87"
        },
        "encounter": {
          "reference": "urn:uuid:e5018c55-5291-45f9-b7dc-0e9d1f575656"
        },
        "effectiveDateTime": "2019-07-11T05:09:40-04:00",
        "issued": "2019-07-11T05:09:40.094-04:00",
        "valueQuantity": {
          "value": 92.9451788693134,
          "unit": "%",
          "system": "http://unitsofmeasure.org",
          "code": "%"
        }
      },
      "request": {
        "method": "POST",
        "url": "Observation"
      }
    },
    {
      "fullUrl": "urn:uuid:7122d7fc-3916-46cb-aa96-98cca94bb72a",
      "resource": {
        "resourceType": "Observation",
        "id": "7122d7fc-3916-46cb-aa96-98cca94bb72a",
        "status": "final",
        "category": {
          "coding": [
            {
              "system": "http://hl7.org/fhir/observation-category",
              "code": "vital-signs",
              "display": "vital-signs"
            }
          ],
          "text": "vital-signs"
        },
        "code": {
          "coding": [
            {
              "system": "http://loinc.org",
              "code": "55284-4",
              "display": "Blood Pressure"
            }
          ],
          "text": "Blood Pressure"
        },
        "subject": {
          "reference": "urn:uuid:82caa894-8e86-4331-8cba-d3c6ef7bab87"
        },
        "encounter": {
          "reference": "urn:uuid:e5018c55-5291-45f9-b7dc-0e9d1f575656"
        },
        "effectiveDateTime": "2019-07-11T05:09:40-04:00",
        "issued": "2019-07-11T05:09:40.094-04:00",
        "component": [
          {
            "code": {
              "coding": [
                {
                  "system": "http://loinc.org",
                  "code": "8462-4",
                  "display": "Diastolic Blood Pressure"
                }
              ],
              "text": "Diastolic Blood Pressure"
            },
            "valueQuantity": {
              "value": 85.46944723778482,
              "unit": "mm[Hg]",
              "system": "http://unitsofmeasure.org",
              "code": "mm[Hg]"
            }
          },
          {
            "code": {
              "coding": [
                {
                  "system": "http://loinc.org",
                  "code": "8480-6",
                  "display": "Systolic Blood Pressure"
                }
              ],
              "text": "Systolic Blood Pressure"
            },
            "valueQuantity": {
              "value": 124.91044356245321,
              "unit": "mm[Hg]",
              "system": "http://unitsofmeasure.org",
              "code": "mm[Hg]"
            }
          }
        ]
      },
      "request": {
        "method": "POST",
        "url": "Observation"
      }
    },
    {
      "fullUrl": "urn:uuid:1fecc22a-54e1-498a-9656-d9bb124012ef",
      "resource": {
        "resourceType": "Observation",
        "id": "1fecc22a-54e1-498a-9656-d9bb124012ef",
        "status": "final",
        "category": {
          "coding": [
            {
              "system": "http://hl7.org/fhir/observation-category",
              "code": "survey",
              "display": "survey"
            }
          ],
          "text": "survey"
        },
        "code": {
          "coding": [
            {
              "system": "http://loinc.org",
              "code": "72166-2",
              "display": "Tobacco smoking status NHIS"
            }
          ],
          "text": "Tobacco smoking status NHIS"
        },
        "subject": {
          "reference": "urn:uuid:82caa894-8e86-4331-8cba-d3c6ef7bab87"
        },
        "encounter": {
          "reference": "urn:uuid:e5018c55-5291-45f9-b7dc-0e9d1f575656"
        },
        "effectiveDateTime": "2019-07-11T05:09:40-04:00",
        "issued": "2019-07-11T05:09:40.094-04:00",
        "valueCodeableConcept": {
          "coding": [
            {
              "system": "http://snomed.info/sct",
              "code": "266919005",
              "display": "Never smoker"
            }
          ],
          "text": "Never smoker"
        }
      },
      "request": {
        "method": "POST",
        "url": "Observation"
      }
    },
    {
      "fullUrl": "urn:uuid:01509b1c-e86a-430a-b4c7-d6afdc9b5564",
      "resource": {
        "resourceType": "Procedure",
        "id": "01509b1c-e86a-430a-b4c7-d6afdc9b5564",
        "subject": {
          "reference": "urn:uuid:82caa894-8e86-4331-8cba-d3c6ef7bab87"
        },
        "status": "completed",
        "code": {
          "coding": [
            {
              "system": "http://snomed.info/sct",
              "code": "430193006",
              "display": "Medication Reconciliation (procedure)"
            }
          ],
          "text": "Medication Reconciliation (procedure)"
        },
        "performedPeriod": {
          "start": "2019-07-11T05:09:40-04:00",
          "end": "2019-07-11T05:24:40-04:00"
        },
        "encounter": {
          "reference": "urn:uuid:e5018c55-5291-45f9-b7dc-0e9d1f575656"
        }
      },
      "request": {
        "method": "POST",
        "url": "Procedure"
      }
    },
    {
      "fullUrl": "urn:uuid:a51dd749-c879-4c77-ad52-7b61f3c105b9",
      "resource": {
        "resourceType": "Immunization",
        "id": "a51dd749-c879-4c77-ad52-7b61f3c105b9",
        "status": "completed",
        "date": "2019-07-11T05:09:40-04:00",
        "vaccineCode": {
          "coding": [
            {
              "system": "http://hl7.org/fhir/sid/cvx",
              "code": "49",
              "display": "Hib (PRP-OMP)"
            }
          ],
          "text": "Hib (PRP-OMP)"
        },
        "patient": {
          "reference": "urn:uuid:82caa894-8e86-4331-8cba-d3c6ef7bab87"
        },
        "wasNotGiven": false,
        "reported": false,
        "encounter": {
          "reference": "urn:uuid:e5018c55-5291-45f9-b7dc-0e9d1f575656"
        }
      },
      "request": {
        "method": "POST",
        "url": "Immunization"
      }
    },
    {
      "fullUrl": "urn:uuid:f578f608-65f5-43d2-b4dc-c9a0ca6fb130",
      "resource": {
        "resourceType": "Immunization",
        "id": "f578f608-65f5-43d2-b4dc-c9a0ca6fb130",
        "status": "completed",
        "date": "2019-07-11T05:09:40-04:00",
        "vaccineCode": {
          "coding": [
            {
              "system": "http://hl7.org/fhir/sid/cvx",
              "code": "119",
              "display": "rotavirus, monovalent"
            }
          ],
          "text": "rotavirus, monovalent"
        },
        "patient": {
          "reference": "urn:uuid:82caa894-8e86-4331-8cba-d3c6ef7bab87"
        },
        "wasNotGiven": false,
        "reported": false,
        "encounter": {
          "reference": "urn:uuid:e5018c55-5291-45f9-b7dc-0e9d1f575656"
        }
      },
      "request": {
        "method": "POST",
        "url": "Immunization"
      }
    },
    {
      "fullUrl": "urn:uuid:4bc80bb5-d221-4711-99a7-e52dc4501c19",
      "resource": {
        "resourceType": "Immunization",
        "id": "4bc80bb5-d221-4711-99a7-e52dc4501c19",
        "status": "completed",
        "date": "2019-07-11T05:09:40-04:00",
        "vaccineCode": {
          "coding": [
            {
              "system": "http://hl7.org/fhir/sid/cvx",
              "code": "10",
              "display": "IPV"
            }
          ],
          "text": "IPV"
        },
        "patient": {
          "reference": "urn:uuid:82caa894-8e86-4331-8cba-d3c6ef7bab87"
        },
        "wasNotGiven": false,
        "reported": false,
        "encounter": {
          "reference": "urn:uuid:e5018c55-5291-45f9-b7dc-0e9d1f575656"
        }
      },
      "request": {
        "method": "POST",
        "url": "Immunization"
      }
    },
    {
      "fullUrl": "urn:uuid:30725c82-38dd-4c46-8b1e-ef18e088e893",
      "resource": {
        "resourceType": "Immunization",
        "id": "30725c82-38dd-4c46-8b1e-ef18e088e893",
        "status": "completed",
        "date": "2019-07-11T05:09:40-04:00",
        "vaccineCode": {
          "coding": [
            {
              "system": "http://hl7.org/fhir/sid/cvx",
              "code": "20",
              "display": "DTaP"
            }
          ],
          "text": "DTaP"
        },
        "patient": {
          "reference": "urn:uuid:82caa894-8e86-4331-8cba-d3c6ef7bab87"
        },
        "wasNotGiven": false,
        "reported": false,
        "encounter": {
          "reference": "urn:uuid:e5018c55-5291-45f9-b7dc-0e9d1f575656"
        }
      },
      "request": {
        "method": "POST",
        "url": "Immunization"
      }
    },
    {
      "fullUrl": "urn:uuid:4fc4babd-211f-4a7c-b034-b05c80429042",
      "resource": {
        "resourceType": "Immunization",
        "id": "4fc4babd-211f-4a7c-b034-b05c80429042",
        "status": "completed",
        "date": "2019-07-11T05:09:40-04:00",
        "vaccineCode": {
          "coding": [
            {
              "system": "http://hl7.org/fhir/sid/cvx",
              "code": "133",
              "display": "Pneumococcal conjugate PCV 13"
            }
          ],
          "text": "Pneumococcal conjugate PCV 13"
        },
        "patient": {
          "reference": "urn:uuid:82caa894-8e86-4331-8cba-d3c6ef7bab87"
        },
        "wasNotGiven": false,
        "reported": false,
        "encounter": {
          "reference": "urn:uuid:e5018c55-5291-45f9-b7dc-0e9d1f575656"
        }
      },
      "request": {
        "method": "POST",
        "url": "Immunization"
      }
    },
    {
      "fullUrl": "urn:uuid:62c5ff28-c673-4c6e-a584-96231c2bf1af",
      "resource": {
        "resourceType": "Claim",
        "id": "62c5ff28-c673-4c6e-a584-96231c2bf1af",
        "type": "institutional",
        "organization": {
          "reference": "urn:uuid:43e1c8ac-cce2-3e8d-8752-ce9045c435cb"
        },
        "use": "complete",
        "patient": {
          "reference": "urn:uuid:82caa894-8e86-4331-8cba-d3c6ef7bab87"
        },
        "item": [
          {
            "sequence": 1,
            "type": {
              "system": "http://hl7.org/fhir/v3/ActCode",
              "code": "CSINV",
              "display": "clinical service invoice"
            },
            "service": {
              "system": "http://snomed.info/sct",
              "code": "410620009",
              "display": "Well child visit (procedure)"
            }
          },
          {
            "sequence": 2,
            "type": {
              "system": "http://hl7.org/fhir/v3/ActCode",
              "code": "CSINV",
              "display": "clinical service invoice"
            },
            "service": {
              "system": "http://hl7.org/fhir/sid/cvx",
              "code": "49",
              "display": "Hib (PRP-OMP)"
            },
            "net": {
              "value": 140.52,
              "system": "urn:iso:std:iso:4217",
              "code": "USD"
            }
          },
          {
            "sequence": 3,
            "type": {
              "system": "http://hl7.org/fhir/v3/ActCode",
              "code": "CSINV",
              "display": "clinical service invoice"
            },
            "service": {
              "system": "http://hl7.org/fhir/sid/cvx",
              "code": "119",
              "display": "rotavirus, monovalent"
            },
            "net": {
              "value": 140.52,
              "system": "urn:iso:std:iso:4217",
              "code": "USD"
            }
          },
          {
            "sequence": 4,
            "type": {
              "system": "http://hl7.org/fhir/v3/ActCode",
              "code": "CSINV",
              "display": "clinical service invoice"
            },
            "service": {
              "system": "http://hl7.org/fhir/sid/cvx",
              "code": "10",
              "display": "IPV"
            },
            "net": {
              "value": 140.52,
              "system": "urn:iso:std:iso:4217",
              "code": "USD"
            }
          },
          {
            "sequence": 5,
            "type": {
              "system": "http://hl7.org/fhir/v3/ActCode",
              "code": "CSINV",
              "display": "clinical service invoice"
            },
            "service": {
              "system": "http://hl7.org/fhir/sid/cvx",
              "code": "20",
              "display": "DTaP"
            },
            "net": {
              "value": 140.52,
              "system": "urn:iso:std:iso:4217",
              "code": "USD"
            }
          },
          {
            "sequence": 6,
            "type": {
              "system": "http://hl7.org/fhir/v3/ActCode",
              "code": "CSINV",
              "display": "clinical service invoice"
            },
            "service": {
              "system": "http://hl7.org/fhir/sid/cvx",
              "code": "133",
              "display": "Pneumococcal conjugate PCV 13"
            },
            "net": {
              "value": 140.52,
              "system": "urn:iso:std:iso:4217",
              "code": "USD"
            }
          },
          {
            "sequence": 7,
            "type": {
              "system": "http://hl7.org/fhir/v3/ActCode",
              "code": "CSINV",
              "display": "clinical service invoice"
            },
            "service": {
              "system": "http://snomed.info/sct",
              "code": "430193006",
              "display": "Medication Reconciliation (procedure)"
            },
            "net": {
              "value": 407.27,
              "system": "urn:iso:std:iso:4217",
              "code": "USD"
            }
          }
        ]
      },
      "request": {
        "method": "POST",
        "url": "Claim"
      }
    }
  ]
}
