<?xml version="1.0" encoding="UTF-8"?>
<ClinicalDocument xmlns="urn:hl7-org:v3" xmlns:sdtc="urn:hl7-org:sdtc" xmlns:xsi="http://www.w3.org/2001/XMLSchema-instance" xsi:schemaLocation="urn:hl7-org:v3 http://xreg2.nist.gov:8080/hitspValidation/schema/cdar2c32/infrastructure/cda/C32_CDA.xsd">
  <realmCode code="US"/>
  <typeId root="2.16.840.1.113883.1.3" extension="POCD_HD000040"/>
  <templateId root="2.16.840.1.113883.10.20.22.1.1" extension="2015-08-01"/>
  <templateId root="2.16.840.1.113883.10.20.22.1.2" extension="2015-08-01"/>
  <id root="2.16.840.1.113883.19.5" extension="12b56e40-6ab1-b13b-a464-094c10a0d186" assigningAuthorityName="https://github.com/synthetichealth/synthea"/>
  <code code="34133-9" displayName="Summarization of episode note" codeSystem="2.16.840.1.113883.6.1" codeSystemName="LOINC"/>
  <title>C-CDA R2.1 Patient Record: Filiberto722 Wisozk929</title>
  <effectiveTime value="20251016081348"/>
  <confidentialityCode code="N"/>
  <languageCode code="en-US"/>
  <recordTarget>
    <patientRole>
      <id root="2.16.840.1.113883.19.5" extension="12b56e40-6ab1-b13b-a464-094c10a0d186" assigningAuthorityName="https://github.com/synthetichealth/synthea"/>
      <addr use="HP">
        <streetAddressLine>605 Abernathy Fort Suite 10</streetAddressLine>
        <city>Chelmsford</city>
        <state>Massachusetts</state>
        <postalCode>00000</postalCode>
      </addr>
      <telecom nullFlavor="NI"/>
      <patient>
        <name>
          <given>Filiberto722</given>
          <family>Wisozk929</family>
        </name>
        <administrativeGenderCode code="M" codeSystem="2.16.840.1.113883.5.1" codeSystemName="HL7 AdministrativeGender"/>
        <birthTime value="20250109081348"/>
        <raceCode code="2106-3" displayName="white" codeSystemName="CDC Race and Ethnicity" codeSystem="2.16.840.1.113883.6.238"/>
        <ethnicGroupCode code="2186-5" displayName="non-hispanic" codeSystemName="CDC Race and Ethnicity" codeSystem="2.16.840.1.113883.6.238"/>
        <languageCommunication>
          <languageCode code="en-US"/>
        </languageCommunication>
      </patient>
    </patientRole>
  </recordTarget>
  <author>
    <time value="20251016081348"/>
    <assignedAuthor>
      <id nullFlavor="NA"/>
      <addr nullFlavor="NA" />
      <telecom nullFlavor="NA" />
      <assignedAuthoringDevice>
        <manufacturerModelName>https://github.com/synthetichealth/synthea</manufacturerModelName>
        <softwareName>https://github.com/synthetichealth/synthea</softwareName>
      </assignedAuthoringDevice>
      <representedOrganization>
        <id nullFlavor="NA"/>
        <name>WESTFORD INTERNAL MEDICINE PC</name>
        <telecom nullFlavor="NA"/>
        <addr>
          <streetAddressLine>133 LITTLETON RD</streetAddressLine>
          <city>WESTFORD</city>
          <state>MA</state>
          <postalCode>01886</postalCode>
        </addr>
      </representedOrganization>
    </assignedAuthor>
  </author>
  <custodian>
    <assignedCustodian>
      <representedCustodianOrganization>
        <id nullFlavor="NA"/>
        <name>WESTFORD INTERNAL MEDICINE PC</name>
        <telecom nullFlavor="NA"/>
        <addr>
          <streetAddressLine>133 LITTLETON RD</streetAddressLine>
          <city>WESTFORD</city>
          <state>MA</state>
          <postalCode>01886</postalCode>
        </addr>
      </representedCustodianOrganization>
    </assignedCustodian>
  </custodian>
  <documentationOf>
    <serviceEvent classCode="PCPR">
      <effectiveTime>
        <low value="20250109081348"/>
        <high value="20251016081348"/>
      </effectiveTime>
    </serviceEvent>
  </documentationOf>
  <component>
    <structuredBody>
<component>
  <!-- Allergies: patient has no allergies -->
  <section nullFlavor="NI">
    <templateId root="2.16.840.1.113883.10.20.22.2.6.1" extension="2015-08-01"/>
    <code code="48765-2" codeSystem="2.16.840.1.113883.6.1" codeSystemName="LOINC" displayName="Allergy List"/>
    <title>Allergies</title>                
    <text>There are no current allergies at the time of this document's creation.</text>
  </section>
</component><component>
  <!-- Medications: patient has no medications -->
  <section nullFlavor="NI">
		<templateId root="2.16.840.1.113883.10.20.22.2.1.1" extension="2014-06-09"/>
    <code code="10160-0" codeSystem="2.16.840.1.113883.6.1" codeSystemName="LOINC" displayName="History of medication use"/>
    <title>Medications</title>
    <text>There are no current medications at the time of this document's creation.</text>
  </section>
</component><component>
  <!--Diagnostic Results-->
  <section>
    <templateId root="2.16.840.1.113883.10.20.22.2.3.1" extension="2015-08-01"/>
    <templateId root="2.16.840.1.113883.10.20.22.2.3.1"/>
    <!--Diagnostic Results section template-->
    <code code="30954-2" codeSystem="2.16.840.1.113883.6.1" codeSystemName="LOINC" displayName="Results"/>
    <title>Diagnostic Results</title>
<text>
  <table border="1" width="100%">
    <thead>
      <tr>
        <th>Start</th>
        <th>Stop</th>
        <th>Description</th>
        <th>Code</th>
      </tr>
    </thead>
    <tbody>
        <tr>
          <td>2025-01-09T08:13:48Z</td>
          <td></td>
          <td ID="reports-desc-1">CBC panel - Blood by Automated count</td>
          <td ID="reports-code-1">http://loinc.org 58410-2</td>
        </tr>
    </tbody>
  </table>
</text>
    <entry typeCode="DRIV">
      <organizer classCode="BATTERY" moodCode="EVN">
        <templateId root="2.16.840.1.113883.10.20.22.4.1" extension="2015-08-01"/>
        <templateId root="2.16.840.1.113883.10.20.22.4.1"/>
        <!--Result organizer template -->
        <id root="12b56e40-6ab1-b13b-89f6-7856f58dcd0e"/>
        <code code="58410-2" codeSystem="2.16.840.1.113883.6.1" codeSystemName="LOINC" displayName="CBC panel - Blood by Automated count"/>
        <statusCode code="completed"/>
        <effectiveTime>
          <low value="20250109081348"/>
          <high value="20250109081348"/>
        </effectiveTime>
        <component>
          <observation classCode="OBS" moodCode="EVN">
            <templateId root="2.16.840.1.113883.10.20.22.4.2" extension="2015-08-01"/>
            <templateId root="2.16.840.1.113883.10.20.22.4.2"/>
            <id root="12b56e40-6ab1-b13b-d5ce-91130073fbbd"/>
        <code  code="6690-2" codeSystem="2.16.840.1.113883.6.1" displayName="Leukocytes [#/volume] in Blood by Automated count">
          <originalText><reference value="#reports-desc-1"/></originalText>
        </code>
            <text>
              <reference value="#reports-desc-1"/>
            </text>
            <statusCode code="completed"/>
            <effectiveTime value="20250109081348"/>
            <value xsi:type="PQ" value="9.576380230746018" unit="10*3/uL"/>
          </observation>
        </component>
        <component>
          <observation classCode="OBS" moodCode="EVN">
            <templateId root="2.16.840.1.113883.10.20.22.4.2" extension="2015-08-01"/>
            <templateId root="2.16.840.1.113883.10.20.22.4.2"/>
            <id root="12b56e40-6ab1-b13b-63f5-219f27f20e61"/>
        <code  code="789-8" codeSystem="2.16.840.1.113883.6.1" displayName="Erythrocytes [#/volume] in Blood by Automated count">
          <originalText><reference value="#reports-desc-1"/></originalText>
        </code>
            <text>
              <reference value="#reports-desc-1"/>
            </text>
            <statusCode code="completed"/>
            <effectiveTime value="20250109081348"/>
            <value xsi:type="PQ" value="5.111662686824905" unit="10*6/uL"/>
          </observation>
        </component>
        <component>
          <observation classCode="OBS" moodCode="EVN">
            <templateId root="2.16.840.1.113883.10.20.22.4.2" extension="2015-08-01"/>
            <templateId root="2.16.840.1.113883.10.20.22.4.2"/>
            <id root="12b56e40-6ab1-b13b-4e11-657017b96b50"/>
        <code  code="718-7" codeSystem="2.16.840.1.113883.6.1" displayName="Hemoglobin [Mass/volume] in Blood">
          <originalText><reference value="#reports-desc-1"/></originalText>
        </code>
            <text>
              <reference value="#reports-desc-1"/>
            </text>
            <statusCode code="completed"/>
            <effectiveTime value="20250109081348"/>
            <value xsi:type="PQ" value="12.679694147599598" unit="g/dL"/>
          </observation>
        </component>
        <component>
          <observation classCode="OBS" moodCode="EVN">
            <templateId root="2.16.840.1.113883.10.20.22.4.2" extension="2015-08-01"/>
            <templateId root="2.16.840.1.113883.10.20.22.4.2"/>
            <id root="12b56e40-6ab1-b13b-e697-26e7a201dc49"/>
        <code  code="4544-3" codeSystem="2.16.840.1.113883.6.1" displayName="Hematocrit [Volume Fraction] of Blood by Automated count">
          <originalText><reference value="#reports-desc-1"/></originalText>
        </code>
            <text>
              <reference value="#reports-desc-1"/>
            </text>
            <statusCode code="completed"/>
            <effectiveTime value="20250109081348"/>
            <value xsi:type="PQ" value="49.05613754394571" unit="%"/>
          </observation>
        </component>
        <component>
          <observation classCode="OBS" moodCode="EVN">
            <templateId root="2.16.840.1.113883.10.20.22.4.2" extension="2015-08-01"/>
            <templateId root="2.16.840.1.113883.10.20.22.4.2"/>
            <id root="12b56e40-6ab1-b13b-85f4-6762475db5d1"/>
        <code  code="787-2" codeSystem="2.16.840.1.113883.6.1" displayName="MCV [Entitic volume] by Automated count">
          <originalText><reference value="#reports-desc-1"/></originalText>
        </code>
            <text>
              <reference value="#reports-desc-1"/>
            </text>
            <statusCode code="completed"/>
            <effectiveTime value="20250109081348"/>
            <value xsi:type="PQ" value="85.01587829858796" unit="fL"/>
          </observation>
        </component>
        <component>
          <observation classCode="OBS" moodCode="EVN">
            <templateId root="2.16.840.1.113883.10.20.22.4.2" extension="2015-08-01"/>
            <templateId root="2.16.840.1.113883.10.20.22.4.2"/>
            <id root="12b56e40-6ab1-b13b-e5d9-8f6277b51557"/>
        <code  code="785-6" codeSystem="2.16.840.1.113883.6.1" displayName="MCH [Entitic mass] by Automated count">
          <originalText><reference value="#reports-desc-1"/></originalText>
        </code>
            <text>
              <reference value="#reports-desc-1"/>
            </text>
            <statusCode code="completed"/>
            <effectiveTime value="20250109081348"/>
            <value xsi:type="PQ" value="27.82599533737428" unit="pg"/>
          </observation>
        </component>
        <component>
          <observation classCode="OBS" moodCode="EVN">
            <templateId root="2.16.840.1.113883.10.20.22.4.2" extension="2015-08-01"/>
            <templateId root="2.16.840.1.113883.10.20.22.4.2"/>
            <id root="12b56e40-6ab1-b13b-6fd7-ee0c89345d98"/>
        <code  code="786-4" codeSystem="2.16.840.1.113883.6.1" displayName="MCHC [Mass/volume] by Automated count">
          <originalText><reference value="#reports-desc-1"/></originalText>
        </code>
            <text>
              <reference value="#reports-desc-1"/>
            </text>
            <statusCode code="completed"/>
            <effectiveTime value="20250109081348"/>
            <value xsi:type="PQ" value="35.25887475762008" unit="g/dL"/>
          </observation>
        </component>
        <component>
          <observation classCode="OBS" moodCode="EVN">
            <templateId root="2.16.840.1.113883.10.20.22.4.2" extension="2015-08-01"/>
            <templateId root="2.16.840.1.113883.10.20.22.4.2"/>
            <id root="12b56e40-6ab1-b13b-1b24-3bdb7b7b9544"/>
        <code  code="21000-5" codeSystem="2.16.840.1.113883.6.1" displayName="Erythrocyte distribution width [Entitic volume] by Automated count">
          <originalText><reference value="#reports-desc-1"/></originalText>
        </code>
            <text>
              <reference value="#reports-desc-1"/>
            </text>
            <statusCode code="completed"/>
            <effectiveTime value="20250109081348"/>
            <value xsi:type="PQ" value="45.75588110866935" unit="fL"/>
          </observation>
        </component>
        <component>
          <observation classCode="OBS" moodCode="EVN">
            <templateId root="2.16.840.1.113883.10.20.22.4.2" extension="2015-08-01"/>
            <templateId root="2.16.840.1.113883.10.20.22.4.2"/>
            <id root="12b56e40-6ab1-b13b-77f2-148a02128be1"/>
        <code  code="777-3" codeSystem="2.16.840.1.113883.6.1" displayName="Platelets [#/volume] in Blood by Automated count">
          <originalText><reference value="#reports-desc-1"/></originalText>
        </code>
            <text>
              <reference value="#reports-desc-1"/>
            </text>
            <statusCode code="completed"/>
            <effectiveTime value="20250109081348"/>
            <value xsi:type="PQ" value="170.4700959691061" unit="10*3/uL"/>
          </observation>
        </component>
        <component>
          <observation classCode="OBS" moodCode="EVN">
            <templateId root="2.16.840.1.113883.10.20.22.4.2" extension="2015-08-01"/>
            <templateId root="2.16.840.1.113883.10.20.22.4.2"/>
            <id root="12b56e40-6ab1-b13b-c4b8-9c54a2ffe8f0"/>
        <code  code="32207-3" codeSystem="2.16.840.1.113883.6.1" displayName="Platelet distribution width [Entitic volume] in Blood by Automated count">
          <originalText><reference value="#reports-desc-1"/></originalText>
        </code>
            <text>
              <reference value="#reports-desc-1"/>
            </text>
            <statusCode code="completed"/>
            <effectiveTime value="20250109081348"/>
            <value xsi:type="PQ" value="295.05927358555584" unit="fL"/>
          </observation>
        </component>
        <component>
          <observation classCode="OBS" moodCode="EVN">
            <templateId root="2.16.840.1.113883.10.20.22.4.2" extension="2015-08-01"/>
            <templateId root="2.16.840.1.113883.10.20.22.4.2"/>
            <id root="12b56e40-6ab1-b13b-61ff-c466239f894d"/>
        <code  code="32623-1" codeSystem="2.16.840.1.113883.6.1" displayName="Platelet mean volume [Entitic volume] in Blood by Automated count">
          <originalText><reference value="#reports-desc-1"/></originalText>
        </code>
            <text>
              <reference value="#reports-desc-1"/>
            </text>
            <statusCode code="completed"/>
            <effectiveTime value="20250109081348"/>
            <value xsi:type="PQ" value="10.039305300894178" unit="fL"/>
          </observation>
        </component>
      </organizer>
    </entry>
  </section>
</component><component>
  <!--Problems-->
  <section>
    <templateId root="2.16.840.1.113883.10.20.22.2.5.1" extension="2015-08-01"/>
    <!--Problems section template-->
    <code code="11450-4" codeSystem="2.16.840.1.113883.6.1" codeSystemName="LOINC" displayName="Problem list"/>
    <title>Problems</title>
<text>
  <table border="1" width="100%">
    <thead>
      <tr>
        <th>Start</th>
        <th>Stop</th>
        <th>Description</th>
        <th>Code</th>
      </tr>
    </thead>
    <tbody>
        <tr>
          <td>2025-01-09T08:13:48Z</td>
          <td>2025-09-18T08:13:48Z</td>
          <td ID="conditions-desc-1">Medication review due (situation)</td>
          <td ID="conditions-code-1">http://snomed.info/sct 314529007</td>
        </tr>
    </tbody>
  </table>
</text>
    <entry typeCode="DRIV">
      <act classCode="ACT" moodCode="EVN">
        <templateId root="2.16.840.1.113883.10.20.22.4.3"/>
        <templateId root="2.16.840.1.113883.10.20.22.4.3" extension="2015-08-01"/>
        <!-- Problem act template -->
        <id root="12b56e40-6ab1-b13b-baf7-7546b937ee8b"/>
        <code nullFlavor="NA"/>
        <statusCode code="completed"/>
        <effectiveTime>
          <low value="20250109081348"/>
          <high value="20250918081348"/>
        </effectiveTime>
        <entryRelationship typeCode="SUBJ" inversionInd="false">
          <observation classCode="OBS" moodCode="EVN">
            <templateId root="2.16.840.1.113883.10.20.22.4.4"/>
            <templateId root="2.16.840.1.113883.10.20.22.4.4" extension="2015-08-01"/>
            <!--Problem observation template - NOT episode template-->
            <id root="12b56e40-6ab1-b13b-abd7-15e1a578bad1"/>
            <code code="64572001" displayName="Condition" codeSystem="2.16.840.1.113883.6.96" codeSystemName="SNOMED-CT">
              <translation code="75323-6" displayName="Condition" codeSystem="2.16.840.1.113883.6.1" codeSystemName="LOINC"/>
            </code>
            <text>
              <reference value="#conditions-desc-1"/>
            </text>
            <statusCode code="completed"/>
            <effectiveTime>
              <low value="20250109081348"/>
              <high value="20250918081348"/>
            </effectiveTime>
            <priorityCode code="8319008" codeSystem="2.16.840.1.113883.6.96" displayName="Principal diagnosis" />
        <value xsi:type="CD" code="314529007" codeSystem="2.16.840.1.113883.6.96" displayName="Medication review due (situation)">
          <originalText><reference value="#conditions-desc-1"/></originalText>
        </value>
          </observation>
        </entryRelationship>
      </act>
    </entry>
  </section>
</component>
<component>
  <!--Surgeries-->
  <section>
    <templateId root="2.16.840.1.113883.10.20.22.2.7.1" extension="2014-06-09"/>
    <!--Surgeries section template-->
    <code code="47519-4" codeSystem="2.16.840.1.113883.6.1" codeSystemName="LOINC" displayName="List of surgeries"/>
    <title>Surgeries</title>
<text>
  <table border="1" width="100%">
    <thead>
      <tr>
        <th>Start</th>
        <th>Stop</th>
        <th>Description</th>
        <th>Code</th>
      </tr>
    </thead>
    <tbody>
        <tr>
          <td>2025-09-18T08:13:48Z</td>
          <td>2025-09-18T08:28:48Z</td>
          <td ID="procedures-desc-1">Medication reconciliation (procedure)</td>
          <td ID="procedures-code-1">http://snomed.info/sct 430193006</td>
        </tr>
    </tbody>
  </table>
</text>
    <entry typeCode="DRIV">
      <procedure classCode="PROC" moodCode="EVN">
        <templateId root="2.16.840.1.113883.10.20.22.4.14"/>
        <!-- Procedure activity template -->
        <id root="12b56e40-6ab1-b13b-5ccf-2ea99ac5b2b9"/>
        <code  code="430193006" codeSystem="2.16.840.1.113883.6.96" displayName="Medication reconciliation (procedure)">
          <originalText><reference value="#procedures-desc-1"/></originalText>
        </code>
        <text>
          <reference value="#procedures-desc-1"/>
        </text>
        <statusCode code="completed"/>
        <effectiveTime value="20250918081348"/>
      </procedure>
    </entry>
  </section>
</component>
<component>
  <!--Encounters-->
  <section>
    <templateId root="2.16.840.1.113883.10.20.22.2.22" extension="2015-08-01"/> <!-- CCDA Template id -->
    <!--Encounters section template-->
    <code code="46240-8" codeSystem="2.16.840.1.113883.6.1" codeSystemName="LOINC" displayName="History of encounters"/>
    <title>Encounters</title>
<text>
  <table border="1" width="100%">
    <thead>
      <tr>
        <th>Start</th>
        <th>Stop</th>
        <th>Description</th>
        <th>Code</th>
      </tr>
    </thead>
    <tbody>
        <tr>
          <td>2025-01-09T08:13:48Z</td>
          <td>2025-01-09T08:28:48Z</td>
          <td ID="encounters-desc-1">Well child visit (procedure)</td>
          <td ID="encounters-code-1">http://snomed.info/sct 410620009</td>
        </tr>
        <tr>
          <td>2025-02-13T08:13:48Z</td>
          <td>2025-02-13T08:28:48Z</td>
          <td ID="encounters-desc-2">Well child visit (procedure)</td>
          <td ID="encounters-code-2">http://snomed.info/sct 410620009</td>
        </tr>
        <tr>
          <td>2025-04-17T08:13:48Z</td>
          <td>2025-04-17T08:28:48Z</td>
          <td ID="encounters-desc-3">Well child visit (procedure)</td>
          <td ID="encounters-code-3">http://snomed.info/sct 410620009</td>
        </tr>
        <tr>
          <td>2025-06-19T08:13:48Z</td>
          <td>2025-06-19T08:28:48Z</td>
          <td ID="encounters-desc-4">Well child visit (procedure)</td>
          <td ID="encounters-code-4">http://snomed.info/sct 410620009</td>
        </tr>
        <tr>
          <td>2025-09-18T08:13:48Z</td>
          <td>2025-09-18T08:28:48Z</td>
          <td ID="encounters-desc-5">Well child visit (procedure)</td>
          <td ID="encounters-code-5">http://snomed.info/sct 410620009</td>
        </tr>
    </tbody>
  </table>
</text>
    <entry typeCode="DRIV">
      <encounter classCode="ENC" moodCode="EVN">
		    <templateId root="2.16.840.1.113883.10.20.22.4.49"/>
        <!-- Encounter activity template -->
        <id root="12b56e40-6ab1-b13b-710b-d89c2641b34d"/>
        <code  code="410620009" codeSystem="2.16.840.1.113883.6.96" displayName="Well child visit (procedure)">
          <originalText><reference value="#encounters-desc-1"/></originalText>
        </code>
        <text>
          <reference value="#encounters-desc-1"/>
        </text>
        <effectiveTime>
          <low value="20250109081348"/>
          <high value="20250109082848"/>
        </effectiveTime>
      </encounter>
    </entry>
    <entry typeCode="DRIV">
      <encounter classCode="ENC" moodCode="EVN">
		    <templateId root="2.16.840.1.113883.10.20.22.4.49"/>
        <!-- Encounter activity template -->
        <id root="12b56e40-6ab1-b13b-cb57-dc14b704d776"/>
        <code  code="410620009" codeSystem="2.16.840.1.113883.6.96" displayName="Well child visit (procedure)">
          <originalText><reference value="#encounters-desc-2"/></originalText>
        </code>
        <text>
          <reference value="#encounters-desc-2"/>
        </text>
        <effectiveTime>
          <low value="20250213081348"/>
          <high value="20250213082848"/>
        </effectiveTime>
      </encounter>
    </entry>
    <entry typeCode="DRIV">
      <encounter classCode="ENC" moodCode="EVN">
		    <templateId root="2.16.840.1.113883.10.20.22.4.49"/>
        <!-- Encounter activity template -->
        <id root="12b56e40-6ab1-b13b-9236-5440837bfe13"/>
        <code  code="410620009" codeSystem="2.16.840.1.113883.6.96" displayName="Well child visit (procedure)">
          <originalText><reference value="#encounters-desc-3"/></originalText>
        </code>
        <text>
          <reference value="#encounters-desc-3"/>
        </text>
        <effectiveTime>
          <low value="20250417081348"/>
          <high value="20250417082848"/>
        </effectiveTime>
      </encounter>
    </entry>
    <entry typeCode="DRIV">
      <encounter classCode="ENC" moodCode="EVN">
		    <templateId root="2.16.840.1.113883.10.20.22.4.49"/>
        <!-- Encounter activity template -->
        <id root="12b56e40-6ab1-b13b-cc79-732984650cc1"/>
        <code  code="410620009" codeSystem="2.16.840.1.113883.6.96" displayName="Well child visit (procedure)">
          <originalText><reference value="#encounters-desc-4"/></originalText>
        </code>
        <text>
          <reference value="#encounters-desc-4"/>
        </text>
        <effectiveTime>
          <low value="20250619081348"/>
          <high value="20250619082848"/>
        </effectiveTime>
      </encounter>
    </entry>
    <entry typeCode="DRIV">
      <encounter classCode="ENC" moodCode="EVN">
		    <templateId root="2.16.840.1.113883.10.20.22.4.49"/>
        <!-- Encounter activity template -->
        <id root="12b56e40-6ab1-b13b-c601-6aa0e27c9edc"/>
        <code  code="410620009" codeSystem="2.16.840.1.113883.6.96" displayName="Well child visit (procedure)">
          <originalText><reference value="#encounters-desc-5"/></originalText>
        </code>
        <text>
          <reference value="#encounters-desc-5"/>
        </text>
        <effectiveTime>
          <low value="20250918081348"/>
          <high value="20250918082848"/>
        </effectiveTime>
      </encounter>
    </entry>
  </section>
</component>
<component>
  <!--Vital Signs-->
  <section>
    <templateId root="2.16.840.1.113883.10.20.22.2.4.1" extension="2015-08-01"/>
    <!--Vital Signs section template-->
    <code code="8716-3" codeSystem="2.16.840.1.113883.6.1" codeSystemName="LOINC" displayName="Vital signs"/>
    <title>Vital Signs</title>
<text>
  <table border="1" width="100%">
    <thead>
      <tr>
        <th>Start</th>
        <th>Stop</th>
        <th>Description</th>
        <th>Code</th>
        <th>Value</th>
      </tr>
    </thead>
    <tbody>
        <tr>
          <td>2025-01-09T08:13:48Z</td>
          <td></td>
          <td ID="observations-desc-1">Body Height</td>
          <td ID="observations-code-1">http://loinc.org 8302-2</td>
          <td>49.2 cm</td>
        </tr>
        <tr>
          <td>2025-01-09T08:13:48Z</td>
          <td></td>
          <td ID="observations-desc-2">Pain severity - 0-10 verbal numeric rating [Score] - Reported</td>
          <td ID="observations-code-2">http://loinc.org 72514-3</td>
          <td>1 {score}</td>
        </tr>
        <tr>
          <td>2025-01-09T08:13:48Z</td>
          <td></td>
          <td ID="observations-desc-3">Body Weight</td>
          <td ID="observations-code-3">http://loinc.org 29463-7</td>
          <td>3.2 kg</td>
        </tr>
        <tr>
          <td>2025-01-09T08:13:48Z</td>
          <td></td>
          <td ID="observations-desc-4">Weight-for-length Per age and sex</td>
          <td ID="observations-code-4">http://loinc.org 77606-2</td>
          <td>45.224732010384564 %</td>
        </tr>
        <tr>
          <td>2025-01-09T08:13:48Z</td>
          <td></td>
          <td ID="observations-desc-5">Head Occipital-frontal circumference Percentile</td>
          <td ID="observations-code-5">http://loinc.org 8289-1</td>
          <td>10.18 %</td>
        </tr>
        <tr>
          <td>2025-01-09T08:13:48Z</td>
          <td></td>
          <td ID="observations-desc-6">Head Occipital-frontal circumference</td>
          <td ID="observations-code-6">http://loinc.org 9843-4</td>
          <td>33.11 cm</td>
        </tr>
        <tr>
          <td>2025-01-09T08:13:48Z</td>
          <td></td>
          <td ID="observations-desc-7">Heart rate</td>
          <td ID="observations-code-7">http://loinc.org 8867-4</td>
          <td>74 /min</td>
        </tr>
        <tr>
          <td>2025-01-09T08:13:48Z</td>
          <td></td>
          <td ID="observations-desc-8">Respiratory rate</td>
          <td ID="observations-code-8">http://loinc.org 9279-1</td>
          <td>15 /min</td>
        </tr>
        <tr>
          <td>2025-02-13T08:13:48Z</td>
          <td></td>
          <td ID="observations-desc-9">Body Height</td>
          <td ID="observations-code-9">http://loinc.org 8302-2</td>
          <td>53.3 cm</td>
        </tr>
        <tr>
          <td>2025-02-13T08:13:48Z</td>
          <td></td>
          <td ID="observations-desc-10">Pain severity - 0-10 verbal numeric rating [Score] - Reported</td>
          <td ID="observations-code-10">http://loinc.org 72514-3</td>
          <td>2 {score}</td>
        </tr>
        <tr>
          <td>2025-02-13T08:13:48Z</td>
          <td></td>
          <td ID="observations-desc-11">Body Weight</td>
          <td ID="observations-code-11">http://loinc.org 29463-7</td>
          <td>4 kg</td>
        </tr>
        <tr>
          <td>2025-02-13T08:13:48Z</td>
          <td></td>
          <td ID="observations-desc-12">Weight-for-length Per age and sex</td>
          <td ID="observations-code-12">http://loinc.org 77606-2</td>
          <td>29.787805003368046 %</td>
        </tr>
        <tr>
          <td>2025-02-13T08:13:48Z</td>
          <td></td>
          <td ID="observations-desc-13">Head Occipital-frontal circumference Percentile</td>
          <td ID="observations-code-13">http://loinc.org 8289-1</td>
          <td>10.18 %</td>
        </tr>
        <tr>
          <td>2025-02-13T08:13:48Z</td>
          <td></td>
          <td ID="observations-desc-14">Head Occipital-frontal circumference</td>
          <td ID="observations-code-14">http://loinc.org 9843-4</td>
          <td>36.99 cm</td>
        </tr>
        <tr>
          <td>2025-02-13T08:13:48Z</td>
          <td></td>
          <td ID="observations-desc-15">Heart rate</td>
          <td ID="observations-code-15">http://loinc.org 8867-4</td>
          <td>82 /min</td>
        </tr>
        <tr>
          <td>2025-02-13T08:13:48Z</td>
          <td></td>
          <td ID="observations-desc-16">Respiratory rate</td>
          <td ID="observations-code-16">http://loinc.org 9279-1</td>
          <td>14 /min</td>
        </tr>
        <tr>
          <td>2025-04-17T08:13:48Z</td>
          <td></td>
          <td ID="observations-desc-17">Body Height</td>
          <td ID="observations-code-17">http://loinc.org 8302-2</td>
          <td>58.8 cm</td>
        </tr>
        <tr>
          <td>2025-04-17T08:13:48Z</td>
          <td></td>
          <td ID="observations-desc-18">Pain severity - 0-10 verbal numeric rating [Score] - Reported</td>
          <td ID="observations-code-18">http://loinc.org 72514-3</td>
          <td>2 {score}</td>
        </tr>
        <tr>
          <td>2025-04-17T08:13:48Z</td>
          <td></td>
          <td ID="observations-desc-19">Body Weight</td>
          <td ID="observations-code-19">http://loinc.org 29463-7</td>
          <td>5.4 kg</td>
        </tr>
        <tr>
          <td>2025-04-17T08:13:48Z</td>
          <td></td>
          <td ID="observations-desc-20">Weight-for-length Per age and sex</td>
          <td ID="observations-code-20">http://loinc.org 77606-2</td>
          <td>22.195113588117493 %</td>
        </tr>
        <tr>
          <td>2025-04-17T08:13:48Z</td>
          <td></td>
          <td ID="observations-desc-21">Head Occipital-frontal circumference Percentile</td>
          <td ID="observations-code-21">http://loinc.org 8289-1</td>
          <td>10.18 %</td>
        </tr>
        <tr>
          <td>2025-04-17T08:13:48Z</td>
          <td></td>
          <td ID="observations-desc-22">Head Occipital-frontal circumference</td>
          <td ID="observations-code-22">http://loinc.org 9843-4</td>
          <td>39.87 cm</td>
        </tr>
        <tr>
          <td>2025-04-17T08:13:48Z</td>
          <td></td>
          <td ID="observations-desc-23">Heart rate</td>
          <td ID="observations-code-23">http://loinc.org 8867-4</td>
          <td>76 /min</td>
        </tr>
        <tr>
          <td>2025-04-17T08:13:48Z</td>
          <td></td>
          <td ID="observations-desc-24">Respiratory rate</td>
          <td ID="observations-code-24">http://loinc.org 9279-1</td>
          <td>15 /min</td>
        </tr>
        <tr>
          <td>2025-06-19T08:13:48Z</td>
          <td></td>
          <td ID="observations-desc-25">Body Height</td>
          <td ID="observations-code-25">http://loinc.org 8302-2</td>
          <td>62.7 cm</td>
        </tr>
        <tr>
          <td>2025-06-19T08:13:48Z</td>
          <td></td>
          <td ID="observations-desc-26">Pain severity - 0-10 verbal numeric rating [Score] - Reported</td>
          <td ID="observations-code-26">http://loinc.org 72514-3</td>
          <td>4 {score}</td>
        </tr>
        <tr>
          <td>2025-06-19T08:13:48Z</td>
          <td></td>
          <td ID="observations-desc-27">Body Weight</td>
          <td ID="observations-code-27">http://loinc.org 29463-7</td>
          <td>6.5 kg</td>
        </tr>
        <tr>
          <td>2025-06-19T08:13:48Z</td>
          <td></td>
          <td ID="observations-desc-28">Weight-for-length Per age and sex</td>
          <td ID="observations-code-28">http://loinc.org 77606-2</td>
          <td>29.22751586715388 %</td>
        </tr>
        <tr>
          <td>2025-06-19T08:13:48Z</td>
          <td></td>
          <td ID="observations-desc-29">Head Occipital-frontal circumference Percentile</td>
          <td ID="observations-code-29">http://loinc.org 8289-1</td>
          <td>10.18 %</td>
        </tr>
        <tr>
          <td>2025-06-19T08:13:48Z</td>
          <td></td>
          <td ID="observations-desc-30">Head Occipital-frontal circumference</td>
          <td ID="observations-code-30">http://loinc.org 9843-4</td>
          <td>41.67 cm</td>
        </tr>
        <tr>
          <td>2025-06-19T08:13:48Z</td>
          <td></td>
          <td ID="observations-desc-31">Heart rate</td>
          <td ID="observations-code-31">http://loinc.org 8867-4</td>
          <td>96 /min</td>
        </tr>
        <tr>
          <td>2025-06-19T08:13:48Z</td>
          <td></td>
          <td ID="observations-desc-32">Respiratory rate</td>
          <td ID="observations-code-32">http://loinc.org 9279-1</td>
          <td>14 /min</td>
        </tr>
        <tr>
          <td>2025-09-18T08:13:48Z</td>
          <td></td>
          <td ID="observations-desc-33">Body Height</td>
          <td ID="observations-code-33">http://loinc.org 8302-2</td>
          <td>67.3 cm</td>
        </tr>
        <tr>
          <td>2025-09-18T08:13:48Z</td>
          <td></td>
          <td ID="observations-desc-34">Pain severity - 0-10 verbal numeric rating [Score] - Reported</td>
          <td ID="observations-code-34">http://loinc.org 72514-3</td>
          <td>0 {score}</td>
        </tr>
        <tr>
          <td>2025-09-18T08:13:48Z</td>
          <td></td>
          <td ID="observations-desc-35">Body Weight</td>
          <td ID="observations-code-35">http://loinc.org 29463-7</td>
          <td>7.8 kg</td>
        </tr>
        <tr>
          <td>2025-09-18T08:13:48Z</td>
          <td></td>
          <td ID="observations-desc-36">Weight-for-length Per age and sex</td>
          <td ID="observations-code-36">http://loinc.org 77606-2</td>
          <td>49.45519450436727 %</td>
        </tr>
        <tr>
          <td>2025-09-18T08:13:48Z</td>
          <td></td>
          <td ID="observations-desc-37">Head Occipital-frontal circumference Percentile</td>
          <td ID="observations-code-37">http://loinc.org 8289-1</td>
          <td>10.18 %</td>
        </tr>
        <tr>
          <td>2025-09-18T08:13:48Z</td>
          <td></td>
          <td ID="observations-desc-38">Head Occipital-frontal circumference</td>
          <td ID="observations-code-38">http://loinc.org 9843-4</td>
          <td>43.43 cm</td>
        </tr>
        <tr>
          <td>2025-09-18T08:13:48Z</td>
          <td></td>
          <td ID="observations-desc-39">Heart rate</td>
          <td ID="observations-code-39">http://loinc.org 8867-4</td>
          <td>96 /min</td>
        </tr>
        <tr>
          <td>2025-09-18T08:13:48Z</td>
          <td></td>
          <td ID="observations-desc-40">Respiratory rate</td>
          <td ID="observations-code-40">http://loinc.org 9279-1</td>
          <td>15 /min</td>
        </tr>
    </tbody>
  </table>
</text>
    <entry typeCode="DRIV">
      <organizer classCode="CLUSTER" moodCode="EVN">
        <templateId root="2.16.840.1.113883.10.20.22.4.26"/>
        <templateId root="2.16.840.1.113883.10.20.22.4.26" extension="2015-08-01"/>
        <!-- Vital signs organizer template -->
        <id root="12b56e40-6ab1-b13b-14da-a33bf7c5a0a8"/>
        <code code="46680005" codeSystem="2.16.840.1.113883.6.96" displayName="Vital signs" codeSystemName="SNOMED CT">
          <translation code="74728-7" displayName="Vital signs, weight, height, head circumference, oximetry, BMI, and BSA panel" codeSystem="2.16.840.1.113883.6.1" codeSystemName="LOINC" />
        </code>
        <statusCode code="completed"/>
        <effectiveTime value="20251016081348"/>
        <component>
          <observation classCode="OBS" moodCode="EVN">
            <templateId root="2.16.840.1.113883.10.20.22.4.27"/>
            <templateId root="2.16.840.1.113883.10.20.22.4.27" extension="2014-06-09"/>
            <!-- Result observation template -->
            <id root="12b56e40-6ab1-b13b-7076-a70e025510a9"/>
        <code  code="8302-2" codeSystem="2.16.840.1.113883.6.1" displayName="Body Height">
          <originalText><reference value="#observations-desc-1"/></originalText>
        </code>
            <text>
              <reference value="#observations-desc-1"/>
            </text>
            <statusCode code="completed"/>
            <effectiveTime value="20250109081348"/>
            <value xsi:type="PQ" value="49.2" unit="cm"/>
          </observation>
        </component>
        <component>
          <observation classCode="OBS" moodCode="EVN">
            <templateId root="2.16.840.1.113883.10.20.22.4.27"/>
            <templateId root="2.16.840.1.113883.10.20.22.4.27" extension="2014-06-09"/>
            <!-- Result observation template -->
            <id root="12b56e40-6ab1-b13b-94c3-36a57944987b"/>
        <code  code="72514-3" codeSystem="2.16.840.1.113883.6.1" displayName="Pain severity - 0-10 verbal numeric rating [Score] - Reported">
          <originalText><reference value="#observations-desc-2"/></originalText>
        </code>
            <text>
              <reference value="#observations-desc-2"/>
            </text>
            <statusCode code="completed"/>
            <effectiveTime value="20250109081348"/>
            <value xsi:type="PQ" value="1" unit="{score}"/>
          </observation>
        </component>
        <component>
          <observation classCode="OBS" moodCode="EVN">
            <templateId root="2.16.840.1.113883.10.20.22.4.27"/>
            <templateId root="2.16.840.1.113883.10.20.22.4.27" extension="2014-06-09"/>
            <!-- Result observation template -->
            <id root="12b56e40-6ab1-b13b-881b-1cd3d0c85c03"/>
        <code  code="29463-7" codeSystem="2.16.840.1.113883.6.1" displayName="Body Weight">
          <originalText><reference value="#observations-desc-3"/></originalText>
        </code>
            <text>
              <reference value="#observations-desc-3"/>
            </text>
            <statusCode code="completed"/>
            <effectiveTime value="20250109081348"/>
            <value xsi:type="PQ" value="3.2" unit="kg"/>
          </observation>
        </component>
        <component>
          <observation classCode="OBS" moodCode="EVN">
            <templateId root="2.16.840.1.113883.10.20.22.4.27"/>
            <templateId root="2.16.840.1.113883.10.20.22.4.27" extension="2014-06-09"/>
            <!-- Result observation template -->
            <id root="12b56e40-6ab1-b13b-d500-9167c1f73d5e"/>
        <code  code="77606-2" codeSystem="2.16.840.1.113883.6.1" displayName="Weight-for-length Per age and sex">
          <originalText><reference value="#observations-desc-4"/></originalText>
        </code>
            <text>
              <reference value="#observations-desc-4"/>
            </text>
            <statusCode code="completed"/>
            <effectiveTime value="20250109081348"/>
            <value xsi:type="PQ" value="45.224732010384564" unit="%"/>
          </observation>
        </component>
        <component>
          <observation classCode="OBS" moodCode="EVN">
            <templateId root="2.16.840.1.113883.10.20.22.4.27"/>
            <templateId root="2.16.840.1.113883.10.20.22.4.27" extension="2014-06-09"/>
            <!-- Result observation template -->
            <id root="12b56e40-6ab1-b13b-bb8d-9c5f394f28e1"/>
        <code  code="8289-1" codeSystem="2.16.840.1.113883.6.1" displayName="Head Occipital-frontal circumference Percentile">
          <originalText><reference value="#observations-desc-5"/></originalText>
        </code>
            <text>
              <reference value="#observations-desc-5"/>
            </text>
            <statusCode code="completed"/>
            <effectiveTime value="20250109081348"/>
            <value xsi:type="PQ" value="10.18" unit="%"/>
          </observation>
        </component>
        <component>
          <observation classCode="OBS" moodCode="EVN">
            <templateId root="2.16.840.1.113883.10.20.22.4.27"/>
            <templateId root="2.16.840.1.113883.10.20.22.4.27" extension="2014-06-09"/>
            <!-- Result observation template -->
            <id root="12b56e40-6ab1-b13b-77de-0760e9e257f8"/>
        <code  code="9843-4" codeSystem="2.16.840.1.113883.6.1" displayName="Head Occipital-frontal circumference">
          <originalText><reference value="#observations-desc-6"/></originalText>
        </code>
            <text>
              <reference value="#observations-desc-6"/>
            </text>
            <statusCode code="completed"/>
            <effectiveTime value="20250109081348"/>
            <value xsi:type="PQ" value="33.11" unit="cm"/>
          </observation>
        </component>
        <component>
          <observation classCode="OBS" moodCode="EVN">
            <templateId root="2.16.840.1.113883.10.20.22.4.27"/>
            <templateId root="2.16.840.1.113883.10.20.22.4.27" extension="2014-06-09"/>
            <!-- Result observation template -->
            <id root="12b56e40-6ab1-b13b-8103-5075650277ca"/>
        <code  code="8867-4" codeSystem="2.16.840.1.113883.6.1" displayName="Heart rate">
          <originalText><reference value="#observations-desc-7"/></originalText>
        </code>
            <text>
              <reference value="#observations-desc-7"/>
            </text>
            <statusCode code="completed"/>
            <effectiveTime value="20250109081348"/>
            <value xsi:type="PQ" value="74" unit="/min"/>
          </observation>
        </component>
        <component>
          <observation classCode="OBS" moodCode="EVN">
            <templateId root="2.16.840.1.113883.10.20.22.4.27"/>
            <templateId root="2.16.840.1.113883.10.20.22.4.27" extension="2014-06-09"/>
            <!-- Result observation template -->
            <id root="12b56e40-6ab1-b13b-a617-cb6b1dde9088"/>
        <code  code="9279-1" codeSystem="2.16.840.1.113883.6.1" displayName="Respiratory rate">
          <originalText><reference value="#observations-desc-8"/></originalText>
        </code>
            <text>
              <reference value="#observations-desc-8"/>
            </text>
            <statusCode code="completed"/>
            <effectiveTime value="20250109081348"/>
            <value xsi:type="PQ" value="15" unit="/min"/>
          </observation>
        </component>
        <component>
          <observation classCode="OBS" moodCode="EVN">
            <templateId root="2.16.840.1.113883.10.20.22.4.27"/>
            <templateId root="2.16.840.1.113883.10.20.22.4.27" extension="2014-06-09"/>
            <!-- Result observation template -->
            <id root="12b56e40-6ab1-b13b-33a7-82015f2d8781"/>
        <code  code="8302-2" codeSystem="2.16.840.1.113883.6.1" displayName="Body Height">
          <originalText><reference value="#observations-desc-9"/></originalText>
        </code>
            <text>
              <reference value="#observations-desc-9"/>
            </text>
            <statusCode code="completed"/>
            <effectiveTime value="20250213081348"/>
            <value xsi:type="PQ" value="53.3" unit="cm"/>
          </observation>
        </component>
        <component>
          <observation classCode="OBS" moodCode="EVN">
            <templateId root="2.16.840.1.113883.10.20.22.4.27"/>
            <templateId root="2.16.840.1.113883.10.20.22.4.27" extension="2014-06-09"/>
            <!-- Result observation template -->
            <id root="12b56e40-6ab1-b13b-dca1-ed5c51426f84"/>
        <code  code="72514-3" codeSystem="2.16.840.1.113883.6.1" displayName="Pain severity - 0-10 verbal numeric rating [Score] - Reported">
          <originalText><reference value="#observations-desc-10"/></originalText>
        </code>
            <text>
              <reference value="#observations-desc-10"/>
            </text>
            <statusCode code="completed"/>
            <effectiveTime value="20250213081348"/>
            <value xsi:type="PQ" value="2" unit="{score}"/>
          </observation>
        </component>
        <component>
          <observation classCode="OBS" moodCode="EVN">
            <templateId root="2.16.840.1.113883.10.20.22.4.27"/>
            <templateId root="2.16.840.1.113883.10.20.22.4.27" extension="2014-06-09"/>
            <!-- Result observation template -->
            <id root="12b56e40-6ab1-b13b-5d83-520198f8b8e5"/>
        <code  code="29463-7" codeSystem="2.16.840.1.113883.6.1" displayName="Body Weight">
          <originalText><reference value="#observations-desc-11"/></originalText>
        </code>
            <text>
              <reference value="#observations-desc-11"/>
            </text>
            <statusCode code="completed"/>
            <effectiveTime value="20250213081348"/>
            <value xsi:type="PQ" value="4" unit="kg"/>
          </observation>
        </component>
        <component>
          <observation classCode="OBS" moodCode="EVN">
            <templateId root="2.16.840.1.113883.10.20.22.4.27"/>
            <templateId root="2.16.840.1.113883.10.20.22.4.27" extension="2014-06-09"/>
            <!-- Result observation template -->
            <id root="12b56e40-6ab1-b13b-fbea-09aee28834f3"/>
        <code  code="77606-2" codeSystem="2.16.840.1.113883.6.1" displayName="Weight-for-length Per age and sex">
          <originalText><reference value="#observations-desc-12"/></originalText>
        </code>
            <text>
              <reference value="#observations-desc-12"/>
            </text>
            <statusCode code="completed"/>
            <effectiveTime value="20250213081348"/>
            <value xsi:type="PQ" value="29.787805003368046" unit="%"/>
          </observation>
        </component>
        <component>
          <observation classCode="OBS" moodCode="EVN">
            <templateId root="2.16.840.1.113883.10.20.22.4.27"/>
            <templateId root="2.16.840.1.113883.10.20.22.4.27" extension="2014-06-09"/>
            <!-- Result observation template -->
            <id root="12b56e40-6ab1-b13b-3104-f5fcda7c2481"/>
        <code  code="8289-1" codeSystem="2.16.840.1.113883.6.1" displayName="Head Occipital-frontal circumference Percentile">
          <originalText><reference value="#observations-desc-13"/></originalText>
        </code>
            <text>
              <reference value="#observations-desc-13"/>
            </text>
            <statusCode code="completed"/>
            <effectiveTime value="20250213081348"/>
            <value xsi:type="PQ" value="10.18" unit="%"/>
          </observation>
        </component>
        <component>
          <observation classCode="OBS" moodCode="EVN">
            <templateId root="2.16.840.1.113883.10.20.22.4.27"/>
            <templateId root="2.16.840.1.113883.10.20.22.4.27" extension="2014-06-09"/>
            <!-- Result observation template -->
            <id root="12b56e40-6ab1-b13b-e3a8-159fdfdf1277"/>
        <code  code="9843-4" codeSystem="2.16.840.1.113883.6.1" displayName="Head Occipital-frontal circumference">
          <originalText><reference value="#observations-desc-14"/></originalText>
        </code>
            <text>
              <reference value="#observations-desc-14"/>
            </text>
            <statusCode code="completed"/>
            <effectiveTime value="20250213081348"/>
            <value xsi:type="PQ" value="36.99" unit="cm"/>
          </observation>
        </component>
        <component>
          <observation classCode="OBS" moodCode="EVN">
            <templateId root="2.16.840.1.113883.10.20.22.4.27"/>
            <templateId root="2.16.840.1.113883.10.20.22.4.27" extension="2014-06-09"/>
            <!-- Result observation template -->
            <id root="12b56e40-6ab1-b13b-4e72-33e31d6423b0"/>
        <code  code="8867-4" codeSystem="2.16.840.1.113883.6.1" displayName="Heart rate">
          <originalText><reference value="#observations-desc-15"/></originalText>
        </code>
            <text>
              <reference value="#observations-desc-15"/>
            </text>
            <statusCode code="completed"/>
            <effectiveTime value="20250213081348"/>
            <value xsi:type="PQ" value="82" unit="/min"/>
          </observation>
        </component>
        <component>
          <observation classCode="OBS" moodCode="EVN">
            <templateId root="2.16.840.1.113883.10.20.22.4.27"/>
            <templateId root="2.16.840.1.113883.10.20.22.4.27" extension="2014-06-09"/>
            <!-- Result observation template -->
            <id root="12b56e40-6ab1-b13b-ed02-cf5550477ca4"/>
        <code  code="9279-1" codeSystem="2.16.840.1.113883.6.1" displayName="Respiratory rate">
          <originalText><reference value="#observations-desc-16"/></originalText>
        </code>
            <text>
              <reference value="#observations-desc-16"/>
            </text>
            <statusCode code="completed"/>
            <effectiveTime value="20250213081348"/>
            <value xsi:type="PQ" value="14" unit="/min"/>
          </observation>
        </component>
        <component>
          <observation classCode="OBS" moodCode="EVN">
            <templateId root="2.16.840.1.113883.10.20.22.4.27"/>
            <templateId root="2.16.840.1.113883.10.20.22.4.27" extension="2014-06-09"/>
            <!-- Result observation template -->
            <id root="12b56e40-6ab1-b13b-cb76-d76303c51ef4"/>
        <code  code="8302-2" codeSystem="2.16.840.1.113883.6.1" displayName="Body Height">
          <originalText><reference value="#observations-desc-17"/></originalText>
        </code>
            <text>
              <reference value="#observations-desc-17"/>
            </text>
            <statusCode code="completed"/>
            <effectiveTime value="20250417081348"/>
            <value xsi:type="PQ" value="58.8" unit="cm"/>
          </observation>
        </component>
        <component>
          <observation classCode="OBS" moodCode="EVN">
            <templateId root="2.16.840.1.113883.10.20.22.4.27"/>
            <templateId root="2.16.840.1.113883.10.20.22.4.27" extension="2014-06-09"/>
            <!-- Result observation template -->
            <id root="12b56e40-6ab1-b13b-934c-b9c3e423ab8f"/>
        <code  code="72514-3" codeSystem="2.16.840.1.113883.6.1" displayName="Pain severity - 0-10 verbal numeric rating [Score] - Reported">
          <originalText><reference value="#observations-desc-18"/></originalText>
        </code>
            <text>
              <reference value="#observations-desc-18"/>
            </text>
            <statusCode code="completed"/>
            <effectiveTime value="20250417081348"/>
            <value xsi:type="PQ" value="2" unit="{score}"/>
          </observation>
        </component>
        <component>
          <observation classCode="OBS" moodCode="EVN">
            <templateId root="2.16.840.1.113883.10.20.22.4.27"/>
            <templateId root="2.16.840.1.113883.10.20.22.4.27" extension="2014-06-09"/>
            <!-- Result observation template -->
            <id root="12b56e40-6ab1-b13b-95b0-8179c6df05d8"/>
        <code  code="29463-7" codeSystem="2.16.840.1.113883.6.1" displayName="Body Weight">
          <originalText><reference value="#observations-desc-19"/></originalText>
        </code>
            <text>
              <reference value="#observations-desc-19"/>
            </text>
            <statusCode code="completed"/>
            <effectiveTime value="20250417081348"/>
            <value xsi:type="PQ" value="5.4" unit="kg"/>
          </observation>
        </component>
        <component>
          <observation classCode="OBS" moodCode="EVN">
            <templateId root="2.16.840.1.113883.10.20.22.4.27"/>
            <templateId root="2.16.840.1.113883.10.20.22.4.27" extension="2014-06-09"/>
            <!-- Result observation template -->
            <id root="12b56e40-6ab1-b13b-d5da-adb32868522d"/>
        <code  code="77606-2" codeSystem="2.16.840.1.113883.6.1" displayName="Weight-for-length Per age and sex">
          <originalText><reference value="#observations-desc-20"/></originalText>
        </code>
            <text>
              <reference value="#observations-desc-20"/>
            </text>
            <statusCode code="completed"/>
            <effectiveTime value="20250417081348"/>
            <value xsi:type="PQ" value="22.195113588117493" unit="%"/>
          </observation>
        </component>
        <component>
          <observation classCode="OBS" moodCode="EVN">
            <templateId root="2.16.840.1.113883.10.20.22.4.27"/>
            <templateId root="2.16.840.1.113883.10.20.22.4.27" extension="2014-06-09"/>
            <!-- Result observation template -->
            <id root="12b56e40-6ab1-b13b-9b25-fd53e18e2351"/>
        <code  code="8289-1" codeSystem="2.16.840.1.113883.6.1" displayName="Head Occipital-frontal circumference Percentile">
          <originalText><reference value="#observations-desc-21"/></originalText>
        </code>
            <text>
              <reference value="#observations-desc-21"/>
            </text>
            <statusCode code="completed"/>
            <effectiveTime value="20250417081348"/>
            <value xsi:type="PQ" value="10.18" unit="%"/>
          </observation>
        </component>
        <component>
          <observation classCode="OBS" moodCode="EVN">
            <templateId root="2.16.840.1.113883.10.20.22.4.27"/>
            <templateId root="2.16.840.1.113883.10.20.22.4.27" extension="2014-06-09"/>
            <!-- Result observation template -->
            <id root="12b56e40-6ab1-b13b-4bbf-5d2bfd441d0a"/>
        <code  code="9843-4" codeSystem="2.16.840.1.113883.6.1" displayName="Head Occipital-frontal circumference">
          <originalText><reference value="#observations-desc-22"/></originalText>
        </code>
            <text>
              <reference value="#observations-desc-22"/>
            </text>
            <statusCode code="completed"/>
            <effectiveTime value="20250417081348"/>
            <value xsi:type="PQ" value="39.87" unit="cm"/>
          </observation>
        </component>
        <component>
          <observation classCode="OBS" moodCode="EVN">
            <templateId root="2.16.840.1.113883.10.20.22.4.27"/>
            <templateId root="2.16.840.1.113883.10.20.22.4.27" extension="2014-06-09"/>
            <!-- Result observation template -->
            <id root="12b56e40-6ab1-b13b-b8df-f6744fc9fb91"/>
        <code  code="8867-4" codeSystem="2.16.840.1.113883.6.1" displayName="Heart rate">
          <originalText><reference value="#observations-desc-23"/></originalText>
        </code>
            <text>
              <reference value="#observations-desc-23"/>
            </text>
            <statusCode code="completed"/>
            <effectiveTime value="20250417081348"/>
            <value xsi:type="PQ" value="76" unit="/min"/>
          </observation>
        </component>
        <component>
          <observation classCode="OBS" moodCode="EVN">
            <templateId root="2.16.840.1.113883.10.20.22.4.27"/>
            <templateId root="2.16.840.1.113883.10.20.22.4.27" extension="2014-06-09"/>
            <!-- Result observation template -->
            <id root="12b56e40-6ab1-b13b-648c-107d1f4c9545"/>
        <code  code="9279-1" codeSystem="2.16.840.1.113883.6.1" displayName="Respiratory rate">
          <originalText><reference value="#observations-desc-24"/></originalText>
        </code>
            <text>
              <reference value="#observations-desc-24"/>
            </text>
            <statusCode code="completed"/>
            <effectiveTime value="20250417081348"/>
            <value xsi:type="PQ" value="15" unit="/min"/>
          </observation>
        </component>
        <component>
          <observation classCode="OBS" moodCode="EVN">
            <templateId root="2.16.840.1.113883.10.20.22.4.27"/>
            <templateId root="2.16.840.1.113883.10.20.22.4.27" extension="2014-06-09"/>
            <!-- Result observation template -->
            <id root="12b56e40-6ab1-b13b-1801-ab4ec5c05d07"/>
        <code  code="8302-2" codeSystem="2.16.840.1.113883.6.1" displayName="Body Height">
          <originalText><reference value="#observations-desc-25"/></originalText>
        </code>
            <text>
              <reference value="#observations-desc-25"/>
            </text>
            <statusCode code="completed"/>
            <effectiveTime value="20250619081348"/>
            <value xsi:type="PQ" value="62.7" unit="cm"/>
          </observation>
        </component>
        <component>
          <observation classCode="OBS" moodCode="EVN">
            <templateId root="2.16.840.1.113883.10.20.22.4.27"/>
            <templateId root="2.16.840.1.113883.10.20.22.4.27" extension="2014-06-09"/>
            <!-- Result observation template -->
            <id root="12b56e40-6ab1-b13b-be86-75fb45f97283"/>
        <code  code="72514-3" codeSystem="2.16.840.1.113883.6.1" displayName="Pain severity - 0-10 verbal numeric rating [Score] - Reported">
          <originalText><reference value="#observations-desc-26"/></originalText>
        </code>
            <text>
              <reference value="#observations-desc-26"/>
            </text>
            <statusCode code="completed"/>
            <effectiveTime value="20250619081348"/>
            <value xsi:type="PQ" value="4" unit="{score}"/>
          </observation>
        </component>
        <component>
          <observation classCode="OBS" moodCode="EVN">
            <templateId root="2.16.840.1.113883.10.20.22.4.27"/>
            <templateId root="2.16.840.1.113883.10.20.22.4.27" extension="2014-06-09"/>
            <!-- Result observation template -->
            <id root="12b56e40-6ab1-b13b-e753-f7ce7ffc618d"/>
        <code  code="29463-7" codeSystem="2.16.840.1.113883.6.1" displayName="Body Weight">
          <originalText><reference value="#observations-desc-27"/></originalText>
        </code>
            <text>
              <reference value="#observations-desc-27"/>
            </text>
            <statusCode code="completed"/>
            <effectiveTime value="20250619081348"/>
            <value xsi:type="PQ" value="6.5" unit="kg"/>
          </observation>
        </component>
        <component>
          <observation classCode="OBS" moodCode="EVN">
            <templateId root="2.16.840.1.113883.10.20.22.4.27"/>
            <templateId root="2.16.840.1.113883.10.20.22.4.27" extension="2014-06-09"/>
            <!-- Result observation template -->
            <id root="12b56e40-6ab1-b13b-9c18-d2c496caefff"/>
        <code  code="77606-2" codeSystem="2.16.840.1.113883.6.1" displayName="Weight-for-length Per age and sex">
          <originalText><reference value="#observations-desc-28"/></originalText>
        </code>
            <text>
              <reference value="#observations-desc-28"/>
            </text>
            <statusCode code="completed"/>
            <effectiveTime value="20250619081348"/>
            <value xsi:type="PQ" value="29.22751586715388" unit="%"/>
          </observation>
        </component>
        <component>
          <observation classCode="OBS" moodCode="EVN">
            <templateId root="2.16.840.1.113883.10.20.22.4.27"/>
            <templateId root="2.16.840.1.113883.10.20.22.4.27" extension="2014-06-09"/>
            <!-- Result observation template -->
            <id root="12b56e40-6ab1-b13b-3105-e3bd2e37ea2a"/>
        <code  code="8289-1" codeSystem="2.16.840.1.113883.6.1" displayName="Head Occipital-frontal circumference Percentile">
          <originalText><reference value="#observations-desc-29"/></originalText>
        </code>
            <text>
              <reference value="#observations-desc-29"/>
            </text>
            <statusCode code="completed"/>
            <effectiveTime value="20250619081348"/>
            <value xsi:type="PQ" value="10.18" unit="%"/>
          </observation>
        </component>
        <component>
          <observation classCode="OBS" moodCode="EVN">
            <templateId root="2.16.840.1.113883.10.20.22.4.27"/>
            <templateId root="2.16.840.1.113883.10.20.22.4.27" extension="2014-06-09"/>
            <!-- Result observation template -->
            <id root="12b56e40-6ab1-b13b-5a20-48126e9f8015"/>
        <code  code="9843-4" codeSystem="2.16.840.1.113883.6.1" displayName="Head Occipital-frontal circumference">
          <originalText><reference value="#observations-desc-30"/></originalText>
        </code>
            <text>
              <reference value="#observations-desc-30"/>
            </text>
            <statusCode code="completed"/>
            <effectiveTime value="20250619081348"/>
            <value xsi:type="PQ" value="41.67" unit="cm"/>
          </observation>
        </component>
        <component>
          <observation classCode="OBS" moodCode="EVN">
            <templateId root="2.16.840.1.113883.10.20.22.4.27"/>
            <templateId root="2.16.840.1.113883.10.20.22.4.27" extension="2014-06-09"/>
            <!-- Result observation template -->
            <id root="12b56e40-6ab1-b13b-1c6a-b9caca8ebdbb"/>
        <code  code="8867-4" codeSystem="2.16.840.1.113883.6.1" displayName="Heart rate">
          <originalText><reference value="#observations-desc-31"/></originalText>
        </code>
            <text>
              <reference value="#observations-desc-31"/>
            </text>
            <statusCode code="completed"/>
            <effectiveTime value="20250619081348"/>
            <value xsi:type="PQ" value="96" unit="/min"/>
          </observation>
        </component>
        <component>
          <observation classCode="OBS" moodCode="EVN">
            <templateId root="2.16.840.1.113883.10.20.22.4.27"/>
            <templateId root="2.16.840.1.113883.10.20.22.4.27" extension="2014-06-09"/>
            <!-- Result observation template -->
            <id root="12b56e40-6ab1-b13b-fe24-3013d2f91fc4"/>
        <code  code="9279-1" codeSystem="2.16.840.1.113883.6.1" displayName="Respiratory rate">
          <originalText><reference value="#observations-desc-32"/></originalText>
        </code>
            <text>
              <reference value="#observations-desc-32"/>
            </text>
            <statusCode code="completed"/>
            <effectiveTime value="20250619081348"/>
            <value xsi:type="PQ" value="14" unit="/min"/>
          </observation>
        </component>
        <component>
          <observation classCode="OBS" moodCode="EVN">
            <templateId root="2.16.840.1.113883.10.20.22.4.27"/>
            <templateId root="2.16.840.1.113883.10.20.22.4.27" extension="2014-06-09"/>
            <!-- Result observation template -->
            <id root="12b56e40-6ab1-b13b-1f84-dd2e2571c5cb"/>
        <code  code="8302-2" codeSystem="2.16.840.1.113883.6.1" displayName="Body Height">
          <originalText><reference value="#observations-desc-33"/></originalText>
        </code>
            <text>
              <reference value="#observations-desc-33"/>
            </text>
            <statusCode code="completed"/>
            <effectiveTime value="20250918081348"/>
            <value xsi:type="PQ" value="67.3" unit="cm"/>
          </observation>
        </component>
        <component>
          <observation classCode="OBS" moodCode="EVN">
            <templateId root="2.16.840.1.113883.10.20.22.4.27"/>
            <templateId root="2.16.840.1.113883.10.20.22.4.27" extension="2014-06-09"/>
            <!-- Result observation template -->
            <id root="12b56e40-6ab1-b13b-d84f-2faffd145310"/>
        <code  code="72514-3" codeSystem="2.16.840.1.113883.6.1" displayName="Pain severity - 0-10 verbal numeric rating [Score] - Reported">
          <originalText><reference value="#observations-desc-34"/></originalText>
        </code>
            <text>
              <reference value="#observations-desc-34"/>
            </text>
            <statusCode code="completed"/>
            <effectiveTime value="20250918081348"/>
            <value xsi:type="PQ" value="0" unit="{score}"/>
          </observation>
        </component>
        <component>
          <observation classCode="OBS" moodCode="EVN">
            <templateId root="2.16.840.1.113883.10.20.22.4.27"/>
            <templateId root="2.16.840.1.113883.10.20.22.4.27" extension="2014-06-09"/>
            <!-- Result observation template -->
            <id root="12b56e40-6ab1-b13b-d206-9e0b0ff3c62b"/>
        <code  code="29463-7" codeSystem="2.16.840.1.113883.6.1" displayName="Body Weight">
          <originalText><reference value="#observations-desc-35"/></originalText>
        </code>
            <text>
              <reference value="#observations-desc-35"/>
            </text>
            <statusCode code="completed"/>
            <effectiveTime value="20250918081348"/>
            <value xsi:type="PQ" value="7.8" unit="kg"/>
          </observation>
        </component>
        <component>
          <observation classCode="OBS" moodCode="EVN">
            <templateId root="2.16.840.1.113883.10.20.22.4.27"/>
            <templateId root="2.16.840.1.113883.10.20.22.4.27" extension="2014-06-09"/>
            <!-- Result observation template -->
            <id root="12b56e40-6ab1-b13b-9827-fea642074f41"/>
        <code  code="77606-2" codeSystem="2.16.840.1.113883.6.1" displayName="Weight-for-length Per age and sex">
          <originalText><reference value="#observations-desc-36"/></originalText>
        </code>
            <text>
              <reference value="#observations-desc-36"/>
            </text>
            <statusCode code="completed"/>
            <effectiveTime value="20250918081348"/>
            <value xsi:type="PQ" value="49.45519450436727" unit="%"/>
          </observation>
        </component>
        <component>
          <observation classCode="OBS" moodCode="EVN">
            <templateId root="2.16.840.1.113883.10.20.22.4.27"/>
            <templateId root="2.16.840.1.113883.10.20.22.4.27" extension="2014-06-09"/>
            <!-- Result observation template -->
            <id root="12b56e40-6ab1-b13b-0d89-b9a308ee5342"/>
        <code  code="8289-1" codeSystem="2.16.840.1.113883.6.1" displayName="Head Occipital-frontal circumference Percentile">
          <originalText><reference value="#observations-desc-37"/></originalText>
        </code>
            <text>
              <reference value="#observations-desc-37"/>
            </text>
            <statusCode code="completed"/>
            <effectiveTime value="20250918081348"/>
            <value xsi:type="PQ" value="10.18" unit="%"/>
          </observation>
        </component>
        <component>
          <observation classCode="OBS" moodCode="EVN">
            <templateId root="2.16.840.1.113883.10.20.22.4.27"/>
            <templateId root="2.16.840.1.113883.10.20.22.4.27" extension="2014-06-09"/>
            <!-- Result observation template -->
            <id root="12b56e40-6ab1-b13b-75d5-0ddbfe4a0bd1"/>
        <code  code="9843-4" codeSystem="2.16.840.1.113883.6.1" displayName="Head Occipital-frontal circumference">
          <originalText><reference value="#observations-desc-38"/></originalText>
        </code>
            <text>
              <reference value="#observations-desc-38"/>
            </text>
            <statusCode code="completed"/>
            <effectiveTime value="20250918081348"/>
            <value xsi:type="PQ" value="43.43" unit="cm"/>
          </observation>
        </component>
        <component>
          <observation classCode="OBS" moodCode="EVN">
            <templateId root="2.16.840.1.113883.10.20.22.4.27"/>
            <templateId root="2.16.840.1.113883.10.20.22.4.27" extension="2014-06-09"/>
            <!-- Result observation template -->
            <id root="12b56e40-6ab1-b13b-5f92-9d57702153a6"/>
        <code  code="8867-4" codeSystem="2.16.840.1.113883.6.1" displayName="Heart rate">
          <originalText><reference value="#observations-desc-39"/></originalText>
        </code>
            <text>
              <reference value="#observations-desc-39"/>
            </text>
            <statusCode code="completed"/>
            <effectiveTime value="20250918081348"/>
            <value xsi:type="PQ" value="96" unit="/min"/>
          </observation>
        </component>
        <component>
          <observation classCode="OBS" moodCode="EVN">
            <templateId root="2.16.840.1.113883.10.20.22.4.27"/>
            <templateId root="2.16.840.1.113883.10.20.22.4.27" extension="2014-06-09"/>
            <!-- Result observation template -->
            <id root="12b56e40-6ab1-b13b-4833-5977de9c60d2"/>
        <code  code="9279-1" codeSystem="2.16.840.1.113883.6.1" displayName="Respiratory rate">
          <originalText><reference value="#observations-desc-40"/></originalText>
        </code>
            <text>
              <reference value="#observations-desc-40"/>
            </text>
            <statusCode code="completed"/>
            <effectiveTime value="20250918081348"/>
            <value xsi:type="PQ" value="15" unit="/min"/>
          </observation>
        </component>
      </organizer>
    </entry>
  </section>
</component>
<component>
  <!--Immunizations-->
  <section>
    <templateId root="2.16.840.1.113883.10.20.22.2.2" extension="2015-08-01"/>
    <!--Immunizations section template-->
    <code code="11369-6" codeSystem="2.16.840.1.113883.6.1" codeSystemName="LOINC" displayName="History of immunizations"/>
    <title>Immunizations</title>
<text>
  <table border="1" width="100%">
    <thead>
      <tr>
        <th>Start</th>
        <th>Stop</th>
        <th>Description</th>
        <th>Code</th>
      </tr>
    </thead>
    <tbody>
        <tr>
          <td>2025-01-09T08:13:48Z</td>
          <td></td>
          <td ID="immunizations-desc-1">Hep B, adolescent or pediatric</td>
          <td ID="immunizations-code-1">http://hl7.org/fhir/sid/cvx 08</td>
        </tr>
        <tr>
          <td>2025-02-13T08:13:48Z</td>
          <td></td>
          <td ID="immunizations-desc-2">Hep B, adolescent or pediatric</td>
          <td ID="immunizations-code-2">http://hl7.org/fhir/sid/cvx 08</td>
        </tr>
        <tr>
          <td>2025-04-17T08:13:48Z</td>
          <td></td>
          <td ID="immunizations-desc-3">Hib (PRP-OMP)</td>
          <td ID="immunizations-code-3">http://hl7.org/fhir/sid/cvx 49</td>
        </tr>
        <tr>
          <td>2025-04-17T08:13:48Z</td>
          <td></td>
          <td ID="immunizations-desc-4">rotavirus, monovalent</td>
          <td ID="immunizations-code-4">http://hl7.org/fhir/sid/cvx 119</td>
        </tr>
        <tr>
          <td>2025-04-17T08:13:48Z</td>
          <td></td>
          <td ID="immunizations-desc-5">IPV</td>
          <td ID="immunizations-code-5">http://hl7.org/fhir/sid/cvx 10</td>
        </tr>
        <tr>
          <td>2025-04-17T08:13:48Z</td>
          <td></td>
          <td ID="immunizations-desc-6">DTaP</td>
          <td ID="immunizations-code-6">http://hl7.org/fhir/sid/cvx 20</td>
        </tr>
        <tr>
          <td>2025-04-17T08:13:48Z</td>
          <td></td>
          <td ID="immunizations-desc-7">Pneumococcal conjugate PCV 13</td>
          <td ID="immunizations-code-7">http://hl7.org/fhir/sid/cvx 133</td>
        </tr>
        <tr>
          <td>2025-06-19T08:13:48Z</td>
          <td></td>
          <td ID="immunizations-desc-8">Hib (PRP-OMP)</td>
          <td ID="immunizations-code-8">http://hl7.org/fhir/sid/cvx 49</td>
        </tr>
        <tr>
          <td>2025-06-19T08:13:48Z</td>
          <td></td>
          <td ID="immunizations-desc-9">rotavirus, monovalent</td>
          <td ID="immunizations-code-9">http://hl7.org/fhir/sid/cvx 119</td>
        </tr>
        <tr>
          <td>2025-06-19T08:13:48Z</td>
          <td></td>
          <td ID="immunizations-desc-10">IPV</td>
          <td ID="immunizations-code-10">http://hl7.org/fhir/sid/cvx 10</td>
        </tr>
        <tr>
          <td>2025-06-19T08:13:48Z</td>
          <td></td>
          <td ID="immunizations-desc-11">DTaP</td>
          <td ID="immunizations-code-11">http://hl7.org/fhir/sid/cvx 20</td>
        </tr>
        <tr>
          <td>2025-06-19T08:13:48Z</td>
          <td></td>
          <td ID="immunizations-desc-12">Pneumococcal conjugate PCV 13</td>
          <td ID="immunizations-code-12">http://hl7.org/fhir/sid/cvx 133</td>
        </tr>
        <tr>
          <td>2025-09-18T08:13:48Z</td>
          <td></td>
          <td ID="immunizations-desc-13">IPV</td>
          <td ID="immunizations-code-13">http://hl7.org/fhir/sid/cvx 10</td>
        </tr>
        <tr>
          <td>2025-09-18T08:13:48Z</td>
          <td></td>
          <td ID="immunizations-desc-14">Influenza, seasonal, injectable, preservative free</td>
          <td ID="immunizations-code-14">http://hl7.org/fhir/sid/cvx 140</td>
        </tr>
        <tr>
          <td>2025-09-18T08:13:48Z</td>
          <td></td>
          <td ID="immunizations-desc-15">DTaP</td>
          <td ID="immunizations-code-15">http://hl7.org/fhir/sid/cvx 20</td>
        </tr>
        <tr>
          <td>2025-09-18T08:13:48Z</td>
          <td></td>
          <td ID="immunizations-desc-16">Pneumococcal conjugate PCV 13</td>
          <td ID="immunizations-code-16">http://hl7.org/fhir/sid/cvx 133</td>
        </tr>
        <tr>
          <td>2025-09-18T08:13:48Z</td>
          <td></td>
          <td ID="immunizations-desc-17">Hep B, adolescent or pediatric</td>
          <td ID="immunizations-code-17">http://hl7.org/fhir/sid/cvx 08</td>
        </tr>
    </tbody>
  </table>
</text>
    <entry typeCode="DRIV">
      <substanceAdministration classCode="SBADM" moodCode="EVN" negationInd="false">
        <templateId root="2.16.840.1.113883.10.20.22.4.52"/>
        <!-- Medication activity template -->
        <id root="12b56e40-6ab1-b13b-592f-31639003c099"/>
        <code code='IMMUNIZ' codeSystem='2.16.840.1.113883.5.4' codeSystemName='ActCode'/>
        <text>
          <reference value="#immunizations-desc-1"/>
        </text>
        <statusCode code="completed"/>
        <effectiveTime value="20250109081348"/>
        <doseQuantity nullFlavor="UNK"/>
        <consumable>
          <manufacturedProduct classCode="MANU">
            <templateId root="2.16.840.1.113883.10.20.22.4.54"/>
            <!-- Product template -->
            <manufacturedMaterial>
        <code  code="08" codeSystem="2.16.840.1.113883.12.292" displayName="Hep B, adolescent or pediatric">
          <originalText><reference value="#immunizations-desc-1"/></originalText>
        </code>
              <name>Hep B, adolescent or pediatric</name>
            </manufacturedMaterial>
          </manufacturedProduct>
        </consumable>
      </substanceAdministration>
    </entry>
    <entry typeCode="DRIV">
      <substanceAdministration classCode="SBADM" moodCode="EVN" negationInd="false">
        <templateId root="2.16.840.1.113883.10.20.22.4.52"/>
        <!-- Medication activity template -->
        <id root="12b56e40-6ab1-b13b-c96b-1788d873f74e"/>
        <code code='IMMUNIZ' codeSystem='2.16.840.1.113883.5.4' codeSystemName='ActCode'/>
        <text>
          <reference value="#immunizations-desc-2"/>
        </text>
        <statusCode code="completed"/>
        <effectiveTime value="20250213081348"/>
        <doseQuantity nullFlavor="UNK"/>
        <consumable>
          <manufacturedProduct classCode="MANU">
            <templateId root="2.16.840.1.113883.10.20.22.4.54"/>
            <!-- Product template -->
            <manufacturedMaterial>
        <code  code="08" codeSystem="2.16.840.1.113883.12.292" displayName="Hep B, adolescent or pediatric">
          <originalText><reference value="#immunizations-desc-2"/></originalText>
        </code>
              <name>Hep B, adolescent or pediatric</name>
            </manufacturedMaterial>
          </manufacturedProduct>
        </consumable>
      </substanceAdministration>
    </entry>
    <entry typeCode="DRIV">
      <substanceAdministration classCode="SBADM" moodCode="EVN" negationInd="false">
        <templateId root="2.16.840.1.113883.10.20.22.4.52"/>
        <!-- Medication activity template -->
        <id root="12b56e40-6ab1-b13b-1b6a-90301ebbf774"/>
        <code code='IMMUNIZ' codeSystem='2.16.840.1.113883.5.4' codeSystemName='ActCode'/>
        <text>
          <reference value="#immunizations-desc-3"/>
        </text>
        <statusCode code="completed"/>
        <effectiveTime value="20250417081348"/>
        <doseQuantity nullFlavor="UNK"/>
        <consumable>
          <manufacturedProduct classCode="MANU">
            <templateId root="2.16.840.1.113883.10.20.22.4.54"/>
            <!-- Product template -->
            <manufacturedMaterial>
        <code  code="49" codeSystem="2.16.840.1.113883.12.292" displayName="Hib (PRP-OMP)">
          <originalText><reference value="#immunizations-desc-3"/></originalText>
        </code>
              <name>Hib (PRP-OMP)</name>
            </manufacturedMaterial>
          </manufacturedProduct>
        </consumable>
      </substanceAdministration>
    </entry>
    <entry typeCode="DRIV">
      <substanceAdministration classCode="SBADM" moodCode="EVN" negationInd="false">
        <templateId root="2.16.840.1.113883.10.20.22.4.52"/>
        <!-- Medication activity template -->
        <id root="12b56e40-6ab1-b13b-4f96-038528b755a7"/>
        <code code='IMMUNIZ' codeSystem='2.16.840.1.113883.5.4' codeSystemName='ActCode'/>
        <text>
          <reference value="#immunizations-desc-4"/>
        </text>
        <statusCode code="completed"/>
        <effectiveTime value="20250417081348"/>
        <doseQuantity nullFlavor="UNK"/>
        <consumable>
          <manufacturedProduct classCode="MANU">
            <templateId root="2.16.840.1.113883.10.20.22.4.54"/>
            <!-- Product template -->
            <manufacturedMaterial>
        <code  code="119" codeSystem="2.16.840.1.113883.12.292" displayName="rotavirus, monovalent">
          <originalText><reference value="#immunizations-desc-4"/></originalText>
        </code>
              <name>rotavirus, monovalent</name>
            </manufacturedMaterial>
          </manufacturedProduct>
        </consumable>
      </substanceAdministration>
    </entry>
    <entry typeCode="DRIV">
      <substanceAdministration classCode="SBADM" moodCode="EVN" negationInd="false">
        <templateId root="2.16.840.1.113883.10.20.22.4.52"/>
        <!-- Medication activity template -->
        <id root="12b56e40-6ab1-b13b-8028-5891756307ee"/>
        <code code='IMMUNIZ' codeSystem='2.16.840.1.113883.5.4' codeSystemName='ActCode'/>
        <text>
          <reference value="#immunizations-desc-5"/>
        </text>
        <statusCode code="completed"/>
        <effectiveTime value="20250417081348"/>
        <doseQuantity nullFlavor="UNK"/>
        <consumable>
          <manufacturedProduct classCode="MANU">
            <templateId root="2.16.840.1.113883.10.20.22.4.54"/>
            <!-- Product template -->
            <manufacturedMaterial>
        <code  code="10" codeSystem="2.16.840.1.113883.12.292" displayName="IPV">
          <originalText><reference value="#immunizations-desc-5"/></originalText>
        </code>
              <name>IPV</name>
            </manufacturedMaterial>
          </manufacturedProduct>
        </consumable>
      </substanceAdministration>
    </entry>
    <entry typeCode="DRIV">
      <substanceAdministration classCode="SBADM" moodCode="EVN" negationInd="false">
        <templateId root="2.16.840.1.113883.10.20.22.4.52"/>
        <!-- Medication activity template -->
        <id root="12b56e40-6ab1-b13b-4ff4-0c113cd90d3c"/>
        <code code='IMMUNIZ' codeSystem='2.16.840.1.113883.5.4' codeSystemName='ActCode'/>
        <text>
          <reference value="#immunizations-desc-6"/>
        </text>
        <statusCode code="completed"/>
        <effectiveTime value="20250417081348"/>
        <doseQuantity nullFlavor="UNK"/>
        <consumable>
          <manufacturedProduct classCode="MANU">
            <templateId root="2.16.840.1.113883.10.20.22.4.54"/>
            <!-- Product template -->
            <manufacturedMaterial>
        <code  code="20" codeSystem="2.16.840.1.113883.12.292" displayName="DTaP">
          <originalText><reference value="#immunizations-desc-6"/></originalText>
        </code>
              <name>DTaP</name>
            </manufacturedMaterial>
          </manufacturedProduct>
        </consumable>
      </substanceAdministration>
    </entry>
    <entry typeCode="DRIV">
      <substanceAdministration classCode="SBADM" moodCode="EVN" negationInd="false">
        <templateId root="2.16.840.1.113883.10.20.22.4.52"/>
        <!-- Medication activity template -->
        <id root="12b56e40-6ab1-b13b-4ec8-65c377b56f18"/>
        <code code='IMMUNIZ' codeSystem='2.16.840.1.113883.5.4' codeSystemName='ActCode'/>
        <text>
          <reference value="#immunizations-desc-7"/>
        </text>
        <statusCode code="completed"/>
        <effectiveTime value="20250417081348"/>
        <doseQuantity nullFlavor="UNK"/>
        <consumable>
          <manufacturedProduct classCode="MANU">
            <templateId root="2.16.840.1.113883.10.20.22.4.54"/>
            <!-- Product template -->
            <manufacturedMaterial>
        <code  code="133" codeSystem="2.16.840.1.113883.12.292" displayName="Pneumococcal conjugate PCV 13">
          <originalText><reference value="#immunizations-desc-7"/></originalText>
        </code>
              <name>Pneumococcal conjugate PCV 13</name>
            </manufacturedMaterial>
          </manufacturedProduct>
        </consumable>
      </substanceAdministration>
    </entry>
    <entry typeCode="DRIV">
      <substanceAdministration classCode="SBADM" moodCode="EVN" negationInd="false">
        <templateId root="2.16.840.1.113883.10.20.22.4.52"/>
        <!-- Medication activity template -->
        <id root="12b56e40-6ab1-b13b-39fe-774882ef892f"/>
        <code code='IMMUNIZ' codeSystem='2.16.840.1.113883.5.4' codeSystemName='ActCode'/>
        <text>
          <reference value="#immunizations-desc-8"/>
        </text>
        <statusCode code="completed"/>
        <effectiveTime value="20250619081348"/>
        <doseQuantity nullFlavor="UNK"/>
        <consumable>
          <manufacturedProduct classCode="MANU">
            <templateId root="2.16.840.1.113883.10.20.22.4.54"/>
            <!-- Product template -->
            <manufacturedMaterial>
        <code  code="49" codeSystem="2.16.840.1.113883.12.292" displayName="Hib (PRP-OMP)">
          <originalText><reference value="#immunizations-desc-8"/></originalText>
        </code>
              <name>Hib (PRP-OMP)</name>
            </manufacturedMaterial>
          </manufacturedProduct>
        </consumable>
      </substanceAdministration>
    </entry>
    <entry typeCode="DRIV">
      <substanceAdministration classCode="SBADM" moodCode="EVN" negationInd="false">
        <templateId root="2.16.840.1.113883.10.20.22.4.52"/>
        <!-- Medication activity template -->
        <id root="12b56e40-6ab1-b13b-2b03-31dad6e1281a"/>
        <code code='IMMUNIZ' codeSystem='2.16.840.1.113883.5.4' codeSystemName='ActCode'/>
        <text>
          <reference value="#immunizations-desc-9"/>
        </text>
        <statusCode code="completed"/>
        <effectiveTime value="20250619081348"/>
        <doseQuantity nullFlavor="UNK"/>
        <consumable>
          <manufacturedProduct classCode="MANU">
            <templateId root="2.16.840.1.113883.10.20.22.4.54"/>
            <!-- Product template -->
            <manufacturedMaterial>
        <code  code="119" codeSystem="2.16.840.1.113883.12.292" displayName="rotavirus, monovalent">
          <originalText><reference value="#immunizations-desc-9"/></originalText>
        </code>
              <name>rotavirus, monovalent</name>
            </manufacturedMaterial>
          </manufacturedProduct>
        </consumable>
      </substanceAdministration>
    </entry>
    <entry typeCode="DRIV">
      <substanceAdministration classCode="SBADM" moodCode="EVN" negationInd="false">
        <templateId root="2.16.840.1.113883.10.20.22.4.52"/>
        <!-- Medication activity template -->
        <id root="12b56e40-6ab1-b13b-19de-62231eb710b1"/>
        <code code='IMMUNIZ' codeSystem='2.16.840.1.113883.5.4' codeSystemName='ActCode'/>
        <text>
          <reference value="#immunizations-desc-10"/>
        </text>
        <statusCode code="completed"/>
        <effectiveTime value="20250619081348"/>
        <doseQuantity nullFlavor="UNK"/>
        <consumable>
          <manufacturedProduct classCode="MANU">
            <templateId root="2.16.840.1.113883.10.20.22.4.54"/>
            <!-- Product template -->
            <manufacturedMaterial>
        <code  code="10" codeSystem="2.16.840.1.113883.12.292" displayName="IPV">
          <originalText><reference value="#immunizations-desc-10"/></originalText>
        </code>
              <name>IPV</name>
            </manufacturedMaterial>
          </manufacturedProduct>
        </consumable>
      </substanceAdministration>
    </entry>
    <entry typeCode="DRIV">
      <substanceAdministration classCode="SBADM" moodCode="EVN" negationInd="false">
        <templateId root="2.16.840.1.113883.10.20.22.4.52"/>
        <!-- Medication activity template -->
        <id root="12b56e40-6ab1-b13b-d999-94aa8223c125"/>
        <code code='IMMUNIZ' codeSystem='2.16.840.1.113883.5.4' codeSystemName='ActCode'/>
        <text>
          <reference value="#immunizations-desc-11"/>
        </text>
        <statusCode code="completed"/>
        <effectiveTime value="20250619081348"/>
        <doseQuantity nullFlavor="UNK"/>
        <consumable>
          <manufacturedProduct classCode="MANU">
            <templateId root="2.16.840.1.113883.10.20.22.4.54"/>
            <!-- Product template -->
            <manufacturedMaterial>
        <code  code="20" codeSystem="2.16.840.1.113883.12.292" displayName="DTaP">
          <originalText><reference value="#immunizations-desc-11"/></originalText>
        </code>
              <name>DTaP</name>
            </manufacturedMaterial>
          </manufacturedProduct>
        </consumable>
      </substanceAdministration>
    </entry>
    <entry typeCode="DRIV">
      <substanceAdministration classCode="SBADM" moodCode="EVN" negationInd="false">
        <templateId root="2.16.840.1.113883.10.20.22.4.52"/>
        <!-- Medication activity template -->
        <id root="12b56e40-6ab1-b13b-9735-bd99910923e6"/>
        <code code='IMMUNIZ' codeSystem='2.16.840.1.113883.5.4' codeSystemName='ActCode'/>
        <text>
          <reference value="#immunizations-desc-12"/>
        </text>
        <statusCode code="completed"/>
        <effectiveTime value="20250619081348"/>
        <doseQuantity nullFlavor="UNK"/>
        <consumable>
          <manufacturedProduct classCode="MANU">
            <templateId root="2.16.840.1.113883.10.20.22.4.54"/>
            <!-- Product template -->
            <manufacturedMaterial>
        <code  code="133" codeSystem="2.16.840.1.113883.12.292" displayName="Pneumococcal conjugate PCV 13">
          <originalText><reference value="#immunizations-desc-12"/></originalText>
        </code>
              <name>Pneumococcal conjugate PCV 13</name>
            </manufacturedMaterial>
          </manufacturedProduct>
        </consumable>
      </substanceAdministration>
    </entry>
    <entry typeCode="DRIV">
      <substanceAdministration classCode="SBADM" moodCode="EVN" negationInd="false">
        <templateId root="2.16.840.1.113883.10.20.22.4.52"/>
        <!-- Medication activity template -->
        <id root="12b56e40-6ab1-b13b-5f61-dcf9003a2aac"/>
        <code code='IMMUNIZ' codeSystem='2.16.840.1.113883.5.4' codeSystemName='ActCode'/>
        <text>
          <reference value="#immunizations-desc-13"/>
        </text>
        <statusCode code="completed"/>
        <effectiveTime value="20250918081348"/>
        <doseQuantity nullFlavor="UNK"/>
        <consumable>
          <manufacturedProduct classCode="MANU">
            <templateId root="2.16.840.1.113883.10.20.22.4.54"/>
            <!-- Product template -->
            <manufacturedMaterial>
        <code  code="10" codeSystem="2.16.840.1.113883.12.292" displayName="IPV">
          <originalText><reference value="#immunizations-desc-13"/></originalText>
        </code>
              <name>IPV</name>
            </manufacturedMaterial>
          </manufacturedProduct>
        </consumable>
      </substanceAdministration>
    </entry>
    <entry typeCode="DRIV">
      <substanceAdministration classCode="SBADM" moodCode="EVN" negationInd="false">
        <templateId root="2.16.840.1.113883.10.20.22.4.52"/>
        <!-- Medication activity template -->
        <id root="12b56e40-6ab1-b13b-d706-638336147d12"/>
        <code code='IMMUNIZ' codeSystem='2.16.840.1.113883.5.4' codeSystemName='ActCode'/>
        <text>
          <reference value="#immunizations-desc-14"/>
        </text>
        <statusCode code="completed"/>
        <effectiveTime value="20250918081348"/>
        <doseQuantity nullFlavor="UNK"/>
        <consumable>
          <manufacturedProduct classCode="MANU">
            <templateId root="2.16.840.1.113883.10.20.22.4.54"/>
            <!-- Product template -->
            <manufacturedMaterial>
        <code  code="140" codeSystem="2.16.840.1.113883.12.292" displayName="Influenza, seasonal, injectable, preservative free">
          <originalText><reference value="#immunizations-desc-14"/></originalText>
        </code>
              <name>Influenza, seasonal, injectable, preservative free</name>
            </manufacturedMaterial>
          </manufacturedProduct>
        </consumable>
      </substanceAdministration>
    </entry>
    <entry typeCode="DRIV">
      <substanceAdministration classCode="SBADM" moodCode="EVN" negationInd="false">
        <templateId root="2.16.840.1.113883.10.20.22.4.52"/>
        <!-- Medication activity template -->
        <id root="12b56e40-6ab1-b13b-c3b7-9ae118a09f6d"/>
        <code code='IMMUNIZ' codeSystem='2.16.840.1.113883.5.4' codeSystemName='ActCode'/>
        <text>
          <reference value="#immunizations-desc-15"/>
        </text>
        <statusCode code="completed"/>
        <effectiveTime value="20250918081348"/>
        <doseQuantity nullFlavor="UNK"/>
        <consumable>
          <manufacturedProduct classCode="MANU">
            <templateId root="2.16.840.1.113883.10.20.22.4.54"/>
            <!-- Product template -->
            <manufacturedMaterial>
        <code  code="20" codeSystem="2.16.840.1.113883.12.292" displayName="DTaP">
          <originalText><reference value="#immunizations-desc-15"/></originalText>
        </code>
              <name>DTaP</name>
            </manufacturedMaterial>
          </manufacturedProduct>
        </consumable>
      </substanceAdministration>
    </entry>
    <entry typeCode="DRIV">
      <substanceAdministration classCode="SBADM" moodCode="EVN" negationInd="false">
        <templateId root="2.16.840.1.113883.10.20.22.4.52"/>
        <!-- Medication activity template -->
        <id root="12b56e40-6ab1-b13b-4b81-b1ff2f208cab"/>
        <code code='IMMUNIZ' codeSystem='2.16.840.1.113883.5.4' codeSystemName='ActCode'/>
        <text>
          <reference value="#immunizations-desc-16"/>
        </text>
        <statusCode code="completed"/>
        <effectiveTime value="20250918081348"/>
        <doseQuantity nullFlavor="UNK"/>
        <consumable>
          <manufacturedProduct classCode="MANU">
            <templateId root="2.16.840.1.113883.10.20.22.4.54"/>
            <!-- Product template -->
            <manufacturedMaterial>
        <code  code="133" codeSystem="2.16.840.1.113883.12.292" displayName="Pneumococcal conjugate PCV 13">
          <originalText><reference value="#immunizations-desc-16"/></originalText>
        </code>
              <name>Pneumococcal conjugate PCV 13</name>
            </manufacturedMaterial>
          </manufacturedProduct>
        </consumable>
      </substanceAdministration>
    </entry>
    <entry typeCode="DRIV">
      <substanceAdministration classCode="SBADM" moodCode="EVN" negationInd="false">
        <templateId root="2.16.840.1.113883.10.20.22.4.52"/>
        <!-- Medication activity template -->
        <id root="12b56e40-6ab1-b13b-2a2a-d07f00797e69"/>
        <code code='IMMUNIZ' codeSystem='2.16.840.1.113883.5.4' codeSystemName='ActCode'/>
        <text>
          <reference value="#immunizations-desc-17"/>
        </text>
        <statusCode code="completed"/>
        <effectiveTime value="20250918081348"/>
        <doseQuantity nullFlavor="UNK"/>
        <consumable>
          <manufacturedProduct classCode="MANU">
            <templateId root="2.16.840.1.113883.10.20.22.4.54"/>
            <!-- Product template -->
            <manufacturedMaterial>
        <code  code="08" codeSystem="2.16.840.1.113883.12.292" displayName="Hep B, adolescent or pediatric">
          <originalText><reference value="#immunizations-desc-17"/></originalText>
        </code>
              <name>Hep B, adolescent or pediatric</name>
            </manufacturedMaterial>
          </manufacturedProduct>
        </consumable>
      </substanceAdministration>
    </entry>
  </section>
</component>
<component>
  <!--Social History - CCDA-->
  <section>
    <templateId root="2.16.840.1.113883.10.20.22.2.17" extension="2015-08-01"/>
    <templateId root="2.16.840.1.113883.10.20.22.2.17"/>
    <!-- Social history section template -->
    <code code="29762-2" codeSystem="2.16.840.1.113883.6.1"/>
    <title>Social History</title>
    <text>There is no current social history except smoking status.</text>
    <entry typeCode="DRIV">
      <observation classCode="OBS" moodCode="EVN">
        <templateId root="2.16.840.1.113883.10.20.22.4.78"/>
        <templateId root="2.16.840.1.113883.10.20.22.4.78" extension="2014-06-09"/>
        <!-- Smoking Status Meaningful Use template -->
        <id root="12b56e40-6ab1-b13b-53c5-b79e8dd3ee91"/>
        <code code="72166-2" codeSystem="2.16.840.1.113883.6.1" displayName="Tobacco smoking status NHIS" />
        <statusCode code="completed"/>
        <effectiveTime value="20250918081348"/>
        <value xsi:type="CD" code="266919005" displayName="Never smoked tobacco (finding)" codeSystem="2.16.840.1.113883.6.96"/>
          <author>
            <time value="20251016081348"/>
            <assignedAuthor>
              <id nullFlavor="NA"/>
              <addr nullFlavor="NA" />
              <telecom nullFlavor="NA" />
              <assignedAuthoringDevice>
                <manufacturerModelName>https://github.com/synthetichealth/synthea</manufacturerModelName>
                <softwareName>https://github.com/synthetichealth/synthea</softwareName>
              </assignedAuthoringDevice>
              <representedOrganization>
                <id nullFlavor="NA"/>
                <name>WESTFORD INTERNAL MEDICINE PC</name>
                <telecom nullFlavor="NA"/>
                <addr>
                  <streetAddressLine>133 LITTLETON RD</streetAddressLine>
                  <city>WESTFORD</city>
                  <state>MA</state>
                  <postalCode>01886</postalCode>
                </addr>
              </representedOrganization>
            </assignedAuthor>
          </author>
      </observation>
    </entry>
  </section>
</component>    </structuredBody>
  </component>
</ClinicalDocument>
