<?xml version="1.0" encoding="UTF-8"?>
<ClinicalDocument xmlns="urn:hl7-org:v3" xmlns:sdtc="urn:hl7-org:sdtc" xmlns:xsi="http://www.w3.org/2001/XMLSchema-instance" xsi:schemaLocation="urn:hl7-org:v3 http://xreg2.nist.gov:8080/hitspValidation/schema/cdar2c32/infrastructure/cda/C32_CDA.xsd">
  <realmCode code="US"/>
  <typeId root="2.16.840.1.113883.1.3" extension="POCD_HD000040"/>
  <templateId root="2.16.840.1.113883.10.20.22.1.1" extension="2015-08-01"/>
  <templateId root="2.16.840.1.113883.10.20.22.1.2" extension="2015-08-01"/>
  <id root="2.16.840.1.113883.19.5" extension="efa50159-a7e9-e464-3f4f-9098c8d2f64e" assigningAuthorityName="https://github.com/synthetichealth/synthea"/>
  <code code="34133-9" displayName="Summarization of episode note" codeSystem="2.16.840.1.113883.6.1" codeSystemName="LOINC"/>
  <title>C-CDA R2.1 Patient Record: Jada948 Heidenreich818</title>
  <effectiveTime value="20231222181920"/>
  <confidentialityCode code="N"/>
  <languageCode code="en-US"/>
  <recordTarget>
    <patientRole>
      <id root="2.16.840.1.113883.19.5" extension="efa50159-a7e9-e464-3f4f-9098c8d2f64e" assigningAuthorityName="https://github.com/synthetichealth/synthea"/>
      <addr use="HP">
        <streetAddressLine>955 Kerluke Lane</streetAddressLine>
        <city>Framingham</city>
        <state>Massachusetts</state>
        <postalCode>01702</postalCode>
      </addr>
      <telecom nullFlavor="NI"/>
      <patient>
        <name>
          <given>Jada948</given>
          <family>Heidenreich818</family>
        </name>
        <administrativeGenderCode code="F" codeSystem="2.16.840.1.113883.5.1" codeSystemName="HL7 AdministrativeGender"/>
        <birthTime value="20231013181920"/>
        <raceCode code="2106-3" displayName="white" codeSystemName="CDC Race and Ethnicity" codeSystem="2.16.840.1.113883.6.238"/>
        <ethnicGroupCode code="2186-5" displayName="non-hispanic" codeSystemName="CDC Race and Ethnicity" codeSystem="2.16.840.1.113883.6.238"/>
        <languageCommunication>
          <languageCode code="en-US"/>
        </languageCommunication>
      </patient>
    </patientRole>
  </recordTarget>
  <author>
    <time value="20231222181920"/>
    <assignedAuthor>
      <id nullFlavor="NA"/>
      <addr nullFlavor="NA" />
      <telecom nullFlavor="NA" />
      <assignedAuthoringDevice>
        <manufacturerModelName>https://github.com/synthetichealth/synthea</manufacturerModelName>
        <softwareName>https://github.com/synthetichealth/synthea</softwareName>
      </assignedAuthoringDevice>
      <representedOrganization>
        <id nullFlavor="NA"/>
        <name>EDWARD M KENNEDY COMMUNITY HEALTH CENTER INC</name>
        <telecom nullFlavor="NA"/>
        <addr>
          <streetAddressLine>354 WAVERLY ST</streetAddressLine>
          <city>FRAMINGHAM</city>
          <state>MA</state>
          <postalCode>017027079</postalCode>
        </addr>
      </representedOrganization>
    </assignedAuthor>
  </author>
  <custodian>
    <assignedCustodian>
      <representedCustodianOrganization>
        <id nullFlavor="NA"/>
        <name>EDWARD M KENNEDY COMMUNITY HEALTH CENTER INC</name>
        <telecom nullFlavor="NA"/>
        <addr>
          <streetAddressLine>354 WAVERLY ST</streetAddressLine>
          <city>FRAMINGHAM</city>
          <state>MA</state>
          <postalCode>017027079</postalCode>
        </addr>
      </representedCustodianOrganization>
    </assignedCustodian>
  </custodian>
  <documentationOf>
    <serviceEvent classCode="PCPR">
      <effectiveTime>
        <low value="20231013181920"/>
        <high value="20231222181920"/>
      </effectiveTime>
    </serviceEvent>
  </documentationOf>
  <component>
    <structuredBody>
<component>
  <!-- Allergies: patient has no allergies -->
  <section nullFlavor="NI">
    <templateId root="2.16.840.1.113883.10.20.22.2.6.1" extension="2015-08-01"/>
    <code code="48765-2" codeSystem="2.16.840.1.113883.6.1" codeSystemName="LOINC" displayName="Allergy List"/>
    <title>Allergies</title>                
    <text>There are no current allergies at the time of this document's creation.</text>
  </section>
</component><component>
  <!-- Medications: patient has no medications -->
  <section nullFlavor="NI">
		<templateId root="2.16.840.1.113883.10.20.22.2.1.1" extension="2014-06-09"/>
    <code code="10160-0" codeSystem="2.16.840.1.113883.6.1" codeSystemName="LOINC" displayName="History of medication use"/>
    <title>Medications</title>
    <text>There are no current medications at the time of this document's creation.</text>
  </section>
</component><component>
  <!--Diagnostic Results-->
  <section>
    <templateId root="2.16.840.1.113883.10.20.22.2.3.1" extension="2015-08-01"/>
    <templateId root="2.16.840.1.113883.10.20.22.2.3.1"/>
    <!--Diagnostic Results section template-->
    <code code="30954-2" codeSystem="2.16.840.1.113883.6.1" codeSystemName="LOINC" displayName="Results"/>
    <title>Diagnostic Results</title>
<text>
  <table border="1" width="100%">
    <thead>
      <tr>
        <th>Start</th>
        <th>Stop</th>
        <th>Description</th>
        <th>Code</th>
      </tr>
    </thead>
    <tbody>
        <tr>
          <td>2023-10-13T18:19:20Z</td>
          <td></td>
          <td ID="reports-desc-1">CBC panel - Blood by Automated count</td>
          <td ID="reports-code-1">http://loinc.org 58410-2</td>
        </tr>
    </tbody>
  </table>
</text>
    <entry typeCode="DRIV">
      <organizer classCode="BATTERY" moodCode="EVN">
        <templateId root="2.16.840.1.113883.10.20.22.4.1" extension="2015-08-01"/>
        <templateId root="2.16.840.1.113883.10.20.22.4.1"/>
        <!--Result organizer template -->
        <id root="839825cb-026a-e9b6-f028-942dcd21d250"/>
        <code code="58410-2" codeSystem="2.16.840.1.113883.6.1" codeSystemName="LOINC" displayName="CBC panel - Blood by Automated count"/>
        <statusCode code="completed"/>
        <effectiveTime>
          <low value="20231013181920"/>
          <high value="20231013181920"/>
        </effectiveTime>
        <component>
          <observation classCode="OBS" moodCode="EVN">
            <templateId root="2.16.840.1.113883.10.20.22.4.2" extension="2015-08-01"/>
            <templateId root="2.16.840.1.113883.10.20.22.4.2"/>
            <id root="24168b9d-c5b6-4224-53ef-031468fda73b"/>
        <code  code="6690-2" codeSystem="2.16.840.1.113883.6.1" displayName="Leukocytes [#/volume] in Blood by Automated count">
          <originalText><reference value="#reports-desc-1"/></originalText>
        </code>
            <text>
              <reference value="#reports-desc-1"/>
            </text>
            <statusCode code="completed"/>
            <effectiveTime value="20231013181920"/>
            <value xsi:type="PQ" value="5.597362085390783" unit="10*3/uL"/>
          </observation>
        </component>
        <component>
          <observation classCode="OBS" moodCode="EVN">
            <templateId root="2.16.840.1.113883.10.20.22.4.2" extension="2015-08-01"/>
            <templateId root="2.16.840.1.113883.10.20.22.4.2"/>
            <id root="5d716924-f5fe-7682-4999-84a4c615b91e"/>
        <code  code="789-8" codeSystem="2.16.840.1.113883.6.1" displayName="Erythrocytes [#/volume] in Blood by Automated count">
          <originalText><reference value="#reports-desc-1"/></originalText>
        </code>
            <text>
              <reference value="#reports-desc-1"/>
            </text>
            <statusCode code="completed"/>
            <effectiveTime value="20231013181920"/>
            <value xsi:type="PQ" value="4.704318287113221" unit="10*6/uL"/>
          </observation>
        </component>
        <component>
          <observation classCode="OBS" moodCode="EVN">
            <templateId root="2.16.840.1.113883.10.20.22.4.2" extension="2015-08-01"/>
            <templateId root="2.16.840.1.113883.10.20.22.4.2"/>
            <id root="bc4b07a3-964b-83b9-e8e9-cf831cd5ea4e"/>
        <code  code="718-7" codeSystem="2.16.840.1.113883.6.1" displayName="Hemoglobin [Mass/volume] in Blood">
          <originalText><reference value="#reports-desc-1"/></originalText>
        </code>
            <text>
              <reference value="#reports-desc-1"/>
            </text>
            <statusCode code="completed"/>
            <effectiveTime value="20231013181920"/>
            <value xsi:type="PQ" value="16.56694476077757" unit="g/dL"/>
          </observation>
        </component>
        <component>
          <observation classCode="OBS" moodCode="EVN">
            <templateId root="2.16.840.1.113883.10.20.22.4.2" extension="2015-08-01"/>
            <templateId root="2.16.840.1.113883.10.20.22.4.2"/>
            <id root="6a21f569-b049-8e33-f6cf-b635df5f72a9"/>
        <code  code="4544-3" codeSystem="2.16.840.1.113883.6.1" displayName="Hematocrit [Volume Fraction] of Blood by Automated count">
          <originalText><reference value="#reports-desc-1"/></originalText>
        </code>
            <text>
              <reference value="#reports-desc-1"/>
            </text>
            <statusCode code="completed"/>
            <effectiveTime value="20231013181920"/>
            <value xsi:type="PQ" value="43.82538833727617" unit="%"/>
          </observation>
        </component>
        <component>
          <observation classCode="OBS" moodCode="EVN">
            <templateId root="2.16.840.1.113883.10.20.22.4.2" extension="2015-08-01"/>
            <templateId root="2.16.840.1.113883.10.20.22.4.2"/>
            <id root="82f7a1d3-3b31-f19a-1d71-337014970d13"/>
        <code  code="787-2" codeSystem="2.16.840.1.113883.6.1" displayName="MCV [Entitic volume] by Automated count">
          <originalText><reference value="#reports-desc-1"/></originalText>
        </code>
            <text>
              <reference value="#reports-desc-1"/>
            </text>
            <statusCode code="completed"/>
            <effectiveTime value="20231013181920"/>
            <value xsi:type="PQ" value="84.56444081929592" unit="fL"/>
          </observation>
        </component>
        <component>
          <observation classCode="OBS" moodCode="EVN">
            <templateId root="2.16.840.1.113883.10.20.22.4.2" extension="2015-08-01"/>
            <templateId root="2.16.840.1.113883.10.20.22.4.2"/>
            <id root="c33e9895-9de1-120f-e746-256a2bc82f66"/>
        <code  code="785-6" codeSystem="2.16.840.1.113883.6.1" displayName="MCH [Entitic mass] by Automated count">
          <originalText><reference value="#reports-desc-1"/></originalText>
        </code>
            <text>
              <reference value="#reports-desc-1"/>
            </text>
            <statusCode code="completed"/>
            <effectiveTime value="20231013181920"/>
            <value xsi:type="PQ" value="27.913511394617096" unit="pg"/>
          </observation>
        </component>
        <component>
          <observation classCode="OBS" moodCode="EVN">
            <templateId root="2.16.840.1.113883.10.20.22.4.2" extension="2015-08-01"/>
            <templateId root="2.16.840.1.113883.10.20.22.4.2"/>
            <id root="d32dc56d-ebae-4a80-aa57-4939aae901f5"/>
        <code  code="786-4" codeSystem="2.16.840.1.113883.6.1" displayName="MCHC [Mass/volume] by Automated count">
          <originalText><reference value="#reports-desc-1"/></originalText>
        </code>
            <text>
              <reference value="#reports-desc-1"/>
            </text>
            <statusCode code="completed"/>
            <effectiveTime value="20231013181920"/>
            <value xsi:type="PQ" value="33.34944930880197" unit="g/dL"/>
          </observation>
        </component>
        <component>
          <observation classCode="OBS" moodCode="EVN">
            <templateId root="2.16.840.1.113883.10.20.22.4.2" extension="2015-08-01"/>
            <templateId root="2.16.840.1.113883.10.20.22.4.2"/>
            <id root="9d9165b5-3707-d767-0735-9e8ebefd21cf"/>
        <code  code="21000-5" codeSystem="2.16.840.1.113883.6.1" displayName="Erythrocyte distribution width [Entitic volume] by Automated count">
          <originalText><reference value="#reports-desc-1"/></originalText>
        </code>
            <text>
              <reference value="#reports-desc-1"/>
            </text>
            <statusCode code="completed"/>
            <effectiveTime value="20231013181920"/>
            <value xsi:type="PQ" value="42.200036919131364" unit="fL"/>
          </observation>
        </component>
        <component>
          <observation classCode="OBS" moodCode="EVN">
            <templateId root="2.16.840.1.113883.10.20.22.4.2" extension="2015-08-01"/>
            <templateId root="2.16.840.1.113883.10.20.22.4.2"/>
            <id root="a5a5dfff-4f6f-628e-b75c-d88d8344a008"/>
        <code  code="777-3" codeSystem="2.16.840.1.113883.6.1" displayName="Platelets [#/volume] in Blood by Automated count">
          <originalText><reference value="#reports-desc-1"/></originalText>
        </code>
            <text>
              <reference value="#reports-desc-1"/>
            </text>
            <statusCode code="completed"/>
            <effectiveTime value="20231013181920"/>
            <value xsi:type="PQ" value="434.9485549152677" unit="10*3/uL"/>
          </observation>
        </component>
        <component>
          <observation classCode="OBS" moodCode="EVN">
            <templateId root="2.16.840.1.113883.10.20.22.4.2" extension="2015-08-01"/>
            <templateId root="2.16.840.1.113883.10.20.22.4.2"/>
            <id root="f599b9e6-f6ea-6fae-45af-1ac5849addad"/>
        <code  code="32207-3" codeSystem="2.16.840.1.113883.6.1" displayName="Platelet distribution width [Entitic volume] in Blood by Automated count">
          <originalText><reference value="#reports-desc-1"/></originalText>
        </code>
            <text>
              <reference value="#reports-desc-1"/>
            </text>
            <statusCode code="completed"/>
            <effectiveTime value="20231013181920"/>
            <value xsi:type="PQ" value="152.61365466283073" unit="fL"/>
          </observation>
        </component>
        <component>
          <observation classCode="OBS" moodCode="EVN">
            <templateId root="2.16.840.1.113883.10.20.22.4.2" extension="2015-08-01"/>
            <templateId root="2.16.840.1.113883.10.20.22.4.2"/>
            <id root="af46e281-78dd-ab0a-0c51-0977665fa72a"/>
        <code  code="32623-1" codeSystem="2.16.840.1.113883.6.1" displayName="Platelet mean volume [Entitic volume] in Blood by Automated count">
          <originalText><reference value="#reports-desc-1"/></originalText>
        </code>
            <text>
              <reference value="#reports-desc-1"/>
            </text>
            <statusCode code="completed"/>
            <effectiveTime value="20231013181920"/>
            <value xsi:type="PQ" value="12.067711168108314" unit="fL"/>
          </observation>
        </component>
      </organizer>
    </entry>
  </section>
</component><component>
  <!--Problems-->
  <section>
    <templateId root="2.16.840.1.113883.10.20.22.2.5.1" extension="2015-08-01"/>
    <!--Problems section template-->
    <code code="11450-4" codeSystem="2.16.840.1.113883.6.1" codeSystemName="LOINC" displayName="Problem list"/>
    <title>Problems</title>
<text>
  <table border="1" width="100%">
    <thead>
      <tr>
        <th>Start</th>
        <th>Stop</th>
        <th>Description</th>
        <th>Code</th>
      </tr>
    </thead>
    <tbody>
        <tr>
          <td>2023-10-13T18:19:20Z</td>
          <td>2023-10-13T18:19:20Z</td>
          <td ID="conditions-desc-1">Medication review due (situation)</td>
          <td ID="conditions-code-1">http://snomed.info/sct 314529007</td>
        </tr>
        <tr>
          <td>2023-11-17T18:19:20Z</td>
          <td></td>
          <td ID="conditions-desc-2">Medication review due (situation)</td>
          <td ID="conditions-code-2">http://snomed.info/sct 314529007</td>
        </tr>
    </tbody>
  </table>
</text>
    <entry typeCode="DRIV">
      <act classCode="ACT" moodCode="EVN">
        <templateId root="2.16.840.1.113883.10.20.22.4.3"/>
        <templateId root="2.16.840.1.113883.10.20.22.4.3" extension="2015-08-01"/>
        <!-- Problem act template -->
        <id root="f38bdd6d-610c-9ea4-cc33-42e303e80103"/>
        <code nullFlavor="NA"/>
        <statusCode code="completed"/>
        <effectiveTime>
          <low value="20231013181920"/>
          <high value="20231013181920"/>
        </effectiveTime>
        <entryRelationship typeCode="SUBJ" inversionInd="false">
          <observation classCode="OBS" moodCode="EVN">
            <templateId root="2.16.840.1.113883.10.20.22.4.4"/>
            <templateId root="2.16.840.1.113883.10.20.22.4.4" extension="2015-08-01"/>
            <!--Problem observation template - NOT episode template-->
            <id root="fcbcafcc-eb0b-f73e-ddac-902768ea14f8"/>
            <code code="64572001" displayName="Condition" codeSystem="2.16.840.1.113883.6.96" codeSystemName="SNOMED-CT">
              <translation code="75323-6" displayName="Condition" codeSystem="2.16.840.1.113883.6.1" codeSystemName="LOINC"/>
            </code>
            <text>
              <reference value="#conditions-desc-1"/>
            </text>
            <statusCode code="completed"/>
            <effectiveTime>
              <low value="20231013181920"/>
              <high value="20231013181920"/>
            </effectiveTime>
            <priorityCode code="8319008" codeSystem="2.16.840.1.113883.6.96" displayName="Principal diagnosis" />
        <value xsi:type="CD" code="314529007" codeSystem="2.16.840.1.113883.6.96" displayName="Medication review due (situation)">
          <originalText><reference value="#conditions-desc-1"/></originalText>
        </value>
          </observation>
        </entryRelationship>
      </act>
    </entry>
    <entry typeCode="DRIV">
      <act classCode="ACT" moodCode="EVN">
        <templateId root="2.16.840.1.113883.10.20.22.4.3"/>
        <templateId root="2.16.840.1.113883.10.20.22.4.3" extension="2015-08-01"/>
        <!-- Problem act template -->
        <id root="762aa7f1-6203-c245-4e5d-2625c57e16f4"/>
        <code nullFlavor="NA"/>
        <statusCode code="active"/>
        <effectiveTime>
          <low value="20231117181920"/>
          
        </effectiveTime>
        <entryRelationship typeCode="SUBJ" inversionInd="false">
          <observation classCode="OBS" moodCode="EVN">
            <templateId root="2.16.840.1.113883.10.20.22.4.4"/>
            <templateId root="2.16.840.1.113883.10.20.22.4.4" extension="2015-08-01"/>
            <!--Problem observation template - NOT episode template-->
            <id root="12e09f16-539a-2230-36c9-8076ada1d86e"/>
            <code code="64572001" displayName="Condition" codeSystem="2.16.840.1.113883.6.96" codeSystemName="SNOMED-CT">
              <translation code="75323-6" displayName="Condition" codeSystem="2.16.840.1.113883.6.1" codeSystemName="LOINC"/>
            </code>
            <text>
              <reference value="#conditions-desc-2"/>
            </text>
            <statusCode code="completed"/>
            <effectiveTime>
              <low value="20231117181920"/>
              
            </effectiveTime>
            <priorityCode code="8319008" codeSystem="2.16.840.1.113883.6.96" displayName="Principal diagnosis" />
        <value xsi:type="CD" code="314529007" codeSystem="2.16.840.1.113883.6.96" displayName="Medication review due (situation)">
          <originalText><reference value="#conditions-desc-2"/></originalText>
        </value>
          </observation>
        </entryRelationship>
      </act>
    </entry>
  </section>
</component>
<component>
  <!--Surgeries-->
  <section>
    <templateId root="2.16.840.1.113883.10.20.22.2.7.1" extension="2014-06-09"/>
    <!--Surgeries section template-->
    <code code="47519-4" codeSystem="2.16.840.1.113883.6.1" codeSystemName="LOINC" displayName="List of surgeries"/>
    <title>Surgeries</title>
<text>
  <table border="1" width="100%">
    <thead>
      <tr>
        <th>Start</th>
        <th>Stop</th>
        <th>Description</th>
        <th>Code</th>
      </tr>
    </thead>
    <tbody>
        <tr>
          <td>2023-10-13T18:19:20Z</td>
          <td>2023-10-13T18:34:20Z</td>
          <td ID="procedures-desc-1">Medication Reconciliation (procedure)</td>
          <td ID="procedures-code-1">http://snomed.info/sct 430193006</td>
        </tr>
    </tbody>
  </table>
</text>
    <entry typeCode="DRIV">
      <procedure classCode="PROC" moodCode="EVN">
        <templateId root="2.16.840.1.113883.10.20.22.4.14"/>
        <!-- Procedure activity template -->
        <id root="9ccfb58c-ab44-9141-bcf9-a7f9f59831ac"/>
        <code  code="430193006" codeSystem="2.16.840.1.113883.6.96" displayName="Medication Reconciliation (procedure)">
          <originalText><reference value="#procedures-desc-1"/></originalText>
        </code>
        <text>
          <reference value="#procedures-desc-1"/>
        </text>
        <statusCode code="completed"/>
        <effectiveTime value="20231013181920"/>
      </procedure>
    </entry>
  </section>
</component>
<component>
  <!--Encounters-->
  <section>
    <templateId root="2.16.840.1.113883.10.20.22.2.22" extension="2015-08-01"/> <!-- CCDA Template id -->
    <!--Encounters section template-->
    <code code="46240-8" codeSystem="2.16.840.1.113883.6.1" codeSystemName="LOINC" displayName="History of encounters"/>
    <title>Encounters</title>
<text>
  <table border="1" width="100%">
    <thead>
      <tr>
        <th>Start</th>
        <th>Stop</th>
        <th>Description</th>
        <th>Code</th>
      </tr>
    </thead>
    <tbody>
        <tr>
          <td>2023-10-13T18:19:20Z</td>
          <td>2023-10-13T18:34:20Z</td>
          <td ID="encounters-desc-1">Well child visit (procedure)</td>
          <td ID="encounters-code-1">http://snomed.info/sct 410620009</td>
        </tr>
        <tr>
          <td>2023-11-17T18:19:20Z</td>
          <td>2023-11-17T18:34:20Z</td>
          <td ID="encounters-desc-2">Well child visit (procedure)</td>
          <td ID="encounters-code-2">http://snomed.info/sct 410620009</td>
        </tr>
    </tbody>
  </table>
</text>
    <entry typeCode="DRIV">
      <encounter classCode="ENC" moodCode="EVN">
		    <templateId root="2.16.840.1.113883.10.20.22.4.49"/>
        <!-- Encounter activity template -->
        <id root="64d5c59e-fe21-a032-0795-61ec49d82112"/>
        <code  code="410620009" codeSystem="2.16.840.1.113883.6.96" displayName="Well child visit (procedure)">
          <originalText><reference value="#encounters-desc-1"/></originalText>
        </code>
        <text>
          <reference value="#encounters-desc-1"/>
        </text>
        <effectiveTime>
          <low value="20231013181920"/>
          <high value="20231013183420"/>
        </effectiveTime>
      </encounter>
    </entry>
    <entry typeCode="DRIV">
      <encounter classCode="ENC" moodCode="EVN">
		    <templateId root="2.16.840.1.113883.10.20.22.4.49"/>
        <!-- Encounter activity template -->
        <id root="223eabda-74f9-6c6b-bfc8-2fe17ac1c4f7"/>
        <code  code="410620009" codeSystem="2.16.840.1.113883.6.96" displayName="Well child visit (procedure)">
          <originalText><reference value="#encounters-desc-2"/></originalText>
        </code>
        <text>
          <reference value="#encounters-desc-2"/>
        </text>
        <effectiveTime>
          <low value="20231117181920"/>
          <high value="20231117183420"/>
        </effectiveTime>
      </encounter>
    </entry>
  </section>
</component>
<component>
  <!--Vital Signs-->
  <section>
    <templateId root="2.16.840.1.113883.10.20.22.2.4.1" extension="2015-08-01"/>
    <!--Vital Signs section template-->
    <code code="8716-3" codeSystem="2.16.840.1.113883.6.1" codeSystemName="LOINC" displayName="Vital signs"/>
    <title>Vital Signs</title>
<text>
  <table border="1" width="100%">
    <thead>
      <tr>
        <th>Start</th>
        <th>Stop</th>
        <th>Description</th>
        <th>Code</th>
        <th>Value</th>
      </tr>
    </thead>
    <tbody>
        <tr>
          <td>2023-10-13T18:19:20Z</td>
          <td></td>
          <td ID="observations-desc-1">Body Height</td>
          <td ID="observations-code-1">http://loinc.org 8302-2</td>
          <td>52.2 cm</td>
        </tr>
        <tr>
          <td>2023-10-13T18:19:20Z</td>
          <td></td>
          <td ID="observations-desc-2">Pain severity - 0-10 verbal numeric rating [Score] - Reported</td>
          <td ID="observations-code-2">http://loinc.org 72514-3</td>
          <td>1 {score}</td>
        </tr>
        <tr>
          <td>2023-10-13T18:19:20Z</td>
          <td></td>
          <td ID="observations-desc-3">Body Weight</td>
          <td ID="observations-code-3">http://loinc.org 29463-7</td>
          <td>4.1 kg</td>
        </tr>
        <tr>
          <td>2023-10-13T18:19:20Z</td>
          <td></td>
          <td ID="observations-desc-4">Weight-for-length Per age and sex</td>
          <td ID="observations-code-4">http://loinc.org 77606-2</td>
          <td>63.87684503130835 %</td>
        </tr>
        <tr>
          <td>2023-10-13T18:19:20Z</td>
          <td></td>
          <td ID="observations-desc-5">Head Occipital-frontal circumference Percentile</td>
          <td ID="observations-code-5">http://loinc.org 8289-1</td>
          <td>60.81 %</td>
        </tr>
        <tr>
          <td>2023-10-13T18:19:20Z</td>
          <td></td>
          <td ID="observations-desc-6">Head Occipital-frontal circumference</td>
          <td ID="observations-code-6">http://loinc.org 9843-4</td>
          <td>35.16 cm</td>
        </tr>
        <tr>
          <td>2023-10-13T18:19:20Z</td>
          <td></td>
          <td ID="observations-desc-7">Heart rate</td>
          <td ID="observations-code-7">http://loinc.org 8867-4</td>
          <td>75 /min</td>
        </tr>
        <tr>
          <td>2023-10-13T18:19:20Z</td>
          <td></td>
          <td ID="observations-desc-8">Respiratory rate</td>
          <td ID="observations-code-8">http://loinc.org 9279-1</td>
          <td>14 /min</td>
        </tr>
        <tr>
          <td>2023-11-17T18:19:20Z</td>
          <td></td>
          <td ID="observations-desc-9">Body Height</td>
          <td ID="observations-code-9">http://loinc.org 8302-2</td>
          <td>55.8 cm</td>
        </tr>
        <tr>
          <td>2023-11-17T18:19:20Z</td>
          <td></td>
          <td ID="observations-desc-10">Pain severity - 0-10 verbal numeric rating [Score] - Reported</td>
          <td ID="observations-code-10">http://loinc.org 72514-3</td>
          <td>2 {score}</td>
        </tr>
        <tr>
          <td>2023-11-17T18:19:20Z</td>
          <td></td>
          <td ID="observations-desc-11">Body Weight</td>
          <td ID="observations-code-11">http://loinc.org 29463-7</td>
          <td>4.9 kg</td>
        </tr>
        <tr>
          <td>2023-11-17T18:19:20Z</td>
          <td></td>
          <td ID="observations-desc-12">Weight-for-length Per age and sex</td>
          <td ID="observations-code-12">http://loinc.org 77606-2</td>
          <td>46.26345809475431 %</td>
        </tr>
        <tr>
          <td>2023-11-17T18:19:20Z</td>
          <td></td>
          <td ID="observations-desc-13">Head Occipital-frontal circumference Percentile</td>
          <td ID="observations-code-13">http://loinc.org 8289-1</td>
          <td>60.81 %</td>
        </tr>
        <tr>
          <td>2023-11-17T18:19:20Z</td>
          <td></td>
          <td ID="observations-desc-14">Head Occipital-frontal circumference</td>
          <td ID="observations-code-14">http://loinc.org 9843-4</td>
          <td>38.38 cm</td>
        </tr>
        <tr>
          <td>2023-11-17T18:19:20Z</td>
          <td></td>
          <td ID="observations-desc-15">Heart rate</td>
          <td ID="observations-code-15">http://loinc.org 8867-4</td>
          <td>92 /min</td>
        </tr>
        <tr>
          <td>2023-11-17T18:19:20Z</td>
          <td></td>
          <td ID="observations-desc-16">Respiratory rate</td>
          <td ID="observations-code-16">http://loinc.org 9279-1</td>
          <td>13 /min</td>
        </tr>
    </tbody>
  </table>
</text>
    <entry typeCode="DRIV">
      <organizer classCode="CLUSTER" moodCode="EVN">
        <templateId root="2.16.840.1.113883.10.20.22.4.26"/>
        <templateId root="2.16.840.1.113883.10.20.22.4.26" extension="2015-08-01"/>
        <!-- Vital signs organizer template -->
        <id root="fe7f3573-4bf4-1164-a887-7d7bc6a4fd74"/>
        <code code="46680005" codeSystem="2.16.840.1.113883.6.96" displayName="Vital signs" codeSystemName="SNOMED CT">
          <translation code="74728-7" displayName="Vital signs, weight, height, head circumference, oximetry, BMI, and BSA panel" codeSystem="2.16.840.1.113883.6.1" codeSystemName="LOINC" />
        </code>
        <statusCode code="completed"/>
        <effectiveTime value="20231222181920"/>
        <component>
          <observation classCode="OBS" moodCode="EVN">
            <templateId root="2.16.840.1.113883.10.20.22.4.27"/>
            <templateId root="2.16.840.1.113883.10.20.22.4.27" extension="2014-06-09"/>
            <!-- Result observation template -->
            <id root="d2a5ad3c-6184-c95f-4395-fc3ab3dc2121"/>
        <code  code="8302-2" codeSystem="2.16.840.1.113883.6.1" displayName="Body Height">
          <originalText><reference value="#observations-desc-1"/></originalText>
        </code>
            <text>
              <reference value="#observations-desc-1"/>
            </text>
            <statusCode code="completed"/>
            <effectiveTime value="20231013181920"/>
            <value xsi:type="PQ" value="52.2" unit="cm"/>
          </observation>
        </component>
        <component>
          <observation classCode="OBS" moodCode="EVN">
            <templateId root="2.16.840.1.113883.10.20.22.4.27"/>
            <templateId root="2.16.840.1.113883.10.20.22.4.27" extension="2014-06-09"/>
            <!-- Result observation template -->
            <id root="b9f6fe5b-14c7-6744-b101-8aec5c9b3da0"/>
        <code  code="72514-3" codeSystem="2.16.840.1.113883.6.1" displayName="Pain severity - 0-10 verbal numeric rating [Score] - Reported">
          <originalText><reference value="#observations-desc-2"/></originalText>
        </code>
            <text>
              <reference value="#observations-desc-2"/>
            </text>
            <statusCode code="completed"/>
            <effectiveTime value="20231013181920"/>
            <value xsi:type="PQ" value="1" unit="{score}"/>
          </observation>
        </component>
        <component>
          <observation classCode="OBS" moodCode="EVN">
            <templateId root="2.16.840.1.113883.10.20.22.4.27"/>
            <templateId root="2.16.840.1.113883.10.20.22.4.27" extension="2014-06-09"/>
            <!-- Result observation template -->
            <id root="3e33d156-af8a-9de1-081a-d19022c330bf"/>
        <code  code="29463-7" codeSystem="2.16.840.1.113883.6.1" displayName="Body Weight">
          <originalText><reference value="#observations-desc-3"/></originalText>
        </code>
            <text>
              <reference value="#observations-desc-3"/>
            </text>
            <statusCode code="completed"/>
            <effectiveTime value="20231013181920"/>
            <value xsi:type="PQ" value="4.1" unit="kg"/>
          </observation>
        </component>
        <component>
          <observation classCode="OBS" moodCode="EVN">
            <templateId root="2.16.840.1.113883.10.20.22.4.27"/>
            <templateId root="2.16.840.1.113883.10.20.22.4.27" extension="2014-06-09"/>
            <!-- Result observation template -->
            <id root="ddfaf93c-e8df-a02b-c177-300011d7ab89"/>
        <code  code="77606-2" codeSystem="2.16.840.1.113883.6.1" displayName="Weight-for-length Per age and sex">
          <originalText><reference value="#observations-desc-4"/></originalText>
        </code>
            <text>
              <reference value="#observations-desc-4"/>
            </text>
            <statusCode code="completed"/>
            <effectiveTime value="20231013181920"/>
            <value xsi:type="PQ" value="63.87684503130835" unit="%"/>
          </observation>
        </component>
        <component>
          <observation classCode="OBS" moodCode="EVN">
            <templateId root="2.16.840.1.113883.10.20.22.4.27"/>
            <templateId root="2.16.840.1.113883.10.20.22.4.27" extension="2014-06-09"/>
            <!-- Result observation template -->
            <id root="59ebad11-9f6e-ecd5-ddc3-dc6d8e631db7"/>
        <code  code="8289-1" codeSystem="2.16.840.1.113883.6.1" displayName="Head Occipital-frontal circumference Percentile">
          <originalText><reference value="#observations-desc-5"/></originalText>
        </code>
            <text>
              <reference value="#observations-desc-5"/>
            </text>
            <statusCode code="completed"/>
            <effectiveTime value="20231013181920"/>
            <value xsi:type="PQ" value="60.81" unit="%"/>
          </observation>
        </component>
        <component>
          <observation classCode="OBS" moodCode="EVN">
            <templateId root="2.16.840.1.113883.10.20.22.4.27"/>
            <templateId root="2.16.840.1.113883.10.20.22.4.27" extension="2014-06-09"/>
            <!-- Result observation template -->
            <id root="b2c4a9d2-5a05-16c4-afef-b25ff8be4088"/>
        <code  code="9843-4" codeSystem="2.16.840.1.113883.6.1" displayName="Head Occipital-frontal circumference">
          <originalText><reference value="#observations-desc-6"/></originalText>
        </code>
            <text>
              <reference value="#observations-desc-6"/>
            </text>
            <statusCode code="completed"/>
            <effectiveTime value="20231013181920"/>
            <value xsi:type="PQ" value="35.16" unit="cm"/>
          </observation>
        </component>
        <component>
          <observation classCode="OBS" moodCode="EVN">
            <templateId root="2.16.840.1.113883.10.20.22.4.27"/>
            <templateId root="2.16.840.1.113883.10.20.22.4.27" extension="2014-06-09"/>
            <!-- Result observation template -->
            <id root="ab6dd44b-b168-fb3f-a32d-029294a1ca5b"/>
        <code  code="8867-4" codeSystem="2.16.840.1.113883.6.1" displayName="Heart rate">
          <originalText><reference value="#observations-desc-7"/></originalText>
        </code>
            <text>
              <reference value="#observations-desc-7"/>
            </text>
            <statusCode code="completed"/>
            <effectiveTime value="20231013181920"/>
            <value xsi:type="PQ" value="75" unit="/min"/>
          </observation>
        </component>
        <component>
          <observation classCode="OBS" moodCode="EVN">
            <templateId root="2.16.840.1.113883.10.20.22.4.27"/>
            <templateId root="2.16.840.1.113883.10.20.22.4.27" extension="2014-06-09"/>
            <!-- Result observation template -->
            <id root="87a01d42-7d4d-252e-a7fd-eac7b9746da4"/>
        <code  code="9279-1" codeSystem="2.16.840.1.113883.6.1" displayName="Respiratory rate">
          <originalText><reference value="#observations-desc-8"/></originalText>
        </code>
            <text>
              <reference value="#observations-desc-8"/>
            </text>
            <statusCode code="completed"/>
            <effectiveTime value="20231013181920"/>
            <value xsi:type="PQ" value="14" unit="/min"/>
          </observation>
        </component>
        <component>
          <observation classCode="OBS" moodCode="EVN">
            <templateId root="2.16.840.1.113883.10.20.22.4.27"/>
            <templateId root="2.16.840.1.113883.10.20.22.4.27" extension="2014-06-09"/>
            <!-- Result observation template -->
            <id root="d358b16a-ae87-7b60-cf2e-339c8112ed46"/>
        <code  code="8302-2" codeSystem="2.16.840.1.113883.6.1" displayName="Body Height">
          <originalText><reference value="#observations-desc-9"/></originalText>
        </code>
            <text>
              <reference value="#observations-desc-9"/>
            </text>
            <statusCode code="completed"/>
            <effectiveTime value="20231117181920"/>
            <value xsi:type="PQ" value="55.8" unit="cm"/>
          </observation>
        </component>
        <component>
          <observation classCode="OBS" moodCode="EVN">
            <templateId root="2.16.840.1.113883.10.20.22.4.27"/>
            <templateId root="2.16.840.1.113883.10.20.22.4.27" extension="2014-06-09"/>
            <!-- Result observation template -->
            <id root="33d32fe4-3574-5d75-9b52-8f0ab76cd4f2"/>
        <code  code="72514-3" codeSystem="2.16.840.1.113883.6.1" displayName="Pain severity - 0-10 verbal numeric rating [Score] - Reported">
          <originalText><reference value="#observations-desc-10"/></originalText>
        </code>
            <text>
              <reference value="#observations-desc-10"/>
            </text>
            <statusCode code="completed"/>
            <effectiveTime value="20231117181920"/>
            <value xsi:type="PQ" value="2" unit="{score}"/>
          </observation>
        </component>
        <component>
          <observation classCode="OBS" moodCode="EVN">
            <templateId root="2.16.840.1.113883.10.20.22.4.27"/>
            <templateId root="2.16.840.1.113883.10.20.22.4.27" extension="2014-06-09"/>
            <!-- Result observation template -->
            <id root="a179639c-f38c-5c57-f5ad-d1d86546d3a6"/>
        <code  code="29463-7" codeSystem="2.16.840.1.113883.6.1" displayName="Body Weight">
          <originalText><reference value="#observations-desc-11"/></originalText>
        </code>
            <text>
              <reference value="#observations-desc-11"/>
            </text>
            <statusCode code="completed"/>
            <effectiveTime value="20231117181920"/>
            <value xsi:type="PQ" value="4.9" unit="kg"/>
          </observation>
        </component>
        <component>
          <observation classCode="OBS" moodCode="EVN">
            <templateId root="2.16.840.1.113883.10.20.22.4.27"/>
            <templateId root="2.16.840.1.113883.10.20.22.4.27" extension="2014-06-09"/>
            <!-- Result observation template -->
            <id root="6a04467d-99f8-b85c-14dd-ae010ca347d5"/>
        <code  code="77606-2" codeSystem="2.16.840.1.113883.6.1" displayName="Weight-for-length Per age and sex">
          <originalText><reference value="#observations-desc-12"/></originalText>
        </code>
            <text>
              <reference value="#observations-desc-12"/>
            </text>
            <statusCode code="completed"/>
            <effectiveTime value="20231117181920"/>
            <value xsi:type="PQ" value="46.26345809475431" unit="%"/>
          </observation>
        </component>
        <component>
          <observation classCode="OBS" moodCode="EVN">
            <templateId root="2.16.840.1.113883.10.20.22.4.27"/>
            <templateId root="2.16.840.1.113883.10.20.22.4.27" extension="2014-06-09"/>
            <!-- Result observation template -->
            <id root="7a1f9aca-172a-b276-87c6-f3b7c6f4b801"/>
        <code  code="8289-1" codeSystem="2.16.840.1.113883.6.1" displayName="Head Occipital-frontal circumference Percentile">
          <originalText><reference value="#observations-desc-13"/></originalText>
        </code>
            <text>
              <reference value="#observations-desc-13"/>
            </text>
            <statusCode code="completed"/>
            <effectiveTime value="20231117181920"/>
            <value xsi:type="PQ" value="60.81" unit="%"/>
          </observation>
        </component>
        <component>
          <observation classCode="OBS" moodCode="EVN">
            <templateId root="2.16.840.1.113883.10.20.22.4.27"/>
            <templateId root="2.16.840.1.113883.10.20.22.4.27" extension="2014-06-09"/>
            <!-- Result observation template -->
            <id root="80ce3f07-fb8d-ffb8-dc5b-ab4487c8a338"/>
        <code  code="9843-4" codeSystem="2.16.840.1.113883.6.1" displayName="Head Occipital-frontal circumference">
          <originalText><reference value="#observations-desc-14"/></originalText>
        </code>
            <text>
              <reference value="#observations-desc-14"/>
            </text>
            <statusCode code="completed"/>
            <effectiveTime value="20231117181920"/>
            <value xsi:type="PQ" value="38.38" unit="cm"/>
          </observation>
        </component>
        <component>
          <observation classCode="OBS" moodCode="EVN">
            <templateId root="2.16.840.1.113883.10.20.22.4.27"/>
            <templateId root="2.16.840.1.113883.10.20.22.4.27" extension="2014-06-09"/>
            <!-- Result observation template -->
            <id root="7861488b-0222-1357-afb7-fb7937adacb0"/>
        <code  code="8867-4" codeSystem="2.16.840.1.113883.6.1" displayName="Heart rate">
          <originalText><reference value="#observations-desc-15"/></originalText>
        </code>
            <text>
              <reference value="#observations-desc-15"/>
            </text>
            <statusCode code="completed"/>
            <effectiveTime value="20231117181920"/>
            <value xsi:type="PQ" value="92" unit="/min"/>
          </observation>
        </component>
        <component>
          <observation classCode="OBS" moodCode="EVN">
            <templateId root="2.16.840.1.113883.10.20.22.4.27"/>
            <templateId root="2.16.840.1.113883.10.20.22.4.27" extension="2014-06-09"/>
            <!-- Result observation template -->
            <id root="ba266c58-106b-c7f9-1be6-2a1a909cb3ee"/>
        <code  code="9279-1" codeSystem="2.16.840.1.113883.6.1" displayName="Respiratory rate">
          <originalText><reference value="#observations-desc-16"/></originalText>
        </code>
            <text>
              <reference value="#observations-desc-16"/>
            </text>
            <statusCode code="completed"/>
            <effectiveTime value="20231117181920"/>
            <value xsi:type="PQ" value="13" unit="/min"/>
          </observation>
        </component>
      </organizer>
    </entry>
  </section>
</component>
<component>
  <!--Immunizations-->
  <section>
    <templateId root="2.16.840.1.113883.10.20.22.2.2" extension="2015-08-01"/>
    <!--Immunizations section template-->
    <code code="11369-6" codeSystem="2.16.840.1.113883.6.1" codeSystemName="LOINC" displayName="History of immunizations"/>
    <title>Immunizations</title>
<text>
  <table border="1" width="100%">
    <thead>
      <tr>
        <th>Start</th>
        <th>Stop</th>
        <th>Description</th>
        <th>Code</th>
      </tr>
    </thead>
    <tbody>
        <tr>
          <td>2023-10-13T18:19:20Z</td>
          <td></td>
          <td ID="immunizations-desc-1">Hep B, adolescent or pediatric</td>
          <td ID="immunizations-code-1">http://hl7.org/fhir/sid/cvx 08</td>
        </tr>
        <tr>
          <td>2023-11-17T18:19:20Z</td>
          <td></td>
          <td ID="immunizations-desc-2">Hep B, adolescent or pediatric</td>
          <td ID="immunizations-code-2">http://hl7.org/fhir/sid/cvx 08</td>
        </tr>
    </tbody>
  </table>
</text>
    <entry typeCode="DRIV">
      <substanceAdministration classCode="SBADM" moodCode="EVN" negationInd="false">
        <templateId root="2.16.840.1.113883.10.20.22.4.52"/>
        <!-- Medication activity template -->
        <id root="19cb1736-5caa-00ff-4991-e15e59502e04"/>
        <code code='IMMUNIZ' codeSystem='2.16.840.1.113883.5.4' codeSystemName='ActCode'/>
        <text>
          <reference value="#immunizations-desc-1"/>
        </text>
        <statusCode code="completed"/>
        <effectiveTime value="20231013181920"/>
        <doseQuantity nullFlavor="UNK"/>
        <consumable>
          <manufacturedProduct classCode="MANU">
            <templateId root="2.16.840.1.113883.10.20.22.4.54"/>
            <!-- Product template -->
            <manufacturedMaterial>
        <code  code="08" codeSystem="2.16.840.1.113883.12.292" displayName="Hep B, adolescent or pediatric">
          <originalText><reference value="#immunizations-desc-1"/></originalText>
        </code>
              <name>Hep B, adolescent or pediatric</name>
            </manufacturedMaterial>
          </manufacturedProduct>
        </consumable>
      </substanceAdministration>
    </entry>
    <entry typeCode="DRIV">
      <substanceAdministration classCode="SBADM" moodCode="EVN" negationInd="false">
        <templateId root="2.16.840.1.113883.10.20.22.4.52"/>
        <!-- Medication activity template -->
        <id root="522a7133-ad00-f07e-04b4-d8d80f9832b0"/>
        <code code='IMMUNIZ' codeSystem='2.16.840.1.113883.5.4' codeSystemName='ActCode'/>
        <text>
          <reference value="#immunizations-desc-2"/>
        </text>
        <statusCode code="completed"/>
        <effectiveTime value="20231117181920"/>
        <doseQuantity nullFlavor="UNK"/>
        <consumable>
          <manufacturedProduct classCode="MANU">
            <templateId root="2.16.840.1.113883.10.20.22.4.54"/>
            <!-- Product template -->
            <manufacturedMaterial>
        <code  code="08" codeSystem="2.16.840.1.113883.12.292" displayName="Hep B, adolescent or pediatric">
          <originalText><reference value="#immunizations-desc-2"/></originalText>
        </code>
              <name>Hep B, adolescent or pediatric</name>
            </manufacturedMaterial>
          </manufacturedProduct>
        </consumable>
      </substanceAdministration>
    </entry>
  </section>
</component>
<component>
  <!--Social History - CCDA-->
  <section>
    <templateId root="2.16.840.1.113883.10.20.22.2.17" extension="2015-08-01"/>
    <templateId root="2.16.840.1.113883.10.20.22.2.17"/>
    <!-- Social history section template -->
    <code code="29762-2" codeSystem="2.16.840.1.113883.6.1"/>
    <title>Social History</title>
    <text>There is no current social history except smoking status.</text>
    <entry typeCode="DRIV">
      <observation classCode="OBS" moodCode="EVN">
        <templateId root="2.16.840.1.113883.10.20.22.4.78"/>
        <templateId root="2.16.840.1.113883.10.20.22.4.78" extension="2014-06-09"/>
        <!-- Smoking Status Meaningful Use template -->
        <id root="c2bb8aa1-3f7f-7889-9dc7-27ae9f0f2cb8"/>
        <code code="72166-2" codeSystem="2.16.840.1.113883.6.1" displayName="Tobacco smoking status NHIS" />
        <statusCode code="completed"/>
        <effectiveTime value="20231117181920"/>
        <value xsi:type="CD" code="266919005" displayName="Never smoked tobacco (finding)" codeSystem="2.16.840.1.113883.6.96"/>
          <author>
            <time value="20231222181920"/>
            <assignedAuthor>
              <id nullFlavor="NA"/>
              <addr nullFlavor="NA" />
              <telecom nullFlavor="NA" />
              <assignedAuthoringDevice>
                <manufacturerModelName>https://github.com/synthetichealth/synthea</manufacturerModelName>
                <softwareName>https://github.com/synthetichealth/synthea</softwareName>
              </assignedAuthoringDevice>
              <representedOrganization>
                <id nullFlavor="NA"/>
                <name>EDWARD M KENNEDY COMMUNITY HEALTH CENTER INC</name>
                <telecom nullFlavor="NA"/>
                <addr>
                  <streetAddressLine>354 WAVERLY ST</streetAddressLine>
                  <city>FRAMINGHAM</city>
                  <state>MA</state>
                  <postalCode>017027079</postalCode>
                </addr>
              </representedOrganization>
            </assignedAuthor>
          </author>
      </observation>
    </entry>
  </section>
</component>    </structuredBody>
  </component>
</ClinicalDocument>
