<?xml version="1.0" encoding="UTF-8"?>
<ClinicalDocument xmlns="urn:hl7-org:v3" xmlns:sdtc="urn:hl7-org:sdtc" xmlns:xsi="http://www.w3.org/2001/XMLSchema-instance" xsi:schemaLocation="urn:hl7-org:v3 http://xreg2.nist.gov:8080/hitspValidation/schema/cdar2c32/infrastructure/cda/C32_CDA.xsd">
  <realmCode code="US"/>
  <typeId root="2.16.840.1.113883.1.3" extension="POCD_HD000040"/>
  <templateId root="2.16.840.1.113883.10.20.22.1.1" extension="2015-08-01"/>
  <templateId root="2.16.840.1.113883.10.20.22.1.2" extension="2015-08-01"/>
  <id root="2.16.840.1.113883.19.5" extension="03f12f9e-fd3e-b845-502a-3a12511d9e48" assigningAuthorityName="https://github.com/synthetichealth/synthea"/>
  <code code="34133-9" displayName="Summarization of episode note" codeSystem="2.16.840.1.113883.6.1" codeSystemName="LOINC"/>
  <title>C-CDA R2.1 Patient Record: Mario764 Medhurst46</title>
  <effectiveTime value="20240910140052"/>
  <confidentialityCode code="N"/>
  <languageCode code="en-US"/>
  <recordTarget>
    <patientRole>
      <id root="2.16.840.1.113883.19.5" extension="03f12f9e-fd3e-b845-502a-3a12511d9e48" assigningAuthorityName="https://github.com/synthetichealth/synthea"/>
      <addr use="HP">
        <streetAddressLine>600 Denesik Alley Suite 34</streetAddressLine>
        <city>Smith Mills</city>
        <state>Massachusetts</state>
        <postalCode>00000</postalCode>
      </addr>
      <telecom nullFlavor="NI"/>
      <patient>
        <name>
          <given>Mario764</given>
          <family>Medhurst46</family>
        </name>
        <administrativeGenderCode code="M" codeSystem="2.16.840.1.113883.5.1" codeSystemName="HL7 AdministrativeGender"/>
        <birthTime value="20240116140052"/>
        <raceCode code="2106-3" displayName="white" codeSystemName="CDC Race and Ethnicity" codeSystem="2.16.840.1.113883.6.238"/>
        <ethnicGroupCode code="2186-5" displayName="non-hispanic" codeSystemName="CDC Race and Ethnicity" codeSystem="2.16.840.1.113883.6.238"/>
        <languageCommunication>
          <languageCode code="en-US"/>
        </languageCommunication>
      </patient>
    </patientRole>
  </recordTarget>
  <author>
    <time value="20240910140052"/>
    <assignedAuthor>
      <id nullFlavor="NA"/>
      <addr nullFlavor="NA" />
      <telecom nullFlavor="NA" />
      <assignedAuthoringDevice>
        <manufacturerModelName>https://github.com/synthetichealth/synthea</manufacturerModelName>
        <softwareName>https://github.com/synthetichealth/synthea</softwareName>
      </assignedAuthoringDevice>
      <representedOrganization>
        <id nullFlavor="NA"/>
        <name>NEW BEDFORD INTERNAL MEDICINE &amp; GERIATRICS, LLC</name>
        <telecom nullFlavor="NA"/>
        <addr>
          <streetAddressLine>726 COUNTY ST</streetAddressLine>
          <city>NORTH DARTMOUTH</city>
          <state>MA</state>
          <postalCode>027473603</postalCode>
        </addr>
      </representedOrganization>
    </assignedAuthor>
  </author>
  <custodian>
    <assignedCustodian>
      <representedCustodianOrganization>
        <id nullFlavor="NA"/>
        <name>NEW BEDFORD INTERNAL MEDICINE &amp; GERIATRICS, LLC</name>
        <telecom nullFlavor="NA"/>
        <addr>
          <streetAddressLine>726 COUNTY ST</streetAddressLine>
          <city>NORTH DARTMOUTH</city>
          <state>MA</state>
          <postalCode>027473603</postalCode>
        </addr>
      </representedCustodianOrganization>
    </assignedCustodian>
  </custodian>
  <documentationOf>
    <serviceEvent classCode="PCPR">
      <effectiveTime>
        <low value="20240116140052"/>
        <high value="20240910140052"/>
      </effectiveTime>
    </serviceEvent>
  </documentationOf>
  <component>
    <structuredBody>
<component>
  <!-- Allergies: patient has no allergies -->
  <section nullFlavor="NI">
    <templateId root="2.16.840.1.113883.10.20.22.2.6.1" extension="2015-08-01"/>
    <code code="48765-2" codeSystem="2.16.840.1.113883.6.1" codeSystemName="LOINC" displayName="Allergy List"/>
    <title>Allergies</title>                
    <text>There are no current allergies at the time of this document's creation.</text>
  </section>
</component><component>
  <!-- Medications: patient has no medications -->
  <section nullFlavor="NI">
		<templateId root="2.16.840.1.113883.10.20.22.2.1.1" extension="2014-06-09"/>
    <code code="10160-0" codeSystem="2.16.840.1.113883.6.1" codeSystemName="LOINC" displayName="History of medication use"/>
    <title>Medications</title>
    <text>There are no current medications at the time of this document's creation.</text>
  </section>
</component><component>
  <!--Diagnostic Results-->
  <section>
    <templateId root="2.16.840.1.113883.10.20.22.2.3.1" extension="2015-08-01"/>
    <templateId root="2.16.840.1.113883.10.20.22.2.3.1"/>
    <!--Diagnostic Results section template-->
    <code code="30954-2" codeSystem="2.16.840.1.113883.6.1" codeSystemName="LOINC" displayName="Results"/>
    <title>Diagnostic Results</title>
<text>
  <table border="1" width="100%">
    <thead>
      <tr>
        <th>Start</th>
        <th>Stop</th>
        <th>Description</th>
        <th>Code</th>
      </tr>
    </thead>
    <tbody>
        <tr>
          <td>2024-01-16T14:00:52Z</td>
          <td></td>
          <td ID="reports-desc-1">CBC panel - Blood by Automated count</td>
          <td ID="reports-code-1">http://loinc.org 58410-2</td>
        </tr>
    </tbody>
  </table>
</text>
    <entry typeCode="DRIV">
      <organizer classCode="BATTERY" moodCode="EVN">
        <templateId root="2.16.840.1.113883.10.20.22.4.1" extension="2015-08-01"/>
        <templateId root="2.16.840.1.113883.10.20.22.4.1"/>
        <!--Result organizer template -->
        <id root="5c9bc543-78db-fe71-5362-97bea925c21e"/>
        <code code="58410-2" codeSystem="2.16.840.1.113883.6.1" codeSystemName="LOINC" displayName="CBC panel - Blood by Automated count"/>
        <statusCode code="completed"/>
        <effectiveTime>
          <low value="20240116140052"/>
          <high value="20240116140052"/>
        </effectiveTime>
        <component>
          <observation classCode="OBS" moodCode="EVN">
            <templateId root="2.16.840.1.113883.10.20.22.4.2" extension="2015-08-01"/>
            <templateId root="2.16.840.1.113883.10.20.22.4.2"/>
            <id root="9f2d75a2-ff7c-667d-1cf1-96229108b0dc"/>
        <code  code="6690-2" codeSystem="2.16.840.1.113883.6.1" displayName="Leukocytes [#/volume] in Blood by Automated count">
          <originalText><reference value="#reports-desc-1"/></originalText>
        </code>
            <text>
              <reference value="#reports-desc-1"/>
            </text>
            <statusCode code="completed"/>
            <effectiveTime value="20240116140052"/>
            <value xsi:type="PQ" value="6.754153691717141" unit="10*3/uL"/>
          </observation>
        </component>
        <component>
          <observation classCode="OBS" moodCode="EVN">
            <templateId root="2.16.840.1.113883.10.20.22.4.2" extension="2015-08-01"/>
            <templateId root="2.16.840.1.113883.10.20.22.4.2"/>
            <id root="1b449afd-e553-8659-4ea4-a71c1c911ff3"/>
        <code  code="789-8" codeSystem="2.16.840.1.113883.6.1" displayName="Erythrocytes [#/volume] in Blood by Automated count">
          <originalText><reference value="#reports-desc-1"/></originalText>
        </code>
            <text>
              <reference value="#reports-desc-1"/>
            </text>
            <statusCode code="completed"/>
            <effectiveTime value="20240116140052"/>
            <value xsi:type="PQ" value="4.905488080654453" unit="10*6/uL"/>
          </observation>
        </component>
        <component>
          <observation classCode="OBS" moodCode="EVN">
            <templateId root="2.16.840.1.113883.10.20.22.4.2" extension="2015-08-01"/>
            <templateId root="2.16.840.1.113883.10.20.22.4.2"/>
            <id root="9f66d9d2-1db5-bbe0-32dc-764cb899f5e4"/>
        <code  code="718-7" codeSystem="2.16.840.1.113883.6.1" displayName="Hemoglobin [Mass/volume] in Blood">
          <originalText><reference value="#reports-desc-1"/></originalText>
        </code>
            <text>
              <reference value="#reports-desc-1"/>
            </text>
            <statusCode code="completed"/>
            <effectiveTime value="20240116140052"/>
            <value xsi:type="PQ" value="16.214506943601336" unit="g/dL"/>
          </observation>
        </component>
        <component>
          <observation classCode="OBS" moodCode="EVN">
            <templateId root="2.16.840.1.113883.10.20.22.4.2" extension="2015-08-01"/>
            <templateId root="2.16.840.1.113883.10.20.22.4.2"/>
            <id root="1cf88b40-9878-26e3-e7e8-357f799c8cd4"/>
        <code  code="4544-3" codeSystem="2.16.840.1.113883.6.1" displayName="Hematocrit [Volume Fraction] of Blood by Automated count">
          <originalText><reference value="#reports-desc-1"/></originalText>
        </code>
            <text>
              <reference value="#reports-desc-1"/>
            </text>
            <statusCode code="completed"/>
            <effectiveTime value="20240116140052"/>
            <value xsi:type="PQ" value="43.50479321015439" unit="%"/>
          </observation>
        </component>
        <component>
          <observation classCode="OBS" moodCode="EVN">
            <templateId root="2.16.840.1.113883.10.20.22.4.2" extension="2015-08-01"/>
            <templateId root="2.16.840.1.113883.10.20.22.4.2"/>
            <id root="17c3dc27-8ae0-f37c-4945-cfde05e27a03"/>
        <code  code="787-2" codeSystem="2.16.840.1.113883.6.1" displayName="MCV [Entitic volume] by Automated count">
          <originalText><reference value="#reports-desc-1"/></originalText>
        </code>
            <text>
              <reference value="#reports-desc-1"/>
            </text>
            <statusCode code="completed"/>
            <effectiveTime value="20240116140052"/>
            <value xsi:type="PQ" value="83.14307799301665" unit="fL"/>
          </observation>
        </component>
        <component>
          <observation classCode="OBS" moodCode="EVN">
            <templateId root="2.16.840.1.113883.10.20.22.4.2" extension="2015-08-01"/>
            <templateId root="2.16.840.1.113883.10.20.22.4.2"/>
            <id root="579728dd-972b-00fd-5bfe-c1897b4eb306"/>
        <code  code="785-6" codeSystem="2.16.840.1.113883.6.1" displayName="MCH [Entitic mass] by Automated count">
          <originalText><reference value="#reports-desc-1"/></originalText>
        </code>
            <text>
              <reference value="#reports-desc-1"/>
            </text>
            <statusCode code="completed"/>
            <effectiveTime value="20240116140052"/>
            <value xsi:type="PQ" value="32.255850208820604" unit="pg"/>
          </observation>
        </component>
        <component>
          <observation classCode="OBS" moodCode="EVN">
            <templateId root="2.16.840.1.113883.10.20.22.4.2" extension="2015-08-01"/>
            <templateId root="2.16.840.1.113883.10.20.22.4.2"/>
            <id root="f8f9ae1d-7fa9-0836-a3e2-1d8b126a9849"/>
        <code  code="786-4" codeSystem="2.16.840.1.113883.6.1" displayName="MCHC [Mass/volume] by Automated count">
          <originalText><reference value="#reports-desc-1"/></originalText>
        </code>
            <text>
              <reference value="#reports-desc-1"/>
            </text>
            <statusCode code="completed"/>
            <effectiveTime value="20240116140052"/>
            <value xsi:type="PQ" value="34.9197115684323" unit="g/dL"/>
          </observation>
        </component>
        <component>
          <observation classCode="OBS" moodCode="EVN">
            <templateId root="2.16.840.1.113883.10.20.22.4.2" extension="2015-08-01"/>
            <templateId root="2.16.840.1.113883.10.20.22.4.2"/>
            <id root="18724d6c-d1be-8ec4-51ca-f72711074277"/>
        <code  code="21000-5" codeSystem="2.16.840.1.113883.6.1" displayName="Erythrocyte distribution width [Entitic volume] by Automated count">
          <originalText><reference value="#reports-desc-1"/></originalText>
        </code>
            <text>
              <reference value="#reports-desc-1"/>
            </text>
            <statusCode code="completed"/>
            <effectiveTime value="20240116140052"/>
            <value xsi:type="PQ" value="39.704994917944006" unit="fL"/>
          </observation>
        </component>
        <component>
          <observation classCode="OBS" moodCode="EVN">
            <templateId root="2.16.840.1.113883.10.20.22.4.2" extension="2015-08-01"/>
            <templateId root="2.16.840.1.113883.10.20.22.4.2"/>
            <id root="f2caf16a-d0e0-46a9-1723-7bb62204439f"/>
        <code  code="777-3" codeSystem="2.16.840.1.113883.6.1" displayName="Platelets [#/volume] in Blood by Automated count">
          <originalText><reference value="#reports-desc-1"/></originalText>
        </code>
            <text>
              <reference value="#reports-desc-1"/>
            </text>
            <statusCode code="completed"/>
            <effectiveTime value="20240116140052"/>
            <value xsi:type="PQ" value="257.68474446584446" unit="10*3/uL"/>
          </observation>
        </component>
        <component>
          <observation classCode="OBS" moodCode="EVN">
            <templateId root="2.16.840.1.113883.10.20.22.4.2" extension="2015-08-01"/>
            <templateId root="2.16.840.1.113883.10.20.22.4.2"/>
            <id root="43cd7ab6-be80-4060-c8f7-609118e94630"/>
        <code  code="32207-3" codeSystem="2.16.840.1.113883.6.1" displayName="Platelet distribution width [Entitic volume] in Blood by Automated count">
          <originalText><reference value="#reports-desc-1"/></originalText>
        </code>
            <text>
              <reference value="#reports-desc-1"/>
            </text>
            <statusCode code="completed"/>
            <effectiveTime value="20240116140052"/>
            <value xsi:type="PQ" value="261.3417685791618" unit="fL"/>
          </observation>
        </component>
        <component>
          <observation classCode="OBS" moodCode="EVN">
            <templateId root="2.16.840.1.113883.10.20.22.4.2" extension="2015-08-01"/>
            <templateId root="2.16.840.1.113883.10.20.22.4.2"/>
            <id root="3e409879-aee8-e321-4ad1-ecb8290c631f"/>
        <code  code="32623-1" codeSystem="2.16.840.1.113883.6.1" displayName="Platelet mean volume [Entitic volume] in Blood by Automated count">
          <originalText><reference value="#reports-desc-1"/></originalText>
        </code>
            <text>
              <reference value="#reports-desc-1"/>
            </text>
            <statusCode code="completed"/>
            <effectiveTime value="20240116140052"/>
            <value xsi:type="PQ" value="10.720600341270636" unit="fL"/>
          </observation>
        </component>
      </organizer>
    </entry>
  </section>
</component><component>
  <!--Problems-->
  <section>
    <templateId root="2.16.840.1.113883.10.20.22.2.5.1" extension="2015-08-01"/>
    <!--Problems section template-->
    <code code="11450-4" codeSystem="2.16.840.1.113883.6.1" codeSystemName="LOINC" displayName="Problem list"/>
    <title>Problems</title>
<text>
  <table border="1" width="100%">
    <thead>
      <tr>
        <th>Start</th>
        <th>Stop</th>
        <th>Description</th>
        <th>Code</th>
      </tr>
    </thead>
    <tbody>
        <tr>
          <td>2024-01-16T14:00:52Z</td>
          <td></td>
          <td ID="conditions-desc-1">Medication review due (situation)</td>
          <td ID="conditions-code-1">http://snomed.info/sct 314529007</td>
        </tr>
    </tbody>
  </table>
</text>
    <entry typeCode="DRIV">
      <act classCode="ACT" moodCode="EVN">
        <templateId root="2.16.840.1.113883.10.20.22.4.3"/>
        <templateId root="2.16.840.1.113883.10.20.22.4.3" extension="2015-08-01"/>
        <!-- Problem act template -->
        <id root="5a3b20a8-8d85-b202-724f-1ea86070e68b"/>
        <code nullFlavor="NA"/>
        <statusCode code="active"/>
        <effectiveTime>
          <low value="20240116140052"/>
          
        </effectiveTime>
        <entryRelationship typeCode="SUBJ" inversionInd="false">
          <observation classCode="OBS" moodCode="EVN">
            <templateId root="2.16.840.1.113883.10.20.22.4.4"/>
            <templateId root="2.16.840.1.113883.10.20.22.4.4" extension="2015-08-01"/>
            <!--Problem observation template - NOT episode template-->
            <id root="37849468-da3d-de8e-3716-9c644d78eef2"/>
            <code code="64572001" displayName="Condition" codeSystem="2.16.840.1.113883.6.96" codeSystemName="SNOMED-CT">
              <translation code="75323-6" displayName="Condition" codeSystem="2.16.840.1.113883.6.1" codeSystemName="LOINC"/>
            </code>
            <text>
              <reference value="#conditions-desc-1"/>
            </text>
            <statusCode code="completed"/>
            <effectiveTime>
              <low value="20240116140052"/>
              
            </effectiveTime>
            <priorityCode code="8319008" codeSystem="2.16.840.1.113883.6.96" displayName="Principal diagnosis" />
        <value xsi:type="CD" code="314529007" codeSystem="2.16.840.1.113883.6.96" displayName="Medication review due (situation)">
          <originalText><reference value="#conditions-desc-1"/></originalText>
        </value>
          </observation>
        </entryRelationship>
      </act>
    </entry>
  </section>
</component>
<component>
  <!-- Procedures: patient has no procedures -->
  <section nullFlavor="NI">
    <templateId root="2.16.840.1.113883.10.20.22.2.7.1" extension="2014-06-09"/>
    <code code="47519-4" codeSystem="2.16.840.1.113883.6.1" codeSystemName="LOINC" displayName="Procedures"/>
    <title>Procedures</title>
    <text>There are no current procedures at the time of this document's creation.</text>
  </section>
</component><component>
  <!--Encounters-->
  <section>
    <templateId root="2.16.840.1.113883.10.20.22.2.22" extension="2015-08-01"/> <!-- CCDA Template id -->
    <!--Encounters section template-->
    <code code="46240-8" codeSystem="2.16.840.1.113883.6.1" codeSystemName="LOINC" displayName="History of encounters"/>
    <title>Encounters</title>
<text>
  <table border="1" width="100%">
    <thead>
      <tr>
        <th>Start</th>
        <th>Stop</th>
        <th>Description</th>
        <th>Code</th>
      </tr>
    </thead>
    <tbody>
        <tr>
          <td>2024-01-16T14:00:52Z</td>
          <td>2024-01-16T14:15:52Z</td>
          <td ID="encounters-desc-1">Well child visit (procedure)</td>
          <td ID="encounters-code-1">http://snomed.info/sct 410620009</td>
        </tr>
        <tr>
          <td>2024-02-20T14:00:52Z</td>
          <td>2024-02-20T14:15:52Z</td>
          <td ID="encounters-desc-2">Well child visit (procedure)</td>
          <td ID="encounters-code-2">http://snomed.info/sct 410620009</td>
        </tr>
        <tr>
          <td>2024-04-23T14:00:52Z</td>
          <td>2024-04-23T14:15:52Z</td>
          <td ID="encounters-desc-3">Well child visit (procedure)</td>
          <td ID="encounters-code-3">http://snomed.info/sct 410620009</td>
        </tr>
        <tr>
          <td>2024-06-25T14:00:52Z</td>
          <td>2024-06-25T14:15:52Z</td>
          <td ID="encounters-desc-4">Well child visit (procedure)</td>
          <td ID="encounters-code-4">http://snomed.info/sct 410620009</td>
        </tr>
    </tbody>
  </table>
</text>
    <entry typeCode="DRIV">
      <encounter classCode="ENC" moodCode="EVN">
		    <templateId root="2.16.840.1.113883.10.20.22.4.49"/>
        <!-- Encounter activity template -->
        <id root="6b7530b9-3c4c-44f0-b932-7901727b58f7"/>
        <code  code="410620009" codeSystem="2.16.840.1.113883.6.96" displayName="Well child visit (procedure)">
          <originalText><reference value="#encounters-desc-1"/></originalText>
        </code>
        <text>
          <reference value="#encounters-desc-1"/>
        </text>
        <effectiveTime>
          <low value="20240116140052"/>
          <high value="20240116141552"/>
        </effectiveTime>
      </encounter>
    </entry>
    <entry typeCode="DRIV">
      <encounter classCode="ENC" moodCode="EVN">
		    <templateId root="2.16.840.1.113883.10.20.22.4.49"/>
        <!-- Encounter activity template -->
        <id root="c14dfc20-1321-dc66-a126-0fda583cb432"/>
        <code  code="410620009" codeSystem="2.16.840.1.113883.6.96" displayName="Well child visit (procedure)">
          <originalText><reference value="#encounters-desc-2"/></originalText>
        </code>
        <text>
          <reference value="#encounters-desc-2"/>
        </text>
        <effectiveTime>
          <low value="20240220140052"/>
          <high value="20240220141552"/>
        </effectiveTime>
      </encounter>
    </entry>
    <entry typeCode="DRIV">
      <encounter classCode="ENC" moodCode="EVN">
		    <templateId root="2.16.840.1.113883.10.20.22.4.49"/>
        <!-- Encounter activity template -->
        <id root="36fc6586-74c7-1d32-b33c-d1b237afbe38"/>
        <code  code="410620009" codeSystem="2.16.840.1.113883.6.96" displayName="Well child visit (procedure)">
          <originalText><reference value="#encounters-desc-3"/></originalText>
        </code>
        <text>
          <reference value="#encounters-desc-3"/>
        </text>
        <effectiveTime>
          <low value="20240423140052"/>
          <high value="20240423141552"/>
        </effectiveTime>
      </encounter>
    </entry>
    <entry typeCode="DRIV">
      <encounter classCode="ENC" moodCode="EVN">
		    <templateId root="2.16.840.1.113883.10.20.22.4.49"/>
        <!-- Encounter activity template -->
        <id root="124e350c-b495-8ab8-700e-b968256a10a0"/>
        <code  code="410620009" codeSystem="2.16.840.1.113883.6.96" displayName="Well child visit (procedure)">
          <originalText><reference value="#encounters-desc-4"/></originalText>
        </code>
        <text>
          <reference value="#encounters-desc-4"/>
        </text>
        <effectiveTime>
          <low value="20240625140052"/>
          <high value="20240625141552"/>
        </effectiveTime>
      </encounter>
    </entry>
  </section>
</component>
<component>
  <!--Vital Signs-->
  <section>
    <templateId root="2.16.840.1.113883.10.20.22.2.4.1" extension="2015-08-01"/>
    <!--Vital Signs section template-->
    <code code="8716-3" codeSystem="2.16.840.1.113883.6.1" codeSystemName="LOINC" displayName="Vital signs"/>
    <title>Vital Signs</title>
<text>
  <table border="1" width="100%">
    <thead>
      <tr>
        <th>Start</th>
        <th>Stop</th>
        <th>Description</th>
        <th>Code</th>
        <th>Value</th>
      </tr>
    </thead>
    <tbody>
        <tr>
          <td>2024-01-16T14:00:52Z</td>
          <td></td>
          <td ID="observations-desc-1">Body Height</td>
          <td ID="observations-code-1">http://loinc.org 8302-2</td>
          <td>51.8 cm</td>
        </tr>
        <tr>
          <td>2024-01-16T14:00:52Z</td>
          <td></td>
          <td ID="observations-desc-2">Pain severity - 0-10 verbal numeric rating [Score] - Reported</td>
          <td ID="observations-code-2">http://loinc.org 72514-3</td>
          <td>1 {score}</td>
        </tr>
        <tr>
          <td>2024-01-16T14:00:52Z</td>
          <td></td>
          <td ID="observations-desc-3">Body Weight</td>
          <td ID="observations-code-3">http://loinc.org 29463-7</td>
          <td>4.7 kg</td>
        </tr>
        <tr>
          <td>2024-01-16T14:00:52Z</td>
          <td></td>
          <td ID="observations-desc-4">Weight-for-length Per age and sex</td>
          <td ID="observations-code-4">http://loinc.org 77606-2</td>
          <td>94.20600480577178 %</td>
        </tr>
        <tr>
          <td>2024-01-16T14:00:52Z</td>
          <td></td>
          <td ID="observations-desc-5">Head Occipital-frontal circumference Percentile</td>
          <td ID="observations-code-5">http://loinc.org 8289-1</td>
          <td>39.41 %</td>
        </tr>
        <tr>
          <td>2024-01-16T14:00:52Z</td>
          <td></td>
          <td ID="observations-desc-6">Head Occipital-frontal circumference</td>
          <td ID="observations-code-6">http://loinc.org 9843-4</td>
          <td>35.3 cm</td>
        </tr>
        <tr>
          <td>2024-01-16T14:00:52Z</td>
          <td></td>
          <td ID="observations-desc-7">Heart rate</td>
          <td ID="observations-code-7">http://loinc.org 8867-4</td>
          <td>94 /min</td>
        </tr>
        <tr>
          <td>2024-01-16T14:00:52Z</td>
          <td></td>
          <td ID="observations-desc-8">Respiratory rate</td>
          <td ID="observations-code-8">http://loinc.org 9279-1</td>
          <td>15 /min</td>
        </tr>
        <tr>
          <td>2024-02-20T14:00:52Z</td>
          <td></td>
          <td ID="observations-desc-9">Body Height</td>
          <td ID="observations-code-9">http://loinc.org 8302-2</td>
          <td>55.8 cm</td>
        </tr>
        <tr>
          <td>2024-02-20T14:00:52Z</td>
          <td></td>
          <td ID="observations-desc-10">Pain severity - 0-10 verbal numeric rating [Score] - Reported</td>
          <td ID="observations-code-10">http://loinc.org 72514-3</td>
          <td>4 {score}</td>
        </tr>
        <tr>
          <td>2024-02-20T14:00:52Z</td>
          <td></td>
          <td ID="observations-desc-11">Body Weight</td>
          <td ID="observations-code-11">http://loinc.org 29463-7</td>
          <td>5.7 kg</td>
        </tr>
        <tr>
          <td>2024-02-20T14:00:52Z</td>
          <td></td>
          <td ID="observations-desc-12">Weight-for-length Per age and sex</td>
          <td ID="observations-code-12">http://loinc.org 77606-2</td>
          <td>91.1526534415782 %</td>
        </tr>
        <tr>
          <td>2024-02-20T14:00:52Z</td>
          <td></td>
          <td ID="observations-desc-13">Head Occipital-frontal circumference Percentile</td>
          <td ID="observations-code-13">http://loinc.org 8289-1</td>
          <td>39.41 %</td>
        </tr>
        <tr>
          <td>2024-02-20T14:00:52Z</td>
          <td></td>
          <td ID="observations-desc-14">Head Occipital-frontal circumference</td>
          <td ID="observations-code-14">http://loinc.org 9843-4</td>
          <td>38.77 cm</td>
        </tr>
        <tr>
          <td>2024-02-20T14:00:52Z</td>
          <td></td>
          <td ID="observations-desc-15">Heart rate</td>
          <td ID="observations-code-15">http://loinc.org 8867-4</td>
          <td>61 /min</td>
        </tr>
        <tr>
          <td>2024-02-20T14:00:52Z</td>
          <td></td>
          <td ID="observations-desc-16">Respiratory rate</td>
          <td ID="observations-code-16">http://loinc.org 9279-1</td>
          <td>14 /min</td>
        </tr>
        <tr>
          <td>2024-04-23T14:00:52Z</td>
          <td></td>
          <td ID="observations-desc-17">Body Height</td>
          <td ID="observations-code-17">http://loinc.org 8302-2</td>
          <td>61.3 cm</td>
        </tr>
        <tr>
          <td>2024-04-23T14:00:52Z</td>
          <td></td>
          <td ID="observations-desc-18">Pain severity - 0-10 verbal numeric rating [Score] - Reported</td>
          <td ID="observations-code-18">http://loinc.org 72514-3</td>
          <td>2 {score}</td>
        </tr>
        <tr>
          <td>2024-04-23T14:00:52Z</td>
          <td></td>
          <td ID="observations-desc-19">Body Weight</td>
          <td ID="observations-code-19">http://loinc.org 29463-7</td>
          <td>7.5 kg</td>
        </tr>
        <tr>
          <td>2024-04-23T14:00:52Z</td>
          <td></td>
          <td ID="observations-desc-20">Weight-for-length Per age and sex</td>
          <td ID="observations-code-20">http://loinc.org 77606-2</td>
          <td>96.6341407282568 %</td>
        </tr>
        <tr>
          <td>2024-04-23T14:00:52Z</td>
          <td></td>
          <td ID="observations-desc-21">Head Occipital-frontal circumference Percentile</td>
          <td ID="observations-code-21">http://loinc.org 8289-1</td>
          <td>39.41 %</td>
        </tr>
        <tr>
          <td>2024-04-23T14:00:52Z</td>
          <td></td>
          <td ID="observations-desc-22">Head Occipital-frontal circumference</td>
          <td ID="observations-code-22">http://loinc.org 9843-4</td>
          <td>41.38 cm</td>
        </tr>
        <tr>
          <td>2024-04-23T14:00:52Z</td>
          <td></td>
          <td ID="observations-desc-23">Heart rate</td>
          <td ID="observations-code-23">http://loinc.org 8867-4</td>
          <td>85 /min</td>
        </tr>
        <tr>
          <td>2024-04-23T14:00:52Z</td>
          <td></td>
          <td ID="observations-desc-24">Respiratory rate</td>
          <td ID="observations-code-24">http://loinc.org 9279-1</td>
          <td>15 /min</td>
        </tr>
        <tr>
          <td>2024-06-25T14:00:52Z</td>
          <td></td>
          <td ID="observations-desc-25">Body Height</td>
          <td ID="observations-code-25">http://loinc.org 8302-2</td>
          <td>65.3 cm</td>
        </tr>
        <tr>
          <td>2024-06-25T14:00:52Z</td>
          <td></td>
          <td ID="observations-desc-26">Pain severity - 0-10 verbal numeric rating [Score] - Reported</td>
          <td ID="observations-code-26">http://loinc.org 72514-3</td>
          <td>1 {score}</td>
        </tr>
        <tr>
          <td>2024-06-25T14:00:52Z</td>
          <td></td>
          <td ID="observations-desc-27">Body Weight</td>
          <td ID="observations-code-27">http://loinc.org 29463-7</td>
          <td>8.9 kg</td>
        </tr>
        <tr>
          <td>2024-06-25T14:00:52Z</td>
          <td></td>
          <td ID="observations-desc-28">Weight-for-length Per age and sex</td>
          <td ID="observations-code-28">http://loinc.org 77606-2</td>
          <td>98.13095259002449 %</td>
        </tr>
        <tr>
          <td>2024-06-25T14:00:52Z</td>
          <td></td>
          <td ID="observations-desc-29">Head Occipital-frontal circumference Percentile</td>
          <td ID="observations-code-29">http://loinc.org 8289-1</td>
          <td>39.41 %</td>
        </tr>
        <tr>
          <td>2024-06-25T14:00:52Z</td>
          <td></td>
          <td ID="observations-desc-30">Head Occipital-frontal circumference</td>
          <td ID="observations-code-30">http://loinc.org 9843-4</td>
          <td>43.04 cm</td>
        </tr>
        <tr>
          <td>2024-06-25T14:00:52Z</td>
          <td></td>
          <td ID="observations-desc-31">Heart rate</td>
          <td ID="observations-code-31">http://loinc.org 8867-4</td>
          <td>95 /min</td>
        </tr>
        <tr>
          <td>2024-06-25T14:00:52Z</td>
          <td></td>
          <td ID="observations-desc-32">Respiratory rate</td>
          <td ID="observations-code-32">http://loinc.org 9279-1</td>
          <td>14 /min</td>
        </tr>
    </tbody>
  </table>
</text>
    <entry typeCode="DRIV">
      <organizer classCode="CLUSTER" moodCode="EVN">
        <templateId root="2.16.840.1.113883.10.20.22.4.26"/>
        <templateId root="2.16.840.1.113883.10.20.22.4.26" extension="2015-08-01"/>
        <!-- Vital signs organizer template -->
        <id root="15e21e45-c4b1-0fc8-7f88-f8931f2fa14a"/>
        <code code="46680005" codeSystem="2.16.840.1.113883.6.96" displayName="Vital signs" codeSystemName="SNOMED CT">
          <translation code="74728-7" displayName="Vital signs, weight, height, head circumference, oximetry, BMI, and BSA panel" codeSystem="2.16.840.1.113883.6.1" codeSystemName="LOINC" />
        </code>
        <statusCode code="completed"/>
        <effectiveTime value="20240910140052"/>
        <component>
          <observation classCode="OBS" moodCode="EVN">
            <templateId root="2.16.840.1.113883.10.20.22.4.27"/>
            <templateId root="2.16.840.1.113883.10.20.22.4.27" extension="2014-06-09"/>
            <!-- Result observation template -->
            <id root="ed950518-2e3a-c771-f51a-55eee714aeda"/>
        <code  code="8302-2" codeSystem="2.16.840.1.113883.6.1" displayName="Body Height">
          <originalText><reference value="#observations-desc-1"/></originalText>
        </code>
            <text>
              <reference value="#observations-desc-1"/>
            </text>
            <statusCode code="completed"/>
            <effectiveTime value="20240116140052"/>
            <value xsi:type="PQ" value="51.8" unit="cm"/>
          </observation>
        </component>
        <component>
          <observation classCode="OBS" moodCode="EVN">
            <templateId root="2.16.840.1.113883.10.20.22.4.27"/>
            <templateId root="2.16.840.1.113883.10.20.22.4.27" extension="2014-06-09"/>
            <!-- Result observation template -->
            <id root="1faab44f-261a-4da4-b387-c7f3efad0707"/>
        <code  code="72514-3" codeSystem="2.16.840.1.113883.6.1" displayName="Pain severity - 0-10 verbal numeric rating [Score] - Reported">
          <originalText><reference value="#observations-desc-2"/></originalText>
        </code>
            <text>
              <reference value="#observations-desc-2"/>
            </text>
            <statusCode code="completed"/>
            <effectiveTime value="20240116140052"/>
            <value xsi:type="PQ" value="1" unit="{score}"/>
          </observation>
        </component>
        <component>
          <observation classCode="OBS" moodCode="EVN">
            <templateId root="2.16.840.1.113883.10.20.22.4.27"/>
            <templateId root="2.16.840.1.113883.10.20.22.4.27" extension="2014-06-09"/>
            <!-- Result observation template -->
            <id root="18b260a0-1d0b-600c-ec0e-c507304e4e00"/>
        <code  code="29463-7" codeSystem="2.16.840.1.113883.6.1" displayName="Body Weight">
          <originalText><reference value="#observations-desc-3"/></originalText>
        </code>
            <text>
              <reference value="#observations-desc-3"/>
            </text>
            <statusCode code="completed"/>
            <effectiveTime value="20240116140052"/>
            <value xsi:type="PQ" value="4.7" unit="kg"/>
          </observation>
        </component>
        <component>
          <observation classCode="OBS" moodCode="EVN">
            <templateId root="2.16.840.1.113883.10.20.22.4.27"/>
            <templateId root="2.16.840.1.113883.10.20.22.4.27" extension="2014-06-09"/>
            <!-- Result observation template -->
            <id root="7eb8ef5e-6b38-941b-93c2-015294191dad"/>
        <code  code="77606-2" codeSystem="2.16.840.1.113883.6.1" displayName="Weight-for-length Per age and sex">
          <originalText><reference value="#observations-desc-4"/></originalText>
        </code>
            <text>
              <reference value="#observations-desc-4"/>
            </text>
            <statusCode code="completed"/>
            <effectiveTime value="20240116140052"/>
            <value xsi:type="PQ" value="94.20600480577178" unit="%"/>
          </observation>
        </component>
        <component>
          <observation classCode="OBS" moodCode="EVN">
            <templateId root="2.16.840.1.113883.10.20.22.4.27"/>
            <templateId root="2.16.840.1.113883.10.20.22.4.27" extension="2014-06-09"/>
            <!-- Result observation template -->
            <id root="32c880db-8253-d2b9-7985-7009f8da91ed"/>
        <code  code="8289-1" codeSystem="2.16.840.1.113883.6.1" displayName="Head Occipital-frontal circumference Percentile">
          <originalText><reference value="#observations-desc-5"/></originalText>
        </code>
            <text>
              <reference value="#observations-desc-5"/>
            </text>
            <statusCode code="completed"/>
            <effectiveTime value="20240116140052"/>
            <value xsi:type="PQ" value="39.41" unit="%"/>
          </observation>
        </component>
        <component>
          <observation classCode="OBS" moodCode="EVN">
            <templateId root="2.16.840.1.113883.10.20.22.4.27"/>
            <templateId root="2.16.840.1.113883.10.20.22.4.27" extension="2014-06-09"/>
            <!-- Result observation template -->
            <id root="64b54242-867b-c661-7fb4-bb8ecac2ec85"/>
        <code  code="9843-4" codeSystem="2.16.840.1.113883.6.1" displayName="Head Occipital-frontal circumference">
          <originalText><reference value="#observations-desc-6"/></originalText>
        </code>
            <text>
              <reference value="#observations-desc-6"/>
            </text>
            <statusCode code="completed"/>
            <effectiveTime value="20240116140052"/>
            <value xsi:type="PQ" value="35.3" unit="cm"/>
          </observation>
        </component>
        <component>
          <observation classCode="OBS" moodCode="EVN">
            <templateId root="2.16.840.1.113883.10.20.22.4.27"/>
            <templateId root="2.16.840.1.113883.10.20.22.4.27" extension="2014-06-09"/>
            <!-- Result observation template -->
            <id root="85c6344b-fb12-a095-319b-f5d182cc5c0e"/>
        <code  code="8867-4" codeSystem="2.16.840.1.113883.6.1" displayName="Heart rate">
          <originalText><reference value="#observations-desc-7"/></originalText>
        </code>
            <text>
              <reference value="#observations-desc-7"/>
            </text>
            <statusCode code="completed"/>
            <effectiveTime value="20240116140052"/>
            <value xsi:type="PQ" value="94" unit="/min"/>
          </observation>
        </component>
        <component>
          <observation classCode="OBS" moodCode="EVN">
            <templateId root="2.16.840.1.113883.10.20.22.4.27"/>
            <templateId root="2.16.840.1.113883.10.20.22.4.27" extension="2014-06-09"/>
            <!-- Result observation template -->
            <id root="2e1e6fe2-c680-7e73-49ce-570f63f6a957"/>
        <code  code="9279-1" codeSystem="2.16.840.1.113883.6.1" displayName="Respiratory rate">
          <originalText><reference value="#observations-desc-8"/></originalText>
        </code>
            <text>
              <reference value="#observations-desc-8"/>
            </text>
            <statusCode code="completed"/>
            <effectiveTime value="20240116140052"/>
            <value xsi:type="PQ" value="15" unit="/min"/>
          </observation>
        </component>
        <component>
          <observation classCode="OBS" moodCode="EVN">
            <templateId root="2.16.840.1.113883.10.20.22.4.27"/>
            <templateId root="2.16.840.1.113883.10.20.22.4.27" extension="2014-06-09"/>
            <!-- Result observation template -->
            <id root="e4a6bb86-37be-58ca-d52c-04c410dbeaa2"/>
        <code  code="8302-2" codeSystem="2.16.840.1.113883.6.1" displayName="Body Height">
          <originalText><reference value="#observations-desc-9"/></originalText>
        </code>
            <text>
              <reference value="#observations-desc-9"/>
            </text>
            <statusCode code="completed"/>
            <effectiveTime value="20240220140052"/>
            <value xsi:type="PQ" value="55.8" unit="cm"/>
          </observation>
        </component>
        <component>
          <observation classCode="OBS" moodCode="EVN">
            <templateId root="2.16.840.1.113883.10.20.22.4.27"/>
            <templateId root="2.16.840.1.113883.10.20.22.4.27" extension="2014-06-09"/>
            <!-- Result observation template -->
            <id root="374f6eb2-41e6-1dc7-007a-11838fd579a3"/>
        <code  code="72514-3" codeSystem="2.16.840.1.113883.6.1" displayName="Pain severity - 0-10 verbal numeric rating [Score] - Reported">
          <originalText><reference value="#observations-desc-10"/></originalText>
        </code>
            <text>
              <reference value="#observations-desc-10"/>
            </text>
            <statusCode code="completed"/>
            <effectiveTime value="20240220140052"/>
            <value xsi:type="PQ" value="4" unit="{score}"/>
          </observation>
        </component>
        <component>
          <observation classCode="OBS" moodCode="EVN">
            <templateId root="2.16.840.1.113883.10.20.22.4.27"/>
            <templateId root="2.16.840.1.113883.10.20.22.4.27" extension="2014-06-09"/>
            <!-- Result observation template -->
            <id root="6c8370a3-c9eb-4a22-f0c6-b462cb539b05"/>
        <code  code="29463-7" codeSystem="2.16.840.1.113883.6.1" displayName="Body Weight">
          <originalText><reference value="#observations-desc-11"/></originalText>
        </code>
            <text>
              <reference value="#observations-desc-11"/>
            </text>
            <statusCode code="completed"/>
            <effectiveTime value="20240220140052"/>
            <value xsi:type="PQ" value="5.7" unit="kg"/>
          </observation>
        </component>
        <component>
          <observation classCode="OBS" moodCode="EVN">
            <templateId root="2.16.840.1.113883.10.20.22.4.27"/>
            <templateId root="2.16.840.1.113883.10.20.22.4.27" extension="2014-06-09"/>
            <!-- Result observation template -->
            <id root="30dec48d-d79d-2d02-da9a-5d4ba5b21c61"/>
        <code  code="77606-2" codeSystem="2.16.840.1.113883.6.1" displayName="Weight-for-length Per age and sex">
          <originalText><reference value="#observations-desc-12"/></originalText>
        </code>
            <text>
              <reference value="#observations-desc-12"/>
            </text>
            <statusCode code="completed"/>
            <effectiveTime value="20240220140052"/>
            <value xsi:type="PQ" value="91.1526534415782" unit="%"/>
          </observation>
        </component>
        <component>
          <observation classCode="OBS" moodCode="EVN">
            <templateId root="2.16.840.1.113883.10.20.22.4.27"/>
            <templateId root="2.16.840.1.113883.10.20.22.4.27" extension="2014-06-09"/>
            <!-- Result observation template -->
            <id root="84d56ab6-c8d2-40a6-7aff-76af13dd1e38"/>
        <code  code="8289-1" codeSystem="2.16.840.1.113883.6.1" displayName="Head Occipital-frontal circumference Percentile">
          <originalText><reference value="#observations-desc-13"/></originalText>
        </code>
            <text>
              <reference value="#observations-desc-13"/>
            </text>
            <statusCode code="completed"/>
            <effectiveTime value="20240220140052"/>
            <value xsi:type="PQ" value="39.41" unit="%"/>
          </observation>
        </component>
        <component>
          <observation classCode="OBS" moodCode="EVN">
            <templateId root="2.16.840.1.113883.10.20.22.4.27"/>
            <templateId root="2.16.840.1.113883.10.20.22.4.27" extension="2014-06-09"/>
            <!-- Result observation template -->
            <id root="1934f3ae-9452-7123-9717-60b68992d06d"/>
        <code  code="9843-4" codeSystem="2.16.840.1.113883.6.1" displayName="Head Occipital-frontal circumference">
          <originalText><reference value="#observations-desc-14"/></originalText>
        </code>
            <text>
              <reference value="#observations-desc-14"/>
            </text>
            <statusCode code="completed"/>
            <effectiveTime value="20240220140052"/>
            <value xsi:type="PQ" value="38.77" unit="cm"/>
          </observation>
        </component>
        <component>
          <observation classCode="OBS" moodCode="EVN">
            <templateId root="2.16.840.1.113883.10.20.22.4.27"/>
            <templateId root="2.16.840.1.113883.10.20.22.4.27" extension="2014-06-09"/>
            <!-- Result observation template -->
            <id root="f1e4a240-dff7-cca8-834f-31422e93acb8"/>
        <code  code="8867-4" codeSystem="2.16.840.1.113883.6.1" displayName="Heart rate">
          <originalText><reference value="#observations-desc-15"/></originalText>
        </code>
            <text>
              <reference value="#observations-desc-15"/>
            </text>
            <statusCode code="completed"/>
            <effectiveTime value="20240220140052"/>
            <value xsi:type="PQ" value="61" unit="/min"/>
          </observation>
        </component>
        <component>
          <observation classCode="OBS" moodCode="EVN">
            <templateId root="2.16.840.1.113883.10.20.22.4.27"/>
            <templateId root="2.16.840.1.113883.10.20.22.4.27" extension="2014-06-09"/>
            <!-- Result observation template -->
            <id root="138f7bc3-4122-d7d0-2199-65c914b590a5"/>
        <code  code="9279-1" codeSystem="2.16.840.1.113883.6.1" displayName="Respiratory rate">
          <originalText><reference value="#observations-desc-16"/></originalText>
        </code>
            <text>
              <reference value="#observations-desc-16"/>
            </text>
            <statusCode code="completed"/>
            <effectiveTime value="20240220140052"/>
            <value xsi:type="PQ" value="14" unit="/min"/>
          </observation>
        </component>
        <component>
          <observation classCode="OBS" moodCode="EVN">
            <templateId root="2.16.840.1.113883.10.20.22.4.27"/>
            <templateId root="2.16.840.1.113883.10.20.22.4.27" extension="2014-06-09"/>
            <!-- Result observation template -->
            <id root="45444304-209c-66ba-137f-2c0963cafad0"/>
        <code  code="8302-2" codeSystem="2.16.840.1.113883.6.1" displayName="Body Height">
          <originalText><reference value="#observations-desc-17"/></originalText>
        </code>
            <text>
              <reference value="#observations-desc-17"/>
            </text>
            <statusCode code="completed"/>
            <effectiveTime value="20240423140052"/>
            <value xsi:type="PQ" value="61.3" unit="cm"/>
          </observation>
        </component>
        <component>
          <observation classCode="OBS" moodCode="EVN">
            <templateId root="2.16.840.1.113883.10.20.22.4.27"/>
            <templateId root="2.16.840.1.113883.10.20.22.4.27" extension="2014-06-09"/>
            <!-- Result observation template -->
            <id root="78cc7934-4857-1969-c882-06905d0c4da1"/>
        <code  code="72514-3" codeSystem="2.16.840.1.113883.6.1" displayName="Pain severity - 0-10 verbal numeric rating [Score] - Reported">
          <originalText><reference value="#observations-desc-18"/></originalText>
        </code>
            <text>
              <reference value="#observations-desc-18"/>
            </text>
            <statusCode code="completed"/>
            <effectiveTime value="20240423140052"/>
            <value xsi:type="PQ" value="2" unit="{score}"/>
          </observation>
        </component>
        <component>
          <observation classCode="OBS" moodCode="EVN">
            <templateId root="2.16.840.1.113883.10.20.22.4.27"/>
            <templateId root="2.16.840.1.113883.10.20.22.4.27" extension="2014-06-09"/>
            <!-- Result observation template -->
            <id root="d753d83e-fa15-026f-be49-de4d5b300467"/>
        <code  code="29463-7" codeSystem="2.16.840.1.113883.6.1" displayName="Body Weight">
          <originalText><reference value="#observations-desc-19"/></originalText>
        </code>
            <text>
              <reference value="#observations-desc-19"/>
            </text>
            <statusCode code="completed"/>
            <effectiveTime value="20240423140052"/>
            <value xsi:type="PQ" value="7.5" unit="kg"/>
          </observation>
        </component>
        <component>
          <observation classCode="OBS" moodCode="EVN">
            <templateId root="2.16.840.1.113883.10.20.22.4.27"/>
            <templateId root="2.16.840.1.113883.10.20.22.4.27" extension="2014-06-09"/>
            <!-- Result observation template -->
            <id root="0605ffd6-f836-4580-8850-8cadff4b5b34"/>
        <code  code="77606-2" codeSystem="2.16.840.1.113883.6.1" displayName="Weight-for-length Per age and sex">
          <originalText><reference value="#observations-desc-20"/></originalText>
        </code>
            <text>
              <reference value="#observations-desc-20"/>
            </text>
            <statusCode code="completed"/>
            <effectiveTime value="20240423140052"/>
            <value xsi:type="PQ" value="96.6341407282568" unit="%"/>
          </observation>
        </component>
        <component>
          <observation classCode="OBS" moodCode="EVN">
            <templateId root="2.16.840.1.113883.10.20.22.4.27"/>
            <templateId root="2.16.840.1.113883.10.20.22.4.27" extension="2014-06-09"/>
            <!-- Result observation template -->
            <id root="ea7f675a-85da-707d-0a26-45a129d5b2ce"/>
        <code  code="8289-1" codeSystem="2.16.840.1.113883.6.1" displayName="Head Occipital-frontal circumference Percentile">
          <originalText><reference value="#observations-desc-21"/></originalText>
        </code>
            <text>
              <reference value="#observations-desc-21"/>
            </text>
            <statusCode code="completed"/>
            <effectiveTime value="20240423140052"/>
            <value xsi:type="PQ" value="39.41" unit="%"/>
          </observation>
        </component>
        <component>
          <observation classCode="OBS" moodCode="EVN">
            <templateId root="2.16.840.1.113883.10.20.22.4.27"/>
            <templateId root="2.16.840.1.113883.10.20.22.4.27" extension="2014-06-09"/>
            <!-- Result observation template -->
            <id root="c90235e4-13e7-6c35-e445-822865673a40"/>
        <code  code="9843-4" codeSystem="2.16.840.1.113883.6.1" displayName="Head Occipital-frontal circumference">
          <originalText><reference value="#observations-desc-22"/></originalText>
        </code>
            <text>
              <reference value="#observations-desc-22"/>
            </text>
            <statusCode code="completed"/>
            <effectiveTime value="20240423140052"/>
            <value xsi:type="PQ" value="41.38" unit="cm"/>
          </observation>
        </component>
        <component>
          <observation classCode="OBS" moodCode="EVN">
            <templateId root="2.16.840.1.113883.10.20.22.4.27"/>
            <templateId root="2.16.840.1.113883.10.20.22.4.27" extension="2014-06-09"/>
            <!-- Result observation template -->
            <id root="a0062821-ac0a-9a76-9bad-fe8cbfcc362a"/>
        <code  code="8867-4" codeSystem="2.16.840.1.113883.6.1" displayName="Heart rate">
          <originalText><reference value="#observations-desc-23"/></originalText>
        </code>
            <text>
              <reference value="#observations-desc-23"/>
            </text>
            <statusCode code="completed"/>
            <effectiveTime value="20240423140052"/>
            <value xsi:type="PQ" value="85" unit="/min"/>
          </observation>
        </component>
        <component>
          <observation classCode="OBS" moodCode="EVN">
            <templateId root="2.16.840.1.113883.10.20.22.4.27"/>
            <templateId root="2.16.840.1.113883.10.20.22.4.27" extension="2014-06-09"/>
            <!-- Result observation template -->
            <id root="392d95d0-ac55-a243-2268-40c03b90fa4b"/>
        <code  code="9279-1" codeSystem="2.16.840.1.113883.6.1" displayName="Respiratory rate">
          <originalText><reference value="#observations-desc-24"/></originalText>
        </code>
            <text>
              <reference value="#observations-desc-24"/>
            </text>
            <statusCode code="completed"/>
            <effectiveTime value="20240423140052"/>
            <value xsi:type="PQ" value="15" unit="/min"/>
          </observation>
        </component>
        <component>
          <observation classCode="OBS" moodCode="EVN">
            <templateId root="2.16.840.1.113883.10.20.22.4.27"/>
            <templateId root="2.16.840.1.113883.10.20.22.4.27" extension="2014-06-09"/>
            <!-- Result observation template -->
            <id root="36996e76-df82-a210-32d8-7d06f59f8274"/>
        <code  code="8302-2" codeSystem="2.16.840.1.113883.6.1" displayName="Body Height">
          <originalText><reference value="#observations-desc-25"/></originalText>
        </code>
            <text>
              <reference value="#observations-desc-25"/>
            </text>
            <statusCode code="completed"/>
            <effectiveTime value="20240625140052"/>
            <value xsi:type="PQ" value="65.3" unit="cm"/>
          </observation>
        </component>
        <component>
          <observation classCode="OBS" moodCode="EVN">
            <templateId root="2.16.840.1.113883.10.20.22.4.27"/>
            <templateId root="2.16.840.1.113883.10.20.22.4.27" extension="2014-06-09"/>
            <!-- Result observation template -->
            <id root="1a79dbae-e782-e5cc-f5b7-377733a8232e"/>
        <code  code="72514-3" codeSystem="2.16.840.1.113883.6.1" displayName="Pain severity - 0-10 verbal numeric rating [Score] - Reported">
          <originalText><reference value="#observations-desc-26"/></originalText>
        </code>
            <text>
              <reference value="#observations-desc-26"/>
            </text>
            <statusCode code="completed"/>
            <effectiveTime value="20240625140052"/>
            <value xsi:type="PQ" value="1" unit="{score}"/>
          </observation>
        </component>
        <component>
          <observation classCode="OBS" moodCode="EVN">
            <templateId root="2.16.840.1.113883.10.20.22.4.27"/>
            <templateId root="2.16.840.1.113883.10.20.22.4.27" extension="2014-06-09"/>
            <!-- Result observation template -->
            <id root="5880be9f-3a3c-cd1b-5bd0-16c81f9592ce"/>
        <code  code="29463-7" codeSystem="2.16.840.1.113883.6.1" displayName="Body Weight">
          <originalText><reference value="#observations-desc-27"/></originalText>
        </code>
            <text>
              <reference value="#observations-desc-27"/>
            </text>
            <statusCode code="completed"/>
            <effectiveTime value="20240625140052"/>
            <value xsi:type="PQ" value="8.9" unit="kg"/>
          </observation>
        </component>
        <component>
          <observation classCode="OBS" moodCode="EVN">
            <templateId root="2.16.840.1.113883.10.20.22.4.27"/>
            <templateId root="2.16.840.1.113883.10.20.22.4.27" extension="2014-06-09"/>
            <!-- Result observation template -->
            <id root="709e38c8-cf30-aaa3-88fc-b9958e455031"/>
        <code  code="77606-2" codeSystem="2.16.840.1.113883.6.1" displayName="Weight-for-length Per age and sex">
          <originalText><reference value="#observations-desc-28"/></originalText>
        </code>
            <text>
              <reference value="#observations-desc-28"/>
            </text>
            <statusCode code="completed"/>
            <effectiveTime value="20240625140052"/>
            <value xsi:type="PQ" value="98.13095259002449" unit="%"/>
          </observation>
        </component>
        <component>
          <observation classCode="OBS" moodCode="EVN">
            <templateId root="2.16.840.1.113883.10.20.22.4.27"/>
            <templateId root="2.16.840.1.113883.10.20.22.4.27" extension="2014-06-09"/>
            <!-- Result observation template -->
            <id root="b81a0134-0d67-e531-e8cd-005f81600a31"/>
        <code  code="8289-1" codeSystem="2.16.840.1.113883.6.1" displayName="Head Occipital-frontal circumference Percentile">
          <originalText><reference value="#observations-desc-29"/></originalText>
        </code>
            <text>
              <reference value="#observations-desc-29"/>
            </text>
            <statusCode code="completed"/>
            <effectiveTime value="20240625140052"/>
            <value xsi:type="PQ" value="39.41" unit="%"/>
          </observation>
        </component>
        <component>
          <observation classCode="OBS" moodCode="EVN">
            <templateId root="2.16.840.1.113883.10.20.22.4.27"/>
            <templateId root="2.16.840.1.113883.10.20.22.4.27" extension="2014-06-09"/>
            <!-- Result observation template -->
            <id root="2a879712-cb8c-2ca2-222f-810ed93f09cf"/>
        <code  code="9843-4" codeSystem="2.16.840.1.113883.6.1" displayName="Head Occipital-frontal circumference">
          <originalText><reference value="#observations-desc-30"/></originalText>
        </code>
            <text>
              <reference value="#observations-desc-30"/>
            </text>
            <statusCode code="completed"/>
            <effectiveTime value="20240625140052"/>
            <value xsi:type="PQ" value="43.04" unit="cm"/>
          </observation>
        </component>
        <component>
          <observation classCode="OBS" moodCode="EVN">
            <templateId root="2.16.840.1.113883.10.20.22.4.27"/>
            <templateId root="2.16.840.1.113883.10.20.22.4.27" extension="2014-06-09"/>
            <!-- Result observation template -->
            <id root="025b0fe4-6a0f-37b4-ba68-46fa7e7b3d67"/>
        <code  code="8867-4" codeSystem="2.16.840.1.113883.6.1" displayName="Heart rate">
          <originalText><reference value="#observations-desc-31"/></originalText>
        </code>
            <text>
              <reference value="#observations-desc-31"/>
            </text>
            <statusCode code="completed"/>
            <effectiveTime value="20240625140052"/>
            <value xsi:type="PQ" value="95" unit="/min"/>
          </observation>
        </component>
        <component>
          <observation classCode="OBS" moodCode="EVN">
            <templateId root="2.16.840.1.113883.10.20.22.4.27"/>
            <templateId root="2.16.840.1.113883.10.20.22.4.27" extension="2014-06-09"/>
            <!-- Result observation template -->
            <id root="394625c3-d7d0-2adf-16fb-7e3038241c37"/>
        <code  code="9279-1" codeSystem="2.16.840.1.113883.6.1" displayName="Respiratory rate">
          <originalText><reference value="#observations-desc-32"/></originalText>
        </code>
            <text>
              <reference value="#observations-desc-32"/>
            </text>
            <statusCode code="completed"/>
            <effectiveTime value="20240625140052"/>
            <value xsi:type="PQ" value="14" unit="/min"/>
          </observation>
        </component>
      </organizer>
    </entry>
  </section>
</component>
<component>
  <!--Immunizations-->
  <section>
    <templateId root="2.16.840.1.113883.10.20.22.2.2" extension="2015-08-01"/>
    <!--Immunizations section template-->
    <code code="11369-6" codeSystem="2.16.840.1.113883.6.1" codeSystemName="LOINC" displayName="History of immunizations"/>
    <title>Immunizations</title>
<text>
  <table border="1" width="100%">
    <thead>
      <tr>
        <th>Start</th>
        <th>Stop</th>
        <th>Description</th>
        <th>Code</th>
      </tr>
    </thead>
    <tbody>
        <tr>
          <td>2024-01-16T14:00:52Z</td>
          <td></td>
          <td ID="immunizations-desc-1">Hep B, adolescent or pediatric</td>
          <td ID="immunizations-code-1">http://hl7.org/fhir/sid/cvx 08</td>
        </tr>
        <tr>
          <td>2024-02-20T14:00:52Z</td>
          <td></td>
          <td ID="immunizations-desc-2">Hep B, adolescent or pediatric</td>
          <td ID="immunizations-code-2">http://hl7.org/fhir/sid/cvx 08</td>
        </tr>
        <tr>
          <td>2024-04-23T14:00:52Z</td>
          <td></td>
          <td ID="immunizations-desc-3">Hib (PRP-OMP)</td>
          <td ID="immunizations-code-3">http://hl7.org/fhir/sid/cvx 49</td>
        </tr>
        <tr>
          <td>2024-04-23T14:00:52Z</td>
          <td></td>
          <td ID="immunizations-desc-4">rotavirus, monovalent</td>
          <td ID="immunizations-code-4">http://hl7.org/fhir/sid/cvx 119</td>
        </tr>
        <tr>
          <td>2024-04-23T14:00:52Z</td>
          <td></td>
          <td ID="immunizations-desc-5">IPV</td>
          <td ID="immunizations-code-5">http://hl7.org/fhir/sid/cvx 10</td>
        </tr>
        <tr>
          <td>2024-04-23T14:00:52Z</td>
          <td></td>
          <td ID="immunizations-desc-6">DTaP</td>
          <td ID="immunizations-code-6">http://hl7.org/fhir/sid/cvx 20</td>
        </tr>
        <tr>
          <td>2024-04-23T14:00:52Z</td>
          <td></td>
          <td ID="immunizations-desc-7">Pneumococcal conjugate PCV 13</td>
          <td ID="immunizations-code-7">http://hl7.org/fhir/sid/cvx 133</td>
        </tr>
        <tr>
          <td>2024-06-25T14:00:52Z</td>
          <td></td>
          <td ID="immunizations-desc-8">Hib (PRP-OMP)</td>
          <td ID="immunizations-code-8">http://hl7.org/fhir/sid/cvx 49</td>
        </tr>
        <tr>
          <td>2024-06-25T14:00:52Z</td>
          <td></td>
          <td ID="immunizations-desc-9">rotavirus, monovalent</td>
          <td ID="immunizations-code-9">http://hl7.org/fhir/sid/cvx 119</td>
        </tr>
        <tr>
          <td>2024-06-25T14:00:52Z</td>
          <td></td>
          <td ID="immunizations-desc-10">IPV</td>
          <td ID="immunizations-code-10">http://hl7.org/fhir/sid/cvx 10</td>
        </tr>
        <tr>
          <td>2024-06-25T14:00:52Z</td>
          <td></td>
          <td ID="immunizations-desc-11">DTaP</td>
          <td ID="immunizations-code-11">http://hl7.org/fhir/sid/cvx 20</td>
        </tr>
        <tr>
          <td>2024-06-25T14:00:52Z</td>
          <td></td>
          <td ID="immunizations-desc-12">Pneumococcal conjugate PCV 13</td>
          <td ID="immunizations-code-12">http://hl7.org/fhir/sid/cvx 133</td>
        </tr>
    </tbody>
  </table>
</text>
    <entry typeCode="DRIV">
      <substanceAdministration classCode="SBADM" moodCode="EVN" negationInd="false">
        <templateId root="2.16.840.1.113883.10.20.22.4.52"/>
        <!-- Medication activity template -->
        <id root="67d8119f-d180-2a19-2337-2145f5d9d228"/>
        <code code='IMMUNIZ' codeSystem='2.16.840.1.113883.5.4' codeSystemName='ActCode'/>
        <text>
          <reference value="#immunizations-desc-1"/>
        </text>
        <statusCode code="completed"/>
        <effectiveTime value="20240116140052"/>
        <doseQuantity nullFlavor="UNK"/>
        <consumable>
          <manufacturedProduct classCode="MANU">
            <templateId root="2.16.840.1.113883.10.20.22.4.54"/>
            <!-- Product template -->
            <manufacturedMaterial>
        <code  code="08" codeSystem="2.16.840.1.113883.12.292" displayName="Hep B, adolescent or pediatric">
          <originalText><reference value="#immunizations-desc-1"/></originalText>
        </code>
              <name>Hep B, adolescent or pediatric</name>
            </manufacturedMaterial>
          </manufacturedProduct>
        </consumable>
      </substanceAdministration>
    </entry>
    <entry typeCode="DRIV">
      <substanceAdministration classCode="SBADM" moodCode="EVN" negationInd="false">
        <templateId root="2.16.840.1.113883.10.20.22.4.52"/>
        <!-- Medication activity template -->
        <id root="e3f5d2ab-de7e-e60f-5035-cdb89cbcb872"/>
        <code code='IMMUNIZ' codeSystem='2.16.840.1.113883.5.4' codeSystemName='ActCode'/>
        <text>
          <reference value="#immunizations-desc-2"/>
        </text>
        <statusCode code="completed"/>
        <effectiveTime value="20240220140052"/>
        <doseQuantity nullFlavor="UNK"/>
        <consumable>
          <manufacturedProduct classCode="MANU">
            <templateId root="2.16.840.1.113883.10.20.22.4.54"/>
            <!-- Product template -->
            <manufacturedMaterial>
        <code  code="08" codeSystem="2.16.840.1.113883.12.292" displayName="Hep B, adolescent or pediatric">
          <originalText><reference value="#immunizations-desc-2"/></originalText>
        </code>
              <name>Hep B, adolescent or pediatric</name>
            </manufacturedMaterial>
          </manufacturedProduct>
        </consumable>
      </substanceAdministration>
    </entry>
    <entry typeCode="DRIV">
      <substanceAdministration classCode="SBADM" moodCode="EVN" negationInd="false">
        <templateId root="2.16.840.1.113883.10.20.22.4.52"/>
        <!-- Medication activity template -->
        <id root="653a0de1-80de-4c3e-b18e-c9b09acb8e25"/>
        <code code='IMMUNIZ' codeSystem='2.16.840.1.113883.5.4' codeSystemName='ActCode'/>
        <text>
          <reference value="#immunizations-desc-3"/>
        </text>
        <statusCode code="completed"/>
        <effectiveTime value="20240423140052"/>
        <doseQuantity nullFlavor="UNK"/>
        <consumable>
          <manufacturedProduct classCode="MANU">
            <templateId root="2.16.840.1.113883.10.20.22.4.54"/>
            <!-- Product template -->
            <manufacturedMaterial>
        <code  code="49" codeSystem="2.16.840.1.113883.12.292" displayName="Hib (PRP-OMP)">
          <originalText><reference value="#immunizations-desc-3"/></originalText>
        </code>
              <name>Hib (PRP-OMP)</name>
            </manufacturedMaterial>
          </manufacturedProduct>
        </consumable>
      </substanceAdministration>
    </entry>
    <entry typeCode="DRIV">
      <substanceAdministration classCode="SBADM" moodCode="EVN" negationInd="false">
        <templateId root="2.16.840.1.113883.10.20.22.4.52"/>
        <!-- Medication activity template -->
        <id root="3c2c5422-4352-6b91-a94b-c4da81b66a71"/>
        <code code='IMMUNIZ' codeSystem='2.16.840.1.113883.5.4' codeSystemName='ActCode'/>
        <text>
          <reference value="#immunizations-desc-4"/>
        </text>
        <statusCode code="completed"/>
        <effectiveTime value="20240423140052"/>
        <doseQuantity nullFlavor="UNK"/>
        <consumable>
          <manufacturedProduct classCode="MANU">
            <templateId root="2.16.840.1.113883.10.20.22.4.54"/>
            <!-- Product template -->
            <manufacturedMaterial>
        <code  code="119" codeSystem="2.16.840.1.113883.12.292" displayName="rotavirus, monovalent">
          <originalText><reference value="#immunizations-desc-4"/></originalText>
        </code>
              <name>rotavirus, monovalent</name>
            </manufacturedMaterial>
          </manufacturedProduct>
        </consumable>
      </substanceAdministration>
    </entry>
    <entry typeCode="DRIV">
      <substanceAdministration classCode="SBADM" moodCode="EVN" negationInd="false">
        <templateId root="2.16.840.1.113883.10.20.22.4.52"/>
        <!-- Medication activity template -->
        <id root="f7473b0c-20c4-f60f-c4e1-d1a87ec3a159"/>
        <code code='IMMUNIZ' codeSystem='2.16.840.1.113883.5.4' codeSystemName='ActCode'/>
        <text>
          <reference value="#immunizations-desc-5"/>
        </text>
        <statusCode code="completed"/>
        <effectiveTime value="20240423140052"/>
        <doseQuantity nullFlavor="UNK"/>
        <consumable>
          <manufacturedProduct classCode="MANU">
            <templateId root="2.16.840.1.113883.10.20.22.4.54"/>
            <!-- Product template -->
            <manufacturedMaterial>
        <code  code="10" codeSystem="2.16.840.1.113883.12.292" displayName="IPV">
          <originalText><reference value="#immunizations-desc-5"/></originalText>
        </code>
              <name>IPV</name>
            </manufacturedMaterial>
          </manufacturedProduct>
        </consumable>
      </substanceAdministration>
    </entry>
    <entry typeCode="DRIV">
      <substanceAdministration classCode="SBADM" moodCode="EVN" negationInd="false">
        <templateId root="2.16.840.1.113883.10.20.22.4.52"/>
        <!-- Medication activity template -->
        <id root="0e710b49-6aac-3221-2f8c-ec632009aad6"/>
        <code code='IMMUNIZ' codeSystem='2.16.840.1.113883.5.4' codeSystemName='ActCode'/>
        <text>
          <reference value="#immunizations-desc-6"/>
        </text>
        <statusCode code="completed"/>
        <effectiveTime value="20240423140052"/>
        <doseQuantity nullFlavor="UNK"/>
        <consumable>
          <manufacturedProduct classCode="MANU">
            <templateId root="2.16.840.1.113883.10.20.22.4.54"/>
            <!-- Product template -->
            <manufacturedMaterial>
        <code  code="20" codeSystem="2.16.840.1.113883.12.292" displayName="DTaP">
          <originalText><reference value="#immunizations-desc-6"/></originalText>
        </code>
              <name>DTaP</name>
            </manufacturedMaterial>
          </manufacturedProduct>
        </consumable>
      </substanceAdministration>
    </entry>
    <entry typeCode="DRIV">
      <substanceAdministration classCode="SBADM" moodCode="EVN" negationInd="false">
        <templateId root="2.16.840.1.113883.10.20.22.4.52"/>
        <!-- Medication activity template -->
        <id root="952cbeb0-6fae-9787-9451-76ff8808a42b"/>
        <code code='IMMUNIZ' codeSystem='2.16.840.1.113883.5.4' codeSystemName='ActCode'/>
        <text>
          <reference value="#immunizations-desc-7"/>
        </text>
        <statusCode code="completed"/>
        <effectiveTime value="20240423140052"/>
        <doseQuantity nullFlavor="UNK"/>
        <consumable>
          <manufacturedProduct classCode="MANU">
            <templateId root="2.16.840.1.113883.10.20.22.4.54"/>
            <!-- Product template -->
            <manufacturedMaterial>
        <code  code="133" codeSystem="2.16.840.1.113883.12.292" displayName="Pneumococcal conjugate PCV 13">
          <originalText><reference value="#immunizations-desc-7"/></originalText>
        </code>
              <name>Pneumococcal conjugate PCV 13</name>
            </manufacturedMaterial>
          </manufacturedProduct>
        </consumable>
      </substanceAdministration>
    </entry>
    <entry typeCode="DRIV">
      <substanceAdministration classCode="SBADM" moodCode="EVN" negationInd="false">
        <templateId root="2.16.840.1.113883.10.20.22.4.52"/>
        <!-- Medication activity template -->
        <id root="7a1d710d-eed7-afd2-709c-7f567966bf45"/>
        <code code='IMMUNIZ' codeSystem='2.16.840.1.113883.5.4' codeSystemName='ActCode'/>
        <text>
          <reference value="#immunizations-desc-8"/>
        </text>
        <statusCode code="completed"/>
        <effectiveTime value="20240625140052"/>
        <doseQuantity nullFlavor="UNK"/>
        <consumable>
          <manufacturedProduct classCode="MANU">
            <templateId root="2.16.840.1.113883.10.20.22.4.54"/>
            <!-- Product template -->
            <manufacturedMaterial>
        <code  code="49" codeSystem="2.16.840.1.113883.12.292" displayName="Hib (PRP-OMP)">
          <originalText><reference value="#immunizations-desc-8"/></originalText>
        </code>
              <name>Hib (PRP-OMP)</name>
            </manufacturedMaterial>
          </manufacturedProduct>
        </consumable>
      </substanceAdministration>
    </entry>
    <entry typeCode="DRIV">
      <substanceAdministration classCode="SBADM" moodCode="EVN" negationInd="false">
        <templateId root="2.16.840.1.113883.10.20.22.4.52"/>
        <!-- Medication activity template -->
        <id root="5ff41fc6-0663-f8a6-4b69-d7cf5008284b"/>
        <code code='IMMUNIZ' codeSystem='2.16.840.1.113883.5.4' codeSystemName='ActCode'/>
        <text>
          <reference value="#immunizations-desc-9"/>
        </text>
        <statusCode code="completed"/>
        <effectiveTime value="20240625140052"/>
        <doseQuantity nullFlavor="UNK"/>
        <consumable>
          <manufacturedProduct classCode="MANU">
            <templateId root="2.16.840.1.113883.10.20.22.4.54"/>
            <!-- Product template -->
            <manufacturedMaterial>
        <code  code="119" codeSystem="2.16.840.1.113883.12.292" displayName="rotavirus, monovalent">
          <originalText><reference value="#immunizations-desc-9"/></originalText>
        </code>
              <name>rotavirus, monovalent</name>
            </manufacturedMaterial>
          </manufacturedProduct>
        </consumable>
      </substanceAdministration>
    </entry>
    <entry typeCode="DRIV">
      <substanceAdministration classCode="SBADM" moodCode="EVN" negationInd="false">
        <templateId root="2.16.840.1.113883.10.20.22.4.52"/>
        <!-- Medication activity template -->
        <id root="139d71e8-ea86-6a8e-2816-dc3dc01652fc"/>
        <code code='IMMUNIZ' codeSystem='2.16.840.1.113883.5.4' codeSystemName='ActCode'/>
        <text>
          <reference value="#immunizations-desc-10"/>
        </text>
        <statusCode code="completed"/>
        <effectiveTime value="20240625140052"/>
        <doseQuantity nullFlavor="UNK"/>
        <consumable>
          <manufacturedProduct classCode="MANU">
            <templateId root="2.16.840.1.113883.10.20.22.4.54"/>
            <!-- Product template -->
            <manufacturedMaterial>
        <code  code="10" codeSystem="2.16.840.1.113883.12.292" displayName="IPV">
          <originalText><reference value="#immunizations-desc-10"/></originalText>
        </code>
              <name>IPV</name>
            </manufacturedMaterial>
          </manufacturedProduct>
        </consumable>
      </substanceAdministration>
    </entry>
    <entry typeCode="DRIV">
      <substanceAdministration classCode="SBADM" moodCode="EVN" negationInd="false">
        <templateId root="2.16.840.1.113883.10.20.22.4.52"/>
        <!-- Medication activity template -->
        <id root="037521b3-8501-db1f-5598-d513786c2906"/>
        <code code='IMMUNIZ' codeSystem='2.16.840.1.113883.5.4' codeSystemName='ActCode'/>
        <text>
          <reference value="#immunizations-desc-11"/>
        </text>
        <statusCode code="completed"/>
        <effectiveTime value="20240625140052"/>
        <doseQuantity nullFlavor="UNK"/>
        <consumable>
          <manufacturedProduct classCode="MANU">
            <templateId root="2.16.840.1.113883.10.20.22.4.54"/>
            <!-- Product template -->
            <manufacturedMaterial>
        <code  code="20" codeSystem="2.16.840.1.113883.12.292" displayName="DTaP">
          <originalText><reference value="#immunizations-desc-11"/></originalText>
        </code>
              <name>DTaP</name>
            </manufacturedMaterial>
          </manufacturedProduct>
        </consumable>
      </substanceAdministration>
    </entry>
    <entry typeCode="DRIV">
      <substanceAdministration classCode="SBADM" moodCode="EVN" negationInd="false">
        <templateId root="2.16.840.1.113883.10.20.22.4.52"/>
        <!-- Medication activity template -->
        <id root="2e45bf66-71b6-5df8-d62e-ddc16a6757f7"/>
        <code code='IMMUNIZ' codeSystem='2.16.840.1.113883.5.4' codeSystemName='ActCode'/>
        <text>
          <reference value="#immunizations-desc-12"/>
        </text>
        <statusCode code="completed"/>
        <effectiveTime value="20240625140052"/>
        <doseQuantity nullFlavor="UNK"/>
        <consumable>
          <manufacturedProduct classCode="MANU">
            <templateId root="2.16.840.1.113883.10.20.22.4.54"/>
            <!-- Product template -->
            <manufacturedMaterial>
        <code  code="133" codeSystem="2.16.840.1.113883.12.292" displayName="Pneumococcal conjugate PCV 13">
          <originalText><reference value="#immunizations-desc-12"/></originalText>
        </code>
              <name>Pneumococcal conjugate PCV 13</name>
            </manufacturedMaterial>
          </manufacturedProduct>
        </consumable>
      </substanceAdministration>
    </entry>
  </section>
</component>
<component>
  <!--Social History - CCDA-->
  <section>
    <templateId root="2.16.840.1.113883.10.20.22.2.17" extension="2015-08-01"/>
    <templateId root="2.16.840.1.113883.10.20.22.2.17"/>
    <!-- Social history section template -->
    <code code="29762-2" codeSystem="2.16.840.1.113883.6.1"/>
    <title>Social History</title>
    <text>There is no current social history except smoking status.</text>
    <entry typeCode="DRIV">
      <observation classCode="OBS" moodCode="EVN">
        <templateId root="2.16.840.1.113883.10.20.22.4.78"/>
        <templateId root="2.16.840.1.113883.10.20.22.4.78" extension="2014-06-09"/>
        <!-- Smoking Status Meaningful Use template -->
        <id root="cc228d3f-0160-5c5a-e903-d61d94a93976"/>
        <code code="72166-2" codeSystem="2.16.840.1.113883.6.1" displayName="Tobacco smoking status NHIS" />
        <statusCode code="completed"/>
        <effectiveTime value="20240625140052"/>
        <value xsi:type="CD" code="266919005" displayName="Never smoked tobacco (finding)" codeSystem="2.16.840.1.113883.6.96"/>
          <author>
            <time value="20240910140052"/>
            <assignedAuthor>
              <id nullFlavor="NA"/>
              <addr nullFlavor="NA" />
              <telecom nullFlavor="NA" />
              <assignedAuthoringDevice>
                <manufacturerModelName>https://github.com/synthetichealth/synthea</manufacturerModelName>
                <softwareName>https://github.com/synthetichealth/synthea</softwareName>
              </assignedAuthoringDevice>
              <representedOrganization>
                <id nullFlavor="NA"/>
                <name>NEW BEDFORD INTERNAL MEDICINE &amp; GERIATRICS, LLC</name>
                <telecom nullFlavor="NA"/>
                <addr>
                  <streetAddressLine>726 COUNTY ST</streetAddressLine>
                  <city>NORTH DARTMOUTH</city>
                  <state>MA</state>
                  <postalCode>027473603</postalCode>
                </addr>
              </representedOrganization>
            </assignedAuthor>
          </author>
      </observation>
    </entry>
  </section>
</component>    </structuredBody>
  </component>
</ClinicalDocument>
