<?xml version="1.0" encoding="UTF-8"?>
<ClinicalDocument xmlns="urn:hl7-org:v3" xmlns:sdtc="urn:hl7-org:sdtc" xmlns:xsi="http://www.w3.org/2001/XMLSchema-instance" xsi:schemaLocation="urn:hl7-org:v3 http://xreg2.nist.gov:8080/hitspValidation/schema/cdar2c32/infrastructure/cda/C32_CDA.xsd">
  <realmCode code="US"/>
  <typeId root="2.16.840.1.113883.1.3" extension="POCD_HD000040"/>
  <templateId root="2.16.840.1.113883.10.20.22.1.1" extension="2015-08-01"/>
  <templateId root="2.16.840.1.113883.10.20.22.1.2" extension="2015-08-01"/>
  <id root="2.16.840.1.113883.19.5" extension="9f4c0101-96f4-7416-fb26-7e0f36f3ef99" assigningAuthorityName="https://github.com/synthetichealth/synthea"/>
  <code code="34133-9" displayName="Summarization of episode note" codeSystem="2.16.840.1.113883.6.1" codeSystemName="LOINC"/>
  <title>C-CDA R2.1 Patient Record: Michel472 Muller251</title>
  <effectiveTime value="20250719214230"/>
  <confidentialityCode code="N"/>
  <languageCode code="en-US"/>
  <recordTarget>
    <patientRole>
      <id root="2.16.840.1.113883.19.5" extension="9f4c0101-96f4-7416-fb26-7e0f36f3ef99" assigningAuthorityName="https://github.com/synthetichealth/synthea"/>
      <addr use="HP">
        <streetAddressLine>628 Padberg Quay</streetAddressLine>
        <city>West Bridgewater</city>
        <state>Massachusetts</state>
        <postalCode>00000</postalCode>
      </addr>
      <telecom nullFlavor="NI"/>
      <patient>
        <name>
          <given>Michel472</given>
          <family>Muller251</family>
        </name>
        <administrativeGenderCode code="F" codeSystem="2.16.840.1.113883.5.1" codeSystemName="HL7 AdministrativeGender"/>
        <birthTime value="20250125214230"/>
        <raceCode code="2106-3" displayName="white" codeSystemName="CDC Race and Ethnicity" codeSystem="2.16.840.1.113883.6.238"/>
        <ethnicGroupCode code="2186-5" displayName="non-hispanic" codeSystemName="CDC Race and Ethnicity" codeSystem="2.16.840.1.113883.6.238"/>
        <languageCommunication>
          <languageCode code="en-US"/>
        </languageCommunication>
      </patient>
    </patientRole>
  </recordTarget>
  <author>
    <time value="20250719214230"/>
    <assignedAuthor>
      <id nullFlavor="NA"/>
      <addr nullFlavor="NA" />
      <telecom nullFlavor="NA" />
      <assignedAuthoringDevice>
        <manufacturerModelName>https://github.com/synthetichealth/synthea</manufacturerModelName>
        <softwareName>https://github.com/synthetichealth/synthea</softwareName>
      </assignedAuthoringDevice>
      <representedOrganization>
        <id nullFlavor="NA"/>
        <name>SIGNATURE HEALTHCARE MEDICAL GROUP INC</name>
        <telecom nullFlavor="NA"/>
        <addr>
          <streetAddressLine>680 CENTRE ST</streetAddressLine>
          <city>WEST BRIDGEWATER</city>
          <state>MA</state>
          <postalCode>023791600</postalCode>
        </addr>
      </representedOrganization>
    </assignedAuthor>
  </author>
  <custodian>
    <assignedCustodian>
      <representedCustodianOrganization>
        <id nullFlavor="NA"/>
        <name>SIGNATURE HEALTHCARE MEDICAL GROUP INC</name>
        <telecom nullFlavor="NA"/>
        <addr>
          <streetAddressLine>680 CENTRE ST</streetAddressLine>
          <city>WEST BRIDGEWATER</city>
          <state>MA</state>
          <postalCode>023791600</postalCode>
        </addr>
      </representedCustodianOrganization>
    </assignedCustodian>
  </custodian>
  <documentationOf>
    <serviceEvent classCode="PCPR">
      <effectiveTime>
        <low value="20250125214230"/>
        <high value="20250719214230"/>
      </effectiveTime>
    </serviceEvent>
  </documentationOf>
  <component>
    <structuredBody>
<component>
  <!-- Allergies: patient has no allergies -->
  <section nullFlavor="NI">
    <templateId root="2.16.840.1.113883.10.20.22.2.6.1" extension="2015-08-01"/>
    <code code="48765-2" codeSystem="2.16.840.1.113883.6.1" codeSystemName="LOINC" displayName="Allergy List"/>
    <title>Allergies</title>                
    <text>There are no current allergies at the time of this document's creation.</text>
  </section>
</component><component>
  <!-- Medications: patient has no medications -->
  <section nullFlavor="NI">
		<templateId root="2.16.840.1.113883.10.20.22.2.1.1" extension="2014-06-09"/>
    <code code="10160-0" codeSystem="2.16.840.1.113883.6.1" codeSystemName="LOINC" displayName="History of medication use"/>
    <title>Medications</title>
    <text>There are no current medications at the time of this document's creation.</text>
  </section>
</component><component>
  <!--Diagnostic Results-->
  <section>
    <templateId root="2.16.840.1.113883.10.20.22.2.3.1" extension="2015-08-01"/>
    <templateId root="2.16.840.1.113883.10.20.22.2.3.1"/>
    <!--Diagnostic Results section template-->
    <code code="30954-2" codeSystem="2.16.840.1.113883.6.1" codeSystemName="LOINC" displayName="Results"/>
    <title>Diagnostic Results</title>
<text>
  <table border="1" width="100%">
    <thead>
      <tr>
        <th>Start</th>
        <th>Stop</th>
        <th>Description</th>
        <th>Code</th>
      </tr>
    </thead>
    <tbody>
        <tr>
          <td>2025-01-25T21:42:30Z</td>
          <td></td>
          <td ID="reports-desc-1">CBC panel - Blood by Automated count</td>
          <td ID="reports-code-1">http://loinc.org 58410-2</td>
        </tr>
    </tbody>
  </table>
</text>
    <entry typeCode="DRIV">
      <organizer classCode="BATTERY" moodCode="EVN">
        <templateId root="2.16.840.1.113883.10.20.22.4.1" extension="2015-08-01"/>
        <templateId root="2.16.840.1.113883.10.20.22.4.1"/>
        <!--Result organizer template -->
        <id root="45cfc328-d5de-9c62-5b8b-744dca97a7df"/>
        <code code="58410-2" codeSystem="2.16.840.1.113883.6.1" codeSystemName="LOINC" displayName="CBC panel - Blood by Automated count"/>
        <statusCode code="completed"/>
        <effectiveTime>
          <low value="20250125214230"/>
          <high value="20250125214230"/>
        </effectiveTime>
        <component>
          <observation classCode="OBS" moodCode="EVN">
            <templateId root="2.16.840.1.113883.10.20.22.4.2" extension="2015-08-01"/>
            <templateId root="2.16.840.1.113883.10.20.22.4.2"/>
            <id root="e22d5404-9e8c-873c-f944-dffe64a5c463"/>
        <code  code="6690-2" codeSystem="2.16.840.1.113883.6.1" displayName="Leukocytes [#/volume] in Blood by Automated count">
          <originalText><reference value="#reports-desc-1"/></originalText>
        </code>
            <text>
              <reference value="#reports-desc-1"/>
            </text>
            <statusCode code="completed"/>
            <effectiveTime value="20250125214230"/>
            <value xsi:type="PQ" value="10.293839339478952" unit="10*3/uL"/>
          </observation>
        </component>
        <component>
          <observation classCode="OBS" moodCode="EVN">
            <templateId root="2.16.840.1.113883.10.20.22.4.2" extension="2015-08-01"/>
            <templateId root="2.16.840.1.113883.10.20.22.4.2"/>
            <id root="08dddc72-b1ba-d00c-6612-5afa357204f1"/>
        <code  code="789-8" codeSystem="2.16.840.1.113883.6.1" displayName="Erythrocytes [#/volume] in Blood by Automated count">
          <originalText><reference value="#reports-desc-1"/></originalText>
        </code>
            <text>
              <reference value="#reports-desc-1"/>
            </text>
            <statusCode code="completed"/>
            <effectiveTime value="20250125214230"/>
            <value xsi:type="PQ" value="5.043893339569743" unit="10*6/uL"/>
          </observation>
        </component>
        <component>
          <observation classCode="OBS" moodCode="EVN">
            <templateId root="2.16.840.1.113883.10.20.22.4.2" extension="2015-08-01"/>
            <templateId root="2.16.840.1.113883.10.20.22.4.2"/>
            <id root="5e1bb5ac-21af-dc91-d585-e63101516820"/>
        <code  code="718-7" codeSystem="2.16.840.1.113883.6.1" displayName="Hemoglobin [Mass/volume] in Blood">
          <originalText><reference value="#reports-desc-1"/></originalText>
        </code>
            <text>
              <reference value="#reports-desc-1"/>
            </text>
            <statusCode code="completed"/>
            <effectiveTime value="20250125214230"/>
            <value xsi:type="PQ" value="16.699322103508404" unit="g/dL"/>
          </observation>
        </component>
        <component>
          <observation classCode="OBS" moodCode="EVN">
            <templateId root="2.16.840.1.113883.10.20.22.4.2" extension="2015-08-01"/>
            <templateId root="2.16.840.1.113883.10.20.22.4.2"/>
            <id root="0df6f71f-9390-4708-2e53-ca7be5bf85e7"/>
        <code  code="4544-3" codeSystem="2.16.840.1.113883.6.1" displayName="Hematocrit [Volume Fraction] of Blood by Automated count">
          <originalText><reference value="#reports-desc-1"/></originalText>
        </code>
            <text>
              <reference value="#reports-desc-1"/>
            </text>
            <statusCode code="completed"/>
            <effectiveTime value="20250125214230"/>
            <value xsi:type="PQ" value="46.57588630375539" unit="%"/>
          </observation>
        </component>
        <component>
          <observation classCode="OBS" moodCode="EVN">
            <templateId root="2.16.840.1.113883.10.20.22.4.2" extension="2015-08-01"/>
            <templateId root="2.16.840.1.113883.10.20.22.4.2"/>
            <id root="351c124f-7329-cc73-0dd3-5854e5e2a282"/>
        <code  code="787-2" codeSystem="2.16.840.1.113883.6.1" displayName="MCV [Entitic volume] by Automated count">
          <originalText><reference value="#reports-desc-1"/></originalText>
        </code>
            <text>
              <reference value="#reports-desc-1"/>
            </text>
            <statusCode code="completed"/>
            <effectiveTime value="20250125214230"/>
            <value xsi:type="PQ" value="80.24863171609154" unit="fL"/>
          </observation>
        </component>
        <component>
          <observation classCode="OBS" moodCode="EVN">
            <templateId root="2.16.840.1.113883.10.20.22.4.2" extension="2015-08-01"/>
            <templateId root="2.16.840.1.113883.10.20.22.4.2"/>
            <id root="221835ec-ac3c-f170-bcff-177ffeb44c6c"/>
        <code  code="785-6" codeSystem="2.16.840.1.113883.6.1" displayName="MCH [Entitic mass] by Automated count">
          <originalText><reference value="#reports-desc-1"/></originalText>
        </code>
            <text>
              <reference value="#reports-desc-1"/>
            </text>
            <statusCode code="completed"/>
            <effectiveTime value="20250125214230"/>
            <value xsi:type="PQ" value="31.21049264627977" unit="pg"/>
          </observation>
        </component>
        <component>
          <observation classCode="OBS" moodCode="EVN">
            <templateId root="2.16.840.1.113883.10.20.22.4.2" extension="2015-08-01"/>
            <templateId root="2.16.840.1.113883.10.20.22.4.2"/>
            <id root="2dc1fad3-abd0-a794-8d99-143a272a097d"/>
        <code  code="786-4" codeSystem="2.16.840.1.113883.6.1" displayName="MCHC [Mass/volume] by Automated count">
          <originalText><reference value="#reports-desc-1"/></originalText>
        </code>
            <text>
              <reference value="#reports-desc-1"/>
            </text>
            <statusCode code="completed"/>
            <effectiveTime value="20250125214230"/>
            <value xsi:type="PQ" value="35.858535441612986" unit="g/dL"/>
          </observation>
        </component>
        <component>
          <observation classCode="OBS" moodCode="EVN">
            <templateId root="2.16.840.1.113883.10.20.22.4.2" extension="2015-08-01"/>
            <templateId root="2.16.840.1.113883.10.20.22.4.2"/>
            <id root="7b60f477-271e-b6bf-bddd-8638708da233"/>
        <code  code="21000-5" codeSystem="2.16.840.1.113883.6.1" displayName="Erythrocyte distribution width [Entitic volume] by Automated count">
          <originalText><reference value="#reports-desc-1"/></originalText>
        </code>
            <text>
              <reference value="#reports-desc-1"/>
            </text>
            <statusCode code="completed"/>
            <effectiveTime value="20250125214230"/>
            <value xsi:type="PQ" value="45.83598303060464" unit="fL"/>
          </observation>
        </component>
        <component>
          <observation classCode="OBS" moodCode="EVN">
            <templateId root="2.16.840.1.113883.10.20.22.4.2" extension="2015-08-01"/>
            <templateId root="2.16.840.1.113883.10.20.22.4.2"/>
            <id root="3eb2b0c6-857b-52f0-cbc2-ea5f0577e191"/>
        <code  code="777-3" codeSystem="2.16.840.1.113883.6.1" displayName="Platelets [#/volume] in Blood by Automated count">
          <originalText><reference value="#reports-desc-1"/></originalText>
        </code>
            <text>
              <reference value="#reports-desc-1"/>
            </text>
            <statusCode code="completed"/>
            <effectiveTime value="20250125214230"/>
            <value xsi:type="PQ" value="276.9148104888611" unit="10*3/uL"/>
          </observation>
        </component>
        <component>
          <observation classCode="OBS" moodCode="EVN">
            <templateId root="2.16.840.1.113883.10.20.22.4.2" extension="2015-08-01"/>
            <templateId root="2.16.840.1.113883.10.20.22.4.2"/>
            <id root="728a13d0-ef82-c272-d57e-a204360bad1e"/>
        <code  code="32207-3" codeSystem="2.16.840.1.113883.6.1" displayName="Platelet distribution width [Entitic volume] in Blood by Automated count">
          <originalText><reference value="#reports-desc-1"/></originalText>
        </code>
            <text>
              <reference value="#reports-desc-1"/>
            </text>
            <statusCode code="completed"/>
            <effectiveTime value="20250125214230"/>
            <value xsi:type="PQ" value="230.06629705688286" unit="fL"/>
          </observation>
        </component>
        <component>
          <observation classCode="OBS" moodCode="EVN">
            <templateId root="2.16.840.1.113883.10.20.22.4.2" extension="2015-08-01"/>
            <templateId root="2.16.840.1.113883.10.20.22.4.2"/>
            <id root="f3db5983-799e-9989-8c77-530276d3fbe4"/>
        <code  code="32623-1" codeSystem="2.16.840.1.113883.6.1" displayName="Platelet mean volume [Entitic volume] in Blood by Automated count">
          <originalText><reference value="#reports-desc-1"/></originalText>
        </code>
            <text>
              <reference value="#reports-desc-1"/>
            </text>
            <statusCode code="completed"/>
            <effectiveTime value="20250125214230"/>
            <value xsi:type="PQ" value="9.924750505925541" unit="fL"/>
          </observation>
        </component>
      </organizer>
    </entry>
  </section>
</component><component>
  <!--Problems-->
  <section>
    <templateId root="2.16.840.1.113883.10.20.22.2.5.1" extension="2015-08-01"/>
    <!--Problems section template-->
    <code code="11450-4" codeSystem="2.16.840.1.113883.6.1" codeSystemName="LOINC" displayName="Problem list"/>
    <title>Problems</title>
<text>
  <table border="1" width="100%">
    <thead>
      <tr>
        <th>Start</th>
        <th>Stop</th>
        <th>Description</th>
        <th>Code</th>
      </tr>
    </thead>
    <tbody>
        <tr>
          <td>2025-01-25T21:42:30Z</td>
          <td>2025-01-25T21:42:30Z</td>
          <td ID="conditions-desc-1">Medication review due (situation)</td>
          <td ID="conditions-code-1">http://snomed.info/sct 314529007</td>
        </tr>
        <tr>
          <td>2025-03-01T21:42:30Z</td>
          <td>2025-05-03T21:42:30Z</td>
          <td ID="conditions-desc-2">Medication review due (situation)</td>
          <td ID="conditions-code-2">http://snomed.info/sct 314529007</td>
        </tr>
        <tr>
          <td>2025-07-05T21:42:30Z</td>
          <td></td>
          <td ID="conditions-desc-3">Medication review due (situation)</td>
          <td ID="conditions-code-3">http://snomed.info/sct 314529007</td>
        </tr>
    </tbody>
  </table>
</text>
    <entry typeCode="DRIV">
      <act classCode="ACT" moodCode="EVN">
        <templateId root="2.16.840.1.113883.10.20.22.4.3"/>
        <templateId root="2.16.840.1.113883.10.20.22.4.3" extension="2015-08-01"/>
        <!-- Problem act template -->
        <id root="6806520e-9065-7514-ed7f-4afe3d7ed567"/>
        <code nullFlavor="NA"/>
        <statusCode code="completed"/>
        <effectiveTime>
          <low value="20250125214230"/>
          <high value="20250125214230"/>
        </effectiveTime>
        <entryRelationship typeCode="SUBJ" inversionInd="false">
          <observation classCode="OBS" moodCode="EVN">
            <templateId root="2.16.840.1.113883.10.20.22.4.4"/>
            <templateId root="2.16.840.1.113883.10.20.22.4.4" extension="2015-08-01"/>
            <!--Problem observation template - NOT episode template-->
            <id root="81c33c41-9fe3-3899-fe8a-f4105ab33b95"/>
            <code code="64572001" displayName="Condition" codeSystem="2.16.840.1.113883.6.96" codeSystemName="SNOMED-CT">
              <translation code="75323-6" displayName="Condition" codeSystem="2.16.840.1.113883.6.1" codeSystemName="LOINC"/>
            </code>
            <text>
              <reference value="#conditions-desc-1"/>
            </text>
            <statusCode code="completed"/>
            <effectiveTime>
              <low value="20250125214230"/>
              <high value="20250125214230"/>
            </effectiveTime>
            <priorityCode code="8319008" codeSystem="2.16.840.1.113883.6.96" displayName="Principal diagnosis" />
        <value xsi:type="CD" code="314529007" codeSystem="2.16.840.1.113883.6.96" displayName="Medication review due (situation)">
          <originalText><reference value="#conditions-desc-1"/></originalText>
        </value>
          </observation>
        </entryRelationship>
      </act>
    </entry>
    <entry typeCode="DRIV">
      <act classCode="ACT" moodCode="EVN">
        <templateId root="2.16.840.1.113883.10.20.22.4.3"/>
        <templateId root="2.16.840.1.113883.10.20.22.4.3" extension="2015-08-01"/>
        <!-- Problem act template -->
        <id root="da8b52c3-fa5c-d39a-7248-46a4f11dc191"/>
        <code nullFlavor="NA"/>
        <statusCode code="completed"/>
        <effectiveTime>
          <low value="20250301214230"/>
          <high value="20250503214230"/>
        </effectiveTime>
        <entryRelationship typeCode="SUBJ" inversionInd="false">
          <observation classCode="OBS" moodCode="EVN">
            <templateId root="2.16.840.1.113883.10.20.22.4.4"/>
            <templateId root="2.16.840.1.113883.10.20.22.4.4" extension="2015-08-01"/>
            <!--Problem observation template - NOT episode template-->
            <id root="f42da6e6-bb92-ed22-c05f-ea99b9b14e24"/>
            <code code="64572001" displayName="Condition" codeSystem="2.16.840.1.113883.6.96" codeSystemName="SNOMED-CT">
              <translation code="75323-6" displayName="Condition" codeSystem="2.16.840.1.113883.6.1" codeSystemName="LOINC"/>
            </code>
            <text>
              <reference value="#conditions-desc-2"/>
            </text>
            <statusCode code="completed"/>
            <effectiveTime>
              <low value="20250301214230"/>
              <high value="20250503214230"/>
            </effectiveTime>
            <priorityCode code="8319008" codeSystem="2.16.840.1.113883.6.96" displayName="Principal diagnosis" />
        <value xsi:type="CD" code="314529007" codeSystem="2.16.840.1.113883.6.96" displayName="Medication review due (situation)">
          <originalText><reference value="#conditions-desc-2"/></originalText>
        </value>
          </observation>
        </entryRelationship>
      </act>
    </entry>
    <entry typeCode="DRIV">
      <act classCode="ACT" moodCode="EVN">
        <templateId root="2.16.840.1.113883.10.20.22.4.3"/>
        <templateId root="2.16.840.1.113883.10.20.22.4.3" extension="2015-08-01"/>
        <!-- Problem act template -->
        <id root="c90bbc48-74db-7f7e-5a7f-86701b776abb"/>
        <code nullFlavor="NA"/>
        <statusCode code="active"/>
        <effectiveTime>
          <low value="20250705214230"/>
          
        </effectiveTime>
        <entryRelationship typeCode="SUBJ" inversionInd="false">
          <observation classCode="OBS" moodCode="EVN">
            <templateId root="2.16.840.1.113883.10.20.22.4.4"/>
            <templateId root="2.16.840.1.113883.10.20.22.4.4" extension="2015-08-01"/>
            <!--Problem observation template - NOT episode template-->
            <id root="d4129e72-5cb4-0323-34ca-e3d5a063da3a"/>
            <code code="64572001" displayName="Condition" codeSystem="2.16.840.1.113883.6.96" codeSystemName="SNOMED-CT">
              <translation code="75323-6" displayName="Condition" codeSystem="2.16.840.1.113883.6.1" codeSystemName="LOINC"/>
            </code>
            <text>
              <reference value="#conditions-desc-3"/>
            </text>
            <statusCode code="completed"/>
            <effectiveTime>
              <low value="20250705214230"/>
              
            </effectiveTime>
            <priorityCode code="8319008" codeSystem="2.16.840.1.113883.6.96" displayName="Principal diagnosis" />
        <value xsi:type="CD" code="314529007" codeSystem="2.16.840.1.113883.6.96" displayName="Medication review due (situation)">
          <originalText><reference value="#conditions-desc-3"/></originalText>
        </value>
          </observation>
        </entryRelationship>
      </act>
    </entry>
  </section>
</component>
<component>
  <!--Surgeries-->
  <section>
    <templateId root="2.16.840.1.113883.10.20.22.2.7.1" extension="2014-06-09"/>
    <!--Surgeries section template-->
    <code code="47519-4" codeSystem="2.16.840.1.113883.6.1" codeSystemName="LOINC" displayName="List of surgeries"/>
    <title>Surgeries</title>
<text>
  <table border="1" width="100%">
    <thead>
      <tr>
        <th>Start</th>
        <th>Stop</th>
        <th>Description</th>
        <th>Code</th>
      </tr>
    </thead>
    <tbody>
        <tr>
          <td>2025-01-25T21:42:30Z</td>
          <td>2025-01-25T21:57:30Z</td>
          <td ID="procedures-desc-1">Medication reconciliation (procedure)</td>
          <td ID="procedures-code-1">http://snomed.info/sct 430193006</td>
        </tr>
        <tr>
          <td>2025-05-03T21:42:30Z</td>
          <td>2025-05-03T21:57:30Z</td>
          <td ID="procedures-desc-2">Medication reconciliation (procedure)</td>
          <td ID="procedures-code-2">http://snomed.info/sct 430193006</td>
        </tr>
    </tbody>
  </table>
</text>
    <entry typeCode="DRIV">
      <procedure classCode="PROC" moodCode="EVN">
        <templateId root="2.16.840.1.113883.10.20.22.4.14"/>
        <!-- Procedure activity template -->
        <id root="f003a7fe-3d9b-a89b-a25b-447ef7cafdb3"/>
        <code  code="430193006" codeSystem="2.16.840.1.113883.6.96" displayName="Medication reconciliation (procedure)">
          <originalText><reference value="#procedures-desc-1"/></originalText>
        </code>
        <text>
          <reference value="#procedures-desc-1"/>
        </text>
        <statusCode code="completed"/>
        <effectiveTime value="20250125214230"/>
      </procedure>
    </entry>
    <entry typeCode="DRIV">
      <procedure classCode="PROC" moodCode="EVN">
        <templateId root="2.16.840.1.113883.10.20.22.4.14"/>
        <!-- Procedure activity template -->
        <id root="836ceae7-5fb3-ebd3-e01c-e36ad24a729e"/>
        <code  code="430193006" codeSystem="2.16.840.1.113883.6.96" displayName="Medication reconciliation (procedure)">
          <originalText><reference value="#procedures-desc-2"/></originalText>
        </code>
        <text>
          <reference value="#procedures-desc-2"/>
        </text>
        <statusCode code="completed"/>
        <effectiveTime value="20250503214230"/>
      </procedure>
    </entry>
  </section>
</component>
<component>
  <!--Encounters-->
  <section>
    <templateId root="2.16.840.1.113883.10.20.22.2.22" extension="2015-08-01"/> <!-- CCDA Template id -->
    <!--Encounters section template-->
    <code code="46240-8" codeSystem="2.16.840.1.113883.6.1" codeSystemName="LOINC" displayName="History of encounters"/>
    <title>Encounters</title>
<text>
  <table border="1" width="100%">
    <thead>
      <tr>
        <th>Start</th>
        <th>Stop</th>
        <th>Description</th>
        <th>Code</th>
      </tr>
    </thead>
    <tbody>
        <tr>
          <td>2025-01-25T21:42:30Z</td>
          <td>2025-01-25T21:57:30Z</td>
          <td ID="encounters-desc-1">Well child visit (procedure)</td>
          <td ID="encounters-code-1">http://snomed.info/sct 410620009</td>
        </tr>
        <tr>
          <td>2025-03-01T21:42:30Z</td>
          <td>2025-03-01T21:57:30Z</td>
          <td ID="encounters-desc-2">Well child visit (procedure)</td>
          <td ID="encounters-code-2">http://snomed.info/sct 410620009</td>
        </tr>
        <tr>
          <td>2025-05-03T21:42:30Z</td>
          <td>2025-05-03T21:57:30Z</td>
          <td ID="encounters-desc-3">Well child visit (procedure)</td>
          <td ID="encounters-code-3">http://snomed.info/sct 410620009</td>
        </tr>
        <tr>
          <td>2025-07-05T21:42:30Z</td>
          <td>2025-07-05T21:57:30Z</td>
          <td ID="encounters-desc-4">Well child visit (procedure)</td>
          <td ID="encounters-code-4">http://snomed.info/sct 410620009</td>
        </tr>
    </tbody>
  </table>
</text>
    <entry typeCode="DRIV">
      <encounter classCode="ENC" moodCode="EVN">
		    <templateId root="2.16.840.1.113883.10.20.22.4.49"/>
        <!-- Encounter activity template -->
        <id root="ad69f7fc-a24d-0ae3-ffa8-2c5f5fd1fe7a"/>
        <code  code="410620009" codeSystem="2.16.840.1.113883.6.96" displayName="Well child visit (procedure)">
          <originalText><reference value="#encounters-desc-1"/></originalText>
        </code>
        <text>
          <reference value="#encounters-desc-1"/>
        </text>
        <effectiveTime>
          <low value="20250125214230"/>
          <high value="20250125215730"/>
        </effectiveTime>
      </encounter>
    </entry>
    <entry typeCode="DRIV">
      <encounter classCode="ENC" moodCode="EVN">
		    <templateId root="2.16.840.1.113883.10.20.22.4.49"/>
        <!-- Encounter activity template -->
        <id root="0bcf413d-9607-cbb9-359e-fb63e0c7fc6e"/>
        <code  code="410620009" codeSystem="2.16.840.1.113883.6.96" displayName="Well child visit (procedure)">
          <originalText><reference value="#encounters-desc-2"/></originalText>
        </code>
        <text>
          <reference value="#encounters-desc-2"/>
        </text>
        <effectiveTime>
          <low value="20250301214230"/>
          <high value="20250301215730"/>
        </effectiveTime>
      </encounter>
    </entry>
    <entry typeCode="DRIV">
      <encounter classCode="ENC" moodCode="EVN">
		    <templateId root="2.16.840.1.113883.10.20.22.4.49"/>
        <!-- Encounter activity template -->
        <id root="58456da7-cd9f-c3d9-c048-ba6b2af167e8"/>
        <code  code="410620009" codeSystem="2.16.840.1.113883.6.96" displayName="Well child visit (procedure)">
          <originalText><reference value="#encounters-desc-3"/></originalText>
        </code>
        <text>
          <reference value="#encounters-desc-3"/>
        </text>
        <effectiveTime>
          <low value="20250503214230"/>
          <high value="20250503215730"/>
        </effectiveTime>
      </encounter>
    </entry>
    <entry typeCode="DRIV">
      <encounter classCode="ENC" moodCode="EVN">
		    <templateId root="2.16.840.1.113883.10.20.22.4.49"/>
        <!-- Encounter activity template -->
        <id root="c360b0d2-ed7b-8912-a9c1-a8954b269906"/>
        <code  code="410620009" codeSystem="2.16.840.1.113883.6.96" displayName="Well child visit (procedure)">
          <originalText><reference value="#encounters-desc-4"/></originalText>
        </code>
        <text>
          <reference value="#encounters-desc-4"/>
        </text>
        <effectiveTime>
          <low value="20250705214230"/>
          <high value="20250705215730"/>
        </effectiveTime>
      </encounter>
    </entry>
  </section>
</component>
<component>
  <!--Vital Signs-->
  <section>
    <templateId root="2.16.840.1.113883.10.20.22.2.4.1" extension="2015-08-01"/>
    <!--Vital Signs section template-->
    <code code="8716-3" codeSystem="2.16.840.1.113883.6.1" codeSystemName="LOINC" displayName="Vital signs"/>
    <title>Vital Signs</title>
<text>
  <table border="1" width="100%">
    <thead>
      <tr>
        <th>Start</th>
        <th>Stop</th>
        <th>Description</th>
        <th>Code</th>
        <th>Value</th>
      </tr>
    </thead>
    <tbody>
        <tr>
          <td>2025-01-25T21:42:30Z</td>
          <td></td>
          <td ID="observations-desc-1">Body Height</td>
          <td ID="observations-code-1">http://loinc.org 8302-2</td>
          <td>50.7 cm</td>
        </tr>
        <tr>
          <td>2025-01-25T21:42:30Z</td>
          <td></td>
          <td ID="observations-desc-2">Pain severity - 0-10 verbal numeric rating [Score] - Reported</td>
          <td ID="observations-code-2">http://loinc.org 72514-3</td>
          <td>2 {score}</td>
        </tr>
        <tr>
          <td>2025-01-25T21:42:30Z</td>
          <td></td>
          <td ID="observations-desc-3">Body Weight</td>
          <td ID="observations-code-3">http://loinc.org 29463-7</td>
          <td>3.8 kg</td>
        </tr>
        <tr>
          <td>2025-01-25T21:42:30Z</td>
          <td></td>
          <td ID="observations-desc-4">Weight-for-length Per age and sex</td>
          <td ID="observations-code-4">http://loinc.org 77606-2</td>
          <td>58.13124920184065 %</td>
        </tr>
        <tr>
          <td>2025-01-25T21:42:30Z</td>
          <td></td>
          <td ID="observations-desc-5">Head Occipital-frontal circumference Percentile</td>
          <td ID="observations-code-5">http://loinc.org 8289-1</td>
          <td>36.86 %</td>
        </tr>
        <tr>
          <td>2025-01-25T21:42:30Z</td>
          <td></td>
          <td ID="observations-desc-6">Head Occipital-frontal circumference</td>
          <td ID="observations-code-6">http://loinc.org 9843-4</td>
          <td>34.17 cm</td>
        </tr>
        <tr>
          <td>2025-01-25T21:42:30Z</td>
          <td></td>
          <td ID="observations-desc-7">Heart rate</td>
          <td ID="observations-code-7">http://loinc.org 8867-4</td>
          <td>92 /min</td>
        </tr>
        <tr>
          <td>2025-01-25T21:42:30Z</td>
          <td></td>
          <td ID="observations-desc-8">Respiratory rate</td>
          <td ID="observations-code-8">http://loinc.org 9279-1</td>
          <td>15 /min</td>
        </tr>
        <tr>
          <td>2025-03-01T21:42:30Z</td>
          <td></td>
          <td ID="observations-desc-9">Body Height</td>
          <td ID="observations-code-9">http://loinc.org 8302-2</td>
          <td>54.3 cm</td>
        </tr>
        <tr>
          <td>2025-03-01T21:42:30Z</td>
          <td></td>
          <td ID="observations-desc-10">Pain severity - 0-10 verbal numeric rating [Score] - Reported</td>
          <td ID="observations-code-10">http://loinc.org 72514-3</td>
          <td>3 {score}</td>
        </tr>
        <tr>
          <td>2025-03-01T21:42:30Z</td>
          <td></td>
          <td ID="observations-desc-11">Body Weight</td>
          <td ID="observations-code-11">http://loinc.org 29463-7</td>
          <td>4.5 kg</td>
        </tr>
        <tr>
          <td>2025-03-01T21:42:30Z</td>
          <td></td>
          <td ID="observations-desc-12">Weight-for-length Per age and sex</td>
          <td ID="observations-code-12">http://loinc.org 77606-2</td>
          <td>55.08077727835023 %</td>
        </tr>
        <tr>
          <td>2025-03-01T21:42:30Z</td>
          <td></td>
          <td ID="observations-desc-13">Head Occipital-frontal circumference Percentile</td>
          <td ID="observations-code-13">http://loinc.org 8289-1</td>
          <td>36.86 %</td>
        </tr>
        <tr>
          <td>2025-03-01T21:42:30Z</td>
          <td></td>
          <td ID="observations-desc-14">Head Occipital-frontal circumference</td>
          <td ID="observations-code-14">http://loinc.org 9843-4</td>
          <td>37.5 cm</td>
        </tr>
        <tr>
          <td>2025-03-01T21:42:30Z</td>
          <td></td>
          <td ID="observations-desc-15">Heart rate</td>
          <td ID="observations-code-15">http://loinc.org 8867-4</td>
          <td>78 /min</td>
        </tr>
        <tr>
          <td>2025-03-01T21:42:30Z</td>
          <td></td>
          <td ID="observations-desc-16">Respiratory rate</td>
          <td ID="observations-code-16">http://loinc.org 9279-1</td>
          <td>13 /min</td>
        </tr>
        <tr>
          <td>2025-05-03T21:42:30Z</td>
          <td></td>
          <td ID="observations-desc-17">Body Height</td>
          <td ID="observations-code-17">http://loinc.org 8302-2</td>
          <td>59.4 cm</td>
        </tr>
        <tr>
          <td>2025-05-03T21:42:30Z</td>
          <td></td>
          <td ID="observations-desc-18">Pain severity - 0-10 verbal numeric rating [Score] - Reported</td>
          <td ID="observations-code-18">http://loinc.org 72514-3</td>
          <td>1 {score}</td>
        </tr>
        <tr>
          <td>2025-05-03T21:42:30Z</td>
          <td></td>
          <td ID="observations-desc-19">Body Weight</td>
          <td ID="observations-code-19">http://loinc.org 29463-7</td>
          <td>5.8 kg</td>
        </tr>
        <tr>
          <td>2025-05-03T21:42:30Z</td>
          <td></td>
          <td ID="observations-desc-20">Weight-for-length Per age and sex</td>
          <td ID="observations-code-20">http://loinc.org 77606-2</td>
          <td>57.85999821443686 %</td>
        </tr>
        <tr>
          <td>2025-05-03T21:42:30Z</td>
          <td></td>
          <td ID="observations-desc-21">Head Occipital-frontal circumference Percentile</td>
          <td ID="observations-code-21">http://loinc.org 8289-1</td>
          <td>36.86 %</td>
        </tr>
        <tr>
          <td>2025-05-03T21:42:30Z</td>
          <td></td>
          <td ID="observations-desc-22">Head Occipital-frontal circumference</td>
          <td ID="observations-code-22">http://loinc.org 9843-4</td>
          <td>40.02 cm</td>
        </tr>
        <tr>
          <td>2025-05-03T21:42:30Z</td>
          <td></td>
          <td ID="observations-desc-23">Heart rate</td>
          <td ID="observations-code-23">http://loinc.org 8867-4</td>
          <td>80 /min</td>
        </tr>
        <tr>
          <td>2025-05-03T21:42:30Z</td>
          <td></td>
          <td ID="observations-desc-24">Respiratory rate</td>
          <td ID="observations-code-24">http://loinc.org 9279-1</td>
          <td>14 /min</td>
        </tr>
        <tr>
          <td>2025-07-05T21:42:30Z</td>
          <td></td>
          <td ID="observations-desc-25">Body Height</td>
          <td ID="observations-code-25">http://loinc.org 8302-2</td>
          <td>63.3 cm</td>
        </tr>
        <tr>
          <td>2025-07-05T21:42:30Z</td>
          <td></td>
          <td ID="observations-desc-26">Pain severity - 0-10 verbal numeric rating [Score] - Reported</td>
          <td ID="observations-code-26">http://loinc.org 72514-3</td>
          <td>2 {score}</td>
        </tr>
        <tr>
          <td>2025-07-05T21:42:30Z</td>
          <td></td>
          <td ID="observations-desc-27">Body Weight</td>
          <td ID="observations-code-27">http://loinc.org 29463-7</td>
          <td>6.9 kg</td>
        </tr>
        <tr>
          <td>2025-07-05T21:42:30Z</td>
          <td></td>
          <td ID="observations-desc-28">Weight-for-length Per age and sex</td>
          <td ID="observations-code-28">http://loinc.org 77606-2</td>
          <td>62.574670411534925 %</td>
        </tr>
        <tr>
          <td>2025-07-05T21:42:30Z</td>
          <td></td>
          <td ID="observations-desc-29">Head Occipital-frontal circumference Percentile</td>
          <td ID="observations-code-29">http://loinc.org 8289-1</td>
          <td>36.86 %</td>
        </tr>
        <tr>
          <td>2025-07-05T21:42:30Z</td>
          <td></td>
          <td ID="observations-desc-30">Head Occipital-frontal circumference</td>
          <td ID="observations-code-30">http://loinc.org 9843-4</td>
          <td>41.65 cm</td>
        </tr>
        <tr>
          <td>2025-07-05T21:42:30Z</td>
          <td></td>
          <td ID="observations-desc-31">Heart rate</td>
          <td ID="observations-code-31">http://loinc.org 8867-4</td>
          <td>79 /min</td>
        </tr>
        <tr>
          <td>2025-07-05T21:42:30Z</td>
          <td></td>
          <td ID="observations-desc-32">Respiratory rate</td>
          <td ID="observations-code-32">http://loinc.org 9279-1</td>
          <td>13 /min</td>
        </tr>
    </tbody>
  </table>
</text>
    <entry typeCode="DRIV">
      <organizer classCode="CLUSTER" moodCode="EVN">
        <templateId root="2.16.840.1.113883.10.20.22.4.26"/>
        <templateId root="2.16.840.1.113883.10.20.22.4.26" extension="2015-08-01"/>
        <!-- Vital signs organizer template -->
        <id root="ba99a217-5b66-cdbc-18d2-8e6769c1bc08"/>
        <code code="46680005" codeSystem="2.16.840.1.113883.6.96" displayName="Vital signs" codeSystemName="SNOMED CT">
          <translation code="74728-7" displayName="Vital signs, weight, height, head circumference, oximetry, BMI, and BSA panel" codeSystem="2.16.840.1.113883.6.1" codeSystemName="LOINC" />
        </code>
        <statusCode code="completed"/>
        <effectiveTime value="20250719214230"/>
        <component>
          <observation classCode="OBS" moodCode="EVN">
            <templateId root="2.16.840.1.113883.10.20.22.4.27"/>
            <templateId root="2.16.840.1.113883.10.20.22.4.27" extension="2014-06-09"/>
            <!-- Result observation template -->
            <id root="a4ca8b9d-11f1-f48f-9eb2-f9014aaeef45"/>
        <code  code="8302-2" codeSystem="2.16.840.1.113883.6.1" displayName="Body Height">
          <originalText><reference value="#observations-desc-1"/></originalText>
        </code>
            <text>
              <reference value="#observations-desc-1"/>
            </text>
            <statusCode code="completed"/>
            <effectiveTime value="20250125214230"/>
            <value xsi:type="PQ" value="50.7" unit="cm"/>
          </observation>
        </component>
        <component>
          <observation classCode="OBS" moodCode="EVN">
            <templateId root="2.16.840.1.113883.10.20.22.4.27"/>
            <templateId root="2.16.840.1.113883.10.20.22.4.27" extension="2014-06-09"/>
            <!-- Result observation template -->
            <id root="5baf5adf-1abf-00b6-f956-cb10bd2e09b3"/>
        <code  code="72514-3" codeSystem="2.16.840.1.113883.6.1" displayName="Pain severity - 0-10 verbal numeric rating [Score] - Reported">
          <originalText><reference value="#observations-desc-2"/></originalText>
        </code>
            <text>
              <reference value="#observations-desc-2"/>
            </text>
            <statusCode code="completed"/>
            <effectiveTime value="20250125214230"/>
            <value xsi:type="PQ" value="2" unit="{score}"/>
          </observation>
        </component>
        <component>
          <observation classCode="OBS" moodCode="EVN">
            <templateId root="2.16.840.1.113883.10.20.22.4.27"/>
            <templateId root="2.16.840.1.113883.10.20.22.4.27" extension="2014-06-09"/>
            <!-- Result observation template -->
            <id root="1e3039d5-2c11-3d68-8d56-1ac12212bd5a"/>
        <code  code="29463-7" codeSystem="2.16.840.1.113883.6.1" displayName="Body Weight">
          <originalText><reference value="#observations-desc-3"/></originalText>
        </code>
            <text>
              <reference value="#observations-desc-3"/>
            </text>
            <statusCode code="completed"/>
            <effectiveTime value="20250125214230"/>
            <value xsi:type="PQ" value="3.8" unit="kg"/>
          </observation>
        </component>
        <component>
          <observation classCode="OBS" moodCode="EVN">
            <templateId root="2.16.840.1.113883.10.20.22.4.27"/>
            <templateId root="2.16.840.1.113883.10.20.22.4.27" extension="2014-06-09"/>
            <!-- Result observation template -->
            <id root="3acca65b-d7fd-bf48-1d5c-c632180c6668"/>
        <code  code="77606-2" codeSystem="2.16.840.1.113883.6.1" displayName="Weight-for-length Per age and sex">
          <originalText><reference value="#observations-desc-4"/></originalText>
        </code>
            <text>
              <reference value="#observations-desc-4"/>
            </text>
            <statusCode code="completed"/>
            <effectiveTime value="20250125214230"/>
            <value xsi:type="PQ" value="58.13124920184065" unit="%"/>
          </observation>
        </component>
        <component>
          <observation classCode="OBS" moodCode="EVN">
            <templateId root="2.16.840.1.113883.10.20.22.4.27"/>
            <templateId root="2.16.840.1.113883.10.20.22.4.27" extension="2014-06-09"/>
            <!-- Result observation template -->
            <id root="b9b39848-763e-6a5d-f3ee-26b079352f6a"/>
        <code  code="8289-1" codeSystem="2.16.840.1.113883.6.1" displayName="Head Occipital-frontal circumference Percentile">
          <originalText><reference value="#observations-desc-5"/></originalText>
        </code>
            <text>
              <reference value="#observations-desc-5"/>
            </text>
            <statusCode code="completed"/>
            <effectiveTime value="20250125214230"/>
            <value xsi:type="PQ" value="36.86" unit="%"/>
          </observation>
        </component>
        <component>
          <observation classCode="OBS" moodCode="EVN">
            <templateId root="2.16.840.1.113883.10.20.22.4.27"/>
            <templateId root="2.16.840.1.113883.10.20.22.4.27" extension="2014-06-09"/>
            <!-- Result observation template -->
            <id root="77ef2405-fb17-b2af-d022-6c1bd9d49e67"/>
        <code  code="9843-4" codeSystem="2.16.840.1.113883.6.1" displayName="Head Occipital-frontal circumference">
          <originalText><reference value="#observations-desc-6"/></originalText>
        </code>
            <text>
              <reference value="#observations-desc-6"/>
            </text>
            <statusCode code="completed"/>
            <effectiveTime value="20250125214230"/>
            <value xsi:type="PQ" value="34.17" unit="cm"/>
          </observation>
        </component>
        <component>
          <observation classCode="OBS" moodCode="EVN">
            <templateId root="2.16.840.1.113883.10.20.22.4.27"/>
            <templateId root="2.16.840.1.113883.10.20.22.4.27" extension="2014-06-09"/>
            <!-- Result observation template -->
            <id root="c0582bd0-d983-9b06-d349-a2e5ed324f54"/>
        <code  code="8867-4" codeSystem="2.16.840.1.113883.6.1" displayName="Heart rate">
          <originalText><reference value="#observations-desc-7"/></originalText>
        </code>
            <text>
              <reference value="#observations-desc-7"/>
            </text>
            <statusCode code="completed"/>
            <effectiveTime value="20250125214230"/>
            <value xsi:type="PQ" value="92" unit="/min"/>
          </observation>
        </component>
        <component>
          <observation classCode="OBS" moodCode="EVN">
            <templateId root="2.16.840.1.113883.10.20.22.4.27"/>
            <templateId root="2.16.840.1.113883.10.20.22.4.27" extension="2014-06-09"/>
            <!-- Result observation template -->
            <id root="754a402d-fb21-c263-f3eb-338871f36e0c"/>
        <code  code="9279-1" codeSystem="2.16.840.1.113883.6.1" displayName="Respiratory rate">
          <originalText><reference value="#observations-desc-8"/></originalText>
        </code>
            <text>
              <reference value="#observations-desc-8"/>
            </text>
            <statusCode code="completed"/>
            <effectiveTime value="20250125214230"/>
            <value xsi:type="PQ" value="15" unit="/min"/>
          </observation>
        </component>
        <component>
          <observation classCode="OBS" moodCode="EVN">
            <templateId root="2.16.840.1.113883.10.20.22.4.27"/>
            <templateId root="2.16.840.1.113883.10.20.22.4.27" extension="2014-06-09"/>
            <!-- Result observation template -->
            <id root="49db9a7a-2d9e-6ab4-d06d-62bdbd450db0"/>
        <code  code="8302-2" codeSystem="2.16.840.1.113883.6.1" displayName="Body Height">
          <originalText><reference value="#observations-desc-9"/></originalText>
        </code>
            <text>
              <reference value="#observations-desc-9"/>
            </text>
            <statusCode code="completed"/>
            <effectiveTime value="20250301214230"/>
            <value xsi:type="PQ" value="54.3" unit="cm"/>
          </observation>
        </component>
        <component>
          <observation classCode="OBS" moodCode="EVN">
            <templateId root="2.16.840.1.113883.10.20.22.4.27"/>
            <templateId root="2.16.840.1.113883.10.20.22.4.27" extension="2014-06-09"/>
            <!-- Result observation template -->
            <id root="c2982afc-384e-d5e0-6355-6c1c191dae5a"/>
        <code  code="72514-3" codeSystem="2.16.840.1.113883.6.1" displayName="Pain severity - 0-10 verbal numeric rating [Score] - Reported">
          <originalText><reference value="#observations-desc-10"/></originalText>
        </code>
            <text>
              <reference value="#observations-desc-10"/>
            </text>
            <statusCode code="completed"/>
            <effectiveTime value="20250301214230"/>
            <value xsi:type="PQ" value="3" unit="{score}"/>
          </observation>
        </component>
        <component>
          <observation classCode="OBS" moodCode="EVN">
            <templateId root="2.16.840.1.113883.10.20.22.4.27"/>
            <templateId root="2.16.840.1.113883.10.20.22.4.27" extension="2014-06-09"/>
            <!-- Result observation template -->
            <id root="329152c1-ff85-f57e-46a9-53284af29d31"/>
        <code  code="29463-7" codeSystem="2.16.840.1.113883.6.1" displayName="Body Weight">
          <originalText><reference value="#observations-desc-11"/></originalText>
        </code>
            <text>
              <reference value="#observations-desc-11"/>
            </text>
            <statusCode code="completed"/>
            <effectiveTime value="20250301214230"/>
            <value xsi:type="PQ" value="4.5" unit="kg"/>
          </observation>
        </component>
        <component>
          <observation classCode="OBS" moodCode="EVN">
            <templateId root="2.16.840.1.113883.10.20.22.4.27"/>
            <templateId root="2.16.840.1.113883.10.20.22.4.27" extension="2014-06-09"/>
            <!-- Result observation template -->
            <id root="5e78f6d3-0c6a-b2c3-feef-164cb6c04563"/>
        <code  code="77606-2" codeSystem="2.16.840.1.113883.6.1" displayName="Weight-for-length Per age and sex">
          <originalText><reference value="#observations-desc-12"/></originalText>
        </code>
            <text>
              <reference value="#observations-desc-12"/>
            </text>
            <statusCode code="completed"/>
            <effectiveTime value="20250301214230"/>
            <value xsi:type="PQ" value="55.08077727835023" unit="%"/>
          </observation>
        </component>
        <component>
          <observation classCode="OBS" moodCode="EVN">
            <templateId root="2.16.840.1.113883.10.20.22.4.27"/>
            <templateId root="2.16.840.1.113883.10.20.22.4.27" extension="2014-06-09"/>
            <!-- Result observation template -->
            <id root="b38f8d41-85e9-5afb-6b9b-6759e688e818"/>
        <code  code="8289-1" codeSystem="2.16.840.1.113883.6.1" displayName="Head Occipital-frontal circumference Percentile">
          <originalText><reference value="#observations-desc-13"/></originalText>
        </code>
            <text>
              <reference value="#observations-desc-13"/>
            </text>
            <statusCode code="completed"/>
            <effectiveTime value="20250301214230"/>
            <value xsi:type="PQ" value="36.86" unit="%"/>
          </observation>
        </component>
        <component>
          <observation classCode="OBS" moodCode="EVN">
            <templateId root="2.16.840.1.113883.10.20.22.4.27"/>
            <templateId root="2.16.840.1.113883.10.20.22.4.27" extension="2014-06-09"/>
            <!-- Result observation template -->
            <id root="a017a147-eba7-b3d1-09c9-18e606acbecd"/>
        <code  code="9843-4" codeSystem="2.16.840.1.113883.6.1" displayName="Head Occipital-frontal circumference">
          <originalText><reference value="#observations-desc-14"/></originalText>
        </code>
            <text>
              <reference value="#observations-desc-14"/>
            </text>
            <statusCode code="completed"/>
            <effectiveTime value="20250301214230"/>
            <value xsi:type="PQ" value="37.5" unit="cm"/>
          </observation>
        </component>
        <component>
          <observation classCode="OBS" moodCode="EVN">
            <templateId root="2.16.840.1.113883.10.20.22.4.27"/>
            <templateId root="2.16.840.1.113883.10.20.22.4.27" extension="2014-06-09"/>
            <!-- Result observation template -->
            <id root="f7ef9b0a-b180-6cba-90ab-69cc748740e1"/>
        <code  code="8867-4" codeSystem="2.16.840.1.113883.6.1" displayName="Heart rate">
          <originalText><reference value="#observations-desc-15"/></originalText>
        </code>
            <text>
              <reference value="#observations-desc-15"/>
            </text>
            <statusCode code="completed"/>
            <effectiveTime value="20250301214230"/>
            <value xsi:type="PQ" value="78" unit="/min"/>
          </observation>
        </component>
        <component>
          <observation classCode="OBS" moodCode="EVN">
            <templateId root="2.16.840.1.113883.10.20.22.4.27"/>
            <templateId root="2.16.840.1.113883.10.20.22.4.27" extension="2014-06-09"/>
            <!-- Result observation template -->
            <id root="2749a1c2-3443-fae1-49d3-e162e70c3102"/>
        <code  code="9279-1" codeSystem="2.16.840.1.113883.6.1" displayName="Respiratory rate">
          <originalText><reference value="#observations-desc-16"/></originalText>
        </code>
            <text>
              <reference value="#observations-desc-16"/>
            </text>
            <statusCode code="completed"/>
            <effectiveTime value="20250301214230"/>
            <value xsi:type="PQ" value="13" unit="/min"/>
          </observation>
        </component>
        <component>
          <observation classCode="OBS" moodCode="EVN">
            <templateId root="2.16.840.1.113883.10.20.22.4.27"/>
            <templateId root="2.16.840.1.113883.10.20.22.4.27" extension="2014-06-09"/>
            <!-- Result observation template -->
            <id root="d727c5a3-fdec-1388-b311-092b9b4dd697"/>
        <code  code="8302-2" codeSystem="2.16.840.1.113883.6.1" displayName="Body Height">
          <originalText><reference value="#observations-desc-17"/></originalText>
        </code>
            <text>
              <reference value="#observations-desc-17"/>
            </text>
            <statusCode code="completed"/>
            <effectiveTime value="20250503214230"/>
            <value xsi:type="PQ" value="59.4" unit="cm"/>
          </observation>
        </component>
        <component>
          <observation classCode="OBS" moodCode="EVN">
            <templateId root="2.16.840.1.113883.10.20.22.4.27"/>
            <templateId root="2.16.840.1.113883.10.20.22.4.27" extension="2014-06-09"/>
            <!-- Result observation template -->
            <id root="e4090c87-e6aa-6092-5a28-67dd022f9785"/>
        <code  code="72514-3" codeSystem="2.16.840.1.113883.6.1" displayName="Pain severity - 0-10 verbal numeric rating [Score] - Reported">
          <originalText><reference value="#observations-desc-18"/></originalText>
        </code>
            <text>
              <reference value="#observations-desc-18"/>
            </text>
            <statusCode code="completed"/>
            <effectiveTime value="20250503214230"/>
            <value xsi:type="PQ" value="1" unit="{score}"/>
          </observation>
        </component>
        <component>
          <observation classCode="OBS" moodCode="EVN">
            <templateId root="2.16.840.1.113883.10.20.22.4.27"/>
            <templateId root="2.16.840.1.113883.10.20.22.4.27" extension="2014-06-09"/>
            <!-- Result observation template -->
            <id root="1812a374-aa8e-1850-1433-a39d80888733"/>
        <code  code="29463-7" codeSystem="2.16.840.1.113883.6.1" displayName="Body Weight">
          <originalText><reference value="#observations-desc-19"/></originalText>
        </code>
            <text>
              <reference value="#observations-desc-19"/>
            </text>
            <statusCode code="completed"/>
            <effectiveTime value="20250503214230"/>
            <value xsi:type="PQ" value="5.8" unit="kg"/>
          </observation>
        </component>
        <component>
          <observation classCode="OBS" moodCode="EVN">
            <templateId root="2.16.840.1.113883.10.20.22.4.27"/>
            <templateId root="2.16.840.1.113883.10.20.22.4.27" extension="2014-06-09"/>
            <!-- Result observation template -->
            <id root="f672826b-0acd-6887-d0de-a3023462b01f"/>
        <code  code="77606-2" codeSystem="2.16.840.1.113883.6.1" displayName="Weight-for-length Per age and sex">
          <originalText><reference value="#observations-desc-20"/></originalText>
        </code>
            <text>
              <reference value="#observations-desc-20"/>
            </text>
            <statusCode code="completed"/>
            <effectiveTime value="20250503214230"/>
            <value xsi:type="PQ" value="57.85999821443686" unit="%"/>
          </observation>
        </component>
        <component>
          <observation classCode="OBS" moodCode="EVN">
            <templateId root="2.16.840.1.113883.10.20.22.4.27"/>
            <templateId root="2.16.840.1.113883.10.20.22.4.27" extension="2014-06-09"/>
            <!-- Result observation template -->
            <id root="bea99a49-b4e9-50f5-315a-665e135bee6f"/>
        <code  code="8289-1" codeSystem="2.16.840.1.113883.6.1" displayName="Head Occipital-frontal circumference Percentile">
          <originalText><reference value="#observations-desc-21"/></originalText>
        </code>
            <text>
              <reference value="#observations-desc-21"/>
            </text>
            <statusCode code="completed"/>
            <effectiveTime value="20250503214230"/>
            <value xsi:type="PQ" value="36.86" unit="%"/>
          </observation>
        </component>
        <component>
          <observation classCode="OBS" moodCode="EVN">
            <templateId root="2.16.840.1.113883.10.20.22.4.27"/>
            <templateId root="2.16.840.1.113883.10.20.22.4.27" extension="2014-06-09"/>
            <!-- Result observation template -->
            <id root="cff5d07a-307e-25b8-25bd-a137cd8b5d0a"/>
        <code  code="9843-4" codeSystem="2.16.840.1.113883.6.1" displayName="Head Occipital-frontal circumference">
          <originalText><reference value="#observations-desc-22"/></originalText>
        </code>
            <text>
              <reference value="#observations-desc-22"/>
            </text>
            <statusCode code="completed"/>
            <effectiveTime value="20250503214230"/>
            <value xsi:type="PQ" value="40.02" unit="cm"/>
          </observation>
        </component>
        <component>
          <observation classCode="OBS" moodCode="EVN">
            <templateId root="2.16.840.1.113883.10.20.22.4.27"/>
            <templateId root="2.16.840.1.113883.10.20.22.4.27" extension="2014-06-09"/>
            <!-- Result observation template -->
            <id root="7067f398-9aa5-c9ab-53d3-fcbaa1e7f1de"/>
        <code  code="8867-4" codeSystem="2.16.840.1.113883.6.1" displayName="Heart rate">
          <originalText><reference value="#observations-desc-23"/></originalText>
        </code>
            <text>
              <reference value="#observations-desc-23"/>
            </text>
            <statusCode code="completed"/>
            <effectiveTime value="20250503214230"/>
            <value xsi:type="PQ" value="80" unit="/min"/>
          </observation>
        </component>
        <component>
          <observation classCode="OBS" moodCode="EVN">
            <templateId root="2.16.840.1.113883.10.20.22.4.27"/>
            <templateId root="2.16.840.1.113883.10.20.22.4.27" extension="2014-06-09"/>
            <!-- Result observation template -->
            <id root="f9b21c99-ff18-8aa2-3f05-852f0e5cf257"/>
        <code  code="9279-1" codeSystem="2.16.840.1.113883.6.1" displayName="Respiratory rate">
          <originalText><reference value="#observations-desc-24"/></originalText>
        </code>
            <text>
              <reference value="#observations-desc-24"/>
            </text>
            <statusCode code="completed"/>
            <effectiveTime value="20250503214230"/>
            <value xsi:type="PQ" value="14" unit="/min"/>
          </observation>
        </component>
        <component>
          <observation classCode="OBS" moodCode="EVN">
            <templateId root="2.16.840.1.113883.10.20.22.4.27"/>
            <templateId root="2.16.840.1.113883.10.20.22.4.27" extension="2014-06-09"/>
            <!-- Result observation template -->
            <id root="b1ba540e-fc70-dbb6-1941-8df39cffbb9e"/>
        <code  code="8302-2" codeSystem="2.16.840.1.113883.6.1" displayName="Body Height">
          <originalText><reference value="#observations-desc-25"/></originalText>
        </code>
            <text>
              <reference value="#observations-desc-25"/>
            </text>
            <statusCode code="completed"/>
            <effectiveTime value="20250705214230"/>
            <value xsi:type="PQ" value="63.3" unit="cm"/>
          </observation>
        </component>
        <component>
          <observation classCode="OBS" moodCode="EVN">
            <templateId root="2.16.840.1.113883.10.20.22.4.27"/>
            <templateId root="2.16.840.1.113883.10.20.22.4.27" extension="2014-06-09"/>
            <!-- Result observation template -->
            <id root="5b94601a-cbd6-fb5e-94aa-e05b02b21870"/>
        <code  code="72514-3" codeSystem="2.16.840.1.113883.6.1" displayName="Pain severity - 0-10 verbal numeric rating [Score] - Reported">
          <originalText><reference value="#observations-desc-26"/></originalText>
        </code>
            <text>
              <reference value="#observations-desc-26"/>
            </text>
            <statusCode code="completed"/>
            <effectiveTime value="20250705214230"/>
            <value xsi:type="PQ" value="2" unit="{score}"/>
          </observation>
        </component>
        <component>
          <observation classCode="OBS" moodCode="EVN">
            <templateId root="2.16.840.1.113883.10.20.22.4.27"/>
            <templateId root="2.16.840.1.113883.10.20.22.4.27" extension="2014-06-09"/>
            <!-- Result observation template -->
            <id root="8e10d030-f06e-3730-a3a0-9be297316d02"/>
        <code  code="29463-7" codeSystem="2.16.840.1.113883.6.1" displayName="Body Weight">
          <originalText><reference value="#observations-desc-27"/></originalText>
        </code>
            <text>
              <reference value="#observations-desc-27"/>
            </text>
            <statusCode code="completed"/>
            <effectiveTime value="20250705214230"/>
            <value xsi:type="PQ" value="6.9" unit="kg"/>
          </observation>
        </component>
        <component>
          <observation classCode="OBS" moodCode="EVN">
            <templateId root="2.16.840.1.113883.10.20.22.4.27"/>
            <templateId root="2.16.840.1.113883.10.20.22.4.27" extension="2014-06-09"/>
            <!-- Result observation template -->
            <id root="0531fc06-7969-490b-f813-c075d8177936"/>
        <code  code="77606-2" codeSystem="2.16.840.1.113883.6.1" displayName="Weight-for-length Per age and sex">
          <originalText><reference value="#observations-desc-28"/></originalText>
        </code>
            <text>
              <reference value="#observations-desc-28"/>
            </text>
            <statusCode code="completed"/>
            <effectiveTime value="20250705214230"/>
            <value xsi:type="PQ" value="62.574670411534925" unit="%"/>
          </observation>
        </component>
        <component>
          <observation classCode="OBS" moodCode="EVN">
            <templateId root="2.16.840.1.113883.10.20.22.4.27"/>
            <templateId root="2.16.840.1.113883.10.20.22.4.27" extension="2014-06-09"/>
            <!-- Result observation template -->
            <id root="64796e11-724f-5e75-4106-54873a7e9ff9"/>
        <code  code="8289-1" codeSystem="2.16.840.1.113883.6.1" displayName="Head Occipital-frontal circumference Percentile">
          <originalText><reference value="#observations-desc-29"/></originalText>
        </code>
            <text>
              <reference value="#observations-desc-29"/>
            </text>
            <statusCode code="completed"/>
            <effectiveTime value="20250705214230"/>
            <value xsi:type="PQ" value="36.86" unit="%"/>
          </observation>
        </component>
        <component>
          <observation classCode="OBS" moodCode="EVN">
            <templateId root="2.16.840.1.113883.10.20.22.4.27"/>
            <templateId root="2.16.840.1.113883.10.20.22.4.27" extension="2014-06-09"/>
            <!-- Result observation template -->
            <id root="0affb6ca-d84d-b946-549f-b7e5aa02e542"/>
        <code  code="9843-4" codeSystem="2.16.840.1.113883.6.1" displayName="Head Occipital-frontal circumference">
          <originalText><reference value="#observations-desc-30"/></originalText>
        </code>
            <text>
              <reference value="#observations-desc-30"/>
            </text>
            <statusCode code="completed"/>
            <effectiveTime value="20250705214230"/>
            <value xsi:type="PQ" value="41.65" unit="cm"/>
          </observation>
        </component>
        <component>
          <observation classCode="OBS" moodCode="EVN">
            <templateId root="2.16.840.1.113883.10.20.22.4.27"/>
            <templateId root="2.16.840.1.113883.10.20.22.4.27" extension="2014-06-09"/>
            <!-- Result observation template -->
            <id root="90485aba-14e3-7702-4315-35196c2a62fe"/>
        <code  code="8867-4" codeSystem="2.16.840.1.113883.6.1" displayName="Heart rate">
          <originalText><reference value="#observations-desc-31"/></originalText>
        </code>
            <text>
              <reference value="#observations-desc-31"/>
            </text>
            <statusCode code="completed"/>
            <effectiveTime value="20250705214230"/>
            <value xsi:type="PQ" value="79" unit="/min"/>
          </observation>
        </component>
        <component>
          <observation classCode="OBS" moodCode="EVN">
            <templateId root="2.16.840.1.113883.10.20.22.4.27"/>
            <templateId root="2.16.840.1.113883.10.20.22.4.27" extension="2014-06-09"/>
            <!-- Result observation template -->
            <id root="967ecc1e-04f2-013d-2a73-eba943dba392"/>
        <code  code="9279-1" codeSystem="2.16.840.1.113883.6.1" displayName="Respiratory rate">
          <originalText><reference value="#observations-desc-32"/></originalText>
        </code>
            <text>
              <reference value="#observations-desc-32"/>
            </text>
            <statusCode code="completed"/>
            <effectiveTime value="20250705214230"/>
            <value xsi:type="PQ" value="13" unit="/min"/>
          </observation>
        </component>
      </organizer>
    </entry>
  </section>
</component>
<component>
  <!--Immunizations-->
  <section>
    <templateId root="2.16.840.1.113883.10.20.22.2.2" extension="2015-08-01"/>
    <!--Immunizations section template-->
    <code code="11369-6" codeSystem="2.16.840.1.113883.6.1" codeSystemName="LOINC" displayName="History of immunizations"/>
    <title>Immunizations</title>
<text>
  <table border="1" width="100%">
    <thead>
      <tr>
        <th>Start</th>
        <th>Stop</th>
        <th>Description</th>
        <th>Code</th>
      </tr>
    </thead>
    <tbody>
        <tr>
          <td>2025-01-25T21:42:30Z</td>
          <td></td>
          <td ID="immunizations-desc-1">Hep B, adolescent or pediatric</td>
          <td ID="immunizations-code-1">http://hl7.org/fhir/sid/cvx 08</td>
        </tr>
        <tr>
          <td>2025-03-01T21:42:30Z</td>
          <td></td>
          <td ID="immunizations-desc-2">Hep B, adolescent or pediatric</td>
          <td ID="immunizations-code-2">http://hl7.org/fhir/sid/cvx 08</td>
        </tr>
        <tr>
          <td>2025-05-03T21:42:30Z</td>
          <td></td>
          <td ID="immunizations-desc-3">Hib (PRP-OMP)</td>
          <td ID="immunizations-code-3">http://hl7.org/fhir/sid/cvx 49</td>
        </tr>
        <tr>
          <td>2025-05-03T21:42:30Z</td>
          <td></td>
          <td ID="immunizations-desc-4">rotavirus, monovalent</td>
          <td ID="immunizations-code-4">http://hl7.org/fhir/sid/cvx 119</td>
        </tr>
        <tr>
          <td>2025-05-03T21:42:30Z</td>
          <td></td>
          <td ID="immunizations-desc-5">IPV</td>
          <td ID="immunizations-code-5">http://hl7.org/fhir/sid/cvx 10</td>
        </tr>
        <tr>
          <td>2025-05-03T21:42:30Z</td>
          <td></td>
          <td ID="immunizations-desc-6">DTaP</td>
          <td ID="immunizations-code-6">http://hl7.org/fhir/sid/cvx 20</td>
        </tr>
        <tr>
          <td>2025-05-03T21:42:30Z</td>
          <td></td>
          <td ID="immunizations-desc-7">Pneumococcal conjugate PCV 13</td>
          <td ID="immunizations-code-7">http://hl7.org/fhir/sid/cvx 133</td>
        </tr>
        <tr>
          <td>2025-07-05T21:42:30Z</td>
          <td></td>
          <td ID="immunizations-desc-8">Hib (PRP-OMP)</td>
          <td ID="immunizations-code-8">http://hl7.org/fhir/sid/cvx 49</td>
        </tr>
        <tr>
          <td>2025-07-05T21:42:30Z</td>
          <td></td>
          <td ID="immunizations-desc-9">rotavirus, monovalent</td>
          <td ID="immunizations-code-9">http://hl7.org/fhir/sid/cvx 119</td>
        </tr>
        <tr>
          <td>2025-07-05T21:42:30Z</td>
          <td></td>
          <td ID="immunizations-desc-10">IPV</td>
          <td ID="immunizations-code-10">http://hl7.org/fhir/sid/cvx 10</td>
        </tr>
        <tr>
          <td>2025-07-05T21:42:30Z</td>
          <td></td>
          <td ID="immunizations-desc-11">DTaP</td>
          <td ID="immunizations-code-11">http://hl7.org/fhir/sid/cvx 20</td>
        </tr>
        <tr>
          <td>2025-07-05T21:42:30Z</td>
          <td></td>
          <td ID="immunizations-desc-12">Pneumococcal conjugate PCV 13</td>
          <td ID="immunizations-code-12">http://hl7.org/fhir/sid/cvx 133</td>
        </tr>
    </tbody>
  </table>
</text>
    <entry typeCode="DRIV">
      <substanceAdministration classCode="SBADM" moodCode="EVN" negationInd="false">
        <templateId root="2.16.840.1.113883.10.20.22.4.52"/>
        <!-- Medication activity template -->
        <id root="de00b11e-a356-d3a1-cfba-4acfb80fe053"/>
        <code code='IMMUNIZ' codeSystem='2.16.840.1.113883.5.4' codeSystemName='ActCode'/>
        <text>
          <reference value="#immunizations-desc-1"/>
        </text>
        <statusCode code="completed"/>
        <effectiveTime value="20250125214230"/>
        <doseQuantity nullFlavor="UNK"/>
        <consumable>
          <manufacturedProduct classCode="MANU">
            <templateId root="2.16.840.1.113883.10.20.22.4.54"/>
            <!-- Product template -->
            <manufacturedMaterial>
        <code  code="08" codeSystem="2.16.840.1.113883.12.292" displayName="Hep B, adolescent or pediatric">
          <originalText><reference value="#immunizations-desc-1"/></originalText>
        </code>
              <name>Hep B, adolescent or pediatric</name>
            </manufacturedMaterial>
          </manufacturedProduct>
        </consumable>
      </substanceAdministration>
    </entry>
    <entry typeCode="DRIV">
      <substanceAdministration classCode="SBADM" moodCode="EVN" negationInd="false">
        <templateId root="2.16.840.1.113883.10.20.22.4.52"/>
        <!-- Medication activity template -->
        <id root="deef371e-655b-38da-3ef4-d7725147ac68"/>
        <code code='IMMUNIZ' codeSystem='2.16.840.1.113883.5.4' codeSystemName='ActCode'/>
        <text>
          <reference value="#immunizations-desc-2"/>
        </text>
        <statusCode code="completed"/>
        <effectiveTime value="20250301214230"/>
        <doseQuantity nullFlavor="UNK"/>
        <consumable>
          <manufacturedProduct classCode="MANU">
            <templateId root="2.16.840.1.113883.10.20.22.4.54"/>
            <!-- Product template -->
            <manufacturedMaterial>
        <code  code="08" codeSystem="2.16.840.1.113883.12.292" displayName="Hep B, adolescent or pediatric">
          <originalText><reference value="#immunizations-desc-2"/></originalText>
        </code>
              <name>Hep B, adolescent or pediatric</name>
            </manufacturedMaterial>
          </manufacturedProduct>
        </consumable>
      </substanceAdministration>
    </entry>
    <entry typeCode="DRIV">
      <substanceAdministration classCode="SBADM" moodCode="EVN" negationInd="false">
        <templateId root="2.16.840.1.113883.10.20.22.4.52"/>
        <!-- Medication activity template -->
        <id root="b40c2f53-4bd2-149e-2cf6-543596b405db"/>
        <code code='IMMUNIZ' codeSystem='2.16.840.1.113883.5.4' codeSystemName='ActCode'/>
        <text>
          <reference value="#immunizations-desc-3"/>
        </text>
        <statusCode code="completed"/>
        <effectiveTime value="20250503214230"/>
        <doseQuantity nullFlavor="UNK"/>
        <consumable>
          <manufacturedProduct classCode="MANU">
            <templateId root="2.16.840.1.113883.10.20.22.4.54"/>
            <!-- Product template -->
            <manufacturedMaterial>
        <code  code="49" codeSystem="2.16.840.1.113883.12.292" displayName="Hib (PRP-OMP)">
          <originalText><reference value="#immunizations-desc-3"/></originalText>
        </code>
              <name>Hib (PRP-OMP)</name>
            </manufacturedMaterial>
          </manufacturedProduct>
        </consumable>
      </substanceAdministration>
    </entry>
    <entry typeCode="DRIV">
      <substanceAdministration classCode="SBADM" moodCode="EVN" negationInd="false">
        <templateId root="2.16.840.1.113883.10.20.22.4.52"/>
        <!-- Medication activity template -->
        <id root="43a259e2-ff76-727b-3a12-7268d02eed94"/>
        <code code='IMMUNIZ' codeSystem='2.16.840.1.113883.5.4' codeSystemName='ActCode'/>
        <text>
          <reference value="#immunizations-desc-4"/>
        </text>
        <statusCode code="completed"/>
        <effectiveTime value="20250503214230"/>
        <doseQuantity nullFlavor="UNK"/>
        <consumable>
          <manufacturedProduct classCode="MANU">
            <templateId root="2.16.840.1.113883.10.20.22.4.54"/>
            <!-- Product template -->
            <manufacturedMaterial>
        <code  code="119" codeSystem="2.16.840.1.113883.12.292" displayName="rotavirus, monovalent">
          <originalText><reference value="#immunizations-desc-4"/></originalText>
        </code>
              <name>rotavirus, monovalent</name>
            </manufacturedMaterial>
          </manufacturedProduct>
        </consumable>
      </substanceAdministration>
    </entry>
    <entry typeCode="DRIV">
      <substanceAdministration classCode="SBADM" moodCode="EVN" negationInd="false">
        <templateId root="2.16.840.1.113883.10.20.22.4.52"/>
        <!-- Medication activity template -->
        <id root="0fb83dc5-0a23-49b1-de82-20cb334d802c"/>
        <code code='IMMUNIZ' codeSystem='2.16.840.1.113883.5.4' codeSystemName='ActCode'/>
        <text>
          <reference value="#immunizations-desc-5"/>
        </text>
        <statusCode code="completed"/>
        <effectiveTime value="20250503214230"/>
        <doseQuantity nullFlavor="UNK"/>
        <consumable>
          <manufacturedProduct classCode="MANU">
            <templateId root="2.16.840.1.113883.10.20.22.4.54"/>
            <!-- Product template -->
            <manufacturedMaterial>
        <code  code="10" codeSystem="2.16.840.1.113883.12.292" displayName="IPV">
          <originalText><reference value="#immunizations-desc-5"/></originalText>
        </code>
              <name>IPV</name>
            </manufacturedMaterial>
          </manufacturedProduct>
        </consumable>
      </substanceAdministration>
    </entry>
    <entry typeCode="DRIV">
      <substanceAdministration classCode="SBADM" moodCode="EVN" negationInd="false">
        <templateId root="2.16.840.1.113883.10.20.22.4.52"/>
        <!-- Medication activity template -->
        <id root="ecb53f4c-e8cb-1a69-8b76-4f497fd780af"/>
        <code code='IMMUNIZ' codeSystem='2.16.840.1.113883.5.4' codeSystemName='ActCode'/>
        <text>
          <reference value="#immunizations-desc-6"/>
        </text>
        <statusCode code="completed"/>
        <effectiveTime value="20250503214230"/>
        <doseQuantity nullFlavor="UNK"/>
        <consumable>
          <manufacturedProduct classCode="MANU">
            <templateId root="2.16.840.1.113883.10.20.22.4.54"/>
            <!-- Product template -->
            <manufacturedMaterial>
        <code  code="20" codeSystem="2.16.840.1.113883.12.292" displayName="DTaP">
          <originalText><reference value="#immunizations-desc-6"/></originalText>
        </code>
              <name>DTaP</name>
            </manufacturedMaterial>
          </manufacturedProduct>
        </consumable>
      </substanceAdministration>
    </entry>
    <entry typeCode="DRIV">
      <substanceAdministration classCode="SBADM" moodCode="EVN" negationInd="false">
        <templateId root="2.16.840.1.113883.10.20.22.4.52"/>
        <!-- Medication activity template -->
        <id root="bae4716d-2c96-ebb1-37ac-bb33d6aed10f"/>
        <code code='IMMUNIZ' codeSystem='2.16.840.1.113883.5.4' codeSystemName='ActCode'/>
        <text>
          <reference value="#immunizations-desc-7"/>
        </text>
        <statusCode code="completed"/>
        <effectiveTime value="20250503214230"/>
        <doseQuantity nullFlavor="UNK"/>
        <consumable>
          <manufacturedProduct classCode="MANU">
            <templateId root="2.16.840.1.113883.10.20.22.4.54"/>
            <!-- Product template -->
            <manufacturedMaterial>
        <code  code="133" codeSystem="2.16.840.1.113883.12.292" displayName="Pneumococcal conjugate PCV 13">
          <originalText><reference value="#immunizations-desc-7"/></originalText>
        </code>
              <name>Pneumococcal conjugate PCV 13</name>
            </manufacturedMaterial>
          </manufacturedProduct>
        </consumable>
      </substanceAdministration>
    </entry>
    <entry typeCode="DRIV">
      <substanceAdministration classCode="SBADM" moodCode="EVN" negationInd="false">
        <templateId root="2.16.840.1.113883.10.20.22.4.52"/>
        <!-- Medication activity template -->
        <id root="2c6ffdd8-30ea-b316-d6b5-d451b637a76e"/>
        <code code='IMMUNIZ' codeSystem='2.16.840.1.113883.5.4' codeSystemName='ActCode'/>
        <text>
          <reference value="#immunizations-desc-8"/>
        </text>
        <statusCode code="completed"/>
        <effectiveTime value="20250705214230"/>
        <doseQuantity nullFlavor="UNK"/>
        <consumable>
          <manufacturedProduct classCode="MANU">
            <templateId root="2.16.840.1.113883.10.20.22.4.54"/>
            <!-- Product template -->
            <manufacturedMaterial>
        <code  code="49" codeSystem="2.16.840.1.113883.12.292" displayName="Hib (PRP-OMP)">
          <originalText><reference value="#immunizations-desc-8"/></originalText>
        </code>
              <name>Hib (PRP-OMP)</name>
            </manufacturedMaterial>
          </manufacturedProduct>
        </consumable>
      </substanceAdministration>
    </entry>
    <entry typeCode="DRIV">
      <substanceAdministration classCode="SBADM" moodCode="EVN" negationInd="false">
        <templateId root="2.16.840.1.113883.10.20.22.4.52"/>
        <!-- Medication activity template -->
        <id root="3c5708af-6a02-3cb4-c5fd-293be3cd9357"/>
        <code code='IMMUNIZ' codeSystem='2.16.840.1.113883.5.4' codeSystemName='ActCode'/>
        <text>
          <reference value="#immunizations-desc-9"/>
        </text>
        <statusCode code="completed"/>
        <effectiveTime value="20250705214230"/>
        <doseQuantity nullFlavor="UNK"/>
        <consumable>
          <manufacturedProduct classCode="MANU">
            <templateId root="2.16.840.1.113883.10.20.22.4.54"/>
            <!-- Product template -->
            <manufacturedMaterial>
        <code  code="119" codeSystem="2.16.840.1.113883.12.292" displayName="rotavirus, monovalent">
          <originalText><reference value="#immunizations-desc-9"/></originalText>
        </code>
              <name>rotavirus, monovalent</name>
            </manufacturedMaterial>
          </manufacturedProduct>
        </consumable>
      </substanceAdministration>
    </entry>
    <entry typeCode="DRIV">
      <substanceAdministration classCode="SBADM" moodCode="EVN" negationInd="false">
        <templateId root="2.16.840.1.113883.10.20.22.4.52"/>
        <!-- Medication activity template -->
        <id root="89884515-7ff2-3ff2-126a-e4138318b2bb"/>
        <code code='IMMUNIZ' codeSystem='2.16.840.1.113883.5.4' codeSystemName='ActCode'/>
        <text>
          <reference value="#immunizations-desc-10"/>
        </text>
        <statusCode code="completed"/>
        <effectiveTime value="20250705214230"/>
        <doseQuantity nullFlavor="UNK"/>
        <consumable>
          <manufacturedProduct classCode="MANU">
            <templateId root="2.16.840.1.113883.10.20.22.4.54"/>
            <!-- Product template -->
            <manufacturedMaterial>
        <code  code="10" codeSystem="2.16.840.1.113883.12.292" displayName="IPV">
          <originalText><reference value="#immunizations-desc-10"/></originalText>
        </code>
              <name>IPV</name>
            </manufacturedMaterial>
          </manufacturedProduct>
        </consumable>
      </substanceAdministration>
    </entry>
    <entry typeCode="DRIV">
      <substanceAdministration classCode="SBADM" moodCode="EVN" negationInd="false">
        <templateId root="2.16.840.1.113883.10.20.22.4.52"/>
        <!-- Medication activity template -->
        <id root="bd5ddb0f-b5d4-008c-f899-2451b6b4adad"/>
        <code code='IMMUNIZ' codeSystem='2.16.840.1.113883.5.4' codeSystemName='ActCode'/>
        <text>
          <reference value="#immunizations-desc-11"/>
        </text>
        <statusCode code="completed"/>
        <effectiveTime value="20250705214230"/>
        <doseQuantity nullFlavor="UNK"/>
        <consumable>
          <manufacturedProduct classCode="MANU">
            <templateId root="2.16.840.1.113883.10.20.22.4.54"/>
            <!-- Product template -->
            <manufacturedMaterial>
        <code  code="20" codeSystem="2.16.840.1.113883.12.292" displayName="DTaP">
          <originalText><reference value="#immunizations-desc-11"/></originalText>
        </code>
              <name>DTaP</name>
            </manufacturedMaterial>
          </manufacturedProduct>
        </consumable>
      </substanceAdministration>
    </entry>
    <entry typeCode="DRIV">
      <substanceAdministration classCode="SBADM" moodCode="EVN" negationInd="false">
        <templateId root="2.16.840.1.113883.10.20.22.4.52"/>
        <!-- Medication activity template -->
        <id root="02a4dd26-3005-bac7-1be5-44f0b8546ea5"/>
        <code code='IMMUNIZ' codeSystem='2.16.840.1.113883.5.4' codeSystemName='ActCode'/>
        <text>
          <reference value="#immunizations-desc-12"/>
        </text>
        <statusCode code="completed"/>
        <effectiveTime value="20250705214230"/>
        <doseQuantity nullFlavor="UNK"/>
        <consumable>
          <manufacturedProduct classCode="MANU">
            <templateId root="2.16.840.1.113883.10.20.22.4.54"/>
            <!-- Product template -->
            <manufacturedMaterial>
        <code  code="133" codeSystem="2.16.840.1.113883.12.292" displayName="Pneumococcal conjugate PCV 13">
          <originalText><reference value="#immunizations-desc-12"/></originalText>
        </code>
              <name>Pneumococcal conjugate PCV 13</name>
            </manufacturedMaterial>
          </manufacturedProduct>
        </consumable>
      </substanceAdministration>
    </entry>
  </section>
</component>
<component>
  <!--Social History - CCDA-->
  <section>
    <templateId root="2.16.840.1.113883.10.20.22.2.17" extension="2015-08-01"/>
    <templateId root="2.16.840.1.113883.10.20.22.2.17"/>
    <!-- Social history section template -->
    <code code="29762-2" codeSystem="2.16.840.1.113883.6.1"/>
    <title>Social History</title>
    <text>There is no current social history except smoking status.</text>
    <entry typeCode="DRIV">
      <observation classCode="OBS" moodCode="EVN">
        <templateId root="2.16.840.1.113883.10.20.22.4.78"/>
        <templateId root="2.16.840.1.113883.10.20.22.4.78" extension="2014-06-09"/>
        <!-- Smoking Status Meaningful Use template -->
        <id root="c912580a-f718-dda4-f721-a2dc93591009"/>
        <code code="72166-2" codeSystem="2.16.840.1.113883.6.1" displayName="Tobacco smoking status NHIS" />
        <statusCode code="completed"/>
        <effectiveTime value="20250705214230"/>
        <value xsi:type="CD" code="266919005" displayName="Never smoked tobacco (finding)" codeSystem="2.16.840.1.113883.6.96"/>
          <author>
            <time value="20250719214230"/>
            <assignedAuthor>
              <id nullFlavor="NA"/>
              <addr nullFlavor="NA" />
              <telecom nullFlavor="NA" />
              <assignedAuthoringDevice>
                <manufacturerModelName>https://github.com/synthetichealth/synthea</manufacturerModelName>
                <softwareName>https://github.com/synthetichealth/synthea</softwareName>
              </assignedAuthoringDevice>
              <representedOrganization>
                <id nullFlavor="NA"/>
                <name>SIGNATURE HEALTHCARE MEDICAL GROUP INC</name>
                <telecom nullFlavor="NA"/>
                <addr>
                  <streetAddressLine>680 CENTRE ST</streetAddressLine>
                  <city>WEST BRIDGEWATER</city>
                  <state>MA</state>
                  <postalCode>023791600</postalCode>
                </addr>
              </representedOrganization>
            </assignedAuthor>
          </author>
      </observation>
    </entry>
  </section>
</component>    </structuredBody>
  </component>
</ClinicalDocument>
