<?xml version="1.0" encoding="UTF-8"?>
<ClinicalDocument xmlns="urn:hl7-org:v3" xmlns:sdtc="urn:hl7-org:sdtc" xmlns:xsi="http://www.w3.org/2001/XMLSchema-instance" xsi:schemaLocation="urn:hl7-org:v3 http://xreg2.nist.gov:8080/hitspValidation/schema/cdar2c32/infrastructure/cda/C32_CDA.xsd">
  <realmCode code="US"/>
  <typeId root="2.16.840.1.113883.1.3" extension="POCD_HD000040"/>
  <templateId root="2.16.840.1.113883.10.20.22.1.1" extension="2015-08-01"/>
  <templateId root="2.16.840.1.113883.10.20.22.1.2" extension="2015-08-01"/>
  <id root="2.16.840.1.113883.19.5" extension="2af8ff7f-722e-cf17-fbf0-64603ad9843d" assigningAuthorityName="https://github.com/synthetichealth/synthea"/>
  <code code="34133-9" displayName="Summarization of episode note" codeSystem="2.16.840.1.113883.6.1" codeSystemName="LOINC"/>
  <title>C-CDA R2.1 Patient Record: Tonya123 Wunsch504</title>
  <effectiveTime value="20250426213203"/>
  <confidentialityCode code="N"/>
  <languageCode code="en-US"/>
  <recordTarget>
    <patientRole>
      <id root="2.16.840.1.113883.19.5" extension="2af8ff7f-722e-cf17-fbf0-64603ad9843d" assigningAuthorityName="https://github.com/synthetichealth/synthea"/>
      <addr use="HP">
        <streetAddressLine>224 Williamson Road Apt 17</streetAddressLine>
        <city>Needham</city>
        <state>Massachusetts</state>
        <postalCode>02494</postalCode>
      </addr>
      <telecom nullFlavor="NI"/>
      <patient>
        <name>
          <given>Tonya123</given>
          <family>Wunsch504</family>
        </name>
        <administrativeGenderCode code="F" codeSystem="2.16.840.1.113883.5.1" codeSystemName="HL7 AdministrativeGender"/>
        <birthTime value="20241026213203"/>
        <raceCode code="2106-3" displayName="white" codeSystemName="CDC Race and Ethnicity" codeSystem="2.16.840.1.113883.6.238"/>
        <ethnicGroupCode code="2186-5" displayName="non-hispanic" codeSystemName="CDC Race and Ethnicity" codeSystem="2.16.840.1.113883.6.238"/>
        <languageCommunication>
          <languageCode code="en-US"/>
        </languageCommunication>
      </patient>
    </patientRole>
  </recordTarget>
  <author>
    <time value="20250426213203"/>
    <assignedAuthor>
      <id nullFlavor="NA"/>
      <addr nullFlavor="NA" />
      <telecom nullFlavor="NA" />
      <assignedAuthoringDevice>
        <manufacturerModelName>https://github.com/synthetichealth/synthea</manufacturerModelName>
        <softwareName>https://github.com/synthetichealth/synthea</softwareName>
      </assignedAuthoringDevice>
      <representedOrganization>
        <id nullFlavor="NA"/>
        <name>CLASSIC HEALTHCARE MEDICAL GROUP LLC</name>
        <telecom nullFlavor="NA"/>
        <addr>
          <streetAddressLine>300 CHESTNUT ST</streetAddressLine>
          <city>NEEDHAM</city>
          <state>MA</state>
          <postalCode>024922477</postalCode>
        </addr>
      </representedOrganization>
    </assignedAuthor>
  </author>
  <custodian>
    <assignedCustodian>
      <representedCustodianOrganization>
        <id nullFlavor="NA"/>
        <name>CLASSIC HEALTHCARE MEDICAL GROUP LLC</name>
        <telecom nullFlavor="NA"/>
        <addr>
          <streetAddressLine>300 CHESTNUT ST</streetAddressLine>
          <city>NEEDHAM</city>
          <state>MA</state>
          <postalCode>024922477</postalCode>
        </addr>
      </representedCustodianOrganization>
    </assignedCustodian>
  </custodian>
  <documentationOf>
    <serviceEvent classCode="PCPR">
      <effectiveTime>
        <low value="20241026213203"/>
        <high value="20250426213203"/>
      </effectiveTime>
    </serviceEvent>
  </documentationOf>
  <component>
    <structuredBody>
<component>
  <!-- Allergies: patient has no allergies -->
  <section nullFlavor="NI">
    <templateId root="2.16.840.1.113883.10.20.22.2.6.1" extension="2015-08-01"/>
    <code code="48765-2" codeSystem="2.16.840.1.113883.6.1" codeSystemName="LOINC" displayName="Allergy List"/>
    <title>Allergies</title>                
    <text>There are no current allergies at the time of this document's creation.</text>
  </section>
</component><component>
  <!-- Medications: patient has no medications -->
  <section nullFlavor="NI">
		<templateId root="2.16.840.1.113883.10.20.22.2.1.1" extension="2014-06-09"/>
    <code code="10160-0" codeSystem="2.16.840.1.113883.6.1" codeSystemName="LOINC" displayName="History of medication use"/>
    <title>Medications</title>
    <text>There are no current medications at the time of this document's creation.</text>
  </section>
</component><component>
  <!--Diagnostic Results-->
  <section>
    <templateId root="2.16.840.1.113883.10.20.22.2.3.1" extension="2015-08-01"/>
    <templateId root="2.16.840.1.113883.10.20.22.2.3.1"/>
    <!--Diagnostic Results section template-->
    <code code="30954-2" codeSystem="2.16.840.1.113883.6.1" codeSystemName="LOINC" displayName="Results"/>
    <title>Diagnostic Results</title>
<text>
  <table border="1" width="100%">
    <thead>
      <tr>
        <th>Start</th>
        <th>Stop</th>
        <th>Description</th>
        <th>Code</th>
      </tr>
    </thead>
    <tbody>
        <tr>
          <td>2024-10-26T21:32:03Z</td>
          <td></td>
          <td ID="reports-desc-1">CBC panel - Blood by Automated count</td>
          <td ID="reports-code-1">http://loinc.org 58410-2</td>
        </tr>
    </tbody>
  </table>
</text>
    <entry typeCode="DRIV">
      <organizer classCode="BATTERY" moodCode="EVN">
        <templateId root="2.16.840.1.113883.10.20.22.4.1" extension="2015-08-01"/>
        <templateId root="2.16.840.1.113883.10.20.22.4.1"/>
        <!--Result organizer template -->
        <id root="8143caa3-4727-e65f-47d1-7283de900629"/>
        <code code="58410-2" codeSystem="2.16.840.1.113883.6.1" codeSystemName="LOINC" displayName="CBC panel - Blood by Automated count"/>
        <statusCode code="completed"/>
        <effectiveTime>
          <low value="20241026213203"/>
          <high value="20241026213203"/>
        </effectiveTime>
        <component>
          <observation classCode="OBS" moodCode="EVN">
            <templateId root="2.16.840.1.113883.10.20.22.4.2" extension="2015-08-01"/>
            <templateId root="2.16.840.1.113883.10.20.22.4.2"/>
            <id root="aecc7b1d-a4f1-a43b-e463-aff4a7c5e2f1"/>
        <code  code="6690-2" codeSystem="2.16.840.1.113883.6.1" displayName="Leukocytes [#/volume] in Blood by Automated count">
          <originalText><reference value="#reports-desc-1"/></originalText>
        </code>
            <text>
              <reference value="#reports-desc-1"/>
            </text>
            <statusCode code="completed"/>
            <effectiveTime value="20241026213203"/>
            <value xsi:type="PQ" value="9.07276221031908" unit="10*3/uL"/>
          </observation>
        </component>
        <component>
          <observation classCode="OBS" moodCode="EVN">
            <templateId root="2.16.840.1.113883.10.20.22.4.2" extension="2015-08-01"/>
            <templateId root="2.16.840.1.113883.10.20.22.4.2"/>
            <id root="dcac89b6-ca2e-1bc2-d9e5-81b9231f4df0"/>
        <code  code="789-8" codeSystem="2.16.840.1.113883.6.1" displayName="Erythrocytes [#/volume] in Blood by Automated count">
          <originalText><reference value="#reports-desc-1"/></originalText>
        </code>
            <text>
              <reference value="#reports-desc-1"/>
            </text>
            <statusCode code="completed"/>
            <effectiveTime value="20241026213203"/>
            <value xsi:type="PQ" value="5.486923594924605" unit="10*6/uL"/>
          </observation>
        </component>
        <component>
          <observation classCode="OBS" moodCode="EVN">
            <templateId root="2.16.840.1.113883.10.20.22.4.2" extension="2015-08-01"/>
            <templateId root="2.16.840.1.113883.10.20.22.4.2"/>
            <id root="403a8e62-e7e6-7d11-1929-11b49276641a"/>
        <code  code="718-7" codeSystem="2.16.840.1.113883.6.1" displayName="Hemoglobin [Mass/volume] in Blood">
          <originalText><reference value="#reports-desc-1"/></originalText>
        </code>
            <text>
              <reference value="#reports-desc-1"/>
            </text>
            <statusCode code="completed"/>
            <effectiveTime value="20241026213203"/>
            <value xsi:type="PQ" value="14.859079698750897" unit="g/dL"/>
          </observation>
        </component>
        <component>
          <observation classCode="OBS" moodCode="EVN">
            <templateId root="2.16.840.1.113883.10.20.22.4.2" extension="2015-08-01"/>
            <templateId root="2.16.840.1.113883.10.20.22.4.2"/>
            <id root="201e4f40-2df8-c975-9b93-54d7bb0efe88"/>
        <code  code="4544-3" codeSystem="2.16.840.1.113883.6.1" displayName="Hematocrit [Volume Fraction] of Blood by Automated count">
          <originalText><reference value="#reports-desc-1"/></originalText>
        </code>
            <text>
              <reference value="#reports-desc-1"/>
            </text>
            <statusCode code="completed"/>
            <effectiveTime value="20241026213203"/>
            <value xsi:type="PQ" value="35.05700465957822" unit="%"/>
          </observation>
        </component>
        <component>
          <observation classCode="OBS" moodCode="EVN">
            <templateId root="2.16.840.1.113883.10.20.22.4.2" extension="2015-08-01"/>
            <templateId root="2.16.840.1.113883.10.20.22.4.2"/>
            <id root="510b3fbc-b8c0-7f60-11dc-1736d3c63df8"/>
        <code  code="787-2" codeSystem="2.16.840.1.113883.6.1" displayName="MCV [Entitic volume] by Automated count">
          <originalText><reference value="#reports-desc-1"/></originalText>
        </code>
            <text>
              <reference value="#reports-desc-1"/>
            </text>
            <statusCode code="completed"/>
            <effectiveTime value="20241026213203"/>
            <value xsi:type="PQ" value="85.71933039678142" unit="fL"/>
          </observation>
        </component>
        <component>
          <observation classCode="OBS" moodCode="EVN">
            <templateId root="2.16.840.1.113883.10.20.22.4.2" extension="2015-08-01"/>
            <templateId root="2.16.840.1.113883.10.20.22.4.2"/>
            <id root="68078425-6d9e-54e0-1735-adefc81aaa4a"/>
        <code  code="785-6" codeSystem="2.16.840.1.113883.6.1" displayName="MCH [Entitic mass] by Automated count">
          <originalText><reference value="#reports-desc-1"/></originalText>
        </code>
            <text>
              <reference value="#reports-desc-1"/>
            </text>
            <statusCode code="completed"/>
            <effectiveTime value="20241026213203"/>
            <value xsi:type="PQ" value="30.341505806468607" unit="pg"/>
          </observation>
        </component>
        <component>
          <observation classCode="OBS" moodCode="EVN">
            <templateId root="2.16.840.1.113883.10.20.22.4.2" extension="2015-08-01"/>
            <templateId root="2.16.840.1.113883.10.20.22.4.2"/>
            <id root="74bc67ee-dba6-015f-bfb0-c116bac970fb"/>
        <code  code="786-4" codeSystem="2.16.840.1.113883.6.1" displayName="MCHC [Mass/volume] by Automated count">
          <originalText><reference value="#reports-desc-1"/></originalText>
        </code>
            <text>
              <reference value="#reports-desc-1"/>
            </text>
            <statusCode code="completed"/>
            <effectiveTime value="20241026213203"/>
            <value xsi:type="PQ" value="33.864266658226896" unit="g/dL"/>
          </observation>
        </component>
        <component>
          <observation classCode="OBS" moodCode="EVN">
            <templateId root="2.16.840.1.113883.10.20.22.4.2" extension="2015-08-01"/>
            <templateId root="2.16.840.1.113883.10.20.22.4.2"/>
            <id root="fe503877-041a-8464-78c6-3517415ef2fa"/>
        <code  code="21000-5" codeSystem="2.16.840.1.113883.6.1" displayName="Erythrocyte distribution width [Entitic volume] by Automated count">
          <originalText><reference value="#reports-desc-1"/></originalText>
        </code>
            <text>
              <reference value="#reports-desc-1"/>
            </text>
            <statusCode code="completed"/>
            <effectiveTime value="20241026213203"/>
            <value xsi:type="PQ" value="43.445128065136835" unit="fL"/>
          </observation>
        </component>
        <component>
          <observation classCode="OBS" moodCode="EVN">
            <templateId root="2.16.840.1.113883.10.20.22.4.2" extension="2015-08-01"/>
            <templateId root="2.16.840.1.113883.10.20.22.4.2"/>
            <id root="ac2da8f3-2a96-a94c-108a-c01a712e0ea7"/>
        <code  code="777-3" codeSystem="2.16.840.1.113883.6.1" displayName="Platelets [#/volume] in Blood by Automated count">
          <originalText><reference value="#reports-desc-1"/></originalText>
        </code>
            <text>
              <reference value="#reports-desc-1"/>
            </text>
            <statusCode code="completed"/>
            <effectiveTime value="20241026213203"/>
            <value xsi:type="PQ" value="155.73679917098983" unit="10*3/uL"/>
          </observation>
        </component>
        <component>
          <observation classCode="OBS" moodCode="EVN">
            <templateId root="2.16.840.1.113883.10.20.22.4.2" extension="2015-08-01"/>
            <templateId root="2.16.840.1.113883.10.20.22.4.2"/>
            <id root="5ac17dbf-5984-4835-278f-13445a56eceb"/>
        <code  code="32207-3" codeSystem="2.16.840.1.113883.6.1" displayName="Platelet distribution width [Entitic volume] in Blood by Automated count">
          <originalText><reference value="#reports-desc-1"/></originalText>
        </code>
            <text>
              <reference value="#reports-desc-1"/>
            </text>
            <statusCode code="completed"/>
            <effectiveTime value="20241026213203"/>
            <value xsi:type="PQ" value="442.2806760601404" unit="fL"/>
          </observation>
        </component>
        <component>
          <observation classCode="OBS" moodCode="EVN">
            <templateId root="2.16.840.1.113883.10.20.22.4.2" extension="2015-08-01"/>
            <templateId root="2.16.840.1.113883.10.20.22.4.2"/>
            <id root="75890c54-1e8d-8295-9e16-00ee6f8aa09a"/>
        <code  code="32623-1" codeSystem="2.16.840.1.113883.6.1" displayName="Platelet mean volume [Entitic volume] in Blood by Automated count">
          <originalText><reference value="#reports-desc-1"/></originalText>
        </code>
            <text>
              <reference value="#reports-desc-1"/>
            </text>
            <statusCode code="completed"/>
            <effectiveTime value="20241026213203"/>
            <value xsi:type="PQ" value="9.764894204768025" unit="fL"/>
          </observation>
        </component>
      </organizer>
    </entry>
  </section>
</component><component>
  <!--Problems-->
  <section>
    <templateId root="2.16.840.1.113883.10.20.22.2.5.1" extension="2015-08-01"/>
    <!--Problems section template-->
    <code code="11450-4" codeSystem="2.16.840.1.113883.6.1" codeSystemName="LOINC" displayName="Problem list"/>
    <title>Problems</title>
<text>
  <table border="1" width="100%">
    <thead>
      <tr>
        <th>Start</th>
        <th>Stop</th>
        <th>Description</th>
        <th>Code</th>
      </tr>
    </thead>
    <tbody>
        <tr>
          <td>2024-10-26T21:32:03Z</td>
          <td>2024-11-30T21:32:03Z</td>
          <td ID="conditions-desc-1">Medication review due (situation)</td>
          <td ID="conditions-code-1">http://snomed.info/sct 314529007</td>
        </tr>
        <tr>
          <td>2025-02-01T21:32:03Z</td>
          <td></td>
          <td ID="conditions-desc-2">Medication review due (situation)</td>
          <td ID="conditions-code-2">http://snomed.info/sct 314529007</td>
        </tr>
    </tbody>
  </table>
</text>
    <entry typeCode="DRIV">
      <act classCode="ACT" moodCode="EVN">
        <templateId root="2.16.840.1.113883.10.20.22.4.3"/>
        <templateId root="2.16.840.1.113883.10.20.22.4.3" extension="2015-08-01"/>
        <!-- Problem act template -->
        <id root="4c135c7b-8e75-d05b-98ed-d5be02511b46"/>
        <code nullFlavor="NA"/>
        <statusCode code="completed"/>
        <effectiveTime>
          <low value="20241026213203"/>
          <high value="20241130213203"/>
        </effectiveTime>
        <entryRelationship typeCode="SUBJ" inversionInd="false">
          <observation classCode="OBS" moodCode="EVN">
            <templateId root="2.16.840.1.113883.10.20.22.4.4"/>
            <templateId root="2.16.840.1.113883.10.20.22.4.4" extension="2015-08-01"/>
            <!--Problem observation template - NOT episode template-->
            <id root="aa6bac58-6f3e-508b-6985-01893677fb9d"/>
            <code code="64572001" displayName="Condition" codeSystem="2.16.840.1.113883.6.96" codeSystemName="SNOMED-CT">
              <translation code="75323-6" displayName="Condition" codeSystem="2.16.840.1.113883.6.1" codeSystemName="LOINC"/>
            </code>
            <text>
              <reference value="#conditions-desc-1"/>
            </text>
            <statusCode code="completed"/>
            <effectiveTime>
              <low value="20241026213203"/>
              <high value="20241130213203"/>
            </effectiveTime>
            <priorityCode code="8319008" codeSystem="2.16.840.1.113883.6.96" displayName="Principal diagnosis" />
        <value xsi:type="CD" code="314529007" codeSystem="2.16.840.1.113883.6.96" displayName="Medication review due (situation)">
          <originalText><reference value="#conditions-desc-1"/></originalText>
        </value>
          </observation>
        </entryRelationship>
      </act>
    </entry>
    <entry typeCode="DRIV">
      <act classCode="ACT" moodCode="EVN">
        <templateId root="2.16.840.1.113883.10.20.22.4.3"/>
        <templateId root="2.16.840.1.113883.10.20.22.4.3" extension="2015-08-01"/>
        <!-- Problem act template -->
        <id root="9899bada-9893-bdf8-b185-4a09b3556963"/>
        <code nullFlavor="NA"/>
        <statusCode code="active"/>
        <effectiveTime>
          <low value="20250201213203"/>
          
        </effectiveTime>
        <entryRelationship typeCode="SUBJ" inversionInd="false">
          <observation classCode="OBS" moodCode="EVN">
            <templateId root="2.16.840.1.113883.10.20.22.4.4"/>
            <templateId root="2.16.840.1.113883.10.20.22.4.4" extension="2015-08-01"/>
            <!--Problem observation template - NOT episode template-->
            <id root="944efdb7-f8d8-bcad-15c2-9359b63b61d3"/>
            <code code="64572001" displayName="Condition" codeSystem="2.16.840.1.113883.6.96" codeSystemName="SNOMED-CT">
              <translation code="75323-6" displayName="Condition" codeSystem="2.16.840.1.113883.6.1" codeSystemName="LOINC"/>
            </code>
            <text>
              <reference value="#conditions-desc-2"/>
            </text>
            <statusCode code="completed"/>
            <effectiveTime>
              <low value="20250201213203"/>
              
            </effectiveTime>
            <priorityCode code="8319008" codeSystem="2.16.840.1.113883.6.96" displayName="Principal diagnosis" />
        <value xsi:type="CD" code="314529007" codeSystem="2.16.840.1.113883.6.96" displayName="Medication review due (situation)">
          <originalText><reference value="#conditions-desc-2"/></originalText>
        </value>
          </observation>
        </entryRelationship>
      </act>
    </entry>
  </section>
</component>
<component>
  <!--Surgeries-->
  <section>
    <templateId root="2.16.840.1.113883.10.20.22.2.7.1" extension="2014-06-09"/>
    <!--Surgeries section template-->
    <code code="47519-4" codeSystem="2.16.840.1.113883.6.1" codeSystemName="LOINC" displayName="List of surgeries"/>
    <title>Surgeries</title>
<text>
  <table border="1" width="100%">
    <thead>
      <tr>
        <th>Start</th>
        <th>Stop</th>
        <th>Description</th>
        <th>Code</th>
      </tr>
    </thead>
    <tbody>
        <tr>
          <td>2024-11-30T21:32:03Z</td>
          <td>2024-11-30T21:47:03Z</td>
          <td ID="procedures-desc-1">Medication reconciliation (procedure)</td>
          <td ID="procedures-code-1">http://snomed.info/sct 430193006</td>
        </tr>
    </tbody>
  </table>
</text>
    <entry typeCode="DRIV">
      <procedure classCode="PROC" moodCode="EVN">
        <templateId root="2.16.840.1.113883.10.20.22.4.14"/>
        <!-- Procedure activity template -->
        <id root="a894a4a0-a640-d6d1-baa1-00a6adcdc513"/>
        <code  code="430193006" codeSystem="2.16.840.1.113883.6.96" displayName="Medication reconciliation (procedure)">
          <originalText><reference value="#procedures-desc-1"/></originalText>
        </code>
        <text>
          <reference value="#procedures-desc-1"/>
        </text>
        <statusCode code="completed"/>
        <effectiveTime value="20241130213203"/>
      </procedure>
    </entry>
  </section>
</component>
<component>
  <!--Encounters-->
  <section>
    <templateId root="2.16.840.1.113883.10.20.22.2.22" extension="2015-08-01"/> <!-- CCDA Template id -->
    <!--Encounters section template-->
    <code code="46240-8" codeSystem="2.16.840.1.113883.6.1" codeSystemName="LOINC" displayName="History of encounters"/>
    <title>Encounters</title>
<text>
  <table border="1" width="100%">
    <thead>
      <tr>
        <th>Start</th>
        <th>Stop</th>
        <th>Description</th>
        <th>Code</th>
      </tr>
    </thead>
    <tbody>
        <tr>
          <td>2024-10-26T21:32:03Z</td>
          <td>2024-10-26T21:47:03Z</td>
          <td ID="encounters-desc-1">Well child visit (procedure)</td>
          <td ID="encounters-code-1">http://snomed.info/sct 410620009</td>
        </tr>
        <tr>
          <td>2024-11-30T21:32:03Z</td>
          <td>2024-11-30T21:47:03Z</td>
          <td ID="encounters-desc-2">Well child visit (procedure)</td>
          <td ID="encounters-code-2">http://snomed.info/sct 410620009</td>
        </tr>
        <tr>
          <td>2025-02-01T21:32:03Z</td>
          <td>2025-02-01T21:47:03Z</td>
          <td ID="encounters-desc-3">Well child visit (procedure)</td>
          <td ID="encounters-code-3">http://snomed.info/sct 410620009</td>
        </tr>
        <tr>
          <td>2025-04-05T21:32:03Z</td>
          <td>2025-04-05T21:47:03Z</td>
          <td ID="encounters-desc-4">Well child visit (procedure)</td>
          <td ID="encounters-code-4">http://snomed.info/sct 410620009</td>
        </tr>
    </tbody>
  </table>
</text>
    <entry typeCode="DRIV">
      <encounter classCode="ENC" moodCode="EVN">
		    <templateId root="2.16.840.1.113883.10.20.22.4.49"/>
        <!-- Encounter activity template -->
        <id root="936ef8e3-e3d8-ebcb-9798-6d2e5fe1c1a7"/>
        <code  code="410620009" codeSystem="2.16.840.1.113883.6.96" displayName="Well child visit (procedure)">
          <originalText><reference value="#encounters-desc-1"/></originalText>
        </code>
        <text>
          <reference value="#encounters-desc-1"/>
        </text>
        <effectiveTime>
          <low value="20241026213203"/>
          <high value="20241026214703"/>
        </effectiveTime>
      </encounter>
    </entry>
    <entry typeCode="DRIV">
      <encounter classCode="ENC" moodCode="EVN">
		    <templateId root="2.16.840.1.113883.10.20.22.4.49"/>
        <!-- Encounter activity template -->
        <id root="69f1691e-1eee-6a1d-e94c-5047c0cc33d5"/>
        <code  code="410620009" codeSystem="2.16.840.1.113883.6.96" displayName="Well child visit (procedure)">
          <originalText><reference value="#encounters-desc-2"/></originalText>
        </code>
        <text>
          <reference value="#encounters-desc-2"/>
        </text>
        <effectiveTime>
          <low value="20241130213203"/>
          <high value="20241130214703"/>
        </effectiveTime>
      </encounter>
    </entry>
    <entry typeCode="DRIV">
      <encounter classCode="ENC" moodCode="EVN">
		    <templateId root="2.16.840.1.113883.10.20.22.4.49"/>
        <!-- Encounter activity template -->
        <id root="0c03ce5b-2077-e5d7-5f06-46e19d5ac130"/>
        <code  code="410620009" codeSystem="2.16.840.1.113883.6.96" displayName="Well child visit (procedure)">
          <originalText><reference value="#encounters-desc-3"/></originalText>
        </code>
        <text>
          <reference value="#encounters-desc-3"/>
        </text>
        <effectiveTime>
          <low value="20250201213203"/>
          <high value="20250201214703"/>
        </effectiveTime>
      </encounter>
    </entry>
    <entry typeCode="DRIV">
      <encounter classCode="ENC" moodCode="EVN">
		    <templateId root="2.16.840.1.113883.10.20.22.4.49"/>
        <!-- Encounter activity template -->
        <id root="d1911d52-231f-4b6a-3f10-d9271c3505ff"/>
        <code  code="410620009" codeSystem="2.16.840.1.113883.6.96" displayName="Well child visit (procedure)">
          <originalText><reference value="#encounters-desc-4"/></originalText>
        </code>
        <text>
          <reference value="#encounters-desc-4"/>
        </text>
        <effectiveTime>
          <low value="20250405213203"/>
          <high value="20250405214703"/>
        </effectiveTime>
      </encounter>
    </entry>
  </section>
</component>
<component>
  <!--Vital Signs-->
  <section>
    <templateId root="2.16.840.1.113883.10.20.22.2.4.1" extension="2015-08-01"/>
    <!--Vital Signs section template-->
    <code code="8716-3" codeSystem="2.16.840.1.113883.6.1" codeSystemName="LOINC" displayName="Vital signs"/>
    <title>Vital Signs</title>
<text>
  <table border="1" width="100%">
    <thead>
      <tr>
        <th>Start</th>
        <th>Stop</th>
        <th>Description</th>
        <th>Code</th>
        <th>Value</th>
      </tr>
    </thead>
    <tbody>
        <tr>
          <td>2024-10-26T21:32:03Z</td>
          <td></td>
          <td ID="observations-desc-1">Body Height</td>
          <td ID="observations-code-1">http://loinc.org 8302-2</td>
          <td>57.9 cm</td>
        </tr>
        <tr>
          <td>2024-10-26T21:32:03Z</td>
          <td></td>
          <td ID="observations-desc-2">Pain severity - 0-10 verbal numeric rating [Score] - Reported</td>
          <td ID="observations-code-2">http://loinc.org 72514-3</td>
          <td>3 {score}</td>
        </tr>
        <tr>
          <td>2024-10-26T21:32:03Z</td>
          <td></td>
          <td ID="observations-desc-3">Body Weight</td>
          <td ID="observations-code-3">http://loinc.org 29463-7</td>
          <td>5.1 kg</td>
        </tr>
        <tr>
          <td>2024-10-26T21:32:03Z</td>
          <td></td>
          <td ID="observations-desc-4">Weight-for-length Per age and sex</td>
          <td ID="observations-code-4">http://loinc.org 77606-2</td>
          <td>22.57933362759481 %</td>
        </tr>
        <tr>
          <td>2024-10-26T21:32:03Z</td>
          <td></td>
          <td ID="observations-desc-5">Head Occipital-frontal circumference Percentile</td>
          <td ID="observations-code-5">http://loinc.org 8289-1</td>
          <td>100 %</td>
        </tr>
        <tr>
          <td>2024-10-26T21:32:03Z</td>
          <td></td>
          <td ID="observations-desc-6">Head Occipital-frontal circumference</td>
          <td ID="observations-code-6">http://loinc.org 9843-4</td>
          <td>39.59 cm</td>
        </tr>
        <tr>
          <td>2024-10-26T21:32:03Z</td>
          <td></td>
          <td ID="observations-desc-7">Heart rate</td>
          <td ID="observations-code-7">http://loinc.org 8867-4</td>
          <td>85 /min</td>
        </tr>
        <tr>
          <td>2024-10-26T21:32:03Z</td>
          <td></td>
          <td ID="observations-desc-8">Respiratory rate</td>
          <td ID="observations-code-8">http://loinc.org 9279-1</td>
          <td>16 /min</td>
        </tr>
        <tr>
          <td>2024-11-30T21:32:03Z</td>
          <td></td>
          <td ID="observations-desc-9">Body Height</td>
          <td ID="observations-code-9">http://loinc.org 8302-2</td>
          <td>61.2 cm</td>
        </tr>
        <tr>
          <td>2024-11-30T21:32:03Z</td>
          <td></td>
          <td ID="observations-desc-10">Pain severity - 0-10 verbal numeric rating [Score] - Reported</td>
          <td ID="observations-code-10">http://loinc.org 72514-3</td>
          <td>1 {score}</td>
        </tr>
        <tr>
          <td>2024-11-30T21:32:03Z</td>
          <td></td>
          <td ID="observations-desc-11">Body Weight</td>
          <td ID="observations-code-11">http://loinc.org 29463-7</td>
          <td>6.1 kg</td>
        </tr>
        <tr>
          <td>2024-11-30T21:32:03Z</td>
          <td></td>
          <td ID="observations-desc-12">Weight-for-length Per age and sex</td>
          <td ID="observations-code-12">http://loinc.org 77606-2</td>
          <td>42.75576182488231 %</td>
        </tr>
        <tr>
          <td>2024-11-30T21:32:03Z</td>
          <td></td>
          <td ID="observations-desc-13">Head Occipital-frontal circumference Percentile</td>
          <td ID="observations-code-13">http://loinc.org 8289-1</td>
          <td>100 %</td>
        </tr>
        <tr>
          <td>2024-11-30T21:32:03Z</td>
          <td></td>
          <td ID="observations-desc-14">Head Occipital-frontal circumference</td>
          <td ID="observations-code-14">http://loinc.org 9843-4</td>
          <td>42.25 cm</td>
        </tr>
        <tr>
          <td>2024-11-30T21:32:03Z</td>
          <td></td>
          <td ID="observations-desc-15">Heart rate</td>
          <td ID="observations-code-15">http://loinc.org 8867-4</td>
          <td>97 /min</td>
        </tr>
        <tr>
          <td>2024-11-30T21:32:03Z</td>
          <td></td>
          <td ID="observations-desc-16">Respiratory rate</td>
          <td ID="observations-code-16">http://loinc.org 9279-1</td>
          <td>14 /min</td>
        </tr>
        <tr>
          <td>2025-02-01T21:32:03Z</td>
          <td></td>
          <td ID="observations-desc-17">Body Height</td>
          <td ID="observations-code-17">http://loinc.org 8302-2</td>
          <td>66.2 cm</td>
        </tr>
        <tr>
          <td>2025-02-01T21:32:03Z</td>
          <td></td>
          <td ID="observations-desc-18">Pain severity - 0-10 verbal numeric rating [Score] - Reported</td>
          <td ID="observations-code-18">http://loinc.org 72514-3</td>
          <td>2 {score}</td>
        </tr>
        <tr>
          <td>2025-02-01T21:32:03Z</td>
          <td></td>
          <td ID="observations-desc-19">Body Weight</td>
          <td ID="observations-code-19">http://loinc.org 29463-7</td>
          <td>7.8 kg</td>
        </tr>
        <tr>
          <td>2025-02-01T21:32:03Z</td>
          <td></td>
          <td ID="observations-desc-20">Weight-for-length Per age and sex</td>
          <td ID="observations-code-20">http://loinc.org 77606-2</td>
          <td>69.59177889249966 %</td>
        </tr>
        <tr>
          <td>2025-02-01T21:32:03Z</td>
          <td></td>
          <td ID="observations-desc-21">Head Occipital-frontal circumference Percentile</td>
          <td ID="observations-code-21">http://loinc.org 8289-1</td>
          <td>100 %</td>
        </tr>
        <tr>
          <td>2025-02-01T21:32:03Z</td>
          <td></td>
          <td ID="observations-desc-22">Head Occipital-frontal circumference</td>
          <td ID="observations-code-22">http://loinc.org 9843-4</td>
          <td>44.34 cm</td>
        </tr>
        <tr>
          <td>2025-02-01T21:32:03Z</td>
          <td></td>
          <td ID="observations-desc-23">Heart rate</td>
          <td ID="observations-code-23">http://loinc.org 8867-4</td>
          <td>78 /min</td>
        </tr>
        <tr>
          <td>2025-02-01T21:32:03Z</td>
          <td></td>
          <td ID="observations-desc-24">Respiratory rate</td>
          <td ID="observations-code-24">http://loinc.org 9279-1</td>
          <td>14 /min</td>
        </tr>
        <tr>
          <td>2025-04-05T21:32:03Z</td>
          <td></td>
          <td ID="observations-desc-25">Body Height</td>
          <td ID="observations-code-25">http://loinc.org 8302-2</td>
          <td>70.3 cm</td>
        </tr>
        <tr>
          <td>2025-04-05T21:32:03Z</td>
          <td></td>
          <td ID="observations-desc-26">Pain severity - 0-10 verbal numeric rating [Score] - Reported</td>
          <td ID="observations-code-26">http://loinc.org 72514-3</td>
          <td>4 {score}</td>
        </tr>
        <tr>
          <td>2025-04-05T21:32:03Z</td>
          <td></td>
          <td ID="observations-desc-27">Body Weight</td>
          <td ID="observations-code-27">http://loinc.org 29463-7</td>
          <td>9.2 kg</td>
        </tr>
        <tr>
          <td>2025-04-05T21:32:03Z</td>
          <td></td>
          <td ID="observations-desc-28">Weight-for-length Per age and sex</td>
          <td ID="observations-code-28">http://loinc.org 77606-2</td>
          <td>83.74244698664309 %</td>
        </tr>
        <tr>
          <td>2025-04-05T21:32:03Z</td>
          <td></td>
          <td ID="observations-desc-29">Head Occipital-frontal circumference Percentile</td>
          <td ID="observations-code-29">http://loinc.org 8289-1</td>
          <td>100 %</td>
        </tr>
        <tr>
          <td>2025-04-05T21:32:03Z</td>
          <td></td>
          <td ID="observations-desc-30">Head Occipital-frontal circumference</td>
          <td ID="observations-code-30">http://loinc.org 9843-4</td>
          <td>45.74 cm</td>
        </tr>
        <tr>
          <td>2025-04-05T21:32:03Z</td>
          <td></td>
          <td ID="observations-desc-31">Heart rate</td>
          <td ID="observations-code-31">http://loinc.org 8867-4</td>
          <td>66 /min</td>
        </tr>
        <tr>
          <td>2025-04-05T21:32:03Z</td>
          <td></td>
          <td ID="observations-desc-32">Respiratory rate</td>
          <td ID="observations-code-32">http://loinc.org 9279-1</td>
          <td>15 /min</td>
        </tr>
    </tbody>
  </table>
</text>
    <entry typeCode="DRIV">
      <organizer classCode="CLUSTER" moodCode="EVN">
        <templateId root="2.16.840.1.113883.10.20.22.4.26"/>
        <templateId root="2.16.840.1.113883.10.20.22.4.26" extension="2015-08-01"/>
        <!-- Vital signs organizer template -->
        <id root="06bdc52a-4b86-ab55-df1e-6c8bd1e8c5c8"/>
        <code code="46680005" codeSystem="2.16.840.1.113883.6.96" displayName="Vital signs" codeSystemName="SNOMED CT">
          <translation code="74728-7" displayName="Vital signs, weight, height, head circumference, oximetry, BMI, and BSA panel" codeSystem="2.16.840.1.113883.6.1" codeSystemName="LOINC" />
        </code>
        <statusCode code="completed"/>
        <effectiveTime value="20250426213203"/>
        <component>
          <observation classCode="OBS" moodCode="EVN">
            <templateId root="2.16.840.1.113883.10.20.22.4.27"/>
            <templateId root="2.16.840.1.113883.10.20.22.4.27" extension="2014-06-09"/>
            <!-- Result observation template -->
            <id root="a2434a05-7478-0b4f-d4d8-e07f92701701"/>
        <code  code="8302-2" codeSystem="2.16.840.1.113883.6.1" displayName="Body Height">
          <originalText><reference value="#observations-desc-1"/></originalText>
        </code>
            <text>
              <reference value="#observations-desc-1"/>
            </text>
            <statusCode code="completed"/>
            <effectiveTime value="20241026213203"/>
            <value xsi:type="PQ" value="57.9" unit="cm"/>
          </observation>
        </component>
        <component>
          <observation classCode="OBS" moodCode="EVN">
            <templateId root="2.16.840.1.113883.10.20.22.4.27"/>
            <templateId root="2.16.840.1.113883.10.20.22.4.27" extension="2014-06-09"/>
            <!-- Result observation template -->
            <id root="615df7c1-f6f3-b414-a516-cbea325c177e"/>
        <code  code="72514-3" codeSystem="2.16.840.1.113883.6.1" displayName="Pain severity - 0-10 verbal numeric rating [Score] - Reported">
          <originalText><reference value="#observations-desc-2"/></originalText>
        </code>
            <text>
              <reference value="#observations-desc-2"/>
            </text>
            <statusCode code="completed"/>
            <effectiveTime value="20241026213203"/>
            <value xsi:type="PQ" value="3" unit="{score}"/>
          </observation>
        </component>
        <component>
          <observation classCode="OBS" moodCode="EVN">
            <templateId root="2.16.840.1.113883.10.20.22.4.27"/>
            <templateId root="2.16.840.1.113883.10.20.22.4.27" extension="2014-06-09"/>
            <!-- Result observation template -->
            <id root="693e3e10-7f84-1f05-9746-4eaf7319e0ad"/>
        <code  code="29463-7" codeSystem="2.16.840.1.113883.6.1" displayName="Body Weight">
          <originalText><reference value="#observations-desc-3"/></originalText>
        </code>
            <text>
              <reference value="#observations-desc-3"/>
            </text>
            <statusCode code="completed"/>
            <effectiveTime value="20241026213203"/>
            <value xsi:type="PQ" value="5.1" unit="kg"/>
          </observation>
        </component>
        <component>
          <observation classCode="OBS" moodCode="EVN">
            <templateId root="2.16.840.1.113883.10.20.22.4.27"/>
            <templateId root="2.16.840.1.113883.10.20.22.4.27" extension="2014-06-09"/>
            <!-- Result observation template -->
            <id root="312aaf61-37ef-9254-7e93-7de796585f30"/>
        <code  code="77606-2" codeSystem="2.16.840.1.113883.6.1" displayName="Weight-for-length Per age and sex">
          <originalText><reference value="#observations-desc-4"/></originalText>
        </code>
            <text>
              <reference value="#observations-desc-4"/>
            </text>
            <statusCode code="completed"/>
            <effectiveTime value="20241026213203"/>
            <value xsi:type="PQ" value="22.57933362759481" unit="%"/>
          </observation>
        </component>
        <component>
          <observation classCode="OBS" moodCode="EVN">
            <templateId root="2.16.840.1.113883.10.20.22.4.27"/>
            <templateId root="2.16.840.1.113883.10.20.22.4.27" extension="2014-06-09"/>
            <!-- Result observation template -->
            <id root="f36e2218-ceaf-0a3a-8237-c1075d62b629"/>
        <code  code="8289-1" codeSystem="2.16.840.1.113883.6.1" displayName="Head Occipital-frontal circumference Percentile">
          <originalText><reference value="#observations-desc-5"/></originalText>
        </code>
            <text>
              <reference value="#observations-desc-5"/>
            </text>
            <statusCode code="completed"/>
            <effectiveTime value="20241026213203"/>
            <value xsi:type="PQ" value="100" unit="%"/>
          </observation>
        </component>
        <component>
          <observation classCode="OBS" moodCode="EVN">
            <templateId root="2.16.840.1.113883.10.20.22.4.27"/>
            <templateId root="2.16.840.1.113883.10.20.22.4.27" extension="2014-06-09"/>
            <!-- Result observation template -->
            <id root="41d1f4e2-cee0-bfea-689d-1864b943e6b0"/>
        <code  code="9843-4" codeSystem="2.16.840.1.113883.6.1" displayName="Head Occipital-frontal circumference">
          <originalText><reference value="#observations-desc-6"/></originalText>
        </code>
            <text>
              <reference value="#observations-desc-6"/>
            </text>
            <statusCode code="completed"/>
            <effectiveTime value="20241026213203"/>
            <value xsi:type="PQ" value="39.59" unit="cm"/>
          </observation>
        </component>
        <component>
          <observation classCode="OBS" moodCode="EVN">
            <templateId root="2.16.840.1.113883.10.20.22.4.27"/>
            <templateId root="2.16.840.1.113883.10.20.22.4.27" extension="2014-06-09"/>
            <!-- Result observation template -->
            <id root="17d726ef-a2b1-6b06-8d2a-cd47e9d245c2"/>
        <code  code="8867-4" codeSystem="2.16.840.1.113883.6.1" displayName="Heart rate">
          <originalText><reference value="#observations-desc-7"/></originalText>
        </code>
            <text>
              <reference value="#observations-desc-7"/>
            </text>
            <statusCode code="completed"/>
            <effectiveTime value="20241026213203"/>
            <value xsi:type="PQ" value="85" unit="/min"/>
          </observation>
        </component>
        <component>
          <observation classCode="OBS" moodCode="EVN">
            <templateId root="2.16.840.1.113883.10.20.22.4.27"/>
            <templateId root="2.16.840.1.113883.10.20.22.4.27" extension="2014-06-09"/>
            <!-- Result observation template -->
            <id root="fc0be4be-7c89-6daf-942f-5cc2106f0ee0"/>
        <code  code="9279-1" codeSystem="2.16.840.1.113883.6.1" displayName="Respiratory rate">
          <originalText><reference value="#observations-desc-8"/></originalText>
        </code>
            <text>
              <reference value="#observations-desc-8"/>
            </text>
            <statusCode code="completed"/>
            <effectiveTime value="20241026213203"/>
            <value xsi:type="PQ" value="16" unit="/min"/>
          </observation>
        </component>
        <component>
          <observation classCode="OBS" moodCode="EVN">
            <templateId root="2.16.840.1.113883.10.20.22.4.27"/>
            <templateId root="2.16.840.1.113883.10.20.22.4.27" extension="2014-06-09"/>
            <!-- Result observation template -->
            <id root="71c2b541-a6cb-a14b-f00d-b68076ae08bd"/>
        <code  code="8302-2" codeSystem="2.16.840.1.113883.6.1" displayName="Body Height">
          <originalText><reference value="#observations-desc-9"/></originalText>
        </code>
            <text>
              <reference value="#observations-desc-9"/>
            </text>
            <statusCode code="completed"/>
            <effectiveTime value="20241130213203"/>
            <value xsi:type="PQ" value="61.2" unit="cm"/>
          </observation>
        </component>
        <component>
          <observation classCode="OBS" moodCode="EVN">
            <templateId root="2.16.840.1.113883.10.20.22.4.27"/>
            <templateId root="2.16.840.1.113883.10.20.22.4.27" extension="2014-06-09"/>
            <!-- Result observation template -->
            <id root="2318ad4b-8134-886e-7875-7222f6445c18"/>
        <code  code="72514-3" codeSystem="2.16.840.1.113883.6.1" displayName="Pain severity - 0-10 verbal numeric rating [Score] - Reported">
          <originalText><reference value="#observations-desc-10"/></originalText>
        </code>
            <text>
              <reference value="#observations-desc-10"/>
            </text>
            <statusCode code="completed"/>
            <effectiveTime value="20241130213203"/>
            <value xsi:type="PQ" value="1" unit="{score}"/>
          </observation>
        </component>
        <component>
          <observation classCode="OBS" moodCode="EVN">
            <templateId root="2.16.840.1.113883.10.20.22.4.27"/>
            <templateId root="2.16.840.1.113883.10.20.22.4.27" extension="2014-06-09"/>
            <!-- Result observation template -->
            <id root="80dd9b22-a269-13dd-0e65-a5284d656273"/>
        <code  code="29463-7" codeSystem="2.16.840.1.113883.6.1" displayName="Body Weight">
          <originalText><reference value="#observations-desc-11"/></originalText>
        </code>
            <text>
              <reference value="#observations-desc-11"/>
            </text>
            <statusCode code="completed"/>
            <effectiveTime value="20241130213203"/>
            <value xsi:type="PQ" value="6.1" unit="kg"/>
          </observation>
        </component>
        <component>
          <observation classCode="OBS" moodCode="EVN">
            <templateId root="2.16.840.1.113883.10.20.22.4.27"/>
            <templateId root="2.16.840.1.113883.10.20.22.4.27" extension="2014-06-09"/>
            <!-- Result observation template -->
            <id root="2e974af2-78c2-e6b4-84a7-295f3e86f757"/>
        <code  code="77606-2" codeSystem="2.16.840.1.113883.6.1" displayName="Weight-for-length Per age and sex">
          <originalText><reference value="#observations-desc-12"/></originalText>
        </code>
            <text>
              <reference value="#observations-desc-12"/>
            </text>
            <statusCode code="completed"/>
            <effectiveTime value="20241130213203"/>
            <value xsi:type="PQ" value="42.75576182488231" unit="%"/>
          </observation>
        </component>
        <component>
          <observation classCode="OBS" moodCode="EVN">
            <templateId root="2.16.840.1.113883.10.20.22.4.27"/>
            <templateId root="2.16.840.1.113883.10.20.22.4.27" extension="2014-06-09"/>
            <!-- Result observation template -->
            <id root="41bb1ccf-b1fb-81f3-22a8-d0fc21548348"/>
        <code  code="8289-1" codeSystem="2.16.840.1.113883.6.1" displayName="Head Occipital-frontal circumference Percentile">
          <originalText><reference value="#observations-desc-13"/></originalText>
        </code>
            <text>
              <reference value="#observations-desc-13"/>
            </text>
            <statusCode code="completed"/>
            <effectiveTime value="20241130213203"/>
            <value xsi:type="PQ" value="100" unit="%"/>
          </observation>
        </component>
        <component>
          <observation classCode="OBS" moodCode="EVN">
            <templateId root="2.16.840.1.113883.10.20.22.4.27"/>
            <templateId root="2.16.840.1.113883.10.20.22.4.27" extension="2014-06-09"/>
            <!-- Result observation template -->
            <id root="7658c483-d0ad-6224-db82-a3fba4cc0b64"/>
        <code  code="9843-4" codeSystem="2.16.840.1.113883.6.1" displayName="Head Occipital-frontal circumference">
          <originalText><reference value="#observations-desc-14"/></originalText>
        </code>
            <text>
              <reference value="#observations-desc-14"/>
            </text>
            <statusCode code="completed"/>
            <effectiveTime value="20241130213203"/>
            <value xsi:type="PQ" value="42.25" unit="cm"/>
          </observation>
        </component>
        <component>
          <observation classCode="OBS" moodCode="EVN">
            <templateId root="2.16.840.1.113883.10.20.22.4.27"/>
            <templateId root="2.16.840.1.113883.10.20.22.4.27" extension="2014-06-09"/>
            <!-- Result observation template -->
            <id root="b2c49c42-1691-9fb1-fcd0-8125f71188fa"/>
        <code  code="8867-4" codeSystem="2.16.840.1.113883.6.1" displayName="Heart rate">
          <originalText><reference value="#observations-desc-15"/></originalText>
        </code>
            <text>
              <reference value="#observations-desc-15"/>
            </text>
            <statusCode code="completed"/>
            <effectiveTime value="20241130213203"/>
            <value xsi:type="PQ" value="97" unit="/min"/>
          </observation>
        </component>
        <component>
          <observation classCode="OBS" moodCode="EVN">
            <templateId root="2.16.840.1.113883.10.20.22.4.27"/>
            <templateId root="2.16.840.1.113883.10.20.22.4.27" extension="2014-06-09"/>
            <!-- Result observation template -->
            <id root="20979f24-4258-40e7-f8b5-90f2a748705e"/>
        <code  code="9279-1" codeSystem="2.16.840.1.113883.6.1" displayName="Respiratory rate">
          <originalText><reference value="#observations-desc-16"/></originalText>
        </code>
            <text>
              <reference value="#observations-desc-16"/>
            </text>
            <statusCode code="completed"/>
            <effectiveTime value="20241130213203"/>
            <value xsi:type="PQ" value="14" unit="/min"/>
          </observation>
        </component>
        <component>
          <observation classCode="OBS" moodCode="EVN">
            <templateId root="2.16.840.1.113883.10.20.22.4.27"/>
            <templateId root="2.16.840.1.113883.10.20.22.4.27" extension="2014-06-09"/>
            <!-- Result observation template -->
            <id root="dd116cbd-262e-1902-7d35-4156c17b9cd2"/>
        <code  code="8302-2" codeSystem="2.16.840.1.113883.6.1" displayName="Body Height">
          <originalText><reference value="#observations-desc-17"/></originalText>
        </code>
            <text>
              <reference value="#observations-desc-17"/>
            </text>
            <statusCode code="completed"/>
            <effectiveTime value="20250201213203"/>
            <value xsi:type="PQ" value="66.2" unit="cm"/>
          </observation>
        </component>
        <component>
          <observation classCode="OBS" moodCode="EVN">
            <templateId root="2.16.840.1.113883.10.20.22.4.27"/>
            <templateId root="2.16.840.1.113883.10.20.22.4.27" extension="2014-06-09"/>
            <!-- Result observation template -->
            <id root="505667ea-c731-615e-62c5-e823561e7af4"/>
        <code  code="72514-3" codeSystem="2.16.840.1.113883.6.1" displayName="Pain severity - 0-10 verbal numeric rating [Score] - Reported">
          <originalText><reference value="#observations-desc-18"/></originalText>
        </code>
            <text>
              <reference value="#observations-desc-18"/>
            </text>
            <statusCode code="completed"/>
            <effectiveTime value="20250201213203"/>
            <value xsi:type="PQ" value="2" unit="{score}"/>
          </observation>
        </component>
        <component>
          <observation classCode="OBS" moodCode="EVN">
            <templateId root="2.16.840.1.113883.10.20.22.4.27"/>
            <templateId root="2.16.840.1.113883.10.20.22.4.27" extension="2014-06-09"/>
            <!-- Result observation template -->
            <id root="e777781e-e9ed-5ef6-76fe-b499f5dd26fc"/>
        <code  code="29463-7" codeSystem="2.16.840.1.113883.6.1" displayName="Body Weight">
          <originalText><reference value="#observations-desc-19"/></originalText>
        </code>
            <text>
              <reference value="#observations-desc-19"/>
            </text>
            <statusCode code="completed"/>
            <effectiveTime value="20250201213203"/>
            <value xsi:type="PQ" value="7.8" unit="kg"/>
          </observation>
        </component>
        <component>
          <observation classCode="OBS" moodCode="EVN">
            <templateId root="2.16.840.1.113883.10.20.22.4.27"/>
            <templateId root="2.16.840.1.113883.10.20.22.4.27" extension="2014-06-09"/>
            <!-- Result observation template -->
            <id root="19bd44ba-dbee-b05b-4a4b-0bf3346701c8"/>
        <code  code="77606-2" codeSystem="2.16.840.1.113883.6.1" displayName="Weight-for-length Per age and sex">
          <originalText><reference value="#observations-desc-20"/></originalText>
        </code>
            <text>
              <reference value="#observations-desc-20"/>
            </text>
            <statusCode code="completed"/>
            <effectiveTime value="20250201213203"/>
            <value xsi:type="PQ" value="69.59177889249966" unit="%"/>
          </observation>
        </component>
        <component>
          <observation classCode="OBS" moodCode="EVN">
            <templateId root="2.16.840.1.113883.10.20.22.4.27"/>
            <templateId root="2.16.840.1.113883.10.20.22.4.27" extension="2014-06-09"/>
            <!-- Result observation template -->
            <id root="25d0d8ce-187f-6a21-539a-8cda2471d7b9"/>
        <code  code="8289-1" codeSystem="2.16.840.1.113883.6.1" displayName="Head Occipital-frontal circumference Percentile">
          <originalText><reference value="#observations-desc-21"/></originalText>
        </code>
            <text>
              <reference value="#observations-desc-21"/>
            </text>
            <statusCode code="completed"/>
            <effectiveTime value="20250201213203"/>
            <value xsi:type="PQ" value="100" unit="%"/>
          </observation>
        </component>
        <component>
          <observation classCode="OBS" moodCode="EVN">
            <templateId root="2.16.840.1.113883.10.20.22.4.27"/>
            <templateId root="2.16.840.1.113883.10.20.22.4.27" extension="2014-06-09"/>
            <!-- Result observation template -->
            <id root="c6046ce0-cfed-b9d9-153f-4e0393337a57"/>
        <code  code="9843-4" codeSystem="2.16.840.1.113883.6.1" displayName="Head Occipital-frontal circumference">
          <originalText><reference value="#observations-desc-22"/></originalText>
        </code>
            <text>
              <reference value="#observations-desc-22"/>
            </text>
            <statusCode code="completed"/>
            <effectiveTime value="20250201213203"/>
            <value xsi:type="PQ" value="44.34" unit="cm"/>
          </observation>
        </component>
        <component>
          <observation classCode="OBS" moodCode="EVN">
            <templateId root="2.16.840.1.113883.10.20.22.4.27"/>
            <templateId root="2.16.840.1.113883.10.20.22.4.27" extension="2014-06-09"/>
            <!-- Result observation template -->
            <id root="3cf4d43d-0afd-9a88-4536-80d4c7a2ddeb"/>
        <code  code="8867-4" codeSystem="2.16.840.1.113883.6.1" displayName="Heart rate">
          <originalText><reference value="#observations-desc-23"/></originalText>
        </code>
            <text>
              <reference value="#observations-desc-23"/>
            </text>
            <statusCode code="completed"/>
            <effectiveTime value="20250201213203"/>
            <value xsi:type="PQ" value="78" unit="/min"/>
          </observation>
        </component>
        <component>
          <observation classCode="OBS" moodCode="EVN">
            <templateId root="2.16.840.1.113883.10.20.22.4.27"/>
            <templateId root="2.16.840.1.113883.10.20.22.4.27" extension="2014-06-09"/>
            <!-- Result observation template -->
            <id root="46d5b2fa-8e19-aea9-18bd-3d61755b29f9"/>
        <code  code="9279-1" codeSystem="2.16.840.1.113883.6.1" displayName="Respiratory rate">
          <originalText><reference value="#observations-desc-24"/></originalText>
        </code>
            <text>
              <reference value="#observations-desc-24"/>
            </text>
            <statusCode code="completed"/>
            <effectiveTime value="20250201213203"/>
            <value xsi:type="PQ" value="14" unit="/min"/>
          </observation>
        </component>
        <component>
          <observation classCode="OBS" moodCode="EVN">
            <templateId root="2.16.840.1.113883.10.20.22.4.27"/>
            <templateId root="2.16.840.1.113883.10.20.22.4.27" extension="2014-06-09"/>
            <!-- Result observation template -->
            <id root="80d5f9da-7fc1-ae06-e69f-dba68d6bc88c"/>
        <code  code="8302-2" codeSystem="2.16.840.1.113883.6.1" displayName="Body Height">
          <originalText><reference value="#observations-desc-25"/></originalText>
        </code>
            <text>
              <reference value="#observations-desc-25"/>
            </text>
            <statusCode code="completed"/>
            <effectiveTime value="20250405213203"/>
            <value xsi:type="PQ" value="70.3" unit="cm"/>
          </observation>
        </component>
        <component>
          <observation classCode="OBS" moodCode="EVN">
            <templateId root="2.16.840.1.113883.10.20.22.4.27"/>
            <templateId root="2.16.840.1.113883.10.20.22.4.27" extension="2014-06-09"/>
            <!-- Result observation template -->
            <id root="70168b91-01ca-7e72-b618-ab91b6dbe663"/>
        <code  code="72514-3" codeSystem="2.16.840.1.113883.6.1" displayName="Pain severity - 0-10 verbal numeric rating [Score] - Reported">
          <originalText><reference value="#observations-desc-26"/></originalText>
        </code>
            <text>
              <reference value="#observations-desc-26"/>
            </text>
            <statusCode code="completed"/>
            <effectiveTime value="20250405213203"/>
            <value xsi:type="PQ" value="4" unit="{score}"/>
          </observation>
        </component>
        <component>
          <observation classCode="OBS" moodCode="EVN">
            <templateId root="2.16.840.1.113883.10.20.22.4.27"/>
            <templateId root="2.16.840.1.113883.10.20.22.4.27" extension="2014-06-09"/>
            <!-- Result observation template -->
            <id root="b9969a9a-7b79-f55c-2502-ec5b50b9ce67"/>
        <code  code="29463-7" codeSystem="2.16.840.1.113883.6.1" displayName="Body Weight">
          <originalText><reference value="#observations-desc-27"/></originalText>
        </code>
            <text>
              <reference value="#observations-desc-27"/>
            </text>
            <statusCode code="completed"/>
            <effectiveTime value="20250405213203"/>
            <value xsi:type="PQ" value="9.2" unit="kg"/>
          </observation>
        </component>
        <component>
          <observation classCode="OBS" moodCode="EVN">
            <templateId root="2.16.840.1.113883.10.20.22.4.27"/>
            <templateId root="2.16.840.1.113883.10.20.22.4.27" extension="2014-06-09"/>
            <!-- Result observation template -->
            <id root="d3d31a90-fd08-7007-d452-dfd7169a0210"/>
        <code  code="77606-2" codeSystem="2.16.840.1.113883.6.1" displayName="Weight-for-length Per age and sex">
          <originalText><reference value="#observations-desc-28"/></originalText>
        </code>
            <text>
              <reference value="#observations-desc-28"/>
            </text>
            <statusCode code="completed"/>
            <effectiveTime value="20250405213203"/>
            <value xsi:type="PQ" value="83.74244698664309" unit="%"/>
          </observation>
        </component>
        <component>
          <observation classCode="OBS" moodCode="EVN">
            <templateId root="2.16.840.1.113883.10.20.22.4.27"/>
            <templateId root="2.16.840.1.113883.10.20.22.4.27" extension="2014-06-09"/>
            <!-- Result observation template -->
            <id root="44bcbcb0-e8c7-53c7-bcb7-07fd10dfd854"/>
        <code  code="8289-1" codeSystem="2.16.840.1.113883.6.1" displayName="Head Occipital-frontal circumference Percentile">
          <originalText><reference value="#observations-desc-29"/></originalText>
        </code>
            <text>
              <reference value="#observations-desc-29"/>
            </text>
            <statusCode code="completed"/>
            <effectiveTime value="20250405213203"/>
            <value xsi:type="PQ" value="100" unit="%"/>
          </observation>
        </component>
        <component>
          <observation classCode="OBS" moodCode="EVN">
            <templateId root="2.16.840.1.113883.10.20.22.4.27"/>
            <templateId root="2.16.840.1.113883.10.20.22.4.27" extension="2014-06-09"/>
            <!-- Result observation template -->
            <id root="b1dff426-6792-72bc-8a6b-d4cdd42d3807"/>
        <code  code="9843-4" codeSystem="2.16.840.1.113883.6.1" displayName="Head Occipital-frontal circumference">
          <originalText><reference value="#observations-desc-30"/></originalText>
        </code>
            <text>
              <reference value="#observations-desc-30"/>
            </text>
            <statusCode code="completed"/>
            <effectiveTime value="20250405213203"/>
            <value xsi:type="PQ" value="45.74" unit="cm"/>
          </observation>
        </component>
        <component>
          <observation classCode="OBS" moodCode="EVN">
            <templateId root="2.16.840.1.113883.10.20.22.4.27"/>
            <templateId root="2.16.840.1.113883.10.20.22.4.27" extension="2014-06-09"/>
            <!-- Result observation template -->
            <id root="15836c63-ae47-d52f-2915-871dc879dc68"/>
        <code  code="8867-4" codeSystem="2.16.840.1.113883.6.1" displayName="Heart rate">
          <originalText><reference value="#observations-desc-31"/></originalText>
        </code>
            <text>
              <reference value="#observations-desc-31"/>
            </text>
            <statusCode code="completed"/>
            <effectiveTime value="20250405213203"/>
            <value xsi:type="PQ" value="66" unit="/min"/>
          </observation>
        </component>
        <component>
          <observation classCode="OBS" moodCode="EVN">
            <templateId root="2.16.840.1.113883.10.20.22.4.27"/>
            <templateId root="2.16.840.1.113883.10.20.22.4.27" extension="2014-06-09"/>
            <!-- Result observation template -->
            <id root="dfeaf027-3662-0aeb-db4d-65fb816d9be8"/>
        <code  code="9279-1" codeSystem="2.16.840.1.113883.6.1" displayName="Respiratory rate">
          <originalText><reference value="#observations-desc-32"/></originalText>
        </code>
            <text>
              <reference value="#observations-desc-32"/>
            </text>
            <statusCode code="completed"/>
            <effectiveTime value="20250405213203"/>
            <value xsi:type="PQ" value="15" unit="/min"/>
          </observation>
        </component>
      </organizer>
    </entry>
  </section>
</component>
<component>
  <!--Immunizations-->
  <section>
    <templateId root="2.16.840.1.113883.10.20.22.2.2" extension="2015-08-01"/>
    <!--Immunizations section template-->
    <code code="11369-6" codeSystem="2.16.840.1.113883.6.1" codeSystemName="LOINC" displayName="History of immunizations"/>
    <title>Immunizations</title>
<text>
  <table border="1" width="100%">
    <thead>
      <tr>
        <th>Start</th>
        <th>Stop</th>
        <th>Description</th>
        <th>Code</th>
      </tr>
    </thead>
    <tbody>
        <tr>
          <td>2024-10-26T21:32:03Z</td>
          <td></td>
          <td ID="immunizations-desc-1">Hep B, adolescent or pediatric</td>
          <td ID="immunizations-code-1">http://hl7.org/fhir/sid/cvx 08</td>
        </tr>
        <tr>
          <td>2024-11-30T21:32:03Z</td>
          <td></td>
          <td ID="immunizations-desc-2">Hep B, adolescent or pediatric</td>
          <td ID="immunizations-code-2">http://hl7.org/fhir/sid/cvx 08</td>
        </tr>
        <tr>
          <td>2025-02-01T21:32:03Z</td>
          <td></td>
          <td ID="immunizations-desc-3">Hib (PRP-OMP)</td>
          <td ID="immunizations-code-3">http://hl7.org/fhir/sid/cvx 49</td>
        </tr>
        <tr>
          <td>2025-02-01T21:32:03Z</td>
          <td></td>
          <td ID="immunizations-desc-4">rotavirus, monovalent</td>
          <td ID="immunizations-code-4">http://hl7.org/fhir/sid/cvx 119</td>
        </tr>
        <tr>
          <td>2025-02-01T21:32:03Z</td>
          <td></td>
          <td ID="immunizations-desc-5">IPV</td>
          <td ID="immunizations-code-5">http://hl7.org/fhir/sid/cvx 10</td>
        </tr>
        <tr>
          <td>2025-02-01T21:32:03Z</td>
          <td></td>
          <td ID="immunizations-desc-6">DTaP</td>
          <td ID="immunizations-code-6">http://hl7.org/fhir/sid/cvx 20</td>
        </tr>
        <tr>
          <td>2025-02-01T21:32:03Z</td>
          <td></td>
          <td ID="immunizations-desc-7">Pneumococcal conjugate PCV 13</td>
          <td ID="immunizations-code-7">http://hl7.org/fhir/sid/cvx 133</td>
        </tr>
        <tr>
          <td>2025-04-05T21:32:03Z</td>
          <td></td>
          <td ID="immunizations-desc-8">Hib (PRP-OMP)</td>
          <td ID="immunizations-code-8">http://hl7.org/fhir/sid/cvx 49</td>
        </tr>
        <tr>
          <td>2025-04-05T21:32:03Z</td>
          <td></td>
          <td ID="immunizations-desc-9">rotavirus, monovalent</td>
          <td ID="immunizations-code-9">http://hl7.org/fhir/sid/cvx 119</td>
        </tr>
        <tr>
          <td>2025-04-05T21:32:03Z</td>
          <td></td>
          <td ID="immunizations-desc-10">IPV</td>
          <td ID="immunizations-code-10">http://hl7.org/fhir/sid/cvx 10</td>
        </tr>
        <tr>
          <td>2025-04-05T21:32:03Z</td>
          <td></td>
          <td ID="immunizations-desc-11">DTaP</td>
          <td ID="immunizations-code-11">http://hl7.org/fhir/sid/cvx 20</td>
        </tr>
        <tr>
          <td>2025-04-05T21:32:03Z</td>
          <td></td>
          <td ID="immunizations-desc-12">Pneumococcal conjugate PCV 13</td>
          <td ID="immunizations-code-12">http://hl7.org/fhir/sid/cvx 133</td>
        </tr>
    </tbody>
  </table>
</text>
    <entry typeCode="DRIV">
      <substanceAdministration classCode="SBADM" moodCode="EVN" negationInd="false">
        <templateId root="2.16.840.1.113883.10.20.22.4.52"/>
        <!-- Medication activity template -->
        <id root="06acfa66-e693-f6b8-7f61-670256e091a9"/>
        <code code='IMMUNIZ' codeSystem='2.16.840.1.113883.5.4' codeSystemName='ActCode'/>
        <text>
          <reference value="#immunizations-desc-1"/>
        </text>
        <statusCode code="completed"/>
        <effectiveTime value="20241026213203"/>
        <doseQuantity nullFlavor="UNK"/>
        <consumable>
          <manufacturedProduct classCode="MANU">
            <templateId root="2.16.840.1.113883.10.20.22.4.54"/>
            <!-- Product template -->
            <manufacturedMaterial>
        <code  code="08" codeSystem="2.16.840.1.113883.12.292" displayName="Hep B, adolescent or pediatric">
          <originalText><reference value="#immunizations-desc-1"/></originalText>
        </code>
              <name>Hep B, adolescent or pediatric</name>
            </manufacturedMaterial>
          </manufacturedProduct>
        </consumable>
      </substanceAdministration>
    </entry>
    <entry typeCode="DRIV">
      <substanceAdministration classCode="SBADM" moodCode="EVN" negationInd="false">
        <templateId root="2.16.840.1.113883.10.20.22.4.52"/>
        <!-- Medication activity template -->
        <id root="eb0d091f-2ff2-08ff-2b32-9724bd74a6bd"/>
        <code code='IMMUNIZ' codeSystem='2.16.840.1.113883.5.4' codeSystemName='ActCode'/>
        <text>
          <reference value="#immunizations-desc-2"/>
        </text>
        <statusCode code="completed"/>
        <effectiveTime value="20241130213203"/>
        <doseQuantity nullFlavor="UNK"/>
        <consumable>
          <manufacturedProduct classCode="MANU">
            <templateId root="2.16.840.1.113883.10.20.22.4.54"/>
            <!-- Product template -->
            <manufacturedMaterial>
        <code  code="08" codeSystem="2.16.840.1.113883.12.292" displayName="Hep B, adolescent or pediatric">
          <originalText><reference value="#immunizations-desc-2"/></originalText>
        </code>
              <name>Hep B, adolescent or pediatric</name>
            </manufacturedMaterial>
          </manufacturedProduct>
        </consumable>
      </substanceAdministration>
    </entry>
    <entry typeCode="DRIV">
      <substanceAdministration classCode="SBADM" moodCode="EVN" negationInd="false">
        <templateId root="2.16.840.1.113883.10.20.22.4.52"/>
        <!-- Medication activity template -->
        <id root="3287b877-42b5-991e-204b-3226a719d9c2"/>
        <code code='IMMUNIZ' codeSystem='2.16.840.1.113883.5.4' codeSystemName='ActCode'/>
        <text>
          <reference value="#immunizations-desc-3"/>
        </text>
        <statusCode code="completed"/>
        <effectiveTime value="20250201213203"/>
        <doseQuantity nullFlavor="UNK"/>
        <consumable>
          <manufacturedProduct classCode="MANU">
            <templateId root="2.16.840.1.113883.10.20.22.4.54"/>
            <!-- Product template -->
            <manufacturedMaterial>
        <code  code="49" codeSystem="2.16.840.1.113883.12.292" displayName="Hib (PRP-OMP)">
          <originalText><reference value="#immunizations-desc-3"/></originalText>
        </code>
              <name>Hib (PRP-OMP)</name>
            </manufacturedMaterial>
          </manufacturedProduct>
        </consumable>
      </substanceAdministration>
    </entry>
    <entry typeCode="DRIV">
      <substanceAdministration classCode="SBADM" moodCode="EVN" negationInd="false">
        <templateId root="2.16.840.1.113883.10.20.22.4.52"/>
        <!-- Medication activity template -->
        <id root="3b6ad7d5-f21b-184e-d206-7f08565cbba1"/>
        <code code='IMMUNIZ' codeSystem='2.16.840.1.113883.5.4' codeSystemName='ActCode'/>
        <text>
          <reference value="#immunizations-desc-4"/>
        </text>
        <statusCode code="completed"/>
        <effectiveTime value="20250201213203"/>
        <doseQuantity nullFlavor="UNK"/>
        <consumable>
          <manufacturedProduct classCode="MANU">
            <templateId root="2.16.840.1.113883.10.20.22.4.54"/>
            <!-- Product template -->
            <manufacturedMaterial>
        <code  code="119" codeSystem="2.16.840.1.113883.12.292" displayName="rotavirus, monovalent">
          <originalText><reference value="#immunizations-desc-4"/></originalText>
        </code>
              <name>rotavirus, monovalent</name>
            </manufacturedMaterial>
          </manufacturedProduct>
        </consumable>
      </substanceAdministration>
    </entry>
    <entry typeCode="DRIV">
      <substanceAdministration classCode="SBADM" moodCode="EVN" negationInd="false">
        <templateId root="2.16.840.1.113883.10.20.22.4.52"/>
        <!-- Medication activity template -->
        <id root="dd5f167c-085c-030d-d330-9ed17aaa25fd"/>
        <code code='IMMUNIZ' codeSystem='2.16.840.1.113883.5.4' codeSystemName='ActCode'/>
        <text>
          <reference value="#immunizations-desc-5"/>
        </text>
        <statusCode code="completed"/>
        <effectiveTime value="20250201213203"/>
        <doseQuantity nullFlavor="UNK"/>
        <consumable>
          <manufacturedProduct classCode="MANU">
            <templateId root="2.16.840.1.113883.10.20.22.4.54"/>
            <!-- Product template -->
            <manufacturedMaterial>
        <code  code="10" codeSystem="2.16.840.1.113883.12.292" displayName="IPV">
          <originalText><reference value="#immunizations-desc-5"/></originalText>
        </code>
              <name>IPV</name>
            </manufacturedMaterial>
          </manufacturedProduct>
        </consumable>
      </substanceAdministration>
    </entry>
    <entry typeCode="DRIV">
      <substanceAdministration classCode="SBADM" moodCode="EVN" negationInd="false">
        <templateId root="2.16.840.1.113883.10.20.22.4.52"/>
        <!-- Medication activity template -->
        <id root="99fbd7fe-523b-696c-7c90-c58a1549d8ad"/>
        <code code='IMMUNIZ' codeSystem='2.16.840.1.113883.5.4' codeSystemName='ActCode'/>
        <text>
          <reference value="#immunizations-desc-6"/>
        </text>
        <statusCode code="completed"/>
        <effectiveTime value="20250201213203"/>
        <doseQuantity nullFlavor="UNK"/>
        <consumable>
          <manufacturedProduct classCode="MANU">
            <templateId root="2.16.840.1.113883.10.20.22.4.54"/>
            <!-- Product template -->
            <manufacturedMaterial>
        <code  code="20" codeSystem="2.16.840.1.113883.12.292" displayName="DTaP">
          <originalText><reference value="#immunizations-desc-6"/></originalText>
        </code>
              <name>DTaP</name>
            </manufacturedMaterial>
          </manufacturedProduct>
        </consumable>
      </substanceAdministration>
    </entry>
    <entry typeCode="DRIV">
      <substanceAdministration classCode="SBADM" moodCode="EVN" negationInd="false">
        <templateId root="2.16.840.1.113883.10.20.22.4.52"/>
        <!-- Medication activity template -->
        <id root="08754ede-b486-d125-258c-363b413e7cd9"/>
        <code code='IMMUNIZ' codeSystem='2.16.840.1.113883.5.4' codeSystemName='ActCode'/>
        <text>
          <reference value="#immunizations-desc-7"/>
        </text>
        <statusCode code="completed"/>
        <effectiveTime value="20250201213203"/>
        <doseQuantity nullFlavor="UNK"/>
        <consumable>
          <manufacturedProduct classCode="MANU">
            <templateId root="2.16.840.1.113883.10.20.22.4.54"/>
            <!-- Product template -->
            <manufacturedMaterial>
        <code  code="133" codeSystem="2.16.840.1.113883.12.292" displayName="Pneumococcal conjugate PCV 13">
          <originalText><reference value="#immunizations-desc-7"/></originalText>
        </code>
              <name>Pneumococcal conjugate PCV 13</name>
            </manufacturedMaterial>
          </manufacturedProduct>
        </consumable>
      </substanceAdministration>
    </entry>
    <entry typeCode="DRIV">
      <substanceAdministration classCode="SBADM" moodCode="EVN" negationInd="false">
        <templateId root="2.16.840.1.113883.10.20.22.4.52"/>
        <!-- Medication activity template -->
        <id root="c5d7b859-d37c-a8ed-995c-e14bebf9d78b"/>
        <code code='IMMUNIZ' codeSystem='2.16.840.1.113883.5.4' codeSystemName='ActCode'/>
        <text>
          <reference value="#immunizations-desc-8"/>
        </text>
        <statusCode code="completed"/>
        <effectiveTime value="20250405213203"/>
        <doseQuantity nullFlavor="UNK"/>
        <consumable>
          <manufacturedProduct classCode="MANU">
            <templateId root="2.16.840.1.113883.10.20.22.4.54"/>
            <!-- Product template -->
            <manufacturedMaterial>
        <code  code="49" codeSystem="2.16.840.1.113883.12.292" displayName="Hib (PRP-OMP)">
          <originalText><reference value="#immunizations-desc-8"/></originalText>
        </code>
              <name>Hib (PRP-OMP)</name>
            </manufacturedMaterial>
          </manufacturedProduct>
        </consumable>
      </substanceAdministration>
    </entry>
    <entry typeCode="DRIV">
      <substanceAdministration classCode="SBADM" moodCode="EVN" negationInd="false">
        <templateId root="2.16.840.1.113883.10.20.22.4.52"/>
        <!-- Medication activity template -->
        <id root="157ba829-ce7c-4db5-3a38-e4269747ca60"/>
        <code code='IMMUNIZ' codeSystem='2.16.840.1.113883.5.4' codeSystemName='ActCode'/>
        <text>
          <reference value="#immunizations-desc-9"/>
        </text>
        <statusCode code="completed"/>
        <effectiveTime value="20250405213203"/>
        <doseQuantity nullFlavor="UNK"/>
        <consumable>
          <manufacturedProduct classCode="MANU">
            <templateId root="2.16.840.1.113883.10.20.22.4.54"/>
            <!-- Product template -->
            <manufacturedMaterial>
        <code  code="119" codeSystem="2.16.840.1.113883.12.292" displayName="rotavirus, monovalent">
          <originalText><reference value="#immunizations-desc-9"/></originalText>
        </code>
              <name>rotavirus, monovalent</name>
            </manufacturedMaterial>
          </manufacturedProduct>
        </consumable>
      </substanceAdministration>
    </entry>
    <entry typeCode="DRIV">
      <substanceAdministration classCode="SBADM" moodCode="EVN" negationInd="false">
        <templateId root="2.16.840.1.113883.10.20.22.4.52"/>
        <!-- Medication activity template -->
        <id root="7eacc5a6-add8-6cca-e2d4-842114482673"/>
        <code code='IMMUNIZ' codeSystem='2.16.840.1.113883.5.4' codeSystemName='ActCode'/>
        <text>
          <reference value="#immunizations-desc-10"/>
        </text>
        <statusCode code="completed"/>
        <effectiveTime value="20250405213203"/>
        <doseQuantity nullFlavor="UNK"/>
        <consumable>
          <manufacturedProduct classCode="MANU">
            <templateId root="2.16.840.1.113883.10.20.22.4.54"/>
            <!-- Product template -->
            <manufacturedMaterial>
        <code  code="10" codeSystem="2.16.840.1.113883.12.292" displayName="IPV">
          <originalText><reference value="#immunizations-desc-10"/></originalText>
        </code>
              <name>IPV</name>
            </manufacturedMaterial>
          </manufacturedProduct>
        </consumable>
      </substanceAdministration>
    </entry>
    <entry typeCode="DRIV">
      <substanceAdministration classCode="SBADM" moodCode="EVN" negationInd="false">
        <templateId root="2.16.840.1.113883.10.20.22.4.52"/>
        <!-- Medication activity template -->
        <id root="dfb96b15-6d8a-20b3-1bb2-e245becb8309"/>
        <code code='IMMUNIZ' codeSystem='2.16.840.1.113883.5.4' codeSystemName='ActCode'/>
        <text>
          <reference value="#immunizations-desc-11"/>
        </text>
        <statusCode code="completed"/>
        <effectiveTime value="20250405213203"/>
        <doseQuantity nullFlavor="UNK"/>
        <consumable>
          <manufacturedProduct classCode="MANU">
            <templateId root="2.16.840.1.113883.10.20.22.4.54"/>
            <!-- Product template -->
            <manufacturedMaterial>
        <code  code="20" codeSystem="2.16.840.1.113883.12.292" displayName="DTaP">
          <originalText><reference value="#immunizations-desc-11"/></originalText>
        </code>
              <name>DTaP</name>
            </manufacturedMaterial>
          </manufacturedProduct>
        </consumable>
      </substanceAdministration>
    </entry>
    <entry typeCode="DRIV">
      <substanceAdministration classCode="SBADM" moodCode="EVN" negationInd="false">
        <templateId root="2.16.840.1.113883.10.20.22.4.52"/>
        <!-- Medication activity template -->
        <id root="87ea0d9e-4dcf-a257-ed11-3b61d463ce9d"/>
        <code code='IMMUNIZ' codeSystem='2.16.840.1.113883.5.4' codeSystemName='ActCode'/>
        <text>
          <reference value="#immunizations-desc-12"/>
        </text>
        <statusCode code="completed"/>
        <effectiveTime value="20250405213203"/>
        <doseQuantity nullFlavor="UNK"/>
        <consumable>
          <manufacturedProduct classCode="MANU">
            <templateId root="2.16.840.1.113883.10.20.22.4.54"/>
            <!-- Product template -->
            <manufacturedMaterial>
        <code  code="133" codeSystem="2.16.840.1.113883.12.292" displayName="Pneumococcal conjugate PCV 13">
          <originalText><reference value="#immunizations-desc-12"/></originalText>
        </code>
              <name>Pneumococcal conjugate PCV 13</name>
            </manufacturedMaterial>
          </manufacturedProduct>
        </consumable>
      </substanceAdministration>
    </entry>
  </section>
</component>
<component>
  <!--Social History - CCDA-->
  <section>
    <templateId root="2.16.840.1.113883.10.20.22.2.17" extension="2015-08-01"/>
    <templateId root="2.16.840.1.113883.10.20.22.2.17"/>
    <!-- Social history section template -->
    <code code="29762-2" codeSystem="2.16.840.1.113883.6.1"/>
    <title>Social History</title>
    <text>There is no current social history except smoking status.</text>
    <entry typeCode="DRIV">
      <observation classCode="OBS" moodCode="EVN">
        <templateId root="2.16.840.1.113883.10.20.22.4.78"/>
        <templateId root="2.16.840.1.113883.10.20.22.4.78" extension="2014-06-09"/>
        <!-- Smoking Status Meaningful Use template -->
        <id root="dfd70124-7aa5-1432-8fc1-8184d6690cf3"/>
        <code code="72166-2" codeSystem="2.16.840.1.113883.6.1" displayName="Tobacco smoking status NHIS" />
        <statusCode code="completed"/>
        <effectiveTime value="20250405213203"/>
        <value xsi:type="CD" code="266919005" displayName="Never smoked tobacco (finding)" codeSystem="2.16.840.1.113883.6.96"/>
          <author>
            <time value="20250426213203"/>
            <assignedAuthor>
              <id nullFlavor="NA"/>
              <addr nullFlavor="NA" />
              <telecom nullFlavor="NA" />
              <assignedAuthoringDevice>
                <manufacturerModelName>https://github.com/synthetichealth/synthea</manufacturerModelName>
                <softwareName>https://github.com/synthetichealth/synthea</softwareName>
              </assignedAuthoringDevice>
              <representedOrganization>
                <id nullFlavor="NA"/>
                <name>CLASSIC HEALTHCARE MEDICAL GROUP LLC</name>
                <telecom nullFlavor="NA"/>
                <addr>
                  <streetAddressLine>300 CHESTNUT ST</streetAddressLine>
                  <city>NEEDHAM</city>
                  <state>MA</state>
                  <postalCode>024922477</postalCode>
                </addr>
              </representedOrganization>
            </assignedAuthor>
          </author>
      </observation>
    </entry>
  </section>
</component>    </structuredBody>
  </component>
</ClinicalDocument>
