<?xml version="1.0" encoding="UTF-8"?>
<ClinicalDocument xmlns="urn:hl7-org:v3" xmlns:sdtc="urn:hl7-org:sdtc" xmlns:xsi="http://www.w3.org/2001/XMLSchema-instance" xsi:schemaLocation="urn:hl7-org:v3 http://xreg2.nist.gov:8080/hitspValidation/schema/cdar2c32/infrastructure/cda/C32_CDA.xsd">
  <realmCode code="US"/>
  <typeId root="2.16.840.1.113883.1.3" extension="POCD_HD000040"/>
  <templateId root="2.16.840.1.113883.10.20.22.1.1" extension="2015-08-01"/>
  <templateId root="2.16.840.1.113883.10.20.22.1.2" extension="2015-08-01"/>
  <id root="2.16.840.1.113883.19.5" extension="68b95ae3-8732-4948-9345-f3d490bc4ae5" assigningAuthorityName="https://github.com/synthetichealth/synthea"/>
  <code code="34133-9" displayName="Summarization of episode note" codeSystem="2.16.840.1.113883.6.1" codeSystemName="LOINC"/>
  <title>C-CDA R2.1 Patient Record: Ardelia466 Larson43</title>
  <effectiveTime value="20190922075620"/>
  <confidentialityCode code="N"/>
  <languageCode code="en-US"/>
  <recordTarget>
    <patientRole>
      <id root="2.16.840.1.113883.19.5" extension="68b95ae3-8732-4948-9345-f3d490bc4ae5" assigningAuthorityName="https://github.com/synthetichealth/synthea"/>
      <addr use="HP">
        <streetAddressLine>1099 Abernathy Bypass</streetAddressLine>
        <city>Westfield</city>
        <state>Massachusetts</state>
        <postalCode>01085</postalCode>
      </addr>
      <telecom nullFlavor="NI"/>
      <patient>
        <name>
          <given>Ardelia466</given>
          <family>Larson43</family>
        </name>
        <administrativeGenderCode code="F" codeSystem="2.16.840.1.113883.5.1" codeSystemName="HL7 AdministrativeGender"/>
        <birthTime value="20190526075620"/>
        <raceCode code="2106-3" displayName="white" codeSystemName="CDC Race and Ethnicity" codeSystem="2.16.840.1.113883.6.238"/>
        <ethnicGroupCode code="2186-5" displayName="non-hispanic" codeSystemName="CDC Race and Ethnicity" codeSystem="2.16.840.1.113883.6.238"/>
        <languageCommunication>
          <languageCode code="en-US"/>
        </languageCommunication>
      </patient>
    </patientRole>
  </recordTarget>
  <author>
    <time value="20190922075620"/>
    <assignedAuthor>
      <id nullFlavor="NA"/>
      <addr nullFlavor="NA" />
      <telecom nullFlavor="NA" />
      <assignedAuthoringDevice>
        <manufacturerModelName>https://github.com/synthetichealth/synthea</manufacturerModelName>
        <softwareName>https://github.com/synthetichealth/synthea</softwareName>
      </assignedAuthoringDevice>
      <representedOrganization>
        <id nullFlavor="NA"/>
        <name>WESTFIELD MEDICAL CORPORATION</name>
        <telecom nullFlavor="NA"/>
        <addr>
          <streetAddressLine>57 UNION ST</streetAddressLine>
          <city>WESTFIELD</city>
          <state>MA</state>
          <postalCode>01085-4224</postalCode>
        </addr>
      </representedOrganization>
    </assignedAuthor>
  </author>
  <custodian>
    <assignedCustodian>
      <representedCustodianOrganization>
        <id nullFlavor="NA"/>
        <name>WESTFIELD MEDICAL CORPORATION</name>
        <telecom nullFlavor="NA"/>
        <addr>
          <streetAddressLine>57 UNION ST</streetAddressLine>
          <city>WESTFIELD</city>
          <state>MA</state>
          <postalCode>01085-4224</postalCode>
        </addr>
      </representedCustodianOrganization>
    </assignedCustodian>
  </custodian>
  <documentationOf>
    <serviceEvent classCode="PCPR">
      <effectiveTime>
        <low value="20190526075620"/>
        <high value="20190922075620"/>
      </effectiveTime>
    </serviceEvent>
  </documentationOf>
  <component>
    <structuredBody>
<component>
  <!-- Allergies: patient has no allergies -->
  <section nullFlavor="NI">
    <templateId root="2.16.840.1.113883.10.20.22.2.6.1" extension="2015-08-01"/>
    <code code="48765-2" codeSystem="2.16.840.1.113883.6.1" codeSystemName="LOINC" displayName="Allergy List"/>
    <title>Allergies</title>                
    <text>There are no current allergies at the time of this document's creation.</text>
  </section>
</component><component>
  <!-- Medications: patient has no medications -->
  <section nullFlavor="NI">
		<templateId root="2.16.840.1.113883.10.20.22.2.1.1" extension="2014-06-09"/>
    <code code="10160-0" codeSystem="2.16.840.1.113883.6.1" codeSystemName="LOINC" displayName="History of medication use"/>
    <title>Medications</title>
    <text>There are no current medications at the time of this document's creation.</text>
  </section>
</component><component>
  <!--Diagnostic Results-->
  <section>
    <templateId root="2.16.840.1.113883.10.20.22.2.3.1" extension="2015-08-01"/>
    <!--Diagnostic Results section template-->
    <code code="30954-2" codeSystem="2.16.840.1.113883.6.1" codeSystemName="LOINC" displayName="Results"/>
    <title>Diagnostic Results</title>
<text>
  <table border="1" width="100%">
    <thead>
      <tr>
        <th>Start</th>
        <th>Stop</th>
        <th>Description</th>
        <th>Code</th>
      </tr>
    </thead>
    <tbody>
        <tr>
          <td>2019-05-26T07:56:20-04:00</td>
          <td></td>
          <td ID="reports-desc-1">Complete blood count (hemogram) panel - Blood by Automated count</td>
          <td ID="reports-code-1">LOINC 58410-2</td>
        </tr>
    </tbody>
  </table>
</text>
    <entry typeCode="DRIV">
      <organizer classCode="BATTERY" moodCode="EVN">
        <templateId root="2.16.840.1.113883.10.20.22.4.1" extension="2015-08-01"/>
        <!--Result organizer template -->
        <id root="bacec285-a0a2-4454-9a35-d4916d4c9106"/>
        <code nullFlavor="NA"/>
        <statusCode code="completed"/>
        <effectiveTime>
          <low value="20190526075620"/>
          <high value="20190526075620"/>
        </effectiveTime>
        <component>
          <observation classCode="OBS" moodCode="EVN">
          <templateId root="2.16.840.1.113883.10.20.22.4.2" extension="2015-08-01"/>
            <id root="2f254757-accd-4026-b081-51335080f465"/>
        <code  code="6690-2" codeSystem="2.16.840.1.113883.6.1" displayName="Leukocytes [#/volume] in Blood by Automated count">
          <originalText><reference value="#reports-desc-1"/></originalText>
          <translation code="6690-2" codeSystem="2.16.840.1.113883.6.1" displayName="Leukocytes [#/volume] in Blood by Automated count"/>
        </code>
            <text>
              <reference value="#reports-desc-1"/>
            </text>
            <statusCode code="completed"/>
            <effectiveTime value="20190526075620"/>
            <value xsi:type="PQ" value="7.778294584206767" unit="10*3/uL"/>
          </observation>
        </component>
        <component>
          <observation classCode="OBS" moodCode="EVN">
          <templateId root="2.16.840.1.113883.10.20.22.4.2" extension="2015-08-01"/>
            <id root="c81c0ccb-89b3-4a71-b5c8-f16ec20522d9"/>
        <code  code="789-8" codeSystem="2.16.840.1.113883.6.1" displayName="Erythrocytes [#/volume] in Blood by Automated count">
          <originalText><reference value="#reports-desc-1"/></originalText>
          <translation code="789-8" codeSystem="2.16.840.1.113883.6.1" displayName="Erythrocytes [#/volume] in Blood by Automated count"/>
        </code>
            <text>
              <reference value="#reports-desc-1"/>
            </text>
            <statusCode code="completed"/>
            <effectiveTime value="20190526075620"/>
            <value xsi:type="PQ" value="4.928606831936311" unit="10*6/uL"/>
          </observation>
        </component>
        <component>
          <observation classCode="OBS" moodCode="EVN">
          <templateId root="2.16.840.1.113883.10.20.22.4.2" extension="2015-08-01"/>
            <id root="dd726400-0a0b-4b09-b994-1bf9986bffdf"/>
        <code  code="718-7" codeSystem="2.16.840.1.113883.6.1" displayName="Hemoglobin [Mass/volume] in Blood">
          <originalText><reference value="#reports-desc-1"/></originalText>
          <translation code="718-7" codeSystem="2.16.840.1.113883.6.1" displayName="Hemoglobin [Mass/volume] in Blood"/>
        </code>
            <text>
              <reference value="#reports-desc-1"/>
            </text>
            <statusCode code="completed"/>
            <effectiveTime value="20190526075620"/>
            <value xsi:type="PQ" value="15.370287235767735" unit="g/dL"/>
          </observation>
        </component>
        <component>
          <observation classCode="OBS" moodCode="EVN">
          <templateId root="2.16.840.1.113883.10.20.22.4.2" extension="2015-08-01"/>
            <id root="6a7c8e24-19b6-4303-9557-0df0690e44e4"/>
        <code  code="4544-3" codeSystem="2.16.840.1.113883.6.1" displayName="Hematocrit [Volume Fraction] of Blood by Automated count">
          <originalText><reference value="#reports-desc-1"/></originalText>
          <translation code="4544-3" codeSystem="2.16.840.1.113883.6.1" displayName="Hematocrit [Volume Fraction] of Blood by Automated count"/>
        </code>
            <text>
              <reference value="#reports-desc-1"/>
            </text>
            <statusCode code="completed"/>
            <effectiveTime value="20190526075620"/>
            <value xsi:type="PQ" value="45.68217694868594" unit="%"/>
          </observation>
        </component>
        <component>
          <observation classCode="OBS" moodCode="EVN">
          <templateId root="2.16.840.1.113883.10.20.22.4.2" extension="2015-08-01"/>
            <id root="a0bb32a6-4aa5-40b0-92fe-5613ac2fbed8"/>
        <code  code="787-2" codeSystem="2.16.840.1.113883.6.1" displayName="MCV [Entitic volume] by Automated count">
          <originalText><reference value="#reports-desc-1"/></originalText>
          <translation code="787-2" codeSystem="2.16.840.1.113883.6.1" displayName="MCV [Entitic volume] by Automated count"/>
        </code>
            <text>
              <reference value="#reports-desc-1"/>
            </text>
            <statusCode code="completed"/>
            <effectiveTime value="20190526075620"/>
            <value xsi:type="PQ" value="89.14210560977125" unit="fL"/>
          </observation>
        </component>
        <component>
          <observation classCode="OBS" moodCode="EVN">
          <templateId root="2.16.840.1.113883.10.20.22.4.2" extension="2015-08-01"/>
            <id root="e4c40100-556f-4541-a83a-c5d44e19d931"/>
        <code  code="785-6" codeSystem="2.16.840.1.113883.6.1" displayName="MCH [Entitic mass] by Automated count">
          <originalText><reference value="#reports-desc-1"/></originalText>
          <translation code="785-6" codeSystem="2.16.840.1.113883.6.1" displayName="MCH [Entitic mass] by Automated count"/>
        </code>
            <text>
              <reference value="#reports-desc-1"/>
            </text>
            <statusCode code="completed"/>
            <effectiveTime value="20190526075620"/>
            <value xsi:type="PQ" value="29.582969625292474" unit="pg"/>
          </observation>
        </component>
        <component>
          <observation classCode="OBS" moodCode="EVN">
          <templateId root="2.16.840.1.113883.10.20.22.4.2" extension="2015-08-01"/>
            <id root="cd3c3b34-c01c-4e36-aa32-f0e8bd863856"/>
        <code  code="786-4" codeSystem="2.16.840.1.113883.6.1" displayName="MCHC [Mass/volume] by Automated count">
          <originalText><reference value="#reports-desc-1"/></originalText>
          <translation code="786-4" codeSystem="2.16.840.1.113883.6.1" displayName="MCHC [Mass/volume] by Automated count"/>
        </code>
            <text>
              <reference value="#reports-desc-1"/>
            </text>
            <statusCode code="completed"/>
            <effectiveTime value="20190526075620"/>
            <value xsi:type="PQ" value="33.95045850076905" unit="g/dL"/>
          </observation>
        </component>
        <component>
          <observation classCode="OBS" moodCode="EVN">
          <templateId root="2.16.840.1.113883.10.20.22.4.2" extension="2015-08-01"/>
            <id root="c15b7882-c897-45d0-8c14-144d104f0194"/>
        <code  code="21000-5" codeSystem="2.16.840.1.113883.6.1" displayName="Erythrocyte distribution width [Entitic volume] by Automated count">
          <originalText><reference value="#reports-desc-1"/></originalText>
          <translation code="21000-5" codeSystem="2.16.840.1.113883.6.1" displayName="Erythrocyte distribution width [Entitic volume] by Automated count"/>
        </code>
            <text>
              <reference value="#reports-desc-1"/>
            </text>
            <statusCode code="completed"/>
            <effectiveTime value="20190526075620"/>
            <value xsi:type="PQ" value="43.45448464986974" unit="fL"/>
          </observation>
        </component>
        <component>
          <observation classCode="OBS" moodCode="EVN">
          <templateId root="2.16.840.1.113883.10.20.22.4.2" extension="2015-08-01"/>
            <id root="9f90fa0c-d8a0-4244-96bc-86406b9203a6"/>
        <code  code="777-3" codeSystem="2.16.840.1.113883.6.1" displayName="Platelets [#/volume] in Blood by Automated count">
          <originalText><reference value="#reports-desc-1"/></originalText>
          <translation code="777-3" codeSystem="2.16.840.1.113883.6.1" displayName="Platelets [#/volume] in Blood by Automated count"/>
        </code>
            <text>
              <reference value="#reports-desc-1"/>
            </text>
            <statusCode code="completed"/>
            <effectiveTime value="20190526075620"/>
            <value xsi:type="PQ" value="224.3325296580505" unit="10*3/uL"/>
          </observation>
        </component>
        <component>
          <observation classCode="OBS" moodCode="EVN">
          <templateId root="2.16.840.1.113883.10.20.22.4.2" extension="2015-08-01"/>
            <id root="7ad8b62f-4c8a-4d8d-a481-f15e0f4cb174"/>
        <code  code="32207-3" codeSystem="2.16.840.1.113883.6.1" displayName="Platelet distribution width [Entitic volume] in Blood by Automated count">
          <originalText><reference value="#reports-desc-1"/></originalText>
          <translation code="32207-3" codeSystem="2.16.840.1.113883.6.1" displayName="Platelet distribution width [Entitic volume] in Blood by Automated count"/>
        </code>
            <text>
              <reference value="#reports-desc-1"/>
            </text>
            <statusCode code="completed"/>
            <effectiveTime value="20190526075620"/>
            <value xsi:type="PQ" value="359.12813793661155" unit="fL"/>
          </observation>
        </component>
        <component>
          <observation classCode="OBS" moodCode="EVN">
          <templateId root="2.16.840.1.113883.10.20.22.4.2" extension="2015-08-01"/>
            <id root="c3db340e-680c-48be-b032-0e4dc51f33b2"/>
        <code  code="32623-1" codeSystem="2.16.840.1.113883.6.1" displayName="Platelet mean volume [Entitic volume] in Blood by Automated count">
          <originalText><reference value="#reports-desc-1"/></originalText>
          <translation code="32623-1" codeSystem="2.16.840.1.113883.6.1" displayName="Platelet mean volume [Entitic volume] in Blood by Automated count"/>
        </code>
            <text>
              <reference value="#reports-desc-1"/>
            </text>
            <statusCode code="completed"/>
            <effectiveTime value="20190526075620"/>
            <value xsi:type="PQ" value="10.727978624519793" unit="fL"/>
          </observation>
        </component>
      </organizer>
    </entry>
  </section>
</component>
<component>
  <!-- Conditions: patient has no conditions -->
  <section nullFlavor="NI">
    <templateId root="2.16.840.1.113883.10.20.22.2.5.1" extension="2015-08-01"/>
    <code code="11450-4" codeSystem="2.16.840.1.113883.6.1" codeSystemName="LOINC" displayName="Problem List"/>
    <title>Problems</title>
    <text>There are no current problem concern acts at the time of this document's creation.</text>
  </section>
</component><component>
  <!--Surgeries-->
  <section>
    <templateId root="2.16.840.1.113883.10.20.22.2.7.1" extension="2014-06-09"/>
    <!--Surgeries section template-->
    <code code="47519-4" codeSystem="2.16.840.1.113883.6.1" codeSystemName="LOINC" displayName="List of surgeries"/>
    <title>Surgeries</title>
<text>
  <table border="1" width="100%">
    <thead>
      <tr>
        <th>Start</th>
        <th>Stop</th>
        <th>Description</th>
        <th>Code</th>
      </tr>
    </thead>
    <tbody>
        <tr>
          <td>2019-05-26T07:56:20-04:00</td>
          <td>2019-05-26T08:11:20-04:00</td>
          <td ID="procedures-desc-1">Medication Reconciliation (procedure)</td>
          <td ID="procedures-code-1">SNOMED-CT 430193006</td>
        </tr>
        <tr>
          <td>2019-09-01T07:56:20-04:00</td>
          <td>2019-09-01T08:11:20-04:00</td>
          <td ID="procedures-desc-2">Medication Reconciliation (procedure)</td>
          <td ID="procedures-code-2">SNOMED-CT 430193006</td>
        </tr>
    </tbody>
  </table>
</text>
    <entry typeCode="DRIV">
      <procedure classCode="PROC" moodCode="EVN">
        <templateId root="2.16.840.1.113883.10.20.22.4.14"/>
        <!-- Procedure activity template -->
        <id root="926b60c5-ecf1-43a0-ae74-8b11d2ee3068"/>
        <code  code="430193006" codeSystem="2.16.840.1.113883.6.96" displayName="Medication Reconciliation (procedure)">
          <originalText><reference value="#procedures-desc-1"/></originalText>
          <translation code="430193006" codeSystem="2.16.840.1.113883.6.96" displayName="Medication Reconciliation (procedure)"/>
        </code>
        <text>
          <reference value="#procedures-desc-1"/>
        </text>
        <statusCode code="completed"/>
        <effectiveTime value="20190526075620"/>
      </procedure>
    </entry>
    <entry typeCode="DRIV">
      <procedure classCode="PROC" moodCode="EVN">
        <templateId root="2.16.840.1.113883.10.20.22.4.14"/>
        <!-- Procedure activity template -->
        <id root="ebae9c05-e782-468e-8235-70c103a7a2bd"/>
        <code  code="430193006" codeSystem="2.16.840.1.113883.6.96" displayName="Medication Reconciliation (procedure)">
          <originalText><reference value="#procedures-desc-2"/></originalText>
          <translation code="430193006" codeSystem="2.16.840.1.113883.6.96" displayName="Medication Reconciliation (procedure)"/>
        </code>
        <text>
          <reference value="#procedures-desc-2"/>
        </text>
        <statusCode code="completed"/>
        <effectiveTime value="20190901075620"/>
      </procedure>
    </entry>
  </section>
</component>
<component>
  <!--Encounters-->
  <section>
    <templateId root="2.16.840.1.113883.10.20.22.2.22" extension="2015-08-01"/> <!-- CCDA Template id -->
    <!--Encounters section template-->
    <code code="46240-8" codeSystem="2.16.840.1.113883.6.1" codeSystemName="LOINC" displayName="History of encounters"/>
    <title>Encounters</title>
<text>
  <table border="1" width="100%">
    <thead>
      <tr>
        <th>Start</th>
        <th>Stop</th>
        <th>Description</th>
        <th>Code</th>
      </tr>
    </thead>
    <tbody>
        <tr>
          <td>2019-05-26T07:56:20-04:00</td>
          <td>2019-05-26T08:26:20-04:00</td>
          <td ID="encounters-desc-1">Well child visit (procedure)</td>
          <td ID="encounters-code-1">SNOMED-CT 410620009</td>
        </tr>
        <tr>
          <td>2019-06-30T07:56:20-04:00</td>
          <td>2019-06-30T08:11:20-04:00</td>
          <td ID="encounters-desc-2">Well child visit (procedure)</td>
          <td ID="encounters-code-2">SNOMED-CT 410620009</td>
        </tr>
        <tr>
          <td>2019-09-01T07:56:20-04:00</td>
          <td>2019-09-01T08:26:20-04:00</td>
          <td ID="encounters-desc-3">Well child visit (procedure)</td>
          <td ID="encounters-code-3">SNOMED-CT 410620009</td>
        </tr>
    </tbody>
  </table>
</text>
    <entry typeCode="DRIV">
      <encounter classCode="ENC" moodCode="EVN">
		    <templateId root="2.16.840.1.113883.10.20.22.4.49"/>
        <!-- Encounter activity template -->
        <id root="6c40039d-9883-4efe-8f31-4ef72f4d4e86"/>
        <code  code="410620009" codeSystem="2.16.840.1.113883.6.96" displayName="Well child visit (procedure)">
          <originalText><reference value="#encounters-desc-1"/></originalText>
          <translation code="410620009" codeSystem="2.16.840.1.113883.6.96" displayName="Well child visit (procedure)"/>
        </code>
        <text>
          <reference value="#encounters-desc-1"/>
        </text>
        <effectiveTime>
          <low value="20190526075620"/>
          <high value="20190526082620"/>
        </effectiveTime>
      </encounter>
    </entry>
    <entry typeCode="DRIV">
      <encounter classCode="ENC" moodCode="EVN">
		    <templateId root="2.16.840.1.113883.10.20.22.4.49"/>
        <!-- Encounter activity template -->
        <id root="52666142-9519-489e-a1cd-c6fa8ac5ba58"/>
        <code  code="410620009" codeSystem="2.16.840.1.113883.6.96" displayName="Well child visit (procedure)">
          <originalText><reference value="#encounters-desc-2"/></originalText>
          <translation code="410620009" codeSystem="2.16.840.1.113883.6.96" displayName="Well child visit (procedure)"/>
        </code>
        <text>
          <reference value="#encounters-desc-2"/>
        </text>
        <effectiveTime>
          <low value="20190630075620"/>
          <high value="20190630081120"/>
        </effectiveTime>
      </encounter>
    </entry>
    <entry typeCode="DRIV">
      <encounter classCode="ENC" moodCode="EVN">
		    <templateId root="2.16.840.1.113883.10.20.22.4.49"/>
        <!-- Encounter activity template -->
        <id root="b0fb9aca-9c20-4cfe-934e-aed96f0998cb"/>
        <code  code="410620009" codeSystem="2.16.840.1.113883.6.96" displayName="Well child visit (procedure)">
          <originalText><reference value="#encounters-desc-3"/></originalText>
          <translation code="410620009" codeSystem="2.16.840.1.113883.6.96" displayName="Well child visit (procedure)"/>
        </code>
        <text>
          <reference value="#encounters-desc-3"/>
        </text>
        <effectiveTime>
          <low value="20190901075620"/>
          <high value="20190901082620"/>
        </effectiveTime>
      </encounter>
    </entry>
  </section>
</component>
<component>
  <!--Vital Signs-->
  <section>
    <templateId root="2.16.840.1.113883.10.20.22.2.4.1" extension="2015-08-01"/>
    <!--Vital Signs section template-->
    <code code="8716-3" codeSystem="2.16.840.1.113883.6.1" codeSystemName="LOINC" displayName="Vital signs"/>
    <title>Vital Signs</title>
<text>
  <table border="1" width="100%">
    <thead>
      <tr>
        <th>Start</th>
        <th>Stop</th>
        <th>Description</th>
        <th>Code</th>
        <th>Value</th>
      </tr>
    </thead>
    <tbody>
        <tr>
          <td>2019-05-26T07:56:20-04:00</td>
          <td></td>
          <td ID="observations-desc-1">Body Height</td>
          <td ID="observations-code-1">LOINC 8302-2</td>
          <td>54.72048152104424 cm</td>
        </tr>
        <tr>
          <td>2019-05-26T07:56:20-04:00</td>
          <td></td>
          <td ID="observations-desc-2">Pain severity - 0-10 verbal numeric rating [Score] - Reported</td>
          <td ID="observations-code-2">LOINC 72514-3</td>
          <td>3.855753365205771 {score}</td>
        </tr>
        <tr>
          <td>2019-05-26T07:56:20-04:00</td>
          <td></td>
          <td ID="observations-desc-3">Body Weight</td>
          <td ID="observations-code-3">LOINC 29463-7</td>
          <td>3.440828838106203 kg</td>
        </tr>
        <tr>
          <td>2019-05-26T07:56:20-04:00</td>
          <td></td>
          <td ID="observations-desc-4">Weight-for-length Per age and sex</td>
          <td ID="observations-code-4">LOINC 77606-2</td>
          <td>0.0053161531750624 %</td>
        </tr>
        <tr>
          <td>2019-05-26T07:56:20-04:00</td>
          <td></td>
          <td ID="observations-desc-5">Blood Pressure</td>
          <td ID="observations-code-5">LOINC 55284-4</td>
          <td>
          Diastolic Blood Pressure 84.89079138898066 mm[Hg]
          Systolic Blood Pressure 106.76838961425764 mm[Hg]
          </td>
        </tr>
        <tr>
          <td>2019-05-26T07:56:20-04:00</td>
          <td></td>
          <td ID="observations-desc-6">Leukocytes [#/volume] in Blood by Automated count</td>
          <td ID="observations-code-6">LOINC 6690-2</td>
          <td>7.778294584206767 10*3/uL</td>
        </tr>
        <tr>
          <td>2019-05-26T07:56:20-04:00</td>
          <td></td>
          <td ID="observations-desc-7">Erythrocytes [#/volume] in Blood by Automated count</td>
          <td ID="observations-code-7">LOINC 789-8</td>
          <td>4.928606831936311 10*6/uL</td>
        </tr>
        <tr>
          <td>2019-05-26T07:56:20-04:00</td>
          <td></td>
          <td ID="observations-desc-8">Hemoglobin [Mass/volume] in Blood</td>
          <td ID="observations-code-8">LOINC 718-7</td>
          <td>15.370287235767735 g/dL</td>
        </tr>
        <tr>
          <td>2019-05-26T07:56:20-04:00</td>
          <td></td>
          <td ID="observations-desc-9">Hematocrit [Volume Fraction] of Blood by Automated count</td>
          <td ID="observations-code-9">LOINC 4544-3</td>
          <td>45.68217694868594 %</td>
        </tr>
        <tr>
          <td>2019-05-26T07:56:20-04:00</td>
          <td></td>
          <td ID="observations-desc-10">MCV [Entitic volume] by Automated count</td>
          <td ID="observations-code-10">LOINC 787-2</td>
          <td>89.14210560977125 fL</td>
        </tr>
        <tr>
          <td>2019-05-26T07:56:20-04:00</td>
          <td></td>
          <td ID="observations-desc-11">MCH [Entitic mass] by Automated count</td>
          <td ID="observations-code-11">LOINC 785-6</td>
          <td>29.582969625292474 pg</td>
        </tr>
        <tr>
          <td>2019-05-26T07:56:20-04:00</td>
          <td></td>
          <td ID="observations-desc-12">MCHC [Mass/volume] by Automated count</td>
          <td ID="observations-code-12">LOINC 786-4</td>
          <td>33.95045850076905 g/dL</td>
        </tr>
        <tr>
          <td>2019-05-26T07:56:20-04:00</td>
          <td></td>
          <td ID="observations-desc-13">Erythrocyte distribution width [Entitic volume] by Automated count</td>
          <td ID="observations-code-13">LOINC 21000-5</td>
          <td>43.45448464986974 fL</td>
        </tr>
        <tr>
          <td>2019-05-26T07:56:20-04:00</td>
          <td></td>
          <td ID="observations-desc-14">Platelets [#/volume] in Blood by Automated count</td>
          <td ID="observations-code-14">LOINC 777-3</td>
          <td>224.3325296580505 10*3/uL</td>
        </tr>
        <tr>
          <td>2019-05-26T07:56:20-04:00</td>
          <td></td>
          <td ID="observations-desc-15">Platelet distribution width [Entitic volume] in Blood by Automated count</td>
          <td ID="observations-code-15">LOINC 32207-3</td>
          <td>359.12813793661155 fL</td>
        </tr>
        <tr>
          <td>2019-05-26T07:56:20-04:00</td>
          <td></td>
          <td ID="observations-desc-16">Platelet mean volume [Entitic volume] in Blood by Automated count</td>
          <td ID="observations-code-16">LOINC 32623-1</td>
          <td>10.727978624519793 fL</td>
        </tr>
        <tr>
          <td>2019-05-26T07:56:20-04:00</td>
          <td></td>
          <td ID="observations-desc-17">Tobacco smoking status NHIS</td>
          <td ID="observations-code-17">LOINC 72166-2</td>
          <td>SNOMED-CT 266919005 Never smoker </td>
        </tr>
        <tr>
          <td>2019-06-30T07:56:20-04:00</td>
          <td></td>
          <td ID="observations-desc-18">Body Height</td>
          <td ID="observations-code-18">LOINC 8302-2</td>
          <td>58.22804723144553 cm</td>
        </tr>
        <tr>
          <td>2019-06-30T07:56:20-04:00</td>
          <td></td>
          <td ID="observations-desc-19">Pain severity - 0-10 verbal numeric rating [Score] - Reported</td>
          <td ID="observations-code-19">LOINC 72514-3</td>
          <td>0.8818386533558407 {score}</td>
        </tr>
        <tr>
          <td>2019-06-30T07:56:20-04:00</td>
          <td></td>
          <td ID="observations-desc-20">Body Weight</td>
          <td ID="observations-code-20">LOINC 29463-7</td>
          <td>4.142555647726686 kg</td>
        </tr>
        <tr>
          <td>2019-06-30T07:56:20-04:00</td>
          <td></td>
          <td ID="observations-desc-21">Weight-for-length Per age and sex</td>
          <td ID="observations-code-21">LOINC 77606-2</td>
          <td>0.0137932891398298 %</td>
        </tr>
        <tr>
          <td>2019-06-30T07:56:20-04:00</td>
          <td></td>
          <td ID="observations-desc-22">Blood Pressure</td>
          <td ID="observations-code-22">LOINC 55284-4</td>
          <td>
          Diastolic Blood Pressure 84.52505000771347 mm[Hg]
          Systolic Blood Pressure 111.79079668820064 mm[Hg]
          </td>
        </tr>
        <tr>
          <td>2019-06-30T07:56:20-04:00</td>
          <td></td>
          <td ID="observations-desc-23">Tobacco smoking status NHIS</td>
          <td ID="observations-code-23">LOINC 72166-2</td>
          <td>SNOMED-CT 266919005 Never smoker </td>
        </tr>
        <tr>
          <td>2019-09-01T07:56:20-04:00</td>
          <td></td>
          <td ID="observations-desc-24">Body Height</td>
          <td ID="observations-code-24">LOINC 8302-2</td>
          <td>63.40391436062837 cm</td>
        </tr>
        <tr>
          <td>2019-09-01T07:56:20-04:00</td>
          <td></td>
          <td ID="observations-desc-25">Pain severity - 0-10 verbal numeric rating [Score] - Reported</td>
          <td ID="observations-code-25">LOINC 72514-3</td>
          <td>2.3285849912284506 {score}</td>
        </tr>
        <tr>
          <td>2019-09-01T07:56:20-04:00</td>
          <td></td>
          <td ID="observations-desc-26">Body Weight</td>
          <td ID="observations-code-26">LOINC 29463-7</td>
          <td>5.383292967544188 kg</td>
        </tr>
        <tr>
          <td>2019-09-01T07:56:20-04:00</td>
          <td></td>
          <td ID="observations-desc-27">Weight-for-length Per age and sex</td>
          <td ID="observations-code-27">LOINC 77606-2</td>
          <td>0.1829912812600554 %</td>
        </tr>
        <tr>
          <td>2019-09-01T07:56:20-04:00</td>
          <td></td>
          <td ID="observations-desc-28">Blood Pressure</td>
          <td ID="observations-code-28">LOINC 55284-4</td>
          <td>
          Diastolic Blood Pressure 72.67117794157754 mm[Hg]
          Systolic Blood Pressure 110.70397707073082 mm[Hg]
          </td>
        </tr>
        <tr>
          <td>2019-09-01T07:56:20-04:00</td>
          <td></td>
          <td ID="observations-desc-29">Tobacco smoking status NHIS</td>
          <td ID="observations-code-29">LOINC 72166-2</td>
          <td>SNOMED-CT 266919005 Never smoker </td>
        </tr>
    </tbody>
  </table>
</text>
    <entry typeCode="DRIV">
      <organizer classCode="CLUSTER" moodCode="EVN">
        <templateId root="2.16.840.1.113883.10.20.22.4.26" extension="2015-08-01"/>
        <!-- Vital signs organizer template -->
        <id root="9e5e0a42-6c55-4c4f-93fd-53c4a859cdc3"/>
        <code code="46680005" codeSystem="2.16.840.1.113883.6.96" displayName="Vital signs" codeSystemName="SNOMED CT">
          <translation code="74728-7" displayName="Vital signs, weight, height, head circumference, oximetry, BMI, and BSA panel" codeSystem="2.16.840.1.113883.6.1" codeSystemName="LOINC" />
        </code>
        <statusCode code="completed"/>
        <effectiveTime value="20190922075620"/>
        <component>
          <observation classCode="OBS" moodCode="EVN">
            <templateId root="2.16.840.1.113883.10.20.22.4.27" extension="2014-06-09"/>
            <!-- Result observation template -->
            <id root="cbb0e454-5d27-4e04-bb03-ed9f6eae90b7"/>
        <code  code="8302-2" codeSystem="2.16.840.1.113883.6.1" displayName="Body Height">
          <originalText><reference value="#observations-desc-1"/></originalText>
          <translation code="8302-2" codeSystem="2.16.840.1.113883.6.1" displayName="Body Height"/>
        </code>
            <text>
              <reference value="#observations-desc-1"/>
            </text>
            <statusCode code="completed"/>
            <effectiveTime value="20190526075620"/>
            <value xsi:type="PQ" value="54.72048152104424" unit="cm"/>
          </observation>
        </component>
        <component>
          <observation classCode="OBS" moodCode="EVN">
            <templateId root="2.16.840.1.113883.10.20.22.4.27" extension="2014-06-09"/>
            <!-- Result observation template -->
            <id root="5527363c-bf5e-44f7-bc3c-3b5a8fa29cd6"/>
        <code  code="72514-3" codeSystem="2.16.840.1.113883.6.1" displayName="Pain severity - 0-10 verbal numeric rating [Score] - Reported">
          <originalText><reference value="#observations-desc-2"/></originalText>
          <translation code="72514-3" codeSystem="2.16.840.1.113883.6.1" displayName="Pain severity - 0-10 verbal numeric rating [Score] - Reported"/>
        </code>
            <text>
              <reference value="#observations-desc-2"/>
            </text>
            <statusCode code="completed"/>
            <effectiveTime value="20190526075620"/>
            <value xsi:type="PQ" value="3.855753365205771" unit="{score}"/>
          </observation>
        </component>
        <component>
          <observation classCode="OBS" moodCode="EVN">
            <templateId root="2.16.840.1.113883.10.20.22.4.27" extension="2014-06-09"/>
            <!-- Result observation template -->
            <id root="b48cdb30-0211-4a32-bc81-bd35c54acd50"/>
        <code  code="29463-7" codeSystem="2.16.840.1.113883.6.1" displayName="Body Weight">
          <originalText><reference value="#observations-desc-3"/></originalText>
          <translation code="29463-7" codeSystem="2.16.840.1.113883.6.1" displayName="Body Weight"/>
        </code>
            <text>
              <reference value="#observations-desc-3"/>
            </text>
            <statusCode code="completed"/>
            <effectiveTime value="20190526075620"/>
            <value xsi:type="PQ" value="3.440828838106203" unit="kg"/>
          </observation>
        </component>
        <component>
          <observation classCode="OBS" moodCode="EVN">
            <templateId root="2.16.840.1.113883.10.20.22.4.27" extension="2014-06-09"/>
            <!-- Result observation template -->
            <id root="88d609bf-6c79-4c73-a5c2-b82467f348f4"/>
        <code  code="77606-2" codeSystem="2.16.840.1.113883.6.1" displayName="Weight-for-length Per age and sex">
          <originalText><reference value="#observations-desc-4"/></originalText>
          <translation code="77606-2" codeSystem="2.16.840.1.113883.6.1" displayName="Weight-for-length Per age and sex"/>
        </code>
            <text>
              <reference value="#observations-desc-4"/>
            </text>
            <statusCode code="completed"/>
            <effectiveTime value="20190526075620"/>
            <value xsi:type="PQ" value="0.0053161531750624" unit="%"/>
          </observation>
        </component>
        <component>
          <observation classCode="OBS" moodCode="EVN">
            <templateId root="2.16.840.1.113883.10.20.22.4.27" extension="2014-06-09"/>
            <!-- Result observation template -->
            <id root="68c5b56c-7ba9-4673-98d5-ea5d22c40c01"/>
        <code  code="8462-4" codeSystem="2.16.840.1.113883.6.1" displayName="Diastolic Blood Pressure">
          <originalText><reference value="#observations-desc-5"/></originalText>
          <translation code="8462-4" codeSystem="2.16.840.1.113883.6.1" displayName="Diastolic Blood Pressure"/>
        </code>
            <text>
              <reference value="#observations-desc-5"/>
            </text>
            <statusCode code="completed"/>
            <effectiveTime value="20190526075620"/>
            <value xsi:type="PQ" value="84.89079138898066" unit="mm[Hg]"/>
          </observation>
        </component>
        <component>
          <observation classCode="OBS" moodCode="EVN">
            <templateId root="2.16.840.1.113883.10.20.22.4.27" extension="2014-06-09"/>
            <!-- Result observation template -->
            <id root="ef1baadb-87d9-4190-a870-81f9c346d7fc"/>
        <code  code="8480-6" codeSystem="2.16.840.1.113883.6.1" displayName="Systolic Blood Pressure">
          <originalText><reference value="#observations-desc-5"/></originalText>
          <translation code="8480-6" codeSystem="2.16.840.1.113883.6.1" displayName="Systolic Blood Pressure"/>
        </code>
            <text>
              <reference value="#observations-desc-5"/>
            </text>
            <statusCode code="completed"/>
            <effectiveTime value="20190526075620"/>
            <value xsi:type="PQ" value="106.76838961425764" unit="mm[Hg]"/>
          </observation>
        </component>
        <component>
          <observation classCode="OBS" moodCode="EVN">
            <templateId root="2.16.840.1.113883.10.20.22.4.27" extension="2014-06-09"/>
            <!-- Result observation template -->
            <id root="f6b5c62f-47ba-4f48-a40e-96aa3674714c"/>
        <code  code="6690-2" codeSystem="2.16.840.1.113883.6.1" displayName="Leukocytes [#/volume] in Blood by Automated count">
          <originalText><reference value="#observations-desc-6"/></originalText>
          <translation code="6690-2" codeSystem="2.16.840.1.113883.6.1" displayName="Leukocytes [#/volume] in Blood by Automated count"/>
        </code>
            <text>
              <reference value="#observations-desc-6"/>
            </text>
            <statusCode code="completed"/>
            <effectiveTime value="20190526075620"/>
            <value xsi:type="PQ" value="7.778294584206767" unit="10*3/uL"/>
          </observation>
        </component>
        <component>
          <observation classCode="OBS" moodCode="EVN">
            <templateId root="2.16.840.1.113883.10.20.22.4.27" extension="2014-06-09"/>
            <!-- Result observation template -->
            <id root="e4a783b8-f9c3-4616-990d-aa7e494715f0"/>
        <code  code="789-8" codeSystem="2.16.840.1.113883.6.1" displayName="Erythrocytes [#/volume] in Blood by Automated count">
          <originalText><reference value="#observations-desc-7"/></originalText>
          <translation code="789-8" codeSystem="2.16.840.1.113883.6.1" displayName="Erythrocytes [#/volume] in Blood by Automated count"/>
        </code>
            <text>
              <reference value="#observations-desc-7"/>
            </text>
            <statusCode code="completed"/>
            <effectiveTime value="20190526075620"/>
            <value xsi:type="PQ" value="4.928606831936311" unit="10*6/uL"/>
          </observation>
        </component>
        <component>
          <observation classCode="OBS" moodCode="EVN">
            <templateId root="2.16.840.1.113883.10.20.22.4.27" extension="2014-06-09"/>
            <!-- Result observation template -->
            <id root="6868c2bc-18b9-4ced-ba90-0e89472846af"/>
        <code  code="718-7" codeSystem="2.16.840.1.113883.6.1" displayName="Hemoglobin [Mass/volume] in Blood">
          <originalText><reference value="#observations-desc-8"/></originalText>
          <translation code="718-7" codeSystem="2.16.840.1.113883.6.1" displayName="Hemoglobin [Mass/volume] in Blood"/>
        </code>
            <text>
              <reference value="#observations-desc-8"/>
            </text>
            <statusCode code="completed"/>
            <effectiveTime value="20190526075620"/>
            <value xsi:type="PQ" value="15.370287235767735" unit="g/dL"/>
          </observation>
        </component>
        <component>
          <observation classCode="OBS" moodCode="EVN">
            <templateId root="2.16.840.1.113883.10.20.22.4.27" extension="2014-06-09"/>
            <!-- Result observation template -->
            <id root="3d072872-de97-4521-a781-0b3ba1ab5bcb"/>
        <code  code="4544-3" codeSystem="2.16.840.1.113883.6.1" displayName="Hematocrit [Volume Fraction] of Blood by Automated count">
          <originalText><reference value="#observations-desc-9"/></originalText>
          <translation code="4544-3" codeSystem="2.16.840.1.113883.6.1" displayName="Hematocrit [Volume Fraction] of Blood by Automated count"/>
        </code>
            <text>
              <reference value="#observations-desc-9"/>
            </text>
            <statusCode code="completed"/>
            <effectiveTime value="20190526075620"/>
            <value xsi:type="PQ" value="45.68217694868594" unit="%"/>
          </observation>
        </component>
        <component>
          <observation classCode="OBS" moodCode="EVN">
            <templateId root="2.16.840.1.113883.10.20.22.4.27" extension="2014-06-09"/>
            <!-- Result observation template -->
            <id root="2d20112f-e11b-44fc-a36b-1252ef97319a"/>
        <code  code="787-2" codeSystem="2.16.840.1.113883.6.1" displayName="MCV [Entitic volume] by Automated count">
          <originalText><reference value="#observations-desc-10"/></originalText>
          <translation code="787-2" codeSystem="2.16.840.1.113883.6.1" displayName="MCV [Entitic volume] by Automated count"/>
        </code>
            <text>
              <reference value="#observations-desc-10"/>
            </text>
            <statusCode code="completed"/>
            <effectiveTime value="20190526075620"/>
            <value xsi:type="PQ" value="89.14210560977125" unit="fL"/>
          </observation>
        </component>
        <component>
          <observation classCode="OBS" moodCode="EVN">
            <templateId root="2.16.840.1.113883.10.20.22.4.27" extension="2014-06-09"/>
            <!-- Result observation template -->
            <id root="137eb01a-d683-4085-b1b1-888f55404ad2"/>
        <code  code="785-6" codeSystem="2.16.840.1.113883.6.1" displayName="MCH [Entitic mass] by Automated count">
          <originalText><reference value="#observations-desc-11"/></originalText>
          <translation code="785-6" codeSystem="2.16.840.1.113883.6.1" displayName="MCH [Entitic mass] by Automated count"/>
        </code>
            <text>
              <reference value="#observations-desc-11"/>
            </text>
            <statusCode code="completed"/>
            <effectiveTime value="20190526075620"/>
            <value xsi:type="PQ" value="29.582969625292474" unit="pg"/>
          </observation>
        </component>
        <component>
          <observation classCode="OBS" moodCode="EVN">
            <templateId root="2.16.840.1.113883.10.20.22.4.27" extension="2014-06-09"/>
            <!-- Result observation template -->
            <id root="2e7cdc2f-0c14-40c9-abdd-2c4443d9324a"/>
        <code  code="786-4" codeSystem="2.16.840.1.113883.6.1" displayName="MCHC [Mass/volume] by Automated count">
          <originalText><reference value="#observations-desc-12"/></originalText>
          <translation code="786-4" codeSystem="2.16.840.1.113883.6.1" displayName="MCHC [Mass/volume] by Automated count"/>
        </code>
            <text>
              <reference value="#observations-desc-12"/>
            </text>
            <statusCode code="completed"/>
            <effectiveTime value="20190526075620"/>
            <value xsi:type="PQ" value="33.95045850076905" unit="g/dL"/>
          </observation>
        </component>
        <component>
          <observation classCode="OBS" moodCode="EVN">
            <templateId root="2.16.840.1.113883.10.20.22.4.27" extension="2014-06-09"/>
            <!-- Result observation template -->
            <id root="60ae1e3f-d6dd-485f-90bd-7404746bee2f"/>
        <code  code="21000-5" codeSystem="2.16.840.1.113883.6.1" displayName="Erythrocyte distribution width [Entitic volume] by Automated count">
          <originalText><reference value="#observations-desc-13"/></originalText>
          <translation code="21000-5" codeSystem="2.16.840.1.113883.6.1" displayName="Erythrocyte distribution width [Entitic volume] by Automated count"/>
        </code>
            <text>
              <reference value="#observations-desc-13"/>
            </text>
            <statusCode code="completed"/>
            <effectiveTime value="20190526075620"/>
            <value xsi:type="PQ" value="43.45448464986974" unit="fL"/>
          </observation>
        </component>
        <component>
          <observation classCode="OBS" moodCode="EVN">
            <templateId root="2.16.840.1.113883.10.20.22.4.27" extension="2014-06-09"/>
            <!-- Result observation template -->
            <id root="70f59265-2455-42ec-abf3-8f86a54108af"/>
        <code  code="777-3" codeSystem="2.16.840.1.113883.6.1" displayName="Platelets [#/volume] in Blood by Automated count">
          <originalText><reference value="#observations-desc-14"/></originalText>
          <translation code="777-3" codeSystem="2.16.840.1.113883.6.1" displayName="Platelets [#/volume] in Blood by Automated count"/>
        </code>
            <text>
              <reference value="#observations-desc-14"/>
            </text>
            <statusCode code="completed"/>
            <effectiveTime value="20190526075620"/>
            <value xsi:type="PQ" value="224.3325296580505" unit="10*3/uL"/>
          </observation>
        </component>
        <component>
          <observation classCode="OBS" moodCode="EVN">
            <templateId root="2.16.840.1.113883.10.20.22.4.27" extension="2014-06-09"/>
            <!-- Result observation template -->
            <id root="e1d93b3e-2bf8-483d-87ab-44ef4f7f8fd3"/>
        <code  code="32207-3" codeSystem="2.16.840.1.113883.6.1" displayName="Platelet distribution width [Entitic volume] in Blood by Automated count">
          <originalText><reference value="#observations-desc-15"/></originalText>
          <translation code="32207-3" codeSystem="2.16.840.1.113883.6.1" displayName="Platelet distribution width [Entitic volume] in Blood by Automated count"/>
        </code>
            <text>
              <reference value="#observations-desc-15"/>
            </text>
            <statusCode code="completed"/>
            <effectiveTime value="20190526075620"/>
            <value xsi:type="PQ" value="359.12813793661155" unit="fL"/>
          </observation>
        </component>
        <component>
          <observation classCode="OBS" moodCode="EVN">
            <templateId root="2.16.840.1.113883.10.20.22.4.27" extension="2014-06-09"/>
            <!-- Result observation template -->
            <id root="23475209-44d1-4101-817b-6cb07b46cd00"/>
        <code  code="32623-1" codeSystem="2.16.840.1.113883.6.1" displayName="Platelet mean volume [Entitic volume] in Blood by Automated count">
          <originalText><reference value="#observations-desc-16"/></originalText>
          <translation code="32623-1" codeSystem="2.16.840.1.113883.6.1" displayName="Platelet mean volume [Entitic volume] in Blood by Automated count"/>
        </code>
            <text>
              <reference value="#observations-desc-16"/>
            </text>
            <statusCode code="completed"/>
            <effectiveTime value="20190526075620"/>
            <value xsi:type="PQ" value="10.727978624519793" unit="fL"/>
          </observation>
        </component>
        <component>
          <observation classCode="OBS" moodCode="EVN">
            <templateId root="2.16.840.1.113883.10.20.22.4.27" extension="2014-06-09"/>
            <!-- Result observation template -->
            <id root="f5b83c9e-cef9-49a2-bcd0-4ad03f611163"/>
        <code  code="72166-2" codeSystem="2.16.840.1.113883.6.1" displayName="Tobacco smoking status NHIS">
          <originalText><reference value="#observations-desc-17"/></originalText>
          <translation code="72166-2" codeSystem="2.16.840.1.113883.6.1" displayName="Tobacco smoking status NHIS"/>
        </code>
            <text>
              <reference value="#observations-desc-17"/>
            </text>
            <statusCode code="completed"/>
            <effectiveTime value="20190526075620"/>
            <value xsi:type="ST">SNOMED-CT 266919005 Never smoker</value>
          </observation>
        </component>
        <component>
          <observation classCode="OBS" moodCode="EVN">
            <templateId root="2.16.840.1.113883.10.20.22.4.27" extension="2014-06-09"/>
            <!-- Result observation template -->
            <id root="3c9c7455-9776-4126-9291-b7ce9c55af80"/>
        <code  code="8302-2" codeSystem="2.16.840.1.113883.6.1" displayName="Body Height">
          <originalText><reference value="#observations-desc-18"/></originalText>
          <translation code="8302-2" codeSystem="2.16.840.1.113883.6.1" displayName="Body Height"/>
        </code>
            <text>
              <reference value="#observations-desc-18"/>
            </text>
            <statusCode code="completed"/>
            <effectiveTime value="20190630075620"/>
            <value xsi:type="PQ" value="58.22804723144553" unit="cm"/>
          </observation>
        </component>
        <component>
          <observation classCode="OBS" moodCode="EVN">
            <templateId root="2.16.840.1.113883.10.20.22.4.27" extension="2014-06-09"/>
            <!-- Result observation template -->
            <id root="4bda47a5-bb63-45c7-be6a-06d754cc8169"/>
        <code  code="72514-3" codeSystem="2.16.840.1.113883.6.1" displayName="Pain severity - 0-10 verbal numeric rating [Score] - Reported">
          <originalText><reference value="#observations-desc-19"/></originalText>
          <translation code="72514-3" codeSystem="2.16.840.1.113883.6.1" displayName="Pain severity - 0-10 verbal numeric rating [Score] - Reported"/>
        </code>
            <text>
              <reference value="#observations-desc-19"/>
            </text>
            <statusCode code="completed"/>
            <effectiveTime value="20190630075620"/>
            <value xsi:type="PQ" value="0.8818386533558407" unit="{score}"/>
          </observation>
        </component>
        <component>
          <observation classCode="OBS" moodCode="EVN">
            <templateId root="2.16.840.1.113883.10.20.22.4.27" extension="2014-06-09"/>
            <!-- Result observation template -->
            <id root="a6b9ec6a-6ccc-4cc8-8a27-970bf0cd60c6"/>
        <code  code="29463-7" codeSystem="2.16.840.1.113883.6.1" displayName="Body Weight">
          <originalText><reference value="#observations-desc-20"/></originalText>
          <translation code="29463-7" codeSystem="2.16.840.1.113883.6.1" displayName="Body Weight"/>
        </code>
            <text>
              <reference value="#observations-desc-20"/>
            </text>
            <statusCode code="completed"/>
            <effectiveTime value="20190630075620"/>
            <value xsi:type="PQ" value="4.142555647726686" unit="kg"/>
          </observation>
        </component>
        <component>
          <observation classCode="OBS" moodCode="EVN">
            <templateId root="2.16.840.1.113883.10.20.22.4.27" extension="2014-06-09"/>
            <!-- Result observation template -->
            <id root="afe40d2a-e88a-4436-9cab-4d66ab7b077d"/>
        <code  code="77606-2" codeSystem="2.16.840.1.113883.6.1" displayName="Weight-for-length Per age and sex">
          <originalText><reference value="#observations-desc-21"/></originalText>
          <translation code="77606-2" codeSystem="2.16.840.1.113883.6.1" displayName="Weight-for-length Per age and sex"/>
        </code>
            <text>
              <reference value="#observations-desc-21"/>
            </text>
            <statusCode code="completed"/>
            <effectiveTime value="20190630075620"/>
            <value xsi:type="PQ" value="0.0137932891398298" unit="%"/>
          </observation>
        </component>
        <component>
          <observation classCode="OBS" moodCode="EVN">
            <templateId root="2.16.840.1.113883.10.20.22.4.27" extension="2014-06-09"/>
            <!-- Result observation template -->
            <id root="42541f6a-8236-48be-bbfb-7569d3241a60"/>
        <code  code="8462-4" codeSystem="2.16.840.1.113883.6.1" displayName="Diastolic Blood Pressure">
          <originalText><reference value="#observations-desc-22"/></originalText>
          <translation code="8462-4" codeSystem="2.16.840.1.113883.6.1" displayName="Diastolic Blood Pressure"/>
        </code>
            <text>
              <reference value="#observations-desc-22"/>
            </text>
            <statusCode code="completed"/>
            <effectiveTime value="20190630075620"/>
            <value xsi:type="PQ" value="84.52505000771347" unit="mm[Hg]"/>
          </observation>
        </component>
        <component>
          <observation classCode="OBS" moodCode="EVN">
            <templateId root="2.16.840.1.113883.10.20.22.4.27" extension="2014-06-09"/>
            <!-- Result observation template -->
            <id root="7549631e-c0c3-4ff1-bfd2-5fff91fcfd2f"/>
        <code  code="8480-6" codeSystem="2.16.840.1.113883.6.1" displayName="Systolic Blood Pressure">
          <originalText><reference value="#observations-desc-22"/></originalText>
          <translation code="8480-6" codeSystem="2.16.840.1.113883.6.1" displayName="Systolic Blood Pressure"/>
        </code>
            <text>
              <reference value="#observations-desc-22"/>
            </text>
            <statusCode code="completed"/>
            <effectiveTime value="20190630075620"/>
            <value xsi:type="PQ" value="111.79079668820064" unit="mm[Hg]"/>
          </observation>
        </component>
        <component>
          <observation classCode="OBS" moodCode="EVN">
            <templateId root="2.16.840.1.113883.10.20.22.4.27" extension="2014-06-09"/>
            <!-- Result observation template -->
            <id root="fec4eb9a-86e0-4383-b5c9-15ef21dcd299"/>
        <code  code="72166-2" codeSystem="2.16.840.1.113883.6.1" displayName="Tobacco smoking status NHIS">
          <originalText><reference value="#observations-desc-23"/></originalText>
          <translation code="72166-2" codeSystem="2.16.840.1.113883.6.1" displayName="Tobacco smoking status NHIS"/>
        </code>
            <text>
              <reference value="#observations-desc-23"/>
            </text>
            <statusCode code="completed"/>
            <effectiveTime value="20190630075620"/>
            <value xsi:type="ST">SNOMED-CT 266919005 Never smoker</value>
          </observation>
        </component>
        <component>
          <observation classCode="OBS" moodCode="EVN">
            <templateId root="2.16.840.1.113883.10.20.22.4.27" extension="2014-06-09"/>
            <!-- Result observation template -->
            <id root="9f236a13-8bf4-4044-8ecb-2b92e941d400"/>
        <code  code="8302-2" codeSystem="2.16.840.1.113883.6.1" displayName="Body Height">
          <originalText><reference value="#observations-desc-24"/></originalText>
          <translation code="8302-2" codeSystem="2.16.840.1.113883.6.1" displayName="Body Height"/>
        </code>
            <text>
              <reference value="#observations-desc-24"/>
            </text>
            <statusCode code="completed"/>
            <effectiveTime value="20190901075620"/>
            <value xsi:type="PQ" value="63.40391436062837" unit="cm"/>
          </observation>
        </component>
        <component>
          <observation classCode="OBS" moodCode="EVN">
            <templateId root="2.16.840.1.113883.10.20.22.4.27" extension="2014-06-09"/>
            <!-- Result observation template -->
            <id root="9a23a4e0-daa4-4e2a-9ce7-9cabffe5985d"/>
        <code  code="72514-3" codeSystem="2.16.840.1.113883.6.1" displayName="Pain severity - 0-10 verbal numeric rating [Score] - Reported">
          <originalText><reference value="#observations-desc-25"/></originalText>
          <translation code="72514-3" codeSystem="2.16.840.1.113883.6.1" displayName="Pain severity - 0-10 verbal numeric rating [Score] - Reported"/>
        </code>
            <text>
              <reference value="#observations-desc-25"/>
            </text>
            <statusCode code="completed"/>
            <effectiveTime value="20190901075620"/>
            <value xsi:type="PQ" value="2.3285849912284506" unit="{score}"/>
          </observation>
        </component>
        <component>
          <observation classCode="OBS" moodCode="EVN">
            <templateId root="2.16.840.1.113883.10.20.22.4.27" extension="2014-06-09"/>
            <!-- Result observation template -->
            <id root="6c17e8ad-b86e-41ec-8573-c5030c8c34f3"/>
        <code  code="29463-7" codeSystem="2.16.840.1.113883.6.1" displayName="Body Weight">
          <originalText><reference value="#observations-desc-26"/></originalText>
          <translation code="29463-7" codeSystem="2.16.840.1.113883.6.1" displayName="Body Weight"/>
        </code>
            <text>
              <reference value="#observations-desc-26"/>
            </text>
            <statusCode code="completed"/>
            <effectiveTime value="20190901075620"/>
            <value xsi:type="PQ" value="5.383292967544188" unit="kg"/>
          </observation>
        </component>
        <component>
          <observation classCode="OBS" moodCode="EVN">
            <templateId root="2.16.840.1.113883.10.20.22.4.27" extension="2014-06-09"/>
            <!-- Result observation template -->
            <id root="aad1c79f-d77b-4a91-a7da-1f2ac168bb0a"/>
        <code  code="77606-2" codeSystem="2.16.840.1.113883.6.1" displayName="Weight-for-length Per age and sex">
          <originalText><reference value="#observations-desc-27"/></originalText>
          <translation code="77606-2" codeSystem="2.16.840.1.113883.6.1" displayName="Weight-for-length Per age and sex"/>
        </code>
            <text>
              <reference value="#observations-desc-27"/>
            </text>
            <statusCode code="completed"/>
            <effectiveTime value="20190901075620"/>
            <value xsi:type="PQ" value="0.1829912812600554" unit="%"/>
          </observation>
        </component>
        <component>
          <observation classCode="OBS" moodCode="EVN">
            <templateId root="2.16.840.1.113883.10.20.22.4.27" extension="2014-06-09"/>
            <!-- Result observation template -->
            <id root="b3515b3f-f392-4c9d-bd6c-940b02e2dd71"/>
        <code  code="8462-4" codeSystem="2.16.840.1.113883.6.1" displayName="Diastolic Blood Pressure">
          <originalText><reference value="#observations-desc-28"/></originalText>
          <translation code="8462-4" codeSystem="2.16.840.1.113883.6.1" displayName="Diastolic Blood Pressure"/>
        </code>
            <text>
              <reference value="#observations-desc-28"/>
            </text>
            <statusCode code="completed"/>
            <effectiveTime value="20190901075620"/>
            <value xsi:type="PQ" value="72.67117794157754" unit="mm[Hg]"/>
          </observation>
        </component>
        <component>
          <observation classCode="OBS" moodCode="EVN">
            <templateId root="2.16.840.1.113883.10.20.22.4.27" extension="2014-06-09"/>
            <!-- Result observation template -->
            <id root="a3e2df14-bd37-47ec-88c9-5c3d55db7efe"/>
        <code  code="8480-6" codeSystem="2.16.840.1.113883.6.1" displayName="Systolic Blood Pressure">
          <originalText><reference value="#observations-desc-28"/></originalText>
          <translation code="8480-6" codeSystem="2.16.840.1.113883.6.1" displayName="Systolic Blood Pressure"/>
        </code>
            <text>
              <reference value="#observations-desc-28"/>
            </text>
            <statusCode code="completed"/>
            <effectiveTime value="20190901075620"/>
            <value xsi:type="PQ" value="110.70397707073082" unit="mm[Hg]"/>
          </observation>
        </component>
        <component>
          <observation classCode="OBS" moodCode="EVN">
            <templateId root="2.16.840.1.113883.10.20.22.4.27" extension="2014-06-09"/>
            <!-- Result observation template -->
            <id root="3265d005-e48b-4a97-918d-237f47ce5d00"/>
        <code  code="72166-2" codeSystem="2.16.840.1.113883.6.1" displayName="Tobacco smoking status NHIS">
          <originalText><reference value="#observations-desc-29"/></originalText>
          <translation code="72166-2" codeSystem="2.16.840.1.113883.6.1" displayName="Tobacco smoking status NHIS"/>
        </code>
            <text>
              <reference value="#observations-desc-29"/>
            </text>
            <statusCode code="completed"/>
            <effectiveTime value="20190901075620"/>
            <value xsi:type="ST">SNOMED-CT 266919005 Never smoker</value>
          </observation>
        </component>
      </organizer>
    </entry>
  </section>
</component>
<component>
  <!--Immunizations-->
  <section>
    <templateId root="2.16.840.1.113883.10.20.22.2.2" extension="2015-08-01"/>
    <!--Immunizations section template-->
    <code code="11369-6" codeSystem="2.16.840.1.113883.6.1" codeSystemName="LOINC" displayName="History of immunizations"/>
    <title>Immunizations</title>
<text>
  <table border="1" width="100%">
    <thead>
      <tr>
        <th>Start</th>
        <th>Stop</th>
        <th>Description</th>
        <th>Code</th>
      </tr>
    </thead>
    <tbody>
        <tr>
          <td>2019-05-26T07:56:20-04:00</td>
          <td></td>
          <td ID="immunizations-desc-1">Hep B, adolescent or pediatric</td>
          <td ID="immunizations-code-1">http://hl7.org/fhir/sid/cvx 08</td>
        </tr>
        <tr>
          <td>2019-06-30T07:56:20-04:00</td>
          <td></td>
          <td ID="immunizations-desc-2">Hep B, adolescent or pediatric</td>
          <td ID="immunizations-code-2">http://hl7.org/fhir/sid/cvx 08</td>
        </tr>
        <tr>
          <td>2019-09-01T07:56:20-04:00</td>
          <td></td>
          <td ID="immunizations-desc-3">Hib (PRP-OMP)</td>
          <td ID="immunizations-code-3">http://hl7.org/fhir/sid/cvx 49</td>
        </tr>
        <tr>
          <td>2019-09-01T07:56:20-04:00</td>
          <td></td>
          <td ID="immunizations-desc-4">rotavirus, monovalent</td>
          <td ID="immunizations-code-4">http://hl7.org/fhir/sid/cvx 119</td>
        </tr>
        <tr>
          <td>2019-09-01T07:56:20-04:00</td>
          <td></td>
          <td ID="immunizations-desc-5">IPV</td>
          <td ID="immunizations-code-5">http://hl7.org/fhir/sid/cvx 10</td>
        </tr>
        <tr>
          <td>2019-09-01T07:56:20-04:00</td>
          <td></td>
          <td ID="immunizations-desc-6">DTaP</td>
          <td ID="immunizations-code-6">http://hl7.org/fhir/sid/cvx 20</td>
        </tr>
        <tr>
          <td>2019-09-01T07:56:20-04:00</td>
          <td></td>
          <td ID="immunizations-desc-7">Pneumococcal conjugate PCV 13</td>
          <td ID="immunizations-code-7">http://hl7.org/fhir/sid/cvx 133</td>
        </tr>
    </tbody>
  </table>
</text>
    <entry typeCode="DRIV">
      <substanceAdministration classCode="SBADM" moodCode="EVN" negationInd="false">
        <templateId root="2.16.840.1.113883.10.20.22.4.52"/>
        <!-- Medication activity template -->
        <id root="1a7c5635-bd79-4dcb-92b4-12bd1a2e7861"/>
        <code code='IMMUNIZ' codeSystem='2.16.840.1.113883.5.4' codeSystemName='ActCode'/>
        <text>
          <reference value="#immunizations-desc-1"/>
        </text>
        <statusCode code="completed"/>
        <effectiveTime value="20190526075620"/>
        <doseQuantity nullFlavor="UNK"/>
        <consumable>
          <manufacturedProduct classCode="MANU">
            <templateId root="2.16.840.1.113883.10.20.22.4.54"/>
            <!-- Product template -->
            <manufacturedMaterial>
        <code  code="08" codeSystem="2.16.840.1.113883.12.292" displayName="Hep B, adolescent or pediatric">
          <originalText><reference value="#immunizations-desc-1"/></originalText>
          <translation code="08" codeSystem="2.16.840.1.113883.12.292" displayName="Hep B, adolescent or pediatric"/>
        </code>
              <name>Hep B, adolescent or pediatric</name>
            </manufacturedMaterial>
          </manufacturedProduct>
        </consumable>
      </substanceAdministration>
    </entry>
    <entry typeCode="DRIV">
      <substanceAdministration classCode="SBADM" moodCode="EVN" negationInd="false">
        <templateId root="2.16.840.1.113883.10.20.22.4.52"/>
        <!-- Medication activity template -->
        <id root="f6057e6f-b4d8-4130-989d-2b93b4bcb5a0"/>
        <code code='IMMUNIZ' codeSystem='2.16.840.1.113883.5.4' codeSystemName='ActCode'/>
        <text>
          <reference value="#immunizations-desc-2"/>
        </text>
        <statusCode code="completed"/>
        <effectiveTime value="20190630075620"/>
        <doseQuantity nullFlavor="UNK"/>
        <consumable>
          <manufacturedProduct classCode="MANU">
            <templateId root="2.16.840.1.113883.10.20.22.4.54"/>
            <!-- Product template -->
            <manufacturedMaterial>
        <code  code="08" codeSystem="2.16.840.1.113883.12.292" displayName="Hep B, adolescent or pediatric">
          <originalText><reference value="#immunizations-desc-2"/></originalText>
          <translation code="08" codeSystem="2.16.840.1.113883.12.292" displayName="Hep B, adolescent or pediatric"/>
        </code>
              <name>Hep B, adolescent or pediatric</name>
            </manufacturedMaterial>
          </manufacturedProduct>
        </consumable>
      </substanceAdministration>
    </entry>
    <entry typeCode="DRIV">
      <substanceAdministration classCode="SBADM" moodCode="EVN" negationInd="false">
        <templateId root="2.16.840.1.113883.10.20.22.4.52"/>
        <!-- Medication activity template -->
        <id root="12bbbc15-4359-4fe1-9671-1f8c30af0fd1"/>
        <code code='IMMUNIZ' codeSystem='2.16.840.1.113883.5.4' codeSystemName='ActCode'/>
        <text>
          <reference value="#immunizations-desc-3"/>
        </text>
        <statusCode code="completed"/>
        <effectiveTime value="20190901075620"/>
        <doseQuantity nullFlavor="UNK"/>
        <consumable>
          <manufacturedProduct classCode="MANU">
            <templateId root="2.16.840.1.113883.10.20.22.4.54"/>
            <!-- Product template -->
            <manufacturedMaterial>
        <code  code="49" codeSystem="2.16.840.1.113883.12.292" displayName="Hib (PRP-OMP)">
          <originalText><reference value="#immunizations-desc-3"/></originalText>
          <translation code="49" codeSystem="2.16.840.1.113883.12.292" displayName="Hib (PRP-OMP)"/>
        </code>
              <name>Hib (PRP-OMP)</name>
            </manufacturedMaterial>
          </manufacturedProduct>
        </consumable>
      </substanceAdministration>
    </entry>
    <entry typeCode="DRIV">
      <substanceAdministration classCode="SBADM" moodCode="EVN" negationInd="false">
        <templateId root="2.16.840.1.113883.10.20.22.4.52"/>
        <!-- Medication activity template -->
        <id root="c8468df0-dd99-47c9-9ce8-a023477974c7"/>
        <code code='IMMUNIZ' codeSystem='2.16.840.1.113883.5.4' codeSystemName='ActCode'/>
        <text>
          <reference value="#immunizations-desc-4"/>
        </text>
        <statusCode code="completed"/>
        <effectiveTime value="20190901075620"/>
        <doseQuantity nullFlavor="UNK"/>
        <consumable>
          <manufacturedProduct classCode="MANU">
            <templateId root="2.16.840.1.113883.10.20.22.4.54"/>
            <!-- Product template -->
            <manufacturedMaterial>
        <code  code="119" codeSystem="2.16.840.1.113883.12.292" displayName="rotavirus, monovalent">
          <originalText><reference value="#immunizations-desc-4"/></originalText>
          <translation code="119" codeSystem="2.16.840.1.113883.12.292" displayName="rotavirus, monovalent"/>
        </code>
              <name>rotavirus, monovalent</name>
            </manufacturedMaterial>
          </manufacturedProduct>
        </consumable>
      </substanceAdministration>
    </entry>
    <entry typeCode="DRIV">
      <substanceAdministration classCode="SBADM" moodCode="EVN" negationInd="false">
        <templateId root="2.16.840.1.113883.10.20.22.4.52"/>
        <!-- Medication activity template -->
        <id root="551591bc-4677-480e-8b3b-46a8007babc0"/>
        <code code='IMMUNIZ' codeSystem='2.16.840.1.113883.5.4' codeSystemName='ActCode'/>
        <text>
          <reference value="#immunizations-desc-5"/>
        </text>
        <statusCode code="completed"/>
        <effectiveTime value="20190901075620"/>
        <doseQuantity nullFlavor="UNK"/>
        <consumable>
          <manufacturedProduct classCode="MANU">
            <templateId root="2.16.840.1.113883.10.20.22.4.54"/>
            <!-- Product template -->
            <manufacturedMaterial>
        <code  code="10" codeSystem="2.16.840.1.113883.12.292" displayName="IPV">
          <originalText><reference value="#immunizations-desc-5"/></originalText>
          <translation code="10" codeSystem="2.16.840.1.113883.12.292" displayName="IPV"/>
        </code>
              <name>IPV</name>
            </manufacturedMaterial>
          </manufacturedProduct>
        </consumable>
      </substanceAdministration>
    </entry>
    <entry typeCode="DRIV">
      <substanceAdministration classCode="SBADM" moodCode="EVN" negationInd="false">
        <templateId root="2.16.840.1.113883.10.20.22.4.52"/>
        <!-- Medication activity template -->
        <id root="eeef8825-b8c3-44f0-95b8-d6401d482014"/>
        <code code='IMMUNIZ' codeSystem='2.16.840.1.113883.5.4' codeSystemName='ActCode'/>
        <text>
          <reference value="#immunizations-desc-6"/>
        </text>
        <statusCode code="completed"/>
        <effectiveTime value="20190901075620"/>
        <doseQuantity nullFlavor="UNK"/>
        <consumable>
          <manufacturedProduct classCode="MANU">
            <templateId root="2.16.840.1.113883.10.20.22.4.54"/>
            <!-- Product template -->
            <manufacturedMaterial>
        <code  code="20" codeSystem="2.16.840.1.113883.12.292" displayName="DTaP">
          <originalText><reference value="#immunizations-desc-6"/></originalText>
          <translation code="20" codeSystem="2.16.840.1.113883.12.292" displayName="DTaP"/>
        </code>
              <name>DTaP</name>
            </manufacturedMaterial>
          </manufacturedProduct>
        </consumable>
      </substanceAdministration>
    </entry>
    <entry typeCode="DRIV">
      <substanceAdministration classCode="SBADM" moodCode="EVN" negationInd="false">
        <templateId root="2.16.840.1.113883.10.20.22.4.52"/>
        <!-- Medication activity template -->
        <id root="522eef97-7fec-4fa1-bb00-e1101b7303bf"/>
        <code code='IMMUNIZ' codeSystem='2.16.840.1.113883.5.4' codeSystemName='ActCode'/>
        <text>
          <reference value="#immunizations-desc-7"/>
        </text>
        <statusCode code="completed"/>
        <effectiveTime value="20190901075620"/>
        <doseQuantity nullFlavor="UNK"/>
        <consumable>
          <manufacturedProduct classCode="MANU">
            <templateId root="2.16.840.1.113883.10.20.22.4.54"/>
            <!-- Product template -->
            <manufacturedMaterial>
        <code  code="133" codeSystem="2.16.840.1.113883.12.292" displayName="Pneumococcal conjugate PCV 13">
          <originalText><reference value="#immunizations-desc-7"/></originalText>
          <translation code="133" codeSystem="2.16.840.1.113883.12.292" displayName="Pneumococcal conjugate PCV 13"/>
        </code>
              <name>Pneumococcal conjugate PCV 13</name>
            </manufacturedMaterial>
          </manufacturedProduct>
        </consumable>
      </substanceAdministration>
    </entry>
  </section>
</component>
<component>
  <!-- Imaging Studies: patient has no imaging studies -->
  <section nullFlavor="NI">
    <templateId root="2.16.840.1.113883.10.20.22.1.5"/>
    <code code="18748-4" codeSystem="2.16.840.1.113883.6.1" codeSystemName="LOINC" displayName="Diagnostic Imaging Report"/>
    <title>Imaging Studies</title>
    <text>There are no current imaging studies at the time of this document's creation.</text>
  </section>
</component>
<component>
  <!--Social History - CCDA-->
  <section>
    <templateId root="2.16.840.1.113883.10.20.22.2.17" extension="2015-08-01"/>
    <!-- Social history section template -->
    <code code="29762-2" codeSystem="2.16.840.1.113883.6.1"/>
    <title>Social History</title>
    <text>There is no current social history at the time of this document's creation.</text>
  </section>
</component>
    </structuredBody>
  </component>
</ClinicalDocument>

