<?xml version="1.0" encoding="UTF-8"?>
<ClinicalDocument xmlns="urn:hl7-org:v3" xmlns:sdtc="urn:hl7-org:sdtc" xmlns:xsi="http://www.w3.org/2001/XMLSchema-instance" xsi:schemaLocation="urn:hl7-org:v3 http://xreg2.nist.gov:8080/hitspValidation/schema/cdar2c32/infrastructure/cda/C32_CDA.xsd">
  <realmCode code="US"/>
  <typeId root="2.16.840.1.113883.1.3" extension="POCD_HD000040"/>
  <templateId root="2.16.840.1.113883.10.20.22.1.1" extension="2015-08-01"/>
  <templateId root="2.16.840.1.113883.10.20.22.1.2" extension="2015-08-01"/>
  <id root="2.16.840.1.113883.19.5" extension="29707cd0-3ff2-4656-9c8b-fe298fe98a24" assigningAuthorityName="https://github.com/synthetichealth/synthea"/>
  <code code="34133-9" displayName="Summarization of episode note" codeSystem="2.16.840.1.113883.6.1" codeSystemName="LOINC"/>
  <title>C-CDA R2.1 Patient Record: Darrin898 McGlynn426</title>
  <effectiveTime value="20190923012926"/>
  <confidentialityCode code="N"/>
  <languageCode code="en-US"/>
  <recordTarget>
    <patientRole>
      <id root="2.16.840.1.113883.19.5" extension="29707cd0-3ff2-4656-9c8b-fe298fe98a24" assigningAuthorityName="https://github.com/synthetichealth/synthea"/>
      <addr use="HP">
        <streetAddressLine>501 Rosenbaum Skyway</streetAddressLine>
        <city>Scituate</city>
        <state>Massachusetts</state>
        <postalCode>02066</postalCode>
      </addr>
      <telecom nullFlavor="NI"/>
      <patient>
        <name>
          <given>Darrin898</given>
          <family>McGlynn426</family>
        </name>
        <administrativeGenderCode code="M" codeSystem="2.16.840.1.113883.5.1" codeSystemName="HL7 AdministrativeGender"/>
        <birthTime value="19900528012926"/>
        <raceCode code="2106-3" displayName="white" codeSystemName="CDC Race and Ethnicity" codeSystem="2.16.840.1.113883.6.238"/>
        <ethnicGroupCode code="2186-5" displayName="non-hispanic" codeSystemName="CDC Race and Ethnicity" codeSystem="2.16.840.1.113883.6.238"/>
        <languageCommunication>
          <languageCode code="en-US"/>
        </languageCommunication>
      </patient>
    </patientRole>
  </recordTarget>
  <author>
    <time value="20190923012926"/>
    <assignedAuthor>
      <id nullFlavor="NA"/>
      <addr nullFlavor="NA" />
      <telecom nullFlavor="NA" />
      <assignedAuthoringDevice>
        <manufacturerModelName>https://github.com/synthetichealth/synthea</manufacturerModelName>
        <softwareName>https://github.com/synthetichealth/synthea</softwareName>
      </assignedAuthoringDevice>
      <representedOrganization>
        <id nullFlavor="NA"/>
        <name>PCP28807</name>
        <telecom nullFlavor="NA"/>
        <addr>
          <streetAddressLine>223 CHIEF JUSTICE CUSHING HWY</streetAddressLine>
          <city>COHASSET</city>
          <state>MA</state>
          <postalCode>02025-1416</postalCode>
        </addr>
      </representedOrganization>
    </assignedAuthor>
  </author>
  <custodian>
    <assignedCustodian>
      <representedCustodianOrganization>
        <id nullFlavor="NA"/>
        <name>PCP28807</name>
        <telecom nullFlavor="NA"/>
        <addr>
          <streetAddressLine>223 CHIEF JUSTICE CUSHING HWY</streetAddressLine>
          <city>COHASSET</city>
          <state>MA</state>
          <postalCode>02025-1416</postalCode>
        </addr>
      </representedCustodianOrganization>
    </assignedCustodian>
  </custodian>
  <documentationOf>
    <serviceEvent classCode="PCPR">
      <effectiveTime>
        <low value="19900528012926"/>
        <high value="20190923012926"/>
      </effectiveTime>
    </serviceEvent>
  </documentationOf>
  <component>
    <structuredBody>
<component>
  <!-- Allergies: patient has no allergies -->
  <section nullFlavor="NI">
    <templateId root="2.16.840.1.113883.10.20.22.2.6.1" extension="2015-08-01"/>
    <code code="48765-2" codeSystem="2.16.840.1.113883.6.1" codeSystemName="LOINC" displayName="Allergy List"/>
    <title>Allergies</title>                
    <text>There are no current allergies at the time of this document's creation.</text>
  </section>
</component><component>
  <!-- Medications: patient has no medications -->
  <section nullFlavor="NI">
		<templateId root="2.16.840.1.113883.10.20.22.2.1.1" extension="2014-06-09"/>
    <code code="10160-0" codeSystem="2.16.840.1.113883.6.1" codeSystemName="LOINC" displayName="History of medication use"/>
    <title>Medications</title>
    <text>There are no current medications at the time of this document's creation.</text>
  </section>
</component><component>
  <!--Diagnostic Results-->
  <section>
    <templateId root="2.16.840.1.113883.10.20.22.2.3.1" extension="2015-08-01"/>
    <!--Diagnostic Results section template-->
    <code code="30954-2" codeSystem="2.16.840.1.113883.6.1" codeSystemName="LOINC" displayName="Results"/>
    <title>Diagnostic Results</title>
<text>
  <table border="1" width="100%">
    <thead>
      <tr>
        <th>Start</th>
        <th>Stop</th>
        <th>Description</th>
        <th>Code</th>
      </tr>
    </thead>
    <tbody>
        <tr>
          <td>2012-07-30T01:29:26-04:00</td>
          <td></td>
          <td ID="reports-desc-1">Complete blood count (hemogram) panel - Blood by Automated count</td>
          <td ID="reports-code-1">LOINC 58410-2</td>
        </tr>
        <tr>
          <td>2018-08-06T01:29:26-04:00</td>
          <td></td>
          <td ID="reports-desc-2">Complete blood count (hemogram) panel - Blood by Automated count</td>
          <td ID="reports-code-2">LOINC 58410-2</td>
        </tr>
    </tbody>
  </table>
</text>
    <entry typeCode="DRIV">
      <organizer classCode="BATTERY" moodCode="EVN">
        <templateId root="2.16.840.1.113883.10.20.22.4.1" extension="2015-08-01"/>
        <!--Result organizer template -->
        <id root="f355e0d6-9bb2-455d-93dc-adec38bbf7f0"/>
        <code nullFlavor="NA"/>
        <statusCode code="completed"/>
        <effectiveTime>
          <low value="20120730012926"/>
          <high value="20120730012926"/>
        </effectiveTime>
        <component>
          <observation classCode="OBS" moodCode="EVN">
          <templateId root="2.16.840.1.113883.10.20.22.4.2" extension="2015-08-01"/>
            <id root="cb0b37f8-7d41-4759-a9dd-4b0fd699df4e"/>
        <code  code="6690-2" codeSystem="2.16.840.1.113883.6.1" displayName="Leukocytes [#/volume] in Blood by Automated count">
          <originalText><reference value="#reports-desc-1"/></originalText>
          <translation code="6690-2" codeSystem="2.16.840.1.113883.6.1" displayName="Leukocytes [#/volume] in Blood by Automated count"/>
        </code>
            <text>
              <reference value="#reports-desc-1"/>
            </text>
            <statusCode code="completed"/>
            <effectiveTime value="20120730012926"/>
            <value xsi:type="PQ" value="9.929202424319548" unit="10*3/uL"/>
          </observation>
        </component>
        <component>
          <observation classCode="OBS" moodCode="EVN">
          <templateId root="2.16.840.1.113883.10.20.22.4.2" extension="2015-08-01"/>
            <id root="96035ba1-10c2-4176-8237-f15d750ac40f"/>
        <code  code="789-8" codeSystem="2.16.840.1.113883.6.1" displayName="Erythrocytes [#/volume] in Blood by Automated count">
          <originalText><reference value="#reports-desc-1"/></originalText>
          <translation code="789-8" codeSystem="2.16.840.1.113883.6.1" displayName="Erythrocytes [#/volume] in Blood by Automated count"/>
        </code>
            <text>
              <reference value="#reports-desc-1"/>
            </text>
            <statusCode code="completed"/>
            <effectiveTime value="20120730012926"/>
            <value xsi:type="PQ" value="4.83907688324886" unit="10*6/uL"/>
          </observation>
        </component>
        <component>
          <observation classCode="OBS" moodCode="EVN">
          <templateId root="2.16.840.1.113883.10.20.22.4.2" extension="2015-08-01"/>
            <id root="5a1a11fb-4153-4b0f-aa75-d4880bef667e"/>
        <code  code="718-7" codeSystem="2.16.840.1.113883.6.1" displayName="Hemoglobin [Mass/volume] in Blood">
          <originalText><reference value="#reports-desc-1"/></originalText>
          <translation code="718-7" codeSystem="2.16.840.1.113883.6.1" displayName="Hemoglobin [Mass/volume] in Blood"/>
        </code>
            <text>
              <reference value="#reports-desc-1"/>
            </text>
            <statusCode code="completed"/>
            <effectiveTime value="20120730012926"/>
            <value xsi:type="PQ" value="13.124927825173998" unit="g/dL"/>
          </observation>
        </component>
        <component>
          <observation classCode="OBS" moodCode="EVN">
          <templateId root="2.16.840.1.113883.10.20.22.4.2" extension="2015-08-01"/>
            <id root="c271c8e8-8801-40d4-b96f-ef8fbc266826"/>
        <code  code="4544-3" codeSystem="2.16.840.1.113883.6.1" displayName="Hematocrit [Volume Fraction] of Blood by Automated count">
          <originalText><reference value="#reports-desc-1"/></originalText>
          <translation code="4544-3" codeSystem="2.16.840.1.113883.6.1" displayName="Hematocrit [Volume Fraction] of Blood by Automated count"/>
        </code>
            <text>
              <reference value="#reports-desc-1"/>
            </text>
            <statusCode code="completed"/>
            <effectiveTime value="20120730012926"/>
            <value xsi:type="PQ" value="47.26299421680035" unit="%"/>
          </observation>
        </component>
        <component>
          <observation classCode="OBS" moodCode="EVN">
          <templateId root="2.16.840.1.113883.10.20.22.4.2" extension="2015-08-01"/>
            <id root="a25d540b-edd8-49f1-be3c-1ebe59e4902a"/>
        <code  code="787-2" codeSystem="2.16.840.1.113883.6.1" displayName="MCV [Entitic volume] by Automated count">
          <originalText><reference value="#reports-desc-1"/></originalText>
          <translation code="787-2" codeSystem="2.16.840.1.113883.6.1" displayName="MCV [Entitic volume] by Automated count"/>
        </code>
            <text>
              <reference value="#reports-desc-1"/>
            </text>
            <statusCode code="completed"/>
            <effectiveTime value="20120730012926"/>
            <value xsi:type="PQ" value="94.72174027206955" unit="fL"/>
          </observation>
        </component>
        <component>
          <observation classCode="OBS" moodCode="EVN">
          <templateId root="2.16.840.1.113883.10.20.22.4.2" extension="2015-08-01"/>
            <id root="093f9a58-bee8-4620-8423-6c12f4d8fcde"/>
        <code  code="785-6" codeSystem="2.16.840.1.113883.6.1" displayName="MCH [Entitic mass] by Automated count">
          <originalText><reference value="#reports-desc-1"/></originalText>
          <translation code="785-6" codeSystem="2.16.840.1.113883.6.1" displayName="MCH [Entitic mass] by Automated count"/>
        </code>
            <text>
              <reference value="#reports-desc-1"/>
            </text>
            <statusCode code="completed"/>
            <effectiveTime value="20120730012926"/>
            <value xsi:type="PQ" value="30.103006686098055" unit="pg"/>
          </observation>
        </component>
        <component>
          <observation classCode="OBS" moodCode="EVN">
          <templateId root="2.16.840.1.113883.10.20.22.4.2" extension="2015-08-01"/>
            <id root="c491160d-96fb-4064-949b-60a3502e3be3"/>
        <code  code="786-4" codeSystem="2.16.840.1.113883.6.1" displayName="MCHC [Mass/volume] by Automated count">
          <originalText><reference value="#reports-desc-1"/></originalText>
          <translation code="786-4" codeSystem="2.16.840.1.113883.6.1" displayName="MCHC [Mass/volume] by Automated count"/>
        </code>
            <text>
              <reference value="#reports-desc-1"/>
            </text>
            <statusCode code="completed"/>
            <effectiveTime value="20120730012926"/>
            <value xsi:type="PQ" value="33.09415701229377" unit="g/dL"/>
          </observation>
        </component>
        <component>
          <observation classCode="OBS" moodCode="EVN">
          <templateId root="2.16.840.1.113883.10.20.22.4.2" extension="2015-08-01"/>
            <id root="7a2485a9-e120-4111-a411-0ae71f319862"/>
        <code  code="21000-5" codeSystem="2.16.840.1.113883.6.1" displayName="Erythrocyte distribution width [Entitic volume] by Automated count">
          <originalText><reference value="#reports-desc-1"/></originalText>
          <translation code="21000-5" codeSystem="2.16.840.1.113883.6.1" displayName="Erythrocyte distribution width [Entitic volume] by Automated count"/>
        </code>
            <text>
              <reference value="#reports-desc-1"/>
            </text>
            <statusCode code="completed"/>
            <effectiveTime value="20120730012926"/>
            <value xsi:type="PQ" value="43.84958424827369" unit="fL"/>
          </observation>
        </component>
        <component>
          <observation classCode="OBS" moodCode="EVN">
          <templateId root="2.16.840.1.113883.10.20.22.4.2" extension="2015-08-01"/>
            <id root="09b5dd34-3f0b-4849-ac84-f69e27ea8062"/>
        <code  code="777-3" codeSystem="2.16.840.1.113883.6.1" displayName="Platelets [#/volume] in Blood by Automated count">
          <originalText><reference value="#reports-desc-1"/></originalText>
          <translation code="777-3" codeSystem="2.16.840.1.113883.6.1" displayName="Platelets [#/volume] in Blood by Automated count"/>
        </code>
            <text>
              <reference value="#reports-desc-1"/>
            </text>
            <statusCode code="completed"/>
            <effectiveTime value="20120730012926"/>
            <value xsi:type="PQ" value="398.6488837467738" unit="10*3/uL"/>
          </observation>
        </component>
        <component>
          <observation classCode="OBS" moodCode="EVN">
          <templateId root="2.16.840.1.113883.10.20.22.4.2" extension="2015-08-01"/>
            <id root="94e4a14b-e2c9-49f8-b05a-f01b2dd4783a"/>
        <code  code="32207-3" codeSystem="2.16.840.1.113883.6.1" displayName="Platelet distribution width [Entitic volume] in Blood by Automated count">
          <originalText><reference value="#reports-desc-1"/></originalText>
          <translation code="32207-3" codeSystem="2.16.840.1.113883.6.1" displayName="Platelet distribution width [Entitic volume] in Blood by Automated count"/>
        </code>
            <text>
              <reference value="#reports-desc-1"/>
            </text>
            <statusCode code="completed"/>
            <effectiveTime value="20120730012926"/>
            <value xsi:type="PQ" value="415.2078368593014" unit="fL"/>
          </observation>
        </component>
        <component>
          <observation classCode="OBS" moodCode="EVN">
          <templateId root="2.16.840.1.113883.10.20.22.4.2" extension="2015-08-01"/>
            <id root="6ba9d96f-40d3-46a8-b628-3854d1093a1c"/>
        <code  code="32623-1" codeSystem="2.16.840.1.113883.6.1" displayName="Platelet mean volume [Entitic volume] in Blood by Automated count">
          <originalText><reference value="#reports-desc-1"/></originalText>
          <translation code="32623-1" codeSystem="2.16.840.1.113883.6.1" displayName="Platelet mean volume [Entitic volume] in Blood by Automated count"/>
        </code>
            <text>
              <reference value="#reports-desc-1"/>
            </text>
            <statusCode code="completed"/>
            <effectiveTime value="20120730012926"/>
            <value xsi:type="PQ" value="12.008379291853213" unit="fL"/>
          </observation>
        </component>
      </organizer>
    </entry>
    <entry typeCode="DRIV">
      <organizer classCode="BATTERY" moodCode="EVN">
        <templateId root="2.16.840.1.113883.10.20.22.4.1" extension="2015-08-01"/>
        <!--Result organizer template -->
        <id root="de803f64-1d73-4038-a405-34d03c93a924"/>
        <code nullFlavor="NA"/>
        <statusCode code="completed"/>
        <effectiveTime>
          <low value="20180806012926"/>
          <high value="20180806012926"/>
        </effectiveTime>
        <component>
          <observation classCode="OBS" moodCode="EVN">
          <templateId root="2.16.840.1.113883.10.20.22.4.2" extension="2015-08-01"/>
            <id root="38a644c0-7fcf-4f05-a762-072c5f107b73"/>
        <code  code="6690-2" codeSystem="2.16.840.1.113883.6.1" displayName="Leukocytes [#/volume] in Blood by Automated count">
          <originalText><reference value="#reports-desc-2"/></originalText>
          <translation code="6690-2" codeSystem="2.16.840.1.113883.6.1" displayName="Leukocytes [#/volume] in Blood by Automated count"/>
        </code>
            <text>
              <reference value="#reports-desc-2"/>
            </text>
            <statusCode code="completed"/>
            <effectiveTime value="20180806012926"/>
            <value xsi:type="PQ" value="4.244385529825539" unit="10*3/uL"/>
          </observation>
        </component>
        <component>
          <observation classCode="OBS" moodCode="EVN">
          <templateId root="2.16.840.1.113883.10.20.22.4.2" extension="2015-08-01"/>
            <id root="83eb46a3-1da4-4394-80d1-a554e0ae57f2"/>
        <code  code="789-8" codeSystem="2.16.840.1.113883.6.1" displayName="Erythrocytes [#/volume] in Blood by Automated count">
          <originalText><reference value="#reports-desc-2"/></originalText>
          <translation code="789-8" codeSystem="2.16.840.1.113883.6.1" displayName="Erythrocytes [#/volume] in Blood by Automated count"/>
        </code>
            <text>
              <reference value="#reports-desc-2"/>
            </text>
            <statusCode code="completed"/>
            <effectiveTime value="20180806012926"/>
            <value xsi:type="PQ" value="4.531659229958781" unit="10*6/uL"/>
          </observation>
        </component>
        <component>
          <observation classCode="OBS" moodCode="EVN">
          <templateId root="2.16.840.1.113883.10.20.22.4.2" extension="2015-08-01"/>
            <id root="e2fa8843-b1c5-4e98-bb77-cab73de082ca"/>
        <code  code="718-7" codeSystem="2.16.840.1.113883.6.1" displayName="Hemoglobin [Mass/volume] in Blood">
          <originalText><reference value="#reports-desc-2"/></originalText>
          <translation code="718-7" codeSystem="2.16.840.1.113883.6.1" displayName="Hemoglobin [Mass/volume] in Blood"/>
        </code>
            <text>
              <reference value="#reports-desc-2"/>
            </text>
            <statusCode code="completed"/>
            <effectiveTime value="20180806012926"/>
            <value xsi:type="PQ" value="16.38725875075854" unit="g/dL"/>
          </observation>
        </component>
        <component>
          <observation classCode="OBS" moodCode="EVN">
          <templateId root="2.16.840.1.113883.10.20.22.4.2" extension="2015-08-01"/>
            <id root="42a11c4e-51d0-4a4c-ab65-c279763d3b8b"/>
        <code  code="4544-3" codeSystem="2.16.840.1.113883.6.1" displayName="Hematocrit [Volume Fraction] of Blood by Automated count">
          <originalText><reference value="#reports-desc-2"/></originalText>
          <translation code="4544-3" codeSystem="2.16.840.1.113883.6.1" displayName="Hematocrit [Volume Fraction] of Blood by Automated count"/>
        </code>
            <text>
              <reference value="#reports-desc-2"/>
            </text>
            <statusCode code="completed"/>
            <effectiveTime value="20180806012926"/>
            <value xsi:type="PQ" value="41.76213650534234" unit="%"/>
          </observation>
        </component>
        <component>
          <observation classCode="OBS" moodCode="EVN">
          <templateId root="2.16.840.1.113883.10.20.22.4.2" extension="2015-08-01"/>
            <id root="5592ec94-b38a-452a-a654-08008cb019b6"/>
        <code  code="787-2" codeSystem="2.16.840.1.113883.6.1" displayName="MCV [Entitic volume] by Automated count">
          <originalText><reference value="#reports-desc-2"/></originalText>
          <translation code="787-2" codeSystem="2.16.840.1.113883.6.1" displayName="MCV [Entitic volume] by Automated count"/>
        </code>
            <text>
              <reference value="#reports-desc-2"/>
            </text>
            <statusCode code="completed"/>
            <effectiveTime value="20180806012926"/>
            <value xsi:type="PQ" value="85.04708112922758" unit="fL"/>
          </observation>
        </component>
        <component>
          <observation classCode="OBS" moodCode="EVN">
          <templateId root="2.16.840.1.113883.10.20.22.4.2" extension="2015-08-01"/>
            <id root="6c05eecf-6dea-4730-bf05-16eeebb86fd6"/>
        <code  code="785-6" codeSystem="2.16.840.1.113883.6.1" displayName="MCH [Entitic mass] by Automated count">
          <originalText><reference value="#reports-desc-2"/></originalText>
          <translation code="785-6" codeSystem="2.16.840.1.113883.6.1" displayName="MCH [Entitic mass] by Automated count"/>
        </code>
            <text>
              <reference value="#reports-desc-2"/>
            </text>
            <statusCode code="completed"/>
            <effectiveTime value="20180806012926"/>
            <value xsi:type="PQ" value="27.685972129656076" unit="pg"/>
          </observation>
        </component>
        <component>
          <observation classCode="OBS" moodCode="EVN">
          <templateId root="2.16.840.1.113883.10.20.22.4.2" extension="2015-08-01"/>
            <id root="481160e4-f8e3-4925-a295-e23417b450f5"/>
        <code  code="786-4" codeSystem="2.16.840.1.113883.6.1" displayName="MCHC [Mass/volume] by Automated count">
          <originalText><reference value="#reports-desc-2"/></originalText>
          <translation code="786-4" codeSystem="2.16.840.1.113883.6.1" displayName="MCHC [Mass/volume] by Automated count"/>
        </code>
            <text>
              <reference value="#reports-desc-2"/>
            </text>
            <statusCode code="completed"/>
            <effectiveTime value="20180806012926"/>
            <value xsi:type="PQ" value="34.10942972872635" unit="g/dL"/>
          </observation>
        </component>
        <component>
          <observation classCode="OBS" moodCode="EVN">
          <templateId root="2.16.840.1.113883.10.20.22.4.2" extension="2015-08-01"/>
            <id root="01d2480c-bdae-4102-9987-ded8d5601c7e"/>
        <code  code="21000-5" codeSystem="2.16.840.1.113883.6.1" displayName="Erythrocyte distribution width [Entitic volume] by Automated count">
          <originalText><reference value="#reports-desc-2"/></originalText>
          <translation code="21000-5" codeSystem="2.16.840.1.113883.6.1" displayName="Erythrocyte distribution width [Entitic volume] by Automated count"/>
        </code>
            <text>
              <reference value="#reports-desc-2"/>
            </text>
            <statusCode code="completed"/>
            <effectiveTime value="20180806012926"/>
            <value xsi:type="PQ" value="43.58595376821119" unit="fL"/>
          </observation>
        </component>
        <component>
          <observation classCode="OBS" moodCode="EVN">
          <templateId root="2.16.840.1.113883.10.20.22.4.2" extension="2015-08-01"/>
            <id root="3c442d84-f6b7-4eac-97cf-c5028194ec44"/>
        <code  code="777-3" codeSystem="2.16.840.1.113883.6.1" displayName="Platelets [#/volume] in Blood by Automated count">
          <originalText><reference value="#reports-desc-2"/></originalText>
          <translation code="777-3" codeSystem="2.16.840.1.113883.6.1" displayName="Platelets [#/volume] in Blood by Automated count"/>
        </code>
            <text>
              <reference value="#reports-desc-2"/>
            </text>
            <statusCode code="completed"/>
            <effectiveTime value="20180806012926"/>
            <value xsi:type="PQ" value="432.8652040438122" unit="10*3/uL"/>
          </observation>
        </component>
        <component>
          <observation classCode="OBS" moodCode="EVN">
          <templateId root="2.16.840.1.113883.10.20.22.4.2" extension="2015-08-01"/>
            <id root="cd962132-d282-4225-99b7-4d9bb0b29a3d"/>
        <code  code="32207-3" codeSystem="2.16.840.1.113883.6.1" displayName="Platelet distribution width [Entitic volume] in Blood by Automated count">
          <originalText><reference value="#reports-desc-2"/></originalText>
          <translation code="32207-3" codeSystem="2.16.840.1.113883.6.1" displayName="Platelet distribution width [Entitic volume] in Blood by Automated count"/>
        </code>
            <text>
              <reference value="#reports-desc-2"/>
            </text>
            <statusCode code="completed"/>
            <effectiveTime value="20180806012926"/>
            <value xsi:type="PQ" value="317.8345119805223" unit="fL"/>
          </observation>
        </component>
        <component>
          <observation classCode="OBS" moodCode="EVN">
          <templateId root="2.16.840.1.113883.10.20.22.4.2" extension="2015-08-01"/>
            <id root="d503ab65-14ac-42c2-96ae-8838ee027c76"/>
        <code  code="32623-1" codeSystem="2.16.840.1.113883.6.1" displayName="Platelet mean volume [Entitic volume] in Blood by Automated count">
          <originalText><reference value="#reports-desc-2"/></originalText>
          <translation code="32623-1" codeSystem="2.16.840.1.113883.6.1" displayName="Platelet mean volume [Entitic volume] in Blood by Automated count"/>
        </code>
            <text>
              <reference value="#reports-desc-2"/>
            </text>
            <statusCode code="completed"/>
            <effectiveTime value="20180806012926"/>
            <value xsi:type="PQ" value="10.116568454040635" unit="fL"/>
          </observation>
        </component>
      </organizer>
    </entry>
  </section>
</component>
<component>
  <!--Problems-->
  <section>
    <templateId root="2.16.840.1.113883.10.20.22.2.5.1" extension="2015-08-01"/>
    <!--Problems section template-->
    <code code="11450-4" codeSystem="2.16.840.1.113883.6.1" codeSystemName="LOINC" displayName="Problem list"/>
    <title>Problems</title>
<text>
  <table border="1" width="100%">
    <thead>
      <tr>
        <th>Start</th>
        <th>Stop</th>
        <th>Description</th>
        <th>Code</th>
      </tr>
    </thead>
    <tbody>
        <tr>
          <td>2016-05-22T01:29:26-04:00</td>
          <td>2016-06-12T01:29:26-04:00</td>
          <td ID="conditions-desc-1">Viral sinusitis (disorder)</td>
          <td ID="conditions-code-1">SNOMED-CT 444814009</td>
        </tr>
    </tbody>
  </table>
</text>
    <entry typeCode="DRIV">
      <act classCode="ACT" moodCode="EVN">
        <templateId root="2.16.840.1.113883.10.20.22.4.3" extension="2015-08-01"/>
        <!-- Problem act template -->
        <id root="e3c8d792-638f-423e-b97a-5113d1694bdb"/>
        <code nullFlavor="NA"/>
        <statusCode code="completed"/>
        <effectiveTime>
          <low value="20160522012926"/>
          <high value="20160612012926"/>
        </effectiveTime>
        <entryRelationship typeCode="SUBJ" inversionInd="false">
          <observation classCode="OBS" moodCode="EVN">
            <templateId root="2.16.840.1.113883.10.20.22.4.4" extension="2015-08-01"/>
            <!--Problem observation template - NOT episode template-->
            <id root="e76e0e29-b120-4d5f-bf4c-d6932a03a384"/>
            <code code="64572001" displayName="Condition" codeSystem="2.16.840.1.113883.6.96" codeSystemName="SNOMED-CT">
              <translation code="75323-6" displayName="Condition" codeSystem="2.16.840.1.113883.6.1" codeSystemName="LOINC"/>
            </code>
            <text>
              <reference value="#conditions-desc-1"/>
            </text>
            <statusCode code="completed"/>
            <effectiveTime>
              <low value="20160522012926"/>
              <high value="20160612012926"/>
            </effectiveTime>
            <priorityCode code="8319008" codeSystem="2.16.840.1.113883.6.96" displayName="Principal diagnosis" />
        <value xsi:type="CD" code="444814009" codeSystem="2.16.840.1.113883.6.96" displayName="Viral sinusitis (disorder)">
          <originalText><reference value="#conditions-desc-1"/></originalText>
          <translation code="444814009" codeSystem="2.16.840.1.113883.6.96" displayName="Viral sinusitis (disorder)"/>
        </value>
          </observation>
        </entryRelationship>
      </act>
    </entry>
  </section>
</component>
<component>
  <!--Surgeries-->
  <section>
    <templateId root="2.16.840.1.113883.10.20.22.2.7.1" extension="2014-06-09"/>
    <!--Surgeries section template-->
    <code code="47519-4" codeSystem="2.16.840.1.113883.6.1" codeSystemName="LOINC" displayName="List of surgeries"/>
    <title>Surgeries</title>
<text>
  <table border="1" width="100%">
    <thead>
      <tr>
        <th>Start</th>
        <th>Stop</th>
        <th>Description</th>
        <th>Code</th>
      </tr>
    </thead>
    <tbody>
        <tr>
          <td>2012-07-30T01:29:26-04:00</td>
          <td>2012-07-30T01:44:26-04:00</td>
          <td ID="procedures-desc-1">Medication Reconciliation (procedure)</td>
          <td ID="procedures-code-1">SNOMED-CT 430193006</td>
        </tr>
        <tr>
          <td>2015-08-03T01:29:26-04:00</td>
          <td>2015-08-03T01:44:26-04:00</td>
          <td ID="procedures-desc-2">Medication Reconciliation (procedure)</td>
          <td ID="procedures-code-2">SNOMED-CT 430193006</td>
        </tr>
    </tbody>
  </table>
</text>
    <entry typeCode="DRIV">
      <procedure classCode="PROC" moodCode="EVN">
        <templateId root="2.16.840.1.113883.10.20.22.4.14"/>
        <!-- Procedure activity template -->
        <id root="ee78d59d-614d-40f5-a258-4b903e9a8827"/>
        <code  code="430193006" codeSystem="2.16.840.1.113883.6.96" displayName="Medication Reconciliation (procedure)">
          <originalText><reference value="#procedures-desc-1"/></originalText>
          <translation code="430193006" codeSystem="2.16.840.1.113883.6.96" displayName="Medication Reconciliation (procedure)"/>
        </code>
        <text>
          <reference value="#procedures-desc-1"/>
        </text>
        <statusCode code="completed"/>
        <effectiveTime value="20120730012926"/>
      </procedure>
    </entry>
    <entry typeCode="DRIV">
      <procedure classCode="PROC" moodCode="EVN">
        <templateId root="2.16.840.1.113883.10.20.22.4.14"/>
        <!-- Procedure activity template -->
        <id root="89580bcf-f1d0-4d39-b7c4-f5a6263aa7b8"/>
        <code  code="430193006" codeSystem="2.16.840.1.113883.6.96" displayName="Medication Reconciliation (procedure)">
          <originalText><reference value="#procedures-desc-2"/></originalText>
          <translation code="430193006" codeSystem="2.16.840.1.113883.6.96" displayName="Medication Reconciliation (procedure)"/>
        </code>
        <text>
          <reference value="#procedures-desc-2"/>
        </text>
        <statusCode code="completed"/>
        <effectiveTime value="20150803012926"/>
      </procedure>
    </entry>
  </section>
</component>
<component>
  <!--Encounters-->
  <section>
    <templateId root="2.16.840.1.113883.10.20.22.2.22" extension="2015-08-01"/> <!-- CCDA Template id -->
    <!--Encounters section template-->
    <code code="46240-8" codeSystem="2.16.840.1.113883.6.1" codeSystemName="LOINC" displayName="History of encounters"/>
    <title>Encounters</title>
<text>
  <table border="1" width="100%">
    <thead>
      <tr>
        <th>Start</th>
        <th>Stop</th>
        <th>Description</th>
        <th>Code</th>
      </tr>
    </thead>
    <tbody>
        <tr>
          <td>2012-07-30T01:29:26-04:00</td>
          <td>2012-07-30T01:59:26-04:00</td>
          <td ID="encounters-desc-1">General examination of patient (procedure)</td>
          <td ID="encounters-code-1">SNOMED-CT 162673000</td>
        </tr>
        <tr>
          <td>2015-08-03T01:29:26-04:00</td>
          <td>2015-08-03T01:59:26-04:00</td>
          <td ID="encounters-desc-2">General examination of patient (procedure)</td>
          <td ID="encounters-code-2">SNOMED-CT 162673000</td>
        </tr>
        <tr>
          <td>2016-05-22T01:29:26-04:00</td>
          <td>2016-05-22T01:44:26-04:00</td>
          <td ID="encounters-desc-3">Encounter for symptom</td>
          <td ID="encounters-code-3">SNOMED-CT 185345009</td>
        </tr>
        <tr>
          <td>2018-08-06T01:29:26-04:00</td>
          <td>2018-08-06T01:44:26-04:00</td>
          <td ID="encounters-desc-4">General examination of patient (procedure)</td>
          <td ID="encounters-code-4">SNOMED-CT 162673000</td>
        </tr>
    </tbody>
  </table>
</text>
    <entry typeCode="DRIV">
      <encounter classCode="ENC" moodCode="EVN">
		    <templateId root="2.16.840.1.113883.10.20.22.4.49"/>
        <!-- Encounter activity template -->
        <id root="32605c38-da62-4169-8f9a-62ffa338588f"/>
        <code  code="162673000" codeSystem="2.16.840.1.113883.6.96" displayName="General examination of patient (procedure)">
          <originalText><reference value="#encounters-desc-1"/></originalText>
          <translation code="162673000" codeSystem="2.16.840.1.113883.6.96" displayName="General examination of patient (procedure)"/>
        </code>
        <text>
          <reference value="#encounters-desc-1"/>
        </text>
        <effectiveTime>
          <low value="20120730012926"/>
          <high value="20120730015926"/>
        </effectiveTime>
      </encounter>
    </entry>
    <entry typeCode="DRIV">
      <encounter classCode="ENC" moodCode="EVN">
		    <templateId root="2.16.840.1.113883.10.20.22.4.49"/>
        <!-- Encounter activity template -->
        <id root="b35e75dc-5144-4fba-98ca-494cc6886881"/>
        <code  code="162673000" codeSystem="2.16.840.1.113883.6.96" displayName="General examination of patient (procedure)">
          <originalText><reference value="#encounters-desc-2"/></originalText>
          <translation code="162673000" codeSystem="2.16.840.1.113883.6.96" displayName="General examination of patient (procedure)"/>
        </code>
        <text>
          <reference value="#encounters-desc-2"/>
        </text>
        <effectiveTime>
          <low value="20150803012926"/>
          <high value="20150803015926"/>
        </effectiveTime>
      </encounter>
    </entry>
    <entry typeCode="DRIV">
      <encounter classCode="ENC" moodCode="EVN">
		    <templateId root="2.16.840.1.113883.10.20.22.4.49"/>
        <!-- Encounter activity template -->
        <id root="a7de1631-0faa-41a1-9772-de73b7a8902c"/>
        <code  code="185345009" codeSystem="2.16.840.1.113883.6.96" displayName="Encounter for symptom">
          <originalText><reference value="#encounters-desc-3"/></originalText>
          <translation code="185345009" codeSystem="2.16.840.1.113883.6.96" displayName="Encounter for symptom"/>
        </code>
        <text>
          <reference value="#encounters-desc-3"/>
        </text>
        <effectiveTime>
          <low value="20160522012926"/>
          <high value="20160522014426"/>
        </effectiveTime>
      </encounter>
    </entry>
    <entry typeCode="DRIV">
      <encounter classCode="ENC" moodCode="EVN">
		    <templateId root="2.16.840.1.113883.10.20.22.4.49"/>
        <!-- Encounter activity template -->
        <id root="f390ea40-1671-4eec-8322-f5e688384a1e"/>
        <code  code="162673000" codeSystem="2.16.840.1.113883.6.96" displayName="General examination of patient (procedure)">
          <originalText><reference value="#encounters-desc-4"/></originalText>
          <translation code="162673000" codeSystem="2.16.840.1.113883.6.96" displayName="General examination of patient (procedure)"/>
        </code>
        <text>
          <reference value="#encounters-desc-4"/>
        </text>
        <effectiveTime>
          <low value="20180806012926"/>
          <high value="20180806014426"/>
        </effectiveTime>
      </encounter>
    </entry>
  </section>
</component>
<component>
  <!--Vital Signs-->
  <section>
    <templateId root="2.16.840.1.113883.10.20.22.2.4.1" extension="2015-08-01"/>
    <!--Vital Signs section template-->
    <code code="8716-3" codeSystem="2.16.840.1.113883.6.1" codeSystemName="LOINC" displayName="Vital signs"/>
    <title>Vital Signs</title>
<text>
  <table border="1" width="100%">
    <thead>
      <tr>
        <th>Start</th>
        <th>Stop</th>
        <th>Description</th>
        <th>Code</th>
        <th>Value</th>
      </tr>
    </thead>
    <tbody>
        <tr>
          <td>2012-07-30T01:29:26-04:00</td>
          <td></td>
          <td ID="observations-desc-1">Body Height</td>
          <td ID="observations-code-1">LOINC 8302-2</td>
          <td>178.55312134378886 cm</td>
        </tr>
        <tr>
          <td>2012-07-30T01:29:26-04:00</td>
          <td></td>
          <td ID="observations-desc-2">Pain severity - 0-10 verbal numeric rating [Score] - Reported</td>
          <td ID="observations-code-2">LOINC 72514-3</td>
          <td>0.3803362103905501 {score}</td>
        </tr>
        <tr>
          <td>2012-07-30T01:29:26-04:00</td>
          <td></td>
          <td ID="observations-desc-3">Body Weight</td>
          <td ID="observations-code-3">LOINC 29463-7</td>
          <td>66.22870922711289 kg</td>
        </tr>
        <tr>
          <td>2012-07-30T01:29:26-04:00</td>
          <td></td>
          <td ID="observations-desc-4">Body Mass Index</td>
          <td ID="observations-code-4">LOINC 39156-5</td>
          <td>20.77358243035033 kg/m2</td>
        </tr>
        <tr>
          <td>2012-07-30T01:29:26-04:00</td>
          <td></td>
          <td ID="observations-desc-5">Blood Pressure</td>
          <td ID="observations-code-5">LOINC 55284-4</td>
          <td>
          Diastolic Blood Pressure 75.88816403875653 mm[Hg]
          Systolic Blood Pressure 106.64271717344296 mm[Hg]
          </td>
        </tr>
        <tr>
          <td>2012-07-30T01:29:26-04:00</td>
          <td></td>
          <td ID="observations-desc-6">Leukocytes [#/volume] in Blood by Automated count</td>
          <td ID="observations-code-6">LOINC 6690-2</td>
          <td>9.929202424319548 10*3/uL</td>
        </tr>
        <tr>
          <td>2012-07-30T01:29:26-04:00</td>
          <td></td>
          <td ID="observations-desc-7">Erythrocytes [#/volume] in Blood by Automated count</td>
          <td ID="observations-code-7">LOINC 789-8</td>
          <td>4.83907688324886 10*6/uL</td>
        </tr>
        <tr>
          <td>2012-07-30T01:29:26-04:00</td>
          <td></td>
          <td ID="observations-desc-8">Hemoglobin [Mass/volume] in Blood</td>
          <td ID="observations-code-8">LOINC 718-7</td>
          <td>13.124927825173998 g/dL</td>
        </tr>
        <tr>
          <td>2012-07-30T01:29:26-04:00</td>
          <td></td>
          <td ID="observations-desc-9">Hematocrit [Volume Fraction] of Blood by Automated count</td>
          <td ID="observations-code-9">LOINC 4544-3</td>
          <td>47.26299421680035 %</td>
        </tr>
        <tr>
          <td>2012-07-30T01:29:26-04:00</td>
          <td></td>
          <td ID="observations-desc-10">MCV [Entitic volume] by Automated count</td>
          <td ID="observations-code-10">LOINC 787-2</td>
          <td>94.72174027206955 fL</td>
        </tr>
        <tr>
          <td>2012-07-30T01:29:26-04:00</td>
          <td></td>
          <td ID="observations-desc-11">MCH [Entitic mass] by Automated count</td>
          <td ID="observations-code-11">LOINC 785-6</td>
          <td>30.103006686098055 pg</td>
        </tr>
        <tr>
          <td>2012-07-30T01:29:26-04:00</td>
          <td></td>
          <td ID="observations-desc-12">MCHC [Mass/volume] by Automated count</td>
          <td ID="observations-code-12">LOINC 786-4</td>
          <td>33.09415701229377 g/dL</td>
        </tr>
        <tr>
          <td>2012-07-30T01:29:26-04:00</td>
          <td></td>
          <td ID="observations-desc-13">Erythrocyte distribution width [Entitic volume] by Automated count</td>
          <td ID="observations-code-13">LOINC 21000-5</td>
          <td>43.84958424827369 fL</td>
        </tr>
        <tr>
          <td>2012-07-30T01:29:26-04:00</td>
          <td></td>
          <td ID="observations-desc-14">Platelets [#/volume] in Blood by Automated count</td>
          <td ID="observations-code-14">LOINC 777-3</td>
          <td>398.6488837467738 10*3/uL</td>
        </tr>
        <tr>
          <td>2012-07-30T01:29:26-04:00</td>
          <td></td>
          <td ID="observations-desc-15">Platelet distribution width [Entitic volume] in Blood by Automated count</td>
          <td ID="observations-code-15">LOINC 32207-3</td>
          <td>415.2078368593014 fL</td>
        </tr>
        <tr>
          <td>2012-07-30T01:29:26-04:00</td>
          <td></td>
          <td ID="observations-desc-16">Platelet mean volume [Entitic volume] in Blood by Automated count</td>
          <td ID="observations-code-16">LOINC 32623-1</td>
          <td>12.008379291853213 fL</td>
        </tr>
        <tr>
          <td>2012-07-30T01:29:26-04:00</td>
          <td></td>
          <td ID="observations-desc-17">Tobacco smoking status NHIS</td>
          <td ID="observations-code-17">LOINC 72166-2</td>
          <td>SNOMED-CT 8517006 Former smoker </td>
        </tr>
        <tr>
          <td>2015-08-03T01:29:26-04:00</td>
          <td></td>
          <td ID="observations-desc-18">Body Height</td>
          <td ID="observations-code-18">LOINC 8302-2</td>
          <td>178.55312134378886 cm</td>
        </tr>
        <tr>
          <td>2015-08-03T01:29:26-04:00</td>
          <td></td>
          <td ID="observations-desc-19">Pain severity - 0-10 verbal numeric rating [Score] - Reported</td>
          <td ID="observations-code-19">LOINC 72514-3</td>
          <td>3.751525152902869 {score}</td>
        </tr>
        <tr>
          <td>2015-08-03T01:29:26-04:00</td>
          <td></td>
          <td ID="observations-desc-20">Body Weight</td>
          <td ID="observations-code-20">LOINC 29463-7</td>
          <td>71.21736727341879 kg</td>
        </tr>
        <tr>
          <td>2015-08-03T01:29:26-04:00</td>
          <td></td>
          <td ID="observations-desc-21">Body Mass Index</td>
          <td ID="observations-code-21">LOINC 39156-5</td>
          <td>22.338346417919347 kg/m2</td>
        </tr>
        <tr>
          <td>2015-08-03T01:29:26-04:00</td>
          <td></td>
          <td ID="observations-desc-22">Blood Pressure</td>
          <td ID="observations-code-22">LOINC 55284-4</td>
          <td>
          Diastolic Blood Pressure 72.72730777685976 mm[Hg]
          Systolic Blood Pressure 133.77320327234472 mm[Hg]
          </td>
        </tr>
        <tr>
          <td>2015-08-03T01:29:26-04:00</td>
          <td></td>
          <td ID="observations-desc-23">Tobacco smoking status NHIS</td>
          <td ID="observations-code-23">LOINC 72166-2</td>
          <td>SNOMED-CT 8517006 Former smoker </td>
        </tr>
        <tr>
          <td>2018-08-06T01:29:26-04:00</td>
          <td></td>
          <td ID="observations-desc-24">Body Height</td>
          <td ID="observations-code-24">LOINC 8302-2</td>
          <td>178.55312134378886 cm</td>
        </tr>
        <tr>
          <td>2018-08-06T01:29:26-04:00</td>
          <td></td>
          <td ID="observations-desc-25">Pain severity - 0-10 verbal numeric rating [Score] - Reported</td>
          <td ID="observations-code-25">LOINC 72514-3</td>
          <td>2.5801995632046535 {score}</td>
        </tr>
        <tr>
          <td>2018-08-06T01:29:26-04:00</td>
          <td></td>
          <td ID="observations-desc-26">Body Weight</td>
          <td ID="observations-code-26">LOINC 29463-7</td>
          <td>75.27231341288159 kg</td>
        </tr>
        <tr>
          <td>2018-08-06T01:29:26-04:00</td>
          <td></td>
          <td ID="observations-desc-27">Body Mass Index</td>
          <td ID="observations-code-27">LOINC 39156-5</td>
          <td>23.610238303806753 kg/m2</td>
        </tr>
        <tr>
          <td>2018-08-06T01:29:26-04:00</td>
          <td></td>
          <td ID="observations-desc-28">Blood Pressure</td>
          <td ID="observations-code-28">LOINC 55284-4</td>
          <td>
          Diastolic Blood Pressure 76.78039241052345 mm[Hg]
          Systolic Blood Pressure 111.61620304620938 mm[Hg]
          </td>
        </tr>
        <tr>
          <td>2018-08-06T01:29:26-04:00</td>
          <td></td>
          <td ID="observations-desc-29">Leukocytes [#/volume] in Blood by Automated count</td>
          <td ID="observations-code-29">LOINC 6690-2</td>
          <td>4.244385529825539 10*3/uL</td>
        </tr>
        <tr>
          <td>2018-08-06T01:29:26-04:00</td>
          <td></td>
          <td ID="observations-desc-30">Erythrocytes [#/volume] in Blood by Automated count</td>
          <td ID="observations-code-30">LOINC 789-8</td>
          <td>4.531659229958781 10*6/uL</td>
        </tr>
        <tr>
          <td>2018-08-06T01:29:26-04:00</td>
          <td></td>
          <td ID="observations-desc-31">Hemoglobin [Mass/volume] in Blood</td>
          <td ID="observations-code-31">LOINC 718-7</td>
          <td>16.38725875075854 g/dL</td>
        </tr>
        <tr>
          <td>2018-08-06T01:29:26-04:00</td>
          <td></td>
          <td ID="observations-desc-32">Hematocrit [Volume Fraction] of Blood by Automated count</td>
          <td ID="observations-code-32">LOINC 4544-3</td>
          <td>41.76213650534234 %</td>
        </tr>
        <tr>
          <td>2018-08-06T01:29:26-04:00</td>
          <td></td>
          <td ID="observations-desc-33">MCV [Entitic volume] by Automated count</td>
          <td ID="observations-code-33">LOINC 787-2</td>
          <td>85.04708112922758 fL</td>
        </tr>
        <tr>
          <td>2018-08-06T01:29:26-04:00</td>
          <td></td>
          <td ID="observations-desc-34">MCH [Entitic mass] by Automated count</td>
          <td ID="observations-code-34">LOINC 785-6</td>
          <td>27.685972129656076 pg</td>
        </tr>
        <tr>
          <td>2018-08-06T01:29:26-04:00</td>
          <td></td>
          <td ID="observations-desc-35">MCHC [Mass/volume] by Automated count</td>
          <td ID="observations-code-35">LOINC 786-4</td>
          <td>34.10942972872635 g/dL</td>
        </tr>
        <tr>
          <td>2018-08-06T01:29:26-04:00</td>
          <td></td>
          <td ID="observations-desc-36">Erythrocyte distribution width [Entitic volume] by Automated count</td>
          <td ID="observations-code-36">LOINC 21000-5</td>
          <td>43.58595376821119 fL</td>
        </tr>
        <tr>
          <td>2018-08-06T01:29:26-04:00</td>
          <td></td>
          <td ID="observations-desc-37">Platelets [#/volume] in Blood by Automated count</td>
          <td ID="observations-code-37">LOINC 777-3</td>
          <td>432.8652040438122 10*3/uL</td>
        </tr>
        <tr>
          <td>2018-08-06T01:29:26-04:00</td>
          <td></td>
          <td ID="observations-desc-38">Platelet distribution width [Entitic volume] in Blood by Automated count</td>
          <td ID="observations-code-38">LOINC 32207-3</td>
          <td>317.8345119805223 fL</td>
        </tr>
        <tr>
          <td>2018-08-06T01:29:26-04:00</td>
          <td></td>
          <td ID="observations-desc-39">Platelet mean volume [Entitic volume] in Blood by Automated count</td>
          <td ID="observations-code-39">LOINC 32623-1</td>
          <td>10.116568454040635 fL</td>
        </tr>
        <tr>
          <td>2018-08-06T01:29:26-04:00</td>
          <td></td>
          <td ID="observations-desc-40">Tobacco smoking status NHIS</td>
          <td ID="observations-code-40">LOINC 72166-2</td>
          <td>SNOMED-CT 8517006 Former smoker </td>
        </tr>
    </tbody>
  </table>
</text>
    <entry typeCode="DRIV">
      <organizer classCode="CLUSTER" moodCode="EVN">
        <templateId root="2.16.840.1.113883.10.20.22.4.26" extension="2015-08-01"/>
        <!-- Vital signs organizer template -->
        <id root="f572563f-aa35-40f4-9167-2cedf466b1e4"/>
        <code code="46680005" codeSystem="2.16.840.1.113883.6.96" displayName="Vital signs" codeSystemName="SNOMED CT">
          <translation code="74728-7" displayName="Vital signs, weight, height, head circumference, oximetry, BMI, and BSA panel" codeSystem="2.16.840.1.113883.6.1" codeSystemName="LOINC" />
        </code>
        <statusCode code="completed"/>
        <effectiveTime value="20190923012926"/>
        <component>
          <observation classCode="OBS" moodCode="EVN">
            <templateId root="2.16.840.1.113883.10.20.22.4.27" extension="2014-06-09"/>
            <!-- Result observation template -->
            <id root="2238adee-e67f-4eef-8605-ec3504b52d71"/>
        <code  code="8302-2" codeSystem="2.16.840.1.113883.6.1" displayName="Body Height">
          <originalText><reference value="#observations-desc-1"/></originalText>
          <translation code="8302-2" codeSystem="2.16.840.1.113883.6.1" displayName="Body Height"/>
        </code>
            <text>
              <reference value="#observations-desc-1"/>
            </text>
            <statusCode code="completed"/>
            <effectiveTime value="20120730012926"/>
            <value xsi:type="PQ" value="178.55312134378886" unit="cm"/>
          </observation>
        </component>
        <component>
          <observation classCode="OBS" moodCode="EVN">
            <templateId root="2.16.840.1.113883.10.20.22.4.27" extension="2014-06-09"/>
            <!-- Result observation template -->
            <id root="29afcff2-58cd-468e-9678-02799dbce120"/>
        <code  code="72514-3" codeSystem="2.16.840.1.113883.6.1" displayName="Pain severity - 0-10 verbal numeric rating [Score] - Reported">
          <originalText><reference value="#observations-desc-2"/></originalText>
          <translation code="72514-3" codeSystem="2.16.840.1.113883.6.1" displayName="Pain severity - 0-10 verbal numeric rating [Score] - Reported"/>
        </code>
            <text>
              <reference value="#observations-desc-2"/>
            </text>
            <statusCode code="completed"/>
            <effectiveTime value="20120730012926"/>
            <value xsi:type="PQ" value="0.3803362103905501" unit="{score}"/>
          </observation>
        </component>
        <component>
          <observation classCode="OBS" moodCode="EVN">
            <templateId root="2.16.840.1.113883.10.20.22.4.27" extension="2014-06-09"/>
            <!-- Result observation template -->
            <id root="1f647348-e8e7-4f2a-bcb5-28aa0040997e"/>
        <code  code="29463-7" codeSystem="2.16.840.1.113883.6.1" displayName="Body Weight">
          <originalText><reference value="#observations-desc-3"/></originalText>
          <translation code="29463-7" codeSystem="2.16.840.1.113883.6.1" displayName="Body Weight"/>
        </code>
            <text>
              <reference value="#observations-desc-3"/>
            </text>
            <statusCode code="completed"/>
            <effectiveTime value="20120730012926"/>
            <value xsi:type="PQ" value="66.22870922711289" unit="kg"/>
          </observation>
        </component>
        <component>
          <observation classCode="OBS" moodCode="EVN">
            <templateId root="2.16.840.1.113883.10.20.22.4.27" extension="2014-06-09"/>
            <!-- Result observation template -->
            <id root="58a6319b-596b-4c69-9c59-868a930f7bc8"/>
        <code  code="39156-5" codeSystem="2.16.840.1.113883.6.1" displayName="Body Mass Index">
          <originalText><reference value="#observations-desc-4"/></originalText>
          <translation code="39156-5" codeSystem="2.16.840.1.113883.6.1" displayName="Body Mass Index"/>
        </code>
            <text>
              <reference value="#observations-desc-4"/>
            </text>
            <statusCode code="completed"/>
            <effectiveTime value="20120730012926"/>
            <value xsi:type="PQ" value="20.77358243035033" unit="kg/m2"/>
          </observation>
        </component>
        <component>
          <observation classCode="OBS" moodCode="EVN">
            <templateId root="2.16.840.1.113883.10.20.22.4.27" extension="2014-06-09"/>
            <!-- Result observation template -->
            <id root="c7909bb8-1eb1-4396-9247-3d2def4a24f1"/>
        <code  code="8462-4" codeSystem="2.16.840.1.113883.6.1" displayName="Diastolic Blood Pressure">
          <originalText><reference value="#observations-desc-5"/></originalText>
          <translation code="8462-4" codeSystem="2.16.840.1.113883.6.1" displayName="Diastolic Blood Pressure"/>
        </code>
            <text>
              <reference value="#observations-desc-5"/>
            </text>
            <statusCode code="completed"/>
            <effectiveTime value="20120730012926"/>
            <value xsi:type="PQ" value="75.88816403875653" unit="mm[Hg]"/>
          </observation>
        </component>
        <component>
          <observation classCode="OBS" moodCode="EVN">
            <templateId root="2.16.840.1.113883.10.20.22.4.27" extension="2014-06-09"/>
            <!-- Result observation template -->
            <id root="71a212f2-81c8-4b86-a3b6-934f1bf326cf"/>
        <code  code="8480-6" codeSystem="2.16.840.1.113883.6.1" displayName="Systolic Blood Pressure">
          <originalText><reference value="#observations-desc-5"/></originalText>
          <translation code="8480-6" codeSystem="2.16.840.1.113883.6.1" displayName="Systolic Blood Pressure"/>
        </code>
            <text>
              <reference value="#observations-desc-5"/>
            </text>
            <statusCode code="completed"/>
            <effectiveTime value="20120730012926"/>
            <value xsi:type="PQ" value="106.64271717344296" unit="mm[Hg]"/>
          </observation>
        </component>
        <component>
          <observation classCode="OBS" moodCode="EVN">
            <templateId root="2.16.840.1.113883.10.20.22.4.27" extension="2014-06-09"/>
            <!-- Result observation template -->
            <id root="d139ff4d-f4d6-47bf-9466-300d5eb82306"/>
        <code  code="6690-2" codeSystem="2.16.840.1.113883.6.1" displayName="Leukocytes [#/volume] in Blood by Automated count">
          <originalText><reference value="#observations-desc-6"/></originalText>
          <translation code="6690-2" codeSystem="2.16.840.1.113883.6.1" displayName="Leukocytes [#/volume] in Blood by Automated count"/>
        </code>
            <text>
              <reference value="#observations-desc-6"/>
            </text>
            <statusCode code="completed"/>
            <effectiveTime value="20120730012926"/>
            <value xsi:type="PQ" value="9.929202424319548" unit="10*3/uL"/>
          </observation>
        </component>
        <component>
          <observation classCode="OBS" moodCode="EVN">
            <templateId root="2.16.840.1.113883.10.20.22.4.27" extension="2014-06-09"/>
            <!-- Result observation template -->
            <id root="21cb678d-845b-4c25-8aa8-9057cf85784f"/>
        <code  code="789-8" codeSystem="2.16.840.1.113883.6.1" displayName="Erythrocytes [#/volume] in Blood by Automated count">
          <originalText><reference value="#observations-desc-7"/></originalText>
          <translation code="789-8" codeSystem="2.16.840.1.113883.6.1" displayName="Erythrocytes [#/volume] in Blood by Automated count"/>
        </code>
            <text>
              <reference value="#observations-desc-7"/>
            </text>
            <statusCode code="completed"/>
            <effectiveTime value="20120730012926"/>
            <value xsi:type="PQ" value="4.83907688324886" unit="10*6/uL"/>
          </observation>
        </component>
        <component>
          <observation classCode="OBS" moodCode="EVN">
            <templateId root="2.16.840.1.113883.10.20.22.4.27" extension="2014-06-09"/>
            <!-- Result observation template -->
            <id root="6172bb5c-abb8-4c3e-a33f-502492034e1e"/>
        <code  code="718-7" codeSystem="2.16.840.1.113883.6.1" displayName="Hemoglobin [Mass/volume] in Blood">
          <originalText><reference value="#observations-desc-8"/></originalText>
          <translation code="718-7" codeSystem="2.16.840.1.113883.6.1" displayName="Hemoglobin [Mass/volume] in Blood"/>
        </code>
            <text>
              <reference value="#observations-desc-8"/>
            </text>
            <statusCode code="completed"/>
            <effectiveTime value="20120730012926"/>
            <value xsi:type="PQ" value="13.124927825173998" unit="g/dL"/>
          </observation>
        </component>
        <component>
          <observation classCode="OBS" moodCode="EVN">
            <templateId root="2.16.840.1.113883.10.20.22.4.27" extension="2014-06-09"/>
            <!-- Result observation template -->
            <id root="e4d8e60e-3ebc-4f67-87da-d1c018d5d3de"/>
        <code  code="4544-3" codeSystem="2.16.840.1.113883.6.1" displayName="Hematocrit [Volume Fraction] of Blood by Automated count">
          <originalText><reference value="#observations-desc-9"/></originalText>
          <translation code="4544-3" codeSystem="2.16.840.1.113883.6.1" displayName="Hematocrit [Volume Fraction] of Blood by Automated count"/>
        </code>
            <text>
              <reference value="#observations-desc-9"/>
            </text>
            <statusCode code="completed"/>
            <effectiveTime value="20120730012926"/>
            <value xsi:type="PQ" value="47.26299421680035" unit="%"/>
          </observation>
        </component>
        <component>
          <observation classCode="OBS" moodCode="EVN">
            <templateId root="2.16.840.1.113883.10.20.22.4.27" extension="2014-06-09"/>
            <!-- Result observation template -->
            <id root="58565ef7-7050-4772-91c0-3053cde9e51b"/>
        <code  code="787-2" codeSystem="2.16.840.1.113883.6.1" displayName="MCV [Entitic volume] by Automated count">
          <originalText><reference value="#observations-desc-10"/></originalText>
          <translation code="787-2" codeSystem="2.16.840.1.113883.6.1" displayName="MCV [Entitic volume] by Automated count"/>
        </code>
            <text>
              <reference value="#observations-desc-10"/>
            </text>
            <statusCode code="completed"/>
            <effectiveTime value="20120730012926"/>
            <value xsi:type="PQ" value="94.72174027206955" unit="fL"/>
          </observation>
        </component>
        <component>
          <observation classCode="OBS" moodCode="EVN">
            <templateId root="2.16.840.1.113883.10.20.22.4.27" extension="2014-06-09"/>
            <!-- Result observation template -->
            <id root="a5b00c2f-cc4d-4f5c-a0dc-d26c0b057b8a"/>
        <code  code="785-6" codeSystem="2.16.840.1.113883.6.1" displayName="MCH [Entitic mass] by Automated count">
          <originalText><reference value="#observations-desc-11"/></originalText>
          <translation code="785-6" codeSystem="2.16.840.1.113883.6.1" displayName="MCH [Entitic mass] by Automated count"/>
        </code>
            <text>
              <reference value="#observations-desc-11"/>
            </text>
            <statusCode code="completed"/>
            <effectiveTime value="20120730012926"/>
            <value xsi:type="PQ" value="30.103006686098055" unit="pg"/>
          </observation>
        </component>
        <component>
          <observation classCode="OBS" moodCode="EVN">
            <templateId root="2.16.840.1.113883.10.20.22.4.27" extension="2014-06-09"/>
            <!-- Result observation template -->
            <id root="a40cea5e-b046-4ddc-8c0a-1299bd598d1c"/>
        <code  code="786-4" codeSystem="2.16.840.1.113883.6.1" displayName="MCHC [Mass/volume] by Automated count">
          <originalText><reference value="#observations-desc-12"/></originalText>
          <translation code="786-4" codeSystem="2.16.840.1.113883.6.1" displayName="MCHC [Mass/volume] by Automated count"/>
        </code>
            <text>
              <reference value="#observations-desc-12"/>
            </text>
            <statusCode code="completed"/>
            <effectiveTime value="20120730012926"/>
            <value xsi:type="PQ" value="33.09415701229377" unit="g/dL"/>
          </observation>
        </component>
        <component>
          <observation classCode="OBS" moodCode="EVN">
            <templateId root="2.16.840.1.113883.10.20.22.4.27" extension="2014-06-09"/>
            <!-- Result observation template -->
            <id root="91048619-14ef-43bf-b0e8-86fde87ce07b"/>
        <code  code="21000-5" codeSystem="2.16.840.1.113883.6.1" displayName="Erythrocyte distribution width [Entitic volume] by Automated count">
          <originalText><reference value="#observations-desc-13"/></originalText>
          <translation code="21000-5" codeSystem="2.16.840.1.113883.6.1" displayName="Erythrocyte distribution width [Entitic volume] by Automated count"/>
        </code>
            <text>
              <reference value="#observations-desc-13"/>
            </text>
            <statusCode code="completed"/>
            <effectiveTime value="20120730012926"/>
            <value xsi:type="PQ" value="43.84958424827369" unit="fL"/>
          </observation>
        </component>
        <component>
          <observation classCode="OBS" moodCode="EVN">
            <templateId root="2.16.840.1.113883.10.20.22.4.27" extension="2014-06-09"/>
            <!-- Result observation template -->
            <id root="5fd97789-7f15-4672-8f37-5a902d90d0d8"/>
        <code  code="777-3" codeSystem="2.16.840.1.113883.6.1" displayName="Platelets [#/volume] in Blood by Automated count">
          <originalText><reference value="#observations-desc-14"/></originalText>
          <translation code="777-3" codeSystem="2.16.840.1.113883.6.1" displayName="Platelets [#/volume] in Blood by Automated count"/>
        </code>
            <text>
              <reference value="#observations-desc-14"/>
            </text>
            <statusCode code="completed"/>
            <effectiveTime value="20120730012926"/>
            <value xsi:type="PQ" value="398.6488837467738" unit="10*3/uL"/>
          </observation>
        </component>
        <component>
          <observation classCode="OBS" moodCode="EVN">
            <templateId root="2.16.840.1.113883.10.20.22.4.27" extension="2014-06-09"/>
            <!-- Result observation template -->
            <id root="9786af9b-13d9-4458-b8fc-42d3bb18adfe"/>
        <code  code="32207-3" codeSystem="2.16.840.1.113883.6.1" displayName="Platelet distribution width [Entitic volume] in Blood by Automated count">
          <originalText><reference value="#observations-desc-15"/></originalText>
          <translation code="32207-3" codeSystem="2.16.840.1.113883.6.1" displayName="Platelet distribution width [Entitic volume] in Blood by Automated count"/>
        </code>
            <text>
              <reference value="#observations-desc-15"/>
            </text>
            <statusCode code="completed"/>
            <effectiveTime value="20120730012926"/>
            <value xsi:type="PQ" value="415.2078368593014" unit="fL"/>
          </observation>
        </component>
        <component>
          <observation classCode="OBS" moodCode="EVN">
            <templateId root="2.16.840.1.113883.10.20.22.4.27" extension="2014-06-09"/>
            <!-- Result observation template -->
            <id root="80773821-d547-4acd-9d42-11d3011ee77e"/>
        <code  code="32623-1" codeSystem="2.16.840.1.113883.6.1" displayName="Platelet mean volume [Entitic volume] in Blood by Automated count">
          <originalText><reference value="#observations-desc-16"/></originalText>
          <translation code="32623-1" codeSystem="2.16.840.1.113883.6.1" displayName="Platelet mean volume [Entitic volume] in Blood by Automated count"/>
        </code>
            <text>
              <reference value="#observations-desc-16"/>
            </text>
            <statusCode code="completed"/>
            <effectiveTime value="20120730012926"/>
            <value xsi:type="PQ" value="12.008379291853213" unit="fL"/>
          </observation>
        </component>
        <component>
          <observation classCode="OBS" moodCode="EVN">
            <templateId root="2.16.840.1.113883.10.20.22.4.27" extension="2014-06-09"/>
            <!-- Result observation template -->
            <id root="e2ee1b1e-a5a1-45ca-bba7-d4aefb6da2fc"/>
        <code  code="72166-2" codeSystem="2.16.840.1.113883.6.1" displayName="Tobacco smoking status NHIS">
          <originalText><reference value="#observations-desc-17"/></originalText>
          <translation code="72166-2" codeSystem="2.16.840.1.113883.6.1" displayName="Tobacco smoking status NHIS"/>
        </code>
            <text>
              <reference value="#observations-desc-17"/>
            </text>
            <statusCode code="completed"/>
            <effectiveTime value="20120730012926"/>
            <value xsi:type="ST">SNOMED-CT 8517006 Former smoker</value>
          </observation>
        </component>
        <component>
          <observation classCode="OBS" moodCode="EVN">
            <templateId root="2.16.840.1.113883.10.20.22.4.27" extension="2014-06-09"/>
            <!-- Result observation template -->
            <id root="17b626f5-a6f7-4ab9-988d-848c7997feb8"/>
        <code  code="8302-2" codeSystem="2.16.840.1.113883.6.1" displayName="Body Height">
          <originalText><reference value="#observations-desc-18"/></originalText>
          <translation code="8302-2" codeSystem="2.16.840.1.113883.6.1" displayName="Body Height"/>
        </code>
            <text>
              <reference value="#observations-desc-18"/>
            </text>
            <statusCode code="completed"/>
            <effectiveTime value="20150803012926"/>
            <value xsi:type="PQ" value="178.55312134378886" unit="cm"/>
          </observation>
        </component>
        <component>
          <observation classCode="OBS" moodCode="EVN">
            <templateId root="2.16.840.1.113883.10.20.22.4.27" extension="2014-06-09"/>
            <!-- Result observation template -->
            <id root="5ca8ad76-a2be-473f-a8f5-f8c8fe4f2091"/>
        <code  code="72514-3" codeSystem="2.16.840.1.113883.6.1" displayName="Pain severity - 0-10 verbal numeric rating [Score] - Reported">
          <originalText><reference value="#observations-desc-19"/></originalText>
          <translation code="72514-3" codeSystem="2.16.840.1.113883.6.1" displayName="Pain severity - 0-10 verbal numeric rating [Score] - Reported"/>
        </code>
            <text>
              <reference value="#observations-desc-19"/>
            </text>
            <statusCode code="completed"/>
            <effectiveTime value="20150803012926"/>
            <value xsi:type="PQ" value="3.751525152902869" unit="{score}"/>
          </observation>
        </component>
        <component>
          <observation classCode="OBS" moodCode="EVN">
            <templateId root="2.16.840.1.113883.10.20.22.4.27" extension="2014-06-09"/>
            <!-- Result observation template -->
            <id root="2458c4d2-f349-452a-bf96-13bdf985b6ab"/>
        <code  code="29463-7" codeSystem="2.16.840.1.113883.6.1" displayName="Body Weight">
          <originalText><reference value="#observations-desc-20"/></originalText>
          <translation code="29463-7" codeSystem="2.16.840.1.113883.6.1" displayName="Body Weight"/>
        </code>
            <text>
              <reference value="#observations-desc-20"/>
            </text>
            <statusCode code="completed"/>
            <effectiveTime value="20150803012926"/>
            <value xsi:type="PQ" value="71.21736727341879" unit="kg"/>
          </observation>
        </component>
        <component>
          <observation classCode="OBS" moodCode="EVN">
            <templateId root="2.16.840.1.113883.10.20.22.4.27" extension="2014-06-09"/>
            <!-- Result observation template -->
            <id root="7f087983-82dd-49cb-ae91-bc3ebab67756"/>
        <code  code="39156-5" codeSystem="2.16.840.1.113883.6.1" displayName="Body Mass Index">
          <originalText><reference value="#observations-desc-21"/></originalText>
          <translation code="39156-5" codeSystem="2.16.840.1.113883.6.1" displayName="Body Mass Index"/>
        </code>
            <text>
              <reference value="#observations-desc-21"/>
            </text>
            <statusCode code="completed"/>
            <effectiveTime value="20150803012926"/>
            <value xsi:type="PQ" value="22.338346417919347" unit="kg/m2"/>
          </observation>
        </component>
        <component>
          <observation classCode="OBS" moodCode="EVN">
            <templateId root="2.16.840.1.113883.10.20.22.4.27" extension="2014-06-09"/>
            <!-- Result observation template -->
            <id root="a3b57975-4d3f-4c7d-a844-bae8d0bfb35e"/>
        <code  code="8462-4" codeSystem="2.16.840.1.113883.6.1" displayName="Diastolic Blood Pressure">
          <originalText><reference value="#observations-desc-22"/></originalText>
          <translation code="8462-4" codeSystem="2.16.840.1.113883.6.1" displayName="Diastolic Blood Pressure"/>
        </code>
            <text>
              <reference value="#observations-desc-22"/>
            </text>
            <statusCode code="completed"/>
            <effectiveTime value="20150803012926"/>
            <value xsi:type="PQ" value="72.72730777685976" unit="mm[Hg]"/>
          </observation>
        </component>
        <component>
          <observation classCode="OBS" moodCode="EVN">
            <templateId root="2.16.840.1.113883.10.20.22.4.27" extension="2014-06-09"/>
            <!-- Result observation template -->
            <id root="12509e48-996f-47de-8dd8-cdca0609fca4"/>
        <code  code="8480-6" codeSystem="2.16.840.1.113883.6.1" displayName="Systolic Blood Pressure">
          <originalText><reference value="#observations-desc-22"/></originalText>
          <translation code="8480-6" codeSystem="2.16.840.1.113883.6.1" displayName="Systolic Blood Pressure"/>
        </code>
            <text>
              <reference value="#observations-desc-22"/>
            </text>
            <statusCode code="completed"/>
            <effectiveTime value="20150803012926"/>
            <value xsi:type="PQ" value="133.77320327234472" unit="mm[Hg]"/>
          </observation>
        </component>
        <component>
          <observation classCode="OBS" moodCode="EVN">
            <templateId root="2.16.840.1.113883.10.20.22.4.27" extension="2014-06-09"/>
            <!-- Result observation template -->
            <id root="a57c37da-93e6-41ee-af47-92efe0b9558e"/>
        <code  code="72166-2" codeSystem="2.16.840.1.113883.6.1" displayName="Tobacco smoking status NHIS">
          <originalText><reference value="#observations-desc-23"/></originalText>
          <translation code="72166-2" codeSystem="2.16.840.1.113883.6.1" displayName="Tobacco smoking status NHIS"/>
        </code>
            <text>
              <reference value="#observations-desc-23"/>
            </text>
            <statusCode code="completed"/>
            <effectiveTime value="20150803012926"/>
            <value xsi:type="ST">SNOMED-CT 8517006 Former smoker</value>
          </observation>
        </component>
        <component>
          <observation classCode="OBS" moodCode="EVN">
            <templateId root="2.16.840.1.113883.10.20.22.4.27" extension="2014-06-09"/>
            <!-- Result observation template -->
            <id root="5105d181-9618-4124-ae77-51b3927051c7"/>
        <code  code="8302-2" codeSystem="2.16.840.1.113883.6.1" displayName="Body Height">
          <originalText><reference value="#observations-desc-24"/></originalText>
          <translation code="8302-2" codeSystem="2.16.840.1.113883.6.1" displayName="Body Height"/>
        </code>
            <text>
              <reference value="#observations-desc-24"/>
            </text>
            <statusCode code="completed"/>
            <effectiveTime value="20180806012926"/>
            <value xsi:type="PQ" value="178.55312134378886" unit="cm"/>
          </observation>
        </component>
        <component>
          <observation classCode="OBS" moodCode="EVN">
            <templateId root="2.16.840.1.113883.10.20.22.4.27" extension="2014-06-09"/>
            <!-- Result observation template -->
            <id root="e1d1eb70-80ed-498a-89a6-1b92822dceff"/>
        <code  code="72514-3" codeSystem="2.16.840.1.113883.6.1" displayName="Pain severity - 0-10 verbal numeric rating [Score] - Reported">
          <originalText><reference value="#observations-desc-25"/></originalText>
          <translation code="72514-3" codeSystem="2.16.840.1.113883.6.1" displayName="Pain severity - 0-10 verbal numeric rating [Score] - Reported"/>
        </code>
            <text>
              <reference value="#observations-desc-25"/>
            </text>
            <statusCode code="completed"/>
            <effectiveTime value="20180806012926"/>
            <value xsi:type="PQ" value="2.5801995632046535" unit="{score}"/>
          </observation>
        </component>
        <component>
          <observation classCode="OBS" moodCode="EVN">
            <templateId root="2.16.840.1.113883.10.20.22.4.27" extension="2014-06-09"/>
            <!-- Result observation template -->
            <id root="76303902-93d5-43e7-8fd5-ebdea3004d75"/>
        <code  code="29463-7" codeSystem="2.16.840.1.113883.6.1" displayName="Body Weight">
          <originalText><reference value="#observations-desc-26"/></originalText>
          <translation code="29463-7" codeSystem="2.16.840.1.113883.6.1" displayName="Body Weight"/>
        </code>
            <text>
              <reference value="#observations-desc-26"/>
            </text>
            <statusCode code="completed"/>
            <effectiveTime value="20180806012926"/>
            <value xsi:type="PQ" value="75.27231341288159" unit="kg"/>
          </observation>
        </component>
        <component>
          <observation classCode="OBS" moodCode="EVN">
            <templateId root="2.16.840.1.113883.10.20.22.4.27" extension="2014-06-09"/>
            <!-- Result observation template -->
            <id root="c1641186-7392-4c08-b49a-36813859e12d"/>
        <code  code="39156-5" codeSystem="2.16.840.1.113883.6.1" displayName="Body Mass Index">
          <originalText><reference value="#observations-desc-27"/></originalText>
          <translation code="39156-5" codeSystem="2.16.840.1.113883.6.1" displayName="Body Mass Index"/>
        </code>
            <text>
              <reference value="#observations-desc-27"/>
            </text>
            <statusCode code="completed"/>
            <effectiveTime value="20180806012926"/>
            <value xsi:type="PQ" value="23.610238303806753" unit="kg/m2"/>
          </observation>
        </component>
        <component>
          <observation classCode="OBS" moodCode="EVN">
            <templateId root="2.16.840.1.113883.10.20.22.4.27" extension="2014-06-09"/>
            <!-- Result observation template -->
            <id root="f609ac69-0d3b-4503-8639-50d5fa0998f1"/>
        <code  code="8462-4" codeSystem="2.16.840.1.113883.6.1" displayName="Diastolic Blood Pressure">
          <originalText><reference value="#observations-desc-28"/></originalText>
          <translation code="8462-4" codeSystem="2.16.840.1.113883.6.1" displayName="Diastolic Blood Pressure"/>
        </code>
            <text>
              <reference value="#observations-desc-28"/>
            </text>
            <statusCode code="completed"/>
            <effectiveTime value="20180806012926"/>
            <value xsi:type="PQ" value="76.78039241052345" unit="mm[Hg]"/>
          </observation>
        </component>
        <component>
          <observation classCode="OBS" moodCode="EVN">
            <templateId root="2.16.840.1.113883.10.20.22.4.27" extension="2014-06-09"/>
            <!-- Result observation template -->
            <id root="b5fd29ea-2e84-48ee-948d-21468ff56c0a"/>
        <code  code="8480-6" codeSystem="2.16.840.1.113883.6.1" displayName="Systolic Blood Pressure">
          <originalText><reference value="#observations-desc-28"/></originalText>
          <translation code="8480-6" codeSystem="2.16.840.1.113883.6.1" displayName="Systolic Blood Pressure"/>
        </code>
            <text>
              <reference value="#observations-desc-28"/>
            </text>
            <statusCode code="completed"/>
            <effectiveTime value="20180806012926"/>
            <value xsi:type="PQ" value="111.61620304620938" unit="mm[Hg]"/>
          </observation>
        </component>
        <component>
          <observation classCode="OBS" moodCode="EVN">
            <templateId root="2.16.840.1.113883.10.20.22.4.27" extension="2014-06-09"/>
            <!-- Result observation template -->
            <id root="bbb69d85-8339-48d4-9b68-83e9eb379b26"/>
        <code  code="6690-2" codeSystem="2.16.840.1.113883.6.1" displayName="Leukocytes [#/volume] in Blood by Automated count">
          <originalText><reference value="#observations-desc-29"/></originalText>
          <translation code="6690-2" codeSystem="2.16.840.1.113883.6.1" displayName="Leukocytes [#/volume] in Blood by Automated count"/>
        </code>
            <text>
              <reference value="#observations-desc-29"/>
            </text>
            <statusCode code="completed"/>
            <effectiveTime value="20180806012926"/>
            <value xsi:type="PQ" value="4.244385529825539" unit="10*3/uL"/>
          </observation>
        </component>
        <component>
          <observation classCode="OBS" moodCode="EVN">
            <templateId root="2.16.840.1.113883.10.20.22.4.27" extension="2014-06-09"/>
            <!-- Result observation template -->
            <id root="228188d1-2cef-4547-93f7-6b4f5ddd6081"/>
        <code  code="789-8" codeSystem="2.16.840.1.113883.6.1" displayName="Erythrocytes [#/volume] in Blood by Automated count">
          <originalText><reference value="#observations-desc-30"/></originalText>
          <translation code="789-8" codeSystem="2.16.840.1.113883.6.1" displayName="Erythrocytes [#/volume] in Blood by Automated count"/>
        </code>
            <text>
              <reference value="#observations-desc-30"/>
            </text>
            <statusCode code="completed"/>
            <effectiveTime value="20180806012926"/>
            <value xsi:type="PQ" value="4.531659229958781" unit="10*6/uL"/>
          </observation>
        </component>
        <component>
          <observation classCode="OBS" moodCode="EVN">
            <templateId root="2.16.840.1.113883.10.20.22.4.27" extension="2014-06-09"/>
            <!-- Result observation template -->
            <id root="e04c7239-6394-4b82-907b-16aa7de6d9a1"/>
        <code  code="718-7" codeSystem="2.16.840.1.113883.6.1" displayName="Hemoglobin [Mass/volume] in Blood">
          <originalText><reference value="#observations-desc-31"/></originalText>
          <translation code="718-7" codeSystem="2.16.840.1.113883.6.1" displayName="Hemoglobin [Mass/volume] in Blood"/>
        </code>
            <text>
              <reference value="#observations-desc-31"/>
            </text>
            <statusCode code="completed"/>
            <effectiveTime value="20180806012926"/>
            <value xsi:type="PQ" value="16.38725875075854" unit="g/dL"/>
          </observation>
        </component>
        <component>
          <observation classCode="OBS" moodCode="EVN">
            <templateId root="2.16.840.1.113883.10.20.22.4.27" extension="2014-06-09"/>
            <!-- Result observation template -->
            <id root="f7c9a341-21c7-4c47-8345-f0d913356f81"/>
        <code  code="4544-3" codeSystem="2.16.840.1.113883.6.1" displayName="Hematocrit [Volume Fraction] of Blood by Automated count">
          <originalText><reference value="#observations-desc-32"/></originalText>
          <translation code="4544-3" codeSystem="2.16.840.1.113883.6.1" displayName="Hematocrit [Volume Fraction] of Blood by Automated count"/>
        </code>
            <text>
              <reference value="#observations-desc-32"/>
            </text>
            <statusCode code="completed"/>
            <effectiveTime value="20180806012926"/>
            <value xsi:type="PQ" value="41.76213650534234" unit="%"/>
          </observation>
        </component>
        <component>
          <observation classCode="OBS" moodCode="EVN">
            <templateId root="2.16.840.1.113883.10.20.22.4.27" extension="2014-06-09"/>
            <!-- Result observation template -->
            <id root="0a0b032b-427a-4d78-9920-f0338f89193c"/>
        <code  code="787-2" codeSystem="2.16.840.1.113883.6.1" displayName="MCV [Entitic volume] by Automated count">
          <originalText><reference value="#observations-desc-33"/></originalText>
          <translation code="787-2" codeSystem="2.16.840.1.113883.6.1" displayName="MCV [Entitic volume] by Automated count"/>
        </code>
            <text>
              <reference value="#observations-desc-33"/>
            </text>
            <statusCode code="completed"/>
            <effectiveTime value="20180806012926"/>
            <value xsi:type="PQ" value="85.04708112922758" unit="fL"/>
          </observation>
        </component>
        <component>
          <observation classCode="OBS" moodCode="EVN">
            <templateId root="2.16.840.1.113883.10.20.22.4.27" extension="2014-06-09"/>
            <!-- Result observation template -->
            <id root="3efe2d24-4a32-48cc-9fea-c5b94d5b7748"/>
        <code  code="785-6" codeSystem="2.16.840.1.113883.6.1" displayName="MCH [Entitic mass] by Automated count">
          <originalText><reference value="#observations-desc-34"/></originalText>
          <translation code="785-6" codeSystem="2.16.840.1.113883.6.1" displayName="MCH [Entitic mass] by Automated count"/>
        </code>
            <text>
              <reference value="#observations-desc-34"/>
            </text>
            <statusCode code="completed"/>
            <effectiveTime value="20180806012926"/>
            <value xsi:type="PQ" value="27.685972129656076" unit="pg"/>
          </observation>
        </component>
        <component>
          <observation classCode="OBS" moodCode="EVN">
            <templateId root="2.16.840.1.113883.10.20.22.4.27" extension="2014-06-09"/>
            <!-- Result observation template -->
            <id root="d0f3bbd0-4c68-40ca-b7f4-fd646720c6ef"/>
        <code  code="786-4" codeSystem="2.16.840.1.113883.6.1" displayName="MCHC [Mass/volume] by Automated count">
          <originalText><reference value="#observations-desc-35"/></originalText>
          <translation code="786-4" codeSystem="2.16.840.1.113883.6.1" displayName="MCHC [Mass/volume] by Automated count"/>
        </code>
            <text>
              <reference value="#observations-desc-35"/>
            </text>
            <statusCode code="completed"/>
            <effectiveTime value="20180806012926"/>
            <value xsi:type="PQ" value="34.10942972872635" unit="g/dL"/>
          </observation>
        </component>
        <component>
          <observation classCode="OBS" moodCode="EVN">
            <templateId root="2.16.840.1.113883.10.20.22.4.27" extension="2014-06-09"/>
            <!-- Result observation template -->
            <id root="e48847f9-be38-464d-9ae2-c254d9e7fda0"/>
        <code  code="21000-5" codeSystem="2.16.840.1.113883.6.1" displayName="Erythrocyte distribution width [Entitic volume] by Automated count">
          <originalText><reference value="#observations-desc-36"/></originalText>
          <translation code="21000-5" codeSystem="2.16.840.1.113883.6.1" displayName="Erythrocyte distribution width [Entitic volume] by Automated count"/>
        </code>
            <text>
              <reference value="#observations-desc-36"/>
            </text>
            <statusCode code="completed"/>
            <effectiveTime value="20180806012926"/>
            <value xsi:type="PQ" value="43.58595376821119" unit="fL"/>
          </observation>
        </component>
        <component>
          <observation classCode="OBS" moodCode="EVN">
            <templateId root="2.16.840.1.113883.10.20.22.4.27" extension="2014-06-09"/>
            <!-- Result observation template -->
            <id root="c5da87dc-a516-4d41-87e3-61bf1244f96e"/>
        <code  code="777-3" codeSystem="2.16.840.1.113883.6.1" displayName="Platelets [#/volume] in Blood by Automated count">
          <originalText><reference value="#observations-desc-37"/></originalText>
          <translation code="777-3" codeSystem="2.16.840.1.113883.6.1" displayName="Platelets [#/volume] in Blood by Automated count"/>
        </code>
            <text>
              <reference value="#observations-desc-37"/>
            </text>
            <statusCode code="completed"/>
            <effectiveTime value="20180806012926"/>
            <value xsi:type="PQ" value="432.8652040438122" unit="10*3/uL"/>
          </observation>
        </component>
        <component>
          <observation classCode="OBS" moodCode="EVN">
            <templateId root="2.16.840.1.113883.10.20.22.4.27" extension="2014-06-09"/>
            <!-- Result observation template -->
            <id root="2bca0fa5-ca6d-4cc4-a3ce-7d2be46c94e5"/>
        <code  code="32207-3" codeSystem="2.16.840.1.113883.6.1" displayName="Platelet distribution width [Entitic volume] in Blood by Automated count">
          <originalText><reference value="#observations-desc-38"/></originalText>
          <translation code="32207-3" codeSystem="2.16.840.1.113883.6.1" displayName="Platelet distribution width [Entitic volume] in Blood by Automated count"/>
        </code>
            <text>
              <reference value="#observations-desc-38"/>
            </text>
            <statusCode code="completed"/>
            <effectiveTime value="20180806012926"/>
            <value xsi:type="PQ" value="317.8345119805223" unit="fL"/>
          </observation>
        </component>
        <component>
          <observation classCode="OBS" moodCode="EVN">
            <templateId root="2.16.840.1.113883.10.20.22.4.27" extension="2014-06-09"/>
            <!-- Result observation template -->
            <id root="f7f162ed-2185-4068-9482-a6c412366b83"/>
        <code  code="32623-1" codeSystem="2.16.840.1.113883.6.1" displayName="Platelet mean volume [Entitic volume] in Blood by Automated count">
          <originalText><reference value="#observations-desc-39"/></originalText>
          <translation code="32623-1" codeSystem="2.16.840.1.113883.6.1" displayName="Platelet mean volume [Entitic volume] in Blood by Automated count"/>
        </code>
            <text>
              <reference value="#observations-desc-39"/>
            </text>
            <statusCode code="completed"/>
            <effectiveTime value="20180806012926"/>
            <value xsi:type="PQ" value="10.116568454040635" unit="fL"/>
          </observation>
        </component>
        <component>
          <observation classCode="OBS" moodCode="EVN">
            <templateId root="2.16.840.1.113883.10.20.22.4.27" extension="2014-06-09"/>
            <!-- Result observation template -->
            <id root="d6b7f7a0-ef8c-40b4-8ae2-8d55e4ca42d8"/>
        <code  code="72166-2" codeSystem="2.16.840.1.113883.6.1" displayName="Tobacco smoking status NHIS">
          <originalText><reference value="#observations-desc-40"/></originalText>
          <translation code="72166-2" codeSystem="2.16.840.1.113883.6.1" displayName="Tobacco smoking status NHIS"/>
        </code>
            <text>
              <reference value="#observations-desc-40"/>
            </text>
            <statusCode code="completed"/>
            <effectiveTime value="20180806012926"/>
            <value xsi:type="ST">SNOMED-CT 8517006 Former smoker</value>
          </observation>
        </component>
      </organizer>
    </entry>
  </section>
</component>
<component>
  <!--Immunizations-->
  <section>
    <templateId root="2.16.840.1.113883.10.20.22.2.2" extension="2015-08-01"/>
    <!--Immunizations section template-->
    <code code="11369-6" codeSystem="2.16.840.1.113883.6.1" codeSystemName="LOINC" displayName="History of immunizations"/>
    <title>Immunizations</title>
<text>
  <table border="1" width="100%">
    <thead>
      <tr>
        <th>Start</th>
        <th>Stop</th>
        <th>Description</th>
        <th>Code</th>
      </tr>
    </thead>
    <tbody>
        <tr>
          <td>2012-07-30T01:29:26-04:00</td>
          <td></td>
          <td ID="immunizations-desc-1">Influenza, seasonal, injectable, preservative free</td>
          <td ID="immunizations-code-1">http://hl7.org/fhir/sid/cvx 140</td>
        </tr>
        <tr>
          <td>2012-07-30T01:29:26-04:00</td>
          <td></td>
          <td ID="immunizations-desc-2">Td (adult) preservative free</td>
          <td ID="immunizations-code-2">http://hl7.org/fhir/sid/cvx 113</td>
        </tr>
        <tr>
          <td>2012-07-30T01:29:26-04:00</td>
          <td></td>
          <td ID="immunizations-desc-3">Hep B, adult</td>
          <td ID="immunizations-code-3">http://hl7.org/fhir/sid/cvx 43</td>
        </tr>
        <tr>
          <td>2012-07-30T01:29:26-04:00</td>
          <td></td>
          <td ID="immunizations-desc-4">meningococcal MCV4P</td>
          <td ID="immunizations-code-4">http://hl7.org/fhir/sid/cvx 114</td>
        </tr>
        <tr>
          <td>2015-08-03T01:29:26-04:00</td>
          <td></td>
          <td ID="immunizations-desc-5">Influenza, seasonal, injectable, preservative free</td>
          <td ID="immunizations-code-5">http://hl7.org/fhir/sid/cvx 140</td>
        </tr>
        <tr>
          <td>2018-08-06T01:29:26-04:00</td>
          <td></td>
          <td ID="immunizations-desc-6">Influenza, seasonal, injectable, preservative free</td>
          <td ID="immunizations-code-6">http://hl7.org/fhir/sid/cvx 140</td>
        </tr>
    </tbody>
  </table>
</text>
    <entry typeCode="DRIV">
      <substanceAdministration classCode="SBADM" moodCode="EVN" negationInd="false">
        <templateId root="2.16.840.1.113883.10.20.22.4.52"/>
        <!-- Medication activity template -->
        <id root="e5c3788a-1952-4f3d-a81c-2e16d6111d3f"/>
        <code code='IMMUNIZ' codeSystem='2.16.840.1.113883.5.4' codeSystemName='ActCode'/>
        <text>
          <reference value="#immunizations-desc-1"/>
        </text>
        <statusCode code="completed"/>
        <effectiveTime value="20120730012926"/>
        <doseQuantity nullFlavor="UNK"/>
        <consumable>
          <manufacturedProduct classCode="MANU">
            <templateId root="2.16.840.1.113883.10.20.22.4.54"/>
            <!-- Product template -->
            <manufacturedMaterial>
        <code  code="140" codeSystem="2.16.840.1.113883.12.292" displayName="Influenza, seasonal, injectable, preservative free">
          <originalText><reference value="#immunizations-desc-1"/></originalText>
          <translation code="140" codeSystem="2.16.840.1.113883.12.292" displayName="Influenza, seasonal, injectable, preservative free"/>
        </code>
              <name>Influenza, seasonal, injectable, preservative free</name>
            </manufacturedMaterial>
          </manufacturedProduct>
        </consumable>
      </substanceAdministration>
    </entry>
    <entry typeCode="DRIV">
      <substanceAdministration classCode="SBADM" moodCode="EVN" negationInd="false">
        <templateId root="2.16.840.1.113883.10.20.22.4.52"/>
        <!-- Medication activity template -->
        <id root="68a62a7e-7406-4d2b-a85a-12223df49ac6"/>
        <code code='IMMUNIZ' codeSystem='2.16.840.1.113883.5.4' codeSystemName='ActCode'/>
        <text>
          <reference value="#immunizations-desc-2"/>
        </text>
        <statusCode code="completed"/>
        <effectiveTime value="20120730012926"/>
        <doseQuantity nullFlavor="UNK"/>
        <consumable>
          <manufacturedProduct classCode="MANU">
            <templateId root="2.16.840.1.113883.10.20.22.4.54"/>
            <!-- Product template -->
            <manufacturedMaterial>
        <code  code="113" codeSystem="2.16.840.1.113883.12.292" displayName="Td (adult) preservative free">
          <originalText><reference value="#immunizations-desc-2"/></originalText>
          <translation code="113" codeSystem="2.16.840.1.113883.12.292" displayName="Td (adult) preservative free"/>
        </code>
              <name>Td (adult) preservative free</name>
            </manufacturedMaterial>
          </manufacturedProduct>
        </consumable>
      </substanceAdministration>
    </entry>
    <entry typeCode="DRIV">
      <substanceAdministration classCode="SBADM" moodCode="EVN" negationInd="false">
        <templateId root="2.16.840.1.113883.10.20.22.4.52"/>
        <!-- Medication activity template -->
        <id root="64c0bdcd-1e07-4efb-8583-3831b66d4a4c"/>
        <code code='IMMUNIZ' codeSystem='2.16.840.1.113883.5.4' codeSystemName='ActCode'/>
        <text>
          <reference value="#immunizations-desc-3"/>
        </text>
        <statusCode code="completed"/>
        <effectiveTime value="20120730012926"/>
        <doseQuantity nullFlavor="UNK"/>
        <consumable>
          <manufacturedProduct classCode="MANU">
            <templateId root="2.16.840.1.113883.10.20.22.4.54"/>
            <!-- Product template -->
            <manufacturedMaterial>
        <code  code="43" codeSystem="2.16.840.1.113883.12.292" displayName="Hep B, adult">
          <originalText><reference value="#immunizations-desc-3"/></originalText>
          <translation code="43" codeSystem="2.16.840.1.113883.12.292" displayName="Hep B, adult"/>
        </code>
              <name>Hep B, adult</name>
            </manufacturedMaterial>
          </manufacturedProduct>
        </consumable>
      </substanceAdministration>
    </entry>
    <entry typeCode="DRIV">
      <substanceAdministration classCode="SBADM" moodCode="EVN" negationInd="false">
        <templateId root="2.16.840.1.113883.10.20.22.4.52"/>
        <!-- Medication activity template -->
        <id root="b289097c-f336-46aa-96f3-0cafbb4518cf"/>
        <code code='IMMUNIZ' codeSystem='2.16.840.1.113883.5.4' codeSystemName='ActCode'/>
        <text>
          <reference value="#immunizations-desc-4"/>
        </text>
        <statusCode code="completed"/>
        <effectiveTime value="20120730012926"/>
        <doseQuantity nullFlavor="UNK"/>
        <consumable>
          <manufacturedProduct classCode="MANU">
            <templateId root="2.16.840.1.113883.10.20.22.4.54"/>
            <!-- Product template -->
            <manufacturedMaterial>
        <code  code="114" codeSystem="2.16.840.1.113883.12.292" displayName="meningococcal MCV4P">
          <originalText><reference value="#immunizations-desc-4"/></originalText>
          <translation code="114" codeSystem="2.16.840.1.113883.12.292" displayName="meningococcal MCV4P"/>
        </code>
              <name>meningococcal MCV4P</name>
            </manufacturedMaterial>
          </manufacturedProduct>
        </consumable>
      </substanceAdministration>
    </entry>
    <entry typeCode="DRIV">
      <substanceAdministration classCode="SBADM" moodCode="EVN" negationInd="false">
        <templateId root="2.16.840.1.113883.10.20.22.4.52"/>
        <!-- Medication activity template -->
        <id root="c9cba715-d214-4c0f-b682-3c684f4d5562"/>
        <code code='IMMUNIZ' codeSystem='2.16.840.1.113883.5.4' codeSystemName='ActCode'/>
        <text>
          <reference value="#immunizations-desc-5"/>
        </text>
        <statusCode code="completed"/>
        <effectiveTime value="20150803012926"/>
        <doseQuantity nullFlavor="UNK"/>
        <consumable>
          <manufacturedProduct classCode="MANU">
            <templateId root="2.16.840.1.113883.10.20.22.4.54"/>
            <!-- Product template -->
            <manufacturedMaterial>
        <code  code="140" codeSystem="2.16.840.1.113883.12.292" displayName="Influenza, seasonal, injectable, preservative free">
          <originalText><reference value="#immunizations-desc-5"/></originalText>
          <translation code="140" codeSystem="2.16.840.1.113883.12.292" displayName="Influenza, seasonal, injectable, preservative free"/>
        </code>
              <name>Influenza, seasonal, injectable, preservative free</name>
            </manufacturedMaterial>
          </manufacturedProduct>
        </consumable>
      </substanceAdministration>
    </entry>
    <entry typeCode="DRIV">
      <substanceAdministration classCode="SBADM" moodCode="EVN" negationInd="false">
        <templateId root="2.16.840.1.113883.10.20.22.4.52"/>
        <!-- Medication activity template -->
        <id root="ed5427c7-005f-41b6-b72a-8753360d11c4"/>
        <code code='IMMUNIZ' codeSystem='2.16.840.1.113883.5.4' codeSystemName='ActCode'/>
        <text>
          <reference value="#immunizations-desc-6"/>
        </text>
        <statusCode code="completed"/>
        <effectiveTime value="20180806012926"/>
        <doseQuantity nullFlavor="UNK"/>
        <consumable>
          <manufacturedProduct classCode="MANU">
            <templateId root="2.16.840.1.113883.10.20.22.4.54"/>
            <!-- Product template -->
            <manufacturedMaterial>
        <code  code="140" codeSystem="2.16.840.1.113883.12.292" displayName="Influenza, seasonal, injectable, preservative free">
          <originalText><reference value="#immunizations-desc-6"/></originalText>
          <translation code="140" codeSystem="2.16.840.1.113883.12.292" displayName="Influenza, seasonal, injectable, preservative free"/>
        </code>
              <name>Influenza, seasonal, injectable, preservative free</name>
            </manufacturedMaterial>
          </manufacturedProduct>
        </consumable>
      </substanceAdministration>
    </entry>
  </section>
</component>
<component>
  <!-- Imaging Studies: patient has no imaging studies -->
  <section nullFlavor="NI">
    <templateId root="2.16.840.1.113883.10.20.22.1.5"/>
    <code code="18748-4" codeSystem="2.16.840.1.113883.6.1" codeSystemName="LOINC" displayName="Diagnostic Imaging Report"/>
    <title>Imaging Studies</title>
    <text>There are no current imaging studies at the time of this document's creation.</text>
  </section>
</component>
<component>
  <!--Social History - CCDA-->
  <section>
    <templateId root="2.16.840.1.113883.10.20.22.2.17" extension="2015-08-01"/>
    <!-- Social history section template -->
    <code code="29762-2" codeSystem="2.16.840.1.113883.6.1"/>
    <title>Social History</title>
    <text>There is no current social history at the time of this document's creation.</text>
  </section>
</component>
    </structuredBody>
  </component>
</ClinicalDocument>

