{
  "resourceType": "Bundle",
  "type": "transaction",
  "entry": [ {
    "fullUrl": "urn:uuid:4850a0f4-3d3a-55de-5887-a104488c07aa",
    "resource": {
      "resourceType": "Patient",
      "id": "4850a0f4-3d3a-55de-5887-a104488c07aa",
      "text": {
        "status": "generated",
        "div": "<div xmlns=\"http://www.w3.org/1999/xhtml\">Generated by <a href=\"https://github.com/synthetichealth/synthea\">Synthea</a>.Version identifier: 7f899db\n .   Person seed: 5666854720527256409  Population seed: 1758804979953</div>"
      },
      "extension": [ {
        "url": "http://hl7.org/fhir/StructureDefinition/us-core-race",
        "valueCodeableConcept": {
          "coding": [ {
            "system": "http://hl7.org/fhir/v3/Race",
            "code": "2106-3",
            "display": "White"
          } ],
          "text": "White"
        }
      }, {
        "url": "http://hl7.org/fhir/StructureDefinition/us-core-ethnicity",
        "valueCodeableConcept": {
          "coding": [ {
            "system": "http://hl7.org/fhir/v3/Ethnicity",
            "code": "2186-5",
            "display": "Not Hispanic or Latino"
          } ],
          "text": "Not Hispanic or Latino"
        }
      }, {
        "url": "http://hl7.org/fhir/StructureDefinition/patient-mothersMaidenName",
        "valueString": "Zelma45 Bode78"
      }, {
        "url": "http://hl7.org/fhir/us/core/StructureDefinition/us-core-birthsex",
        "valueCode": "F"
      }, {
        "url": "http://hl7.org/fhir/StructureDefinition/birthPlace",
        "valueAddress": {
          "city": "Brimfield",
          "state": "Massachusetts",
          "country": "US"
        }
      }, {
        "url": "http://synthetichealth.github.io/synthea/disability-adjusted-life-years",
        "valueDecimal": 0.0
      }, {
        "url": "http://synthetichealth.github.io/synthea/quality-adjusted-life-years",
        "valueDecimal": 0.0
      } ],
      "identifier": [ {
        "system": "https://github.com/synthetichealth/synthea",
        "value": "4850a0f4-3d3a-55de-5887-a104488c07aa"
      }, {
        "type": {
          "coding": [ {
            "system": "http://hl7.org/fhir/v2/0203",
            "code": "MR"
          } ]
        },
        "system": "http://hospital.smarthealthit.org",
        "value": "4850a0f4-3d3a-55de-5887-a104488c07aa"
      }, {
        "type": {
          "coding": [ {
            "system": "http://hl7.org/fhir/identifier-type",
            "code": "SB"
          } ]
        },
        "system": "http://hl7.org/fhir/sid/us-ssn",
        "value": "999-36-6215"
      } ],
      "name": [ {
        "use": "official",
        "family": [ "Kreiger457" ],
        "given": [ "Angelyn934" ]
      } ],
      "telecom": [ {
        "system": "phone",
        "value": "555-121-6672",
        "use": "home"
      } ],
      "gender": "female",
      "birthDate": "2025-07-22",
      "address": [ {
        "extension": [ {
          "url": "http://hl7.org/fhir/StructureDefinition/geolocation",
          "extension": [ {
            "url": "latitude",
            "valueDecimal": 42.31323616762503
          }, {
            "url": "longitude",
            "valueDecimal": -71.48444016002692
          } ]
        } ],
        "line": [ "1002 D'Amore Course Suite 12" ],
        "city": "Framingham",
        "state": "Massachusetts",
        "postalCode": "01702",
        "country": "US"
      } ],
      "maritalStatus": {
        "coding": [ {
          "system": "http://hl7.org/fhir/v3/MaritalStatus",
          "code": "S"
        } ]
      },
      "multipleBirthBoolean": false,
      "communication": [ {
        "language": {
          "coding": [ {
            "system": "urn:ietf:bcp:47",
            "code": "en-US",
            "display": "English (United States)"
          } ],
          "text": "English (United States)"
        }
      } ]
    },
    "request": {
      "method": "POST",
      "url": "Patient"
    }
  }, {
    "fullUrl": "urn:uuid:46cadbee-7179-a05b-b260-95ad20891ede",
    "resource": {
      "resourceType": "Encounter",
      "id": "46cadbee-7179-a05b-b260-95ad20891ede",
      "status": "finished",
      "class": "ambulatory",
      "type": [ {
        "coding": [ {
          "system": "http://snomed.info/sct",
          "code": "410620009",
          "display": "Well child visit (procedure)"
        } ],
        "text": "Well child visit (procedure)"
      } ],
      "patient": {
        "reference": "urn:uuid:4850a0f4-3d3a-55de-5887-a104488c07aa"
      },
      "participant": [ {
        "individual": {
          "reference": "Practitioner?identifier=http://hl7.org/fhir/sid/us-npi|9999951798",
          "display": "Dr. Josue598 Flatley871"
        }
      } ],
      "period": {
        "start": "2025-07-22T10:14:20+00:00",
        "end": "2025-07-22T10:29:20+00:00"
      },
      "serviceProvider": {
        "reference": "Organization?identifier=https://github.com/synthetichealth/synthea|ca8a919a-05f9-3687-bfb6-42800a70031e",
        "display": "LIFE LINE COMMUNITY HEALTHCARE"
      }
    },
    "request": {
      "method": "POST",
      "url": "Encounter"
    }
  }, {
    "fullUrl": "urn:uuid:88577ccb-a5fb-c0ad-9d60-30524ab6b473",
    "resource": {
      "resourceType": "Condition",
      "id": "88577ccb-a5fb-c0ad-9d60-30524ab6b473",
      "patient": {
        "reference": "urn:uuid:4850a0f4-3d3a-55de-5887-a104488c07aa"
      },
      "encounter": {
        "reference": "urn:uuid:46cadbee-7179-a05b-b260-95ad20891ede"
      },
      "dateRecorded": "2025-07-22",
      "code": {
        "coding": [ {
          "system": "http://snomed.info/sct",
          "code": "314529007",
          "display": "Medication review due (situation)"
        } ],
        "text": "Medication review due (situation)"
      },
      "category": {
        "coding": [ {
          "system": "http://hl7.org/fhir/condition-category",
          "code": "diagnosis"
        } ]
      },
      "clinicalStatus": "resolved",
      "verificationStatus": "confirmed",
      "onsetDateTime": "2025-07-22T10:14:20+00:00",
      "abatementDateTime": "2025-08-26T10:14:20+00:00"
    },
    "request": {
      "method": "POST",
      "url": "Condition"
    }
  }, {
    "fullUrl": "urn:uuid:c90d096d-cfe5-31fd-28f2-d771c4c6dca7",
    "resource": {
      "resourceType": "Observation",
      "id": "c90d096d-cfe5-31fd-28f2-d771c4c6dca7",
      "status": "final",
      "category": {
        "coding": [ {
          "system": "http://hl7.org/fhir/observation-category",
          "code": "vital-signs",
          "display": "vital-signs"
        } ],
        "text": "vital-signs"
      },
      "code": {
        "coding": [ {
          "system": "http://loinc.org",
          "code": "8302-2",
          "display": "Body Height"
        } ],
        "text": "Body Height"
      },
      "subject": {
        "reference": "urn:uuid:4850a0f4-3d3a-55de-5887-a104488c07aa"
      },
      "encounter": {
        "reference": "urn:uuid:46cadbee-7179-a05b-b260-95ad20891ede"
      },
      "effectiveDateTime": "2025-07-22T10:14:20+00:00",
      "issued": "2025-07-22T10:14:20.501+00:00",
      "valueQuantity": {
        "value": 53.400,
        "unit": "cm",
        "system": "http://unitsofmeasure.org",
        "code": "cm"
      }
    },
    "request": {
      "method": "POST",
      "url": "Observation"
    }
  }, {
    "fullUrl": "urn:uuid:05164d3d-0270-dfe1-9634-35aa24351c6d",
    "resource": {
      "resourceType": "Observation",
      "id": "05164d3d-0270-dfe1-9634-35aa24351c6d",
      "status": "final",
      "category": {
        "coding": [ {
          "system": "http://hl7.org/fhir/observation-category",
          "code": "vital-signs",
          "display": "vital-signs"
        } ],
        "text": "vital-signs"
      },
      "code": {
        "coding": [ {
          "system": "http://loinc.org",
          "code": "72514-3",
          "display": "Pain severity - 0-10 verbal numeric rating [Score] - Reported"
        } ],
        "text": "Pain severity - 0-10 verbal numeric rating [Score] - Reported"
      },
      "subject": {
        "reference": "urn:uuid:4850a0f4-3d3a-55de-5887-a104488c07aa"
      },
      "encounter": {
        "reference": "urn:uuid:46cadbee-7179-a05b-b260-95ad20891ede"
      },
      "effectiveDateTime": "2025-07-22T10:14:20+00:00",
      "issued": "2025-07-22T10:14:20.501+00:00",
      "valueQuantity": {
        "value": 3,
        "unit": "{score}",
        "system": "http://unitsofmeasure.org",
        "code": "{score}"
      }
    },
    "request": {
      "method": "POST",
      "url": "Observation"
    }
  }, {
    "fullUrl": "urn:uuid:f0790b03-4ea0-4f4c-9b8c-e751473b12c4",
    "resource": {
      "resourceType": "Observation",
      "id": "f0790b03-4ea0-4f4c-9b8c-e751473b12c4",
      "status": "final",
      "category": {
        "coding": [ {
          "system": "http://hl7.org/fhir/observation-category",
          "code": "vital-signs",
          "display": "vital-signs"
        } ],
        "text": "vital-signs"
      },
      "code": {
        "coding": [ {
          "system": "http://loinc.org",
          "code": "29463-7",
          "display": "Body Weight"
        } ],
        "text": "Body Weight"
      },
      "subject": {
        "reference": "urn:uuid:4850a0f4-3d3a-55de-5887-a104488c07aa"
      },
      "encounter": {
        "reference": "urn:uuid:46cadbee-7179-a05b-b260-95ad20891ede"
      },
      "effectiveDateTime": "2025-07-22T10:14:20+00:00",
      "issued": "2025-07-22T10:14:20.501+00:00",
      "valueQuantity": {
        "value": 5.1000,
        "unit": "kg",
        "system": "http://unitsofmeasure.org",
        "code": "kg"
      }
    },
    "request": {
      "method": "POST",
      "url": "Observation"
    }
  }, {
    "fullUrl": "urn:uuid:3bc2ff09-e673-db1d-bdf8-1c4073110d48",
    "resource": {
      "resourceType": "Observation",
      "id": "3bc2ff09-e673-db1d-bdf8-1c4073110d48",
      "status": "final",
      "category": {
        "coding": [ {
          "system": "http://hl7.org/fhir/observation-category",
          "code": "vital-signs",
          "display": "vital-signs"
        } ],
        "text": "vital-signs"
      },
      "code": {
        "coding": [ {
          "system": "http://loinc.org",
          "code": "77606-2",
          "display": "Weight-for-length Per age and sex"
        } ],
        "text": "Weight-for-length Per age and sex"
      },
      "subject": {
        "reference": "urn:uuid:4850a0f4-3d3a-55de-5887-a104488c07aa"
      },
      "encounter": {
        "reference": "urn:uuid:46cadbee-7179-a05b-b260-95ad20891ede"
      },
      "effectiveDateTime": "2025-07-22T10:14:20+00:00",
      "issued": "2025-07-22T10:14:20.501+00:00",
      "valueQuantity": {
        "value": 97.507,
        "unit": "%",
        "system": "http://unitsofmeasure.org",
        "code": "%"
      }
    },
    "request": {
      "method": "POST",
      "url": "Observation"
    }
  }, {
    "fullUrl": "urn:uuid:c38f110b-115a-f51f-7e3f-a0a941cc1815",
    "resource": {
      "resourceType": "Observation",
      "id": "c38f110b-115a-f51f-7e3f-a0a941cc1815",
      "status": "final",
      "category": {
        "coding": [ {
          "system": "http://hl7.org/fhir/observation-category",
          "code": "vital-signs",
          "display": "vital-signs"
        } ],
        "text": "vital-signs"
      },
      "code": {
        "coding": [ {
          "system": "http://loinc.org",
          "code": "8289-1",
          "display": "Head Occipital-frontal circumference Percentile"
        } ],
        "text": "Head Occipital-frontal circumference Percentile"
      },
      "subject": {
        "reference": "urn:uuid:4850a0f4-3d3a-55de-5887-a104488c07aa"
      },
      "encounter": {
        "reference": "urn:uuid:46cadbee-7179-a05b-b260-95ad20891ede"
      },
      "effectiveDateTime": "2025-07-22T10:14:20+00:00",
      "issued": "2025-07-22T10:14:20.501+00:00",
      "valueQuantity": {
        "value": 78.110,
        "unit": "%",
        "system": "http://unitsofmeasure.org",
        "code": "%"
      }
    },
    "request": {
      "method": "POST",
      "url": "Observation"
    }
  }, {
    "fullUrl": "urn:uuid:0cbb7e27-beda-2f91-a1d9-509962c82e48",
    "resource": {
      "resourceType": "Observation",
      "id": "0cbb7e27-beda-2f91-a1d9-509962c82e48",
      "status": "final",
      "category": {
        "coding": [ {
          "system": "http://hl7.org/fhir/observation-category",
          "code": "vital-signs",
          "display": "vital-signs"
        } ],
        "text": "vital-signs"
      },
      "code": {
        "coding": [ {
          "system": "http://loinc.org",
          "code": "9843-4",
          "display": "Head Occipital-frontal circumference"
        } ],
        "text": "Head Occipital-frontal circumference"
      },
      "subject": {
        "reference": "urn:uuid:4850a0f4-3d3a-55de-5887-a104488c07aa"
      },
      "encounter": {
        "reference": "urn:uuid:46cadbee-7179-a05b-b260-95ad20891ede"
      },
      "effectiveDateTime": "2025-07-22T10:14:20+00:00",
      "issued": "2025-07-22T10:14:20.501+00:00",
      "valueQuantity": {
        "value": 36.030,
        "unit": "cm",
        "system": "http://unitsofmeasure.org",
        "code": "cm"
      }
    },
    "request": {
      "method": "POST",
      "url": "Observation"
    }
  }, {
    "fullUrl": "urn:uuid:963df280-3083-86ac-852d-2b69631cf636",
    "resource": {
      "resourceType": "Observation",
      "id": "963df280-3083-86ac-852d-2b69631cf636",
      "status": "final",
      "category": {
        "coding": [ {
          "system": "http://hl7.org/fhir/observation-category",
          "code": "vital-signs",
          "display": "vital-signs"
        } ],
        "text": "vital-signs"
      },
      "code": {
        "coding": [ {
          "system": "http://loinc.org",
          "code": "85354-9",
          "display": "Blood pressure panel with all children optional"
        } ],
        "text": "Blood pressure panel with all children optional"
      },
      "subject": {
        "reference": "urn:uuid:4850a0f4-3d3a-55de-5887-a104488c07aa"
      },
      "encounter": {
        "reference": "urn:uuid:46cadbee-7179-a05b-b260-95ad20891ede"
      },
      "effectiveDateTime": "2025-07-22T10:14:20+00:00",
      "issued": "2025-07-22T10:14:20.501+00:00",
      "component": [ {
        "code": {
          "coding": [ {
            "system": "http://loinc.org",
            "code": "8462-4",
            "display": "Diastolic Blood Pressure"
          } ],
          "text": "Diastolic Blood Pressure"
        },
        "valueQuantity": {
          "value": 99,
          "unit": "mm[Hg]",
          "system": "http://unitsofmeasure.org",
          "code": "mm[Hg]"
        }
      }, {
        "code": {
          "coding": [ {
            "system": "http://loinc.org",
            "code": "8480-6",
            "display": "Systolic Blood Pressure"
          } ],
          "text": "Systolic Blood Pressure"
        },
        "valueQuantity": {
          "value": 131,
          "unit": "mm[Hg]",
          "system": "http://unitsofmeasure.org",
          "code": "mm[Hg]"
        }
      } ]
    },
    "request": {
      "method": "POST",
      "url": "Observation"
    }
  }, {
    "fullUrl": "urn:uuid:12b848ae-4ce3-562e-9a26-e293ef110ea8",
    "resource": {
      "resourceType": "Observation",
      "id": "12b848ae-4ce3-562e-9a26-e293ef110ea8",
      "status": "final",
      "category": {
        "coding": [ {
          "system": "http://hl7.org/fhir/observation-category",
          "code": "vital-signs",
          "display": "vital-signs"
        } ],
        "text": "vital-signs"
      },
      "code": {
        "coding": [ {
          "system": "http://loinc.org",
          "code": "8867-4",
          "display": "Heart rate"
        } ],
        "text": "Heart rate"
      },
      "subject": {
        "reference": "urn:uuid:4850a0f4-3d3a-55de-5887-a104488c07aa"
      },
      "encounter": {
        "reference": "urn:uuid:46cadbee-7179-a05b-b260-95ad20891ede"
      },
      "effectiveDateTime": "2025-07-22T10:14:20+00:00",
      "issued": "2025-07-22T10:14:20.501+00:00",
      "valueQuantity": {
        "value": 71,
        "unit": "/min",
        "system": "http://unitsofmeasure.org",
        "code": "/min"
      }
    },
    "request": {
      "method": "POST",
      "url": "Observation"
    }
  }, {
    "fullUrl": "urn:uuid:6e5dbbd6-9b82-5170-2a94-202a303ceb8e",
    "resource": {
      "resourceType": "Observation",
      "id": "6e5dbbd6-9b82-5170-2a94-202a303ceb8e",
      "status": "final",
      "category": {
        "coding": [ {
          "system": "http://hl7.org/fhir/observation-category",
          "code": "vital-signs",
          "display": "vital-signs"
        } ],
        "text": "vital-signs"
      },
      "code": {
        "coding": [ {
          "system": "http://loinc.org",
          "code": "9279-1",
          "display": "Respiratory rate"
        } ],
        "text": "Respiratory rate"
      },
      "subject": {
        "reference": "urn:uuid:4850a0f4-3d3a-55de-5887-a104488c07aa"
      },
      "encounter": {
        "reference": "urn:uuid:46cadbee-7179-a05b-b260-95ad20891ede"
      },
      "effectiveDateTime": "2025-07-22T10:14:20+00:00",
      "issued": "2025-07-22T10:14:20.501+00:00",
      "valueQuantity": {
        "value": 13,
        "unit": "/min",
        "system": "http://unitsofmeasure.org",
        "code": "/min"
      }
    },
    "request": {
      "method": "POST",
      "url": "Observation"
    }
  }, {
    "fullUrl": "urn:uuid:5f4d899f-f095-7336-f1d5-c05c6fe9222e",
    "resource": {
      "resourceType": "Observation",
      "id": "5f4d899f-f095-7336-f1d5-c05c6fe9222e",
      "status": "final",
      "category": {
        "coding": [ {
          "system": "http://hl7.org/fhir/observation-category",
          "code": "laboratory",
          "display": "laboratory"
        } ],
        "text": "laboratory"
      },
      "code": {
        "coding": [ {
          "system": "http://loinc.org",
          "code": "6690-2",
          "display": "Leukocytes [#/volume] in Blood by Automated count"
        } ],
        "text": "Leukocytes [#/volume] in Blood by Automated count"
      },
      "subject": {
        "reference": "urn:uuid:4850a0f4-3d3a-55de-5887-a104488c07aa"
      },
      "encounter": {
        "reference": "urn:uuid:46cadbee-7179-a05b-b260-95ad20891ede"
      },
      "effectiveDateTime": "2025-07-22T10:14:20+00:00",
      "issued": "2025-07-22T10:14:20.501+00:00",
      "valueQuantity": {
        "value": 6.4785,
        "unit": "10*3/uL",
        "system": "http://unitsofmeasure.org",
        "code": "10*3/uL"
      }
    },
    "request": {
      "method": "POST",
      "url": "Observation"
    }
  }, {
    "fullUrl": "urn:uuid:ef734c58-b1a0-2daa-a901-4ab7951ec2d0",
    "resource": {
      "resourceType": "Observation",
      "id": "ef734c58-b1a0-2daa-a901-4ab7951ec2d0",
      "status": "final",
      "category": {
        "coding": [ {
          "system": "http://hl7.org/fhir/observation-category",
          "code": "laboratory",
          "display": "laboratory"
        } ],
        "text": "laboratory"
      },
      "code": {
        "coding": [ {
          "system": "http://loinc.org",
          "code": "789-8",
          "display": "Erythrocytes [#/volume] in Blood by Automated count"
        } ],
        "text": "Erythrocytes [#/volume] in Blood by Automated count"
      },
      "subject": {
        "reference": "urn:uuid:4850a0f4-3d3a-55de-5887-a104488c07aa"
      },
      "encounter": {
        "reference": "urn:uuid:46cadbee-7179-a05b-b260-95ad20891ede"
      },
      "effectiveDateTime": "2025-07-22T10:14:20+00:00",
      "issued": "2025-07-22T10:14:20.501+00:00",
      "valueQuantity": {
        "value": 4.7698,
        "unit": "10*6/uL",
        "system": "http://unitsofmeasure.org",
        "code": "10*6/uL"
      }
    },
    "request": {
      "method": "POST",
      "url": "Observation"
    }
  }, {
    "fullUrl": "urn:uuid:67661038-698e-03e6-e1fc-599aacddd0d2",
    "resource": {
      "resourceType": "Observation",
      "id": "67661038-698e-03e6-e1fc-599aacddd0d2",
      "status": "final",
      "category": {
        "coding": [ {
          "system": "http://hl7.org/fhir/observation-category",
          "code": "laboratory",
          "display": "laboratory"
        } ],
        "text": "laboratory"
      },
      "code": {
        "coding": [ {
          "system": "http://loinc.org",
          "code": "718-7",
          "display": "Hemoglobin [Mass/volume] in Blood"
        } ],
        "text": "Hemoglobin [Mass/volume] in Blood"
      },
      "subject": {
        "reference": "urn:uuid:4850a0f4-3d3a-55de-5887-a104488c07aa"
      },
      "encounter": {
        "reference": "urn:uuid:46cadbee-7179-a05b-b260-95ad20891ede"
      },
      "effectiveDateTime": "2025-07-22T10:14:20+00:00",
      "issued": "2025-07-22T10:14:20.501+00:00",
      "valueQuantity": {
        "value": 12.336,
        "unit": "g/dL",
        "system": "http://unitsofmeasure.org",
        "code": "g/dL"
      }
    },
    "request": {
      "method": "POST",
      "url": "Observation"
    }
  }, {
    "fullUrl": "urn:uuid:81dc760a-346c-1fcd-9432-0b12e5b53d1a",
    "resource": {
      "resourceType": "Observation",
      "id": "81dc760a-346c-1fcd-9432-0b12e5b53d1a",
      "status": "final",
      "category": {
        "coding": [ {
          "system": "http://hl7.org/fhir/observation-category",
          "code": "laboratory",
          "display": "laboratory"
        } ],
        "text": "laboratory"
      },
      "code": {
        "coding": [ {
          "system": "http://loinc.org",
          "code": "4544-3",
          "display": "Hematocrit [Volume Fraction] of Blood by Automated count"
        } ],
        "text": "Hematocrit [Volume Fraction] of Blood by Automated count"
      },
      "subject": {
        "reference": "urn:uuid:4850a0f4-3d3a-55de-5887-a104488c07aa"
      },
      "encounter": {
        "reference": "urn:uuid:46cadbee-7179-a05b-b260-95ad20891ede"
      },
      "effectiveDateTime": "2025-07-22T10:14:20+00:00",
      "issued": "2025-07-22T10:14:20.501+00:00",
      "valueQuantity": {
        "value": 43.623,
        "unit": "%",
        "system": "http://unitsofmeasure.org",
        "code": "%"
      }
    },
    "request": {
      "method": "POST",
      "url": "Observation"
    }
  }, {
    "fullUrl": "urn:uuid:f8a3bc81-2b0d-ff49-8a26-8e7baf26165e",
    "resource": {
      "resourceType": "Observation",
      "id": "f8a3bc81-2b0d-ff49-8a26-8e7baf26165e",
      "status": "final",
      "category": {
        "coding": [ {
          "system": "http://hl7.org/fhir/observation-category",
          "code": "laboratory",
          "display": "laboratory"
        } ],
        "text": "laboratory"
      },
      "code": {
        "coding": [ {
          "system": "http://loinc.org",
          "code": "787-2",
          "display": "MCV [Entitic volume] by Automated count"
        } ],
        "text": "MCV [Entitic volume] by Automated count"
      },
      "subject": {
        "reference": "urn:uuid:4850a0f4-3d3a-55de-5887-a104488c07aa"
      },
      "encounter": {
        "reference": "urn:uuid:46cadbee-7179-a05b-b260-95ad20891ede"
      },
      "effectiveDateTime": "2025-07-22T10:14:20+00:00",
      "issued": "2025-07-22T10:14:20.501+00:00",
      "valueQuantity": {
        "value": 86.021,
        "unit": "fL",
        "system": "http://unitsofmeasure.org",
        "code": "fL"
      }
    },
    "request": {
      "method": "POST",
      "url": "Observation"
    }
  }, {
    "fullUrl": "urn:uuid:2ba60e42-d1fe-9ac6-08dd-ec31ff815254",
    "resource": {
      "resourceType": "Observation",
      "id": "2ba60e42-d1fe-9ac6-08dd-ec31ff815254",
      "status": "final",
      "category": {
        "coding": [ {
          "system": "http://hl7.org/fhir/observation-category",
          "code": "laboratory",
          "display": "laboratory"
        } ],
        "text": "laboratory"
      },
      "code": {
        "coding": [ {
          "system": "http://loinc.org",
          "code": "785-6",
          "display": "MCH [Entitic mass] by Automated count"
        } ],
        "text": "MCH [Entitic mass] by Automated count"
      },
      "subject": {
        "reference": "urn:uuid:4850a0f4-3d3a-55de-5887-a104488c07aa"
      },
      "encounter": {
        "reference": "urn:uuid:46cadbee-7179-a05b-b260-95ad20891ede"
      },
      "effectiveDateTime": "2025-07-22T10:14:20+00:00",
      "issued": "2025-07-22T10:14:20.501+00:00",
      "valueQuantity": {
        "value": 27.258,
        "unit": "pg",
        "system": "http://unitsofmeasure.org",
        "code": "pg"
      }
    },
    "request": {
      "method": "POST",
      "url": "Observation"
    }
  }, {
    "fullUrl": "urn:uuid:c0217661-e5c3-22b7-9396-feae6482904f",
    "resource": {
      "resourceType": "Observation",
      "id": "c0217661-e5c3-22b7-9396-feae6482904f",
      "status": "final",
      "category": {
        "coding": [ {
          "system": "http://hl7.org/fhir/observation-category",
          "code": "laboratory",
          "display": "laboratory"
        } ],
        "text": "laboratory"
      },
      "code": {
        "coding": [ {
          "system": "http://loinc.org",
          "code": "786-4",
          "display": "MCHC [Mass/volume] by Automated count"
        } ],
        "text": "MCHC [Mass/volume] by Automated count"
      },
      "subject": {
        "reference": "urn:uuid:4850a0f4-3d3a-55de-5887-a104488c07aa"
      },
      "encounter": {
        "reference": "urn:uuid:46cadbee-7179-a05b-b260-95ad20891ede"
      },
      "effectiveDateTime": "2025-07-22T10:14:20+00:00",
      "issued": "2025-07-22T10:14:20.501+00:00",
      "valueQuantity": {
        "value": 33.510,
        "unit": "g/dL",
        "system": "http://unitsofmeasure.org",
        "code": "g/dL"
      }
    },
    "request": {
      "method": "POST",
      "url": "Observation"
    }
  }, {
    "fullUrl": "urn:uuid:89899015-6b44-440b-acbd-99b13a5df1fa",
    "resource": {
      "resourceType": "Observation",
      "id": "89899015-6b44-440b-acbd-99b13a5df1fa",
      "status": "final",
      "category": {
        "coding": [ {
          "system": "http://hl7.org/fhir/observation-category",
          "code": "laboratory",
          "display": "laboratory"
        } ],
        "text": "laboratory"
      },
      "code": {
        "coding": [ {
          "system": "http://loinc.org",
          "code": "21000-5",
          "display": "Erythrocyte distribution width [Entitic volume] by Automated count"
        } ],
        "text": "Erythrocyte distribution width [Entitic volume] by Automated count"
      },
      "subject": {
        "reference": "urn:uuid:4850a0f4-3d3a-55de-5887-a104488c07aa"
      },
      "encounter": {
        "reference": "urn:uuid:46cadbee-7179-a05b-b260-95ad20891ede"
      },
      "effectiveDateTime": "2025-07-22T10:14:20+00:00",
      "issued": "2025-07-22T10:14:20.501+00:00",
      "valueQuantity": {
        "value": 43.803,
        "unit": "fL",
        "system": "http://unitsofmeasure.org",
        "code": "fL"
      }
    },
    "request": {
      "method": "POST",
      "url": "Observation"
    }
  }, {
    "fullUrl": "urn:uuid:f9031fbf-27be-23dd-12fa-b73cc297012f",
    "resource": {
      "resourceType": "Observation",
      "id": "f9031fbf-27be-23dd-12fa-b73cc297012f",
      "status": "final",
      "category": {
        "coding": [ {
          "system": "http://hl7.org/fhir/observation-category",
          "code": "laboratory",
          "display": "laboratory"
        } ],
        "text": "laboratory"
      },
      "code": {
        "coding": [ {
          "system": "http://loinc.org",
          "code": "777-3",
          "display": "Platelets [#/volume] in Blood by Automated count"
        } ],
        "text": "Platelets [#/volume] in Blood by Automated count"
      },
      "subject": {
        "reference": "urn:uuid:4850a0f4-3d3a-55de-5887-a104488c07aa"
      },
      "encounter": {
        "reference": "urn:uuid:46cadbee-7179-a05b-b260-95ad20891ede"
      },
      "effectiveDateTime": "2025-07-22T10:14:20+00:00",
      "issued": "2025-07-22T10:14:20.501+00:00",
      "valueQuantity": {
        "value": 323.87,
        "unit": "10*3/uL",
        "system": "http://unitsofmeasure.org",
        "code": "10*3/uL"
      }
    },
    "request": {
      "method": "POST",
      "url": "Observation"
    }
  }, {
    "fullUrl": "urn:uuid:ac0712a7-7032-80c3-7450-83932811a220",
    "resource": {
      "resourceType": "Observation",
      "id": "ac0712a7-7032-80c3-7450-83932811a220",
      "status": "final",
      "category": {
        "coding": [ {
          "system": "http://hl7.org/fhir/observation-category",
          "code": "laboratory",
          "display": "laboratory"
        } ],
        "text": "laboratory"
      },
      "code": {
        "coding": [ {
          "system": "http://loinc.org",
          "code": "32207-3",
          "display": "Platelet distribution width [Entitic volume] in Blood by Automated count"
        } ],
        "text": "Platelet distribution width [Entitic volume] in Blood by Automated count"
      },
      "subject": {
        "reference": "urn:uuid:4850a0f4-3d3a-55de-5887-a104488c07aa"
      },
      "encounter": {
        "reference": "urn:uuid:46cadbee-7179-a05b-b260-95ad20891ede"
      },
      "effectiveDateTime": "2025-07-22T10:14:20+00:00",
      "issued": "2025-07-22T10:14:20.501+00:00",
      "valueQuantity": {
        "value": 314.43,
        "unit": "fL",
        "system": "http://unitsofmeasure.org",
        "code": "fL"
      }
    },
    "request": {
      "method": "POST",
      "url": "Observation"
    }
  }, {
    "fullUrl": "urn:uuid:6ea837f5-0933-b488-e811-187208bad743",
    "resource": {
      "resourceType": "Observation",
      "id": "6ea837f5-0933-b488-e811-187208bad743",
      "status": "final",
      "category": {
        "coding": [ {
          "system": "http://hl7.org/fhir/observation-category",
          "code": "laboratory",
          "display": "laboratory"
        } ],
        "text": "laboratory"
      },
      "code": {
        "coding": [ {
          "system": "http://loinc.org",
          "code": "32623-1",
          "display": "Platelet mean volume [Entitic volume] in Blood by Automated count"
        } ],
        "text": "Platelet mean volume [Entitic volume] in Blood by Automated count"
      },
      "subject": {
        "reference": "urn:uuid:4850a0f4-3d3a-55de-5887-a104488c07aa"
      },
      "encounter": {
        "reference": "urn:uuid:46cadbee-7179-a05b-b260-95ad20891ede"
      },
      "effectiveDateTime": "2025-07-22T10:14:20+00:00",
      "issued": "2025-07-22T10:14:20.501+00:00",
      "valueQuantity": {
        "value": 11.596,
        "unit": "fL",
        "system": "http://unitsofmeasure.org",
        "code": "fL"
      }
    },
    "request": {
      "method": "POST",
      "url": "Observation"
    }
  }, {
    "fullUrl": "urn:uuid:03d9f53e-fb07-b0c5-3802-035b47fe8da4",
    "resource": {
      "resourceType": "Observation",
      "id": "03d9f53e-fb07-b0c5-3802-035b47fe8da4",
      "status": "final",
      "category": {
        "coding": [ {
          "system": "http://hl7.org/fhir/observation-category",
          "code": "social-history",
          "display": "social-history"
        } ],
        "text": "social-history"
      },
      "code": {
        "coding": [ {
          "system": "http://loinc.org",
          "code": "72166-2",
          "display": "Tobacco smoking status"
        } ],
        "text": "Tobacco smoking status"
      },
      "subject": {
        "reference": "urn:uuid:4850a0f4-3d3a-55de-5887-a104488c07aa"
      },
      "encounter": {
        "reference": "urn:uuid:46cadbee-7179-a05b-b260-95ad20891ede"
      },
      "effectiveDateTime": "2025-07-22T10:14:20+00:00",
      "issued": "2025-07-22T10:14:20.501+00:00",
      "valueCodeableConcept": {
        "coding": [ {
          "system": "http://snomed.info/sct",
          "code": "266919005",
          "display": "Never smoked tobacco (finding)"
        } ],
        "text": "Never smoked tobacco (finding)"
      }
    },
    "request": {
      "method": "POST",
      "url": "Observation"
    }
  }, {
    "fullUrl": "urn:uuid:c6387065-c78a-a011-7de8-2d40a09755ed",
    "resource": {
      "resourceType": "Immunization",
      "id": "c6387065-c78a-a011-7de8-2d40a09755ed",
      "status": "completed",
      "date": "2025-07-22T10:14:20+00:00",
      "vaccineCode": {
        "coding": [ {
          "system": "http://hl7.org/fhir/sid/cvx",
          "code": "08",
          "display": "Hep B, adolescent or pediatric"
        } ],
        "text": "Hep B, adolescent or pediatric"
      },
      "patient": {
        "reference": "urn:uuid:4850a0f4-3d3a-55de-5887-a104488c07aa"
      },
      "wasNotGiven": false,
      "reported": false,
      "encounter": {
        "reference": "urn:uuid:46cadbee-7179-a05b-b260-95ad20891ede"
      }
    },
    "request": {
      "method": "POST",
      "url": "Immunization"
    }
  }, {
    "fullUrl": "urn:uuid:22f73037-58f0-896c-85a8-30cbba2a3b34",
    "resource": {
      "resourceType": "DiagnosticReport",
      "id": "22f73037-58f0-896c-85a8-30cbba2a3b34",
      "status": "final",
      "category": {
        "coding": [ {
          "system": "http://hl7.org/fhir/ValueSet/diagnostic-service-sections",
          "code": "LAB"
        } ]
      },
      "code": {
        "coding": [ {
          "system": "http://loinc.org",
          "code": "58410-2",
          "display": "CBC panel - Blood by Automated count"
        } ],
        "text": "CBC panel - Blood by Automated count"
      },
      "subject": {
        "reference": "urn:uuid:4850a0f4-3d3a-55de-5887-a104488c07aa"
      },
      "encounter": {
        "reference": "urn:uuid:46cadbee-7179-a05b-b260-95ad20891ede"
      },
      "effectiveDateTime": "2025-07-22T10:14:20+00:00",
      "issued": "2025-07-22T10:14:20.501+00:00",
      "performer": {
        "reference": "Organization?identifier=https://github.com/synthetichealth/synthea|ca8a919a-05f9-3687-bfb6-42800a70031e",
        "display": "LIFE LINE COMMUNITY HEALTHCARE"
      },
      "result": [ {
        "reference": "urn:uuid:6ea837f5-0933-b488-e811-187208bad743",
        "display": "Platelet mean volume [Entitic volume] in Blood by Automated count"
      } ]
    },
    "request": {
      "method": "POST",
      "url": "DiagnosticReport"
    }
  }, {
    "fullUrl": "urn:uuid:17f685a2-5d46-06d5-ba38-45b6bb22f5eb",
    "resource": {
      "resourceType": "Claim",
      "id": "17f685a2-5d46-06d5-ba38-45b6bb22f5eb",
      "type": "institutional",
      "organization": {
        "reference": "Organization?identifier=https://github.com/synthetichealth/synthea|ca8a919a-05f9-3687-bfb6-42800a70031e",
        "display": "LIFE LINE COMMUNITY HEALTHCARE"
      },
      "use": "complete",
      "diagnosis": [ {
        "sequence": 1,
        "diagnosis": {
          "system": "http://snomed.info/sct",
          "code": "314529007",
          "display": "Medication review due (situation)"
        }
      } ],
      "patient": {
        "reference": "urn:uuid:4850a0f4-3d3a-55de-5887-a104488c07aa"
      },
      "item": [ {
        "sequence": 1,
        "type": {
          "system": "http://hl7.org/fhir/v3/ActCode",
          "code": "CSINV",
          "display": "clinical service invoice"
        },
        "service": {
          "system": "http://snomed.info/sct",
          "code": "410620009",
          "display": "Well child visit (procedure)"
        }
      }, {
        "sequence": 2,
        "type": {
          "system": "http://hl7.org/fhir/v3/ActCode",
          "code": "CSINV",
          "display": "clinical service invoice"
        },
        "service": {
          "system": "http://hl7.org/fhir/sid/cvx",
          "code": "08",
          "display": "Hep B, adolescent or pediatric"
        },
        "net": {
          "value": 136.00,
          "system": "urn:iso:std:iso:4217",
          "code": "USD"
        }
      }, {
        "sequence": 4,
        "type": {
          "system": "http://hl7.org/fhir/v3/ActCode",
          "code": "CSINV",
          "display": "clinical service invoice"
        },
        "service": {
          "system": "http://loinc.org",
          "code": "58410-2",
          "display": "CBC panel - Blood by Automated count"
        },
        "net": {
          "value": 74.58,
          "system": "urn:iso:std:iso:4217",
          "code": "USD"
        }
      } ]
    },
    "request": {
      "method": "POST",
      "url": "Claim"
    }
  }, {
    "fullUrl": "urn:uuid:8d8810d9-9c94-3fa6-fa91-85f061f1a77f",
    "resource": {
      "resourceType": "Encounter",
      "id": "8d8810d9-9c94-3fa6-fa91-85f061f1a77f",
      "status": "finished",
      "class": "ambulatory",
      "type": [ {
        "coding": [ {
          "system": "http://snomed.info/sct",
          "code": "410620009",
          "display": "Well child visit (procedure)"
        } ],
        "text": "Well child visit (procedure)"
      } ],
      "patient": {
        "reference": "urn:uuid:4850a0f4-3d3a-55de-5887-a104488c07aa"
      },
      "participant": [ {
        "individual": {
          "reference": "Practitioner?identifier=http://hl7.org/fhir/sid/us-npi|9999951798",
          "display": "Dr. Josue598 Flatley871"
        }
      } ],
      "period": {
        "start": "2025-08-26T10:14:20+00:00",
        "end": "2025-08-26T10:29:20+00:00"
      },
      "serviceProvider": {
        "reference": "Organization?identifier=https://github.com/synthetichealth/synthea|ca8a919a-05f9-3687-bfb6-42800a70031e",
        "display": "LIFE LINE COMMUNITY HEALTHCARE"
      }
    },
    "request": {
      "method": "POST",
      "url": "Encounter"
    }
  }, {
    "fullUrl": "urn:uuid:fb27432c-475f-029b-7689-7bbf9c4e2f90",
    "resource": {
      "resourceType": "Observation",
      "id": "fb27432c-475f-029b-7689-7bbf9c4e2f90",
      "status": "final",
      "category": {
        "coding": [ {
          "system": "http://hl7.org/fhir/observation-category",
          "code": "vital-signs",
          "display": "vital-signs"
        } ],
        "text": "vital-signs"
      },
      "code": {
        "coding": [ {
          "system": "http://loinc.org",
          "code": "8302-2",
          "display": "Body Height"
        } ],
        "text": "Body Height"
      },
      "subject": {
        "reference": "urn:uuid:4850a0f4-3d3a-55de-5887-a104488c07aa"
      },
      "encounter": {
        "reference": "urn:uuid:8d8810d9-9c94-3fa6-fa91-85f061f1a77f"
      },
      "effectiveDateTime": "2025-08-26T10:14:20+00:00",
      "issued": "2025-08-26T10:14:20.501+00:00",
      "valueQuantity": {
        "value": 57,
        "unit": "cm",
        "system": "http://unitsofmeasure.org",
        "code": "cm"
      }
    },
    "request": {
      "method": "POST",
      "url": "Observation"
    }
  }, {
    "fullUrl": "urn:uuid:babe81f7-b446-1f38-a5fd-556c1d1c8f96",
    "resource": {
      "resourceType": "Observation",
      "id": "babe81f7-b446-1f38-a5fd-556c1d1c8f96",
      "status": "final",
      "category": {
        "coding": [ {
          "system": "http://hl7.org/fhir/observation-category",
          "code": "vital-signs",
          "display": "vital-signs"
        } ],
        "text": "vital-signs"
      },
      "code": {
        "coding": [ {
          "system": "http://loinc.org",
          "code": "72514-3",
          "display": "Pain severity - 0-10 verbal numeric rating [Score] - Reported"
        } ],
        "text": "Pain severity - 0-10 verbal numeric rating [Score] - Reported"
      },
      "subject": {
        "reference": "urn:uuid:4850a0f4-3d3a-55de-5887-a104488c07aa"
      },
      "encounter": {
        "reference": "urn:uuid:8d8810d9-9c94-3fa6-fa91-85f061f1a77f"
      },
      "effectiveDateTime": "2025-08-26T10:14:20+00:00",
      "issued": "2025-08-26T10:14:20.501+00:00",
      "valueQuantity": {
        "value": 4,
        "unit": "{score}",
        "system": "http://unitsofmeasure.org",
        "code": "{score}"
      }
    },
    "request": {
      "method": "POST",
      "url": "Observation"
    }
  }, {
    "fullUrl": "urn:uuid:cba353c8-631f-0e70-68ef-2086d9808766",
    "resource": {
      "resourceType": "Observation",
      "id": "cba353c8-631f-0e70-68ef-2086d9808766",
      "status": "final",
      "category": {
        "coding": [ {
          "system": "http://hl7.org/fhir/observation-category",
          "code": "vital-signs",
          "display": "vital-signs"
        } ],
        "text": "vital-signs"
      },
      "code": {
        "coding": [ {
          "system": "http://loinc.org",
          "code": "29463-7",
          "display": "Body Weight"
        } ],
        "text": "Body Weight"
      },
      "subject": {
        "reference": "urn:uuid:4850a0f4-3d3a-55de-5887-a104488c07aa"
      },
      "encounter": {
        "reference": "urn:uuid:8d8810d9-9c94-3fa6-fa91-85f061f1a77f"
      },
      "effectiveDateTime": "2025-08-26T10:14:20+00:00",
      "issued": "2025-08-26T10:14:20.501+00:00",
      "valueQuantity": {
        "value": 6.1000,
        "unit": "kg",
        "system": "http://unitsofmeasure.org",
        "code": "kg"
      }
    },
    "request": {
      "method": "POST",
      "url": "Observation"
    }
  }, {
    "fullUrl": "urn:uuid:1cc00665-8396-7ffa-6467-fd0ff94219d9",
    "resource": {
      "resourceType": "Observation",
      "id": "1cc00665-8396-7ffa-6467-fd0ff94219d9",
      "status": "final",
      "category": {
        "coding": [ {
          "system": "http://hl7.org/fhir/observation-category",
          "code": "vital-signs",
          "display": "vital-signs"
        } ],
        "text": "vital-signs"
      },
      "code": {
        "coding": [ {
          "system": "http://loinc.org",
          "code": "77606-2",
          "display": "Weight-for-length Per age and sex"
        } ],
        "text": "Weight-for-length Per age and sex"
      },
      "subject": {
        "reference": "urn:uuid:4850a0f4-3d3a-55de-5887-a104488c07aa"
      },
      "encounter": {
        "reference": "urn:uuid:8d8810d9-9c94-3fa6-fa91-85f061f1a77f"
      },
      "effectiveDateTime": "2025-08-26T10:14:20+00:00",
      "issued": "2025-08-26T10:14:20.501+00:00",
      "valueQuantity": {
        "value": 94.618,
        "unit": "%",
        "system": "http://unitsofmeasure.org",
        "code": "%"
      }
    },
    "request": {
      "method": "POST",
      "url": "Observation"
    }
  }, {
    "fullUrl": "urn:uuid:8344bb2c-1ea4-8061-d4d8-a635d8d35ac4",
    "resource": {
      "resourceType": "Observation",
      "id": "8344bb2c-1ea4-8061-d4d8-a635d8d35ac4",
      "status": "final",
      "category": {
        "coding": [ {
          "system": "http://hl7.org/fhir/observation-category",
          "code": "vital-signs",
          "display": "vital-signs"
        } ],
        "text": "vital-signs"
      },
      "code": {
        "coding": [ {
          "system": "http://loinc.org",
          "code": "8289-1",
          "display": "Head Occipital-frontal circumference Percentile"
        } ],
        "text": "Head Occipital-frontal circumference Percentile"
      },
      "subject": {
        "reference": "urn:uuid:4850a0f4-3d3a-55de-5887-a104488c07aa"
      },
      "encounter": {
        "reference": "urn:uuid:8d8810d9-9c94-3fa6-fa91-85f061f1a77f"
      },
      "effectiveDateTime": "2025-08-26T10:14:20+00:00",
      "issued": "2025-08-26T10:14:20.501+00:00",
      "valueQuantity": {
        "value": 78.110,
        "unit": "%",
        "system": "http://unitsofmeasure.org",
        "code": "%"
      }
    },
    "request": {
      "method": "POST",
      "url": "Observation"
    }
  }, {
    "fullUrl": "urn:uuid:4b5f93c0-039c-f14c-01ba-dc1c429beb79",
    "resource": {
      "resourceType": "Observation",
      "id": "4b5f93c0-039c-f14c-01ba-dc1c429beb79",
      "status": "final",
      "category": {
        "coding": [ {
          "system": "http://hl7.org/fhir/observation-category",
          "code": "vital-signs",
          "display": "vital-signs"
        } ],
        "text": "vital-signs"
      },
      "code": {
        "coding": [ {
          "system": "http://loinc.org",
          "code": "9843-4",
          "display": "Head Occipital-frontal circumference"
        } ],
        "text": "Head Occipital-frontal circumference"
      },
      "subject": {
        "reference": "urn:uuid:4850a0f4-3d3a-55de-5887-a104488c07aa"
      },
      "encounter": {
        "reference": "urn:uuid:8d8810d9-9c94-3fa6-fa91-85f061f1a77f"
      },
      "effectiveDateTime": "2025-08-26T10:14:20+00:00",
      "issued": "2025-08-26T10:14:20.501+00:00",
      "valueQuantity": {
        "value": 39.140,
        "unit": "cm",
        "system": "http://unitsofmeasure.org",
        "code": "cm"
      }
    },
    "request": {
      "method": "POST",
      "url": "Observation"
    }
  }, {
    "fullUrl": "urn:uuid:2095ff0b-b0c0-e559-a8d2-bf1a232d8983",
    "resource": {
      "resourceType": "Observation",
      "id": "2095ff0b-b0c0-e559-a8d2-bf1a232d8983",
      "status": "final",
      "category": {
        "coding": [ {
          "system": "http://hl7.org/fhir/observation-category",
          "code": "vital-signs",
          "display": "vital-signs"
        } ],
        "text": "vital-signs"
      },
      "code": {
        "coding": [ {
          "system": "http://loinc.org",
          "code": "85354-9",
          "display": "Blood pressure panel with all children optional"
        } ],
        "text": "Blood pressure panel with all children optional"
      },
      "subject": {
        "reference": "urn:uuid:4850a0f4-3d3a-55de-5887-a104488c07aa"
      },
      "encounter": {
        "reference": "urn:uuid:8d8810d9-9c94-3fa6-fa91-85f061f1a77f"
      },
      "effectiveDateTime": "2025-08-26T10:14:20+00:00",
      "issued": "2025-08-26T10:14:20.501+00:00",
      "component": [ {
        "code": {
          "coding": [ {
            "system": "http://loinc.org",
            "code": "8462-4",
            "display": "Diastolic Blood Pressure"
          } ],
          "text": "Diastolic Blood Pressure"
        },
        "valueQuantity": {
          "value": 102,
          "unit": "mm[Hg]",
          "system": "http://unitsofmeasure.org",
          "code": "mm[Hg]"
        }
      }, {
        "code": {
          "coding": [ {
            "system": "http://loinc.org",
            "code": "8480-6",
            "display": "Systolic Blood Pressure"
          } ],
          "text": "Systolic Blood Pressure"
        },
        "valueQuantity": {
          "value": 138,
          "unit": "mm[Hg]",
          "system": "http://unitsofmeasure.org",
          "code": "mm[Hg]"
        }
      } ]
    },
    "request": {
      "method": "POST",
      "url": "Observation"
    }
  }, {
    "fullUrl": "urn:uuid:bb8dac02-76fa-51b1-7e36-434950d25165",
    "resource": {
      "resourceType": "Observation",
      "id": "bb8dac02-76fa-51b1-7e36-434950d25165",
      "status": "final",
      "category": {
        "coding": [ {
          "system": "http://hl7.org/fhir/observation-category",
          "code": "vital-signs",
          "display": "vital-signs"
        } ],
        "text": "vital-signs"
      },
      "code": {
        "coding": [ {
          "system": "http://loinc.org",
          "code": "8867-4",
          "display": "Heart rate"
        } ],
        "text": "Heart rate"
      },
      "subject": {
        "reference": "urn:uuid:4850a0f4-3d3a-55de-5887-a104488c07aa"
      },
      "encounter": {
        "reference": "urn:uuid:8d8810d9-9c94-3fa6-fa91-85f061f1a77f"
      },
      "effectiveDateTime": "2025-08-26T10:14:20+00:00",
      "issued": "2025-08-26T10:14:20.501+00:00",
      "valueQuantity": {
        "value": 79,
        "unit": "/min",
        "system": "http://unitsofmeasure.org",
        "code": "/min"
      }
    },
    "request": {
      "method": "POST",
      "url": "Observation"
    }
  }, {
    "fullUrl": "urn:uuid:215baaa8-880f-431f-4b02-c7c4bfed6d9e",
    "resource": {
      "resourceType": "Observation",
      "id": "215baaa8-880f-431f-4b02-c7c4bfed6d9e",
      "status": "final",
      "category": {
        "coding": [ {
          "system": "http://hl7.org/fhir/observation-category",
          "code": "vital-signs",
          "display": "vital-signs"
        } ],
        "text": "vital-signs"
      },
      "code": {
        "coding": [ {
          "system": "http://loinc.org",
          "code": "9279-1",
          "display": "Respiratory rate"
        } ],
        "text": "Respiratory rate"
      },
      "subject": {
        "reference": "urn:uuid:4850a0f4-3d3a-55de-5887-a104488c07aa"
      },
      "encounter": {
        "reference": "urn:uuid:8d8810d9-9c94-3fa6-fa91-85f061f1a77f"
      },
      "effectiveDateTime": "2025-08-26T10:14:20+00:00",
      "issued": "2025-08-26T10:14:20.501+00:00",
      "valueQuantity": {
        "value": 13,
        "unit": "/min",
        "system": "http://unitsofmeasure.org",
        "code": "/min"
      }
    },
    "request": {
      "method": "POST",
      "url": "Observation"
    }
  }, {
    "fullUrl": "urn:uuid:e979994e-89dc-c817-07df-ab44961b7e45",
    "resource": {
      "resourceType": "Observation",
      "id": "e979994e-89dc-c817-07df-ab44961b7e45",
      "status": "final",
      "category": {
        "coding": [ {
          "system": "http://hl7.org/fhir/observation-category",
          "code": "social-history",
          "display": "social-history"
        } ],
        "text": "social-history"
      },
      "code": {
        "coding": [ {
          "system": "http://loinc.org",
          "code": "72166-2",
          "display": "Tobacco smoking status"
        } ],
        "text": "Tobacco smoking status"
      },
      "subject": {
        "reference": "urn:uuid:4850a0f4-3d3a-55de-5887-a104488c07aa"
      },
      "encounter": {
        "reference": "urn:uuid:8d8810d9-9c94-3fa6-fa91-85f061f1a77f"
      },
      "effectiveDateTime": "2025-08-26T10:14:20+00:00",
      "issued": "2025-08-26T10:14:20.501+00:00",
      "valueCodeableConcept": {
        "coding": [ {
          "system": "http://snomed.info/sct",
          "code": "266919005",
          "display": "Never smoked tobacco (finding)"
        } ],
        "text": "Never smoked tobacco (finding)"
      }
    },
    "request": {
      "method": "POST",
      "url": "Observation"
    }
  }, {
    "fullUrl": "urn:uuid:9ba43d14-697f-5a8a-c9a3-6f1b40b4d4fb",
    "resource": {
      "resourceType": "Procedure",
      "id": "9ba43d14-697f-5a8a-c9a3-6f1b40b4d4fb",
      "subject": {
        "reference": "urn:uuid:4850a0f4-3d3a-55de-5887-a104488c07aa"
      },
      "status": "completed",
      "code": {
        "coding": [ {
          "system": "http://snomed.info/sct",
          "code": "430193006",
          "display": "Medication reconciliation (procedure)"
        } ],
        "text": "Medication reconciliation (procedure)"
      },
      "performedPeriod": {
        "start": "2025-08-26T10:14:20+00:00",
        "end": "2025-08-26T10:29:20+00:00"
      },
      "encounter": {
        "reference": "urn:uuid:8d8810d9-9c94-3fa6-fa91-85f061f1a77f"
      }
    },
    "request": {
      "method": "POST",
      "url": "Procedure"
    }
  }, {
    "fullUrl": "urn:uuid:ff09e415-34ba-3e60-dc0b-399bdfade2a0",
    "resource": {
      "resourceType": "Immunization",
      "id": "ff09e415-34ba-3e60-dc0b-399bdfade2a0",
      "status": "completed",
      "date": "2025-08-26T10:14:20+00:00",
      "vaccineCode": {
        "coding": [ {
          "system": "http://hl7.org/fhir/sid/cvx",
          "code": "08",
          "display": "Hep B, adolescent or pediatric"
        } ],
        "text": "Hep B, adolescent or pediatric"
      },
      "patient": {
        "reference": "urn:uuid:4850a0f4-3d3a-55de-5887-a104488c07aa"
      },
      "wasNotGiven": false,
      "reported": false,
      "encounter": {
        "reference": "urn:uuid:8d8810d9-9c94-3fa6-fa91-85f061f1a77f"
      }
    },
    "request": {
      "method": "POST",
      "url": "Immunization"
    }
  }, {
    "fullUrl": "urn:uuid:4a116a2f-d218-887d-a164-5173ef644627",
    "resource": {
      "resourceType": "Claim",
      "id": "4a116a2f-d218-887d-a164-5173ef644627",
      "type": "institutional",
      "organization": {
        "reference": "Organization?identifier=https://github.com/synthetichealth/synthea|ca8a919a-05f9-3687-bfb6-42800a70031e",
        "display": "LIFE LINE COMMUNITY HEALTHCARE"
      },
      "use": "complete",
      "patient": {
        "reference": "urn:uuid:4850a0f4-3d3a-55de-5887-a104488c07aa"
      },
      "item": [ {
        "sequence": 1,
        "type": {
          "system": "http://hl7.org/fhir/v3/ActCode",
          "code": "CSINV",
          "display": "clinical service invoice"
        },
        "service": {
          "system": "http://snomed.info/sct",
          "code": "410620009",
          "display": "Well child visit (procedure)"
        }
      }, {
        "sequence": 2,
        "type": {
          "system": "http://hl7.org/fhir/v3/ActCode",
          "code": "CSINV",
          "display": "clinical service invoice"
        },
        "service": {
          "system": "http://hl7.org/fhir/sid/cvx",
          "code": "08",
          "display": "Hep B, adolescent or pediatric"
        },
        "net": {
          "value": 136.00,
          "system": "urn:iso:std:iso:4217",
          "code": "USD"
        }
      }, {
        "sequence": 3,
        "type": {
          "system": "http://hl7.org/fhir/v3/ActCode",
          "code": "CSINV",
          "display": "clinical service invoice"
        },
        "service": {
          "system": "http://snomed.info/sct",
          "code": "430193006",
          "display": "Medication reconciliation (procedure)"
        },
        "net": {
          "value": 319.16,
          "system": "urn:iso:std:iso:4217",
          "code": "USD"
        }
      } ]
    },
    "request": {
      "method": "POST",
      "url": "Claim"
    }
  }, {
    "fullUrl": "urn:uuid:76e7db62-d18b-566a-7a06-48be6d4ccbaa",
    "resource": {
      "resourceType": "Encounter",
      "id": "76e7db62-d18b-566a-7a06-48be6d4ccbaa",
      "status": "finished",
      "class": "ambulatory",
      "type": [ {
        "coding": [ {
          "system": "http://snomed.info/sct",
          "code": "185345009",
          "display": "Encounter for symptom (procedure)"
        } ],
        "text": "Encounter for symptom (procedure)"
      } ],
      "patient": {
        "reference": "urn:uuid:4850a0f4-3d3a-55de-5887-a104488c07aa"
      },
      "participant": [ {
        "individual": {
          "reference": "Practitioner?identifier=http://hl7.org/fhir/sid/us-npi|9999994392",
          "display": "Dr. Araceli695 Willms744"
        }
      } ],
      "period": {
        "start": "2025-09-22T00:14:20+00:00",
        "end": "2025-09-22T00:29:20+00:00"
      },
      "reason": [ {
        "coding": [ {
          "system": "http://snomed.info/sct",
          "code": "195662009",
          "display": "Acute viral pharyngitis (disorder)"
        } ]
      } ],
      "serviceProvider": {
        "reference": "Organization?identifier=https://github.com/synthetichealth/synthea|352f2e3b-0708-3eb4-9f7e-e73a685bf379",
        "display": "MARLBOROUGH HOSPITAL CORP"
      }
    },
    "request": {
      "method": "POST",
      "url": "Encounter"
    }
  }, {
    "fullUrl": "urn:uuid:9b7c9a97-244c-7056-8a7d-096e4f3b63cd",
    "resource": {
      "resourceType": "Condition",
      "id": "9b7c9a97-244c-7056-8a7d-096e4f3b63cd",
      "patient": {
        "reference": "urn:uuid:4850a0f4-3d3a-55de-5887-a104488c07aa"
      },
      "encounter": {
        "reference": "urn:uuid:76e7db62-d18b-566a-7a06-48be6d4ccbaa"
      },
      "dateRecorded": "2025-09-22",
      "code": {
        "coding": [ {
          "system": "http://snomed.info/sct",
          "code": "195662009",
          "display": "Acute viral pharyngitis (disorder)"
        } ],
        "text": "Acute viral pharyngitis (disorder)"
      },
      "category": {
        "coding": [ {
          "system": "http://hl7.org/fhir/condition-category",
          "code": "diagnosis"
        } ]
      },
      "clinicalStatus": "active",
      "verificationStatus": "confirmed",
      "onsetDateTime": "2025-09-22T00:14:20+00:00"
    },
    "request": {
      "method": "POST",
      "url": "Condition"
    }
  }, {
    "fullUrl": "urn:uuid:d6a48276-9507-cd10-05d3-d2908af50b21",
    "resource": {
      "resourceType": "Observation",
      "id": "d6a48276-9507-cd10-05d3-d2908af50b21",
      "status": "final",
      "category": {
        "coding": [ {
          "system": "http://hl7.org/fhir/observation-category",
          "code": "vital-signs",
          "display": "vital-signs"
        } ],
        "text": "vital-signs"
      },
      "code": {
        "coding": [ {
          "system": "http://loinc.org",
          "code": "8310-5",
          "display": "Body temperature"
        } ],
        "text": "Body temperature"
      },
      "subject": {
        "reference": "urn:uuid:4850a0f4-3d3a-55de-5887-a104488c07aa"
      },
      "encounter": {
        "reference": "urn:uuid:76e7db62-d18b-566a-7a06-48be6d4ccbaa"
      },
      "effectiveDateTime": "2025-09-22T00:14:20+00:00",
      "issued": "2025-09-22T00:14:20.501+00:00",
      "valueQuantity": {
        "value": 37.405,
        "unit": "Cel",
        "system": "http://unitsofmeasure.org",
        "code": "Cel"
      }
    },
    "request": {
      "method": "POST",
      "url": "Observation"
    }
  }, {
    "fullUrl": "urn:uuid:e50e2c61-9923-a744-9e3f-ae5e3964b011",
    "resource": {
      "resourceType": "Procedure",
      "id": "e50e2c61-9923-a744-9e3f-ae5e3964b011",
      "subject": {
        "reference": "urn:uuid:4850a0f4-3d3a-55de-5887-a104488c07aa"
      },
      "status": "completed",
      "code": {
        "coding": [ {
          "system": "http://snomed.info/sct",
          "code": "117015009",
          "display": "Throat culture (procedure)"
        } ],
        "text": "Throat culture (procedure)"
      },
      "reasonReference": {
        "reference": "urn:uuid:9b7c9a97-244c-7056-8a7d-096e4f3b63cd"
      },
      "performedPeriod": {
        "start": "2025-09-22T00:14:20+00:00",
        "end": "2025-09-22T00:29:20+00:00"
      },
      "encounter": {
        "reference": "urn:uuid:76e7db62-d18b-566a-7a06-48be6d4ccbaa"
      }
    },
    "request": {
      "method": "POST",
      "url": "Procedure"
    }
  }, {
    "fullUrl": "urn:uuid:9da8b3e1-c56e-3069-cf78-ba15db4e7755",
    "resource": {
      "resourceType": "Claim",
      "id": "9da8b3e1-c56e-3069-cf78-ba15db4e7755",
      "type": "institutional",
      "organization": {
        "reference": "Organization?identifier=https://github.com/synthetichealth/synthea|352f2e3b-0708-3eb4-9f7e-e73a685bf379",
        "display": "MARLBOROUGH HOSPITAL CORP"
      },
      "use": "complete",
      "diagnosis": [ {
        "sequence": 1,
        "diagnosis": {
          "system": "http://snomed.info/sct",
          "code": "195662009",
          "display": "Acute viral pharyngitis (disorder)"
        }
      } ],
      "patient": {
        "reference": "urn:uuid:4850a0f4-3d3a-55de-5887-a104488c07aa"
      },
      "item": [ {
        "sequence": 1,
        "type": {
          "system": "http://hl7.org/fhir/v3/ActCode",
          "code": "CSINV",
          "display": "clinical service invoice"
        },
        "service": {
          "system": "http://snomed.info/sct",
          "code": "185345009",
          "display": "Encounter for symptom (procedure)"
        }
      }, {
        "sequence": 3,
        "type": {
          "system": "http://hl7.org/fhir/v3/ActCode",
          "code": "CSINV",
          "display": "clinical service invoice"
        },
        "service": {
          "system": "http://snomed.info/sct",
          "code": "117015009",
          "display": "Throat culture (procedure)"
        },
        "net": {
          "value": 1806.78,
          "system": "urn:iso:std:iso:4217",
          "code": "USD"
        }
      } ]
    },
    "request": {
      "method": "POST",
      "url": "Claim"
    }
  } ]
}
