{
  "resourceType": "Bundle",
  "type": "transaction",
  "entry": [ {
    "fullUrl": "urn:uuid:6438e4ed-a184-3a50-0a49-6e83b48fe7b7",
    "resource": {
      "resourceType": "Patient",
      "id": "6438e4ed-a184-3a50-0a49-6e83b48fe7b7",
      "text": {
        "status": "generated",
        "div": "<div xmlns=\"http://www.w3.org/1999/xhtml\">Generated by <a href=\"https://github.com/synthetichealth/synthea\">Synthea</a>.Version identifier: 77398b2\n .   Person seed: -5236437501567107006  Population seed: 1716577376831</div>"
      },
      "extension": [ {
        "url": "http://hl7.org/fhir/StructureDefinition/us-core-race",
        "valueCodeableConcept": {
          "coding": [ {
            "system": "http://hl7.org/fhir/v3/Race",
            "code": "2106-3",
            "display": "White"
          } ],
          "text": "White"
        }
      }, {
        "url": "http://hl7.org/fhir/StructureDefinition/us-core-ethnicity",
        "valueCodeableConcept": {
          "coding": [ {
            "system": "http://hl7.org/fhir/v3/Ethnicity",
            "code": "2135-2",
            "display": "Hispanic or Latino"
          } ],
          "text": "Hispanic or Latino"
        }
      }, {
        "url": "http://hl7.org/fhir/StructureDefinition/patient-mothersMaidenName",
        "valueString": "Brunilda665 Trantow673"
      }, {
        "url": "http://hl7.org/fhir/us/core/StructureDefinition/us-core-birthsex",
        "valueCode": "F"
      }, {
        "url": "http://hl7.org/fhir/StructureDefinition/birthPlace",
        "valueAddress": {
          "city": "Barnstable",
          "state": "Massachusetts",
          "country": "US"
        }
      }, {
        "url": "http://synthetichealth.github.io/synthea/disability-adjusted-life-years",
        "valueDecimal": 0.0
      }, {
        "url": "http://synthetichealth.github.io/synthea/quality-adjusted-life-years",
        "valueDecimal": 0.0
      } ],
      "identifier": [ {
        "system": "https://github.com/synthetichealth/synthea",
        "value": "6438e4ed-a184-3a50-0a49-6e83b48fe7b7"
      }, {
        "type": {
          "coding": [ {
            "system": "http://hl7.org/fhir/v2/0203",
            "code": "MR"
          } ]
        },
        "system": "http://hospital.smarthealthit.org",
        "value": "6438e4ed-a184-3a50-0a49-6e83b48fe7b7"
      }, {
        "type": {
          "coding": [ {
            "system": "http://hl7.org/fhir/identifier-type",
            "code": "SB"
          } ]
        },
        "system": "http://hl7.org/fhir/sid/us-ssn",
        "value": "999-55-9119"
      } ],
      "name": [ {
        "use": "official",
        "family": [ "Medhurst46" ],
        "given": [ "Bethany501", "Louanne686" ]
      } ],
      "telecom": [ {
        "system": "phone",
        "value": "555-349-9970",
        "use": "home"
      } ],
      "gender": "female",
      "birthDate": "2024-05-11",
      "address": [ {
        "extension": [ {
          "url": "http://hl7.org/fhir/StructureDefinition/geolocation",
          "extension": [ {
            "url": "latitude",
            "valueDecimal": 42.24535990853791
          }, {
            "url": "longitude",
            "valueDecimal": -71.86304380418261
          } ]
        } ],
        "line": [ "861 Hintz Arcade Unit 7" ],
        "city": "Leicester",
        "state": "Massachusetts",
        "postalCode": "00000",
        "country": "US"
      } ],
      "maritalStatus": {
        "coding": [ {
          "system": "http://hl7.org/fhir/v3/MaritalStatus",
          "code": "S"
        } ]
      },
      "multipleBirthBoolean": false,
      "communication": [ {
        "language": {
          "coding": [ {
            "system": "urn:ietf:bcp:47",
            "code": "en-US",
            "display": "English (United States)"
          } ],
          "text": "English (United States)"
        }
      } ]
    },
    "request": {
      "method": "POST",
      "url": "Patient"
    }
  }, {
    "fullUrl": "urn:uuid:f397ec32-214a-d59c-b4bb-e48e0bceefb2",
    "resource": {
      "resourceType": "Encounter",
      "id": "f397ec32-214a-d59c-b4bb-e48e0bceefb2",
      "status": "finished",
      "class": "ambulatory",
      "type": [ {
        "coding": [ {
          "system": "http://snomed.info/sct",
          "code": "410620009",
          "display": "Well child visit (procedure)"
        } ],
        "text": "Well child visit (procedure)"
      } ],
      "patient": {
        "reference": "urn:uuid:6438e4ed-a184-3a50-0a49-6e83b48fe7b7"
      },
      "participant": [ {
        "individual": {
          "reference": "Practitioner?identifier=http://hl7.org/fhir/sid/us-npi|9999950493",
          "display": "Dr. Franklin857 Pfannerstill264"
        }
      } ],
      "period": {
        "start": "2024-05-11T10:47:59+00:00",
        "end": "2024-05-11T11:02:59+00:00"
      },
      "serviceProvider": {
        "reference": "Organization?identifier=https://github.com/synthetichealth/synthea|9f368e75-397f-3d77-a317-9a005512a4e2",
        "display": "EASTERN & WESTERN MEDICAL CENTER PC"
      }
    },
    "request": {
      "method": "POST",
      "url": "Encounter"
    }
  }, {
    "fullUrl": "urn:uuid:2dcb42c8-b3bb-6fb7-5b87-46694dbecf70",
    "resource": {
      "resourceType": "Condition",
      "id": "2dcb42c8-b3bb-6fb7-5b87-46694dbecf70",
      "patient": {
        "reference": "urn:uuid:6438e4ed-a184-3a50-0a49-6e83b48fe7b7"
      },
      "encounter": {
        "reference": "urn:uuid:f397ec32-214a-d59c-b4bb-e48e0bceefb2"
      },
      "dateRecorded": "2024-05-11",
      "code": {
        "coding": [ {
          "system": "http://snomed.info/sct",
          "code": "314529007",
          "display": "Medication review due (situation)"
        } ],
        "text": "Medication review due (situation)"
      },
      "category": {
        "coding": [ {
          "system": "http://hl7.org/fhir/condition-category",
          "code": "diagnosis"
        } ]
      },
      "clinicalStatus": "resolved",
      "verificationStatus": "confirmed",
      "onsetDateTime": "2024-05-11T10:47:59+00:00",
      "abatementDateTime": "2024-05-11T10:47:59+00:00"
    },
    "request": {
      "method": "POST",
      "url": "Condition"
    }
  }, {
    "fullUrl": "urn:uuid:c5de1d4d-d73e-e49e-eddd-7aea75fa39dd",
    "resource": {
      "resourceType": "Observation",
      "id": "c5de1d4d-d73e-e49e-eddd-7aea75fa39dd",
      "status": "final",
      "category": {
        "coding": [ {
          "system": "http://hl7.org/fhir/observation-category",
          "code": "vital-signs",
          "display": "vital-signs"
        } ],
        "text": "vital-signs"
      },
      "code": {
        "coding": [ {
          "system": "http://loinc.org",
          "code": "8302-2",
          "display": "Body Height"
        } ],
        "text": "Body Height"
      },
      "subject": {
        "reference": "urn:uuid:6438e4ed-a184-3a50-0a49-6e83b48fe7b7"
      },
      "encounter": {
        "reference": "urn:uuid:f397ec32-214a-d59c-b4bb-e48e0bceefb2"
      },
      "effectiveDateTime": "2024-05-11T10:47:59+00:00",
      "issued": "2024-05-11T10:47:59.009+00:00",
      "valueQuantity": {
        "value": 50.100,
        "unit": "cm",
        "system": "http://unitsofmeasure.org",
        "code": "cm"
      }
    },
    "request": {
      "method": "POST",
      "url": "Observation"
    }
  }, {
    "fullUrl": "urn:uuid:0ea40438-e493-9908-e449-fd9c166dd895",
    "resource": {
      "resourceType": "Observation",
      "id": "0ea40438-e493-9908-e449-fd9c166dd895",
      "status": "final",
      "category": {
        "coding": [ {
          "system": "http://hl7.org/fhir/observation-category",
          "code": "vital-signs",
          "display": "vital-signs"
        } ],
        "text": "vital-signs"
      },
      "code": {
        "coding": [ {
          "system": "http://loinc.org",
          "code": "72514-3",
          "display": "Pain severity - 0-10 verbal numeric rating [Score] - Reported"
        } ],
        "text": "Pain severity - 0-10 verbal numeric rating [Score] - Reported"
      },
      "subject": {
        "reference": "urn:uuid:6438e4ed-a184-3a50-0a49-6e83b48fe7b7"
      },
      "encounter": {
        "reference": "urn:uuid:f397ec32-214a-d59c-b4bb-e48e0bceefb2"
      },
      "effectiveDateTime": "2024-05-11T10:47:59+00:00",
      "issued": "2024-05-11T10:47:59.009+00:00",
      "valueQuantity": {
        "value": 1,
        "unit": "{score}",
        "system": "http://unitsofmeasure.org",
        "code": "{score}"
      }
    },
    "request": {
      "method": "POST",
      "url": "Observation"
    }
  }, {
    "fullUrl": "urn:uuid:3a62bb98-5072-b03d-f42a-6ce3349f8e1d",
    "resource": {
      "resourceType": "Observation",
      "id": "3a62bb98-5072-b03d-f42a-6ce3349f8e1d",
      "status": "final",
      "category": {
        "coding": [ {
          "system": "http://hl7.org/fhir/observation-category",
          "code": "vital-signs",
          "display": "vital-signs"
        } ],
        "text": "vital-signs"
      },
      "code": {
        "coding": [ {
          "system": "http://loinc.org",
          "code": "29463-7",
          "display": "Body Weight"
        } ],
        "text": "Body Weight"
      },
      "subject": {
        "reference": "urn:uuid:6438e4ed-a184-3a50-0a49-6e83b48fe7b7"
      },
      "encounter": {
        "reference": "urn:uuid:f397ec32-214a-d59c-b4bb-e48e0bceefb2"
      },
      "effectiveDateTime": "2024-05-11T10:47:59+00:00",
      "issued": "2024-05-11T10:47:59.009+00:00",
      "valueQuantity": {
        "value": 4,
        "unit": "kg",
        "system": "http://unitsofmeasure.org",
        "code": "kg"
      }
    },
    "request": {
      "method": "POST",
      "url": "Observation"
    }
  }, {
    "fullUrl": "urn:uuid:4f523d1e-89cf-ffb1-9dd9-ec2354878e83",
    "resource": {
      "resourceType": "Observation",
      "id": "4f523d1e-89cf-ffb1-9dd9-ec2354878e83",
      "status": "final",
      "category": {
        "coding": [ {
          "system": "http://hl7.org/fhir/observation-category",
          "code": "vital-signs",
          "display": "vital-signs"
        } ],
        "text": "vital-signs"
      },
      "code": {
        "coding": [ {
          "system": "http://loinc.org",
          "code": "77606-2",
          "display": "Weight-for-length Per age and sex"
        } ],
        "text": "Weight-for-length Per age and sex"
      },
      "subject": {
        "reference": "urn:uuid:6438e4ed-a184-3a50-0a49-6e83b48fe7b7"
      },
      "encounter": {
        "reference": "urn:uuid:f397ec32-214a-d59c-b4bb-e48e0bceefb2"
      },
      "effectiveDateTime": "2024-05-11T10:47:59+00:00",
      "issued": "2024-05-11T10:47:59.009+00:00",
      "valueQuantity": {
        "value": 91.219,
        "unit": "%",
        "system": "http://unitsofmeasure.org",
        "code": "%"
      }
    },
    "request": {
      "method": "POST",
      "url": "Observation"
    }
  }, {
    "fullUrl": "urn:uuid:dd53681e-3148-3010-2e1e-b3568731286b",
    "resource": {
      "resourceType": "Observation",
      "id": "dd53681e-3148-3010-2e1e-b3568731286b",
      "status": "final",
      "category": {
        "coding": [ {
          "system": "http://hl7.org/fhir/observation-category",
          "code": "vital-signs",
          "display": "vital-signs"
        } ],
        "text": "vital-signs"
      },
      "code": {
        "coding": [ {
          "system": "http://loinc.org",
          "code": "8289-1",
          "display": "Head Occipital-frontal circumference Percentile"
        } ],
        "text": "Head Occipital-frontal circumference Percentile"
      },
      "subject": {
        "reference": "urn:uuid:6438e4ed-a184-3a50-0a49-6e83b48fe7b7"
      },
      "encounter": {
        "reference": "urn:uuid:f397ec32-214a-d59c-b4bb-e48e0bceefb2"
      },
      "effectiveDateTime": "2024-05-11T10:47:59+00:00",
      "issued": "2024-05-11T10:47:59.009+00:00",
      "valueQuantity": {
        "value": 27.140,
        "unit": "%",
        "system": "http://unitsofmeasure.org",
        "code": "%"
      }
    },
    "request": {
      "method": "POST",
      "url": "Observation"
    }
  }, {
    "fullUrl": "urn:uuid:24d07261-2fb0-5e69-830c-4deef1137151",
    "resource": {
      "resourceType": "Observation",
      "id": "24d07261-2fb0-5e69-830c-4deef1137151",
      "status": "final",
      "category": {
        "coding": [ {
          "system": "http://hl7.org/fhir/observation-category",
          "code": "vital-signs",
          "display": "vital-signs"
        } ],
        "text": "vital-signs"
      },
      "code": {
        "coding": [ {
          "system": "http://loinc.org",
          "code": "9843-4",
          "display": "Head Occipital-frontal circumference"
        } ],
        "text": "Head Occipital-frontal circumference"
      },
      "subject": {
        "reference": "urn:uuid:6438e4ed-a184-3a50-0a49-6e83b48fe7b7"
      },
      "encounter": {
        "reference": "urn:uuid:f397ec32-214a-d59c-b4bb-e48e0bceefb2"
      },
      "effectiveDateTime": "2024-05-11T10:47:59+00:00",
      "issued": "2024-05-11T10:47:59.009+00:00",
      "valueQuantity": {
        "value": 33.75,
        "unit": "cm",
        "system": "http://unitsofmeasure.org",
        "code": "cm"
      }
    },
    "request": {
      "method": "POST",
      "url": "Observation"
    }
  }, {
    "fullUrl": "urn:uuid:d3c63398-523c-280f-ae6e-a00aa9fe532b",
    "resource": {
      "resourceType": "Observation",
      "id": "d3c63398-523c-280f-ae6e-a00aa9fe532b",
      "status": "final",
      "category": {
        "coding": [ {
          "system": "http://hl7.org/fhir/observation-category",
          "code": "vital-signs",
          "display": "vital-signs"
        } ],
        "text": "vital-signs"
      },
      "code": {
        "coding": [ {
          "system": "http://loinc.org",
          "code": "85354-9",
          "display": "Blood pressure panel with all children optional"
        } ],
        "text": "Blood pressure panel with all children optional"
      },
      "subject": {
        "reference": "urn:uuid:6438e4ed-a184-3a50-0a49-6e83b48fe7b7"
      },
      "encounter": {
        "reference": "urn:uuid:f397ec32-214a-d59c-b4bb-e48e0bceefb2"
      },
      "effectiveDateTime": "2024-05-11T10:47:59+00:00",
      "issued": "2024-05-11T10:47:59.009+00:00",
      "component": [ {
        "code": {
          "coding": [ {
            "system": "http://loinc.org",
            "code": "8462-4",
            "display": "Diastolic Blood Pressure"
          } ],
          "text": "Diastolic Blood Pressure"
        },
        "valueQuantity": {
          "value": 86,
          "unit": "mm[Hg]",
          "system": "http://unitsofmeasure.org",
          "code": "mm[Hg]"
        }
      }, {
        "code": {
          "coding": [ {
            "system": "http://loinc.org",
            "code": "8480-6",
            "display": "Systolic Blood Pressure"
          } ],
          "text": "Systolic Blood Pressure"
        },
        "valueQuantity": {
          "value": 136,
          "unit": "mm[Hg]",
          "system": "http://unitsofmeasure.org",
          "code": "mm[Hg]"
        }
      } ]
    },
    "request": {
      "method": "POST",
      "url": "Observation"
    }
  }, {
    "fullUrl": "urn:uuid:806dc8cc-e5d7-4a47-780d-2942aa93bcc3",
    "resource": {
      "resourceType": "Observation",
      "id": "806dc8cc-e5d7-4a47-780d-2942aa93bcc3",
      "status": "final",
      "category": {
        "coding": [ {
          "system": "http://hl7.org/fhir/observation-category",
          "code": "vital-signs",
          "display": "vital-signs"
        } ],
        "text": "vital-signs"
      },
      "code": {
        "coding": [ {
          "system": "http://loinc.org",
          "code": "8867-4",
          "display": "Heart rate"
        } ],
        "text": "Heart rate"
      },
      "subject": {
        "reference": "urn:uuid:6438e4ed-a184-3a50-0a49-6e83b48fe7b7"
      },
      "encounter": {
        "reference": "urn:uuid:f397ec32-214a-d59c-b4bb-e48e0bceefb2"
      },
      "effectiveDateTime": "2024-05-11T10:47:59+00:00",
      "issued": "2024-05-11T10:47:59.009+00:00",
      "valueQuantity": {
        "value": 66,
        "unit": "/min",
        "system": "http://unitsofmeasure.org",
        "code": "/min"
      }
    },
    "request": {
      "method": "POST",
      "url": "Observation"
    }
  }, {
    "fullUrl": "urn:uuid:f346ca4f-f27e-bddf-68b0-dd260a4fe75b",
    "resource": {
      "resourceType": "Observation",
      "id": "f346ca4f-f27e-bddf-68b0-dd260a4fe75b",
      "status": "final",
      "category": {
        "coding": [ {
          "system": "http://hl7.org/fhir/observation-category",
          "code": "vital-signs",
          "display": "vital-signs"
        } ],
        "text": "vital-signs"
      },
      "code": {
        "coding": [ {
          "system": "http://loinc.org",
          "code": "9279-1",
          "display": "Respiratory rate"
        } ],
        "text": "Respiratory rate"
      },
      "subject": {
        "reference": "urn:uuid:6438e4ed-a184-3a50-0a49-6e83b48fe7b7"
      },
      "encounter": {
        "reference": "urn:uuid:f397ec32-214a-d59c-b4bb-e48e0bceefb2"
      },
      "effectiveDateTime": "2024-05-11T10:47:59+00:00",
      "issued": "2024-05-11T10:47:59.009+00:00",
      "valueQuantity": {
        "value": 14,
        "unit": "/min",
        "system": "http://unitsofmeasure.org",
        "code": "/min"
      }
    },
    "request": {
      "method": "POST",
      "url": "Observation"
    }
  }, {
    "fullUrl": "urn:uuid:337ca5eb-3b2a-413f-568a-ee3312b9e39b",
    "resource": {
      "resourceType": "Observation",
      "id": "337ca5eb-3b2a-413f-568a-ee3312b9e39b",
      "status": "final",
      "category": {
        "coding": [ {
          "system": "http://hl7.org/fhir/observation-category",
          "code": "laboratory",
          "display": "laboratory"
        } ],
        "text": "laboratory"
      },
      "code": {
        "coding": [ {
          "system": "http://loinc.org",
          "code": "6690-2",
          "display": "Leukocytes [#/volume] in Blood by Automated count"
        } ],
        "text": "Leukocytes [#/volume] in Blood by Automated count"
      },
      "subject": {
        "reference": "urn:uuid:6438e4ed-a184-3a50-0a49-6e83b48fe7b7"
      },
      "encounter": {
        "reference": "urn:uuid:f397ec32-214a-d59c-b4bb-e48e0bceefb2"
      },
      "effectiveDateTime": "2024-05-11T10:47:59+00:00",
      "issued": "2024-05-11T10:47:59.009+00:00",
      "valueQuantity": {
        "value": 9.8479,
        "unit": "10*3/uL",
        "system": "http://unitsofmeasure.org",
        "code": "10*3/uL"
      }
    },
    "request": {
      "method": "POST",
      "url": "Observation"
    }
  }, {
    "fullUrl": "urn:uuid:d8ee6233-eb7d-9e1a-fd85-75f0ac19fcd6",
    "resource": {
      "resourceType": "Observation",
      "id": "d8ee6233-eb7d-9e1a-fd85-75f0ac19fcd6",
      "status": "final",
      "category": {
        "coding": [ {
          "system": "http://hl7.org/fhir/observation-category",
          "code": "laboratory",
          "display": "laboratory"
        } ],
        "text": "laboratory"
      },
      "code": {
        "coding": [ {
          "system": "http://loinc.org",
          "code": "789-8",
          "display": "Erythrocytes [#/volume] in Blood by Automated count"
        } ],
        "text": "Erythrocytes [#/volume] in Blood by Automated count"
      },
      "subject": {
        "reference": "urn:uuid:6438e4ed-a184-3a50-0a49-6e83b48fe7b7"
      },
      "encounter": {
        "reference": "urn:uuid:f397ec32-214a-d59c-b4bb-e48e0bceefb2"
      },
      "effectiveDateTime": "2024-05-11T10:47:59+00:00",
      "issued": "2024-05-11T10:47:59.009+00:00",
      "valueQuantity": {
        "value": 5.3053,
        "unit": "10*6/uL",
        "system": "http://unitsofmeasure.org",
        "code": "10*6/uL"
      }
    },
    "request": {
      "method": "POST",
      "url": "Observation"
    }
  }, {
    "fullUrl": "urn:uuid:59ffa107-3896-3249-086c-45702f5d9cdd",
    "resource": {
      "resourceType": "Observation",
      "id": "59ffa107-3896-3249-086c-45702f5d9cdd",
      "status": "final",
      "category": {
        "coding": [ {
          "system": "http://hl7.org/fhir/observation-category",
          "code": "laboratory",
          "display": "laboratory"
        } ],
        "text": "laboratory"
      },
      "code": {
        "coding": [ {
          "system": "http://loinc.org",
          "code": "718-7",
          "display": "Hemoglobin [Mass/volume] in Blood"
        } ],
        "text": "Hemoglobin [Mass/volume] in Blood"
      },
      "subject": {
        "reference": "urn:uuid:6438e4ed-a184-3a50-0a49-6e83b48fe7b7"
      },
      "encounter": {
        "reference": "urn:uuid:f397ec32-214a-d59c-b4bb-e48e0bceefb2"
      },
      "effectiveDateTime": "2024-05-11T10:47:59+00:00",
      "issued": "2024-05-11T10:47:59.009+00:00",
      "valueQuantity": {
        "value": 16.228,
        "unit": "g/dL",
        "system": "http://unitsofmeasure.org",
        "code": "g/dL"
      }
    },
    "request": {
      "method": "POST",
      "url": "Observation"
    }
  }, {
    "fullUrl": "urn:uuid:6b691f08-a042-b32b-d9a0-74bee85e059e",
    "resource": {
      "resourceType": "Observation",
      "id": "6b691f08-a042-b32b-d9a0-74bee85e059e",
      "status": "final",
      "category": {
        "coding": [ {
          "system": "http://hl7.org/fhir/observation-category",
          "code": "laboratory",
          "display": "laboratory"
        } ],
        "text": "laboratory"
      },
      "code": {
        "coding": [ {
          "system": "http://loinc.org",
          "code": "4544-3",
          "display": "Hematocrit [Volume Fraction] of Blood by Automated count"
        } ],
        "text": "Hematocrit [Volume Fraction] of Blood by Automated count"
      },
      "subject": {
        "reference": "urn:uuid:6438e4ed-a184-3a50-0a49-6e83b48fe7b7"
      },
      "encounter": {
        "reference": "urn:uuid:f397ec32-214a-d59c-b4bb-e48e0bceefb2"
      },
      "effectiveDateTime": "2024-05-11T10:47:59+00:00",
      "issued": "2024-05-11T10:47:59.009+00:00",
      "valueQuantity": {
        "value": 42.313,
        "unit": "%",
        "system": "http://unitsofmeasure.org",
        "code": "%"
      }
    },
    "request": {
      "method": "POST",
      "url": "Observation"
    }
  }, {
    "fullUrl": "urn:uuid:43637007-8fc9-9f73-a1ef-8ea2639abb48",
    "resource": {
      "resourceType": "Observation",
      "id": "43637007-8fc9-9f73-a1ef-8ea2639abb48",
      "status": "final",
      "category": {
        "coding": [ {
          "system": "http://hl7.org/fhir/observation-category",
          "code": "laboratory",
          "display": "laboratory"
        } ],
        "text": "laboratory"
      },
      "code": {
        "coding": [ {
          "system": "http://loinc.org",
          "code": "787-2",
          "display": "MCV [Entitic volume] by Automated count"
        } ],
        "text": "MCV [Entitic volume] by Automated count"
      },
      "subject": {
        "reference": "urn:uuid:6438e4ed-a184-3a50-0a49-6e83b48fe7b7"
      },
      "encounter": {
        "reference": "urn:uuid:f397ec32-214a-d59c-b4bb-e48e0bceefb2"
      },
      "effectiveDateTime": "2024-05-11T10:47:59+00:00",
      "issued": "2024-05-11T10:47:59.009+00:00",
      "valueQuantity": {
        "value": 82.748,
        "unit": "fL",
        "system": "http://unitsofmeasure.org",
        "code": "fL"
      }
    },
    "request": {
      "method": "POST",
      "url": "Observation"
    }
  }, {
    "fullUrl": "urn:uuid:1cb84344-bf57-b1ba-d6a7-418ed5c44478",
    "resource": {
      "resourceType": "Observation",
      "id": "1cb84344-bf57-b1ba-d6a7-418ed5c44478",
      "status": "final",
      "category": {
        "coding": [ {
          "system": "http://hl7.org/fhir/observation-category",
          "code": "laboratory",
          "display": "laboratory"
        } ],
        "text": "laboratory"
      },
      "code": {
        "coding": [ {
          "system": "http://loinc.org",
          "code": "785-6",
          "display": "MCH [Entitic mass] by Automated count"
        } ],
        "text": "MCH [Entitic mass] by Automated count"
      },
      "subject": {
        "reference": "urn:uuid:6438e4ed-a184-3a50-0a49-6e83b48fe7b7"
      },
      "encounter": {
        "reference": "urn:uuid:f397ec32-214a-d59c-b4bb-e48e0bceefb2"
      },
      "effectiveDateTime": "2024-05-11T10:47:59+00:00",
      "issued": "2024-05-11T10:47:59.009+00:00",
      "valueQuantity": {
        "value": 32.962,
        "unit": "pg",
        "system": "http://unitsofmeasure.org",
        "code": "pg"
      }
    },
    "request": {
      "method": "POST",
      "url": "Observation"
    }
  }, {
    "fullUrl": "urn:uuid:59da988e-22d1-d575-754a-53b1960f57db",
    "resource": {
      "resourceType": "Observation",
      "id": "59da988e-22d1-d575-754a-53b1960f57db",
      "status": "final",
      "category": {
        "coding": [ {
          "system": "http://hl7.org/fhir/observation-category",
          "code": "laboratory",
          "display": "laboratory"
        } ],
        "text": "laboratory"
      },
      "code": {
        "coding": [ {
          "system": "http://loinc.org",
          "code": "786-4",
          "display": "MCHC [Mass/volume] by Automated count"
        } ],
        "text": "MCHC [Mass/volume] by Automated count"
      },
      "subject": {
        "reference": "urn:uuid:6438e4ed-a184-3a50-0a49-6e83b48fe7b7"
      },
      "encounter": {
        "reference": "urn:uuid:f397ec32-214a-d59c-b4bb-e48e0bceefb2"
      },
      "effectiveDateTime": "2024-05-11T10:47:59+00:00",
      "issued": "2024-05-11T10:47:59.009+00:00",
      "valueQuantity": {
        "value": 34.597,
        "unit": "g/dL",
        "system": "http://unitsofmeasure.org",
        "code": "g/dL"
      }
    },
    "request": {
      "method": "POST",
      "url": "Observation"
    }
  }, {
    "fullUrl": "urn:uuid:22bdc76c-f44d-d32b-ce1e-69e53bf193d1",
    "resource": {
      "resourceType": "Observation",
      "id": "22bdc76c-f44d-d32b-ce1e-69e53bf193d1",
      "status": "final",
      "category": {
        "coding": [ {
          "system": "http://hl7.org/fhir/observation-category",
          "code": "laboratory",
          "display": "laboratory"
        } ],
        "text": "laboratory"
      },
      "code": {
        "coding": [ {
          "system": "http://loinc.org",
          "code": "21000-5",
          "display": "Erythrocyte distribution width [Entitic volume] by Automated count"
        } ],
        "text": "Erythrocyte distribution width [Entitic volume] by Automated count"
      },
      "subject": {
        "reference": "urn:uuid:6438e4ed-a184-3a50-0a49-6e83b48fe7b7"
      },
      "encounter": {
        "reference": "urn:uuid:f397ec32-214a-d59c-b4bb-e48e0bceefb2"
      },
      "effectiveDateTime": "2024-05-11T10:47:59+00:00",
      "issued": "2024-05-11T10:47:59.009+00:00",
      "valueQuantity": {
        "value": 44.907,
        "unit": "fL",
        "system": "http://unitsofmeasure.org",
        "code": "fL"
      }
    },
    "request": {
      "method": "POST",
      "url": "Observation"
    }
  }, {
    "fullUrl": "urn:uuid:6f28efe0-cea1-0201-9140-71dcf5fbb7f1",
    "resource": {
      "resourceType": "Observation",
      "id": "6f28efe0-cea1-0201-9140-71dcf5fbb7f1",
      "status": "final",
      "category": {
        "coding": [ {
          "system": "http://hl7.org/fhir/observation-category",
          "code": "laboratory",
          "display": "laboratory"
        } ],
        "text": "laboratory"
      },
      "code": {
        "coding": [ {
          "system": "http://loinc.org",
          "code": "777-3",
          "display": "Platelets [#/volume] in Blood by Automated count"
        } ],
        "text": "Platelets [#/volume] in Blood by Automated count"
      },
      "subject": {
        "reference": "urn:uuid:6438e4ed-a184-3a50-0a49-6e83b48fe7b7"
      },
      "encounter": {
        "reference": "urn:uuid:f397ec32-214a-d59c-b4bb-e48e0bceefb2"
      },
      "effectiveDateTime": "2024-05-11T10:47:59+00:00",
      "issued": "2024-05-11T10:47:59.009+00:00",
      "valueQuantity": {
        "value": 248.76,
        "unit": "10*3/uL",
        "system": "http://unitsofmeasure.org",
        "code": "10*3/uL"
      }
    },
    "request": {
      "method": "POST",
      "url": "Observation"
    }
  }, {
    "fullUrl": "urn:uuid:45f67059-9311-9bf1-751b-bdfa3123597d",
    "resource": {
      "resourceType": "Observation",
      "id": "45f67059-9311-9bf1-751b-bdfa3123597d",
      "status": "final",
      "category": {
        "coding": [ {
          "system": "http://hl7.org/fhir/observation-category",
          "code": "laboratory",
          "display": "laboratory"
        } ],
        "text": "laboratory"
      },
      "code": {
        "coding": [ {
          "system": "http://loinc.org",
          "code": "32207-3",
          "display": "Platelet distribution width [Entitic volume] in Blood by Automated count"
        } ],
        "text": "Platelet distribution width [Entitic volume] in Blood by Automated count"
      },
      "subject": {
        "reference": "urn:uuid:6438e4ed-a184-3a50-0a49-6e83b48fe7b7"
      },
      "encounter": {
        "reference": "urn:uuid:f397ec32-214a-d59c-b4bb-e48e0bceefb2"
      },
      "effectiveDateTime": "2024-05-11T10:47:59+00:00",
      "issued": "2024-05-11T10:47:59.009+00:00",
      "valueQuantity": {
        "value": 471.41,
        "unit": "fL",
        "system": "http://unitsofmeasure.org",
        "code": "fL"
      }
    },
    "request": {
      "method": "POST",
      "url": "Observation"
    }
  }, {
    "fullUrl": "urn:uuid:e3dadee3-0a2c-2746-67f6-2d7fe88e0325",
    "resource": {
      "resourceType": "Observation",
      "id": "e3dadee3-0a2c-2746-67f6-2d7fe88e0325",
      "status": "final",
      "category": {
        "coding": [ {
          "system": "http://hl7.org/fhir/observation-category",
          "code": "laboratory",
          "display": "laboratory"
        } ],
        "text": "laboratory"
      },
      "code": {
        "coding": [ {
          "system": "http://loinc.org",
          "code": "32623-1",
          "display": "Platelet mean volume [Entitic volume] in Blood by Automated count"
        } ],
        "text": "Platelet mean volume [Entitic volume] in Blood by Automated count"
      },
      "subject": {
        "reference": "urn:uuid:6438e4ed-a184-3a50-0a49-6e83b48fe7b7"
      },
      "encounter": {
        "reference": "urn:uuid:f397ec32-214a-d59c-b4bb-e48e0bceefb2"
      },
      "effectiveDateTime": "2024-05-11T10:47:59+00:00",
      "issued": "2024-05-11T10:47:59.009+00:00",
      "valueQuantity": {
        "value": 9.8649,
        "unit": "fL",
        "system": "http://unitsofmeasure.org",
        "code": "fL"
      }
    },
    "request": {
      "method": "POST",
      "url": "Observation"
    }
  }, {
    "fullUrl": "urn:uuid:22b1a622-6c31-edb1-3bc0-fc69c205ffb3",
    "resource": {
      "resourceType": "Observation",
      "id": "22b1a622-6c31-edb1-3bc0-fc69c205ffb3",
      "status": "final",
      "category": {
        "coding": [ {
          "system": "http://hl7.org/fhir/observation-category",
          "code": "social-history",
          "display": "social-history"
        } ],
        "text": "social-history"
      },
      "code": {
        "coding": [ {
          "system": "http://loinc.org",
          "code": "72166-2",
          "display": "Tobacco smoking status"
        } ],
        "text": "Tobacco smoking status"
      },
      "subject": {
        "reference": "urn:uuid:6438e4ed-a184-3a50-0a49-6e83b48fe7b7"
      },
      "encounter": {
        "reference": "urn:uuid:f397ec32-214a-d59c-b4bb-e48e0bceefb2"
      },
      "effectiveDateTime": "2024-05-11T10:47:59+00:00",
      "issued": "2024-05-11T10:47:59.009+00:00",
      "valueCodeableConcept": {
        "coding": [ {
          "system": "http://snomed.info/sct",
          "code": "266919005",
          "display": "Never smoked tobacco (finding)"
        } ],
        "text": "Never smoked tobacco (finding)"
      }
    },
    "request": {
      "method": "POST",
      "url": "Observation"
    }
  }, {
    "fullUrl": "urn:uuid:980ab648-4560-52df-ff7f-32058c6c9b55",
    "resource": {
      "resourceType": "Procedure",
      "id": "980ab648-4560-52df-ff7f-32058c6c9b55",
      "subject": {
        "reference": "urn:uuid:6438e4ed-a184-3a50-0a49-6e83b48fe7b7"
      },
      "status": "completed",
      "code": {
        "coding": [ {
          "system": "http://snomed.info/sct",
          "code": "430193006",
          "display": "Medication Reconciliation (procedure)"
        } ],
        "text": "Medication Reconciliation (procedure)"
      },
      "performedPeriod": {
        "start": "2024-05-11T10:47:59+00:00",
        "end": "2024-05-11T11:02:59+00:00"
      },
      "encounter": {
        "reference": "urn:uuid:f397ec32-214a-d59c-b4bb-e48e0bceefb2"
      }
    },
    "request": {
      "method": "POST",
      "url": "Procedure"
    }
  }, {
    "fullUrl": "urn:uuid:7dd0b2ff-77b5-d030-d043-c6940e63fbb7",
    "resource": {
      "resourceType": "Immunization",
      "id": "7dd0b2ff-77b5-d030-d043-c6940e63fbb7",
      "status": "completed",
      "date": "2024-05-11T10:47:59+00:00",
      "vaccineCode": {
        "coding": [ {
          "system": "http://hl7.org/fhir/sid/cvx",
          "code": "08",
          "display": "Hep B, adolescent or pediatric"
        } ],
        "text": "Hep B, adolescent or pediatric"
      },
      "patient": {
        "reference": "urn:uuid:6438e4ed-a184-3a50-0a49-6e83b48fe7b7"
      },
      "wasNotGiven": false,
      "reported": false,
      "encounter": {
        "reference": "urn:uuid:f397ec32-214a-d59c-b4bb-e48e0bceefb2"
      }
    },
    "request": {
      "method": "POST",
      "url": "Immunization"
    }
  }, {
    "fullUrl": "urn:uuid:c5ca4761-0c56-12e4-25d5-d3ccf83e9332",
    "resource": {
      "resourceType": "DiagnosticReport",
      "id": "c5ca4761-0c56-12e4-25d5-d3ccf83e9332",
      "status": "final",
      "category": {
        "coding": [ {
          "system": "http://hl7.org/fhir/ValueSet/diagnostic-service-sections",
          "code": "LAB"
        } ]
      },
      "code": {
        "coding": [ {
          "system": "http://loinc.org",
          "code": "58410-2",
          "display": "CBC panel - Blood by Automated count"
        } ],
        "text": "CBC panel - Blood by Automated count"
      },
      "subject": {
        "reference": "urn:uuid:6438e4ed-a184-3a50-0a49-6e83b48fe7b7"
      },
      "encounter": {
        "reference": "urn:uuid:f397ec32-214a-d59c-b4bb-e48e0bceefb2"
      },
      "effectiveDateTime": "2024-05-11T10:47:59+00:00",
      "issued": "2024-05-11T10:47:59.009+00:00",
      "performer": {
        "reference": "Organization?identifier=https://github.com/synthetichealth/synthea|9f368e75-397f-3d77-a317-9a005512a4e2",
        "display": "EASTERN & WESTERN MEDICAL CENTER PC"
      },
      "result": [ {
        "reference": "urn:uuid:e3dadee3-0a2c-2746-67f6-2d7fe88e0325",
        "display": "Platelet mean volume [Entitic volume] in Blood by Automated count"
      } ]
    },
    "request": {
      "method": "POST",
      "url": "DiagnosticReport"
    }
  }, {
    "fullUrl": "urn:uuid:bd9eb7b1-bdba-c3ce-14a0-a0ac2c35a029",
    "resource": {
      "resourceType": "Claim",
      "id": "bd9eb7b1-bdba-c3ce-14a0-a0ac2c35a029",
      "type": "institutional",
      "organization": {
        "reference": "Organization?identifier=https://github.com/synthetichealth/synthea|9f368e75-397f-3d77-a317-9a005512a4e2",
        "display": "EASTERN & WESTERN MEDICAL CENTER PC"
      },
      "use": "complete",
      "diagnosis": [ {
        "sequence": 1,
        "diagnosis": {
          "system": "http://snomed.info/sct",
          "code": "314529007",
          "display": "Medication review due (situation)"
        }
      } ],
      "patient": {
        "reference": "urn:uuid:6438e4ed-a184-3a50-0a49-6e83b48fe7b7"
      },
      "item": [ {
        "sequence": 1,
        "type": {
          "system": "http://hl7.org/fhir/v3/ActCode",
          "code": "CSINV",
          "display": "clinical service invoice"
        },
        "service": {
          "system": "http://snomed.info/sct",
          "code": "410620009",
          "display": "Well child visit (procedure)"
        }
      }, {
        "sequence": 2,
        "type": {
          "system": "http://hl7.org/fhir/v3/ActCode",
          "code": "CSINV",
          "display": "clinical service invoice"
        },
        "service": {
          "system": "http://hl7.org/fhir/sid/cvx",
          "code": "08",
          "display": "Hep B, adolescent or pediatric"
        },
        "net": {
          "value": 136.00,
          "system": "urn:iso:std:iso:4217",
          "code": "USD"
        }
      }, {
        "sequence": 4,
        "type": {
          "system": "http://hl7.org/fhir/v3/ActCode",
          "code": "CSINV",
          "display": "clinical service invoice"
        },
        "service": {
          "system": "http://snomed.info/sct",
          "code": "430193006",
          "display": "Medication Reconciliation (procedure)"
        },
        "net": {
          "value": 257.98,
          "system": "urn:iso:std:iso:4217",
          "code": "USD"
        }
      }, {
        "sequence": 5,
        "type": {
          "system": "http://hl7.org/fhir/v3/ActCode",
          "code": "CSINV",
          "display": "clinical service invoice"
        },
        "service": {
          "system": "http://loinc.org",
          "code": "58410-2",
          "display": "CBC panel - Blood by Automated count"
        },
        "net": {
          "value": 74.58,
          "system": "urn:iso:std:iso:4217",
          "code": "USD"
        }
      } ]
    },
    "request": {
      "method": "POST",
      "url": "Claim"
    }
  } ]
}
