{
  "resourceType": "Bundle",
  "type": "transaction",
  "entry": [ {
    "fullUrl": "urn:uuid:4acd333b-a4f3-7fa0-45ef-18bbc57913bd",
    "resource": {
      "resourceType": "Patient",
      "id": "4acd333b-a4f3-7fa0-45ef-18bbc57913bd",
      "text": {
        "status": "generated",
        "div": "<div xmlns=\"http://www.w3.org/1999/xhtml\">Generated by <a href=\"https://github.com/synthetichealth/synthea\">Synthea</a>.Version identifier: 0a934f8\n .   Person seed: 5390020660295860128  Population seed: 1770235651513</div>"
      },
      "extension": [ {
        "url": "http://hl7.org/fhir/StructureDefinition/us-core-race",
        "valueCodeableConcept": {
          "coding": [ {
            "system": "http://hl7.org/fhir/v3/Race",
            "code": "2106-3",
            "display": "White"
          } ],
          "text": "White"
        }
      }, {
        "url": "http://hl7.org/fhir/StructureDefinition/us-core-ethnicity",
        "valueCodeableConcept": {
          "coding": [ {
            "system": "http://hl7.org/fhir/v3/Ethnicity",
            "code": "2186-5",
            "display": "Not Hispanic or Latino"
          } ],
          "text": "Not Hispanic or Latino"
        }
      }, {
        "url": "http://hl7.org/fhir/StructureDefinition/patient-mothersMaidenName",
        "valueString": "Mireille557 Walker122"
      }, {
        "url": "http://hl7.org/fhir/us/core/StructureDefinition/us-core-birthsex",
        "valueCode": "M"
      }, {
        "url": "http://hl7.org/fhir/StructureDefinition/birthPlace",
        "valueAddress": {
          "city": "Tewksbury",
          "state": "Massachusetts",
          "country": "US"
        }
      }, {
        "url": "http://synthetichealth.github.io/synthea/disability-adjusted-life-years",
        "valueDecimal": 0.0
      }, {
        "url": "http://synthetichealth.github.io/synthea/quality-adjusted-life-years",
        "valueDecimal": 0.0
      } ],
      "identifier": [ {
        "system": "https://github.com/synthetichealth/synthea",
        "value": "4acd333b-a4f3-7fa0-45ef-18bbc57913bd"
      }, {
        "type": {
          "coding": [ {
            "system": "http://hl7.org/fhir/v2/0203",
            "code": "MR"
          } ]
        },
        "system": "http://hospital.smarthealthit.org",
        "value": "4acd333b-a4f3-7fa0-45ef-18bbc57913bd"
      }, {
        "type": {
          "coding": [ {
            "system": "http://hl7.org/fhir/identifier-type",
            "code": "SB"
          } ]
        },
        "system": "http://hl7.org/fhir/sid/us-ssn",
        "value": "999-29-8588"
      } ],
      "name": [ {
        "use": "official",
        "family": [ "Kreiger457" ],
        "given": [ "Brant303", "Earle679" ]
      } ],
      "telecom": [ {
        "system": "phone",
        "value": "555-455-3221",
        "use": "home"
      } ],
      "gender": "male",
      "birthDate": "2025-09-13",
      "address": [ {
        "extension": [ {
          "url": "http://hl7.org/fhir/StructureDefinition/geolocation",
          "extension": [ {
            "url": "latitude",
            "valueDecimal": 42.309453669504286
          }, {
            "url": "longitude",
            "valueDecimal": -71.04000821568255
          } ]
        } ],
        "line": [ "705 Harris Row" ],
        "city": "Boston",
        "state": "Massachusetts",
        "postalCode": "02113",
        "country": "US"
      } ],
      "maritalStatus": {
        "coding": [ {
          "system": "http://hl7.org/fhir/v3/MaritalStatus",
          "code": "S"
        } ]
      },
      "multipleBirthBoolean": false,
      "communication": [ {
        "language": {
          "coding": [ {
            "system": "urn:ietf:bcp:47",
            "code": "en-US",
            "display": "English (United States)"
          } ],
          "text": "English (United States)"
        }
      } ]
    },
    "request": {
      "method": "POST",
      "url": "Patient"
    }
  }, {
    "fullUrl": "urn:uuid:4acd333b-a4f3-7fa0-37e4-c9cc2646080d",
    "resource": {
      "resourceType": "Encounter",
      "id": "4acd333b-a4f3-7fa0-37e4-c9cc2646080d",
      "status": "finished",
      "class": "ambulatory",
      "type": [ {
        "coding": [ {
          "system": "http://snomed.info/sct",
          "code": "410620009",
          "display": "Well child visit (procedure)"
        } ],
        "text": "Well child visit (procedure)"
      } ],
      "patient": {
        "reference": "urn:uuid:4acd333b-a4f3-7fa0-45ef-18bbc57913bd"
      },
      "participant": [ {
        "individual": {
          "reference": "Practitioner?identifier=http://hl7.org/fhir/sid/us-npi|9999977397",
          "display": "Dr. Felipe97 Tamayo777"
        }
      } ],
      "period": {
        "start": "2025-09-13T07:49:38+00:00",
        "end": "2025-09-13T08:04:38+00:00"
      },
      "serviceProvider": {
        "reference": "Organization?identifier=https://github.com/synthetichealth/synthea|2b97893e-dc50-378b-a266-f089b8450329",
        "display": "HARBOR HEALTH SERVICES INC"
      }
    },
    "request": {
      "method": "POST",
      "url": "Encounter"
    }
  }, {
    "fullUrl": "urn:uuid:4acd333b-a4f3-7fa0-79c7-3fb1cf6bdbad",
    "resource": {
      "resourceType": "Condition",
      "id": "4acd333b-a4f3-7fa0-79c7-3fb1cf6bdbad",
      "patient": {
        "reference": "urn:uuid:4acd333b-a4f3-7fa0-45ef-18bbc57913bd"
      },
      "encounter": {
        "reference": "urn:uuid:4acd333b-a4f3-7fa0-37e4-c9cc2646080d"
      },
      "dateRecorded": "2025-09-13",
      "code": {
        "coding": [ {
          "system": "http://snomed.info/sct",
          "code": "314529007",
          "display": "Medication review due (situation)"
        } ],
        "text": "Medication review due (situation)"
      },
      "category": {
        "coding": [ {
          "system": "http://hl7.org/fhir/condition-category",
          "code": "diagnosis"
        } ]
      },
      "clinicalStatus": "resolved",
      "verificationStatus": "confirmed",
      "onsetDateTime": "2025-09-13T07:49:38+00:00",
      "abatementDateTime": "2025-09-13T07:49:38+00:00"
    },
    "request": {
      "method": "POST",
      "url": "Condition"
    }
  }, {
    "fullUrl": "urn:uuid:4acd333b-a4f3-7fa0-b48a-7814f820b70f",
    "resource": {
      "resourceType": "Observation",
      "id": "4acd333b-a4f3-7fa0-b48a-7814f820b70f",
      "status": "final",
      "category": {
        "coding": [ {
          "system": "http://hl7.org/fhir/observation-category",
          "code": "vital-signs",
          "display": "vital-signs"
        } ],
        "text": "vital-signs"
      },
      "code": {
        "coding": [ {
          "system": "http://loinc.org",
          "code": "8302-2",
          "display": "Body Height"
        } ],
        "text": "Body Height"
      },
      "subject": {
        "reference": "urn:uuid:4acd333b-a4f3-7fa0-45ef-18bbc57913bd"
      },
      "encounter": {
        "reference": "urn:uuid:4acd333b-a4f3-7fa0-37e4-c9cc2646080d"
      },
      "effectiveDateTime": "2025-09-13T07:49:38+00:00",
      "issued": "2025-09-13T07:49:38.918+00:00",
      "valueQuantity": {
        "value": 52.200,
        "unit": "cm",
        "system": "http://unitsofmeasure.org",
        "code": "cm"
      }
    },
    "request": {
      "method": "POST",
      "url": "Observation"
    }
  }, {
    "fullUrl": "urn:uuid:4acd333b-a4f3-7fa0-88a1-108beed56ae5",
    "resource": {
      "resourceType": "Observation",
      "id": "4acd333b-a4f3-7fa0-88a1-108beed56ae5",
      "status": "final",
      "category": {
        "coding": [ {
          "system": "http://hl7.org/fhir/observation-category",
          "code": "vital-signs",
          "display": "vital-signs"
        } ],
        "text": "vital-signs"
      },
      "code": {
        "coding": [ {
          "system": "http://loinc.org",
          "code": "72514-3",
          "display": "Pain severity - 0-10 verbal numeric rating [Score] - Reported"
        } ],
        "text": "Pain severity - 0-10 verbal numeric rating [Score] - Reported"
      },
      "subject": {
        "reference": "urn:uuid:4acd333b-a4f3-7fa0-45ef-18bbc57913bd"
      },
      "encounter": {
        "reference": "urn:uuid:4acd333b-a4f3-7fa0-37e4-c9cc2646080d"
      },
      "effectiveDateTime": "2025-09-13T07:49:38+00:00",
      "issued": "2025-09-13T07:49:38.918+00:00",
      "valueQuantity": {
        "value": 0,
        "unit": "{score}",
        "system": "http://unitsofmeasure.org",
        "code": "{score}"
      }
    },
    "request": {
      "method": "POST",
      "url": "Observation"
    }
  }, {
    "fullUrl": "urn:uuid:4acd333b-a4f3-7fa0-ecdf-2269161b411f",
    "resource": {
      "resourceType": "Observation",
      "id": "4acd333b-a4f3-7fa0-ecdf-2269161b411f",
      "status": "final",
      "category": {
        "coding": [ {
          "system": "http://hl7.org/fhir/observation-category",
          "code": "vital-signs",
          "display": "vital-signs"
        } ],
        "text": "vital-signs"
      },
      "code": {
        "coding": [ {
          "system": "http://loinc.org",
          "code": "29463-7",
          "display": "Body Weight"
        } ],
        "text": "Body Weight"
      },
      "subject": {
        "reference": "urn:uuid:4acd333b-a4f3-7fa0-45ef-18bbc57913bd"
      },
      "encounter": {
        "reference": "urn:uuid:4acd333b-a4f3-7fa0-37e4-c9cc2646080d"
      },
      "effectiveDateTime": "2025-09-13T07:49:38+00:00",
      "issued": "2025-09-13T07:49:38.918+00:00",
      "valueQuantity": {
        "value": 3.7000,
        "unit": "kg",
        "system": "http://unitsofmeasure.org",
        "code": "kg"
      }
    },
    "request": {
      "method": "POST",
      "url": "Observation"
    }
  }, {
    "fullUrl": "urn:uuid:4acd333b-a4f3-7fa0-0f1c-33886ca36cc5",
    "resource": {
      "resourceType": "Observation",
      "id": "4acd333b-a4f3-7fa0-0f1c-33886ca36cc5",
      "status": "final",
      "category": {
        "coding": [ {
          "system": "http://hl7.org/fhir/observation-category",
          "code": "vital-signs",
          "display": "vital-signs"
        } ],
        "text": "vital-signs"
      },
      "code": {
        "coding": [ {
          "system": "http://loinc.org",
          "code": "77606-2",
          "display": "Weight-for-length Per age and sex"
        } ],
        "text": "Weight-for-length Per age and sex"
      },
      "subject": {
        "reference": "urn:uuid:4acd333b-a4f3-7fa0-45ef-18bbc57913bd"
      },
      "encounter": {
        "reference": "urn:uuid:4acd333b-a4f3-7fa0-37e4-c9cc2646080d"
      },
      "effectiveDateTime": "2025-09-13T07:49:38+00:00",
      "issued": "2025-09-13T07:49:38.918+00:00",
      "valueQuantity": {
        "value": 24.812,
        "unit": "%",
        "system": "http://unitsofmeasure.org",
        "code": "%"
      }
    },
    "request": {
      "method": "POST",
      "url": "Observation"
    }
  }, {
    "fullUrl": "urn:uuid:4acd333b-a4f3-7fa0-98ba-f566ecf0411e",
    "resource": {
      "resourceType": "Observation",
      "id": "4acd333b-a4f3-7fa0-98ba-f566ecf0411e",
      "status": "final",
      "category": {
        "coding": [ {
          "system": "http://hl7.org/fhir/observation-category",
          "code": "vital-signs",
          "display": "vital-signs"
        } ],
        "text": "vital-signs"
      },
      "code": {
        "coding": [ {
          "system": "http://loinc.org",
          "code": "8289-1",
          "display": "Head Occipital-frontal circumference Percentile"
        } ],
        "text": "Head Occipital-frontal circumference Percentile"
      },
      "subject": {
        "reference": "urn:uuid:4acd333b-a4f3-7fa0-45ef-18bbc57913bd"
      },
      "encounter": {
        "reference": "urn:uuid:4acd333b-a4f3-7fa0-37e4-c9cc2646080d"
      },
      "effectiveDateTime": "2025-09-13T07:49:38+00:00",
      "issued": "2025-09-13T07:49:38.918+00:00",
      "valueQuantity": {
        "value": 45.210,
        "unit": "%",
        "system": "http://unitsofmeasure.org",
        "code": "%"
      }
    },
    "request": {
      "method": "POST",
      "url": "Observation"
    }
  }, {
    "fullUrl": "urn:uuid:4acd333b-a4f3-7fa0-e39a-8a2183576929",
    "resource": {
      "resourceType": "Observation",
      "id": "4acd333b-a4f3-7fa0-e39a-8a2183576929",
      "status": "final",
      "category": {
        "coding": [ {
          "system": "http://hl7.org/fhir/observation-category",
          "code": "vital-signs",
          "display": "vital-signs"
        } ],
        "text": "vital-signs"
      },
      "code": {
        "coding": [ {
          "system": "http://loinc.org",
          "code": "9843-4",
          "display": "Head Occipital-frontal circumference"
        } ],
        "text": "Head Occipital-frontal circumference"
      },
      "subject": {
        "reference": "urn:uuid:4acd333b-a4f3-7fa0-45ef-18bbc57913bd"
      },
      "encounter": {
        "reference": "urn:uuid:4acd333b-a4f3-7fa0-37e4-c9cc2646080d"
      },
      "effectiveDateTime": "2025-09-13T07:49:38+00:00",
      "issued": "2025-09-13T07:49:38.918+00:00",
      "valueQuantity": {
        "value": 35.590,
        "unit": "cm",
        "system": "http://unitsofmeasure.org",
        "code": "cm"
      }
    },
    "request": {
      "method": "POST",
      "url": "Observation"
    }
  }, {
    "fullUrl": "urn:uuid:4acd333b-a4f3-7fa0-17e1-0b7ac7dcbd02",
    "resource": {
      "resourceType": "Observation",
      "id": "4acd333b-a4f3-7fa0-17e1-0b7ac7dcbd02",
      "status": "final",
      "category": {
        "coding": [ {
          "system": "http://hl7.org/fhir/observation-category",
          "code": "vital-signs",
          "display": "vital-signs"
        } ],
        "text": "vital-signs"
      },
      "code": {
        "coding": [ {
          "system": "http://loinc.org",
          "code": "85354-9",
          "display": "Blood pressure panel with all children optional"
        } ],
        "text": "Blood pressure panel with all children optional"
      },
      "subject": {
        "reference": "urn:uuid:4acd333b-a4f3-7fa0-45ef-18bbc57913bd"
      },
      "encounter": {
        "reference": "urn:uuid:4acd333b-a4f3-7fa0-37e4-c9cc2646080d"
      },
      "effectiveDateTime": "2025-09-13T07:49:38+00:00",
      "issued": "2025-09-13T07:49:38.918+00:00",
      "component": [ {
        "code": {
          "coding": [ {
            "system": "http://loinc.org",
            "code": "8462-4",
            "display": "Diastolic Blood Pressure"
          } ],
          "text": "Diastolic Blood Pressure"
        },
        "valueQuantity": {
          "value": 78,
          "unit": "mm[Hg]",
          "system": "http://unitsofmeasure.org",
          "code": "mm[Hg]"
        }
      }, {
        "code": {
          "coding": [ {
            "system": "http://loinc.org",
            "code": "8480-6",
            "display": "Systolic Blood Pressure"
          } ],
          "text": "Systolic Blood Pressure"
        },
        "valueQuantity": {
          "value": 145,
          "unit": "mm[Hg]",
          "system": "http://unitsofmeasure.org",
          "code": "mm[Hg]"
        }
      } ]
    },
    "request": {
      "method": "POST",
      "url": "Observation"
    }
  }, {
    "fullUrl": "urn:uuid:4acd333b-a4f3-7fa0-4acb-6936ab24cafd",
    "resource": {
      "resourceType": "Observation",
      "id": "4acd333b-a4f3-7fa0-4acb-6936ab24cafd",
      "status": "final",
      "category": {
        "coding": [ {
          "system": "http://hl7.org/fhir/observation-category",
          "code": "vital-signs",
          "display": "vital-signs"
        } ],
        "text": "vital-signs"
      },
      "code": {
        "coding": [ {
          "system": "http://loinc.org",
          "code": "8867-4",
          "display": "Heart rate"
        } ],
        "text": "Heart rate"
      },
      "subject": {
        "reference": "urn:uuid:4acd333b-a4f3-7fa0-45ef-18bbc57913bd"
      },
      "encounter": {
        "reference": "urn:uuid:4acd333b-a4f3-7fa0-37e4-c9cc2646080d"
      },
      "effectiveDateTime": "2025-09-13T07:49:38+00:00",
      "issued": "2025-09-13T07:49:38.918+00:00",
      "valueQuantity": {
        "value": 67,
        "unit": "/min",
        "system": "http://unitsofmeasure.org",
        "code": "/min"
      }
    },
    "request": {
      "method": "POST",
      "url": "Observation"
    }
  }, {
    "fullUrl": "urn:uuid:4acd333b-a4f3-7fa0-582d-db81018f9c41",
    "resource": {
      "resourceType": "Observation",
      "id": "4acd333b-a4f3-7fa0-582d-db81018f9c41",
      "status": "final",
      "category": {
        "coding": [ {
          "system": "http://hl7.org/fhir/observation-category",
          "code": "vital-signs",
          "display": "vital-signs"
        } ],
        "text": "vital-signs"
      },
      "code": {
        "coding": [ {
          "system": "http://loinc.org",
          "code": "9279-1",
          "display": "Respiratory rate"
        } ],
        "text": "Respiratory rate"
      },
      "subject": {
        "reference": "urn:uuid:4acd333b-a4f3-7fa0-45ef-18bbc57913bd"
      },
      "encounter": {
        "reference": "urn:uuid:4acd333b-a4f3-7fa0-37e4-c9cc2646080d"
      },
      "effectiveDateTime": "2025-09-13T07:49:38+00:00",
      "issued": "2025-09-13T07:49:38.918+00:00",
      "valueQuantity": {
        "value": 13,
        "unit": "/min",
        "system": "http://unitsofmeasure.org",
        "code": "/min"
      }
    },
    "request": {
      "method": "POST",
      "url": "Observation"
    }
  }, {
    "fullUrl": "urn:uuid:4acd333b-a4f3-7fa0-3194-708af764ffe4",
    "resource": {
      "resourceType": "Observation",
      "id": "4acd333b-a4f3-7fa0-3194-708af764ffe4",
      "status": "final",
      "category": {
        "coding": [ {
          "system": "http://hl7.org/fhir/observation-category",
          "code": "laboratory",
          "display": "laboratory"
        } ],
        "text": "laboratory"
      },
      "code": {
        "coding": [ {
          "system": "http://loinc.org",
          "code": "6690-2",
          "display": "Leukocytes [#/volume] in Blood by Automated count"
        } ],
        "text": "Leukocytes [#/volume] in Blood by Automated count"
      },
      "subject": {
        "reference": "urn:uuid:4acd333b-a4f3-7fa0-45ef-18bbc57913bd"
      },
      "encounter": {
        "reference": "urn:uuid:4acd333b-a4f3-7fa0-37e4-c9cc2646080d"
      },
      "effectiveDateTime": "2025-09-13T07:49:38+00:00",
      "issued": "2025-09-13T07:49:38.918+00:00",
      "valueQuantity": {
        "value": 9.9967,
        "unit": "10*3/uL",
        "system": "http://unitsofmeasure.org",
        "code": "10*3/uL"
      }
    },
    "request": {
      "method": "POST",
      "url": "Observation"
    }
  }, {
    "fullUrl": "urn:uuid:4acd333b-a4f3-7fa0-eff8-f4beed827a09",
    "resource": {
      "resourceType": "Observation",
      "id": "4acd333b-a4f3-7fa0-eff8-f4beed827a09",
      "status": "final",
      "category": {
        "coding": [ {
          "system": "http://hl7.org/fhir/observation-category",
          "code": "laboratory",
          "display": "laboratory"
        } ],
        "text": "laboratory"
      },
      "code": {
        "coding": [ {
          "system": "http://loinc.org",
          "code": "789-8",
          "display": "Erythrocytes [#/volume] in Blood by Automated count"
        } ],
        "text": "Erythrocytes [#/volume] in Blood by Automated count"
      },
      "subject": {
        "reference": "urn:uuid:4acd333b-a4f3-7fa0-45ef-18bbc57913bd"
      },
      "encounter": {
        "reference": "urn:uuid:4acd333b-a4f3-7fa0-37e4-c9cc2646080d"
      },
      "effectiveDateTime": "2025-09-13T07:49:38+00:00",
      "issued": "2025-09-13T07:49:38.918+00:00",
      "valueQuantity": {
        "value": 4.9907,
        "unit": "10*6/uL",
        "system": "http://unitsofmeasure.org",
        "code": "10*6/uL"
      }
    },
    "request": {
      "method": "POST",
      "url": "Observation"
    }
  }, {
    "fullUrl": "urn:uuid:4acd333b-a4f3-7fa0-67e4-92ec47e3459b",
    "resource": {
      "resourceType": "Observation",
      "id": "4acd333b-a4f3-7fa0-67e4-92ec47e3459b",
      "status": "final",
      "category": {
        "coding": [ {
          "system": "http://hl7.org/fhir/observation-category",
          "code": "laboratory",
          "display": "laboratory"
        } ],
        "text": "laboratory"
      },
      "code": {
        "coding": [ {
          "system": "http://loinc.org",
          "code": "718-7",
          "display": "Hemoglobin [Mass/volume] in Blood"
        } ],
        "text": "Hemoglobin [Mass/volume] in Blood"
      },
      "subject": {
        "reference": "urn:uuid:4acd333b-a4f3-7fa0-45ef-18bbc57913bd"
      },
      "encounter": {
        "reference": "urn:uuid:4acd333b-a4f3-7fa0-37e4-c9cc2646080d"
      },
      "effectiveDateTime": "2025-09-13T07:49:38+00:00",
      "issued": "2025-09-13T07:49:38.918+00:00",
      "valueQuantity": {
        "value": 13.159,
        "unit": "g/dL",
        "system": "http://unitsofmeasure.org",
        "code": "g/dL"
      }
    },
    "request": {
      "method": "POST",
      "url": "Observation"
    }
  }, {
    "fullUrl": "urn:uuid:4acd333b-a4f3-7fa0-4665-5dff38e16cbf",
    "resource": {
      "resourceType": "Observation",
      "id": "4acd333b-a4f3-7fa0-4665-5dff38e16cbf",
      "status": "final",
      "category": {
        "coding": [ {
          "system": "http://hl7.org/fhir/observation-category",
          "code": "laboratory",
          "display": "laboratory"
        } ],
        "text": "laboratory"
      },
      "code": {
        "coding": [ {
          "system": "http://loinc.org",
          "code": "4544-3",
          "display": "Hematocrit [Volume Fraction] of Blood by Automated count"
        } ],
        "text": "Hematocrit [Volume Fraction] of Blood by Automated count"
      },
      "subject": {
        "reference": "urn:uuid:4acd333b-a4f3-7fa0-45ef-18bbc57913bd"
      },
      "encounter": {
        "reference": "urn:uuid:4acd333b-a4f3-7fa0-37e4-c9cc2646080d"
      },
      "effectiveDateTime": "2025-09-13T07:49:38+00:00",
      "issued": "2025-09-13T07:49:38.918+00:00",
      "valueQuantity": {
        "value": 44.432,
        "unit": "%",
        "system": "http://unitsofmeasure.org",
        "code": "%"
      }
    },
    "request": {
      "method": "POST",
      "url": "Observation"
    }
  }, {
    "fullUrl": "urn:uuid:4acd333b-a4f3-7fa0-8ecb-cacabef8b94b",
    "resource": {
      "resourceType": "Observation",
      "id": "4acd333b-a4f3-7fa0-8ecb-cacabef8b94b",
      "status": "final",
      "category": {
        "coding": [ {
          "system": "http://hl7.org/fhir/observation-category",
          "code": "laboratory",
          "display": "laboratory"
        } ],
        "text": "laboratory"
      },
      "code": {
        "coding": [ {
          "system": "http://loinc.org",
          "code": "787-2",
          "display": "MCV [Entitic mean volume] in Red Blood Cells by Automated count"
        } ],
        "text": "MCV [Entitic mean volume] in Red Blood Cells by Automated count"
      },
      "subject": {
        "reference": "urn:uuid:4acd333b-a4f3-7fa0-45ef-18bbc57913bd"
      },
      "encounter": {
        "reference": "urn:uuid:4acd333b-a4f3-7fa0-37e4-c9cc2646080d"
      },
      "effectiveDateTime": "2025-09-13T07:49:38+00:00",
      "issued": "2025-09-13T07:49:38.918+00:00",
      "valueQuantity": {
        "value": 91.565,
        "unit": "fL",
        "system": "http://unitsofmeasure.org",
        "code": "fL"
      }
    },
    "request": {
      "method": "POST",
      "url": "Observation"
    }
  }, {
    "fullUrl": "urn:uuid:4acd333b-a4f3-7fa0-4e1f-820c15e3b878",
    "resource": {
      "resourceType": "Observation",
      "id": "4acd333b-a4f3-7fa0-4e1f-820c15e3b878",
      "status": "final",
      "category": {
        "coding": [ {
          "system": "http://hl7.org/fhir/observation-category",
          "code": "laboratory",
          "display": "laboratory"
        } ],
        "text": "laboratory"
      },
      "code": {
        "coding": [ {
          "system": "http://loinc.org",
          "code": "785-6",
          "display": "MCH [Entitic mass] by Automated count"
        } ],
        "text": "MCH [Entitic mass] by Automated count"
      },
      "subject": {
        "reference": "urn:uuid:4acd333b-a4f3-7fa0-45ef-18bbc57913bd"
      },
      "encounter": {
        "reference": "urn:uuid:4acd333b-a4f3-7fa0-37e4-c9cc2646080d"
      },
      "effectiveDateTime": "2025-09-13T07:49:38+00:00",
      "issued": "2025-09-13T07:49:38.918+00:00",
      "valueQuantity": {
        "value": 30.857,
        "unit": "pg",
        "system": "http://unitsofmeasure.org",
        "code": "pg"
      }
    },
    "request": {
      "method": "POST",
      "url": "Observation"
    }
  }, {
    "fullUrl": "urn:uuid:4acd333b-a4f3-7fa0-d480-cea94cd8c5d5",
    "resource": {
      "resourceType": "Observation",
      "id": "4acd333b-a4f3-7fa0-d480-cea94cd8c5d5",
      "status": "final",
      "category": {
        "coding": [ {
          "system": "http://hl7.org/fhir/observation-category",
          "code": "laboratory",
          "display": "laboratory"
        } ],
        "text": "laboratory"
      },
      "code": {
        "coding": [ {
          "system": "http://loinc.org",
          "code": "786-4",
          "display": "MCHC [Entitic Mass/volume] in Red Blood Cells by Automated count"
        } ],
        "text": "MCHC [Entitic Mass/volume] in Red Blood Cells by Automated count"
      },
      "subject": {
        "reference": "urn:uuid:4acd333b-a4f3-7fa0-45ef-18bbc57913bd"
      },
      "encounter": {
        "reference": "urn:uuid:4acd333b-a4f3-7fa0-37e4-c9cc2646080d"
      },
      "effectiveDateTime": "2025-09-13T07:49:38+00:00",
      "issued": "2025-09-13T07:49:38.918+00:00",
      "valueQuantity": {
        "value": 33.471,
        "unit": "g/dL",
        "system": "http://unitsofmeasure.org",
        "code": "g/dL"
      }
    },
    "request": {
      "method": "POST",
      "url": "Observation"
    }
  }, {
    "fullUrl": "urn:uuid:4acd333b-a4f3-7fa0-3c3c-2c393598517e",
    "resource": {
      "resourceType": "Observation",
      "id": "4acd333b-a4f3-7fa0-3c3c-2c393598517e",
      "status": "final",
      "category": {
        "coding": [ {
          "system": "http://hl7.org/fhir/observation-category",
          "code": "laboratory",
          "display": "laboratory"
        } ],
        "text": "laboratory"
      },
      "code": {
        "coding": [ {
          "system": "http://loinc.org",
          "code": "788-0",
          "display": "Erythrocyte [DistWidth] in Blood by Automated count"
        } ],
        "text": "Erythrocyte [DistWidth] in Blood by Automated count"
      },
      "subject": {
        "reference": "urn:uuid:4acd333b-a4f3-7fa0-45ef-18bbc57913bd"
      },
      "encounter": {
        "reference": "urn:uuid:4acd333b-a4f3-7fa0-37e4-c9cc2646080d"
      },
      "effectiveDateTime": "2025-09-13T07:49:38+00:00",
      "issued": "2025-09-13T07:49:38.918+00:00",
      "valueQuantity": {
        "value": 43.458,
        "unit": "fL",
        "system": "http://unitsofmeasure.org",
        "code": "fL"
      }
    },
    "request": {
      "method": "POST",
      "url": "Observation"
    }
  }, {
    "fullUrl": "urn:uuid:4acd333b-a4f3-7fa0-7ea9-b9c6cd5cd58e",
    "resource": {
      "resourceType": "Observation",
      "id": "4acd333b-a4f3-7fa0-7ea9-b9c6cd5cd58e",
      "status": "final",
      "category": {
        "coding": [ {
          "system": "http://hl7.org/fhir/observation-category",
          "code": "laboratory",
          "display": "laboratory"
        } ],
        "text": "laboratory"
      },
      "code": {
        "coding": [ {
          "system": "http://loinc.org",
          "code": "777-3",
          "display": "Platelets [#/volume] in Blood by Automated count"
        } ],
        "text": "Platelets [#/volume] in Blood by Automated count"
      },
      "subject": {
        "reference": "urn:uuid:4acd333b-a4f3-7fa0-45ef-18bbc57913bd"
      },
      "encounter": {
        "reference": "urn:uuid:4acd333b-a4f3-7fa0-37e4-c9cc2646080d"
      },
      "effectiveDateTime": "2025-09-13T07:49:38+00:00",
      "issued": "2025-09-13T07:49:38.918+00:00",
      "valueQuantity": {
        "value": 221.32,
        "unit": "10*3/uL",
        "system": "http://unitsofmeasure.org",
        "code": "10*3/uL"
      }
    },
    "request": {
      "method": "POST",
      "url": "Observation"
    }
  }, {
    "fullUrl": "urn:uuid:4acd333b-a4f3-7fa0-984a-94d95cd02ed1",
    "resource": {
      "resourceType": "Observation",
      "id": "4acd333b-a4f3-7fa0-984a-94d95cd02ed1",
      "status": "final",
      "category": {
        "coding": [ {
          "system": "http://hl7.org/fhir/observation-category",
          "code": "laboratory",
          "display": "laboratory"
        } ],
        "text": "laboratory"
      },
      "code": {
        "coding": [ {
          "system": "http://loinc.org",
          "code": "32207-3",
          "display": "Platelet distribution width [Entitic volume] in Blood by Automated count"
        } ],
        "text": "Platelet distribution width [Entitic volume] in Blood by Automated count"
      },
      "subject": {
        "reference": "urn:uuid:4acd333b-a4f3-7fa0-45ef-18bbc57913bd"
      },
      "encounter": {
        "reference": "urn:uuid:4acd333b-a4f3-7fa0-37e4-c9cc2646080d"
      },
      "effectiveDateTime": "2025-09-13T07:49:38+00:00",
      "issued": "2025-09-13T07:49:38.918+00:00",
      "valueQuantity": {
        "value": 182.17,
        "unit": "fL",
        "system": "http://unitsofmeasure.org",
        "code": "fL"
      }
    },
    "request": {
      "method": "POST",
      "url": "Observation"
    }
  }, {
    "fullUrl": "urn:uuid:4acd333b-a4f3-7fa0-5432-60ae8e314cbe",
    "resource": {
      "resourceType": "Observation",
      "id": "4acd333b-a4f3-7fa0-5432-60ae8e314cbe",
      "status": "final",
      "category": {
        "coding": [ {
          "system": "http://hl7.org/fhir/observation-category",
          "code": "laboratory",
          "display": "laboratory"
        } ],
        "text": "laboratory"
      },
      "code": {
        "coding": [ {
          "system": "http://loinc.org",
          "code": "32623-1",
          "display": "Platelet [Entitic mean volume] in Blood by Automated count"
        } ],
        "text": "Platelet [Entitic mean volume] in Blood by Automated count"
      },
      "subject": {
        "reference": "urn:uuid:4acd333b-a4f3-7fa0-45ef-18bbc57913bd"
      },
      "encounter": {
        "reference": "urn:uuid:4acd333b-a4f3-7fa0-37e4-c9cc2646080d"
      },
      "effectiveDateTime": "2025-09-13T07:49:38+00:00",
      "issued": "2025-09-13T07:49:38.918+00:00",
      "valueQuantity": {
        "value": 9.9400,
        "unit": "fL",
        "system": "http://unitsofmeasure.org",
        "code": "fL"
      }
    },
    "request": {
      "method": "POST",
      "url": "Observation"
    }
  }, {
    "fullUrl": "urn:uuid:4acd333b-a4f3-7fa0-d2eb-7dc78c106ca3",
    "resource": {
      "resourceType": "Observation",
      "id": "4acd333b-a4f3-7fa0-d2eb-7dc78c106ca3",
      "status": "final",
      "category": {
        "coding": [ {
          "system": "http://hl7.org/fhir/observation-category",
          "code": "social-history",
          "display": "social-history"
        } ],
        "text": "social-history"
      },
      "code": {
        "coding": [ {
          "system": "http://loinc.org",
          "code": "72166-2",
          "display": "Tobacco smoking status"
        } ],
        "text": "Tobacco smoking status"
      },
      "subject": {
        "reference": "urn:uuid:4acd333b-a4f3-7fa0-45ef-18bbc57913bd"
      },
      "encounter": {
        "reference": "urn:uuid:4acd333b-a4f3-7fa0-37e4-c9cc2646080d"
      },
      "effectiveDateTime": "2025-09-13T07:49:38+00:00",
      "issued": "2025-09-13T07:49:38.918+00:00",
      "valueCodeableConcept": {
        "coding": [ {
          "system": "http://snomed.info/sct",
          "code": "266919005",
          "display": "Never smoked tobacco (finding)"
        } ],
        "text": "Never smoked tobacco (finding)"
      }
    },
    "request": {
      "method": "POST",
      "url": "Observation"
    }
  }, {
    "fullUrl": "urn:uuid:4acd333b-a4f3-7fa0-af42-9074ab21bf80",
    "resource": {
      "resourceType": "Procedure",
      "id": "4acd333b-a4f3-7fa0-af42-9074ab21bf80",
      "subject": {
        "reference": "urn:uuid:4acd333b-a4f3-7fa0-45ef-18bbc57913bd"
      },
      "status": "completed",
      "code": {
        "coding": [ {
          "system": "http://snomed.info/sct",
          "code": "430193006",
          "display": "Medication reconciliation (procedure)"
        } ],
        "text": "Medication reconciliation (procedure)"
      },
      "performedPeriod": {
        "start": "2025-09-13T07:49:38+00:00",
        "end": "2025-09-13T08:04:38+00:00"
      },
      "encounter": {
        "reference": "urn:uuid:4acd333b-a4f3-7fa0-37e4-c9cc2646080d"
      }
    },
    "request": {
      "method": "POST",
      "url": "Procedure"
    }
  }, {
    "fullUrl": "urn:uuid:4acd333b-a4f3-7fa0-0919-8a99f04eb77e",
    "resource": {
      "resourceType": "Immunization",
      "id": "4acd333b-a4f3-7fa0-0919-8a99f04eb77e",
      "status": "completed",
      "date": "2025-09-13T07:49:38+00:00",
      "vaccineCode": {
        "coding": [ {
          "system": "http://hl7.org/fhir/sid/cvx",
          "code": "08",
          "display": "Hep B, adolescent or pediatric"
        } ],
        "text": "Hep B, adolescent or pediatric"
      },
      "patient": {
        "reference": "urn:uuid:4acd333b-a4f3-7fa0-45ef-18bbc57913bd"
      },
      "wasNotGiven": false,
      "reported": false,
      "encounter": {
        "reference": "urn:uuid:4acd333b-a4f3-7fa0-37e4-c9cc2646080d"
      }
    },
    "request": {
      "method": "POST",
      "url": "Immunization"
    }
  }, {
    "fullUrl": "urn:uuid:4acd333b-a4f3-7fa0-806c-cdf13ad0d981",
    "resource": {
      "resourceType": "DiagnosticReport",
      "id": "4acd333b-a4f3-7fa0-806c-cdf13ad0d981",
      "status": "final",
      "category": {
        "coding": [ {
          "system": "http://hl7.org/fhir/ValueSet/diagnostic-service-sections",
          "code": "LAB"
        } ]
      },
      "code": {
        "coding": [ {
          "system": "http://loinc.org",
          "code": "58410-2",
          "display": "CBC panel - Blood by Automated count"
        } ],
        "text": "CBC panel - Blood by Automated count"
      },
      "subject": {
        "reference": "urn:uuid:4acd333b-a4f3-7fa0-45ef-18bbc57913bd"
      },
      "encounter": {
        "reference": "urn:uuid:4acd333b-a4f3-7fa0-37e4-c9cc2646080d"
      },
      "effectiveDateTime": "2025-09-13T07:49:38+00:00",
      "issued": "2025-09-13T07:49:38.918+00:00",
      "performer": {
        "reference": "Organization?identifier=https://github.com/synthetichealth/synthea|2b97893e-dc50-378b-a266-f089b8450329",
        "display": "HARBOR HEALTH SERVICES INC"
      },
      "result": [ {
        "reference": "urn:uuid:4acd333b-a4f3-7fa0-5432-60ae8e314cbe",
        "display": "Platelet [Entitic mean volume] in Blood by Automated count"
      } ]
    },
    "request": {
      "method": "POST",
      "url": "DiagnosticReport"
    }
  }, {
    "fullUrl": "urn:uuid:4acd333b-a4f3-7fa0-6735-53978d746b3a",
    "resource": {
      "resourceType": "Claim",
      "id": "4acd333b-a4f3-7fa0-6735-53978d746b3a",
      "type": "institutional",
      "organization": {
        "reference": "Organization?identifier=https://github.com/synthetichealth/synthea|2b97893e-dc50-378b-a266-f089b8450329",
        "display": "HARBOR HEALTH SERVICES INC"
      },
      "use": "complete",
      "diagnosis": [ {
        "sequence": 1,
        "diagnosis": {
          "system": "http://snomed.info/sct",
          "code": "314529007",
          "display": "Medication review due (situation)"
        }
      } ],
      "patient": {
        "reference": "urn:uuid:4acd333b-a4f3-7fa0-45ef-18bbc57913bd"
      },
      "item": [ {
        "sequence": 1,
        "type": {
          "system": "http://hl7.org/fhir/v3/ActCode",
          "code": "CSINV",
          "display": "clinical service invoice"
        },
        "service": {
          "system": "http://snomed.info/sct",
          "code": "410620009",
          "display": "Well child visit (procedure)"
        }
      }, {
        "sequence": 2,
        "type": {
          "system": "http://hl7.org/fhir/v3/ActCode",
          "code": "CSINV",
          "display": "clinical service invoice"
        },
        "service": {
          "system": "http://hl7.org/fhir/sid/cvx",
          "code": "08",
          "display": "Hep B, adolescent or pediatric"
        },
        "net": {
          "value": 136.00,
          "system": "urn:iso:std:iso:4217",
          "code": "USD"
        }
      }, {
        "sequence": 4,
        "type": {
          "system": "http://hl7.org/fhir/v3/ActCode",
          "code": "CSINV",
          "display": "clinical service invoice"
        },
        "service": {
          "system": "http://snomed.info/sct",
          "code": "430193006",
          "display": "Medication reconciliation (procedure)"
        },
        "net": {
          "value": 215.70,
          "system": "urn:iso:std:iso:4217",
          "code": "USD"
        }
      }, {
        "sequence": 5,
        "type": {
          "system": "http://hl7.org/fhir/v3/ActCode",
          "code": "CSINV",
          "display": "clinical service invoice"
        },
        "service": {
          "system": "http://loinc.org",
          "code": "58410-2",
          "display": "CBC panel - Blood by Automated count"
        },
        "net": {
          "value": 74.58,
          "system": "urn:iso:std:iso:4217",
          "code": "USD"
        }
      } ]
    },
    "request": {
      "method": "POST",
      "url": "Claim"
    }
  }, {
    "fullUrl": "urn:uuid:4acd333b-a4f3-7fa0-5a69-28c70dc9a66f",
    "resource": {
      "resourceType": "Encounter",
      "id": "4acd333b-a4f3-7fa0-5a69-28c70dc9a66f",
      "status": "finished",
      "class": "ambulatory",
      "type": [ {
        "coding": [ {
          "system": "http://snomed.info/sct",
          "code": "410620009",
          "display": "Well child visit (procedure)"
        } ],
        "text": "Well child visit (procedure)"
      } ],
      "patient": {
        "reference": "urn:uuid:4acd333b-a4f3-7fa0-45ef-18bbc57913bd"
      },
      "participant": [ {
        "individual": {
          "reference": "Practitioner?identifier=http://hl7.org/fhir/sid/us-npi|9999977397",
          "display": "Dr. Felipe97 Tamayo777"
        }
      } ],
      "period": {
        "start": "2025-10-18T07:49:38+00:00",
        "end": "2025-10-18T08:04:38+00:00"
      },
      "serviceProvider": {
        "reference": "Organization?identifier=https://github.com/synthetichealth/synthea|2b97893e-dc50-378b-a266-f089b8450329",
        "display": "HARBOR HEALTH SERVICES INC"
      }
    },
    "request": {
      "method": "POST",
      "url": "Encounter"
    }
  }, {
    "fullUrl": "urn:uuid:4acd333b-a4f3-7fa0-76df-1c05521faa51",
    "resource": {
      "resourceType": "Condition",
      "id": "4acd333b-a4f3-7fa0-76df-1c05521faa51",
      "patient": {
        "reference": "urn:uuid:4acd333b-a4f3-7fa0-45ef-18bbc57913bd"
      },
      "encounter": {
        "reference": "urn:uuid:4acd333b-a4f3-7fa0-5a69-28c70dc9a66f"
      },
      "dateRecorded": "2025-10-18",
      "code": {
        "coding": [ {
          "system": "http://snomed.info/sct",
          "code": "314529007",
          "display": "Medication review due (situation)"
        } ],
        "text": "Medication review due (situation)"
      },
      "category": {
        "coding": [ {
          "system": "http://hl7.org/fhir/condition-category",
          "code": "diagnosis"
        } ]
      },
      "clinicalStatus": "resolved",
      "verificationStatus": "confirmed",
      "onsetDateTime": "2025-10-18T07:49:38+00:00",
      "abatementDateTime": "2025-10-18T07:49:38+00:00"
    },
    "request": {
      "method": "POST",
      "url": "Condition"
    }
  }, {
    "fullUrl": "urn:uuid:4acd333b-a4f3-7fa0-1dfc-e935294b6b0b",
    "resource": {
      "resourceType": "Observation",
      "id": "4acd333b-a4f3-7fa0-1dfc-e935294b6b0b",
      "status": "final",
      "category": {
        "coding": [ {
          "system": "http://hl7.org/fhir/observation-category",
          "code": "vital-signs",
          "display": "vital-signs"
        } ],
        "text": "vital-signs"
      },
      "code": {
        "coding": [ {
          "system": "http://loinc.org",
          "code": "8302-2",
          "display": "Body Height"
        } ],
        "text": "Body Height"
      },
      "subject": {
        "reference": "urn:uuid:4acd333b-a4f3-7fa0-45ef-18bbc57913bd"
      },
      "encounter": {
        "reference": "urn:uuid:4acd333b-a4f3-7fa0-5a69-28c70dc9a66f"
      },
      "effectiveDateTime": "2025-10-18T07:49:38+00:00",
      "issued": "2025-10-18T07:49:38.918+00:00",
      "valueQuantity": {
        "value": 56.200,
        "unit": "cm",
        "system": "http://unitsofmeasure.org",
        "code": "cm"
      }
    },
    "request": {
      "method": "POST",
      "url": "Observation"
    }
  }, {
    "fullUrl": "urn:uuid:4acd333b-a4f3-7fa0-99bc-e3c822cb47f8",
    "resource": {
      "resourceType": "Observation",
      "id": "4acd333b-a4f3-7fa0-99bc-e3c822cb47f8",
      "status": "final",
      "category": {
        "coding": [ {
          "system": "http://hl7.org/fhir/observation-category",
          "code": "vital-signs",
          "display": "vital-signs"
        } ],
        "text": "vital-signs"
      },
      "code": {
        "coding": [ {
          "system": "http://loinc.org",
          "code": "72514-3",
          "display": "Pain severity - 0-10 verbal numeric rating [Score] - Reported"
        } ],
        "text": "Pain severity - 0-10 verbal numeric rating [Score] - Reported"
      },
      "subject": {
        "reference": "urn:uuid:4acd333b-a4f3-7fa0-45ef-18bbc57913bd"
      },
      "encounter": {
        "reference": "urn:uuid:4acd333b-a4f3-7fa0-5a69-28c70dc9a66f"
      },
      "effectiveDateTime": "2025-10-18T07:49:38+00:00",
      "issued": "2025-10-18T07:49:38.918+00:00",
      "valueQuantity": {
        "value": 2,
        "unit": "{score}",
        "system": "http://unitsofmeasure.org",
        "code": "{score}"
      }
    },
    "request": {
      "method": "POST",
      "url": "Observation"
    }
  }, {
    "fullUrl": "urn:uuid:4acd333b-a4f3-7fa0-61c3-f0e06d8397d3",
    "resource": {
      "resourceType": "Observation",
      "id": "4acd333b-a4f3-7fa0-61c3-f0e06d8397d3",
      "status": "final",
      "category": {
        "coding": [ {
          "system": "http://hl7.org/fhir/observation-category",
          "code": "vital-signs",
          "display": "vital-signs"
        } ],
        "text": "vital-signs"
      },
      "code": {
        "coding": [ {
          "system": "http://loinc.org",
          "code": "29463-7",
          "display": "Body Weight"
        } ],
        "text": "Body Weight"
      },
      "subject": {
        "reference": "urn:uuid:4acd333b-a4f3-7fa0-45ef-18bbc57913bd"
      },
      "encounter": {
        "reference": "urn:uuid:4acd333b-a4f3-7fa0-5a69-28c70dc9a66f"
      },
      "effectiveDateTime": "2025-10-18T07:49:38+00:00",
      "issued": "2025-10-18T07:49:38.918+00:00",
      "valueQuantity": {
        "value": 4.5,
        "unit": "kg",
        "system": "http://unitsofmeasure.org",
        "code": "kg"
      }
    },
    "request": {
      "method": "POST",
      "url": "Observation"
    }
  }, {
    "fullUrl": "urn:uuid:4acd333b-a4f3-7fa0-0b84-9c4d2e9be775",
    "resource": {
      "resourceType": "Observation",
      "id": "4acd333b-a4f3-7fa0-0b84-9c4d2e9be775",
      "status": "final",
      "category": {
        "coding": [ {
          "system": "http://hl7.org/fhir/observation-category",
          "code": "vital-signs",
          "display": "vital-signs"
        } ],
        "text": "vital-signs"
      },
      "code": {
        "coding": [ {
          "system": "http://loinc.org",
          "code": "77606-2",
          "display": "Weight-for-length Per age and sex"
        } ],
        "text": "Weight-for-length Per age and sex"
      },
      "subject": {
        "reference": "urn:uuid:4acd333b-a4f3-7fa0-45ef-18bbc57913bd"
      },
      "encounter": {
        "reference": "urn:uuid:4acd333b-a4f3-7fa0-5a69-28c70dc9a66f"
      },
      "effectiveDateTime": "2025-10-18T07:49:38+00:00",
      "issued": "2025-10-18T07:49:38.918+00:00",
      "valueQuantity": {
        "value": 12.286,
        "unit": "%",
        "system": "http://unitsofmeasure.org",
        "code": "%"
      }
    },
    "request": {
      "method": "POST",
      "url": "Observation"
    }
  }, {
    "fullUrl": "urn:uuid:4acd333b-a4f3-7fa0-b483-ba35966279e8",
    "resource": {
      "resourceType": "Observation",
      "id": "4acd333b-a4f3-7fa0-b483-ba35966279e8",
      "status": "final",
      "category": {
        "coding": [ {
          "system": "http://hl7.org/fhir/observation-category",
          "code": "vital-signs",
          "display": "vital-signs"
        } ],
        "text": "vital-signs"
      },
      "code": {
        "coding": [ {
          "system": "http://loinc.org",
          "code": "8289-1",
          "display": "Head Occipital-frontal circumference Percentile"
        } ],
        "text": "Head Occipital-frontal circumference Percentile"
      },
      "subject": {
        "reference": "urn:uuid:4acd333b-a4f3-7fa0-45ef-18bbc57913bd"
      },
      "encounter": {
        "reference": "urn:uuid:4acd333b-a4f3-7fa0-5a69-28c70dc9a66f"
      },
      "effectiveDateTime": "2025-10-18T07:49:38+00:00",
      "issued": "2025-10-18T07:49:38.918+00:00",
      "valueQuantity": {
        "value": 45.210,
        "unit": "%",
        "system": "http://unitsofmeasure.org",
        "code": "%"
      }
    },
    "request": {
      "method": "POST",
      "url": "Observation"
    }
  }, {
    "fullUrl": "urn:uuid:4acd333b-a4f3-7fa0-34ac-7d4c32281dd1",
    "resource": {
      "resourceType": "Observation",
      "id": "4acd333b-a4f3-7fa0-34ac-7d4c32281dd1",
      "status": "final",
      "category": {
        "coding": [ {
          "system": "http://hl7.org/fhir/observation-category",
          "code": "vital-signs",
          "display": "vital-signs"
        } ],
        "text": "vital-signs"
      },
      "code": {
        "coding": [ {
          "system": "http://loinc.org",
          "code": "9843-4",
          "display": "Head Occipital-frontal circumference"
        } ],
        "text": "Head Occipital-frontal circumference"
      },
      "subject": {
        "reference": "urn:uuid:4acd333b-a4f3-7fa0-45ef-18bbc57913bd"
      },
      "encounter": {
        "reference": "urn:uuid:4acd333b-a4f3-7fa0-5a69-28c70dc9a66f"
      },
      "effectiveDateTime": "2025-10-18T07:49:38+00:00",
      "issued": "2025-10-18T07:49:38.918+00:00",
      "valueQuantity": {
        "value": 39.010,
        "unit": "cm",
        "system": "http://unitsofmeasure.org",
        "code": "cm"
      }
    },
    "request": {
      "method": "POST",
      "url": "Observation"
    }
  }, {
    "fullUrl": "urn:uuid:4acd333b-a4f3-7fa0-7a8d-f924e222fb30",
    "resource": {
      "resourceType": "Observation",
      "id": "4acd333b-a4f3-7fa0-7a8d-f924e222fb30",
      "status": "final",
      "category": {
        "coding": [ {
          "system": "http://hl7.org/fhir/observation-category",
          "code": "vital-signs",
          "display": "vital-signs"
        } ],
        "text": "vital-signs"
      },
      "code": {
        "coding": [ {
          "system": "http://loinc.org",
          "code": "85354-9",
          "display": "Blood pressure panel with all children optional"
        } ],
        "text": "Blood pressure panel with all children optional"
      },
      "subject": {
        "reference": "urn:uuid:4acd333b-a4f3-7fa0-45ef-18bbc57913bd"
      },
      "encounter": {
        "reference": "urn:uuid:4acd333b-a4f3-7fa0-5a69-28c70dc9a66f"
      },
      "effectiveDateTime": "2025-10-18T07:49:38+00:00",
      "issued": "2025-10-18T07:49:38.918+00:00",
      "component": [ {
        "code": {
          "coding": [ {
            "system": "http://loinc.org",
            "code": "8462-4",
            "display": "Diastolic Blood Pressure"
          } ],
          "text": "Diastolic Blood Pressure"
        },
        "valueQuantity": {
          "value": 77,
          "unit": "mm[Hg]",
          "system": "http://unitsofmeasure.org",
          "code": "mm[Hg]"
        }
      }, {
        "code": {
          "coding": [ {
            "system": "http://loinc.org",
            "code": "8480-6",
            "display": "Systolic Blood Pressure"
          } ],
          "text": "Systolic Blood Pressure"
        },
        "valueQuantity": {
          "value": 138,
          "unit": "mm[Hg]",
          "system": "http://unitsofmeasure.org",
          "code": "mm[Hg]"
        }
      } ]
    },
    "request": {
      "method": "POST",
      "url": "Observation"
    }
  }, {
    "fullUrl": "urn:uuid:4acd333b-a4f3-7fa0-05de-34f9f7c8de6c",
    "resource": {
      "resourceType": "Observation",
      "id": "4acd333b-a4f3-7fa0-05de-34f9f7c8de6c",
      "status": "final",
      "category": {
        "coding": [ {
          "system": "http://hl7.org/fhir/observation-category",
          "code": "vital-signs",
          "display": "vital-signs"
        } ],
        "text": "vital-signs"
      },
      "code": {
        "coding": [ {
          "system": "http://loinc.org",
          "code": "8867-4",
          "display": "Heart rate"
        } ],
        "text": "Heart rate"
      },
      "subject": {
        "reference": "urn:uuid:4acd333b-a4f3-7fa0-45ef-18bbc57913bd"
      },
      "encounter": {
        "reference": "urn:uuid:4acd333b-a4f3-7fa0-5a69-28c70dc9a66f"
      },
      "effectiveDateTime": "2025-10-18T07:49:38+00:00",
      "issued": "2025-10-18T07:49:38.918+00:00",
      "valueQuantity": {
        "value": 63,
        "unit": "/min",
        "system": "http://unitsofmeasure.org",
        "code": "/min"
      }
    },
    "request": {
      "method": "POST",
      "url": "Observation"
    }
  }, {
    "fullUrl": "urn:uuid:4acd333b-a4f3-7fa0-d869-0bec6c785009",
    "resource": {
      "resourceType": "Observation",
      "id": "4acd333b-a4f3-7fa0-d869-0bec6c785009",
      "status": "final",
      "category": {
        "coding": [ {
          "system": "http://hl7.org/fhir/observation-category",
          "code": "vital-signs",
          "display": "vital-signs"
        } ],
        "text": "vital-signs"
      },
      "code": {
        "coding": [ {
          "system": "http://loinc.org",
          "code": "9279-1",
          "display": "Respiratory rate"
        } ],
        "text": "Respiratory rate"
      },
      "subject": {
        "reference": "urn:uuid:4acd333b-a4f3-7fa0-45ef-18bbc57913bd"
      },
      "encounter": {
        "reference": "urn:uuid:4acd333b-a4f3-7fa0-5a69-28c70dc9a66f"
      },
      "effectiveDateTime": "2025-10-18T07:49:38+00:00",
      "issued": "2025-10-18T07:49:38.918+00:00",
      "valueQuantity": {
        "value": 16,
        "unit": "/min",
        "system": "http://unitsofmeasure.org",
        "code": "/min"
      }
    },
    "request": {
      "method": "POST",
      "url": "Observation"
    }
  }, {
    "fullUrl": "urn:uuid:4acd333b-a4f3-7fa0-5c6e-aaa4a197c780",
    "resource": {
      "resourceType": "Observation",
      "id": "4acd333b-a4f3-7fa0-5c6e-aaa4a197c780",
      "status": "final",
      "category": {
        "coding": [ {
          "system": "http://hl7.org/fhir/observation-category",
          "code": "social-history",
          "display": "social-history"
        } ],
        "text": "social-history"
      },
      "code": {
        "coding": [ {
          "system": "http://loinc.org",
          "code": "72166-2",
          "display": "Tobacco smoking status"
        } ],
        "text": "Tobacco smoking status"
      },
      "subject": {
        "reference": "urn:uuid:4acd333b-a4f3-7fa0-45ef-18bbc57913bd"
      },
      "encounter": {
        "reference": "urn:uuid:4acd333b-a4f3-7fa0-5a69-28c70dc9a66f"
      },
      "effectiveDateTime": "2025-10-18T07:49:38+00:00",
      "issued": "2025-10-18T07:49:38.918+00:00",
      "valueCodeableConcept": {
        "coding": [ {
          "system": "http://snomed.info/sct",
          "code": "266919005",
          "display": "Never smoked tobacco (finding)"
        } ],
        "text": "Never smoked tobacco (finding)"
      }
    },
    "request": {
      "method": "POST",
      "url": "Observation"
    }
  }, {
    "fullUrl": "urn:uuid:4acd333b-a4f3-7fa0-df38-ad6167661785",
    "resource": {
      "resourceType": "Procedure",
      "id": "4acd333b-a4f3-7fa0-df38-ad6167661785",
      "subject": {
        "reference": "urn:uuid:4acd333b-a4f3-7fa0-45ef-18bbc57913bd"
      },
      "status": "completed",
      "code": {
        "coding": [ {
          "system": "http://snomed.info/sct",
          "code": "430193006",
          "display": "Medication reconciliation (procedure)"
        } ],
        "text": "Medication reconciliation (procedure)"
      },
      "performedPeriod": {
        "start": "2025-10-18T07:49:38+00:00",
        "end": "2025-10-18T08:04:38+00:00"
      },
      "encounter": {
        "reference": "urn:uuid:4acd333b-a4f3-7fa0-5a69-28c70dc9a66f"
      }
    },
    "request": {
      "method": "POST",
      "url": "Procedure"
    }
  }, {
    "fullUrl": "urn:uuid:4acd333b-a4f3-7fa0-3414-8407bb034b5c",
    "resource": {
      "resourceType": "Immunization",
      "id": "4acd333b-a4f3-7fa0-3414-8407bb034b5c",
      "status": "completed",
      "date": "2025-10-18T07:49:38+00:00",
      "vaccineCode": {
        "coding": [ {
          "system": "http://hl7.org/fhir/sid/cvx",
          "code": "08",
          "display": "Hep B, adolescent or pediatric"
        } ],
        "text": "Hep B, adolescent or pediatric"
      },
      "patient": {
        "reference": "urn:uuid:4acd333b-a4f3-7fa0-45ef-18bbc57913bd"
      },
      "wasNotGiven": false,
      "reported": false,
      "encounter": {
        "reference": "urn:uuid:4acd333b-a4f3-7fa0-5a69-28c70dc9a66f"
      }
    },
    "request": {
      "method": "POST",
      "url": "Immunization"
    }
  }, {
    "fullUrl": "urn:uuid:4acd333b-a4f3-7fa0-704b-e6ed2ced27e8",
    "resource": {
      "resourceType": "Claim",
      "id": "4acd333b-a4f3-7fa0-704b-e6ed2ced27e8",
      "type": "institutional",
      "organization": {
        "reference": "Organization?identifier=https://github.com/synthetichealth/synthea|2b97893e-dc50-378b-a266-f089b8450329",
        "display": "HARBOR HEALTH SERVICES INC"
      },
      "use": "complete",
      "diagnosis": [ {
        "sequence": 1,
        "diagnosis": {
          "system": "http://snomed.info/sct",
          "code": "314529007",
          "display": "Medication review due (situation)"
        }
      } ],
      "patient": {
        "reference": "urn:uuid:4acd333b-a4f3-7fa0-45ef-18bbc57913bd"
      },
      "item": [ {
        "sequence": 1,
        "type": {
          "system": "http://hl7.org/fhir/v3/ActCode",
          "code": "CSINV",
          "display": "clinical service invoice"
        },
        "service": {
          "system": "http://snomed.info/sct",
          "code": "410620009",
          "display": "Well child visit (procedure)"
        }
      }, {
        "sequence": 2,
        "type": {
          "system": "http://hl7.org/fhir/v3/ActCode",
          "code": "CSINV",
          "display": "clinical service invoice"
        },
        "service": {
          "system": "http://hl7.org/fhir/sid/cvx",
          "code": "08",
          "display": "Hep B, adolescent or pediatric"
        },
        "net": {
          "value": 136.00,
          "system": "urn:iso:std:iso:4217",
          "code": "USD"
        }
      }, {
        "sequence": 4,
        "type": {
          "system": "http://hl7.org/fhir/v3/ActCode",
          "code": "CSINV",
          "display": "clinical service invoice"
        },
        "service": {
          "system": "http://snomed.info/sct",
          "code": "430193006",
          "display": "Medication reconciliation (procedure)"
        },
        "net": {
          "value": 593.97,
          "system": "urn:iso:std:iso:4217",
          "code": "USD"
        }
      } ]
    },
    "request": {
      "method": "POST",
      "url": "Claim"
    }
  }, {
    "fullUrl": "urn:uuid:4acd333b-a4f3-7fa0-5b24-cc163f0e2458",
    "resource": {
      "resourceType": "Encounter",
      "id": "4acd333b-a4f3-7fa0-5b24-cc163f0e2458",
      "status": "finished",
      "class": "ambulatory",
      "type": [ {
        "coding": [ {
          "system": "http://snomed.info/sct",
          "code": "185345009",
          "display": "Encounter for symptom (procedure)"
        } ],
        "text": "Encounter for symptom (procedure)"
      } ],
      "patient": {
        "reference": "urn:uuid:4acd333b-a4f3-7fa0-45ef-18bbc57913bd"
      },
      "participant": [ {
        "individual": {
          "reference": "Practitioner?identifier=http://hl7.org/fhir/sid/us-npi|9999992396",
          "display": "Dr. Latoyia537 Lindgren255"
        }
      } ],
      "period": {
        "start": "2025-11-21T12:49:38+00:00",
        "end": "2025-11-21T13:04:38+00:00"
      },
      "reason": [ {
        "coding": [ {
          "system": "http://snomed.info/sct",
          "code": "444814009",
          "display": "Viral sinusitis (disorder)"
        } ]
      } ],
      "serviceProvider": {
        "reference": "Organization?identifier=https://github.com/synthetichealth/synthea|41e2a44c-477c-3511-96f9-12c476aa3b6a",
        "display": "DR SOLOMON CARTER FULLER MENTAL HEALTH CENTER"
      }
    },
    "request": {
      "method": "POST",
      "url": "Encounter"
    }
  }, {
    "fullUrl": "urn:uuid:4acd333b-a4f3-7fa0-80ca-2f9034da7653",
    "resource": {
      "resourceType": "Condition",
      "id": "4acd333b-a4f3-7fa0-80ca-2f9034da7653",
      "patient": {
        "reference": "urn:uuid:4acd333b-a4f3-7fa0-45ef-18bbc57913bd"
      },
      "encounter": {
        "reference": "urn:uuid:4acd333b-a4f3-7fa0-5b24-cc163f0e2458"
      },
      "dateRecorded": "2025-11-21",
      "code": {
        "coding": [ {
          "system": "http://snomed.info/sct",
          "code": "444814009",
          "display": "Viral sinusitis (disorder)"
        } ],
        "text": "Viral sinusitis (disorder)"
      },
      "category": {
        "coding": [ {
          "system": "http://hl7.org/fhir/condition-category",
          "code": "diagnosis"
        } ]
      },
      "clinicalStatus": "resolved",
      "verificationStatus": "confirmed",
      "onsetDateTime": "2025-11-21T12:49:38+00:00",
      "abatementDateTime": "2025-12-08T12:49:38+00:00"
    },
    "request": {
      "method": "POST",
      "url": "Condition"
    }
  }, {
    "fullUrl": "urn:uuid:4acd333b-a4f3-7fa0-ecfa-937317eec1d9",
    "resource": {
      "resourceType": "Claim",
      "id": "4acd333b-a4f3-7fa0-ecfa-937317eec1d9",
      "type": "institutional",
      "organization": {
        "reference": "Organization?identifier=https://github.com/synthetichealth/synthea|41e2a44c-477c-3511-96f9-12c476aa3b6a",
        "display": "DR SOLOMON CARTER FULLER MENTAL HEALTH CENTER"
      },
      "use": "complete",
      "diagnosis": [ {
        "sequence": 1,
        "diagnosis": {
          "system": "http://snomed.info/sct",
          "code": "444814009",
          "display": "Viral sinusitis (disorder)"
        }
      } ],
      "patient": {
        "reference": "urn:uuid:4acd333b-a4f3-7fa0-45ef-18bbc57913bd"
      },
      "item": [ {
        "sequence": 1,
        "type": {
          "system": "http://hl7.org/fhir/v3/ActCode",
          "code": "CSINV",
          "display": "clinical service invoice"
        },
        "service": {
          "system": "http://snomed.info/sct",
          "code": "185345009",
          "display": "Encounter for symptom (procedure)"
        }
      } ]
    },
    "request": {
      "method": "POST",
      "url": "Claim"
    }
  }, {
    "fullUrl": "urn:uuid:4acd333b-a4f3-7fa0-8e8d-e3dc64a08266",
    "resource": {
      "resourceType": "Encounter",
      "id": "4acd333b-a4f3-7fa0-8e8d-e3dc64a08266",
      "status": "finished",
      "class": "ambulatory",
      "type": [ {
        "coding": [ {
          "system": "http://snomed.info/sct",
          "code": "410620009",
          "display": "Well child visit (procedure)"
        } ],
        "text": "Well child visit (procedure)"
      } ],
      "patient": {
        "reference": "urn:uuid:4acd333b-a4f3-7fa0-45ef-18bbc57913bd"
      },
      "participant": [ {
        "individual": {
          "reference": "Practitioner?identifier=http://hl7.org/fhir/sid/us-npi|9999977397",
          "display": "Dr. Felipe97 Tamayo777"
        }
      } ],
      "period": {
        "start": "2025-12-20T07:49:38+00:00",
        "end": "2025-12-20T08:04:38+00:00"
      },
      "serviceProvider": {
        "reference": "Organization?identifier=https://github.com/synthetichealth/synthea|2b97893e-dc50-378b-a266-f089b8450329",
        "display": "HARBOR HEALTH SERVICES INC"
      }
    },
    "request": {
      "method": "POST",
      "url": "Encounter"
    }
  }, {
    "fullUrl": "urn:uuid:4acd333b-a4f3-7fa0-a51b-f4646903fb5a",
    "resource": {
      "resourceType": "Condition",
      "id": "4acd333b-a4f3-7fa0-a51b-f4646903fb5a",
      "patient": {
        "reference": "urn:uuid:4acd333b-a4f3-7fa0-45ef-18bbc57913bd"
      },
      "encounter": {
        "reference": "urn:uuid:4acd333b-a4f3-7fa0-8e8d-e3dc64a08266"
      },
      "dateRecorded": "2025-12-20",
      "code": {
        "coding": [ {
          "system": "http://snomed.info/sct",
          "code": "314529007",
          "display": "Medication review due (situation)"
        } ],
        "text": "Medication review due (situation)"
      },
      "category": {
        "coding": [ {
          "system": "http://hl7.org/fhir/condition-category",
          "code": "diagnosis"
        } ]
      },
      "clinicalStatus": "resolved",
      "verificationStatus": "confirmed",
      "onsetDateTime": "2025-12-20T07:49:38+00:00",
      "abatementDateTime": "2025-12-20T07:49:38+00:00"
    },
    "request": {
      "method": "POST",
      "url": "Condition"
    }
  }, {
    "fullUrl": "urn:uuid:4acd333b-a4f3-7fa0-4a7b-cc531eb0111c",
    "resource": {
      "resourceType": "Observation",
      "id": "4acd333b-a4f3-7fa0-4a7b-cc531eb0111c",
      "status": "final",
      "category": {
        "coding": [ {
          "system": "http://hl7.org/fhir/observation-category",
          "code": "vital-signs",
          "display": "vital-signs"
        } ],
        "text": "vital-signs"
      },
      "code": {
        "coding": [ {
          "system": "http://loinc.org",
          "code": "8302-2",
          "display": "Body Height"
        } ],
        "text": "Body Height"
      },
      "subject": {
        "reference": "urn:uuid:4acd333b-a4f3-7fa0-45ef-18bbc57913bd"
      },
      "encounter": {
        "reference": "urn:uuid:4acd333b-a4f3-7fa0-8e8d-e3dc64a08266"
      },
      "effectiveDateTime": "2025-12-20T07:49:38+00:00",
      "issued": "2025-12-20T07:49:38.918+00:00",
      "valueQuantity": {
        "value": 61.600,
        "unit": "cm",
        "system": "http://unitsofmeasure.org",
        "code": "cm"
      }
    },
    "request": {
      "method": "POST",
      "url": "Observation"
    }
  }, {
    "fullUrl": "urn:uuid:4acd333b-a4f3-7fa0-a3fd-d7cd643d6928",
    "resource": {
      "resourceType": "Observation",
      "id": "4acd333b-a4f3-7fa0-a3fd-d7cd643d6928",
      "status": "final",
      "category": {
        "coding": [ {
          "system": "http://hl7.org/fhir/observation-category",
          "code": "vital-signs",
          "display": "vital-signs"
        } ],
        "text": "vital-signs"
      },
      "code": {
        "coding": [ {
          "system": "http://loinc.org",
          "code": "72514-3",
          "display": "Pain severity - 0-10 verbal numeric rating [Score] - Reported"
        } ],
        "text": "Pain severity - 0-10 verbal numeric rating [Score] - Reported"
      },
      "subject": {
        "reference": "urn:uuid:4acd333b-a4f3-7fa0-45ef-18bbc57913bd"
      },
      "encounter": {
        "reference": "urn:uuid:4acd333b-a4f3-7fa0-8e8d-e3dc64a08266"
      },
      "effectiveDateTime": "2025-12-20T07:49:38+00:00",
      "issued": "2025-12-20T07:49:38.918+00:00",
      "valueQuantity": {
        "value": 2,
        "unit": "{score}",
        "system": "http://unitsofmeasure.org",
        "code": "{score}"
      }
    },
    "request": {
      "method": "POST",
      "url": "Observation"
    }
  }, {
    "fullUrl": "urn:uuid:4acd333b-a4f3-7fa0-1c93-4a889046b04b",
    "resource": {
      "resourceType": "Observation",
      "id": "4acd333b-a4f3-7fa0-1c93-4a889046b04b",
      "status": "final",
      "category": {
        "coding": [ {
          "system": "http://hl7.org/fhir/observation-category",
          "code": "vital-signs",
          "display": "vital-signs"
        } ],
        "text": "vital-signs"
      },
      "code": {
        "coding": [ {
          "system": "http://loinc.org",
          "code": "29463-7",
          "display": "Body Weight"
        } ],
        "text": "Body Weight"
      },
      "subject": {
        "reference": "urn:uuid:4acd333b-a4f3-7fa0-45ef-18bbc57913bd"
      },
      "encounter": {
        "reference": "urn:uuid:4acd333b-a4f3-7fa0-8e8d-e3dc64a08266"
      },
      "effectiveDateTime": "2025-12-20T07:49:38+00:00",
      "issued": "2025-12-20T07:49:38.918+00:00",
      "valueQuantity": {
        "value": 5.9000,
        "unit": "kg",
        "system": "http://unitsofmeasure.org",
        "code": "kg"
      }
    },
    "request": {
      "method": "POST",
      "url": "Observation"
    }
  }, {
    "fullUrl": "urn:uuid:4acd333b-a4f3-7fa0-31d6-3748ed1e8832",
    "resource": {
      "resourceType": "Observation",
      "id": "4acd333b-a4f3-7fa0-31d6-3748ed1e8832",
      "status": "final",
      "category": {
        "coding": [ {
          "system": "http://hl7.org/fhir/observation-category",
          "code": "vital-signs",
          "display": "vital-signs"
        } ],
        "text": "vital-signs"
      },
      "code": {
        "coding": [ {
          "system": "http://loinc.org",
          "code": "77606-2",
          "display": "Weight-for-length Per age and sex"
        } ],
        "text": "Weight-for-length Per age and sex"
      },
      "subject": {
        "reference": "urn:uuid:4acd333b-a4f3-7fa0-45ef-18bbc57913bd"
      },
      "encounter": {
        "reference": "urn:uuid:4acd333b-a4f3-7fa0-8e8d-e3dc64a08266"
      },
      "effectiveDateTime": "2025-12-20T07:49:38+00:00",
      "issued": "2025-12-20T07:49:38.918+00:00",
      "valueQuantity": {
        "value": 9.4421,
        "unit": "%",
        "system": "http://unitsofmeasure.org",
        "code": "%"
      }
    },
    "request": {
      "method": "POST",
      "url": "Observation"
    }
  }, {
    "fullUrl": "urn:uuid:4acd333b-a4f3-7fa0-4638-1fc53a7a297f",
    "resource": {
      "resourceType": "Observation",
      "id": "4acd333b-a4f3-7fa0-4638-1fc53a7a297f",
      "status": "final",
      "category": {
        "coding": [ {
          "system": "http://hl7.org/fhir/observation-category",
          "code": "vital-signs",
          "display": "vital-signs"
        } ],
        "text": "vital-signs"
      },
      "code": {
        "coding": [ {
          "system": "http://loinc.org",
          "code": "8289-1",
          "display": "Head Occipital-frontal circumference Percentile"
        } ],
        "text": "Head Occipital-frontal circumference Percentile"
      },
      "subject": {
        "reference": "urn:uuid:4acd333b-a4f3-7fa0-45ef-18bbc57913bd"
      },
      "encounter": {
        "reference": "urn:uuid:4acd333b-a4f3-7fa0-8e8d-e3dc64a08266"
      },
      "effectiveDateTime": "2025-12-20T07:49:38+00:00",
      "issued": "2025-12-20T07:49:38.918+00:00",
      "valueQuantity": {
        "value": 45.210,
        "unit": "%",
        "system": "http://unitsofmeasure.org",
        "code": "%"
      }
    },
    "request": {
      "method": "POST",
      "url": "Observation"
    }
  }, {
    "fullUrl": "urn:uuid:4acd333b-a4f3-7fa0-0c70-245c6719f908",
    "resource": {
      "resourceType": "Observation",
      "id": "4acd333b-a4f3-7fa0-0c70-245c6719f908",
      "status": "final",
      "category": {
        "coding": [ {
          "system": "http://hl7.org/fhir/observation-category",
          "code": "vital-signs",
          "display": "vital-signs"
        } ],
        "text": "vital-signs"
      },
      "code": {
        "coding": [ {
          "system": "http://loinc.org",
          "code": "9843-4",
          "display": "Head Occipital-frontal circumference"
        } ],
        "text": "Head Occipital-frontal circumference"
      },
      "subject": {
        "reference": "urn:uuid:4acd333b-a4f3-7fa0-45ef-18bbc57913bd"
      },
      "encounter": {
        "reference": "urn:uuid:4acd333b-a4f3-7fa0-8e8d-e3dc64a08266"
      },
      "effectiveDateTime": "2025-12-20T07:49:38+00:00",
      "issued": "2025-12-20T07:49:38.918+00:00",
      "valueQuantity": {
        "value": 41.590,
        "unit": "cm",
        "system": "http://unitsofmeasure.org",
        "code": "cm"
      }
    },
    "request": {
      "method": "POST",
      "url": "Observation"
    }
  }, {
    "fullUrl": "urn:uuid:4acd333b-a4f3-7fa0-8806-7bf602227233",
    "resource": {
      "resourceType": "Observation",
      "id": "4acd333b-a4f3-7fa0-8806-7bf602227233",
      "status": "final",
      "category": {
        "coding": [ {
          "system": "http://hl7.org/fhir/observation-category",
          "code": "vital-signs",
          "display": "vital-signs"
        } ],
        "text": "vital-signs"
      },
      "code": {
        "coding": [ {
          "system": "http://loinc.org",
          "code": "85354-9",
          "display": "Blood pressure panel with all children optional"
        } ],
        "text": "Blood pressure panel with all children optional"
      },
      "subject": {
        "reference": "urn:uuid:4acd333b-a4f3-7fa0-45ef-18bbc57913bd"
      },
      "encounter": {
        "reference": "urn:uuid:4acd333b-a4f3-7fa0-8e8d-e3dc64a08266"
      },
      "effectiveDateTime": "2025-12-20T07:49:38+00:00",
      "issued": "2025-12-20T07:49:38.918+00:00",
      "component": [ {
        "code": {
          "coding": [ {
            "system": "http://loinc.org",
            "code": "8462-4",
            "display": "Diastolic Blood Pressure"
          } ],
          "text": "Diastolic Blood Pressure"
        },
        "valueQuantity": {
          "value": 76,
          "unit": "mm[Hg]",
          "system": "http://unitsofmeasure.org",
          "code": "mm[Hg]"
        }
      }, {
        "code": {
          "coding": [ {
            "system": "http://loinc.org",
            "code": "8480-6",
            "display": "Systolic Blood Pressure"
          } ],
          "text": "Systolic Blood Pressure"
        },
        "valueQuantity": {
          "value": 135,
          "unit": "mm[Hg]",
          "system": "http://unitsofmeasure.org",
          "code": "mm[Hg]"
        }
      } ]
    },
    "request": {
      "method": "POST",
      "url": "Observation"
    }
  }, {
    "fullUrl": "urn:uuid:4acd333b-a4f3-7fa0-4fb0-345e92534ea0",
    "resource": {
      "resourceType": "Observation",
      "id": "4acd333b-a4f3-7fa0-4fb0-345e92534ea0",
      "status": "final",
      "category": {
        "coding": [ {
          "system": "http://hl7.org/fhir/observation-category",
          "code": "vital-signs",
          "display": "vital-signs"
        } ],
        "text": "vital-signs"
      },
      "code": {
        "coding": [ {
          "system": "http://loinc.org",
          "code": "8867-4",
          "display": "Heart rate"
        } ],
        "text": "Heart rate"
      },
      "subject": {
        "reference": "urn:uuid:4acd333b-a4f3-7fa0-45ef-18bbc57913bd"
      },
      "encounter": {
        "reference": "urn:uuid:4acd333b-a4f3-7fa0-8e8d-e3dc64a08266"
      },
      "effectiveDateTime": "2025-12-20T07:49:38+00:00",
      "issued": "2025-12-20T07:49:38.918+00:00",
      "valueQuantity": {
        "value": 76,
        "unit": "/min",
        "system": "http://unitsofmeasure.org",
        "code": "/min"
      }
    },
    "request": {
      "method": "POST",
      "url": "Observation"
    }
  }, {
    "fullUrl": "urn:uuid:4acd333b-a4f3-7fa0-427d-b1912c7a2ea6",
    "resource": {
      "resourceType": "Observation",
      "id": "4acd333b-a4f3-7fa0-427d-b1912c7a2ea6",
      "status": "final",
      "category": {
        "coding": [ {
          "system": "http://hl7.org/fhir/observation-category",
          "code": "vital-signs",
          "display": "vital-signs"
        } ],
        "text": "vital-signs"
      },
      "code": {
        "coding": [ {
          "system": "http://loinc.org",
          "code": "9279-1",
          "display": "Respiratory rate"
        } ],
        "text": "Respiratory rate"
      },
      "subject": {
        "reference": "urn:uuid:4acd333b-a4f3-7fa0-45ef-18bbc57913bd"
      },
      "encounter": {
        "reference": "urn:uuid:4acd333b-a4f3-7fa0-8e8d-e3dc64a08266"
      },
      "effectiveDateTime": "2025-12-20T07:49:38+00:00",
      "issued": "2025-12-20T07:49:38.918+00:00",
      "valueQuantity": {
        "value": 13,
        "unit": "/min",
        "system": "http://unitsofmeasure.org",
        "code": "/min"
      }
    },
    "request": {
      "method": "POST",
      "url": "Observation"
    }
  }, {
    "fullUrl": "urn:uuid:4acd333b-a4f3-7fa0-1e38-b8413eead768",
    "resource": {
      "resourceType": "Observation",
      "id": "4acd333b-a4f3-7fa0-1e38-b8413eead768",
      "status": "final",
      "category": {
        "coding": [ {
          "system": "http://hl7.org/fhir/observation-category",
          "code": "social-history",
          "display": "social-history"
        } ],
        "text": "social-history"
      },
      "code": {
        "coding": [ {
          "system": "http://loinc.org",
          "code": "72166-2",
          "display": "Tobacco smoking status"
        } ],
        "text": "Tobacco smoking status"
      },
      "subject": {
        "reference": "urn:uuid:4acd333b-a4f3-7fa0-45ef-18bbc57913bd"
      },
      "encounter": {
        "reference": "urn:uuid:4acd333b-a4f3-7fa0-8e8d-e3dc64a08266"
      },
      "effectiveDateTime": "2025-12-20T07:49:38+00:00",
      "issued": "2025-12-20T07:49:38.918+00:00",
      "valueCodeableConcept": {
        "coding": [ {
          "system": "http://snomed.info/sct",
          "code": "266919005",
          "display": "Never smoked tobacco (finding)"
        } ],
        "text": "Never smoked tobacco (finding)"
      }
    },
    "request": {
      "method": "POST",
      "url": "Observation"
    }
  }, {
    "fullUrl": "urn:uuid:4acd333b-a4f3-7fa0-3771-19456be11207",
    "resource": {
      "resourceType": "Procedure",
      "id": "4acd333b-a4f3-7fa0-3771-19456be11207",
      "subject": {
        "reference": "urn:uuid:4acd333b-a4f3-7fa0-45ef-18bbc57913bd"
      },
      "status": "completed",
      "code": {
        "coding": [ {
          "system": "http://snomed.info/sct",
          "code": "430193006",
          "display": "Medication reconciliation (procedure)"
        } ],
        "text": "Medication reconciliation (procedure)"
      },
      "performedPeriod": {
        "start": "2025-12-20T07:49:38+00:00",
        "end": "2025-12-20T08:04:38+00:00"
      },
      "encounter": {
        "reference": "urn:uuid:4acd333b-a4f3-7fa0-8e8d-e3dc64a08266"
      }
    },
    "request": {
      "method": "POST",
      "url": "Procedure"
    }
  }, {
    "fullUrl": "urn:uuid:4acd333b-a4f3-7fa0-1b7b-4c319c4acd09",
    "resource": {
      "resourceType": "Immunization",
      "id": "4acd333b-a4f3-7fa0-1b7b-4c319c4acd09",
      "status": "completed",
      "date": "2025-12-20T07:49:38+00:00",
      "vaccineCode": {
        "coding": [ {
          "system": "http://hl7.org/fhir/sid/cvx",
          "code": "49",
          "display": "Hib (PRP-OMP)"
        } ],
        "text": "Hib (PRP-OMP)"
      },
      "patient": {
        "reference": "urn:uuid:4acd333b-a4f3-7fa0-45ef-18bbc57913bd"
      },
      "wasNotGiven": false,
      "reported": false,
      "encounter": {
        "reference": "urn:uuid:4acd333b-a4f3-7fa0-8e8d-e3dc64a08266"
      }
    },
    "request": {
      "method": "POST",
      "url": "Immunization"
    }
  }, {
    "fullUrl": "urn:uuid:4acd333b-a4f3-7fa0-7f86-c1817fba968f",
    "resource": {
      "resourceType": "Immunization",
      "id": "4acd333b-a4f3-7fa0-7f86-c1817fba968f",
      "status": "completed",
      "date": "2025-12-20T07:49:38+00:00",
      "vaccineCode": {
        "coding": [ {
          "system": "http://hl7.org/fhir/sid/cvx",
          "code": "119",
          "display": "rotavirus, monovalent"
        } ],
        "text": "rotavirus, monovalent"
      },
      "patient": {
        "reference": "urn:uuid:4acd333b-a4f3-7fa0-45ef-18bbc57913bd"
      },
      "wasNotGiven": false,
      "reported": false,
      "encounter": {
        "reference": "urn:uuid:4acd333b-a4f3-7fa0-8e8d-e3dc64a08266"
      }
    },
    "request": {
      "method": "POST",
      "url": "Immunization"
    }
  }, {
    "fullUrl": "urn:uuid:4acd333b-a4f3-7fa0-cabb-b9d0946e0a91",
    "resource": {
      "resourceType": "Immunization",
      "id": "4acd333b-a4f3-7fa0-cabb-b9d0946e0a91",
      "status": "completed",
      "date": "2025-12-20T07:49:38+00:00",
      "vaccineCode": {
        "coding": [ {
          "system": "http://hl7.org/fhir/sid/cvx",
          "code": "10",
          "display": "IPV"
        } ],
        "text": "IPV"
      },
      "patient": {
        "reference": "urn:uuid:4acd333b-a4f3-7fa0-45ef-18bbc57913bd"
      },
      "wasNotGiven": false,
      "reported": false,
      "encounter": {
        "reference": "urn:uuid:4acd333b-a4f3-7fa0-8e8d-e3dc64a08266"
      }
    },
    "request": {
      "method": "POST",
      "url": "Immunization"
    }
  }, {
    "fullUrl": "urn:uuid:4acd333b-a4f3-7fa0-84cb-3c60a207f960",
    "resource": {
      "resourceType": "Immunization",
      "id": "4acd333b-a4f3-7fa0-84cb-3c60a207f960",
      "status": "completed",
      "date": "2025-12-20T07:49:38+00:00",
      "vaccineCode": {
        "coding": [ {
          "system": "http://hl7.org/fhir/sid/cvx",
          "code": "20",
          "display": "DTaP"
        } ],
        "text": "DTaP"
      },
      "patient": {
        "reference": "urn:uuid:4acd333b-a4f3-7fa0-45ef-18bbc57913bd"
      },
      "wasNotGiven": false,
      "reported": false,
      "encounter": {
        "reference": "urn:uuid:4acd333b-a4f3-7fa0-8e8d-e3dc64a08266"
      }
    },
    "request": {
      "method": "POST",
      "url": "Immunization"
    }
  }, {
    "fullUrl": "urn:uuid:4acd333b-a4f3-7fa0-7b81-7921d038eea2",
    "resource": {
      "resourceType": "Immunization",
      "id": "4acd333b-a4f3-7fa0-7b81-7921d038eea2",
      "status": "completed",
      "date": "2025-12-20T07:49:38+00:00",
      "vaccineCode": {
        "coding": [ {
          "system": "http://hl7.org/fhir/sid/cvx",
          "code": "133",
          "display": "Pneumococcal conjugate PCV 13"
        } ],
        "text": "Pneumococcal conjugate PCV 13"
      },
      "patient": {
        "reference": "urn:uuid:4acd333b-a4f3-7fa0-45ef-18bbc57913bd"
      },
      "wasNotGiven": false,
      "reported": false,
      "encounter": {
        "reference": "urn:uuid:4acd333b-a4f3-7fa0-8e8d-e3dc64a08266"
      }
    },
    "request": {
      "method": "POST",
      "url": "Immunization"
    }
  }, {
    "fullUrl": "urn:uuid:4acd333b-a4f3-7fa0-7ea6-dee0bde6b150",
    "resource": {
      "resourceType": "Claim",
      "id": "4acd333b-a4f3-7fa0-7ea6-dee0bde6b150",
      "type": "institutional",
      "organization": {
        "reference": "Organization?identifier=https://github.com/synthetichealth/synthea|2b97893e-dc50-378b-a266-f089b8450329",
        "display": "HARBOR HEALTH SERVICES INC"
      },
      "use": "complete",
      "diagnosis": [ {
        "sequence": 1,
        "diagnosis": {
          "system": "http://snomed.info/sct",
          "code": "314529007",
          "display": "Medication review due (situation)"
        }
      } ],
      "patient": {
        "reference": "urn:uuid:4acd333b-a4f3-7fa0-45ef-18bbc57913bd"
      },
      "item": [ {
        "sequence": 1,
        "type": {
          "system": "http://hl7.org/fhir/v3/ActCode",
          "code": "CSINV",
          "display": "clinical service invoice"
        },
        "service": {
          "system": "http://snomed.info/sct",
          "code": "410620009",
          "display": "Well child visit (procedure)"
        }
      }, {
        "sequence": 2,
        "type": {
          "system": "http://hl7.org/fhir/v3/ActCode",
          "code": "CSINV",
          "display": "clinical service invoice"
        },
        "service": {
          "system": "http://hl7.org/fhir/sid/cvx",
          "code": "49",
          "display": "Hib (PRP-OMP)"
        },
        "net": {
          "value": 136.00,
          "system": "urn:iso:std:iso:4217",
          "code": "USD"
        }
      }, {
        "sequence": 3,
        "type": {
          "system": "http://hl7.org/fhir/v3/ActCode",
          "code": "CSINV",
          "display": "clinical service invoice"
        },
        "service": {
          "system": "http://hl7.org/fhir/sid/cvx",
          "code": "119",
          "display": "rotavirus, monovalent"
        },
        "net": {
          "value": 136.00,
          "system": "urn:iso:std:iso:4217",
          "code": "USD"
        }
      }, {
        "sequence": 4,
        "type": {
          "system": "http://hl7.org/fhir/v3/ActCode",
          "code": "CSINV",
          "display": "clinical service invoice"
        },
        "service": {
          "system": "http://hl7.org/fhir/sid/cvx",
          "code": "10",
          "display": "IPV"
        },
        "net": {
          "value": 136.00,
          "system": "urn:iso:std:iso:4217",
          "code": "USD"
        }
      }, {
        "sequence": 5,
        "type": {
          "system": "http://hl7.org/fhir/v3/ActCode",
          "code": "CSINV",
          "display": "clinical service invoice"
        },
        "service": {
          "system": "http://hl7.org/fhir/sid/cvx",
          "code": "20",
          "display": "DTaP"
        },
        "net": {
          "value": 136.00,
          "system": "urn:iso:std:iso:4217",
          "code": "USD"
        }
      }, {
        "sequence": 6,
        "type": {
          "system": "http://hl7.org/fhir/v3/ActCode",
          "code": "CSINV",
          "display": "clinical service invoice"
        },
        "service": {
          "system": "http://hl7.org/fhir/sid/cvx",
          "code": "133",
          "display": "Pneumococcal conjugate PCV 13"
        },
        "net": {
          "value": 136.00,
          "system": "urn:iso:std:iso:4217",
          "code": "USD"
        }
      }, {
        "sequence": 8,
        "type": {
          "system": "http://hl7.org/fhir/v3/ActCode",
          "code": "CSINV",
          "display": "clinical service invoice"
        },
        "service": {
          "system": "http://snomed.info/sct",
          "code": "430193006",
          "display": "Medication reconciliation (procedure)"
        },
        "net": {
          "value": 215.70,
          "system": "urn:iso:std:iso:4217",
          "code": "USD"
        }
      } ]
    },
    "request": {
      "method": "POST",
      "url": "Claim"
    }
  } ]
}
