{
  "resourceType": "Bundle",
  "type": "transaction",
  "entry": [ {
    "fullUrl": "urn:uuid:b6ea45ec-2f63-7479-ded2-46b880017771",
    "resource": {
      "resourceType": "Patient",
      "id": "b6ea45ec-2f63-7479-ded2-46b880017771",
      "text": {
        "status": "generated",
        "div": "<div xmlns=\"http://www.w3.org/1999/xhtml\">Generated by <a href=\"https://github.com/synthetichealth/synthea\">Synthea</a>.Version identifier: 27e32d4\n .   Person seed: 2959000188788647895  Population seed: 1720471530063</div>"
      },
      "extension": [ {
        "url": "http://hl7.org/fhir/StructureDefinition/us-core-race",
        "valueCodeableConcept": {
          "coding": [ {
            "system": "http://hl7.org/fhir/v3/Race",
            "code": "2106-3",
            "display": "White"
          } ],
          "text": "White"
        }
      }, {
        "url": "http://hl7.org/fhir/StructureDefinition/us-core-ethnicity",
        "valueCodeableConcept": {
          "coding": [ {
            "system": "http://hl7.org/fhir/v3/Ethnicity",
            "code": "2186-5",
            "display": "Not Hispanic or Latino"
          } ],
          "text": "Not Hispanic or Latino"
        }
      }, {
        "url": "http://hl7.org/fhir/StructureDefinition/patient-mothersMaidenName",
        "valueString": "Ericka421 Labadie908"
      }, {
        "url": "http://hl7.org/fhir/us/core/StructureDefinition/us-core-birthsex",
        "valueCode": "M"
      }, {
        "url": "http://hl7.org/fhir/StructureDefinition/birthPlace",
        "valueAddress": {
          "city": "Dunstable",
          "state": "Massachusetts",
          "country": "US"
        }
      }, {
        "url": "http://synthetichealth.github.io/synthea/disability-adjusted-life-years",
        "valueDecimal": 0.0
      }, {
        "url": "http://synthetichealth.github.io/synthea/quality-adjusted-life-years",
        "valueDecimal": 0.0
      } ],
      "identifier": [ {
        "system": "https://github.com/synthetichealth/synthea",
        "value": "b6ea45ec-2f63-7479-ded2-46b880017771"
      }, {
        "type": {
          "coding": [ {
            "system": "http://hl7.org/fhir/v2/0203",
            "code": "MR"
          } ]
        },
        "system": "http://hospital.smarthealthit.org",
        "value": "b6ea45ec-2f63-7479-ded2-46b880017771"
      }, {
        "type": {
          "coding": [ {
            "system": "http://hl7.org/fhir/identifier-type",
            "code": "SB"
          } ]
        },
        "system": "http://hl7.org/fhir/sid/us-ssn",
        "value": "999-63-6701"
      } ],
      "name": [ {
        "use": "official",
        "family": [ "Buckridge80" ],
        "given": [ "Clarence5" ]
      } ],
      "telecom": [ {
        "system": "phone",
        "value": "555-992-9007",
        "use": "home"
      } ],
      "gender": "male",
      "birthDate": "2024-01-28",
      "address": [ {
        "extension": [ {
          "url": "http://hl7.org/fhir/StructureDefinition/geolocation",
          "extension": [ {
            "url": "latitude",
            "valueDecimal": 42.43546139398396
          }, {
            "url": "longitude",
            "valueDecimal": -71.03550245900286
          } ]
        } ],
        "line": [ "277 Barton Gate Suite 93" ],
        "city": "Saugus",
        "state": "Massachusetts",
        "postalCode": "01906",
        "country": "US"
      } ],
      "maritalStatus": {
        "coding": [ {
          "system": "http://hl7.org/fhir/v3/MaritalStatus",
          "code": "S"
        } ]
      },
      "multipleBirthBoolean": false,
      "communication": [ {
        "language": {
          "coding": [ {
            "system": "urn:ietf:bcp:47",
            "code": "en-US",
            "display": "English (United States)"
          } ],
          "text": "English (United States)"
        }
      } ]
    },
    "request": {
      "method": "POST",
      "url": "Patient"
    }
  }, {
    "fullUrl": "urn:uuid:e6a89dc8-e188-bd80-2740-e6dc0f130719",
    "resource": {
      "resourceType": "Encounter",
      "id": "e6a89dc8-e188-bd80-2740-e6dc0f130719",
      "status": "finished",
      "class": "ambulatory",
      "type": [ {
        "coding": [ {
          "system": "http://snomed.info/sct",
          "code": "410620009",
          "display": "Well child visit (procedure)"
        } ],
        "text": "Well child visit (procedure)"
      } ],
      "patient": {
        "reference": "urn:uuid:b6ea45ec-2f63-7479-ded2-46b880017771"
      },
      "participant": [ {
        "individual": {
          "reference": "Practitioner?identifier=http://hl7.org/fhir/sid/us-npi|9999958991",
          "display": "Dr. Irene779 Collado928"
        }
      } ],
      "period": {
        "start": "2024-01-28T14:53:05+00:00",
        "end": "2024-01-28T15:08:05+00:00"
      },
      "serviceProvider": {
        "reference": "Organization?identifier=https://github.com/synthetichealth/synthea|8d5880eb-1dd8-31ea-b7c5-21709f3bb341",
        "display": "MELROSE INTERNAL MEDICINE ASSOC PC"
      }
    },
    "request": {
      "method": "POST",
      "url": "Encounter"
    }
  }, {
    "fullUrl": "urn:uuid:dddfa761-a104-a57d-2dab-19b0bfe50b61",
    "resource": {
      "resourceType": "Condition",
      "id": "dddfa761-a104-a57d-2dab-19b0bfe50b61",
      "patient": {
        "reference": "urn:uuid:b6ea45ec-2f63-7479-ded2-46b880017771"
      },
      "encounter": {
        "reference": "urn:uuid:e6a89dc8-e188-bd80-2740-e6dc0f130719"
      },
      "dateRecorded": "2024-01-28",
      "code": {
        "coding": [ {
          "system": "http://snomed.info/sct",
          "code": "314529007",
          "display": "Medication review due (situation)"
        } ],
        "text": "Medication review due (situation)"
      },
      "category": {
        "coding": [ {
          "system": "http://hl7.org/fhir/condition-category",
          "code": "diagnosis"
        } ]
      },
      "clinicalStatus": "resolved",
      "verificationStatus": "confirmed",
      "onsetDateTime": "2024-01-28T14:53:05+00:00",
      "abatementDateTime": "2024-03-03T14:53:05+00:00"
    },
    "request": {
      "method": "POST",
      "url": "Condition"
    }
  }, {
    "fullUrl": "urn:uuid:55c8ec63-1a1b-30b0-32c4-4beb688544df",
    "resource": {
      "resourceType": "Observation",
      "id": "55c8ec63-1a1b-30b0-32c4-4beb688544df",
      "status": "final",
      "category": {
        "coding": [ {
          "system": "http://hl7.org/fhir/observation-category",
          "code": "vital-signs",
          "display": "vital-signs"
        } ],
        "text": "vital-signs"
      },
      "code": {
        "coding": [ {
          "system": "http://loinc.org",
          "code": "8302-2",
          "display": "Body Height"
        } ],
        "text": "Body Height"
      },
      "subject": {
        "reference": "urn:uuid:b6ea45ec-2f63-7479-ded2-46b880017771"
      },
      "encounter": {
        "reference": "urn:uuid:e6a89dc8-e188-bd80-2740-e6dc0f130719"
      },
      "effectiveDateTime": "2024-01-28T14:53:05+00:00",
      "issued": "2024-01-28T14:53:05.821+00:00",
      "valueQuantity": {
        "value": 53,
        "unit": "cm",
        "system": "http://unitsofmeasure.org",
        "code": "cm"
      }
    },
    "request": {
      "method": "POST",
      "url": "Observation"
    }
  }, {
    "fullUrl": "urn:uuid:8fc80304-6c5e-e946-930c-dd04310933a9",
    "resource": {
      "resourceType": "Observation",
      "id": "8fc80304-6c5e-e946-930c-dd04310933a9",
      "status": "final",
      "category": {
        "coding": [ {
          "system": "http://hl7.org/fhir/observation-category",
          "code": "vital-signs",
          "display": "vital-signs"
        } ],
        "text": "vital-signs"
      },
      "code": {
        "coding": [ {
          "system": "http://loinc.org",
          "code": "72514-3",
          "display": "Pain severity - 0-10 verbal numeric rating [Score] - Reported"
        } ],
        "text": "Pain severity - 0-10 verbal numeric rating [Score] - Reported"
      },
      "subject": {
        "reference": "urn:uuid:b6ea45ec-2f63-7479-ded2-46b880017771"
      },
      "encounter": {
        "reference": "urn:uuid:e6a89dc8-e188-bd80-2740-e6dc0f130719"
      },
      "effectiveDateTime": "2024-01-28T14:53:05+00:00",
      "issued": "2024-01-28T14:53:05.821+00:00",
      "valueQuantity": {
        "value": 1,
        "unit": "{score}",
        "system": "http://unitsofmeasure.org",
        "code": "{score}"
      }
    },
    "request": {
      "method": "POST",
      "url": "Observation"
    }
  }, {
    "fullUrl": "urn:uuid:170539a4-99ad-fb1a-4bc5-0c1a55df1389",
    "resource": {
      "resourceType": "Observation",
      "id": "170539a4-99ad-fb1a-4bc5-0c1a55df1389",
      "status": "final",
      "category": {
        "coding": [ {
          "system": "http://hl7.org/fhir/observation-category",
          "code": "vital-signs",
          "display": "vital-signs"
        } ],
        "text": "vital-signs"
      },
      "code": {
        "coding": [ {
          "system": "http://loinc.org",
          "code": "29463-7",
          "display": "Body Weight"
        } ],
        "text": "Body Weight"
      },
      "subject": {
        "reference": "urn:uuid:b6ea45ec-2f63-7479-ded2-46b880017771"
      },
      "encounter": {
        "reference": "urn:uuid:e6a89dc8-e188-bd80-2740-e6dc0f130719"
      },
      "effectiveDateTime": "2024-01-28T14:53:05+00:00",
      "issued": "2024-01-28T14:53:05.821+00:00",
      "valueQuantity": {
        "value": 4.1000,
        "unit": "kg",
        "system": "http://unitsofmeasure.org",
        "code": "kg"
      }
    },
    "request": {
      "method": "POST",
      "url": "Observation"
    }
  }, {
    "fullUrl": "urn:uuid:13a0b76e-375f-bb7b-7de8-71ac619b2db7",
    "resource": {
      "resourceType": "Observation",
      "id": "13a0b76e-375f-bb7b-7de8-71ac619b2db7",
      "status": "final",
      "category": {
        "coding": [ {
          "system": "http://hl7.org/fhir/observation-category",
          "code": "vital-signs",
          "display": "vital-signs"
        } ],
        "text": "vital-signs"
      },
      "code": {
        "coding": [ {
          "system": "http://loinc.org",
          "code": "77606-2",
          "display": "Weight-for-length Per age and sex"
        } ],
        "text": "Weight-for-length Per age and sex"
      },
      "subject": {
        "reference": "urn:uuid:b6ea45ec-2f63-7479-ded2-46b880017771"
      },
      "encounter": {
        "reference": "urn:uuid:e6a89dc8-e188-bd80-2740-e6dc0f130719"
      },
      "effectiveDateTime": "2024-01-28T14:53:05+00:00",
      "issued": "2024-01-28T14:53:05.821+00:00",
      "valueQuantity": {
        "value": 39.101,
        "unit": "%",
        "system": "http://unitsofmeasure.org",
        "code": "%"
      }
    },
    "request": {
      "method": "POST",
      "url": "Observation"
    }
  }, {
    "fullUrl": "urn:uuid:3def956b-8153-3e90-5b68-5978811fb4ee",
    "resource": {
      "resourceType": "Observation",
      "id": "3def956b-8153-3e90-5b68-5978811fb4ee",
      "status": "final",
      "category": {
        "coding": [ {
          "system": "http://hl7.org/fhir/observation-category",
          "code": "vital-signs",
          "display": "vital-signs"
        } ],
        "text": "vital-signs"
      },
      "code": {
        "coding": [ {
          "system": "http://loinc.org",
          "code": "8289-1",
          "display": "Head Occipital-frontal circumference Percentile"
        } ],
        "text": "Head Occipital-frontal circumference Percentile"
      },
      "subject": {
        "reference": "urn:uuid:b6ea45ec-2f63-7479-ded2-46b880017771"
      },
      "encounter": {
        "reference": "urn:uuid:e6a89dc8-e188-bd80-2740-e6dc0f130719"
      },
      "effectiveDateTime": "2024-01-28T14:53:05+00:00",
      "issued": "2024-01-28T14:53:05.821+00:00",
      "valueQuantity": {
        "value": 57.020,
        "unit": "%",
        "system": "http://unitsofmeasure.org",
        "code": "%"
      }
    },
    "request": {
      "method": "POST",
      "url": "Observation"
    }
  }, {
    "fullUrl": "urn:uuid:043adfac-b340-2f83-403a-c741b72320cd",
    "resource": {
      "resourceType": "Observation",
      "id": "043adfac-b340-2f83-403a-c741b72320cd",
      "status": "final",
      "category": {
        "coding": [ {
          "system": "http://hl7.org/fhir/observation-category",
          "code": "vital-signs",
          "display": "vital-signs"
        } ],
        "text": "vital-signs"
      },
      "code": {
        "coding": [ {
          "system": "http://loinc.org",
          "code": "9843-4",
          "display": "Head Occipital-frontal circumference"
        } ],
        "text": "Head Occipital-frontal circumference"
      },
      "subject": {
        "reference": "urn:uuid:b6ea45ec-2f63-7479-ded2-46b880017771"
      },
      "encounter": {
        "reference": "urn:uuid:e6a89dc8-e188-bd80-2740-e6dc0f130719"
      },
      "effectiveDateTime": "2024-01-28T14:53:05+00:00",
      "issued": "2024-01-28T14:53:05.821+00:00",
      "valueQuantity": {
        "value": 36.140,
        "unit": "cm",
        "system": "http://unitsofmeasure.org",
        "code": "cm"
      }
    },
    "request": {
      "method": "POST",
      "url": "Observation"
    }
  }, {
    "fullUrl": "urn:uuid:53efb1d1-c1ac-2a2e-ace9-6d1ec7b46342",
    "resource": {
      "resourceType": "Observation",
      "id": "53efb1d1-c1ac-2a2e-ace9-6d1ec7b46342",
      "status": "final",
      "category": {
        "coding": [ {
          "system": "http://hl7.org/fhir/observation-category",
          "code": "vital-signs",
          "display": "vital-signs"
        } ],
        "text": "vital-signs"
      },
      "code": {
        "coding": [ {
          "system": "http://loinc.org",
          "code": "85354-9",
          "display": "Blood pressure panel with all children optional"
        } ],
        "text": "Blood pressure panel with all children optional"
      },
      "subject": {
        "reference": "urn:uuid:b6ea45ec-2f63-7479-ded2-46b880017771"
      },
      "encounter": {
        "reference": "urn:uuid:e6a89dc8-e188-bd80-2740-e6dc0f130719"
      },
      "effectiveDateTime": "2024-01-28T14:53:05+00:00",
      "issued": "2024-01-28T14:53:05.821+00:00",
      "component": [ {
        "code": {
          "coding": [ {
            "system": "http://loinc.org",
            "code": "8462-4",
            "display": "Diastolic Blood Pressure"
          } ],
          "text": "Diastolic Blood Pressure"
        },
        "valueQuantity": {
          "value": 76,
          "unit": "mm[Hg]",
          "system": "http://unitsofmeasure.org",
          "code": "mm[Hg]"
        }
      }, {
        "code": {
          "coding": [ {
            "system": "http://loinc.org",
            "code": "8480-6",
            "display": "Systolic Blood Pressure"
          } ],
          "text": "Systolic Blood Pressure"
        },
        "valueQuantity": {
          "value": 120,
          "unit": "mm[Hg]",
          "system": "http://unitsofmeasure.org",
          "code": "mm[Hg]"
        }
      } ]
    },
    "request": {
      "method": "POST",
      "url": "Observation"
    }
  }, {
    "fullUrl": "urn:uuid:935a389c-e9e2-0e42-ea82-2ba542a229c5",
    "resource": {
      "resourceType": "Observation",
      "id": "935a389c-e9e2-0e42-ea82-2ba542a229c5",
      "status": "final",
      "category": {
        "coding": [ {
          "system": "http://hl7.org/fhir/observation-category",
          "code": "vital-signs",
          "display": "vital-signs"
        } ],
        "text": "vital-signs"
      },
      "code": {
        "coding": [ {
          "system": "http://loinc.org",
          "code": "8867-4",
          "display": "Heart rate"
        } ],
        "text": "Heart rate"
      },
      "subject": {
        "reference": "urn:uuid:b6ea45ec-2f63-7479-ded2-46b880017771"
      },
      "encounter": {
        "reference": "urn:uuid:e6a89dc8-e188-bd80-2740-e6dc0f130719"
      },
      "effectiveDateTime": "2024-01-28T14:53:05+00:00",
      "issued": "2024-01-28T14:53:05.821+00:00",
      "valueQuantity": {
        "value": 69,
        "unit": "/min",
        "system": "http://unitsofmeasure.org",
        "code": "/min"
      }
    },
    "request": {
      "method": "POST",
      "url": "Observation"
    }
  }, {
    "fullUrl": "urn:uuid:345a4bc6-71bf-b7ea-4e0e-56a4c4cc78cd",
    "resource": {
      "resourceType": "Observation",
      "id": "345a4bc6-71bf-b7ea-4e0e-56a4c4cc78cd",
      "status": "final",
      "category": {
        "coding": [ {
          "system": "http://hl7.org/fhir/observation-category",
          "code": "vital-signs",
          "display": "vital-signs"
        } ],
        "text": "vital-signs"
      },
      "code": {
        "coding": [ {
          "system": "http://loinc.org",
          "code": "9279-1",
          "display": "Respiratory rate"
        } ],
        "text": "Respiratory rate"
      },
      "subject": {
        "reference": "urn:uuid:b6ea45ec-2f63-7479-ded2-46b880017771"
      },
      "encounter": {
        "reference": "urn:uuid:e6a89dc8-e188-bd80-2740-e6dc0f130719"
      },
      "effectiveDateTime": "2024-01-28T14:53:05+00:00",
      "issued": "2024-01-28T14:53:05.821+00:00",
      "valueQuantity": {
        "value": 15,
        "unit": "/min",
        "system": "http://unitsofmeasure.org",
        "code": "/min"
      }
    },
    "request": {
      "method": "POST",
      "url": "Observation"
    }
  }, {
    "fullUrl": "urn:uuid:c2d2a3e1-3656-64e2-da73-3496ceb0f1b0",
    "resource": {
      "resourceType": "Observation",
      "id": "c2d2a3e1-3656-64e2-da73-3496ceb0f1b0",
      "status": "final",
      "category": {
        "coding": [ {
          "system": "http://hl7.org/fhir/observation-category",
          "code": "laboratory",
          "display": "laboratory"
        } ],
        "text": "laboratory"
      },
      "code": {
        "coding": [ {
          "system": "http://loinc.org",
          "code": "6690-2",
          "display": "Leukocytes [#/volume] in Blood by Automated count"
        } ],
        "text": "Leukocytes [#/volume] in Blood by Automated count"
      },
      "subject": {
        "reference": "urn:uuid:b6ea45ec-2f63-7479-ded2-46b880017771"
      },
      "encounter": {
        "reference": "urn:uuid:e6a89dc8-e188-bd80-2740-e6dc0f130719"
      },
      "effectiveDateTime": "2024-01-28T14:53:05+00:00",
      "issued": "2024-01-28T14:53:05.821+00:00",
      "valueQuantity": {
        "value": 9.2798,
        "unit": "10*3/uL",
        "system": "http://unitsofmeasure.org",
        "code": "10*3/uL"
      }
    },
    "request": {
      "method": "POST",
      "url": "Observation"
    }
  }, {
    "fullUrl": "urn:uuid:1bafed85-1855-6837-763b-1b544793bc1e",
    "resource": {
      "resourceType": "Observation",
      "id": "1bafed85-1855-6837-763b-1b544793bc1e",
      "status": "final",
      "category": {
        "coding": [ {
          "system": "http://hl7.org/fhir/observation-category",
          "code": "laboratory",
          "display": "laboratory"
        } ],
        "text": "laboratory"
      },
      "code": {
        "coding": [ {
          "system": "http://loinc.org",
          "code": "789-8",
          "display": "Erythrocytes [#/volume] in Blood by Automated count"
        } ],
        "text": "Erythrocytes [#/volume] in Blood by Automated count"
      },
      "subject": {
        "reference": "urn:uuid:b6ea45ec-2f63-7479-ded2-46b880017771"
      },
      "encounter": {
        "reference": "urn:uuid:e6a89dc8-e188-bd80-2740-e6dc0f130719"
      },
      "effectiveDateTime": "2024-01-28T14:53:05+00:00",
      "issued": "2024-01-28T14:53:05.821+00:00",
      "valueQuantity": {
        "value": 4.1835,
        "unit": "10*6/uL",
        "system": "http://unitsofmeasure.org",
        "code": "10*6/uL"
      }
    },
    "request": {
      "method": "POST",
      "url": "Observation"
    }
  }, {
    "fullUrl": "urn:uuid:e475eade-d04d-219d-ab51-7f44c3bef61c",
    "resource": {
      "resourceType": "Observation",
      "id": "e475eade-d04d-219d-ab51-7f44c3bef61c",
      "status": "final",
      "category": {
        "coding": [ {
          "system": "http://hl7.org/fhir/observation-category",
          "code": "laboratory",
          "display": "laboratory"
        } ],
        "text": "laboratory"
      },
      "code": {
        "coding": [ {
          "system": "http://loinc.org",
          "code": "718-7",
          "display": "Hemoglobin [Mass/volume] in Blood"
        } ],
        "text": "Hemoglobin [Mass/volume] in Blood"
      },
      "subject": {
        "reference": "urn:uuid:b6ea45ec-2f63-7479-ded2-46b880017771"
      },
      "encounter": {
        "reference": "urn:uuid:e6a89dc8-e188-bd80-2740-e6dc0f130719"
      },
      "effectiveDateTime": "2024-01-28T14:53:05+00:00",
      "issued": "2024-01-28T14:53:05.821+00:00",
      "valueQuantity": {
        "value": 13.872,
        "unit": "g/dL",
        "system": "http://unitsofmeasure.org",
        "code": "g/dL"
      }
    },
    "request": {
      "method": "POST",
      "url": "Observation"
    }
  }, {
    "fullUrl": "urn:uuid:2364cd10-b776-4251-d568-6f520586fe9c",
    "resource": {
      "resourceType": "Observation",
      "id": "2364cd10-b776-4251-d568-6f520586fe9c",
      "status": "final",
      "category": {
        "coding": [ {
          "system": "http://hl7.org/fhir/observation-category",
          "code": "laboratory",
          "display": "laboratory"
        } ],
        "text": "laboratory"
      },
      "code": {
        "coding": [ {
          "system": "http://loinc.org",
          "code": "4544-3",
          "display": "Hematocrit [Volume Fraction] of Blood by Automated count"
        } ],
        "text": "Hematocrit [Volume Fraction] of Blood by Automated count"
      },
      "subject": {
        "reference": "urn:uuid:b6ea45ec-2f63-7479-ded2-46b880017771"
      },
      "encounter": {
        "reference": "urn:uuid:e6a89dc8-e188-bd80-2740-e6dc0f130719"
      },
      "effectiveDateTime": "2024-01-28T14:53:05+00:00",
      "issued": "2024-01-28T14:53:05.821+00:00",
      "valueQuantity": {
        "value": 35.661,
        "unit": "%",
        "system": "http://unitsofmeasure.org",
        "code": "%"
      }
    },
    "request": {
      "method": "POST",
      "url": "Observation"
    }
  }, {
    "fullUrl": "urn:uuid:953a19a6-0c95-a777-01d1-32f972bac59a",
    "resource": {
      "resourceType": "Observation",
      "id": "953a19a6-0c95-a777-01d1-32f972bac59a",
      "status": "final",
      "category": {
        "coding": [ {
          "system": "http://hl7.org/fhir/observation-category",
          "code": "laboratory",
          "display": "laboratory"
        } ],
        "text": "laboratory"
      },
      "code": {
        "coding": [ {
          "system": "http://loinc.org",
          "code": "787-2",
          "display": "MCV [Entitic volume] by Automated count"
        } ],
        "text": "MCV [Entitic volume] by Automated count"
      },
      "subject": {
        "reference": "urn:uuid:b6ea45ec-2f63-7479-ded2-46b880017771"
      },
      "encounter": {
        "reference": "urn:uuid:e6a89dc8-e188-bd80-2740-e6dc0f130719"
      },
      "effectiveDateTime": "2024-01-28T14:53:05+00:00",
      "issued": "2024-01-28T14:53:05.821+00:00",
      "valueQuantity": {
        "value": 86.796,
        "unit": "fL",
        "system": "http://unitsofmeasure.org",
        "code": "fL"
      }
    },
    "request": {
      "method": "POST",
      "url": "Observation"
    }
  }, {
    "fullUrl": "urn:uuid:c3047b6b-9787-2c7c-9e29-66c9969fde8f",
    "resource": {
      "resourceType": "Observation",
      "id": "c3047b6b-9787-2c7c-9e29-66c9969fde8f",
      "status": "final",
      "category": {
        "coding": [ {
          "system": "http://hl7.org/fhir/observation-category",
          "code": "laboratory",
          "display": "laboratory"
        } ],
        "text": "laboratory"
      },
      "code": {
        "coding": [ {
          "system": "http://loinc.org",
          "code": "785-6",
          "display": "MCH [Entitic mass] by Automated count"
        } ],
        "text": "MCH [Entitic mass] by Automated count"
      },
      "subject": {
        "reference": "urn:uuid:b6ea45ec-2f63-7479-ded2-46b880017771"
      },
      "encounter": {
        "reference": "urn:uuid:e6a89dc8-e188-bd80-2740-e6dc0f130719"
      },
      "effectiveDateTime": "2024-01-28T14:53:05+00:00",
      "issued": "2024-01-28T14:53:05.821+00:00",
      "valueQuantity": {
        "value": 30.834,
        "unit": "pg",
        "system": "http://unitsofmeasure.org",
        "code": "pg"
      }
    },
    "request": {
      "method": "POST",
      "url": "Observation"
    }
  }, {
    "fullUrl": "urn:uuid:14ba6b85-3841-5d70-6a45-2bed02a22a12",
    "resource": {
      "resourceType": "Observation",
      "id": "14ba6b85-3841-5d70-6a45-2bed02a22a12",
      "status": "final",
      "category": {
        "coding": [ {
          "system": "http://hl7.org/fhir/observation-category",
          "code": "laboratory",
          "display": "laboratory"
        } ],
        "text": "laboratory"
      },
      "code": {
        "coding": [ {
          "system": "http://loinc.org",
          "code": "786-4",
          "display": "MCHC [Mass/volume] by Automated count"
        } ],
        "text": "MCHC [Mass/volume] by Automated count"
      },
      "subject": {
        "reference": "urn:uuid:b6ea45ec-2f63-7479-ded2-46b880017771"
      },
      "encounter": {
        "reference": "urn:uuid:e6a89dc8-e188-bd80-2740-e6dc0f130719"
      },
      "effectiveDateTime": "2024-01-28T14:53:05+00:00",
      "issued": "2024-01-28T14:53:05.821+00:00",
      "valueQuantity": {
        "value": 33.702,
        "unit": "g/dL",
        "system": "http://unitsofmeasure.org",
        "code": "g/dL"
      }
    },
    "request": {
      "method": "POST",
      "url": "Observation"
    }
  }, {
    "fullUrl": "urn:uuid:9cc9f8d5-b587-7191-2756-1a84a2b1058d",
    "resource": {
      "resourceType": "Observation",
      "id": "9cc9f8d5-b587-7191-2756-1a84a2b1058d",
      "status": "final",
      "category": {
        "coding": [ {
          "system": "http://hl7.org/fhir/observation-category",
          "code": "laboratory",
          "display": "laboratory"
        } ],
        "text": "laboratory"
      },
      "code": {
        "coding": [ {
          "system": "http://loinc.org",
          "code": "21000-5",
          "display": "Erythrocyte distribution width [Entitic volume] by Automated count"
        } ],
        "text": "Erythrocyte distribution width [Entitic volume] by Automated count"
      },
      "subject": {
        "reference": "urn:uuid:b6ea45ec-2f63-7479-ded2-46b880017771"
      },
      "encounter": {
        "reference": "urn:uuid:e6a89dc8-e188-bd80-2740-e6dc0f130719"
      },
      "effectiveDateTime": "2024-01-28T14:53:05+00:00",
      "issued": "2024-01-28T14:53:05.821+00:00",
      "valueQuantity": {
        "value": 43.877,
        "unit": "fL",
        "system": "http://unitsofmeasure.org",
        "code": "fL"
      }
    },
    "request": {
      "method": "POST",
      "url": "Observation"
    }
  }, {
    "fullUrl": "urn:uuid:39fd831c-4a30-747d-064e-e80163ff3845",
    "resource": {
      "resourceType": "Observation",
      "id": "39fd831c-4a30-747d-064e-e80163ff3845",
      "status": "final",
      "category": {
        "coding": [ {
          "system": "http://hl7.org/fhir/observation-category",
          "code": "laboratory",
          "display": "laboratory"
        } ],
        "text": "laboratory"
      },
      "code": {
        "coding": [ {
          "system": "http://loinc.org",
          "code": "777-3",
          "display": "Platelets [#/volume] in Blood by Automated count"
        } ],
        "text": "Platelets [#/volume] in Blood by Automated count"
      },
      "subject": {
        "reference": "urn:uuid:b6ea45ec-2f63-7479-ded2-46b880017771"
      },
      "encounter": {
        "reference": "urn:uuid:e6a89dc8-e188-bd80-2740-e6dc0f130719"
      },
      "effectiveDateTime": "2024-01-28T14:53:05+00:00",
      "issued": "2024-01-28T14:53:05.821+00:00",
      "valueQuantity": {
        "value": 159.64,
        "unit": "10*3/uL",
        "system": "http://unitsofmeasure.org",
        "code": "10*3/uL"
      }
    },
    "request": {
      "method": "POST",
      "url": "Observation"
    }
  }, {
    "fullUrl": "urn:uuid:c44c5447-802a-10ca-a593-e9c5ca65db27",
    "resource": {
      "resourceType": "Observation",
      "id": "c44c5447-802a-10ca-a593-e9c5ca65db27",
      "status": "final",
      "category": {
        "coding": [ {
          "system": "http://hl7.org/fhir/observation-category",
          "code": "laboratory",
          "display": "laboratory"
        } ],
        "text": "laboratory"
      },
      "code": {
        "coding": [ {
          "system": "http://loinc.org",
          "code": "32207-3",
          "display": "Platelet distribution width [Entitic volume] in Blood by Automated count"
        } ],
        "text": "Platelet distribution width [Entitic volume] in Blood by Automated count"
      },
      "subject": {
        "reference": "urn:uuid:b6ea45ec-2f63-7479-ded2-46b880017771"
      },
      "encounter": {
        "reference": "urn:uuid:e6a89dc8-e188-bd80-2740-e6dc0f130719"
      },
      "effectiveDateTime": "2024-01-28T14:53:05+00:00",
      "issued": "2024-01-28T14:53:05.821+00:00",
      "valueQuantity": {
        "value": 176.26,
        "unit": "fL",
        "system": "http://unitsofmeasure.org",
        "code": "fL"
      }
    },
    "request": {
      "method": "POST",
      "url": "Observation"
    }
  }, {
    "fullUrl": "urn:uuid:ebc26dfa-e8ea-98ef-f119-19b3a6374d1d",
    "resource": {
      "resourceType": "Observation",
      "id": "ebc26dfa-e8ea-98ef-f119-19b3a6374d1d",
      "status": "final",
      "category": {
        "coding": [ {
          "system": "http://hl7.org/fhir/observation-category",
          "code": "laboratory",
          "display": "laboratory"
        } ],
        "text": "laboratory"
      },
      "code": {
        "coding": [ {
          "system": "http://loinc.org",
          "code": "32623-1",
          "display": "Platelet mean volume [Entitic volume] in Blood by Automated count"
        } ],
        "text": "Platelet mean volume [Entitic volume] in Blood by Automated count"
      },
      "subject": {
        "reference": "urn:uuid:b6ea45ec-2f63-7479-ded2-46b880017771"
      },
      "encounter": {
        "reference": "urn:uuid:e6a89dc8-e188-bd80-2740-e6dc0f130719"
      },
      "effectiveDateTime": "2024-01-28T14:53:05+00:00",
      "issued": "2024-01-28T14:53:05.821+00:00",
      "valueQuantity": {
        "value": 10.208,
        "unit": "fL",
        "system": "http://unitsofmeasure.org",
        "code": "fL"
      }
    },
    "request": {
      "method": "POST",
      "url": "Observation"
    }
  }, {
    "fullUrl": "urn:uuid:ec0cd56a-b6ff-77d4-8c09-12b7cf16b1a9",
    "resource": {
      "resourceType": "Observation",
      "id": "ec0cd56a-b6ff-77d4-8c09-12b7cf16b1a9",
      "status": "final",
      "category": {
        "coding": [ {
          "system": "http://hl7.org/fhir/observation-category",
          "code": "social-history",
          "display": "social-history"
        } ],
        "text": "social-history"
      },
      "code": {
        "coding": [ {
          "system": "http://loinc.org",
          "code": "72166-2",
          "display": "Tobacco smoking status"
        } ],
        "text": "Tobacco smoking status"
      },
      "subject": {
        "reference": "urn:uuid:b6ea45ec-2f63-7479-ded2-46b880017771"
      },
      "encounter": {
        "reference": "urn:uuid:e6a89dc8-e188-bd80-2740-e6dc0f130719"
      },
      "effectiveDateTime": "2024-01-28T14:53:05+00:00",
      "issued": "2024-01-28T14:53:05.821+00:00",
      "valueCodeableConcept": {
        "coding": [ {
          "system": "http://snomed.info/sct",
          "code": "266919005",
          "display": "Never smoked tobacco (finding)"
        } ],
        "text": "Never smoked tobacco (finding)"
      }
    },
    "request": {
      "method": "POST",
      "url": "Observation"
    }
  }, {
    "fullUrl": "urn:uuid:d646e69d-aea2-6740-aff2-4062da0eb5c3",
    "resource": {
      "resourceType": "Immunization",
      "id": "d646e69d-aea2-6740-aff2-4062da0eb5c3",
      "status": "completed",
      "date": "2024-01-28T14:53:05+00:00",
      "vaccineCode": {
        "coding": [ {
          "system": "http://hl7.org/fhir/sid/cvx",
          "code": "08",
          "display": "Hep B, adolescent or pediatric"
        } ],
        "text": "Hep B, adolescent or pediatric"
      },
      "patient": {
        "reference": "urn:uuid:b6ea45ec-2f63-7479-ded2-46b880017771"
      },
      "wasNotGiven": false,
      "reported": false,
      "encounter": {
        "reference": "urn:uuid:e6a89dc8-e188-bd80-2740-e6dc0f130719"
      }
    },
    "request": {
      "method": "POST",
      "url": "Immunization"
    }
  }, {
    "fullUrl": "urn:uuid:707382dc-64a0-b97d-8a3d-f230af23c3ca",
    "resource": {
      "resourceType": "DiagnosticReport",
      "id": "707382dc-64a0-b97d-8a3d-f230af23c3ca",
      "status": "final",
      "category": {
        "coding": [ {
          "system": "http://hl7.org/fhir/ValueSet/diagnostic-service-sections",
          "code": "LAB"
        } ]
      },
      "code": {
        "coding": [ {
          "system": "http://loinc.org",
          "code": "58410-2",
          "display": "CBC panel - Blood by Automated count"
        } ],
        "text": "CBC panel - Blood by Automated count"
      },
      "subject": {
        "reference": "urn:uuid:b6ea45ec-2f63-7479-ded2-46b880017771"
      },
      "encounter": {
        "reference": "urn:uuid:e6a89dc8-e188-bd80-2740-e6dc0f130719"
      },
      "effectiveDateTime": "2024-01-28T14:53:05+00:00",
      "issued": "2024-01-28T14:53:05.821+00:00",
      "performer": {
        "reference": "Organization?identifier=https://github.com/synthetichealth/synthea|8d5880eb-1dd8-31ea-b7c5-21709f3bb341",
        "display": "MELROSE INTERNAL MEDICINE ASSOC PC"
      },
      "result": [ {
        "reference": "urn:uuid:ebc26dfa-e8ea-98ef-f119-19b3a6374d1d",
        "display": "Platelet mean volume [Entitic volume] in Blood by Automated count"
      } ]
    },
    "request": {
      "method": "POST",
      "url": "DiagnosticReport"
    }
  }, {
    "fullUrl": "urn:uuid:ed5e1f6d-1850-f603-c082-b760a77bcdc7",
    "resource": {
      "resourceType": "Claim",
      "id": "ed5e1f6d-1850-f603-c082-b760a77bcdc7",
      "type": "institutional",
      "organization": {
        "reference": "Organization?identifier=https://github.com/synthetichealth/synthea|8d5880eb-1dd8-31ea-b7c5-21709f3bb341",
        "display": "MELROSE INTERNAL MEDICINE ASSOC PC"
      },
      "use": "complete",
      "diagnosis": [ {
        "sequence": 1,
        "diagnosis": {
          "system": "http://snomed.info/sct",
          "code": "314529007",
          "display": "Medication review due (situation)"
        }
      } ],
      "patient": {
        "reference": "urn:uuid:b6ea45ec-2f63-7479-ded2-46b880017771"
      },
      "item": [ {
        "sequence": 1,
        "type": {
          "system": "http://hl7.org/fhir/v3/ActCode",
          "code": "CSINV",
          "display": "clinical service invoice"
        },
        "service": {
          "system": "http://snomed.info/sct",
          "code": "410620009",
          "display": "Well child visit (procedure)"
        }
      }, {
        "sequence": 2,
        "type": {
          "system": "http://hl7.org/fhir/v3/ActCode",
          "code": "CSINV",
          "display": "clinical service invoice"
        },
        "service": {
          "system": "http://hl7.org/fhir/sid/cvx",
          "code": "08",
          "display": "Hep B, adolescent or pediatric"
        },
        "net": {
          "value": 136.00,
          "system": "urn:iso:std:iso:4217",
          "code": "USD"
        }
      }, {
        "sequence": 4,
        "type": {
          "system": "http://hl7.org/fhir/v3/ActCode",
          "code": "CSINV",
          "display": "clinical service invoice"
        },
        "service": {
          "system": "http://loinc.org",
          "code": "58410-2",
          "display": "CBC panel - Blood by Automated count"
        },
        "net": {
          "value": 74.58,
          "system": "urn:iso:std:iso:4217",
          "code": "USD"
        }
      } ]
    },
    "request": {
      "method": "POST",
      "url": "Claim"
    }
  }, {
    "fullUrl": "urn:uuid:306d9f0e-2535-a0a3-eebf-b51163102964",
    "resource": {
      "resourceType": "Encounter",
      "id": "306d9f0e-2535-a0a3-eebf-b51163102964",
      "status": "finished",
      "class": "ambulatory",
      "type": [ {
        "coding": [ {
          "system": "http://snomed.info/sct",
          "code": "410620009",
          "display": "Well child visit (procedure)"
        } ],
        "text": "Well child visit (procedure)"
      } ],
      "patient": {
        "reference": "urn:uuid:b6ea45ec-2f63-7479-ded2-46b880017771"
      },
      "participant": [ {
        "individual": {
          "reference": "Practitioner?identifier=http://hl7.org/fhir/sid/us-npi|9999958991",
          "display": "Dr. Irene779 Collado928"
        }
      } ],
      "period": {
        "start": "2024-03-03T14:53:05+00:00",
        "end": "2024-03-03T15:08:05+00:00"
      },
      "serviceProvider": {
        "reference": "Organization?identifier=https://github.com/synthetichealth/synthea|8d5880eb-1dd8-31ea-b7c5-21709f3bb341",
        "display": "MELROSE INTERNAL MEDICINE ASSOC PC"
      }
    },
    "request": {
      "method": "POST",
      "url": "Encounter"
    }
  }, {
    "fullUrl": "urn:uuid:6f94b082-64d4-4973-dfca-c08567524c26",
    "resource": {
      "resourceType": "Observation",
      "id": "6f94b082-64d4-4973-dfca-c08567524c26",
      "status": "final",
      "category": {
        "coding": [ {
          "system": "http://hl7.org/fhir/observation-category",
          "code": "vital-signs",
          "display": "vital-signs"
        } ],
        "text": "vital-signs"
      },
      "code": {
        "coding": [ {
          "system": "http://loinc.org",
          "code": "8302-2",
          "display": "Body Height"
        } ],
        "text": "Body Height"
      },
      "subject": {
        "reference": "urn:uuid:b6ea45ec-2f63-7479-ded2-46b880017771"
      },
      "encounter": {
        "reference": "urn:uuid:306d9f0e-2535-a0a3-eebf-b51163102964"
      },
      "effectiveDateTime": "2024-03-03T14:53:05+00:00",
      "issued": "2024-03-03T14:53:05.821+00:00",
      "valueQuantity": {
        "value": 56.900,
        "unit": "cm",
        "system": "http://unitsofmeasure.org",
        "code": "cm"
      }
    },
    "request": {
      "method": "POST",
      "url": "Observation"
    }
  }, {
    "fullUrl": "urn:uuid:0d9bd6d7-4c88-6f9a-bb1d-6aab5151eb41",
    "resource": {
      "resourceType": "Observation",
      "id": "0d9bd6d7-4c88-6f9a-bb1d-6aab5151eb41",
      "status": "final",
      "category": {
        "coding": [ {
          "system": "http://hl7.org/fhir/observation-category",
          "code": "vital-signs",
          "display": "vital-signs"
        } ],
        "text": "vital-signs"
      },
      "code": {
        "coding": [ {
          "system": "http://loinc.org",
          "code": "72514-3",
          "display": "Pain severity - 0-10 verbal numeric rating [Score] - Reported"
        } ],
        "text": "Pain severity - 0-10 verbal numeric rating [Score] - Reported"
      },
      "subject": {
        "reference": "urn:uuid:b6ea45ec-2f63-7479-ded2-46b880017771"
      },
      "encounter": {
        "reference": "urn:uuid:306d9f0e-2535-a0a3-eebf-b51163102964"
      },
      "effectiveDateTime": "2024-03-03T14:53:05+00:00",
      "issued": "2024-03-03T14:53:05.821+00:00",
      "valueQuantity": {
        "value": 1,
        "unit": "{score}",
        "system": "http://unitsofmeasure.org",
        "code": "{score}"
      }
    },
    "request": {
      "method": "POST",
      "url": "Observation"
    }
  }, {
    "fullUrl": "urn:uuid:3823e61e-28a6-6c98-785f-fb5a2d4fc549",
    "resource": {
      "resourceType": "Observation",
      "id": "3823e61e-28a6-6c98-785f-fb5a2d4fc549",
      "status": "final",
      "category": {
        "coding": [ {
          "system": "http://hl7.org/fhir/observation-category",
          "code": "vital-signs",
          "display": "vital-signs"
        } ],
        "text": "vital-signs"
      },
      "code": {
        "coding": [ {
          "system": "http://loinc.org",
          "code": "29463-7",
          "display": "Body Weight"
        } ],
        "text": "Body Weight"
      },
      "subject": {
        "reference": "urn:uuid:b6ea45ec-2f63-7479-ded2-46b880017771"
      },
      "encounter": {
        "reference": "urn:uuid:306d9f0e-2535-a0a3-eebf-b51163102964"
      },
      "effectiveDateTime": "2024-03-03T14:53:05+00:00",
      "issued": "2024-03-03T14:53:05.821+00:00",
      "valueQuantity": {
        "value": 5,
        "unit": "kg",
        "system": "http://unitsofmeasure.org",
        "code": "kg"
      }
    },
    "request": {
      "method": "POST",
      "url": "Observation"
    }
  }, {
    "fullUrl": "urn:uuid:792f33c3-49a1-ba68-76ad-57bfe25aa7a9",
    "resource": {
      "resourceType": "Observation",
      "id": "792f33c3-49a1-ba68-76ad-57bfe25aa7a9",
      "status": "final",
      "category": {
        "coding": [ {
          "system": "http://hl7.org/fhir/observation-category",
          "code": "vital-signs",
          "display": "vital-signs"
        } ],
        "text": "vital-signs"
      },
      "code": {
        "coding": [ {
          "system": "http://loinc.org",
          "code": "77606-2",
          "display": "Weight-for-length Per age and sex"
        } ],
        "text": "Weight-for-length Per age and sex"
      },
      "subject": {
        "reference": "urn:uuid:b6ea45ec-2f63-7479-ded2-46b880017771"
      },
      "encounter": {
        "reference": "urn:uuid:306d9f0e-2535-a0a3-eebf-b51163102964"
      },
      "effectiveDateTime": "2024-03-03T14:53:05+00:00",
      "issued": "2024-03-03T14:53:05.821+00:00",
      "valueQuantity": {
        "value": 29.892,
        "unit": "%",
        "system": "http://unitsofmeasure.org",
        "code": "%"
      }
    },
    "request": {
      "method": "POST",
      "url": "Observation"
    }
  }, {
    "fullUrl": "urn:uuid:6b018d63-b012-59c3-c0ae-96a6f7059f93",
    "resource": {
      "resourceType": "Observation",
      "id": "6b018d63-b012-59c3-c0ae-96a6f7059f93",
      "status": "final",
      "category": {
        "coding": [ {
          "system": "http://hl7.org/fhir/observation-category",
          "code": "vital-signs",
          "display": "vital-signs"
        } ],
        "text": "vital-signs"
      },
      "code": {
        "coding": [ {
          "system": "http://loinc.org",
          "code": "8289-1",
          "display": "Head Occipital-frontal circumference Percentile"
        } ],
        "text": "Head Occipital-frontal circumference Percentile"
      },
      "subject": {
        "reference": "urn:uuid:b6ea45ec-2f63-7479-ded2-46b880017771"
      },
      "encounter": {
        "reference": "urn:uuid:306d9f0e-2535-a0a3-eebf-b51163102964"
      },
      "effectiveDateTime": "2024-03-03T14:53:05+00:00",
      "issued": "2024-03-03T14:53:05.821+00:00",
      "valueQuantity": {
        "value": 57.020,
        "unit": "%",
        "system": "http://unitsofmeasure.org",
        "code": "%"
      }
    },
    "request": {
      "method": "POST",
      "url": "Observation"
    }
  }, {
    "fullUrl": "urn:uuid:dac6ac1e-7cec-30c9-fcf7-3f4e6e42da14",
    "resource": {
      "resourceType": "Observation",
      "id": "dac6ac1e-7cec-30c9-fcf7-3f4e6e42da14",
      "status": "final",
      "category": {
        "coding": [ {
          "system": "http://hl7.org/fhir/observation-category",
          "code": "vital-signs",
          "display": "vital-signs"
        } ],
        "text": "vital-signs"
      },
      "code": {
        "coding": [ {
          "system": "http://loinc.org",
          "code": "9843-4",
          "display": "Head Occipital-frontal circumference"
        } ],
        "text": "Head Occipital-frontal circumference"
      },
      "subject": {
        "reference": "urn:uuid:b6ea45ec-2f63-7479-ded2-46b880017771"
      },
      "encounter": {
        "reference": "urn:uuid:306d9f0e-2535-a0a3-eebf-b51163102964"
      },
      "effectiveDateTime": "2024-03-03T14:53:05+00:00",
      "issued": "2024-03-03T14:53:05.821+00:00",
      "valueQuantity": {
        "value": 39.490,
        "unit": "cm",
        "system": "http://unitsofmeasure.org",
        "code": "cm"
      }
    },
    "request": {
      "method": "POST",
      "url": "Observation"
    }
  }, {
    "fullUrl": "urn:uuid:80c579d8-9352-183c-4bc6-dae8237ff8f7",
    "resource": {
      "resourceType": "Observation",
      "id": "80c579d8-9352-183c-4bc6-dae8237ff8f7",
      "status": "final",
      "category": {
        "coding": [ {
          "system": "http://hl7.org/fhir/observation-category",
          "code": "vital-signs",
          "display": "vital-signs"
        } ],
        "text": "vital-signs"
      },
      "code": {
        "coding": [ {
          "system": "http://loinc.org",
          "code": "85354-9",
          "display": "Blood pressure panel with all children optional"
        } ],
        "text": "Blood pressure panel with all children optional"
      },
      "subject": {
        "reference": "urn:uuid:b6ea45ec-2f63-7479-ded2-46b880017771"
      },
      "encounter": {
        "reference": "urn:uuid:306d9f0e-2535-a0a3-eebf-b51163102964"
      },
      "effectiveDateTime": "2024-03-03T14:53:05+00:00",
      "issued": "2024-03-03T14:53:05.821+00:00",
      "component": [ {
        "code": {
          "coding": [ {
            "system": "http://loinc.org",
            "code": "8462-4",
            "display": "Diastolic Blood Pressure"
          } ],
          "text": "Diastolic Blood Pressure"
        },
        "valueQuantity": {
          "value": 68,
          "unit": "mm[Hg]",
          "system": "http://unitsofmeasure.org",
          "code": "mm[Hg]"
        }
      }, {
        "code": {
          "coding": [ {
            "system": "http://loinc.org",
            "code": "8480-6",
            "display": "Systolic Blood Pressure"
          } ],
          "text": "Systolic Blood Pressure"
        },
        "valueQuantity": {
          "value": 133,
          "unit": "mm[Hg]",
          "system": "http://unitsofmeasure.org",
          "code": "mm[Hg]"
        }
      } ]
    },
    "request": {
      "method": "POST",
      "url": "Observation"
    }
  }, {
    "fullUrl": "urn:uuid:052a9506-a84c-744c-c44a-37a4e1f6edd4",
    "resource": {
      "resourceType": "Observation",
      "id": "052a9506-a84c-744c-c44a-37a4e1f6edd4",
      "status": "final",
      "category": {
        "coding": [ {
          "system": "http://hl7.org/fhir/observation-category",
          "code": "vital-signs",
          "display": "vital-signs"
        } ],
        "text": "vital-signs"
      },
      "code": {
        "coding": [ {
          "system": "http://loinc.org",
          "code": "8867-4",
          "display": "Heart rate"
        } ],
        "text": "Heart rate"
      },
      "subject": {
        "reference": "urn:uuid:b6ea45ec-2f63-7479-ded2-46b880017771"
      },
      "encounter": {
        "reference": "urn:uuid:306d9f0e-2535-a0a3-eebf-b51163102964"
      },
      "effectiveDateTime": "2024-03-03T14:53:05+00:00",
      "issued": "2024-03-03T14:53:05.821+00:00",
      "valueQuantity": {
        "value": 63,
        "unit": "/min",
        "system": "http://unitsofmeasure.org",
        "code": "/min"
      }
    },
    "request": {
      "method": "POST",
      "url": "Observation"
    }
  }, {
    "fullUrl": "urn:uuid:a9b0274e-b346-25bb-6cf6-e022c1d0a039",
    "resource": {
      "resourceType": "Observation",
      "id": "a9b0274e-b346-25bb-6cf6-e022c1d0a039",
      "status": "final",
      "category": {
        "coding": [ {
          "system": "http://hl7.org/fhir/observation-category",
          "code": "vital-signs",
          "display": "vital-signs"
        } ],
        "text": "vital-signs"
      },
      "code": {
        "coding": [ {
          "system": "http://loinc.org",
          "code": "9279-1",
          "display": "Respiratory rate"
        } ],
        "text": "Respiratory rate"
      },
      "subject": {
        "reference": "urn:uuid:b6ea45ec-2f63-7479-ded2-46b880017771"
      },
      "encounter": {
        "reference": "urn:uuid:306d9f0e-2535-a0a3-eebf-b51163102964"
      },
      "effectiveDateTime": "2024-03-03T14:53:05+00:00",
      "issued": "2024-03-03T14:53:05.821+00:00",
      "valueQuantity": {
        "value": 13,
        "unit": "/min",
        "system": "http://unitsofmeasure.org",
        "code": "/min"
      }
    },
    "request": {
      "method": "POST",
      "url": "Observation"
    }
  }, {
    "fullUrl": "urn:uuid:dffa66dd-67c4-0796-7797-6d5f8d94ad5c",
    "resource": {
      "resourceType": "Observation",
      "id": "dffa66dd-67c4-0796-7797-6d5f8d94ad5c",
      "status": "final",
      "category": {
        "coding": [ {
          "system": "http://hl7.org/fhir/observation-category",
          "code": "social-history",
          "display": "social-history"
        } ],
        "text": "social-history"
      },
      "code": {
        "coding": [ {
          "system": "http://loinc.org",
          "code": "72166-2",
          "display": "Tobacco smoking status"
        } ],
        "text": "Tobacco smoking status"
      },
      "subject": {
        "reference": "urn:uuid:b6ea45ec-2f63-7479-ded2-46b880017771"
      },
      "encounter": {
        "reference": "urn:uuid:306d9f0e-2535-a0a3-eebf-b51163102964"
      },
      "effectiveDateTime": "2024-03-03T14:53:05+00:00",
      "issued": "2024-03-03T14:53:05.821+00:00",
      "valueCodeableConcept": {
        "coding": [ {
          "system": "http://snomed.info/sct",
          "code": "266919005",
          "display": "Never smoked tobacco (finding)"
        } ],
        "text": "Never smoked tobacco (finding)"
      }
    },
    "request": {
      "method": "POST",
      "url": "Observation"
    }
  }, {
    "fullUrl": "urn:uuid:9022d281-901e-2aa1-f394-32828d107ad9",
    "resource": {
      "resourceType": "Procedure",
      "id": "9022d281-901e-2aa1-f394-32828d107ad9",
      "subject": {
        "reference": "urn:uuid:b6ea45ec-2f63-7479-ded2-46b880017771"
      },
      "status": "completed",
      "code": {
        "coding": [ {
          "system": "http://snomed.info/sct",
          "code": "430193006",
          "display": "Medication Reconciliation (procedure)"
        } ],
        "text": "Medication Reconciliation (procedure)"
      },
      "performedPeriod": {
        "start": "2024-03-03T14:53:05+00:00",
        "end": "2024-03-03T15:08:05+00:00"
      },
      "encounter": {
        "reference": "urn:uuid:306d9f0e-2535-a0a3-eebf-b51163102964"
      }
    },
    "request": {
      "method": "POST",
      "url": "Procedure"
    }
  }, {
    "fullUrl": "urn:uuid:1d21c837-b866-bcdd-3c49-ab225603b76a",
    "resource": {
      "resourceType": "Immunization",
      "id": "1d21c837-b866-bcdd-3c49-ab225603b76a",
      "status": "completed",
      "date": "2024-03-03T14:53:05+00:00",
      "vaccineCode": {
        "coding": [ {
          "system": "http://hl7.org/fhir/sid/cvx",
          "code": "08",
          "display": "Hep B, adolescent or pediatric"
        } ],
        "text": "Hep B, adolescent or pediatric"
      },
      "patient": {
        "reference": "urn:uuid:b6ea45ec-2f63-7479-ded2-46b880017771"
      },
      "wasNotGiven": false,
      "reported": false,
      "encounter": {
        "reference": "urn:uuid:306d9f0e-2535-a0a3-eebf-b51163102964"
      }
    },
    "request": {
      "method": "POST",
      "url": "Immunization"
    }
  }, {
    "fullUrl": "urn:uuid:ccb397d1-f71d-cddd-917b-3aeffd7e0c6c",
    "resource": {
      "resourceType": "Claim",
      "id": "ccb397d1-f71d-cddd-917b-3aeffd7e0c6c",
      "type": "institutional",
      "organization": {
        "reference": "Organization?identifier=https://github.com/synthetichealth/synthea|8d5880eb-1dd8-31ea-b7c5-21709f3bb341",
        "display": "MELROSE INTERNAL MEDICINE ASSOC PC"
      },
      "use": "complete",
      "patient": {
        "reference": "urn:uuid:b6ea45ec-2f63-7479-ded2-46b880017771"
      },
      "item": [ {
        "sequence": 1,
        "type": {
          "system": "http://hl7.org/fhir/v3/ActCode",
          "code": "CSINV",
          "display": "clinical service invoice"
        },
        "service": {
          "system": "http://snomed.info/sct",
          "code": "410620009",
          "display": "Well child visit (procedure)"
        }
      }, {
        "sequence": 2,
        "type": {
          "system": "http://hl7.org/fhir/v3/ActCode",
          "code": "CSINV",
          "display": "clinical service invoice"
        },
        "service": {
          "system": "http://hl7.org/fhir/sid/cvx",
          "code": "08",
          "display": "Hep B, adolescent or pediatric"
        },
        "net": {
          "value": 136.00,
          "system": "urn:iso:std:iso:4217",
          "code": "USD"
        }
      }, {
        "sequence": 3,
        "type": {
          "system": "http://hl7.org/fhir/v3/ActCode",
          "code": "CSINV",
          "display": "clinical service invoice"
        },
        "service": {
          "system": "http://snomed.info/sct",
          "code": "430193006",
          "display": "Medication Reconciliation (procedure)"
        },
        "net": {
          "value": 453.58,
          "system": "urn:iso:std:iso:4217",
          "code": "USD"
        }
      } ]
    },
    "request": {
      "method": "POST",
      "url": "Claim"
    }
  }, {
    "fullUrl": "urn:uuid:43af6129-c747-4aa5-5adf-1826a53e0877",
    "resource": {
      "resourceType": "Encounter",
      "id": "43af6129-c747-4aa5-5adf-1826a53e0877",
      "status": "finished",
      "class": "ambulatory",
      "type": [ {
        "coding": [ {
          "system": "http://snomed.info/sct",
          "code": "410620009",
          "display": "Well child visit (procedure)"
        } ],
        "text": "Well child visit (procedure)"
      } ],
      "patient": {
        "reference": "urn:uuid:b6ea45ec-2f63-7479-ded2-46b880017771"
      },
      "participant": [ {
        "individual": {
          "reference": "Practitioner?identifier=http://hl7.org/fhir/sid/us-npi|9999958991",
          "display": "Dr. Irene779 Collado928"
        }
      } ],
      "period": {
        "start": "2024-05-05T14:53:05+00:00",
        "end": "2024-05-05T15:08:05+00:00"
      },
      "serviceProvider": {
        "reference": "Organization?identifier=https://github.com/synthetichealth/synthea|8d5880eb-1dd8-31ea-b7c5-21709f3bb341",
        "display": "MELROSE INTERNAL MEDICINE ASSOC PC"
      }
    },
    "request": {
      "method": "POST",
      "url": "Encounter"
    }
  }, {
    "fullUrl": "urn:uuid:d47bc5e8-72f4-b256-64e9-024e214fc5ab",
    "resource": {
      "resourceType": "Condition",
      "id": "d47bc5e8-72f4-b256-64e9-024e214fc5ab",
      "patient": {
        "reference": "urn:uuid:b6ea45ec-2f63-7479-ded2-46b880017771"
      },
      "encounter": {
        "reference": "urn:uuid:43af6129-c747-4aa5-5adf-1826a53e0877"
      },
      "dateRecorded": "2024-05-05",
      "code": {
        "coding": [ {
          "system": "http://snomed.info/sct",
          "code": "314529007",
          "display": "Medication review due (situation)"
        } ],
        "text": "Medication review due (situation)"
      },
      "category": {
        "coding": [ {
          "system": "http://hl7.org/fhir/condition-category",
          "code": "diagnosis"
        } ]
      },
      "clinicalStatus": "active",
      "verificationStatus": "confirmed",
      "onsetDateTime": "2024-05-05T14:53:05+00:00"
    },
    "request": {
      "method": "POST",
      "url": "Condition"
    }
  }, {
    "fullUrl": "urn:uuid:ab4c2337-321a-b3be-0568-24f0628d4c91",
    "resource": {
      "resourceType": "Observation",
      "id": "ab4c2337-321a-b3be-0568-24f0628d4c91",
      "status": "final",
      "category": {
        "coding": [ {
          "system": "http://hl7.org/fhir/observation-category",
          "code": "vital-signs",
          "display": "vital-signs"
        } ],
        "text": "vital-signs"
      },
      "code": {
        "coding": [ {
          "system": "http://loinc.org",
          "code": "8302-2",
          "display": "Body Height"
        } ],
        "text": "Body Height"
      },
      "subject": {
        "reference": "urn:uuid:b6ea45ec-2f63-7479-ded2-46b880017771"
      },
      "encounter": {
        "reference": "urn:uuid:43af6129-c747-4aa5-5adf-1826a53e0877"
      },
      "effectiveDateTime": "2024-05-05T14:53:05+00:00",
      "issued": "2024-05-05T14:53:05.821+00:00",
      "valueQuantity": {
        "value": 62.400,
        "unit": "cm",
        "system": "http://unitsofmeasure.org",
        "code": "cm"
      }
    },
    "request": {
      "method": "POST",
      "url": "Observation"
    }
  }, {
    "fullUrl": "urn:uuid:a87d8abc-c85a-4406-e556-639f8465ebbc",
    "resource": {
      "resourceType": "Observation",
      "id": "a87d8abc-c85a-4406-e556-639f8465ebbc",
      "status": "final",
      "category": {
        "coding": [ {
          "system": "http://hl7.org/fhir/observation-category",
          "code": "vital-signs",
          "display": "vital-signs"
        } ],
        "text": "vital-signs"
      },
      "code": {
        "coding": [ {
          "system": "http://loinc.org",
          "code": "72514-3",
          "display": "Pain severity - 0-10 verbal numeric rating [Score] - Reported"
        } ],
        "text": "Pain severity - 0-10 verbal numeric rating [Score] - Reported"
      },
      "subject": {
        "reference": "urn:uuid:b6ea45ec-2f63-7479-ded2-46b880017771"
      },
      "encounter": {
        "reference": "urn:uuid:43af6129-c747-4aa5-5adf-1826a53e0877"
      },
      "effectiveDateTime": "2024-05-05T14:53:05+00:00",
      "issued": "2024-05-05T14:53:05.821+00:00",
      "valueQuantity": {
        "value": 3,
        "unit": "{score}",
        "system": "http://unitsofmeasure.org",
        "code": "{score}"
      }
    },
    "request": {
      "method": "POST",
      "url": "Observation"
    }
  }, {
    "fullUrl": "urn:uuid:eabadf2b-86aa-9d37-35ed-42ce98164ac7",
    "resource": {
      "resourceType": "Observation",
      "id": "eabadf2b-86aa-9d37-35ed-42ce98164ac7",
      "status": "final",
      "category": {
        "coding": [ {
          "system": "http://hl7.org/fhir/observation-category",
          "code": "vital-signs",
          "display": "vital-signs"
        } ],
        "text": "vital-signs"
      },
      "code": {
        "coding": [ {
          "system": "http://loinc.org",
          "code": "29463-7",
          "display": "Body Weight"
        } ],
        "text": "Body Weight"
      },
      "subject": {
        "reference": "urn:uuid:b6ea45ec-2f63-7479-ded2-46b880017771"
      },
      "encounter": {
        "reference": "urn:uuid:43af6129-c747-4aa5-5adf-1826a53e0877"
      },
      "effectiveDateTime": "2024-05-05T14:53:05+00:00",
      "issued": "2024-05-05T14:53:05.821+00:00",
      "valueQuantity": {
        "value": 6.5,
        "unit": "kg",
        "system": "http://unitsofmeasure.org",
        "code": "kg"
      }
    },
    "request": {
      "method": "POST",
      "url": "Observation"
    }
  }, {
    "fullUrl": "urn:uuid:58868e6f-6f90-e0fe-820e-5fa9579e0c2a",
    "resource": {
      "resourceType": "Observation",
      "id": "58868e6f-6f90-e0fe-820e-5fa9579e0c2a",
      "status": "final",
      "category": {
        "coding": [ {
          "system": "http://hl7.org/fhir/observation-category",
          "code": "vital-signs",
          "display": "vital-signs"
        } ],
        "text": "vital-signs"
      },
      "code": {
        "coding": [ {
          "system": "http://loinc.org",
          "code": "77606-2",
          "display": "Weight-for-length Per age and sex"
        } ],
        "text": "Weight-for-length Per age and sex"
      },
      "subject": {
        "reference": "urn:uuid:b6ea45ec-2f63-7479-ded2-46b880017771"
      },
      "encounter": {
        "reference": "urn:uuid:43af6129-c747-4aa5-5adf-1826a53e0877"
      },
      "effectiveDateTime": "2024-05-05T14:53:05+00:00",
      "issued": "2024-05-05T14:53:05.821+00:00",
      "valueQuantity": {
        "value": 47.435,
        "unit": "%",
        "system": "http://unitsofmeasure.org",
        "code": "%"
      }
    },
    "request": {
      "method": "POST",
      "url": "Observation"
    }
  }, {
    "fullUrl": "urn:uuid:e113b2c9-b5ea-01e5-d8a9-a4fbe4c39f93",
    "resource": {
      "resourceType": "Observation",
      "id": "e113b2c9-b5ea-01e5-d8a9-a4fbe4c39f93",
      "status": "final",
      "category": {
        "coding": [ {
          "system": "http://hl7.org/fhir/observation-category",
          "code": "vital-signs",
          "display": "vital-signs"
        } ],
        "text": "vital-signs"
      },
      "code": {
        "coding": [ {
          "system": "http://loinc.org",
          "code": "8289-1",
          "display": "Head Occipital-frontal circumference Percentile"
        } ],
        "text": "Head Occipital-frontal circumference Percentile"
      },
      "subject": {
        "reference": "urn:uuid:b6ea45ec-2f63-7479-ded2-46b880017771"
      },
      "encounter": {
        "reference": "urn:uuid:43af6129-c747-4aa5-5adf-1826a53e0877"
      },
      "effectiveDateTime": "2024-05-05T14:53:05+00:00",
      "issued": "2024-05-05T14:53:05.821+00:00",
      "valueQuantity": {
        "value": 57.020,
        "unit": "%",
        "system": "http://unitsofmeasure.org",
        "code": "%"
      }
    },
    "request": {
      "method": "POST",
      "url": "Observation"
    }
  }, {
    "fullUrl": "urn:uuid:95d51a85-dda0-1d0f-6d90-1d0cc0b5cad1",
    "resource": {
      "resourceType": "Observation",
      "id": "95d51a85-dda0-1d0f-6d90-1d0cc0b5cad1",
      "status": "final",
      "category": {
        "coding": [ {
          "system": "http://hl7.org/fhir/observation-category",
          "code": "vital-signs",
          "display": "vital-signs"
        } ],
        "text": "vital-signs"
      },
      "code": {
        "coding": [ {
          "system": "http://loinc.org",
          "code": "9843-4",
          "display": "Head Occipital-frontal circumference"
        } ],
        "text": "Head Occipital-frontal circumference"
      },
      "subject": {
        "reference": "urn:uuid:b6ea45ec-2f63-7479-ded2-46b880017771"
      },
      "encounter": {
        "reference": "urn:uuid:43af6129-c747-4aa5-5adf-1826a53e0877"
      },
      "effectiveDateTime": "2024-05-05T14:53:05+00:00",
      "issued": "2024-05-05T14:53:05.821+00:00",
      "valueQuantity": {
        "value": 42.020,
        "unit": "cm",
        "system": "http://unitsofmeasure.org",
        "code": "cm"
      }
    },
    "request": {
      "method": "POST",
      "url": "Observation"
    }
  }, {
    "fullUrl": "urn:uuid:7b7e9969-5e0c-bff0-e4ef-f6307468ac50",
    "resource": {
      "resourceType": "Observation",
      "id": "7b7e9969-5e0c-bff0-e4ef-f6307468ac50",
      "status": "final",
      "category": {
        "coding": [ {
          "system": "http://hl7.org/fhir/observation-category",
          "code": "vital-signs",
          "display": "vital-signs"
        } ],
        "text": "vital-signs"
      },
      "code": {
        "coding": [ {
          "system": "http://loinc.org",
          "code": "85354-9",
          "display": "Blood pressure panel with all children optional"
        } ],
        "text": "Blood pressure panel with all children optional"
      },
      "subject": {
        "reference": "urn:uuid:b6ea45ec-2f63-7479-ded2-46b880017771"
      },
      "encounter": {
        "reference": "urn:uuid:43af6129-c747-4aa5-5adf-1826a53e0877"
      },
      "effectiveDateTime": "2024-05-05T14:53:05+00:00",
      "issued": "2024-05-05T14:53:05.821+00:00",
      "component": [ {
        "code": {
          "coding": [ {
            "system": "http://loinc.org",
            "code": "8462-4",
            "display": "Diastolic Blood Pressure"
          } ],
          "text": "Diastolic Blood Pressure"
        },
        "valueQuantity": {
          "value": 69,
          "unit": "mm[Hg]",
          "system": "http://unitsofmeasure.org",
          "code": "mm[Hg]"
        }
      }, {
        "code": {
          "coding": [ {
            "system": "http://loinc.org",
            "code": "8480-6",
            "display": "Systolic Blood Pressure"
          } ],
          "text": "Systolic Blood Pressure"
        },
        "valueQuantity": {
          "value": 137,
          "unit": "mm[Hg]",
          "system": "http://unitsofmeasure.org",
          "code": "mm[Hg]"
        }
      } ]
    },
    "request": {
      "method": "POST",
      "url": "Observation"
    }
  }, {
    "fullUrl": "urn:uuid:3f5a0acb-e19f-a837-fb39-679ad90f1402",
    "resource": {
      "resourceType": "Observation",
      "id": "3f5a0acb-e19f-a837-fb39-679ad90f1402",
      "status": "final",
      "category": {
        "coding": [ {
          "system": "http://hl7.org/fhir/observation-category",
          "code": "vital-signs",
          "display": "vital-signs"
        } ],
        "text": "vital-signs"
      },
      "code": {
        "coding": [ {
          "system": "http://loinc.org",
          "code": "8867-4",
          "display": "Heart rate"
        } ],
        "text": "Heart rate"
      },
      "subject": {
        "reference": "urn:uuid:b6ea45ec-2f63-7479-ded2-46b880017771"
      },
      "encounter": {
        "reference": "urn:uuid:43af6129-c747-4aa5-5adf-1826a53e0877"
      },
      "effectiveDateTime": "2024-05-05T14:53:05+00:00",
      "issued": "2024-05-05T14:53:05.821+00:00",
      "valueQuantity": {
        "value": 94,
        "unit": "/min",
        "system": "http://unitsofmeasure.org",
        "code": "/min"
      }
    },
    "request": {
      "method": "POST",
      "url": "Observation"
    }
  }, {
    "fullUrl": "urn:uuid:8c6efdab-0e3f-e4ce-dd7f-1540275ecd33",
    "resource": {
      "resourceType": "Observation",
      "id": "8c6efdab-0e3f-e4ce-dd7f-1540275ecd33",
      "status": "final",
      "category": {
        "coding": [ {
          "system": "http://hl7.org/fhir/observation-category",
          "code": "vital-signs",
          "display": "vital-signs"
        } ],
        "text": "vital-signs"
      },
      "code": {
        "coding": [ {
          "system": "http://loinc.org",
          "code": "9279-1",
          "display": "Respiratory rate"
        } ],
        "text": "Respiratory rate"
      },
      "subject": {
        "reference": "urn:uuid:b6ea45ec-2f63-7479-ded2-46b880017771"
      },
      "encounter": {
        "reference": "urn:uuid:43af6129-c747-4aa5-5adf-1826a53e0877"
      },
      "effectiveDateTime": "2024-05-05T14:53:05+00:00",
      "issued": "2024-05-05T14:53:05.821+00:00",
      "valueQuantity": {
        "value": 14,
        "unit": "/min",
        "system": "http://unitsofmeasure.org",
        "code": "/min"
      }
    },
    "request": {
      "method": "POST",
      "url": "Observation"
    }
  }, {
    "fullUrl": "urn:uuid:909d2753-9922-7354-934a-57e06ebf4e35",
    "resource": {
      "resourceType": "Observation",
      "id": "909d2753-9922-7354-934a-57e06ebf4e35",
      "status": "final",
      "category": {
        "coding": [ {
          "system": "http://hl7.org/fhir/observation-category",
          "code": "social-history",
          "display": "social-history"
        } ],
        "text": "social-history"
      },
      "code": {
        "coding": [ {
          "system": "http://loinc.org",
          "code": "72166-2",
          "display": "Tobacco smoking status"
        } ],
        "text": "Tobacco smoking status"
      },
      "subject": {
        "reference": "urn:uuid:b6ea45ec-2f63-7479-ded2-46b880017771"
      },
      "encounter": {
        "reference": "urn:uuid:43af6129-c747-4aa5-5adf-1826a53e0877"
      },
      "effectiveDateTime": "2024-05-05T14:53:05+00:00",
      "issued": "2024-05-05T14:53:05.821+00:00",
      "valueCodeableConcept": {
        "coding": [ {
          "system": "http://snomed.info/sct",
          "code": "266919005",
          "display": "Never smoked tobacco (finding)"
        } ],
        "text": "Never smoked tobacco (finding)"
      }
    },
    "request": {
      "method": "POST",
      "url": "Observation"
    }
  }, {
    "fullUrl": "urn:uuid:64eb100d-21d0-4bf4-01cd-dfbd64e754cc",
    "resource": {
      "resourceType": "Immunization",
      "id": "64eb100d-21d0-4bf4-01cd-dfbd64e754cc",
      "status": "completed",
      "date": "2024-05-05T14:53:05+00:00",
      "vaccineCode": {
        "coding": [ {
          "system": "http://hl7.org/fhir/sid/cvx",
          "code": "49",
          "display": "Hib (PRP-OMP)"
        } ],
        "text": "Hib (PRP-OMP)"
      },
      "patient": {
        "reference": "urn:uuid:b6ea45ec-2f63-7479-ded2-46b880017771"
      },
      "wasNotGiven": false,
      "reported": false,
      "encounter": {
        "reference": "urn:uuid:43af6129-c747-4aa5-5adf-1826a53e0877"
      }
    },
    "request": {
      "method": "POST",
      "url": "Immunization"
    }
  }, {
    "fullUrl": "urn:uuid:44ea0cf6-86f7-fa8b-d935-0045f1be2e66",
    "resource": {
      "resourceType": "Immunization",
      "id": "44ea0cf6-86f7-fa8b-d935-0045f1be2e66",
      "status": "completed",
      "date": "2024-05-05T14:53:05+00:00",
      "vaccineCode": {
        "coding": [ {
          "system": "http://hl7.org/fhir/sid/cvx",
          "code": "119",
          "display": "rotavirus, monovalent"
        } ],
        "text": "rotavirus, monovalent"
      },
      "patient": {
        "reference": "urn:uuid:b6ea45ec-2f63-7479-ded2-46b880017771"
      },
      "wasNotGiven": false,
      "reported": false,
      "encounter": {
        "reference": "urn:uuid:43af6129-c747-4aa5-5adf-1826a53e0877"
      }
    },
    "request": {
      "method": "POST",
      "url": "Immunization"
    }
  }, {
    "fullUrl": "urn:uuid:23572ca7-ceff-5896-583c-609d48ce58d2",
    "resource": {
      "resourceType": "Immunization",
      "id": "23572ca7-ceff-5896-583c-609d48ce58d2",
      "status": "completed",
      "date": "2024-05-05T14:53:05+00:00",
      "vaccineCode": {
        "coding": [ {
          "system": "http://hl7.org/fhir/sid/cvx",
          "code": "10",
          "display": "IPV"
        } ],
        "text": "IPV"
      },
      "patient": {
        "reference": "urn:uuid:b6ea45ec-2f63-7479-ded2-46b880017771"
      },
      "wasNotGiven": false,
      "reported": false,
      "encounter": {
        "reference": "urn:uuid:43af6129-c747-4aa5-5adf-1826a53e0877"
      }
    },
    "request": {
      "method": "POST",
      "url": "Immunization"
    }
  }, {
    "fullUrl": "urn:uuid:981b72f3-5cb0-97b1-75e8-4566401bce4f",
    "resource": {
      "resourceType": "Immunization",
      "id": "981b72f3-5cb0-97b1-75e8-4566401bce4f",
      "status": "completed",
      "date": "2024-05-05T14:53:05+00:00",
      "vaccineCode": {
        "coding": [ {
          "system": "http://hl7.org/fhir/sid/cvx",
          "code": "20",
          "display": "DTaP"
        } ],
        "text": "DTaP"
      },
      "patient": {
        "reference": "urn:uuid:b6ea45ec-2f63-7479-ded2-46b880017771"
      },
      "wasNotGiven": false,
      "reported": false,
      "encounter": {
        "reference": "urn:uuid:43af6129-c747-4aa5-5adf-1826a53e0877"
      }
    },
    "request": {
      "method": "POST",
      "url": "Immunization"
    }
  }, {
    "fullUrl": "urn:uuid:6e9cfa52-88d5-6be3-13a5-f0032b672d33",
    "resource": {
      "resourceType": "Immunization",
      "id": "6e9cfa52-88d5-6be3-13a5-f0032b672d33",
      "status": "completed",
      "date": "2024-05-05T14:53:05+00:00",
      "vaccineCode": {
        "coding": [ {
          "system": "http://hl7.org/fhir/sid/cvx",
          "code": "133",
          "display": "Pneumococcal conjugate PCV 13"
        } ],
        "text": "Pneumococcal conjugate PCV 13"
      },
      "patient": {
        "reference": "urn:uuid:b6ea45ec-2f63-7479-ded2-46b880017771"
      },
      "wasNotGiven": false,
      "reported": false,
      "encounter": {
        "reference": "urn:uuid:43af6129-c747-4aa5-5adf-1826a53e0877"
      }
    },
    "request": {
      "method": "POST",
      "url": "Immunization"
    }
  }, {
    "fullUrl": "urn:uuid:e3f7f70e-0022-208e-81c1-c778869d31c4",
    "resource": {
      "resourceType": "Claim",
      "id": "e3f7f70e-0022-208e-81c1-c778869d31c4",
      "type": "institutional",
      "organization": {
        "reference": "Organization?identifier=https://github.com/synthetichealth/synthea|8d5880eb-1dd8-31ea-b7c5-21709f3bb341",
        "display": "MELROSE INTERNAL MEDICINE ASSOC PC"
      },
      "use": "complete",
      "diagnosis": [ {
        "sequence": 1,
        "diagnosis": {
          "system": "http://snomed.info/sct",
          "code": "314529007",
          "display": "Medication review due (situation)"
        }
      } ],
      "patient": {
        "reference": "urn:uuid:b6ea45ec-2f63-7479-ded2-46b880017771"
      },
      "item": [ {
        "sequence": 1,
        "type": {
          "system": "http://hl7.org/fhir/v3/ActCode",
          "code": "CSINV",
          "display": "clinical service invoice"
        },
        "service": {
          "system": "http://snomed.info/sct",
          "code": "410620009",
          "display": "Well child visit (procedure)"
        }
      }, {
        "sequence": 2,
        "type": {
          "system": "http://hl7.org/fhir/v3/ActCode",
          "code": "CSINV",
          "display": "clinical service invoice"
        },
        "service": {
          "system": "http://hl7.org/fhir/sid/cvx",
          "code": "49",
          "display": "Hib (PRP-OMP)"
        },
        "net": {
          "value": 136.00,
          "system": "urn:iso:std:iso:4217",
          "code": "USD"
        }
      }, {
        "sequence": 3,
        "type": {
          "system": "http://hl7.org/fhir/v3/ActCode",
          "code": "CSINV",
          "display": "clinical service invoice"
        },
        "service": {
          "system": "http://hl7.org/fhir/sid/cvx",
          "code": "119",
          "display": "rotavirus, monovalent"
        },
        "net": {
          "value": 136.00,
          "system": "urn:iso:std:iso:4217",
          "code": "USD"
        }
      }, {
        "sequence": 4,
        "type": {
          "system": "http://hl7.org/fhir/v3/ActCode",
          "code": "CSINV",
          "display": "clinical service invoice"
        },
        "service": {
          "system": "http://hl7.org/fhir/sid/cvx",
          "code": "10",
          "display": "IPV"
        },
        "net": {
          "value": 136.00,
          "system": "urn:iso:std:iso:4217",
          "code": "USD"
        }
      }, {
        "sequence": 5,
        "type": {
          "system": "http://hl7.org/fhir/v3/ActCode",
          "code": "CSINV",
          "display": "clinical service invoice"
        },
        "service": {
          "system": "http://hl7.org/fhir/sid/cvx",
          "code": "20",
          "display": "DTaP"
        },
        "net": {
          "value": 136.00,
          "system": "urn:iso:std:iso:4217",
          "code": "USD"
        }
      }, {
        "sequence": 6,
        "type": {
          "system": "http://hl7.org/fhir/v3/ActCode",
          "code": "CSINV",
          "display": "clinical service invoice"
        },
        "service": {
          "system": "http://hl7.org/fhir/sid/cvx",
          "code": "133",
          "display": "Pneumococcal conjugate PCV 13"
        },
        "net": {
          "value": 136.00,
          "system": "urn:iso:std:iso:4217",
          "code": "USD"
        }
      } ]
    },
    "request": {
      "method": "POST",
      "url": "Claim"
    }
  }, {
    "fullUrl": "urn:uuid:b29ccec4-3b57-ddfa-d943-925064caa1db",
    "resource": {
      "resourceType": "Encounter",
      "id": "b29ccec4-3b57-ddfa-d943-925064caa1db",
      "status": "finished",
      "class": "ambulatory",
      "type": [ {
        "coding": [ {
          "system": "http://snomed.info/sct",
          "code": "410620009",
          "display": "Well child visit (procedure)"
        } ],
        "text": "Well child visit (procedure)"
      } ],
      "patient": {
        "reference": "urn:uuid:b6ea45ec-2f63-7479-ded2-46b880017771"
      },
      "participant": [ {
        "individual": {
          "reference": "Practitioner?identifier=http://hl7.org/fhir/sid/us-npi|9999958991",
          "display": "Dr. Irene779 Collado928"
        }
      } ],
      "period": {
        "start": "2024-07-07T14:53:05+00:00",
        "end": "2024-07-07T15:08:05+00:00"
      },
      "serviceProvider": {
        "reference": "Organization?identifier=https://github.com/synthetichealth/synthea|8d5880eb-1dd8-31ea-b7c5-21709f3bb341",
        "display": "MELROSE INTERNAL MEDICINE ASSOC PC"
      }
    },
    "request": {
      "method": "POST",
      "url": "Encounter"
    }
  }, {
    "fullUrl": "urn:uuid:ecd28850-7c0e-0787-225d-128f3a0de7aa",
    "resource": {
      "resourceType": "Observation",
      "id": "ecd28850-7c0e-0787-225d-128f3a0de7aa",
      "status": "final",
      "category": {
        "coding": [ {
          "system": "http://hl7.org/fhir/observation-category",
          "code": "vital-signs",
          "display": "vital-signs"
        } ],
        "text": "vital-signs"
      },
      "code": {
        "coding": [ {
          "system": "http://loinc.org",
          "code": "8302-2",
          "display": "Body Height"
        } ],
        "text": "Body Height"
      },
      "subject": {
        "reference": "urn:uuid:b6ea45ec-2f63-7479-ded2-46b880017771"
      },
      "encounter": {
        "reference": "urn:uuid:b29ccec4-3b57-ddfa-d943-925064caa1db"
      },
      "effectiveDateTime": "2024-07-07T14:53:05+00:00",
      "issued": "2024-07-07T14:53:05.821+00:00",
      "valueQuantity": {
        "value": 66.5,
        "unit": "cm",
        "system": "http://unitsofmeasure.org",
        "code": "cm"
      }
    },
    "request": {
      "method": "POST",
      "url": "Observation"
    }
  }, {
    "fullUrl": "urn:uuid:eccb501e-8fb9-2faa-6a2b-9a57921a2d33",
    "resource": {
      "resourceType": "Observation",
      "id": "eccb501e-8fb9-2faa-6a2b-9a57921a2d33",
      "status": "final",
      "category": {
        "coding": [ {
          "system": "http://hl7.org/fhir/observation-category",
          "code": "vital-signs",
          "display": "vital-signs"
        } ],
        "text": "vital-signs"
      },
      "code": {
        "coding": [ {
          "system": "http://loinc.org",
          "code": "72514-3",
          "display": "Pain severity - 0-10 verbal numeric rating [Score] - Reported"
        } ],
        "text": "Pain severity - 0-10 verbal numeric rating [Score] - Reported"
      },
      "subject": {
        "reference": "urn:uuid:b6ea45ec-2f63-7479-ded2-46b880017771"
      },
      "encounter": {
        "reference": "urn:uuid:b29ccec4-3b57-ddfa-d943-925064caa1db"
      },
      "effectiveDateTime": "2024-07-07T14:53:05+00:00",
      "issued": "2024-07-07T14:53:05.821+00:00",
      "valueQuantity": {
        "value": 3,
        "unit": "{score}",
        "system": "http://unitsofmeasure.org",
        "code": "{score}"
      }
    },
    "request": {
      "method": "POST",
      "url": "Observation"
    }
  }, {
    "fullUrl": "urn:uuid:32cca063-bdb7-ed8b-2480-8901c3e488a3",
    "resource": {
      "resourceType": "Observation",
      "id": "32cca063-bdb7-ed8b-2480-8901c3e488a3",
      "status": "final",
      "category": {
        "coding": [ {
          "system": "http://hl7.org/fhir/observation-category",
          "code": "vital-signs",
          "display": "vital-signs"
        } ],
        "text": "vital-signs"
      },
      "code": {
        "coding": [ {
          "system": "http://loinc.org",
          "code": "29463-7",
          "display": "Body Weight"
        } ],
        "text": "Body Weight"
      },
      "subject": {
        "reference": "urn:uuid:b6ea45ec-2f63-7479-ded2-46b880017771"
      },
      "encounter": {
        "reference": "urn:uuid:b29ccec4-3b57-ddfa-d943-925064caa1db"
      },
      "effectiveDateTime": "2024-07-07T14:53:05+00:00",
      "issued": "2024-07-07T14:53:05.821+00:00",
      "valueQuantity": {
        "value": 7.7000,
        "unit": "kg",
        "system": "http://unitsofmeasure.org",
        "code": "kg"
      }
    },
    "request": {
      "method": "POST",
      "url": "Observation"
    }
  }, {
    "fullUrl": "urn:uuid:3f2d9245-03b1-70dc-5b22-6de67f17fdd1",
    "resource": {
      "resourceType": "Observation",
      "id": "3f2d9245-03b1-70dc-5b22-6de67f17fdd1",
      "status": "final",
      "category": {
        "coding": [ {
          "system": "http://hl7.org/fhir/observation-category",
          "code": "vital-signs",
          "display": "vital-signs"
        } ],
        "text": "vital-signs"
      },
      "code": {
        "coding": [ {
          "system": "http://loinc.org",
          "code": "77606-2",
          "display": "Weight-for-length Per age and sex"
        } ],
        "text": "Weight-for-length Per age and sex"
      },
      "subject": {
        "reference": "urn:uuid:b6ea45ec-2f63-7479-ded2-46b880017771"
      },
      "encounter": {
        "reference": "urn:uuid:b29ccec4-3b57-ddfa-d943-925064caa1db"
      },
      "effectiveDateTime": "2024-07-07T14:53:05+00:00",
      "issued": "2024-07-07T14:53:05.821+00:00",
      "valueQuantity": {
        "value": 43.053,
        "unit": "%",
        "system": "http://unitsofmeasure.org",
        "code": "%"
      }
    },
    "request": {
      "method": "POST",
      "url": "Observation"
    }
  }, {
    "fullUrl": "urn:uuid:6ee72559-4572-5db9-cbcf-89525bd06beb",
    "resource": {
      "resourceType": "Observation",
      "id": "6ee72559-4572-5db9-cbcf-89525bd06beb",
      "status": "final",
      "category": {
        "coding": [ {
          "system": "http://hl7.org/fhir/observation-category",
          "code": "vital-signs",
          "display": "vital-signs"
        } ],
        "text": "vital-signs"
      },
      "code": {
        "coding": [ {
          "system": "http://loinc.org",
          "code": "8289-1",
          "display": "Head Occipital-frontal circumference Percentile"
        } ],
        "text": "Head Occipital-frontal circumference Percentile"
      },
      "subject": {
        "reference": "urn:uuid:b6ea45ec-2f63-7479-ded2-46b880017771"
      },
      "encounter": {
        "reference": "urn:uuid:b29ccec4-3b57-ddfa-d943-925064caa1db"
      },
      "effectiveDateTime": "2024-07-07T14:53:05+00:00",
      "issued": "2024-07-07T14:53:05.821+00:00",
      "valueQuantity": {
        "value": 57.020,
        "unit": "%",
        "system": "http://unitsofmeasure.org",
        "code": "%"
      }
    },
    "request": {
      "method": "POST",
      "url": "Observation"
    }
  }, {
    "fullUrl": "urn:uuid:ddc23cac-2a50-a23d-9f04-f0c1bb150455",
    "resource": {
      "resourceType": "Observation",
      "id": "ddc23cac-2a50-a23d-9f04-f0c1bb150455",
      "status": "final",
      "category": {
        "coding": [ {
          "system": "http://hl7.org/fhir/observation-category",
          "code": "vital-signs",
          "display": "vital-signs"
        } ],
        "text": "vital-signs"
      },
      "code": {
        "coding": [ {
          "system": "http://loinc.org",
          "code": "9843-4",
          "display": "Head Occipital-frontal circumference"
        } ],
        "text": "Head Occipital-frontal circumference"
      },
      "subject": {
        "reference": "urn:uuid:b6ea45ec-2f63-7479-ded2-46b880017771"
      },
      "encounter": {
        "reference": "urn:uuid:b29ccec4-3b57-ddfa-d943-925064caa1db"
      },
      "effectiveDateTime": "2024-07-07T14:53:05+00:00",
      "issued": "2024-07-07T14:53:05.821+00:00",
      "valueQuantity": {
        "value": 43.640,
        "unit": "cm",
        "system": "http://unitsofmeasure.org",
        "code": "cm"
      }
    },
    "request": {
      "method": "POST",
      "url": "Observation"
    }
  }, {
    "fullUrl": "urn:uuid:80e3ff77-895e-fe2e-7527-2cde977b8d43",
    "resource": {
      "resourceType": "Observation",
      "id": "80e3ff77-895e-fe2e-7527-2cde977b8d43",
      "status": "final",
      "category": {
        "coding": [ {
          "system": "http://hl7.org/fhir/observation-category",
          "code": "vital-signs",
          "display": "vital-signs"
        } ],
        "text": "vital-signs"
      },
      "code": {
        "coding": [ {
          "system": "http://loinc.org",
          "code": "85354-9",
          "display": "Blood pressure panel with all children optional"
        } ],
        "text": "Blood pressure panel with all children optional"
      },
      "subject": {
        "reference": "urn:uuid:b6ea45ec-2f63-7479-ded2-46b880017771"
      },
      "encounter": {
        "reference": "urn:uuid:b29ccec4-3b57-ddfa-d943-925064caa1db"
      },
      "effectiveDateTime": "2024-07-07T14:53:05+00:00",
      "issued": "2024-07-07T14:53:05.821+00:00",
      "component": [ {
        "code": {
          "coding": [ {
            "system": "http://loinc.org",
            "code": "8462-4",
            "display": "Diastolic Blood Pressure"
          } ],
          "text": "Diastolic Blood Pressure"
        },
        "valueQuantity": {
          "value": 69,
          "unit": "mm[Hg]",
          "system": "http://unitsofmeasure.org",
          "code": "mm[Hg]"
        }
      }, {
        "code": {
          "coding": [ {
            "system": "http://loinc.org",
            "code": "8480-6",
            "display": "Systolic Blood Pressure"
          } ],
          "text": "Systolic Blood Pressure"
        },
        "valueQuantity": {
          "value": 116,
          "unit": "mm[Hg]",
          "system": "http://unitsofmeasure.org",
          "code": "mm[Hg]"
        }
      } ]
    },
    "request": {
      "method": "POST",
      "url": "Observation"
    }
  }, {
    "fullUrl": "urn:uuid:7c0f4403-7c26-7311-0dea-6b540df13411",
    "resource": {
      "resourceType": "Observation",
      "id": "7c0f4403-7c26-7311-0dea-6b540df13411",
      "status": "final",
      "category": {
        "coding": [ {
          "system": "http://hl7.org/fhir/observation-category",
          "code": "vital-signs",
          "display": "vital-signs"
        } ],
        "text": "vital-signs"
      },
      "code": {
        "coding": [ {
          "system": "http://loinc.org",
          "code": "8867-4",
          "display": "Heart rate"
        } ],
        "text": "Heart rate"
      },
      "subject": {
        "reference": "urn:uuid:b6ea45ec-2f63-7479-ded2-46b880017771"
      },
      "encounter": {
        "reference": "urn:uuid:b29ccec4-3b57-ddfa-d943-925064caa1db"
      },
      "effectiveDateTime": "2024-07-07T14:53:05+00:00",
      "issued": "2024-07-07T14:53:05.821+00:00",
      "valueQuantity": {
        "value": 70,
        "unit": "/min",
        "system": "http://unitsofmeasure.org",
        "code": "/min"
      }
    },
    "request": {
      "method": "POST",
      "url": "Observation"
    }
  }, {
    "fullUrl": "urn:uuid:6eb6f0c4-91e5-be6f-5f5f-a10d9b472661",
    "resource": {
      "resourceType": "Observation",
      "id": "6eb6f0c4-91e5-be6f-5f5f-a10d9b472661",
      "status": "final",
      "category": {
        "coding": [ {
          "system": "http://hl7.org/fhir/observation-category",
          "code": "vital-signs",
          "display": "vital-signs"
        } ],
        "text": "vital-signs"
      },
      "code": {
        "coding": [ {
          "system": "http://loinc.org",
          "code": "9279-1",
          "display": "Respiratory rate"
        } ],
        "text": "Respiratory rate"
      },
      "subject": {
        "reference": "urn:uuid:b6ea45ec-2f63-7479-ded2-46b880017771"
      },
      "encounter": {
        "reference": "urn:uuid:b29ccec4-3b57-ddfa-d943-925064caa1db"
      },
      "effectiveDateTime": "2024-07-07T14:53:05+00:00",
      "issued": "2024-07-07T14:53:05.821+00:00",
      "valueQuantity": {
        "value": 14,
        "unit": "/min",
        "system": "http://unitsofmeasure.org",
        "code": "/min"
      }
    },
    "request": {
      "method": "POST",
      "url": "Observation"
    }
  }, {
    "fullUrl": "urn:uuid:c0c89cde-4f47-110b-9112-8687de2d3eda",
    "resource": {
      "resourceType": "Observation",
      "id": "c0c89cde-4f47-110b-9112-8687de2d3eda",
      "status": "final",
      "category": {
        "coding": [ {
          "system": "http://hl7.org/fhir/observation-category",
          "code": "social-history",
          "display": "social-history"
        } ],
        "text": "social-history"
      },
      "code": {
        "coding": [ {
          "system": "http://loinc.org",
          "code": "72166-2",
          "display": "Tobacco smoking status"
        } ],
        "text": "Tobacco smoking status"
      },
      "subject": {
        "reference": "urn:uuid:b6ea45ec-2f63-7479-ded2-46b880017771"
      },
      "encounter": {
        "reference": "urn:uuid:b29ccec4-3b57-ddfa-d943-925064caa1db"
      },
      "effectiveDateTime": "2024-07-07T14:53:05+00:00",
      "issued": "2024-07-07T14:53:05.821+00:00",
      "valueCodeableConcept": {
        "coding": [ {
          "system": "http://snomed.info/sct",
          "code": "266919005",
          "display": "Never smoked tobacco (finding)"
        } ],
        "text": "Never smoked tobacco (finding)"
      }
    },
    "request": {
      "method": "POST",
      "url": "Observation"
    }
  }, {
    "fullUrl": "urn:uuid:1ec543ab-57f0-6d19-4f6e-baebbc6000b9",
    "resource": {
      "resourceType": "Immunization",
      "id": "1ec543ab-57f0-6d19-4f6e-baebbc6000b9",
      "status": "completed",
      "date": "2024-07-07T14:53:05+00:00",
      "vaccineCode": {
        "coding": [ {
          "system": "http://hl7.org/fhir/sid/cvx",
          "code": "49",
          "display": "Hib (PRP-OMP)"
        } ],
        "text": "Hib (PRP-OMP)"
      },
      "patient": {
        "reference": "urn:uuid:b6ea45ec-2f63-7479-ded2-46b880017771"
      },
      "wasNotGiven": false,
      "reported": false,
      "encounter": {
        "reference": "urn:uuid:b29ccec4-3b57-ddfa-d943-925064caa1db"
      }
    },
    "request": {
      "method": "POST",
      "url": "Immunization"
    }
  }, {
    "fullUrl": "urn:uuid:90bad487-8925-dd45-cd37-f1a9a61bfaa9",
    "resource": {
      "resourceType": "Immunization",
      "id": "90bad487-8925-dd45-cd37-f1a9a61bfaa9",
      "status": "completed",
      "date": "2024-07-07T14:53:05+00:00",
      "vaccineCode": {
        "coding": [ {
          "system": "http://hl7.org/fhir/sid/cvx",
          "code": "119",
          "display": "rotavirus, monovalent"
        } ],
        "text": "rotavirus, monovalent"
      },
      "patient": {
        "reference": "urn:uuid:b6ea45ec-2f63-7479-ded2-46b880017771"
      },
      "wasNotGiven": false,
      "reported": false,
      "encounter": {
        "reference": "urn:uuid:b29ccec4-3b57-ddfa-d943-925064caa1db"
      }
    },
    "request": {
      "method": "POST",
      "url": "Immunization"
    }
  }, {
    "fullUrl": "urn:uuid:386a7b70-d948-6c27-0621-3b0c2d4d6905",
    "resource": {
      "resourceType": "Immunization",
      "id": "386a7b70-d948-6c27-0621-3b0c2d4d6905",
      "status": "completed",
      "date": "2024-07-07T14:53:05+00:00",
      "vaccineCode": {
        "coding": [ {
          "system": "http://hl7.org/fhir/sid/cvx",
          "code": "10",
          "display": "IPV"
        } ],
        "text": "IPV"
      },
      "patient": {
        "reference": "urn:uuid:b6ea45ec-2f63-7479-ded2-46b880017771"
      },
      "wasNotGiven": false,
      "reported": false,
      "encounter": {
        "reference": "urn:uuid:b29ccec4-3b57-ddfa-d943-925064caa1db"
      }
    },
    "request": {
      "method": "POST",
      "url": "Immunization"
    }
  }, {
    "fullUrl": "urn:uuid:f59a7c7d-7f9f-7525-b896-eaaa5c1e3725",
    "resource": {
      "resourceType": "Immunization",
      "id": "f59a7c7d-7f9f-7525-b896-eaaa5c1e3725",
      "status": "completed",
      "date": "2024-07-07T14:53:05+00:00",
      "vaccineCode": {
        "coding": [ {
          "system": "http://hl7.org/fhir/sid/cvx",
          "code": "20",
          "display": "DTaP"
        } ],
        "text": "DTaP"
      },
      "patient": {
        "reference": "urn:uuid:b6ea45ec-2f63-7479-ded2-46b880017771"
      },
      "wasNotGiven": false,
      "reported": false,
      "encounter": {
        "reference": "urn:uuid:b29ccec4-3b57-ddfa-d943-925064caa1db"
      }
    },
    "request": {
      "method": "POST",
      "url": "Immunization"
    }
  }, {
    "fullUrl": "urn:uuid:4a8a97ad-63cd-58ba-9b48-628261f84f66",
    "resource": {
      "resourceType": "Immunization",
      "id": "4a8a97ad-63cd-58ba-9b48-628261f84f66",
      "status": "completed",
      "date": "2024-07-07T14:53:05+00:00",
      "vaccineCode": {
        "coding": [ {
          "system": "http://hl7.org/fhir/sid/cvx",
          "code": "133",
          "display": "Pneumococcal conjugate PCV 13"
        } ],
        "text": "Pneumococcal conjugate PCV 13"
      },
      "patient": {
        "reference": "urn:uuid:b6ea45ec-2f63-7479-ded2-46b880017771"
      },
      "wasNotGiven": false,
      "reported": false,
      "encounter": {
        "reference": "urn:uuid:b29ccec4-3b57-ddfa-d943-925064caa1db"
      }
    },
    "request": {
      "method": "POST",
      "url": "Immunization"
    }
  }, {
    "fullUrl": "urn:uuid:695c04bf-bdc5-7669-5bec-ce6281adf3b9",
    "resource": {
      "resourceType": "Claim",
      "id": "695c04bf-bdc5-7669-5bec-ce6281adf3b9",
      "type": "institutional",
      "organization": {
        "reference": "Organization?identifier=https://github.com/synthetichealth/synthea|8d5880eb-1dd8-31ea-b7c5-21709f3bb341",
        "display": "MELROSE INTERNAL MEDICINE ASSOC PC"
      },
      "use": "complete",
      "patient": {
        "reference": "urn:uuid:b6ea45ec-2f63-7479-ded2-46b880017771"
      },
      "item": [ {
        "sequence": 1,
        "type": {
          "system": "http://hl7.org/fhir/v3/ActCode",
          "code": "CSINV",
          "display": "clinical service invoice"
        },
        "service": {
          "system": "http://snomed.info/sct",
          "code": "410620009",
          "display": "Well child visit (procedure)"
        }
      }, {
        "sequence": 2,
        "type": {
          "system": "http://hl7.org/fhir/v3/ActCode",
          "code": "CSINV",
          "display": "clinical service invoice"
        },
        "service": {
          "system": "http://hl7.org/fhir/sid/cvx",
          "code": "49",
          "display": "Hib (PRP-OMP)"
        },
        "net": {
          "value": 136.00,
          "system": "urn:iso:std:iso:4217",
          "code": "USD"
        }
      }, {
        "sequence": 3,
        "type": {
          "system": "http://hl7.org/fhir/v3/ActCode",
          "code": "CSINV",
          "display": "clinical service invoice"
        },
        "service": {
          "system": "http://hl7.org/fhir/sid/cvx",
          "code": "119",
          "display": "rotavirus, monovalent"
        },
        "net": {
          "value": 136.00,
          "system": "urn:iso:std:iso:4217",
          "code": "USD"
        }
      }, {
        "sequence": 4,
        "type": {
          "system": "http://hl7.org/fhir/v3/ActCode",
          "code": "CSINV",
          "display": "clinical service invoice"
        },
        "service": {
          "system": "http://hl7.org/fhir/sid/cvx",
          "code": "10",
          "display": "IPV"
        },
        "net": {
          "value": 136.00,
          "system": "urn:iso:std:iso:4217",
          "code": "USD"
        }
      }, {
        "sequence": 5,
        "type": {
          "system": "http://hl7.org/fhir/v3/ActCode",
          "code": "CSINV",
          "display": "clinical service invoice"
        },
        "service": {
          "system": "http://hl7.org/fhir/sid/cvx",
          "code": "20",
          "display": "DTaP"
        },
        "net": {
          "value": 136.00,
          "system": "urn:iso:std:iso:4217",
          "code": "USD"
        }
      }, {
        "sequence": 6,
        "type": {
          "system": "http://hl7.org/fhir/v3/ActCode",
          "code": "CSINV",
          "display": "clinical service invoice"
        },
        "service": {
          "system": "http://hl7.org/fhir/sid/cvx",
          "code": "133",
          "display": "Pneumococcal conjugate PCV 13"
        },
        "net": {
          "value": 136.00,
          "system": "urn:iso:std:iso:4217",
          "code": "USD"
        }
      } ]
    },
    "request": {
      "method": "POST",
      "url": "Claim"
    }
  } ]
}
