{
  "resourceType": "Bundle",
  "type": "transaction",
  "entry": [ {
    "fullUrl": "urn:uuid:554524f8-0f2b-f145-c3cb-a10377ceeaba",
    "resource": {
      "resourceType": "Patient",
      "id": "554524f8-0f2b-f145-c3cb-a10377ceeaba",
      "text": {
        "status": "generated",
        "div": "<div xmlns=\"http://www.w3.org/1999/xhtml\">Generated by <a href=\"https://github.com/synthetichealth/synthea\">Synthea</a>.Version identifier: eeb6539\n .   Person seed: -8080212354724371472  Population seed: 1725538292770</div>"
      },
      "extension": [ {
        "url": "http://hl7.org/fhir/StructureDefinition/us-core-race",
        "valueCodeableConcept": {
          "coding": [ {
            "system": "http://hl7.org/fhir/v3/Race",
            "code": "2106-3",
            "display": "White"
          } ],
          "text": "White"
        }
      }, {
        "url": "http://hl7.org/fhir/StructureDefinition/us-core-ethnicity",
        "valueCodeableConcept": {
          "coding": [ {
            "system": "http://hl7.org/fhir/v3/Ethnicity",
            "code": "2186-5",
            "display": "Not Hispanic or Latino"
          } ],
          "text": "Not Hispanic or Latino"
        }
      }, {
        "url": "http://hl7.org/fhir/StructureDefinition/patient-mothersMaidenName",
        "valueString": "Hortensia953 Walsh511"
      }, {
        "url": "http://hl7.org/fhir/us/core/StructureDefinition/us-core-birthsex",
        "valueCode": "M"
      }, {
        "url": "http://hl7.org/fhir/StructureDefinition/birthPlace",
        "valueAddress": {
          "city": "Dennis",
          "state": "Massachusetts",
          "country": "US"
        }
      }, {
        "url": "http://synthetichealth.github.io/synthea/disability-adjusted-life-years",
        "valueDecimal": 0.0
      }, {
        "url": "http://synthetichealth.github.io/synthea/quality-adjusted-life-years",
        "valueDecimal": 0.0
      } ],
      "identifier": [ {
        "system": "https://github.com/synthetichealth/synthea",
        "value": "554524f8-0f2b-f145-c3cb-a10377ceeaba"
      }, {
        "type": {
          "coding": [ {
            "system": "http://hl7.org/fhir/v2/0203",
            "code": "MR"
          } ]
        },
        "system": "http://hospital.smarthealthit.org",
        "value": "554524f8-0f2b-f145-c3cb-a10377ceeaba"
      }, {
        "type": {
          "coding": [ {
            "system": "http://hl7.org/fhir/identifier-type",
            "code": "SB"
          } ]
        },
        "system": "http://hl7.org/fhir/sid/us-ssn",
        "value": "999-19-6526"
      } ],
      "name": [ {
        "use": "official",
        "family": [ "Cole117" ],
        "given": [ "Cliff504", "Dino214" ]
      } ],
      "telecom": [ {
        "system": "phone",
        "value": "555-852-2121",
        "use": "home"
      } ],
      "gender": "male",
      "birthDate": "2024-03-01",
      "address": [ {
        "extension": [ {
          "url": "http://hl7.org/fhir/StructureDefinition/geolocation",
          "extension": [ {
            "url": "latitude",
            "valueDecimal": 41.682182544300886
          }, {
            "url": "longitude",
            "valueDecimal": -70.14269209201424
          } ]
        } ],
        "line": [ "171 Kirlin Flat" ],
        "city": "Northwest Harwich",
        "state": "Massachusetts",
        "postalCode": "00000",
        "country": "US"
      } ],
      "maritalStatus": {
        "coding": [ {
          "system": "http://hl7.org/fhir/v3/MaritalStatus",
          "code": "S"
        } ]
      },
      "multipleBirthBoolean": false,
      "communication": [ {
        "language": {
          "coding": [ {
            "system": "urn:ietf:bcp:47",
            "code": "en-US",
            "display": "English (United States)"
          } ],
          "text": "English (United States)"
        }
      } ]
    },
    "request": {
      "method": "POST",
      "url": "Patient"
    }
  }, {
    "fullUrl": "urn:uuid:446ca26e-1b2b-1782-366b-5298ec161e05",
    "resource": {
      "resourceType": "Encounter",
      "id": "446ca26e-1b2b-1782-366b-5298ec161e05",
      "status": "finished",
      "class": "ambulatory",
      "type": [ {
        "coding": [ {
          "system": "http://snomed.info/sct",
          "code": "410620009",
          "display": "Well child visit (procedure)"
        } ],
        "text": "Well child visit (procedure)"
      } ],
      "patient": {
        "reference": "urn:uuid:554524f8-0f2b-f145-c3cb-a10377ceeaba"
      },
      "participant": [ {
        "individual": {
          "reference": "Practitioner?identifier=http://hl7.org/fhir/sid/us-npi|9999945790",
          "display": "Dr. Will178 Bernhard322"
        }
      } ],
      "period": {
        "start": "2024-03-01T17:36:50+00:00",
        "end": "2024-03-01T17:51:50+00:00"
      },
      "serviceProvider": {
        "reference": "Organization?identifier=https://github.com/synthetichealth/synthea|0d24cc89-3256-330c-b36d-d8de8babef84",
        "display": "CAPE COD HEALTHCARE PHYSICIANS"
      }
    },
    "request": {
      "method": "POST",
      "url": "Encounter"
    }
  }, {
    "fullUrl": "urn:uuid:15aa5e7c-1bad-ffc5-6b53-3079dbc401e2",
    "resource": {
      "resourceType": "Condition",
      "id": "15aa5e7c-1bad-ffc5-6b53-3079dbc401e2",
      "patient": {
        "reference": "urn:uuid:554524f8-0f2b-f145-c3cb-a10377ceeaba"
      },
      "encounter": {
        "reference": "urn:uuid:446ca26e-1b2b-1782-366b-5298ec161e05"
      },
      "dateRecorded": "2024-03-01",
      "code": {
        "coding": [ {
          "system": "http://snomed.info/sct",
          "code": "314529007",
          "display": "Medication review due (situation)"
        } ],
        "text": "Medication review due (situation)"
      },
      "category": {
        "coding": [ {
          "system": "http://hl7.org/fhir/condition-category",
          "code": "diagnosis"
        } ]
      },
      "clinicalStatus": "resolved",
      "verificationStatus": "confirmed",
      "onsetDateTime": "2024-03-01T17:36:50+00:00",
      "abatementDateTime": "2024-06-07T17:36:50+00:00"
    },
    "request": {
      "method": "POST",
      "url": "Condition"
    }
  }, {
    "fullUrl": "urn:uuid:3a948f5f-e1c1-5006-fb86-5939714ca1f3",
    "resource": {
      "resourceType": "Observation",
      "id": "3a948f5f-e1c1-5006-fb86-5939714ca1f3",
      "status": "final",
      "category": {
        "coding": [ {
          "system": "http://hl7.org/fhir/observation-category",
          "code": "vital-signs",
          "display": "vital-signs"
        } ],
        "text": "vital-signs"
      },
      "code": {
        "coding": [ {
          "system": "http://loinc.org",
          "code": "8302-2",
          "display": "Body Height"
        } ],
        "text": "Body Height"
      },
      "subject": {
        "reference": "urn:uuid:554524f8-0f2b-f145-c3cb-a10377ceeaba"
      },
      "encounter": {
        "reference": "urn:uuid:446ca26e-1b2b-1782-366b-5298ec161e05"
      },
      "effectiveDateTime": "2024-03-01T17:36:50+00:00",
      "issued": "2024-03-01T17:36:50.051+00:00",
      "valueQuantity": {
        "value": 50.800,
        "unit": "cm",
        "system": "http://unitsofmeasure.org",
        "code": "cm"
      }
    },
    "request": {
      "method": "POST",
      "url": "Observation"
    }
  }, {
    "fullUrl": "urn:uuid:5e694d6e-375c-e401-110b-75b936596c33",
    "resource": {
      "resourceType": "Observation",
      "id": "5e694d6e-375c-e401-110b-75b936596c33",
      "status": "final",
      "category": {
        "coding": [ {
          "system": "http://hl7.org/fhir/observation-category",
          "code": "vital-signs",
          "display": "vital-signs"
        } ],
        "text": "vital-signs"
      },
      "code": {
        "coding": [ {
          "system": "http://loinc.org",
          "code": "72514-3",
          "display": "Pain severity - 0-10 verbal numeric rating [Score] - Reported"
        } ],
        "text": "Pain severity - 0-10 verbal numeric rating [Score] - Reported"
      },
      "subject": {
        "reference": "urn:uuid:554524f8-0f2b-f145-c3cb-a10377ceeaba"
      },
      "encounter": {
        "reference": "urn:uuid:446ca26e-1b2b-1782-366b-5298ec161e05"
      },
      "effectiveDateTime": "2024-03-01T17:36:50+00:00",
      "issued": "2024-03-01T17:36:50.051+00:00",
      "valueQuantity": {
        "value": 0,
        "unit": "{score}",
        "system": "http://unitsofmeasure.org",
        "code": "{score}"
      }
    },
    "request": {
      "method": "POST",
      "url": "Observation"
    }
  }, {
    "fullUrl": "urn:uuid:51f1b9e5-9c34-80cd-eaa6-7d0874fd0a03",
    "resource": {
      "resourceType": "Observation",
      "id": "51f1b9e5-9c34-80cd-eaa6-7d0874fd0a03",
      "status": "final",
      "category": {
        "coding": [ {
          "system": "http://hl7.org/fhir/observation-category",
          "code": "vital-signs",
          "display": "vital-signs"
        } ],
        "text": "vital-signs"
      },
      "code": {
        "coding": [ {
          "system": "http://loinc.org",
          "code": "29463-7",
          "display": "Body Weight"
        } ],
        "text": "Body Weight"
      },
      "subject": {
        "reference": "urn:uuid:554524f8-0f2b-f145-c3cb-a10377ceeaba"
      },
      "encounter": {
        "reference": "urn:uuid:446ca26e-1b2b-1782-366b-5298ec161e05"
      },
      "effectiveDateTime": "2024-03-01T17:36:50+00:00",
      "issued": "2024-03-01T17:36:50.051+00:00",
      "valueQuantity": {
        "value": 3.8000,
        "unit": "kg",
        "system": "http://unitsofmeasure.org",
        "code": "kg"
      }
    },
    "request": {
      "method": "POST",
      "url": "Observation"
    }
  }, {
    "fullUrl": "urn:uuid:70e3a8e8-bae9-f970-b371-e0fdaefbaa8e",
    "resource": {
      "resourceType": "Observation",
      "id": "70e3a8e8-bae9-f970-b371-e0fdaefbaa8e",
      "status": "final",
      "category": {
        "coding": [ {
          "system": "http://hl7.org/fhir/observation-category",
          "code": "vital-signs",
          "display": "vital-signs"
        } ],
        "text": "vital-signs"
      },
      "code": {
        "coding": [ {
          "system": "http://loinc.org",
          "code": "77606-2",
          "display": "Weight-for-length Per age and sex"
        } ],
        "text": "Weight-for-length Per age and sex"
      },
      "subject": {
        "reference": "urn:uuid:554524f8-0f2b-f145-c3cb-a10377ceeaba"
      },
      "encounter": {
        "reference": "urn:uuid:446ca26e-1b2b-1782-366b-5298ec161e05"
      },
      "effectiveDateTime": "2024-03-01T17:36:50+00:00",
      "issued": "2024-03-01T17:36:50.051+00:00",
      "valueQuantity": {
        "value": 57.858,
        "unit": "%",
        "system": "http://unitsofmeasure.org",
        "code": "%"
      }
    },
    "request": {
      "method": "POST",
      "url": "Observation"
    }
  }, {
    "fullUrl": "urn:uuid:702e3574-bbbd-1067-863b-073917f4734e",
    "resource": {
      "resourceType": "Observation",
      "id": "702e3574-bbbd-1067-863b-073917f4734e",
      "status": "final",
      "category": {
        "coding": [ {
          "system": "http://hl7.org/fhir/observation-category",
          "code": "vital-signs",
          "display": "vital-signs"
        } ],
        "text": "vital-signs"
      },
      "code": {
        "coding": [ {
          "system": "http://loinc.org",
          "code": "8289-1",
          "display": "Head Occipital-frontal circumference Percentile"
        } ],
        "text": "Head Occipital-frontal circumference Percentile"
      },
      "subject": {
        "reference": "urn:uuid:554524f8-0f2b-f145-c3cb-a10377ceeaba"
      },
      "encounter": {
        "reference": "urn:uuid:446ca26e-1b2b-1782-366b-5298ec161e05"
      },
      "effectiveDateTime": "2024-03-01T17:36:50+00:00",
      "issued": "2024-03-01T17:36:50.051+00:00",
      "valueQuantity": {
        "value": 25.170,
        "unit": "%",
        "system": "http://unitsofmeasure.org",
        "code": "%"
      }
    },
    "request": {
      "method": "POST",
      "url": "Observation"
    }
  }, {
    "fullUrl": "urn:uuid:3731bc1a-0416-72a6-d82b-1a77c0ef71f9",
    "resource": {
      "resourceType": "Observation",
      "id": "3731bc1a-0416-72a6-d82b-1a77c0ef71f9",
      "status": "final",
      "category": {
        "coding": [ {
          "system": "http://hl7.org/fhir/observation-category",
          "code": "vital-signs",
          "display": "vital-signs"
        } ],
        "text": "vital-signs"
      },
      "code": {
        "coding": [ {
          "system": "http://loinc.org",
          "code": "9843-4",
          "display": "Head Occipital-frontal circumference"
        } ],
        "text": "Head Occipital-frontal circumference"
      },
      "subject": {
        "reference": "urn:uuid:554524f8-0f2b-f145-c3cb-a10377ceeaba"
      },
      "encounter": {
        "reference": "urn:uuid:446ca26e-1b2b-1782-366b-5298ec161e05"
      },
      "effectiveDateTime": "2024-03-01T17:36:50+00:00",
      "issued": "2024-03-01T17:36:50.051+00:00",
      "valueQuantity": {
        "value": 34.480,
        "unit": "cm",
        "system": "http://unitsofmeasure.org",
        "code": "cm"
      }
    },
    "request": {
      "method": "POST",
      "url": "Observation"
    }
  }, {
    "fullUrl": "urn:uuid:2bb6a3d7-d023-4d78-d760-d572ee10da5c",
    "resource": {
      "resourceType": "Observation",
      "id": "2bb6a3d7-d023-4d78-d760-d572ee10da5c",
      "status": "final",
      "category": {
        "coding": [ {
          "system": "http://hl7.org/fhir/observation-category",
          "code": "vital-signs",
          "display": "vital-signs"
        } ],
        "text": "vital-signs"
      },
      "code": {
        "coding": [ {
          "system": "http://loinc.org",
          "code": "85354-9",
          "display": "Blood pressure panel with all children optional"
        } ],
        "text": "Blood pressure panel with all children optional"
      },
      "subject": {
        "reference": "urn:uuid:554524f8-0f2b-f145-c3cb-a10377ceeaba"
      },
      "encounter": {
        "reference": "urn:uuid:446ca26e-1b2b-1782-366b-5298ec161e05"
      },
      "effectiveDateTime": "2024-03-01T17:36:50+00:00",
      "issued": "2024-03-01T17:36:50.051+00:00",
      "component": [ {
        "code": {
          "coding": [ {
            "system": "http://loinc.org",
            "code": "8462-4",
            "display": "Diastolic Blood Pressure"
          } ],
          "text": "Diastolic Blood Pressure"
        },
        "valueQuantity": {
          "value": 84,
          "unit": "mm[Hg]",
          "system": "http://unitsofmeasure.org",
          "code": "mm[Hg]"
        }
      }, {
        "code": {
          "coding": [ {
            "system": "http://loinc.org",
            "code": "8480-6",
            "display": "Systolic Blood Pressure"
          } ],
          "text": "Systolic Blood Pressure"
        },
        "valueQuantity": {
          "value": 120,
          "unit": "mm[Hg]",
          "system": "http://unitsofmeasure.org",
          "code": "mm[Hg]"
        }
      } ]
    },
    "request": {
      "method": "POST",
      "url": "Observation"
    }
  }, {
    "fullUrl": "urn:uuid:da107494-b6e2-2053-9a65-303ef03c0e55",
    "resource": {
      "resourceType": "Observation",
      "id": "da107494-b6e2-2053-9a65-303ef03c0e55",
      "status": "final",
      "category": {
        "coding": [ {
          "system": "http://hl7.org/fhir/observation-category",
          "code": "vital-signs",
          "display": "vital-signs"
        } ],
        "text": "vital-signs"
      },
      "code": {
        "coding": [ {
          "system": "http://loinc.org",
          "code": "8867-4",
          "display": "Heart rate"
        } ],
        "text": "Heart rate"
      },
      "subject": {
        "reference": "urn:uuid:554524f8-0f2b-f145-c3cb-a10377ceeaba"
      },
      "encounter": {
        "reference": "urn:uuid:446ca26e-1b2b-1782-366b-5298ec161e05"
      },
      "effectiveDateTime": "2024-03-01T17:36:50+00:00",
      "issued": "2024-03-01T17:36:50.051+00:00",
      "valueQuantity": {
        "value": 70,
        "unit": "/min",
        "system": "http://unitsofmeasure.org",
        "code": "/min"
      }
    },
    "request": {
      "method": "POST",
      "url": "Observation"
    }
  }, {
    "fullUrl": "urn:uuid:ce3377e0-c0c0-abd8-efe5-803b5aca0006",
    "resource": {
      "resourceType": "Observation",
      "id": "ce3377e0-c0c0-abd8-efe5-803b5aca0006",
      "status": "final",
      "category": {
        "coding": [ {
          "system": "http://hl7.org/fhir/observation-category",
          "code": "vital-signs",
          "display": "vital-signs"
        } ],
        "text": "vital-signs"
      },
      "code": {
        "coding": [ {
          "system": "http://loinc.org",
          "code": "9279-1",
          "display": "Respiratory rate"
        } ],
        "text": "Respiratory rate"
      },
      "subject": {
        "reference": "urn:uuid:554524f8-0f2b-f145-c3cb-a10377ceeaba"
      },
      "encounter": {
        "reference": "urn:uuid:446ca26e-1b2b-1782-366b-5298ec161e05"
      },
      "effectiveDateTime": "2024-03-01T17:36:50+00:00",
      "issued": "2024-03-01T17:36:50.051+00:00",
      "valueQuantity": {
        "value": 12,
        "unit": "/min",
        "system": "http://unitsofmeasure.org",
        "code": "/min"
      }
    },
    "request": {
      "method": "POST",
      "url": "Observation"
    }
  }, {
    "fullUrl": "urn:uuid:49e693c7-4844-a5a9-037d-935162e0e576",
    "resource": {
      "resourceType": "Observation",
      "id": "49e693c7-4844-a5a9-037d-935162e0e576",
      "status": "final",
      "category": {
        "coding": [ {
          "system": "http://hl7.org/fhir/observation-category",
          "code": "laboratory",
          "display": "laboratory"
        } ],
        "text": "laboratory"
      },
      "code": {
        "coding": [ {
          "system": "http://loinc.org",
          "code": "6690-2",
          "display": "Leukocytes [#/volume] in Blood by Automated count"
        } ],
        "text": "Leukocytes [#/volume] in Blood by Automated count"
      },
      "subject": {
        "reference": "urn:uuid:554524f8-0f2b-f145-c3cb-a10377ceeaba"
      },
      "encounter": {
        "reference": "urn:uuid:446ca26e-1b2b-1782-366b-5298ec161e05"
      },
      "effectiveDateTime": "2024-03-01T17:36:50+00:00",
      "issued": "2024-03-01T17:36:50.051+00:00",
      "valueQuantity": {
        "value": 6.5285,
        "unit": "10*3/uL",
        "system": "http://unitsofmeasure.org",
        "code": "10*3/uL"
      }
    },
    "request": {
      "method": "POST",
      "url": "Observation"
    }
  }, {
    "fullUrl": "urn:uuid:075230f4-c3c6-9f1d-a96c-1cd5eb91e195",
    "resource": {
      "resourceType": "Observation",
      "id": "075230f4-c3c6-9f1d-a96c-1cd5eb91e195",
      "status": "final",
      "category": {
        "coding": [ {
          "system": "http://hl7.org/fhir/observation-category",
          "code": "laboratory",
          "display": "laboratory"
        } ],
        "text": "laboratory"
      },
      "code": {
        "coding": [ {
          "system": "http://loinc.org",
          "code": "789-8",
          "display": "Erythrocytes [#/volume] in Blood by Automated count"
        } ],
        "text": "Erythrocytes [#/volume] in Blood by Automated count"
      },
      "subject": {
        "reference": "urn:uuid:554524f8-0f2b-f145-c3cb-a10377ceeaba"
      },
      "encounter": {
        "reference": "urn:uuid:446ca26e-1b2b-1782-366b-5298ec161e05"
      },
      "effectiveDateTime": "2024-03-01T17:36:50+00:00",
      "issued": "2024-03-01T17:36:50.051+00:00",
      "valueQuantity": {
        "value": 5.3501,
        "unit": "10*6/uL",
        "system": "http://unitsofmeasure.org",
        "code": "10*6/uL"
      }
    },
    "request": {
      "method": "POST",
      "url": "Observation"
    }
  }, {
    "fullUrl": "urn:uuid:f59b890a-d127-9b40-afc1-43d92c76bae7",
    "resource": {
      "resourceType": "Observation",
      "id": "f59b890a-d127-9b40-afc1-43d92c76bae7",
      "status": "final",
      "category": {
        "coding": [ {
          "system": "http://hl7.org/fhir/observation-category",
          "code": "laboratory",
          "display": "laboratory"
        } ],
        "text": "laboratory"
      },
      "code": {
        "coding": [ {
          "system": "http://loinc.org",
          "code": "718-7",
          "display": "Hemoglobin [Mass/volume] in Blood"
        } ],
        "text": "Hemoglobin [Mass/volume] in Blood"
      },
      "subject": {
        "reference": "urn:uuid:554524f8-0f2b-f145-c3cb-a10377ceeaba"
      },
      "encounter": {
        "reference": "urn:uuid:446ca26e-1b2b-1782-366b-5298ec161e05"
      },
      "effectiveDateTime": "2024-03-01T17:36:50+00:00",
      "issued": "2024-03-01T17:36:50.051+00:00",
      "valueQuantity": {
        "value": 12.289,
        "unit": "g/dL",
        "system": "http://unitsofmeasure.org",
        "code": "g/dL"
      }
    },
    "request": {
      "method": "POST",
      "url": "Observation"
    }
  }, {
    "fullUrl": "urn:uuid:1a3dad7c-bab8-f79b-8856-86a1dbbeb807",
    "resource": {
      "resourceType": "Observation",
      "id": "1a3dad7c-bab8-f79b-8856-86a1dbbeb807",
      "status": "final",
      "category": {
        "coding": [ {
          "system": "http://hl7.org/fhir/observation-category",
          "code": "laboratory",
          "display": "laboratory"
        } ],
        "text": "laboratory"
      },
      "code": {
        "coding": [ {
          "system": "http://loinc.org",
          "code": "4544-3",
          "display": "Hematocrit [Volume Fraction] of Blood by Automated count"
        } ],
        "text": "Hematocrit [Volume Fraction] of Blood by Automated count"
      },
      "subject": {
        "reference": "urn:uuid:554524f8-0f2b-f145-c3cb-a10377ceeaba"
      },
      "encounter": {
        "reference": "urn:uuid:446ca26e-1b2b-1782-366b-5298ec161e05"
      },
      "effectiveDateTime": "2024-03-01T17:36:50+00:00",
      "issued": "2024-03-01T17:36:50.051+00:00",
      "valueQuantity": {
        "value": 37.490,
        "unit": "%",
        "system": "http://unitsofmeasure.org",
        "code": "%"
      }
    },
    "request": {
      "method": "POST",
      "url": "Observation"
    }
  }, {
    "fullUrl": "urn:uuid:f8af828b-4812-616b-6284-638615c85d19",
    "resource": {
      "resourceType": "Observation",
      "id": "f8af828b-4812-616b-6284-638615c85d19",
      "status": "final",
      "category": {
        "coding": [ {
          "system": "http://hl7.org/fhir/observation-category",
          "code": "laboratory",
          "display": "laboratory"
        } ],
        "text": "laboratory"
      },
      "code": {
        "coding": [ {
          "system": "http://loinc.org",
          "code": "787-2",
          "display": "MCV [Entitic volume] by Automated count"
        } ],
        "text": "MCV [Entitic volume] by Automated count"
      },
      "subject": {
        "reference": "urn:uuid:554524f8-0f2b-f145-c3cb-a10377ceeaba"
      },
      "encounter": {
        "reference": "urn:uuid:446ca26e-1b2b-1782-366b-5298ec161e05"
      },
      "effectiveDateTime": "2024-03-01T17:36:50+00:00",
      "issued": "2024-03-01T17:36:50.051+00:00",
      "valueQuantity": {
        "value": 83.510,
        "unit": "fL",
        "system": "http://unitsofmeasure.org",
        "code": "fL"
      }
    },
    "request": {
      "method": "POST",
      "url": "Observation"
    }
  }, {
    "fullUrl": "urn:uuid:d2a51578-e38e-d81f-7780-a61c01a44c93",
    "resource": {
      "resourceType": "Observation",
      "id": "d2a51578-e38e-d81f-7780-a61c01a44c93",
      "status": "final",
      "category": {
        "coding": [ {
          "system": "http://hl7.org/fhir/observation-category",
          "code": "laboratory",
          "display": "laboratory"
        } ],
        "text": "laboratory"
      },
      "code": {
        "coding": [ {
          "system": "http://loinc.org",
          "code": "785-6",
          "display": "MCH [Entitic mass] by Automated count"
        } ],
        "text": "MCH [Entitic mass] by Automated count"
      },
      "subject": {
        "reference": "urn:uuid:554524f8-0f2b-f145-c3cb-a10377ceeaba"
      },
      "encounter": {
        "reference": "urn:uuid:446ca26e-1b2b-1782-366b-5298ec161e05"
      },
      "effectiveDateTime": "2024-03-01T17:36:50+00:00",
      "issued": "2024-03-01T17:36:50.051+00:00",
      "valueQuantity": {
        "value": 32.177,
        "unit": "pg",
        "system": "http://unitsofmeasure.org",
        "code": "pg"
      }
    },
    "request": {
      "method": "POST",
      "url": "Observation"
    }
  }, {
    "fullUrl": "urn:uuid:322fdc27-ab9a-9aef-56a8-ddcbe657b8e0",
    "resource": {
      "resourceType": "Observation",
      "id": "322fdc27-ab9a-9aef-56a8-ddcbe657b8e0",
      "status": "final",
      "category": {
        "coding": [ {
          "system": "http://hl7.org/fhir/observation-category",
          "code": "laboratory",
          "display": "laboratory"
        } ],
        "text": "laboratory"
      },
      "code": {
        "coding": [ {
          "system": "http://loinc.org",
          "code": "786-4",
          "display": "MCHC [Mass/volume] by Automated count"
        } ],
        "text": "MCHC [Mass/volume] by Automated count"
      },
      "subject": {
        "reference": "urn:uuid:554524f8-0f2b-f145-c3cb-a10377ceeaba"
      },
      "encounter": {
        "reference": "urn:uuid:446ca26e-1b2b-1782-366b-5298ec161e05"
      },
      "effectiveDateTime": "2024-03-01T17:36:50+00:00",
      "issued": "2024-03-01T17:36:50.051+00:00",
      "valueQuantity": {
        "value": 34.244,
        "unit": "g/dL",
        "system": "http://unitsofmeasure.org",
        "code": "g/dL"
      }
    },
    "request": {
      "method": "POST",
      "url": "Observation"
    }
  }, {
    "fullUrl": "urn:uuid:9031baab-71da-b0ac-16db-1aed664527ca",
    "resource": {
      "resourceType": "Observation",
      "id": "9031baab-71da-b0ac-16db-1aed664527ca",
      "status": "final",
      "category": {
        "coding": [ {
          "system": "http://hl7.org/fhir/observation-category",
          "code": "laboratory",
          "display": "laboratory"
        } ],
        "text": "laboratory"
      },
      "code": {
        "coding": [ {
          "system": "http://loinc.org",
          "code": "21000-5",
          "display": "Erythrocyte distribution width [Entitic volume] by Automated count"
        } ],
        "text": "Erythrocyte distribution width [Entitic volume] by Automated count"
      },
      "subject": {
        "reference": "urn:uuid:554524f8-0f2b-f145-c3cb-a10377ceeaba"
      },
      "encounter": {
        "reference": "urn:uuid:446ca26e-1b2b-1782-366b-5298ec161e05"
      },
      "effectiveDateTime": "2024-03-01T17:36:50+00:00",
      "issued": "2024-03-01T17:36:50.051+00:00",
      "valueQuantity": {
        "value": 41.942,
        "unit": "fL",
        "system": "http://unitsofmeasure.org",
        "code": "fL"
      }
    },
    "request": {
      "method": "POST",
      "url": "Observation"
    }
  }, {
    "fullUrl": "urn:uuid:04de8770-62b1-001a-e912-e5ebbf1201af",
    "resource": {
      "resourceType": "Observation",
      "id": "04de8770-62b1-001a-e912-e5ebbf1201af",
      "status": "final",
      "category": {
        "coding": [ {
          "system": "http://hl7.org/fhir/observation-category",
          "code": "laboratory",
          "display": "laboratory"
        } ],
        "text": "laboratory"
      },
      "code": {
        "coding": [ {
          "system": "http://loinc.org",
          "code": "777-3",
          "display": "Platelets [#/volume] in Blood by Automated count"
        } ],
        "text": "Platelets [#/volume] in Blood by Automated count"
      },
      "subject": {
        "reference": "urn:uuid:554524f8-0f2b-f145-c3cb-a10377ceeaba"
      },
      "encounter": {
        "reference": "urn:uuid:446ca26e-1b2b-1782-366b-5298ec161e05"
      },
      "effectiveDateTime": "2024-03-01T17:36:50+00:00",
      "issued": "2024-03-01T17:36:50.051+00:00",
      "valueQuantity": {
        "value": 424.73,
        "unit": "10*3/uL",
        "system": "http://unitsofmeasure.org",
        "code": "10*3/uL"
      }
    },
    "request": {
      "method": "POST",
      "url": "Observation"
    }
  }, {
    "fullUrl": "urn:uuid:e7dac105-5449-fc74-43cf-8835b2a355ef",
    "resource": {
      "resourceType": "Observation",
      "id": "e7dac105-5449-fc74-43cf-8835b2a355ef",
      "status": "final",
      "category": {
        "coding": [ {
          "system": "http://hl7.org/fhir/observation-category",
          "code": "laboratory",
          "display": "laboratory"
        } ],
        "text": "laboratory"
      },
      "code": {
        "coding": [ {
          "system": "http://loinc.org",
          "code": "32207-3",
          "display": "Platelet distribution width [Entitic volume] in Blood by Automated count"
        } ],
        "text": "Platelet distribution width [Entitic volume] in Blood by Automated count"
      },
      "subject": {
        "reference": "urn:uuid:554524f8-0f2b-f145-c3cb-a10377ceeaba"
      },
      "encounter": {
        "reference": "urn:uuid:446ca26e-1b2b-1782-366b-5298ec161e05"
      },
      "effectiveDateTime": "2024-03-01T17:36:50+00:00",
      "issued": "2024-03-01T17:36:50.051+00:00",
      "valueQuantity": {
        "value": 308.30,
        "unit": "fL",
        "system": "http://unitsofmeasure.org",
        "code": "fL"
      }
    },
    "request": {
      "method": "POST",
      "url": "Observation"
    }
  }, {
    "fullUrl": "urn:uuid:0f3b50b0-fbac-8ce4-c5a8-c0dae032b311",
    "resource": {
      "resourceType": "Observation",
      "id": "0f3b50b0-fbac-8ce4-c5a8-c0dae032b311",
      "status": "final",
      "category": {
        "coding": [ {
          "system": "http://hl7.org/fhir/observation-category",
          "code": "laboratory",
          "display": "laboratory"
        } ],
        "text": "laboratory"
      },
      "code": {
        "coding": [ {
          "system": "http://loinc.org",
          "code": "32623-1",
          "display": "Platelet mean volume [Entitic volume] in Blood by Automated count"
        } ],
        "text": "Platelet mean volume [Entitic volume] in Blood by Automated count"
      },
      "subject": {
        "reference": "urn:uuid:554524f8-0f2b-f145-c3cb-a10377ceeaba"
      },
      "encounter": {
        "reference": "urn:uuid:446ca26e-1b2b-1782-366b-5298ec161e05"
      },
      "effectiveDateTime": "2024-03-01T17:36:50+00:00",
      "issued": "2024-03-01T17:36:50.051+00:00",
      "valueQuantity": {
        "value": 11.870,
        "unit": "fL",
        "system": "http://unitsofmeasure.org",
        "code": "fL"
      }
    },
    "request": {
      "method": "POST",
      "url": "Observation"
    }
  }, {
    "fullUrl": "urn:uuid:0310ef1c-cfe0-bc93-8f63-a7b373ddeda4",
    "resource": {
      "resourceType": "Observation",
      "id": "0310ef1c-cfe0-bc93-8f63-a7b373ddeda4",
      "status": "final",
      "category": {
        "coding": [ {
          "system": "http://hl7.org/fhir/observation-category",
          "code": "social-history",
          "display": "social-history"
        } ],
        "text": "social-history"
      },
      "code": {
        "coding": [ {
          "system": "http://loinc.org",
          "code": "72166-2",
          "display": "Tobacco smoking status"
        } ],
        "text": "Tobacco smoking status"
      },
      "subject": {
        "reference": "urn:uuid:554524f8-0f2b-f145-c3cb-a10377ceeaba"
      },
      "encounter": {
        "reference": "urn:uuid:446ca26e-1b2b-1782-366b-5298ec161e05"
      },
      "effectiveDateTime": "2024-03-01T17:36:50+00:00",
      "issued": "2024-03-01T17:36:50.051+00:00",
      "valueCodeableConcept": {
        "coding": [ {
          "system": "http://snomed.info/sct",
          "code": "266919005",
          "display": "Never smoked tobacco (finding)"
        } ],
        "text": "Never smoked tobacco (finding)"
      }
    },
    "request": {
      "method": "POST",
      "url": "Observation"
    }
  }, {
    "fullUrl": "urn:uuid:ee6e43ce-e85e-8ddb-3ebe-f470651dacd0",
    "resource": {
      "resourceType": "Immunization",
      "id": "ee6e43ce-e85e-8ddb-3ebe-f470651dacd0",
      "status": "completed",
      "date": "2024-03-01T17:36:50+00:00",
      "vaccineCode": {
        "coding": [ {
          "system": "http://hl7.org/fhir/sid/cvx",
          "code": "08",
          "display": "Hep B, adolescent or pediatric"
        } ],
        "text": "Hep B, adolescent or pediatric"
      },
      "patient": {
        "reference": "urn:uuid:554524f8-0f2b-f145-c3cb-a10377ceeaba"
      },
      "wasNotGiven": false,
      "reported": false,
      "encounter": {
        "reference": "urn:uuid:446ca26e-1b2b-1782-366b-5298ec161e05"
      }
    },
    "request": {
      "method": "POST",
      "url": "Immunization"
    }
  }, {
    "fullUrl": "urn:uuid:bf969381-793f-67b4-f560-1b517b955f19",
    "resource": {
      "resourceType": "DiagnosticReport",
      "id": "bf969381-793f-67b4-f560-1b517b955f19",
      "status": "final",
      "category": {
        "coding": [ {
          "system": "http://hl7.org/fhir/ValueSet/diagnostic-service-sections",
          "code": "LAB"
        } ]
      },
      "code": {
        "coding": [ {
          "system": "http://loinc.org",
          "code": "58410-2",
          "display": "CBC panel - Blood by Automated count"
        } ],
        "text": "CBC panel - Blood by Automated count"
      },
      "subject": {
        "reference": "urn:uuid:554524f8-0f2b-f145-c3cb-a10377ceeaba"
      },
      "encounter": {
        "reference": "urn:uuid:446ca26e-1b2b-1782-366b-5298ec161e05"
      },
      "effectiveDateTime": "2024-03-01T17:36:50+00:00",
      "issued": "2024-03-01T17:36:50.051+00:00",
      "performer": {
        "reference": "Organization?identifier=https://github.com/synthetichealth/synthea|0d24cc89-3256-330c-b36d-d8de8babef84",
        "display": "CAPE COD HEALTHCARE PHYSICIANS"
      },
      "result": [ {
        "reference": "urn:uuid:0f3b50b0-fbac-8ce4-c5a8-c0dae032b311",
        "display": "Platelet mean volume [Entitic volume] in Blood by Automated count"
      } ]
    },
    "request": {
      "method": "POST",
      "url": "DiagnosticReport"
    }
  }, {
    "fullUrl": "urn:uuid:253efb73-2a67-0e58-f89e-0fec6d697aad",
    "resource": {
      "resourceType": "Claim",
      "id": "253efb73-2a67-0e58-f89e-0fec6d697aad",
      "type": "institutional",
      "organization": {
        "reference": "Organization?identifier=https://github.com/synthetichealth/synthea|0d24cc89-3256-330c-b36d-d8de8babef84",
        "display": "CAPE COD HEALTHCARE PHYSICIANS"
      },
      "use": "complete",
      "diagnosis": [ {
        "sequence": 1,
        "diagnosis": {
          "system": "http://snomed.info/sct",
          "code": "314529007",
          "display": "Medication review due (situation)"
        }
      } ],
      "patient": {
        "reference": "urn:uuid:554524f8-0f2b-f145-c3cb-a10377ceeaba"
      },
      "item": [ {
        "sequence": 1,
        "type": {
          "system": "http://hl7.org/fhir/v3/ActCode",
          "code": "CSINV",
          "display": "clinical service invoice"
        },
        "service": {
          "system": "http://snomed.info/sct",
          "code": "410620009",
          "display": "Well child visit (procedure)"
        }
      }, {
        "sequence": 2,
        "type": {
          "system": "http://hl7.org/fhir/v3/ActCode",
          "code": "CSINV",
          "display": "clinical service invoice"
        },
        "service": {
          "system": "http://hl7.org/fhir/sid/cvx",
          "code": "08",
          "display": "Hep B, adolescent or pediatric"
        },
        "net": {
          "value": 136.00,
          "system": "urn:iso:std:iso:4217",
          "code": "USD"
        }
      }, {
        "sequence": 4,
        "type": {
          "system": "http://hl7.org/fhir/v3/ActCode",
          "code": "CSINV",
          "display": "clinical service invoice"
        },
        "service": {
          "system": "http://loinc.org",
          "code": "58410-2",
          "display": "CBC panel - Blood by Automated count"
        },
        "net": {
          "value": 74.58,
          "system": "urn:iso:std:iso:4217",
          "code": "USD"
        }
      } ]
    },
    "request": {
      "method": "POST",
      "url": "Claim"
    }
  }, {
    "fullUrl": "urn:uuid:1e551885-8615-f417-fe68-3b4b8856d01d",
    "resource": {
      "resourceType": "Encounter",
      "id": "1e551885-8615-f417-fe68-3b4b8856d01d",
      "status": "finished",
      "class": "ambulatory",
      "type": [ {
        "coding": [ {
          "system": "http://snomed.info/sct",
          "code": "410620009",
          "display": "Well child visit (procedure)"
        } ],
        "text": "Well child visit (procedure)"
      } ],
      "patient": {
        "reference": "urn:uuid:554524f8-0f2b-f145-c3cb-a10377ceeaba"
      },
      "participant": [ {
        "individual": {
          "reference": "Practitioner?identifier=http://hl7.org/fhir/sid/us-npi|9999945790",
          "display": "Dr. Will178 Bernhard322"
        }
      } ],
      "period": {
        "start": "2024-04-05T17:36:50+00:00",
        "end": "2024-04-05T17:51:50+00:00"
      },
      "serviceProvider": {
        "reference": "Organization?identifier=https://github.com/synthetichealth/synthea|0d24cc89-3256-330c-b36d-d8de8babef84",
        "display": "CAPE COD HEALTHCARE PHYSICIANS"
      }
    },
    "request": {
      "method": "POST",
      "url": "Encounter"
    }
  }, {
    "fullUrl": "urn:uuid:64d39f22-1403-40fd-d132-c30ba9318ecf",
    "resource": {
      "resourceType": "Observation",
      "id": "64d39f22-1403-40fd-d132-c30ba9318ecf",
      "status": "final",
      "category": {
        "coding": [ {
          "system": "http://hl7.org/fhir/observation-category",
          "code": "vital-signs",
          "display": "vital-signs"
        } ],
        "text": "vital-signs"
      },
      "code": {
        "coding": [ {
          "system": "http://loinc.org",
          "code": "8302-2",
          "display": "Body Height"
        } ],
        "text": "Body Height"
      },
      "subject": {
        "reference": "urn:uuid:554524f8-0f2b-f145-c3cb-a10377ceeaba"
      },
      "encounter": {
        "reference": "urn:uuid:1e551885-8615-f417-fe68-3b4b8856d01d"
      },
      "effectiveDateTime": "2024-04-05T17:36:50+00:00",
      "issued": "2024-04-05T17:36:50.051+00:00",
      "valueQuantity": {
        "value": 54.800,
        "unit": "cm",
        "system": "http://unitsofmeasure.org",
        "code": "cm"
      }
    },
    "request": {
      "method": "POST",
      "url": "Observation"
    }
  }, {
    "fullUrl": "urn:uuid:33a977ba-2c9c-2b9e-c70b-254a105aadf8",
    "resource": {
      "resourceType": "Observation",
      "id": "33a977ba-2c9c-2b9e-c70b-254a105aadf8",
      "status": "final",
      "category": {
        "coding": [ {
          "system": "http://hl7.org/fhir/observation-category",
          "code": "vital-signs",
          "display": "vital-signs"
        } ],
        "text": "vital-signs"
      },
      "code": {
        "coding": [ {
          "system": "http://loinc.org",
          "code": "72514-3",
          "display": "Pain severity - 0-10 verbal numeric rating [Score] - Reported"
        } ],
        "text": "Pain severity - 0-10 verbal numeric rating [Score] - Reported"
      },
      "subject": {
        "reference": "urn:uuid:554524f8-0f2b-f145-c3cb-a10377ceeaba"
      },
      "encounter": {
        "reference": "urn:uuid:1e551885-8615-f417-fe68-3b4b8856d01d"
      },
      "effectiveDateTime": "2024-04-05T17:36:50+00:00",
      "issued": "2024-04-05T17:36:50.051+00:00",
      "valueQuantity": {
        "value": 1,
        "unit": "{score}",
        "system": "http://unitsofmeasure.org",
        "code": "{score}"
      }
    },
    "request": {
      "method": "POST",
      "url": "Observation"
    }
  }, {
    "fullUrl": "urn:uuid:428e12fd-5b45-6a6d-54d8-e2867e6796fd",
    "resource": {
      "resourceType": "Observation",
      "id": "428e12fd-5b45-6a6d-54d8-e2867e6796fd",
      "status": "final",
      "category": {
        "coding": [ {
          "system": "http://hl7.org/fhir/observation-category",
          "code": "vital-signs",
          "display": "vital-signs"
        } ],
        "text": "vital-signs"
      },
      "code": {
        "coding": [ {
          "system": "http://loinc.org",
          "code": "29463-7",
          "display": "Body Weight"
        } ],
        "text": "Body Weight"
      },
      "subject": {
        "reference": "urn:uuid:554524f8-0f2b-f145-c3cb-a10377ceeaba"
      },
      "encounter": {
        "reference": "urn:uuid:1e551885-8615-f417-fe68-3b4b8856d01d"
      },
      "effectiveDateTime": "2024-04-05T17:36:50+00:00",
      "issued": "2024-04-05T17:36:50.051+00:00",
      "valueQuantity": {
        "value": 4.7000,
        "unit": "kg",
        "system": "http://unitsofmeasure.org",
        "code": "kg"
      }
    },
    "request": {
      "method": "POST",
      "url": "Observation"
    }
  }, {
    "fullUrl": "urn:uuid:24ab7d62-cd3f-5f3d-d409-e2382d0acc2c",
    "resource": {
      "resourceType": "Observation",
      "id": "24ab7d62-cd3f-5f3d-d409-e2382d0acc2c",
      "status": "final",
      "category": {
        "coding": [ {
          "system": "http://hl7.org/fhir/observation-category",
          "code": "vital-signs",
          "display": "vital-signs"
        } ],
        "text": "vital-signs"
      },
      "code": {
        "coding": [ {
          "system": "http://loinc.org",
          "code": "77606-2",
          "display": "Weight-for-length Per age and sex"
        } ],
        "text": "Weight-for-length Per age and sex"
      },
      "subject": {
        "reference": "urn:uuid:554524f8-0f2b-f145-c3cb-a10377ceeaba"
      },
      "encounter": {
        "reference": "urn:uuid:1e551885-8615-f417-fe68-3b4b8856d01d"
      },
      "effectiveDateTime": "2024-04-05T17:36:50+00:00",
      "issued": "2024-04-05T17:36:50.051+00:00",
      "valueQuantity": {
        "value": 48.054,
        "unit": "%",
        "system": "http://unitsofmeasure.org",
        "code": "%"
      }
    },
    "request": {
      "method": "POST",
      "url": "Observation"
    }
  }, {
    "fullUrl": "urn:uuid:4d5b7be0-c3fd-8660-c418-fface6defa1b",
    "resource": {
      "resourceType": "Observation",
      "id": "4d5b7be0-c3fd-8660-c418-fface6defa1b",
      "status": "final",
      "category": {
        "coding": [ {
          "system": "http://hl7.org/fhir/observation-category",
          "code": "vital-signs",
          "display": "vital-signs"
        } ],
        "text": "vital-signs"
      },
      "code": {
        "coding": [ {
          "system": "http://loinc.org",
          "code": "8289-1",
          "display": "Head Occipital-frontal circumference Percentile"
        } ],
        "text": "Head Occipital-frontal circumference Percentile"
      },
      "subject": {
        "reference": "urn:uuid:554524f8-0f2b-f145-c3cb-a10377ceeaba"
      },
      "encounter": {
        "reference": "urn:uuid:1e551885-8615-f417-fe68-3b4b8856d01d"
      },
      "effectiveDateTime": "2024-04-05T17:36:50+00:00",
      "issued": "2024-04-05T17:36:50.051+00:00",
      "valueQuantity": {
        "value": 25.170,
        "unit": "%",
        "system": "http://unitsofmeasure.org",
        "code": "%"
      }
    },
    "request": {
      "method": "POST",
      "url": "Observation"
    }
  }, {
    "fullUrl": "urn:uuid:d8168527-e1ac-113c-8401-61517debdd30",
    "resource": {
      "resourceType": "Observation",
      "id": "d8168527-e1ac-113c-8401-61517debdd30",
      "status": "final",
      "category": {
        "coding": [ {
          "system": "http://hl7.org/fhir/observation-category",
          "code": "vital-signs",
          "display": "vital-signs"
        } ],
        "text": "vital-signs"
      },
      "code": {
        "coding": [ {
          "system": "http://loinc.org",
          "code": "9843-4",
          "display": "Head Occipital-frontal circumference"
        } ],
        "text": "Head Occipital-frontal circumference"
      },
      "subject": {
        "reference": "urn:uuid:554524f8-0f2b-f145-c3cb-a10377ceeaba"
      },
      "encounter": {
        "reference": "urn:uuid:1e551885-8615-f417-fe68-3b4b8856d01d"
      },
      "effectiveDateTime": "2024-04-05T17:36:50+00:00",
      "issued": "2024-04-05T17:36:50.051+00:00",
      "valueQuantity": {
        "value": 38.090,
        "unit": "cm",
        "system": "http://unitsofmeasure.org",
        "code": "cm"
      }
    },
    "request": {
      "method": "POST",
      "url": "Observation"
    }
  }, {
    "fullUrl": "urn:uuid:5b7971a7-61bd-2560-0f16-9defa3592992",
    "resource": {
      "resourceType": "Observation",
      "id": "5b7971a7-61bd-2560-0f16-9defa3592992",
      "status": "final",
      "category": {
        "coding": [ {
          "system": "http://hl7.org/fhir/observation-category",
          "code": "vital-signs",
          "display": "vital-signs"
        } ],
        "text": "vital-signs"
      },
      "code": {
        "coding": [ {
          "system": "http://loinc.org",
          "code": "85354-9",
          "display": "Blood pressure panel with all children optional"
        } ],
        "text": "Blood pressure panel with all children optional"
      },
      "subject": {
        "reference": "urn:uuid:554524f8-0f2b-f145-c3cb-a10377ceeaba"
      },
      "encounter": {
        "reference": "urn:uuid:1e551885-8615-f417-fe68-3b4b8856d01d"
      },
      "effectiveDateTime": "2024-04-05T17:36:50+00:00",
      "issued": "2024-04-05T17:36:50.051+00:00",
      "component": [ {
        "code": {
          "coding": [ {
            "system": "http://loinc.org",
            "code": "8462-4",
            "display": "Diastolic Blood Pressure"
          } ],
          "text": "Diastolic Blood Pressure"
        },
        "valueQuantity": {
          "value": 84,
          "unit": "mm[Hg]",
          "system": "http://unitsofmeasure.org",
          "code": "mm[Hg]"
        }
      }, {
        "code": {
          "coding": [ {
            "system": "http://loinc.org",
            "code": "8480-6",
            "display": "Systolic Blood Pressure"
          } ],
          "text": "Systolic Blood Pressure"
        },
        "valueQuantity": {
          "value": 125,
          "unit": "mm[Hg]",
          "system": "http://unitsofmeasure.org",
          "code": "mm[Hg]"
        }
      } ]
    },
    "request": {
      "method": "POST",
      "url": "Observation"
    }
  }, {
    "fullUrl": "urn:uuid:e7becf52-5bc3-90c3-0b1d-89457e549fcb",
    "resource": {
      "resourceType": "Observation",
      "id": "e7becf52-5bc3-90c3-0b1d-89457e549fcb",
      "status": "final",
      "category": {
        "coding": [ {
          "system": "http://hl7.org/fhir/observation-category",
          "code": "vital-signs",
          "display": "vital-signs"
        } ],
        "text": "vital-signs"
      },
      "code": {
        "coding": [ {
          "system": "http://loinc.org",
          "code": "8867-4",
          "display": "Heart rate"
        } ],
        "text": "Heart rate"
      },
      "subject": {
        "reference": "urn:uuid:554524f8-0f2b-f145-c3cb-a10377ceeaba"
      },
      "encounter": {
        "reference": "urn:uuid:1e551885-8615-f417-fe68-3b4b8856d01d"
      },
      "effectiveDateTime": "2024-04-05T17:36:50+00:00",
      "issued": "2024-04-05T17:36:50.051+00:00",
      "valueQuantity": {
        "value": 84,
        "unit": "/min",
        "system": "http://unitsofmeasure.org",
        "code": "/min"
      }
    },
    "request": {
      "method": "POST",
      "url": "Observation"
    }
  }, {
    "fullUrl": "urn:uuid:b6814221-c3ef-5d3f-8a1c-061e1bea58f0",
    "resource": {
      "resourceType": "Observation",
      "id": "b6814221-c3ef-5d3f-8a1c-061e1bea58f0",
      "status": "final",
      "category": {
        "coding": [ {
          "system": "http://hl7.org/fhir/observation-category",
          "code": "vital-signs",
          "display": "vital-signs"
        } ],
        "text": "vital-signs"
      },
      "code": {
        "coding": [ {
          "system": "http://loinc.org",
          "code": "9279-1",
          "display": "Respiratory rate"
        } ],
        "text": "Respiratory rate"
      },
      "subject": {
        "reference": "urn:uuid:554524f8-0f2b-f145-c3cb-a10377ceeaba"
      },
      "encounter": {
        "reference": "urn:uuid:1e551885-8615-f417-fe68-3b4b8856d01d"
      },
      "effectiveDateTime": "2024-04-05T17:36:50+00:00",
      "issued": "2024-04-05T17:36:50.051+00:00",
      "valueQuantity": {
        "value": 14,
        "unit": "/min",
        "system": "http://unitsofmeasure.org",
        "code": "/min"
      }
    },
    "request": {
      "method": "POST",
      "url": "Observation"
    }
  }, {
    "fullUrl": "urn:uuid:2f8f6efd-f475-0745-8a09-09ae6a4d8537",
    "resource": {
      "resourceType": "Observation",
      "id": "2f8f6efd-f475-0745-8a09-09ae6a4d8537",
      "status": "final",
      "category": {
        "coding": [ {
          "system": "http://hl7.org/fhir/observation-category",
          "code": "social-history",
          "display": "social-history"
        } ],
        "text": "social-history"
      },
      "code": {
        "coding": [ {
          "system": "http://loinc.org",
          "code": "72166-2",
          "display": "Tobacco smoking status"
        } ],
        "text": "Tobacco smoking status"
      },
      "subject": {
        "reference": "urn:uuid:554524f8-0f2b-f145-c3cb-a10377ceeaba"
      },
      "encounter": {
        "reference": "urn:uuid:1e551885-8615-f417-fe68-3b4b8856d01d"
      },
      "effectiveDateTime": "2024-04-05T17:36:50+00:00",
      "issued": "2024-04-05T17:36:50.051+00:00",
      "valueCodeableConcept": {
        "coding": [ {
          "system": "http://snomed.info/sct",
          "code": "266919005",
          "display": "Never smoked tobacco (finding)"
        } ],
        "text": "Never smoked tobacco (finding)"
      }
    },
    "request": {
      "method": "POST",
      "url": "Observation"
    }
  }, {
    "fullUrl": "urn:uuid:e25af72e-b95c-2b99-dcc7-eaa719caccb0",
    "resource": {
      "resourceType": "Immunization",
      "id": "e25af72e-b95c-2b99-dcc7-eaa719caccb0",
      "status": "completed",
      "date": "2024-04-05T17:36:50+00:00",
      "vaccineCode": {
        "coding": [ {
          "system": "http://hl7.org/fhir/sid/cvx",
          "code": "08",
          "display": "Hep B, adolescent or pediatric"
        } ],
        "text": "Hep B, adolescent or pediatric"
      },
      "patient": {
        "reference": "urn:uuid:554524f8-0f2b-f145-c3cb-a10377ceeaba"
      },
      "wasNotGiven": false,
      "reported": false,
      "encounter": {
        "reference": "urn:uuid:1e551885-8615-f417-fe68-3b4b8856d01d"
      }
    },
    "request": {
      "method": "POST",
      "url": "Immunization"
    }
  }, {
    "fullUrl": "urn:uuid:d25a47a3-1162-aba3-1930-e1156784a643",
    "resource": {
      "resourceType": "Claim",
      "id": "d25a47a3-1162-aba3-1930-e1156784a643",
      "type": "institutional",
      "organization": {
        "reference": "Organization?identifier=https://github.com/synthetichealth/synthea|0d24cc89-3256-330c-b36d-d8de8babef84",
        "display": "CAPE COD HEALTHCARE PHYSICIANS"
      },
      "use": "complete",
      "patient": {
        "reference": "urn:uuid:554524f8-0f2b-f145-c3cb-a10377ceeaba"
      },
      "item": [ {
        "sequence": 1,
        "type": {
          "system": "http://hl7.org/fhir/v3/ActCode",
          "code": "CSINV",
          "display": "clinical service invoice"
        },
        "service": {
          "system": "http://snomed.info/sct",
          "code": "410620009",
          "display": "Well child visit (procedure)"
        }
      }, {
        "sequence": 2,
        "type": {
          "system": "http://hl7.org/fhir/v3/ActCode",
          "code": "CSINV",
          "display": "clinical service invoice"
        },
        "service": {
          "system": "http://hl7.org/fhir/sid/cvx",
          "code": "08",
          "display": "Hep B, adolescent or pediatric"
        },
        "net": {
          "value": 136.00,
          "system": "urn:iso:std:iso:4217",
          "code": "USD"
        }
      } ]
    },
    "request": {
      "method": "POST",
      "url": "Claim"
    }
  }, {
    "fullUrl": "urn:uuid:74614b6e-1566-c735-754f-86878f5d8f26",
    "resource": {
      "resourceType": "Encounter",
      "id": "74614b6e-1566-c735-754f-86878f5d8f26",
      "status": "finished",
      "class": "ambulatory",
      "type": [ {
        "coding": [ {
          "system": "http://snomed.info/sct",
          "code": "410620009",
          "display": "Well child visit (procedure)"
        } ],
        "text": "Well child visit (procedure)"
      } ],
      "patient": {
        "reference": "urn:uuid:554524f8-0f2b-f145-c3cb-a10377ceeaba"
      },
      "participant": [ {
        "individual": {
          "reference": "Practitioner?identifier=http://hl7.org/fhir/sid/us-npi|9999945790",
          "display": "Dr. Will178 Bernhard322"
        }
      } ],
      "period": {
        "start": "2024-06-07T17:36:50+00:00",
        "end": "2024-06-07T17:51:50+00:00"
      },
      "serviceProvider": {
        "reference": "Organization?identifier=https://github.com/synthetichealth/synthea|0d24cc89-3256-330c-b36d-d8de8babef84",
        "display": "CAPE COD HEALTHCARE PHYSICIANS"
      }
    },
    "request": {
      "method": "POST",
      "url": "Encounter"
    }
  }, {
    "fullUrl": "urn:uuid:911b706c-8b26-40fa-9297-28a570c0ed9f",
    "resource": {
      "resourceType": "Observation",
      "id": "911b706c-8b26-40fa-9297-28a570c0ed9f",
      "status": "final",
      "category": {
        "coding": [ {
          "system": "http://hl7.org/fhir/observation-category",
          "code": "vital-signs",
          "display": "vital-signs"
        } ],
        "text": "vital-signs"
      },
      "code": {
        "coding": [ {
          "system": "http://loinc.org",
          "code": "8302-2",
          "display": "Body Height"
        } ],
        "text": "Body Height"
      },
      "subject": {
        "reference": "urn:uuid:554524f8-0f2b-f145-c3cb-a10377ceeaba"
      },
      "encounter": {
        "reference": "urn:uuid:74614b6e-1566-c735-754f-86878f5d8f26"
      },
      "effectiveDateTime": "2024-06-07T17:36:50+00:00",
      "issued": "2024-06-07T17:36:50.051+00:00",
      "valueQuantity": {
        "value": 60.300,
        "unit": "cm",
        "system": "http://unitsofmeasure.org",
        "code": "cm"
      }
    },
    "request": {
      "method": "POST",
      "url": "Observation"
    }
  }, {
    "fullUrl": "urn:uuid:17cead05-8e5b-24d0-268b-a7ef2a5a8b3d",
    "resource": {
      "resourceType": "Observation",
      "id": "17cead05-8e5b-24d0-268b-a7ef2a5a8b3d",
      "status": "final",
      "category": {
        "coding": [ {
          "system": "http://hl7.org/fhir/observation-category",
          "code": "vital-signs",
          "display": "vital-signs"
        } ],
        "text": "vital-signs"
      },
      "code": {
        "coding": [ {
          "system": "http://loinc.org",
          "code": "72514-3",
          "display": "Pain severity - 0-10 verbal numeric rating [Score] - Reported"
        } ],
        "text": "Pain severity - 0-10 verbal numeric rating [Score] - Reported"
      },
      "subject": {
        "reference": "urn:uuid:554524f8-0f2b-f145-c3cb-a10377ceeaba"
      },
      "encounter": {
        "reference": "urn:uuid:74614b6e-1566-c735-754f-86878f5d8f26"
      },
      "effectiveDateTime": "2024-06-07T17:36:50+00:00",
      "issued": "2024-06-07T17:36:50.051+00:00",
      "valueQuantity": {
        "value": 2,
        "unit": "{score}",
        "system": "http://unitsofmeasure.org",
        "code": "{score}"
      }
    },
    "request": {
      "method": "POST",
      "url": "Observation"
    }
  }, {
    "fullUrl": "urn:uuid:46e29559-b343-0451-8ab2-b0399a284cfc",
    "resource": {
      "resourceType": "Observation",
      "id": "46e29559-b343-0451-8ab2-b0399a284cfc",
      "status": "final",
      "category": {
        "coding": [ {
          "system": "http://hl7.org/fhir/observation-category",
          "code": "vital-signs",
          "display": "vital-signs"
        } ],
        "text": "vital-signs"
      },
      "code": {
        "coding": [ {
          "system": "http://loinc.org",
          "code": "29463-7",
          "display": "Body Weight"
        } ],
        "text": "Body Weight"
      },
      "subject": {
        "reference": "urn:uuid:554524f8-0f2b-f145-c3cb-a10377ceeaba"
      },
      "encounter": {
        "reference": "urn:uuid:74614b6e-1566-c735-754f-86878f5d8f26"
      },
      "effectiveDateTime": "2024-06-07T17:36:50+00:00",
      "issued": "2024-06-07T17:36:50.051+00:00",
      "valueQuantity": {
        "value": 6.2000,
        "unit": "kg",
        "system": "http://unitsofmeasure.org",
        "code": "kg"
      }
    },
    "request": {
      "method": "POST",
      "url": "Observation"
    }
  }, {
    "fullUrl": "urn:uuid:04901f3a-833e-ffe6-9f5e-5bf2b2974e97",
    "resource": {
      "resourceType": "Observation",
      "id": "04901f3a-833e-ffe6-9f5e-5bf2b2974e97",
      "status": "final",
      "category": {
        "coding": [ {
          "system": "http://hl7.org/fhir/observation-category",
          "code": "vital-signs",
          "display": "vital-signs"
        } ],
        "text": "vital-signs"
      },
      "code": {
        "coding": [ {
          "system": "http://loinc.org",
          "code": "77606-2",
          "display": "Weight-for-length Per age and sex"
        } ],
        "text": "Weight-for-length Per age and sex"
      },
      "subject": {
        "reference": "urn:uuid:554524f8-0f2b-f145-c3cb-a10377ceeaba"
      },
      "encounter": {
        "reference": "urn:uuid:74614b6e-1566-c735-754f-86878f5d8f26"
      },
      "effectiveDateTime": "2024-06-07T17:36:50+00:00",
      "issued": "2024-06-07T17:36:50.051+00:00",
      "valueQuantity": {
        "value": 63.292,
        "unit": "%",
        "system": "http://unitsofmeasure.org",
        "code": "%"
      }
    },
    "request": {
      "method": "POST",
      "url": "Observation"
    }
  }, {
    "fullUrl": "urn:uuid:48e895b9-957a-842b-a2da-93871f4cb4db",
    "resource": {
      "resourceType": "Observation",
      "id": "48e895b9-957a-842b-a2da-93871f4cb4db",
      "status": "final",
      "category": {
        "coding": [ {
          "system": "http://hl7.org/fhir/observation-category",
          "code": "vital-signs",
          "display": "vital-signs"
        } ],
        "text": "vital-signs"
      },
      "code": {
        "coding": [ {
          "system": "http://loinc.org",
          "code": "8289-1",
          "display": "Head Occipital-frontal circumference Percentile"
        } ],
        "text": "Head Occipital-frontal circumference Percentile"
      },
      "subject": {
        "reference": "urn:uuid:554524f8-0f2b-f145-c3cb-a10377ceeaba"
      },
      "encounter": {
        "reference": "urn:uuid:74614b6e-1566-c735-754f-86878f5d8f26"
      },
      "effectiveDateTime": "2024-06-07T17:36:50+00:00",
      "issued": "2024-06-07T17:36:50.051+00:00",
      "valueQuantity": {
        "value": 25.170,
        "unit": "%",
        "system": "http://unitsofmeasure.org",
        "code": "%"
      }
    },
    "request": {
      "method": "POST",
      "url": "Observation"
    }
  }, {
    "fullUrl": "urn:uuid:8da40a80-a545-22e8-7374-bb268a2ca8a4",
    "resource": {
      "resourceType": "Observation",
      "id": "8da40a80-a545-22e8-7374-bb268a2ca8a4",
      "status": "final",
      "category": {
        "coding": [ {
          "system": "http://hl7.org/fhir/observation-category",
          "code": "vital-signs",
          "display": "vital-signs"
        } ],
        "text": "vital-signs"
      },
      "code": {
        "coding": [ {
          "system": "http://loinc.org",
          "code": "9843-4",
          "display": "Head Occipital-frontal circumference"
        } ],
        "text": "Head Occipital-frontal circumference"
      },
      "subject": {
        "reference": "urn:uuid:554524f8-0f2b-f145-c3cb-a10377ceeaba"
      },
      "encounter": {
        "reference": "urn:uuid:74614b6e-1566-c735-754f-86878f5d8f26"
      },
      "effectiveDateTime": "2024-06-07T17:36:50+00:00",
      "issued": "2024-06-07T17:36:50.051+00:00",
      "valueQuantity": {
        "value": 40.790,
        "unit": "cm",
        "system": "http://unitsofmeasure.org",
        "code": "cm"
      }
    },
    "request": {
      "method": "POST",
      "url": "Observation"
    }
  }, {
    "fullUrl": "urn:uuid:b5515126-9f86-635f-c28b-b6c4686bdd13",
    "resource": {
      "resourceType": "Observation",
      "id": "b5515126-9f86-635f-c28b-b6c4686bdd13",
      "status": "final",
      "category": {
        "coding": [ {
          "system": "http://hl7.org/fhir/observation-category",
          "code": "vital-signs",
          "display": "vital-signs"
        } ],
        "text": "vital-signs"
      },
      "code": {
        "coding": [ {
          "system": "http://loinc.org",
          "code": "85354-9",
          "display": "Blood pressure panel with all children optional"
        } ],
        "text": "Blood pressure panel with all children optional"
      },
      "subject": {
        "reference": "urn:uuid:554524f8-0f2b-f145-c3cb-a10377ceeaba"
      },
      "encounter": {
        "reference": "urn:uuid:74614b6e-1566-c735-754f-86878f5d8f26"
      },
      "effectiveDateTime": "2024-06-07T17:36:50+00:00",
      "issued": "2024-06-07T17:36:50.051+00:00",
      "component": [ {
        "code": {
          "coding": [ {
            "system": "http://loinc.org",
            "code": "8462-4",
            "display": "Diastolic Blood Pressure"
          } ],
          "text": "Diastolic Blood Pressure"
        },
        "valueQuantity": {
          "value": 83,
          "unit": "mm[Hg]",
          "system": "http://unitsofmeasure.org",
          "code": "mm[Hg]"
        }
      }, {
        "code": {
          "coding": [ {
            "system": "http://loinc.org",
            "code": "8480-6",
            "display": "Systolic Blood Pressure"
          } ],
          "text": "Systolic Blood Pressure"
        },
        "valueQuantity": {
          "value": 122,
          "unit": "mm[Hg]",
          "system": "http://unitsofmeasure.org",
          "code": "mm[Hg]"
        }
      } ]
    },
    "request": {
      "method": "POST",
      "url": "Observation"
    }
  }, {
    "fullUrl": "urn:uuid:816451ab-132d-0ae3-f85d-f198ae1e088c",
    "resource": {
      "resourceType": "Observation",
      "id": "816451ab-132d-0ae3-f85d-f198ae1e088c",
      "status": "final",
      "category": {
        "coding": [ {
          "system": "http://hl7.org/fhir/observation-category",
          "code": "vital-signs",
          "display": "vital-signs"
        } ],
        "text": "vital-signs"
      },
      "code": {
        "coding": [ {
          "system": "http://loinc.org",
          "code": "8867-4",
          "display": "Heart rate"
        } ],
        "text": "Heart rate"
      },
      "subject": {
        "reference": "urn:uuid:554524f8-0f2b-f145-c3cb-a10377ceeaba"
      },
      "encounter": {
        "reference": "urn:uuid:74614b6e-1566-c735-754f-86878f5d8f26"
      },
      "effectiveDateTime": "2024-06-07T17:36:50+00:00",
      "issued": "2024-06-07T17:36:50.051+00:00",
      "valueQuantity": {
        "value": 74,
        "unit": "/min",
        "system": "http://unitsofmeasure.org",
        "code": "/min"
      }
    },
    "request": {
      "method": "POST",
      "url": "Observation"
    }
  }, {
    "fullUrl": "urn:uuid:3177f01c-6c08-171a-a890-0374596bea76",
    "resource": {
      "resourceType": "Observation",
      "id": "3177f01c-6c08-171a-a890-0374596bea76",
      "status": "final",
      "category": {
        "coding": [ {
          "system": "http://hl7.org/fhir/observation-category",
          "code": "vital-signs",
          "display": "vital-signs"
        } ],
        "text": "vital-signs"
      },
      "code": {
        "coding": [ {
          "system": "http://loinc.org",
          "code": "9279-1",
          "display": "Respiratory rate"
        } ],
        "text": "Respiratory rate"
      },
      "subject": {
        "reference": "urn:uuid:554524f8-0f2b-f145-c3cb-a10377ceeaba"
      },
      "encounter": {
        "reference": "urn:uuid:74614b6e-1566-c735-754f-86878f5d8f26"
      },
      "effectiveDateTime": "2024-06-07T17:36:50+00:00",
      "issued": "2024-06-07T17:36:50.051+00:00",
      "valueQuantity": {
        "value": 12,
        "unit": "/min",
        "system": "http://unitsofmeasure.org",
        "code": "/min"
      }
    },
    "request": {
      "method": "POST",
      "url": "Observation"
    }
  }, {
    "fullUrl": "urn:uuid:23e899c3-7d52-296d-a59a-5eef3b03dfec",
    "resource": {
      "resourceType": "Observation",
      "id": "23e899c3-7d52-296d-a59a-5eef3b03dfec",
      "status": "final",
      "category": {
        "coding": [ {
          "system": "http://hl7.org/fhir/observation-category",
          "code": "social-history",
          "display": "social-history"
        } ],
        "text": "social-history"
      },
      "code": {
        "coding": [ {
          "system": "http://loinc.org",
          "code": "72166-2",
          "display": "Tobacco smoking status"
        } ],
        "text": "Tobacco smoking status"
      },
      "subject": {
        "reference": "urn:uuid:554524f8-0f2b-f145-c3cb-a10377ceeaba"
      },
      "encounter": {
        "reference": "urn:uuid:74614b6e-1566-c735-754f-86878f5d8f26"
      },
      "effectiveDateTime": "2024-06-07T17:36:50+00:00",
      "issued": "2024-06-07T17:36:50.051+00:00",
      "valueCodeableConcept": {
        "coding": [ {
          "system": "http://snomed.info/sct",
          "code": "266919005",
          "display": "Never smoked tobacco (finding)"
        } ],
        "text": "Never smoked tobacco (finding)"
      }
    },
    "request": {
      "method": "POST",
      "url": "Observation"
    }
  }, {
    "fullUrl": "urn:uuid:aec00690-1c2d-a155-4da9-a931ee3914c2",
    "resource": {
      "resourceType": "Procedure",
      "id": "aec00690-1c2d-a155-4da9-a931ee3914c2",
      "subject": {
        "reference": "urn:uuid:554524f8-0f2b-f145-c3cb-a10377ceeaba"
      },
      "status": "completed",
      "code": {
        "coding": [ {
          "system": "http://snomed.info/sct",
          "code": "430193006",
          "display": "Medication Reconciliation (procedure)"
        } ],
        "text": "Medication Reconciliation (procedure)"
      },
      "performedPeriod": {
        "start": "2024-06-07T17:36:50+00:00",
        "end": "2024-06-07T17:51:50+00:00"
      },
      "encounter": {
        "reference": "urn:uuid:74614b6e-1566-c735-754f-86878f5d8f26"
      }
    },
    "request": {
      "method": "POST",
      "url": "Procedure"
    }
  }, {
    "fullUrl": "urn:uuid:01a8fe2c-6f19-3712-19f9-3a995a634791",
    "resource": {
      "resourceType": "Immunization",
      "id": "01a8fe2c-6f19-3712-19f9-3a995a634791",
      "status": "completed",
      "date": "2024-06-07T17:36:50+00:00",
      "vaccineCode": {
        "coding": [ {
          "system": "http://hl7.org/fhir/sid/cvx",
          "code": "49",
          "display": "Hib (PRP-OMP)"
        } ],
        "text": "Hib (PRP-OMP)"
      },
      "patient": {
        "reference": "urn:uuid:554524f8-0f2b-f145-c3cb-a10377ceeaba"
      },
      "wasNotGiven": false,
      "reported": false,
      "encounter": {
        "reference": "urn:uuid:74614b6e-1566-c735-754f-86878f5d8f26"
      }
    },
    "request": {
      "method": "POST",
      "url": "Immunization"
    }
  }, {
    "fullUrl": "urn:uuid:6e31fa67-8fde-766c-7a44-41a944cbfbe0",
    "resource": {
      "resourceType": "Immunization",
      "id": "6e31fa67-8fde-766c-7a44-41a944cbfbe0",
      "status": "completed",
      "date": "2024-06-07T17:36:50+00:00",
      "vaccineCode": {
        "coding": [ {
          "system": "http://hl7.org/fhir/sid/cvx",
          "code": "119",
          "display": "rotavirus, monovalent"
        } ],
        "text": "rotavirus, monovalent"
      },
      "patient": {
        "reference": "urn:uuid:554524f8-0f2b-f145-c3cb-a10377ceeaba"
      },
      "wasNotGiven": false,
      "reported": false,
      "encounter": {
        "reference": "urn:uuid:74614b6e-1566-c735-754f-86878f5d8f26"
      }
    },
    "request": {
      "method": "POST",
      "url": "Immunization"
    }
  }, {
    "fullUrl": "urn:uuid:e467c0c7-be11-f885-fe39-ee2b042cfb52",
    "resource": {
      "resourceType": "Immunization",
      "id": "e467c0c7-be11-f885-fe39-ee2b042cfb52",
      "status": "completed",
      "date": "2024-06-07T17:36:50+00:00",
      "vaccineCode": {
        "coding": [ {
          "system": "http://hl7.org/fhir/sid/cvx",
          "code": "10",
          "display": "IPV"
        } ],
        "text": "IPV"
      },
      "patient": {
        "reference": "urn:uuid:554524f8-0f2b-f145-c3cb-a10377ceeaba"
      },
      "wasNotGiven": false,
      "reported": false,
      "encounter": {
        "reference": "urn:uuid:74614b6e-1566-c735-754f-86878f5d8f26"
      }
    },
    "request": {
      "method": "POST",
      "url": "Immunization"
    }
  }, {
    "fullUrl": "urn:uuid:e6fbe42f-0e47-e40f-8979-ee4cde8c971f",
    "resource": {
      "resourceType": "Immunization",
      "id": "e6fbe42f-0e47-e40f-8979-ee4cde8c971f",
      "status": "completed",
      "date": "2024-06-07T17:36:50+00:00",
      "vaccineCode": {
        "coding": [ {
          "system": "http://hl7.org/fhir/sid/cvx",
          "code": "20",
          "display": "DTaP"
        } ],
        "text": "DTaP"
      },
      "patient": {
        "reference": "urn:uuid:554524f8-0f2b-f145-c3cb-a10377ceeaba"
      },
      "wasNotGiven": false,
      "reported": false,
      "encounter": {
        "reference": "urn:uuid:74614b6e-1566-c735-754f-86878f5d8f26"
      }
    },
    "request": {
      "method": "POST",
      "url": "Immunization"
    }
  }, {
    "fullUrl": "urn:uuid:1cc42ea9-c4cf-3884-cffe-0d6ec683e78a",
    "resource": {
      "resourceType": "Immunization",
      "id": "1cc42ea9-c4cf-3884-cffe-0d6ec683e78a",
      "status": "completed",
      "date": "2024-06-07T17:36:50+00:00",
      "vaccineCode": {
        "coding": [ {
          "system": "http://hl7.org/fhir/sid/cvx",
          "code": "133",
          "display": "Pneumococcal conjugate PCV 13"
        } ],
        "text": "Pneumococcal conjugate PCV 13"
      },
      "patient": {
        "reference": "urn:uuid:554524f8-0f2b-f145-c3cb-a10377ceeaba"
      },
      "wasNotGiven": false,
      "reported": false,
      "encounter": {
        "reference": "urn:uuid:74614b6e-1566-c735-754f-86878f5d8f26"
      }
    },
    "request": {
      "method": "POST",
      "url": "Immunization"
    }
  }, {
    "fullUrl": "urn:uuid:c27884bd-e464-0672-e329-fe788571f176",
    "resource": {
      "resourceType": "Claim",
      "id": "c27884bd-e464-0672-e329-fe788571f176",
      "type": "institutional",
      "organization": {
        "reference": "Organization?identifier=https://github.com/synthetichealth/synthea|0d24cc89-3256-330c-b36d-d8de8babef84",
        "display": "CAPE COD HEALTHCARE PHYSICIANS"
      },
      "use": "complete",
      "patient": {
        "reference": "urn:uuid:554524f8-0f2b-f145-c3cb-a10377ceeaba"
      },
      "item": [ {
        "sequence": 1,
        "type": {
          "system": "http://hl7.org/fhir/v3/ActCode",
          "code": "CSINV",
          "display": "clinical service invoice"
        },
        "service": {
          "system": "http://snomed.info/sct",
          "code": "410620009",
          "display": "Well child visit (procedure)"
        }
      }, {
        "sequence": 2,
        "type": {
          "system": "http://hl7.org/fhir/v3/ActCode",
          "code": "CSINV",
          "display": "clinical service invoice"
        },
        "service": {
          "system": "http://hl7.org/fhir/sid/cvx",
          "code": "49",
          "display": "Hib (PRP-OMP)"
        },
        "net": {
          "value": 136.00,
          "system": "urn:iso:std:iso:4217",
          "code": "USD"
        }
      }, {
        "sequence": 3,
        "type": {
          "system": "http://hl7.org/fhir/v3/ActCode",
          "code": "CSINV",
          "display": "clinical service invoice"
        },
        "service": {
          "system": "http://hl7.org/fhir/sid/cvx",
          "code": "119",
          "display": "rotavirus, monovalent"
        },
        "net": {
          "value": 136.00,
          "system": "urn:iso:std:iso:4217",
          "code": "USD"
        }
      }, {
        "sequence": 4,
        "type": {
          "system": "http://hl7.org/fhir/v3/ActCode",
          "code": "CSINV",
          "display": "clinical service invoice"
        },
        "service": {
          "system": "http://hl7.org/fhir/sid/cvx",
          "code": "10",
          "display": "IPV"
        },
        "net": {
          "value": 136.00,
          "system": "urn:iso:std:iso:4217",
          "code": "USD"
        }
      }, {
        "sequence": 5,
        "type": {
          "system": "http://hl7.org/fhir/v3/ActCode",
          "code": "CSINV",
          "display": "clinical service invoice"
        },
        "service": {
          "system": "http://hl7.org/fhir/sid/cvx",
          "code": "20",
          "display": "DTaP"
        },
        "net": {
          "value": 136.00,
          "system": "urn:iso:std:iso:4217",
          "code": "USD"
        }
      }, {
        "sequence": 6,
        "type": {
          "system": "http://hl7.org/fhir/v3/ActCode",
          "code": "CSINV",
          "display": "clinical service invoice"
        },
        "service": {
          "system": "http://hl7.org/fhir/sid/cvx",
          "code": "133",
          "display": "Pneumococcal conjugate PCV 13"
        },
        "net": {
          "value": 136.00,
          "system": "urn:iso:std:iso:4217",
          "code": "USD"
        }
      }, {
        "sequence": 7,
        "type": {
          "system": "http://hl7.org/fhir/v3/ActCode",
          "code": "CSINV",
          "display": "clinical service invoice"
        },
        "service": {
          "system": "http://snomed.info/sct",
          "code": "430193006",
          "display": "Medication Reconciliation (procedure)"
        },
        "net": {
          "value": 215.70,
          "system": "urn:iso:std:iso:4217",
          "code": "USD"
        }
      } ]
    },
    "request": {
      "method": "POST",
      "url": "Claim"
    }
  }, {
    "fullUrl": "urn:uuid:8e7de029-1e75-c462-d306-1004e00eb810",
    "resource": {
      "resourceType": "Encounter",
      "id": "8e7de029-1e75-c462-d306-1004e00eb810",
      "status": "finished",
      "class": "ambulatory",
      "type": [ {
        "coding": [ {
          "system": "http://snomed.info/sct",
          "code": "410620009",
          "display": "Well child visit (procedure)"
        } ],
        "text": "Well child visit (procedure)"
      } ],
      "patient": {
        "reference": "urn:uuid:554524f8-0f2b-f145-c3cb-a10377ceeaba"
      },
      "participant": [ {
        "individual": {
          "reference": "Practitioner?identifier=http://hl7.org/fhir/sid/us-npi|9999945790",
          "display": "Dr. Will178 Bernhard322"
        }
      } ],
      "period": {
        "start": "2024-08-09T17:36:50+00:00",
        "end": "2024-08-09T17:51:50+00:00"
      },
      "serviceProvider": {
        "reference": "Organization?identifier=https://github.com/synthetichealth/synthea|0d24cc89-3256-330c-b36d-d8de8babef84",
        "display": "CAPE COD HEALTHCARE PHYSICIANS"
      }
    },
    "request": {
      "method": "POST",
      "url": "Encounter"
    }
  }, {
    "fullUrl": "urn:uuid:87950768-3cc4-f517-ff79-018c7c05797a",
    "resource": {
      "resourceType": "Condition",
      "id": "87950768-3cc4-f517-ff79-018c7c05797a",
      "patient": {
        "reference": "urn:uuid:554524f8-0f2b-f145-c3cb-a10377ceeaba"
      },
      "encounter": {
        "reference": "urn:uuid:8e7de029-1e75-c462-d306-1004e00eb810"
      },
      "dateRecorded": "2024-08-09",
      "code": {
        "coding": [ {
          "system": "http://snomed.info/sct",
          "code": "314529007",
          "display": "Medication review due (situation)"
        } ],
        "text": "Medication review due (situation)"
      },
      "category": {
        "coding": [ {
          "system": "http://hl7.org/fhir/condition-category",
          "code": "diagnosis"
        } ]
      },
      "clinicalStatus": "resolved",
      "verificationStatus": "confirmed",
      "onsetDateTime": "2024-08-09T17:36:50+00:00",
      "abatementDateTime": "2024-08-09T17:36:50+00:00"
    },
    "request": {
      "method": "POST",
      "url": "Condition"
    }
  }, {
    "fullUrl": "urn:uuid:73693d3a-a761-d6e6-da5a-ca65e472a0fa",
    "resource": {
      "resourceType": "Observation",
      "id": "73693d3a-a761-d6e6-da5a-ca65e472a0fa",
      "status": "final",
      "category": {
        "coding": [ {
          "system": "http://hl7.org/fhir/observation-category",
          "code": "vital-signs",
          "display": "vital-signs"
        } ],
        "text": "vital-signs"
      },
      "code": {
        "coding": [ {
          "system": "http://loinc.org",
          "code": "8302-2",
          "display": "Body Height"
        } ],
        "text": "Body Height"
      },
      "subject": {
        "reference": "urn:uuid:554524f8-0f2b-f145-c3cb-a10377ceeaba"
      },
      "encounter": {
        "reference": "urn:uuid:8e7de029-1e75-c462-d306-1004e00eb810"
      },
      "effectiveDateTime": "2024-08-09T17:36:50+00:00",
      "issued": "2024-08-09T17:36:50.051+00:00",
      "valueQuantity": {
        "value": 64.300,
        "unit": "cm",
        "system": "http://unitsofmeasure.org",
        "code": "cm"
      }
    },
    "request": {
      "method": "POST",
      "url": "Observation"
    }
  }, {
    "fullUrl": "urn:uuid:47af84ea-59cb-9aef-d5f9-e18ee67b204c",
    "resource": {
      "resourceType": "Observation",
      "id": "47af84ea-59cb-9aef-d5f9-e18ee67b204c",
      "status": "final",
      "category": {
        "coding": [ {
          "system": "http://hl7.org/fhir/observation-category",
          "code": "vital-signs",
          "display": "vital-signs"
        } ],
        "text": "vital-signs"
      },
      "code": {
        "coding": [ {
          "system": "http://loinc.org",
          "code": "72514-3",
          "display": "Pain severity - 0-10 verbal numeric rating [Score] - Reported"
        } ],
        "text": "Pain severity - 0-10 verbal numeric rating [Score] - Reported"
      },
      "subject": {
        "reference": "urn:uuid:554524f8-0f2b-f145-c3cb-a10377ceeaba"
      },
      "encounter": {
        "reference": "urn:uuid:8e7de029-1e75-c462-d306-1004e00eb810"
      },
      "effectiveDateTime": "2024-08-09T17:36:50+00:00",
      "issued": "2024-08-09T17:36:50.051+00:00",
      "valueQuantity": {
        "value": 1,
        "unit": "{score}",
        "system": "http://unitsofmeasure.org",
        "code": "{score}"
      }
    },
    "request": {
      "method": "POST",
      "url": "Observation"
    }
  }, {
    "fullUrl": "urn:uuid:154eeeee-ca29-fbbf-d513-5029238183f5",
    "resource": {
      "resourceType": "Observation",
      "id": "154eeeee-ca29-fbbf-d513-5029238183f5",
      "status": "final",
      "category": {
        "coding": [ {
          "system": "http://hl7.org/fhir/observation-category",
          "code": "vital-signs",
          "display": "vital-signs"
        } ],
        "text": "vital-signs"
      },
      "code": {
        "coding": [ {
          "system": "http://loinc.org",
          "code": "29463-7",
          "display": "Body Weight"
        } ],
        "text": "Body Weight"
      },
      "subject": {
        "reference": "urn:uuid:554524f8-0f2b-f145-c3cb-a10377ceeaba"
      },
      "encounter": {
        "reference": "urn:uuid:8e7de029-1e75-c462-d306-1004e00eb810"
      },
      "effectiveDateTime": "2024-08-09T17:36:50+00:00",
      "issued": "2024-08-09T17:36:50.051+00:00",
      "valueQuantity": {
        "value": 7.4000,
        "unit": "kg",
        "system": "http://unitsofmeasure.org",
        "code": "kg"
      }
    },
    "request": {
      "method": "POST",
      "url": "Observation"
    }
  }, {
    "fullUrl": "urn:uuid:9abada4b-950c-e18a-fc57-ac6ce3a34aeb",
    "resource": {
      "resourceType": "Observation",
      "id": "9abada4b-950c-e18a-fc57-ac6ce3a34aeb",
      "status": "final",
      "category": {
        "coding": [ {
          "system": "http://hl7.org/fhir/observation-category",
          "code": "vital-signs",
          "display": "vital-signs"
        } ],
        "text": "vital-signs"
      },
      "code": {
        "coding": [ {
          "system": "http://loinc.org",
          "code": "77606-2",
          "display": "Weight-for-length Per age and sex"
        } ],
        "text": "Weight-for-length Per age and sex"
      },
      "subject": {
        "reference": "urn:uuid:554524f8-0f2b-f145-c3cb-a10377ceeaba"
      },
      "encounter": {
        "reference": "urn:uuid:8e7de029-1e75-c462-d306-1004e00eb810"
      },
      "effectiveDateTime": "2024-08-09T17:36:50+00:00",
      "issued": "2024-08-09T17:36:50.051+00:00",
      "valueQuantity": {
        "value": 71.421,
        "unit": "%",
        "system": "http://unitsofmeasure.org",
        "code": "%"
      }
    },
    "request": {
      "method": "POST",
      "url": "Observation"
    }
  }, {
    "fullUrl": "urn:uuid:c48817a2-c6ad-4f50-b946-6a9ef73a4cf6",
    "resource": {
      "resourceType": "Observation",
      "id": "c48817a2-c6ad-4f50-b946-6a9ef73a4cf6",
      "status": "final",
      "category": {
        "coding": [ {
          "system": "http://hl7.org/fhir/observation-category",
          "code": "vital-signs",
          "display": "vital-signs"
        } ],
        "text": "vital-signs"
      },
      "code": {
        "coding": [ {
          "system": "http://loinc.org",
          "code": "8289-1",
          "display": "Head Occipital-frontal circumference Percentile"
        } ],
        "text": "Head Occipital-frontal circumference Percentile"
      },
      "subject": {
        "reference": "urn:uuid:554524f8-0f2b-f145-c3cb-a10377ceeaba"
      },
      "encounter": {
        "reference": "urn:uuid:8e7de029-1e75-c462-d306-1004e00eb810"
      },
      "effectiveDateTime": "2024-08-09T17:36:50+00:00",
      "issued": "2024-08-09T17:36:50.051+00:00",
      "valueQuantity": {
        "value": 25.170,
        "unit": "%",
        "system": "http://unitsofmeasure.org",
        "code": "%"
      }
    },
    "request": {
      "method": "POST",
      "url": "Observation"
    }
  }, {
    "fullUrl": "urn:uuid:66238df9-1088-2efe-5e57-f968829729a4",
    "resource": {
      "resourceType": "Observation",
      "id": "66238df9-1088-2efe-5e57-f968829729a4",
      "status": "final",
      "category": {
        "coding": [ {
          "system": "http://hl7.org/fhir/observation-category",
          "code": "vital-signs",
          "display": "vital-signs"
        } ],
        "text": "vital-signs"
      },
      "code": {
        "coding": [ {
          "system": "http://loinc.org",
          "code": "9843-4",
          "display": "Head Occipital-frontal circumference"
        } ],
        "text": "Head Occipital-frontal circumference"
      },
      "subject": {
        "reference": "urn:uuid:554524f8-0f2b-f145-c3cb-a10377ceeaba"
      },
      "encounter": {
        "reference": "urn:uuid:8e7de029-1e75-c462-d306-1004e00eb810"
      },
      "effectiveDateTime": "2024-08-09T17:36:50+00:00",
      "issued": "2024-08-09T17:36:50.051+00:00",
      "valueQuantity": {
        "value": 42.5,
        "unit": "cm",
        "system": "http://unitsofmeasure.org",
        "code": "cm"
      }
    },
    "request": {
      "method": "POST",
      "url": "Observation"
    }
  }, {
    "fullUrl": "urn:uuid:e84d7efa-a55a-c593-b949-b081f0db42d5",
    "resource": {
      "resourceType": "Observation",
      "id": "e84d7efa-a55a-c593-b949-b081f0db42d5",
      "status": "final",
      "category": {
        "coding": [ {
          "system": "http://hl7.org/fhir/observation-category",
          "code": "vital-signs",
          "display": "vital-signs"
        } ],
        "text": "vital-signs"
      },
      "code": {
        "coding": [ {
          "system": "http://loinc.org",
          "code": "85354-9",
          "display": "Blood pressure panel with all children optional"
        } ],
        "text": "Blood pressure panel with all children optional"
      },
      "subject": {
        "reference": "urn:uuid:554524f8-0f2b-f145-c3cb-a10377ceeaba"
      },
      "encounter": {
        "reference": "urn:uuid:8e7de029-1e75-c462-d306-1004e00eb810"
      },
      "effectiveDateTime": "2024-08-09T17:36:50+00:00",
      "issued": "2024-08-09T17:36:50.051+00:00",
      "component": [ {
        "code": {
          "coding": [ {
            "system": "http://loinc.org",
            "code": "8462-4",
            "display": "Diastolic Blood Pressure"
          } ],
          "text": "Diastolic Blood Pressure"
        },
        "valueQuantity": {
          "value": 75,
          "unit": "mm[Hg]",
          "system": "http://unitsofmeasure.org",
          "code": "mm[Hg]"
        }
      }, {
        "code": {
          "coding": [ {
            "system": "http://loinc.org",
            "code": "8480-6",
            "display": "Systolic Blood Pressure"
          } ],
          "text": "Systolic Blood Pressure"
        },
        "valueQuantity": {
          "value": 125,
          "unit": "mm[Hg]",
          "system": "http://unitsofmeasure.org",
          "code": "mm[Hg]"
        }
      } ]
    },
    "request": {
      "method": "POST",
      "url": "Observation"
    }
  }, {
    "fullUrl": "urn:uuid:af812e50-9d17-7ebe-6afd-7b9f39909626",
    "resource": {
      "resourceType": "Observation",
      "id": "af812e50-9d17-7ebe-6afd-7b9f39909626",
      "status": "final",
      "category": {
        "coding": [ {
          "system": "http://hl7.org/fhir/observation-category",
          "code": "vital-signs",
          "display": "vital-signs"
        } ],
        "text": "vital-signs"
      },
      "code": {
        "coding": [ {
          "system": "http://loinc.org",
          "code": "8867-4",
          "display": "Heart rate"
        } ],
        "text": "Heart rate"
      },
      "subject": {
        "reference": "urn:uuid:554524f8-0f2b-f145-c3cb-a10377ceeaba"
      },
      "encounter": {
        "reference": "urn:uuid:8e7de029-1e75-c462-d306-1004e00eb810"
      },
      "effectiveDateTime": "2024-08-09T17:36:50+00:00",
      "issued": "2024-08-09T17:36:50.051+00:00",
      "valueQuantity": {
        "value": 69,
        "unit": "/min",
        "system": "http://unitsofmeasure.org",
        "code": "/min"
      }
    },
    "request": {
      "method": "POST",
      "url": "Observation"
    }
  }, {
    "fullUrl": "urn:uuid:601ecf9c-d368-a7ec-06c4-00256622e4ae",
    "resource": {
      "resourceType": "Observation",
      "id": "601ecf9c-d368-a7ec-06c4-00256622e4ae",
      "status": "final",
      "category": {
        "coding": [ {
          "system": "http://hl7.org/fhir/observation-category",
          "code": "vital-signs",
          "display": "vital-signs"
        } ],
        "text": "vital-signs"
      },
      "code": {
        "coding": [ {
          "system": "http://loinc.org",
          "code": "9279-1",
          "display": "Respiratory rate"
        } ],
        "text": "Respiratory rate"
      },
      "subject": {
        "reference": "urn:uuid:554524f8-0f2b-f145-c3cb-a10377ceeaba"
      },
      "encounter": {
        "reference": "urn:uuid:8e7de029-1e75-c462-d306-1004e00eb810"
      },
      "effectiveDateTime": "2024-08-09T17:36:50+00:00",
      "issued": "2024-08-09T17:36:50.051+00:00",
      "valueQuantity": {
        "value": 15,
        "unit": "/min",
        "system": "http://unitsofmeasure.org",
        "code": "/min"
      }
    },
    "request": {
      "method": "POST",
      "url": "Observation"
    }
  }, {
    "fullUrl": "urn:uuid:6616daee-f738-a7e8-018a-45f45953d0b0",
    "resource": {
      "resourceType": "Observation",
      "id": "6616daee-f738-a7e8-018a-45f45953d0b0",
      "status": "final",
      "category": {
        "coding": [ {
          "system": "http://hl7.org/fhir/observation-category",
          "code": "social-history",
          "display": "social-history"
        } ],
        "text": "social-history"
      },
      "code": {
        "coding": [ {
          "system": "http://loinc.org",
          "code": "72166-2",
          "display": "Tobacco smoking status"
        } ],
        "text": "Tobacco smoking status"
      },
      "subject": {
        "reference": "urn:uuid:554524f8-0f2b-f145-c3cb-a10377ceeaba"
      },
      "encounter": {
        "reference": "urn:uuid:8e7de029-1e75-c462-d306-1004e00eb810"
      },
      "effectiveDateTime": "2024-08-09T17:36:50+00:00",
      "issued": "2024-08-09T17:36:50.051+00:00",
      "valueCodeableConcept": {
        "coding": [ {
          "system": "http://snomed.info/sct",
          "code": "266919005",
          "display": "Never smoked tobacco (finding)"
        } ],
        "text": "Never smoked tobacco (finding)"
      }
    },
    "request": {
      "method": "POST",
      "url": "Observation"
    }
  }, {
    "fullUrl": "urn:uuid:93109dd0-c9af-26db-ae9e-6607167a2ae1",
    "resource": {
      "resourceType": "Procedure",
      "id": "93109dd0-c9af-26db-ae9e-6607167a2ae1",
      "subject": {
        "reference": "urn:uuid:554524f8-0f2b-f145-c3cb-a10377ceeaba"
      },
      "status": "completed",
      "code": {
        "coding": [ {
          "system": "http://snomed.info/sct",
          "code": "430193006",
          "display": "Medication Reconciliation (procedure)"
        } ],
        "text": "Medication Reconciliation (procedure)"
      },
      "performedPeriod": {
        "start": "2024-08-09T17:36:50+00:00",
        "end": "2024-08-09T17:51:50+00:00"
      },
      "encounter": {
        "reference": "urn:uuid:8e7de029-1e75-c462-d306-1004e00eb810"
      }
    },
    "request": {
      "method": "POST",
      "url": "Procedure"
    }
  }, {
    "fullUrl": "urn:uuid:e2347dd5-d987-1733-e5ea-a73b73b4b1aa",
    "resource": {
      "resourceType": "Immunization",
      "id": "e2347dd5-d987-1733-e5ea-a73b73b4b1aa",
      "status": "completed",
      "date": "2024-08-09T17:36:50+00:00",
      "vaccineCode": {
        "coding": [ {
          "system": "http://hl7.org/fhir/sid/cvx",
          "code": "49",
          "display": "Hib (PRP-OMP)"
        } ],
        "text": "Hib (PRP-OMP)"
      },
      "patient": {
        "reference": "urn:uuid:554524f8-0f2b-f145-c3cb-a10377ceeaba"
      },
      "wasNotGiven": false,
      "reported": false,
      "encounter": {
        "reference": "urn:uuid:8e7de029-1e75-c462-d306-1004e00eb810"
      }
    },
    "request": {
      "method": "POST",
      "url": "Immunization"
    }
  }, {
    "fullUrl": "urn:uuid:19b3c10b-6783-8fc1-436d-ac6de4dd5e61",
    "resource": {
      "resourceType": "Immunization",
      "id": "19b3c10b-6783-8fc1-436d-ac6de4dd5e61",
      "status": "completed",
      "date": "2024-08-09T17:36:50+00:00",
      "vaccineCode": {
        "coding": [ {
          "system": "http://hl7.org/fhir/sid/cvx",
          "code": "119",
          "display": "rotavirus, monovalent"
        } ],
        "text": "rotavirus, monovalent"
      },
      "patient": {
        "reference": "urn:uuid:554524f8-0f2b-f145-c3cb-a10377ceeaba"
      },
      "wasNotGiven": false,
      "reported": false,
      "encounter": {
        "reference": "urn:uuid:8e7de029-1e75-c462-d306-1004e00eb810"
      }
    },
    "request": {
      "method": "POST",
      "url": "Immunization"
    }
  }, {
    "fullUrl": "urn:uuid:97b70e0a-fdc3-1047-2df1-1e37b2150c1c",
    "resource": {
      "resourceType": "Immunization",
      "id": "97b70e0a-fdc3-1047-2df1-1e37b2150c1c",
      "status": "completed",
      "date": "2024-08-09T17:36:50+00:00",
      "vaccineCode": {
        "coding": [ {
          "system": "http://hl7.org/fhir/sid/cvx",
          "code": "10",
          "display": "IPV"
        } ],
        "text": "IPV"
      },
      "patient": {
        "reference": "urn:uuid:554524f8-0f2b-f145-c3cb-a10377ceeaba"
      },
      "wasNotGiven": false,
      "reported": false,
      "encounter": {
        "reference": "urn:uuid:8e7de029-1e75-c462-d306-1004e00eb810"
      }
    },
    "request": {
      "method": "POST",
      "url": "Immunization"
    }
  }, {
    "fullUrl": "urn:uuid:f86c02c9-7bd7-0069-9a45-bc4628053781",
    "resource": {
      "resourceType": "Immunization",
      "id": "f86c02c9-7bd7-0069-9a45-bc4628053781",
      "status": "completed",
      "date": "2024-08-09T17:36:50+00:00",
      "vaccineCode": {
        "coding": [ {
          "system": "http://hl7.org/fhir/sid/cvx",
          "code": "20",
          "display": "DTaP"
        } ],
        "text": "DTaP"
      },
      "patient": {
        "reference": "urn:uuid:554524f8-0f2b-f145-c3cb-a10377ceeaba"
      },
      "wasNotGiven": false,
      "reported": false,
      "encounter": {
        "reference": "urn:uuid:8e7de029-1e75-c462-d306-1004e00eb810"
      }
    },
    "request": {
      "method": "POST",
      "url": "Immunization"
    }
  }, {
    "fullUrl": "urn:uuid:6f297989-7a77-75e5-d8f9-30175d19b7a8",
    "resource": {
      "resourceType": "Immunization",
      "id": "6f297989-7a77-75e5-d8f9-30175d19b7a8",
      "status": "completed",
      "date": "2024-08-09T17:36:50+00:00",
      "vaccineCode": {
        "coding": [ {
          "system": "http://hl7.org/fhir/sid/cvx",
          "code": "133",
          "display": "Pneumococcal conjugate PCV 13"
        } ],
        "text": "Pneumococcal conjugate PCV 13"
      },
      "patient": {
        "reference": "urn:uuid:554524f8-0f2b-f145-c3cb-a10377ceeaba"
      },
      "wasNotGiven": false,
      "reported": false,
      "encounter": {
        "reference": "urn:uuid:8e7de029-1e75-c462-d306-1004e00eb810"
      }
    },
    "request": {
      "method": "POST",
      "url": "Immunization"
    }
  }, {
    "fullUrl": "urn:uuid:0b0ae757-8002-4c36-801f-d8099a32ae12",
    "resource": {
      "resourceType": "Claim",
      "id": "0b0ae757-8002-4c36-801f-d8099a32ae12",
      "type": "institutional",
      "organization": {
        "reference": "Organization?identifier=https://github.com/synthetichealth/synthea|0d24cc89-3256-330c-b36d-d8de8babef84",
        "display": "CAPE COD HEALTHCARE PHYSICIANS"
      },
      "use": "complete",
      "diagnosis": [ {
        "sequence": 1,
        "diagnosis": {
          "system": "http://snomed.info/sct",
          "code": "314529007",
          "display": "Medication review due (situation)"
        }
      } ],
      "patient": {
        "reference": "urn:uuid:554524f8-0f2b-f145-c3cb-a10377ceeaba"
      },
      "item": [ {
        "sequence": 1,
        "type": {
          "system": "http://hl7.org/fhir/v3/ActCode",
          "code": "CSINV",
          "display": "clinical service invoice"
        },
        "service": {
          "system": "http://snomed.info/sct",
          "code": "410620009",
          "display": "Well child visit (procedure)"
        }
      }, {
        "sequence": 2,
        "type": {
          "system": "http://hl7.org/fhir/v3/ActCode",
          "code": "CSINV",
          "display": "clinical service invoice"
        },
        "service": {
          "system": "http://hl7.org/fhir/sid/cvx",
          "code": "49",
          "display": "Hib (PRP-OMP)"
        },
        "net": {
          "value": 136.00,
          "system": "urn:iso:std:iso:4217",
          "code": "USD"
        }
      }, {
        "sequence": 3,
        "type": {
          "system": "http://hl7.org/fhir/v3/ActCode",
          "code": "CSINV",
          "display": "clinical service invoice"
        },
        "service": {
          "system": "http://hl7.org/fhir/sid/cvx",
          "code": "119",
          "display": "rotavirus, monovalent"
        },
        "net": {
          "value": 136.00,
          "system": "urn:iso:std:iso:4217",
          "code": "USD"
        }
      }, {
        "sequence": 4,
        "type": {
          "system": "http://hl7.org/fhir/v3/ActCode",
          "code": "CSINV",
          "display": "clinical service invoice"
        },
        "service": {
          "system": "http://hl7.org/fhir/sid/cvx",
          "code": "10",
          "display": "IPV"
        },
        "net": {
          "value": 136.00,
          "system": "urn:iso:std:iso:4217",
          "code": "USD"
        }
      }, {
        "sequence": 5,
        "type": {
          "system": "http://hl7.org/fhir/v3/ActCode",
          "code": "CSINV",
          "display": "clinical service invoice"
        },
        "service": {
          "system": "http://hl7.org/fhir/sid/cvx",
          "code": "20",
          "display": "DTaP"
        },
        "net": {
          "value": 136.00,
          "system": "urn:iso:std:iso:4217",
          "code": "USD"
        }
      }, {
        "sequence": 6,
        "type": {
          "system": "http://hl7.org/fhir/v3/ActCode",
          "code": "CSINV",
          "display": "clinical service invoice"
        },
        "service": {
          "system": "http://hl7.org/fhir/sid/cvx",
          "code": "133",
          "display": "Pneumococcal conjugate PCV 13"
        },
        "net": {
          "value": 136.00,
          "system": "urn:iso:std:iso:4217",
          "code": "USD"
        }
      }, {
        "sequence": 8,
        "type": {
          "system": "http://hl7.org/fhir/v3/ActCode",
          "code": "CSINV",
          "display": "clinical service invoice"
        },
        "service": {
          "system": "http://snomed.info/sct",
          "code": "430193006",
          "display": "Medication Reconciliation (procedure)"
        },
        "net": {
          "value": 215.70,
          "system": "urn:iso:std:iso:4217",
          "code": "USD"
        }
      } ]
    },
    "request": {
      "method": "POST",
      "url": "Claim"
    }
  } ]
}
