{
  "resourceType": "Bundle",
  "type": "transaction",
  "entry": [ {
    "fullUrl": "urn:uuid:94f58621-a824-f4c2-1710-867686ba2006",
    "resource": {
      "resourceType": "Patient",
      "id": "94f58621-a824-f4c2-1710-867686ba2006",
      "text": {
        "status": "generated",
        "div": "<div xmlns=\"http://www.w3.org/1999/xhtml\">Generated by <a href=\"https://github.com/synthetichealth/synthea\">Synthea</a>.Version identifier: 27e32d4\n .   Person seed: -5693172903309829181  Population seed: 1720471530063</div>"
      },
      "extension": [ {
        "url": "http://hl7.org/fhir/StructureDefinition/us-core-race",
        "valueCodeableConcept": {
          "coding": [ {
            "system": "http://hl7.org/fhir/v3/Race",
            "code": "2106-3",
            "display": "White"
          } ],
          "text": "White"
        }
      }, {
        "url": "http://hl7.org/fhir/StructureDefinition/us-core-ethnicity",
        "valueCodeableConcept": {
          "coding": [ {
            "system": "http://hl7.org/fhir/v3/Ethnicity",
            "code": "2186-5",
            "display": "Not Hispanic or Latino"
          } ],
          "text": "Not Hispanic or Latino"
        }
      }, {
        "url": "http://hl7.org/fhir/StructureDefinition/patient-mothersMaidenName",
        "valueString": "Dann525 Turcotte120"
      }, {
        "url": "http://hl7.org/fhir/us/core/StructureDefinition/us-core-birthsex",
        "valueCode": "M"
      }, {
        "url": "http://hl7.org/fhir/StructureDefinition/birthPlace",
        "valueAddress": {
          "city": "Boxborough",
          "state": "Massachusetts",
          "country": "US"
        }
      }, {
        "url": "http://synthetichealth.github.io/synthea/disability-adjusted-life-years",
        "valueDecimal": 0.0
      }, {
        "url": "http://synthetichealth.github.io/synthea/quality-adjusted-life-years",
        "valueDecimal": 0.0
      } ],
      "identifier": [ {
        "system": "https://github.com/synthetichealth/synthea",
        "value": "94f58621-a824-f4c2-1710-867686ba2006"
      }, {
        "type": {
          "coding": [ {
            "system": "http://hl7.org/fhir/v2/0203",
            "code": "MR"
          } ]
        },
        "system": "http://hospital.smarthealthit.org",
        "value": "94f58621-a824-f4c2-1710-867686ba2006"
      }, {
        "type": {
          "coding": [ {
            "system": "http://hl7.org/fhir/identifier-type",
            "code": "SB"
          } ]
        },
        "system": "http://hl7.org/fhir/sid/us-ssn",
        "value": "999-53-7705"
      } ],
      "name": [ {
        "use": "official",
        "family": [ "Ruecker817" ],
        "given": [ "Clyde817", "Donn979" ]
      } ],
      "telecom": [ {
        "system": "phone",
        "value": "555-172-3729",
        "use": "home"
      } ],
      "gender": "male",
      "birthDate": "2024-05-24",
      "address": [ {
        "extension": [ {
          "url": "http://hl7.org/fhir/StructureDefinition/geolocation",
          "extension": [ {
            "url": "latitude",
            "valueDecimal": 42.45359188404714
          }, {
            "url": "longitude",
            "valueDecimal": -71.1335985787449
          } ]
        } ],
        "line": [ "726 Spencer Route" ],
        "city": "Reading",
        "state": "Massachusetts",
        "postalCode": "01867",
        "country": "US"
      } ],
      "maritalStatus": {
        "coding": [ {
          "system": "http://hl7.org/fhir/v3/MaritalStatus",
          "code": "S"
        } ]
      },
      "multipleBirthBoolean": false,
      "communication": [ {
        "language": {
          "coding": [ {
            "system": "urn:ietf:bcp:47",
            "code": "en-US",
            "display": "English (United States)"
          } ],
          "text": "English (United States)"
        }
      } ]
    },
    "request": {
      "method": "POST",
      "url": "Patient"
    }
  }, {
    "fullUrl": "urn:uuid:20490aa4-42b0-777b-697a-e61ef2ace9e5",
    "resource": {
      "resourceType": "Encounter",
      "id": "20490aa4-42b0-777b-697a-e61ef2ace9e5",
      "status": "finished",
      "class": "ambulatory",
      "type": [ {
        "coding": [ {
          "system": "http://snomed.info/sct",
          "code": "410620009",
          "display": "Well child visit (procedure)"
        } ],
        "text": "Well child visit (procedure)"
      } ],
      "patient": {
        "reference": "urn:uuid:94f58621-a824-f4c2-1710-867686ba2006"
      },
      "participant": [ {
        "individual": {
          "reference": "Practitioner?identifier=http://hl7.org/fhir/sid/us-npi|9999943597",
          "display": "Dr. Pearlie554 Lakin515"
        }
      } ],
      "period": {
        "start": "2024-05-24T03:11:04+00:00",
        "end": "2024-05-24T03:26:04+00:00"
      },
      "serviceProvider": {
        "reference": "Organization?identifier=https://github.com/synthetichealth/synthea|980d9bfa-a344-3bff-8c02-232dd0e8fd34",
        "display": "EDEN HOME HEALTH CARE LLC"
      }
    },
    "request": {
      "method": "POST",
      "url": "Encounter"
    }
  }, {
    "fullUrl": "urn:uuid:b5e077d9-adef-cb78-5c4b-ff26b15c956c",
    "resource": {
      "resourceType": "Condition",
      "id": "b5e077d9-adef-cb78-5c4b-ff26b15c956c",
      "patient": {
        "reference": "urn:uuid:94f58621-a824-f4c2-1710-867686ba2006"
      },
      "encounter": {
        "reference": "urn:uuid:20490aa4-42b0-777b-697a-e61ef2ace9e5"
      },
      "dateRecorded": "2024-05-24",
      "code": {
        "coding": [ {
          "system": "http://snomed.info/sct",
          "code": "314529007",
          "display": "Medication review due (situation)"
        } ],
        "text": "Medication review due (situation)"
      },
      "category": {
        "coding": [ {
          "system": "http://hl7.org/fhir/condition-category",
          "code": "diagnosis"
        } ]
      },
      "clinicalStatus": "resolved",
      "verificationStatus": "confirmed",
      "onsetDateTime": "2024-05-24T03:11:04+00:00",
      "abatementDateTime": "2024-05-24T03:11:04+00:00"
    },
    "request": {
      "method": "POST",
      "url": "Condition"
    }
  }, {
    "fullUrl": "urn:uuid:e09e5860-82da-9371-60cd-95457338c6e7",
    "resource": {
      "resourceType": "Observation",
      "id": "e09e5860-82da-9371-60cd-95457338c6e7",
      "status": "final",
      "category": {
        "coding": [ {
          "system": "http://hl7.org/fhir/observation-category",
          "code": "vital-signs",
          "display": "vital-signs"
        } ],
        "text": "vital-signs"
      },
      "code": {
        "coding": [ {
          "system": "http://loinc.org",
          "code": "8302-2",
          "display": "Body Height"
        } ],
        "text": "Body Height"
      },
      "subject": {
        "reference": "urn:uuid:94f58621-a824-f4c2-1710-867686ba2006"
      },
      "encounter": {
        "reference": "urn:uuid:20490aa4-42b0-777b-697a-e61ef2ace9e5"
      },
      "effectiveDateTime": "2024-05-24T03:11:04+00:00",
      "issued": "2024-05-24T03:11:04.539+00:00",
      "valueQuantity": {
        "value": 54.100,
        "unit": "cm",
        "system": "http://unitsofmeasure.org",
        "code": "cm"
      }
    },
    "request": {
      "method": "POST",
      "url": "Observation"
    }
  }, {
    "fullUrl": "urn:uuid:2d47f065-6216-92bb-1ac5-8a27590839a4",
    "resource": {
      "resourceType": "Observation",
      "id": "2d47f065-6216-92bb-1ac5-8a27590839a4",
      "status": "final",
      "category": {
        "coding": [ {
          "system": "http://hl7.org/fhir/observation-category",
          "code": "vital-signs",
          "display": "vital-signs"
        } ],
        "text": "vital-signs"
      },
      "code": {
        "coding": [ {
          "system": "http://loinc.org",
          "code": "72514-3",
          "display": "Pain severity - 0-10 verbal numeric rating [Score] - Reported"
        } ],
        "text": "Pain severity - 0-10 verbal numeric rating [Score] - Reported"
      },
      "subject": {
        "reference": "urn:uuid:94f58621-a824-f4c2-1710-867686ba2006"
      },
      "encounter": {
        "reference": "urn:uuid:20490aa4-42b0-777b-697a-e61ef2ace9e5"
      },
      "effectiveDateTime": "2024-05-24T03:11:04+00:00",
      "issued": "2024-05-24T03:11:04.539+00:00",
      "valueQuantity": {
        "value": 2,
        "unit": "{score}",
        "system": "http://unitsofmeasure.org",
        "code": "{score}"
      }
    },
    "request": {
      "method": "POST",
      "url": "Observation"
    }
  }, {
    "fullUrl": "urn:uuid:faacec48-82f6-396b-e2d4-fe6d4aeaa851",
    "resource": {
      "resourceType": "Observation",
      "id": "faacec48-82f6-396b-e2d4-fe6d4aeaa851",
      "status": "final",
      "category": {
        "coding": [ {
          "system": "http://hl7.org/fhir/observation-category",
          "code": "vital-signs",
          "display": "vital-signs"
        } ],
        "text": "vital-signs"
      },
      "code": {
        "coding": [ {
          "system": "http://loinc.org",
          "code": "29463-7",
          "display": "Body Weight"
        } ],
        "text": "Body Weight"
      },
      "subject": {
        "reference": "urn:uuid:94f58621-a824-f4c2-1710-867686ba2006"
      },
      "encounter": {
        "reference": "urn:uuid:20490aa4-42b0-777b-697a-e61ef2ace9e5"
      },
      "effectiveDateTime": "2024-05-24T03:11:04+00:00",
      "issued": "2024-05-24T03:11:04.539+00:00",
      "valueQuantity": {
        "value": 3.6000,
        "unit": "kg",
        "system": "http://unitsofmeasure.org",
        "code": "kg"
      }
    },
    "request": {
      "method": "POST",
      "url": "Observation"
    }
  }, {
    "fullUrl": "urn:uuid:fb2390b1-ef5a-de94-065e-22559a2da56b",
    "resource": {
      "resourceType": "Observation",
      "id": "fb2390b1-ef5a-de94-065e-22559a2da56b",
      "status": "final",
      "category": {
        "coding": [ {
          "system": "http://hl7.org/fhir/observation-category",
          "code": "vital-signs",
          "display": "vital-signs"
        } ],
        "text": "vital-signs"
      },
      "code": {
        "coding": [ {
          "system": "http://loinc.org",
          "code": "77606-2",
          "display": "Weight-for-length Per age and sex"
        } ],
        "text": "Weight-for-length Per age and sex"
      },
      "subject": {
        "reference": "urn:uuid:94f58621-a824-f4c2-1710-867686ba2006"
      },
      "encounter": {
        "reference": "urn:uuid:20490aa4-42b0-777b-697a-e61ef2ace9e5"
      },
      "effectiveDateTime": "2024-05-24T03:11:04+00:00",
      "issued": "2024-05-24T03:11:04.539+00:00",
      "valueQuantity": {
        "value": 0.71730,
        "unit": "%",
        "system": "http://unitsofmeasure.org",
        "code": "%"
      }
    },
    "request": {
      "method": "POST",
      "url": "Observation"
    }
  }, {
    "fullUrl": "urn:uuid:7d09b4a5-c6e6-6a87-b951-d530bb0c2ccb",
    "resource": {
      "resourceType": "Observation",
      "id": "7d09b4a5-c6e6-6a87-b951-d530bb0c2ccb",
      "status": "final",
      "category": {
        "coding": [ {
          "system": "http://hl7.org/fhir/observation-category",
          "code": "vital-signs",
          "display": "vital-signs"
        } ],
        "text": "vital-signs"
      },
      "code": {
        "coding": [ {
          "system": "http://loinc.org",
          "code": "8289-1",
          "display": "Head Occipital-frontal circumference Percentile"
        } ],
        "text": "Head Occipital-frontal circumference Percentile"
      },
      "subject": {
        "reference": "urn:uuid:94f58621-a824-f4c2-1710-867686ba2006"
      },
      "encounter": {
        "reference": "urn:uuid:20490aa4-42b0-777b-697a-e61ef2ace9e5"
      },
      "effectiveDateTime": "2024-05-24T03:11:04+00:00",
      "issued": "2024-05-24T03:11:04.539+00:00",
      "valueQuantity": {
        "value": 73.75,
        "unit": "%",
        "system": "http://unitsofmeasure.org",
        "code": "%"
      }
    },
    "request": {
      "method": "POST",
      "url": "Observation"
    }
  }, {
    "fullUrl": "urn:uuid:306d884e-cc2c-1860-77c9-057df0700b53",
    "resource": {
      "resourceType": "Observation",
      "id": "306d884e-cc2c-1860-77c9-057df0700b53",
      "status": "final",
      "category": {
        "coding": [ {
          "system": "http://hl7.org/fhir/observation-category",
          "code": "vital-signs",
          "display": "vital-signs"
        } ],
        "text": "vital-signs"
      },
      "code": {
        "coding": [ {
          "system": "http://loinc.org",
          "code": "9843-4",
          "display": "Head Occipital-frontal circumference"
        } ],
        "text": "Head Occipital-frontal circumference"
      },
      "subject": {
        "reference": "urn:uuid:94f58621-a824-f4c2-1710-867686ba2006"
      },
      "encounter": {
        "reference": "urn:uuid:20490aa4-42b0-777b-697a-e61ef2ace9e5"
      },
      "effectiveDateTime": "2024-05-24T03:11:04+00:00",
      "issued": "2024-05-24T03:11:04.539+00:00",
      "valueQuantity": {
        "value": 36.940,
        "unit": "cm",
        "system": "http://unitsofmeasure.org",
        "code": "cm"
      }
    },
    "request": {
      "method": "POST",
      "url": "Observation"
    }
  }, {
    "fullUrl": "urn:uuid:0c5a4b28-59e6-10ca-e67a-cbb1344c27aa",
    "resource": {
      "resourceType": "Observation",
      "id": "0c5a4b28-59e6-10ca-e67a-cbb1344c27aa",
      "status": "final",
      "category": {
        "coding": [ {
          "system": "http://hl7.org/fhir/observation-category",
          "code": "vital-signs",
          "display": "vital-signs"
        } ],
        "text": "vital-signs"
      },
      "code": {
        "coding": [ {
          "system": "http://loinc.org",
          "code": "85354-9",
          "display": "Blood pressure panel with all children optional"
        } ],
        "text": "Blood pressure panel with all children optional"
      },
      "subject": {
        "reference": "urn:uuid:94f58621-a824-f4c2-1710-867686ba2006"
      },
      "encounter": {
        "reference": "urn:uuid:20490aa4-42b0-777b-697a-e61ef2ace9e5"
      },
      "effectiveDateTime": "2024-05-24T03:11:04+00:00",
      "issued": "2024-05-24T03:11:04.539+00:00",
      "component": [ {
        "code": {
          "coding": [ {
            "system": "http://loinc.org",
            "code": "8462-4",
            "display": "Diastolic Blood Pressure"
          } ],
          "text": "Diastolic Blood Pressure"
        },
        "valueQuantity": {
          "value": 85,
          "unit": "mm[Hg]",
          "system": "http://unitsofmeasure.org",
          "code": "mm[Hg]"
        }
      }, {
        "code": {
          "coding": [ {
            "system": "http://loinc.org",
            "code": "8480-6",
            "display": "Systolic Blood Pressure"
          } ],
          "text": "Systolic Blood Pressure"
        },
        "valueQuantity": {
          "value": 136,
          "unit": "mm[Hg]",
          "system": "http://unitsofmeasure.org",
          "code": "mm[Hg]"
        }
      } ]
    },
    "request": {
      "method": "POST",
      "url": "Observation"
    }
  }, {
    "fullUrl": "urn:uuid:e4f8b1ab-f5e8-b77c-a983-a0ab9bb32c14",
    "resource": {
      "resourceType": "Observation",
      "id": "e4f8b1ab-f5e8-b77c-a983-a0ab9bb32c14",
      "status": "final",
      "category": {
        "coding": [ {
          "system": "http://hl7.org/fhir/observation-category",
          "code": "vital-signs",
          "display": "vital-signs"
        } ],
        "text": "vital-signs"
      },
      "code": {
        "coding": [ {
          "system": "http://loinc.org",
          "code": "8867-4",
          "display": "Heart rate"
        } ],
        "text": "Heart rate"
      },
      "subject": {
        "reference": "urn:uuid:94f58621-a824-f4c2-1710-867686ba2006"
      },
      "encounter": {
        "reference": "urn:uuid:20490aa4-42b0-777b-697a-e61ef2ace9e5"
      },
      "effectiveDateTime": "2024-05-24T03:11:04+00:00",
      "issued": "2024-05-24T03:11:04.539+00:00",
      "valueQuantity": {
        "value": 87,
        "unit": "/min",
        "system": "http://unitsofmeasure.org",
        "code": "/min"
      }
    },
    "request": {
      "method": "POST",
      "url": "Observation"
    }
  }, {
    "fullUrl": "urn:uuid:480978dd-3000-e66f-3ebe-c13b5e5abe20",
    "resource": {
      "resourceType": "Observation",
      "id": "480978dd-3000-e66f-3ebe-c13b5e5abe20",
      "status": "final",
      "category": {
        "coding": [ {
          "system": "http://hl7.org/fhir/observation-category",
          "code": "vital-signs",
          "display": "vital-signs"
        } ],
        "text": "vital-signs"
      },
      "code": {
        "coding": [ {
          "system": "http://loinc.org",
          "code": "9279-1",
          "display": "Respiratory rate"
        } ],
        "text": "Respiratory rate"
      },
      "subject": {
        "reference": "urn:uuid:94f58621-a824-f4c2-1710-867686ba2006"
      },
      "encounter": {
        "reference": "urn:uuid:20490aa4-42b0-777b-697a-e61ef2ace9e5"
      },
      "effectiveDateTime": "2024-05-24T03:11:04+00:00",
      "issued": "2024-05-24T03:11:04.539+00:00",
      "valueQuantity": {
        "value": 13,
        "unit": "/min",
        "system": "http://unitsofmeasure.org",
        "code": "/min"
      }
    },
    "request": {
      "method": "POST",
      "url": "Observation"
    }
  }, {
    "fullUrl": "urn:uuid:33a40806-c665-fe90-f165-89d0c5478f30",
    "resource": {
      "resourceType": "Observation",
      "id": "33a40806-c665-fe90-f165-89d0c5478f30",
      "status": "final",
      "category": {
        "coding": [ {
          "system": "http://hl7.org/fhir/observation-category",
          "code": "laboratory",
          "display": "laboratory"
        } ],
        "text": "laboratory"
      },
      "code": {
        "coding": [ {
          "system": "http://loinc.org",
          "code": "6690-2",
          "display": "Leukocytes [#/volume] in Blood by Automated count"
        } ],
        "text": "Leukocytes [#/volume] in Blood by Automated count"
      },
      "subject": {
        "reference": "urn:uuid:94f58621-a824-f4c2-1710-867686ba2006"
      },
      "encounter": {
        "reference": "urn:uuid:20490aa4-42b0-777b-697a-e61ef2ace9e5"
      },
      "effectiveDateTime": "2024-05-24T03:11:04+00:00",
      "issued": "2024-05-24T03:11:04.539+00:00",
      "valueQuantity": {
        "value": 7.2861,
        "unit": "10*3/uL",
        "system": "http://unitsofmeasure.org",
        "code": "10*3/uL"
      }
    },
    "request": {
      "method": "POST",
      "url": "Observation"
    }
  }, {
    "fullUrl": "urn:uuid:841a3b52-13be-69ab-d2ea-b6a9e7e44460",
    "resource": {
      "resourceType": "Observation",
      "id": "841a3b52-13be-69ab-d2ea-b6a9e7e44460",
      "status": "final",
      "category": {
        "coding": [ {
          "system": "http://hl7.org/fhir/observation-category",
          "code": "laboratory",
          "display": "laboratory"
        } ],
        "text": "laboratory"
      },
      "code": {
        "coding": [ {
          "system": "http://loinc.org",
          "code": "789-8",
          "display": "Erythrocytes [#/volume] in Blood by Automated count"
        } ],
        "text": "Erythrocytes [#/volume] in Blood by Automated count"
      },
      "subject": {
        "reference": "urn:uuid:94f58621-a824-f4c2-1710-867686ba2006"
      },
      "encounter": {
        "reference": "urn:uuid:20490aa4-42b0-777b-697a-e61ef2ace9e5"
      },
      "effectiveDateTime": "2024-05-24T03:11:04+00:00",
      "issued": "2024-05-24T03:11:04.539+00:00",
      "valueQuantity": {
        "value": 5.0034,
        "unit": "10*6/uL",
        "system": "http://unitsofmeasure.org",
        "code": "10*6/uL"
      }
    },
    "request": {
      "method": "POST",
      "url": "Observation"
    }
  }, {
    "fullUrl": "urn:uuid:7c1d9d95-6d4f-7149-8d06-01a8d9027555",
    "resource": {
      "resourceType": "Observation",
      "id": "7c1d9d95-6d4f-7149-8d06-01a8d9027555",
      "status": "final",
      "category": {
        "coding": [ {
          "system": "http://hl7.org/fhir/observation-category",
          "code": "laboratory",
          "display": "laboratory"
        } ],
        "text": "laboratory"
      },
      "code": {
        "coding": [ {
          "system": "http://loinc.org",
          "code": "718-7",
          "display": "Hemoglobin [Mass/volume] in Blood"
        } ],
        "text": "Hemoglobin [Mass/volume] in Blood"
      },
      "subject": {
        "reference": "urn:uuid:94f58621-a824-f4c2-1710-867686ba2006"
      },
      "encounter": {
        "reference": "urn:uuid:20490aa4-42b0-777b-697a-e61ef2ace9e5"
      },
      "effectiveDateTime": "2024-05-24T03:11:04+00:00",
      "issued": "2024-05-24T03:11:04.539+00:00",
      "valueQuantity": {
        "value": 14.557,
        "unit": "g/dL",
        "system": "http://unitsofmeasure.org",
        "code": "g/dL"
      }
    },
    "request": {
      "method": "POST",
      "url": "Observation"
    }
  }, {
    "fullUrl": "urn:uuid:32cd482e-ebac-fc03-a2a5-59bbe71c4b49",
    "resource": {
      "resourceType": "Observation",
      "id": "32cd482e-ebac-fc03-a2a5-59bbe71c4b49",
      "status": "final",
      "category": {
        "coding": [ {
          "system": "http://hl7.org/fhir/observation-category",
          "code": "laboratory",
          "display": "laboratory"
        } ],
        "text": "laboratory"
      },
      "code": {
        "coding": [ {
          "system": "http://loinc.org",
          "code": "4544-3",
          "display": "Hematocrit [Volume Fraction] of Blood by Automated count"
        } ],
        "text": "Hematocrit [Volume Fraction] of Blood by Automated count"
      },
      "subject": {
        "reference": "urn:uuid:94f58621-a824-f4c2-1710-867686ba2006"
      },
      "encounter": {
        "reference": "urn:uuid:20490aa4-42b0-777b-697a-e61ef2ace9e5"
      },
      "effectiveDateTime": "2024-05-24T03:11:04+00:00",
      "issued": "2024-05-24T03:11:04.539+00:00",
      "valueQuantity": {
        "value": 43.284,
        "unit": "%",
        "system": "http://unitsofmeasure.org",
        "code": "%"
      }
    },
    "request": {
      "method": "POST",
      "url": "Observation"
    }
  }, {
    "fullUrl": "urn:uuid:55a02472-8cdd-ba20-35e3-f93d00acde85",
    "resource": {
      "resourceType": "Observation",
      "id": "55a02472-8cdd-ba20-35e3-f93d00acde85",
      "status": "final",
      "category": {
        "coding": [ {
          "system": "http://hl7.org/fhir/observation-category",
          "code": "laboratory",
          "display": "laboratory"
        } ],
        "text": "laboratory"
      },
      "code": {
        "coding": [ {
          "system": "http://loinc.org",
          "code": "787-2",
          "display": "MCV [Entitic volume] by Automated count"
        } ],
        "text": "MCV [Entitic volume] by Automated count"
      },
      "subject": {
        "reference": "urn:uuid:94f58621-a824-f4c2-1710-867686ba2006"
      },
      "encounter": {
        "reference": "urn:uuid:20490aa4-42b0-777b-697a-e61ef2ace9e5"
      },
      "effectiveDateTime": "2024-05-24T03:11:04+00:00",
      "issued": "2024-05-24T03:11:04.539+00:00",
      "valueQuantity": {
        "value": 82.454,
        "unit": "fL",
        "system": "http://unitsofmeasure.org",
        "code": "fL"
      }
    },
    "request": {
      "method": "POST",
      "url": "Observation"
    }
  }, {
    "fullUrl": "urn:uuid:c21874ac-bc92-4453-99bb-d41c85a35707",
    "resource": {
      "resourceType": "Observation",
      "id": "c21874ac-bc92-4453-99bb-d41c85a35707",
      "status": "final",
      "category": {
        "coding": [ {
          "system": "http://hl7.org/fhir/observation-category",
          "code": "laboratory",
          "display": "laboratory"
        } ],
        "text": "laboratory"
      },
      "code": {
        "coding": [ {
          "system": "http://loinc.org",
          "code": "785-6",
          "display": "MCH [Entitic mass] by Automated count"
        } ],
        "text": "MCH [Entitic mass] by Automated count"
      },
      "subject": {
        "reference": "urn:uuid:94f58621-a824-f4c2-1710-867686ba2006"
      },
      "encounter": {
        "reference": "urn:uuid:20490aa4-42b0-777b-697a-e61ef2ace9e5"
      },
      "effectiveDateTime": "2024-05-24T03:11:04+00:00",
      "issued": "2024-05-24T03:11:04.539+00:00",
      "valueQuantity": {
        "value": 28.950,
        "unit": "pg",
        "system": "http://unitsofmeasure.org",
        "code": "pg"
      }
    },
    "request": {
      "method": "POST",
      "url": "Observation"
    }
  }, {
    "fullUrl": "urn:uuid:9993cff6-804c-e376-183e-47c900053ef2",
    "resource": {
      "resourceType": "Observation",
      "id": "9993cff6-804c-e376-183e-47c900053ef2",
      "status": "final",
      "category": {
        "coding": [ {
          "system": "http://hl7.org/fhir/observation-category",
          "code": "laboratory",
          "display": "laboratory"
        } ],
        "text": "laboratory"
      },
      "code": {
        "coding": [ {
          "system": "http://loinc.org",
          "code": "786-4",
          "display": "MCHC [Mass/volume] by Automated count"
        } ],
        "text": "MCHC [Mass/volume] by Automated count"
      },
      "subject": {
        "reference": "urn:uuid:94f58621-a824-f4c2-1710-867686ba2006"
      },
      "encounter": {
        "reference": "urn:uuid:20490aa4-42b0-777b-697a-e61ef2ace9e5"
      },
      "effectiveDateTime": "2024-05-24T03:11:04+00:00",
      "issued": "2024-05-24T03:11:04.539+00:00",
      "valueQuantity": {
        "value": 34.843,
        "unit": "g/dL",
        "system": "http://unitsofmeasure.org",
        "code": "g/dL"
      }
    },
    "request": {
      "method": "POST",
      "url": "Observation"
    }
  }, {
    "fullUrl": "urn:uuid:4e46225d-a1ff-c163-88fc-66f9071cc095",
    "resource": {
      "resourceType": "Observation",
      "id": "4e46225d-a1ff-c163-88fc-66f9071cc095",
      "status": "final",
      "category": {
        "coding": [ {
          "system": "http://hl7.org/fhir/observation-category",
          "code": "laboratory",
          "display": "laboratory"
        } ],
        "text": "laboratory"
      },
      "code": {
        "coding": [ {
          "system": "http://loinc.org",
          "code": "21000-5",
          "display": "Erythrocyte distribution width [Entitic volume] by Automated count"
        } ],
        "text": "Erythrocyte distribution width [Entitic volume] by Automated count"
      },
      "subject": {
        "reference": "urn:uuid:94f58621-a824-f4c2-1710-867686ba2006"
      },
      "encounter": {
        "reference": "urn:uuid:20490aa4-42b0-777b-697a-e61ef2ace9e5"
      },
      "effectiveDateTime": "2024-05-24T03:11:04+00:00",
      "issued": "2024-05-24T03:11:04.539+00:00",
      "valueQuantity": {
        "value": 42.168,
        "unit": "fL",
        "system": "http://unitsofmeasure.org",
        "code": "fL"
      }
    },
    "request": {
      "method": "POST",
      "url": "Observation"
    }
  }, {
    "fullUrl": "urn:uuid:02a876fd-1461-022c-b331-29edb6377b27",
    "resource": {
      "resourceType": "Observation",
      "id": "02a876fd-1461-022c-b331-29edb6377b27",
      "status": "final",
      "category": {
        "coding": [ {
          "system": "http://hl7.org/fhir/observation-category",
          "code": "laboratory",
          "display": "laboratory"
        } ],
        "text": "laboratory"
      },
      "code": {
        "coding": [ {
          "system": "http://loinc.org",
          "code": "777-3",
          "display": "Platelets [#/volume] in Blood by Automated count"
        } ],
        "text": "Platelets [#/volume] in Blood by Automated count"
      },
      "subject": {
        "reference": "urn:uuid:94f58621-a824-f4c2-1710-867686ba2006"
      },
      "encounter": {
        "reference": "urn:uuid:20490aa4-42b0-777b-697a-e61ef2ace9e5"
      },
      "effectiveDateTime": "2024-05-24T03:11:04+00:00",
      "issued": "2024-05-24T03:11:04.539+00:00",
      "valueQuantity": {
        "value": 321.65,
        "unit": "10*3/uL",
        "system": "http://unitsofmeasure.org",
        "code": "10*3/uL"
      }
    },
    "request": {
      "method": "POST",
      "url": "Observation"
    }
  }, {
    "fullUrl": "urn:uuid:7596e41b-d5e2-0a65-0c74-47cdd9f50097",
    "resource": {
      "resourceType": "Observation",
      "id": "7596e41b-d5e2-0a65-0c74-47cdd9f50097",
      "status": "final",
      "category": {
        "coding": [ {
          "system": "http://hl7.org/fhir/observation-category",
          "code": "laboratory",
          "display": "laboratory"
        } ],
        "text": "laboratory"
      },
      "code": {
        "coding": [ {
          "system": "http://loinc.org",
          "code": "32207-3",
          "display": "Platelet distribution width [Entitic volume] in Blood by Automated count"
        } ],
        "text": "Platelet distribution width [Entitic volume] in Blood by Automated count"
      },
      "subject": {
        "reference": "urn:uuid:94f58621-a824-f4c2-1710-867686ba2006"
      },
      "encounter": {
        "reference": "urn:uuid:20490aa4-42b0-777b-697a-e61ef2ace9e5"
      },
      "effectiveDateTime": "2024-05-24T03:11:04+00:00",
      "issued": "2024-05-24T03:11:04.539+00:00",
      "valueQuantity": {
        "value": 193.18,
        "unit": "fL",
        "system": "http://unitsofmeasure.org",
        "code": "fL"
      }
    },
    "request": {
      "method": "POST",
      "url": "Observation"
    }
  }, {
    "fullUrl": "urn:uuid:32f0f176-5c28-d243-f017-181b664d3bfb",
    "resource": {
      "resourceType": "Observation",
      "id": "32f0f176-5c28-d243-f017-181b664d3bfb",
      "status": "final",
      "category": {
        "coding": [ {
          "system": "http://hl7.org/fhir/observation-category",
          "code": "laboratory",
          "display": "laboratory"
        } ],
        "text": "laboratory"
      },
      "code": {
        "coding": [ {
          "system": "http://loinc.org",
          "code": "32623-1",
          "display": "Platelet mean volume [Entitic volume] in Blood by Automated count"
        } ],
        "text": "Platelet mean volume [Entitic volume] in Blood by Automated count"
      },
      "subject": {
        "reference": "urn:uuid:94f58621-a824-f4c2-1710-867686ba2006"
      },
      "encounter": {
        "reference": "urn:uuid:20490aa4-42b0-777b-697a-e61ef2ace9e5"
      },
      "effectiveDateTime": "2024-05-24T03:11:04+00:00",
      "issued": "2024-05-24T03:11:04.539+00:00",
      "valueQuantity": {
        "value": 11.304,
        "unit": "fL",
        "system": "http://unitsofmeasure.org",
        "code": "fL"
      }
    },
    "request": {
      "method": "POST",
      "url": "Observation"
    }
  }, {
    "fullUrl": "urn:uuid:cd4ca378-6a48-c37c-9478-f694bd88d208",
    "resource": {
      "resourceType": "Observation",
      "id": "cd4ca378-6a48-c37c-9478-f694bd88d208",
      "status": "final",
      "category": {
        "coding": [ {
          "system": "http://hl7.org/fhir/observation-category",
          "code": "social-history",
          "display": "social-history"
        } ],
        "text": "social-history"
      },
      "code": {
        "coding": [ {
          "system": "http://loinc.org",
          "code": "72166-2",
          "display": "Tobacco smoking status"
        } ],
        "text": "Tobacco smoking status"
      },
      "subject": {
        "reference": "urn:uuid:94f58621-a824-f4c2-1710-867686ba2006"
      },
      "encounter": {
        "reference": "urn:uuid:20490aa4-42b0-777b-697a-e61ef2ace9e5"
      },
      "effectiveDateTime": "2024-05-24T03:11:04+00:00",
      "issued": "2024-05-24T03:11:04.539+00:00",
      "valueCodeableConcept": {
        "coding": [ {
          "system": "http://snomed.info/sct",
          "code": "266919005",
          "display": "Never smoked tobacco (finding)"
        } ],
        "text": "Never smoked tobacco (finding)"
      }
    },
    "request": {
      "method": "POST",
      "url": "Observation"
    }
  }, {
    "fullUrl": "urn:uuid:1b854bc6-b942-a6e3-2968-598cd5f10243",
    "resource": {
      "resourceType": "Procedure",
      "id": "1b854bc6-b942-a6e3-2968-598cd5f10243",
      "subject": {
        "reference": "urn:uuid:94f58621-a824-f4c2-1710-867686ba2006"
      },
      "status": "completed",
      "code": {
        "coding": [ {
          "system": "http://snomed.info/sct",
          "code": "430193006",
          "display": "Medication Reconciliation (procedure)"
        } ],
        "text": "Medication Reconciliation (procedure)"
      },
      "performedPeriod": {
        "start": "2024-05-24T03:11:04+00:00",
        "end": "2024-05-24T03:26:04+00:00"
      },
      "encounter": {
        "reference": "urn:uuid:20490aa4-42b0-777b-697a-e61ef2ace9e5"
      }
    },
    "request": {
      "method": "POST",
      "url": "Procedure"
    }
  }, {
    "fullUrl": "urn:uuid:965aa166-5ae2-93cf-7e6e-044ab0e251cc",
    "resource": {
      "resourceType": "Immunization",
      "id": "965aa166-5ae2-93cf-7e6e-044ab0e251cc",
      "status": "completed",
      "date": "2024-05-24T03:11:04+00:00",
      "vaccineCode": {
        "coding": [ {
          "system": "http://hl7.org/fhir/sid/cvx",
          "code": "08",
          "display": "Hep B, adolescent or pediatric"
        } ],
        "text": "Hep B, adolescent or pediatric"
      },
      "patient": {
        "reference": "urn:uuid:94f58621-a824-f4c2-1710-867686ba2006"
      },
      "wasNotGiven": false,
      "reported": false,
      "encounter": {
        "reference": "urn:uuid:20490aa4-42b0-777b-697a-e61ef2ace9e5"
      }
    },
    "request": {
      "method": "POST",
      "url": "Immunization"
    }
  }, {
    "fullUrl": "urn:uuid:f3f27837-a38e-dc73-e3d1-cf30c270e6b1",
    "resource": {
      "resourceType": "DiagnosticReport",
      "id": "f3f27837-a38e-dc73-e3d1-cf30c270e6b1",
      "status": "final",
      "category": {
        "coding": [ {
          "system": "http://hl7.org/fhir/ValueSet/diagnostic-service-sections",
          "code": "LAB"
        } ]
      },
      "code": {
        "coding": [ {
          "system": "http://loinc.org",
          "code": "58410-2",
          "display": "CBC panel - Blood by Automated count"
        } ],
        "text": "CBC panel - Blood by Automated count"
      },
      "subject": {
        "reference": "urn:uuid:94f58621-a824-f4c2-1710-867686ba2006"
      },
      "encounter": {
        "reference": "urn:uuid:20490aa4-42b0-777b-697a-e61ef2ace9e5"
      },
      "effectiveDateTime": "2024-05-24T03:11:04+00:00",
      "issued": "2024-05-24T03:11:04.539+00:00",
      "performer": {
        "reference": "Organization?identifier=https://github.com/synthetichealth/synthea|980d9bfa-a344-3bff-8c02-232dd0e8fd34",
        "display": "EDEN HOME HEALTH CARE LLC"
      },
      "result": [ {
        "reference": "urn:uuid:32f0f176-5c28-d243-f017-181b664d3bfb",
        "display": "Platelet mean volume [Entitic volume] in Blood by Automated count"
      } ]
    },
    "request": {
      "method": "POST",
      "url": "DiagnosticReport"
    }
  }, {
    "fullUrl": "urn:uuid:5457979e-6e80-752f-0e8b-64780e229442",
    "resource": {
      "resourceType": "Claim",
      "id": "5457979e-6e80-752f-0e8b-64780e229442",
      "type": "institutional",
      "organization": {
        "reference": "Organization?identifier=https://github.com/synthetichealth/synthea|980d9bfa-a344-3bff-8c02-232dd0e8fd34",
        "display": "EDEN HOME HEALTH CARE LLC"
      },
      "use": "complete",
      "diagnosis": [ {
        "sequence": 1,
        "diagnosis": {
          "system": "http://snomed.info/sct",
          "code": "314529007",
          "display": "Medication review due (situation)"
        }
      } ],
      "patient": {
        "reference": "urn:uuid:94f58621-a824-f4c2-1710-867686ba2006"
      },
      "item": [ {
        "sequence": 1,
        "type": {
          "system": "http://hl7.org/fhir/v3/ActCode",
          "code": "CSINV",
          "display": "clinical service invoice"
        },
        "service": {
          "system": "http://snomed.info/sct",
          "code": "410620009",
          "display": "Well child visit (procedure)"
        }
      }, {
        "sequence": 2,
        "type": {
          "system": "http://hl7.org/fhir/v3/ActCode",
          "code": "CSINV",
          "display": "clinical service invoice"
        },
        "service": {
          "system": "http://hl7.org/fhir/sid/cvx",
          "code": "08",
          "display": "Hep B, adolescent or pediatric"
        },
        "net": {
          "value": 136.00,
          "system": "urn:iso:std:iso:4217",
          "code": "USD"
        }
      }, {
        "sequence": 4,
        "type": {
          "system": "http://hl7.org/fhir/v3/ActCode",
          "code": "CSINV",
          "display": "clinical service invoice"
        },
        "service": {
          "system": "http://snomed.info/sct",
          "code": "430193006",
          "display": "Medication Reconciliation (procedure)"
        },
        "net": {
          "value": 816.42,
          "system": "urn:iso:std:iso:4217",
          "code": "USD"
        }
      }, {
        "sequence": 5,
        "type": {
          "system": "http://hl7.org/fhir/v3/ActCode",
          "code": "CSINV",
          "display": "clinical service invoice"
        },
        "service": {
          "system": "http://loinc.org",
          "code": "58410-2",
          "display": "CBC panel - Blood by Automated count"
        },
        "net": {
          "value": 74.58,
          "system": "urn:iso:std:iso:4217",
          "code": "USD"
        }
      } ]
    },
    "request": {
      "method": "POST",
      "url": "Claim"
    }
  }, {
    "fullUrl": "urn:uuid:2e6b2a59-e432-fee6-5809-e539ce6d3214",
    "resource": {
      "resourceType": "Encounter",
      "id": "2e6b2a59-e432-fee6-5809-e539ce6d3214",
      "status": "finished",
      "class": "ambulatory",
      "type": [ {
        "coding": [ {
          "system": "http://snomed.info/sct",
          "code": "410620009",
          "display": "Well child visit (procedure)"
        } ],
        "text": "Well child visit (procedure)"
      } ],
      "patient": {
        "reference": "urn:uuid:94f58621-a824-f4c2-1710-867686ba2006"
      },
      "participant": [ {
        "individual": {
          "reference": "Practitioner?identifier=http://hl7.org/fhir/sid/us-npi|9999943597",
          "display": "Dr. Pearlie554 Lakin515"
        }
      } ],
      "period": {
        "start": "2024-06-28T03:11:04+00:00",
        "end": "2024-06-28T03:26:04+00:00"
      },
      "serviceProvider": {
        "reference": "Organization?identifier=https://github.com/synthetichealth/synthea|980d9bfa-a344-3bff-8c02-232dd0e8fd34",
        "display": "EDEN HOME HEALTH CARE LLC"
      }
    },
    "request": {
      "method": "POST",
      "url": "Encounter"
    }
  }, {
    "fullUrl": "urn:uuid:1f679288-a410-14aa-b097-ae22c9f0cd1f",
    "resource": {
      "resourceType": "Condition",
      "id": "1f679288-a410-14aa-b097-ae22c9f0cd1f",
      "patient": {
        "reference": "urn:uuid:94f58621-a824-f4c2-1710-867686ba2006"
      },
      "encounter": {
        "reference": "urn:uuid:2e6b2a59-e432-fee6-5809-e539ce6d3214"
      },
      "dateRecorded": "2024-06-28",
      "code": {
        "coding": [ {
          "system": "http://snomed.info/sct",
          "code": "314529007",
          "display": "Medication review due (situation)"
        } ],
        "text": "Medication review due (situation)"
      },
      "category": {
        "coding": [ {
          "system": "http://hl7.org/fhir/condition-category",
          "code": "diagnosis"
        } ]
      },
      "clinicalStatus": "active",
      "verificationStatus": "confirmed",
      "onsetDateTime": "2024-06-28T03:11:04+00:00"
    },
    "request": {
      "method": "POST",
      "url": "Condition"
    }
  }, {
    "fullUrl": "urn:uuid:fcd02914-e0c5-88be-a2cc-ede5da562348",
    "resource": {
      "resourceType": "Observation",
      "id": "fcd02914-e0c5-88be-a2cc-ede5da562348",
      "status": "final",
      "category": {
        "coding": [ {
          "system": "http://hl7.org/fhir/observation-category",
          "code": "vital-signs",
          "display": "vital-signs"
        } ],
        "text": "vital-signs"
      },
      "code": {
        "coding": [ {
          "system": "http://loinc.org",
          "code": "8302-2",
          "display": "Body Height"
        } ],
        "text": "Body Height"
      },
      "subject": {
        "reference": "urn:uuid:94f58621-a824-f4c2-1710-867686ba2006"
      },
      "encounter": {
        "reference": "urn:uuid:2e6b2a59-e432-fee6-5809-e539ce6d3214"
      },
      "effectiveDateTime": "2024-06-28T03:11:04+00:00",
      "issued": "2024-06-28T03:11:04.539+00:00",
      "valueQuantity": {
        "value": 58,
        "unit": "cm",
        "system": "http://unitsofmeasure.org",
        "code": "cm"
      }
    },
    "request": {
      "method": "POST",
      "url": "Observation"
    }
  }, {
    "fullUrl": "urn:uuid:f55515ca-9ceb-28e9-041a-cf5e61665ea4",
    "resource": {
      "resourceType": "Observation",
      "id": "f55515ca-9ceb-28e9-041a-cf5e61665ea4",
      "status": "final",
      "category": {
        "coding": [ {
          "system": "http://hl7.org/fhir/observation-category",
          "code": "vital-signs",
          "display": "vital-signs"
        } ],
        "text": "vital-signs"
      },
      "code": {
        "coding": [ {
          "system": "http://loinc.org",
          "code": "72514-3",
          "display": "Pain severity - 0-10 verbal numeric rating [Score] - Reported"
        } ],
        "text": "Pain severity - 0-10 verbal numeric rating [Score] - Reported"
      },
      "subject": {
        "reference": "urn:uuid:94f58621-a824-f4c2-1710-867686ba2006"
      },
      "encounter": {
        "reference": "urn:uuid:2e6b2a59-e432-fee6-5809-e539ce6d3214"
      },
      "effectiveDateTime": "2024-06-28T03:11:04+00:00",
      "issued": "2024-06-28T03:11:04.539+00:00",
      "valueQuantity": {
        "value": 3,
        "unit": "{score}",
        "system": "http://unitsofmeasure.org",
        "code": "{score}"
      }
    },
    "request": {
      "method": "POST",
      "url": "Observation"
    }
  }, {
    "fullUrl": "urn:uuid:9f5edd00-c792-63fb-b0f0-d6b000563756",
    "resource": {
      "resourceType": "Observation",
      "id": "9f5edd00-c792-63fb-b0f0-d6b000563756",
      "status": "final",
      "category": {
        "coding": [ {
          "system": "http://hl7.org/fhir/observation-category",
          "code": "vital-signs",
          "display": "vital-signs"
        } ],
        "text": "vital-signs"
      },
      "code": {
        "coding": [ {
          "system": "http://loinc.org",
          "code": "29463-7",
          "display": "Body Weight"
        } ],
        "text": "Body Weight"
      },
      "subject": {
        "reference": "urn:uuid:94f58621-a824-f4c2-1710-867686ba2006"
      },
      "encounter": {
        "reference": "urn:uuid:2e6b2a59-e432-fee6-5809-e539ce6d3214"
      },
      "effectiveDateTime": "2024-06-28T03:11:04+00:00",
      "issued": "2024-06-28T03:11:04.539+00:00",
      "valueQuantity": {
        "value": 4.4000,
        "unit": "kg",
        "system": "http://unitsofmeasure.org",
        "code": "kg"
      }
    },
    "request": {
      "method": "POST",
      "url": "Observation"
    }
  }, {
    "fullUrl": "urn:uuid:790c30ed-25c2-a544-9e2a-67a69e791a32",
    "resource": {
      "resourceType": "Observation",
      "id": "790c30ed-25c2-a544-9e2a-67a69e791a32",
      "status": "final",
      "category": {
        "coding": [ {
          "system": "http://hl7.org/fhir/observation-category",
          "code": "vital-signs",
          "display": "vital-signs"
        } ],
        "text": "vital-signs"
      },
      "code": {
        "coding": [ {
          "system": "http://loinc.org",
          "code": "77606-2",
          "display": "Weight-for-length Per age and sex"
        } ],
        "text": "Weight-for-length Per age and sex"
      },
      "subject": {
        "reference": "urn:uuid:94f58621-a824-f4c2-1710-867686ba2006"
      },
      "encounter": {
        "reference": "urn:uuid:2e6b2a59-e432-fee6-5809-e539ce6d3214"
      },
      "effectiveDateTime": "2024-06-28T03:11:04+00:00",
      "issued": "2024-06-28T03:11:04.539+00:00",
      "valueQuantity": {
        "value": 0.17129,
        "unit": "%",
        "system": "http://unitsofmeasure.org",
        "code": "%"
      }
    },
    "request": {
      "method": "POST",
      "url": "Observation"
    }
  }, {
    "fullUrl": "urn:uuid:b34fdcbd-f404-c894-3d90-30a66444db67",
    "resource": {
      "resourceType": "Observation",
      "id": "b34fdcbd-f404-c894-3d90-30a66444db67",
      "status": "final",
      "category": {
        "coding": [ {
          "system": "http://hl7.org/fhir/observation-category",
          "code": "vital-signs",
          "display": "vital-signs"
        } ],
        "text": "vital-signs"
      },
      "code": {
        "coding": [ {
          "system": "http://loinc.org",
          "code": "8289-1",
          "display": "Head Occipital-frontal circumference Percentile"
        } ],
        "text": "Head Occipital-frontal circumference Percentile"
      },
      "subject": {
        "reference": "urn:uuid:94f58621-a824-f4c2-1710-867686ba2006"
      },
      "encounter": {
        "reference": "urn:uuid:2e6b2a59-e432-fee6-5809-e539ce6d3214"
      },
      "effectiveDateTime": "2024-06-28T03:11:04+00:00",
      "issued": "2024-06-28T03:11:04.539+00:00",
      "valueQuantity": {
        "value": 73.75,
        "unit": "%",
        "system": "http://unitsofmeasure.org",
        "code": "%"
      }
    },
    "request": {
      "method": "POST",
      "url": "Observation"
    }
  }, {
    "fullUrl": "urn:uuid:40f8d2e3-0cb0-332d-4e77-7183539bfbdd",
    "resource": {
      "resourceType": "Observation",
      "id": "40f8d2e3-0cb0-332d-4e77-7183539bfbdd",
      "status": "final",
      "category": {
        "coding": [ {
          "system": "http://hl7.org/fhir/observation-category",
          "code": "vital-signs",
          "display": "vital-signs"
        } ],
        "text": "vital-signs"
      },
      "code": {
        "coding": [ {
          "system": "http://loinc.org",
          "code": "9843-4",
          "display": "Head Occipital-frontal circumference"
        } ],
        "text": "Head Occipital-frontal circumference"
      },
      "subject": {
        "reference": "urn:uuid:94f58621-a824-f4c2-1710-867686ba2006"
      },
      "encounter": {
        "reference": "urn:uuid:2e6b2a59-e432-fee6-5809-e539ce6d3214"
      },
      "effectiveDateTime": "2024-06-28T03:11:04+00:00",
      "issued": "2024-06-28T03:11:04.539+00:00",
      "valueQuantity": {
        "value": 40.190,
        "unit": "cm",
        "system": "http://unitsofmeasure.org",
        "code": "cm"
      }
    },
    "request": {
      "method": "POST",
      "url": "Observation"
    }
  }, {
    "fullUrl": "urn:uuid:29e8f9d0-15b2-1dc6-fbe6-8e6f6223a2f8",
    "resource": {
      "resourceType": "Observation",
      "id": "29e8f9d0-15b2-1dc6-fbe6-8e6f6223a2f8",
      "status": "final",
      "category": {
        "coding": [ {
          "system": "http://hl7.org/fhir/observation-category",
          "code": "vital-signs",
          "display": "vital-signs"
        } ],
        "text": "vital-signs"
      },
      "code": {
        "coding": [ {
          "system": "http://loinc.org",
          "code": "85354-9",
          "display": "Blood pressure panel with all children optional"
        } ],
        "text": "Blood pressure panel with all children optional"
      },
      "subject": {
        "reference": "urn:uuid:94f58621-a824-f4c2-1710-867686ba2006"
      },
      "encounter": {
        "reference": "urn:uuid:2e6b2a59-e432-fee6-5809-e539ce6d3214"
      },
      "effectiveDateTime": "2024-06-28T03:11:04+00:00",
      "issued": "2024-06-28T03:11:04.539+00:00",
      "component": [ {
        "code": {
          "coding": [ {
            "system": "http://loinc.org",
            "code": "8462-4",
            "display": "Diastolic Blood Pressure"
          } ],
          "text": "Diastolic Blood Pressure"
        },
        "valueQuantity": {
          "value": 81,
          "unit": "mm[Hg]",
          "system": "http://unitsofmeasure.org",
          "code": "mm[Hg]"
        }
      }, {
        "code": {
          "coding": [ {
            "system": "http://loinc.org",
            "code": "8480-6",
            "display": "Systolic Blood Pressure"
          } ],
          "text": "Systolic Blood Pressure"
        },
        "valueQuantity": {
          "value": 155,
          "unit": "mm[Hg]",
          "system": "http://unitsofmeasure.org",
          "code": "mm[Hg]"
        }
      } ]
    },
    "request": {
      "method": "POST",
      "url": "Observation"
    }
  }, {
    "fullUrl": "urn:uuid:b6678e7e-363f-0edf-39b6-025e51d2fd92",
    "resource": {
      "resourceType": "Observation",
      "id": "b6678e7e-363f-0edf-39b6-025e51d2fd92",
      "status": "final",
      "category": {
        "coding": [ {
          "system": "http://hl7.org/fhir/observation-category",
          "code": "vital-signs",
          "display": "vital-signs"
        } ],
        "text": "vital-signs"
      },
      "code": {
        "coding": [ {
          "system": "http://loinc.org",
          "code": "8867-4",
          "display": "Heart rate"
        } ],
        "text": "Heart rate"
      },
      "subject": {
        "reference": "urn:uuid:94f58621-a824-f4c2-1710-867686ba2006"
      },
      "encounter": {
        "reference": "urn:uuid:2e6b2a59-e432-fee6-5809-e539ce6d3214"
      },
      "effectiveDateTime": "2024-06-28T03:11:04+00:00",
      "issued": "2024-06-28T03:11:04.539+00:00",
      "valueQuantity": {
        "value": 79,
        "unit": "/min",
        "system": "http://unitsofmeasure.org",
        "code": "/min"
      }
    },
    "request": {
      "method": "POST",
      "url": "Observation"
    }
  }, {
    "fullUrl": "urn:uuid:eff7bd95-b8be-f7ad-64e6-eb940fbd8fde",
    "resource": {
      "resourceType": "Observation",
      "id": "eff7bd95-b8be-f7ad-64e6-eb940fbd8fde",
      "status": "final",
      "category": {
        "coding": [ {
          "system": "http://hl7.org/fhir/observation-category",
          "code": "vital-signs",
          "display": "vital-signs"
        } ],
        "text": "vital-signs"
      },
      "code": {
        "coding": [ {
          "system": "http://loinc.org",
          "code": "9279-1",
          "display": "Respiratory rate"
        } ],
        "text": "Respiratory rate"
      },
      "subject": {
        "reference": "urn:uuid:94f58621-a824-f4c2-1710-867686ba2006"
      },
      "encounter": {
        "reference": "urn:uuid:2e6b2a59-e432-fee6-5809-e539ce6d3214"
      },
      "effectiveDateTime": "2024-06-28T03:11:04+00:00",
      "issued": "2024-06-28T03:11:04.539+00:00",
      "valueQuantity": {
        "value": 14,
        "unit": "/min",
        "system": "http://unitsofmeasure.org",
        "code": "/min"
      }
    },
    "request": {
      "method": "POST",
      "url": "Observation"
    }
  }, {
    "fullUrl": "urn:uuid:4e42d780-8da1-35de-04fd-a2f18d1dd5bb",
    "resource": {
      "resourceType": "Observation",
      "id": "4e42d780-8da1-35de-04fd-a2f18d1dd5bb",
      "status": "final",
      "category": {
        "coding": [ {
          "system": "http://hl7.org/fhir/observation-category",
          "code": "social-history",
          "display": "social-history"
        } ],
        "text": "social-history"
      },
      "code": {
        "coding": [ {
          "system": "http://loinc.org",
          "code": "72166-2",
          "display": "Tobacco smoking status"
        } ],
        "text": "Tobacco smoking status"
      },
      "subject": {
        "reference": "urn:uuid:94f58621-a824-f4c2-1710-867686ba2006"
      },
      "encounter": {
        "reference": "urn:uuid:2e6b2a59-e432-fee6-5809-e539ce6d3214"
      },
      "effectiveDateTime": "2024-06-28T03:11:04+00:00",
      "issued": "2024-06-28T03:11:04.539+00:00",
      "valueCodeableConcept": {
        "coding": [ {
          "system": "http://snomed.info/sct",
          "code": "266919005",
          "display": "Never smoked tobacco (finding)"
        } ],
        "text": "Never smoked tobacco (finding)"
      }
    },
    "request": {
      "method": "POST",
      "url": "Observation"
    }
  }, {
    "fullUrl": "urn:uuid:0e7bbada-8b28-83ae-c748-80fe91d880e9",
    "resource": {
      "resourceType": "Immunization",
      "id": "0e7bbada-8b28-83ae-c748-80fe91d880e9",
      "status": "completed",
      "date": "2024-06-28T03:11:04+00:00",
      "vaccineCode": {
        "coding": [ {
          "system": "http://hl7.org/fhir/sid/cvx",
          "code": "08",
          "display": "Hep B, adolescent or pediatric"
        } ],
        "text": "Hep B, adolescent or pediatric"
      },
      "patient": {
        "reference": "urn:uuid:94f58621-a824-f4c2-1710-867686ba2006"
      },
      "wasNotGiven": false,
      "reported": false,
      "encounter": {
        "reference": "urn:uuid:2e6b2a59-e432-fee6-5809-e539ce6d3214"
      }
    },
    "request": {
      "method": "POST",
      "url": "Immunization"
    }
  }, {
    "fullUrl": "urn:uuid:aab1e046-d0ef-b11c-fe7e-ceeb1ba0b8c5",
    "resource": {
      "resourceType": "Claim",
      "id": "aab1e046-d0ef-b11c-fe7e-ceeb1ba0b8c5",
      "type": "institutional",
      "organization": {
        "reference": "Organization?identifier=https://github.com/synthetichealth/synthea|980d9bfa-a344-3bff-8c02-232dd0e8fd34",
        "display": "EDEN HOME HEALTH CARE LLC"
      },
      "use": "complete",
      "diagnosis": [ {
        "sequence": 1,
        "diagnosis": {
          "system": "http://snomed.info/sct",
          "code": "314529007",
          "display": "Medication review due (situation)"
        }
      } ],
      "patient": {
        "reference": "urn:uuid:94f58621-a824-f4c2-1710-867686ba2006"
      },
      "item": [ {
        "sequence": 1,
        "type": {
          "system": "http://hl7.org/fhir/v3/ActCode",
          "code": "CSINV",
          "display": "clinical service invoice"
        },
        "service": {
          "system": "http://snomed.info/sct",
          "code": "410620009",
          "display": "Well child visit (procedure)"
        }
      }, {
        "sequence": 2,
        "type": {
          "system": "http://hl7.org/fhir/v3/ActCode",
          "code": "CSINV",
          "display": "clinical service invoice"
        },
        "service": {
          "system": "http://hl7.org/fhir/sid/cvx",
          "code": "08",
          "display": "Hep B, adolescent or pediatric"
        },
        "net": {
          "value": 136.00,
          "system": "urn:iso:std:iso:4217",
          "code": "USD"
        }
      } ]
    },
    "request": {
      "method": "POST",
      "url": "Claim"
    }
  } ]
}
