{
  "resourceType": "Bundle",
  "type": "transaction",
  "entry": [ {
    "fullUrl": "urn:uuid:2c47fbe0-7ccd-7303-e961-87f586aaba9f",
    "resource": {
      "resourceType": "Patient",
      "id": "2c47fbe0-7ccd-7303-e961-87f586aaba9f",
      "text": {
        "status": "generated",
        "div": "<div xmlns=\"http://www.w3.org/1999/xhtml\">Generated by <a href=\"https://github.com/synthetichealth/synthea\">Synthea</a>.Version identifier: eeb6539\n .   Person seed: 20577509959720482  Population seed: 1725538292770</div>"
      },
      "extension": [ {
        "url": "http://hl7.org/fhir/StructureDefinition/us-core-race",
        "valueCodeableConcept": {
          "coding": [ {
            "system": "http://hl7.org/fhir/v3/Race",
            "code": "2054-5",
            "display": "Black or African American"
          } ],
          "text": "Black or African American"
        }
      }, {
        "url": "http://hl7.org/fhir/StructureDefinition/us-core-ethnicity",
        "valueCodeableConcept": {
          "coding": [ {
            "system": "http://hl7.org/fhir/v3/Ethnicity",
            "code": "2186-5",
            "display": "Not Hispanic or Latino"
          } ],
          "text": "Not Hispanic or Latino"
        }
      }, {
        "url": "http://hl7.org/fhir/StructureDefinition/patient-mothersMaidenName",
        "valueString": "Eva64 Wiegand701"
      }, {
        "url": "http://hl7.org/fhir/us/core/StructureDefinition/us-core-birthsex",
        "valueCode": "F"
      }, {
        "url": "http://hl7.org/fhir/StructureDefinition/birthPlace",
        "valueAddress": {
          "city": "Falmouth",
          "state": "Massachusetts",
          "country": "US"
        }
      }, {
        "url": "http://synthetichealth.github.io/synthea/disability-adjusted-life-years",
        "valueDecimal": 0.0
      }, {
        "url": "http://synthetichealth.github.io/synthea/quality-adjusted-life-years",
        "valueDecimal": 0.0
      } ],
      "identifier": [ {
        "system": "https://github.com/synthetichealth/synthea",
        "value": "2c47fbe0-7ccd-7303-e961-87f586aaba9f"
      }, {
        "type": {
          "coding": [ {
            "system": "http://hl7.org/fhir/v2/0203",
            "code": "MR"
          } ]
        },
        "system": "http://hospital.smarthealthit.org",
        "value": "2c47fbe0-7ccd-7303-e961-87f586aaba9f"
      }, {
        "type": {
          "coding": [ {
            "system": "http://hl7.org/fhir/identifier-type",
            "code": "SB"
          } ]
        },
        "system": "http://hl7.org/fhir/sid/us-ssn",
        "value": "999-80-3384"
      } ],
      "name": [ {
        "use": "official",
        "family": [ "Koepp521" ],
        "given": [ "Emiko501", "Bessie423" ]
      } ],
      "telecom": [ {
        "system": "phone",
        "value": "555-605-6053",
        "use": "home"
      } ],
      "gender": "female",
      "birthDate": "2024-08-07",
      "address": [ {
        "extension": [ {
          "url": "http://hl7.org/fhir/StructureDefinition/geolocation",
          "extension": [ {
            "url": "latitude",
            "valueDecimal": 42.03913660773116
          }, {
            "url": "longitude",
            "valueDecimal": -72.81107491264879
          } ]
        } ],
        "line": [ "453 D'Amore Estate Apt 77" ],
        "city": "Southwick",
        "state": "Massachusetts",
        "postalCode": "00000",
        "country": "US"
      } ],
      "maritalStatus": {
        "coding": [ {
          "system": "http://hl7.org/fhir/v3/MaritalStatus",
          "code": "S"
        } ]
      },
      "multipleBirthBoolean": false,
      "communication": [ {
        "language": {
          "coding": [ {
            "system": "urn:ietf:bcp:47",
            "code": "en-US",
            "display": "English (United States)"
          } ],
          "text": "English (United States)"
        }
      } ]
    },
    "request": {
      "method": "POST",
      "url": "Patient"
    }
  }, {
    "fullUrl": "urn:uuid:0030dc92-ae14-d5cd-62d5-30ce4c262f95",
    "resource": {
      "resourceType": "Encounter",
      "id": "0030dc92-ae14-d5cd-62d5-30ce4c262f95",
      "status": "finished",
      "class": "ambulatory",
      "type": [ {
        "coding": [ {
          "system": "http://snomed.info/sct",
          "code": "410620009",
          "display": "Well child visit (procedure)"
        } ],
        "text": "Well child visit (procedure)"
      } ],
      "patient": {
        "reference": "urn:uuid:2c47fbe0-7ccd-7303-e961-87f586aaba9f"
      },
      "participant": [ {
        "individual": {
          "reference": "Practitioner?identifier=http://hl7.org/fhir/sid/us-npi|9999952093",
          "display": "Dr. Alton320 Dibbert990"
        }
      } ],
      "period": {
        "start": "2024-08-07T09:58:30+00:00",
        "end": "2024-08-07T10:13:30+00:00"
      },
      "serviceProvider": {
        "reference": "Organization?identifier=https://github.com/synthetichealth/synthea|c4e5b33c-17b8-3f51-a8ba-a327d54e642a",
        "display": "PRIMARY CARE MEDICINE AND PEDIATRICS, LLC"
      }
    },
    "request": {
      "method": "POST",
      "url": "Encounter"
    }
  }, {
    "fullUrl": "urn:uuid:19492a3f-93a9-0a78-c0b3-9e825c332149",
    "resource": {
      "resourceType": "Condition",
      "id": "19492a3f-93a9-0a78-c0b3-9e825c332149",
      "patient": {
        "reference": "urn:uuid:2c47fbe0-7ccd-7303-e961-87f586aaba9f"
      },
      "encounter": {
        "reference": "urn:uuid:0030dc92-ae14-d5cd-62d5-30ce4c262f95"
      },
      "dateRecorded": "2024-08-07",
      "code": {
        "coding": [ {
          "system": "http://snomed.info/sct",
          "code": "314529007",
          "display": "Medication review due (situation)"
        } ],
        "text": "Medication review due (situation)"
      },
      "category": {
        "coding": [ {
          "system": "http://hl7.org/fhir/condition-category",
          "code": "diagnosis"
        } ]
      },
      "clinicalStatus": "resolved",
      "verificationStatus": "confirmed",
      "onsetDateTime": "2024-08-07T09:58:30+00:00",
      "abatementDateTime": "2024-08-07T09:58:30+00:00"
    },
    "request": {
      "method": "POST",
      "url": "Condition"
    }
  }, {
    "fullUrl": "urn:uuid:d284bd64-7274-c199-a008-b99078ac10ac",
    "resource": {
      "resourceType": "Observation",
      "id": "d284bd64-7274-c199-a008-b99078ac10ac",
      "status": "final",
      "category": {
        "coding": [ {
          "system": "http://hl7.org/fhir/observation-category",
          "code": "vital-signs",
          "display": "vital-signs"
        } ],
        "text": "vital-signs"
      },
      "code": {
        "coding": [ {
          "system": "http://loinc.org",
          "code": "8302-2",
          "display": "Body Height"
        } ],
        "text": "Body Height"
      },
      "subject": {
        "reference": "urn:uuid:2c47fbe0-7ccd-7303-e961-87f586aaba9f"
      },
      "encounter": {
        "reference": "urn:uuid:0030dc92-ae14-d5cd-62d5-30ce4c262f95"
      },
      "effectiveDateTime": "2024-08-07T09:58:30+00:00",
      "issued": "2024-08-07T09:58:30.842+00:00",
      "valueQuantity": {
        "value": 46.600,
        "unit": "cm",
        "system": "http://unitsofmeasure.org",
        "code": "cm"
      }
    },
    "request": {
      "method": "POST",
      "url": "Observation"
    }
  }, {
    "fullUrl": "urn:uuid:066b84eb-64eb-7de8-bdfc-9fbfb1dfb646",
    "resource": {
      "resourceType": "Observation",
      "id": "066b84eb-64eb-7de8-bdfc-9fbfb1dfb646",
      "status": "final",
      "category": {
        "coding": [ {
          "system": "http://hl7.org/fhir/observation-category",
          "code": "vital-signs",
          "display": "vital-signs"
        } ],
        "text": "vital-signs"
      },
      "code": {
        "coding": [ {
          "system": "http://loinc.org",
          "code": "72514-3",
          "display": "Pain severity - 0-10 verbal numeric rating [Score] - Reported"
        } ],
        "text": "Pain severity - 0-10 verbal numeric rating [Score] - Reported"
      },
      "subject": {
        "reference": "urn:uuid:2c47fbe0-7ccd-7303-e961-87f586aaba9f"
      },
      "encounter": {
        "reference": "urn:uuid:0030dc92-ae14-d5cd-62d5-30ce4c262f95"
      },
      "effectiveDateTime": "2024-08-07T09:58:30+00:00",
      "issued": "2024-08-07T09:58:30.842+00:00",
      "valueQuantity": {
        "value": 3,
        "unit": "{score}",
        "system": "http://unitsofmeasure.org",
        "code": "{score}"
      }
    },
    "request": {
      "method": "POST",
      "url": "Observation"
    }
  }, {
    "fullUrl": "urn:uuid:8fb8b471-0b0c-1668-3a25-ae39cc031c10",
    "resource": {
      "resourceType": "Observation",
      "id": "8fb8b471-0b0c-1668-3a25-ae39cc031c10",
      "status": "final",
      "category": {
        "coding": [ {
          "system": "http://hl7.org/fhir/observation-category",
          "code": "vital-signs",
          "display": "vital-signs"
        } ],
        "text": "vital-signs"
      },
      "code": {
        "coding": [ {
          "system": "http://loinc.org",
          "code": "29463-7",
          "display": "Body Weight"
        } ],
        "text": "Body Weight"
      },
      "subject": {
        "reference": "urn:uuid:2c47fbe0-7ccd-7303-e961-87f586aaba9f"
      },
      "encounter": {
        "reference": "urn:uuid:0030dc92-ae14-d5cd-62d5-30ce4c262f95"
      },
      "effectiveDateTime": "2024-08-07T09:58:30+00:00",
      "issued": "2024-08-07T09:58:30.842+00:00",
      "valueQuantity": {
        "value": 2.5,
        "unit": "kg",
        "system": "http://unitsofmeasure.org",
        "code": "kg"
      }
    },
    "request": {
      "method": "POST",
      "url": "Observation"
    }
  }, {
    "fullUrl": "urn:uuid:9f090293-5949-eaa6-c99d-d96f0f2d8b04",
    "resource": {
      "resourceType": "Observation",
      "id": "9f090293-5949-eaa6-c99d-d96f0f2d8b04",
      "status": "final",
      "category": {
        "coding": [ {
          "system": "http://hl7.org/fhir/observation-category",
          "code": "vital-signs",
          "display": "vital-signs"
        } ],
        "text": "vital-signs"
      },
      "code": {
        "coding": [ {
          "system": "http://loinc.org",
          "code": "77606-2",
          "display": "Weight-for-length Per age and sex"
        } ],
        "text": "Weight-for-length Per age and sex"
      },
      "subject": {
        "reference": "urn:uuid:2c47fbe0-7ccd-7303-e961-87f586aaba9f"
      },
      "encounter": {
        "reference": "urn:uuid:0030dc92-ae14-d5cd-62d5-30ce4c262f95"
      },
      "effectiveDateTime": "2024-08-07T09:58:30+00:00",
      "issued": "2024-08-07T09:58:30.842+00:00",
      "valueQuantity": {
        "value": 18.203,
        "unit": "%",
        "system": "http://unitsofmeasure.org",
        "code": "%"
      }
    },
    "request": {
      "method": "POST",
      "url": "Observation"
    }
  }, {
    "fullUrl": "urn:uuid:bb29a8a6-a494-0a39-5fae-7573a831c66e",
    "resource": {
      "resourceType": "Observation",
      "id": "bb29a8a6-a494-0a39-5fae-7573a831c66e",
      "status": "final",
      "category": {
        "coding": [ {
          "system": "http://hl7.org/fhir/observation-category",
          "code": "vital-signs",
          "display": "vital-signs"
        } ],
        "text": "vital-signs"
      },
      "code": {
        "coding": [ {
          "system": "http://loinc.org",
          "code": "8289-1",
          "display": "Head Occipital-frontal circumference Percentile"
        } ],
        "text": "Head Occipital-frontal circumference Percentile"
      },
      "subject": {
        "reference": "urn:uuid:2c47fbe0-7ccd-7303-e961-87f586aaba9f"
      },
      "encounter": {
        "reference": "urn:uuid:0030dc92-ae14-d5cd-62d5-30ce4c262f95"
      },
      "effectiveDateTime": "2024-08-07T09:58:30+00:00",
      "issued": "2024-08-07T09:58:30.842+00:00",
      "valueQuantity": {
        "value": 3.3500,
        "unit": "%",
        "system": "http://unitsofmeasure.org",
        "code": "%"
      }
    },
    "request": {
      "method": "POST",
      "url": "Observation"
    }
  }, {
    "fullUrl": "urn:uuid:e5225ff8-3b02-f158-9917-1015fd3661d2",
    "resource": {
      "resourceType": "Observation",
      "id": "e5225ff8-3b02-f158-9917-1015fd3661d2",
      "status": "final",
      "category": {
        "coding": [ {
          "system": "http://hl7.org/fhir/observation-category",
          "code": "vital-signs",
          "display": "vital-signs"
        } ],
        "text": "vital-signs"
      },
      "code": {
        "coding": [ {
          "system": "http://loinc.org",
          "code": "9843-4",
          "display": "Head Occipital-frontal circumference"
        } ],
        "text": "Head Occipital-frontal circumference"
      },
      "subject": {
        "reference": "urn:uuid:2c47fbe0-7ccd-7303-e961-87f586aaba9f"
      },
      "encounter": {
        "reference": "urn:uuid:0030dc92-ae14-d5cd-62d5-30ce4c262f95"
      },
      "effectiveDateTime": "2024-08-07T09:58:30+00:00",
      "issued": "2024-08-07T09:58:30.842+00:00",
      "valueQuantity": {
        "value": 32,
        "unit": "cm",
        "system": "http://unitsofmeasure.org",
        "code": "cm"
      }
    },
    "request": {
      "method": "POST",
      "url": "Observation"
    }
  }, {
    "fullUrl": "urn:uuid:1af553b1-92c9-1e4e-6214-bff2e1f3eb5a",
    "resource": {
      "resourceType": "Observation",
      "id": "1af553b1-92c9-1e4e-6214-bff2e1f3eb5a",
      "status": "final",
      "category": {
        "coding": [ {
          "system": "http://hl7.org/fhir/observation-category",
          "code": "vital-signs",
          "display": "vital-signs"
        } ],
        "text": "vital-signs"
      },
      "code": {
        "coding": [ {
          "system": "http://loinc.org",
          "code": "85354-9",
          "display": "Blood pressure panel with all children optional"
        } ],
        "text": "Blood pressure panel with all children optional"
      },
      "subject": {
        "reference": "urn:uuid:2c47fbe0-7ccd-7303-e961-87f586aaba9f"
      },
      "encounter": {
        "reference": "urn:uuid:0030dc92-ae14-d5cd-62d5-30ce4c262f95"
      },
      "effectiveDateTime": "2024-08-07T09:58:30+00:00",
      "issued": "2024-08-07T09:58:30.842+00:00",
      "component": [ {
        "code": {
          "coding": [ {
            "system": "http://loinc.org",
            "code": "8462-4",
            "display": "Diastolic Blood Pressure"
          } ],
          "text": "Diastolic Blood Pressure"
        },
        "valueQuantity": {
          "value": 78,
          "unit": "mm[Hg]",
          "system": "http://unitsofmeasure.org",
          "code": "mm[Hg]"
        }
      }, {
        "code": {
          "coding": [ {
            "system": "http://loinc.org",
            "code": "8480-6",
            "display": "Systolic Blood Pressure"
          } ],
          "text": "Systolic Blood Pressure"
        },
        "valueQuantity": {
          "value": 156,
          "unit": "mm[Hg]",
          "system": "http://unitsofmeasure.org",
          "code": "mm[Hg]"
        }
      } ]
    },
    "request": {
      "method": "POST",
      "url": "Observation"
    }
  }, {
    "fullUrl": "urn:uuid:533bbcfc-494e-9eb4-18c3-7eb5a8bade1b",
    "resource": {
      "resourceType": "Observation",
      "id": "533bbcfc-494e-9eb4-18c3-7eb5a8bade1b",
      "status": "final",
      "category": {
        "coding": [ {
          "system": "http://hl7.org/fhir/observation-category",
          "code": "vital-signs",
          "display": "vital-signs"
        } ],
        "text": "vital-signs"
      },
      "code": {
        "coding": [ {
          "system": "http://loinc.org",
          "code": "8867-4",
          "display": "Heart rate"
        } ],
        "text": "Heart rate"
      },
      "subject": {
        "reference": "urn:uuid:2c47fbe0-7ccd-7303-e961-87f586aaba9f"
      },
      "encounter": {
        "reference": "urn:uuid:0030dc92-ae14-d5cd-62d5-30ce4c262f95"
      },
      "effectiveDateTime": "2024-08-07T09:58:30+00:00",
      "issued": "2024-08-07T09:58:30.842+00:00",
      "valueQuantity": {
        "value": 99,
        "unit": "/min",
        "system": "http://unitsofmeasure.org",
        "code": "/min"
      }
    },
    "request": {
      "method": "POST",
      "url": "Observation"
    }
  }, {
    "fullUrl": "urn:uuid:aa59b340-7fe8-cef4-e231-adca013f71e8",
    "resource": {
      "resourceType": "Observation",
      "id": "aa59b340-7fe8-cef4-e231-adca013f71e8",
      "status": "final",
      "category": {
        "coding": [ {
          "system": "http://hl7.org/fhir/observation-category",
          "code": "vital-signs",
          "display": "vital-signs"
        } ],
        "text": "vital-signs"
      },
      "code": {
        "coding": [ {
          "system": "http://loinc.org",
          "code": "9279-1",
          "display": "Respiratory rate"
        } ],
        "text": "Respiratory rate"
      },
      "subject": {
        "reference": "urn:uuid:2c47fbe0-7ccd-7303-e961-87f586aaba9f"
      },
      "encounter": {
        "reference": "urn:uuid:0030dc92-ae14-d5cd-62d5-30ce4c262f95"
      },
      "effectiveDateTime": "2024-08-07T09:58:30+00:00",
      "issued": "2024-08-07T09:58:30.842+00:00",
      "valueQuantity": {
        "value": 15,
        "unit": "/min",
        "system": "http://unitsofmeasure.org",
        "code": "/min"
      }
    },
    "request": {
      "method": "POST",
      "url": "Observation"
    }
  }, {
    "fullUrl": "urn:uuid:b09f5920-9954-1961-bf50-4573cc11fb3a",
    "resource": {
      "resourceType": "Observation",
      "id": "b09f5920-9954-1961-bf50-4573cc11fb3a",
      "status": "final",
      "category": {
        "coding": [ {
          "system": "http://hl7.org/fhir/observation-category",
          "code": "laboratory",
          "display": "laboratory"
        } ],
        "text": "laboratory"
      },
      "code": {
        "coding": [ {
          "system": "http://loinc.org",
          "code": "6690-2",
          "display": "Leukocytes [#/volume] in Blood by Automated count"
        } ],
        "text": "Leukocytes [#/volume] in Blood by Automated count"
      },
      "subject": {
        "reference": "urn:uuid:2c47fbe0-7ccd-7303-e961-87f586aaba9f"
      },
      "encounter": {
        "reference": "urn:uuid:0030dc92-ae14-d5cd-62d5-30ce4c262f95"
      },
      "effectiveDateTime": "2024-08-07T09:58:30+00:00",
      "issued": "2024-08-07T09:58:30.842+00:00",
      "valueQuantity": {
        "value": 7.1673,
        "unit": "10*3/uL",
        "system": "http://unitsofmeasure.org",
        "code": "10*3/uL"
      }
    },
    "request": {
      "method": "POST",
      "url": "Observation"
    }
  }, {
    "fullUrl": "urn:uuid:8ae9108f-7e80-5f62-57dd-543c78fb5f48",
    "resource": {
      "resourceType": "Observation",
      "id": "8ae9108f-7e80-5f62-57dd-543c78fb5f48",
      "status": "final",
      "category": {
        "coding": [ {
          "system": "http://hl7.org/fhir/observation-category",
          "code": "laboratory",
          "display": "laboratory"
        } ],
        "text": "laboratory"
      },
      "code": {
        "coding": [ {
          "system": "http://loinc.org",
          "code": "789-8",
          "display": "Erythrocytes [#/volume] in Blood by Automated count"
        } ],
        "text": "Erythrocytes [#/volume] in Blood by Automated count"
      },
      "subject": {
        "reference": "urn:uuid:2c47fbe0-7ccd-7303-e961-87f586aaba9f"
      },
      "encounter": {
        "reference": "urn:uuid:0030dc92-ae14-d5cd-62d5-30ce4c262f95"
      },
      "effectiveDateTime": "2024-08-07T09:58:30+00:00",
      "issued": "2024-08-07T09:58:30.842+00:00",
      "valueQuantity": {
        "value": 4.1445,
        "unit": "10*6/uL",
        "system": "http://unitsofmeasure.org",
        "code": "10*6/uL"
      }
    },
    "request": {
      "method": "POST",
      "url": "Observation"
    }
  }, {
    "fullUrl": "urn:uuid:a9be520b-fe62-580a-5830-63372d925564",
    "resource": {
      "resourceType": "Observation",
      "id": "a9be520b-fe62-580a-5830-63372d925564",
      "status": "final",
      "category": {
        "coding": [ {
          "system": "http://hl7.org/fhir/observation-category",
          "code": "laboratory",
          "display": "laboratory"
        } ],
        "text": "laboratory"
      },
      "code": {
        "coding": [ {
          "system": "http://loinc.org",
          "code": "718-7",
          "display": "Hemoglobin [Mass/volume] in Blood"
        } ],
        "text": "Hemoglobin [Mass/volume] in Blood"
      },
      "subject": {
        "reference": "urn:uuid:2c47fbe0-7ccd-7303-e961-87f586aaba9f"
      },
      "encounter": {
        "reference": "urn:uuid:0030dc92-ae14-d5cd-62d5-30ce4c262f95"
      },
      "effectiveDateTime": "2024-08-07T09:58:30+00:00",
      "issued": "2024-08-07T09:58:30.842+00:00",
      "valueQuantity": {
        "value": 14.312,
        "unit": "g/dL",
        "system": "http://unitsofmeasure.org",
        "code": "g/dL"
      }
    },
    "request": {
      "method": "POST",
      "url": "Observation"
    }
  }, {
    "fullUrl": "urn:uuid:6e565eaa-c0b8-0836-9c7f-76c68f01b4a4",
    "resource": {
      "resourceType": "Observation",
      "id": "6e565eaa-c0b8-0836-9c7f-76c68f01b4a4",
      "status": "final",
      "category": {
        "coding": [ {
          "system": "http://hl7.org/fhir/observation-category",
          "code": "laboratory",
          "display": "laboratory"
        } ],
        "text": "laboratory"
      },
      "code": {
        "coding": [ {
          "system": "http://loinc.org",
          "code": "4544-3",
          "display": "Hematocrit [Volume Fraction] of Blood by Automated count"
        } ],
        "text": "Hematocrit [Volume Fraction] of Blood by Automated count"
      },
      "subject": {
        "reference": "urn:uuid:2c47fbe0-7ccd-7303-e961-87f586aaba9f"
      },
      "encounter": {
        "reference": "urn:uuid:0030dc92-ae14-d5cd-62d5-30ce4c262f95"
      },
      "effectiveDateTime": "2024-08-07T09:58:30+00:00",
      "issued": "2024-08-07T09:58:30.842+00:00",
      "valueQuantity": {
        "value": 49.346,
        "unit": "%",
        "system": "http://unitsofmeasure.org",
        "code": "%"
      }
    },
    "request": {
      "method": "POST",
      "url": "Observation"
    }
  }, {
    "fullUrl": "urn:uuid:2e7ff69e-e149-00f8-b48e-74596e068357",
    "resource": {
      "resourceType": "Observation",
      "id": "2e7ff69e-e149-00f8-b48e-74596e068357",
      "status": "final",
      "category": {
        "coding": [ {
          "system": "http://hl7.org/fhir/observation-category",
          "code": "laboratory",
          "display": "laboratory"
        } ],
        "text": "laboratory"
      },
      "code": {
        "coding": [ {
          "system": "http://loinc.org",
          "code": "787-2",
          "display": "MCV [Entitic volume] by Automated count"
        } ],
        "text": "MCV [Entitic volume] by Automated count"
      },
      "subject": {
        "reference": "urn:uuid:2c47fbe0-7ccd-7303-e961-87f586aaba9f"
      },
      "encounter": {
        "reference": "urn:uuid:0030dc92-ae14-d5cd-62d5-30ce4c262f95"
      },
      "effectiveDateTime": "2024-08-07T09:58:30+00:00",
      "issued": "2024-08-07T09:58:30.842+00:00",
      "valueQuantity": {
        "value": 83.132,
        "unit": "fL",
        "system": "http://unitsofmeasure.org",
        "code": "fL"
      }
    },
    "request": {
      "method": "POST",
      "url": "Observation"
    }
  }, {
    "fullUrl": "urn:uuid:3708825e-3fb8-457b-7ffe-593871961dd8",
    "resource": {
      "resourceType": "Observation",
      "id": "3708825e-3fb8-457b-7ffe-593871961dd8",
      "status": "final",
      "category": {
        "coding": [ {
          "system": "http://hl7.org/fhir/observation-category",
          "code": "laboratory",
          "display": "laboratory"
        } ],
        "text": "laboratory"
      },
      "code": {
        "coding": [ {
          "system": "http://loinc.org",
          "code": "785-6",
          "display": "MCH [Entitic mass] by Automated count"
        } ],
        "text": "MCH [Entitic mass] by Automated count"
      },
      "subject": {
        "reference": "urn:uuid:2c47fbe0-7ccd-7303-e961-87f586aaba9f"
      },
      "encounter": {
        "reference": "urn:uuid:0030dc92-ae14-d5cd-62d5-30ce4c262f95"
      },
      "effectiveDateTime": "2024-08-07T09:58:30+00:00",
      "issued": "2024-08-07T09:58:30.842+00:00",
      "valueQuantity": {
        "value": 32.447,
        "unit": "pg",
        "system": "http://unitsofmeasure.org",
        "code": "pg"
      }
    },
    "request": {
      "method": "POST",
      "url": "Observation"
    }
  }, {
    "fullUrl": "urn:uuid:2b55e1ae-7b75-c4d3-dbbd-c1a4e19f21e5",
    "resource": {
      "resourceType": "Observation",
      "id": "2b55e1ae-7b75-c4d3-dbbd-c1a4e19f21e5",
      "status": "final",
      "category": {
        "coding": [ {
          "system": "http://hl7.org/fhir/observation-category",
          "code": "laboratory",
          "display": "laboratory"
        } ],
        "text": "laboratory"
      },
      "code": {
        "coding": [ {
          "system": "http://loinc.org",
          "code": "786-4",
          "display": "MCHC [Mass/volume] by Automated count"
        } ],
        "text": "MCHC [Mass/volume] by Automated count"
      },
      "subject": {
        "reference": "urn:uuid:2c47fbe0-7ccd-7303-e961-87f586aaba9f"
      },
      "encounter": {
        "reference": "urn:uuid:0030dc92-ae14-d5cd-62d5-30ce4c262f95"
      },
      "effectiveDateTime": "2024-08-07T09:58:30+00:00",
      "issued": "2024-08-07T09:58:30.842+00:00",
      "valueQuantity": {
        "value": 35.046,
        "unit": "g/dL",
        "system": "http://unitsofmeasure.org",
        "code": "g/dL"
      }
    },
    "request": {
      "method": "POST",
      "url": "Observation"
    }
  }, {
    "fullUrl": "urn:uuid:5116393d-3054-b067-f650-06675667220d",
    "resource": {
      "resourceType": "Observation",
      "id": "5116393d-3054-b067-f650-06675667220d",
      "status": "final",
      "category": {
        "coding": [ {
          "system": "http://hl7.org/fhir/observation-category",
          "code": "laboratory",
          "display": "laboratory"
        } ],
        "text": "laboratory"
      },
      "code": {
        "coding": [ {
          "system": "http://loinc.org",
          "code": "21000-5",
          "display": "Erythrocyte distribution width [Entitic volume] by Automated count"
        } ],
        "text": "Erythrocyte distribution width [Entitic volume] by Automated count"
      },
      "subject": {
        "reference": "urn:uuid:2c47fbe0-7ccd-7303-e961-87f586aaba9f"
      },
      "encounter": {
        "reference": "urn:uuid:0030dc92-ae14-d5cd-62d5-30ce4c262f95"
      },
      "effectiveDateTime": "2024-08-07T09:58:30+00:00",
      "issued": "2024-08-07T09:58:30.842+00:00",
      "valueQuantity": {
        "value": 41.415,
        "unit": "fL",
        "system": "http://unitsofmeasure.org",
        "code": "fL"
      }
    },
    "request": {
      "method": "POST",
      "url": "Observation"
    }
  }, {
    "fullUrl": "urn:uuid:fd4a128d-2052-71f5-2037-c4960475c8d7",
    "resource": {
      "resourceType": "Observation",
      "id": "fd4a128d-2052-71f5-2037-c4960475c8d7",
      "status": "final",
      "category": {
        "coding": [ {
          "system": "http://hl7.org/fhir/observation-category",
          "code": "laboratory",
          "display": "laboratory"
        } ],
        "text": "laboratory"
      },
      "code": {
        "coding": [ {
          "system": "http://loinc.org",
          "code": "777-3",
          "display": "Platelets [#/volume] in Blood by Automated count"
        } ],
        "text": "Platelets [#/volume] in Blood by Automated count"
      },
      "subject": {
        "reference": "urn:uuid:2c47fbe0-7ccd-7303-e961-87f586aaba9f"
      },
      "encounter": {
        "reference": "urn:uuid:0030dc92-ae14-d5cd-62d5-30ce4c262f95"
      },
      "effectiveDateTime": "2024-08-07T09:58:30+00:00",
      "issued": "2024-08-07T09:58:30.842+00:00",
      "valueQuantity": {
        "value": 327.29,
        "unit": "10*3/uL",
        "system": "http://unitsofmeasure.org",
        "code": "10*3/uL"
      }
    },
    "request": {
      "method": "POST",
      "url": "Observation"
    }
  }, {
    "fullUrl": "urn:uuid:d5684361-2b66-ac6e-ac9e-c650e70195a2",
    "resource": {
      "resourceType": "Observation",
      "id": "d5684361-2b66-ac6e-ac9e-c650e70195a2",
      "status": "final",
      "category": {
        "coding": [ {
          "system": "http://hl7.org/fhir/observation-category",
          "code": "laboratory",
          "display": "laboratory"
        } ],
        "text": "laboratory"
      },
      "code": {
        "coding": [ {
          "system": "http://loinc.org",
          "code": "32207-3",
          "display": "Platelet distribution width [Entitic volume] in Blood by Automated count"
        } ],
        "text": "Platelet distribution width [Entitic volume] in Blood by Automated count"
      },
      "subject": {
        "reference": "urn:uuid:2c47fbe0-7ccd-7303-e961-87f586aaba9f"
      },
      "encounter": {
        "reference": "urn:uuid:0030dc92-ae14-d5cd-62d5-30ce4c262f95"
      },
      "effectiveDateTime": "2024-08-07T09:58:30+00:00",
      "issued": "2024-08-07T09:58:30.842+00:00",
      "valueQuantity": {
        "value": 449.53,
        "unit": "fL",
        "system": "http://unitsofmeasure.org",
        "code": "fL"
      }
    },
    "request": {
      "method": "POST",
      "url": "Observation"
    }
  }, {
    "fullUrl": "urn:uuid:320f28e9-90c6-1910-ab1b-4c957673cd7a",
    "resource": {
      "resourceType": "Observation",
      "id": "320f28e9-90c6-1910-ab1b-4c957673cd7a",
      "status": "final",
      "category": {
        "coding": [ {
          "system": "http://hl7.org/fhir/observation-category",
          "code": "laboratory",
          "display": "laboratory"
        } ],
        "text": "laboratory"
      },
      "code": {
        "coding": [ {
          "system": "http://loinc.org",
          "code": "32623-1",
          "display": "Platelet mean volume [Entitic volume] in Blood by Automated count"
        } ],
        "text": "Platelet mean volume [Entitic volume] in Blood by Automated count"
      },
      "subject": {
        "reference": "urn:uuid:2c47fbe0-7ccd-7303-e961-87f586aaba9f"
      },
      "encounter": {
        "reference": "urn:uuid:0030dc92-ae14-d5cd-62d5-30ce4c262f95"
      },
      "effectiveDateTime": "2024-08-07T09:58:30+00:00",
      "issued": "2024-08-07T09:58:30.842+00:00",
      "valueQuantity": {
        "value": 10.040,
        "unit": "fL",
        "system": "http://unitsofmeasure.org",
        "code": "fL"
      }
    },
    "request": {
      "method": "POST",
      "url": "Observation"
    }
  }, {
    "fullUrl": "urn:uuid:2b5a797a-5b19-2855-fcab-b2ceae17135c",
    "resource": {
      "resourceType": "Observation",
      "id": "2b5a797a-5b19-2855-fcab-b2ceae17135c",
      "status": "final",
      "category": {
        "coding": [ {
          "system": "http://hl7.org/fhir/observation-category",
          "code": "social-history",
          "display": "social-history"
        } ],
        "text": "social-history"
      },
      "code": {
        "coding": [ {
          "system": "http://loinc.org",
          "code": "72166-2",
          "display": "Tobacco smoking status"
        } ],
        "text": "Tobacco smoking status"
      },
      "subject": {
        "reference": "urn:uuid:2c47fbe0-7ccd-7303-e961-87f586aaba9f"
      },
      "encounter": {
        "reference": "urn:uuid:0030dc92-ae14-d5cd-62d5-30ce4c262f95"
      },
      "effectiveDateTime": "2024-08-07T09:58:30+00:00",
      "issued": "2024-08-07T09:58:30.842+00:00",
      "valueCodeableConcept": {
        "coding": [ {
          "system": "http://snomed.info/sct",
          "code": "266919005",
          "display": "Never smoked tobacco (finding)"
        } ],
        "text": "Never smoked tobacco (finding)"
      }
    },
    "request": {
      "method": "POST",
      "url": "Observation"
    }
  }, {
    "fullUrl": "urn:uuid:ef61aa38-7eec-0cf0-517d-78beec4ba9b9",
    "resource": {
      "resourceType": "Procedure",
      "id": "ef61aa38-7eec-0cf0-517d-78beec4ba9b9",
      "subject": {
        "reference": "urn:uuid:2c47fbe0-7ccd-7303-e961-87f586aaba9f"
      },
      "status": "completed",
      "code": {
        "coding": [ {
          "system": "http://snomed.info/sct",
          "code": "430193006",
          "display": "Medication Reconciliation (procedure)"
        } ],
        "text": "Medication Reconciliation (procedure)"
      },
      "performedPeriod": {
        "start": "2024-08-07T09:58:30+00:00",
        "end": "2024-08-07T10:13:30+00:00"
      },
      "encounter": {
        "reference": "urn:uuid:0030dc92-ae14-d5cd-62d5-30ce4c262f95"
      }
    },
    "request": {
      "method": "POST",
      "url": "Procedure"
    }
  }, {
    "fullUrl": "urn:uuid:017be7f4-f6a1-1434-654c-f10dd06d267c",
    "resource": {
      "resourceType": "Immunization",
      "id": "017be7f4-f6a1-1434-654c-f10dd06d267c",
      "status": "completed",
      "date": "2024-08-07T09:58:30+00:00",
      "vaccineCode": {
        "coding": [ {
          "system": "http://hl7.org/fhir/sid/cvx",
          "code": "08",
          "display": "Hep B, adolescent or pediatric"
        } ],
        "text": "Hep B, adolescent or pediatric"
      },
      "patient": {
        "reference": "urn:uuid:2c47fbe0-7ccd-7303-e961-87f586aaba9f"
      },
      "wasNotGiven": false,
      "reported": false,
      "encounter": {
        "reference": "urn:uuid:0030dc92-ae14-d5cd-62d5-30ce4c262f95"
      }
    },
    "request": {
      "method": "POST",
      "url": "Immunization"
    }
  }, {
    "fullUrl": "urn:uuid:60ec1283-b825-4a3f-464c-20650e62468d",
    "resource": {
      "resourceType": "DiagnosticReport",
      "id": "60ec1283-b825-4a3f-464c-20650e62468d",
      "status": "final",
      "category": {
        "coding": [ {
          "system": "http://hl7.org/fhir/ValueSet/diagnostic-service-sections",
          "code": "LAB"
        } ]
      },
      "code": {
        "coding": [ {
          "system": "http://loinc.org",
          "code": "58410-2",
          "display": "CBC panel - Blood by Automated count"
        } ],
        "text": "CBC panel - Blood by Automated count"
      },
      "subject": {
        "reference": "urn:uuid:2c47fbe0-7ccd-7303-e961-87f586aaba9f"
      },
      "encounter": {
        "reference": "urn:uuid:0030dc92-ae14-d5cd-62d5-30ce4c262f95"
      },
      "effectiveDateTime": "2024-08-07T09:58:30+00:00",
      "issued": "2024-08-07T09:58:30.842+00:00",
      "performer": {
        "reference": "Organization?identifier=https://github.com/synthetichealth/synthea|c4e5b33c-17b8-3f51-a8ba-a327d54e642a",
        "display": "PRIMARY CARE MEDICINE AND PEDIATRICS, LLC"
      },
      "result": [ {
        "reference": "urn:uuid:320f28e9-90c6-1910-ab1b-4c957673cd7a",
        "display": "Platelet mean volume [Entitic volume] in Blood by Automated count"
      } ]
    },
    "request": {
      "method": "POST",
      "url": "DiagnosticReport"
    }
  }, {
    "fullUrl": "urn:uuid:941d965e-0e74-4915-c026-337dc4844eea",
    "resource": {
      "resourceType": "Claim",
      "id": "941d965e-0e74-4915-c026-337dc4844eea",
      "type": "institutional",
      "organization": {
        "reference": "Organization?identifier=https://github.com/synthetichealth/synthea|c4e5b33c-17b8-3f51-a8ba-a327d54e642a",
        "display": "PRIMARY CARE MEDICINE AND PEDIATRICS, LLC"
      },
      "use": "complete",
      "diagnosis": [ {
        "sequence": 1,
        "diagnosis": {
          "system": "http://snomed.info/sct",
          "code": "314529007",
          "display": "Medication review due (situation)"
        }
      } ],
      "patient": {
        "reference": "urn:uuid:2c47fbe0-7ccd-7303-e961-87f586aaba9f"
      },
      "item": [ {
        "sequence": 1,
        "type": {
          "system": "http://hl7.org/fhir/v3/ActCode",
          "code": "CSINV",
          "display": "clinical service invoice"
        },
        "service": {
          "system": "http://snomed.info/sct",
          "code": "410620009",
          "display": "Well child visit (procedure)"
        }
      }, {
        "sequence": 2,
        "type": {
          "system": "http://hl7.org/fhir/v3/ActCode",
          "code": "CSINV",
          "display": "clinical service invoice"
        },
        "service": {
          "system": "http://hl7.org/fhir/sid/cvx",
          "code": "08",
          "display": "Hep B, adolescent or pediatric"
        },
        "net": {
          "value": 136.00,
          "system": "urn:iso:std:iso:4217",
          "code": "USD"
        }
      }, {
        "sequence": 4,
        "type": {
          "system": "http://hl7.org/fhir/v3/ActCode",
          "code": "CSINV",
          "display": "clinical service invoice"
        },
        "service": {
          "system": "http://snomed.info/sct",
          "code": "430193006",
          "display": "Medication Reconciliation (procedure)"
        },
        "net": {
          "value": 393.44,
          "system": "urn:iso:std:iso:4217",
          "code": "USD"
        }
      }, {
        "sequence": 5,
        "type": {
          "system": "http://hl7.org/fhir/v3/ActCode",
          "code": "CSINV",
          "display": "clinical service invoice"
        },
        "service": {
          "system": "http://loinc.org",
          "code": "58410-2",
          "display": "CBC panel - Blood by Automated count"
        },
        "net": {
          "value": 74.58,
          "system": "urn:iso:std:iso:4217",
          "code": "USD"
        }
      } ]
    },
    "request": {
      "method": "POST",
      "url": "Claim"
    }
  } ]
}
