{
  "resourceType": "Bundle",
  "type": "transaction",
  "entry": [ {
    "fullUrl": "urn:uuid:81377bdc-7b45-dc7c-9d99-8c42ad262a2c",
    "resource": {
      "resourceType": "Patient",
      "id": "81377bdc-7b45-dc7c-9d99-8c42ad262a2c",
      "text": {
        "status": "generated",
        "div": "<div xmlns=\"http://www.w3.org/1999/xhtml\">Generated by <a href=\"https://github.com/synthetichealth/synthea\">Synthea</a>.Version identifier: 0da3b77\n .   Person seed: -9135697132206564228  Population seed: 1760449612290</div>"
      },
      "extension": [ {
        "url": "http://hl7.org/fhir/StructureDefinition/us-core-race",
        "valueCodeableConcept": {
          "coding": [ {
            "system": "http://hl7.org/fhir/v3/Race",
            "code": "2106-3",
            "display": "White"
          } ],
          "text": "White"
        }
      }, {
        "url": "http://hl7.org/fhir/StructureDefinition/us-core-ethnicity",
        "valueCodeableConcept": {
          "coding": [ {
            "system": "http://hl7.org/fhir/v3/Ethnicity",
            "code": "2186-5",
            "display": "Not Hispanic or Latino"
          } ],
          "text": "Not Hispanic or Latino"
        }
      }, {
        "url": "http://hl7.org/fhir/StructureDefinition/patient-mothersMaidenName",
        "valueString": "Teodora360 Rath779"
      }, {
        "url": "http://hl7.org/fhir/us/core/StructureDefinition/us-core-birthsex",
        "valueCode": "F"
      }, {
        "url": "http://hl7.org/fhir/StructureDefinition/birthPlace",
        "valueAddress": {
          "city": "Boston",
          "state": "Massachusetts",
          "country": "US"
        }
      }, {
        "url": "http://synthetichealth.github.io/synthea/disability-adjusted-life-years",
        "valueDecimal": 0.0
      }, {
        "url": "http://synthetichealth.github.io/synthea/quality-adjusted-life-years",
        "valueDecimal": 0.0
      } ],
      "identifier": [ {
        "system": "https://github.com/synthetichealth/synthea",
        "value": "81377bdc-7b45-dc7c-9d99-8c42ad262a2c"
      }, {
        "type": {
          "coding": [ {
            "system": "http://hl7.org/fhir/v2/0203",
            "code": "MR"
          } ]
        },
        "system": "http://hospital.smarthealthit.org",
        "value": "81377bdc-7b45-dc7c-9d99-8c42ad262a2c"
      }, {
        "type": {
          "coding": [ {
            "system": "http://hl7.org/fhir/identifier-type",
            "code": "SB"
          } ]
        },
        "system": "http://hl7.org/fhir/sid/us-ssn",
        "value": "999-66-5910"
      } ],
      "name": [ {
        "use": "official",
        "family": [ "McCullough561" ],
        "given": [ "Fernande593", "Kassie598" ]
      } ],
      "telecom": [ {
        "system": "phone",
        "value": "555-466-8847",
        "use": "home"
      } ],
      "gender": "female",
      "birthDate": "2025-10-04",
      "address": [ {
        "extension": [ {
          "url": "http://hl7.org/fhir/StructureDefinition/geolocation",
          "extension": [ {
            "url": "latitude",
            "valueDecimal": 42.22492110835055
          }, {
            "url": "longitude",
            "valueDecimal": -71.80175561497724
          } ]
        } ],
        "line": [ "150 Cummerata Dale" ],
        "city": "Worcester",
        "state": "Massachusetts",
        "postalCode": "01608",
        "country": "US"
      } ],
      "maritalStatus": {
        "coding": [ {
          "system": "http://hl7.org/fhir/v3/MaritalStatus",
          "code": "S"
        } ]
      },
      "multipleBirthInteger": 1,
      "communication": [ {
        "language": {
          "coding": [ {
            "system": "urn:ietf:bcp:47",
            "code": "en-US",
            "display": "English (United States)"
          } ],
          "text": "English (United States)"
        }
      } ]
    },
    "request": {
      "method": "POST",
      "url": "Patient"
    }
  }, {
    "fullUrl": "urn:uuid:81377bdc-7b45-dc7c-fd42-e35109b95e0a",
    "resource": {
      "resourceType": "Encounter",
      "id": "81377bdc-7b45-dc7c-fd42-e35109b95e0a",
      "status": "finished",
      "class": "ambulatory",
      "type": [ {
        "coding": [ {
          "system": "http://snomed.info/sct",
          "code": "410620009",
          "display": "Well child visit (procedure)"
        } ],
        "text": "Well child visit (procedure)"
      } ],
      "patient": {
        "reference": "urn:uuid:81377bdc-7b45-dc7c-9d99-8c42ad262a2c"
      },
      "participant": [ {
        "individual": {
          "reference": "Practitioner?identifier=http://hl7.org/fhir/sid/us-npi|9999980896",
          "display": "Dr. Gerardo48 Conn188"
        }
      } ],
      "period": {
        "start": "2025-10-04T23:04:58+00:00",
        "end": "2025-10-04T23:19:58+00:00"
      },
      "serviceProvider": {
        "reference": "Organization?identifier=https://github.com/synthetichealth/synthea|dd456e39-9f82-303b-9c3f-5db0e82a437e",
        "display": "FAMILY HEALTH CENTER OF WORCESTER INC"
      }
    },
    "request": {
      "method": "POST",
      "url": "Encounter"
    }
  }, {
    "fullUrl": "urn:uuid:81377bdc-7b45-dc7c-2fe4-9d3ddd941881",
    "resource": {
      "resourceType": "Condition",
      "id": "81377bdc-7b45-dc7c-2fe4-9d3ddd941881",
      "patient": {
        "reference": "urn:uuid:81377bdc-7b45-dc7c-9d99-8c42ad262a2c"
      },
      "encounter": {
        "reference": "urn:uuid:81377bdc-7b45-dc7c-fd42-e35109b95e0a"
      },
      "dateRecorded": "2025-10-04",
      "code": {
        "coding": [ {
          "system": "http://snomed.info/sct",
          "code": "314529007",
          "display": "Medication review due (situation)"
        } ],
        "text": "Medication review due (situation)"
      },
      "category": {
        "coding": [ {
          "system": "http://hl7.org/fhir/condition-category",
          "code": "diagnosis"
        } ]
      },
      "clinicalStatus": "active",
      "verificationStatus": "confirmed",
      "onsetDateTime": "2025-10-04T23:04:58+00:00"
    },
    "request": {
      "method": "POST",
      "url": "Condition"
    }
  }, {
    "fullUrl": "urn:uuid:81377bdc-7b45-dc7c-9d9a-86b8862027d1",
    "resource": {
      "resourceType": "Observation",
      "id": "81377bdc-7b45-dc7c-9d9a-86b8862027d1",
      "status": "final",
      "category": {
        "coding": [ {
          "system": "http://hl7.org/fhir/observation-category",
          "code": "vital-signs",
          "display": "vital-signs"
        } ],
        "text": "vital-signs"
      },
      "code": {
        "coding": [ {
          "system": "http://loinc.org",
          "code": "8302-2",
          "display": "Body Height"
        } ],
        "text": "Body Height"
      },
      "subject": {
        "reference": "urn:uuid:81377bdc-7b45-dc7c-9d99-8c42ad262a2c"
      },
      "encounter": {
        "reference": "urn:uuid:81377bdc-7b45-dc7c-fd42-e35109b95e0a"
      },
      "effectiveDateTime": "2025-10-04T23:04:58+00:00",
      "issued": "2025-10-04T23:04:58.856+00:00",
      "valueQuantity": {
        "value": 50.200,
        "unit": "cm",
        "system": "http://unitsofmeasure.org",
        "code": "cm"
      }
    },
    "request": {
      "method": "POST",
      "url": "Observation"
    }
  }, {
    "fullUrl": "urn:uuid:81377bdc-7b45-dc7c-220d-01bdbbde4d33",
    "resource": {
      "resourceType": "Observation",
      "id": "81377bdc-7b45-dc7c-220d-01bdbbde4d33",
      "status": "final",
      "category": {
        "coding": [ {
          "system": "http://hl7.org/fhir/observation-category",
          "code": "vital-signs",
          "display": "vital-signs"
        } ],
        "text": "vital-signs"
      },
      "code": {
        "coding": [ {
          "system": "http://loinc.org",
          "code": "72514-3",
          "display": "Pain severity - 0-10 verbal numeric rating [Score] - Reported"
        } ],
        "text": "Pain severity - 0-10 verbal numeric rating [Score] - Reported"
      },
      "subject": {
        "reference": "urn:uuid:81377bdc-7b45-dc7c-9d99-8c42ad262a2c"
      },
      "encounter": {
        "reference": "urn:uuid:81377bdc-7b45-dc7c-fd42-e35109b95e0a"
      },
      "effectiveDateTime": "2025-10-04T23:04:58+00:00",
      "issued": "2025-10-04T23:04:58.856+00:00",
      "valueQuantity": {
        "value": 2,
        "unit": "{score}",
        "system": "http://unitsofmeasure.org",
        "code": "{score}"
      }
    },
    "request": {
      "method": "POST",
      "url": "Observation"
    }
  }, {
    "fullUrl": "urn:uuid:81377bdc-7b45-dc7c-957f-dcca1279231c",
    "resource": {
      "resourceType": "Observation",
      "id": "81377bdc-7b45-dc7c-957f-dcca1279231c",
      "status": "final",
      "category": {
        "coding": [ {
          "system": "http://hl7.org/fhir/observation-category",
          "code": "vital-signs",
          "display": "vital-signs"
        } ],
        "text": "vital-signs"
      },
      "code": {
        "coding": [ {
          "system": "http://loinc.org",
          "code": "29463-7",
          "display": "Body Weight"
        } ],
        "text": "Body Weight"
      },
      "subject": {
        "reference": "urn:uuid:81377bdc-7b45-dc7c-9d99-8c42ad262a2c"
      },
      "encounter": {
        "reference": "urn:uuid:81377bdc-7b45-dc7c-fd42-e35109b95e0a"
      },
      "effectiveDateTime": "2025-10-04T23:04:58+00:00",
      "issued": "2025-10-04T23:04:58.856+00:00",
      "valueQuantity": {
        "value": 3.8000,
        "unit": "kg",
        "system": "http://unitsofmeasure.org",
        "code": "kg"
      }
    },
    "request": {
      "method": "POST",
      "url": "Observation"
    }
  }, {
    "fullUrl": "urn:uuid:81377bdc-7b45-dc7c-69c4-0a4c7cad95ed",
    "resource": {
      "resourceType": "Observation",
      "id": "81377bdc-7b45-dc7c-69c4-0a4c7cad95ed",
      "status": "final",
      "category": {
        "coding": [ {
          "system": "http://hl7.org/fhir/observation-category",
          "code": "vital-signs",
          "display": "vital-signs"
        } ],
        "text": "vital-signs"
      },
      "code": {
        "coding": [ {
          "system": "http://loinc.org",
          "code": "77606-2",
          "display": "Weight-for-length Per age and sex"
        } ],
        "text": "Weight-for-length Per age and sex"
      },
      "subject": {
        "reference": "urn:uuid:81377bdc-7b45-dc7c-9d99-8c42ad262a2c"
      },
      "encounter": {
        "reference": "urn:uuid:81377bdc-7b45-dc7c-fd42-e35109b95e0a"
      },
      "effectiveDateTime": "2025-10-04T23:04:58+00:00",
      "issued": "2025-10-04T23:04:58.856+00:00",
      "valueQuantity": {
        "value": 79.899,
        "unit": "%",
        "system": "http://unitsofmeasure.org",
        "code": "%"
      }
    },
    "request": {
      "method": "POST",
      "url": "Observation"
    }
  }, {
    "fullUrl": "urn:uuid:81377bdc-7b45-dc7c-d270-e088c8d079ae",
    "resource": {
      "resourceType": "Observation",
      "id": "81377bdc-7b45-dc7c-d270-e088c8d079ae",
      "status": "final",
      "category": {
        "coding": [ {
          "system": "http://hl7.org/fhir/observation-category",
          "code": "vital-signs",
          "display": "vital-signs"
        } ],
        "text": "vital-signs"
      },
      "code": {
        "coding": [ {
          "system": "http://loinc.org",
          "code": "8289-1",
          "display": "Head Occipital-frontal circumference Percentile"
        } ],
        "text": "Head Occipital-frontal circumference Percentile"
      },
      "subject": {
        "reference": "urn:uuid:81377bdc-7b45-dc7c-9d99-8c42ad262a2c"
      },
      "encounter": {
        "reference": "urn:uuid:81377bdc-7b45-dc7c-fd42-e35109b95e0a"
      },
      "effectiveDateTime": "2025-10-04T23:04:58+00:00",
      "issued": "2025-10-04T23:04:58.856+00:00",
      "valueQuantity": {
        "value": 29.310,
        "unit": "%",
        "system": "http://unitsofmeasure.org",
        "code": "%"
      }
    },
    "request": {
      "method": "POST",
      "url": "Observation"
    }
  }, {
    "fullUrl": "urn:uuid:81377bdc-7b45-dc7c-80b1-62eecac039a3",
    "resource": {
      "resourceType": "Observation",
      "id": "81377bdc-7b45-dc7c-80b1-62eecac039a3",
      "status": "final",
      "category": {
        "coding": [ {
          "system": "http://hl7.org/fhir/observation-category",
          "code": "vital-signs",
          "display": "vital-signs"
        } ],
        "text": "vital-signs"
      },
      "code": {
        "coding": [ {
          "system": "http://loinc.org",
          "code": "9843-4",
          "display": "Head Occipital-frontal circumference"
        } ],
        "text": "Head Occipital-frontal circumference"
      },
      "subject": {
        "reference": "urn:uuid:81377bdc-7b45-dc7c-9d99-8c42ad262a2c"
      },
      "encounter": {
        "reference": "urn:uuid:81377bdc-7b45-dc7c-fd42-e35109b95e0a"
      },
      "effectiveDateTime": "2025-10-04T23:04:58+00:00",
      "issued": "2025-10-04T23:04:58.856+00:00",
      "valueQuantity": {
        "value": 33.850,
        "unit": "cm",
        "system": "http://unitsofmeasure.org",
        "code": "cm"
      }
    },
    "request": {
      "method": "POST",
      "url": "Observation"
    }
  }, {
    "fullUrl": "urn:uuid:81377bdc-7b45-dc7c-151e-9f36c596ca82",
    "resource": {
      "resourceType": "Observation",
      "id": "81377bdc-7b45-dc7c-151e-9f36c596ca82",
      "status": "final",
      "category": {
        "coding": [ {
          "system": "http://hl7.org/fhir/observation-category",
          "code": "vital-signs",
          "display": "vital-signs"
        } ],
        "text": "vital-signs"
      },
      "code": {
        "coding": [ {
          "system": "http://loinc.org",
          "code": "85354-9",
          "display": "Blood pressure panel with all children optional"
        } ],
        "text": "Blood pressure panel with all children optional"
      },
      "subject": {
        "reference": "urn:uuid:81377bdc-7b45-dc7c-9d99-8c42ad262a2c"
      },
      "encounter": {
        "reference": "urn:uuid:81377bdc-7b45-dc7c-fd42-e35109b95e0a"
      },
      "effectiveDateTime": "2025-10-04T23:04:58+00:00",
      "issued": "2025-10-04T23:04:58.856+00:00",
      "component": [ {
        "code": {
          "coding": [ {
            "system": "http://loinc.org",
            "code": "8462-4",
            "display": "Diastolic Blood Pressure"
          } ],
          "text": "Diastolic Blood Pressure"
        },
        "valueQuantity": {
          "value": 69,
          "unit": "mm[Hg]",
          "system": "http://unitsofmeasure.org",
          "code": "mm[Hg]"
        }
      }, {
        "code": {
          "coding": [ {
            "system": "http://loinc.org",
            "code": "8480-6",
            "display": "Systolic Blood Pressure"
          } ],
          "text": "Systolic Blood Pressure"
        },
        "valueQuantity": {
          "value": 90,
          "unit": "mm[Hg]",
          "system": "http://unitsofmeasure.org",
          "code": "mm[Hg]"
        }
      } ]
    },
    "request": {
      "method": "POST",
      "url": "Observation"
    }
  }, {
    "fullUrl": "urn:uuid:81377bdc-7b45-dc7c-73b1-17595fa581d2",
    "resource": {
      "resourceType": "Observation",
      "id": "81377bdc-7b45-dc7c-73b1-17595fa581d2",
      "status": "final",
      "category": {
        "coding": [ {
          "system": "http://hl7.org/fhir/observation-category",
          "code": "vital-signs",
          "display": "vital-signs"
        } ],
        "text": "vital-signs"
      },
      "code": {
        "coding": [ {
          "system": "http://loinc.org",
          "code": "8867-4",
          "display": "Heart rate"
        } ],
        "text": "Heart rate"
      },
      "subject": {
        "reference": "urn:uuid:81377bdc-7b45-dc7c-9d99-8c42ad262a2c"
      },
      "encounter": {
        "reference": "urn:uuid:81377bdc-7b45-dc7c-fd42-e35109b95e0a"
      },
      "effectiveDateTime": "2025-10-04T23:04:58+00:00",
      "issued": "2025-10-04T23:04:58.856+00:00",
      "valueQuantity": {
        "value": 99,
        "unit": "/min",
        "system": "http://unitsofmeasure.org",
        "code": "/min"
      }
    },
    "request": {
      "method": "POST",
      "url": "Observation"
    }
  }, {
    "fullUrl": "urn:uuid:81377bdc-7b45-dc7c-6a3c-050adb089e64",
    "resource": {
      "resourceType": "Observation",
      "id": "81377bdc-7b45-dc7c-6a3c-050adb089e64",
      "status": "final",
      "category": {
        "coding": [ {
          "system": "http://hl7.org/fhir/observation-category",
          "code": "vital-signs",
          "display": "vital-signs"
        } ],
        "text": "vital-signs"
      },
      "code": {
        "coding": [ {
          "system": "http://loinc.org",
          "code": "9279-1",
          "display": "Respiratory rate"
        } ],
        "text": "Respiratory rate"
      },
      "subject": {
        "reference": "urn:uuid:81377bdc-7b45-dc7c-9d99-8c42ad262a2c"
      },
      "encounter": {
        "reference": "urn:uuid:81377bdc-7b45-dc7c-fd42-e35109b95e0a"
      },
      "effectiveDateTime": "2025-10-04T23:04:58+00:00",
      "issued": "2025-10-04T23:04:58.856+00:00",
      "valueQuantity": {
        "value": 15,
        "unit": "/min",
        "system": "http://unitsofmeasure.org",
        "code": "/min"
      }
    },
    "request": {
      "method": "POST",
      "url": "Observation"
    }
  }, {
    "fullUrl": "urn:uuid:81377bdc-7b45-dc7c-cd9a-6acffd51e012",
    "resource": {
      "resourceType": "Observation",
      "id": "81377bdc-7b45-dc7c-cd9a-6acffd51e012",
      "status": "final",
      "category": {
        "coding": [ {
          "system": "http://hl7.org/fhir/observation-category",
          "code": "laboratory",
          "display": "laboratory"
        } ],
        "text": "laboratory"
      },
      "code": {
        "coding": [ {
          "system": "http://loinc.org",
          "code": "6690-2",
          "display": "Leukocytes [#/volume] in Blood by Automated count"
        } ],
        "text": "Leukocytes [#/volume] in Blood by Automated count"
      },
      "subject": {
        "reference": "urn:uuid:81377bdc-7b45-dc7c-9d99-8c42ad262a2c"
      },
      "encounter": {
        "reference": "urn:uuid:81377bdc-7b45-dc7c-fd42-e35109b95e0a"
      },
      "effectiveDateTime": "2025-10-04T23:04:58+00:00",
      "issued": "2025-10-04T23:04:58.856+00:00",
      "valueQuantity": {
        "value": 7.4946,
        "unit": "10*3/uL",
        "system": "http://unitsofmeasure.org",
        "code": "10*3/uL"
      }
    },
    "request": {
      "method": "POST",
      "url": "Observation"
    }
  }, {
    "fullUrl": "urn:uuid:81377bdc-7b45-dc7c-aab1-194abd6db10a",
    "resource": {
      "resourceType": "Observation",
      "id": "81377bdc-7b45-dc7c-aab1-194abd6db10a",
      "status": "final",
      "category": {
        "coding": [ {
          "system": "http://hl7.org/fhir/observation-category",
          "code": "laboratory",
          "display": "laboratory"
        } ],
        "text": "laboratory"
      },
      "code": {
        "coding": [ {
          "system": "http://loinc.org",
          "code": "789-8",
          "display": "Erythrocytes [#/volume] in Blood by Automated count"
        } ],
        "text": "Erythrocytes [#/volume] in Blood by Automated count"
      },
      "subject": {
        "reference": "urn:uuid:81377bdc-7b45-dc7c-9d99-8c42ad262a2c"
      },
      "encounter": {
        "reference": "urn:uuid:81377bdc-7b45-dc7c-fd42-e35109b95e0a"
      },
      "effectiveDateTime": "2025-10-04T23:04:58+00:00",
      "issued": "2025-10-04T23:04:58.856+00:00",
      "valueQuantity": {
        "value": 4.5166,
        "unit": "10*6/uL",
        "system": "http://unitsofmeasure.org",
        "code": "10*6/uL"
      }
    },
    "request": {
      "method": "POST",
      "url": "Observation"
    }
  }, {
    "fullUrl": "urn:uuid:81377bdc-7b45-dc7c-8fa1-4d9923289516",
    "resource": {
      "resourceType": "Observation",
      "id": "81377bdc-7b45-dc7c-8fa1-4d9923289516",
      "status": "final",
      "category": {
        "coding": [ {
          "system": "http://hl7.org/fhir/observation-category",
          "code": "laboratory",
          "display": "laboratory"
        } ],
        "text": "laboratory"
      },
      "code": {
        "coding": [ {
          "system": "http://loinc.org",
          "code": "718-7",
          "display": "Hemoglobin [Mass/volume] in Blood"
        } ],
        "text": "Hemoglobin [Mass/volume] in Blood"
      },
      "subject": {
        "reference": "urn:uuid:81377bdc-7b45-dc7c-9d99-8c42ad262a2c"
      },
      "encounter": {
        "reference": "urn:uuid:81377bdc-7b45-dc7c-fd42-e35109b95e0a"
      },
      "effectiveDateTime": "2025-10-04T23:04:58+00:00",
      "issued": "2025-10-04T23:04:58.856+00:00",
      "valueQuantity": {
        "value": 17.022,
        "unit": "g/dL",
        "system": "http://unitsofmeasure.org",
        "code": "g/dL"
      }
    },
    "request": {
      "method": "POST",
      "url": "Observation"
    }
  }, {
    "fullUrl": "urn:uuid:81377bdc-7b45-dc7c-b003-8ddb57442b74",
    "resource": {
      "resourceType": "Observation",
      "id": "81377bdc-7b45-dc7c-b003-8ddb57442b74",
      "status": "final",
      "category": {
        "coding": [ {
          "system": "http://hl7.org/fhir/observation-category",
          "code": "laboratory",
          "display": "laboratory"
        } ],
        "text": "laboratory"
      },
      "code": {
        "coding": [ {
          "system": "http://loinc.org",
          "code": "4544-3",
          "display": "Hematocrit [Volume Fraction] of Blood by Automated count"
        } ],
        "text": "Hematocrit [Volume Fraction] of Blood by Automated count"
      },
      "subject": {
        "reference": "urn:uuid:81377bdc-7b45-dc7c-9d99-8c42ad262a2c"
      },
      "encounter": {
        "reference": "urn:uuid:81377bdc-7b45-dc7c-fd42-e35109b95e0a"
      },
      "effectiveDateTime": "2025-10-04T23:04:58+00:00",
      "issued": "2025-10-04T23:04:58.856+00:00",
      "valueQuantity": {
        "value": 43.032,
        "unit": "%",
        "system": "http://unitsofmeasure.org",
        "code": "%"
      }
    },
    "request": {
      "method": "POST",
      "url": "Observation"
    }
  }, {
    "fullUrl": "urn:uuid:81377bdc-7b45-dc7c-d897-0f16a0e068e9",
    "resource": {
      "resourceType": "Observation",
      "id": "81377bdc-7b45-dc7c-d897-0f16a0e068e9",
      "status": "final",
      "category": {
        "coding": [ {
          "system": "http://hl7.org/fhir/observation-category",
          "code": "laboratory",
          "display": "laboratory"
        } ],
        "text": "laboratory"
      },
      "code": {
        "coding": [ {
          "system": "http://loinc.org",
          "code": "787-2",
          "display": "MCV [Entitic volume] by Automated count"
        } ],
        "text": "MCV [Entitic volume] by Automated count"
      },
      "subject": {
        "reference": "urn:uuid:81377bdc-7b45-dc7c-9d99-8c42ad262a2c"
      },
      "encounter": {
        "reference": "urn:uuid:81377bdc-7b45-dc7c-fd42-e35109b95e0a"
      },
      "effectiveDateTime": "2025-10-04T23:04:58+00:00",
      "issued": "2025-10-04T23:04:58.856+00:00",
      "valueQuantity": {
        "value": 81.817,
        "unit": "fL",
        "system": "http://unitsofmeasure.org",
        "code": "fL"
      }
    },
    "request": {
      "method": "POST",
      "url": "Observation"
    }
  }, {
    "fullUrl": "urn:uuid:81377bdc-7b45-dc7c-33e7-15608d75df1c",
    "resource": {
      "resourceType": "Observation",
      "id": "81377bdc-7b45-dc7c-33e7-15608d75df1c",
      "status": "final",
      "category": {
        "coding": [ {
          "system": "http://hl7.org/fhir/observation-category",
          "code": "laboratory",
          "display": "laboratory"
        } ],
        "text": "laboratory"
      },
      "code": {
        "coding": [ {
          "system": "http://loinc.org",
          "code": "785-6",
          "display": "MCH [Entitic mass] by Automated count"
        } ],
        "text": "MCH [Entitic mass] by Automated count"
      },
      "subject": {
        "reference": "urn:uuid:81377bdc-7b45-dc7c-9d99-8c42ad262a2c"
      },
      "encounter": {
        "reference": "urn:uuid:81377bdc-7b45-dc7c-fd42-e35109b95e0a"
      },
      "effectiveDateTime": "2025-10-04T23:04:58+00:00",
      "issued": "2025-10-04T23:04:58.856+00:00",
      "valueQuantity": {
        "value": 29.085,
        "unit": "pg",
        "system": "http://unitsofmeasure.org",
        "code": "pg"
      }
    },
    "request": {
      "method": "POST",
      "url": "Observation"
    }
  }, {
    "fullUrl": "urn:uuid:81377bdc-7b45-dc7c-fa23-b234c75ca520",
    "resource": {
      "resourceType": "Observation",
      "id": "81377bdc-7b45-dc7c-fa23-b234c75ca520",
      "status": "final",
      "category": {
        "coding": [ {
          "system": "http://hl7.org/fhir/observation-category",
          "code": "laboratory",
          "display": "laboratory"
        } ],
        "text": "laboratory"
      },
      "code": {
        "coding": [ {
          "system": "http://loinc.org",
          "code": "786-4",
          "display": "MCHC [Mass/volume] by Automated count"
        } ],
        "text": "MCHC [Mass/volume] by Automated count"
      },
      "subject": {
        "reference": "urn:uuid:81377bdc-7b45-dc7c-9d99-8c42ad262a2c"
      },
      "encounter": {
        "reference": "urn:uuid:81377bdc-7b45-dc7c-fd42-e35109b95e0a"
      },
      "effectiveDateTime": "2025-10-04T23:04:58+00:00",
      "issued": "2025-10-04T23:04:58.856+00:00",
      "valueQuantity": {
        "value": 33.544,
        "unit": "g/dL",
        "system": "http://unitsofmeasure.org",
        "code": "g/dL"
      }
    },
    "request": {
      "method": "POST",
      "url": "Observation"
    }
  }, {
    "fullUrl": "urn:uuid:81377bdc-7b45-dc7c-c25d-85272a80b552",
    "resource": {
      "resourceType": "Observation",
      "id": "81377bdc-7b45-dc7c-c25d-85272a80b552",
      "status": "final",
      "category": {
        "coding": [ {
          "system": "http://hl7.org/fhir/observation-category",
          "code": "laboratory",
          "display": "laboratory"
        } ],
        "text": "laboratory"
      },
      "code": {
        "coding": [ {
          "system": "http://loinc.org",
          "code": "21000-5",
          "display": "Erythrocyte distribution width [Entitic volume] by Automated count"
        } ],
        "text": "Erythrocyte distribution width [Entitic volume] by Automated count"
      },
      "subject": {
        "reference": "urn:uuid:81377bdc-7b45-dc7c-9d99-8c42ad262a2c"
      },
      "encounter": {
        "reference": "urn:uuid:81377bdc-7b45-dc7c-fd42-e35109b95e0a"
      },
      "effectiveDateTime": "2025-10-04T23:04:58+00:00",
      "issued": "2025-10-04T23:04:58.856+00:00",
      "valueQuantity": {
        "value": 40.254,
        "unit": "fL",
        "system": "http://unitsofmeasure.org",
        "code": "fL"
      }
    },
    "request": {
      "method": "POST",
      "url": "Observation"
    }
  }, {
    "fullUrl": "urn:uuid:81377bdc-7b45-dc7c-6c2a-62bcbf9dd464",
    "resource": {
      "resourceType": "Observation",
      "id": "81377bdc-7b45-dc7c-6c2a-62bcbf9dd464",
      "status": "final",
      "category": {
        "coding": [ {
          "system": "http://hl7.org/fhir/observation-category",
          "code": "laboratory",
          "display": "laboratory"
        } ],
        "text": "laboratory"
      },
      "code": {
        "coding": [ {
          "system": "http://loinc.org",
          "code": "777-3",
          "display": "Platelets [#/volume] in Blood by Automated count"
        } ],
        "text": "Platelets [#/volume] in Blood by Automated count"
      },
      "subject": {
        "reference": "urn:uuid:81377bdc-7b45-dc7c-9d99-8c42ad262a2c"
      },
      "encounter": {
        "reference": "urn:uuid:81377bdc-7b45-dc7c-fd42-e35109b95e0a"
      },
      "effectiveDateTime": "2025-10-04T23:04:58+00:00",
      "issued": "2025-10-04T23:04:58.856+00:00",
      "valueQuantity": {
        "value": 357.75,
        "unit": "10*3/uL",
        "system": "http://unitsofmeasure.org",
        "code": "10*3/uL"
      }
    },
    "request": {
      "method": "POST",
      "url": "Observation"
    }
  }, {
    "fullUrl": "urn:uuid:81377bdc-7b45-dc7c-68b3-059aa96a55ba",
    "resource": {
      "resourceType": "Observation",
      "id": "81377bdc-7b45-dc7c-68b3-059aa96a55ba",
      "status": "final",
      "category": {
        "coding": [ {
          "system": "http://hl7.org/fhir/observation-category",
          "code": "laboratory",
          "display": "laboratory"
        } ],
        "text": "laboratory"
      },
      "code": {
        "coding": [ {
          "system": "http://loinc.org",
          "code": "32207-3",
          "display": "Platelet distribution width [Entitic volume] in Blood by Automated count"
        } ],
        "text": "Platelet distribution width [Entitic volume] in Blood by Automated count"
      },
      "subject": {
        "reference": "urn:uuid:81377bdc-7b45-dc7c-9d99-8c42ad262a2c"
      },
      "encounter": {
        "reference": "urn:uuid:81377bdc-7b45-dc7c-fd42-e35109b95e0a"
      },
      "effectiveDateTime": "2025-10-04T23:04:58+00:00",
      "issued": "2025-10-04T23:04:58.856+00:00",
      "valueQuantity": {
        "value": 159.70,
        "unit": "fL",
        "system": "http://unitsofmeasure.org",
        "code": "fL"
      }
    },
    "request": {
      "method": "POST",
      "url": "Observation"
    }
  }, {
    "fullUrl": "urn:uuid:81377bdc-7b45-dc7c-d788-2de08db950f4",
    "resource": {
      "resourceType": "Observation",
      "id": "81377bdc-7b45-dc7c-d788-2de08db950f4",
      "status": "final",
      "category": {
        "coding": [ {
          "system": "http://hl7.org/fhir/observation-category",
          "code": "laboratory",
          "display": "laboratory"
        } ],
        "text": "laboratory"
      },
      "code": {
        "coding": [ {
          "system": "http://loinc.org",
          "code": "32623-1",
          "display": "Platelet mean volume [Entitic volume] in Blood by Automated count"
        } ],
        "text": "Platelet mean volume [Entitic volume] in Blood by Automated count"
      },
      "subject": {
        "reference": "urn:uuid:81377bdc-7b45-dc7c-9d99-8c42ad262a2c"
      },
      "encounter": {
        "reference": "urn:uuid:81377bdc-7b45-dc7c-fd42-e35109b95e0a"
      },
      "effectiveDateTime": "2025-10-04T23:04:58+00:00",
      "issued": "2025-10-04T23:04:58.856+00:00",
      "valueQuantity": {
        "value": 11.363,
        "unit": "fL",
        "system": "http://unitsofmeasure.org",
        "code": "fL"
      }
    },
    "request": {
      "method": "POST",
      "url": "Observation"
    }
  }, {
    "fullUrl": "urn:uuid:81377bdc-7b45-dc7c-689f-d2d044121ccb",
    "resource": {
      "resourceType": "Observation",
      "id": "81377bdc-7b45-dc7c-689f-d2d044121ccb",
      "status": "final",
      "category": {
        "coding": [ {
          "system": "http://hl7.org/fhir/observation-category",
          "code": "social-history",
          "display": "social-history"
        } ],
        "text": "social-history"
      },
      "code": {
        "coding": [ {
          "system": "http://loinc.org",
          "code": "72166-2",
          "display": "Tobacco smoking status"
        } ],
        "text": "Tobacco smoking status"
      },
      "subject": {
        "reference": "urn:uuid:81377bdc-7b45-dc7c-9d99-8c42ad262a2c"
      },
      "encounter": {
        "reference": "urn:uuid:81377bdc-7b45-dc7c-fd42-e35109b95e0a"
      },
      "effectiveDateTime": "2025-10-04T23:04:58+00:00",
      "issued": "2025-10-04T23:04:58.856+00:00",
      "valueCodeableConcept": {
        "coding": [ {
          "system": "http://snomed.info/sct",
          "code": "266919005",
          "display": "Never smoked tobacco (finding)"
        } ],
        "text": "Never smoked tobacco (finding)"
      }
    },
    "request": {
      "method": "POST",
      "url": "Observation"
    }
  }, {
    "fullUrl": "urn:uuid:81377bdc-7b45-dc7c-555b-350c6791ddc1",
    "resource": {
      "resourceType": "Immunization",
      "id": "81377bdc-7b45-dc7c-555b-350c6791ddc1",
      "status": "completed",
      "date": "2025-10-04T23:04:58+00:00",
      "vaccineCode": {
        "coding": [ {
          "system": "http://hl7.org/fhir/sid/cvx",
          "code": "08",
          "display": "Hep B, adolescent or pediatric"
        } ],
        "text": "Hep B, adolescent or pediatric"
      },
      "patient": {
        "reference": "urn:uuid:81377bdc-7b45-dc7c-9d99-8c42ad262a2c"
      },
      "wasNotGiven": false,
      "reported": false,
      "encounter": {
        "reference": "urn:uuid:81377bdc-7b45-dc7c-fd42-e35109b95e0a"
      }
    },
    "request": {
      "method": "POST",
      "url": "Immunization"
    }
  }, {
    "fullUrl": "urn:uuid:81377bdc-7b45-dc7c-9141-9b417f8f7593",
    "resource": {
      "resourceType": "DiagnosticReport",
      "id": "81377bdc-7b45-dc7c-9141-9b417f8f7593",
      "status": "final",
      "category": {
        "coding": [ {
          "system": "http://hl7.org/fhir/ValueSet/diagnostic-service-sections",
          "code": "LAB"
        } ]
      },
      "code": {
        "coding": [ {
          "system": "http://loinc.org",
          "code": "58410-2",
          "display": "CBC panel - Blood by Automated count"
        } ],
        "text": "CBC panel - Blood by Automated count"
      },
      "subject": {
        "reference": "urn:uuid:81377bdc-7b45-dc7c-9d99-8c42ad262a2c"
      },
      "encounter": {
        "reference": "urn:uuid:81377bdc-7b45-dc7c-fd42-e35109b95e0a"
      },
      "effectiveDateTime": "2025-10-04T23:04:58+00:00",
      "issued": "2025-10-04T23:04:58.856+00:00",
      "performer": {
        "reference": "Organization?identifier=https://github.com/synthetichealth/synthea|dd456e39-9f82-303b-9c3f-5db0e82a437e",
        "display": "FAMILY HEALTH CENTER OF WORCESTER INC"
      },
      "result": [ {
        "reference": "urn:uuid:81377bdc-7b45-dc7c-d788-2de08db950f4",
        "display": "Platelet mean volume [Entitic volume] in Blood by Automated count"
      } ]
    },
    "request": {
      "method": "POST",
      "url": "DiagnosticReport"
    }
  }, {
    "fullUrl": "urn:uuid:81377bdc-7b45-dc7c-cd75-93f140aa6ceb",
    "resource": {
      "resourceType": "Claim",
      "id": "81377bdc-7b45-dc7c-cd75-93f140aa6ceb",
      "type": "institutional",
      "organization": {
        "reference": "Organization?identifier=https://github.com/synthetichealth/synthea|dd456e39-9f82-303b-9c3f-5db0e82a437e",
        "display": "FAMILY HEALTH CENTER OF WORCESTER INC"
      },
      "use": "complete",
      "diagnosis": [ {
        "sequence": 1,
        "diagnosis": {
          "system": "http://snomed.info/sct",
          "code": "314529007",
          "display": "Medication review due (situation)"
        }
      } ],
      "patient": {
        "reference": "urn:uuid:81377bdc-7b45-dc7c-9d99-8c42ad262a2c"
      },
      "item": [ {
        "sequence": 1,
        "type": {
          "system": "http://hl7.org/fhir/v3/ActCode",
          "code": "CSINV",
          "display": "clinical service invoice"
        },
        "service": {
          "system": "http://snomed.info/sct",
          "code": "410620009",
          "display": "Well child visit (procedure)"
        }
      }, {
        "sequence": 2,
        "type": {
          "system": "http://hl7.org/fhir/v3/ActCode",
          "code": "CSINV",
          "display": "clinical service invoice"
        },
        "service": {
          "system": "http://hl7.org/fhir/sid/cvx",
          "code": "08",
          "display": "Hep B, adolescent or pediatric"
        },
        "net": {
          "value": 136.00,
          "system": "urn:iso:std:iso:4217",
          "code": "USD"
        }
      }, {
        "sequence": 4,
        "type": {
          "system": "http://hl7.org/fhir/v3/ActCode",
          "code": "CSINV",
          "display": "clinical service invoice"
        },
        "service": {
          "system": "http://loinc.org",
          "code": "58410-2",
          "display": "CBC panel - Blood by Automated count"
        },
        "net": {
          "value": 74.58,
          "system": "urn:iso:std:iso:4217",
          "code": "USD"
        }
      } ]
    },
    "request": {
      "method": "POST",
      "url": "Claim"
    }
  } ]
}
