{
  "resourceType": "Bundle",
  "type": "transaction",
  "entry": [ {
    "fullUrl": "urn:uuid:84e6d48b-60af-81b0-31bb-a8ecb7eb881a",
    "resource": {
      "resourceType": "Patient",
      "id": "84e6d48b-60af-81b0-31bb-a8ecb7eb881a",
      "text": {
        "status": "generated",
        "div": "<div xmlns=\"http://www.w3.org/1999/xhtml\">Generated by <a href=\"https://github.com/synthetichealth/synthea\">Synthea</a>.Version identifier: 6fa1b4b\n .   Person seed: 29630135356545162  Population seed: 1708028914550</div>"
      },
      "extension": [ {
        "url": "http://hl7.org/fhir/StructureDefinition/us-core-race",
        "valueCodeableConcept": {
          "coding": [ {
            "system": "http://hl7.org/fhir/v3/Race",
            "code": "2106-3",
            "display": "White"
          } ],
          "text": "White"
        }
      }, {
        "url": "http://hl7.org/fhir/StructureDefinition/us-core-ethnicity",
        "valueCodeableConcept": {
          "coding": [ {
            "system": "http://hl7.org/fhir/v3/Ethnicity",
            "code": "2186-5",
            "display": "Not Hispanic or Latino"
          } ],
          "text": "Not Hispanic or Latino"
        }
      }, {
        "url": "http://hl7.org/fhir/StructureDefinition/patient-mothersMaidenName",
        "valueString": "Sammie902 Watsica258"
      }, {
        "url": "http://hl7.org/fhir/us/core/StructureDefinition/us-core-birthsex",
        "valueCode": "F"
      }, {
        "url": "http://hl7.org/fhir/StructureDefinition/birthPlace",
        "valueAddress": {
          "city": "Wilmington",
          "state": "Massachusetts",
          "country": "US"
        }
      }, {
        "url": "http://synthetichealth.github.io/synthea/disability-adjusted-life-years",
        "valueDecimal": 0.0
      }, {
        "url": "http://synthetichealth.github.io/synthea/quality-adjusted-life-years",
        "valueDecimal": 0.0
      } ],
      "identifier": [ {
        "system": "https://github.com/synthetichealth/synthea",
        "value": "84e6d48b-60af-81b0-31bb-a8ecb7eb881a"
      }, {
        "type": {
          "coding": [ {
            "system": "http://hl7.org/fhir/v2/0203",
            "code": "MR"
          } ]
        },
        "system": "http://hospital.smarthealthit.org",
        "value": "84e6d48b-60af-81b0-31bb-a8ecb7eb881a"
      }, {
        "type": {
          "coding": [ {
            "system": "http://hl7.org/fhir/identifier-type",
            "code": "SB"
          } ]
        },
        "system": "http://hl7.org/fhir/sid/us-ssn",
        "value": "999-93-5832"
      } ],
      "name": [ {
        "use": "official",
        "family": [ "Hoppe518" ],
        "given": [ "Florinda19", "Jacquie940" ]
      } ],
      "telecom": [ {
        "system": "phone",
        "value": "555-317-8743",
        "use": "home"
      } ],
      "gender": "female",
      "birthDate": "2024-01-16",
      "address": [ {
        "extension": [ {
          "url": "http://hl7.org/fhir/StructureDefinition/geolocation",
          "extension": [ {
            "url": "latitude",
            "valueDecimal": 41.655810600568216
          }, {
            "url": "longitude",
            "valueDecimal": -70.8723557915718
          } ]
        } ],
        "line": [ "167 Casper Center" ],
        "city": "Fairhaven",
        "state": "Massachusetts",
        "postalCode": "00000",
        "country": "US"
      } ],
      "maritalStatus": {
        "coding": [ {
          "system": "http://hl7.org/fhir/v3/MaritalStatus",
          "code": "S"
        } ]
      },
      "multipleBirthBoolean": false,
      "communication": [ {
        "language": {
          "coding": [ {
            "system": "urn:ietf:bcp:47",
            "code": "en-US",
            "display": "English (United States)"
          } ],
          "text": "English (United States)"
        }
      } ]
    },
    "request": {
      "method": "POST",
      "url": "Patient"
    }
  }, {
    "fullUrl": "urn:uuid:6065da09-a306-a3d0-c336-581e01360ef2",
    "resource": {
      "resourceType": "Encounter",
      "id": "6065da09-a306-a3d0-c336-581e01360ef2",
      "status": "finished",
      "class": "ambulatory",
      "type": [ {
        "coding": [ {
          "system": "http://snomed.info/sct",
          "code": "410620009",
          "display": "Well child visit (procedure)"
        } ],
        "text": "Well child visit (procedure)"
      } ],
      "patient": {
        "reference": "urn:uuid:84e6d48b-60af-81b0-31bb-a8ecb7eb881a"
      },
      "participant": [ {
        "individual": {
          "reference": "Practitioner?identifier=http://hl7.org/fhir/sid/us-npi|9999978791",
          "display": "Dr. Pedro316 Bétancourt447"
        }
      } ],
      "period": {
        "start": "2024-01-16T16:26:26+00:00",
        "end": "2024-01-16T16:41:26+00:00"
      },
      "serviceProvider": {
        "reference": "Organization?identifier=https://github.com/synthetichealth/synthea|035b7574-2fec-3922-8b57-2388164422e6",
        "display": "GREATER NEW BEDFORD COMMUNITY HEALTH CENTER INC"
      }
    },
    "request": {
      "method": "POST",
      "url": "Encounter"
    }
  }, {
    "fullUrl": "urn:uuid:c0799857-6a0f-b1ef-1087-0fd8c0fcfab0",
    "resource": {
      "resourceType": "Condition",
      "id": "c0799857-6a0f-b1ef-1087-0fd8c0fcfab0",
      "patient": {
        "reference": "urn:uuid:84e6d48b-60af-81b0-31bb-a8ecb7eb881a"
      },
      "encounter": {
        "reference": "urn:uuid:6065da09-a306-a3d0-c336-581e01360ef2"
      },
      "dateRecorded": "2024-01-16",
      "code": {
        "coding": [ {
          "system": "http://snomed.info/sct",
          "code": "314529007",
          "display": "Medication review due (situation)"
        } ],
        "text": "Medication review due (situation)"
      },
      "category": {
        "coding": [ {
          "system": "http://hl7.org/fhir/condition-category",
          "code": "diagnosis"
        } ]
      },
      "clinicalStatus": "resolved",
      "verificationStatus": "confirmed",
      "onsetDateTime": "2024-01-16T16:26:26+00:00",
      "abatementDateTime": "2024-01-16T16:26:26+00:00"
    },
    "request": {
      "method": "POST",
      "url": "Condition"
    }
  }, {
    "fullUrl": "urn:uuid:622ad915-388a-526e-01e8-5c550e3db196",
    "resource": {
      "resourceType": "Observation",
      "id": "622ad915-388a-526e-01e8-5c550e3db196",
      "status": "final",
      "category": {
        "coding": [ {
          "system": "http://hl7.org/fhir/observation-category",
          "code": "vital-signs",
          "display": "vital-signs"
        } ],
        "text": "vital-signs"
      },
      "code": {
        "coding": [ {
          "system": "http://loinc.org",
          "code": "8302-2",
          "display": "Body Height"
        } ],
        "text": "Body Height"
      },
      "subject": {
        "reference": "urn:uuid:84e6d48b-60af-81b0-31bb-a8ecb7eb881a"
      },
      "encounter": {
        "reference": "urn:uuid:6065da09-a306-a3d0-c336-581e01360ef2"
      },
      "effectiveDateTime": "2024-01-16T16:26:26+00:00",
      "issued": "2024-01-16T16:26:26.129+00:00",
      "valueQuantity": {
        "value": 56.300,
        "unit": "cm",
        "system": "http://unitsofmeasure.org",
        "code": "cm"
      }
    },
    "request": {
      "method": "POST",
      "url": "Observation"
    }
  }, {
    "fullUrl": "urn:uuid:3f5617bc-8330-e3b4-efb5-9c4dbc222c50",
    "resource": {
      "resourceType": "Observation",
      "id": "3f5617bc-8330-e3b4-efb5-9c4dbc222c50",
      "status": "final",
      "category": {
        "coding": [ {
          "system": "http://hl7.org/fhir/observation-category",
          "code": "vital-signs",
          "display": "vital-signs"
        } ],
        "text": "vital-signs"
      },
      "code": {
        "coding": [ {
          "system": "http://loinc.org",
          "code": "72514-3",
          "display": "Pain severity - 0-10 verbal numeric rating [Score] - Reported"
        } ],
        "text": "Pain severity - 0-10 verbal numeric rating [Score] - Reported"
      },
      "subject": {
        "reference": "urn:uuid:84e6d48b-60af-81b0-31bb-a8ecb7eb881a"
      },
      "encounter": {
        "reference": "urn:uuid:6065da09-a306-a3d0-c336-581e01360ef2"
      },
      "effectiveDateTime": "2024-01-16T16:26:26+00:00",
      "issued": "2024-01-16T16:26:26.129+00:00",
      "valueQuantity": {
        "value": 0,
        "unit": "{score}",
        "system": "http://unitsofmeasure.org",
        "code": "{score}"
      }
    },
    "request": {
      "method": "POST",
      "url": "Observation"
    }
  }, {
    "fullUrl": "urn:uuid:68915640-d153-62e8-e950-cfc9c04f1016",
    "resource": {
      "resourceType": "Observation",
      "id": "68915640-d153-62e8-e950-cfc9c04f1016",
      "status": "final",
      "category": {
        "coding": [ {
          "system": "http://hl7.org/fhir/observation-category",
          "code": "vital-signs",
          "display": "vital-signs"
        } ],
        "text": "vital-signs"
      },
      "code": {
        "coding": [ {
          "system": "http://loinc.org",
          "code": "29463-7",
          "display": "Body Weight"
        } ],
        "text": "Body Weight"
      },
      "subject": {
        "reference": "urn:uuid:84e6d48b-60af-81b0-31bb-a8ecb7eb881a"
      },
      "encounter": {
        "reference": "urn:uuid:6065da09-a306-a3d0-c336-581e01360ef2"
      },
      "effectiveDateTime": "2024-01-16T16:26:26+00:00",
      "issued": "2024-01-16T16:26:26.129+00:00",
      "valueQuantity": {
        "value": 4.5,
        "unit": "kg",
        "system": "http://unitsofmeasure.org",
        "code": "kg"
      }
    },
    "request": {
      "method": "POST",
      "url": "Observation"
    }
  }, {
    "fullUrl": "urn:uuid:00c37110-a845-175d-190d-c127fd5e6707",
    "resource": {
      "resourceType": "Observation",
      "id": "00c37110-a845-175d-190d-c127fd5e6707",
      "status": "final",
      "category": {
        "coding": [ {
          "system": "http://hl7.org/fhir/observation-category",
          "code": "vital-signs",
          "display": "vital-signs"
        } ],
        "text": "vital-signs"
      },
      "code": {
        "coding": [ {
          "system": "http://loinc.org",
          "code": "77606-2",
          "display": "Weight-for-length Per age and sex"
        } ],
        "text": "Weight-for-length Per age and sex"
      },
      "subject": {
        "reference": "urn:uuid:84e6d48b-60af-81b0-31bb-a8ecb7eb881a"
      },
      "encounter": {
        "reference": "urn:uuid:6065da09-a306-a3d0-c336-581e01360ef2"
      },
      "effectiveDateTime": "2024-01-16T16:26:26+00:00",
      "issued": "2024-01-16T16:26:26.129+00:00",
      "valueQuantity": {
        "value": 14.062,
        "unit": "%",
        "system": "http://unitsofmeasure.org",
        "code": "%"
      }
    },
    "request": {
      "method": "POST",
      "url": "Observation"
    }
  }, {
    "fullUrl": "urn:uuid:b9ce7e95-684a-83d0-f477-494b917eba9f",
    "resource": {
      "resourceType": "Observation",
      "id": "b9ce7e95-684a-83d0-f477-494b917eba9f",
      "status": "final",
      "category": {
        "coding": [ {
          "system": "http://hl7.org/fhir/observation-category",
          "code": "vital-signs",
          "display": "vital-signs"
        } ],
        "text": "vital-signs"
      },
      "code": {
        "coding": [ {
          "system": "http://loinc.org",
          "code": "8289-1",
          "display": "Head Occipital-frontal circumference Percentile"
        } ],
        "text": "Head Occipital-frontal circumference Percentile"
      },
      "subject": {
        "reference": "urn:uuid:84e6d48b-60af-81b0-31bb-a8ecb7eb881a"
      },
      "encounter": {
        "reference": "urn:uuid:6065da09-a306-a3d0-c336-581e01360ef2"
      },
      "effectiveDateTime": "2024-01-16T16:26:26+00:00",
      "issued": "2024-01-16T16:26:26.129+00:00",
      "valueQuantity": {
        "value": 98.290,
        "unit": "%",
        "system": "http://unitsofmeasure.org",
        "code": "%"
      }
    },
    "request": {
      "method": "POST",
      "url": "Observation"
    }
  }, {
    "fullUrl": "urn:uuid:ad59e10a-7d2e-7298-c572-867079d5e44e",
    "resource": {
      "resourceType": "Observation",
      "id": "ad59e10a-7d2e-7298-c572-867079d5e44e",
      "status": "final",
      "category": {
        "coding": [ {
          "system": "http://hl7.org/fhir/observation-category",
          "code": "vital-signs",
          "display": "vital-signs"
        } ],
        "text": "vital-signs"
      },
      "code": {
        "coding": [ {
          "system": "http://loinc.org",
          "code": "9843-4",
          "display": "Head Occipital-frontal circumference"
        } ],
        "text": "Head Occipital-frontal circumference"
      },
      "subject": {
        "reference": "urn:uuid:84e6d48b-60af-81b0-31bb-a8ecb7eb881a"
      },
      "encounter": {
        "reference": "urn:uuid:6065da09-a306-a3d0-c336-581e01360ef2"
      },
      "effectiveDateTime": "2024-01-16T16:26:26+00:00",
      "issued": "2024-01-16T16:26:26.129+00:00",
      "valueQuantity": {
        "value": 38.610,
        "unit": "cm",
        "system": "http://unitsofmeasure.org",
        "code": "cm"
      }
    },
    "request": {
      "method": "POST",
      "url": "Observation"
    }
  }, {
    "fullUrl": "urn:uuid:574032c7-9f53-4e82-8845-1da46ade25e7",
    "resource": {
      "resourceType": "Observation",
      "id": "574032c7-9f53-4e82-8845-1da46ade25e7",
      "status": "final",
      "category": {
        "coding": [ {
          "system": "http://hl7.org/fhir/observation-category",
          "code": "vital-signs",
          "display": "vital-signs"
        } ],
        "text": "vital-signs"
      },
      "code": {
        "coding": [ {
          "system": "http://loinc.org",
          "code": "85354-9",
          "display": "Blood pressure panel with all children optional"
        } ],
        "text": "Blood pressure panel with all children optional"
      },
      "subject": {
        "reference": "urn:uuid:84e6d48b-60af-81b0-31bb-a8ecb7eb881a"
      },
      "encounter": {
        "reference": "urn:uuid:6065da09-a306-a3d0-c336-581e01360ef2"
      },
      "effectiveDateTime": "2024-01-16T16:26:26+00:00",
      "issued": "2024-01-16T16:26:26.129+00:00",
      "component": [ {
        "code": {
          "coding": [ {
            "system": "http://loinc.org",
            "code": "8462-4",
            "display": "Diastolic Blood Pressure"
          } ],
          "text": "Diastolic Blood Pressure"
        },
        "valueQuantity": {
          "value": 75,
          "unit": "mm[Hg]",
          "system": "http://unitsofmeasure.org",
          "code": "mm[Hg]"
        }
      }, {
        "code": {
          "coding": [ {
            "system": "http://loinc.org",
            "code": "8480-6",
            "display": "Systolic Blood Pressure"
          } ],
          "text": "Systolic Blood Pressure"
        },
        "valueQuantity": {
          "value": 96,
          "unit": "mm[Hg]",
          "system": "http://unitsofmeasure.org",
          "code": "mm[Hg]"
        }
      } ]
    },
    "request": {
      "method": "POST",
      "url": "Observation"
    }
  }, {
    "fullUrl": "urn:uuid:c9a1ac21-ed01-d146-31d8-b0861bb4abcb",
    "resource": {
      "resourceType": "Observation",
      "id": "c9a1ac21-ed01-d146-31d8-b0861bb4abcb",
      "status": "final",
      "category": {
        "coding": [ {
          "system": "http://hl7.org/fhir/observation-category",
          "code": "vital-signs",
          "display": "vital-signs"
        } ],
        "text": "vital-signs"
      },
      "code": {
        "coding": [ {
          "system": "http://loinc.org",
          "code": "8867-4",
          "display": "Heart rate"
        } ],
        "text": "Heart rate"
      },
      "subject": {
        "reference": "urn:uuid:84e6d48b-60af-81b0-31bb-a8ecb7eb881a"
      },
      "encounter": {
        "reference": "urn:uuid:6065da09-a306-a3d0-c336-581e01360ef2"
      },
      "effectiveDateTime": "2024-01-16T16:26:26+00:00",
      "issued": "2024-01-16T16:26:26.129+00:00",
      "valueQuantity": {
        "value": 73,
        "unit": "/min",
        "system": "http://unitsofmeasure.org",
        "code": "/min"
      }
    },
    "request": {
      "method": "POST",
      "url": "Observation"
    }
  }, {
    "fullUrl": "urn:uuid:e0d930bc-f09f-8f5b-1131-b0017232f0e2",
    "resource": {
      "resourceType": "Observation",
      "id": "e0d930bc-f09f-8f5b-1131-b0017232f0e2",
      "status": "final",
      "category": {
        "coding": [ {
          "system": "http://hl7.org/fhir/observation-category",
          "code": "vital-signs",
          "display": "vital-signs"
        } ],
        "text": "vital-signs"
      },
      "code": {
        "coding": [ {
          "system": "http://loinc.org",
          "code": "9279-1",
          "display": "Respiratory rate"
        } ],
        "text": "Respiratory rate"
      },
      "subject": {
        "reference": "urn:uuid:84e6d48b-60af-81b0-31bb-a8ecb7eb881a"
      },
      "encounter": {
        "reference": "urn:uuid:6065da09-a306-a3d0-c336-581e01360ef2"
      },
      "effectiveDateTime": "2024-01-16T16:26:26+00:00",
      "issued": "2024-01-16T16:26:26.129+00:00",
      "valueQuantity": {
        "value": 14,
        "unit": "/min",
        "system": "http://unitsofmeasure.org",
        "code": "/min"
      }
    },
    "request": {
      "method": "POST",
      "url": "Observation"
    }
  }, {
    "fullUrl": "urn:uuid:08be32ab-58ce-5aed-e5cc-09139ab8509c",
    "resource": {
      "resourceType": "Observation",
      "id": "08be32ab-58ce-5aed-e5cc-09139ab8509c",
      "status": "final",
      "category": {
        "coding": [ {
          "system": "http://hl7.org/fhir/observation-category",
          "code": "laboratory",
          "display": "laboratory"
        } ],
        "text": "laboratory"
      },
      "code": {
        "coding": [ {
          "system": "http://loinc.org",
          "code": "6690-2",
          "display": "Leukocytes [#/volume] in Blood by Automated count"
        } ],
        "text": "Leukocytes [#/volume] in Blood by Automated count"
      },
      "subject": {
        "reference": "urn:uuid:84e6d48b-60af-81b0-31bb-a8ecb7eb881a"
      },
      "encounter": {
        "reference": "urn:uuid:6065da09-a306-a3d0-c336-581e01360ef2"
      },
      "effectiveDateTime": "2024-01-16T16:26:26+00:00",
      "issued": "2024-01-16T16:26:26.129+00:00",
      "valueQuantity": {
        "value": 8.9118,
        "unit": "10*3/uL",
        "system": "http://unitsofmeasure.org",
        "code": "10*3/uL"
      }
    },
    "request": {
      "method": "POST",
      "url": "Observation"
    }
  }, {
    "fullUrl": "urn:uuid:59725f42-2c44-3b14-e009-95fcca33b31b",
    "resource": {
      "resourceType": "Observation",
      "id": "59725f42-2c44-3b14-e009-95fcca33b31b",
      "status": "final",
      "category": {
        "coding": [ {
          "system": "http://hl7.org/fhir/observation-category",
          "code": "laboratory",
          "display": "laboratory"
        } ],
        "text": "laboratory"
      },
      "code": {
        "coding": [ {
          "system": "http://loinc.org",
          "code": "789-8",
          "display": "Erythrocytes [#/volume] in Blood by Automated count"
        } ],
        "text": "Erythrocytes [#/volume] in Blood by Automated count"
      },
      "subject": {
        "reference": "urn:uuid:84e6d48b-60af-81b0-31bb-a8ecb7eb881a"
      },
      "encounter": {
        "reference": "urn:uuid:6065da09-a306-a3d0-c336-581e01360ef2"
      },
      "effectiveDateTime": "2024-01-16T16:26:26+00:00",
      "issued": "2024-01-16T16:26:26.129+00:00",
      "valueQuantity": {
        "value": 4.5057,
        "unit": "10*6/uL",
        "system": "http://unitsofmeasure.org",
        "code": "10*6/uL"
      }
    },
    "request": {
      "method": "POST",
      "url": "Observation"
    }
  }, {
    "fullUrl": "urn:uuid:805ad1d1-cf89-e567-2b22-b1fa8bb94d31",
    "resource": {
      "resourceType": "Observation",
      "id": "805ad1d1-cf89-e567-2b22-b1fa8bb94d31",
      "status": "final",
      "category": {
        "coding": [ {
          "system": "http://hl7.org/fhir/observation-category",
          "code": "laboratory",
          "display": "laboratory"
        } ],
        "text": "laboratory"
      },
      "code": {
        "coding": [ {
          "system": "http://loinc.org",
          "code": "718-7",
          "display": "Hemoglobin [Mass/volume] in Blood"
        } ],
        "text": "Hemoglobin [Mass/volume] in Blood"
      },
      "subject": {
        "reference": "urn:uuid:84e6d48b-60af-81b0-31bb-a8ecb7eb881a"
      },
      "encounter": {
        "reference": "urn:uuid:6065da09-a306-a3d0-c336-581e01360ef2"
      },
      "effectiveDateTime": "2024-01-16T16:26:26+00:00",
      "issued": "2024-01-16T16:26:26.129+00:00",
      "valueQuantity": {
        "value": 13.506,
        "unit": "g/dL",
        "system": "http://unitsofmeasure.org",
        "code": "g/dL"
      }
    },
    "request": {
      "method": "POST",
      "url": "Observation"
    }
  }, {
    "fullUrl": "urn:uuid:9c7a3a8a-3c3c-74ee-58ca-23075ce2d931",
    "resource": {
      "resourceType": "Observation",
      "id": "9c7a3a8a-3c3c-74ee-58ca-23075ce2d931",
      "status": "final",
      "category": {
        "coding": [ {
          "system": "http://hl7.org/fhir/observation-category",
          "code": "laboratory",
          "display": "laboratory"
        } ],
        "text": "laboratory"
      },
      "code": {
        "coding": [ {
          "system": "http://loinc.org",
          "code": "4544-3",
          "display": "Hematocrit [Volume Fraction] of Blood by Automated count"
        } ],
        "text": "Hematocrit [Volume Fraction] of Blood by Automated count"
      },
      "subject": {
        "reference": "urn:uuid:84e6d48b-60af-81b0-31bb-a8ecb7eb881a"
      },
      "encounter": {
        "reference": "urn:uuid:6065da09-a306-a3d0-c336-581e01360ef2"
      },
      "effectiveDateTime": "2024-01-16T16:26:26+00:00",
      "issued": "2024-01-16T16:26:26.129+00:00",
      "valueQuantity": {
        "value": 46.399,
        "unit": "%",
        "system": "http://unitsofmeasure.org",
        "code": "%"
      }
    },
    "request": {
      "method": "POST",
      "url": "Observation"
    }
  }, {
    "fullUrl": "urn:uuid:89a11c8c-4c12-8d3a-5e26-fe3798bdea7d",
    "resource": {
      "resourceType": "Observation",
      "id": "89a11c8c-4c12-8d3a-5e26-fe3798bdea7d",
      "status": "final",
      "category": {
        "coding": [ {
          "system": "http://hl7.org/fhir/observation-category",
          "code": "laboratory",
          "display": "laboratory"
        } ],
        "text": "laboratory"
      },
      "code": {
        "coding": [ {
          "system": "http://loinc.org",
          "code": "787-2",
          "display": "MCV [Entitic volume] by Automated count"
        } ],
        "text": "MCV [Entitic volume] by Automated count"
      },
      "subject": {
        "reference": "urn:uuid:84e6d48b-60af-81b0-31bb-a8ecb7eb881a"
      },
      "encounter": {
        "reference": "urn:uuid:6065da09-a306-a3d0-c336-581e01360ef2"
      },
      "effectiveDateTime": "2024-01-16T16:26:26+00:00",
      "issued": "2024-01-16T16:26:26.129+00:00",
      "valueQuantity": {
        "value": 93.996,
        "unit": "fL",
        "system": "http://unitsofmeasure.org",
        "code": "fL"
      }
    },
    "request": {
      "method": "POST",
      "url": "Observation"
    }
  }, {
    "fullUrl": "urn:uuid:3db1f296-4dae-efbf-43da-97df3ad4a7b9",
    "resource": {
      "resourceType": "Observation",
      "id": "3db1f296-4dae-efbf-43da-97df3ad4a7b9",
      "status": "final",
      "category": {
        "coding": [ {
          "system": "http://hl7.org/fhir/observation-category",
          "code": "laboratory",
          "display": "laboratory"
        } ],
        "text": "laboratory"
      },
      "code": {
        "coding": [ {
          "system": "http://loinc.org",
          "code": "785-6",
          "display": "MCH [Entitic mass] by Automated count"
        } ],
        "text": "MCH [Entitic mass] by Automated count"
      },
      "subject": {
        "reference": "urn:uuid:84e6d48b-60af-81b0-31bb-a8ecb7eb881a"
      },
      "encounter": {
        "reference": "urn:uuid:6065da09-a306-a3d0-c336-581e01360ef2"
      },
      "effectiveDateTime": "2024-01-16T16:26:26+00:00",
      "issued": "2024-01-16T16:26:26.129+00:00",
      "valueQuantity": {
        "value": 30.934,
        "unit": "pg",
        "system": "http://unitsofmeasure.org",
        "code": "pg"
      }
    },
    "request": {
      "method": "POST",
      "url": "Observation"
    }
  }, {
    "fullUrl": "urn:uuid:eec34d2f-f358-9963-57b0-a9e1a20d9e5b",
    "resource": {
      "resourceType": "Observation",
      "id": "eec34d2f-f358-9963-57b0-a9e1a20d9e5b",
      "status": "final",
      "category": {
        "coding": [ {
          "system": "http://hl7.org/fhir/observation-category",
          "code": "laboratory",
          "display": "laboratory"
        } ],
        "text": "laboratory"
      },
      "code": {
        "coding": [ {
          "system": "http://loinc.org",
          "code": "786-4",
          "display": "MCHC [Mass/volume] by Automated count"
        } ],
        "text": "MCHC [Mass/volume] by Automated count"
      },
      "subject": {
        "reference": "urn:uuid:84e6d48b-60af-81b0-31bb-a8ecb7eb881a"
      },
      "encounter": {
        "reference": "urn:uuid:6065da09-a306-a3d0-c336-581e01360ef2"
      },
      "effectiveDateTime": "2024-01-16T16:26:26+00:00",
      "issued": "2024-01-16T16:26:26.129+00:00",
      "valueQuantity": {
        "value": 34.368,
        "unit": "g/dL",
        "system": "http://unitsofmeasure.org",
        "code": "g/dL"
      }
    },
    "request": {
      "method": "POST",
      "url": "Observation"
    }
  }, {
    "fullUrl": "urn:uuid:668f2672-8512-8e83-d2f2-463490fa8ca3",
    "resource": {
      "resourceType": "Observation",
      "id": "668f2672-8512-8e83-d2f2-463490fa8ca3",
      "status": "final",
      "category": {
        "coding": [ {
          "system": "http://hl7.org/fhir/observation-category",
          "code": "laboratory",
          "display": "laboratory"
        } ],
        "text": "laboratory"
      },
      "code": {
        "coding": [ {
          "system": "http://loinc.org",
          "code": "21000-5",
          "display": "Erythrocyte distribution width [Entitic volume] by Automated count"
        } ],
        "text": "Erythrocyte distribution width [Entitic volume] by Automated count"
      },
      "subject": {
        "reference": "urn:uuid:84e6d48b-60af-81b0-31bb-a8ecb7eb881a"
      },
      "encounter": {
        "reference": "urn:uuid:6065da09-a306-a3d0-c336-581e01360ef2"
      },
      "effectiveDateTime": "2024-01-16T16:26:26+00:00",
      "issued": "2024-01-16T16:26:26.129+00:00",
      "valueQuantity": {
        "value": 39.869,
        "unit": "fL",
        "system": "http://unitsofmeasure.org",
        "code": "fL"
      }
    },
    "request": {
      "method": "POST",
      "url": "Observation"
    }
  }, {
    "fullUrl": "urn:uuid:0e6c86b5-0ac9-09df-957d-3c88b029d70f",
    "resource": {
      "resourceType": "Observation",
      "id": "0e6c86b5-0ac9-09df-957d-3c88b029d70f",
      "status": "final",
      "category": {
        "coding": [ {
          "system": "http://hl7.org/fhir/observation-category",
          "code": "laboratory",
          "display": "laboratory"
        } ],
        "text": "laboratory"
      },
      "code": {
        "coding": [ {
          "system": "http://loinc.org",
          "code": "777-3",
          "display": "Platelets [#/volume] in Blood by Automated count"
        } ],
        "text": "Platelets [#/volume] in Blood by Automated count"
      },
      "subject": {
        "reference": "urn:uuid:84e6d48b-60af-81b0-31bb-a8ecb7eb881a"
      },
      "encounter": {
        "reference": "urn:uuid:6065da09-a306-a3d0-c336-581e01360ef2"
      },
      "effectiveDateTime": "2024-01-16T16:26:26+00:00",
      "issued": "2024-01-16T16:26:26.129+00:00",
      "valueQuantity": {
        "value": 282.70,
        "unit": "10*3/uL",
        "system": "http://unitsofmeasure.org",
        "code": "10*3/uL"
      }
    },
    "request": {
      "method": "POST",
      "url": "Observation"
    }
  }, {
    "fullUrl": "urn:uuid:b3317abb-fa42-df26-7834-2186565574ec",
    "resource": {
      "resourceType": "Observation",
      "id": "b3317abb-fa42-df26-7834-2186565574ec",
      "status": "final",
      "category": {
        "coding": [ {
          "system": "http://hl7.org/fhir/observation-category",
          "code": "laboratory",
          "display": "laboratory"
        } ],
        "text": "laboratory"
      },
      "code": {
        "coding": [ {
          "system": "http://loinc.org",
          "code": "32207-3",
          "display": "Platelet distribution width [Entitic volume] in Blood by Automated count"
        } ],
        "text": "Platelet distribution width [Entitic volume] in Blood by Automated count"
      },
      "subject": {
        "reference": "urn:uuid:84e6d48b-60af-81b0-31bb-a8ecb7eb881a"
      },
      "encounter": {
        "reference": "urn:uuid:6065da09-a306-a3d0-c336-581e01360ef2"
      },
      "effectiveDateTime": "2024-01-16T16:26:26+00:00",
      "issued": "2024-01-16T16:26:26.129+00:00",
      "valueQuantity": {
        "value": 361.61,
        "unit": "fL",
        "system": "http://unitsofmeasure.org",
        "code": "fL"
      }
    },
    "request": {
      "method": "POST",
      "url": "Observation"
    }
  }, {
    "fullUrl": "urn:uuid:89271752-5c80-1c1c-023b-732b9e328397",
    "resource": {
      "resourceType": "Observation",
      "id": "89271752-5c80-1c1c-023b-732b9e328397",
      "status": "final",
      "category": {
        "coding": [ {
          "system": "http://hl7.org/fhir/observation-category",
          "code": "laboratory",
          "display": "laboratory"
        } ],
        "text": "laboratory"
      },
      "code": {
        "coding": [ {
          "system": "http://loinc.org",
          "code": "32623-1",
          "display": "Platelet mean volume [Entitic volume] in Blood by Automated count"
        } ],
        "text": "Platelet mean volume [Entitic volume] in Blood by Automated count"
      },
      "subject": {
        "reference": "urn:uuid:84e6d48b-60af-81b0-31bb-a8ecb7eb881a"
      },
      "encounter": {
        "reference": "urn:uuid:6065da09-a306-a3d0-c336-581e01360ef2"
      },
      "effectiveDateTime": "2024-01-16T16:26:26+00:00",
      "issued": "2024-01-16T16:26:26.129+00:00",
      "valueQuantity": {
        "value": 11.437,
        "unit": "fL",
        "system": "http://unitsofmeasure.org",
        "code": "fL"
      }
    },
    "request": {
      "method": "POST",
      "url": "Observation"
    }
  }, {
    "fullUrl": "urn:uuid:48483932-ce53-f286-f738-0f98543f5602",
    "resource": {
      "resourceType": "Observation",
      "id": "48483932-ce53-f286-f738-0f98543f5602",
      "status": "final",
      "category": {
        "coding": [ {
          "system": "http://hl7.org/fhir/observation-category",
          "code": "social-history",
          "display": "social-history"
        } ],
        "text": "social-history"
      },
      "code": {
        "coding": [ {
          "system": "http://loinc.org",
          "code": "72166-2",
          "display": "Tobacco smoking status"
        } ],
        "text": "Tobacco smoking status"
      },
      "subject": {
        "reference": "urn:uuid:84e6d48b-60af-81b0-31bb-a8ecb7eb881a"
      },
      "encounter": {
        "reference": "urn:uuid:6065da09-a306-a3d0-c336-581e01360ef2"
      },
      "effectiveDateTime": "2024-01-16T16:26:26+00:00",
      "issued": "2024-01-16T16:26:26.129+00:00",
      "valueCodeableConcept": {
        "coding": [ {
          "system": "http://snomed.info/sct",
          "code": "266919005",
          "display": "Never smoked tobacco (finding)"
        } ],
        "text": "Never smoked tobacco (finding)"
      }
    },
    "request": {
      "method": "POST",
      "url": "Observation"
    }
  }, {
    "fullUrl": "urn:uuid:f96cc100-1e09-d519-8771-bc6cdf82aca1",
    "resource": {
      "resourceType": "Procedure",
      "id": "f96cc100-1e09-d519-8771-bc6cdf82aca1",
      "subject": {
        "reference": "urn:uuid:84e6d48b-60af-81b0-31bb-a8ecb7eb881a"
      },
      "status": "completed",
      "code": {
        "coding": [ {
          "system": "http://snomed.info/sct",
          "code": "430193006",
          "display": "Medication Reconciliation (procedure)"
        } ],
        "text": "Medication Reconciliation (procedure)"
      },
      "performedPeriod": {
        "start": "2024-01-16T16:26:26+00:00",
        "end": "2024-01-16T16:41:26+00:00"
      },
      "encounter": {
        "reference": "urn:uuid:6065da09-a306-a3d0-c336-581e01360ef2"
      }
    },
    "request": {
      "method": "POST",
      "url": "Procedure"
    }
  }, {
    "fullUrl": "urn:uuid:a230a199-2f64-038c-29f7-08c9bbd98c67",
    "resource": {
      "resourceType": "Immunization",
      "id": "a230a199-2f64-038c-29f7-08c9bbd98c67",
      "status": "completed",
      "date": "2024-01-16T16:26:26+00:00",
      "vaccineCode": {
        "coding": [ {
          "system": "http://hl7.org/fhir/sid/cvx",
          "code": "08",
          "display": "Hep B, adolescent or pediatric"
        } ],
        "text": "Hep B, adolescent or pediatric"
      },
      "patient": {
        "reference": "urn:uuid:84e6d48b-60af-81b0-31bb-a8ecb7eb881a"
      },
      "wasNotGiven": false,
      "reported": false,
      "encounter": {
        "reference": "urn:uuid:6065da09-a306-a3d0-c336-581e01360ef2"
      }
    },
    "request": {
      "method": "POST",
      "url": "Immunization"
    }
  }, {
    "fullUrl": "urn:uuid:2e5b938f-3152-ea88-12c9-274c18d15b91",
    "resource": {
      "resourceType": "DiagnosticReport",
      "id": "2e5b938f-3152-ea88-12c9-274c18d15b91",
      "status": "final",
      "category": {
        "coding": [ {
          "system": "http://hl7.org/fhir/ValueSet/diagnostic-service-sections",
          "code": "LAB"
        } ]
      },
      "code": {
        "coding": [ {
          "system": "http://loinc.org",
          "code": "58410-2",
          "display": "CBC panel - Blood by Automated count"
        } ],
        "text": "CBC panel - Blood by Automated count"
      },
      "subject": {
        "reference": "urn:uuid:84e6d48b-60af-81b0-31bb-a8ecb7eb881a"
      },
      "encounter": {
        "reference": "urn:uuid:6065da09-a306-a3d0-c336-581e01360ef2"
      },
      "effectiveDateTime": "2024-01-16T16:26:26+00:00",
      "issued": "2024-01-16T16:26:26.129+00:00",
      "performer": {
        "reference": "Organization?identifier=https://github.com/synthetichealth/synthea|035b7574-2fec-3922-8b57-2388164422e6",
        "display": "GREATER NEW BEDFORD COMMUNITY HEALTH CENTER INC"
      },
      "result": [ {
        "reference": "urn:uuid:89271752-5c80-1c1c-023b-732b9e328397",
        "display": "Platelet mean volume [Entitic volume] in Blood by Automated count"
      } ]
    },
    "request": {
      "method": "POST",
      "url": "DiagnosticReport"
    }
  }, {
    "fullUrl": "urn:uuid:36d8fec9-81e9-c34d-9031-dfe5db0f61af",
    "resource": {
      "resourceType": "Claim",
      "id": "36d8fec9-81e9-c34d-9031-dfe5db0f61af",
      "type": "institutional",
      "organization": {
        "reference": "Organization?identifier=https://github.com/synthetichealth/synthea|035b7574-2fec-3922-8b57-2388164422e6",
        "display": "GREATER NEW BEDFORD COMMUNITY HEALTH CENTER INC"
      },
      "use": "complete",
      "diagnosis": [ {
        "sequence": 1,
        "diagnosis": {
          "system": "http://snomed.info/sct",
          "code": "314529007",
          "display": "Medication review due (situation)"
        }
      } ],
      "patient": {
        "reference": "urn:uuid:84e6d48b-60af-81b0-31bb-a8ecb7eb881a"
      },
      "item": [ {
        "sequence": 1,
        "type": {
          "system": "http://hl7.org/fhir/v3/ActCode",
          "code": "CSINV",
          "display": "clinical service invoice"
        },
        "service": {
          "system": "http://snomed.info/sct",
          "code": "410620009",
          "display": "Well child visit (procedure)"
        }
      }, {
        "sequence": 2,
        "type": {
          "system": "http://hl7.org/fhir/v3/ActCode",
          "code": "CSINV",
          "display": "clinical service invoice"
        },
        "service": {
          "system": "http://hl7.org/fhir/sid/cvx",
          "code": "08",
          "display": "Hep B, adolescent or pediatric"
        },
        "net": {
          "value": 136.00,
          "system": "urn:iso:std:iso:4217",
          "code": "USD"
        }
      }, {
        "sequence": 4,
        "type": {
          "system": "http://hl7.org/fhir/v3/ActCode",
          "code": "CSINV",
          "display": "clinical service invoice"
        },
        "service": {
          "system": "http://snomed.info/sct",
          "code": "430193006",
          "display": "Medication Reconciliation (procedure)"
        },
        "net": {
          "value": 447.56,
          "system": "urn:iso:std:iso:4217",
          "code": "USD"
        }
      }, {
        "sequence": 5,
        "type": {
          "system": "http://hl7.org/fhir/v3/ActCode",
          "code": "CSINV",
          "display": "clinical service invoice"
        },
        "service": {
          "system": "http://loinc.org",
          "code": "58410-2",
          "display": "CBC panel - Blood by Automated count"
        },
        "net": {
          "value": 74.58,
          "system": "urn:iso:std:iso:4217",
          "code": "USD"
        }
      } ]
    },
    "request": {
      "method": "POST",
      "url": "Claim"
    }
  } ]
}
