{
  "resourceType": "Bundle",
  "type": "transaction",
  "entry": [ {
    "fullUrl": "urn:uuid:8920a1cf-d600-95c2-c58e-6fed6af6b007",
    "resource": {
      "resourceType": "Patient",
      "id": "8920a1cf-d600-95c2-c58e-6fed6af6b007",
      "text": {
        "status": "generated",
        "div": "<div xmlns=\"http://www.w3.org/1999/xhtml\">Generated by <a href=\"https://github.com/synthetichealth/synthea\">Synthea</a>.Version identifier: bdc91c0\n .   Person seed: -6659553222935184745  Population seed: 1744718594688</div>"
      },
      "extension": [ {
        "url": "http://hl7.org/fhir/StructureDefinition/us-core-race",
        "valueCodeableConcept": {
          "coding": [ {
            "system": "http://hl7.org/fhir/v3/Race",
            "code": "2106-3",
            "display": "White"
          } ],
          "text": "White"
        }
      }, {
        "url": "http://hl7.org/fhir/StructureDefinition/us-core-ethnicity",
        "valueCodeableConcept": {
          "coding": [ {
            "system": "http://hl7.org/fhir/v3/Ethnicity",
            "code": "2186-5",
            "display": "Not Hispanic or Latino"
          } ],
          "text": "Not Hispanic or Latino"
        }
      }, {
        "url": "http://hl7.org/fhir/StructureDefinition/patient-mothersMaidenName",
        "valueString": "Chrissy459 Little434"
      }, {
        "url": "http://hl7.org/fhir/us/core/StructureDefinition/us-core-birthsex",
        "valueCode": "M"
      }, {
        "url": "http://hl7.org/fhir/StructureDefinition/birthPlace",
        "valueAddress": {
          "city": "Milford",
          "state": "Massachusetts",
          "country": "US"
        }
      }, {
        "url": "http://synthetichealth.github.io/synthea/disability-adjusted-life-years",
        "valueDecimal": 0.0
      }, {
        "url": "http://synthetichealth.github.io/synthea/quality-adjusted-life-years",
        "valueDecimal": 0.0
      } ],
      "identifier": [ {
        "system": "https://github.com/synthetichealth/synthea",
        "value": "8920a1cf-d600-95c2-c58e-6fed6af6b007"
      }, {
        "type": {
          "coding": [ {
            "system": "http://hl7.org/fhir/v2/0203",
            "code": "MR"
          } ]
        },
        "system": "http://hospital.smarthealthit.org",
        "value": "8920a1cf-d600-95c2-c58e-6fed6af6b007"
      }, {
        "type": {
          "coding": [ {
            "system": "http://hl7.org/fhir/identifier-type",
            "code": "SB"
          } ]
        },
        "system": "http://hl7.org/fhir/sid/us-ssn",
        "value": "999-90-6610"
      } ],
      "name": [ {
        "use": "official",
        "family": [ "West559" ],
        "given": [ "Fred155", "Orville751" ]
      } ],
      "telecom": [ {
        "system": "phone",
        "value": "555-463-5868",
        "use": "home"
      } ],
      "gender": "male",
      "birthDate": "2024-10-13",
      "address": [ {
        "extension": [ {
          "url": "http://hl7.org/fhir/StructureDefinition/geolocation",
          "extension": [ {
            "url": "latitude",
            "valueDecimal": 42.48614658410586
          }, {
            "url": "longitude",
            "valueDecimal": -71.00341941777125
          } ]
        } ],
        "line": [ "573 O'Keefe Lock" ],
        "city": "Saugus",
        "state": "Massachusetts",
        "postalCode": "01906",
        "country": "US"
      } ],
      "maritalStatus": {
        "coding": [ {
          "system": "http://hl7.org/fhir/v3/MaritalStatus",
          "code": "S"
        } ]
      },
      "multipleBirthBoolean": false,
      "communication": [ {
        "language": {
          "coding": [ {
            "system": "urn:ietf:bcp:47",
            "code": "en-US",
            "display": "English (United States)"
          } ],
          "text": "English (United States)"
        }
      } ]
    },
    "request": {
      "method": "POST",
      "url": "Patient"
    }
  }, {
    "fullUrl": "urn:uuid:9cc29f0b-64db-49a6-5352-6776cf5fdc8d",
    "resource": {
      "resourceType": "Encounter",
      "id": "9cc29f0b-64db-49a6-5352-6776cf5fdc8d",
      "status": "finished",
      "class": "ambulatory",
      "type": [ {
        "coding": [ {
          "system": "http://snomed.info/sct",
          "code": "410620009",
          "display": "Well child visit (procedure)"
        } ],
        "text": "Well child visit (procedure)"
      } ],
      "patient": {
        "reference": "urn:uuid:8920a1cf-d600-95c2-c58e-6fed6af6b007"
      },
      "participant": [ {
        "individual": {
          "reference": "Practitioner?identifier=http://hl7.org/fhir/sid/us-npi|9999964395",
          "display": "Dr. Eddie505 Keeling57"
        }
      } ],
      "period": {
        "start": "2024-10-13T01:07:24+00:00",
        "end": "2024-10-13T01:22:24+00:00"
      },
      "serviceProvider": {
        "reference": "Organization?identifier=https://github.com/synthetichealth/synthea|936ceb96-2b12-371f-aa68-ee02a9c06f4c",
        "display": "PRIMARY CARE NORTH PC"
      }
    },
    "request": {
      "method": "POST",
      "url": "Encounter"
    }
  }, {
    "fullUrl": "urn:uuid:e837431f-96b8-1dab-c454-96256eebb8ea",
    "resource": {
      "resourceType": "Condition",
      "id": "e837431f-96b8-1dab-c454-96256eebb8ea",
      "patient": {
        "reference": "urn:uuid:8920a1cf-d600-95c2-c58e-6fed6af6b007"
      },
      "encounter": {
        "reference": "urn:uuid:9cc29f0b-64db-49a6-5352-6776cf5fdc8d"
      },
      "dateRecorded": "2024-10-13",
      "code": {
        "coding": [ {
          "system": "http://snomed.info/sct",
          "code": "314529007",
          "display": "Medication review due (situation)"
        } ],
        "text": "Medication review due (situation)"
      },
      "category": {
        "coding": [ {
          "system": "http://hl7.org/fhir/condition-category",
          "code": "diagnosis"
        } ]
      },
      "clinicalStatus": "resolved",
      "verificationStatus": "confirmed",
      "onsetDateTime": "2024-10-13T01:07:24+00:00",
      "abatementDateTime": "2025-03-23T01:07:24+00:00"
    },
    "request": {
      "method": "POST",
      "url": "Condition"
    }
  }, {
    "fullUrl": "urn:uuid:ba7a9422-a054-f4b3-9c0e-11db7e3e4adc",
    "resource": {
      "resourceType": "Observation",
      "id": "ba7a9422-a054-f4b3-9c0e-11db7e3e4adc",
      "status": "final",
      "category": {
        "coding": [ {
          "system": "http://hl7.org/fhir/observation-category",
          "code": "vital-signs",
          "display": "vital-signs"
        } ],
        "text": "vital-signs"
      },
      "code": {
        "coding": [ {
          "system": "http://loinc.org",
          "code": "8302-2",
          "display": "Body Height"
        } ],
        "text": "Body Height"
      },
      "subject": {
        "reference": "urn:uuid:8920a1cf-d600-95c2-c58e-6fed6af6b007"
      },
      "encounter": {
        "reference": "urn:uuid:9cc29f0b-64db-49a6-5352-6776cf5fdc8d"
      },
      "effectiveDateTime": "2024-10-13T01:07:24+00:00",
      "issued": "2024-10-13T01:07:24.222+00:00",
      "valueQuantity": {
        "value": 52,
        "unit": "cm",
        "system": "http://unitsofmeasure.org",
        "code": "cm"
      }
    },
    "request": {
      "method": "POST",
      "url": "Observation"
    }
  }, {
    "fullUrl": "urn:uuid:bd39ef64-e0f2-6287-694c-4de8e418f5f4",
    "resource": {
      "resourceType": "Observation",
      "id": "bd39ef64-e0f2-6287-694c-4de8e418f5f4",
      "status": "final",
      "category": {
        "coding": [ {
          "system": "http://hl7.org/fhir/observation-category",
          "code": "vital-signs",
          "display": "vital-signs"
        } ],
        "text": "vital-signs"
      },
      "code": {
        "coding": [ {
          "system": "http://loinc.org",
          "code": "72514-3",
          "display": "Pain severity - 0-10 verbal numeric rating [Score] - Reported"
        } ],
        "text": "Pain severity - 0-10 verbal numeric rating [Score] - Reported"
      },
      "subject": {
        "reference": "urn:uuid:8920a1cf-d600-95c2-c58e-6fed6af6b007"
      },
      "encounter": {
        "reference": "urn:uuid:9cc29f0b-64db-49a6-5352-6776cf5fdc8d"
      },
      "effectiveDateTime": "2024-10-13T01:07:24+00:00",
      "issued": "2024-10-13T01:07:24.222+00:00",
      "valueQuantity": {
        "value": 2,
        "unit": "{score}",
        "system": "http://unitsofmeasure.org",
        "code": "{score}"
      }
    },
    "request": {
      "method": "POST",
      "url": "Observation"
    }
  }, {
    "fullUrl": "urn:uuid:4bc4a4b7-4c76-5efd-432a-595044ef269c",
    "resource": {
      "resourceType": "Observation",
      "id": "4bc4a4b7-4c76-5efd-432a-595044ef269c",
      "status": "final",
      "category": {
        "coding": [ {
          "system": "http://hl7.org/fhir/observation-category",
          "code": "vital-signs",
          "display": "vital-signs"
        } ],
        "text": "vital-signs"
      },
      "code": {
        "coding": [ {
          "system": "http://loinc.org",
          "code": "29463-7",
          "display": "Body Weight"
        } ],
        "text": "Body Weight"
      },
      "subject": {
        "reference": "urn:uuid:8920a1cf-d600-95c2-c58e-6fed6af6b007"
      },
      "encounter": {
        "reference": "urn:uuid:9cc29f0b-64db-49a6-5352-6776cf5fdc8d"
      },
      "effectiveDateTime": "2024-10-13T01:07:24+00:00",
      "issued": "2024-10-13T01:07:24.222+00:00",
      "valueQuantity": {
        "value": 3.4000,
        "unit": "kg",
        "system": "http://unitsofmeasure.org",
        "code": "kg"
      }
    },
    "request": {
      "method": "POST",
      "url": "Observation"
    }
  }, {
    "fullUrl": "urn:uuid:fd948833-a7b3-f129-4017-d155cbf5d3c6",
    "resource": {
      "resourceType": "Observation",
      "id": "fd948833-a7b3-f129-4017-d155cbf5d3c6",
      "status": "final",
      "category": {
        "coding": [ {
          "system": "http://hl7.org/fhir/observation-category",
          "code": "vital-signs",
          "display": "vital-signs"
        } ],
        "text": "vital-signs"
      },
      "code": {
        "coding": [ {
          "system": "http://loinc.org",
          "code": "77606-2",
          "display": "Weight-for-length Per age and sex"
        } ],
        "text": "Weight-for-length Per age and sex"
      },
      "subject": {
        "reference": "urn:uuid:8920a1cf-d600-95c2-c58e-6fed6af6b007"
      },
      "encounter": {
        "reference": "urn:uuid:9cc29f0b-64db-49a6-5352-6776cf5fdc8d"
      },
      "effectiveDateTime": "2024-10-13T01:07:24+00:00",
      "issued": "2024-10-13T01:07:24.222+00:00",
      "valueQuantity": {
        "value": 6.0917,
        "unit": "%",
        "system": "http://unitsofmeasure.org",
        "code": "%"
      }
    },
    "request": {
      "method": "POST",
      "url": "Observation"
    }
  }, {
    "fullUrl": "urn:uuid:2907c232-2dbf-6d50-e78c-30ee7765b628",
    "resource": {
      "resourceType": "Observation",
      "id": "2907c232-2dbf-6d50-e78c-30ee7765b628",
      "status": "final",
      "category": {
        "coding": [ {
          "system": "http://hl7.org/fhir/observation-category",
          "code": "vital-signs",
          "display": "vital-signs"
        } ],
        "text": "vital-signs"
      },
      "code": {
        "coding": [ {
          "system": "http://loinc.org",
          "code": "8289-1",
          "display": "Head Occipital-frontal circumference Percentile"
        } ],
        "text": "Head Occipital-frontal circumference Percentile"
      },
      "subject": {
        "reference": "urn:uuid:8920a1cf-d600-95c2-c58e-6fed6af6b007"
      },
      "encounter": {
        "reference": "urn:uuid:9cc29f0b-64db-49a6-5352-6776cf5fdc8d"
      },
      "effectiveDateTime": "2024-10-13T01:07:24+00:00",
      "issued": "2024-10-13T01:07:24.222+00:00",
      "valueQuantity": {
        "value": 42.540,
        "unit": "%",
        "system": "http://unitsofmeasure.org",
        "code": "%"
      }
    },
    "request": {
      "method": "POST",
      "url": "Observation"
    }
  }, {
    "fullUrl": "urn:uuid:916ece24-d337-1f62-867a-0f5374b2e105",
    "resource": {
      "resourceType": "Observation",
      "id": "916ece24-d337-1f62-867a-0f5374b2e105",
      "status": "final",
      "category": {
        "coding": [ {
          "system": "http://hl7.org/fhir/observation-category",
          "code": "vital-signs",
          "display": "vital-signs"
        } ],
        "text": "vital-signs"
      },
      "code": {
        "coding": [ {
          "system": "http://loinc.org",
          "code": "9843-4",
          "display": "Head Occipital-frontal circumference"
        } ],
        "text": "Head Occipital-frontal circumference"
      },
      "subject": {
        "reference": "urn:uuid:8920a1cf-d600-95c2-c58e-6fed6af6b007"
      },
      "encounter": {
        "reference": "urn:uuid:9cc29f0b-64db-49a6-5352-6776cf5fdc8d"
      },
      "effectiveDateTime": "2024-10-13T01:07:24+00:00",
      "issued": "2024-10-13T01:07:24.222+00:00",
      "valueQuantity": {
        "value": 35.460,
        "unit": "cm",
        "system": "http://unitsofmeasure.org",
        "code": "cm"
      }
    },
    "request": {
      "method": "POST",
      "url": "Observation"
    }
  }, {
    "fullUrl": "urn:uuid:eca695a8-8482-2194-0ba9-95923e30de09",
    "resource": {
      "resourceType": "Observation",
      "id": "eca695a8-8482-2194-0ba9-95923e30de09",
      "status": "final",
      "category": {
        "coding": [ {
          "system": "http://hl7.org/fhir/observation-category",
          "code": "vital-signs",
          "display": "vital-signs"
        } ],
        "text": "vital-signs"
      },
      "code": {
        "coding": [ {
          "system": "http://loinc.org",
          "code": "85354-9",
          "display": "Blood pressure panel with all children optional"
        } ],
        "text": "Blood pressure panel with all children optional"
      },
      "subject": {
        "reference": "urn:uuid:8920a1cf-d600-95c2-c58e-6fed6af6b007"
      },
      "encounter": {
        "reference": "urn:uuid:9cc29f0b-64db-49a6-5352-6776cf5fdc8d"
      },
      "effectiveDateTime": "2024-10-13T01:07:24+00:00",
      "issued": "2024-10-13T01:07:24.222+00:00",
      "component": [ {
        "code": {
          "coding": [ {
            "system": "http://loinc.org",
            "code": "8462-4",
            "display": "Diastolic Blood Pressure"
          } ],
          "text": "Diastolic Blood Pressure"
        },
        "valueQuantity": {
          "value": 102,
          "unit": "mm[Hg]",
          "system": "http://unitsofmeasure.org",
          "code": "mm[Hg]"
        }
      }, {
        "code": {
          "coding": [ {
            "system": "http://loinc.org",
            "code": "8480-6",
            "display": "Systolic Blood Pressure"
          } ],
          "text": "Systolic Blood Pressure"
        },
        "valueQuantity": {
          "value": 137,
          "unit": "mm[Hg]",
          "system": "http://unitsofmeasure.org",
          "code": "mm[Hg]"
        }
      } ]
    },
    "request": {
      "method": "POST",
      "url": "Observation"
    }
  }, {
    "fullUrl": "urn:uuid:994fefda-f463-79c6-1072-627df84b4e81",
    "resource": {
      "resourceType": "Observation",
      "id": "994fefda-f463-79c6-1072-627df84b4e81",
      "status": "final",
      "category": {
        "coding": [ {
          "system": "http://hl7.org/fhir/observation-category",
          "code": "vital-signs",
          "display": "vital-signs"
        } ],
        "text": "vital-signs"
      },
      "code": {
        "coding": [ {
          "system": "http://loinc.org",
          "code": "8867-4",
          "display": "Heart rate"
        } ],
        "text": "Heart rate"
      },
      "subject": {
        "reference": "urn:uuid:8920a1cf-d600-95c2-c58e-6fed6af6b007"
      },
      "encounter": {
        "reference": "urn:uuid:9cc29f0b-64db-49a6-5352-6776cf5fdc8d"
      },
      "effectiveDateTime": "2024-10-13T01:07:24+00:00",
      "issued": "2024-10-13T01:07:24.222+00:00",
      "valueQuantity": {
        "value": 82,
        "unit": "/min",
        "system": "http://unitsofmeasure.org",
        "code": "/min"
      }
    },
    "request": {
      "method": "POST",
      "url": "Observation"
    }
  }, {
    "fullUrl": "urn:uuid:ea4fe36f-e02e-8d86-7867-cbb0c444a67d",
    "resource": {
      "resourceType": "Observation",
      "id": "ea4fe36f-e02e-8d86-7867-cbb0c444a67d",
      "status": "final",
      "category": {
        "coding": [ {
          "system": "http://hl7.org/fhir/observation-category",
          "code": "vital-signs",
          "display": "vital-signs"
        } ],
        "text": "vital-signs"
      },
      "code": {
        "coding": [ {
          "system": "http://loinc.org",
          "code": "9279-1",
          "display": "Respiratory rate"
        } ],
        "text": "Respiratory rate"
      },
      "subject": {
        "reference": "urn:uuid:8920a1cf-d600-95c2-c58e-6fed6af6b007"
      },
      "encounter": {
        "reference": "urn:uuid:9cc29f0b-64db-49a6-5352-6776cf5fdc8d"
      },
      "effectiveDateTime": "2024-10-13T01:07:24+00:00",
      "issued": "2024-10-13T01:07:24.222+00:00",
      "valueQuantity": {
        "value": 14,
        "unit": "/min",
        "system": "http://unitsofmeasure.org",
        "code": "/min"
      }
    },
    "request": {
      "method": "POST",
      "url": "Observation"
    }
  }, {
    "fullUrl": "urn:uuid:d4a10d15-7f27-3d5b-5440-46a779cc02fd",
    "resource": {
      "resourceType": "Observation",
      "id": "d4a10d15-7f27-3d5b-5440-46a779cc02fd",
      "status": "final",
      "category": {
        "coding": [ {
          "system": "http://hl7.org/fhir/observation-category",
          "code": "laboratory",
          "display": "laboratory"
        } ],
        "text": "laboratory"
      },
      "code": {
        "coding": [ {
          "system": "http://loinc.org",
          "code": "6690-2",
          "display": "Leukocytes [#/volume] in Blood by Automated count"
        } ],
        "text": "Leukocytes [#/volume] in Blood by Automated count"
      },
      "subject": {
        "reference": "urn:uuid:8920a1cf-d600-95c2-c58e-6fed6af6b007"
      },
      "encounter": {
        "reference": "urn:uuid:9cc29f0b-64db-49a6-5352-6776cf5fdc8d"
      },
      "effectiveDateTime": "2024-10-13T01:07:24+00:00",
      "issued": "2024-10-13T01:07:24.222+00:00",
      "valueQuantity": {
        "value": 6.4906,
        "unit": "10*3/uL",
        "system": "http://unitsofmeasure.org",
        "code": "10*3/uL"
      }
    },
    "request": {
      "method": "POST",
      "url": "Observation"
    }
  }, {
    "fullUrl": "urn:uuid:1d2e2244-763b-0319-5ea2-1678054d1984",
    "resource": {
      "resourceType": "Observation",
      "id": "1d2e2244-763b-0319-5ea2-1678054d1984",
      "status": "final",
      "category": {
        "coding": [ {
          "system": "http://hl7.org/fhir/observation-category",
          "code": "laboratory",
          "display": "laboratory"
        } ],
        "text": "laboratory"
      },
      "code": {
        "coding": [ {
          "system": "http://loinc.org",
          "code": "789-8",
          "display": "Erythrocytes [#/volume] in Blood by Automated count"
        } ],
        "text": "Erythrocytes [#/volume] in Blood by Automated count"
      },
      "subject": {
        "reference": "urn:uuid:8920a1cf-d600-95c2-c58e-6fed6af6b007"
      },
      "encounter": {
        "reference": "urn:uuid:9cc29f0b-64db-49a6-5352-6776cf5fdc8d"
      },
      "effectiveDateTime": "2024-10-13T01:07:24+00:00",
      "issued": "2024-10-13T01:07:24.222+00:00",
      "valueQuantity": {
        "value": 4.5447,
        "unit": "10*6/uL",
        "system": "http://unitsofmeasure.org",
        "code": "10*6/uL"
      }
    },
    "request": {
      "method": "POST",
      "url": "Observation"
    }
  }, {
    "fullUrl": "urn:uuid:44f8f8a3-9394-ec6a-1c03-b36c4a942721",
    "resource": {
      "resourceType": "Observation",
      "id": "44f8f8a3-9394-ec6a-1c03-b36c4a942721",
      "status": "final",
      "category": {
        "coding": [ {
          "system": "http://hl7.org/fhir/observation-category",
          "code": "laboratory",
          "display": "laboratory"
        } ],
        "text": "laboratory"
      },
      "code": {
        "coding": [ {
          "system": "http://loinc.org",
          "code": "718-7",
          "display": "Hemoglobin [Mass/volume] in Blood"
        } ],
        "text": "Hemoglobin [Mass/volume] in Blood"
      },
      "subject": {
        "reference": "urn:uuid:8920a1cf-d600-95c2-c58e-6fed6af6b007"
      },
      "encounter": {
        "reference": "urn:uuid:9cc29f0b-64db-49a6-5352-6776cf5fdc8d"
      },
      "effectiveDateTime": "2024-10-13T01:07:24+00:00",
      "issued": "2024-10-13T01:07:24.222+00:00",
      "valueQuantity": {
        "value": 15.687,
        "unit": "g/dL",
        "system": "http://unitsofmeasure.org",
        "code": "g/dL"
      }
    },
    "request": {
      "method": "POST",
      "url": "Observation"
    }
  }, {
    "fullUrl": "urn:uuid:ab7f6cef-1922-a60e-f396-beab681f2a29",
    "resource": {
      "resourceType": "Observation",
      "id": "ab7f6cef-1922-a60e-f396-beab681f2a29",
      "status": "final",
      "category": {
        "coding": [ {
          "system": "http://hl7.org/fhir/observation-category",
          "code": "laboratory",
          "display": "laboratory"
        } ],
        "text": "laboratory"
      },
      "code": {
        "coding": [ {
          "system": "http://loinc.org",
          "code": "4544-3",
          "display": "Hematocrit [Volume Fraction] of Blood by Automated count"
        } ],
        "text": "Hematocrit [Volume Fraction] of Blood by Automated count"
      },
      "subject": {
        "reference": "urn:uuid:8920a1cf-d600-95c2-c58e-6fed6af6b007"
      },
      "encounter": {
        "reference": "urn:uuid:9cc29f0b-64db-49a6-5352-6776cf5fdc8d"
      },
      "effectiveDateTime": "2024-10-13T01:07:24+00:00",
      "issued": "2024-10-13T01:07:24.222+00:00",
      "valueQuantity": {
        "value": 46.456,
        "unit": "%",
        "system": "http://unitsofmeasure.org",
        "code": "%"
      }
    },
    "request": {
      "method": "POST",
      "url": "Observation"
    }
  }, {
    "fullUrl": "urn:uuid:2a8367f8-ffff-8034-33d8-41f4caf1ea27",
    "resource": {
      "resourceType": "Observation",
      "id": "2a8367f8-ffff-8034-33d8-41f4caf1ea27",
      "status": "final",
      "category": {
        "coding": [ {
          "system": "http://hl7.org/fhir/observation-category",
          "code": "laboratory",
          "display": "laboratory"
        } ],
        "text": "laboratory"
      },
      "code": {
        "coding": [ {
          "system": "http://loinc.org",
          "code": "787-2",
          "display": "MCV [Entitic volume] by Automated count"
        } ],
        "text": "MCV [Entitic volume] by Automated count"
      },
      "subject": {
        "reference": "urn:uuid:8920a1cf-d600-95c2-c58e-6fed6af6b007"
      },
      "encounter": {
        "reference": "urn:uuid:9cc29f0b-64db-49a6-5352-6776cf5fdc8d"
      },
      "effectiveDateTime": "2024-10-13T01:07:24+00:00",
      "issued": "2024-10-13T01:07:24.222+00:00",
      "valueQuantity": {
        "value": 80.654,
        "unit": "fL",
        "system": "http://unitsofmeasure.org",
        "code": "fL"
      }
    },
    "request": {
      "method": "POST",
      "url": "Observation"
    }
  }, {
    "fullUrl": "urn:uuid:b161ce89-20c4-6732-234b-bc69bfbe2f41",
    "resource": {
      "resourceType": "Observation",
      "id": "b161ce89-20c4-6732-234b-bc69bfbe2f41",
      "status": "final",
      "category": {
        "coding": [ {
          "system": "http://hl7.org/fhir/observation-category",
          "code": "laboratory",
          "display": "laboratory"
        } ],
        "text": "laboratory"
      },
      "code": {
        "coding": [ {
          "system": "http://loinc.org",
          "code": "785-6",
          "display": "MCH [Entitic mass] by Automated count"
        } ],
        "text": "MCH [Entitic mass] by Automated count"
      },
      "subject": {
        "reference": "urn:uuid:8920a1cf-d600-95c2-c58e-6fed6af6b007"
      },
      "encounter": {
        "reference": "urn:uuid:9cc29f0b-64db-49a6-5352-6776cf5fdc8d"
      },
      "effectiveDateTime": "2024-10-13T01:07:24+00:00",
      "issued": "2024-10-13T01:07:24.222+00:00",
      "valueQuantity": {
        "value": 27.134,
        "unit": "pg",
        "system": "http://unitsofmeasure.org",
        "code": "pg"
      }
    },
    "request": {
      "method": "POST",
      "url": "Observation"
    }
  }, {
    "fullUrl": "urn:uuid:44806d4e-bdc4-7575-7edc-3c3ec6f33596",
    "resource": {
      "resourceType": "Observation",
      "id": "44806d4e-bdc4-7575-7edc-3c3ec6f33596",
      "status": "final",
      "category": {
        "coding": [ {
          "system": "http://hl7.org/fhir/observation-category",
          "code": "laboratory",
          "display": "laboratory"
        } ],
        "text": "laboratory"
      },
      "code": {
        "coding": [ {
          "system": "http://loinc.org",
          "code": "786-4",
          "display": "MCHC [Mass/volume] by Automated count"
        } ],
        "text": "MCHC [Mass/volume] by Automated count"
      },
      "subject": {
        "reference": "urn:uuid:8920a1cf-d600-95c2-c58e-6fed6af6b007"
      },
      "encounter": {
        "reference": "urn:uuid:9cc29f0b-64db-49a6-5352-6776cf5fdc8d"
      },
      "effectiveDateTime": "2024-10-13T01:07:24+00:00",
      "issued": "2024-10-13T01:07:24.222+00:00",
      "valueQuantity": {
        "value": 35.791,
        "unit": "g/dL",
        "system": "http://unitsofmeasure.org",
        "code": "g/dL"
      }
    },
    "request": {
      "method": "POST",
      "url": "Observation"
    }
  }, {
    "fullUrl": "urn:uuid:dd5f2854-71c6-5cd1-2337-85aa844ac483",
    "resource": {
      "resourceType": "Observation",
      "id": "dd5f2854-71c6-5cd1-2337-85aa844ac483",
      "status": "final",
      "category": {
        "coding": [ {
          "system": "http://hl7.org/fhir/observation-category",
          "code": "laboratory",
          "display": "laboratory"
        } ],
        "text": "laboratory"
      },
      "code": {
        "coding": [ {
          "system": "http://loinc.org",
          "code": "21000-5",
          "display": "Erythrocyte distribution width [Entitic volume] by Automated count"
        } ],
        "text": "Erythrocyte distribution width [Entitic volume] by Automated count"
      },
      "subject": {
        "reference": "urn:uuid:8920a1cf-d600-95c2-c58e-6fed6af6b007"
      },
      "encounter": {
        "reference": "urn:uuid:9cc29f0b-64db-49a6-5352-6776cf5fdc8d"
      },
      "effectiveDateTime": "2024-10-13T01:07:24+00:00",
      "issued": "2024-10-13T01:07:24.222+00:00",
      "valueQuantity": {
        "value": 43.796,
        "unit": "fL",
        "system": "http://unitsofmeasure.org",
        "code": "fL"
      }
    },
    "request": {
      "method": "POST",
      "url": "Observation"
    }
  }, {
    "fullUrl": "urn:uuid:fb9539b9-f6e0-b477-ebf4-057a1674d2d8",
    "resource": {
      "resourceType": "Observation",
      "id": "fb9539b9-f6e0-b477-ebf4-057a1674d2d8",
      "status": "final",
      "category": {
        "coding": [ {
          "system": "http://hl7.org/fhir/observation-category",
          "code": "laboratory",
          "display": "laboratory"
        } ],
        "text": "laboratory"
      },
      "code": {
        "coding": [ {
          "system": "http://loinc.org",
          "code": "777-3",
          "display": "Platelets [#/volume] in Blood by Automated count"
        } ],
        "text": "Platelets [#/volume] in Blood by Automated count"
      },
      "subject": {
        "reference": "urn:uuid:8920a1cf-d600-95c2-c58e-6fed6af6b007"
      },
      "encounter": {
        "reference": "urn:uuid:9cc29f0b-64db-49a6-5352-6776cf5fdc8d"
      },
      "effectiveDateTime": "2024-10-13T01:07:24+00:00",
      "issued": "2024-10-13T01:07:24.222+00:00",
      "valueQuantity": {
        "value": 346.40,
        "unit": "10*3/uL",
        "system": "http://unitsofmeasure.org",
        "code": "10*3/uL"
      }
    },
    "request": {
      "method": "POST",
      "url": "Observation"
    }
  }, {
    "fullUrl": "urn:uuid:99e5ada8-4ac8-8e31-9203-1a02774b185e",
    "resource": {
      "resourceType": "Observation",
      "id": "99e5ada8-4ac8-8e31-9203-1a02774b185e",
      "status": "final",
      "category": {
        "coding": [ {
          "system": "http://hl7.org/fhir/observation-category",
          "code": "laboratory",
          "display": "laboratory"
        } ],
        "text": "laboratory"
      },
      "code": {
        "coding": [ {
          "system": "http://loinc.org",
          "code": "32207-3",
          "display": "Platelet distribution width [Entitic volume] in Blood by Automated count"
        } ],
        "text": "Platelet distribution width [Entitic volume] in Blood by Automated count"
      },
      "subject": {
        "reference": "urn:uuid:8920a1cf-d600-95c2-c58e-6fed6af6b007"
      },
      "encounter": {
        "reference": "urn:uuid:9cc29f0b-64db-49a6-5352-6776cf5fdc8d"
      },
      "effectiveDateTime": "2024-10-13T01:07:24+00:00",
      "issued": "2024-10-13T01:07:24.222+00:00",
      "valueQuantity": {
        "value": 374.47,
        "unit": "fL",
        "system": "http://unitsofmeasure.org",
        "code": "fL"
      }
    },
    "request": {
      "method": "POST",
      "url": "Observation"
    }
  }, {
    "fullUrl": "urn:uuid:5b1f99b1-6972-60b9-2065-a77309fcaa3a",
    "resource": {
      "resourceType": "Observation",
      "id": "5b1f99b1-6972-60b9-2065-a77309fcaa3a",
      "status": "final",
      "category": {
        "coding": [ {
          "system": "http://hl7.org/fhir/observation-category",
          "code": "laboratory",
          "display": "laboratory"
        } ],
        "text": "laboratory"
      },
      "code": {
        "coding": [ {
          "system": "http://loinc.org",
          "code": "32623-1",
          "display": "Platelet mean volume [Entitic volume] in Blood by Automated count"
        } ],
        "text": "Platelet mean volume [Entitic volume] in Blood by Automated count"
      },
      "subject": {
        "reference": "urn:uuid:8920a1cf-d600-95c2-c58e-6fed6af6b007"
      },
      "encounter": {
        "reference": "urn:uuid:9cc29f0b-64db-49a6-5352-6776cf5fdc8d"
      },
      "effectiveDateTime": "2024-10-13T01:07:24+00:00",
      "issued": "2024-10-13T01:07:24.222+00:00",
      "valueQuantity": {
        "value": 12.147,
        "unit": "fL",
        "system": "http://unitsofmeasure.org",
        "code": "fL"
      }
    },
    "request": {
      "method": "POST",
      "url": "Observation"
    }
  }, {
    "fullUrl": "urn:uuid:69e404b0-fce4-931a-119f-15c44f474d05",
    "resource": {
      "resourceType": "Observation",
      "id": "69e404b0-fce4-931a-119f-15c44f474d05",
      "status": "final",
      "category": {
        "coding": [ {
          "system": "http://hl7.org/fhir/observation-category",
          "code": "social-history",
          "display": "social-history"
        } ],
        "text": "social-history"
      },
      "code": {
        "coding": [ {
          "system": "http://loinc.org",
          "code": "72166-2",
          "display": "Tobacco smoking status"
        } ],
        "text": "Tobacco smoking status"
      },
      "subject": {
        "reference": "urn:uuid:8920a1cf-d600-95c2-c58e-6fed6af6b007"
      },
      "encounter": {
        "reference": "urn:uuid:9cc29f0b-64db-49a6-5352-6776cf5fdc8d"
      },
      "effectiveDateTime": "2024-10-13T01:07:24+00:00",
      "issued": "2024-10-13T01:07:24.222+00:00",
      "valueCodeableConcept": {
        "coding": [ {
          "system": "http://snomed.info/sct",
          "code": "266919005",
          "display": "Never smoked tobacco (finding)"
        } ],
        "text": "Never smoked tobacco (finding)"
      }
    },
    "request": {
      "method": "POST",
      "url": "Observation"
    }
  }, {
    "fullUrl": "urn:uuid:a6741648-9783-4624-dc1f-52b9cb09195f",
    "resource": {
      "resourceType": "Immunization",
      "id": "a6741648-9783-4624-dc1f-52b9cb09195f",
      "status": "completed",
      "date": "2024-10-13T01:07:24+00:00",
      "vaccineCode": {
        "coding": [ {
          "system": "http://hl7.org/fhir/sid/cvx",
          "code": "08",
          "display": "Hep B, adolescent or pediatric"
        } ],
        "text": "Hep B, adolescent or pediatric"
      },
      "patient": {
        "reference": "urn:uuid:8920a1cf-d600-95c2-c58e-6fed6af6b007"
      },
      "wasNotGiven": false,
      "reported": false,
      "encounter": {
        "reference": "urn:uuid:9cc29f0b-64db-49a6-5352-6776cf5fdc8d"
      }
    },
    "request": {
      "method": "POST",
      "url": "Immunization"
    }
  }, {
    "fullUrl": "urn:uuid:030b1f98-96a2-5f60-9da7-5c1f7392a64b",
    "resource": {
      "resourceType": "DiagnosticReport",
      "id": "030b1f98-96a2-5f60-9da7-5c1f7392a64b",
      "status": "final",
      "category": {
        "coding": [ {
          "system": "http://hl7.org/fhir/ValueSet/diagnostic-service-sections",
          "code": "LAB"
        } ]
      },
      "code": {
        "coding": [ {
          "system": "http://loinc.org",
          "code": "58410-2",
          "display": "CBC panel - Blood by Automated count"
        } ],
        "text": "CBC panel - Blood by Automated count"
      },
      "subject": {
        "reference": "urn:uuid:8920a1cf-d600-95c2-c58e-6fed6af6b007"
      },
      "encounter": {
        "reference": "urn:uuid:9cc29f0b-64db-49a6-5352-6776cf5fdc8d"
      },
      "effectiveDateTime": "2024-10-13T01:07:24+00:00",
      "issued": "2024-10-13T01:07:24.222+00:00",
      "performer": {
        "reference": "Organization?identifier=https://github.com/synthetichealth/synthea|936ceb96-2b12-371f-aa68-ee02a9c06f4c",
        "display": "PRIMARY CARE NORTH PC"
      },
      "result": [ {
        "reference": "urn:uuid:5b1f99b1-6972-60b9-2065-a77309fcaa3a",
        "display": "Platelet mean volume [Entitic volume] in Blood by Automated count"
      } ]
    },
    "request": {
      "method": "POST",
      "url": "DiagnosticReport"
    }
  }, {
    "fullUrl": "urn:uuid:0fa5b1fc-7136-e357-4d15-d37369c1d687",
    "resource": {
      "resourceType": "Claim",
      "id": "0fa5b1fc-7136-e357-4d15-d37369c1d687",
      "type": "institutional",
      "organization": {
        "reference": "Organization?identifier=https://github.com/synthetichealth/synthea|936ceb96-2b12-371f-aa68-ee02a9c06f4c",
        "display": "PRIMARY CARE NORTH PC"
      },
      "use": "complete",
      "diagnosis": [ {
        "sequence": 1,
        "diagnosis": {
          "system": "http://snomed.info/sct",
          "code": "314529007",
          "display": "Medication review due (situation)"
        }
      } ],
      "patient": {
        "reference": "urn:uuid:8920a1cf-d600-95c2-c58e-6fed6af6b007"
      },
      "item": [ {
        "sequence": 1,
        "type": {
          "system": "http://hl7.org/fhir/v3/ActCode",
          "code": "CSINV",
          "display": "clinical service invoice"
        },
        "service": {
          "system": "http://snomed.info/sct",
          "code": "410620009",
          "display": "Well child visit (procedure)"
        }
      }, {
        "sequence": 2,
        "type": {
          "system": "http://hl7.org/fhir/v3/ActCode",
          "code": "CSINV",
          "display": "clinical service invoice"
        },
        "service": {
          "system": "http://hl7.org/fhir/sid/cvx",
          "code": "08",
          "display": "Hep B, adolescent or pediatric"
        },
        "net": {
          "value": 136.00,
          "system": "urn:iso:std:iso:4217",
          "code": "USD"
        }
      }, {
        "sequence": 4,
        "type": {
          "system": "http://hl7.org/fhir/v3/ActCode",
          "code": "CSINV",
          "display": "clinical service invoice"
        },
        "service": {
          "system": "http://loinc.org",
          "code": "58410-2",
          "display": "CBC panel - Blood by Automated count"
        },
        "net": {
          "value": 74.58,
          "system": "urn:iso:std:iso:4217",
          "code": "USD"
        }
      } ]
    },
    "request": {
      "method": "POST",
      "url": "Claim"
    }
  }, {
    "fullUrl": "urn:uuid:d8fd3d7a-a55b-3717-b0c1-cc528fc6215a",
    "resource": {
      "resourceType": "Encounter",
      "id": "d8fd3d7a-a55b-3717-b0c1-cc528fc6215a",
      "status": "finished",
      "class": "ambulatory",
      "type": [ {
        "coding": [ {
          "system": "http://snomed.info/sct",
          "code": "410620009",
          "display": "Well child visit (procedure)"
        } ],
        "text": "Well child visit (procedure)"
      } ],
      "patient": {
        "reference": "urn:uuid:8920a1cf-d600-95c2-c58e-6fed6af6b007"
      },
      "participant": [ {
        "individual": {
          "reference": "Practitioner?identifier=http://hl7.org/fhir/sid/us-npi|9999964395",
          "display": "Dr. Eddie505 Keeling57"
        }
      } ],
      "period": {
        "start": "2024-11-17T01:07:24+00:00",
        "end": "2024-11-17T01:22:24+00:00"
      },
      "serviceProvider": {
        "reference": "Organization?identifier=https://github.com/synthetichealth/synthea|936ceb96-2b12-371f-aa68-ee02a9c06f4c",
        "display": "PRIMARY CARE NORTH PC"
      }
    },
    "request": {
      "method": "POST",
      "url": "Encounter"
    }
  }, {
    "fullUrl": "urn:uuid:72ae1f9c-7948-e21e-8011-4a006c782dd9",
    "resource": {
      "resourceType": "Observation",
      "id": "72ae1f9c-7948-e21e-8011-4a006c782dd9",
      "status": "final",
      "category": {
        "coding": [ {
          "system": "http://hl7.org/fhir/observation-category",
          "code": "vital-signs",
          "display": "vital-signs"
        } ],
        "text": "vital-signs"
      },
      "code": {
        "coding": [ {
          "system": "http://loinc.org",
          "code": "8302-2",
          "display": "Body Height"
        } ],
        "text": "Body Height"
      },
      "subject": {
        "reference": "urn:uuid:8920a1cf-d600-95c2-c58e-6fed6af6b007"
      },
      "encounter": {
        "reference": "urn:uuid:d8fd3d7a-a55b-3717-b0c1-cc528fc6215a"
      },
      "effectiveDateTime": "2024-11-17T01:07:24+00:00",
      "issued": "2024-11-17T01:07:24.222+00:00",
      "valueQuantity": {
        "value": 56,
        "unit": "cm",
        "system": "http://unitsofmeasure.org",
        "code": "cm"
      }
    },
    "request": {
      "method": "POST",
      "url": "Observation"
    }
  }, {
    "fullUrl": "urn:uuid:77bacd91-0f1f-56b1-b90c-51e4fae8690c",
    "resource": {
      "resourceType": "Observation",
      "id": "77bacd91-0f1f-56b1-b90c-51e4fae8690c",
      "status": "final",
      "category": {
        "coding": [ {
          "system": "http://hl7.org/fhir/observation-category",
          "code": "vital-signs",
          "display": "vital-signs"
        } ],
        "text": "vital-signs"
      },
      "code": {
        "coding": [ {
          "system": "http://loinc.org",
          "code": "72514-3",
          "display": "Pain severity - 0-10 verbal numeric rating [Score] - Reported"
        } ],
        "text": "Pain severity - 0-10 verbal numeric rating [Score] - Reported"
      },
      "subject": {
        "reference": "urn:uuid:8920a1cf-d600-95c2-c58e-6fed6af6b007"
      },
      "encounter": {
        "reference": "urn:uuid:d8fd3d7a-a55b-3717-b0c1-cc528fc6215a"
      },
      "effectiveDateTime": "2024-11-17T01:07:24+00:00",
      "issued": "2024-11-17T01:07:24.222+00:00",
      "valueQuantity": {
        "value": 1,
        "unit": "{score}",
        "system": "http://unitsofmeasure.org",
        "code": "{score}"
      }
    },
    "request": {
      "method": "POST",
      "url": "Observation"
    }
  }, {
    "fullUrl": "urn:uuid:13f39c4b-d28c-c883-15e5-5f5eb21cb29f",
    "resource": {
      "resourceType": "Observation",
      "id": "13f39c4b-d28c-c883-15e5-5f5eb21cb29f",
      "status": "final",
      "category": {
        "coding": [ {
          "system": "http://hl7.org/fhir/observation-category",
          "code": "vital-signs",
          "display": "vital-signs"
        } ],
        "text": "vital-signs"
      },
      "code": {
        "coding": [ {
          "system": "http://loinc.org",
          "code": "29463-7",
          "display": "Body Weight"
        } ],
        "text": "Body Weight"
      },
      "subject": {
        "reference": "urn:uuid:8920a1cf-d600-95c2-c58e-6fed6af6b007"
      },
      "encounter": {
        "reference": "urn:uuid:d8fd3d7a-a55b-3717-b0c1-cc528fc6215a"
      },
      "effectiveDateTime": "2024-11-17T01:07:24+00:00",
      "issued": "2024-11-17T01:07:24.222+00:00",
      "valueQuantity": {
        "value": 4.3000,
        "unit": "kg",
        "system": "http://unitsofmeasure.org",
        "code": "kg"
      }
    },
    "request": {
      "method": "POST",
      "url": "Observation"
    }
  }, {
    "fullUrl": "urn:uuid:57c96e4d-24e3-b145-59ad-7b0d7bccb840",
    "resource": {
      "resourceType": "Observation",
      "id": "57c96e4d-24e3-b145-59ad-7b0d7bccb840",
      "status": "final",
      "category": {
        "coding": [ {
          "system": "http://hl7.org/fhir/observation-category",
          "code": "vital-signs",
          "display": "vital-signs"
        } ],
        "text": "vital-signs"
      },
      "code": {
        "coding": [ {
          "system": "http://loinc.org",
          "code": "77606-2",
          "display": "Weight-for-length Per age and sex"
        } ],
        "text": "Weight-for-length Per age and sex"
      },
      "subject": {
        "reference": "urn:uuid:8920a1cf-d600-95c2-c58e-6fed6af6b007"
      },
      "encounter": {
        "reference": "urn:uuid:d8fd3d7a-a55b-3717-b0c1-cc528fc6215a"
      },
      "effectiveDateTime": "2024-11-17T01:07:24+00:00",
      "issued": "2024-11-17T01:07:24.222+00:00",
      "valueQuantity": {
        "value": 4.1844,
        "unit": "%",
        "system": "http://unitsofmeasure.org",
        "code": "%"
      }
    },
    "request": {
      "method": "POST",
      "url": "Observation"
    }
  }, {
    "fullUrl": "urn:uuid:f18ecfb2-fdb5-a2f4-c940-cf40b812bcdf",
    "resource": {
      "resourceType": "Observation",
      "id": "f18ecfb2-fdb5-a2f4-c940-cf40b812bcdf",
      "status": "final",
      "category": {
        "coding": [ {
          "system": "http://hl7.org/fhir/observation-category",
          "code": "vital-signs",
          "display": "vital-signs"
        } ],
        "text": "vital-signs"
      },
      "code": {
        "coding": [ {
          "system": "http://loinc.org",
          "code": "8289-1",
          "display": "Head Occipital-frontal circumference Percentile"
        } ],
        "text": "Head Occipital-frontal circumference Percentile"
      },
      "subject": {
        "reference": "urn:uuid:8920a1cf-d600-95c2-c58e-6fed6af6b007"
      },
      "encounter": {
        "reference": "urn:uuid:d8fd3d7a-a55b-3717-b0c1-cc528fc6215a"
      },
      "effectiveDateTime": "2024-11-17T01:07:24+00:00",
      "issued": "2024-11-17T01:07:24.222+00:00",
      "valueQuantity": {
        "value": 42.540,
        "unit": "%",
        "system": "http://unitsofmeasure.org",
        "code": "%"
      }
    },
    "request": {
      "method": "POST",
      "url": "Observation"
    }
  }, {
    "fullUrl": "urn:uuid:3ecbd771-3332-e3d8-9ed5-cc4582c3f12f",
    "resource": {
      "resourceType": "Observation",
      "id": "3ecbd771-3332-e3d8-9ed5-cc4582c3f12f",
      "status": "final",
      "category": {
        "coding": [ {
          "system": "http://hl7.org/fhir/observation-category",
          "code": "vital-signs",
          "display": "vital-signs"
        } ],
        "text": "vital-signs"
      },
      "code": {
        "coding": [ {
          "system": "http://loinc.org",
          "code": "9843-4",
          "display": "Head Occipital-frontal circumference"
        } ],
        "text": "Head Occipital-frontal circumference"
      },
      "subject": {
        "reference": "urn:uuid:8920a1cf-d600-95c2-c58e-6fed6af6b007"
      },
      "encounter": {
        "reference": "urn:uuid:d8fd3d7a-a55b-3717-b0c1-cc528fc6215a"
      },
      "effectiveDateTime": "2024-11-17T01:07:24+00:00",
      "issued": "2024-11-17T01:07:24.222+00:00",
      "valueQuantity": {
        "value": 38.900,
        "unit": "cm",
        "system": "http://unitsofmeasure.org",
        "code": "cm"
      }
    },
    "request": {
      "method": "POST",
      "url": "Observation"
    }
  }, {
    "fullUrl": "urn:uuid:ecea7f2a-62f9-cdb1-fd50-b798c47ae2ad",
    "resource": {
      "resourceType": "Observation",
      "id": "ecea7f2a-62f9-cdb1-fd50-b798c47ae2ad",
      "status": "final",
      "category": {
        "coding": [ {
          "system": "http://hl7.org/fhir/observation-category",
          "code": "vital-signs",
          "display": "vital-signs"
        } ],
        "text": "vital-signs"
      },
      "code": {
        "coding": [ {
          "system": "http://loinc.org",
          "code": "85354-9",
          "display": "Blood pressure panel with all children optional"
        } ],
        "text": "Blood pressure panel with all children optional"
      },
      "subject": {
        "reference": "urn:uuid:8920a1cf-d600-95c2-c58e-6fed6af6b007"
      },
      "encounter": {
        "reference": "urn:uuid:d8fd3d7a-a55b-3717-b0c1-cc528fc6215a"
      },
      "effectiveDateTime": "2024-11-17T01:07:24+00:00",
      "issued": "2024-11-17T01:07:24.222+00:00",
      "component": [ {
        "code": {
          "coding": [ {
            "system": "http://loinc.org",
            "code": "8462-4",
            "display": "Diastolic Blood Pressure"
          } ],
          "text": "Diastolic Blood Pressure"
        },
        "valueQuantity": {
          "value": 95,
          "unit": "mm[Hg]",
          "system": "http://unitsofmeasure.org",
          "code": "mm[Hg]"
        }
      }, {
        "code": {
          "coding": [ {
            "system": "http://loinc.org",
            "code": "8480-6",
            "display": "Systolic Blood Pressure"
          } ],
          "text": "Systolic Blood Pressure"
        },
        "valueQuantity": {
          "value": 130,
          "unit": "mm[Hg]",
          "system": "http://unitsofmeasure.org",
          "code": "mm[Hg]"
        }
      } ]
    },
    "request": {
      "method": "POST",
      "url": "Observation"
    }
  }, {
    "fullUrl": "urn:uuid:b4bb9375-b635-978b-f6b3-456f0529367e",
    "resource": {
      "resourceType": "Observation",
      "id": "b4bb9375-b635-978b-f6b3-456f0529367e",
      "status": "final",
      "category": {
        "coding": [ {
          "system": "http://hl7.org/fhir/observation-category",
          "code": "vital-signs",
          "display": "vital-signs"
        } ],
        "text": "vital-signs"
      },
      "code": {
        "coding": [ {
          "system": "http://loinc.org",
          "code": "8867-4",
          "display": "Heart rate"
        } ],
        "text": "Heart rate"
      },
      "subject": {
        "reference": "urn:uuid:8920a1cf-d600-95c2-c58e-6fed6af6b007"
      },
      "encounter": {
        "reference": "urn:uuid:d8fd3d7a-a55b-3717-b0c1-cc528fc6215a"
      },
      "effectiveDateTime": "2024-11-17T01:07:24+00:00",
      "issued": "2024-11-17T01:07:24.222+00:00",
      "valueQuantity": {
        "value": 87,
        "unit": "/min",
        "system": "http://unitsofmeasure.org",
        "code": "/min"
      }
    },
    "request": {
      "method": "POST",
      "url": "Observation"
    }
  }, {
    "fullUrl": "urn:uuid:179a17a9-052a-e49d-6b7a-e90667635fbb",
    "resource": {
      "resourceType": "Observation",
      "id": "179a17a9-052a-e49d-6b7a-e90667635fbb",
      "status": "final",
      "category": {
        "coding": [ {
          "system": "http://hl7.org/fhir/observation-category",
          "code": "vital-signs",
          "display": "vital-signs"
        } ],
        "text": "vital-signs"
      },
      "code": {
        "coding": [ {
          "system": "http://loinc.org",
          "code": "9279-1",
          "display": "Respiratory rate"
        } ],
        "text": "Respiratory rate"
      },
      "subject": {
        "reference": "urn:uuid:8920a1cf-d600-95c2-c58e-6fed6af6b007"
      },
      "encounter": {
        "reference": "urn:uuid:d8fd3d7a-a55b-3717-b0c1-cc528fc6215a"
      },
      "effectiveDateTime": "2024-11-17T01:07:24+00:00",
      "issued": "2024-11-17T01:07:24.222+00:00",
      "valueQuantity": {
        "value": 12,
        "unit": "/min",
        "system": "http://unitsofmeasure.org",
        "code": "/min"
      }
    },
    "request": {
      "method": "POST",
      "url": "Observation"
    }
  }, {
    "fullUrl": "urn:uuid:7a045fe0-8a9e-2c4b-997e-d69bc4986346",
    "resource": {
      "resourceType": "Observation",
      "id": "7a045fe0-8a9e-2c4b-997e-d69bc4986346",
      "status": "final",
      "category": {
        "coding": [ {
          "system": "http://hl7.org/fhir/observation-category",
          "code": "social-history",
          "display": "social-history"
        } ],
        "text": "social-history"
      },
      "code": {
        "coding": [ {
          "system": "http://loinc.org",
          "code": "72166-2",
          "display": "Tobacco smoking status"
        } ],
        "text": "Tobacco smoking status"
      },
      "subject": {
        "reference": "urn:uuid:8920a1cf-d600-95c2-c58e-6fed6af6b007"
      },
      "encounter": {
        "reference": "urn:uuid:d8fd3d7a-a55b-3717-b0c1-cc528fc6215a"
      },
      "effectiveDateTime": "2024-11-17T01:07:24+00:00",
      "issued": "2024-11-17T01:07:24.222+00:00",
      "valueCodeableConcept": {
        "coding": [ {
          "system": "http://snomed.info/sct",
          "code": "266919005",
          "display": "Never smoked tobacco (finding)"
        } ],
        "text": "Never smoked tobacco (finding)"
      }
    },
    "request": {
      "method": "POST",
      "url": "Observation"
    }
  }, {
    "fullUrl": "urn:uuid:1c2ab9e2-23da-1009-918a-d899a72a8ee8",
    "resource": {
      "resourceType": "Immunization",
      "id": "1c2ab9e2-23da-1009-918a-d899a72a8ee8",
      "status": "completed",
      "date": "2024-11-17T01:07:24+00:00",
      "vaccineCode": {
        "coding": [ {
          "system": "http://hl7.org/fhir/sid/cvx",
          "code": "08",
          "display": "Hep B, adolescent or pediatric"
        } ],
        "text": "Hep B, adolescent or pediatric"
      },
      "patient": {
        "reference": "urn:uuid:8920a1cf-d600-95c2-c58e-6fed6af6b007"
      },
      "wasNotGiven": false,
      "reported": false,
      "encounter": {
        "reference": "urn:uuid:d8fd3d7a-a55b-3717-b0c1-cc528fc6215a"
      }
    },
    "request": {
      "method": "POST",
      "url": "Immunization"
    }
  }, {
    "fullUrl": "urn:uuid:7d0e7890-9169-7d93-b0e6-bd01a2681b4f",
    "resource": {
      "resourceType": "Claim",
      "id": "7d0e7890-9169-7d93-b0e6-bd01a2681b4f",
      "type": "institutional",
      "organization": {
        "reference": "Organization?identifier=https://github.com/synthetichealth/synthea|936ceb96-2b12-371f-aa68-ee02a9c06f4c",
        "display": "PRIMARY CARE NORTH PC"
      },
      "use": "complete",
      "patient": {
        "reference": "urn:uuid:8920a1cf-d600-95c2-c58e-6fed6af6b007"
      },
      "item": [ {
        "sequence": 1,
        "type": {
          "system": "http://hl7.org/fhir/v3/ActCode",
          "code": "CSINV",
          "display": "clinical service invoice"
        },
        "service": {
          "system": "http://snomed.info/sct",
          "code": "410620009",
          "display": "Well child visit (procedure)"
        }
      }, {
        "sequence": 2,
        "type": {
          "system": "http://hl7.org/fhir/v3/ActCode",
          "code": "CSINV",
          "display": "clinical service invoice"
        },
        "service": {
          "system": "http://hl7.org/fhir/sid/cvx",
          "code": "08",
          "display": "Hep B, adolescent or pediatric"
        },
        "net": {
          "value": 136.00,
          "system": "urn:iso:std:iso:4217",
          "code": "USD"
        }
      } ]
    },
    "request": {
      "method": "POST",
      "url": "Claim"
    }
  }, {
    "fullUrl": "urn:uuid:828fb464-4e33-9a84-e2e1-7b2ecb3fc738",
    "resource": {
      "resourceType": "Encounter",
      "id": "828fb464-4e33-9a84-e2e1-7b2ecb3fc738",
      "status": "finished",
      "class": "ambulatory",
      "type": [ {
        "coding": [ {
          "system": "http://snomed.info/sct",
          "code": "410620009",
          "display": "Well child visit (procedure)"
        } ],
        "text": "Well child visit (procedure)"
      } ],
      "patient": {
        "reference": "urn:uuid:8920a1cf-d600-95c2-c58e-6fed6af6b007"
      },
      "participant": [ {
        "individual": {
          "reference": "Practitioner?identifier=http://hl7.org/fhir/sid/us-npi|9999964395",
          "display": "Dr. Eddie505 Keeling57"
        }
      } ],
      "period": {
        "start": "2025-01-19T01:07:24+00:00",
        "end": "2025-01-19T01:22:24+00:00"
      },
      "serviceProvider": {
        "reference": "Organization?identifier=https://github.com/synthetichealth/synthea|936ceb96-2b12-371f-aa68-ee02a9c06f4c",
        "display": "PRIMARY CARE NORTH PC"
      }
    },
    "request": {
      "method": "POST",
      "url": "Encounter"
    }
  }, {
    "fullUrl": "urn:uuid:811aa937-1cbf-847d-ccea-9df1395ecf0b",
    "resource": {
      "resourceType": "Observation",
      "id": "811aa937-1cbf-847d-ccea-9df1395ecf0b",
      "status": "final",
      "category": {
        "coding": [ {
          "system": "http://hl7.org/fhir/observation-category",
          "code": "vital-signs",
          "display": "vital-signs"
        } ],
        "text": "vital-signs"
      },
      "code": {
        "coding": [ {
          "system": "http://loinc.org",
          "code": "8302-2",
          "display": "Body Height"
        } ],
        "text": "Body Height"
      },
      "subject": {
        "reference": "urn:uuid:8920a1cf-d600-95c2-c58e-6fed6af6b007"
      },
      "encounter": {
        "reference": "urn:uuid:828fb464-4e33-9a84-e2e1-7b2ecb3fc738"
      },
      "effectiveDateTime": "2025-01-19T01:07:24+00:00",
      "issued": "2025-01-19T01:07:24.222+00:00",
      "valueQuantity": {
        "value": 61.400,
        "unit": "cm",
        "system": "http://unitsofmeasure.org",
        "code": "cm"
      }
    },
    "request": {
      "method": "POST",
      "url": "Observation"
    }
  }, {
    "fullUrl": "urn:uuid:3244be10-e897-f5f1-658e-1956bb6d0bed",
    "resource": {
      "resourceType": "Observation",
      "id": "3244be10-e897-f5f1-658e-1956bb6d0bed",
      "status": "final",
      "category": {
        "coding": [ {
          "system": "http://hl7.org/fhir/observation-category",
          "code": "vital-signs",
          "display": "vital-signs"
        } ],
        "text": "vital-signs"
      },
      "code": {
        "coding": [ {
          "system": "http://loinc.org",
          "code": "72514-3",
          "display": "Pain severity - 0-10 verbal numeric rating [Score] - Reported"
        } ],
        "text": "Pain severity - 0-10 verbal numeric rating [Score] - Reported"
      },
      "subject": {
        "reference": "urn:uuid:8920a1cf-d600-95c2-c58e-6fed6af6b007"
      },
      "encounter": {
        "reference": "urn:uuid:828fb464-4e33-9a84-e2e1-7b2ecb3fc738"
      },
      "effectiveDateTime": "2025-01-19T01:07:24+00:00",
      "issued": "2025-01-19T01:07:24.222+00:00",
      "valueQuantity": {
        "value": 3,
        "unit": "{score}",
        "system": "http://unitsofmeasure.org",
        "code": "{score}"
      }
    },
    "request": {
      "method": "POST",
      "url": "Observation"
    }
  }, {
    "fullUrl": "urn:uuid:c4be8fe5-3ccc-5be7-69af-f8fc3da84f22",
    "resource": {
      "resourceType": "Observation",
      "id": "c4be8fe5-3ccc-5be7-69af-f8fc3da84f22",
      "status": "final",
      "category": {
        "coding": [ {
          "system": "http://hl7.org/fhir/observation-category",
          "code": "vital-signs",
          "display": "vital-signs"
        } ],
        "text": "vital-signs"
      },
      "code": {
        "coding": [ {
          "system": "http://loinc.org",
          "code": "29463-7",
          "display": "Body Weight"
        } ],
        "text": "Body Weight"
      },
      "subject": {
        "reference": "urn:uuid:8920a1cf-d600-95c2-c58e-6fed6af6b007"
      },
      "encounter": {
        "reference": "urn:uuid:828fb464-4e33-9a84-e2e1-7b2ecb3fc738"
      },
      "effectiveDateTime": "2025-01-19T01:07:24+00:00",
      "issued": "2025-01-19T01:07:24.222+00:00",
      "valueQuantity": {
        "value": 5.7000,
        "unit": "kg",
        "system": "http://unitsofmeasure.org",
        "code": "kg"
      }
    },
    "request": {
      "method": "POST",
      "url": "Observation"
    }
  }, {
    "fullUrl": "urn:uuid:69857e2c-75a7-5ea7-7da1-d9904f6fbdba",
    "resource": {
      "resourceType": "Observation",
      "id": "69857e2c-75a7-5ea7-7da1-d9904f6fbdba",
      "status": "final",
      "category": {
        "coding": [ {
          "system": "http://hl7.org/fhir/observation-category",
          "code": "vital-signs",
          "display": "vital-signs"
        } ],
        "text": "vital-signs"
      },
      "code": {
        "coding": [ {
          "system": "http://loinc.org",
          "code": "77606-2",
          "display": "Weight-for-length Per age and sex"
        } ],
        "text": "Weight-for-length Per age and sex"
      },
      "subject": {
        "reference": "urn:uuid:8920a1cf-d600-95c2-c58e-6fed6af6b007"
      },
      "encounter": {
        "reference": "urn:uuid:828fb464-4e33-9a84-e2e1-7b2ecb3fc738"
      },
      "effectiveDateTime": "2025-01-19T01:07:24+00:00",
      "issued": "2025-01-19T01:07:24.222+00:00",
      "valueQuantity": {
        "value": 11.175,
        "unit": "%",
        "system": "http://unitsofmeasure.org",
        "code": "%"
      }
    },
    "request": {
      "method": "POST",
      "url": "Observation"
    }
  }, {
    "fullUrl": "urn:uuid:71d0bdf4-3a64-ccbc-e870-8378f6c402be",
    "resource": {
      "resourceType": "Observation",
      "id": "71d0bdf4-3a64-ccbc-e870-8378f6c402be",
      "status": "final",
      "category": {
        "coding": [ {
          "system": "http://hl7.org/fhir/observation-category",
          "code": "vital-signs",
          "display": "vital-signs"
        } ],
        "text": "vital-signs"
      },
      "code": {
        "coding": [ {
          "system": "http://loinc.org",
          "code": "8289-1",
          "display": "Head Occipital-frontal circumference Percentile"
        } ],
        "text": "Head Occipital-frontal circumference Percentile"
      },
      "subject": {
        "reference": "urn:uuid:8920a1cf-d600-95c2-c58e-6fed6af6b007"
      },
      "encounter": {
        "reference": "urn:uuid:828fb464-4e33-9a84-e2e1-7b2ecb3fc738"
      },
      "effectiveDateTime": "2025-01-19T01:07:24+00:00",
      "issued": "2025-01-19T01:07:24.222+00:00",
      "valueQuantity": {
        "value": 42.540,
        "unit": "%",
        "system": "http://unitsofmeasure.org",
        "code": "%"
      }
    },
    "request": {
      "method": "POST",
      "url": "Observation"
    }
  }, {
    "fullUrl": "urn:uuid:e2c3fd3b-156c-9958-a9b7-d0fa0f27457d",
    "resource": {
      "resourceType": "Observation",
      "id": "e2c3fd3b-156c-9958-a9b7-d0fa0f27457d",
      "status": "final",
      "category": {
        "coding": [ {
          "system": "http://hl7.org/fhir/observation-category",
          "code": "vital-signs",
          "display": "vital-signs"
        } ],
        "text": "vital-signs"
      },
      "code": {
        "coding": [ {
          "system": "http://loinc.org",
          "code": "9843-4",
          "display": "Head Occipital-frontal circumference"
        } ],
        "text": "Head Occipital-frontal circumference"
      },
      "subject": {
        "reference": "urn:uuid:8920a1cf-d600-95c2-c58e-6fed6af6b007"
      },
      "encounter": {
        "reference": "urn:uuid:828fb464-4e33-9a84-e2e1-7b2ecb3fc738"
      },
      "effectiveDateTime": "2025-01-19T01:07:24+00:00",
      "issued": "2025-01-19T01:07:24.222+00:00",
      "valueQuantity": {
        "value": 41.490,
        "unit": "cm",
        "system": "http://unitsofmeasure.org",
        "code": "cm"
      }
    },
    "request": {
      "method": "POST",
      "url": "Observation"
    }
  }, {
    "fullUrl": "urn:uuid:61a6fcb3-eeda-ff4e-345c-0b1aa6f23d60",
    "resource": {
      "resourceType": "Observation",
      "id": "61a6fcb3-eeda-ff4e-345c-0b1aa6f23d60",
      "status": "final",
      "category": {
        "coding": [ {
          "system": "http://hl7.org/fhir/observation-category",
          "code": "vital-signs",
          "display": "vital-signs"
        } ],
        "text": "vital-signs"
      },
      "code": {
        "coding": [ {
          "system": "http://loinc.org",
          "code": "85354-9",
          "display": "Blood pressure panel with all children optional"
        } ],
        "text": "Blood pressure panel with all children optional"
      },
      "subject": {
        "reference": "urn:uuid:8920a1cf-d600-95c2-c58e-6fed6af6b007"
      },
      "encounter": {
        "reference": "urn:uuid:828fb464-4e33-9a84-e2e1-7b2ecb3fc738"
      },
      "effectiveDateTime": "2025-01-19T01:07:24+00:00",
      "issued": "2025-01-19T01:07:24.222+00:00",
      "component": [ {
        "code": {
          "coding": [ {
            "system": "http://loinc.org",
            "code": "8462-4",
            "display": "Diastolic Blood Pressure"
          } ],
          "text": "Diastolic Blood Pressure"
        },
        "valueQuantity": {
          "value": 103,
          "unit": "mm[Hg]",
          "system": "http://unitsofmeasure.org",
          "code": "mm[Hg]"
        }
      }, {
        "code": {
          "coding": [ {
            "system": "http://loinc.org",
            "code": "8480-6",
            "display": "Systolic Blood Pressure"
          } ],
          "text": "Systolic Blood Pressure"
        },
        "valueQuantity": {
          "value": 127,
          "unit": "mm[Hg]",
          "system": "http://unitsofmeasure.org",
          "code": "mm[Hg]"
        }
      } ]
    },
    "request": {
      "method": "POST",
      "url": "Observation"
    }
  }, {
    "fullUrl": "urn:uuid:018e5e80-3ad2-e03b-124e-70bfb1210c4c",
    "resource": {
      "resourceType": "Observation",
      "id": "018e5e80-3ad2-e03b-124e-70bfb1210c4c",
      "status": "final",
      "category": {
        "coding": [ {
          "system": "http://hl7.org/fhir/observation-category",
          "code": "vital-signs",
          "display": "vital-signs"
        } ],
        "text": "vital-signs"
      },
      "code": {
        "coding": [ {
          "system": "http://loinc.org",
          "code": "8867-4",
          "display": "Heart rate"
        } ],
        "text": "Heart rate"
      },
      "subject": {
        "reference": "urn:uuid:8920a1cf-d600-95c2-c58e-6fed6af6b007"
      },
      "encounter": {
        "reference": "urn:uuid:828fb464-4e33-9a84-e2e1-7b2ecb3fc738"
      },
      "effectiveDateTime": "2025-01-19T01:07:24+00:00",
      "issued": "2025-01-19T01:07:24.222+00:00",
      "valueQuantity": {
        "value": 95,
        "unit": "/min",
        "system": "http://unitsofmeasure.org",
        "code": "/min"
      }
    },
    "request": {
      "method": "POST",
      "url": "Observation"
    }
  }, {
    "fullUrl": "urn:uuid:5be6d3c2-d05e-6f7c-7427-9830900662d0",
    "resource": {
      "resourceType": "Observation",
      "id": "5be6d3c2-d05e-6f7c-7427-9830900662d0",
      "status": "final",
      "category": {
        "coding": [ {
          "system": "http://hl7.org/fhir/observation-category",
          "code": "vital-signs",
          "display": "vital-signs"
        } ],
        "text": "vital-signs"
      },
      "code": {
        "coding": [ {
          "system": "http://loinc.org",
          "code": "9279-1",
          "display": "Respiratory rate"
        } ],
        "text": "Respiratory rate"
      },
      "subject": {
        "reference": "urn:uuid:8920a1cf-d600-95c2-c58e-6fed6af6b007"
      },
      "encounter": {
        "reference": "urn:uuid:828fb464-4e33-9a84-e2e1-7b2ecb3fc738"
      },
      "effectiveDateTime": "2025-01-19T01:07:24+00:00",
      "issued": "2025-01-19T01:07:24.222+00:00",
      "valueQuantity": {
        "value": 16,
        "unit": "/min",
        "system": "http://unitsofmeasure.org",
        "code": "/min"
      }
    },
    "request": {
      "method": "POST",
      "url": "Observation"
    }
  }, {
    "fullUrl": "urn:uuid:5ba59df4-3b45-2de8-fdac-baa52fe2ae6c",
    "resource": {
      "resourceType": "Observation",
      "id": "5ba59df4-3b45-2de8-fdac-baa52fe2ae6c",
      "status": "final",
      "category": {
        "coding": [ {
          "system": "http://hl7.org/fhir/observation-category",
          "code": "social-history",
          "display": "social-history"
        } ],
        "text": "social-history"
      },
      "code": {
        "coding": [ {
          "system": "http://loinc.org",
          "code": "72166-2",
          "display": "Tobacco smoking status"
        } ],
        "text": "Tobacco smoking status"
      },
      "subject": {
        "reference": "urn:uuid:8920a1cf-d600-95c2-c58e-6fed6af6b007"
      },
      "encounter": {
        "reference": "urn:uuid:828fb464-4e33-9a84-e2e1-7b2ecb3fc738"
      },
      "effectiveDateTime": "2025-01-19T01:07:24+00:00",
      "issued": "2025-01-19T01:07:24.222+00:00",
      "valueCodeableConcept": {
        "coding": [ {
          "system": "http://snomed.info/sct",
          "code": "266919005",
          "display": "Never smoked tobacco (finding)"
        } ],
        "text": "Never smoked tobacco (finding)"
      }
    },
    "request": {
      "method": "POST",
      "url": "Observation"
    }
  }, {
    "fullUrl": "urn:uuid:02cf72e2-edd8-07d6-46b9-5fabd184d413",
    "resource": {
      "resourceType": "Immunization",
      "id": "02cf72e2-edd8-07d6-46b9-5fabd184d413",
      "status": "completed",
      "date": "2025-01-19T01:07:24+00:00",
      "vaccineCode": {
        "coding": [ {
          "system": "http://hl7.org/fhir/sid/cvx",
          "code": "49",
          "display": "Hib (PRP-OMP)"
        } ],
        "text": "Hib (PRP-OMP)"
      },
      "patient": {
        "reference": "urn:uuid:8920a1cf-d600-95c2-c58e-6fed6af6b007"
      },
      "wasNotGiven": false,
      "reported": false,
      "encounter": {
        "reference": "urn:uuid:828fb464-4e33-9a84-e2e1-7b2ecb3fc738"
      }
    },
    "request": {
      "method": "POST",
      "url": "Immunization"
    }
  }, {
    "fullUrl": "urn:uuid:20b3acb2-eb82-de06-2ff9-055c766d7252",
    "resource": {
      "resourceType": "Immunization",
      "id": "20b3acb2-eb82-de06-2ff9-055c766d7252",
      "status": "completed",
      "date": "2025-01-19T01:07:24+00:00",
      "vaccineCode": {
        "coding": [ {
          "system": "http://hl7.org/fhir/sid/cvx",
          "code": "119",
          "display": "rotavirus, monovalent"
        } ],
        "text": "rotavirus, monovalent"
      },
      "patient": {
        "reference": "urn:uuid:8920a1cf-d600-95c2-c58e-6fed6af6b007"
      },
      "wasNotGiven": false,
      "reported": false,
      "encounter": {
        "reference": "urn:uuid:828fb464-4e33-9a84-e2e1-7b2ecb3fc738"
      }
    },
    "request": {
      "method": "POST",
      "url": "Immunization"
    }
  }, {
    "fullUrl": "urn:uuid:6ebf14c4-94bc-25c1-a771-175e08a90cb1",
    "resource": {
      "resourceType": "Immunization",
      "id": "6ebf14c4-94bc-25c1-a771-175e08a90cb1",
      "status": "completed",
      "date": "2025-01-19T01:07:24+00:00",
      "vaccineCode": {
        "coding": [ {
          "system": "http://hl7.org/fhir/sid/cvx",
          "code": "10",
          "display": "IPV"
        } ],
        "text": "IPV"
      },
      "patient": {
        "reference": "urn:uuid:8920a1cf-d600-95c2-c58e-6fed6af6b007"
      },
      "wasNotGiven": false,
      "reported": false,
      "encounter": {
        "reference": "urn:uuid:828fb464-4e33-9a84-e2e1-7b2ecb3fc738"
      }
    },
    "request": {
      "method": "POST",
      "url": "Immunization"
    }
  }, {
    "fullUrl": "urn:uuid:8ea1b26a-4053-d950-fd43-3ec700c3a5f2",
    "resource": {
      "resourceType": "Immunization",
      "id": "8ea1b26a-4053-d950-fd43-3ec700c3a5f2",
      "status": "completed",
      "date": "2025-01-19T01:07:24+00:00",
      "vaccineCode": {
        "coding": [ {
          "system": "http://hl7.org/fhir/sid/cvx",
          "code": "20",
          "display": "DTaP"
        } ],
        "text": "DTaP"
      },
      "patient": {
        "reference": "urn:uuid:8920a1cf-d600-95c2-c58e-6fed6af6b007"
      },
      "wasNotGiven": false,
      "reported": false,
      "encounter": {
        "reference": "urn:uuid:828fb464-4e33-9a84-e2e1-7b2ecb3fc738"
      }
    },
    "request": {
      "method": "POST",
      "url": "Immunization"
    }
  }, {
    "fullUrl": "urn:uuid:b7a6369f-38d6-25fb-3d79-620059700f36",
    "resource": {
      "resourceType": "Immunization",
      "id": "b7a6369f-38d6-25fb-3d79-620059700f36",
      "status": "completed",
      "date": "2025-01-19T01:07:24+00:00",
      "vaccineCode": {
        "coding": [ {
          "system": "http://hl7.org/fhir/sid/cvx",
          "code": "133",
          "display": "Pneumococcal conjugate PCV 13"
        } ],
        "text": "Pneumococcal conjugate PCV 13"
      },
      "patient": {
        "reference": "urn:uuid:8920a1cf-d600-95c2-c58e-6fed6af6b007"
      },
      "wasNotGiven": false,
      "reported": false,
      "encounter": {
        "reference": "urn:uuid:828fb464-4e33-9a84-e2e1-7b2ecb3fc738"
      }
    },
    "request": {
      "method": "POST",
      "url": "Immunization"
    }
  }, {
    "fullUrl": "urn:uuid:6953b35a-52c9-3f8c-8bce-729278d569c8",
    "resource": {
      "resourceType": "Claim",
      "id": "6953b35a-52c9-3f8c-8bce-729278d569c8",
      "type": "institutional",
      "organization": {
        "reference": "Organization?identifier=https://github.com/synthetichealth/synthea|936ceb96-2b12-371f-aa68-ee02a9c06f4c",
        "display": "PRIMARY CARE NORTH PC"
      },
      "use": "complete",
      "patient": {
        "reference": "urn:uuid:8920a1cf-d600-95c2-c58e-6fed6af6b007"
      },
      "item": [ {
        "sequence": 1,
        "type": {
          "system": "http://hl7.org/fhir/v3/ActCode",
          "code": "CSINV",
          "display": "clinical service invoice"
        },
        "service": {
          "system": "http://snomed.info/sct",
          "code": "410620009",
          "display": "Well child visit (procedure)"
        }
      }, {
        "sequence": 2,
        "type": {
          "system": "http://hl7.org/fhir/v3/ActCode",
          "code": "CSINV",
          "display": "clinical service invoice"
        },
        "service": {
          "system": "http://hl7.org/fhir/sid/cvx",
          "code": "49",
          "display": "Hib (PRP-OMP)"
        },
        "net": {
          "value": 136.00,
          "system": "urn:iso:std:iso:4217",
          "code": "USD"
        }
      }, {
        "sequence": 3,
        "type": {
          "system": "http://hl7.org/fhir/v3/ActCode",
          "code": "CSINV",
          "display": "clinical service invoice"
        },
        "service": {
          "system": "http://hl7.org/fhir/sid/cvx",
          "code": "119",
          "display": "rotavirus, monovalent"
        },
        "net": {
          "value": 136.00,
          "system": "urn:iso:std:iso:4217",
          "code": "USD"
        }
      }, {
        "sequence": 4,
        "type": {
          "system": "http://hl7.org/fhir/v3/ActCode",
          "code": "CSINV",
          "display": "clinical service invoice"
        },
        "service": {
          "system": "http://hl7.org/fhir/sid/cvx",
          "code": "10",
          "display": "IPV"
        },
        "net": {
          "value": 136.00,
          "system": "urn:iso:std:iso:4217",
          "code": "USD"
        }
      }, {
        "sequence": 5,
        "type": {
          "system": "http://hl7.org/fhir/v3/ActCode",
          "code": "CSINV",
          "display": "clinical service invoice"
        },
        "service": {
          "system": "http://hl7.org/fhir/sid/cvx",
          "code": "20",
          "display": "DTaP"
        },
        "net": {
          "value": 136.00,
          "system": "urn:iso:std:iso:4217",
          "code": "USD"
        }
      }, {
        "sequence": 6,
        "type": {
          "system": "http://hl7.org/fhir/v3/ActCode",
          "code": "CSINV",
          "display": "clinical service invoice"
        },
        "service": {
          "system": "http://hl7.org/fhir/sid/cvx",
          "code": "133",
          "display": "Pneumococcal conjugate PCV 13"
        },
        "net": {
          "value": 136.00,
          "system": "urn:iso:std:iso:4217",
          "code": "USD"
        }
      } ]
    },
    "request": {
      "method": "POST",
      "url": "Claim"
    }
  }, {
    "fullUrl": "urn:uuid:03699c69-ad9c-bfce-b47d-7e5f704b3538",
    "resource": {
      "resourceType": "Encounter",
      "id": "03699c69-ad9c-bfce-b47d-7e5f704b3538",
      "status": "finished",
      "class": "ambulatory",
      "type": [ {
        "coding": [ {
          "system": "http://snomed.info/sct",
          "code": "410620009",
          "display": "Well child visit (procedure)"
        } ],
        "text": "Well child visit (procedure)"
      } ],
      "patient": {
        "reference": "urn:uuid:8920a1cf-d600-95c2-c58e-6fed6af6b007"
      },
      "participant": [ {
        "individual": {
          "reference": "Practitioner?identifier=http://hl7.org/fhir/sid/us-npi|9999964395",
          "display": "Dr. Eddie505 Keeling57"
        }
      } ],
      "period": {
        "start": "2025-03-23T01:07:24+00:00",
        "end": "2025-03-23T01:22:24+00:00"
      },
      "serviceProvider": {
        "reference": "Organization?identifier=https://github.com/synthetichealth/synthea|936ceb96-2b12-371f-aa68-ee02a9c06f4c",
        "display": "PRIMARY CARE NORTH PC"
      }
    },
    "request": {
      "method": "POST",
      "url": "Encounter"
    }
  }, {
    "fullUrl": "urn:uuid:262c2589-d1d5-1a78-8ccf-7c5b1808afc4",
    "resource": {
      "resourceType": "Observation",
      "id": "262c2589-d1d5-1a78-8ccf-7c5b1808afc4",
      "status": "final",
      "category": {
        "coding": [ {
          "system": "http://hl7.org/fhir/observation-category",
          "code": "vital-signs",
          "display": "vital-signs"
        } ],
        "text": "vital-signs"
      },
      "code": {
        "coding": [ {
          "system": "http://loinc.org",
          "code": "8302-2",
          "display": "Body Height"
        } ],
        "text": "Body Height"
      },
      "subject": {
        "reference": "urn:uuid:8920a1cf-d600-95c2-c58e-6fed6af6b007"
      },
      "encounter": {
        "reference": "urn:uuid:03699c69-ad9c-bfce-b47d-7e5f704b3538"
      },
      "effectiveDateTime": "2025-03-23T01:07:24+00:00",
      "issued": "2025-03-23T01:07:24.222+00:00",
      "valueQuantity": {
        "value": 65.5,
        "unit": "cm",
        "system": "http://unitsofmeasure.org",
        "code": "cm"
      }
    },
    "request": {
      "method": "POST",
      "url": "Observation"
    }
  }, {
    "fullUrl": "urn:uuid:a35f0971-433f-1af6-12d8-64582477aa53",
    "resource": {
      "resourceType": "Observation",
      "id": "a35f0971-433f-1af6-12d8-64582477aa53",
      "status": "final",
      "category": {
        "coding": [ {
          "system": "http://hl7.org/fhir/observation-category",
          "code": "vital-signs",
          "display": "vital-signs"
        } ],
        "text": "vital-signs"
      },
      "code": {
        "coding": [ {
          "system": "http://loinc.org",
          "code": "72514-3",
          "display": "Pain severity - 0-10 verbal numeric rating [Score] - Reported"
        } ],
        "text": "Pain severity - 0-10 verbal numeric rating [Score] - Reported"
      },
      "subject": {
        "reference": "urn:uuid:8920a1cf-d600-95c2-c58e-6fed6af6b007"
      },
      "encounter": {
        "reference": "urn:uuid:03699c69-ad9c-bfce-b47d-7e5f704b3538"
      },
      "effectiveDateTime": "2025-03-23T01:07:24+00:00",
      "issued": "2025-03-23T01:07:24.222+00:00",
      "valueQuantity": {
        "value": 3,
        "unit": "{score}",
        "system": "http://unitsofmeasure.org",
        "code": "{score}"
      }
    },
    "request": {
      "method": "POST",
      "url": "Observation"
    }
  }, {
    "fullUrl": "urn:uuid:2c32b24f-c61f-123e-c51a-540af054fcfb",
    "resource": {
      "resourceType": "Observation",
      "id": "2c32b24f-c61f-123e-c51a-540af054fcfb",
      "status": "final",
      "category": {
        "coding": [ {
          "system": "http://hl7.org/fhir/observation-category",
          "code": "vital-signs",
          "display": "vital-signs"
        } ],
        "text": "vital-signs"
      },
      "code": {
        "coding": [ {
          "system": "http://loinc.org",
          "code": "29463-7",
          "display": "Body Weight"
        } ],
        "text": "Body Weight"
      },
      "subject": {
        "reference": "urn:uuid:8920a1cf-d600-95c2-c58e-6fed6af6b007"
      },
      "encounter": {
        "reference": "urn:uuid:03699c69-ad9c-bfce-b47d-7e5f704b3538"
      },
      "effectiveDateTime": "2025-03-23T01:07:24+00:00",
      "issued": "2025-03-23T01:07:24.222+00:00",
      "valueQuantity": {
        "value": 6.8000,
        "unit": "kg",
        "system": "http://unitsofmeasure.org",
        "code": "kg"
      }
    },
    "request": {
      "method": "POST",
      "url": "Observation"
    }
  }, {
    "fullUrl": "urn:uuid:fd6d21f3-3c18-5ced-5a2b-b405365363a0",
    "resource": {
      "resourceType": "Observation",
      "id": "fd6d21f3-3c18-5ced-5a2b-b405365363a0",
      "status": "final",
      "category": {
        "coding": [ {
          "system": "http://hl7.org/fhir/observation-category",
          "code": "vital-signs",
          "display": "vital-signs"
        } ],
        "text": "vital-signs"
      },
      "code": {
        "coding": [ {
          "system": "http://loinc.org",
          "code": "77606-2",
          "display": "Weight-for-length Per age and sex"
        } ],
        "text": "Weight-for-length Per age and sex"
      },
      "subject": {
        "reference": "urn:uuid:8920a1cf-d600-95c2-c58e-6fed6af6b007"
      },
      "encounter": {
        "reference": "urn:uuid:03699c69-ad9c-bfce-b47d-7e5f704b3538"
      },
      "effectiveDateTime": "2025-03-23T01:07:24+00:00",
      "issued": "2025-03-23T01:07:24.222+00:00",
      "valueQuantity": {
        "value": 7.9987,
        "unit": "%",
        "system": "http://unitsofmeasure.org",
        "code": "%"
      }
    },
    "request": {
      "method": "POST",
      "url": "Observation"
    }
  }, {
    "fullUrl": "urn:uuid:43ea69ef-bca6-543a-f00b-017ef66c1aae",
    "resource": {
      "resourceType": "Observation",
      "id": "43ea69ef-bca6-543a-f00b-017ef66c1aae",
      "status": "final",
      "category": {
        "coding": [ {
          "system": "http://hl7.org/fhir/observation-category",
          "code": "vital-signs",
          "display": "vital-signs"
        } ],
        "text": "vital-signs"
      },
      "code": {
        "coding": [ {
          "system": "http://loinc.org",
          "code": "8289-1",
          "display": "Head Occipital-frontal circumference Percentile"
        } ],
        "text": "Head Occipital-frontal circumference Percentile"
      },
      "subject": {
        "reference": "urn:uuid:8920a1cf-d600-95c2-c58e-6fed6af6b007"
      },
      "encounter": {
        "reference": "urn:uuid:03699c69-ad9c-bfce-b47d-7e5f704b3538"
      },
      "effectiveDateTime": "2025-03-23T01:07:24+00:00",
      "issued": "2025-03-23T01:07:24.222+00:00",
      "valueQuantity": {
        "value": 42.540,
        "unit": "%",
        "system": "http://unitsofmeasure.org",
        "code": "%"
      }
    },
    "request": {
      "method": "POST",
      "url": "Observation"
    }
  }, {
    "fullUrl": "urn:uuid:6ca78ca3-c280-7366-70d9-6d8d366ebb44",
    "resource": {
      "resourceType": "Observation",
      "id": "6ca78ca3-c280-7366-70d9-6d8d366ebb44",
      "status": "final",
      "category": {
        "coding": [ {
          "system": "http://hl7.org/fhir/observation-category",
          "code": "vital-signs",
          "display": "vital-signs"
        } ],
        "text": "vital-signs"
      },
      "code": {
        "coding": [ {
          "system": "http://loinc.org",
          "code": "9843-4",
          "display": "Head Occipital-frontal circumference"
        } ],
        "text": "Head Occipital-frontal circumference"
      },
      "subject": {
        "reference": "urn:uuid:8920a1cf-d600-95c2-c58e-6fed6af6b007"
      },
      "encounter": {
        "reference": "urn:uuid:03699c69-ad9c-bfce-b47d-7e5f704b3538"
      },
      "effectiveDateTime": "2025-03-23T01:07:24+00:00",
      "issued": "2025-03-23T01:07:24.222+00:00",
      "valueQuantity": {
        "value": 43.150,
        "unit": "cm",
        "system": "http://unitsofmeasure.org",
        "code": "cm"
      }
    },
    "request": {
      "method": "POST",
      "url": "Observation"
    }
  }, {
    "fullUrl": "urn:uuid:aea7a9f6-b14a-113e-2f49-6ad23a8f5519",
    "resource": {
      "resourceType": "Observation",
      "id": "aea7a9f6-b14a-113e-2f49-6ad23a8f5519",
      "status": "final",
      "category": {
        "coding": [ {
          "system": "http://hl7.org/fhir/observation-category",
          "code": "vital-signs",
          "display": "vital-signs"
        } ],
        "text": "vital-signs"
      },
      "code": {
        "coding": [ {
          "system": "http://loinc.org",
          "code": "85354-9",
          "display": "Blood pressure panel with all children optional"
        } ],
        "text": "Blood pressure panel with all children optional"
      },
      "subject": {
        "reference": "urn:uuid:8920a1cf-d600-95c2-c58e-6fed6af6b007"
      },
      "encounter": {
        "reference": "urn:uuid:03699c69-ad9c-bfce-b47d-7e5f704b3538"
      },
      "effectiveDateTime": "2025-03-23T01:07:24+00:00",
      "issued": "2025-03-23T01:07:24.222+00:00",
      "component": [ {
        "code": {
          "coding": [ {
            "system": "http://loinc.org",
            "code": "8462-4",
            "display": "Diastolic Blood Pressure"
          } ],
          "text": "Diastolic Blood Pressure"
        },
        "valueQuantity": {
          "value": 92,
          "unit": "mm[Hg]",
          "system": "http://unitsofmeasure.org",
          "code": "mm[Hg]"
        }
      }, {
        "code": {
          "coding": [ {
            "system": "http://loinc.org",
            "code": "8480-6",
            "display": "Systolic Blood Pressure"
          } ],
          "text": "Systolic Blood Pressure"
        },
        "valueQuantity": {
          "value": 136,
          "unit": "mm[Hg]",
          "system": "http://unitsofmeasure.org",
          "code": "mm[Hg]"
        }
      } ]
    },
    "request": {
      "method": "POST",
      "url": "Observation"
    }
  }, {
    "fullUrl": "urn:uuid:91071da3-b366-f043-7da1-5a97fc444ec7",
    "resource": {
      "resourceType": "Observation",
      "id": "91071da3-b366-f043-7da1-5a97fc444ec7",
      "status": "final",
      "category": {
        "coding": [ {
          "system": "http://hl7.org/fhir/observation-category",
          "code": "vital-signs",
          "display": "vital-signs"
        } ],
        "text": "vital-signs"
      },
      "code": {
        "coding": [ {
          "system": "http://loinc.org",
          "code": "8867-4",
          "display": "Heart rate"
        } ],
        "text": "Heart rate"
      },
      "subject": {
        "reference": "urn:uuid:8920a1cf-d600-95c2-c58e-6fed6af6b007"
      },
      "encounter": {
        "reference": "urn:uuid:03699c69-ad9c-bfce-b47d-7e5f704b3538"
      },
      "effectiveDateTime": "2025-03-23T01:07:24+00:00",
      "issued": "2025-03-23T01:07:24.222+00:00",
      "valueQuantity": {
        "value": 74,
        "unit": "/min",
        "system": "http://unitsofmeasure.org",
        "code": "/min"
      }
    },
    "request": {
      "method": "POST",
      "url": "Observation"
    }
  }, {
    "fullUrl": "urn:uuid:9b726f86-2160-cdf8-c4b5-bb845841fb10",
    "resource": {
      "resourceType": "Observation",
      "id": "9b726f86-2160-cdf8-c4b5-bb845841fb10",
      "status": "final",
      "category": {
        "coding": [ {
          "system": "http://hl7.org/fhir/observation-category",
          "code": "vital-signs",
          "display": "vital-signs"
        } ],
        "text": "vital-signs"
      },
      "code": {
        "coding": [ {
          "system": "http://loinc.org",
          "code": "9279-1",
          "display": "Respiratory rate"
        } ],
        "text": "Respiratory rate"
      },
      "subject": {
        "reference": "urn:uuid:8920a1cf-d600-95c2-c58e-6fed6af6b007"
      },
      "encounter": {
        "reference": "urn:uuid:03699c69-ad9c-bfce-b47d-7e5f704b3538"
      },
      "effectiveDateTime": "2025-03-23T01:07:24+00:00",
      "issued": "2025-03-23T01:07:24.222+00:00",
      "valueQuantity": {
        "value": 15,
        "unit": "/min",
        "system": "http://unitsofmeasure.org",
        "code": "/min"
      }
    },
    "request": {
      "method": "POST",
      "url": "Observation"
    }
  }, {
    "fullUrl": "urn:uuid:c1ba4e85-e9cd-77c3-6cee-dcd5e13b9146",
    "resource": {
      "resourceType": "Observation",
      "id": "c1ba4e85-e9cd-77c3-6cee-dcd5e13b9146",
      "status": "final",
      "category": {
        "coding": [ {
          "system": "http://hl7.org/fhir/observation-category",
          "code": "social-history",
          "display": "social-history"
        } ],
        "text": "social-history"
      },
      "code": {
        "coding": [ {
          "system": "http://loinc.org",
          "code": "72166-2",
          "display": "Tobacco smoking status"
        } ],
        "text": "Tobacco smoking status"
      },
      "subject": {
        "reference": "urn:uuid:8920a1cf-d600-95c2-c58e-6fed6af6b007"
      },
      "encounter": {
        "reference": "urn:uuid:03699c69-ad9c-bfce-b47d-7e5f704b3538"
      },
      "effectiveDateTime": "2025-03-23T01:07:24+00:00",
      "issued": "2025-03-23T01:07:24.222+00:00",
      "valueCodeableConcept": {
        "coding": [ {
          "system": "http://snomed.info/sct",
          "code": "266919005",
          "display": "Never smoked tobacco (finding)"
        } ],
        "text": "Never smoked tobacco (finding)"
      }
    },
    "request": {
      "method": "POST",
      "url": "Observation"
    }
  }, {
    "fullUrl": "urn:uuid:d814db9f-7638-6851-add0-b7b47c30055a",
    "resource": {
      "resourceType": "Procedure",
      "id": "d814db9f-7638-6851-add0-b7b47c30055a",
      "subject": {
        "reference": "urn:uuid:8920a1cf-d600-95c2-c58e-6fed6af6b007"
      },
      "status": "completed",
      "code": {
        "coding": [ {
          "system": "http://snomed.info/sct",
          "code": "430193006",
          "display": "Medication reconciliation (procedure)"
        } ],
        "text": "Medication reconciliation (procedure)"
      },
      "performedPeriod": {
        "start": "2025-03-23T01:07:24+00:00",
        "end": "2025-03-23T01:22:24+00:00"
      },
      "encounter": {
        "reference": "urn:uuid:03699c69-ad9c-bfce-b47d-7e5f704b3538"
      }
    },
    "request": {
      "method": "POST",
      "url": "Procedure"
    }
  }, {
    "fullUrl": "urn:uuid:dd4b08f2-ce6c-b5ae-25cf-225055cd0dc3",
    "resource": {
      "resourceType": "Immunization",
      "id": "dd4b08f2-ce6c-b5ae-25cf-225055cd0dc3",
      "status": "completed",
      "date": "2025-03-23T01:07:24+00:00",
      "vaccineCode": {
        "coding": [ {
          "system": "http://hl7.org/fhir/sid/cvx",
          "code": "49",
          "display": "Hib (PRP-OMP)"
        } ],
        "text": "Hib (PRP-OMP)"
      },
      "patient": {
        "reference": "urn:uuid:8920a1cf-d600-95c2-c58e-6fed6af6b007"
      },
      "wasNotGiven": false,
      "reported": false,
      "encounter": {
        "reference": "urn:uuid:03699c69-ad9c-bfce-b47d-7e5f704b3538"
      }
    },
    "request": {
      "method": "POST",
      "url": "Immunization"
    }
  }, {
    "fullUrl": "urn:uuid:da6e6b6c-499a-7ef9-f52d-13cbd63d9308",
    "resource": {
      "resourceType": "Immunization",
      "id": "da6e6b6c-499a-7ef9-f52d-13cbd63d9308",
      "status": "completed",
      "date": "2025-03-23T01:07:24+00:00",
      "vaccineCode": {
        "coding": [ {
          "system": "http://hl7.org/fhir/sid/cvx",
          "code": "119",
          "display": "rotavirus, monovalent"
        } ],
        "text": "rotavirus, monovalent"
      },
      "patient": {
        "reference": "urn:uuid:8920a1cf-d600-95c2-c58e-6fed6af6b007"
      },
      "wasNotGiven": false,
      "reported": false,
      "encounter": {
        "reference": "urn:uuid:03699c69-ad9c-bfce-b47d-7e5f704b3538"
      }
    },
    "request": {
      "method": "POST",
      "url": "Immunization"
    }
  }, {
    "fullUrl": "urn:uuid:20680aa0-692e-636b-2a62-f7875962200e",
    "resource": {
      "resourceType": "Immunization",
      "id": "20680aa0-692e-636b-2a62-f7875962200e",
      "status": "completed",
      "date": "2025-03-23T01:07:24+00:00",
      "vaccineCode": {
        "coding": [ {
          "system": "http://hl7.org/fhir/sid/cvx",
          "code": "10",
          "display": "IPV"
        } ],
        "text": "IPV"
      },
      "patient": {
        "reference": "urn:uuid:8920a1cf-d600-95c2-c58e-6fed6af6b007"
      },
      "wasNotGiven": false,
      "reported": false,
      "encounter": {
        "reference": "urn:uuid:03699c69-ad9c-bfce-b47d-7e5f704b3538"
      }
    },
    "request": {
      "method": "POST",
      "url": "Immunization"
    }
  }, {
    "fullUrl": "urn:uuid:daa6f6a5-8d76-1f31-1182-c4a382541c59",
    "resource": {
      "resourceType": "Immunization",
      "id": "daa6f6a5-8d76-1f31-1182-c4a382541c59",
      "status": "completed",
      "date": "2025-03-23T01:07:24+00:00",
      "vaccineCode": {
        "coding": [ {
          "system": "http://hl7.org/fhir/sid/cvx",
          "code": "20",
          "display": "DTaP"
        } ],
        "text": "DTaP"
      },
      "patient": {
        "reference": "urn:uuid:8920a1cf-d600-95c2-c58e-6fed6af6b007"
      },
      "wasNotGiven": false,
      "reported": false,
      "encounter": {
        "reference": "urn:uuid:03699c69-ad9c-bfce-b47d-7e5f704b3538"
      }
    },
    "request": {
      "method": "POST",
      "url": "Immunization"
    }
  }, {
    "fullUrl": "urn:uuid:f4806e42-dcc1-c295-6492-70a912c29e54",
    "resource": {
      "resourceType": "Immunization",
      "id": "f4806e42-dcc1-c295-6492-70a912c29e54",
      "status": "completed",
      "date": "2025-03-23T01:07:24+00:00",
      "vaccineCode": {
        "coding": [ {
          "system": "http://hl7.org/fhir/sid/cvx",
          "code": "133",
          "display": "Pneumococcal conjugate PCV 13"
        } ],
        "text": "Pneumococcal conjugate PCV 13"
      },
      "patient": {
        "reference": "urn:uuid:8920a1cf-d600-95c2-c58e-6fed6af6b007"
      },
      "wasNotGiven": false,
      "reported": false,
      "encounter": {
        "reference": "urn:uuid:03699c69-ad9c-bfce-b47d-7e5f704b3538"
      }
    },
    "request": {
      "method": "POST",
      "url": "Immunization"
    }
  }, {
    "fullUrl": "urn:uuid:c17a3323-b8d9-215a-d862-d61a27f792be",
    "resource": {
      "resourceType": "Claim",
      "id": "c17a3323-b8d9-215a-d862-d61a27f792be",
      "type": "institutional",
      "organization": {
        "reference": "Organization?identifier=https://github.com/synthetichealth/synthea|936ceb96-2b12-371f-aa68-ee02a9c06f4c",
        "display": "PRIMARY CARE NORTH PC"
      },
      "use": "complete",
      "patient": {
        "reference": "urn:uuid:8920a1cf-d600-95c2-c58e-6fed6af6b007"
      },
      "item": [ {
        "sequence": 1,
        "type": {
          "system": "http://hl7.org/fhir/v3/ActCode",
          "code": "CSINV",
          "display": "clinical service invoice"
        },
        "service": {
          "system": "http://snomed.info/sct",
          "code": "410620009",
          "display": "Well child visit (procedure)"
        }
      }, {
        "sequence": 2,
        "type": {
          "system": "http://hl7.org/fhir/v3/ActCode",
          "code": "CSINV",
          "display": "clinical service invoice"
        },
        "service": {
          "system": "http://hl7.org/fhir/sid/cvx",
          "code": "49",
          "display": "Hib (PRP-OMP)"
        },
        "net": {
          "value": 136.00,
          "system": "urn:iso:std:iso:4217",
          "code": "USD"
        }
      }, {
        "sequence": 3,
        "type": {
          "system": "http://hl7.org/fhir/v3/ActCode",
          "code": "CSINV",
          "display": "clinical service invoice"
        },
        "service": {
          "system": "http://hl7.org/fhir/sid/cvx",
          "code": "119",
          "display": "rotavirus, monovalent"
        },
        "net": {
          "value": 136.00,
          "system": "urn:iso:std:iso:4217",
          "code": "USD"
        }
      }, {
        "sequence": 4,
        "type": {
          "system": "http://hl7.org/fhir/v3/ActCode",
          "code": "CSINV",
          "display": "clinical service invoice"
        },
        "service": {
          "system": "http://hl7.org/fhir/sid/cvx",
          "code": "10",
          "display": "IPV"
        },
        "net": {
          "value": 136.00,
          "system": "urn:iso:std:iso:4217",
          "code": "USD"
        }
      }, {
        "sequence": 5,
        "type": {
          "system": "http://hl7.org/fhir/v3/ActCode",
          "code": "CSINV",
          "display": "clinical service invoice"
        },
        "service": {
          "system": "http://hl7.org/fhir/sid/cvx",
          "code": "20",
          "display": "DTaP"
        },
        "net": {
          "value": 136.00,
          "system": "urn:iso:std:iso:4217",
          "code": "USD"
        }
      }, {
        "sequence": 6,
        "type": {
          "system": "http://hl7.org/fhir/v3/ActCode",
          "code": "CSINV",
          "display": "clinical service invoice"
        },
        "service": {
          "system": "http://hl7.org/fhir/sid/cvx",
          "code": "133",
          "display": "Pneumococcal conjugate PCV 13"
        },
        "net": {
          "value": 136.00,
          "system": "urn:iso:std:iso:4217",
          "code": "USD"
        }
      }, {
        "sequence": 7,
        "type": {
          "system": "http://hl7.org/fhir/v3/ActCode",
          "code": "CSINV",
          "display": "clinical service invoice"
        },
        "service": {
          "system": "http://snomed.info/sct",
          "code": "430193006",
          "display": "Medication reconciliation (procedure)"
        },
        "net": {
          "value": 689.69,
          "system": "urn:iso:std:iso:4217",
          "code": "USD"
        }
      } ]
    },
    "request": {
      "method": "POST",
      "url": "Claim"
    }
  } ]
}
