{
  "resourceType": "Bundle",
  "type": "transaction",
  "entry": [ {
    "fullUrl": "urn:uuid:927d197e-c83a-a51c-43d8-1567a6ae8c3a",
    "resource": {
      "resourceType": "Patient",
      "id": "927d197e-c83a-a51c-43d8-1567a6ae8c3a",
      "text": {
        "status": "generated",
        "div": "<div xmlns=\"http://www.w3.org/1999/xhtml\">Generated by <a href=\"https://github.com/synthetichealth/synthea\">Synthea</a>.Version identifier: bfbf02b\n .   Person seed: -6734463215876582415  Population seed: 1754329121950</div>"
      },
      "extension": [ {
        "url": "http://hl7.org/fhir/StructureDefinition/us-core-race",
        "valueCodeableConcept": {
          "coding": [ {
            "system": "http://hl7.org/fhir/v3/Race",
            "code": "2106-3",
            "display": "White"
          } ],
          "text": "White"
        }
      }, {
        "url": "http://hl7.org/fhir/StructureDefinition/us-core-ethnicity",
        "valueCodeableConcept": {
          "coding": [ {
            "system": "http://hl7.org/fhir/v3/Ethnicity",
            "code": "2186-5",
            "display": "Not Hispanic or Latino"
          } ],
          "text": "Not Hispanic or Latino"
        }
      }, {
        "url": "http://hl7.org/fhir/StructureDefinition/patient-mothersMaidenName",
        "valueString": "Dianna917 Ward668"
      }, {
        "url": "http://hl7.org/fhir/us/core/StructureDefinition/us-core-birthsex",
        "valueCode": "F"
      }, {
        "url": "http://hl7.org/fhir/StructureDefinition/birthPlace",
        "valueAddress": {
          "city": "Amherst",
          "state": "Massachusetts",
          "country": "US"
        }
      }, {
        "url": "http://synthetichealth.github.io/synthea/disability-adjusted-life-years",
        "valueDecimal": 0.0
      }, {
        "url": "http://synthetichealth.github.io/synthea/quality-adjusted-life-years",
        "valueDecimal": 0.0
      } ],
      "identifier": [ {
        "system": "https://github.com/synthetichealth/synthea",
        "value": "927d197e-c83a-a51c-43d8-1567a6ae8c3a"
      }, {
        "type": {
          "coding": [ {
            "system": "http://hl7.org/fhir/v2/0203",
            "code": "MR"
          } ]
        },
        "system": "http://hospital.smarthealthit.org",
        "value": "927d197e-c83a-a51c-43d8-1567a6ae8c3a"
      }, {
        "type": {
          "coding": [ {
            "system": "http://hl7.org/fhir/identifier-type",
            "code": "SB"
          } ]
        },
        "system": "http://hl7.org/fhir/sid/us-ssn",
        "value": "999-66-9574"
      } ],
      "name": [ {
        "use": "official",
        "family": [ "Howe413" ],
        "given": [ "Freida957", "Madelyn308" ]
      } ],
      "telecom": [ {
        "system": "phone",
        "value": "555-512-1048",
        "use": "home"
      } ],
      "gender": "female",
      "birthDate": "2025-07-08",
      "address": [ {
        "extension": [ {
          "url": "http://hl7.org/fhir/StructureDefinition/geolocation",
          "extension": [ {
            "url": "latitude",
            "valueDecimal": 41.73241510554941
          }, {
            "url": "longitude",
            "valueDecimal": -70.03667121880737
          } ]
        } ],
        "line": [ "563 Kuvalis Extension" ],
        "city": "Brewster",
        "state": "Massachusetts",
        "postalCode": "02631",
        "country": "US"
      } ],
      "maritalStatus": {
        "coding": [ {
          "system": "http://hl7.org/fhir/v3/MaritalStatus",
          "code": "S"
        } ]
      },
      "multipleBirthBoolean": false,
      "communication": [ {
        "language": {
          "coding": [ {
            "system": "urn:ietf:bcp:47",
            "code": "en-US",
            "display": "English (United States)"
          } ],
          "text": "English (United States)"
        }
      } ]
    },
    "request": {
      "method": "POST",
      "url": "Patient"
    }
  }, {
    "fullUrl": "urn:uuid:2d275eda-3522-5e0d-fe17-f54c0f35ec72",
    "resource": {
      "resourceType": "Encounter",
      "id": "2d275eda-3522-5e0d-fe17-f54c0f35ec72",
      "status": "finished",
      "class": "ambulatory",
      "type": [ {
        "coding": [ {
          "system": "http://snomed.info/sct",
          "code": "410620009",
          "display": "Well child visit (procedure)"
        } ],
        "text": "Well child visit (procedure)"
      } ],
      "patient": {
        "reference": "urn:uuid:927d197e-c83a-a51c-43d8-1567a6ae8c3a"
      },
      "participant": [ {
        "individual": {
          "reference": "Practitioner?identifier=http://hl7.org/fhir/sid/us-npi|9999954297",
          "display": "Dr. Sacha430 Wisoky380"
        }
      } ],
      "period": {
        "start": "2025-07-08T15:16:32+00:00",
        "end": "2025-07-08T15:31:32+00:00"
      },
      "serviceProvider": {
        "reference": "Organization?identifier=https://github.com/synthetichealth/synthea|dfcd78f1-f67e-321d-84e3-f658c482c474",
        "display": "PLEASANT BAY HEALTH AND WELLNESS CENTER LLC"
      }
    },
    "request": {
      "method": "POST",
      "url": "Encounter"
    }
  }, {
    "fullUrl": "urn:uuid:ce26ac74-31e8-6be6-4b4a-2d8b9ef8c706",
    "resource": {
      "resourceType": "Condition",
      "id": "ce26ac74-31e8-6be6-4b4a-2d8b9ef8c706",
      "patient": {
        "reference": "urn:uuid:927d197e-c83a-a51c-43d8-1567a6ae8c3a"
      },
      "encounter": {
        "reference": "urn:uuid:2d275eda-3522-5e0d-fe17-f54c0f35ec72"
      },
      "dateRecorded": "2025-07-08",
      "code": {
        "coding": [ {
          "system": "http://snomed.info/sct",
          "code": "314529007",
          "display": "Medication review due (situation)"
        } ],
        "text": "Medication review due (situation)"
      },
      "category": {
        "coding": [ {
          "system": "http://hl7.org/fhir/condition-category",
          "code": "diagnosis"
        } ]
      },
      "clinicalStatus": "active",
      "verificationStatus": "confirmed",
      "onsetDateTime": "2025-07-08T15:16:32+00:00"
    },
    "request": {
      "method": "POST",
      "url": "Condition"
    }
  }, {
    "fullUrl": "urn:uuid:0bf486f6-e156-3d90-1268-c9a92a21cfb7",
    "resource": {
      "resourceType": "Observation",
      "id": "0bf486f6-e156-3d90-1268-c9a92a21cfb7",
      "status": "final",
      "category": {
        "coding": [ {
          "system": "http://hl7.org/fhir/observation-category",
          "code": "vital-signs",
          "display": "vital-signs"
        } ],
        "text": "vital-signs"
      },
      "code": {
        "coding": [ {
          "system": "http://loinc.org",
          "code": "8302-2",
          "display": "Body Height"
        } ],
        "text": "Body Height"
      },
      "subject": {
        "reference": "urn:uuid:927d197e-c83a-a51c-43d8-1567a6ae8c3a"
      },
      "encounter": {
        "reference": "urn:uuid:2d275eda-3522-5e0d-fe17-f54c0f35ec72"
      },
      "effectiveDateTime": "2025-07-08T15:16:32+00:00",
      "issued": "2025-07-08T15:16:32.053+00:00",
      "valueQuantity": {
        "value": 52,
        "unit": "cm",
        "system": "http://unitsofmeasure.org",
        "code": "cm"
      }
    },
    "request": {
      "method": "POST",
      "url": "Observation"
    }
  }, {
    "fullUrl": "urn:uuid:7a2c3693-6f15-6d05-f2a6-92de9b4d4060",
    "resource": {
      "resourceType": "Observation",
      "id": "7a2c3693-6f15-6d05-f2a6-92de9b4d4060",
      "status": "final",
      "category": {
        "coding": [ {
          "system": "http://hl7.org/fhir/observation-category",
          "code": "vital-signs",
          "display": "vital-signs"
        } ],
        "text": "vital-signs"
      },
      "code": {
        "coding": [ {
          "system": "http://loinc.org",
          "code": "72514-3",
          "display": "Pain severity - 0-10 verbal numeric rating [Score] - Reported"
        } ],
        "text": "Pain severity - 0-10 verbal numeric rating [Score] - Reported"
      },
      "subject": {
        "reference": "urn:uuid:927d197e-c83a-a51c-43d8-1567a6ae8c3a"
      },
      "encounter": {
        "reference": "urn:uuid:2d275eda-3522-5e0d-fe17-f54c0f35ec72"
      },
      "effectiveDateTime": "2025-07-08T15:16:32+00:00",
      "issued": "2025-07-08T15:16:32.053+00:00",
      "valueQuantity": {
        "value": 4,
        "unit": "{score}",
        "system": "http://unitsofmeasure.org",
        "code": "{score}"
      }
    },
    "request": {
      "method": "POST",
      "url": "Observation"
    }
  }, {
    "fullUrl": "urn:uuid:e95f7779-acf7-b212-4e65-401f72316f61",
    "resource": {
      "resourceType": "Observation",
      "id": "e95f7779-acf7-b212-4e65-401f72316f61",
      "status": "final",
      "category": {
        "coding": [ {
          "system": "http://hl7.org/fhir/observation-category",
          "code": "vital-signs",
          "display": "vital-signs"
        } ],
        "text": "vital-signs"
      },
      "code": {
        "coding": [ {
          "system": "http://loinc.org",
          "code": "29463-7",
          "display": "Body Weight"
        } ],
        "text": "Body Weight"
      },
      "subject": {
        "reference": "urn:uuid:927d197e-c83a-a51c-43d8-1567a6ae8c3a"
      },
      "encounter": {
        "reference": "urn:uuid:2d275eda-3522-5e0d-fe17-f54c0f35ec72"
      },
      "effectiveDateTime": "2025-07-08T15:16:32+00:00",
      "issued": "2025-07-08T15:16:32.053+00:00",
      "valueQuantity": {
        "value": 3.8000,
        "unit": "kg",
        "system": "http://unitsofmeasure.org",
        "code": "kg"
      }
    },
    "request": {
      "method": "POST",
      "url": "Observation"
    }
  }, {
    "fullUrl": "urn:uuid:58424a72-628e-ef5e-9be6-504dc1afd6f5",
    "resource": {
      "resourceType": "Observation",
      "id": "58424a72-628e-ef5e-9be6-504dc1afd6f5",
      "status": "final",
      "category": {
        "coding": [ {
          "system": "http://hl7.org/fhir/observation-category",
          "code": "vital-signs",
          "display": "vital-signs"
        } ],
        "text": "vital-signs"
      },
      "code": {
        "coding": [ {
          "system": "http://loinc.org",
          "code": "77606-2",
          "display": "Weight-for-length Per age and sex"
        } ],
        "text": "Weight-for-length Per age and sex"
      },
      "subject": {
        "reference": "urn:uuid:927d197e-c83a-a51c-43d8-1567a6ae8c3a"
      },
      "encounter": {
        "reference": "urn:uuid:2d275eda-3522-5e0d-fe17-f54c0f35ec72"
      },
      "effectiveDateTime": "2025-07-08T15:16:32+00:00",
      "issued": "2025-07-08T15:16:32.053+00:00",
      "valueQuantity": {
        "value": 33.360,
        "unit": "%",
        "system": "http://unitsofmeasure.org",
        "code": "%"
      }
    },
    "request": {
      "method": "POST",
      "url": "Observation"
    }
  }, {
    "fullUrl": "urn:uuid:879f991b-3da7-ce77-7259-6484db411ec7",
    "resource": {
      "resourceType": "Observation",
      "id": "879f991b-3da7-ce77-7259-6484db411ec7",
      "status": "final",
      "category": {
        "coding": [ {
          "system": "http://hl7.org/fhir/observation-category",
          "code": "vital-signs",
          "display": "vital-signs"
        } ],
        "text": "vital-signs"
      },
      "code": {
        "coding": [ {
          "system": "http://loinc.org",
          "code": "8289-1",
          "display": "Head Occipital-frontal circumference Percentile"
        } ],
        "text": "Head Occipital-frontal circumference Percentile"
      },
      "subject": {
        "reference": "urn:uuid:927d197e-c83a-a51c-43d8-1567a6ae8c3a"
      },
      "encounter": {
        "reference": "urn:uuid:2d275eda-3522-5e0d-fe17-f54c0f35ec72"
      },
      "effectiveDateTime": "2025-07-08T15:16:32+00:00",
      "issued": "2025-07-08T15:16:32.053+00:00",
      "valueQuantity": {
        "value": 57.230,
        "unit": "%",
        "system": "http://unitsofmeasure.org",
        "code": "%"
      }
    },
    "request": {
      "method": "POST",
      "url": "Observation"
    }
  }, {
    "fullUrl": "urn:uuid:8adcfb49-7a3f-49d3-fd05-86facc50110a",
    "resource": {
      "resourceType": "Observation",
      "id": "8adcfb49-7a3f-49d3-fd05-86facc50110a",
      "status": "final",
      "category": {
        "coding": [ {
          "system": "http://hl7.org/fhir/observation-category",
          "code": "vital-signs",
          "display": "vital-signs"
        } ],
        "text": "vital-signs"
      },
      "code": {
        "coding": [ {
          "system": "http://loinc.org",
          "code": "9843-4",
          "display": "Head Occipital-frontal circumference"
        } ],
        "text": "Head Occipital-frontal circumference"
      },
      "subject": {
        "reference": "urn:uuid:927d197e-c83a-a51c-43d8-1567a6ae8c3a"
      },
      "encounter": {
        "reference": "urn:uuid:2d275eda-3522-5e0d-fe17-f54c0f35ec72"
      },
      "effectiveDateTime": "2025-07-08T15:16:32+00:00",
      "issued": "2025-07-08T15:16:32.053+00:00",
      "valueQuantity": {
        "value": 35.010,
        "unit": "cm",
        "system": "http://unitsofmeasure.org",
        "code": "cm"
      }
    },
    "request": {
      "method": "POST",
      "url": "Observation"
    }
  }, {
    "fullUrl": "urn:uuid:a987809d-b539-a2db-3b68-c02e624cf266",
    "resource": {
      "resourceType": "Observation",
      "id": "a987809d-b539-a2db-3b68-c02e624cf266",
      "status": "final",
      "category": {
        "coding": [ {
          "system": "http://hl7.org/fhir/observation-category",
          "code": "vital-signs",
          "display": "vital-signs"
        } ],
        "text": "vital-signs"
      },
      "code": {
        "coding": [ {
          "system": "http://loinc.org",
          "code": "85354-9",
          "display": "Blood pressure panel with all children optional"
        } ],
        "text": "Blood pressure panel with all children optional"
      },
      "subject": {
        "reference": "urn:uuid:927d197e-c83a-a51c-43d8-1567a6ae8c3a"
      },
      "encounter": {
        "reference": "urn:uuid:2d275eda-3522-5e0d-fe17-f54c0f35ec72"
      },
      "effectiveDateTime": "2025-07-08T15:16:32+00:00",
      "issued": "2025-07-08T15:16:32.053+00:00",
      "component": [ {
        "code": {
          "coding": [ {
            "system": "http://loinc.org",
            "code": "8462-4",
            "display": "Diastolic Blood Pressure"
          } ],
          "text": "Diastolic Blood Pressure"
        },
        "valueQuantity": {
          "value": 72,
          "unit": "mm[Hg]",
          "system": "http://unitsofmeasure.org",
          "code": "mm[Hg]"
        }
      }, {
        "code": {
          "coding": [ {
            "system": "http://loinc.org",
            "code": "8480-6",
            "display": "Systolic Blood Pressure"
          } ],
          "text": "Systolic Blood Pressure"
        },
        "valueQuantity": {
          "value": 127,
          "unit": "mm[Hg]",
          "system": "http://unitsofmeasure.org",
          "code": "mm[Hg]"
        }
      } ]
    },
    "request": {
      "method": "POST",
      "url": "Observation"
    }
  }, {
    "fullUrl": "urn:uuid:f1ece57e-c5c4-c1b8-4df7-563dcb1bd556",
    "resource": {
      "resourceType": "Observation",
      "id": "f1ece57e-c5c4-c1b8-4df7-563dcb1bd556",
      "status": "final",
      "category": {
        "coding": [ {
          "system": "http://hl7.org/fhir/observation-category",
          "code": "vital-signs",
          "display": "vital-signs"
        } ],
        "text": "vital-signs"
      },
      "code": {
        "coding": [ {
          "system": "http://loinc.org",
          "code": "8867-4",
          "display": "Heart rate"
        } ],
        "text": "Heart rate"
      },
      "subject": {
        "reference": "urn:uuid:927d197e-c83a-a51c-43d8-1567a6ae8c3a"
      },
      "encounter": {
        "reference": "urn:uuid:2d275eda-3522-5e0d-fe17-f54c0f35ec72"
      },
      "effectiveDateTime": "2025-07-08T15:16:32+00:00",
      "issued": "2025-07-08T15:16:32.053+00:00",
      "valueQuantity": {
        "value": 60,
        "unit": "/min",
        "system": "http://unitsofmeasure.org",
        "code": "/min"
      }
    },
    "request": {
      "method": "POST",
      "url": "Observation"
    }
  }, {
    "fullUrl": "urn:uuid:f2a15e44-df1a-8809-904d-031705dd8543",
    "resource": {
      "resourceType": "Observation",
      "id": "f2a15e44-df1a-8809-904d-031705dd8543",
      "status": "final",
      "category": {
        "coding": [ {
          "system": "http://hl7.org/fhir/observation-category",
          "code": "vital-signs",
          "display": "vital-signs"
        } ],
        "text": "vital-signs"
      },
      "code": {
        "coding": [ {
          "system": "http://loinc.org",
          "code": "9279-1",
          "display": "Respiratory rate"
        } ],
        "text": "Respiratory rate"
      },
      "subject": {
        "reference": "urn:uuid:927d197e-c83a-a51c-43d8-1567a6ae8c3a"
      },
      "encounter": {
        "reference": "urn:uuid:2d275eda-3522-5e0d-fe17-f54c0f35ec72"
      },
      "effectiveDateTime": "2025-07-08T15:16:32+00:00",
      "issued": "2025-07-08T15:16:32.053+00:00",
      "valueQuantity": {
        "value": 12,
        "unit": "/min",
        "system": "http://unitsofmeasure.org",
        "code": "/min"
      }
    },
    "request": {
      "method": "POST",
      "url": "Observation"
    }
  }, {
    "fullUrl": "urn:uuid:fa4571bf-ed82-2a37-90a9-a3d4a509d53e",
    "resource": {
      "resourceType": "Observation",
      "id": "fa4571bf-ed82-2a37-90a9-a3d4a509d53e",
      "status": "final",
      "category": {
        "coding": [ {
          "system": "http://hl7.org/fhir/observation-category",
          "code": "laboratory",
          "display": "laboratory"
        } ],
        "text": "laboratory"
      },
      "code": {
        "coding": [ {
          "system": "http://loinc.org",
          "code": "6690-2",
          "display": "Leukocytes [#/volume] in Blood by Automated count"
        } ],
        "text": "Leukocytes [#/volume] in Blood by Automated count"
      },
      "subject": {
        "reference": "urn:uuid:927d197e-c83a-a51c-43d8-1567a6ae8c3a"
      },
      "encounter": {
        "reference": "urn:uuid:2d275eda-3522-5e0d-fe17-f54c0f35ec72"
      },
      "effectiveDateTime": "2025-07-08T15:16:32+00:00",
      "issued": "2025-07-08T15:16:32.053+00:00",
      "valueQuantity": {
        "value": 7.9804,
        "unit": "10*3/uL",
        "system": "http://unitsofmeasure.org",
        "code": "10*3/uL"
      }
    },
    "request": {
      "method": "POST",
      "url": "Observation"
    }
  }, {
    "fullUrl": "urn:uuid:81c20326-22ab-9cea-9520-5058039bdf00",
    "resource": {
      "resourceType": "Observation",
      "id": "81c20326-22ab-9cea-9520-5058039bdf00",
      "status": "final",
      "category": {
        "coding": [ {
          "system": "http://hl7.org/fhir/observation-category",
          "code": "laboratory",
          "display": "laboratory"
        } ],
        "text": "laboratory"
      },
      "code": {
        "coding": [ {
          "system": "http://loinc.org",
          "code": "789-8",
          "display": "Erythrocytes [#/volume] in Blood by Automated count"
        } ],
        "text": "Erythrocytes [#/volume] in Blood by Automated count"
      },
      "subject": {
        "reference": "urn:uuid:927d197e-c83a-a51c-43d8-1567a6ae8c3a"
      },
      "encounter": {
        "reference": "urn:uuid:2d275eda-3522-5e0d-fe17-f54c0f35ec72"
      },
      "effectiveDateTime": "2025-07-08T15:16:32+00:00",
      "issued": "2025-07-08T15:16:32.053+00:00",
      "valueQuantity": {
        "value": 3.9471,
        "unit": "10*6/uL",
        "system": "http://unitsofmeasure.org",
        "code": "10*6/uL"
      }
    },
    "request": {
      "method": "POST",
      "url": "Observation"
    }
  }, {
    "fullUrl": "urn:uuid:0d8e249b-bf9d-a5d5-1f93-385b8fb3bcc4",
    "resource": {
      "resourceType": "Observation",
      "id": "0d8e249b-bf9d-a5d5-1f93-385b8fb3bcc4",
      "status": "final",
      "category": {
        "coding": [ {
          "system": "http://hl7.org/fhir/observation-category",
          "code": "laboratory",
          "display": "laboratory"
        } ],
        "text": "laboratory"
      },
      "code": {
        "coding": [ {
          "system": "http://loinc.org",
          "code": "718-7",
          "display": "Hemoglobin [Mass/volume] in Blood"
        } ],
        "text": "Hemoglobin [Mass/volume] in Blood"
      },
      "subject": {
        "reference": "urn:uuid:927d197e-c83a-a51c-43d8-1567a6ae8c3a"
      },
      "encounter": {
        "reference": "urn:uuid:2d275eda-3522-5e0d-fe17-f54c0f35ec72"
      },
      "effectiveDateTime": "2025-07-08T15:16:32+00:00",
      "issued": "2025-07-08T15:16:32.053+00:00",
      "valueQuantity": {
        "value": 12.648,
        "unit": "g/dL",
        "system": "http://unitsofmeasure.org",
        "code": "g/dL"
      }
    },
    "request": {
      "method": "POST",
      "url": "Observation"
    }
  }, {
    "fullUrl": "urn:uuid:b81dcf2d-2c57-c235-5971-c2a1101fc767",
    "resource": {
      "resourceType": "Observation",
      "id": "b81dcf2d-2c57-c235-5971-c2a1101fc767",
      "status": "final",
      "category": {
        "coding": [ {
          "system": "http://hl7.org/fhir/observation-category",
          "code": "laboratory",
          "display": "laboratory"
        } ],
        "text": "laboratory"
      },
      "code": {
        "coding": [ {
          "system": "http://loinc.org",
          "code": "4544-3",
          "display": "Hematocrit [Volume Fraction] of Blood by Automated count"
        } ],
        "text": "Hematocrit [Volume Fraction] of Blood by Automated count"
      },
      "subject": {
        "reference": "urn:uuid:927d197e-c83a-a51c-43d8-1567a6ae8c3a"
      },
      "encounter": {
        "reference": "urn:uuid:2d275eda-3522-5e0d-fe17-f54c0f35ec72"
      },
      "effectiveDateTime": "2025-07-08T15:16:32+00:00",
      "issued": "2025-07-08T15:16:32.053+00:00",
      "valueQuantity": {
        "value": 42.260,
        "unit": "%",
        "system": "http://unitsofmeasure.org",
        "code": "%"
      }
    },
    "request": {
      "method": "POST",
      "url": "Observation"
    }
  }, {
    "fullUrl": "urn:uuid:9a82cb36-65eb-a195-9460-0d7ccb9f7d79",
    "resource": {
      "resourceType": "Observation",
      "id": "9a82cb36-65eb-a195-9460-0d7ccb9f7d79",
      "status": "final",
      "category": {
        "coding": [ {
          "system": "http://hl7.org/fhir/observation-category",
          "code": "laboratory",
          "display": "laboratory"
        } ],
        "text": "laboratory"
      },
      "code": {
        "coding": [ {
          "system": "http://loinc.org",
          "code": "787-2",
          "display": "MCV [Entitic volume] by Automated count"
        } ],
        "text": "MCV [Entitic volume] by Automated count"
      },
      "subject": {
        "reference": "urn:uuid:927d197e-c83a-a51c-43d8-1567a6ae8c3a"
      },
      "encounter": {
        "reference": "urn:uuid:2d275eda-3522-5e0d-fe17-f54c0f35ec72"
      },
      "effectiveDateTime": "2025-07-08T15:16:32+00:00",
      "issued": "2025-07-08T15:16:32.053+00:00",
      "valueQuantity": {
        "value": 94.430,
        "unit": "fL",
        "system": "http://unitsofmeasure.org",
        "code": "fL"
      }
    },
    "request": {
      "method": "POST",
      "url": "Observation"
    }
  }, {
    "fullUrl": "urn:uuid:e5265878-e11e-1183-afe1-a5c265fd50c9",
    "resource": {
      "resourceType": "Observation",
      "id": "e5265878-e11e-1183-afe1-a5c265fd50c9",
      "status": "final",
      "category": {
        "coding": [ {
          "system": "http://hl7.org/fhir/observation-category",
          "code": "laboratory",
          "display": "laboratory"
        } ],
        "text": "laboratory"
      },
      "code": {
        "coding": [ {
          "system": "http://loinc.org",
          "code": "785-6",
          "display": "MCH [Entitic mass] by Automated count"
        } ],
        "text": "MCH [Entitic mass] by Automated count"
      },
      "subject": {
        "reference": "urn:uuid:927d197e-c83a-a51c-43d8-1567a6ae8c3a"
      },
      "encounter": {
        "reference": "urn:uuid:2d275eda-3522-5e0d-fe17-f54c0f35ec72"
      },
      "effectiveDateTime": "2025-07-08T15:16:32+00:00",
      "issued": "2025-07-08T15:16:32.053+00:00",
      "valueQuantity": {
        "value": 30.318,
        "unit": "pg",
        "system": "http://unitsofmeasure.org",
        "code": "pg"
      }
    },
    "request": {
      "method": "POST",
      "url": "Observation"
    }
  }, {
    "fullUrl": "urn:uuid:5bcd8092-f851-9a97-3bab-e974602f2e88",
    "resource": {
      "resourceType": "Observation",
      "id": "5bcd8092-f851-9a97-3bab-e974602f2e88",
      "status": "final",
      "category": {
        "coding": [ {
          "system": "http://hl7.org/fhir/observation-category",
          "code": "laboratory",
          "display": "laboratory"
        } ],
        "text": "laboratory"
      },
      "code": {
        "coding": [ {
          "system": "http://loinc.org",
          "code": "786-4",
          "display": "MCHC [Mass/volume] by Automated count"
        } ],
        "text": "MCHC [Mass/volume] by Automated count"
      },
      "subject": {
        "reference": "urn:uuid:927d197e-c83a-a51c-43d8-1567a6ae8c3a"
      },
      "encounter": {
        "reference": "urn:uuid:2d275eda-3522-5e0d-fe17-f54c0f35ec72"
      },
      "effectiveDateTime": "2025-07-08T15:16:32+00:00",
      "issued": "2025-07-08T15:16:32.053+00:00",
      "valueQuantity": {
        "value": 35.146,
        "unit": "g/dL",
        "system": "http://unitsofmeasure.org",
        "code": "g/dL"
      }
    },
    "request": {
      "method": "POST",
      "url": "Observation"
    }
  }, {
    "fullUrl": "urn:uuid:870b68c8-00bc-cc53-a56f-9ff0c536b559",
    "resource": {
      "resourceType": "Observation",
      "id": "870b68c8-00bc-cc53-a56f-9ff0c536b559",
      "status": "final",
      "category": {
        "coding": [ {
          "system": "http://hl7.org/fhir/observation-category",
          "code": "laboratory",
          "display": "laboratory"
        } ],
        "text": "laboratory"
      },
      "code": {
        "coding": [ {
          "system": "http://loinc.org",
          "code": "21000-5",
          "display": "Erythrocyte distribution width [Entitic volume] by Automated count"
        } ],
        "text": "Erythrocyte distribution width [Entitic volume] by Automated count"
      },
      "subject": {
        "reference": "urn:uuid:927d197e-c83a-a51c-43d8-1567a6ae8c3a"
      },
      "encounter": {
        "reference": "urn:uuid:2d275eda-3522-5e0d-fe17-f54c0f35ec72"
      },
      "effectiveDateTime": "2025-07-08T15:16:32+00:00",
      "issued": "2025-07-08T15:16:32.053+00:00",
      "valueQuantity": {
        "value": 41.308,
        "unit": "fL",
        "system": "http://unitsofmeasure.org",
        "code": "fL"
      }
    },
    "request": {
      "method": "POST",
      "url": "Observation"
    }
  }, {
    "fullUrl": "urn:uuid:0ea51064-89a2-08d3-4a45-c3a3eb7c31e4",
    "resource": {
      "resourceType": "Observation",
      "id": "0ea51064-89a2-08d3-4a45-c3a3eb7c31e4",
      "status": "final",
      "category": {
        "coding": [ {
          "system": "http://hl7.org/fhir/observation-category",
          "code": "laboratory",
          "display": "laboratory"
        } ],
        "text": "laboratory"
      },
      "code": {
        "coding": [ {
          "system": "http://loinc.org",
          "code": "777-3",
          "display": "Platelets [#/volume] in Blood by Automated count"
        } ],
        "text": "Platelets [#/volume] in Blood by Automated count"
      },
      "subject": {
        "reference": "urn:uuid:927d197e-c83a-a51c-43d8-1567a6ae8c3a"
      },
      "encounter": {
        "reference": "urn:uuid:2d275eda-3522-5e0d-fe17-f54c0f35ec72"
      },
      "effectiveDateTime": "2025-07-08T15:16:32+00:00",
      "issued": "2025-07-08T15:16:32.053+00:00",
      "valueQuantity": {
        "value": 387.20,
        "unit": "10*3/uL",
        "system": "http://unitsofmeasure.org",
        "code": "10*3/uL"
      }
    },
    "request": {
      "method": "POST",
      "url": "Observation"
    }
  }, {
    "fullUrl": "urn:uuid:80f33f22-7935-da3e-819e-5958680275ca",
    "resource": {
      "resourceType": "Observation",
      "id": "80f33f22-7935-da3e-819e-5958680275ca",
      "status": "final",
      "category": {
        "coding": [ {
          "system": "http://hl7.org/fhir/observation-category",
          "code": "laboratory",
          "display": "laboratory"
        } ],
        "text": "laboratory"
      },
      "code": {
        "coding": [ {
          "system": "http://loinc.org",
          "code": "32207-3",
          "display": "Platelet distribution width [Entitic volume] in Blood by Automated count"
        } ],
        "text": "Platelet distribution width [Entitic volume] in Blood by Automated count"
      },
      "subject": {
        "reference": "urn:uuid:927d197e-c83a-a51c-43d8-1567a6ae8c3a"
      },
      "encounter": {
        "reference": "urn:uuid:2d275eda-3522-5e0d-fe17-f54c0f35ec72"
      },
      "effectiveDateTime": "2025-07-08T15:16:32+00:00",
      "issued": "2025-07-08T15:16:32.053+00:00",
      "valueQuantity": {
        "value": 324.17,
        "unit": "fL",
        "system": "http://unitsofmeasure.org",
        "code": "fL"
      }
    },
    "request": {
      "method": "POST",
      "url": "Observation"
    }
  }, {
    "fullUrl": "urn:uuid:90680b53-b4f0-4b74-1d16-0fc3337ebe07",
    "resource": {
      "resourceType": "Observation",
      "id": "90680b53-b4f0-4b74-1d16-0fc3337ebe07",
      "status": "final",
      "category": {
        "coding": [ {
          "system": "http://hl7.org/fhir/observation-category",
          "code": "laboratory",
          "display": "laboratory"
        } ],
        "text": "laboratory"
      },
      "code": {
        "coding": [ {
          "system": "http://loinc.org",
          "code": "32623-1",
          "display": "Platelet mean volume [Entitic volume] in Blood by Automated count"
        } ],
        "text": "Platelet mean volume [Entitic volume] in Blood by Automated count"
      },
      "subject": {
        "reference": "urn:uuid:927d197e-c83a-a51c-43d8-1567a6ae8c3a"
      },
      "encounter": {
        "reference": "urn:uuid:2d275eda-3522-5e0d-fe17-f54c0f35ec72"
      },
      "effectiveDateTime": "2025-07-08T15:16:32+00:00",
      "issued": "2025-07-08T15:16:32.053+00:00",
      "valueQuantity": {
        "value": 9.9464,
        "unit": "fL",
        "system": "http://unitsofmeasure.org",
        "code": "fL"
      }
    },
    "request": {
      "method": "POST",
      "url": "Observation"
    }
  }, {
    "fullUrl": "urn:uuid:0c084de2-a7b5-f52b-f5d4-ed5814d45ea0",
    "resource": {
      "resourceType": "Observation",
      "id": "0c084de2-a7b5-f52b-f5d4-ed5814d45ea0",
      "status": "final",
      "category": {
        "coding": [ {
          "system": "http://hl7.org/fhir/observation-category",
          "code": "social-history",
          "display": "social-history"
        } ],
        "text": "social-history"
      },
      "code": {
        "coding": [ {
          "system": "http://loinc.org",
          "code": "72166-2",
          "display": "Tobacco smoking status"
        } ],
        "text": "Tobacco smoking status"
      },
      "subject": {
        "reference": "urn:uuid:927d197e-c83a-a51c-43d8-1567a6ae8c3a"
      },
      "encounter": {
        "reference": "urn:uuid:2d275eda-3522-5e0d-fe17-f54c0f35ec72"
      },
      "effectiveDateTime": "2025-07-08T15:16:32+00:00",
      "issued": "2025-07-08T15:16:32.053+00:00",
      "valueCodeableConcept": {
        "coding": [ {
          "system": "http://snomed.info/sct",
          "code": "266919005",
          "display": "Never smoked tobacco (finding)"
        } ],
        "text": "Never smoked tobacco (finding)"
      }
    },
    "request": {
      "method": "POST",
      "url": "Observation"
    }
  }, {
    "fullUrl": "urn:uuid:26b8d78a-698b-506b-92dd-63e2af2a6a46",
    "resource": {
      "resourceType": "Immunization",
      "id": "26b8d78a-698b-506b-92dd-63e2af2a6a46",
      "status": "completed",
      "date": "2025-07-08T15:16:32+00:00",
      "vaccineCode": {
        "coding": [ {
          "system": "http://hl7.org/fhir/sid/cvx",
          "code": "08",
          "display": "Hep B, adolescent or pediatric"
        } ],
        "text": "Hep B, adolescent or pediatric"
      },
      "patient": {
        "reference": "urn:uuid:927d197e-c83a-a51c-43d8-1567a6ae8c3a"
      },
      "wasNotGiven": false,
      "reported": false,
      "encounter": {
        "reference": "urn:uuid:2d275eda-3522-5e0d-fe17-f54c0f35ec72"
      }
    },
    "request": {
      "method": "POST",
      "url": "Immunization"
    }
  }, {
    "fullUrl": "urn:uuid:8732c153-984c-57a4-2eba-e1c5c6dbb277",
    "resource": {
      "resourceType": "DiagnosticReport",
      "id": "8732c153-984c-57a4-2eba-e1c5c6dbb277",
      "status": "final",
      "category": {
        "coding": [ {
          "system": "http://hl7.org/fhir/ValueSet/diagnostic-service-sections",
          "code": "LAB"
        } ]
      },
      "code": {
        "coding": [ {
          "system": "http://loinc.org",
          "code": "58410-2",
          "display": "CBC panel - Blood by Automated count"
        } ],
        "text": "CBC panel - Blood by Automated count"
      },
      "subject": {
        "reference": "urn:uuid:927d197e-c83a-a51c-43d8-1567a6ae8c3a"
      },
      "encounter": {
        "reference": "urn:uuid:2d275eda-3522-5e0d-fe17-f54c0f35ec72"
      },
      "effectiveDateTime": "2025-07-08T15:16:32+00:00",
      "issued": "2025-07-08T15:16:32.053+00:00",
      "performer": {
        "reference": "Organization?identifier=https://github.com/synthetichealth/synthea|dfcd78f1-f67e-321d-84e3-f658c482c474",
        "display": "PLEASANT BAY HEALTH AND WELLNESS CENTER LLC"
      },
      "result": [ {
        "reference": "urn:uuid:90680b53-b4f0-4b74-1d16-0fc3337ebe07",
        "display": "Platelet mean volume [Entitic volume] in Blood by Automated count"
      } ]
    },
    "request": {
      "method": "POST",
      "url": "DiagnosticReport"
    }
  }, {
    "fullUrl": "urn:uuid:d755cd21-bf99-33f4-c903-dccc4a9e24af",
    "resource": {
      "resourceType": "Claim",
      "id": "d755cd21-bf99-33f4-c903-dccc4a9e24af",
      "type": "institutional",
      "organization": {
        "reference": "Organization?identifier=https://github.com/synthetichealth/synthea|dfcd78f1-f67e-321d-84e3-f658c482c474",
        "display": "PLEASANT BAY HEALTH AND WELLNESS CENTER LLC"
      },
      "use": "complete",
      "diagnosis": [ {
        "sequence": 1,
        "diagnosis": {
          "system": "http://snomed.info/sct",
          "code": "314529007",
          "display": "Medication review due (situation)"
        }
      } ],
      "patient": {
        "reference": "urn:uuid:927d197e-c83a-a51c-43d8-1567a6ae8c3a"
      },
      "item": [ {
        "sequence": 1,
        "type": {
          "system": "http://hl7.org/fhir/v3/ActCode",
          "code": "CSINV",
          "display": "clinical service invoice"
        },
        "service": {
          "system": "http://snomed.info/sct",
          "code": "410620009",
          "display": "Well child visit (procedure)"
        }
      }, {
        "sequence": 2,
        "type": {
          "system": "http://hl7.org/fhir/v3/ActCode",
          "code": "CSINV",
          "display": "clinical service invoice"
        },
        "service": {
          "system": "http://hl7.org/fhir/sid/cvx",
          "code": "08",
          "display": "Hep B, adolescent or pediatric"
        },
        "net": {
          "value": 136.00,
          "system": "urn:iso:std:iso:4217",
          "code": "USD"
        }
      }, {
        "sequence": 4,
        "type": {
          "system": "http://hl7.org/fhir/v3/ActCode",
          "code": "CSINV",
          "display": "clinical service invoice"
        },
        "service": {
          "system": "http://loinc.org",
          "code": "58410-2",
          "display": "CBC panel - Blood by Automated count"
        },
        "net": {
          "value": 74.58,
          "system": "urn:iso:std:iso:4217",
          "code": "USD"
        }
      } ]
    },
    "request": {
      "method": "POST",
      "url": "Claim"
    }
  } ]
}
