{
  "resourceType": "Bundle",
  "type": "transaction",
  "entry": [ {
    "fullUrl": "urn:uuid:b5041823-4c61-dfbc-1302-9dc6632ab39c",
    "resource": {
      "resourceType": "Patient",
      "id": "b5041823-4c61-dfbc-1302-9dc6632ab39c",
      "text": {
        "status": "generated",
        "div": "<div xmlns=\"http://www.w3.org/1999/xhtml\">Generated by <a href=\"https://github.com/synthetichealth/synthea\">Synthea</a>.Version identifier: 215056e\n .   Person seed: -5403167113053347908  Population seed: 1761225023144</div>"
      },
      "extension": [ {
        "url": "http://hl7.org/fhir/StructureDefinition/us-core-race",
        "valueCodeableConcept": {
          "coding": [ {
            "system": "http://hl7.org/fhir/v3/Race",
            "code": "2106-3",
            "display": "White"
          } ],
          "text": "White"
        }
      }, {
        "url": "http://hl7.org/fhir/StructureDefinition/us-core-ethnicity",
        "valueCodeableConcept": {
          "coding": [ {
            "system": "http://hl7.org/fhir/v3/Ethnicity",
            "code": "2186-5",
            "display": "Not Hispanic or Latino"
          } ],
          "text": "Not Hispanic or Latino"
        }
      }, {
        "url": "http://hl7.org/fhir/StructureDefinition/patient-mothersMaidenName",
        "valueString": "Lachelle614 Runolfsson901"
      }, {
        "url": "http://hl7.org/fhir/us/core/StructureDefinition/us-core-birthsex",
        "valueCode": "M"
      }, {
        "url": "http://hl7.org/fhir/StructureDefinition/birthPlace",
        "valueAddress": {
          "city": "Melrose",
          "state": "Massachusetts",
          "country": "US"
        }
      }, {
        "url": "http://synthetichealth.github.io/synthea/disability-adjusted-life-years",
        "valueDecimal": 0.0
      }, {
        "url": "http://synthetichealth.github.io/synthea/quality-adjusted-life-years",
        "valueDecimal": 0.0
      } ],
      "identifier": [ {
        "system": "https://github.com/synthetichealth/synthea",
        "value": "b5041823-4c61-dfbc-1302-9dc6632ab39c"
      }, {
        "type": {
          "coding": [ {
            "system": "http://hl7.org/fhir/v2/0203",
            "code": "MR"
          } ]
        },
        "system": "http://hospital.smarthealthit.org",
        "value": "b5041823-4c61-dfbc-1302-9dc6632ab39c"
      }, {
        "type": {
          "coding": [ {
            "system": "http://hl7.org/fhir/identifier-type",
            "code": "SB"
          } ]
        },
        "system": "http://hl7.org/fhir/sid/us-ssn",
        "value": "999-32-3973"
      } ],
      "name": [ {
        "use": "official",
        "family": [ "Rau926" ],
        "given": [ "Gail741", "Vern731" ]
      } ],
      "telecom": [ {
        "system": "phone",
        "value": "555-881-9485",
        "use": "home"
      } ],
      "gender": "male",
      "birthDate": "2025-10-14",
      "address": [ {
        "extension": [ {
          "url": "http://hl7.org/fhir/StructureDefinition/geolocation",
          "extension": [ {
            "url": "latitude",
            "valueDecimal": 42.3867586844975
          }, {
            "url": "longitude",
            "valueDecimal": -70.99046460853542
          } ]
        } ],
        "line": [ "1085 Kling Promenade Suite 96" ],
        "city": "Revere",
        "state": "Massachusetts",
        "postalCode": "02151",
        "country": "US"
      } ],
      "maritalStatus": {
        "coding": [ {
          "system": "http://hl7.org/fhir/v3/MaritalStatus",
          "code": "S"
        } ]
      },
      "multipleBirthBoolean": false,
      "communication": [ {
        "language": {
          "coding": [ {
            "system": "urn:ietf:bcp:47",
            "code": "en-US",
            "display": "English (United States)"
          } ],
          "text": "English (United States)"
        }
      } ]
    },
    "request": {
      "method": "POST",
      "url": "Patient"
    }
  }, {
    "fullUrl": "urn:uuid:b5041823-4c61-dfbc-b1a5-18be2f4448d9",
    "resource": {
      "resourceType": "Encounter",
      "id": "b5041823-4c61-dfbc-b1a5-18be2f4448d9",
      "status": "finished",
      "class": "ambulatory",
      "type": [ {
        "coding": [ {
          "system": "http://snomed.info/sct",
          "code": "410620009",
          "display": "Well child visit (procedure)"
        } ],
        "text": "Well child visit (procedure)"
      } ],
      "patient": {
        "reference": "urn:uuid:b5041823-4c61-dfbc-1302-9dc6632ab39c"
      },
      "participant": [ {
        "individual": {
          "reference": "Practitioner?identifier=http://hl7.org/fhir/sid/us-npi|9999977595",
          "display": "Dr. Raul814 Considine820"
        }
      } ],
      "period": {
        "start": "2025-10-14T05:56:10+00:00",
        "end": "2025-10-14T06:11:10+00:00"
      },
      "serviceProvider": {
        "reference": "Organization?identifier=https://github.com/synthetichealth/synthea|9f2f60a6-87a4-3f45-b753-b63b5b7e9993",
        "display": "NORTH END COMMUNITY HEALTH COMMITTEE INC"
      }
    },
    "request": {
      "method": "POST",
      "url": "Encounter"
    }
  }, {
    "fullUrl": "urn:uuid:b5041823-4c61-dfbc-bfd9-b2f7ae7f2946",
    "resource": {
      "resourceType": "Condition",
      "id": "b5041823-4c61-dfbc-bfd9-b2f7ae7f2946",
      "patient": {
        "reference": "urn:uuid:b5041823-4c61-dfbc-1302-9dc6632ab39c"
      },
      "encounter": {
        "reference": "urn:uuid:b5041823-4c61-dfbc-b1a5-18be2f4448d9"
      },
      "dateRecorded": "2025-10-14",
      "code": {
        "coding": [ {
          "system": "http://snomed.info/sct",
          "code": "314529007",
          "display": "Medication review due (situation)"
        } ],
        "text": "Medication review due (situation)"
      },
      "category": {
        "coding": [ {
          "system": "http://hl7.org/fhir/condition-category",
          "code": "diagnosis"
        } ]
      },
      "clinicalStatus": "active",
      "verificationStatus": "confirmed",
      "onsetDateTime": "2025-10-14T05:56:10+00:00"
    },
    "request": {
      "method": "POST",
      "url": "Condition"
    }
  }, {
    "fullUrl": "urn:uuid:b5041823-4c61-dfbc-4bc9-28116999c41d",
    "resource": {
      "resourceType": "Observation",
      "id": "b5041823-4c61-dfbc-4bc9-28116999c41d",
      "status": "final",
      "category": {
        "coding": [ {
          "system": "http://hl7.org/fhir/observation-category",
          "code": "vital-signs",
          "display": "vital-signs"
        } ],
        "text": "vital-signs"
      },
      "code": {
        "coding": [ {
          "system": "http://loinc.org",
          "code": "8302-2",
          "display": "Body Height"
        } ],
        "text": "Body Height"
      },
      "subject": {
        "reference": "urn:uuid:b5041823-4c61-dfbc-1302-9dc6632ab39c"
      },
      "encounter": {
        "reference": "urn:uuid:b5041823-4c61-dfbc-b1a5-18be2f4448d9"
      },
      "effectiveDateTime": "2025-10-14T05:56:10+00:00",
      "issued": "2025-10-14T05:56:10.292+00:00",
      "valueQuantity": {
        "value": 53.200,
        "unit": "cm",
        "system": "http://unitsofmeasure.org",
        "code": "cm"
      }
    },
    "request": {
      "method": "POST",
      "url": "Observation"
    }
  }, {
    "fullUrl": "urn:uuid:b5041823-4c61-dfbc-5136-dfb19c2af3c6",
    "resource": {
      "resourceType": "Observation",
      "id": "b5041823-4c61-dfbc-5136-dfb19c2af3c6",
      "status": "final",
      "category": {
        "coding": [ {
          "system": "http://hl7.org/fhir/observation-category",
          "code": "vital-signs",
          "display": "vital-signs"
        } ],
        "text": "vital-signs"
      },
      "code": {
        "coding": [ {
          "system": "http://loinc.org",
          "code": "72514-3",
          "display": "Pain severity - 0-10 verbal numeric rating [Score] - Reported"
        } ],
        "text": "Pain severity - 0-10 verbal numeric rating [Score] - Reported"
      },
      "subject": {
        "reference": "urn:uuid:b5041823-4c61-dfbc-1302-9dc6632ab39c"
      },
      "encounter": {
        "reference": "urn:uuid:b5041823-4c61-dfbc-b1a5-18be2f4448d9"
      },
      "effectiveDateTime": "2025-10-14T05:56:10+00:00",
      "issued": "2025-10-14T05:56:10.292+00:00",
      "valueQuantity": {
        "value": 1,
        "unit": "{score}",
        "system": "http://unitsofmeasure.org",
        "code": "{score}"
      }
    },
    "request": {
      "method": "POST",
      "url": "Observation"
    }
  }, {
    "fullUrl": "urn:uuid:b5041823-4c61-dfbc-1a05-55d444640134",
    "resource": {
      "resourceType": "Observation",
      "id": "b5041823-4c61-dfbc-1a05-55d444640134",
      "status": "final",
      "category": {
        "coding": [ {
          "system": "http://hl7.org/fhir/observation-category",
          "code": "vital-signs",
          "display": "vital-signs"
        } ],
        "text": "vital-signs"
      },
      "code": {
        "coding": [ {
          "system": "http://loinc.org",
          "code": "29463-7",
          "display": "Body Weight"
        } ],
        "text": "Body Weight"
      },
      "subject": {
        "reference": "urn:uuid:b5041823-4c61-dfbc-1302-9dc6632ab39c"
      },
      "encounter": {
        "reference": "urn:uuid:b5041823-4c61-dfbc-b1a5-18be2f4448d9"
      },
      "effectiveDateTime": "2025-10-14T05:56:10+00:00",
      "issued": "2025-10-14T05:56:10.292+00:00",
      "valueQuantity": {
        "value": 4.5,
        "unit": "kg",
        "system": "http://unitsofmeasure.org",
        "code": "kg"
      }
    },
    "request": {
      "method": "POST",
      "url": "Observation"
    }
  }, {
    "fullUrl": "urn:uuid:b5041823-4c61-dfbc-12fd-a0566fd66bdc",
    "resource": {
      "resourceType": "Observation",
      "id": "b5041823-4c61-dfbc-12fd-a0566fd66bdc",
      "status": "final",
      "category": {
        "coding": [ {
          "system": "http://hl7.org/fhir/observation-category",
          "code": "vital-signs",
          "display": "vital-signs"
        } ],
        "text": "vital-signs"
      },
      "code": {
        "coding": [ {
          "system": "http://loinc.org",
          "code": "77606-2",
          "display": "Weight-for-length Per age and sex"
        } ],
        "text": "Weight-for-length Per age and sex"
      },
      "subject": {
        "reference": "urn:uuid:b5041823-4c61-dfbc-1302-9dc6632ab39c"
      },
      "encounter": {
        "reference": "urn:uuid:b5041823-4c61-dfbc-b1a5-18be2f4448d9"
      },
      "effectiveDateTime": "2025-10-14T05:56:10+00:00",
      "issued": "2025-10-14T05:56:10.292+00:00",
      "valueQuantity": {
        "value": 73.900,
        "unit": "%",
        "system": "http://unitsofmeasure.org",
        "code": "%"
      }
    },
    "request": {
      "method": "POST",
      "url": "Observation"
    }
  }, {
    "fullUrl": "urn:uuid:b5041823-4c61-dfbc-b25b-e87f29e5ef13",
    "resource": {
      "resourceType": "Observation",
      "id": "b5041823-4c61-dfbc-b25b-e87f29e5ef13",
      "status": "final",
      "category": {
        "coding": [ {
          "system": "http://hl7.org/fhir/observation-category",
          "code": "vital-signs",
          "display": "vital-signs"
        } ],
        "text": "vital-signs"
      },
      "code": {
        "coding": [ {
          "system": "http://loinc.org",
          "code": "8289-1",
          "display": "Head Occipital-frontal circumference Percentile"
        } ],
        "text": "Head Occipital-frontal circumference Percentile"
      },
      "subject": {
        "reference": "urn:uuid:b5041823-4c61-dfbc-1302-9dc6632ab39c"
      },
      "encounter": {
        "reference": "urn:uuid:b5041823-4c61-dfbc-b1a5-18be2f4448d9"
      },
      "effectiveDateTime": "2025-10-14T05:56:10+00:00",
      "issued": "2025-10-14T05:56:10.292+00:00",
      "valueQuantity": {
        "value": 60.960,
        "unit": "%",
        "system": "http://unitsofmeasure.org",
        "code": "%"
      }
    },
    "request": {
      "method": "POST",
      "url": "Observation"
    }
  }, {
    "fullUrl": "urn:uuid:b5041823-4c61-dfbc-b898-a7c311cca612",
    "resource": {
      "resourceType": "Observation",
      "id": "b5041823-4c61-dfbc-b898-a7c311cca612",
      "status": "final",
      "category": {
        "coding": [ {
          "system": "http://hl7.org/fhir/observation-category",
          "code": "vital-signs",
          "display": "vital-signs"
        } ],
        "text": "vital-signs"
      },
      "code": {
        "coding": [ {
          "system": "http://loinc.org",
          "code": "9843-4",
          "display": "Head Occipital-frontal circumference"
        } ],
        "text": "Head Occipital-frontal circumference"
      },
      "subject": {
        "reference": "urn:uuid:b5041823-4c61-dfbc-1302-9dc6632ab39c"
      },
      "encounter": {
        "reference": "urn:uuid:b5041823-4c61-dfbc-b1a5-18be2f4448d9"
      },
      "effectiveDateTime": "2025-10-14T05:56:10+00:00",
      "issued": "2025-10-14T05:56:10.292+00:00",
      "valueQuantity": {
        "value": 36.320,
        "unit": "cm",
        "system": "http://unitsofmeasure.org",
        "code": "cm"
      }
    },
    "request": {
      "method": "POST",
      "url": "Observation"
    }
  }, {
    "fullUrl": "urn:uuid:b5041823-4c61-dfbc-86b9-4bef378df414",
    "resource": {
      "resourceType": "Observation",
      "id": "b5041823-4c61-dfbc-86b9-4bef378df414",
      "status": "final",
      "category": {
        "coding": [ {
          "system": "http://hl7.org/fhir/observation-category",
          "code": "vital-signs",
          "display": "vital-signs"
        } ],
        "text": "vital-signs"
      },
      "code": {
        "coding": [ {
          "system": "http://loinc.org",
          "code": "85354-9",
          "display": "Blood pressure panel with all children optional"
        } ],
        "text": "Blood pressure panel with all children optional"
      },
      "subject": {
        "reference": "urn:uuid:b5041823-4c61-dfbc-1302-9dc6632ab39c"
      },
      "encounter": {
        "reference": "urn:uuid:b5041823-4c61-dfbc-b1a5-18be2f4448d9"
      },
      "effectiveDateTime": "2025-10-14T05:56:10+00:00",
      "issued": "2025-10-14T05:56:10.292+00:00",
      "component": [ {
        "code": {
          "coding": [ {
            "system": "http://loinc.org",
            "code": "8462-4",
            "display": "Diastolic Blood Pressure"
          } ],
          "text": "Diastolic Blood Pressure"
        },
        "valueQuantity": {
          "value": 81,
          "unit": "mm[Hg]",
          "system": "http://unitsofmeasure.org",
          "code": "mm[Hg]"
        }
      }, {
        "code": {
          "coding": [ {
            "system": "http://loinc.org",
            "code": "8480-6",
            "display": "Systolic Blood Pressure"
          } ],
          "text": "Systolic Blood Pressure"
        },
        "valueQuantity": {
          "value": 121,
          "unit": "mm[Hg]",
          "system": "http://unitsofmeasure.org",
          "code": "mm[Hg]"
        }
      } ]
    },
    "request": {
      "method": "POST",
      "url": "Observation"
    }
  }, {
    "fullUrl": "urn:uuid:b5041823-4c61-dfbc-164e-7844087008e5",
    "resource": {
      "resourceType": "Observation",
      "id": "b5041823-4c61-dfbc-164e-7844087008e5",
      "status": "final",
      "category": {
        "coding": [ {
          "system": "http://hl7.org/fhir/observation-category",
          "code": "vital-signs",
          "display": "vital-signs"
        } ],
        "text": "vital-signs"
      },
      "code": {
        "coding": [ {
          "system": "http://loinc.org",
          "code": "8867-4",
          "display": "Heart rate"
        } ],
        "text": "Heart rate"
      },
      "subject": {
        "reference": "urn:uuid:b5041823-4c61-dfbc-1302-9dc6632ab39c"
      },
      "encounter": {
        "reference": "urn:uuid:b5041823-4c61-dfbc-b1a5-18be2f4448d9"
      },
      "effectiveDateTime": "2025-10-14T05:56:10+00:00",
      "issued": "2025-10-14T05:56:10.292+00:00",
      "valueQuantity": {
        "value": 83,
        "unit": "/min",
        "system": "http://unitsofmeasure.org",
        "code": "/min"
      }
    },
    "request": {
      "method": "POST",
      "url": "Observation"
    }
  }, {
    "fullUrl": "urn:uuid:b5041823-4c61-dfbc-e88c-c8c1d41ba2a0",
    "resource": {
      "resourceType": "Observation",
      "id": "b5041823-4c61-dfbc-e88c-c8c1d41ba2a0",
      "status": "final",
      "category": {
        "coding": [ {
          "system": "http://hl7.org/fhir/observation-category",
          "code": "vital-signs",
          "display": "vital-signs"
        } ],
        "text": "vital-signs"
      },
      "code": {
        "coding": [ {
          "system": "http://loinc.org",
          "code": "9279-1",
          "display": "Respiratory rate"
        } ],
        "text": "Respiratory rate"
      },
      "subject": {
        "reference": "urn:uuid:b5041823-4c61-dfbc-1302-9dc6632ab39c"
      },
      "encounter": {
        "reference": "urn:uuid:b5041823-4c61-dfbc-b1a5-18be2f4448d9"
      },
      "effectiveDateTime": "2025-10-14T05:56:10+00:00",
      "issued": "2025-10-14T05:56:10.292+00:00",
      "valueQuantity": {
        "value": 15,
        "unit": "/min",
        "system": "http://unitsofmeasure.org",
        "code": "/min"
      }
    },
    "request": {
      "method": "POST",
      "url": "Observation"
    }
  }, {
    "fullUrl": "urn:uuid:b5041823-4c61-dfbc-e4ab-efec30127a22",
    "resource": {
      "resourceType": "Observation",
      "id": "b5041823-4c61-dfbc-e4ab-efec30127a22",
      "status": "final",
      "category": {
        "coding": [ {
          "system": "http://hl7.org/fhir/observation-category",
          "code": "laboratory",
          "display": "laboratory"
        } ],
        "text": "laboratory"
      },
      "code": {
        "coding": [ {
          "system": "http://loinc.org",
          "code": "6690-2",
          "display": "Leukocytes [#/volume] in Blood by Automated count"
        } ],
        "text": "Leukocytes [#/volume] in Blood by Automated count"
      },
      "subject": {
        "reference": "urn:uuid:b5041823-4c61-dfbc-1302-9dc6632ab39c"
      },
      "encounter": {
        "reference": "urn:uuid:b5041823-4c61-dfbc-b1a5-18be2f4448d9"
      },
      "effectiveDateTime": "2025-10-14T05:56:10+00:00",
      "issued": "2025-10-14T05:56:10.292+00:00",
      "valueQuantity": {
        "value": 5.2850,
        "unit": "10*3/uL",
        "system": "http://unitsofmeasure.org",
        "code": "10*3/uL"
      }
    },
    "request": {
      "method": "POST",
      "url": "Observation"
    }
  }, {
    "fullUrl": "urn:uuid:b5041823-4c61-dfbc-9494-98dca9271baf",
    "resource": {
      "resourceType": "Observation",
      "id": "b5041823-4c61-dfbc-9494-98dca9271baf",
      "status": "final",
      "category": {
        "coding": [ {
          "system": "http://hl7.org/fhir/observation-category",
          "code": "laboratory",
          "display": "laboratory"
        } ],
        "text": "laboratory"
      },
      "code": {
        "coding": [ {
          "system": "http://loinc.org",
          "code": "789-8",
          "display": "Erythrocytes [#/volume] in Blood by Automated count"
        } ],
        "text": "Erythrocytes [#/volume] in Blood by Automated count"
      },
      "subject": {
        "reference": "urn:uuid:b5041823-4c61-dfbc-1302-9dc6632ab39c"
      },
      "encounter": {
        "reference": "urn:uuid:b5041823-4c61-dfbc-b1a5-18be2f4448d9"
      },
      "effectiveDateTime": "2025-10-14T05:56:10+00:00",
      "issued": "2025-10-14T05:56:10.292+00:00",
      "valueQuantity": {
        "value": 4.5611,
        "unit": "10*6/uL",
        "system": "http://unitsofmeasure.org",
        "code": "10*6/uL"
      }
    },
    "request": {
      "method": "POST",
      "url": "Observation"
    }
  }, {
    "fullUrl": "urn:uuid:b5041823-4c61-dfbc-7026-9c521a4a1630",
    "resource": {
      "resourceType": "Observation",
      "id": "b5041823-4c61-dfbc-7026-9c521a4a1630",
      "status": "final",
      "category": {
        "coding": [ {
          "system": "http://hl7.org/fhir/observation-category",
          "code": "laboratory",
          "display": "laboratory"
        } ],
        "text": "laboratory"
      },
      "code": {
        "coding": [ {
          "system": "http://loinc.org",
          "code": "718-7",
          "display": "Hemoglobin [Mass/volume] in Blood"
        } ],
        "text": "Hemoglobin [Mass/volume] in Blood"
      },
      "subject": {
        "reference": "urn:uuid:b5041823-4c61-dfbc-1302-9dc6632ab39c"
      },
      "encounter": {
        "reference": "urn:uuid:b5041823-4c61-dfbc-b1a5-18be2f4448d9"
      },
      "effectiveDateTime": "2025-10-14T05:56:10+00:00",
      "issued": "2025-10-14T05:56:10.292+00:00",
      "valueQuantity": {
        "value": 17.422,
        "unit": "g/dL",
        "system": "http://unitsofmeasure.org",
        "code": "g/dL"
      }
    },
    "request": {
      "method": "POST",
      "url": "Observation"
    }
  }, {
    "fullUrl": "urn:uuid:b5041823-4c61-dfbc-a121-13c2810e2a17",
    "resource": {
      "resourceType": "Observation",
      "id": "b5041823-4c61-dfbc-a121-13c2810e2a17",
      "status": "final",
      "category": {
        "coding": [ {
          "system": "http://hl7.org/fhir/observation-category",
          "code": "laboratory",
          "display": "laboratory"
        } ],
        "text": "laboratory"
      },
      "code": {
        "coding": [ {
          "system": "http://loinc.org",
          "code": "4544-3",
          "display": "Hematocrit [Volume Fraction] of Blood by Automated count"
        } ],
        "text": "Hematocrit [Volume Fraction] of Blood by Automated count"
      },
      "subject": {
        "reference": "urn:uuid:b5041823-4c61-dfbc-1302-9dc6632ab39c"
      },
      "encounter": {
        "reference": "urn:uuid:b5041823-4c61-dfbc-b1a5-18be2f4448d9"
      },
      "effectiveDateTime": "2025-10-14T05:56:10+00:00",
      "issued": "2025-10-14T05:56:10.292+00:00",
      "valueQuantity": {
        "value": 46.272,
        "unit": "%",
        "system": "http://unitsofmeasure.org",
        "code": "%"
      }
    },
    "request": {
      "method": "POST",
      "url": "Observation"
    }
  }, {
    "fullUrl": "urn:uuid:b5041823-4c61-dfbc-0859-659002ff337e",
    "resource": {
      "resourceType": "Observation",
      "id": "b5041823-4c61-dfbc-0859-659002ff337e",
      "status": "final",
      "category": {
        "coding": [ {
          "system": "http://hl7.org/fhir/observation-category",
          "code": "laboratory",
          "display": "laboratory"
        } ],
        "text": "laboratory"
      },
      "code": {
        "coding": [ {
          "system": "http://loinc.org",
          "code": "787-2",
          "display": "MCV [Entitic volume] by Automated count"
        } ],
        "text": "MCV [Entitic volume] by Automated count"
      },
      "subject": {
        "reference": "urn:uuid:b5041823-4c61-dfbc-1302-9dc6632ab39c"
      },
      "encounter": {
        "reference": "urn:uuid:b5041823-4c61-dfbc-b1a5-18be2f4448d9"
      },
      "effectiveDateTime": "2025-10-14T05:56:10+00:00",
      "issued": "2025-10-14T05:56:10.292+00:00",
      "valueQuantity": {
        "value": 84.219,
        "unit": "fL",
        "system": "http://unitsofmeasure.org",
        "code": "fL"
      }
    },
    "request": {
      "method": "POST",
      "url": "Observation"
    }
  }, {
    "fullUrl": "urn:uuid:b5041823-4c61-dfbc-48da-6079837b1290",
    "resource": {
      "resourceType": "Observation",
      "id": "b5041823-4c61-dfbc-48da-6079837b1290",
      "status": "final",
      "category": {
        "coding": [ {
          "system": "http://hl7.org/fhir/observation-category",
          "code": "laboratory",
          "display": "laboratory"
        } ],
        "text": "laboratory"
      },
      "code": {
        "coding": [ {
          "system": "http://loinc.org",
          "code": "785-6",
          "display": "MCH [Entitic mass] by Automated count"
        } ],
        "text": "MCH [Entitic mass] by Automated count"
      },
      "subject": {
        "reference": "urn:uuid:b5041823-4c61-dfbc-1302-9dc6632ab39c"
      },
      "encounter": {
        "reference": "urn:uuid:b5041823-4c61-dfbc-b1a5-18be2f4448d9"
      },
      "effectiveDateTime": "2025-10-14T05:56:10+00:00",
      "issued": "2025-10-14T05:56:10.292+00:00",
      "valueQuantity": {
        "value": 29.198,
        "unit": "pg",
        "system": "http://unitsofmeasure.org",
        "code": "pg"
      }
    },
    "request": {
      "method": "POST",
      "url": "Observation"
    }
  }, {
    "fullUrl": "urn:uuid:b5041823-4c61-dfbc-b415-1a5382863627",
    "resource": {
      "resourceType": "Observation",
      "id": "b5041823-4c61-dfbc-b415-1a5382863627",
      "status": "final",
      "category": {
        "coding": [ {
          "system": "http://hl7.org/fhir/observation-category",
          "code": "laboratory",
          "display": "laboratory"
        } ],
        "text": "laboratory"
      },
      "code": {
        "coding": [ {
          "system": "http://loinc.org",
          "code": "786-4",
          "display": "MCHC [Mass/volume] by Automated count"
        } ],
        "text": "MCHC [Mass/volume] by Automated count"
      },
      "subject": {
        "reference": "urn:uuid:b5041823-4c61-dfbc-1302-9dc6632ab39c"
      },
      "encounter": {
        "reference": "urn:uuid:b5041823-4c61-dfbc-b1a5-18be2f4448d9"
      },
      "effectiveDateTime": "2025-10-14T05:56:10+00:00",
      "issued": "2025-10-14T05:56:10.292+00:00",
      "valueQuantity": {
        "value": 34.956,
        "unit": "g/dL",
        "system": "http://unitsofmeasure.org",
        "code": "g/dL"
      }
    },
    "request": {
      "method": "POST",
      "url": "Observation"
    }
  }, {
    "fullUrl": "urn:uuid:b5041823-4c61-dfbc-0eb4-85f8d88bacb7",
    "resource": {
      "resourceType": "Observation",
      "id": "b5041823-4c61-dfbc-0eb4-85f8d88bacb7",
      "status": "final",
      "category": {
        "coding": [ {
          "system": "http://hl7.org/fhir/observation-category",
          "code": "laboratory",
          "display": "laboratory"
        } ],
        "text": "laboratory"
      },
      "code": {
        "coding": [ {
          "system": "http://loinc.org",
          "code": "21000-5",
          "display": "Erythrocyte distribution width [Entitic volume] by Automated count"
        } ],
        "text": "Erythrocyte distribution width [Entitic volume] by Automated count"
      },
      "subject": {
        "reference": "urn:uuid:b5041823-4c61-dfbc-1302-9dc6632ab39c"
      },
      "encounter": {
        "reference": "urn:uuid:b5041823-4c61-dfbc-b1a5-18be2f4448d9"
      },
      "effectiveDateTime": "2025-10-14T05:56:10+00:00",
      "issued": "2025-10-14T05:56:10.292+00:00",
      "valueQuantity": {
        "value": 42.490,
        "unit": "fL",
        "system": "http://unitsofmeasure.org",
        "code": "fL"
      }
    },
    "request": {
      "method": "POST",
      "url": "Observation"
    }
  }, {
    "fullUrl": "urn:uuid:b5041823-4c61-dfbc-593f-f4805792df69",
    "resource": {
      "resourceType": "Observation",
      "id": "b5041823-4c61-dfbc-593f-f4805792df69",
      "status": "final",
      "category": {
        "coding": [ {
          "system": "http://hl7.org/fhir/observation-category",
          "code": "laboratory",
          "display": "laboratory"
        } ],
        "text": "laboratory"
      },
      "code": {
        "coding": [ {
          "system": "http://loinc.org",
          "code": "777-3",
          "display": "Platelets [#/volume] in Blood by Automated count"
        } ],
        "text": "Platelets [#/volume] in Blood by Automated count"
      },
      "subject": {
        "reference": "urn:uuid:b5041823-4c61-dfbc-1302-9dc6632ab39c"
      },
      "encounter": {
        "reference": "urn:uuid:b5041823-4c61-dfbc-b1a5-18be2f4448d9"
      },
      "effectiveDateTime": "2025-10-14T05:56:10+00:00",
      "issued": "2025-10-14T05:56:10.292+00:00",
      "valueQuantity": {
        "value": 381.12,
        "unit": "10*3/uL",
        "system": "http://unitsofmeasure.org",
        "code": "10*3/uL"
      }
    },
    "request": {
      "method": "POST",
      "url": "Observation"
    }
  }, {
    "fullUrl": "urn:uuid:b5041823-4c61-dfbc-d1c7-f5ae56735b8a",
    "resource": {
      "resourceType": "Observation",
      "id": "b5041823-4c61-dfbc-d1c7-f5ae56735b8a",
      "status": "final",
      "category": {
        "coding": [ {
          "system": "http://hl7.org/fhir/observation-category",
          "code": "laboratory",
          "display": "laboratory"
        } ],
        "text": "laboratory"
      },
      "code": {
        "coding": [ {
          "system": "http://loinc.org",
          "code": "32207-3",
          "display": "Platelet distribution width [Entitic volume] in Blood by Automated count"
        } ],
        "text": "Platelet distribution width [Entitic volume] in Blood by Automated count"
      },
      "subject": {
        "reference": "urn:uuid:b5041823-4c61-dfbc-1302-9dc6632ab39c"
      },
      "encounter": {
        "reference": "urn:uuid:b5041823-4c61-dfbc-b1a5-18be2f4448d9"
      },
      "effectiveDateTime": "2025-10-14T05:56:10+00:00",
      "issued": "2025-10-14T05:56:10.292+00:00",
      "valueQuantity": {
        "value": 330.95,
        "unit": "fL",
        "system": "http://unitsofmeasure.org",
        "code": "fL"
      }
    },
    "request": {
      "method": "POST",
      "url": "Observation"
    }
  }, {
    "fullUrl": "urn:uuid:b5041823-4c61-dfbc-b79c-4bab40314e26",
    "resource": {
      "resourceType": "Observation",
      "id": "b5041823-4c61-dfbc-b79c-4bab40314e26",
      "status": "final",
      "category": {
        "coding": [ {
          "system": "http://hl7.org/fhir/observation-category",
          "code": "laboratory",
          "display": "laboratory"
        } ],
        "text": "laboratory"
      },
      "code": {
        "coding": [ {
          "system": "http://loinc.org",
          "code": "32623-1",
          "display": "Platelet mean volume [Entitic volume] in Blood by Automated count"
        } ],
        "text": "Platelet mean volume [Entitic volume] in Blood by Automated count"
      },
      "subject": {
        "reference": "urn:uuid:b5041823-4c61-dfbc-1302-9dc6632ab39c"
      },
      "encounter": {
        "reference": "urn:uuid:b5041823-4c61-dfbc-b1a5-18be2f4448d9"
      },
      "effectiveDateTime": "2025-10-14T05:56:10+00:00",
      "issued": "2025-10-14T05:56:10.292+00:00",
      "valueQuantity": {
        "value": 9.4181,
        "unit": "fL",
        "system": "http://unitsofmeasure.org",
        "code": "fL"
      }
    },
    "request": {
      "method": "POST",
      "url": "Observation"
    }
  }, {
    "fullUrl": "urn:uuid:b5041823-4c61-dfbc-5ec0-e5f8e73395f0",
    "resource": {
      "resourceType": "Observation",
      "id": "b5041823-4c61-dfbc-5ec0-e5f8e73395f0",
      "status": "final",
      "category": {
        "coding": [ {
          "system": "http://hl7.org/fhir/observation-category",
          "code": "social-history",
          "display": "social-history"
        } ],
        "text": "social-history"
      },
      "code": {
        "coding": [ {
          "system": "http://loinc.org",
          "code": "72166-2",
          "display": "Tobacco smoking status"
        } ],
        "text": "Tobacco smoking status"
      },
      "subject": {
        "reference": "urn:uuid:b5041823-4c61-dfbc-1302-9dc6632ab39c"
      },
      "encounter": {
        "reference": "urn:uuid:b5041823-4c61-dfbc-b1a5-18be2f4448d9"
      },
      "effectiveDateTime": "2025-10-14T05:56:10+00:00",
      "issued": "2025-10-14T05:56:10.292+00:00",
      "valueCodeableConcept": {
        "coding": [ {
          "system": "http://snomed.info/sct",
          "code": "266919005",
          "display": "Never smoked tobacco (finding)"
        } ],
        "text": "Never smoked tobacco (finding)"
      }
    },
    "request": {
      "method": "POST",
      "url": "Observation"
    }
  }, {
    "fullUrl": "urn:uuid:b5041823-4c61-dfbc-e603-8945c1acfe9a",
    "resource": {
      "resourceType": "Immunization",
      "id": "b5041823-4c61-dfbc-e603-8945c1acfe9a",
      "status": "completed",
      "date": "2025-10-14T05:56:10+00:00",
      "vaccineCode": {
        "coding": [ {
          "system": "http://hl7.org/fhir/sid/cvx",
          "code": "08",
          "display": "Hep B, adolescent or pediatric"
        } ],
        "text": "Hep B, adolescent or pediatric"
      },
      "patient": {
        "reference": "urn:uuid:b5041823-4c61-dfbc-1302-9dc6632ab39c"
      },
      "wasNotGiven": false,
      "reported": false,
      "encounter": {
        "reference": "urn:uuid:b5041823-4c61-dfbc-b1a5-18be2f4448d9"
      }
    },
    "request": {
      "method": "POST",
      "url": "Immunization"
    }
  }, {
    "fullUrl": "urn:uuid:b5041823-4c61-dfbc-558a-0ae17c2efb5d",
    "resource": {
      "resourceType": "DiagnosticReport",
      "id": "b5041823-4c61-dfbc-558a-0ae17c2efb5d",
      "status": "final",
      "category": {
        "coding": [ {
          "system": "http://hl7.org/fhir/ValueSet/diagnostic-service-sections",
          "code": "LAB"
        } ]
      },
      "code": {
        "coding": [ {
          "system": "http://loinc.org",
          "code": "58410-2",
          "display": "CBC panel - Blood by Automated count"
        } ],
        "text": "CBC panel - Blood by Automated count"
      },
      "subject": {
        "reference": "urn:uuid:b5041823-4c61-dfbc-1302-9dc6632ab39c"
      },
      "encounter": {
        "reference": "urn:uuid:b5041823-4c61-dfbc-b1a5-18be2f4448d9"
      },
      "effectiveDateTime": "2025-10-14T05:56:10+00:00",
      "issued": "2025-10-14T05:56:10.292+00:00",
      "performer": {
        "reference": "Organization?identifier=https://github.com/synthetichealth/synthea|9f2f60a6-87a4-3f45-b753-b63b5b7e9993",
        "display": "NORTH END COMMUNITY HEALTH COMMITTEE INC"
      },
      "result": [ {
        "reference": "urn:uuid:b5041823-4c61-dfbc-b79c-4bab40314e26",
        "display": "Platelet mean volume [Entitic volume] in Blood by Automated count"
      } ]
    },
    "request": {
      "method": "POST",
      "url": "DiagnosticReport"
    }
  }, {
    "fullUrl": "urn:uuid:b5041823-4c61-dfbc-b85c-0650977deb37",
    "resource": {
      "resourceType": "Claim",
      "id": "b5041823-4c61-dfbc-b85c-0650977deb37",
      "type": "institutional",
      "organization": {
        "reference": "Organization?identifier=https://github.com/synthetichealth/synthea|9f2f60a6-87a4-3f45-b753-b63b5b7e9993",
        "display": "NORTH END COMMUNITY HEALTH COMMITTEE INC"
      },
      "use": "complete",
      "diagnosis": [ {
        "sequence": 1,
        "diagnosis": {
          "system": "http://snomed.info/sct",
          "code": "314529007",
          "display": "Medication review due (situation)"
        }
      } ],
      "patient": {
        "reference": "urn:uuid:b5041823-4c61-dfbc-1302-9dc6632ab39c"
      },
      "item": [ {
        "sequence": 1,
        "type": {
          "system": "http://hl7.org/fhir/v3/ActCode",
          "code": "CSINV",
          "display": "clinical service invoice"
        },
        "service": {
          "system": "http://snomed.info/sct",
          "code": "410620009",
          "display": "Well child visit (procedure)"
        }
      }, {
        "sequence": 2,
        "type": {
          "system": "http://hl7.org/fhir/v3/ActCode",
          "code": "CSINV",
          "display": "clinical service invoice"
        },
        "service": {
          "system": "http://hl7.org/fhir/sid/cvx",
          "code": "08",
          "display": "Hep B, adolescent or pediatric"
        },
        "net": {
          "value": 136.00,
          "system": "urn:iso:std:iso:4217",
          "code": "USD"
        }
      }, {
        "sequence": 4,
        "type": {
          "system": "http://hl7.org/fhir/v3/ActCode",
          "code": "CSINV",
          "display": "clinical service invoice"
        },
        "service": {
          "system": "http://loinc.org",
          "code": "58410-2",
          "display": "CBC panel - Blood by Automated count"
        },
        "net": {
          "value": 74.58,
          "system": "urn:iso:std:iso:4217",
          "code": "USD"
        }
      } ]
    },
    "request": {
      "method": "POST",
      "url": "Claim"
    }
  } ]
}
