{
  "resourceType": "Bundle",
  "type": "transaction",
  "entry": [ {
    "fullUrl": "urn:uuid:2dafdd16-2f77-3f17-5e42-21f62374582e",
    "resource": {
      "resourceType": "Patient",
      "id": "2dafdd16-2f77-3f17-5e42-21f62374582e",
      "text": {
        "status": "generated",
        "div": "<div xmlns=\"http://www.w3.org/1999/xhtml\">Generated by <a href=\"https://github.com/synthetichealth/synthea\">Synthea</a>.Version identifier: 589f465\n .   Person seed: -8091838456176248698  Population seed: 1746550387394</div>"
      },
      "extension": [ {
        "url": "http://hl7.org/fhir/StructureDefinition/us-core-race",
        "valueCodeableConcept": {
          "coding": [ {
            "system": "http://hl7.org/fhir/v3/Race",
            "code": "2106-3",
            "display": "White"
          } ],
          "text": "White"
        }
      }, {
        "url": "http://hl7.org/fhir/StructureDefinition/us-core-ethnicity",
        "valueCodeableConcept": {
          "coding": [ {
            "system": "http://hl7.org/fhir/v3/Ethnicity",
            "code": "2135-2",
            "display": "Hispanic or Latino"
          } ],
          "text": "Hispanic or Latino"
        }
      }, {
        "url": "http://hl7.org/fhir/StructureDefinition/patient-mothersMaidenName",
        "valueString": "Amalia471 Guzmán14"
      }, {
        "url": "http://hl7.org/fhir/us/core/StructureDefinition/us-core-birthsex",
        "valueCode": "M"
      }, {
        "url": "http://hl7.org/fhir/StructureDefinition/birthPlace",
        "valueAddress": {
          "city": "Lima",
          "state": "Lima Province",
          "country": "PE"
        }
      }, {
        "url": "http://synthetichealth.github.io/synthea/disability-adjusted-life-years",
        "valueDecimal": 0.0
      }, {
        "url": "http://synthetichealth.github.io/synthea/quality-adjusted-life-years",
        "valueDecimal": 0.0
      } ],
      "identifier": [ {
        "system": "https://github.com/synthetichealth/synthea",
        "value": "2dafdd16-2f77-3f17-5e42-21f62374582e"
      }, {
        "type": {
          "coding": [ {
            "system": "http://hl7.org/fhir/v2/0203",
            "code": "MR"
          } ]
        },
        "system": "http://hospital.smarthealthit.org",
        "value": "2dafdd16-2f77-3f17-5e42-21f62374582e"
      }, {
        "type": {
          "coding": [ {
            "system": "http://hl7.org/fhir/identifier-type",
            "code": "SB"
          } ]
        },
        "system": "http://hl7.org/fhir/sid/us-ssn",
        "value": "999-11-7253"
      } ],
      "name": [ {
        "use": "official",
        "family": [ "Llamas954" ],
        "given": [ "Gilberto712", "Octavio643" ]
      } ],
      "telecom": [ {
        "system": "phone",
        "value": "555-950-7837",
        "use": "home"
      } ],
      "gender": "male",
      "birthDate": "2025-03-16",
      "address": [ {
        "extension": [ {
          "url": "http://hl7.org/fhir/StructureDefinition/geolocation",
          "extension": [ {
            "url": "latitude",
            "valueDecimal": 42.267416420961254
          }, {
            "url": "longitude",
            "valueDecimal": -71.08847848930645
          } ]
        } ],
        "line": [ "606 Hansen Alley" ],
        "city": "Boston",
        "state": "Massachusetts",
        "postalCode": "02135",
        "country": "US"
      } ],
      "maritalStatus": {
        "coding": [ {
          "system": "http://hl7.org/fhir/v3/MaritalStatus",
          "code": "S"
        } ]
      },
      "multipleBirthBoolean": false,
      "communication": [ {
        "language": {
          "coding": [ {
            "system": "urn:ietf:bcp:47",
            "code": "es",
            "display": "Spanish"
          } ],
          "text": "Spanish"
        }
      } ]
    },
    "request": {
      "method": "POST",
      "url": "Patient"
    }
  }, {
    "fullUrl": "urn:uuid:3711d611-02ac-f3d8-422f-5e0010743e5f",
    "resource": {
      "resourceType": "Encounter",
      "id": "3711d611-02ac-f3d8-422f-5e0010743e5f",
      "status": "finished",
      "class": "ambulatory",
      "type": [ {
        "coding": [ {
          "system": "http://snomed.info/sct",
          "code": "410620009",
          "display": "Well child visit (procedure)"
        } ],
        "text": "Well child visit (procedure)"
      } ],
      "patient": {
        "reference": "urn:uuid:2dafdd16-2f77-3f17-5e42-21f62374582e"
      },
      "participant": [ {
        "individual": {
          "reference": "Practitioner?identifier=http://hl7.org/fhir/sid/us-npi|9999945394",
          "display": "Dr. Latrice352 Ferry570"
        }
      } ],
      "period": {
        "start": "2025-03-16T17:10:55+00:00",
        "end": "2025-03-16T17:25:55+00:00"
      },
      "serviceProvider": {
        "reference": "Organization?identifier=https://github.com/synthetichealth/synthea|e854f053-5621-31fa-afa1-29040b0d7466",
        "display": "MATTAPAN COMMUNITY HEALTH CENTER, INC."
      }
    },
    "request": {
      "method": "POST",
      "url": "Encounter"
    }
  }, {
    "fullUrl": "urn:uuid:3c93ded4-e1bb-1ab1-08b3-5425018c891a",
    "resource": {
      "resourceType": "Condition",
      "id": "3c93ded4-e1bb-1ab1-08b3-5425018c891a",
      "patient": {
        "reference": "urn:uuid:2dafdd16-2f77-3f17-5e42-21f62374582e"
      },
      "encounter": {
        "reference": "urn:uuid:3711d611-02ac-f3d8-422f-5e0010743e5f"
      },
      "dateRecorded": "2025-03-16",
      "code": {
        "coding": [ {
          "system": "http://snomed.info/sct",
          "code": "314529007",
          "display": "Medication review due (situation)"
        } ],
        "text": "Medication review due (situation)"
      },
      "category": {
        "coding": [ {
          "system": "http://hl7.org/fhir/condition-category",
          "code": "diagnosis"
        } ]
      },
      "clinicalStatus": "active",
      "verificationStatus": "confirmed",
      "onsetDateTime": "2025-03-16T17:10:55+00:00"
    },
    "request": {
      "method": "POST",
      "url": "Condition"
    }
  }, {
    "fullUrl": "urn:uuid:84f4dd27-4288-6e07-05b3-0d18771b1cab",
    "resource": {
      "resourceType": "Observation",
      "id": "84f4dd27-4288-6e07-05b3-0d18771b1cab",
      "status": "final",
      "category": {
        "coding": [ {
          "system": "http://hl7.org/fhir/observation-category",
          "code": "vital-signs",
          "display": "vital-signs"
        } ],
        "text": "vital-signs"
      },
      "code": {
        "coding": [ {
          "system": "http://loinc.org",
          "code": "8302-2",
          "display": "Body Height"
        } ],
        "text": "Body Height"
      },
      "subject": {
        "reference": "urn:uuid:2dafdd16-2f77-3f17-5e42-21f62374582e"
      },
      "encounter": {
        "reference": "urn:uuid:3711d611-02ac-f3d8-422f-5e0010743e5f"
      },
      "effectiveDateTime": "2025-03-16T17:10:55+00:00",
      "issued": "2025-03-16T17:10:55.360+00:00",
      "valueQuantity": {
        "value": 51.700,
        "unit": "cm",
        "system": "http://unitsofmeasure.org",
        "code": "cm"
      }
    },
    "request": {
      "method": "POST",
      "url": "Observation"
    }
  }, {
    "fullUrl": "urn:uuid:74e99b58-5cb5-b327-dd92-64bdcb98d979",
    "resource": {
      "resourceType": "Observation",
      "id": "74e99b58-5cb5-b327-dd92-64bdcb98d979",
      "status": "final",
      "category": {
        "coding": [ {
          "system": "http://hl7.org/fhir/observation-category",
          "code": "vital-signs",
          "display": "vital-signs"
        } ],
        "text": "vital-signs"
      },
      "code": {
        "coding": [ {
          "system": "http://loinc.org",
          "code": "72514-3",
          "display": "Pain severity - 0-10 verbal numeric rating [Score] - Reported"
        } ],
        "text": "Pain severity - 0-10 verbal numeric rating [Score] - Reported"
      },
      "subject": {
        "reference": "urn:uuid:2dafdd16-2f77-3f17-5e42-21f62374582e"
      },
      "encounter": {
        "reference": "urn:uuid:3711d611-02ac-f3d8-422f-5e0010743e5f"
      },
      "effectiveDateTime": "2025-03-16T17:10:55+00:00",
      "issued": "2025-03-16T17:10:55.360+00:00",
      "valueQuantity": {
        "value": 0,
        "unit": "{score}",
        "system": "http://unitsofmeasure.org",
        "code": "{score}"
      }
    },
    "request": {
      "method": "POST",
      "url": "Observation"
    }
  }, {
    "fullUrl": "urn:uuid:65420a4c-3707-b998-a738-34e15651e28d",
    "resource": {
      "resourceType": "Observation",
      "id": "65420a4c-3707-b998-a738-34e15651e28d",
      "status": "final",
      "category": {
        "coding": [ {
          "system": "http://hl7.org/fhir/observation-category",
          "code": "vital-signs",
          "display": "vital-signs"
        } ],
        "text": "vital-signs"
      },
      "code": {
        "coding": [ {
          "system": "http://loinc.org",
          "code": "29463-7",
          "display": "Body Weight"
        } ],
        "text": "Body Weight"
      },
      "subject": {
        "reference": "urn:uuid:2dafdd16-2f77-3f17-5e42-21f62374582e"
      },
      "encounter": {
        "reference": "urn:uuid:3711d611-02ac-f3d8-422f-5e0010743e5f"
      },
      "effectiveDateTime": "2025-03-16T17:10:55+00:00",
      "issued": "2025-03-16T17:10:55.360+00:00",
      "valueQuantity": {
        "value": 3.5,
        "unit": "kg",
        "system": "http://unitsofmeasure.org",
        "code": "kg"
      }
    },
    "request": {
      "method": "POST",
      "url": "Observation"
    }
  }, {
    "fullUrl": "urn:uuid:fd9c9cc8-5fa4-4b17-49d6-e72b3cea0a8f",
    "resource": {
      "resourceType": "Observation",
      "id": "fd9c9cc8-5fa4-4b17-49d6-e72b3cea0a8f",
      "status": "final",
      "category": {
        "coding": [ {
          "system": "http://hl7.org/fhir/observation-category",
          "code": "vital-signs",
          "display": "vital-signs"
        } ],
        "text": "vital-signs"
      },
      "code": {
        "coding": [ {
          "system": "http://loinc.org",
          "code": "77606-2",
          "display": "Weight-for-length Per age and sex"
        } ],
        "text": "Weight-for-length Per age and sex"
      },
      "subject": {
        "reference": "urn:uuid:2dafdd16-2f77-3f17-5e42-21f62374582e"
      },
      "encounter": {
        "reference": "urn:uuid:3711d611-02ac-f3d8-422f-5e0010743e5f"
      },
      "effectiveDateTime": "2025-03-16T17:10:55+00:00",
      "issued": "2025-03-16T17:10:55.360+00:00",
      "valueQuantity": {
        "value": 10.645,
        "unit": "%",
        "system": "http://unitsofmeasure.org",
        "code": "%"
      }
    },
    "request": {
      "method": "POST",
      "url": "Observation"
    }
  }, {
    "fullUrl": "urn:uuid:12cb2d9a-cdcd-2759-b564-c6ea34179482",
    "resource": {
      "resourceType": "Observation",
      "id": "12cb2d9a-cdcd-2759-b564-c6ea34179482",
      "status": "final",
      "category": {
        "coding": [ {
          "system": "http://hl7.org/fhir/observation-category",
          "code": "vital-signs",
          "display": "vital-signs"
        } ],
        "text": "vital-signs"
      },
      "code": {
        "coding": [ {
          "system": "http://loinc.org",
          "code": "8289-1",
          "display": "Head Occipital-frontal circumference Percentile"
        } ],
        "text": "Head Occipital-frontal circumference Percentile"
      },
      "subject": {
        "reference": "urn:uuid:2dafdd16-2f77-3f17-5e42-21f62374582e"
      },
      "encounter": {
        "reference": "urn:uuid:3711d611-02ac-f3d8-422f-5e0010743e5f"
      },
      "effectiveDateTime": "2025-03-16T17:10:55+00:00",
      "issued": "2025-03-16T17:10:55.360+00:00",
      "valueQuantity": {
        "value": 37.060,
        "unit": "%",
        "system": "http://unitsofmeasure.org",
        "code": "%"
      }
    },
    "request": {
      "method": "POST",
      "url": "Observation"
    }
  }, {
    "fullUrl": "urn:uuid:69a72de1-49bf-7478-46cb-c99c5c45ad08",
    "resource": {
      "resourceType": "Observation",
      "id": "69a72de1-49bf-7478-46cb-c99c5c45ad08",
      "status": "final",
      "category": {
        "coding": [ {
          "system": "http://hl7.org/fhir/observation-category",
          "code": "vital-signs",
          "display": "vital-signs"
        } ],
        "text": "vital-signs"
      },
      "code": {
        "coding": [ {
          "system": "http://loinc.org",
          "code": "9843-4",
          "display": "Head Occipital-frontal circumference"
        } ],
        "text": "Head Occipital-frontal circumference"
      },
      "subject": {
        "reference": "urn:uuid:2dafdd16-2f77-3f17-5e42-21f62374582e"
      },
      "encounter": {
        "reference": "urn:uuid:3711d611-02ac-f3d8-422f-5e0010743e5f"
      },
      "effectiveDateTime": "2025-03-16T17:10:55+00:00",
      "issued": "2025-03-16T17:10:55.360+00:00",
      "valueQuantity": {
        "value": 35.180,
        "unit": "cm",
        "system": "http://unitsofmeasure.org",
        "code": "cm"
      }
    },
    "request": {
      "method": "POST",
      "url": "Observation"
    }
  }, {
    "fullUrl": "urn:uuid:714fa4da-419f-6a0b-6b4d-af8f4dcf58e3",
    "resource": {
      "resourceType": "Observation",
      "id": "714fa4da-419f-6a0b-6b4d-af8f4dcf58e3",
      "status": "final",
      "category": {
        "coding": [ {
          "system": "http://hl7.org/fhir/observation-category",
          "code": "vital-signs",
          "display": "vital-signs"
        } ],
        "text": "vital-signs"
      },
      "code": {
        "coding": [ {
          "system": "http://loinc.org",
          "code": "85354-9",
          "display": "Blood pressure panel with all children optional"
        } ],
        "text": "Blood pressure panel with all children optional"
      },
      "subject": {
        "reference": "urn:uuid:2dafdd16-2f77-3f17-5e42-21f62374582e"
      },
      "encounter": {
        "reference": "urn:uuid:3711d611-02ac-f3d8-422f-5e0010743e5f"
      },
      "effectiveDateTime": "2025-03-16T17:10:55+00:00",
      "issued": "2025-03-16T17:10:55.360+00:00",
      "component": [ {
        "code": {
          "coding": [ {
            "system": "http://loinc.org",
            "code": "8462-4",
            "display": "Diastolic Blood Pressure"
          } ],
          "text": "Diastolic Blood Pressure"
        },
        "valueQuantity": {
          "value": 75,
          "unit": "mm[Hg]",
          "system": "http://unitsofmeasure.org",
          "code": "mm[Hg]"
        }
      }, {
        "code": {
          "coding": [ {
            "system": "http://loinc.org",
            "code": "8480-6",
            "display": "Systolic Blood Pressure"
          } ],
          "text": "Systolic Blood Pressure"
        },
        "valueQuantity": {
          "value": 125,
          "unit": "mm[Hg]",
          "system": "http://unitsofmeasure.org",
          "code": "mm[Hg]"
        }
      } ]
    },
    "request": {
      "method": "POST",
      "url": "Observation"
    }
  }, {
    "fullUrl": "urn:uuid:a2f13a9f-e08c-ab23-5f85-6ff4465f4580",
    "resource": {
      "resourceType": "Observation",
      "id": "a2f13a9f-e08c-ab23-5f85-6ff4465f4580",
      "status": "final",
      "category": {
        "coding": [ {
          "system": "http://hl7.org/fhir/observation-category",
          "code": "vital-signs",
          "display": "vital-signs"
        } ],
        "text": "vital-signs"
      },
      "code": {
        "coding": [ {
          "system": "http://loinc.org",
          "code": "8867-4",
          "display": "Heart rate"
        } ],
        "text": "Heart rate"
      },
      "subject": {
        "reference": "urn:uuid:2dafdd16-2f77-3f17-5e42-21f62374582e"
      },
      "encounter": {
        "reference": "urn:uuid:3711d611-02ac-f3d8-422f-5e0010743e5f"
      },
      "effectiveDateTime": "2025-03-16T17:10:55+00:00",
      "issued": "2025-03-16T17:10:55.360+00:00",
      "valueQuantity": {
        "value": 89,
        "unit": "/min",
        "system": "http://unitsofmeasure.org",
        "code": "/min"
      }
    },
    "request": {
      "method": "POST",
      "url": "Observation"
    }
  }, {
    "fullUrl": "urn:uuid:3663100e-589e-290e-0ba1-c60cd82b67a5",
    "resource": {
      "resourceType": "Observation",
      "id": "3663100e-589e-290e-0ba1-c60cd82b67a5",
      "status": "final",
      "category": {
        "coding": [ {
          "system": "http://hl7.org/fhir/observation-category",
          "code": "vital-signs",
          "display": "vital-signs"
        } ],
        "text": "vital-signs"
      },
      "code": {
        "coding": [ {
          "system": "http://loinc.org",
          "code": "9279-1",
          "display": "Respiratory rate"
        } ],
        "text": "Respiratory rate"
      },
      "subject": {
        "reference": "urn:uuid:2dafdd16-2f77-3f17-5e42-21f62374582e"
      },
      "encounter": {
        "reference": "urn:uuid:3711d611-02ac-f3d8-422f-5e0010743e5f"
      },
      "effectiveDateTime": "2025-03-16T17:10:55+00:00",
      "issued": "2025-03-16T17:10:55.360+00:00",
      "valueQuantity": {
        "value": 15,
        "unit": "/min",
        "system": "http://unitsofmeasure.org",
        "code": "/min"
      }
    },
    "request": {
      "method": "POST",
      "url": "Observation"
    }
  }, {
    "fullUrl": "urn:uuid:4b8d1342-6f5c-fb6d-7847-e55d1d6829d3",
    "resource": {
      "resourceType": "Observation",
      "id": "4b8d1342-6f5c-fb6d-7847-e55d1d6829d3",
      "status": "final",
      "category": {
        "coding": [ {
          "system": "http://hl7.org/fhir/observation-category",
          "code": "laboratory",
          "display": "laboratory"
        } ],
        "text": "laboratory"
      },
      "code": {
        "coding": [ {
          "system": "http://loinc.org",
          "code": "6690-2",
          "display": "Leukocytes [#/volume] in Blood by Automated count"
        } ],
        "text": "Leukocytes [#/volume] in Blood by Automated count"
      },
      "subject": {
        "reference": "urn:uuid:2dafdd16-2f77-3f17-5e42-21f62374582e"
      },
      "encounter": {
        "reference": "urn:uuid:3711d611-02ac-f3d8-422f-5e0010743e5f"
      },
      "effectiveDateTime": "2025-03-16T17:10:55+00:00",
      "issued": "2025-03-16T17:10:55.360+00:00",
      "valueQuantity": {
        "value": 5.9383,
        "unit": "10*3/uL",
        "system": "http://unitsofmeasure.org",
        "code": "10*3/uL"
      }
    },
    "request": {
      "method": "POST",
      "url": "Observation"
    }
  }, {
    "fullUrl": "urn:uuid:da541f68-c84b-c3ce-0403-f0a06f48c9db",
    "resource": {
      "resourceType": "Observation",
      "id": "da541f68-c84b-c3ce-0403-f0a06f48c9db",
      "status": "final",
      "category": {
        "coding": [ {
          "system": "http://hl7.org/fhir/observation-category",
          "code": "laboratory",
          "display": "laboratory"
        } ],
        "text": "laboratory"
      },
      "code": {
        "coding": [ {
          "system": "http://loinc.org",
          "code": "789-8",
          "display": "Erythrocytes [#/volume] in Blood by Automated count"
        } ],
        "text": "Erythrocytes [#/volume] in Blood by Automated count"
      },
      "subject": {
        "reference": "urn:uuid:2dafdd16-2f77-3f17-5e42-21f62374582e"
      },
      "encounter": {
        "reference": "urn:uuid:3711d611-02ac-f3d8-422f-5e0010743e5f"
      },
      "effectiveDateTime": "2025-03-16T17:10:55+00:00",
      "issued": "2025-03-16T17:10:55.360+00:00",
      "valueQuantity": {
        "value": 4.2189,
        "unit": "10*6/uL",
        "system": "http://unitsofmeasure.org",
        "code": "10*6/uL"
      }
    },
    "request": {
      "method": "POST",
      "url": "Observation"
    }
  }, {
    "fullUrl": "urn:uuid:fee8e1d5-5e9d-95d5-6da4-3a3c7e95961f",
    "resource": {
      "resourceType": "Observation",
      "id": "fee8e1d5-5e9d-95d5-6da4-3a3c7e95961f",
      "status": "final",
      "category": {
        "coding": [ {
          "system": "http://hl7.org/fhir/observation-category",
          "code": "laboratory",
          "display": "laboratory"
        } ],
        "text": "laboratory"
      },
      "code": {
        "coding": [ {
          "system": "http://loinc.org",
          "code": "718-7",
          "display": "Hemoglobin [Mass/volume] in Blood"
        } ],
        "text": "Hemoglobin [Mass/volume] in Blood"
      },
      "subject": {
        "reference": "urn:uuid:2dafdd16-2f77-3f17-5e42-21f62374582e"
      },
      "encounter": {
        "reference": "urn:uuid:3711d611-02ac-f3d8-422f-5e0010743e5f"
      },
      "effectiveDateTime": "2025-03-16T17:10:55+00:00",
      "issued": "2025-03-16T17:10:55.360+00:00",
      "valueQuantity": {
        "value": 14.124,
        "unit": "g/dL",
        "system": "http://unitsofmeasure.org",
        "code": "g/dL"
      }
    },
    "request": {
      "method": "POST",
      "url": "Observation"
    }
  }, {
    "fullUrl": "urn:uuid:32daa9e8-e62a-6e6d-9c0b-c56430d0c445",
    "resource": {
      "resourceType": "Observation",
      "id": "32daa9e8-e62a-6e6d-9c0b-c56430d0c445",
      "status": "final",
      "category": {
        "coding": [ {
          "system": "http://hl7.org/fhir/observation-category",
          "code": "laboratory",
          "display": "laboratory"
        } ],
        "text": "laboratory"
      },
      "code": {
        "coding": [ {
          "system": "http://loinc.org",
          "code": "4544-3",
          "display": "Hematocrit [Volume Fraction] of Blood by Automated count"
        } ],
        "text": "Hematocrit [Volume Fraction] of Blood by Automated count"
      },
      "subject": {
        "reference": "urn:uuid:2dafdd16-2f77-3f17-5e42-21f62374582e"
      },
      "encounter": {
        "reference": "urn:uuid:3711d611-02ac-f3d8-422f-5e0010743e5f"
      },
      "effectiveDateTime": "2025-03-16T17:10:55+00:00",
      "issued": "2025-03-16T17:10:55.360+00:00",
      "valueQuantity": {
        "value": 42.414,
        "unit": "%",
        "system": "http://unitsofmeasure.org",
        "code": "%"
      }
    },
    "request": {
      "method": "POST",
      "url": "Observation"
    }
  }, {
    "fullUrl": "urn:uuid:2fc453a9-5d5e-9639-b4cb-ffd1d17244ad",
    "resource": {
      "resourceType": "Observation",
      "id": "2fc453a9-5d5e-9639-b4cb-ffd1d17244ad",
      "status": "final",
      "category": {
        "coding": [ {
          "system": "http://hl7.org/fhir/observation-category",
          "code": "laboratory",
          "display": "laboratory"
        } ],
        "text": "laboratory"
      },
      "code": {
        "coding": [ {
          "system": "http://loinc.org",
          "code": "787-2",
          "display": "MCV [Entitic volume] by Automated count"
        } ],
        "text": "MCV [Entitic volume] by Automated count"
      },
      "subject": {
        "reference": "urn:uuid:2dafdd16-2f77-3f17-5e42-21f62374582e"
      },
      "encounter": {
        "reference": "urn:uuid:3711d611-02ac-f3d8-422f-5e0010743e5f"
      },
      "effectiveDateTime": "2025-03-16T17:10:55+00:00",
      "issued": "2025-03-16T17:10:55.360+00:00",
      "valueQuantity": {
        "value": 93.686,
        "unit": "fL",
        "system": "http://unitsofmeasure.org",
        "code": "fL"
      }
    },
    "request": {
      "method": "POST",
      "url": "Observation"
    }
  }, {
    "fullUrl": "urn:uuid:186f04d8-d1e2-8b74-6f2b-aca4847d8d40",
    "resource": {
      "resourceType": "Observation",
      "id": "186f04d8-d1e2-8b74-6f2b-aca4847d8d40",
      "status": "final",
      "category": {
        "coding": [ {
          "system": "http://hl7.org/fhir/observation-category",
          "code": "laboratory",
          "display": "laboratory"
        } ],
        "text": "laboratory"
      },
      "code": {
        "coding": [ {
          "system": "http://loinc.org",
          "code": "785-6",
          "display": "MCH [Entitic mass] by Automated count"
        } ],
        "text": "MCH [Entitic mass] by Automated count"
      },
      "subject": {
        "reference": "urn:uuid:2dafdd16-2f77-3f17-5e42-21f62374582e"
      },
      "encounter": {
        "reference": "urn:uuid:3711d611-02ac-f3d8-422f-5e0010743e5f"
      },
      "effectiveDateTime": "2025-03-16T17:10:55+00:00",
      "issued": "2025-03-16T17:10:55.360+00:00",
      "valueQuantity": {
        "value": 28.255,
        "unit": "pg",
        "system": "http://unitsofmeasure.org",
        "code": "pg"
      }
    },
    "request": {
      "method": "POST",
      "url": "Observation"
    }
  }, {
    "fullUrl": "urn:uuid:166af010-c152-5fc2-a4b1-7f6aa15508cd",
    "resource": {
      "resourceType": "Observation",
      "id": "166af010-c152-5fc2-a4b1-7f6aa15508cd",
      "status": "final",
      "category": {
        "coding": [ {
          "system": "http://hl7.org/fhir/observation-category",
          "code": "laboratory",
          "display": "laboratory"
        } ],
        "text": "laboratory"
      },
      "code": {
        "coding": [ {
          "system": "http://loinc.org",
          "code": "786-4",
          "display": "MCHC [Mass/volume] by Automated count"
        } ],
        "text": "MCHC [Mass/volume] by Automated count"
      },
      "subject": {
        "reference": "urn:uuid:2dafdd16-2f77-3f17-5e42-21f62374582e"
      },
      "encounter": {
        "reference": "urn:uuid:3711d611-02ac-f3d8-422f-5e0010743e5f"
      },
      "effectiveDateTime": "2025-03-16T17:10:55+00:00",
      "issued": "2025-03-16T17:10:55.360+00:00",
      "valueQuantity": {
        "value": 34.103,
        "unit": "g/dL",
        "system": "http://unitsofmeasure.org",
        "code": "g/dL"
      }
    },
    "request": {
      "method": "POST",
      "url": "Observation"
    }
  }, {
    "fullUrl": "urn:uuid:d7e6764c-760a-d29a-40d4-adbc3c362e74",
    "resource": {
      "resourceType": "Observation",
      "id": "d7e6764c-760a-d29a-40d4-adbc3c362e74",
      "status": "final",
      "category": {
        "coding": [ {
          "system": "http://hl7.org/fhir/observation-category",
          "code": "laboratory",
          "display": "laboratory"
        } ],
        "text": "laboratory"
      },
      "code": {
        "coding": [ {
          "system": "http://loinc.org",
          "code": "21000-5",
          "display": "Erythrocyte distribution width [Entitic volume] by Automated count"
        } ],
        "text": "Erythrocyte distribution width [Entitic volume] by Automated count"
      },
      "subject": {
        "reference": "urn:uuid:2dafdd16-2f77-3f17-5e42-21f62374582e"
      },
      "encounter": {
        "reference": "urn:uuid:3711d611-02ac-f3d8-422f-5e0010743e5f"
      },
      "effectiveDateTime": "2025-03-16T17:10:55+00:00",
      "issued": "2025-03-16T17:10:55.360+00:00",
      "valueQuantity": {
        "value": 44.164,
        "unit": "fL",
        "system": "http://unitsofmeasure.org",
        "code": "fL"
      }
    },
    "request": {
      "method": "POST",
      "url": "Observation"
    }
  }, {
    "fullUrl": "urn:uuid:60c4fae0-2410-eb4b-19a5-4afff0efe8ca",
    "resource": {
      "resourceType": "Observation",
      "id": "60c4fae0-2410-eb4b-19a5-4afff0efe8ca",
      "status": "final",
      "category": {
        "coding": [ {
          "system": "http://hl7.org/fhir/observation-category",
          "code": "laboratory",
          "display": "laboratory"
        } ],
        "text": "laboratory"
      },
      "code": {
        "coding": [ {
          "system": "http://loinc.org",
          "code": "777-3",
          "display": "Platelets [#/volume] in Blood by Automated count"
        } ],
        "text": "Platelets [#/volume] in Blood by Automated count"
      },
      "subject": {
        "reference": "urn:uuid:2dafdd16-2f77-3f17-5e42-21f62374582e"
      },
      "encounter": {
        "reference": "urn:uuid:3711d611-02ac-f3d8-422f-5e0010743e5f"
      },
      "effectiveDateTime": "2025-03-16T17:10:55+00:00",
      "issued": "2025-03-16T17:10:55.360+00:00",
      "valueQuantity": {
        "value": 178.26,
        "unit": "10*3/uL",
        "system": "http://unitsofmeasure.org",
        "code": "10*3/uL"
      }
    },
    "request": {
      "method": "POST",
      "url": "Observation"
    }
  }, {
    "fullUrl": "urn:uuid:3989dedd-6a9d-7dd4-9de3-65275e6076bf",
    "resource": {
      "resourceType": "Observation",
      "id": "3989dedd-6a9d-7dd4-9de3-65275e6076bf",
      "status": "final",
      "category": {
        "coding": [ {
          "system": "http://hl7.org/fhir/observation-category",
          "code": "laboratory",
          "display": "laboratory"
        } ],
        "text": "laboratory"
      },
      "code": {
        "coding": [ {
          "system": "http://loinc.org",
          "code": "32207-3",
          "display": "Platelet distribution width [Entitic volume] in Blood by Automated count"
        } ],
        "text": "Platelet distribution width [Entitic volume] in Blood by Automated count"
      },
      "subject": {
        "reference": "urn:uuid:2dafdd16-2f77-3f17-5e42-21f62374582e"
      },
      "encounter": {
        "reference": "urn:uuid:3711d611-02ac-f3d8-422f-5e0010743e5f"
      },
      "effectiveDateTime": "2025-03-16T17:10:55+00:00",
      "issued": "2025-03-16T17:10:55.360+00:00",
      "valueQuantity": {
        "value": 426.44,
        "unit": "fL",
        "system": "http://unitsofmeasure.org",
        "code": "fL"
      }
    },
    "request": {
      "method": "POST",
      "url": "Observation"
    }
  }, {
    "fullUrl": "urn:uuid:aab83044-83df-6c05-bed9-e27c2921606f",
    "resource": {
      "resourceType": "Observation",
      "id": "aab83044-83df-6c05-bed9-e27c2921606f",
      "status": "final",
      "category": {
        "coding": [ {
          "system": "http://hl7.org/fhir/observation-category",
          "code": "laboratory",
          "display": "laboratory"
        } ],
        "text": "laboratory"
      },
      "code": {
        "coding": [ {
          "system": "http://loinc.org",
          "code": "32623-1",
          "display": "Platelet mean volume [Entitic volume] in Blood by Automated count"
        } ],
        "text": "Platelet mean volume [Entitic volume] in Blood by Automated count"
      },
      "subject": {
        "reference": "urn:uuid:2dafdd16-2f77-3f17-5e42-21f62374582e"
      },
      "encounter": {
        "reference": "urn:uuid:3711d611-02ac-f3d8-422f-5e0010743e5f"
      },
      "effectiveDateTime": "2025-03-16T17:10:55+00:00",
      "issued": "2025-03-16T17:10:55.360+00:00",
      "valueQuantity": {
        "value": 11.664,
        "unit": "fL",
        "system": "http://unitsofmeasure.org",
        "code": "fL"
      }
    },
    "request": {
      "method": "POST",
      "url": "Observation"
    }
  }, {
    "fullUrl": "urn:uuid:4091dfe7-ffc0-0861-d9a6-0580cff66ac0",
    "resource": {
      "resourceType": "Observation",
      "id": "4091dfe7-ffc0-0861-d9a6-0580cff66ac0",
      "status": "final",
      "category": {
        "coding": [ {
          "system": "http://hl7.org/fhir/observation-category",
          "code": "social-history",
          "display": "social-history"
        } ],
        "text": "social-history"
      },
      "code": {
        "coding": [ {
          "system": "http://loinc.org",
          "code": "72166-2",
          "display": "Tobacco smoking status"
        } ],
        "text": "Tobacco smoking status"
      },
      "subject": {
        "reference": "urn:uuid:2dafdd16-2f77-3f17-5e42-21f62374582e"
      },
      "encounter": {
        "reference": "urn:uuid:3711d611-02ac-f3d8-422f-5e0010743e5f"
      },
      "effectiveDateTime": "2025-03-16T17:10:55+00:00",
      "issued": "2025-03-16T17:10:55.360+00:00",
      "valueCodeableConcept": {
        "coding": [ {
          "system": "http://snomed.info/sct",
          "code": "266919005",
          "display": "Never smoked tobacco (finding)"
        } ],
        "text": "Never smoked tobacco (finding)"
      }
    },
    "request": {
      "method": "POST",
      "url": "Observation"
    }
  }, {
    "fullUrl": "urn:uuid:02adf286-7dec-934b-294d-6a994dee3145",
    "resource": {
      "resourceType": "Immunization",
      "id": "02adf286-7dec-934b-294d-6a994dee3145",
      "status": "completed",
      "date": "2025-03-16T17:10:55+00:00",
      "vaccineCode": {
        "coding": [ {
          "system": "http://hl7.org/fhir/sid/cvx",
          "code": "08",
          "display": "Hep B, adolescent or pediatric"
        } ],
        "text": "Hep B, adolescent or pediatric"
      },
      "patient": {
        "reference": "urn:uuid:2dafdd16-2f77-3f17-5e42-21f62374582e"
      },
      "wasNotGiven": false,
      "reported": false,
      "encounter": {
        "reference": "urn:uuid:3711d611-02ac-f3d8-422f-5e0010743e5f"
      }
    },
    "request": {
      "method": "POST",
      "url": "Immunization"
    }
  }, {
    "fullUrl": "urn:uuid:9f7b953c-5069-2503-8774-f6a4fc9fa89e",
    "resource": {
      "resourceType": "DiagnosticReport",
      "id": "9f7b953c-5069-2503-8774-f6a4fc9fa89e",
      "status": "final",
      "category": {
        "coding": [ {
          "system": "http://hl7.org/fhir/ValueSet/diagnostic-service-sections",
          "code": "LAB"
        } ]
      },
      "code": {
        "coding": [ {
          "system": "http://loinc.org",
          "code": "58410-2",
          "display": "CBC panel - Blood by Automated count"
        } ],
        "text": "CBC panel - Blood by Automated count"
      },
      "subject": {
        "reference": "urn:uuid:2dafdd16-2f77-3f17-5e42-21f62374582e"
      },
      "encounter": {
        "reference": "urn:uuid:3711d611-02ac-f3d8-422f-5e0010743e5f"
      },
      "effectiveDateTime": "2025-03-16T17:10:55+00:00",
      "issued": "2025-03-16T17:10:55.360+00:00",
      "performer": {
        "reference": "Organization?identifier=https://github.com/synthetichealth/synthea|e854f053-5621-31fa-afa1-29040b0d7466",
        "display": "MATTAPAN COMMUNITY HEALTH CENTER, INC."
      },
      "result": [ {
        "reference": "urn:uuid:aab83044-83df-6c05-bed9-e27c2921606f",
        "display": "Platelet mean volume [Entitic volume] in Blood by Automated count"
      } ]
    },
    "request": {
      "method": "POST",
      "url": "DiagnosticReport"
    }
  }, {
    "fullUrl": "urn:uuid:c4e5a8ef-8164-c42c-d8f7-aaff2951ce49",
    "resource": {
      "resourceType": "Claim",
      "id": "c4e5a8ef-8164-c42c-d8f7-aaff2951ce49",
      "type": "institutional",
      "organization": {
        "reference": "Organization?identifier=https://github.com/synthetichealth/synthea|e854f053-5621-31fa-afa1-29040b0d7466",
        "display": "MATTAPAN COMMUNITY HEALTH CENTER, INC."
      },
      "use": "complete",
      "diagnosis": [ {
        "sequence": 1,
        "diagnosis": {
          "system": "http://snomed.info/sct",
          "code": "314529007",
          "display": "Medication review due (situation)"
        }
      } ],
      "patient": {
        "reference": "urn:uuid:2dafdd16-2f77-3f17-5e42-21f62374582e"
      },
      "item": [ {
        "sequence": 1,
        "type": {
          "system": "http://hl7.org/fhir/v3/ActCode",
          "code": "CSINV",
          "display": "clinical service invoice"
        },
        "service": {
          "system": "http://snomed.info/sct",
          "code": "410620009",
          "display": "Well child visit (procedure)"
        }
      }, {
        "sequence": 2,
        "type": {
          "system": "http://hl7.org/fhir/v3/ActCode",
          "code": "CSINV",
          "display": "clinical service invoice"
        },
        "service": {
          "system": "http://hl7.org/fhir/sid/cvx",
          "code": "08",
          "display": "Hep B, adolescent or pediatric"
        },
        "net": {
          "value": 136.00,
          "system": "urn:iso:std:iso:4217",
          "code": "USD"
        }
      }, {
        "sequence": 4,
        "type": {
          "system": "http://hl7.org/fhir/v3/ActCode",
          "code": "CSINV",
          "display": "clinical service invoice"
        },
        "service": {
          "system": "http://loinc.org",
          "code": "58410-2",
          "display": "CBC panel - Blood by Automated count"
        },
        "net": {
          "value": 74.58,
          "system": "urn:iso:std:iso:4217",
          "code": "USD"
        }
      } ]
    },
    "request": {
      "method": "POST",
      "url": "Claim"
    }
  }, {
    "fullUrl": "urn:uuid:658ed43b-80d1-0f97-7a32-dbf3a1dce338",
    "resource": {
      "resourceType": "Encounter",
      "id": "658ed43b-80d1-0f97-7a32-dbf3a1dce338",
      "status": "finished",
      "class": "ambulatory",
      "type": [ {
        "coding": [ {
          "system": "http://snomed.info/sct",
          "code": "410620009",
          "display": "Well child visit (procedure)"
        } ],
        "text": "Well child visit (procedure)"
      } ],
      "patient": {
        "reference": "urn:uuid:2dafdd16-2f77-3f17-5e42-21f62374582e"
      },
      "participant": [ {
        "individual": {
          "reference": "Practitioner?identifier=http://hl7.org/fhir/sid/us-npi|9999945394",
          "display": "Dr. Latrice352 Ferry570"
        }
      } ],
      "period": {
        "start": "2025-04-20T17:10:55+00:00",
        "end": "2025-04-20T17:25:55+00:00"
      },
      "serviceProvider": {
        "reference": "Organization?identifier=https://github.com/synthetichealth/synthea|e854f053-5621-31fa-afa1-29040b0d7466",
        "display": "MATTAPAN COMMUNITY HEALTH CENTER, INC."
      }
    },
    "request": {
      "method": "POST",
      "url": "Encounter"
    }
  }, {
    "fullUrl": "urn:uuid:04d75481-4080-2b3a-52ea-16a1d6117aef",
    "resource": {
      "resourceType": "Observation",
      "id": "04d75481-4080-2b3a-52ea-16a1d6117aef",
      "status": "final",
      "category": {
        "coding": [ {
          "system": "http://hl7.org/fhir/observation-category",
          "code": "vital-signs",
          "display": "vital-signs"
        } ],
        "text": "vital-signs"
      },
      "code": {
        "coding": [ {
          "system": "http://loinc.org",
          "code": "8302-2",
          "display": "Body Height"
        } ],
        "text": "Body Height"
      },
      "subject": {
        "reference": "urn:uuid:2dafdd16-2f77-3f17-5e42-21f62374582e"
      },
      "encounter": {
        "reference": "urn:uuid:658ed43b-80d1-0f97-7a32-dbf3a1dce338"
      },
      "effectiveDateTime": "2025-04-20T17:10:55+00:00",
      "issued": "2025-04-20T17:10:55.360+00:00",
      "valueQuantity": {
        "value": 55.700,
        "unit": "cm",
        "system": "http://unitsofmeasure.org",
        "code": "cm"
      }
    },
    "request": {
      "method": "POST",
      "url": "Observation"
    }
  }, {
    "fullUrl": "urn:uuid:0a51a532-8583-343a-0728-008c17124529",
    "resource": {
      "resourceType": "Observation",
      "id": "0a51a532-8583-343a-0728-008c17124529",
      "status": "final",
      "category": {
        "coding": [ {
          "system": "http://hl7.org/fhir/observation-category",
          "code": "vital-signs",
          "display": "vital-signs"
        } ],
        "text": "vital-signs"
      },
      "code": {
        "coding": [ {
          "system": "http://loinc.org",
          "code": "72514-3",
          "display": "Pain severity - 0-10 verbal numeric rating [Score] - Reported"
        } ],
        "text": "Pain severity - 0-10 verbal numeric rating [Score] - Reported"
      },
      "subject": {
        "reference": "urn:uuid:2dafdd16-2f77-3f17-5e42-21f62374582e"
      },
      "encounter": {
        "reference": "urn:uuid:658ed43b-80d1-0f97-7a32-dbf3a1dce338"
      },
      "effectiveDateTime": "2025-04-20T17:10:55+00:00",
      "issued": "2025-04-20T17:10:55.360+00:00",
      "valueQuantity": {
        "value": 4,
        "unit": "{score}",
        "system": "http://unitsofmeasure.org",
        "code": "{score}"
      }
    },
    "request": {
      "method": "POST",
      "url": "Observation"
    }
  }, {
    "fullUrl": "urn:uuid:be4426c8-bc4a-8a4e-6e61-786ecb24af61",
    "resource": {
      "resourceType": "Observation",
      "id": "be4426c8-bc4a-8a4e-6e61-786ecb24af61",
      "status": "final",
      "category": {
        "coding": [ {
          "system": "http://hl7.org/fhir/observation-category",
          "code": "vital-signs",
          "display": "vital-signs"
        } ],
        "text": "vital-signs"
      },
      "code": {
        "coding": [ {
          "system": "http://loinc.org",
          "code": "29463-7",
          "display": "Body Weight"
        } ],
        "text": "Body Weight"
      },
      "subject": {
        "reference": "urn:uuid:2dafdd16-2f77-3f17-5e42-21f62374582e"
      },
      "encounter": {
        "reference": "urn:uuid:658ed43b-80d1-0f97-7a32-dbf3a1dce338"
      },
      "effectiveDateTime": "2025-04-20T17:10:55+00:00",
      "issued": "2025-04-20T17:10:55.360+00:00",
      "valueQuantity": {
        "value": 4.3000,
        "unit": "kg",
        "system": "http://unitsofmeasure.org",
        "code": "kg"
      }
    },
    "request": {
      "method": "POST",
      "url": "Observation"
    }
  }, {
    "fullUrl": "urn:uuid:dc24bfb8-470e-8d4a-ca71-8fd125ccc87f",
    "resource": {
      "resourceType": "Observation",
      "id": "dc24bfb8-470e-8d4a-ca71-8fd125ccc87f",
      "status": "final",
      "category": {
        "coding": [ {
          "system": "http://hl7.org/fhir/observation-category",
          "code": "vital-signs",
          "display": "vital-signs"
        } ],
        "text": "vital-signs"
      },
      "code": {
        "coding": [ {
          "system": "http://loinc.org",
          "code": "77606-2",
          "display": "Weight-for-length Per age and sex"
        } ],
        "text": "Weight-for-length Per age and sex"
      },
      "subject": {
        "reference": "urn:uuid:2dafdd16-2f77-3f17-5e42-21f62374582e"
      },
      "encounter": {
        "reference": "urn:uuid:658ed43b-80d1-0f97-7a32-dbf3a1dce338"
      },
      "effectiveDateTime": "2025-04-20T17:10:55+00:00",
      "issued": "2025-04-20T17:10:55.360+00:00",
      "valueQuantity": {
        "value": 4.1844,
        "unit": "%",
        "system": "http://unitsofmeasure.org",
        "code": "%"
      }
    },
    "request": {
      "method": "POST",
      "url": "Observation"
    }
  }, {
    "fullUrl": "urn:uuid:59c310b0-e0a0-bbc7-5189-a9125c4d03ca",
    "resource": {
      "resourceType": "Observation",
      "id": "59c310b0-e0a0-bbc7-5189-a9125c4d03ca",
      "status": "final",
      "category": {
        "coding": [ {
          "system": "http://hl7.org/fhir/observation-category",
          "code": "vital-signs",
          "display": "vital-signs"
        } ],
        "text": "vital-signs"
      },
      "code": {
        "coding": [ {
          "system": "http://loinc.org",
          "code": "8289-1",
          "display": "Head Occipital-frontal circumference Percentile"
        } ],
        "text": "Head Occipital-frontal circumference Percentile"
      },
      "subject": {
        "reference": "urn:uuid:2dafdd16-2f77-3f17-5e42-21f62374582e"
      },
      "encounter": {
        "reference": "urn:uuid:658ed43b-80d1-0f97-7a32-dbf3a1dce338"
      },
      "effectiveDateTime": "2025-04-20T17:10:55+00:00",
      "issued": "2025-04-20T17:10:55.360+00:00",
      "valueQuantity": {
        "value": 37.060,
        "unit": "%",
        "system": "http://unitsofmeasure.org",
        "code": "%"
      }
    },
    "request": {
      "method": "POST",
      "url": "Observation"
    }
  }, {
    "fullUrl": "urn:uuid:5c95b48c-db92-a750-95b5-29f0b524f12a",
    "resource": {
      "resourceType": "Observation",
      "id": "5c95b48c-db92-a750-95b5-29f0b524f12a",
      "status": "final",
      "category": {
        "coding": [ {
          "system": "http://hl7.org/fhir/observation-category",
          "code": "vital-signs",
          "display": "vital-signs"
        } ],
        "text": "vital-signs"
      },
      "code": {
        "coding": [ {
          "system": "http://loinc.org",
          "code": "9843-4",
          "display": "Head Occipital-frontal circumference"
        } ],
        "text": "Head Occipital-frontal circumference"
      },
      "subject": {
        "reference": "urn:uuid:2dafdd16-2f77-3f17-5e42-21f62374582e"
      },
      "encounter": {
        "reference": "urn:uuid:658ed43b-80d1-0f97-7a32-dbf3a1dce338"
      },
      "effectiveDateTime": "2025-04-20T17:10:55+00:00",
      "issued": "2025-04-20T17:10:55.360+00:00",
      "valueQuantity": {
        "value": 38.670,
        "unit": "cm",
        "system": "http://unitsofmeasure.org",
        "code": "cm"
      }
    },
    "request": {
      "method": "POST",
      "url": "Observation"
    }
  }, {
    "fullUrl": "urn:uuid:b77d9e01-61be-1c15-1c3c-2e672a47c877",
    "resource": {
      "resourceType": "Observation",
      "id": "b77d9e01-61be-1c15-1c3c-2e672a47c877",
      "status": "final",
      "category": {
        "coding": [ {
          "system": "http://hl7.org/fhir/observation-category",
          "code": "vital-signs",
          "display": "vital-signs"
        } ],
        "text": "vital-signs"
      },
      "code": {
        "coding": [ {
          "system": "http://loinc.org",
          "code": "85354-9",
          "display": "Blood pressure panel with all children optional"
        } ],
        "text": "Blood pressure panel with all children optional"
      },
      "subject": {
        "reference": "urn:uuid:2dafdd16-2f77-3f17-5e42-21f62374582e"
      },
      "encounter": {
        "reference": "urn:uuid:658ed43b-80d1-0f97-7a32-dbf3a1dce338"
      },
      "effectiveDateTime": "2025-04-20T17:10:55+00:00",
      "issued": "2025-04-20T17:10:55.360+00:00",
      "component": [ {
        "code": {
          "coding": [ {
            "system": "http://loinc.org",
            "code": "8462-4",
            "display": "Diastolic Blood Pressure"
          } ],
          "text": "Diastolic Blood Pressure"
        },
        "valueQuantity": {
          "value": 73,
          "unit": "mm[Hg]",
          "system": "http://unitsofmeasure.org",
          "code": "mm[Hg]"
        }
      }, {
        "code": {
          "coding": [ {
            "system": "http://loinc.org",
            "code": "8480-6",
            "display": "Systolic Blood Pressure"
          } ],
          "text": "Systolic Blood Pressure"
        },
        "valueQuantity": {
          "value": 123,
          "unit": "mm[Hg]",
          "system": "http://unitsofmeasure.org",
          "code": "mm[Hg]"
        }
      } ]
    },
    "request": {
      "method": "POST",
      "url": "Observation"
    }
  }, {
    "fullUrl": "urn:uuid:67bb3f4d-db3e-4372-d1da-a5081d258588",
    "resource": {
      "resourceType": "Observation",
      "id": "67bb3f4d-db3e-4372-d1da-a5081d258588",
      "status": "final",
      "category": {
        "coding": [ {
          "system": "http://hl7.org/fhir/observation-category",
          "code": "vital-signs",
          "display": "vital-signs"
        } ],
        "text": "vital-signs"
      },
      "code": {
        "coding": [ {
          "system": "http://loinc.org",
          "code": "8867-4",
          "display": "Heart rate"
        } ],
        "text": "Heart rate"
      },
      "subject": {
        "reference": "urn:uuid:2dafdd16-2f77-3f17-5e42-21f62374582e"
      },
      "encounter": {
        "reference": "urn:uuid:658ed43b-80d1-0f97-7a32-dbf3a1dce338"
      },
      "effectiveDateTime": "2025-04-20T17:10:55+00:00",
      "issued": "2025-04-20T17:10:55.360+00:00",
      "valueQuantity": {
        "value": 65,
        "unit": "/min",
        "system": "http://unitsofmeasure.org",
        "code": "/min"
      }
    },
    "request": {
      "method": "POST",
      "url": "Observation"
    }
  }, {
    "fullUrl": "urn:uuid:a1e8cd77-814c-bdf3-7352-5f0b2eef969b",
    "resource": {
      "resourceType": "Observation",
      "id": "a1e8cd77-814c-bdf3-7352-5f0b2eef969b",
      "status": "final",
      "category": {
        "coding": [ {
          "system": "http://hl7.org/fhir/observation-category",
          "code": "vital-signs",
          "display": "vital-signs"
        } ],
        "text": "vital-signs"
      },
      "code": {
        "coding": [ {
          "system": "http://loinc.org",
          "code": "9279-1",
          "display": "Respiratory rate"
        } ],
        "text": "Respiratory rate"
      },
      "subject": {
        "reference": "urn:uuid:2dafdd16-2f77-3f17-5e42-21f62374582e"
      },
      "encounter": {
        "reference": "urn:uuid:658ed43b-80d1-0f97-7a32-dbf3a1dce338"
      },
      "effectiveDateTime": "2025-04-20T17:10:55+00:00",
      "issued": "2025-04-20T17:10:55.360+00:00",
      "valueQuantity": {
        "value": 15,
        "unit": "/min",
        "system": "http://unitsofmeasure.org",
        "code": "/min"
      }
    },
    "request": {
      "method": "POST",
      "url": "Observation"
    }
  }, {
    "fullUrl": "urn:uuid:4243df29-1dae-f2fc-8b0b-747f94ebb5d2",
    "resource": {
      "resourceType": "Observation",
      "id": "4243df29-1dae-f2fc-8b0b-747f94ebb5d2",
      "status": "final",
      "category": {
        "coding": [ {
          "system": "http://hl7.org/fhir/observation-category",
          "code": "social-history",
          "display": "social-history"
        } ],
        "text": "social-history"
      },
      "code": {
        "coding": [ {
          "system": "http://loinc.org",
          "code": "72166-2",
          "display": "Tobacco smoking status"
        } ],
        "text": "Tobacco smoking status"
      },
      "subject": {
        "reference": "urn:uuid:2dafdd16-2f77-3f17-5e42-21f62374582e"
      },
      "encounter": {
        "reference": "urn:uuid:658ed43b-80d1-0f97-7a32-dbf3a1dce338"
      },
      "effectiveDateTime": "2025-04-20T17:10:55+00:00",
      "issued": "2025-04-20T17:10:55.360+00:00",
      "valueCodeableConcept": {
        "coding": [ {
          "system": "http://snomed.info/sct",
          "code": "266919005",
          "display": "Never smoked tobacco (finding)"
        } ],
        "text": "Never smoked tobacco (finding)"
      }
    },
    "request": {
      "method": "POST",
      "url": "Observation"
    }
  }, {
    "fullUrl": "urn:uuid:adbfcc88-4845-8393-298f-f0dc77d7dc01",
    "resource": {
      "resourceType": "Immunization",
      "id": "adbfcc88-4845-8393-298f-f0dc77d7dc01",
      "status": "completed",
      "date": "2025-04-20T17:10:55+00:00",
      "vaccineCode": {
        "coding": [ {
          "system": "http://hl7.org/fhir/sid/cvx",
          "code": "08",
          "display": "Hep B, adolescent or pediatric"
        } ],
        "text": "Hep B, adolescent or pediatric"
      },
      "patient": {
        "reference": "urn:uuid:2dafdd16-2f77-3f17-5e42-21f62374582e"
      },
      "wasNotGiven": false,
      "reported": false,
      "encounter": {
        "reference": "urn:uuid:658ed43b-80d1-0f97-7a32-dbf3a1dce338"
      }
    },
    "request": {
      "method": "POST",
      "url": "Immunization"
    }
  }, {
    "fullUrl": "urn:uuid:b6b5ff77-7736-20cb-a195-abb17db5a1b0",
    "resource": {
      "resourceType": "Claim",
      "id": "b6b5ff77-7736-20cb-a195-abb17db5a1b0",
      "type": "institutional",
      "organization": {
        "reference": "Organization?identifier=https://github.com/synthetichealth/synthea|e854f053-5621-31fa-afa1-29040b0d7466",
        "display": "MATTAPAN COMMUNITY HEALTH CENTER, INC."
      },
      "use": "complete",
      "patient": {
        "reference": "urn:uuid:2dafdd16-2f77-3f17-5e42-21f62374582e"
      },
      "item": [ {
        "sequence": 1,
        "type": {
          "system": "http://hl7.org/fhir/v3/ActCode",
          "code": "CSINV",
          "display": "clinical service invoice"
        },
        "service": {
          "system": "http://snomed.info/sct",
          "code": "410620009",
          "display": "Well child visit (procedure)"
        }
      }, {
        "sequence": 2,
        "type": {
          "system": "http://hl7.org/fhir/v3/ActCode",
          "code": "CSINV",
          "display": "clinical service invoice"
        },
        "service": {
          "system": "http://hl7.org/fhir/sid/cvx",
          "code": "08",
          "display": "Hep B, adolescent or pediatric"
        },
        "net": {
          "value": 136.00,
          "system": "urn:iso:std:iso:4217",
          "code": "USD"
        }
      } ]
    },
    "request": {
      "method": "POST",
      "url": "Claim"
    }
  } ]
}
