{
  "resourceType": "Bundle",
  "type": "transaction",
  "entry": [ {
    "fullUrl": "urn:uuid:9c2d8d1c-db85-103e-90aa-fea394bc1fe3",
    "resource": {
      "resourceType": "Patient",
      "id": "9c2d8d1c-db85-103e-90aa-fea394bc1fe3",
      "text": {
        "status": "generated",
        "div": "<div xmlns=\"http://www.w3.org/1999/xhtml\">Generated by <a href=\"https://github.com/synthetichealth/synthea\">Synthea</a>.Version identifier: ecc34a8\n .   Person seed: -8581654118799448797  Population seed: 1715889439789</div>"
      },
      "extension": [ {
        "url": "http://hl7.org/fhir/StructureDefinition/us-core-race",
        "valueCodeableConcept": {
          "coding": [ {
            "system": "http://hl7.org/fhir/v3/Race",
            "code": "2106-3",
            "display": "White"
          } ],
          "text": "White"
        }
      }, {
        "url": "http://hl7.org/fhir/StructureDefinition/us-core-ethnicity",
        "valueCodeableConcept": {
          "coding": [ {
            "system": "http://hl7.org/fhir/v3/Ethnicity",
            "code": "2186-5",
            "display": "Not Hispanic or Latino"
          } ],
          "text": "Not Hispanic or Latino"
        }
      }, {
        "url": "http://hl7.org/fhir/StructureDefinition/patient-mothersMaidenName",
        "valueString": "Christina143 Wilkinson796"
      }, {
        "url": "http://hl7.org/fhir/us/core/StructureDefinition/us-core-birthsex",
        "valueCode": "M"
      }, {
        "url": "http://hl7.org/fhir/StructureDefinition/birthPlace",
        "valueAddress": {
          "city": "Boston",
          "state": "Massachusetts",
          "country": "US"
        }
      }, {
        "url": "http://synthetichealth.github.io/synthea/disability-adjusted-life-years",
        "valueDecimal": 0.0
      }, {
        "url": "http://synthetichealth.github.io/synthea/quality-adjusted-life-years",
        "valueDecimal": 0.0
      } ],
      "identifier": [ {
        "system": "https://github.com/synthetichealth/synthea",
        "value": "9c2d8d1c-db85-103e-90aa-fea394bc1fe3"
      }, {
        "type": {
          "coding": [ {
            "system": "http://hl7.org/fhir/v2/0203",
            "code": "MR"
          } ]
        },
        "system": "http://hospital.smarthealthit.org",
        "value": "9c2d8d1c-db85-103e-90aa-fea394bc1fe3"
      }, {
        "type": {
          "coding": [ {
            "system": "http://hl7.org/fhir/identifier-type",
            "code": "SB"
          } ]
        },
        "system": "http://hl7.org/fhir/sid/us-ssn",
        "value": "999-19-3599"
      } ],
      "name": [ {
        "use": "official",
        "family": [ "Hartmann983" ],
        "given": [ "Henry768", "Hoyt490" ]
      } ],
      "telecom": [ {
        "system": "phone",
        "value": "555-640-5285",
        "use": "home"
      } ],
      "gender": "male",
      "birthDate": "2024-02-04",
      "address": [ {
        "extension": [ {
          "url": "http://hl7.org/fhir/StructureDefinition/geolocation",
          "extension": [ {
            "url": "latitude",
            "valueDecimal": 42.36675778132067
          }, {
            "url": "longitude",
            "valueDecimal": -72.49843925072847
          } ]
        } ],
        "line": [ "860 Daniel Ramp" ],
        "city": "North Amherst",
        "state": "Massachusetts",
        "postalCode": "01059",
        "country": "US"
      } ],
      "maritalStatus": {
        "coding": [ {
          "system": "http://hl7.org/fhir/v3/MaritalStatus",
          "code": "S"
        } ]
      },
      "multipleBirthInteger": 1,
      "communication": [ {
        "language": {
          "coding": [ {
            "system": "urn:ietf:bcp:47",
            "code": "en-US",
            "display": "English (United States)"
          } ],
          "text": "English (United States)"
        }
      } ]
    },
    "request": {
      "method": "POST",
      "url": "Patient"
    }
  }, {
    "fullUrl": "urn:uuid:2c5f51df-a018-299f-6855-cd9ed33c6b36",
    "resource": {
      "resourceType": "Encounter",
      "id": "2c5f51df-a018-299f-6855-cd9ed33c6b36",
      "status": "finished",
      "class": "ambulatory",
      "type": [ {
        "coding": [ {
          "system": "http://snomed.info/sct",
          "code": "410620009",
          "display": "Well child visit (procedure)"
        } ],
        "text": "Well child visit (procedure)"
      } ],
      "patient": {
        "reference": "urn:uuid:9c2d8d1c-db85-103e-90aa-fea394bc1fe3"
      },
      "participant": [ {
        "individual": {
          "reference": "Practitioner?identifier=http://hl7.org/fhir/sid/us-npi|9999973297",
          "display": "Dr. Jamison785 Davis923"
        }
      } ],
      "period": {
        "start": "2024-02-04T12:13:03+00:00",
        "end": "2024-02-04T12:28:03+00:00"
      },
      "serviceProvider": {
        "reference": "Organization?identifier=https://github.com/synthetichealth/synthea|4f59f709-8b84-3d27-a04b-c6b7b5544413",
        "display": "HILLTOWN COMMUNITY HEALTH CENTERS INC"
      }
    },
    "request": {
      "method": "POST",
      "url": "Encounter"
    }
  }, {
    "fullUrl": "urn:uuid:0916a876-3045-28a8-fa08-5ec2f471c6ca",
    "resource": {
      "resourceType": "Condition",
      "id": "0916a876-3045-28a8-fa08-5ec2f471c6ca",
      "patient": {
        "reference": "urn:uuid:9c2d8d1c-db85-103e-90aa-fea394bc1fe3"
      },
      "encounter": {
        "reference": "urn:uuid:2c5f51df-a018-299f-6855-cd9ed33c6b36"
      },
      "dateRecorded": "2024-02-04",
      "code": {
        "coding": [ {
          "system": "http://snomed.info/sct",
          "code": "314529007",
          "display": "Medication review due (situation)"
        } ],
        "text": "Medication review due (situation)"
      },
      "category": {
        "coding": [ {
          "system": "http://hl7.org/fhir/condition-category",
          "code": "diagnosis"
        } ]
      },
      "clinicalStatus": "resolved",
      "verificationStatus": "confirmed",
      "onsetDateTime": "2024-02-04T12:13:03+00:00",
      "abatementDateTime": "2024-02-04T12:13:03+00:00"
    },
    "request": {
      "method": "POST",
      "url": "Condition"
    }
  }, {
    "fullUrl": "urn:uuid:1ab795c4-b40e-09c8-c2cb-ffa8375bc435",
    "resource": {
      "resourceType": "Observation",
      "id": "1ab795c4-b40e-09c8-c2cb-ffa8375bc435",
      "status": "final",
      "category": {
        "coding": [ {
          "system": "http://hl7.org/fhir/observation-category",
          "code": "vital-signs",
          "display": "vital-signs"
        } ],
        "text": "vital-signs"
      },
      "code": {
        "coding": [ {
          "system": "http://loinc.org",
          "code": "8302-2",
          "display": "Body Height"
        } ],
        "text": "Body Height"
      },
      "subject": {
        "reference": "urn:uuid:9c2d8d1c-db85-103e-90aa-fea394bc1fe3"
      },
      "encounter": {
        "reference": "urn:uuid:2c5f51df-a018-299f-6855-cd9ed33c6b36"
      },
      "effectiveDateTime": "2024-02-04T12:13:03+00:00",
      "issued": "2024-02-04T12:13:03.955+00:00",
      "valueQuantity": {
        "value": 54.600,
        "unit": "cm",
        "system": "http://unitsofmeasure.org",
        "code": "cm"
      }
    },
    "request": {
      "method": "POST",
      "url": "Observation"
    }
  }, {
    "fullUrl": "urn:uuid:041c50b1-9104-1977-3f6f-dc5db25f6afe",
    "resource": {
      "resourceType": "Observation",
      "id": "041c50b1-9104-1977-3f6f-dc5db25f6afe",
      "status": "final",
      "category": {
        "coding": [ {
          "system": "http://hl7.org/fhir/observation-category",
          "code": "vital-signs",
          "display": "vital-signs"
        } ],
        "text": "vital-signs"
      },
      "code": {
        "coding": [ {
          "system": "http://loinc.org",
          "code": "72514-3",
          "display": "Pain severity - 0-10 verbal numeric rating [Score] - Reported"
        } ],
        "text": "Pain severity - 0-10 verbal numeric rating [Score] - Reported"
      },
      "subject": {
        "reference": "urn:uuid:9c2d8d1c-db85-103e-90aa-fea394bc1fe3"
      },
      "encounter": {
        "reference": "urn:uuid:2c5f51df-a018-299f-6855-cd9ed33c6b36"
      },
      "effectiveDateTime": "2024-02-04T12:13:03+00:00",
      "issued": "2024-02-04T12:13:03.955+00:00",
      "valueQuantity": {
        "value": 3,
        "unit": "{score}",
        "system": "http://unitsofmeasure.org",
        "code": "{score}"
      }
    },
    "request": {
      "method": "POST",
      "url": "Observation"
    }
  }, {
    "fullUrl": "urn:uuid:a8771426-8201-0ae8-eb06-d9fe3e1a0365",
    "resource": {
      "resourceType": "Observation",
      "id": "a8771426-8201-0ae8-eb06-d9fe3e1a0365",
      "status": "final",
      "category": {
        "coding": [ {
          "system": "http://hl7.org/fhir/observation-category",
          "code": "vital-signs",
          "display": "vital-signs"
        } ],
        "text": "vital-signs"
      },
      "code": {
        "coding": [ {
          "system": "http://loinc.org",
          "code": "29463-7",
          "display": "Body Weight"
        } ],
        "text": "Body Weight"
      },
      "subject": {
        "reference": "urn:uuid:9c2d8d1c-db85-103e-90aa-fea394bc1fe3"
      },
      "encounter": {
        "reference": "urn:uuid:2c5f51df-a018-299f-6855-cd9ed33c6b36"
      },
      "effectiveDateTime": "2024-02-04T12:13:03+00:00",
      "issued": "2024-02-04T12:13:03.955+00:00",
      "valueQuantity": {
        "value": 4.5,
        "unit": "kg",
        "system": "http://unitsofmeasure.org",
        "code": "kg"
      }
    },
    "request": {
      "method": "POST",
      "url": "Observation"
    }
  }, {
    "fullUrl": "urn:uuid:381794c1-cb41-0fba-6a12-37abd38cdcff",
    "resource": {
      "resourceType": "Observation",
      "id": "381794c1-cb41-0fba-6a12-37abd38cdcff",
      "status": "final",
      "category": {
        "coding": [ {
          "system": "http://hl7.org/fhir/observation-category",
          "code": "vital-signs",
          "display": "vital-signs"
        } ],
        "text": "vital-signs"
      },
      "code": {
        "coding": [ {
          "system": "http://loinc.org",
          "code": "77606-2",
          "display": "Weight-for-length Per age and sex"
        } ],
        "text": "Weight-for-length Per age and sex"
      },
      "subject": {
        "reference": "urn:uuid:9c2d8d1c-db85-103e-90aa-fea394bc1fe3"
      },
      "encounter": {
        "reference": "urn:uuid:2c5f51df-a018-299f-6855-cd9ed33c6b36"
      },
      "effectiveDateTime": "2024-02-04T12:13:03+00:00",
      "issued": "2024-02-04T12:13:03.955+00:00",
      "valueQuantity": {
        "value": 30.125,
        "unit": "%",
        "system": "http://unitsofmeasure.org",
        "code": "%"
      }
    },
    "request": {
      "method": "POST",
      "url": "Observation"
    }
  }, {
    "fullUrl": "urn:uuid:082e23fd-84ac-0558-429f-bff040376a7b",
    "resource": {
      "resourceType": "Observation",
      "id": "082e23fd-84ac-0558-429f-bff040376a7b",
      "status": "final",
      "category": {
        "coding": [ {
          "system": "http://hl7.org/fhir/observation-category",
          "code": "vital-signs",
          "display": "vital-signs"
        } ],
        "text": "vital-signs"
      },
      "code": {
        "coding": [ {
          "system": "http://loinc.org",
          "code": "8289-1",
          "display": "Head Occipital-frontal circumference Percentile"
        } ],
        "text": "Head Occipital-frontal circumference Percentile"
      },
      "subject": {
        "reference": "urn:uuid:9c2d8d1c-db85-103e-90aa-fea394bc1fe3"
      },
      "encounter": {
        "reference": "urn:uuid:2c5f51df-a018-299f-6855-cd9ed33c6b36"
      },
      "effectiveDateTime": "2024-02-04T12:13:03+00:00",
      "issued": "2024-02-04T12:13:03.955+00:00",
      "valueQuantity": {
        "value": 79.790,
        "unit": "%",
        "system": "http://unitsofmeasure.org",
        "code": "%"
      }
    },
    "request": {
      "method": "POST",
      "url": "Observation"
    }
  }, {
    "fullUrl": "urn:uuid:2cd59bff-2b8e-5576-959d-c801f1c98515",
    "resource": {
      "resourceType": "Observation",
      "id": "2cd59bff-2b8e-5576-959d-c801f1c98515",
      "status": "final",
      "category": {
        "coding": [ {
          "system": "http://hl7.org/fhir/observation-category",
          "code": "vital-signs",
          "display": "vital-signs"
        } ],
        "text": "vital-signs"
      },
      "code": {
        "coding": [ {
          "system": "http://loinc.org",
          "code": "9843-4",
          "display": "Head Occipital-frontal circumference"
        } ],
        "text": "Head Occipital-frontal circumference"
      },
      "subject": {
        "reference": "urn:uuid:9c2d8d1c-db85-103e-90aa-fea394bc1fe3"
      },
      "encounter": {
        "reference": "urn:uuid:2c5f51df-a018-299f-6855-cd9ed33c6b36"
      },
      "effectiveDateTime": "2024-02-04T12:13:03+00:00",
      "issued": "2024-02-04T12:13:03.955+00:00",
      "valueQuantity": {
        "value": 37.270,
        "unit": "cm",
        "system": "http://unitsofmeasure.org",
        "code": "cm"
      }
    },
    "request": {
      "method": "POST",
      "url": "Observation"
    }
  }, {
    "fullUrl": "urn:uuid:2925666d-22b8-30b6-b630-7b58e8910f54",
    "resource": {
      "resourceType": "Observation",
      "id": "2925666d-22b8-30b6-b630-7b58e8910f54",
      "status": "final",
      "category": {
        "coding": [ {
          "system": "http://hl7.org/fhir/observation-category",
          "code": "vital-signs",
          "display": "vital-signs"
        } ],
        "text": "vital-signs"
      },
      "code": {
        "coding": [ {
          "system": "http://loinc.org",
          "code": "85354-9",
          "display": "Blood pressure panel with all children optional"
        } ],
        "text": "Blood pressure panel with all children optional"
      },
      "subject": {
        "reference": "urn:uuid:9c2d8d1c-db85-103e-90aa-fea394bc1fe3"
      },
      "encounter": {
        "reference": "urn:uuid:2c5f51df-a018-299f-6855-cd9ed33c6b36"
      },
      "effectiveDateTime": "2024-02-04T12:13:03+00:00",
      "issued": "2024-02-04T12:13:03.955+00:00",
      "component": [ {
        "code": {
          "coding": [ {
            "system": "http://loinc.org",
            "code": "8462-4",
            "display": "Diastolic Blood Pressure"
          } ],
          "text": "Diastolic Blood Pressure"
        },
        "valueQuantity": {
          "value": 66,
          "unit": "mm[Hg]",
          "system": "http://unitsofmeasure.org",
          "code": "mm[Hg]"
        }
      }, {
        "code": {
          "coding": [ {
            "system": "http://loinc.org",
            "code": "8480-6",
            "display": "Systolic Blood Pressure"
          } ],
          "text": "Systolic Blood Pressure"
        },
        "valueQuantity": {
          "value": 122,
          "unit": "mm[Hg]",
          "system": "http://unitsofmeasure.org",
          "code": "mm[Hg]"
        }
      } ]
    },
    "request": {
      "method": "POST",
      "url": "Observation"
    }
  }, {
    "fullUrl": "urn:uuid:cc9e9e7d-dda5-bf57-6fda-41a12740bc1c",
    "resource": {
      "resourceType": "Observation",
      "id": "cc9e9e7d-dda5-bf57-6fda-41a12740bc1c",
      "status": "final",
      "category": {
        "coding": [ {
          "system": "http://hl7.org/fhir/observation-category",
          "code": "vital-signs",
          "display": "vital-signs"
        } ],
        "text": "vital-signs"
      },
      "code": {
        "coding": [ {
          "system": "http://loinc.org",
          "code": "8867-4",
          "display": "Heart rate"
        } ],
        "text": "Heart rate"
      },
      "subject": {
        "reference": "urn:uuid:9c2d8d1c-db85-103e-90aa-fea394bc1fe3"
      },
      "encounter": {
        "reference": "urn:uuid:2c5f51df-a018-299f-6855-cd9ed33c6b36"
      },
      "effectiveDateTime": "2024-02-04T12:13:03+00:00",
      "issued": "2024-02-04T12:13:03.955+00:00",
      "valueQuantity": {
        "value": 94,
        "unit": "/min",
        "system": "http://unitsofmeasure.org",
        "code": "/min"
      }
    },
    "request": {
      "method": "POST",
      "url": "Observation"
    }
  }, {
    "fullUrl": "urn:uuid:c244a18e-3f83-bafe-c9b9-7896200bde53",
    "resource": {
      "resourceType": "Observation",
      "id": "c244a18e-3f83-bafe-c9b9-7896200bde53",
      "status": "final",
      "category": {
        "coding": [ {
          "system": "http://hl7.org/fhir/observation-category",
          "code": "vital-signs",
          "display": "vital-signs"
        } ],
        "text": "vital-signs"
      },
      "code": {
        "coding": [ {
          "system": "http://loinc.org",
          "code": "9279-1",
          "display": "Respiratory rate"
        } ],
        "text": "Respiratory rate"
      },
      "subject": {
        "reference": "urn:uuid:9c2d8d1c-db85-103e-90aa-fea394bc1fe3"
      },
      "encounter": {
        "reference": "urn:uuid:2c5f51df-a018-299f-6855-cd9ed33c6b36"
      },
      "effectiveDateTime": "2024-02-04T12:13:03+00:00",
      "issued": "2024-02-04T12:13:03.955+00:00",
      "valueQuantity": {
        "value": 16,
        "unit": "/min",
        "system": "http://unitsofmeasure.org",
        "code": "/min"
      }
    },
    "request": {
      "method": "POST",
      "url": "Observation"
    }
  }, {
    "fullUrl": "urn:uuid:162d9ef3-2243-b111-e3e0-dcb9ca7e617f",
    "resource": {
      "resourceType": "Observation",
      "id": "162d9ef3-2243-b111-e3e0-dcb9ca7e617f",
      "status": "final",
      "category": {
        "coding": [ {
          "system": "http://hl7.org/fhir/observation-category",
          "code": "laboratory",
          "display": "laboratory"
        } ],
        "text": "laboratory"
      },
      "code": {
        "coding": [ {
          "system": "http://loinc.org",
          "code": "6690-2",
          "display": "Leukocytes [#/volume] in Blood by Automated count"
        } ],
        "text": "Leukocytes [#/volume] in Blood by Automated count"
      },
      "subject": {
        "reference": "urn:uuid:9c2d8d1c-db85-103e-90aa-fea394bc1fe3"
      },
      "encounter": {
        "reference": "urn:uuid:2c5f51df-a018-299f-6855-cd9ed33c6b36"
      },
      "effectiveDateTime": "2024-02-04T12:13:03+00:00",
      "issued": "2024-02-04T12:13:03.955+00:00",
      "valueQuantity": {
        "value": 8.9075,
        "unit": "10*3/uL",
        "system": "http://unitsofmeasure.org",
        "code": "10*3/uL"
      }
    },
    "request": {
      "method": "POST",
      "url": "Observation"
    }
  }, {
    "fullUrl": "urn:uuid:2301be8b-2a24-6d31-49b5-53a3dfda0057",
    "resource": {
      "resourceType": "Observation",
      "id": "2301be8b-2a24-6d31-49b5-53a3dfda0057",
      "status": "final",
      "category": {
        "coding": [ {
          "system": "http://hl7.org/fhir/observation-category",
          "code": "laboratory",
          "display": "laboratory"
        } ],
        "text": "laboratory"
      },
      "code": {
        "coding": [ {
          "system": "http://loinc.org",
          "code": "789-8",
          "display": "Erythrocytes [#/volume] in Blood by Automated count"
        } ],
        "text": "Erythrocytes [#/volume] in Blood by Automated count"
      },
      "subject": {
        "reference": "urn:uuid:9c2d8d1c-db85-103e-90aa-fea394bc1fe3"
      },
      "encounter": {
        "reference": "urn:uuid:2c5f51df-a018-299f-6855-cd9ed33c6b36"
      },
      "effectiveDateTime": "2024-02-04T12:13:03+00:00",
      "issued": "2024-02-04T12:13:03.955+00:00",
      "valueQuantity": {
        "value": 4.4408,
        "unit": "10*6/uL",
        "system": "http://unitsofmeasure.org",
        "code": "10*6/uL"
      }
    },
    "request": {
      "method": "POST",
      "url": "Observation"
    }
  }, {
    "fullUrl": "urn:uuid:740aab49-81c8-db3b-225a-db57b7fd2296",
    "resource": {
      "resourceType": "Observation",
      "id": "740aab49-81c8-db3b-225a-db57b7fd2296",
      "status": "final",
      "category": {
        "coding": [ {
          "system": "http://hl7.org/fhir/observation-category",
          "code": "laboratory",
          "display": "laboratory"
        } ],
        "text": "laboratory"
      },
      "code": {
        "coding": [ {
          "system": "http://loinc.org",
          "code": "718-7",
          "display": "Hemoglobin [Mass/volume] in Blood"
        } ],
        "text": "Hemoglobin [Mass/volume] in Blood"
      },
      "subject": {
        "reference": "urn:uuid:9c2d8d1c-db85-103e-90aa-fea394bc1fe3"
      },
      "encounter": {
        "reference": "urn:uuid:2c5f51df-a018-299f-6855-cd9ed33c6b36"
      },
      "effectiveDateTime": "2024-02-04T12:13:03+00:00",
      "issued": "2024-02-04T12:13:03.955+00:00",
      "valueQuantity": {
        "value": 16.345,
        "unit": "g/dL",
        "system": "http://unitsofmeasure.org",
        "code": "g/dL"
      }
    },
    "request": {
      "method": "POST",
      "url": "Observation"
    }
  }, {
    "fullUrl": "urn:uuid:98c19849-a309-1a04-5a4b-4451af6d5d54",
    "resource": {
      "resourceType": "Observation",
      "id": "98c19849-a309-1a04-5a4b-4451af6d5d54",
      "status": "final",
      "category": {
        "coding": [ {
          "system": "http://hl7.org/fhir/observation-category",
          "code": "laboratory",
          "display": "laboratory"
        } ],
        "text": "laboratory"
      },
      "code": {
        "coding": [ {
          "system": "http://loinc.org",
          "code": "4544-3",
          "display": "Hematocrit [Volume Fraction] of Blood by Automated count"
        } ],
        "text": "Hematocrit [Volume Fraction] of Blood by Automated count"
      },
      "subject": {
        "reference": "urn:uuid:9c2d8d1c-db85-103e-90aa-fea394bc1fe3"
      },
      "encounter": {
        "reference": "urn:uuid:2c5f51df-a018-299f-6855-cd9ed33c6b36"
      },
      "effectiveDateTime": "2024-02-04T12:13:03+00:00",
      "issued": "2024-02-04T12:13:03.955+00:00",
      "valueQuantity": {
        "value": 40.078,
        "unit": "%",
        "system": "http://unitsofmeasure.org",
        "code": "%"
      }
    },
    "request": {
      "method": "POST",
      "url": "Observation"
    }
  }, {
    "fullUrl": "urn:uuid:a775e13d-d658-b4ad-43c6-6889b3c60e4f",
    "resource": {
      "resourceType": "Observation",
      "id": "a775e13d-d658-b4ad-43c6-6889b3c60e4f",
      "status": "final",
      "category": {
        "coding": [ {
          "system": "http://hl7.org/fhir/observation-category",
          "code": "laboratory",
          "display": "laboratory"
        } ],
        "text": "laboratory"
      },
      "code": {
        "coding": [ {
          "system": "http://loinc.org",
          "code": "787-2",
          "display": "MCV [Entitic volume] by Automated count"
        } ],
        "text": "MCV [Entitic volume] by Automated count"
      },
      "subject": {
        "reference": "urn:uuid:9c2d8d1c-db85-103e-90aa-fea394bc1fe3"
      },
      "encounter": {
        "reference": "urn:uuid:2c5f51df-a018-299f-6855-cd9ed33c6b36"
      },
      "effectiveDateTime": "2024-02-04T12:13:03+00:00",
      "issued": "2024-02-04T12:13:03.955+00:00",
      "valueQuantity": {
        "value": 86.316,
        "unit": "fL",
        "system": "http://unitsofmeasure.org",
        "code": "fL"
      }
    },
    "request": {
      "method": "POST",
      "url": "Observation"
    }
  }, {
    "fullUrl": "urn:uuid:24589a56-d1d9-8872-3763-5521c296ebca",
    "resource": {
      "resourceType": "Observation",
      "id": "24589a56-d1d9-8872-3763-5521c296ebca",
      "status": "final",
      "category": {
        "coding": [ {
          "system": "http://hl7.org/fhir/observation-category",
          "code": "laboratory",
          "display": "laboratory"
        } ],
        "text": "laboratory"
      },
      "code": {
        "coding": [ {
          "system": "http://loinc.org",
          "code": "785-6",
          "display": "MCH [Entitic mass] by Automated count"
        } ],
        "text": "MCH [Entitic mass] by Automated count"
      },
      "subject": {
        "reference": "urn:uuid:9c2d8d1c-db85-103e-90aa-fea394bc1fe3"
      },
      "encounter": {
        "reference": "urn:uuid:2c5f51df-a018-299f-6855-cd9ed33c6b36"
      },
      "effectiveDateTime": "2024-02-04T12:13:03+00:00",
      "issued": "2024-02-04T12:13:03.955+00:00",
      "valueQuantity": {
        "value": 32.294,
        "unit": "pg",
        "system": "http://unitsofmeasure.org",
        "code": "pg"
      }
    },
    "request": {
      "method": "POST",
      "url": "Observation"
    }
  }, {
    "fullUrl": "urn:uuid:af6dfbe1-90da-3ae2-99dd-79b046e46c8c",
    "resource": {
      "resourceType": "Observation",
      "id": "af6dfbe1-90da-3ae2-99dd-79b046e46c8c",
      "status": "final",
      "category": {
        "coding": [ {
          "system": "http://hl7.org/fhir/observation-category",
          "code": "laboratory",
          "display": "laboratory"
        } ],
        "text": "laboratory"
      },
      "code": {
        "coding": [ {
          "system": "http://loinc.org",
          "code": "786-4",
          "display": "MCHC [Mass/volume] by Automated count"
        } ],
        "text": "MCHC [Mass/volume] by Automated count"
      },
      "subject": {
        "reference": "urn:uuid:9c2d8d1c-db85-103e-90aa-fea394bc1fe3"
      },
      "encounter": {
        "reference": "urn:uuid:2c5f51df-a018-299f-6855-cd9ed33c6b36"
      },
      "effectiveDateTime": "2024-02-04T12:13:03+00:00",
      "issued": "2024-02-04T12:13:03.955+00:00",
      "valueQuantity": {
        "value": 35.050,
        "unit": "g/dL",
        "system": "http://unitsofmeasure.org",
        "code": "g/dL"
      }
    },
    "request": {
      "method": "POST",
      "url": "Observation"
    }
  }, {
    "fullUrl": "urn:uuid:c6daf40d-5ca5-c57d-f88b-184f2ba08edf",
    "resource": {
      "resourceType": "Observation",
      "id": "c6daf40d-5ca5-c57d-f88b-184f2ba08edf",
      "status": "final",
      "category": {
        "coding": [ {
          "system": "http://hl7.org/fhir/observation-category",
          "code": "laboratory",
          "display": "laboratory"
        } ],
        "text": "laboratory"
      },
      "code": {
        "coding": [ {
          "system": "http://loinc.org",
          "code": "21000-5",
          "display": "Erythrocyte distribution width [Entitic volume] by Automated count"
        } ],
        "text": "Erythrocyte distribution width [Entitic volume] by Automated count"
      },
      "subject": {
        "reference": "urn:uuid:9c2d8d1c-db85-103e-90aa-fea394bc1fe3"
      },
      "encounter": {
        "reference": "urn:uuid:2c5f51df-a018-299f-6855-cd9ed33c6b36"
      },
      "effectiveDateTime": "2024-02-04T12:13:03+00:00",
      "issued": "2024-02-04T12:13:03.955+00:00",
      "valueQuantity": {
        "value": 40.083,
        "unit": "fL",
        "system": "http://unitsofmeasure.org",
        "code": "fL"
      }
    },
    "request": {
      "method": "POST",
      "url": "Observation"
    }
  }, {
    "fullUrl": "urn:uuid:24699588-f38d-3330-fc55-18046ad40ea0",
    "resource": {
      "resourceType": "Observation",
      "id": "24699588-f38d-3330-fc55-18046ad40ea0",
      "status": "final",
      "category": {
        "coding": [ {
          "system": "http://hl7.org/fhir/observation-category",
          "code": "laboratory",
          "display": "laboratory"
        } ],
        "text": "laboratory"
      },
      "code": {
        "coding": [ {
          "system": "http://loinc.org",
          "code": "777-3",
          "display": "Platelets [#/volume] in Blood by Automated count"
        } ],
        "text": "Platelets [#/volume] in Blood by Automated count"
      },
      "subject": {
        "reference": "urn:uuid:9c2d8d1c-db85-103e-90aa-fea394bc1fe3"
      },
      "encounter": {
        "reference": "urn:uuid:2c5f51df-a018-299f-6855-cd9ed33c6b36"
      },
      "effectiveDateTime": "2024-02-04T12:13:03+00:00",
      "issued": "2024-02-04T12:13:03.955+00:00",
      "valueQuantity": {
        "value": 274.17,
        "unit": "10*3/uL",
        "system": "http://unitsofmeasure.org",
        "code": "10*3/uL"
      }
    },
    "request": {
      "method": "POST",
      "url": "Observation"
    }
  }, {
    "fullUrl": "urn:uuid:30aa2409-4b7d-8927-1d76-0f1d2cd759be",
    "resource": {
      "resourceType": "Observation",
      "id": "30aa2409-4b7d-8927-1d76-0f1d2cd759be",
      "status": "final",
      "category": {
        "coding": [ {
          "system": "http://hl7.org/fhir/observation-category",
          "code": "laboratory",
          "display": "laboratory"
        } ],
        "text": "laboratory"
      },
      "code": {
        "coding": [ {
          "system": "http://loinc.org",
          "code": "32207-3",
          "display": "Platelet distribution width [Entitic volume] in Blood by Automated count"
        } ],
        "text": "Platelet distribution width [Entitic volume] in Blood by Automated count"
      },
      "subject": {
        "reference": "urn:uuid:9c2d8d1c-db85-103e-90aa-fea394bc1fe3"
      },
      "encounter": {
        "reference": "urn:uuid:2c5f51df-a018-299f-6855-cd9ed33c6b36"
      },
      "effectiveDateTime": "2024-02-04T12:13:03+00:00",
      "issued": "2024-02-04T12:13:03.955+00:00",
      "valueQuantity": {
        "value": 151.42,
        "unit": "fL",
        "system": "http://unitsofmeasure.org",
        "code": "fL"
      }
    },
    "request": {
      "method": "POST",
      "url": "Observation"
    }
  }, {
    "fullUrl": "urn:uuid:484337d2-2307-c7e6-fdd0-6d890429d7c3",
    "resource": {
      "resourceType": "Observation",
      "id": "484337d2-2307-c7e6-fdd0-6d890429d7c3",
      "status": "final",
      "category": {
        "coding": [ {
          "system": "http://hl7.org/fhir/observation-category",
          "code": "laboratory",
          "display": "laboratory"
        } ],
        "text": "laboratory"
      },
      "code": {
        "coding": [ {
          "system": "http://loinc.org",
          "code": "32623-1",
          "display": "Platelet mean volume [Entitic volume] in Blood by Automated count"
        } ],
        "text": "Platelet mean volume [Entitic volume] in Blood by Automated count"
      },
      "subject": {
        "reference": "urn:uuid:9c2d8d1c-db85-103e-90aa-fea394bc1fe3"
      },
      "encounter": {
        "reference": "urn:uuid:2c5f51df-a018-299f-6855-cd9ed33c6b36"
      },
      "effectiveDateTime": "2024-02-04T12:13:03+00:00",
      "issued": "2024-02-04T12:13:03.955+00:00",
      "valueQuantity": {
        "value": 9.6504,
        "unit": "fL",
        "system": "http://unitsofmeasure.org",
        "code": "fL"
      }
    },
    "request": {
      "method": "POST",
      "url": "Observation"
    }
  }, {
    "fullUrl": "urn:uuid:ff1f2f65-06dd-342f-0a1e-2a27b7f2b3dc",
    "resource": {
      "resourceType": "Observation",
      "id": "ff1f2f65-06dd-342f-0a1e-2a27b7f2b3dc",
      "status": "final",
      "category": {
        "coding": [ {
          "system": "http://hl7.org/fhir/observation-category",
          "code": "social-history",
          "display": "social-history"
        } ],
        "text": "social-history"
      },
      "code": {
        "coding": [ {
          "system": "http://loinc.org",
          "code": "72166-2",
          "display": "Tobacco smoking status"
        } ],
        "text": "Tobacco smoking status"
      },
      "subject": {
        "reference": "urn:uuid:9c2d8d1c-db85-103e-90aa-fea394bc1fe3"
      },
      "encounter": {
        "reference": "urn:uuid:2c5f51df-a018-299f-6855-cd9ed33c6b36"
      },
      "effectiveDateTime": "2024-02-04T12:13:03+00:00",
      "issued": "2024-02-04T12:13:03.955+00:00",
      "valueCodeableConcept": {
        "coding": [ {
          "system": "http://snomed.info/sct",
          "code": "266919005",
          "display": "Never smoked tobacco (finding)"
        } ],
        "text": "Never smoked tobacco (finding)"
      }
    },
    "request": {
      "method": "POST",
      "url": "Observation"
    }
  }, {
    "fullUrl": "urn:uuid:e66aca0a-0d60-882a-26b1-8fb5007cb5a9",
    "resource": {
      "resourceType": "Procedure",
      "id": "e66aca0a-0d60-882a-26b1-8fb5007cb5a9",
      "subject": {
        "reference": "urn:uuid:9c2d8d1c-db85-103e-90aa-fea394bc1fe3"
      },
      "status": "completed",
      "code": {
        "coding": [ {
          "system": "http://snomed.info/sct",
          "code": "430193006",
          "display": "Medication Reconciliation (procedure)"
        } ],
        "text": "Medication Reconciliation (procedure)"
      },
      "performedPeriod": {
        "start": "2024-02-04T12:13:03+00:00",
        "end": "2024-02-04T12:28:03+00:00"
      },
      "encounter": {
        "reference": "urn:uuid:2c5f51df-a018-299f-6855-cd9ed33c6b36"
      }
    },
    "request": {
      "method": "POST",
      "url": "Procedure"
    }
  }, {
    "fullUrl": "urn:uuid:76615283-db31-8ca5-7640-3aefd65650d9",
    "resource": {
      "resourceType": "Immunization",
      "id": "76615283-db31-8ca5-7640-3aefd65650d9",
      "status": "completed",
      "date": "2024-02-04T12:13:03+00:00",
      "vaccineCode": {
        "coding": [ {
          "system": "http://hl7.org/fhir/sid/cvx",
          "code": "08",
          "display": "Hep B, adolescent or pediatric"
        } ],
        "text": "Hep B, adolescent or pediatric"
      },
      "patient": {
        "reference": "urn:uuid:9c2d8d1c-db85-103e-90aa-fea394bc1fe3"
      },
      "wasNotGiven": false,
      "reported": false,
      "encounter": {
        "reference": "urn:uuid:2c5f51df-a018-299f-6855-cd9ed33c6b36"
      }
    },
    "request": {
      "method": "POST",
      "url": "Immunization"
    }
  }, {
    "fullUrl": "urn:uuid:ef66b9c5-2c18-744e-63f4-67cfd1974ab0",
    "resource": {
      "resourceType": "DiagnosticReport",
      "id": "ef66b9c5-2c18-744e-63f4-67cfd1974ab0",
      "status": "final",
      "category": {
        "coding": [ {
          "system": "http://hl7.org/fhir/ValueSet/diagnostic-service-sections",
          "code": "LAB"
        } ]
      },
      "code": {
        "coding": [ {
          "system": "http://loinc.org",
          "code": "58410-2",
          "display": "CBC panel - Blood by Automated count"
        } ],
        "text": "CBC panel - Blood by Automated count"
      },
      "subject": {
        "reference": "urn:uuid:9c2d8d1c-db85-103e-90aa-fea394bc1fe3"
      },
      "encounter": {
        "reference": "urn:uuid:2c5f51df-a018-299f-6855-cd9ed33c6b36"
      },
      "effectiveDateTime": "2024-02-04T12:13:03+00:00",
      "issued": "2024-02-04T12:13:03.955+00:00",
      "performer": {
        "reference": "Organization?identifier=https://github.com/synthetichealth/synthea|4f59f709-8b84-3d27-a04b-c6b7b5544413",
        "display": "HILLTOWN COMMUNITY HEALTH CENTERS INC"
      },
      "result": [ {
        "reference": "urn:uuid:484337d2-2307-c7e6-fdd0-6d890429d7c3",
        "display": "Platelet mean volume [Entitic volume] in Blood by Automated count"
      } ]
    },
    "request": {
      "method": "POST",
      "url": "DiagnosticReport"
    }
  }, {
    "fullUrl": "urn:uuid:febc3a9c-243e-2d97-7f5d-f75b5d6ef9ca",
    "resource": {
      "resourceType": "Claim",
      "id": "febc3a9c-243e-2d97-7f5d-f75b5d6ef9ca",
      "type": "institutional",
      "organization": {
        "reference": "Organization?identifier=https://github.com/synthetichealth/synthea|4f59f709-8b84-3d27-a04b-c6b7b5544413",
        "display": "HILLTOWN COMMUNITY HEALTH CENTERS INC"
      },
      "use": "complete",
      "diagnosis": [ {
        "sequence": 1,
        "diagnosis": {
          "system": "http://snomed.info/sct",
          "code": "314529007",
          "display": "Medication review due (situation)"
        }
      } ],
      "patient": {
        "reference": "urn:uuid:9c2d8d1c-db85-103e-90aa-fea394bc1fe3"
      },
      "item": [ {
        "sequence": 1,
        "type": {
          "system": "http://hl7.org/fhir/v3/ActCode",
          "code": "CSINV",
          "display": "clinical service invoice"
        },
        "service": {
          "system": "http://snomed.info/sct",
          "code": "410620009",
          "display": "Well child visit (procedure)"
        }
      }, {
        "sequence": 2,
        "type": {
          "system": "http://hl7.org/fhir/v3/ActCode",
          "code": "CSINV",
          "display": "clinical service invoice"
        },
        "service": {
          "system": "http://hl7.org/fhir/sid/cvx",
          "code": "08",
          "display": "Hep B, adolescent or pediatric"
        },
        "net": {
          "value": 136.00,
          "system": "urn:iso:std:iso:4217",
          "code": "USD"
        }
      }, {
        "sequence": 4,
        "type": {
          "system": "http://hl7.org/fhir/v3/ActCode",
          "code": "CSINV",
          "display": "clinical service invoice"
        },
        "service": {
          "system": "http://snomed.info/sct",
          "code": "430193006",
          "display": "Medication Reconciliation (procedure)"
        },
        "net": {
          "value": 647.11,
          "system": "urn:iso:std:iso:4217",
          "code": "USD"
        }
      }, {
        "sequence": 5,
        "type": {
          "system": "http://hl7.org/fhir/v3/ActCode",
          "code": "CSINV",
          "display": "clinical service invoice"
        },
        "service": {
          "system": "http://loinc.org",
          "code": "58410-2",
          "display": "CBC panel - Blood by Automated count"
        },
        "net": {
          "value": 74.58,
          "system": "urn:iso:std:iso:4217",
          "code": "USD"
        }
      } ]
    },
    "request": {
      "method": "POST",
      "url": "Claim"
    }
  }, {
    "fullUrl": "urn:uuid:bffd550e-fd4c-2898-f519-4c77c13c24f7",
    "resource": {
      "resourceType": "Encounter",
      "id": "bffd550e-fd4c-2898-f519-4c77c13c24f7",
      "status": "finished",
      "class": "ambulatory",
      "type": [ {
        "coding": [ {
          "system": "http://snomed.info/sct",
          "code": "410620009",
          "display": "Well child visit (procedure)"
        } ],
        "text": "Well child visit (procedure)"
      } ],
      "patient": {
        "reference": "urn:uuid:9c2d8d1c-db85-103e-90aa-fea394bc1fe3"
      },
      "participant": [ {
        "individual": {
          "reference": "Practitioner?identifier=http://hl7.org/fhir/sid/us-npi|9999973297",
          "display": "Dr. Jamison785 Davis923"
        }
      } ],
      "period": {
        "start": "2024-03-10T12:13:03+00:00",
        "end": "2024-03-10T12:28:03+00:00"
      },
      "serviceProvider": {
        "reference": "Organization?identifier=https://github.com/synthetichealth/synthea|4f59f709-8b84-3d27-a04b-c6b7b5544413",
        "display": "HILLTOWN COMMUNITY HEALTH CENTERS INC"
      }
    },
    "request": {
      "method": "POST",
      "url": "Encounter"
    }
  }, {
    "fullUrl": "urn:uuid:f85c4a9a-9056-62df-693b-6ea7f68942ad",
    "resource": {
      "resourceType": "Condition",
      "id": "f85c4a9a-9056-62df-693b-6ea7f68942ad",
      "patient": {
        "reference": "urn:uuid:9c2d8d1c-db85-103e-90aa-fea394bc1fe3"
      },
      "encounter": {
        "reference": "urn:uuid:bffd550e-fd4c-2898-f519-4c77c13c24f7"
      },
      "dateRecorded": "2024-03-10",
      "code": {
        "coding": [ {
          "system": "http://snomed.info/sct",
          "code": "314529007",
          "display": "Medication review due (situation)"
        } ],
        "text": "Medication review due (situation)"
      },
      "category": {
        "coding": [ {
          "system": "http://hl7.org/fhir/condition-category",
          "code": "diagnosis"
        } ]
      },
      "clinicalStatus": "resolved",
      "verificationStatus": "confirmed",
      "onsetDateTime": "2024-03-10T12:13:03+00:00",
      "abatementDateTime": "2024-03-10T12:13:03+00:00"
    },
    "request": {
      "method": "POST",
      "url": "Condition"
    }
  }, {
    "fullUrl": "urn:uuid:31b671c4-a21f-7d2d-3f9c-e2613490c089",
    "resource": {
      "resourceType": "Observation",
      "id": "31b671c4-a21f-7d2d-3f9c-e2613490c089",
      "status": "final",
      "category": {
        "coding": [ {
          "system": "http://hl7.org/fhir/observation-category",
          "code": "vital-signs",
          "display": "vital-signs"
        } ],
        "text": "vital-signs"
      },
      "code": {
        "coding": [ {
          "system": "http://loinc.org",
          "code": "8302-2",
          "display": "Body Height"
        } ],
        "text": "Body Height"
      },
      "subject": {
        "reference": "urn:uuid:9c2d8d1c-db85-103e-90aa-fea394bc1fe3"
      },
      "encounter": {
        "reference": "urn:uuid:bffd550e-fd4c-2898-f519-4c77c13c24f7"
      },
      "effectiveDateTime": "2024-03-10T12:13:03+00:00",
      "issued": "2024-03-10T12:13:03.955+00:00",
      "valueQuantity": {
        "value": 58.5,
        "unit": "cm",
        "system": "http://unitsofmeasure.org",
        "code": "cm"
      }
    },
    "request": {
      "method": "POST",
      "url": "Observation"
    }
  }, {
    "fullUrl": "urn:uuid:5f6b0bbf-469a-3f6c-ff3f-7af037546d22",
    "resource": {
      "resourceType": "Observation",
      "id": "5f6b0bbf-469a-3f6c-ff3f-7af037546d22",
      "status": "final",
      "category": {
        "coding": [ {
          "system": "http://hl7.org/fhir/observation-category",
          "code": "vital-signs",
          "display": "vital-signs"
        } ],
        "text": "vital-signs"
      },
      "code": {
        "coding": [ {
          "system": "http://loinc.org",
          "code": "72514-3",
          "display": "Pain severity - 0-10 verbal numeric rating [Score] - Reported"
        } ],
        "text": "Pain severity - 0-10 verbal numeric rating [Score] - Reported"
      },
      "subject": {
        "reference": "urn:uuid:9c2d8d1c-db85-103e-90aa-fea394bc1fe3"
      },
      "encounter": {
        "reference": "urn:uuid:bffd550e-fd4c-2898-f519-4c77c13c24f7"
      },
      "effectiveDateTime": "2024-03-10T12:13:03+00:00",
      "issued": "2024-03-10T12:13:03.955+00:00",
      "valueQuantity": {
        "value": 4,
        "unit": "{score}",
        "system": "http://unitsofmeasure.org",
        "code": "{score}"
      }
    },
    "request": {
      "method": "POST",
      "url": "Observation"
    }
  }, {
    "fullUrl": "urn:uuid:dc3a9df0-3117-fe14-eda4-4692e6827c0b",
    "resource": {
      "resourceType": "Observation",
      "id": "dc3a9df0-3117-fe14-eda4-4692e6827c0b",
      "status": "final",
      "category": {
        "coding": [ {
          "system": "http://hl7.org/fhir/observation-category",
          "code": "vital-signs",
          "display": "vital-signs"
        } ],
        "text": "vital-signs"
      },
      "code": {
        "coding": [ {
          "system": "http://loinc.org",
          "code": "29463-7",
          "display": "Body Weight"
        } ],
        "text": "Body Weight"
      },
      "subject": {
        "reference": "urn:uuid:9c2d8d1c-db85-103e-90aa-fea394bc1fe3"
      },
      "encounter": {
        "reference": "urn:uuid:bffd550e-fd4c-2898-f519-4c77c13c24f7"
      },
      "effectiveDateTime": "2024-03-10T12:13:03+00:00",
      "issued": "2024-03-10T12:13:03.955+00:00",
      "valueQuantity": {
        "value": 5.4000,
        "unit": "kg",
        "system": "http://unitsofmeasure.org",
        "code": "kg"
      }
    },
    "request": {
      "method": "POST",
      "url": "Observation"
    }
  }, {
    "fullUrl": "urn:uuid:9d1d187a-e2cc-b1cc-8401-2170571c8260",
    "resource": {
      "resourceType": "Observation",
      "id": "9d1d187a-e2cc-b1cc-8401-2170571c8260",
      "status": "final",
      "category": {
        "coding": [ {
          "system": "http://hl7.org/fhir/observation-category",
          "code": "vital-signs",
          "display": "vital-signs"
        } ],
        "text": "vital-signs"
      },
      "code": {
        "coding": [ {
          "system": "http://loinc.org",
          "code": "77606-2",
          "display": "Weight-for-length Per age and sex"
        } ],
        "text": "Weight-for-length Per age and sex"
      },
      "subject": {
        "reference": "urn:uuid:9c2d8d1c-db85-103e-90aa-fea394bc1fe3"
      },
      "encounter": {
        "reference": "urn:uuid:bffd550e-fd4c-2898-f519-4c77c13c24f7"
      },
      "effectiveDateTime": "2024-03-10T12:13:03+00:00",
      "issued": "2024-03-10T12:13:03.955+00:00",
      "valueQuantity": {
        "value": 22.195,
        "unit": "%",
        "system": "http://unitsofmeasure.org",
        "code": "%"
      }
    },
    "request": {
      "method": "POST",
      "url": "Observation"
    }
  }, {
    "fullUrl": "urn:uuid:f8f80fa7-ac3a-b8cc-0246-1cf56d5ecec2",
    "resource": {
      "resourceType": "Observation",
      "id": "f8f80fa7-ac3a-b8cc-0246-1cf56d5ecec2",
      "status": "final",
      "category": {
        "coding": [ {
          "system": "http://hl7.org/fhir/observation-category",
          "code": "vital-signs",
          "display": "vital-signs"
        } ],
        "text": "vital-signs"
      },
      "code": {
        "coding": [ {
          "system": "http://loinc.org",
          "code": "8289-1",
          "display": "Head Occipital-frontal circumference Percentile"
        } ],
        "text": "Head Occipital-frontal circumference Percentile"
      },
      "subject": {
        "reference": "urn:uuid:9c2d8d1c-db85-103e-90aa-fea394bc1fe3"
      },
      "encounter": {
        "reference": "urn:uuid:bffd550e-fd4c-2898-f519-4c77c13c24f7"
      },
      "effectiveDateTime": "2024-03-10T12:13:03+00:00",
      "issued": "2024-03-10T12:13:03.955+00:00",
      "valueQuantity": {
        "value": 79.790,
        "unit": "%",
        "system": "http://unitsofmeasure.org",
        "code": "%"
      }
    },
    "request": {
      "method": "POST",
      "url": "Observation"
    }
  }, {
    "fullUrl": "urn:uuid:9f18712f-0402-12db-887d-7b5543d4ab4d",
    "resource": {
      "resourceType": "Observation",
      "id": "9f18712f-0402-12db-887d-7b5543d4ab4d",
      "status": "final",
      "category": {
        "coding": [ {
          "system": "http://hl7.org/fhir/observation-category",
          "code": "vital-signs",
          "display": "vital-signs"
        } ],
        "text": "vital-signs"
      },
      "code": {
        "coding": [ {
          "system": "http://loinc.org",
          "code": "9843-4",
          "display": "Head Occipital-frontal circumference"
        } ],
        "text": "Head Occipital-frontal circumference"
      },
      "subject": {
        "reference": "urn:uuid:9c2d8d1c-db85-103e-90aa-fea394bc1fe3"
      },
      "encounter": {
        "reference": "urn:uuid:bffd550e-fd4c-2898-f519-4c77c13c24f7"
      },
      "effectiveDateTime": "2024-03-10T12:13:03+00:00",
      "issued": "2024-03-10T12:13:03.955+00:00",
      "valueQuantity": {
        "value": 40.490,
        "unit": "cm",
        "system": "http://unitsofmeasure.org",
        "code": "cm"
      }
    },
    "request": {
      "method": "POST",
      "url": "Observation"
    }
  }, {
    "fullUrl": "urn:uuid:6915a8ac-0afc-7d55-a19c-a681d9950edb",
    "resource": {
      "resourceType": "Observation",
      "id": "6915a8ac-0afc-7d55-a19c-a681d9950edb",
      "status": "final",
      "category": {
        "coding": [ {
          "system": "http://hl7.org/fhir/observation-category",
          "code": "vital-signs",
          "display": "vital-signs"
        } ],
        "text": "vital-signs"
      },
      "code": {
        "coding": [ {
          "system": "http://loinc.org",
          "code": "85354-9",
          "display": "Blood pressure panel with all children optional"
        } ],
        "text": "Blood pressure panel with all children optional"
      },
      "subject": {
        "reference": "urn:uuid:9c2d8d1c-db85-103e-90aa-fea394bc1fe3"
      },
      "encounter": {
        "reference": "urn:uuid:bffd550e-fd4c-2898-f519-4c77c13c24f7"
      },
      "effectiveDateTime": "2024-03-10T12:13:03+00:00",
      "issued": "2024-03-10T12:13:03.955+00:00",
      "component": [ {
        "code": {
          "coding": [ {
            "system": "http://loinc.org",
            "code": "8462-4",
            "display": "Diastolic Blood Pressure"
          } ],
          "text": "Diastolic Blood Pressure"
        },
        "valueQuantity": {
          "value": 72,
          "unit": "mm[Hg]",
          "system": "http://unitsofmeasure.org",
          "code": "mm[Hg]"
        }
      }, {
        "code": {
          "coding": [ {
            "system": "http://loinc.org",
            "code": "8480-6",
            "display": "Systolic Blood Pressure"
          } ],
          "text": "Systolic Blood Pressure"
        },
        "valueQuantity": {
          "value": 121,
          "unit": "mm[Hg]",
          "system": "http://unitsofmeasure.org",
          "code": "mm[Hg]"
        }
      } ]
    },
    "request": {
      "method": "POST",
      "url": "Observation"
    }
  }, {
    "fullUrl": "urn:uuid:7e360d25-07a3-3aeb-e886-35bab6b5623b",
    "resource": {
      "resourceType": "Observation",
      "id": "7e360d25-07a3-3aeb-e886-35bab6b5623b",
      "status": "final",
      "category": {
        "coding": [ {
          "system": "http://hl7.org/fhir/observation-category",
          "code": "vital-signs",
          "display": "vital-signs"
        } ],
        "text": "vital-signs"
      },
      "code": {
        "coding": [ {
          "system": "http://loinc.org",
          "code": "8867-4",
          "display": "Heart rate"
        } ],
        "text": "Heart rate"
      },
      "subject": {
        "reference": "urn:uuid:9c2d8d1c-db85-103e-90aa-fea394bc1fe3"
      },
      "encounter": {
        "reference": "urn:uuid:bffd550e-fd4c-2898-f519-4c77c13c24f7"
      },
      "effectiveDateTime": "2024-03-10T12:13:03+00:00",
      "issued": "2024-03-10T12:13:03.955+00:00",
      "valueQuantity": {
        "value": 62,
        "unit": "/min",
        "system": "http://unitsofmeasure.org",
        "code": "/min"
      }
    },
    "request": {
      "method": "POST",
      "url": "Observation"
    }
  }, {
    "fullUrl": "urn:uuid:f2a3a721-cc1d-fe37-eb66-c1ed76c88083",
    "resource": {
      "resourceType": "Observation",
      "id": "f2a3a721-cc1d-fe37-eb66-c1ed76c88083",
      "status": "final",
      "category": {
        "coding": [ {
          "system": "http://hl7.org/fhir/observation-category",
          "code": "vital-signs",
          "display": "vital-signs"
        } ],
        "text": "vital-signs"
      },
      "code": {
        "coding": [ {
          "system": "http://loinc.org",
          "code": "9279-1",
          "display": "Respiratory rate"
        } ],
        "text": "Respiratory rate"
      },
      "subject": {
        "reference": "urn:uuid:9c2d8d1c-db85-103e-90aa-fea394bc1fe3"
      },
      "encounter": {
        "reference": "urn:uuid:bffd550e-fd4c-2898-f519-4c77c13c24f7"
      },
      "effectiveDateTime": "2024-03-10T12:13:03+00:00",
      "issued": "2024-03-10T12:13:03.955+00:00",
      "valueQuantity": {
        "value": 16,
        "unit": "/min",
        "system": "http://unitsofmeasure.org",
        "code": "/min"
      }
    },
    "request": {
      "method": "POST",
      "url": "Observation"
    }
  }, {
    "fullUrl": "urn:uuid:bf86e5aa-c0a6-6f1c-133c-94048389d836",
    "resource": {
      "resourceType": "Observation",
      "id": "bf86e5aa-c0a6-6f1c-133c-94048389d836",
      "status": "final",
      "category": {
        "coding": [ {
          "system": "http://hl7.org/fhir/observation-category",
          "code": "social-history",
          "display": "social-history"
        } ],
        "text": "social-history"
      },
      "code": {
        "coding": [ {
          "system": "http://loinc.org",
          "code": "72166-2",
          "display": "Tobacco smoking status"
        } ],
        "text": "Tobacco smoking status"
      },
      "subject": {
        "reference": "urn:uuid:9c2d8d1c-db85-103e-90aa-fea394bc1fe3"
      },
      "encounter": {
        "reference": "urn:uuid:bffd550e-fd4c-2898-f519-4c77c13c24f7"
      },
      "effectiveDateTime": "2024-03-10T12:13:03+00:00",
      "issued": "2024-03-10T12:13:03.955+00:00",
      "valueCodeableConcept": {
        "coding": [ {
          "system": "http://snomed.info/sct",
          "code": "266919005",
          "display": "Never smoked tobacco (finding)"
        } ],
        "text": "Never smoked tobacco (finding)"
      }
    },
    "request": {
      "method": "POST",
      "url": "Observation"
    }
  }, {
    "fullUrl": "urn:uuid:925bae61-a994-babd-788e-c3c69ed6ff98",
    "resource": {
      "resourceType": "Procedure",
      "id": "925bae61-a994-babd-788e-c3c69ed6ff98",
      "subject": {
        "reference": "urn:uuid:9c2d8d1c-db85-103e-90aa-fea394bc1fe3"
      },
      "status": "completed",
      "code": {
        "coding": [ {
          "system": "http://snomed.info/sct",
          "code": "430193006",
          "display": "Medication Reconciliation (procedure)"
        } ],
        "text": "Medication Reconciliation (procedure)"
      },
      "performedPeriod": {
        "start": "2024-03-10T12:13:03+00:00",
        "end": "2024-03-10T12:28:03+00:00"
      },
      "encounter": {
        "reference": "urn:uuid:bffd550e-fd4c-2898-f519-4c77c13c24f7"
      }
    },
    "request": {
      "method": "POST",
      "url": "Procedure"
    }
  }, {
    "fullUrl": "urn:uuid:dded1d25-2501-79ea-fc42-134765c3117a",
    "resource": {
      "resourceType": "Immunization",
      "id": "dded1d25-2501-79ea-fc42-134765c3117a",
      "status": "completed",
      "date": "2024-03-10T12:13:03+00:00",
      "vaccineCode": {
        "coding": [ {
          "system": "http://hl7.org/fhir/sid/cvx",
          "code": "08",
          "display": "Hep B, adolescent or pediatric"
        } ],
        "text": "Hep B, adolescent or pediatric"
      },
      "patient": {
        "reference": "urn:uuid:9c2d8d1c-db85-103e-90aa-fea394bc1fe3"
      },
      "wasNotGiven": false,
      "reported": false,
      "encounter": {
        "reference": "urn:uuid:bffd550e-fd4c-2898-f519-4c77c13c24f7"
      }
    },
    "request": {
      "method": "POST",
      "url": "Immunization"
    }
  }, {
    "fullUrl": "urn:uuid:d8aa3169-618b-2571-f73c-14e7cc71a7d6",
    "resource": {
      "resourceType": "Claim",
      "id": "d8aa3169-618b-2571-f73c-14e7cc71a7d6",
      "type": "institutional",
      "organization": {
        "reference": "Organization?identifier=https://github.com/synthetichealth/synthea|4f59f709-8b84-3d27-a04b-c6b7b5544413",
        "display": "HILLTOWN COMMUNITY HEALTH CENTERS INC"
      },
      "use": "complete",
      "diagnosis": [ {
        "sequence": 1,
        "diagnosis": {
          "system": "http://snomed.info/sct",
          "code": "314529007",
          "display": "Medication review due (situation)"
        }
      } ],
      "patient": {
        "reference": "urn:uuid:9c2d8d1c-db85-103e-90aa-fea394bc1fe3"
      },
      "item": [ {
        "sequence": 1,
        "type": {
          "system": "http://hl7.org/fhir/v3/ActCode",
          "code": "CSINV",
          "display": "clinical service invoice"
        },
        "service": {
          "system": "http://snomed.info/sct",
          "code": "410620009",
          "display": "Well child visit (procedure)"
        }
      }, {
        "sequence": 2,
        "type": {
          "system": "http://hl7.org/fhir/v3/ActCode",
          "code": "CSINV",
          "display": "clinical service invoice"
        },
        "service": {
          "system": "http://hl7.org/fhir/sid/cvx",
          "code": "08",
          "display": "Hep B, adolescent or pediatric"
        },
        "net": {
          "value": 136.00,
          "system": "urn:iso:std:iso:4217",
          "code": "USD"
        }
      }, {
        "sequence": 4,
        "type": {
          "system": "http://hl7.org/fhir/v3/ActCode",
          "code": "CSINV",
          "display": "clinical service invoice"
        },
        "service": {
          "system": "http://snomed.info/sct",
          "code": "430193006",
          "display": "Medication Reconciliation (procedure)"
        },
        "net": {
          "value": 689.22,
          "system": "urn:iso:std:iso:4217",
          "code": "USD"
        }
      } ]
    },
    "request": {
      "method": "POST",
      "url": "Claim"
    }
  }, {
    "fullUrl": "urn:uuid:7fd17b40-f252-6dcc-38e0-18e85694852d",
    "resource": {
      "resourceType": "Encounter",
      "id": "7fd17b40-f252-6dcc-38e0-18e85694852d",
      "status": "finished",
      "class": "ambulatory",
      "type": [ {
        "coding": [ {
          "system": "http://snomed.info/sct",
          "code": "410620009",
          "display": "Well child visit (procedure)"
        } ],
        "text": "Well child visit (procedure)"
      } ],
      "patient": {
        "reference": "urn:uuid:9c2d8d1c-db85-103e-90aa-fea394bc1fe3"
      },
      "participant": [ {
        "individual": {
          "reference": "Practitioner?identifier=http://hl7.org/fhir/sid/us-npi|9999973297",
          "display": "Dr. Jamison785 Davis923"
        }
      } ],
      "period": {
        "start": "2024-05-12T12:13:03+00:00",
        "end": "2024-05-12T12:28:03+00:00"
      },
      "serviceProvider": {
        "reference": "Organization?identifier=https://github.com/synthetichealth/synthea|4f59f709-8b84-3d27-a04b-c6b7b5544413",
        "display": "HILLTOWN COMMUNITY HEALTH CENTERS INC"
      }
    },
    "request": {
      "method": "POST",
      "url": "Encounter"
    }
  }, {
    "fullUrl": "urn:uuid:ffc7d788-db1f-3aea-36ab-858a154dbaba",
    "resource": {
      "resourceType": "Condition",
      "id": "ffc7d788-db1f-3aea-36ab-858a154dbaba",
      "patient": {
        "reference": "urn:uuid:9c2d8d1c-db85-103e-90aa-fea394bc1fe3"
      },
      "encounter": {
        "reference": "urn:uuid:7fd17b40-f252-6dcc-38e0-18e85694852d"
      },
      "dateRecorded": "2024-05-12",
      "code": {
        "coding": [ {
          "system": "http://snomed.info/sct",
          "code": "314529007",
          "display": "Medication review due (situation)"
        } ],
        "text": "Medication review due (situation)"
      },
      "category": {
        "coding": [ {
          "system": "http://hl7.org/fhir/condition-category",
          "code": "diagnosis"
        } ]
      },
      "clinicalStatus": "active",
      "verificationStatus": "confirmed",
      "onsetDateTime": "2024-05-12T12:13:03+00:00"
    },
    "request": {
      "method": "POST",
      "url": "Condition"
    }
  }, {
    "fullUrl": "urn:uuid:9ad04d6f-91ac-ff37-1ee3-b8b1c2cad35e",
    "resource": {
      "resourceType": "Observation",
      "id": "9ad04d6f-91ac-ff37-1ee3-b8b1c2cad35e",
      "status": "final",
      "category": {
        "coding": [ {
          "system": "http://hl7.org/fhir/observation-category",
          "code": "vital-signs",
          "display": "vital-signs"
        } ],
        "text": "vital-signs"
      },
      "code": {
        "coding": [ {
          "system": "http://loinc.org",
          "code": "8302-2",
          "display": "Body Height"
        } ],
        "text": "Body Height"
      },
      "subject": {
        "reference": "urn:uuid:9c2d8d1c-db85-103e-90aa-fea394bc1fe3"
      },
      "encounter": {
        "reference": "urn:uuid:7fd17b40-f252-6dcc-38e0-18e85694852d"
      },
      "effectiveDateTime": "2024-05-12T12:13:03+00:00",
      "issued": "2024-05-12T12:13:03.955+00:00",
      "valueQuantity": {
        "value": 64,
        "unit": "cm",
        "system": "http://unitsofmeasure.org",
        "code": "cm"
      }
    },
    "request": {
      "method": "POST",
      "url": "Observation"
    }
  }, {
    "fullUrl": "urn:uuid:9e8eef90-fc3b-e7de-c2f9-ca4fa0f09b5e",
    "resource": {
      "resourceType": "Observation",
      "id": "9e8eef90-fc3b-e7de-c2f9-ca4fa0f09b5e",
      "status": "final",
      "category": {
        "coding": [ {
          "system": "http://hl7.org/fhir/observation-category",
          "code": "vital-signs",
          "display": "vital-signs"
        } ],
        "text": "vital-signs"
      },
      "code": {
        "coding": [ {
          "system": "http://loinc.org",
          "code": "72514-3",
          "display": "Pain severity - 0-10 verbal numeric rating [Score] - Reported"
        } ],
        "text": "Pain severity - 0-10 verbal numeric rating [Score] - Reported"
      },
      "subject": {
        "reference": "urn:uuid:9c2d8d1c-db85-103e-90aa-fea394bc1fe3"
      },
      "encounter": {
        "reference": "urn:uuid:7fd17b40-f252-6dcc-38e0-18e85694852d"
      },
      "effectiveDateTime": "2024-05-12T12:13:03+00:00",
      "issued": "2024-05-12T12:13:03.955+00:00",
      "valueQuantity": {
        "value": 3,
        "unit": "{score}",
        "system": "http://unitsofmeasure.org",
        "code": "{score}"
      }
    },
    "request": {
      "method": "POST",
      "url": "Observation"
    }
  }, {
    "fullUrl": "urn:uuid:657e7c21-0568-da25-2166-200a64138598",
    "resource": {
      "resourceType": "Observation",
      "id": "657e7c21-0568-da25-2166-200a64138598",
      "status": "final",
      "category": {
        "coding": [ {
          "system": "http://hl7.org/fhir/observation-category",
          "code": "vital-signs",
          "display": "vital-signs"
        } ],
        "text": "vital-signs"
      },
      "code": {
        "coding": [ {
          "system": "http://loinc.org",
          "code": "29463-7",
          "display": "Body Weight"
        } ],
        "text": "Body Weight"
      },
      "subject": {
        "reference": "urn:uuid:9c2d8d1c-db85-103e-90aa-fea394bc1fe3"
      },
      "encounter": {
        "reference": "urn:uuid:7fd17b40-f252-6dcc-38e0-18e85694852d"
      },
      "effectiveDateTime": "2024-05-12T12:13:03+00:00",
      "issued": "2024-05-12T12:13:03.955+00:00",
      "valueQuantity": {
        "value": 7.1000,
        "unit": "kg",
        "system": "http://unitsofmeasure.org",
        "code": "kg"
      }
    },
    "request": {
      "method": "POST",
      "url": "Observation"
    }
  }, {
    "fullUrl": "urn:uuid:f9317484-2246-b97b-3213-41a8fce6b18b",
    "resource": {
      "resourceType": "Observation",
      "id": "f9317484-2246-b97b-3213-41a8fce6b18b",
      "status": "final",
      "category": {
        "coding": [ {
          "system": "http://hl7.org/fhir/observation-category",
          "code": "vital-signs",
          "display": "vital-signs"
        } ],
        "text": "vital-signs"
      },
      "code": {
        "coding": [ {
          "system": "http://loinc.org",
          "code": "77606-2",
          "display": "Weight-for-length Per age and sex"
        } ],
        "text": "Weight-for-length Per age and sex"
      },
      "subject": {
        "reference": "urn:uuid:9c2d8d1c-db85-103e-90aa-fea394bc1fe3"
      },
      "encounter": {
        "reference": "urn:uuid:7fd17b40-f252-6dcc-38e0-18e85694852d"
      },
      "effectiveDateTime": "2024-05-12T12:13:03+00:00",
      "issued": "2024-05-12T12:13:03.955+00:00",
      "valueQuantity": {
        "value": 53.430,
        "unit": "%",
        "system": "http://unitsofmeasure.org",
        "code": "%"
      }
    },
    "request": {
      "method": "POST",
      "url": "Observation"
    }
  }, {
    "fullUrl": "urn:uuid:3b1e1496-561d-faf3-c8b3-d5df9704656b",
    "resource": {
      "resourceType": "Observation",
      "id": "3b1e1496-561d-faf3-c8b3-d5df9704656b",
      "status": "final",
      "category": {
        "coding": [ {
          "system": "http://hl7.org/fhir/observation-category",
          "code": "vital-signs",
          "display": "vital-signs"
        } ],
        "text": "vital-signs"
      },
      "code": {
        "coding": [ {
          "system": "http://loinc.org",
          "code": "8289-1",
          "display": "Head Occipital-frontal circumference Percentile"
        } ],
        "text": "Head Occipital-frontal circumference Percentile"
      },
      "subject": {
        "reference": "urn:uuid:9c2d8d1c-db85-103e-90aa-fea394bc1fe3"
      },
      "encounter": {
        "reference": "urn:uuid:7fd17b40-f252-6dcc-38e0-18e85694852d"
      },
      "effectiveDateTime": "2024-05-12T12:13:03+00:00",
      "issued": "2024-05-12T12:13:03.955+00:00",
      "valueQuantity": {
        "value": 79.790,
        "unit": "%",
        "system": "http://unitsofmeasure.org",
        "code": "%"
      }
    },
    "request": {
      "method": "POST",
      "url": "Observation"
    }
  }, {
    "fullUrl": "urn:uuid:aee7374f-f38f-0100-ebd6-f547bdd510d2",
    "resource": {
      "resourceType": "Observation",
      "id": "aee7374f-f38f-0100-ebd6-f547bdd510d2",
      "status": "final",
      "category": {
        "coding": [ {
          "system": "http://hl7.org/fhir/observation-category",
          "code": "vital-signs",
          "display": "vital-signs"
        } ],
        "text": "vital-signs"
      },
      "code": {
        "coding": [ {
          "system": "http://loinc.org",
          "code": "9843-4",
          "display": "Head Occipital-frontal circumference"
        } ],
        "text": "Head Occipital-frontal circumference"
      },
      "subject": {
        "reference": "urn:uuid:9c2d8d1c-db85-103e-90aa-fea394bc1fe3"
      },
      "encounter": {
        "reference": "urn:uuid:7fd17b40-f252-6dcc-38e0-18e85694852d"
      },
      "effectiveDateTime": "2024-05-12T12:13:03+00:00",
      "issued": "2024-05-12T12:13:03.955+00:00",
      "valueQuantity": {
        "value": 42.930,
        "unit": "cm",
        "system": "http://unitsofmeasure.org",
        "code": "cm"
      }
    },
    "request": {
      "method": "POST",
      "url": "Observation"
    }
  }, {
    "fullUrl": "urn:uuid:92a36439-0ff7-8213-e725-4aaf4c6e81bb",
    "resource": {
      "resourceType": "Observation",
      "id": "92a36439-0ff7-8213-e725-4aaf4c6e81bb",
      "status": "final",
      "category": {
        "coding": [ {
          "system": "http://hl7.org/fhir/observation-category",
          "code": "vital-signs",
          "display": "vital-signs"
        } ],
        "text": "vital-signs"
      },
      "code": {
        "coding": [ {
          "system": "http://loinc.org",
          "code": "85354-9",
          "display": "Blood pressure panel with all children optional"
        } ],
        "text": "Blood pressure panel with all children optional"
      },
      "subject": {
        "reference": "urn:uuid:9c2d8d1c-db85-103e-90aa-fea394bc1fe3"
      },
      "encounter": {
        "reference": "urn:uuid:7fd17b40-f252-6dcc-38e0-18e85694852d"
      },
      "effectiveDateTime": "2024-05-12T12:13:03+00:00",
      "issued": "2024-05-12T12:13:03.955+00:00",
      "component": [ {
        "code": {
          "coding": [ {
            "system": "http://loinc.org",
            "code": "8462-4",
            "display": "Diastolic Blood Pressure"
          } ],
          "text": "Diastolic Blood Pressure"
        },
        "valueQuantity": {
          "value": 71,
          "unit": "mm[Hg]",
          "system": "http://unitsofmeasure.org",
          "code": "mm[Hg]"
        }
      }, {
        "code": {
          "coding": [ {
            "system": "http://loinc.org",
            "code": "8480-6",
            "display": "Systolic Blood Pressure"
          } ],
          "text": "Systolic Blood Pressure"
        },
        "valueQuantity": {
          "value": 126,
          "unit": "mm[Hg]",
          "system": "http://unitsofmeasure.org",
          "code": "mm[Hg]"
        }
      } ]
    },
    "request": {
      "method": "POST",
      "url": "Observation"
    }
  }, {
    "fullUrl": "urn:uuid:e3a5146a-3ca2-dddc-dd51-67a11efe8a91",
    "resource": {
      "resourceType": "Observation",
      "id": "e3a5146a-3ca2-dddc-dd51-67a11efe8a91",
      "status": "final",
      "category": {
        "coding": [ {
          "system": "http://hl7.org/fhir/observation-category",
          "code": "vital-signs",
          "display": "vital-signs"
        } ],
        "text": "vital-signs"
      },
      "code": {
        "coding": [ {
          "system": "http://loinc.org",
          "code": "8867-4",
          "display": "Heart rate"
        } ],
        "text": "Heart rate"
      },
      "subject": {
        "reference": "urn:uuid:9c2d8d1c-db85-103e-90aa-fea394bc1fe3"
      },
      "encounter": {
        "reference": "urn:uuid:7fd17b40-f252-6dcc-38e0-18e85694852d"
      },
      "effectiveDateTime": "2024-05-12T12:13:03+00:00",
      "issued": "2024-05-12T12:13:03.955+00:00",
      "valueQuantity": {
        "value": 65,
        "unit": "/min",
        "system": "http://unitsofmeasure.org",
        "code": "/min"
      }
    },
    "request": {
      "method": "POST",
      "url": "Observation"
    }
  }, {
    "fullUrl": "urn:uuid:be8b675d-99a7-73ec-6dba-e845486d1ebc",
    "resource": {
      "resourceType": "Observation",
      "id": "be8b675d-99a7-73ec-6dba-e845486d1ebc",
      "status": "final",
      "category": {
        "coding": [ {
          "system": "http://hl7.org/fhir/observation-category",
          "code": "vital-signs",
          "display": "vital-signs"
        } ],
        "text": "vital-signs"
      },
      "code": {
        "coding": [ {
          "system": "http://loinc.org",
          "code": "9279-1",
          "display": "Respiratory rate"
        } ],
        "text": "Respiratory rate"
      },
      "subject": {
        "reference": "urn:uuid:9c2d8d1c-db85-103e-90aa-fea394bc1fe3"
      },
      "encounter": {
        "reference": "urn:uuid:7fd17b40-f252-6dcc-38e0-18e85694852d"
      },
      "effectiveDateTime": "2024-05-12T12:13:03+00:00",
      "issued": "2024-05-12T12:13:03.955+00:00",
      "valueQuantity": {
        "value": 14,
        "unit": "/min",
        "system": "http://unitsofmeasure.org",
        "code": "/min"
      }
    },
    "request": {
      "method": "POST",
      "url": "Observation"
    }
  }, {
    "fullUrl": "urn:uuid:e3b0e1ad-a0a9-ef6e-22a2-8b1385674260",
    "resource": {
      "resourceType": "Observation",
      "id": "e3b0e1ad-a0a9-ef6e-22a2-8b1385674260",
      "status": "final",
      "category": {
        "coding": [ {
          "system": "http://hl7.org/fhir/observation-category",
          "code": "social-history",
          "display": "social-history"
        } ],
        "text": "social-history"
      },
      "code": {
        "coding": [ {
          "system": "http://loinc.org",
          "code": "72166-2",
          "display": "Tobacco smoking status"
        } ],
        "text": "Tobacco smoking status"
      },
      "subject": {
        "reference": "urn:uuid:9c2d8d1c-db85-103e-90aa-fea394bc1fe3"
      },
      "encounter": {
        "reference": "urn:uuid:7fd17b40-f252-6dcc-38e0-18e85694852d"
      },
      "effectiveDateTime": "2024-05-12T12:13:03+00:00",
      "issued": "2024-05-12T12:13:03.955+00:00",
      "valueCodeableConcept": {
        "coding": [ {
          "system": "http://snomed.info/sct",
          "code": "266919005",
          "display": "Never smoked tobacco (finding)"
        } ],
        "text": "Never smoked tobacco (finding)"
      }
    },
    "request": {
      "method": "POST",
      "url": "Observation"
    }
  }, {
    "fullUrl": "urn:uuid:60185b99-f2f8-ef08-bcc8-41bc8eaa43fb",
    "resource": {
      "resourceType": "Immunization",
      "id": "60185b99-f2f8-ef08-bcc8-41bc8eaa43fb",
      "status": "completed",
      "date": "2024-05-12T12:13:03+00:00",
      "vaccineCode": {
        "coding": [ {
          "system": "http://hl7.org/fhir/sid/cvx",
          "code": "49",
          "display": "Hib (PRP-OMP)"
        } ],
        "text": "Hib (PRP-OMP)"
      },
      "patient": {
        "reference": "urn:uuid:9c2d8d1c-db85-103e-90aa-fea394bc1fe3"
      },
      "wasNotGiven": false,
      "reported": false,
      "encounter": {
        "reference": "urn:uuid:7fd17b40-f252-6dcc-38e0-18e85694852d"
      }
    },
    "request": {
      "method": "POST",
      "url": "Immunization"
    }
  }, {
    "fullUrl": "urn:uuid:b520940a-eadf-b6f6-b77a-1f5787dcfe19",
    "resource": {
      "resourceType": "Immunization",
      "id": "b520940a-eadf-b6f6-b77a-1f5787dcfe19",
      "status": "completed",
      "date": "2024-05-12T12:13:03+00:00",
      "vaccineCode": {
        "coding": [ {
          "system": "http://hl7.org/fhir/sid/cvx",
          "code": "119",
          "display": "rotavirus, monovalent"
        } ],
        "text": "rotavirus, monovalent"
      },
      "patient": {
        "reference": "urn:uuid:9c2d8d1c-db85-103e-90aa-fea394bc1fe3"
      },
      "wasNotGiven": false,
      "reported": false,
      "encounter": {
        "reference": "urn:uuid:7fd17b40-f252-6dcc-38e0-18e85694852d"
      }
    },
    "request": {
      "method": "POST",
      "url": "Immunization"
    }
  }, {
    "fullUrl": "urn:uuid:ce84a07d-a9db-b002-c7bd-ecd54dcaf8a0",
    "resource": {
      "resourceType": "Immunization",
      "id": "ce84a07d-a9db-b002-c7bd-ecd54dcaf8a0",
      "status": "completed",
      "date": "2024-05-12T12:13:03+00:00",
      "vaccineCode": {
        "coding": [ {
          "system": "http://hl7.org/fhir/sid/cvx",
          "code": "10",
          "display": "IPV"
        } ],
        "text": "IPV"
      },
      "patient": {
        "reference": "urn:uuid:9c2d8d1c-db85-103e-90aa-fea394bc1fe3"
      },
      "wasNotGiven": false,
      "reported": false,
      "encounter": {
        "reference": "urn:uuid:7fd17b40-f252-6dcc-38e0-18e85694852d"
      }
    },
    "request": {
      "method": "POST",
      "url": "Immunization"
    }
  }, {
    "fullUrl": "urn:uuid:71226b92-2d8c-e3d0-22e8-857357701b0d",
    "resource": {
      "resourceType": "Immunization",
      "id": "71226b92-2d8c-e3d0-22e8-857357701b0d",
      "status": "completed",
      "date": "2024-05-12T12:13:03+00:00",
      "vaccineCode": {
        "coding": [ {
          "system": "http://hl7.org/fhir/sid/cvx",
          "code": "20",
          "display": "DTaP"
        } ],
        "text": "DTaP"
      },
      "patient": {
        "reference": "urn:uuid:9c2d8d1c-db85-103e-90aa-fea394bc1fe3"
      },
      "wasNotGiven": false,
      "reported": false,
      "encounter": {
        "reference": "urn:uuid:7fd17b40-f252-6dcc-38e0-18e85694852d"
      }
    },
    "request": {
      "method": "POST",
      "url": "Immunization"
    }
  }, {
    "fullUrl": "urn:uuid:96b9f24e-71d3-a8c3-2098-7887bf1f2afd",
    "resource": {
      "resourceType": "Immunization",
      "id": "96b9f24e-71d3-a8c3-2098-7887bf1f2afd",
      "status": "completed",
      "date": "2024-05-12T12:13:03+00:00",
      "vaccineCode": {
        "coding": [ {
          "system": "http://hl7.org/fhir/sid/cvx",
          "code": "133",
          "display": "Pneumococcal conjugate PCV 13"
        } ],
        "text": "Pneumococcal conjugate PCV 13"
      },
      "patient": {
        "reference": "urn:uuid:9c2d8d1c-db85-103e-90aa-fea394bc1fe3"
      },
      "wasNotGiven": false,
      "reported": false,
      "encounter": {
        "reference": "urn:uuid:7fd17b40-f252-6dcc-38e0-18e85694852d"
      }
    },
    "request": {
      "method": "POST",
      "url": "Immunization"
    }
  }, {
    "fullUrl": "urn:uuid:b8fd4c27-c46b-48d7-6824-15fa81c3f010",
    "resource": {
      "resourceType": "Claim",
      "id": "b8fd4c27-c46b-48d7-6824-15fa81c3f010",
      "type": "institutional",
      "organization": {
        "reference": "Organization?identifier=https://github.com/synthetichealth/synthea|4f59f709-8b84-3d27-a04b-c6b7b5544413",
        "display": "HILLTOWN COMMUNITY HEALTH CENTERS INC"
      },
      "use": "complete",
      "diagnosis": [ {
        "sequence": 1,
        "diagnosis": {
          "system": "http://snomed.info/sct",
          "code": "314529007",
          "display": "Medication review due (situation)"
        }
      } ],
      "patient": {
        "reference": "urn:uuid:9c2d8d1c-db85-103e-90aa-fea394bc1fe3"
      },
      "item": [ {
        "sequence": 1,
        "type": {
          "system": "http://hl7.org/fhir/v3/ActCode",
          "code": "CSINV",
          "display": "clinical service invoice"
        },
        "service": {
          "system": "http://snomed.info/sct",
          "code": "410620009",
          "display": "Well child visit (procedure)"
        }
      }, {
        "sequence": 2,
        "type": {
          "system": "http://hl7.org/fhir/v3/ActCode",
          "code": "CSINV",
          "display": "clinical service invoice"
        },
        "service": {
          "system": "http://hl7.org/fhir/sid/cvx",
          "code": "49",
          "display": "Hib (PRP-OMP)"
        },
        "net": {
          "value": 136.00,
          "system": "urn:iso:std:iso:4217",
          "code": "USD"
        }
      }, {
        "sequence": 3,
        "type": {
          "system": "http://hl7.org/fhir/v3/ActCode",
          "code": "CSINV",
          "display": "clinical service invoice"
        },
        "service": {
          "system": "http://hl7.org/fhir/sid/cvx",
          "code": "119",
          "display": "rotavirus, monovalent"
        },
        "net": {
          "value": 136.00,
          "system": "urn:iso:std:iso:4217",
          "code": "USD"
        }
      }, {
        "sequence": 4,
        "type": {
          "system": "http://hl7.org/fhir/v3/ActCode",
          "code": "CSINV",
          "display": "clinical service invoice"
        },
        "service": {
          "system": "http://hl7.org/fhir/sid/cvx",
          "code": "10",
          "display": "IPV"
        },
        "net": {
          "value": 136.00,
          "system": "urn:iso:std:iso:4217",
          "code": "USD"
        }
      }, {
        "sequence": 5,
        "type": {
          "system": "http://hl7.org/fhir/v3/ActCode",
          "code": "CSINV",
          "display": "clinical service invoice"
        },
        "service": {
          "system": "http://hl7.org/fhir/sid/cvx",
          "code": "20",
          "display": "DTaP"
        },
        "net": {
          "value": 136.00,
          "system": "urn:iso:std:iso:4217",
          "code": "USD"
        }
      }, {
        "sequence": 6,
        "type": {
          "system": "http://hl7.org/fhir/v3/ActCode",
          "code": "CSINV",
          "display": "clinical service invoice"
        },
        "service": {
          "system": "http://hl7.org/fhir/sid/cvx",
          "code": "133",
          "display": "Pneumococcal conjugate PCV 13"
        },
        "net": {
          "value": 136.00,
          "system": "urn:iso:std:iso:4217",
          "code": "USD"
        }
      } ]
    },
    "request": {
      "method": "POST",
      "url": "Claim"
    }
  } ]
}
