{
  "resourceType": "Bundle",
  "type": "transaction",
  "entry": [ {
    "fullUrl": "urn:uuid:4dd91b33-523e-7ce3-0fef-9eb8001d697c",
    "resource": {
      "resourceType": "Patient",
      "id": "4dd91b33-523e-7ce3-0fef-9eb8001d697c",
      "text": {
        "status": "generated",
        "div": "<div xmlns=\"http://www.w3.org/1999/xhtml\">Generated by <a href=\"https://github.com/synthetichealth/synthea\">Synthea</a>.Version identifier: 94ca67d\n .   Person seed: -5808560193474042433  Population seed: 1711045178535</div>"
      },
      "extension": [ {
        "url": "http://hl7.org/fhir/StructureDefinition/us-core-race",
        "valueCodeableConcept": {
          "coding": [ {
            "system": "http://hl7.org/fhir/v3/Race",
            "code": "2106-3",
            "display": "White"
          } ],
          "text": "White"
        }
      }, {
        "url": "http://hl7.org/fhir/StructureDefinition/us-core-ethnicity",
        "valueCodeableConcept": {
          "coding": [ {
            "system": "http://hl7.org/fhir/v3/Ethnicity",
            "code": "2186-5",
            "display": "Not Hispanic or Latino"
          } ],
          "text": "Not Hispanic or Latino"
        }
      }, {
        "url": "http://hl7.org/fhir/StructureDefinition/patient-mothersMaidenName",
        "valueString": "An125 Dooley940"
      }, {
        "url": "http://hl7.org/fhir/us/core/StructureDefinition/us-core-birthsex",
        "valueCode": "F"
      }, {
        "url": "http://hl7.org/fhir/StructureDefinition/birthPlace",
        "valueAddress": {
          "city": "Boston",
          "state": "Massachusetts",
          "country": "US"
        }
      }, {
        "url": "http://synthetichealth.github.io/synthea/disability-adjusted-life-years",
        "valueDecimal": 0.0
      }, {
        "url": "http://synthetichealth.github.io/synthea/quality-adjusted-life-years",
        "valueDecimal": 0.0
      } ],
      "identifier": [ {
        "system": "https://github.com/synthetichealth/synthea",
        "value": "4dd91b33-523e-7ce3-0fef-9eb8001d697c"
      }, {
        "type": {
          "coding": [ {
            "system": "http://hl7.org/fhir/v2/0203",
            "code": "MR"
          } ]
        },
        "system": "http://hospital.smarthealthit.org",
        "value": "4dd91b33-523e-7ce3-0fef-9eb8001d697c"
      }, {
        "type": {
          "coding": [ {
            "system": "http://hl7.org/fhir/identifier-type",
            "code": "SB"
          } ]
        },
        "system": "http://hl7.org/fhir/sid/us-ssn",
        "value": "999-97-1476"
      } ],
      "name": [ {
        "use": "official",
        "family": [ "O'Connell601" ],
        "given": [ "Herma433", "Margene509" ]
      } ],
      "telecom": [ {
        "system": "phone",
        "value": "555-670-7474",
        "use": "home"
      } ],
      "gender": "female",
      "birthDate": "2024-03-19",
      "address": [ {
        "extension": [ {
          "url": "http://hl7.org/fhir/StructureDefinition/geolocation",
          "extension": [ {
            "url": "latitude",
            "valueDecimal": 42.36883752556182
          }, {
            "url": "longitude",
            "valueDecimal": -71.13941694150535
          } ]
        } ],
        "line": [ "166 Bayer Boulevard" ],
        "city": "Cambridge",
        "state": "Massachusetts",
        "postalCode": "02142",
        "country": "US"
      } ],
      "maritalStatus": {
        "coding": [ {
          "system": "http://hl7.org/fhir/v3/MaritalStatus",
          "code": "S"
        } ]
      },
      "multipleBirthBoolean": false,
      "communication": [ {
        "language": {
          "coding": [ {
            "system": "urn:ietf:bcp:47",
            "code": "en-US",
            "display": "English (United States)"
          } ],
          "text": "English (United States)"
        }
      } ]
    },
    "request": {
      "method": "POST",
      "url": "Patient"
    }
  }, {
    "fullUrl": "urn:uuid:da0e37f6-d8f5-92cb-eff2-95c4ce091d10",
    "resource": {
      "resourceType": "Encounter",
      "id": "da0e37f6-d8f5-92cb-eff2-95c4ce091d10",
      "status": "finished",
      "class": "ambulatory",
      "type": [ {
        "coding": [ {
          "system": "http://snomed.info/sct",
          "code": "410620009",
          "display": "Well child visit (procedure)"
        } ],
        "text": "Well child visit (procedure)"
      } ],
      "patient": {
        "reference": "urn:uuid:4dd91b33-523e-7ce3-0fef-9eb8001d697c"
      },
      "participant": [ {
        "individual": {
          "reference": "Practitioner?identifier=http://hl7.org/fhir/sid/us-npi|9999980094",
          "display": "Dr. Buford910 Dach178"
        }
      } ],
      "period": {
        "start": "2024-03-19T14:45:20+00:00",
        "end": "2024-03-19T15:00:20+00:00"
      },
      "serviceProvider": {
        "reference": "Organization?identifier=https://github.com/synthetichealth/synthea|680532c8-2661-3b39-875a-b6ec0746ccf5",
        "display": "CHARLES RIVER COMMUNITY HEALTH, INC"
      }
    },
    "request": {
      "method": "POST",
      "url": "Encounter"
    }
  }, {
    "fullUrl": "urn:uuid:f63c8e20-32ca-6cf9-032f-ec900e4e88a8",
    "resource": {
      "resourceType": "Condition",
      "id": "f63c8e20-32ca-6cf9-032f-ec900e4e88a8",
      "patient": {
        "reference": "urn:uuid:4dd91b33-523e-7ce3-0fef-9eb8001d697c"
      },
      "encounter": {
        "reference": "urn:uuid:da0e37f6-d8f5-92cb-eff2-95c4ce091d10"
      },
      "dateRecorded": "2024-03-19",
      "code": {
        "coding": [ {
          "system": "http://snomed.info/sct",
          "code": "314529007",
          "display": "Medication review due (situation)"
        } ],
        "text": "Medication review due (situation)"
      },
      "category": {
        "coding": [ {
          "system": "http://hl7.org/fhir/condition-category",
          "code": "diagnosis"
        } ]
      },
      "clinicalStatus": "active",
      "verificationStatus": "confirmed",
      "onsetDateTime": "2024-03-19T14:45:20+00:00"
    },
    "request": {
      "method": "POST",
      "url": "Condition"
    }
  }, {
    "fullUrl": "urn:uuid:8d1c35ae-f9e5-42a1-f2d2-077ae18ca5ad",
    "resource": {
      "resourceType": "Observation",
      "id": "8d1c35ae-f9e5-42a1-f2d2-077ae18ca5ad",
      "status": "final",
      "category": {
        "coding": [ {
          "system": "http://hl7.org/fhir/observation-category",
          "code": "vital-signs",
          "display": "vital-signs"
        } ],
        "text": "vital-signs"
      },
      "code": {
        "coding": [ {
          "system": "http://loinc.org",
          "code": "8302-2",
          "display": "Body Height"
        } ],
        "text": "Body Height"
      },
      "subject": {
        "reference": "urn:uuid:4dd91b33-523e-7ce3-0fef-9eb8001d697c"
      },
      "encounter": {
        "reference": "urn:uuid:da0e37f6-d8f5-92cb-eff2-95c4ce091d10"
      },
      "effectiveDateTime": "2024-03-19T14:45:20+00:00",
      "issued": "2024-03-19T14:45:20.413+00:00",
      "valueQuantity": {
        "value": 51,
        "unit": "cm",
        "system": "http://unitsofmeasure.org",
        "code": "cm"
      }
    },
    "request": {
      "method": "POST",
      "url": "Observation"
    }
  }, {
    "fullUrl": "urn:uuid:c3814bdc-b618-2a20-8b12-883f51ff27e4",
    "resource": {
      "resourceType": "Observation",
      "id": "c3814bdc-b618-2a20-8b12-883f51ff27e4",
      "status": "final",
      "category": {
        "coding": [ {
          "system": "http://hl7.org/fhir/observation-category",
          "code": "vital-signs",
          "display": "vital-signs"
        } ],
        "text": "vital-signs"
      },
      "code": {
        "coding": [ {
          "system": "http://loinc.org",
          "code": "72514-3",
          "display": "Pain severity - 0-10 verbal numeric rating [Score] - Reported"
        } ],
        "text": "Pain severity - 0-10 verbal numeric rating [Score] - Reported"
      },
      "subject": {
        "reference": "urn:uuid:4dd91b33-523e-7ce3-0fef-9eb8001d697c"
      },
      "encounter": {
        "reference": "urn:uuid:da0e37f6-d8f5-92cb-eff2-95c4ce091d10"
      },
      "effectiveDateTime": "2024-03-19T14:45:20+00:00",
      "issued": "2024-03-19T14:45:20.413+00:00",
      "valueQuantity": {
        "value": 1,
        "unit": "{score}",
        "system": "http://unitsofmeasure.org",
        "code": "{score}"
      }
    },
    "request": {
      "method": "POST",
      "url": "Observation"
    }
  }, {
    "fullUrl": "urn:uuid:806b3e14-8a16-a6d3-d9f6-778f69ed5b6e",
    "resource": {
      "resourceType": "Observation",
      "id": "806b3e14-8a16-a6d3-d9f6-778f69ed5b6e",
      "status": "final",
      "category": {
        "coding": [ {
          "system": "http://hl7.org/fhir/observation-category",
          "code": "vital-signs",
          "display": "vital-signs"
        } ],
        "text": "vital-signs"
      },
      "code": {
        "coding": [ {
          "system": "http://loinc.org",
          "code": "29463-7",
          "display": "Body Weight"
        } ],
        "text": "Body Weight"
      },
      "subject": {
        "reference": "urn:uuid:4dd91b33-523e-7ce3-0fef-9eb8001d697c"
      },
      "encounter": {
        "reference": "urn:uuid:da0e37f6-d8f5-92cb-eff2-95c4ce091d10"
      },
      "effectiveDateTime": "2024-03-19T14:45:20+00:00",
      "issued": "2024-03-19T14:45:20.413+00:00",
      "valueQuantity": {
        "value": 4.3000,
        "unit": "kg",
        "system": "http://unitsofmeasure.org",
        "code": "kg"
      }
    },
    "request": {
      "method": "POST",
      "url": "Observation"
    }
  }, {
    "fullUrl": "urn:uuid:4a17faaf-37e1-53c7-4fa6-369525dd7f60",
    "resource": {
      "resourceType": "Observation",
      "id": "4a17faaf-37e1-53c7-4fa6-369525dd7f60",
      "status": "final",
      "category": {
        "coding": [ {
          "system": "http://hl7.org/fhir/observation-category",
          "code": "vital-signs",
          "display": "vital-signs"
        } ],
        "text": "vital-signs"
      },
      "code": {
        "coding": [ {
          "system": "http://loinc.org",
          "code": "77606-2",
          "display": "Weight-for-length Per age and sex"
        } ],
        "text": "Weight-for-length Per age and sex"
      },
      "subject": {
        "reference": "urn:uuid:4dd91b33-523e-7ce3-0fef-9eb8001d697c"
      },
      "encounter": {
        "reference": "urn:uuid:da0e37f6-d8f5-92cb-eff2-95c4ce091d10"
      },
      "effectiveDateTime": "2024-03-19T14:45:20+00:00",
      "issued": "2024-03-19T14:45:20.413+00:00",
      "valueQuantity": {
        "value": 92.762,
        "unit": "%",
        "system": "http://unitsofmeasure.org",
        "code": "%"
      }
    },
    "request": {
      "method": "POST",
      "url": "Observation"
    }
  }, {
    "fullUrl": "urn:uuid:4fbdba9f-fe01-114e-9590-349e74184453",
    "resource": {
      "resourceType": "Observation",
      "id": "4fbdba9f-fe01-114e-9590-349e74184453",
      "status": "final",
      "category": {
        "coding": [ {
          "system": "http://hl7.org/fhir/observation-category",
          "code": "vital-signs",
          "display": "vital-signs"
        } ],
        "text": "vital-signs"
      },
      "code": {
        "coding": [ {
          "system": "http://loinc.org",
          "code": "8289-1",
          "display": "Head Occipital-frontal circumference Percentile"
        } ],
        "text": "Head Occipital-frontal circumference Percentile"
      },
      "subject": {
        "reference": "urn:uuid:4dd91b33-523e-7ce3-0fef-9eb8001d697c"
      },
      "encounter": {
        "reference": "urn:uuid:da0e37f6-d8f5-92cb-eff2-95c4ce091d10"
      },
      "effectiveDateTime": "2024-03-19T14:45:20+00:00",
      "issued": "2024-03-19T14:45:20.413+00:00",
      "valueQuantity": {
        "value": 40.140,
        "unit": "%",
        "system": "http://unitsofmeasure.org",
        "code": "%"
      }
    },
    "request": {
      "method": "POST",
      "url": "Observation"
    }
  }, {
    "fullUrl": "urn:uuid:e584a89b-6d29-b4ce-a7c8-6c15c8afaaac",
    "resource": {
      "resourceType": "Observation",
      "id": "e584a89b-6d29-b4ce-a7c8-6c15c8afaaac",
      "status": "final",
      "category": {
        "coding": [ {
          "system": "http://hl7.org/fhir/observation-category",
          "code": "vital-signs",
          "display": "vital-signs"
        } ],
        "text": "vital-signs"
      },
      "code": {
        "coding": [ {
          "system": "http://loinc.org",
          "code": "9843-4",
          "display": "Head Occipital-frontal circumference"
        } ],
        "text": "Head Occipital-frontal circumference"
      },
      "subject": {
        "reference": "urn:uuid:4dd91b33-523e-7ce3-0fef-9eb8001d697c"
      },
      "encounter": {
        "reference": "urn:uuid:da0e37f6-d8f5-92cb-eff2-95c4ce091d10"
      },
      "effectiveDateTime": "2024-03-19T14:45:20+00:00",
      "issued": "2024-03-19T14:45:20.413+00:00",
      "valueQuantity": {
        "value": 34.310,
        "unit": "cm",
        "system": "http://unitsofmeasure.org",
        "code": "cm"
      }
    },
    "request": {
      "method": "POST",
      "url": "Observation"
    }
  }, {
    "fullUrl": "urn:uuid:6191deb6-efae-485f-2215-f1b12af6725a",
    "resource": {
      "resourceType": "Observation",
      "id": "6191deb6-efae-485f-2215-f1b12af6725a",
      "status": "final",
      "category": {
        "coding": [ {
          "system": "http://hl7.org/fhir/observation-category",
          "code": "vital-signs",
          "display": "vital-signs"
        } ],
        "text": "vital-signs"
      },
      "code": {
        "coding": [ {
          "system": "http://loinc.org",
          "code": "85354-9",
          "display": "Blood pressure panel with all children optional"
        } ],
        "text": "Blood pressure panel with all children optional"
      },
      "subject": {
        "reference": "urn:uuid:4dd91b33-523e-7ce3-0fef-9eb8001d697c"
      },
      "encounter": {
        "reference": "urn:uuid:da0e37f6-d8f5-92cb-eff2-95c4ce091d10"
      },
      "effectiveDateTime": "2024-03-19T14:45:20+00:00",
      "issued": "2024-03-19T14:45:20.413+00:00",
      "component": [ {
        "code": {
          "coding": [ {
            "system": "http://loinc.org",
            "code": "8462-4",
            "display": "Diastolic Blood Pressure"
          } ],
          "text": "Diastolic Blood Pressure"
        },
        "valueQuantity": {
          "value": 75,
          "unit": "mm[Hg]",
          "system": "http://unitsofmeasure.org",
          "code": "mm[Hg]"
        }
      }, {
        "code": {
          "coding": [ {
            "system": "http://loinc.org",
            "code": "8480-6",
            "display": "Systolic Blood Pressure"
          } ],
          "text": "Systolic Blood Pressure"
        },
        "valueQuantity": {
          "value": 95,
          "unit": "mm[Hg]",
          "system": "http://unitsofmeasure.org",
          "code": "mm[Hg]"
        }
      } ]
    },
    "request": {
      "method": "POST",
      "url": "Observation"
    }
  }, {
    "fullUrl": "urn:uuid:18959709-6514-3d4a-34ba-9bee8e80a15b",
    "resource": {
      "resourceType": "Observation",
      "id": "18959709-6514-3d4a-34ba-9bee8e80a15b",
      "status": "final",
      "category": {
        "coding": [ {
          "system": "http://hl7.org/fhir/observation-category",
          "code": "vital-signs",
          "display": "vital-signs"
        } ],
        "text": "vital-signs"
      },
      "code": {
        "coding": [ {
          "system": "http://loinc.org",
          "code": "8867-4",
          "display": "Heart rate"
        } ],
        "text": "Heart rate"
      },
      "subject": {
        "reference": "urn:uuid:4dd91b33-523e-7ce3-0fef-9eb8001d697c"
      },
      "encounter": {
        "reference": "urn:uuid:da0e37f6-d8f5-92cb-eff2-95c4ce091d10"
      },
      "effectiveDateTime": "2024-03-19T14:45:20+00:00",
      "issued": "2024-03-19T14:45:20.413+00:00",
      "valueQuantity": {
        "value": 79,
        "unit": "/min",
        "system": "http://unitsofmeasure.org",
        "code": "/min"
      }
    },
    "request": {
      "method": "POST",
      "url": "Observation"
    }
  }, {
    "fullUrl": "urn:uuid:38e61d9c-1a64-11dc-a6a1-abd7172cf5be",
    "resource": {
      "resourceType": "Observation",
      "id": "38e61d9c-1a64-11dc-a6a1-abd7172cf5be",
      "status": "final",
      "category": {
        "coding": [ {
          "system": "http://hl7.org/fhir/observation-category",
          "code": "vital-signs",
          "display": "vital-signs"
        } ],
        "text": "vital-signs"
      },
      "code": {
        "coding": [ {
          "system": "http://loinc.org",
          "code": "9279-1",
          "display": "Respiratory rate"
        } ],
        "text": "Respiratory rate"
      },
      "subject": {
        "reference": "urn:uuid:4dd91b33-523e-7ce3-0fef-9eb8001d697c"
      },
      "encounter": {
        "reference": "urn:uuid:da0e37f6-d8f5-92cb-eff2-95c4ce091d10"
      },
      "effectiveDateTime": "2024-03-19T14:45:20+00:00",
      "issued": "2024-03-19T14:45:20.413+00:00",
      "valueQuantity": {
        "value": 13,
        "unit": "/min",
        "system": "http://unitsofmeasure.org",
        "code": "/min"
      }
    },
    "request": {
      "method": "POST",
      "url": "Observation"
    }
  }, {
    "fullUrl": "urn:uuid:1651d220-a770-222c-57f8-603533eb76f2",
    "resource": {
      "resourceType": "Observation",
      "id": "1651d220-a770-222c-57f8-603533eb76f2",
      "status": "final",
      "category": {
        "coding": [ {
          "system": "http://hl7.org/fhir/observation-category",
          "code": "laboratory",
          "display": "laboratory"
        } ],
        "text": "laboratory"
      },
      "code": {
        "coding": [ {
          "system": "http://loinc.org",
          "code": "6690-2",
          "display": "Leukocytes [#/volume] in Blood by Automated count"
        } ],
        "text": "Leukocytes [#/volume] in Blood by Automated count"
      },
      "subject": {
        "reference": "urn:uuid:4dd91b33-523e-7ce3-0fef-9eb8001d697c"
      },
      "encounter": {
        "reference": "urn:uuid:da0e37f6-d8f5-92cb-eff2-95c4ce091d10"
      },
      "effectiveDateTime": "2024-03-19T14:45:20+00:00",
      "issued": "2024-03-19T14:45:20.413+00:00",
      "valueQuantity": {
        "value": 8.5416,
        "unit": "10*3/uL",
        "system": "http://unitsofmeasure.org",
        "code": "10*3/uL"
      }
    },
    "request": {
      "method": "POST",
      "url": "Observation"
    }
  }, {
    "fullUrl": "urn:uuid:fab09304-f81e-e1dc-c1c1-19272ada0b58",
    "resource": {
      "resourceType": "Observation",
      "id": "fab09304-f81e-e1dc-c1c1-19272ada0b58",
      "status": "final",
      "category": {
        "coding": [ {
          "system": "http://hl7.org/fhir/observation-category",
          "code": "laboratory",
          "display": "laboratory"
        } ],
        "text": "laboratory"
      },
      "code": {
        "coding": [ {
          "system": "http://loinc.org",
          "code": "789-8",
          "display": "Erythrocytes [#/volume] in Blood by Automated count"
        } ],
        "text": "Erythrocytes [#/volume] in Blood by Automated count"
      },
      "subject": {
        "reference": "urn:uuid:4dd91b33-523e-7ce3-0fef-9eb8001d697c"
      },
      "encounter": {
        "reference": "urn:uuid:da0e37f6-d8f5-92cb-eff2-95c4ce091d10"
      },
      "effectiveDateTime": "2024-03-19T14:45:20+00:00",
      "issued": "2024-03-19T14:45:20.413+00:00",
      "valueQuantity": {
        "value": 4.2710,
        "unit": "10*6/uL",
        "system": "http://unitsofmeasure.org",
        "code": "10*6/uL"
      }
    },
    "request": {
      "method": "POST",
      "url": "Observation"
    }
  }, {
    "fullUrl": "urn:uuid:5822a29e-5101-f27f-ba4c-7b6d78108a71",
    "resource": {
      "resourceType": "Observation",
      "id": "5822a29e-5101-f27f-ba4c-7b6d78108a71",
      "status": "final",
      "category": {
        "coding": [ {
          "system": "http://hl7.org/fhir/observation-category",
          "code": "laboratory",
          "display": "laboratory"
        } ],
        "text": "laboratory"
      },
      "code": {
        "coding": [ {
          "system": "http://loinc.org",
          "code": "718-7",
          "display": "Hemoglobin [Mass/volume] in Blood"
        } ],
        "text": "Hemoglobin [Mass/volume] in Blood"
      },
      "subject": {
        "reference": "urn:uuid:4dd91b33-523e-7ce3-0fef-9eb8001d697c"
      },
      "encounter": {
        "reference": "urn:uuid:da0e37f6-d8f5-92cb-eff2-95c4ce091d10"
      },
      "effectiveDateTime": "2024-03-19T14:45:20+00:00",
      "issued": "2024-03-19T14:45:20.413+00:00",
      "valueQuantity": {
        "value": 13.816,
        "unit": "g/dL",
        "system": "http://unitsofmeasure.org",
        "code": "g/dL"
      }
    },
    "request": {
      "method": "POST",
      "url": "Observation"
    }
  }, {
    "fullUrl": "urn:uuid:00cbba2a-8eeb-a879-c28b-8ec2e945cb06",
    "resource": {
      "resourceType": "Observation",
      "id": "00cbba2a-8eeb-a879-c28b-8ec2e945cb06",
      "status": "final",
      "category": {
        "coding": [ {
          "system": "http://hl7.org/fhir/observation-category",
          "code": "laboratory",
          "display": "laboratory"
        } ],
        "text": "laboratory"
      },
      "code": {
        "coding": [ {
          "system": "http://loinc.org",
          "code": "4544-3",
          "display": "Hematocrit [Volume Fraction] of Blood by Automated count"
        } ],
        "text": "Hematocrit [Volume Fraction] of Blood by Automated count"
      },
      "subject": {
        "reference": "urn:uuid:4dd91b33-523e-7ce3-0fef-9eb8001d697c"
      },
      "encounter": {
        "reference": "urn:uuid:da0e37f6-d8f5-92cb-eff2-95c4ce091d10"
      },
      "effectiveDateTime": "2024-03-19T14:45:20+00:00",
      "issued": "2024-03-19T14:45:20.413+00:00",
      "valueQuantity": {
        "value": 43.771,
        "unit": "%",
        "system": "http://unitsofmeasure.org",
        "code": "%"
      }
    },
    "request": {
      "method": "POST",
      "url": "Observation"
    }
  }, {
    "fullUrl": "urn:uuid:025565ac-4de6-591a-9da1-be23bd7fae86",
    "resource": {
      "resourceType": "Observation",
      "id": "025565ac-4de6-591a-9da1-be23bd7fae86",
      "status": "final",
      "category": {
        "coding": [ {
          "system": "http://hl7.org/fhir/observation-category",
          "code": "laboratory",
          "display": "laboratory"
        } ],
        "text": "laboratory"
      },
      "code": {
        "coding": [ {
          "system": "http://loinc.org",
          "code": "787-2",
          "display": "MCV [Entitic volume] by Automated count"
        } ],
        "text": "MCV [Entitic volume] by Automated count"
      },
      "subject": {
        "reference": "urn:uuid:4dd91b33-523e-7ce3-0fef-9eb8001d697c"
      },
      "encounter": {
        "reference": "urn:uuid:da0e37f6-d8f5-92cb-eff2-95c4ce091d10"
      },
      "effectiveDateTime": "2024-03-19T14:45:20+00:00",
      "issued": "2024-03-19T14:45:20.413+00:00",
      "valueQuantity": {
        "value": 83.530,
        "unit": "fL",
        "system": "http://unitsofmeasure.org",
        "code": "fL"
      }
    },
    "request": {
      "method": "POST",
      "url": "Observation"
    }
  }, {
    "fullUrl": "urn:uuid:d91ae807-1833-12e5-6033-14eba053a479",
    "resource": {
      "resourceType": "Observation",
      "id": "d91ae807-1833-12e5-6033-14eba053a479",
      "status": "final",
      "category": {
        "coding": [ {
          "system": "http://hl7.org/fhir/observation-category",
          "code": "laboratory",
          "display": "laboratory"
        } ],
        "text": "laboratory"
      },
      "code": {
        "coding": [ {
          "system": "http://loinc.org",
          "code": "785-6",
          "display": "MCH [Entitic mass] by Automated count"
        } ],
        "text": "MCH [Entitic mass] by Automated count"
      },
      "subject": {
        "reference": "urn:uuid:4dd91b33-523e-7ce3-0fef-9eb8001d697c"
      },
      "encounter": {
        "reference": "urn:uuid:da0e37f6-d8f5-92cb-eff2-95c4ce091d10"
      },
      "effectiveDateTime": "2024-03-19T14:45:20+00:00",
      "issued": "2024-03-19T14:45:20.413+00:00",
      "valueQuantity": {
        "value": 28.431,
        "unit": "pg",
        "system": "http://unitsofmeasure.org",
        "code": "pg"
      }
    },
    "request": {
      "method": "POST",
      "url": "Observation"
    }
  }, {
    "fullUrl": "urn:uuid:a2672ce5-09bd-9688-9782-d9f011254d4a",
    "resource": {
      "resourceType": "Observation",
      "id": "a2672ce5-09bd-9688-9782-d9f011254d4a",
      "status": "final",
      "category": {
        "coding": [ {
          "system": "http://hl7.org/fhir/observation-category",
          "code": "laboratory",
          "display": "laboratory"
        } ],
        "text": "laboratory"
      },
      "code": {
        "coding": [ {
          "system": "http://loinc.org",
          "code": "786-4",
          "display": "MCHC [Mass/volume] by Automated count"
        } ],
        "text": "MCHC [Mass/volume] by Automated count"
      },
      "subject": {
        "reference": "urn:uuid:4dd91b33-523e-7ce3-0fef-9eb8001d697c"
      },
      "encounter": {
        "reference": "urn:uuid:da0e37f6-d8f5-92cb-eff2-95c4ce091d10"
      },
      "effectiveDateTime": "2024-03-19T14:45:20+00:00",
      "issued": "2024-03-19T14:45:20.413+00:00",
      "valueQuantity": {
        "value": 35.977,
        "unit": "g/dL",
        "system": "http://unitsofmeasure.org",
        "code": "g/dL"
      }
    },
    "request": {
      "method": "POST",
      "url": "Observation"
    }
  }, {
    "fullUrl": "urn:uuid:3f82e2c9-f5fb-7330-f565-60def01869d7",
    "resource": {
      "resourceType": "Observation",
      "id": "3f82e2c9-f5fb-7330-f565-60def01869d7",
      "status": "final",
      "category": {
        "coding": [ {
          "system": "http://hl7.org/fhir/observation-category",
          "code": "laboratory",
          "display": "laboratory"
        } ],
        "text": "laboratory"
      },
      "code": {
        "coding": [ {
          "system": "http://loinc.org",
          "code": "21000-5",
          "display": "Erythrocyte distribution width [Entitic volume] by Automated count"
        } ],
        "text": "Erythrocyte distribution width [Entitic volume] by Automated count"
      },
      "subject": {
        "reference": "urn:uuid:4dd91b33-523e-7ce3-0fef-9eb8001d697c"
      },
      "encounter": {
        "reference": "urn:uuid:da0e37f6-d8f5-92cb-eff2-95c4ce091d10"
      },
      "effectiveDateTime": "2024-03-19T14:45:20+00:00",
      "issued": "2024-03-19T14:45:20.413+00:00",
      "valueQuantity": {
        "value": 42.273,
        "unit": "fL",
        "system": "http://unitsofmeasure.org",
        "code": "fL"
      }
    },
    "request": {
      "method": "POST",
      "url": "Observation"
    }
  }, {
    "fullUrl": "urn:uuid:cc2bc351-39bd-d335-fd02-e78ac1d09981",
    "resource": {
      "resourceType": "Observation",
      "id": "cc2bc351-39bd-d335-fd02-e78ac1d09981",
      "status": "final",
      "category": {
        "coding": [ {
          "system": "http://hl7.org/fhir/observation-category",
          "code": "laboratory",
          "display": "laboratory"
        } ],
        "text": "laboratory"
      },
      "code": {
        "coding": [ {
          "system": "http://loinc.org",
          "code": "777-3",
          "display": "Platelets [#/volume] in Blood by Automated count"
        } ],
        "text": "Platelets [#/volume] in Blood by Automated count"
      },
      "subject": {
        "reference": "urn:uuid:4dd91b33-523e-7ce3-0fef-9eb8001d697c"
      },
      "encounter": {
        "reference": "urn:uuid:da0e37f6-d8f5-92cb-eff2-95c4ce091d10"
      },
      "effectiveDateTime": "2024-03-19T14:45:20+00:00",
      "issued": "2024-03-19T14:45:20.413+00:00",
      "valueQuantity": {
        "value": 321.22,
        "unit": "10*3/uL",
        "system": "http://unitsofmeasure.org",
        "code": "10*3/uL"
      }
    },
    "request": {
      "method": "POST",
      "url": "Observation"
    }
  }, {
    "fullUrl": "urn:uuid:34b3a099-857b-de58-70fe-67ee9cde1ab2",
    "resource": {
      "resourceType": "Observation",
      "id": "34b3a099-857b-de58-70fe-67ee9cde1ab2",
      "status": "final",
      "category": {
        "coding": [ {
          "system": "http://hl7.org/fhir/observation-category",
          "code": "laboratory",
          "display": "laboratory"
        } ],
        "text": "laboratory"
      },
      "code": {
        "coding": [ {
          "system": "http://loinc.org",
          "code": "32207-3",
          "display": "Platelet distribution width [Entitic volume] in Blood by Automated count"
        } ],
        "text": "Platelet distribution width [Entitic volume] in Blood by Automated count"
      },
      "subject": {
        "reference": "urn:uuid:4dd91b33-523e-7ce3-0fef-9eb8001d697c"
      },
      "encounter": {
        "reference": "urn:uuid:da0e37f6-d8f5-92cb-eff2-95c4ce091d10"
      },
      "effectiveDateTime": "2024-03-19T14:45:20+00:00",
      "issued": "2024-03-19T14:45:20.413+00:00",
      "valueQuantity": {
        "value": 329.68,
        "unit": "fL",
        "system": "http://unitsofmeasure.org",
        "code": "fL"
      }
    },
    "request": {
      "method": "POST",
      "url": "Observation"
    }
  }, {
    "fullUrl": "urn:uuid:a710d643-cbd1-2d12-7561-c109b08fe220",
    "resource": {
      "resourceType": "Observation",
      "id": "a710d643-cbd1-2d12-7561-c109b08fe220",
      "status": "final",
      "category": {
        "coding": [ {
          "system": "http://hl7.org/fhir/observation-category",
          "code": "laboratory",
          "display": "laboratory"
        } ],
        "text": "laboratory"
      },
      "code": {
        "coding": [ {
          "system": "http://loinc.org",
          "code": "32623-1",
          "display": "Platelet mean volume [Entitic volume] in Blood by Automated count"
        } ],
        "text": "Platelet mean volume [Entitic volume] in Blood by Automated count"
      },
      "subject": {
        "reference": "urn:uuid:4dd91b33-523e-7ce3-0fef-9eb8001d697c"
      },
      "encounter": {
        "reference": "urn:uuid:da0e37f6-d8f5-92cb-eff2-95c4ce091d10"
      },
      "effectiveDateTime": "2024-03-19T14:45:20+00:00",
      "issued": "2024-03-19T14:45:20.413+00:00",
      "valueQuantity": {
        "value": 12.026,
        "unit": "fL",
        "system": "http://unitsofmeasure.org",
        "code": "fL"
      }
    },
    "request": {
      "method": "POST",
      "url": "Observation"
    }
  }, {
    "fullUrl": "urn:uuid:cddd47e3-da5d-7b29-2fb4-9b4cadaa68d7",
    "resource": {
      "resourceType": "Observation",
      "id": "cddd47e3-da5d-7b29-2fb4-9b4cadaa68d7",
      "status": "final",
      "category": {
        "coding": [ {
          "system": "http://hl7.org/fhir/observation-category",
          "code": "social-history",
          "display": "social-history"
        } ],
        "text": "social-history"
      },
      "code": {
        "coding": [ {
          "system": "http://loinc.org",
          "code": "72166-2",
          "display": "Tobacco smoking status"
        } ],
        "text": "Tobacco smoking status"
      },
      "subject": {
        "reference": "urn:uuid:4dd91b33-523e-7ce3-0fef-9eb8001d697c"
      },
      "encounter": {
        "reference": "urn:uuid:da0e37f6-d8f5-92cb-eff2-95c4ce091d10"
      },
      "effectiveDateTime": "2024-03-19T14:45:20+00:00",
      "issued": "2024-03-19T14:45:20.413+00:00",
      "valueCodeableConcept": {
        "coding": [ {
          "system": "http://snomed.info/sct",
          "code": "266919005",
          "display": "Never smoked tobacco (finding)"
        } ],
        "text": "Never smoked tobacco (finding)"
      }
    },
    "request": {
      "method": "POST",
      "url": "Observation"
    }
  }, {
    "fullUrl": "urn:uuid:43a6abe1-2206-63c5-61b4-39fbfdd254ee",
    "resource": {
      "resourceType": "Immunization",
      "id": "43a6abe1-2206-63c5-61b4-39fbfdd254ee",
      "status": "completed",
      "date": "2024-03-19T14:45:20+00:00",
      "vaccineCode": {
        "coding": [ {
          "system": "http://hl7.org/fhir/sid/cvx",
          "code": "08",
          "display": "Hep B, adolescent or pediatric"
        } ],
        "text": "Hep B, adolescent or pediatric"
      },
      "patient": {
        "reference": "urn:uuid:4dd91b33-523e-7ce3-0fef-9eb8001d697c"
      },
      "wasNotGiven": false,
      "reported": false,
      "encounter": {
        "reference": "urn:uuid:da0e37f6-d8f5-92cb-eff2-95c4ce091d10"
      }
    },
    "request": {
      "method": "POST",
      "url": "Immunization"
    }
  }, {
    "fullUrl": "urn:uuid:098bcd26-dc0a-5c40-1ede-898e284eac93",
    "resource": {
      "resourceType": "DiagnosticReport",
      "id": "098bcd26-dc0a-5c40-1ede-898e284eac93",
      "status": "final",
      "category": {
        "coding": [ {
          "system": "http://hl7.org/fhir/ValueSet/diagnostic-service-sections",
          "code": "LAB"
        } ]
      },
      "code": {
        "coding": [ {
          "system": "http://loinc.org",
          "code": "58410-2",
          "display": "CBC panel - Blood by Automated count"
        } ],
        "text": "CBC panel - Blood by Automated count"
      },
      "subject": {
        "reference": "urn:uuid:4dd91b33-523e-7ce3-0fef-9eb8001d697c"
      },
      "encounter": {
        "reference": "urn:uuid:da0e37f6-d8f5-92cb-eff2-95c4ce091d10"
      },
      "effectiveDateTime": "2024-03-19T14:45:20+00:00",
      "issued": "2024-03-19T14:45:20.413+00:00",
      "performer": {
        "reference": "Organization?identifier=https://github.com/synthetichealth/synthea|680532c8-2661-3b39-875a-b6ec0746ccf5",
        "display": "CHARLES RIVER COMMUNITY HEALTH, INC"
      },
      "result": [ {
        "reference": "urn:uuid:a710d643-cbd1-2d12-7561-c109b08fe220",
        "display": "Platelet mean volume [Entitic volume] in Blood by Automated count"
      } ]
    },
    "request": {
      "method": "POST",
      "url": "DiagnosticReport"
    }
  }, {
    "fullUrl": "urn:uuid:c76b0da0-6af3-fc55-d3b2-6e6129032a0c",
    "resource": {
      "resourceType": "Claim",
      "id": "c76b0da0-6af3-fc55-d3b2-6e6129032a0c",
      "type": "institutional",
      "organization": {
        "reference": "Organization?identifier=https://github.com/synthetichealth/synthea|680532c8-2661-3b39-875a-b6ec0746ccf5",
        "display": "CHARLES RIVER COMMUNITY HEALTH, INC"
      },
      "use": "complete",
      "diagnosis": [ {
        "sequence": 1,
        "diagnosis": {
          "system": "http://snomed.info/sct",
          "code": "314529007",
          "display": "Medication review due (situation)"
        }
      } ],
      "patient": {
        "reference": "urn:uuid:4dd91b33-523e-7ce3-0fef-9eb8001d697c"
      },
      "item": [ {
        "sequence": 1,
        "type": {
          "system": "http://hl7.org/fhir/v3/ActCode",
          "code": "CSINV",
          "display": "clinical service invoice"
        },
        "service": {
          "system": "http://snomed.info/sct",
          "code": "410620009",
          "display": "Well child visit (procedure)"
        }
      }, {
        "sequence": 2,
        "type": {
          "system": "http://hl7.org/fhir/v3/ActCode",
          "code": "CSINV",
          "display": "clinical service invoice"
        },
        "service": {
          "system": "http://hl7.org/fhir/sid/cvx",
          "code": "08",
          "display": "Hep B, adolescent or pediatric"
        },
        "net": {
          "value": 136.00,
          "system": "urn:iso:std:iso:4217",
          "code": "USD"
        }
      }, {
        "sequence": 4,
        "type": {
          "system": "http://hl7.org/fhir/v3/ActCode",
          "code": "CSINV",
          "display": "clinical service invoice"
        },
        "service": {
          "system": "http://loinc.org",
          "code": "58410-2",
          "display": "CBC panel - Blood by Automated count"
        },
        "net": {
          "value": 74.58,
          "system": "urn:iso:std:iso:4217",
          "code": "USD"
        }
      } ]
    },
    "request": {
      "method": "POST",
      "url": "Claim"
    }
  } ]
}
