{
  "resourceType": "Bundle",
  "type": "transaction",
  "entry": [ {
    "fullUrl": "urn:uuid:c589812a-52b4-2116-e6fc-ed406ca1f3a8",
    "resource": {
      "resourceType": "Patient",
      "id": "c589812a-52b4-2116-e6fc-ed406ca1f3a8",
      "text": {
        "status": "generated",
        "div": "<div xmlns=\"http://www.w3.org/1999/xhtml\">Generated by <a href=\"https://github.com/synthetichealth/synthea\">Synthea</a>.Version identifier: e0a6de7\n .   Person seed: -7795834356411717500  Population seed: 1714485951921</div>"
      },
      "extension": [ {
        "url": "http://hl7.org/fhir/StructureDefinition/us-core-race",
        "valueCodeableConcept": {
          "coding": [ {
            "system": "http://hl7.org/fhir/v3/Race",
            "code": "2106-3",
            "display": "White"
          } ],
          "text": "White"
        }
      }, {
        "url": "http://hl7.org/fhir/StructureDefinition/us-core-ethnicity",
        "valueCodeableConcept": {
          "coding": [ {
            "system": "http://hl7.org/fhir/v3/Ethnicity",
            "code": "2186-5",
            "display": "Not Hispanic or Latino"
          } ],
          "text": "Not Hispanic or Latino"
        }
      }, {
        "url": "http://hl7.org/fhir/StructureDefinition/patient-mothersMaidenName",
        "valueString": "Drema139 Borer986"
      }, {
        "url": "http://hl7.org/fhir/us/core/StructureDefinition/us-core-birthsex",
        "valueCode": "F"
      }, {
        "url": "http://hl7.org/fhir/StructureDefinition/birthPlace",
        "valueAddress": {
          "city": "Sutton",
          "state": "Massachusetts",
          "country": "US"
        }
      }, {
        "url": "http://synthetichealth.github.io/synthea/disability-adjusted-life-years",
        "valueDecimal": 0.0
      }, {
        "url": "http://synthetichealth.github.io/synthea/quality-adjusted-life-years",
        "valueDecimal": 0.0
      } ],
      "identifier": [ {
        "system": "https://github.com/synthetichealth/synthea",
        "value": "c589812a-52b4-2116-e6fc-ed406ca1f3a8"
      }, {
        "type": {
          "coding": [ {
            "system": "http://hl7.org/fhir/v2/0203",
            "code": "MR"
          } ]
        },
        "system": "http://hospital.smarthealthit.org",
        "value": "c589812a-52b4-2116-e6fc-ed406ca1f3a8"
      }, {
        "type": {
          "coding": [ {
            "system": "http://hl7.org/fhir/identifier-type",
            "code": "SB"
          } ]
        },
        "system": "http://hl7.org/fhir/sid/us-ssn",
        "value": "999-63-6583"
      } ],
      "name": [ {
        "use": "official",
        "family": [ "Trantow673" ],
        "given": [ "Indira327", "Adelaida985" ]
      } ],
      "telecom": [ {
        "system": "phone",
        "value": "555-975-2251",
        "use": "home"
      } ],
      "gender": "female",
      "birthDate": "2024-04-05",
      "address": [ {
        "extension": [ {
          "url": "http://hl7.org/fhir/StructureDefinition/geolocation",
          "extension": [ {
            "url": "latitude",
            "valueDecimal": 42.262704985773894
          }, {
            "url": "longitude",
            "valueDecimal": -71.13569685316595
          } ]
        } ],
        "line": [ "823 Waelchi Rapid Unit 7" ],
        "city": "Boston",
        "state": "Massachusetts",
        "postalCode": "02215",
        "country": "US"
      } ],
      "maritalStatus": {
        "coding": [ {
          "system": "http://hl7.org/fhir/v3/MaritalStatus",
          "code": "S"
        } ]
      },
      "multipleBirthBoolean": false,
      "communication": [ {
        "language": {
          "coding": [ {
            "system": "urn:ietf:bcp:47",
            "code": "en-US",
            "display": "English (United States)"
          } ],
          "text": "English (United States)"
        }
      } ]
    },
    "request": {
      "method": "POST",
      "url": "Patient"
    }
  }, {
    "fullUrl": "urn:uuid:a66442f3-4956-d825-72c7-577060cf6376",
    "resource": {
      "resourceType": "Encounter",
      "id": "a66442f3-4956-d825-72c7-577060cf6376",
      "status": "finished",
      "class": "ambulatory",
      "type": [ {
        "coding": [ {
          "system": "http://snomed.info/sct",
          "code": "410620009",
          "display": "Well child visit (procedure)"
        } ],
        "text": "Well child visit (procedure)"
      } ],
      "patient": {
        "reference": "urn:uuid:c589812a-52b4-2116-e6fc-ed406ca1f3a8"
      },
      "participant": [ {
        "individual": {
          "reference": "Practitioner?identifier=http://hl7.org/fhir/sid/us-npi|9999965392",
          "display": "Dr. Devona405 Stamm704"
        }
      } ],
      "period": {
        "start": "2024-04-05T23:42:56+00:00",
        "end": "2024-04-05T23:57:56+00:00"
      },
      "serviceProvider": {
        "reference": "Organization?identifier=https://github.com/synthetichealth/synthea|48a07866-e8d7-3268-aa3c-ca3237c8e6f3",
        "display": "BOSTON PAIN CLINIC & PRIMARY CARE PC"
      }
    },
    "request": {
      "method": "POST",
      "url": "Encounter"
    }
  }, {
    "fullUrl": "urn:uuid:2741bb8d-d20d-2216-79fc-c86e143bd2bb",
    "resource": {
      "resourceType": "Condition",
      "id": "2741bb8d-d20d-2216-79fc-c86e143bd2bb",
      "patient": {
        "reference": "urn:uuid:c589812a-52b4-2116-e6fc-ed406ca1f3a8"
      },
      "encounter": {
        "reference": "urn:uuid:a66442f3-4956-d825-72c7-577060cf6376"
      },
      "dateRecorded": "2024-04-05",
      "code": {
        "coding": [ {
          "system": "http://snomed.info/sct",
          "code": "314529007",
          "display": "Medication review due (situation)"
        } ],
        "text": "Medication review due (situation)"
      },
      "category": {
        "coding": [ {
          "system": "http://hl7.org/fhir/condition-category",
          "code": "diagnosis"
        } ]
      },
      "clinicalStatus": "active",
      "verificationStatus": "confirmed",
      "onsetDateTime": "2024-04-05T23:42:56+00:00"
    },
    "request": {
      "method": "POST",
      "url": "Condition"
    }
  }, {
    "fullUrl": "urn:uuid:3c3dda43-7154-3c55-b033-455224f6846b",
    "resource": {
      "resourceType": "Observation",
      "id": "3c3dda43-7154-3c55-b033-455224f6846b",
      "status": "final",
      "category": {
        "coding": [ {
          "system": "http://hl7.org/fhir/observation-category",
          "code": "vital-signs",
          "display": "vital-signs"
        } ],
        "text": "vital-signs"
      },
      "code": {
        "coding": [ {
          "system": "http://loinc.org",
          "code": "8302-2",
          "display": "Body Height"
        } ],
        "text": "Body Height"
      },
      "subject": {
        "reference": "urn:uuid:c589812a-52b4-2116-e6fc-ed406ca1f3a8"
      },
      "encounter": {
        "reference": "urn:uuid:a66442f3-4956-d825-72c7-577060cf6376"
      },
      "effectiveDateTime": "2024-04-05T23:42:56+00:00",
      "issued": "2024-04-05T23:42:56.689+00:00",
      "valueQuantity": {
        "value": 50,
        "unit": "cm",
        "system": "http://unitsofmeasure.org",
        "code": "cm"
      }
    },
    "request": {
      "method": "POST",
      "url": "Observation"
    }
  }, {
    "fullUrl": "urn:uuid:faa4aa25-b349-e8bc-b139-3f3de1d46897",
    "resource": {
      "resourceType": "Observation",
      "id": "faa4aa25-b349-e8bc-b139-3f3de1d46897",
      "status": "final",
      "category": {
        "coding": [ {
          "system": "http://hl7.org/fhir/observation-category",
          "code": "vital-signs",
          "display": "vital-signs"
        } ],
        "text": "vital-signs"
      },
      "code": {
        "coding": [ {
          "system": "http://loinc.org",
          "code": "72514-3",
          "display": "Pain severity - 0-10 verbal numeric rating [Score] - Reported"
        } ],
        "text": "Pain severity - 0-10 verbal numeric rating [Score] - Reported"
      },
      "subject": {
        "reference": "urn:uuid:c589812a-52b4-2116-e6fc-ed406ca1f3a8"
      },
      "encounter": {
        "reference": "urn:uuid:a66442f3-4956-d825-72c7-577060cf6376"
      },
      "effectiveDateTime": "2024-04-05T23:42:56+00:00",
      "issued": "2024-04-05T23:42:56.689+00:00",
      "valueQuantity": {
        "value": 2,
        "unit": "{score}",
        "system": "http://unitsofmeasure.org",
        "code": "{score}"
      }
    },
    "request": {
      "method": "POST",
      "url": "Observation"
    }
  }, {
    "fullUrl": "urn:uuid:263b0cd5-9465-6f25-8454-8b8d3ee1cac1",
    "resource": {
      "resourceType": "Observation",
      "id": "263b0cd5-9465-6f25-8454-8b8d3ee1cac1",
      "status": "final",
      "category": {
        "coding": [ {
          "system": "http://hl7.org/fhir/observation-category",
          "code": "vital-signs",
          "display": "vital-signs"
        } ],
        "text": "vital-signs"
      },
      "code": {
        "coding": [ {
          "system": "http://loinc.org",
          "code": "29463-7",
          "display": "Body Weight"
        } ],
        "text": "Body Weight"
      },
      "subject": {
        "reference": "urn:uuid:c589812a-52b4-2116-e6fc-ed406ca1f3a8"
      },
      "encounter": {
        "reference": "urn:uuid:a66442f3-4956-d825-72c7-577060cf6376"
      },
      "effectiveDateTime": "2024-04-05T23:42:56+00:00",
      "issued": "2024-04-05T23:42:56.689+00:00",
      "valueQuantity": {
        "value": 4.2000,
        "unit": "kg",
        "system": "http://unitsofmeasure.org",
        "code": "kg"
      }
    },
    "request": {
      "method": "POST",
      "url": "Observation"
    }
  }, {
    "fullUrl": "urn:uuid:2e89d8e9-e6bb-40f0-b572-47123eac52ec",
    "resource": {
      "resourceType": "Observation",
      "id": "2e89d8e9-e6bb-40f0-b572-47123eac52ec",
      "status": "final",
      "category": {
        "coding": [ {
          "system": "http://hl7.org/fhir/observation-category",
          "code": "vital-signs",
          "display": "vital-signs"
        } ],
        "text": "vital-signs"
      },
      "code": {
        "coding": [ {
          "system": "http://loinc.org",
          "code": "77606-2",
          "display": "Weight-for-length Per age and sex"
        } ],
        "text": "Weight-for-length Per age and sex"
      },
      "subject": {
        "reference": "urn:uuid:c589812a-52b4-2116-e6fc-ed406ca1f3a8"
      },
      "encounter": {
        "reference": "urn:uuid:a66442f3-4956-d825-72c7-577060cf6376"
      },
      "effectiveDateTime": "2024-04-05T23:42:56+00:00",
      "issued": "2024-04-05T23:42:56.689+00:00",
      "valueQuantity": {
        "value": 96.817,
        "unit": "%",
        "system": "http://unitsofmeasure.org",
        "code": "%"
      }
    },
    "request": {
      "method": "POST",
      "url": "Observation"
    }
  }, {
    "fullUrl": "urn:uuid:f86d70f0-8bb4-ec3e-428e-0abbcdbc3946",
    "resource": {
      "resourceType": "Observation",
      "id": "f86d70f0-8bb4-ec3e-428e-0abbcdbc3946",
      "status": "final",
      "category": {
        "coding": [ {
          "system": "http://hl7.org/fhir/observation-category",
          "code": "vital-signs",
          "display": "vital-signs"
        } ],
        "text": "vital-signs"
      },
      "code": {
        "coding": [ {
          "system": "http://loinc.org",
          "code": "8289-1",
          "display": "Head Occipital-frontal circumference Percentile"
        } ],
        "text": "Head Occipital-frontal circumference Percentile"
      },
      "subject": {
        "reference": "urn:uuid:c589812a-52b4-2116-e6fc-ed406ca1f3a8"
      },
      "encounter": {
        "reference": "urn:uuid:a66442f3-4956-d825-72c7-577060cf6376"
      },
      "effectiveDateTime": "2024-04-05T23:42:56+00:00",
      "issued": "2024-04-05T23:42:56.689+00:00",
      "valueQuantity": {
        "value": 25.5,
        "unit": "%",
        "system": "http://unitsofmeasure.org",
        "code": "%"
      }
    },
    "request": {
      "method": "POST",
      "url": "Observation"
    }
  }, {
    "fullUrl": "urn:uuid:f3ca6cec-145e-cca7-106f-a832e9de65f2",
    "resource": {
      "resourceType": "Observation",
      "id": "f3ca6cec-145e-cca7-106f-a832e9de65f2",
      "status": "final",
      "category": {
        "coding": [ {
          "system": "http://hl7.org/fhir/observation-category",
          "code": "vital-signs",
          "display": "vital-signs"
        } ],
        "text": "vital-signs"
      },
      "code": {
        "coding": [ {
          "system": "http://loinc.org",
          "code": "9843-4",
          "display": "Head Occipital-frontal circumference"
        } ],
        "text": "Head Occipital-frontal circumference"
      },
      "subject": {
        "reference": "urn:uuid:c589812a-52b4-2116-e6fc-ed406ca1f3a8"
      },
      "encounter": {
        "reference": "urn:uuid:a66442f3-4956-d825-72c7-577060cf6376"
      },
      "effectiveDateTime": "2024-04-05T23:42:56+00:00",
      "issued": "2024-04-05T23:42:56.689+00:00",
      "valueQuantity": {
        "value": 33.680,
        "unit": "cm",
        "system": "http://unitsofmeasure.org",
        "code": "cm"
      }
    },
    "request": {
      "method": "POST",
      "url": "Observation"
    }
  }, {
    "fullUrl": "urn:uuid:00308736-4449-911e-3c03-c117e1548833",
    "resource": {
      "resourceType": "Observation",
      "id": "00308736-4449-911e-3c03-c117e1548833",
      "status": "final",
      "category": {
        "coding": [ {
          "system": "http://hl7.org/fhir/observation-category",
          "code": "vital-signs",
          "display": "vital-signs"
        } ],
        "text": "vital-signs"
      },
      "code": {
        "coding": [ {
          "system": "http://loinc.org",
          "code": "85354-9",
          "display": "Blood pressure panel with all children optional"
        } ],
        "text": "Blood pressure panel with all children optional"
      },
      "subject": {
        "reference": "urn:uuid:c589812a-52b4-2116-e6fc-ed406ca1f3a8"
      },
      "encounter": {
        "reference": "urn:uuid:a66442f3-4956-d825-72c7-577060cf6376"
      },
      "effectiveDateTime": "2024-04-05T23:42:56+00:00",
      "issued": "2024-04-05T23:42:56.689+00:00",
      "component": [ {
        "code": {
          "coding": [ {
            "system": "http://loinc.org",
            "code": "8462-4",
            "display": "Diastolic Blood Pressure"
          } ],
          "text": "Diastolic Blood Pressure"
        },
        "valueQuantity": {
          "value": 82,
          "unit": "mm[Hg]",
          "system": "http://unitsofmeasure.org",
          "code": "mm[Hg]"
        }
      }, {
        "code": {
          "coding": [ {
            "system": "http://loinc.org",
            "code": "8480-6",
            "display": "Systolic Blood Pressure"
          } ],
          "text": "Systolic Blood Pressure"
        },
        "valueQuantity": {
          "value": 133,
          "unit": "mm[Hg]",
          "system": "http://unitsofmeasure.org",
          "code": "mm[Hg]"
        }
      } ]
    },
    "request": {
      "method": "POST",
      "url": "Observation"
    }
  }, {
    "fullUrl": "urn:uuid:c0ce6bb8-9ca5-1ee6-0da8-a979e4c9ab60",
    "resource": {
      "resourceType": "Observation",
      "id": "c0ce6bb8-9ca5-1ee6-0da8-a979e4c9ab60",
      "status": "final",
      "category": {
        "coding": [ {
          "system": "http://hl7.org/fhir/observation-category",
          "code": "vital-signs",
          "display": "vital-signs"
        } ],
        "text": "vital-signs"
      },
      "code": {
        "coding": [ {
          "system": "http://loinc.org",
          "code": "8867-4",
          "display": "Heart rate"
        } ],
        "text": "Heart rate"
      },
      "subject": {
        "reference": "urn:uuid:c589812a-52b4-2116-e6fc-ed406ca1f3a8"
      },
      "encounter": {
        "reference": "urn:uuid:a66442f3-4956-d825-72c7-577060cf6376"
      },
      "effectiveDateTime": "2024-04-05T23:42:56+00:00",
      "issued": "2024-04-05T23:42:56.689+00:00",
      "valueQuantity": {
        "value": 98,
        "unit": "/min",
        "system": "http://unitsofmeasure.org",
        "code": "/min"
      }
    },
    "request": {
      "method": "POST",
      "url": "Observation"
    }
  }, {
    "fullUrl": "urn:uuid:3c3941f2-58a9-7cfa-fdf9-fb4f8ca93390",
    "resource": {
      "resourceType": "Observation",
      "id": "3c3941f2-58a9-7cfa-fdf9-fb4f8ca93390",
      "status": "final",
      "category": {
        "coding": [ {
          "system": "http://hl7.org/fhir/observation-category",
          "code": "vital-signs",
          "display": "vital-signs"
        } ],
        "text": "vital-signs"
      },
      "code": {
        "coding": [ {
          "system": "http://loinc.org",
          "code": "9279-1",
          "display": "Respiratory rate"
        } ],
        "text": "Respiratory rate"
      },
      "subject": {
        "reference": "urn:uuid:c589812a-52b4-2116-e6fc-ed406ca1f3a8"
      },
      "encounter": {
        "reference": "urn:uuid:a66442f3-4956-d825-72c7-577060cf6376"
      },
      "effectiveDateTime": "2024-04-05T23:42:56+00:00",
      "issued": "2024-04-05T23:42:56.689+00:00",
      "valueQuantity": {
        "value": 15,
        "unit": "/min",
        "system": "http://unitsofmeasure.org",
        "code": "/min"
      }
    },
    "request": {
      "method": "POST",
      "url": "Observation"
    }
  }, {
    "fullUrl": "urn:uuid:d4f5b9e5-fb3a-c3f3-6a75-c523686b78bf",
    "resource": {
      "resourceType": "Observation",
      "id": "d4f5b9e5-fb3a-c3f3-6a75-c523686b78bf",
      "status": "final",
      "category": {
        "coding": [ {
          "system": "http://hl7.org/fhir/observation-category",
          "code": "laboratory",
          "display": "laboratory"
        } ],
        "text": "laboratory"
      },
      "code": {
        "coding": [ {
          "system": "http://loinc.org",
          "code": "6690-2",
          "display": "Leukocytes [#/volume] in Blood by Automated count"
        } ],
        "text": "Leukocytes [#/volume] in Blood by Automated count"
      },
      "subject": {
        "reference": "urn:uuid:c589812a-52b4-2116-e6fc-ed406ca1f3a8"
      },
      "encounter": {
        "reference": "urn:uuid:a66442f3-4956-d825-72c7-577060cf6376"
      },
      "effectiveDateTime": "2024-04-05T23:42:56+00:00",
      "issued": "2024-04-05T23:42:56.689+00:00",
      "valueQuantity": {
        "value": 7.4870,
        "unit": "10*3/uL",
        "system": "http://unitsofmeasure.org",
        "code": "10*3/uL"
      }
    },
    "request": {
      "method": "POST",
      "url": "Observation"
    }
  }, {
    "fullUrl": "urn:uuid:01ee590b-4f75-fe9d-6a7f-3743b71e1d3d",
    "resource": {
      "resourceType": "Observation",
      "id": "01ee590b-4f75-fe9d-6a7f-3743b71e1d3d",
      "status": "final",
      "category": {
        "coding": [ {
          "system": "http://hl7.org/fhir/observation-category",
          "code": "laboratory",
          "display": "laboratory"
        } ],
        "text": "laboratory"
      },
      "code": {
        "coding": [ {
          "system": "http://loinc.org",
          "code": "789-8",
          "display": "Erythrocytes [#/volume] in Blood by Automated count"
        } ],
        "text": "Erythrocytes [#/volume] in Blood by Automated count"
      },
      "subject": {
        "reference": "urn:uuid:c589812a-52b4-2116-e6fc-ed406ca1f3a8"
      },
      "encounter": {
        "reference": "urn:uuid:a66442f3-4956-d825-72c7-577060cf6376"
      },
      "effectiveDateTime": "2024-04-05T23:42:56+00:00",
      "issued": "2024-04-05T23:42:56.689+00:00",
      "valueQuantity": {
        "value": 3.9183,
        "unit": "10*6/uL",
        "system": "http://unitsofmeasure.org",
        "code": "10*6/uL"
      }
    },
    "request": {
      "method": "POST",
      "url": "Observation"
    }
  }, {
    "fullUrl": "urn:uuid:f88f9ebe-2859-2d2a-7f32-938719ed35df",
    "resource": {
      "resourceType": "Observation",
      "id": "f88f9ebe-2859-2d2a-7f32-938719ed35df",
      "status": "final",
      "category": {
        "coding": [ {
          "system": "http://hl7.org/fhir/observation-category",
          "code": "laboratory",
          "display": "laboratory"
        } ],
        "text": "laboratory"
      },
      "code": {
        "coding": [ {
          "system": "http://loinc.org",
          "code": "718-7",
          "display": "Hemoglobin [Mass/volume] in Blood"
        } ],
        "text": "Hemoglobin [Mass/volume] in Blood"
      },
      "subject": {
        "reference": "urn:uuid:c589812a-52b4-2116-e6fc-ed406ca1f3a8"
      },
      "encounter": {
        "reference": "urn:uuid:a66442f3-4956-d825-72c7-577060cf6376"
      },
      "effectiveDateTime": "2024-04-05T23:42:56+00:00",
      "issued": "2024-04-05T23:42:56.689+00:00",
      "valueQuantity": {
        "value": 12.615,
        "unit": "g/dL",
        "system": "http://unitsofmeasure.org",
        "code": "g/dL"
      }
    },
    "request": {
      "method": "POST",
      "url": "Observation"
    }
  }, {
    "fullUrl": "urn:uuid:8eb8cc74-a849-945b-f3c0-0f096ead0a55",
    "resource": {
      "resourceType": "Observation",
      "id": "8eb8cc74-a849-945b-f3c0-0f096ead0a55",
      "status": "final",
      "category": {
        "coding": [ {
          "system": "http://hl7.org/fhir/observation-category",
          "code": "laboratory",
          "display": "laboratory"
        } ],
        "text": "laboratory"
      },
      "code": {
        "coding": [ {
          "system": "http://loinc.org",
          "code": "4544-3",
          "display": "Hematocrit [Volume Fraction] of Blood by Automated count"
        } ],
        "text": "Hematocrit [Volume Fraction] of Blood by Automated count"
      },
      "subject": {
        "reference": "urn:uuid:c589812a-52b4-2116-e6fc-ed406ca1f3a8"
      },
      "encounter": {
        "reference": "urn:uuid:a66442f3-4956-d825-72c7-577060cf6376"
      },
      "effectiveDateTime": "2024-04-05T23:42:56+00:00",
      "issued": "2024-04-05T23:42:56.689+00:00",
      "valueQuantity": {
        "value": 41.667,
        "unit": "%",
        "system": "http://unitsofmeasure.org",
        "code": "%"
      }
    },
    "request": {
      "method": "POST",
      "url": "Observation"
    }
  }, {
    "fullUrl": "urn:uuid:40ebccaa-d31d-c828-a6ab-088d31671266",
    "resource": {
      "resourceType": "Observation",
      "id": "40ebccaa-d31d-c828-a6ab-088d31671266",
      "status": "final",
      "category": {
        "coding": [ {
          "system": "http://hl7.org/fhir/observation-category",
          "code": "laboratory",
          "display": "laboratory"
        } ],
        "text": "laboratory"
      },
      "code": {
        "coding": [ {
          "system": "http://loinc.org",
          "code": "787-2",
          "display": "MCV [Entitic volume] by Automated count"
        } ],
        "text": "MCV [Entitic volume] by Automated count"
      },
      "subject": {
        "reference": "urn:uuid:c589812a-52b4-2116-e6fc-ed406ca1f3a8"
      },
      "encounter": {
        "reference": "urn:uuid:a66442f3-4956-d825-72c7-577060cf6376"
      },
      "effectiveDateTime": "2024-04-05T23:42:56+00:00",
      "issued": "2024-04-05T23:42:56.689+00:00",
      "valueQuantity": {
        "value": 91.826,
        "unit": "fL",
        "system": "http://unitsofmeasure.org",
        "code": "fL"
      }
    },
    "request": {
      "method": "POST",
      "url": "Observation"
    }
  }, {
    "fullUrl": "urn:uuid:9fef2543-34c2-e820-d0a2-06eb495f6861",
    "resource": {
      "resourceType": "Observation",
      "id": "9fef2543-34c2-e820-d0a2-06eb495f6861",
      "status": "final",
      "category": {
        "coding": [ {
          "system": "http://hl7.org/fhir/observation-category",
          "code": "laboratory",
          "display": "laboratory"
        } ],
        "text": "laboratory"
      },
      "code": {
        "coding": [ {
          "system": "http://loinc.org",
          "code": "785-6",
          "display": "MCH [Entitic mass] by Automated count"
        } ],
        "text": "MCH [Entitic mass] by Automated count"
      },
      "subject": {
        "reference": "urn:uuid:c589812a-52b4-2116-e6fc-ed406ca1f3a8"
      },
      "encounter": {
        "reference": "urn:uuid:a66442f3-4956-d825-72c7-577060cf6376"
      },
      "effectiveDateTime": "2024-04-05T23:42:56+00:00",
      "issued": "2024-04-05T23:42:56.689+00:00",
      "valueQuantity": {
        "value": 30.201,
        "unit": "pg",
        "system": "http://unitsofmeasure.org",
        "code": "pg"
      }
    },
    "request": {
      "method": "POST",
      "url": "Observation"
    }
  }, {
    "fullUrl": "urn:uuid:91bf81fe-dfdf-47d5-d34d-67077c240eef",
    "resource": {
      "resourceType": "Observation",
      "id": "91bf81fe-dfdf-47d5-d34d-67077c240eef",
      "status": "final",
      "category": {
        "coding": [ {
          "system": "http://hl7.org/fhir/observation-category",
          "code": "laboratory",
          "display": "laboratory"
        } ],
        "text": "laboratory"
      },
      "code": {
        "coding": [ {
          "system": "http://loinc.org",
          "code": "786-4",
          "display": "MCHC [Mass/volume] by Automated count"
        } ],
        "text": "MCHC [Mass/volume] by Automated count"
      },
      "subject": {
        "reference": "urn:uuid:c589812a-52b4-2116-e6fc-ed406ca1f3a8"
      },
      "encounter": {
        "reference": "urn:uuid:a66442f3-4956-d825-72c7-577060cf6376"
      },
      "effectiveDateTime": "2024-04-05T23:42:56+00:00",
      "issued": "2024-04-05T23:42:56.689+00:00",
      "valueQuantity": {
        "value": 33.138,
        "unit": "g/dL",
        "system": "http://unitsofmeasure.org",
        "code": "g/dL"
      }
    },
    "request": {
      "method": "POST",
      "url": "Observation"
    }
  }, {
    "fullUrl": "urn:uuid:7f92be18-ee24-aaea-30a2-250d4f44377f",
    "resource": {
      "resourceType": "Observation",
      "id": "7f92be18-ee24-aaea-30a2-250d4f44377f",
      "status": "final",
      "category": {
        "coding": [ {
          "system": "http://hl7.org/fhir/observation-category",
          "code": "laboratory",
          "display": "laboratory"
        } ],
        "text": "laboratory"
      },
      "code": {
        "coding": [ {
          "system": "http://loinc.org",
          "code": "21000-5",
          "display": "Erythrocyte distribution width [Entitic volume] by Automated count"
        } ],
        "text": "Erythrocyte distribution width [Entitic volume] by Automated count"
      },
      "subject": {
        "reference": "urn:uuid:c589812a-52b4-2116-e6fc-ed406ca1f3a8"
      },
      "encounter": {
        "reference": "urn:uuid:a66442f3-4956-d825-72c7-577060cf6376"
      },
      "effectiveDateTime": "2024-04-05T23:42:56+00:00",
      "issued": "2024-04-05T23:42:56.689+00:00",
      "valueQuantity": {
        "value": 39.636,
        "unit": "fL",
        "system": "http://unitsofmeasure.org",
        "code": "fL"
      }
    },
    "request": {
      "method": "POST",
      "url": "Observation"
    }
  }, {
    "fullUrl": "urn:uuid:20e9dc29-3ac6-bfa3-d503-8edc80360c0f",
    "resource": {
      "resourceType": "Observation",
      "id": "20e9dc29-3ac6-bfa3-d503-8edc80360c0f",
      "status": "final",
      "category": {
        "coding": [ {
          "system": "http://hl7.org/fhir/observation-category",
          "code": "laboratory",
          "display": "laboratory"
        } ],
        "text": "laboratory"
      },
      "code": {
        "coding": [ {
          "system": "http://loinc.org",
          "code": "777-3",
          "display": "Platelets [#/volume] in Blood by Automated count"
        } ],
        "text": "Platelets [#/volume] in Blood by Automated count"
      },
      "subject": {
        "reference": "urn:uuid:c589812a-52b4-2116-e6fc-ed406ca1f3a8"
      },
      "encounter": {
        "reference": "urn:uuid:a66442f3-4956-d825-72c7-577060cf6376"
      },
      "effectiveDateTime": "2024-04-05T23:42:56+00:00",
      "issued": "2024-04-05T23:42:56.689+00:00",
      "valueQuantity": {
        "value": 436.31,
        "unit": "10*3/uL",
        "system": "http://unitsofmeasure.org",
        "code": "10*3/uL"
      }
    },
    "request": {
      "method": "POST",
      "url": "Observation"
    }
  }, {
    "fullUrl": "urn:uuid:23b8a1d3-fb9a-ec04-a70a-fdf528c929fb",
    "resource": {
      "resourceType": "Observation",
      "id": "23b8a1d3-fb9a-ec04-a70a-fdf528c929fb",
      "status": "final",
      "category": {
        "coding": [ {
          "system": "http://hl7.org/fhir/observation-category",
          "code": "laboratory",
          "display": "laboratory"
        } ],
        "text": "laboratory"
      },
      "code": {
        "coding": [ {
          "system": "http://loinc.org",
          "code": "32207-3",
          "display": "Platelet distribution width [Entitic volume] in Blood by Automated count"
        } ],
        "text": "Platelet distribution width [Entitic volume] in Blood by Automated count"
      },
      "subject": {
        "reference": "urn:uuid:c589812a-52b4-2116-e6fc-ed406ca1f3a8"
      },
      "encounter": {
        "reference": "urn:uuid:a66442f3-4956-d825-72c7-577060cf6376"
      },
      "effectiveDateTime": "2024-04-05T23:42:56+00:00",
      "issued": "2024-04-05T23:42:56.689+00:00",
      "valueQuantity": {
        "value": 206.31,
        "unit": "fL",
        "system": "http://unitsofmeasure.org",
        "code": "fL"
      }
    },
    "request": {
      "method": "POST",
      "url": "Observation"
    }
  }, {
    "fullUrl": "urn:uuid:dfc2a0fe-f145-a0e4-8ae0-85393c404d12",
    "resource": {
      "resourceType": "Observation",
      "id": "dfc2a0fe-f145-a0e4-8ae0-85393c404d12",
      "status": "final",
      "category": {
        "coding": [ {
          "system": "http://hl7.org/fhir/observation-category",
          "code": "laboratory",
          "display": "laboratory"
        } ],
        "text": "laboratory"
      },
      "code": {
        "coding": [ {
          "system": "http://loinc.org",
          "code": "32623-1",
          "display": "Platelet mean volume [Entitic volume] in Blood by Automated count"
        } ],
        "text": "Platelet mean volume [Entitic volume] in Blood by Automated count"
      },
      "subject": {
        "reference": "urn:uuid:c589812a-52b4-2116-e6fc-ed406ca1f3a8"
      },
      "encounter": {
        "reference": "urn:uuid:a66442f3-4956-d825-72c7-577060cf6376"
      },
      "effectiveDateTime": "2024-04-05T23:42:56+00:00",
      "issued": "2024-04-05T23:42:56.689+00:00",
      "valueQuantity": {
        "value": 10.653,
        "unit": "fL",
        "system": "http://unitsofmeasure.org",
        "code": "fL"
      }
    },
    "request": {
      "method": "POST",
      "url": "Observation"
    }
  }, {
    "fullUrl": "urn:uuid:f91edb5e-7198-712c-7089-6855b17ea6c8",
    "resource": {
      "resourceType": "Observation",
      "id": "f91edb5e-7198-712c-7089-6855b17ea6c8",
      "status": "final",
      "category": {
        "coding": [ {
          "system": "http://hl7.org/fhir/observation-category",
          "code": "social-history",
          "display": "social-history"
        } ],
        "text": "social-history"
      },
      "code": {
        "coding": [ {
          "system": "http://loinc.org",
          "code": "72166-2",
          "display": "Tobacco smoking status"
        } ],
        "text": "Tobacco smoking status"
      },
      "subject": {
        "reference": "urn:uuid:c589812a-52b4-2116-e6fc-ed406ca1f3a8"
      },
      "encounter": {
        "reference": "urn:uuid:a66442f3-4956-d825-72c7-577060cf6376"
      },
      "effectiveDateTime": "2024-04-05T23:42:56+00:00",
      "issued": "2024-04-05T23:42:56.689+00:00",
      "valueCodeableConcept": {
        "coding": [ {
          "system": "http://snomed.info/sct",
          "code": "266919005",
          "display": "Never smoked tobacco (finding)"
        } ],
        "text": "Never smoked tobacco (finding)"
      }
    },
    "request": {
      "method": "POST",
      "url": "Observation"
    }
  }, {
    "fullUrl": "urn:uuid:173612a2-5d4a-c7eb-bfc0-658bd64db512",
    "resource": {
      "resourceType": "Immunization",
      "id": "173612a2-5d4a-c7eb-bfc0-658bd64db512",
      "status": "completed",
      "date": "2024-04-05T23:42:56+00:00",
      "vaccineCode": {
        "coding": [ {
          "system": "http://hl7.org/fhir/sid/cvx",
          "code": "08",
          "display": "Hep B, adolescent or pediatric"
        } ],
        "text": "Hep B, adolescent or pediatric"
      },
      "patient": {
        "reference": "urn:uuid:c589812a-52b4-2116-e6fc-ed406ca1f3a8"
      },
      "wasNotGiven": false,
      "reported": false,
      "encounter": {
        "reference": "urn:uuid:a66442f3-4956-d825-72c7-577060cf6376"
      }
    },
    "request": {
      "method": "POST",
      "url": "Immunization"
    }
  }, {
    "fullUrl": "urn:uuid:21fd061a-ee8b-5986-bc27-ea7671818b81",
    "resource": {
      "resourceType": "DiagnosticReport",
      "id": "21fd061a-ee8b-5986-bc27-ea7671818b81",
      "status": "final",
      "category": {
        "coding": [ {
          "system": "http://hl7.org/fhir/ValueSet/diagnostic-service-sections",
          "code": "LAB"
        } ]
      },
      "code": {
        "coding": [ {
          "system": "http://loinc.org",
          "code": "58410-2",
          "display": "CBC panel - Blood by Automated count"
        } ],
        "text": "CBC panel - Blood by Automated count"
      },
      "subject": {
        "reference": "urn:uuid:c589812a-52b4-2116-e6fc-ed406ca1f3a8"
      },
      "encounter": {
        "reference": "urn:uuid:a66442f3-4956-d825-72c7-577060cf6376"
      },
      "effectiveDateTime": "2024-04-05T23:42:56+00:00",
      "issued": "2024-04-05T23:42:56.689+00:00",
      "performer": {
        "reference": "Organization?identifier=https://github.com/synthetichealth/synthea|48a07866-e8d7-3268-aa3c-ca3237c8e6f3",
        "display": "BOSTON PAIN CLINIC & PRIMARY CARE PC"
      },
      "result": [ {
        "reference": "urn:uuid:dfc2a0fe-f145-a0e4-8ae0-85393c404d12",
        "display": "Platelet mean volume [Entitic volume] in Blood by Automated count"
      } ]
    },
    "request": {
      "method": "POST",
      "url": "DiagnosticReport"
    }
  }, {
    "fullUrl": "urn:uuid:3aa6757e-51a0-7401-ea44-bceec9d7f106",
    "resource": {
      "resourceType": "Claim",
      "id": "3aa6757e-51a0-7401-ea44-bceec9d7f106",
      "type": "institutional",
      "organization": {
        "reference": "Organization?identifier=https://github.com/synthetichealth/synthea|48a07866-e8d7-3268-aa3c-ca3237c8e6f3",
        "display": "BOSTON PAIN CLINIC & PRIMARY CARE PC"
      },
      "use": "complete",
      "diagnosis": [ {
        "sequence": 1,
        "diagnosis": {
          "system": "http://snomed.info/sct",
          "code": "314529007",
          "display": "Medication review due (situation)"
        }
      } ],
      "patient": {
        "reference": "urn:uuid:c589812a-52b4-2116-e6fc-ed406ca1f3a8"
      },
      "item": [ {
        "sequence": 1,
        "type": {
          "system": "http://hl7.org/fhir/v3/ActCode",
          "code": "CSINV",
          "display": "clinical service invoice"
        },
        "service": {
          "system": "http://snomed.info/sct",
          "code": "410620009",
          "display": "Well child visit (procedure)"
        }
      }, {
        "sequence": 2,
        "type": {
          "system": "http://hl7.org/fhir/v3/ActCode",
          "code": "CSINV",
          "display": "clinical service invoice"
        },
        "service": {
          "system": "http://hl7.org/fhir/sid/cvx",
          "code": "08",
          "display": "Hep B, adolescent or pediatric"
        },
        "net": {
          "value": 136.00,
          "system": "urn:iso:std:iso:4217",
          "code": "USD"
        }
      }, {
        "sequence": 4,
        "type": {
          "system": "http://hl7.org/fhir/v3/ActCode",
          "code": "CSINV",
          "display": "clinical service invoice"
        },
        "service": {
          "system": "http://loinc.org",
          "code": "58410-2",
          "display": "CBC panel - Blood by Automated count"
        },
        "net": {
          "value": 74.58,
          "system": "urn:iso:std:iso:4217",
          "code": "USD"
        }
      } ]
    },
    "request": {
      "method": "POST",
      "url": "Claim"
    }
  } ]
}
