{
  "resourceType": "Bundle",
  "type": "transaction",
  "entry": [ {
    "fullUrl": "urn:uuid:efa50159-a7e9-e464-3f4f-9098c8d2f64e",
    "resource": {
      "resourceType": "Patient",
      "id": "efa50159-a7e9-e464-3f4f-9098c8d2f64e",
      "text": {
        "status": "generated",
        "div": "<div xmlns=\"http://www.w3.org/1999/xhtml\">Generated by <a href=\"https://github.com/synthetichealth/synthea\">Synthea</a>.Version identifier: 96f4e79\n .   Person seed: -2727652838264326002  Population seed: 1702994045225</div>"
      },
      "extension": [ {
        "url": "http://hl7.org/fhir/StructureDefinition/us-core-race",
        "valueCodeableConcept": {
          "coding": [ {
            "system": "http://hl7.org/fhir/v3/Race",
            "code": "2106-3",
            "display": "White"
          } ],
          "text": "White"
        }
      }, {
        "url": "http://hl7.org/fhir/StructureDefinition/us-core-ethnicity",
        "valueCodeableConcept": {
          "coding": [ {
            "system": "http://hl7.org/fhir/v3/Ethnicity",
            "code": "2135-2",
            "display": "Hispanic or Latino"
          } ],
          "text": "Hispanic or Latino"
        }
      }, {
        "url": "http://hl7.org/fhir/StructureDefinition/patient-mothersMaidenName",
        "valueString": "Cara845 Kertzmann286"
      }, {
        "url": "http://hl7.org/fhir/us/core/StructureDefinition/us-core-birthsex",
        "valueCode": "F"
      }, {
        "url": "http://hl7.org/fhir/StructureDefinition/birthPlace",
        "valueAddress": {
          "city": "Winchendon",
          "state": "Massachusetts",
          "country": "US"
        }
      }, {
        "url": "http://synthetichealth.github.io/synthea/disability-adjusted-life-years",
        "valueDecimal": 0.0
      }, {
        "url": "http://synthetichealth.github.io/synthea/quality-adjusted-life-years",
        "valueDecimal": 0.0
      } ],
      "identifier": [ {
        "system": "https://github.com/synthetichealth/synthea",
        "value": "efa50159-a7e9-e464-3f4f-9098c8d2f64e"
      }, {
        "type": {
          "coding": [ {
            "system": "http://hl7.org/fhir/v2/0203",
            "code": "MR"
          } ]
        },
        "system": "http://hospital.smarthealthit.org",
        "value": "efa50159-a7e9-e464-3f4f-9098c8d2f64e"
      }, {
        "type": {
          "coding": [ {
            "system": "http://hl7.org/fhir/identifier-type",
            "code": "SB"
          } ]
        },
        "system": "http://hl7.org/fhir/sid/us-ssn",
        "value": "999-96-6905"
      } ],
      "name": [ {
        "use": "official",
        "family": [ "Heidenreich818" ],
        "given": [ "Jada948", "Brynn361" ]
      } ],
      "telecom": [ {
        "system": "phone",
        "value": "555-155-3156",
        "use": "home"
      } ],
      "gender": "female",
      "birthDate": "2023-10-13",
      "address": [ {
        "extension": [ {
          "url": "http://hl7.org/fhir/StructureDefinition/geolocation",
          "extension": [ {
            "url": "latitude",
            "valueDecimal": 42.277874713930196
          }, {
            "url": "longitude",
            "valueDecimal": -71.40962900440712
          } ]
        } ],
        "line": [ "955 Kerluke Lane" ],
        "city": "Framingham",
        "state": "Massachusetts",
        "postalCode": "01702",
        "country": "US"
      } ],
      "maritalStatus": {
        "coding": [ {
          "system": "http://hl7.org/fhir/v3/MaritalStatus",
          "code": "S"
        } ]
      },
      "multipleBirthBoolean": false,
      "communication": [ {
        "language": {
          "coding": [ {
            "system": "urn:ietf:bcp:47",
            "code": "en-US",
            "display": "English (United States)"
          } ],
          "text": "English (United States)"
        }
      } ]
    },
    "request": {
      "method": "POST",
      "url": "Patient"
    }
  }, {
    "fullUrl": "urn:uuid:64d5c59e-fe21-a032-0795-61ec49d82112",
    "resource": {
      "resourceType": "Encounter",
      "id": "64d5c59e-fe21-a032-0795-61ec49d82112",
      "status": "finished",
      "class": "ambulatory",
      "type": [ {
        "coding": [ {
          "system": "http://snomed.info/sct",
          "code": "410620009",
          "display": "Well child visit (procedure)"
        } ],
        "text": "Well child visit (procedure)"
      } ],
      "patient": {
        "reference": "urn:uuid:efa50159-a7e9-e464-3f4f-9098c8d2f64e"
      },
      "participant": [ {
        "individual": {
          "reference": "Practitioner?identifier=http://hl7.org/fhir/sid/us-npi|9999975490",
          "display": "Dr. Carri827 Flatley871"
        }
      } ],
      "period": {
        "start": "2023-10-13T18:19:20+00:00",
        "end": "2023-10-13T18:34:20+00:00"
      },
      "serviceProvider": {
        "reference": "Organization?identifier=https://github.com/synthetichealth/synthea|b4e81d20-a3d6-39db-8b04-bcc4ab5de7b2",
        "display": "EDWARD M KENNEDY COMMUNITY HEALTH CENTER INC"
      }
    },
    "request": {
      "method": "POST",
      "url": "Encounter"
    }
  }, {
    "fullUrl": "urn:uuid:f38bdd6d-610c-9ea4-cc33-42e303e80103",
    "resource": {
      "resourceType": "Condition",
      "id": "f38bdd6d-610c-9ea4-cc33-42e303e80103",
      "patient": {
        "reference": "urn:uuid:efa50159-a7e9-e464-3f4f-9098c8d2f64e"
      },
      "encounter": {
        "reference": "urn:uuid:64d5c59e-fe21-a032-0795-61ec49d82112"
      },
      "dateRecorded": "2023-10-13",
      "code": {
        "coding": [ {
          "system": "http://snomed.info/sct",
          "code": "314529007",
          "display": "Medication review due (situation)"
        } ],
        "text": "Medication review due (situation)"
      },
      "category": {
        "coding": [ {
          "system": "http://hl7.org/fhir/condition-category",
          "code": "diagnosis"
        } ]
      },
      "clinicalStatus": "resolved",
      "verificationStatus": "confirmed",
      "onsetDateTime": "2023-10-13T18:19:20+00:00",
      "abatementDateTime": "2023-10-13T18:19:20+00:00"
    },
    "request": {
      "method": "POST",
      "url": "Condition"
    }
  }, {
    "fullUrl": "urn:uuid:d2a5ad3c-6184-c95f-4395-fc3ab3dc2121",
    "resource": {
      "resourceType": "Observation",
      "id": "d2a5ad3c-6184-c95f-4395-fc3ab3dc2121",
      "status": "final",
      "category": {
        "coding": [ {
          "system": "http://hl7.org/fhir/observation-category",
          "code": "vital-signs",
          "display": "vital-signs"
        } ],
        "text": "vital-signs"
      },
      "code": {
        "coding": [ {
          "system": "http://loinc.org",
          "code": "8302-2",
          "display": "Body Height"
        } ],
        "text": "Body Height"
      },
      "subject": {
        "reference": "urn:uuid:efa50159-a7e9-e464-3f4f-9098c8d2f64e"
      },
      "encounter": {
        "reference": "urn:uuid:64d5c59e-fe21-a032-0795-61ec49d82112"
      },
      "effectiveDateTime": "2023-10-13T18:19:20+00:00",
      "issued": "2023-10-13T18:19:20.975+00:00",
      "valueQuantity": {
        "value": 52.200,
        "unit": "cm",
        "system": "http://unitsofmeasure.org",
        "code": "cm"
      }
    },
    "request": {
      "method": "POST",
      "url": "Observation"
    }
  }, {
    "fullUrl": "urn:uuid:b9f6fe5b-14c7-6744-b101-8aec5c9b3da0",
    "resource": {
      "resourceType": "Observation",
      "id": "b9f6fe5b-14c7-6744-b101-8aec5c9b3da0",
      "status": "final",
      "category": {
        "coding": [ {
          "system": "http://hl7.org/fhir/observation-category",
          "code": "vital-signs",
          "display": "vital-signs"
        } ],
        "text": "vital-signs"
      },
      "code": {
        "coding": [ {
          "system": "http://loinc.org",
          "code": "72514-3",
          "display": "Pain severity - 0-10 verbal numeric rating [Score] - Reported"
        } ],
        "text": "Pain severity - 0-10 verbal numeric rating [Score] - Reported"
      },
      "subject": {
        "reference": "urn:uuid:efa50159-a7e9-e464-3f4f-9098c8d2f64e"
      },
      "encounter": {
        "reference": "urn:uuid:64d5c59e-fe21-a032-0795-61ec49d82112"
      },
      "effectiveDateTime": "2023-10-13T18:19:20+00:00",
      "issued": "2023-10-13T18:19:20.975+00:00",
      "valueQuantity": {
        "value": 1,
        "unit": "{score}",
        "system": "http://unitsofmeasure.org",
        "code": "{score}"
      }
    },
    "request": {
      "method": "POST",
      "url": "Observation"
    }
  }, {
    "fullUrl": "urn:uuid:3e33d156-af8a-9de1-081a-d19022c330bf",
    "resource": {
      "resourceType": "Observation",
      "id": "3e33d156-af8a-9de1-081a-d19022c330bf",
      "status": "final",
      "category": {
        "coding": [ {
          "system": "http://hl7.org/fhir/observation-category",
          "code": "vital-signs",
          "display": "vital-signs"
        } ],
        "text": "vital-signs"
      },
      "code": {
        "coding": [ {
          "system": "http://loinc.org",
          "code": "29463-7",
          "display": "Body Weight"
        } ],
        "text": "Body Weight"
      },
      "subject": {
        "reference": "urn:uuid:efa50159-a7e9-e464-3f4f-9098c8d2f64e"
      },
      "encounter": {
        "reference": "urn:uuid:64d5c59e-fe21-a032-0795-61ec49d82112"
      },
      "effectiveDateTime": "2023-10-13T18:19:20+00:00",
      "issued": "2023-10-13T18:19:20.975+00:00",
      "valueQuantity": {
        "value": 4.1000,
        "unit": "kg",
        "system": "http://unitsofmeasure.org",
        "code": "kg"
      }
    },
    "request": {
      "method": "POST",
      "url": "Observation"
    }
  }, {
    "fullUrl": "urn:uuid:ddfaf93c-e8df-a02b-c177-300011d7ab89",
    "resource": {
      "resourceType": "Observation",
      "id": "ddfaf93c-e8df-a02b-c177-300011d7ab89",
      "status": "final",
      "category": {
        "coding": [ {
          "system": "http://hl7.org/fhir/observation-category",
          "code": "vital-signs",
          "display": "vital-signs"
        } ],
        "text": "vital-signs"
      },
      "code": {
        "coding": [ {
          "system": "http://loinc.org",
          "code": "77606-2",
          "display": "Weight-for-length Per age and sex"
        } ],
        "text": "Weight-for-length Per age and sex"
      },
      "subject": {
        "reference": "urn:uuid:efa50159-a7e9-e464-3f4f-9098c8d2f64e"
      },
      "encounter": {
        "reference": "urn:uuid:64d5c59e-fe21-a032-0795-61ec49d82112"
      },
      "effectiveDateTime": "2023-10-13T18:19:20+00:00",
      "issued": "2023-10-13T18:19:20.975+00:00",
      "valueQuantity": {
        "value": 63.877,
        "unit": "%",
        "system": "http://unitsofmeasure.org",
        "code": "%"
      }
    },
    "request": {
      "method": "POST",
      "url": "Observation"
    }
  }, {
    "fullUrl": "urn:uuid:59ebad11-9f6e-ecd5-ddc3-dc6d8e631db7",
    "resource": {
      "resourceType": "Observation",
      "id": "59ebad11-9f6e-ecd5-ddc3-dc6d8e631db7",
      "status": "final",
      "category": {
        "coding": [ {
          "system": "http://hl7.org/fhir/observation-category",
          "code": "vital-signs",
          "display": "vital-signs"
        } ],
        "text": "vital-signs"
      },
      "code": {
        "coding": [ {
          "system": "http://loinc.org",
          "code": "8289-1",
          "display": "Head Occipital-frontal circumference Percentile"
        } ],
        "text": "Head Occipital-frontal circumference Percentile"
      },
      "subject": {
        "reference": "urn:uuid:efa50159-a7e9-e464-3f4f-9098c8d2f64e"
      },
      "encounter": {
        "reference": "urn:uuid:64d5c59e-fe21-a032-0795-61ec49d82112"
      },
      "effectiveDateTime": "2023-10-13T18:19:20+00:00",
      "issued": "2023-10-13T18:19:20.975+00:00",
      "valueQuantity": {
        "value": 60.810,
        "unit": "%",
        "system": "http://unitsofmeasure.org",
        "code": "%"
      }
    },
    "request": {
      "method": "POST",
      "url": "Observation"
    }
  }, {
    "fullUrl": "urn:uuid:b2c4a9d2-5a05-16c4-afef-b25ff8be4088",
    "resource": {
      "resourceType": "Observation",
      "id": "b2c4a9d2-5a05-16c4-afef-b25ff8be4088",
      "status": "final",
      "category": {
        "coding": [ {
          "system": "http://hl7.org/fhir/observation-category",
          "code": "vital-signs",
          "display": "vital-signs"
        } ],
        "text": "vital-signs"
      },
      "code": {
        "coding": [ {
          "system": "http://loinc.org",
          "code": "9843-4",
          "display": "Head Occipital-frontal circumference"
        } ],
        "text": "Head Occipital-frontal circumference"
      },
      "subject": {
        "reference": "urn:uuid:efa50159-a7e9-e464-3f4f-9098c8d2f64e"
      },
      "encounter": {
        "reference": "urn:uuid:64d5c59e-fe21-a032-0795-61ec49d82112"
      },
      "effectiveDateTime": "2023-10-13T18:19:20+00:00",
      "issued": "2023-10-13T18:19:20.975+00:00",
      "valueQuantity": {
        "value": 35.160,
        "unit": "cm",
        "system": "http://unitsofmeasure.org",
        "code": "cm"
      }
    },
    "request": {
      "method": "POST",
      "url": "Observation"
    }
  }, {
    "fullUrl": "urn:uuid:51441747-5a62-59f2-84f7-d0d178e8a178",
    "resource": {
      "resourceType": "Observation",
      "id": "51441747-5a62-59f2-84f7-d0d178e8a178",
      "status": "final",
      "category": {
        "coding": [ {
          "system": "http://hl7.org/fhir/observation-category",
          "code": "vital-signs",
          "display": "vital-signs"
        } ],
        "text": "vital-signs"
      },
      "code": {
        "coding": [ {
          "system": "http://loinc.org",
          "code": "85354-9",
          "display": "Blood pressure panel with all children optional"
        } ],
        "text": "Blood pressure panel with all children optional"
      },
      "subject": {
        "reference": "urn:uuid:efa50159-a7e9-e464-3f4f-9098c8d2f64e"
      },
      "encounter": {
        "reference": "urn:uuid:64d5c59e-fe21-a032-0795-61ec49d82112"
      },
      "effectiveDateTime": "2023-10-13T18:19:20+00:00",
      "issued": "2023-10-13T18:19:20.975+00:00",
      "component": [ {
        "code": {
          "coding": [ {
            "system": "http://loinc.org",
            "code": "8462-4",
            "display": "Diastolic Blood Pressure"
          } ],
          "text": "Diastolic Blood Pressure"
        },
        "valueQuantity": {
          "value": 76,
          "unit": "mm[Hg]",
          "system": "http://unitsofmeasure.org",
          "code": "mm[Hg]"
        }
      }, {
        "code": {
          "coding": [ {
            "system": "http://loinc.org",
            "code": "8480-6",
            "display": "Systolic Blood Pressure"
          } ],
          "text": "Systolic Blood Pressure"
        },
        "valueQuantity": {
          "value": 126,
          "unit": "mm[Hg]",
          "system": "http://unitsofmeasure.org",
          "code": "mm[Hg]"
        }
      } ]
    },
    "request": {
      "method": "POST",
      "url": "Observation"
    }
  }, {
    "fullUrl": "urn:uuid:ab6dd44b-b168-fb3f-a32d-029294a1ca5b",
    "resource": {
      "resourceType": "Observation",
      "id": "ab6dd44b-b168-fb3f-a32d-029294a1ca5b",
      "status": "final",
      "category": {
        "coding": [ {
          "system": "http://hl7.org/fhir/observation-category",
          "code": "vital-signs",
          "display": "vital-signs"
        } ],
        "text": "vital-signs"
      },
      "code": {
        "coding": [ {
          "system": "http://loinc.org",
          "code": "8867-4",
          "display": "Heart rate"
        } ],
        "text": "Heart rate"
      },
      "subject": {
        "reference": "urn:uuid:efa50159-a7e9-e464-3f4f-9098c8d2f64e"
      },
      "encounter": {
        "reference": "urn:uuid:64d5c59e-fe21-a032-0795-61ec49d82112"
      },
      "effectiveDateTime": "2023-10-13T18:19:20+00:00",
      "issued": "2023-10-13T18:19:20.975+00:00",
      "valueQuantity": {
        "value": 75,
        "unit": "/min",
        "system": "http://unitsofmeasure.org",
        "code": "/min"
      }
    },
    "request": {
      "method": "POST",
      "url": "Observation"
    }
  }, {
    "fullUrl": "urn:uuid:87a01d42-7d4d-252e-a7fd-eac7b9746da4",
    "resource": {
      "resourceType": "Observation",
      "id": "87a01d42-7d4d-252e-a7fd-eac7b9746da4",
      "status": "final",
      "category": {
        "coding": [ {
          "system": "http://hl7.org/fhir/observation-category",
          "code": "vital-signs",
          "display": "vital-signs"
        } ],
        "text": "vital-signs"
      },
      "code": {
        "coding": [ {
          "system": "http://loinc.org",
          "code": "9279-1",
          "display": "Respiratory rate"
        } ],
        "text": "Respiratory rate"
      },
      "subject": {
        "reference": "urn:uuid:efa50159-a7e9-e464-3f4f-9098c8d2f64e"
      },
      "encounter": {
        "reference": "urn:uuid:64d5c59e-fe21-a032-0795-61ec49d82112"
      },
      "effectiveDateTime": "2023-10-13T18:19:20+00:00",
      "issued": "2023-10-13T18:19:20.975+00:00",
      "valueQuantity": {
        "value": 14,
        "unit": "/min",
        "system": "http://unitsofmeasure.org",
        "code": "/min"
      }
    },
    "request": {
      "method": "POST",
      "url": "Observation"
    }
  }, {
    "fullUrl": "urn:uuid:24168b9d-c5b6-4224-53ef-031468fda73b",
    "resource": {
      "resourceType": "Observation",
      "id": "24168b9d-c5b6-4224-53ef-031468fda73b",
      "status": "final",
      "category": {
        "coding": [ {
          "system": "http://hl7.org/fhir/observation-category",
          "code": "laboratory",
          "display": "laboratory"
        } ],
        "text": "laboratory"
      },
      "code": {
        "coding": [ {
          "system": "http://loinc.org",
          "code": "6690-2",
          "display": "Leukocytes [#/volume] in Blood by Automated count"
        } ],
        "text": "Leukocytes [#/volume] in Blood by Automated count"
      },
      "subject": {
        "reference": "urn:uuid:efa50159-a7e9-e464-3f4f-9098c8d2f64e"
      },
      "encounter": {
        "reference": "urn:uuid:64d5c59e-fe21-a032-0795-61ec49d82112"
      },
      "effectiveDateTime": "2023-10-13T18:19:20+00:00",
      "issued": "2023-10-13T18:19:20.975+00:00",
      "valueQuantity": {
        "value": 5.5974,
        "unit": "10*3/uL",
        "system": "http://unitsofmeasure.org",
        "code": "10*3/uL"
      }
    },
    "request": {
      "method": "POST",
      "url": "Observation"
    }
  }, {
    "fullUrl": "urn:uuid:5d716924-f5fe-7682-4999-84a4c615b91e",
    "resource": {
      "resourceType": "Observation",
      "id": "5d716924-f5fe-7682-4999-84a4c615b91e",
      "status": "final",
      "category": {
        "coding": [ {
          "system": "http://hl7.org/fhir/observation-category",
          "code": "laboratory",
          "display": "laboratory"
        } ],
        "text": "laboratory"
      },
      "code": {
        "coding": [ {
          "system": "http://loinc.org",
          "code": "789-8",
          "display": "Erythrocytes [#/volume] in Blood by Automated count"
        } ],
        "text": "Erythrocytes [#/volume] in Blood by Automated count"
      },
      "subject": {
        "reference": "urn:uuid:efa50159-a7e9-e464-3f4f-9098c8d2f64e"
      },
      "encounter": {
        "reference": "urn:uuid:64d5c59e-fe21-a032-0795-61ec49d82112"
      },
      "effectiveDateTime": "2023-10-13T18:19:20+00:00",
      "issued": "2023-10-13T18:19:20.975+00:00",
      "valueQuantity": {
        "value": 4.7043,
        "unit": "10*6/uL",
        "system": "http://unitsofmeasure.org",
        "code": "10*6/uL"
      }
    },
    "request": {
      "method": "POST",
      "url": "Observation"
    }
  }, {
    "fullUrl": "urn:uuid:bc4b07a3-964b-83b9-e8e9-cf831cd5ea4e",
    "resource": {
      "resourceType": "Observation",
      "id": "bc4b07a3-964b-83b9-e8e9-cf831cd5ea4e",
      "status": "final",
      "category": {
        "coding": [ {
          "system": "http://hl7.org/fhir/observation-category",
          "code": "laboratory",
          "display": "laboratory"
        } ],
        "text": "laboratory"
      },
      "code": {
        "coding": [ {
          "system": "http://loinc.org",
          "code": "718-7",
          "display": "Hemoglobin [Mass/volume] in Blood"
        } ],
        "text": "Hemoglobin [Mass/volume] in Blood"
      },
      "subject": {
        "reference": "urn:uuid:efa50159-a7e9-e464-3f4f-9098c8d2f64e"
      },
      "encounter": {
        "reference": "urn:uuid:64d5c59e-fe21-a032-0795-61ec49d82112"
      },
      "effectiveDateTime": "2023-10-13T18:19:20+00:00",
      "issued": "2023-10-13T18:19:20.975+00:00",
      "valueQuantity": {
        "value": 16.567,
        "unit": "g/dL",
        "system": "http://unitsofmeasure.org",
        "code": "g/dL"
      }
    },
    "request": {
      "method": "POST",
      "url": "Observation"
    }
  }, {
    "fullUrl": "urn:uuid:6a21f569-b049-8e33-f6cf-b635df5f72a9",
    "resource": {
      "resourceType": "Observation",
      "id": "6a21f569-b049-8e33-f6cf-b635df5f72a9",
      "status": "final",
      "category": {
        "coding": [ {
          "system": "http://hl7.org/fhir/observation-category",
          "code": "laboratory",
          "display": "laboratory"
        } ],
        "text": "laboratory"
      },
      "code": {
        "coding": [ {
          "system": "http://loinc.org",
          "code": "4544-3",
          "display": "Hematocrit [Volume Fraction] of Blood by Automated count"
        } ],
        "text": "Hematocrit [Volume Fraction] of Blood by Automated count"
      },
      "subject": {
        "reference": "urn:uuid:efa50159-a7e9-e464-3f4f-9098c8d2f64e"
      },
      "encounter": {
        "reference": "urn:uuid:64d5c59e-fe21-a032-0795-61ec49d82112"
      },
      "effectiveDateTime": "2023-10-13T18:19:20+00:00",
      "issued": "2023-10-13T18:19:20.975+00:00",
      "valueQuantity": {
        "value": 43.825,
        "unit": "%",
        "system": "http://unitsofmeasure.org",
        "code": "%"
      }
    },
    "request": {
      "method": "POST",
      "url": "Observation"
    }
  }, {
    "fullUrl": "urn:uuid:82f7a1d3-3b31-f19a-1d71-337014970d13",
    "resource": {
      "resourceType": "Observation",
      "id": "82f7a1d3-3b31-f19a-1d71-337014970d13",
      "status": "final",
      "category": {
        "coding": [ {
          "system": "http://hl7.org/fhir/observation-category",
          "code": "laboratory",
          "display": "laboratory"
        } ],
        "text": "laboratory"
      },
      "code": {
        "coding": [ {
          "system": "http://loinc.org",
          "code": "787-2",
          "display": "MCV [Entitic volume] by Automated count"
        } ],
        "text": "MCV [Entitic volume] by Automated count"
      },
      "subject": {
        "reference": "urn:uuid:efa50159-a7e9-e464-3f4f-9098c8d2f64e"
      },
      "encounter": {
        "reference": "urn:uuid:64d5c59e-fe21-a032-0795-61ec49d82112"
      },
      "effectiveDateTime": "2023-10-13T18:19:20+00:00",
      "issued": "2023-10-13T18:19:20.975+00:00",
      "valueQuantity": {
        "value": 84.564,
        "unit": "fL",
        "system": "http://unitsofmeasure.org",
        "code": "fL"
      }
    },
    "request": {
      "method": "POST",
      "url": "Observation"
    }
  }, {
    "fullUrl": "urn:uuid:c33e9895-9de1-120f-e746-256a2bc82f66",
    "resource": {
      "resourceType": "Observation",
      "id": "c33e9895-9de1-120f-e746-256a2bc82f66",
      "status": "final",
      "category": {
        "coding": [ {
          "system": "http://hl7.org/fhir/observation-category",
          "code": "laboratory",
          "display": "laboratory"
        } ],
        "text": "laboratory"
      },
      "code": {
        "coding": [ {
          "system": "http://loinc.org",
          "code": "785-6",
          "display": "MCH [Entitic mass] by Automated count"
        } ],
        "text": "MCH [Entitic mass] by Automated count"
      },
      "subject": {
        "reference": "urn:uuid:efa50159-a7e9-e464-3f4f-9098c8d2f64e"
      },
      "encounter": {
        "reference": "urn:uuid:64d5c59e-fe21-a032-0795-61ec49d82112"
      },
      "effectiveDateTime": "2023-10-13T18:19:20+00:00",
      "issued": "2023-10-13T18:19:20.975+00:00",
      "valueQuantity": {
        "value": 27.914,
        "unit": "pg",
        "system": "http://unitsofmeasure.org",
        "code": "pg"
      }
    },
    "request": {
      "method": "POST",
      "url": "Observation"
    }
  }, {
    "fullUrl": "urn:uuid:d32dc56d-ebae-4a80-aa57-4939aae901f5",
    "resource": {
      "resourceType": "Observation",
      "id": "d32dc56d-ebae-4a80-aa57-4939aae901f5",
      "status": "final",
      "category": {
        "coding": [ {
          "system": "http://hl7.org/fhir/observation-category",
          "code": "laboratory",
          "display": "laboratory"
        } ],
        "text": "laboratory"
      },
      "code": {
        "coding": [ {
          "system": "http://loinc.org",
          "code": "786-4",
          "display": "MCHC [Mass/volume] by Automated count"
        } ],
        "text": "MCHC [Mass/volume] by Automated count"
      },
      "subject": {
        "reference": "urn:uuid:efa50159-a7e9-e464-3f4f-9098c8d2f64e"
      },
      "encounter": {
        "reference": "urn:uuid:64d5c59e-fe21-a032-0795-61ec49d82112"
      },
      "effectiveDateTime": "2023-10-13T18:19:20+00:00",
      "issued": "2023-10-13T18:19:20.975+00:00",
      "valueQuantity": {
        "value": 33.349,
        "unit": "g/dL",
        "system": "http://unitsofmeasure.org",
        "code": "g/dL"
      }
    },
    "request": {
      "method": "POST",
      "url": "Observation"
    }
  }, {
    "fullUrl": "urn:uuid:9d9165b5-3707-d767-0735-9e8ebefd21cf",
    "resource": {
      "resourceType": "Observation",
      "id": "9d9165b5-3707-d767-0735-9e8ebefd21cf",
      "status": "final",
      "category": {
        "coding": [ {
          "system": "http://hl7.org/fhir/observation-category",
          "code": "laboratory",
          "display": "laboratory"
        } ],
        "text": "laboratory"
      },
      "code": {
        "coding": [ {
          "system": "http://loinc.org",
          "code": "21000-5",
          "display": "Erythrocyte distribution width [Entitic volume] by Automated count"
        } ],
        "text": "Erythrocyte distribution width [Entitic volume] by Automated count"
      },
      "subject": {
        "reference": "urn:uuid:efa50159-a7e9-e464-3f4f-9098c8d2f64e"
      },
      "encounter": {
        "reference": "urn:uuid:64d5c59e-fe21-a032-0795-61ec49d82112"
      },
      "effectiveDateTime": "2023-10-13T18:19:20+00:00",
      "issued": "2023-10-13T18:19:20.975+00:00",
      "valueQuantity": {
        "value": 42.200,
        "unit": "fL",
        "system": "http://unitsofmeasure.org",
        "code": "fL"
      }
    },
    "request": {
      "method": "POST",
      "url": "Observation"
    }
  }, {
    "fullUrl": "urn:uuid:a5a5dfff-4f6f-628e-b75c-d88d8344a008",
    "resource": {
      "resourceType": "Observation",
      "id": "a5a5dfff-4f6f-628e-b75c-d88d8344a008",
      "status": "final",
      "category": {
        "coding": [ {
          "system": "http://hl7.org/fhir/observation-category",
          "code": "laboratory",
          "display": "laboratory"
        } ],
        "text": "laboratory"
      },
      "code": {
        "coding": [ {
          "system": "http://loinc.org",
          "code": "777-3",
          "display": "Platelets [#/volume] in Blood by Automated count"
        } ],
        "text": "Platelets [#/volume] in Blood by Automated count"
      },
      "subject": {
        "reference": "urn:uuid:efa50159-a7e9-e464-3f4f-9098c8d2f64e"
      },
      "encounter": {
        "reference": "urn:uuid:64d5c59e-fe21-a032-0795-61ec49d82112"
      },
      "effectiveDateTime": "2023-10-13T18:19:20+00:00",
      "issued": "2023-10-13T18:19:20.975+00:00",
      "valueQuantity": {
        "value": 434.95,
        "unit": "10*3/uL",
        "system": "http://unitsofmeasure.org",
        "code": "10*3/uL"
      }
    },
    "request": {
      "method": "POST",
      "url": "Observation"
    }
  }, {
    "fullUrl": "urn:uuid:f599b9e6-f6ea-6fae-45af-1ac5849addad",
    "resource": {
      "resourceType": "Observation",
      "id": "f599b9e6-f6ea-6fae-45af-1ac5849addad",
      "status": "final",
      "category": {
        "coding": [ {
          "system": "http://hl7.org/fhir/observation-category",
          "code": "laboratory",
          "display": "laboratory"
        } ],
        "text": "laboratory"
      },
      "code": {
        "coding": [ {
          "system": "http://loinc.org",
          "code": "32207-3",
          "display": "Platelet distribution width [Entitic volume] in Blood by Automated count"
        } ],
        "text": "Platelet distribution width [Entitic volume] in Blood by Automated count"
      },
      "subject": {
        "reference": "urn:uuid:efa50159-a7e9-e464-3f4f-9098c8d2f64e"
      },
      "encounter": {
        "reference": "urn:uuid:64d5c59e-fe21-a032-0795-61ec49d82112"
      },
      "effectiveDateTime": "2023-10-13T18:19:20+00:00",
      "issued": "2023-10-13T18:19:20.975+00:00",
      "valueQuantity": {
        "value": 152.61,
        "unit": "fL",
        "system": "http://unitsofmeasure.org",
        "code": "fL"
      }
    },
    "request": {
      "method": "POST",
      "url": "Observation"
    }
  }, {
    "fullUrl": "urn:uuid:af46e281-78dd-ab0a-0c51-0977665fa72a",
    "resource": {
      "resourceType": "Observation",
      "id": "af46e281-78dd-ab0a-0c51-0977665fa72a",
      "status": "final",
      "category": {
        "coding": [ {
          "system": "http://hl7.org/fhir/observation-category",
          "code": "laboratory",
          "display": "laboratory"
        } ],
        "text": "laboratory"
      },
      "code": {
        "coding": [ {
          "system": "http://loinc.org",
          "code": "32623-1",
          "display": "Platelet mean volume [Entitic volume] in Blood by Automated count"
        } ],
        "text": "Platelet mean volume [Entitic volume] in Blood by Automated count"
      },
      "subject": {
        "reference": "urn:uuid:efa50159-a7e9-e464-3f4f-9098c8d2f64e"
      },
      "encounter": {
        "reference": "urn:uuid:64d5c59e-fe21-a032-0795-61ec49d82112"
      },
      "effectiveDateTime": "2023-10-13T18:19:20+00:00",
      "issued": "2023-10-13T18:19:20.975+00:00",
      "valueQuantity": {
        "value": 12.068,
        "unit": "fL",
        "system": "http://unitsofmeasure.org",
        "code": "fL"
      }
    },
    "request": {
      "method": "POST",
      "url": "Observation"
    }
  }, {
    "fullUrl": "urn:uuid:aca9baa5-4be7-9b56-ed34-91b80eb42683",
    "resource": {
      "resourceType": "Observation",
      "id": "aca9baa5-4be7-9b56-ed34-91b80eb42683",
      "status": "final",
      "category": {
        "coding": [ {
          "system": "http://hl7.org/fhir/observation-category",
          "code": "social-history",
          "display": "social-history"
        } ],
        "text": "social-history"
      },
      "code": {
        "coding": [ {
          "system": "http://loinc.org",
          "code": "72166-2",
          "display": "Tobacco smoking status"
        } ],
        "text": "Tobacco smoking status"
      },
      "subject": {
        "reference": "urn:uuid:efa50159-a7e9-e464-3f4f-9098c8d2f64e"
      },
      "encounter": {
        "reference": "urn:uuid:64d5c59e-fe21-a032-0795-61ec49d82112"
      },
      "effectiveDateTime": "2023-10-13T18:19:20+00:00",
      "issued": "2023-10-13T18:19:20.975+00:00",
      "valueCodeableConcept": {
        "coding": [ {
          "system": "http://snomed.info/sct",
          "code": "266919005",
          "display": "Never smoked tobacco (finding)"
        } ],
        "text": "Never smoked tobacco (finding)"
      }
    },
    "request": {
      "method": "POST",
      "url": "Observation"
    }
  }, {
    "fullUrl": "urn:uuid:9ccfb58c-ab44-9141-bcf9-a7f9f59831ac",
    "resource": {
      "resourceType": "Procedure",
      "id": "9ccfb58c-ab44-9141-bcf9-a7f9f59831ac",
      "subject": {
        "reference": "urn:uuid:efa50159-a7e9-e464-3f4f-9098c8d2f64e"
      },
      "status": "completed",
      "code": {
        "coding": [ {
          "system": "http://snomed.info/sct",
          "code": "430193006",
          "display": "Medication Reconciliation (procedure)"
        } ],
        "text": "Medication Reconciliation (procedure)"
      },
      "performedPeriod": {
        "start": "2023-10-13T18:19:20+00:00",
        "end": "2023-10-13T18:34:20+00:00"
      },
      "encounter": {
        "reference": "urn:uuid:64d5c59e-fe21-a032-0795-61ec49d82112"
      }
    },
    "request": {
      "method": "POST",
      "url": "Procedure"
    }
  }, {
    "fullUrl": "urn:uuid:19cb1736-5caa-00ff-4991-e15e59502e04",
    "resource": {
      "resourceType": "Immunization",
      "id": "19cb1736-5caa-00ff-4991-e15e59502e04",
      "status": "completed",
      "date": "2023-10-13T18:19:20+00:00",
      "vaccineCode": {
        "coding": [ {
          "system": "http://hl7.org/fhir/sid/cvx",
          "code": "08",
          "display": "Hep B, adolescent or pediatric"
        } ],
        "text": "Hep B, adolescent or pediatric"
      },
      "patient": {
        "reference": "urn:uuid:efa50159-a7e9-e464-3f4f-9098c8d2f64e"
      },
      "wasNotGiven": false,
      "reported": false,
      "encounter": {
        "reference": "urn:uuid:64d5c59e-fe21-a032-0795-61ec49d82112"
      }
    },
    "request": {
      "method": "POST",
      "url": "Immunization"
    }
  }, {
    "fullUrl": "urn:uuid:839825cb-026a-e9b6-f028-942dcd21d250",
    "resource": {
      "resourceType": "DiagnosticReport",
      "id": "839825cb-026a-e9b6-f028-942dcd21d250",
      "status": "final",
      "category": {
        "coding": [ {
          "system": "http://hl7.org/fhir/ValueSet/diagnostic-service-sections",
          "code": "LAB"
        } ]
      },
      "code": {
        "coding": [ {
          "system": "http://loinc.org",
          "code": "58410-2",
          "display": "CBC panel - Blood by Automated count"
        } ],
        "text": "CBC panel - Blood by Automated count"
      },
      "subject": {
        "reference": "urn:uuid:efa50159-a7e9-e464-3f4f-9098c8d2f64e"
      },
      "encounter": {
        "reference": "urn:uuid:64d5c59e-fe21-a032-0795-61ec49d82112"
      },
      "effectiveDateTime": "2023-10-13T18:19:20+00:00",
      "issued": "2023-10-13T18:19:20.975+00:00",
      "performer": {
        "reference": "Organization?identifier=https://github.com/synthetichealth/synthea|b4e81d20-a3d6-39db-8b04-bcc4ab5de7b2",
        "display": "EDWARD M KENNEDY COMMUNITY HEALTH CENTER INC"
      },
      "result": [ {
        "reference": "urn:uuid:af46e281-78dd-ab0a-0c51-0977665fa72a",
        "display": "Platelet mean volume [Entitic volume] in Blood by Automated count"
      } ]
    },
    "request": {
      "method": "POST",
      "url": "DiagnosticReport"
    }
  }, {
    "fullUrl": "urn:uuid:df2ec58d-625e-cc2e-245d-fb608eddd689",
    "resource": {
      "resourceType": "Claim",
      "id": "df2ec58d-625e-cc2e-245d-fb608eddd689",
      "type": "institutional",
      "organization": {
        "reference": "Organization?identifier=https://github.com/synthetichealth/synthea|b4e81d20-a3d6-39db-8b04-bcc4ab5de7b2",
        "display": "EDWARD M KENNEDY COMMUNITY HEALTH CENTER INC"
      },
      "use": "complete",
      "diagnosis": [ {
        "sequence": 1,
        "diagnosis": {
          "system": "http://snomed.info/sct",
          "code": "314529007",
          "display": "Medication review due (situation)"
        }
      } ],
      "patient": {
        "reference": "urn:uuid:efa50159-a7e9-e464-3f4f-9098c8d2f64e"
      },
      "item": [ {
        "sequence": 1,
        "type": {
          "system": "http://hl7.org/fhir/v3/ActCode",
          "code": "CSINV",
          "display": "clinical service invoice"
        },
        "service": {
          "system": "http://snomed.info/sct",
          "code": "410620009",
          "display": "Well child visit (procedure)"
        }
      }, {
        "sequence": 2,
        "type": {
          "system": "http://hl7.org/fhir/v3/ActCode",
          "code": "CSINV",
          "display": "clinical service invoice"
        },
        "service": {
          "system": "http://hl7.org/fhir/sid/cvx",
          "code": "08",
          "display": "Hep B, adolescent or pediatric"
        },
        "net": {
          "value": 136.00,
          "system": "urn:iso:std:iso:4217",
          "code": "USD"
        }
      }, {
        "sequence": 4,
        "type": {
          "system": "http://hl7.org/fhir/v3/ActCode",
          "code": "CSINV",
          "display": "clinical service invoice"
        },
        "service": {
          "system": "http://snomed.info/sct",
          "code": "430193006",
          "display": "Medication Reconciliation (procedure)"
        },
        "net": {
          "value": 567.92,
          "system": "urn:iso:std:iso:4217",
          "code": "USD"
        }
      }, {
        "sequence": 5,
        "type": {
          "system": "http://hl7.org/fhir/v3/ActCode",
          "code": "CSINV",
          "display": "clinical service invoice"
        },
        "service": {
          "system": "http://loinc.org",
          "code": "58410-2",
          "display": "CBC panel - Blood by Automated count"
        },
        "net": {
          "value": 74.58,
          "system": "urn:iso:std:iso:4217",
          "code": "USD"
        }
      } ]
    },
    "request": {
      "method": "POST",
      "url": "Claim"
    }
  }, {
    "fullUrl": "urn:uuid:223eabda-74f9-6c6b-bfc8-2fe17ac1c4f7",
    "resource": {
      "resourceType": "Encounter",
      "id": "223eabda-74f9-6c6b-bfc8-2fe17ac1c4f7",
      "status": "finished",
      "class": "ambulatory",
      "type": [ {
        "coding": [ {
          "system": "http://snomed.info/sct",
          "code": "410620009",
          "display": "Well child visit (procedure)"
        } ],
        "text": "Well child visit (procedure)"
      } ],
      "patient": {
        "reference": "urn:uuid:efa50159-a7e9-e464-3f4f-9098c8d2f64e"
      },
      "participant": [ {
        "individual": {
          "reference": "Practitioner?identifier=http://hl7.org/fhir/sid/us-npi|9999975490",
          "display": "Dr. Carri827 Flatley871"
        }
      } ],
      "period": {
        "start": "2023-11-17T18:19:20+00:00",
        "end": "2023-11-17T18:34:20+00:00"
      },
      "serviceProvider": {
        "reference": "Organization?identifier=https://github.com/synthetichealth/synthea|b4e81d20-a3d6-39db-8b04-bcc4ab5de7b2",
        "display": "EDWARD M KENNEDY COMMUNITY HEALTH CENTER INC"
      }
    },
    "request": {
      "method": "POST",
      "url": "Encounter"
    }
  }, {
    "fullUrl": "urn:uuid:762aa7f1-6203-c245-4e5d-2625c57e16f4",
    "resource": {
      "resourceType": "Condition",
      "id": "762aa7f1-6203-c245-4e5d-2625c57e16f4",
      "patient": {
        "reference": "urn:uuid:efa50159-a7e9-e464-3f4f-9098c8d2f64e"
      },
      "encounter": {
        "reference": "urn:uuid:223eabda-74f9-6c6b-bfc8-2fe17ac1c4f7"
      },
      "dateRecorded": "2023-11-17",
      "code": {
        "coding": [ {
          "system": "http://snomed.info/sct",
          "code": "314529007",
          "display": "Medication review due (situation)"
        } ],
        "text": "Medication review due (situation)"
      },
      "category": {
        "coding": [ {
          "system": "http://hl7.org/fhir/condition-category",
          "code": "diagnosis"
        } ]
      },
      "clinicalStatus": "active",
      "verificationStatus": "confirmed",
      "onsetDateTime": "2023-11-17T18:19:20+00:00"
    },
    "request": {
      "method": "POST",
      "url": "Condition"
    }
  }, {
    "fullUrl": "urn:uuid:d358b16a-ae87-7b60-cf2e-339c8112ed46",
    "resource": {
      "resourceType": "Observation",
      "id": "d358b16a-ae87-7b60-cf2e-339c8112ed46",
      "status": "final",
      "category": {
        "coding": [ {
          "system": "http://hl7.org/fhir/observation-category",
          "code": "vital-signs",
          "display": "vital-signs"
        } ],
        "text": "vital-signs"
      },
      "code": {
        "coding": [ {
          "system": "http://loinc.org",
          "code": "8302-2",
          "display": "Body Height"
        } ],
        "text": "Body Height"
      },
      "subject": {
        "reference": "urn:uuid:efa50159-a7e9-e464-3f4f-9098c8d2f64e"
      },
      "encounter": {
        "reference": "urn:uuid:223eabda-74f9-6c6b-bfc8-2fe17ac1c4f7"
      },
      "effectiveDateTime": "2023-11-17T18:19:20+00:00",
      "issued": "2023-11-17T18:19:20.975+00:00",
      "valueQuantity": {
        "value": 55.800,
        "unit": "cm",
        "system": "http://unitsofmeasure.org",
        "code": "cm"
      }
    },
    "request": {
      "method": "POST",
      "url": "Observation"
    }
  }, {
    "fullUrl": "urn:uuid:33d32fe4-3574-5d75-9b52-8f0ab76cd4f2",
    "resource": {
      "resourceType": "Observation",
      "id": "33d32fe4-3574-5d75-9b52-8f0ab76cd4f2",
      "status": "final",
      "category": {
        "coding": [ {
          "system": "http://hl7.org/fhir/observation-category",
          "code": "vital-signs",
          "display": "vital-signs"
        } ],
        "text": "vital-signs"
      },
      "code": {
        "coding": [ {
          "system": "http://loinc.org",
          "code": "72514-3",
          "display": "Pain severity - 0-10 verbal numeric rating [Score] - Reported"
        } ],
        "text": "Pain severity - 0-10 verbal numeric rating [Score] - Reported"
      },
      "subject": {
        "reference": "urn:uuid:efa50159-a7e9-e464-3f4f-9098c8d2f64e"
      },
      "encounter": {
        "reference": "urn:uuid:223eabda-74f9-6c6b-bfc8-2fe17ac1c4f7"
      },
      "effectiveDateTime": "2023-11-17T18:19:20+00:00",
      "issued": "2023-11-17T18:19:20.975+00:00",
      "valueQuantity": {
        "value": 2,
        "unit": "{score}",
        "system": "http://unitsofmeasure.org",
        "code": "{score}"
      }
    },
    "request": {
      "method": "POST",
      "url": "Observation"
    }
  }, {
    "fullUrl": "urn:uuid:a179639c-f38c-5c57-f5ad-d1d86546d3a6",
    "resource": {
      "resourceType": "Observation",
      "id": "a179639c-f38c-5c57-f5ad-d1d86546d3a6",
      "status": "final",
      "category": {
        "coding": [ {
          "system": "http://hl7.org/fhir/observation-category",
          "code": "vital-signs",
          "display": "vital-signs"
        } ],
        "text": "vital-signs"
      },
      "code": {
        "coding": [ {
          "system": "http://loinc.org",
          "code": "29463-7",
          "display": "Body Weight"
        } ],
        "text": "Body Weight"
      },
      "subject": {
        "reference": "urn:uuid:efa50159-a7e9-e464-3f4f-9098c8d2f64e"
      },
      "encounter": {
        "reference": "urn:uuid:223eabda-74f9-6c6b-bfc8-2fe17ac1c4f7"
      },
      "effectiveDateTime": "2023-11-17T18:19:20+00:00",
      "issued": "2023-11-17T18:19:20.975+00:00",
      "valueQuantity": {
        "value": 4.9000,
        "unit": "kg",
        "system": "http://unitsofmeasure.org",
        "code": "kg"
      }
    },
    "request": {
      "method": "POST",
      "url": "Observation"
    }
  }, {
    "fullUrl": "urn:uuid:6a04467d-99f8-b85c-14dd-ae010ca347d5",
    "resource": {
      "resourceType": "Observation",
      "id": "6a04467d-99f8-b85c-14dd-ae010ca347d5",
      "status": "final",
      "category": {
        "coding": [ {
          "system": "http://hl7.org/fhir/observation-category",
          "code": "vital-signs",
          "display": "vital-signs"
        } ],
        "text": "vital-signs"
      },
      "code": {
        "coding": [ {
          "system": "http://loinc.org",
          "code": "77606-2",
          "display": "Weight-for-length Per age and sex"
        } ],
        "text": "Weight-for-length Per age and sex"
      },
      "subject": {
        "reference": "urn:uuid:efa50159-a7e9-e464-3f4f-9098c8d2f64e"
      },
      "encounter": {
        "reference": "urn:uuid:223eabda-74f9-6c6b-bfc8-2fe17ac1c4f7"
      },
      "effectiveDateTime": "2023-11-17T18:19:20+00:00",
      "issued": "2023-11-17T18:19:20.975+00:00",
      "valueQuantity": {
        "value": 46.263,
        "unit": "%",
        "system": "http://unitsofmeasure.org",
        "code": "%"
      }
    },
    "request": {
      "method": "POST",
      "url": "Observation"
    }
  }, {
    "fullUrl": "urn:uuid:7a1f9aca-172a-b276-87c6-f3b7c6f4b801",
    "resource": {
      "resourceType": "Observation",
      "id": "7a1f9aca-172a-b276-87c6-f3b7c6f4b801",
      "status": "final",
      "category": {
        "coding": [ {
          "system": "http://hl7.org/fhir/observation-category",
          "code": "vital-signs",
          "display": "vital-signs"
        } ],
        "text": "vital-signs"
      },
      "code": {
        "coding": [ {
          "system": "http://loinc.org",
          "code": "8289-1",
          "display": "Head Occipital-frontal circumference Percentile"
        } ],
        "text": "Head Occipital-frontal circumference Percentile"
      },
      "subject": {
        "reference": "urn:uuid:efa50159-a7e9-e464-3f4f-9098c8d2f64e"
      },
      "encounter": {
        "reference": "urn:uuid:223eabda-74f9-6c6b-bfc8-2fe17ac1c4f7"
      },
      "effectiveDateTime": "2023-11-17T18:19:20+00:00",
      "issued": "2023-11-17T18:19:20.975+00:00",
      "valueQuantity": {
        "value": 60.810,
        "unit": "%",
        "system": "http://unitsofmeasure.org",
        "code": "%"
      }
    },
    "request": {
      "method": "POST",
      "url": "Observation"
    }
  }, {
    "fullUrl": "urn:uuid:80ce3f07-fb8d-ffb8-dc5b-ab4487c8a338",
    "resource": {
      "resourceType": "Observation",
      "id": "80ce3f07-fb8d-ffb8-dc5b-ab4487c8a338",
      "status": "final",
      "category": {
        "coding": [ {
          "system": "http://hl7.org/fhir/observation-category",
          "code": "vital-signs",
          "display": "vital-signs"
        } ],
        "text": "vital-signs"
      },
      "code": {
        "coding": [ {
          "system": "http://loinc.org",
          "code": "9843-4",
          "display": "Head Occipital-frontal circumference"
        } ],
        "text": "Head Occipital-frontal circumference"
      },
      "subject": {
        "reference": "urn:uuid:efa50159-a7e9-e464-3f4f-9098c8d2f64e"
      },
      "encounter": {
        "reference": "urn:uuid:223eabda-74f9-6c6b-bfc8-2fe17ac1c4f7"
      },
      "effectiveDateTime": "2023-11-17T18:19:20+00:00",
      "issued": "2023-11-17T18:19:20.975+00:00",
      "valueQuantity": {
        "value": 38.380,
        "unit": "cm",
        "system": "http://unitsofmeasure.org",
        "code": "cm"
      }
    },
    "request": {
      "method": "POST",
      "url": "Observation"
    }
  }, {
    "fullUrl": "urn:uuid:1996c361-60fb-2c97-d3ac-9f5f50ecde68",
    "resource": {
      "resourceType": "Observation",
      "id": "1996c361-60fb-2c97-d3ac-9f5f50ecde68",
      "status": "final",
      "category": {
        "coding": [ {
          "system": "http://hl7.org/fhir/observation-category",
          "code": "vital-signs",
          "display": "vital-signs"
        } ],
        "text": "vital-signs"
      },
      "code": {
        "coding": [ {
          "system": "http://loinc.org",
          "code": "85354-9",
          "display": "Blood pressure panel with all children optional"
        } ],
        "text": "Blood pressure panel with all children optional"
      },
      "subject": {
        "reference": "urn:uuid:efa50159-a7e9-e464-3f4f-9098c8d2f64e"
      },
      "encounter": {
        "reference": "urn:uuid:223eabda-74f9-6c6b-bfc8-2fe17ac1c4f7"
      },
      "effectiveDateTime": "2023-11-17T18:19:20+00:00",
      "issued": "2023-11-17T18:19:20.975+00:00",
      "component": [ {
        "code": {
          "coding": [ {
            "system": "http://loinc.org",
            "code": "8462-4",
            "display": "Diastolic Blood Pressure"
          } ],
          "text": "Diastolic Blood Pressure"
        },
        "valueQuantity": {
          "value": 83,
          "unit": "mm[Hg]",
          "system": "http://unitsofmeasure.org",
          "code": "mm[Hg]"
        }
      }, {
        "code": {
          "coding": [ {
            "system": "http://loinc.org",
            "code": "8480-6",
            "display": "Systolic Blood Pressure"
          } ],
          "text": "Systolic Blood Pressure"
        },
        "valueQuantity": {
          "value": 131,
          "unit": "mm[Hg]",
          "system": "http://unitsofmeasure.org",
          "code": "mm[Hg]"
        }
      } ]
    },
    "request": {
      "method": "POST",
      "url": "Observation"
    }
  }, {
    "fullUrl": "urn:uuid:7861488b-0222-1357-afb7-fb7937adacb0",
    "resource": {
      "resourceType": "Observation",
      "id": "7861488b-0222-1357-afb7-fb7937adacb0",
      "status": "final",
      "category": {
        "coding": [ {
          "system": "http://hl7.org/fhir/observation-category",
          "code": "vital-signs",
          "display": "vital-signs"
        } ],
        "text": "vital-signs"
      },
      "code": {
        "coding": [ {
          "system": "http://loinc.org",
          "code": "8867-4",
          "display": "Heart rate"
        } ],
        "text": "Heart rate"
      },
      "subject": {
        "reference": "urn:uuid:efa50159-a7e9-e464-3f4f-9098c8d2f64e"
      },
      "encounter": {
        "reference": "urn:uuid:223eabda-74f9-6c6b-bfc8-2fe17ac1c4f7"
      },
      "effectiveDateTime": "2023-11-17T18:19:20+00:00",
      "issued": "2023-11-17T18:19:20.975+00:00",
      "valueQuantity": {
        "value": 92,
        "unit": "/min",
        "system": "http://unitsofmeasure.org",
        "code": "/min"
      }
    },
    "request": {
      "method": "POST",
      "url": "Observation"
    }
  }, {
    "fullUrl": "urn:uuid:ba266c58-106b-c7f9-1be6-2a1a909cb3ee",
    "resource": {
      "resourceType": "Observation",
      "id": "ba266c58-106b-c7f9-1be6-2a1a909cb3ee",
      "status": "final",
      "category": {
        "coding": [ {
          "system": "http://hl7.org/fhir/observation-category",
          "code": "vital-signs",
          "display": "vital-signs"
        } ],
        "text": "vital-signs"
      },
      "code": {
        "coding": [ {
          "system": "http://loinc.org",
          "code": "9279-1",
          "display": "Respiratory rate"
        } ],
        "text": "Respiratory rate"
      },
      "subject": {
        "reference": "urn:uuid:efa50159-a7e9-e464-3f4f-9098c8d2f64e"
      },
      "encounter": {
        "reference": "urn:uuid:223eabda-74f9-6c6b-bfc8-2fe17ac1c4f7"
      },
      "effectiveDateTime": "2023-11-17T18:19:20+00:00",
      "issued": "2023-11-17T18:19:20.975+00:00",
      "valueQuantity": {
        "value": 13,
        "unit": "/min",
        "system": "http://unitsofmeasure.org",
        "code": "/min"
      }
    },
    "request": {
      "method": "POST",
      "url": "Observation"
    }
  }, {
    "fullUrl": "urn:uuid:c2bb8aa1-3f7f-7889-9dc7-27ae9f0f2cb8",
    "resource": {
      "resourceType": "Observation",
      "id": "c2bb8aa1-3f7f-7889-9dc7-27ae9f0f2cb8",
      "status": "final",
      "category": {
        "coding": [ {
          "system": "http://hl7.org/fhir/observation-category",
          "code": "social-history",
          "display": "social-history"
        } ],
        "text": "social-history"
      },
      "code": {
        "coding": [ {
          "system": "http://loinc.org",
          "code": "72166-2",
          "display": "Tobacco smoking status"
        } ],
        "text": "Tobacco smoking status"
      },
      "subject": {
        "reference": "urn:uuid:efa50159-a7e9-e464-3f4f-9098c8d2f64e"
      },
      "encounter": {
        "reference": "urn:uuid:223eabda-74f9-6c6b-bfc8-2fe17ac1c4f7"
      },
      "effectiveDateTime": "2023-11-17T18:19:20+00:00",
      "issued": "2023-11-17T18:19:20.975+00:00",
      "valueCodeableConcept": {
        "coding": [ {
          "system": "http://snomed.info/sct",
          "code": "266919005",
          "display": "Never smoked tobacco (finding)"
        } ],
        "text": "Never smoked tobacco (finding)"
      }
    },
    "request": {
      "method": "POST",
      "url": "Observation"
    }
  }, {
    "fullUrl": "urn:uuid:522a7133-ad00-f07e-04b4-d8d80f9832b0",
    "resource": {
      "resourceType": "Immunization",
      "id": "522a7133-ad00-f07e-04b4-d8d80f9832b0",
      "status": "completed",
      "date": "2023-11-17T18:19:20+00:00",
      "vaccineCode": {
        "coding": [ {
          "system": "http://hl7.org/fhir/sid/cvx",
          "code": "08",
          "display": "Hep B, adolescent or pediatric"
        } ],
        "text": "Hep B, adolescent or pediatric"
      },
      "patient": {
        "reference": "urn:uuid:efa50159-a7e9-e464-3f4f-9098c8d2f64e"
      },
      "wasNotGiven": false,
      "reported": false,
      "encounter": {
        "reference": "urn:uuid:223eabda-74f9-6c6b-bfc8-2fe17ac1c4f7"
      }
    },
    "request": {
      "method": "POST",
      "url": "Immunization"
    }
  }, {
    "fullUrl": "urn:uuid:b25ad3d1-35d8-c69e-da66-cc402cce677e",
    "resource": {
      "resourceType": "Claim",
      "id": "b25ad3d1-35d8-c69e-da66-cc402cce677e",
      "type": "institutional",
      "organization": {
        "reference": "Organization?identifier=https://github.com/synthetichealth/synthea|b4e81d20-a3d6-39db-8b04-bcc4ab5de7b2",
        "display": "EDWARD M KENNEDY COMMUNITY HEALTH CENTER INC"
      },
      "use": "complete",
      "diagnosis": [ {
        "sequence": 1,
        "diagnosis": {
          "system": "http://snomed.info/sct",
          "code": "314529007",
          "display": "Medication review due (situation)"
        }
      } ],
      "patient": {
        "reference": "urn:uuid:efa50159-a7e9-e464-3f4f-9098c8d2f64e"
      },
      "item": [ {
        "sequence": 1,
        "type": {
          "system": "http://hl7.org/fhir/v3/ActCode",
          "code": "CSINV",
          "display": "clinical service invoice"
        },
        "service": {
          "system": "http://snomed.info/sct",
          "code": "410620009",
          "display": "Well child visit (procedure)"
        }
      }, {
        "sequence": 2,
        "type": {
          "system": "http://hl7.org/fhir/v3/ActCode",
          "code": "CSINV",
          "display": "clinical service invoice"
        },
        "service": {
          "system": "http://hl7.org/fhir/sid/cvx",
          "code": "08",
          "display": "Hep B, adolescent or pediatric"
        },
        "net": {
          "value": 136.00,
          "system": "urn:iso:std:iso:4217",
          "code": "USD"
        }
      } ]
    },
    "request": {
      "method": "POST",
      "url": "Claim"
    }
  } ]
}
