{
  "resourceType": "Bundle",
  "type": "transaction",
  "entry": [ {
    "fullUrl": "urn:uuid:44593be7-a0fd-4ae2-f0d4-2c0ee1590ec1",
    "resource": {
      "resourceType": "Patient",
      "id": "44593be7-a0fd-4ae2-f0d4-2c0ee1590ec1",
      "text": {
        "status": "generated",
        "div": "<div xmlns=\"http://www.w3.org/1999/xhtml\">Generated by <a href=\"https://github.com/synthetichealth/synthea\">Synthea</a>.Version identifier: 7187764\n .   Person seed: 4925033533530786530  Population seed: 1764786987259</div>"
      },
      "extension": [ {
        "url": "http://hl7.org/fhir/StructureDefinition/us-core-race",
        "valueCodeableConcept": {
          "coding": [ {
            "system": "http://hl7.org/fhir/v3/Race",
            "code": "2106-3",
            "display": "White"
          } ],
          "text": "White"
        }
      }, {
        "url": "http://hl7.org/fhir/StructureDefinition/us-core-ethnicity",
        "valueCodeableConcept": {
          "coding": [ {
            "system": "http://hl7.org/fhir/v3/Ethnicity",
            "code": "2186-5",
            "display": "Not Hispanic or Latino"
          } ],
          "text": "Not Hispanic or Latino"
        }
      }, {
        "url": "http://hl7.org/fhir/StructureDefinition/patient-mothersMaidenName",
        "valueString": "Irmgard696 Bins636"
      }, {
        "url": "http://hl7.org/fhir/us/core/StructureDefinition/us-core-birthsex",
        "valueCode": "M"
      }, {
        "url": "http://hl7.org/fhir/StructureDefinition/birthPlace",
        "valueAddress": {
          "city": "Boston",
          "state": "Massachusetts",
          "country": "US"
        }
      }, {
        "url": "http://synthetichealth.github.io/synthea/disability-adjusted-life-years",
        "valueDecimal": 0.0
      }, {
        "url": "http://synthetichealth.github.io/synthea/quality-adjusted-life-years",
        "valueDecimal": 0.0
      } ],
      "identifier": [ {
        "system": "https://github.com/synthetichealth/synthea",
        "value": "44593be7-a0fd-4ae2-f0d4-2c0ee1590ec1"
      }, {
        "type": {
          "coding": [ {
            "system": "http://hl7.org/fhir/v2/0203",
            "code": "MR"
          } ]
        },
        "system": "http://hospital.smarthealthit.org",
        "value": "44593be7-a0fd-4ae2-f0d4-2c0ee1590ec1"
      }, {
        "type": {
          "coding": [ {
            "system": "http://hl7.org/fhir/identifier-type",
            "code": "SB"
          } ]
        },
        "system": "http://hl7.org/fhir/sid/us-ssn",
        "value": "999-97-2851"
      } ],
      "name": [ {
        "use": "official",
        "family": [ "Swift555" ],
        "given": [ "Jermaine675", "Mckinley734" ]
      } ],
      "telecom": [ {
        "system": "phone",
        "value": "555-980-5026",
        "use": "home"
      } ],
      "gender": "male",
      "birthDate": "2025-11-05",
      "address": [ {
        "extension": [ {
          "url": "http://hl7.org/fhir/StructureDefinition/geolocation",
          "extension": [ {
            "url": "latitude",
            "valueDecimal": 42.20317856664162
          }, {
            "url": "longitude",
            "valueDecimal": -71.80577212425656
          } ]
        } ],
        "line": [ "805 Daugherty Throughway" ],
        "city": "Worcester",
        "state": "Massachusetts",
        "postalCode": "01605",
        "country": "US"
      } ],
      "maritalStatus": {
        "coding": [ {
          "system": "http://hl7.org/fhir/v3/MaritalStatus",
          "code": "S"
        } ]
      },
      "multipleBirthBoolean": false,
      "communication": [ {
        "language": {
          "coding": [ {
            "system": "urn:ietf:bcp:47",
            "code": "en-US",
            "display": "English (United States)"
          } ],
          "text": "English (United States)"
        }
      } ]
    },
    "request": {
      "method": "POST",
      "url": "Patient"
    }
  }, {
    "fullUrl": "urn:uuid:44593be7-a0fd-4ae2-b76f-5a1fad6a15ef",
    "resource": {
      "resourceType": "Encounter",
      "id": "44593be7-a0fd-4ae2-b76f-5a1fad6a15ef",
      "status": "finished",
      "class": "ambulatory",
      "type": [ {
        "coding": [ {
          "system": "http://snomed.info/sct",
          "code": "410620009",
          "display": "Well child visit (procedure)"
        } ],
        "text": "Well child visit (procedure)"
      } ],
      "patient": {
        "reference": "urn:uuid:44593be7-a0fd-4ae2-f0d4-2c0ee1590ec1"
      },
      "participant": [ {
        "individual": {
          "reference": "Practitioner?identifier=http://hl7.org/fhir/sid/us-npi|9999944496",
          "display": "Dr. Ricky354 Renner328"
        }
      } ],
      "period": {
        "start": "2025-11-05T20:08:13+00:00",
        "end": "2025-11-05T20:23:13+00:00"
      },
      "serviceProvider": {
        "reference": "Organization?identifier=https://github.com/synthetichealth/synthea|a6fb79e7-4abb-3a68-b62d-e501427fdca4",
        "display": "AUBURN PRIMARY CARE AND AESTHETICS"
      }
    },
    "request": {
      "method": "POST",
      "url": "Encounter"
    }
  }, {
    "fullUrl": "urn:uuid:44593be7-a0fd-4ae2-0635-c7cccc0aef77",
    "resource": {
      "resourceType": "Condition",
      "id": "44593be7-a0fd-4ae2-0635-c7cccc0aef77",
      "patient": {
        "reference": "urn:uuid:44593be7-a0fd-4ae2-f0d4-2c0ee1590ec1"
      },
      "encounter": {
        "reference": "urn:uuid:44593be7-a0fd-4ae2-b76f-5a1fad6a15ef"
      },
      "dateRecorded": "2025-11-05",
      "code": {
        "coding": [ {
          "system": "http://snomed.info/sct",
          "code": "314529007",
          "display": "Medication review due (situation)"
        } ],
        "text": "Medication review due (situation)"
      },
      "category": {
        "coding": [ {
          "system": "http://hl7.org/fhir/condition-category",
          "code": "diagnosis"
        } ]
      },
      "clinicalStatus": "active",
      "verificationStatus": "confirmed",
      "onsetDateTime": "2025-11-05T20:08:13+00:00"
    },
    "request": {
      "method": "POST",
      "url": "Condition"
    }
  }, {
    "fullUrl": "urn:uuid:44593be7-a0fd-4ae2-68bb-822fced8446e",
    "resource": {
      "resourceType": "Observation",
      "id": "44593be7-a0fd-4ae2-68bb-822fced8446e",
      "status": "final",
      "category": {
        "coding": [ {
          "system": "http://hl7.org/fhir/observation-category",
          "code": "vital-signs",
          "display": "vital-signs"
        } ],
        "text": "vital-signs"
      },
      "code": {
        "coding": [ {
          "system": "http://loinc.org",
          "code": "8302-2",
          "display": "Body Height"
        } ],
        "text": "Body Height"
      },
      "subject": {
        "reference": "urn:uuid:44593be7-a0fd-4ae2-f0d4-2c0ee1590ec1"
      },
      "encounter": {
        "reference": "urn:uuid:44593be7-a0fd-4ae2-b76f-5a1fad6a15ef"
      },
      "effectiveDateTime": "2025-11-05T20:08:13+00:00",
      "issued": "2025-11-05T20:08:13.257+00:00",
      "valueQuantity": {
        "value": 53,
        "unit": "cm",
        "system": "http://unitsofmeasure.org",
        "code": "cm"
      }
    },
    "request": {
      "method": "POST",
      "url": "Observation"
    }
  }, {
    "fullUrl": "urn:uuid:44593be7-a0fd-4ae2-9ec4-f286f04ba20b",
    "resource": {
      "resourceType": "Observation",
      "id": "44593be7-a0fd-4ae2-9ec4-f286f04ba20b",
      "status": "final",
      "category": {
        "coding": [ {
          "system": "http://hl7.org/fhir/observation-category",
          "code": "vital-signs",
          "display": "vital-signs"
        } ],
        "text": "vital-signs"
      },
      "code": {
        "coding": [ {
          "system": "http://loinc.org",
          "code": "72514-3",
          "display": "Pain severity - 0-10 verbal numeric rating [Score] - Reported"
        } ],
        "text": "Pain severity - 0-10 verbal numeric rating [Score] - Reported"
      },
      "subject": {
        "reference": "urn:uuid:44593be7-a0fd-4ae2-f0d4-2c0ee1590ec1"
      },
      "encounter": {
        "reference": "urn:uuid:44593be7-a0fd-4ae2-b76f-5a1fad6a15ef"
      },
      "effectiveDateTime": "2025-11-05T20:08:13+00:00",
      "issued": "2025-11-05T20:08:13.257+00:00",
      "valueQuantity": {
        "value": 1,
        "unit": "{score}",
        "system": "http://unitsofmeasure.org",
        "code": "{score}"
      }
    },
    "request": {
      "method": "POST",
      "url": "Observation"
    }
  }, {
    "fullUrl": "urn:uuid:44593be7-a0fd-4ae2-ad11-ad3cdf5e236c",
    "resource": {
      "resourceType": "Observation",
      "id": "44593be7-a0fd-4ae2-ad11-ad3cdf5e236c",
      "status": "final",
      "category": {
        "coding": [ {
          "system": "http://hl7.org/fhir/observation-category",
          "code": "vital-signs",
          "display": "vital-signs"
        } ],
        "text": "vital-signs"
      },
      "code": {
        "coding": [ {
          "system": "http://loinc.org",
          "code": "29463-7",
          "display": "Body Weight"
        } ],
        "text": "Body Weight"
      },
      "subject": {
        "reference": "urn:uuid:44593be7-a0fd-4ae2-f0d4-2c0ee1590ec1"
      },
      "encounter": {
        "reference": "urn:uuid:44593be7-a0fd-4ae2-b76f-5a1fad6a15ef"
      },
      "effectiveDateTime": "2025-11-05T20:08:13+00:00",
      "issued": "2025-11-05T20:08:13.257+00:00",
      "valueQuantity": {
        "value": 3.7000,
        "unit": "kg",
        "system": "http://unitsofmeasure.org",
        "code": "kg"
      }
    },
    "request": {
      "method": "POST",
      "url": "Observation"
    }
  }, {
    "fullUrl": "urn:uuid:44593be7-a0fd-4ae2-f89e-5b6d7f77af81",
    "resource": {
      "resourceType": "Observation",
      "id": "44593be7-a0fd-4ae2-f89e-5b6d7f77af81",
      "status": "final",
      "category": {
        "coding": [ {
          "system": "http://hl7.org/fhir/observation-category",
          "code": "vital-signs",
          "display": "vital-signs"
        } ],
        "text": "vital-signs"
      },
      "code": {
        "coding": [ {
          "system": "http://loinc.org",
          "code": "77606-2",
          "display": "Weight-for-length Per age and sex"
        } ],
        "text": "Weight-for-length Per age and sex"
      },
      "subject": {
        "reference": "urn:uuid:44593be7-a0fd-4ae2-f0d4-2c0ee1590ec1"
      },
      "encounter": {
        "reference": "urn:uuid:44593be7-a0fd-4ae2-b76f-5a1fad6a15ef"
      },
      "effectiveDateTime": "2025-11-05T20:08:13+00:00",
      "issued": "2025-11-05T20:08:13.257+00:00",
      "valueQuantity": {
        "value": 8.6533,
        "unit": "%",
        "system": "http://unitsofmeasure.org",
        "code": "%"
      }
    },
    "request": {
      "method": "POST",
      "url": "Observation"
    }
  }, {
    "fullUrl": "urn:uuid:44593be7-a0fd-4ae2-861b-8f9da863003e",
    "resource": {
      "resourceType": "Observation",
      "id": "44593be7-a0fd-4ae2-861b-8f9da863003e",
      "status": "final",
      "category": {
        "coding": [ {
          "system": "http://hl7.org/fhir/observation-category",
          "code": "vital-signs",
          "display": "vital-signs"
        } ],
        "text": "vital-signs"
      },
      "code": {
        "coding": [ {
          "system": "http://loinc.org",
          "code": "8289-1",
          "display": "Head Occipital-frontal circumference Percentile"
        } ],
        "text": "Head Occipital-frontal circumference Percentile"
      },
      "subject": {
        "reference": "urn:uuid:44593be7-a0fd-4ae2-f0d4-2c0ee1590ec1"
      },
      "encounter": {
        "reference": "urn:uuid:44593be7-a0fd-4ae2-b76f-5a1fad6a15ef"
      },
      "effectiveDateTime": "2025-11-05T20:08:13+00:00",
      "issued": "2025-11-05T20:08:13.257+00:00",
      "valueQuantity": {
        "value": 56.5,
        "unit": "%",
        "system": "http://unitsofmeasure.org",
        "code": "%"
      }
    },
    "request": {
      "method": "POST",
      "url": "Observation"
    }
  }, {
    "fullUrl": "urn:uuid:44593be7-a0fd-4ae2-b1ab-6226ce40d184",
    "resource": {
      "resourceType": "Observation",
      "id": "44593be7-a0fd-4ae2-b1ab-6226ce40d184",
      "status": "final",
      "category": {
        "coding": [ {
          "system": "http://hl7.org/fhir/observation-category",
          "code": "vital-signs",
          "display": "vital-signs"
        } ],
        "text": "vital-signs"
      },
      "code": {
        "coding": [ {
          "system": "http://loinc.org",
          "code": "9843-4",
          "display": "Head Occipital-frontal circumference"
        } ],
        "text": "Head Occipital-frontal circumference"
      },
      "subject": {
        "reference": "urn:uuid:44593be7-a0fd-4ae2-f0d4-2c0ee1590ec1"
      },
      "encounter": {
        "reference": "urn:uuid:44593be7-a0fd-4ae2-b76f-5a1fad6a15ef"
      },
      "effectiveDateTime": "2025-11-05T20:08:13+00:00",
      "issued": "2025-11-05T20:08:13.257+00:00",
      "valueQuantity": {
        "value": 36.120,
        "unit": "cm",
        "system": "http://unitsofmeasure.org",
        "code": "cm"
      }
    },
    "request": {
      "method": "POST",
      "url": "Observation"
    }
  }, {
    "fullUrl": "urn:uuid:44593be7-a0fd-4ae2-00b3-11512cb6d112",
    "resource": {
      "resourceType": "Observation",
      "id": "44593be7-a0fd-4ae2-00b3-11512cb6d112",
      "status": "final",
      "category": {
        "coding": [ {
          "system": "http://hl7.org/fhir/observation-category",
          "code": "vital-signs",
          "display": "vital-signs"
        } ],
        "text": "vital-signs"
      },
      "code": {
        "coding": [ {
          "system": "http://loinc.org",
          "code": "85354-9",
          "display": "Blood pressure panel with all children optional"
        } ],
        "text": "Blood pressure panel with all children optional"
      },
      "subject": {
        "reference": "urn:uuid:44593be7-a0fd-4ae2-f0d4-2c0ee1590ec1"
      },
      "encounter": {
        "reference": "urn:uuid:44593be7-a0fd-4ae2-b76f-5a1fad6a15ef"
      },
      "effectiveDateTime": "2025-11-05T20:08:13+00:00",
      "issued": "2025-11-05T20:08:13.257+00:00",
      "component": [ {
        "code": {
          "coding": [ {
            "system": "http://loinc.org",
            "code": "8462-4",
            "display": "Diastolic Blood Pressure"
          } ],
          "text": "Diastolic Blood Pressure"
        },
        "valueQuantity": {
          "value": 81,
          "unit": "mm[Hg]",
          "system": "http://unitsofmeasure.org",
          "code": "mm[Hg]"
        }
      }, {
        "code": {
          "coding": [ {
            "system": "http://loinc.org",
            "code": "8480-6",
            "display": "Systolic Blood Pressure"
          } ],
          "text": "Systolic Blood Pressure"
        },
        "valueQuantity": {
          "value": 116,
          "unit": "mm[Hg]",
          "system": "http://unitsofmeasure.org",
          "code": "mm[Hg]"
        }
      } ]
    },
    "request": {
      "method": "POST",
      "url": "Observation"
    }
  }, {
    "fullUrl": "urn:uuid:44593be7-a0fd-4ae2-4ecb-0085675502c7",
    "resource": {
      "resourceType": "Observation",
      "id": "44593be7-a0fd-4ae2-4ecb-0085675502c7",
      "status": "final",
      "category": {
        "coding": [ {
          "system": "http://hl7.org/fhir/observation-category",
          "code": "vital-signs",
          "display": "vital-signs"
        } ],
        "text": "vital-signs"
      },
      "code": {
        "coding": [ {
          "system": "http://loinc.org",
          "code": "8867-4",
          "display": "Heart rate"
        } ],
        "text": "Heart rate"
      },
      "subject": {
        "reference": "urn:uuid:44593be7-a0fd-4ae2-f0d4-2c0ee1590ec1"
      },
      "encounter": {
        "reference": "urn:uuid:44593be7-a0fd-4ae2-b76f-5a1fad6a15ef"
      },
      "effectiveDateTime": "2025-11-05T20:08:13+00:00",
      "issued": "2025-11-05T20:08:13.257+00:00",
      "valueQuantity": {
        "value": 79,
        "unit": "/min",
        "system": "http://unitsofmeasure.org",
        "code": "/min"
      }
    },
    "request": {
      "method": "POST",
      "url": "Observation"
    }
  }, {
    "fullUrl": "urn:uuid:44593be7-a0fd-4ae2-c6d7-021bfc8fe202",
    "resource": {
      "resourceType": "Observation",
      "id": "44593be7-a0fd-4ae2-c6d7-021bfc8fe202",
      "status": "final",
      "category": {
        "coding": [ {
          "system": "http://hl7.org/fhir/observation-category",
          "code": "vital-signs",
          "display": "vital-signs"
        } ],
        "text": "vital-signs"
      },
      "code": {
        "coding": [ {
          "system": "http://loinc.org",
          "code": "9279-1",
          "display": "Respiratory rate"
        } ],
        "text": "Respiratory rate"
      },
      "subject": {
        "reference": "urn:uuid:44593be7-a0fd-4ae2-f0d4-2c0ee1590ec1"
      },
      "encounter": {
        "reference": "urn:uuid:44593be7-a0fd-4ae2-b76f-5a1fad6a15ef"
      },
      "effectiveDateTime": "2025-11-05T20:08:13+00:00",
      "issued": "2025-11-05T20:08:13.257+00:00",
      "valueQuantity": {
        "value": 12,
        "unit": "/min",
        "system": "http://unitsofmeasure.org",
        "code": "/min"
      }
    },
    "request": {
      "method": "POST",
      "url": "Observation"
    }
  }, {
    "fullUrl": "urn:uuid:44593be7-a0fd-4ae2-33a2-cd07f26bf141",
    "resource": {
      "resourceType": "Observation",
      "id": "44593be7-a0fd-4ae2-33a2-cd07f26bf141",
      "status": "final",
      "category": {
        "coding": [ {
          "system": "http://hl7.org/fhir/observation-category",
          "code": "laboratory",
          "display": "laboratory"
        } ],
        "text": "laboratory"
      },
      "code": {
        "coding": [ {
          "system": "http://loinc.org",
          "code": "6690-2",
          "display": "Leukocytes [#/volume] in Blood by Automated count"
        } ],
        "text": "Leukocytes [#/volume] in Blood by Automated count"
      },
      "subject": {
        "reference": "urn:uuid:44593be7-a0fd-4ae2-f0d4-2c0ee1590ec1"
      },
      "encounter": {
        "reference": "urn:uuid:44593be7-a0fd-4ae2-b76f-5a1fad6a15ef"
      },
      "effectiveDateTime": "2025-11-05T20:08:13+00:00",
      "issued": "2025-11-05T20:08:13.257+00:00",
      "valueQuantity": {
        "value": 5.4715,
        "unit": "10*3/uL",
        "system": "http://unitsofmeasure.org",
        "code": "10*3/uL"
      }
    },
    "request": {
      "method": "POST",
      "url": "Observation"
    }
  }, {
    "fullUrl": "urn:uuid:44593be7-a0fd-4ae2-6401-a074e334df4f",
    "resource": {
      "resourceType": "Observation",
      "id": "44593be7-a0fd-4ae2-6401-a074e334df4f",
      "status": "final",
      "category": {
        "coding": [ {
          "system": "http://hl7.org/fhir/observation-category",
          "code": "laboratory",
          "display": "laboratory"
        } ],
        "text": "laboratory"
      },
      "code": {
        "coding": [ {
          "system": "http://loinc.org",
          "code": "789-8",
          "display": "Erythrocytes [#/volume] in Blood by Automated count"
        } ],
        "text": "Erythrocytes [#/volume] in Blood by Automated count"
      },
      "subject": {
        "reference": "urn:uuid:44593be7-a0fd-4ae2-f0d4-2c0ee1590ec1"
      },
      "encounter": {
        "reference": "urn:uuid:44593be7-a0fd-4ae2-b76f-5a1fad6a15ef"
      },
      "effectiveDateTime": "2025-11-05T20:08:13+00:00",
      "issued": "2025-11-05T20:08:13.257+00:00",
      "valueQuantity": {
        "value": 5.3369,
        "unit": "10*6/uL",
        "system": "http://unitsofmeasure.org",
        "code": "10*6/uL"
      }
    },
    "request": {
      "method": "POST",
      "url": "Observation"
    }
  }, {
    "fullUrl": "urn:uuid:44593be7-a0fd-4ae2-2185-df1bedd0836c",
    "resource": {
      "resourceType": "Observation",
      "id": "44593be7-a0fd-4ae2-2185-df1bedd0836c",
      "status": "final",
      "category": {
        "coding": [ {
          "system": "http://hl7.org/fhir/observation-category",
          "code": "laboratory",
          "display": "laboratory"
        } ],
        "text": "laboratory"
      },
      "code": {
        "coding": [ {
          "system": "http://loinc.org",
          "code": "718-7",
          "display": "Hemoglobin [Mass/volume] in Blood"
        } ],
        "text": "Hemoglobin [Mass/volume] in Blood"
      },
      "subject": {
        "reference": "urn:uuid:44593be7-a0fd-4ae2-f0d4-2c0ee1590ec1"
      },
      "encounter": {
        "reference": "urn:uuid:44593be7-a0fd-4ae2-b76f-5a1fad6a15ef"
      },
      "effectiveDateTime": "2025-11-05T20:08:13+00:00",
      "issued": "2025-11-05T20:08:13.257+00:00",
      "valueQuantity": {
        "value": 14.367,
        "unit": "g/dL",
        "system": "http://unitsofmeasure.org",
        "code": "g/dL"
      }
    },
    "request": {
      "method": "POST",
      "url": "Observation"
    }
  }, {
    "fullUrl": "urn:uuid:44593be7-a0fd-4ae2-7445-c705f12daf61",
    "resource": {
      "resourceType": "Observation",
      "id": "44593be7-a0fd-4ae2-7445-c705f12daf61",
      "status": "final",
      "category": {
        "coding": [ {
          "system": "http://hl7.org/fhir/observation-category",
          "code": "laboratory",
          "display": "laboratory"
        } ],
        "text": "laboratory"
      },
      "code": {
        "coding": [ {
          "system": "http://loinc.org",
          "code": "4544-3",
          "display": "Hematocrit [Volume Fraction] of Blood by Automated count"
        } ],
        "text": "Hematocrit [Volume Fraction] of Blood by Automated count"
      },
      "subject": {
        "reference": "urn:uuid:44593be7-a0fd-4ae2-f0d4-2c0ee1590ec1"
      },
      "encounter": {
        "reference": "urn:uuid:44593be7-a0fd-4ae2-b76f-5a1fad6a15ef"
      },
      "effectiveDateTime": "2025-11-05T20:08:13+00:00",
      "issued": "2025-11-05T20:08:13.257+00:00",
      "valueQuantity": {
        "value": 49.287,
        "unit": "%",
        "system": "http://unitsofmeasure.org",
        "code": "%"
      }
    },
    "request": {
      "method": "POST",
      "url": "Observation"
    }
  }, {
    "fullUrl": "urn:uuid:44593be7-a0fd-4ae2-e529-12f8f55025e5",
    "resource": {
      "resourceType": "Observation",
      "id": "44593be7-a0fd-4ae2-e529-12f8f55025e5",
      "status": "final",
      "category": {
        "coding": [ {
          "system": "http://hl7.org/fhir/observation-category",
          "code": "laboratory",
          "display": "laboratory"
        } ],
        "text": "laboratory"
      },
      "code": {
        "coding": [ {
          "system": "http://loinc.org",
          "code": "787-2",
          "display": "MCV [Entitic mean volume] in Red Blood Cells by Automated count"
        } ],
        "text": "MCV [Entitic mean volume] in Red Blood Cells by Automated count"
      },
      "subject": {
        "reference": "urn:uuid:44593be7-a0fd-4ae2-f0d4-2c0ee1590ec1"
      },
      "encounter": {
        "reference": "urn:uuid:44593be7-a0fd-4ae2-b76f-5a1fad6a15ef"
      },
      "effectiveDateTime": "2025-11-05T20:08:13+00:00",
      "issued": "2025-11-05T20:08:13.257+00:00",
      "valueQuantity": {
        "value": 87.132,
        "unit": "fL",
        "system": "http://unitsofmeasure.org",
        "code": "fL"
      }
    },
    "request": {
      "method": "POST",
      "url": "Observation"
    }
  }, {
    "fullUrl": "urn:uuid:44593be7-a0fd-4ae2-5fea-bf2f6abb1341",
    "resource": {
      "resourceType": "Observation",
      "id": "44593be7-a0fd-4ae2-5fea-bf2f6abb1341",
      "status": "final",
      "category": {
        "coding": [ {
          "system": "http://hl7.org/fhir/observation-category",
          "code": "laboratory",
          "display": "laboratory"
        } ],
        "text": "laboratory"
      },
      "code": {
        "coding": [ {
          "system": "http://loinc.org",
          "code": "785-6",
          "display": "MCH [Entitic mass] by Automated count"
        } ],
        "text": "MCH [Entitic mass] by Automated count"
      },
      "subject": {
        "reference": "urn:uuid:44593be7-a0fd-4ae2-f0d4-2c0ee1590ec1"
      },
      "encounter": {
        "reference": "urn:uuid:44593be7-a0fd-4ae2-b76f-5a1fad6a15ef"
      },
      "effectiveDateTime": "2025-11-05T20:08:13+00:00",
      "issued": "2025-11-05T20:08:13.257+00:00",
      "valueQuantity": {
        "value": 28.691,
        "unit": "pg",
        "system": "http://unitsofmeasure.org",
        "code": "pg"
      }
    },
    "request": {
      "method": "POST",
      "url": "Observation"
    }
  }, {
    "fullUrl": "urn:uuid:44593be7-a0fd-4ae2-5825-e548db77ec36",
    "resource": {
      "resourceType": "Observation",
      "id": "44593be7-a0fd-4ae2-5825-e548db77ec36",
      "status": "final",
      "category": {
        "coding": [ {
          "system": "http://hl7.org/fhir/observation-category",
          "code": "laboratory",
          "display": "laboratory"
        } ],
        "text": "laboratory"
      },
      "code": {
        "coding": [ {
          "system": "http://loinc.org",
          "code": "786-4",
          "display": "MCHC [Entitic Mass/volume] in Red Blood Cells by Automated count"
        } ],
        "text": "MCHC [Entitic Mass/volume] in Red Blood Cells by Automated count"
      },
      "subject": {
        "reference": "urn:uuid:44593be7-a0fd-4ae2-f0d4-2c0ee1590ec1"
      },
      "encounter": {
        "reference": "urn:uuid:44593be7-a0fd-4ae2-b76f-5a1fad6a15ef"
      },
      "effectiveDateTime": "2025-11-05T20:08:13+00:00",
      "issued": "2025-11-05T20:08:13.257+00:00",
      "valueQuantity": {
        "value": 33.057,
        "unit": "g/dL",
        "system": "http://unitsofmeasure.org",
        "code": "g/dL"
      }
    },
    "request": {
      "method": "POST",
      "url": "Observation"
    }
  }, {
    "fullUrl": "urn:uuid:44593be7-a0fd-4ae2-3ebf-e3828471d71e",
    "resource": {
      "resourceType": "Observation",
      "id": "44593be7-a0fd-4ae2-3ebf-e3828471d71e",
      "status": "final",
      "category": {
        "coding": [ {
          "system": "http://hl7.org/fhir/observation-category",
          "code": "laboratory",
          "display": "laboratory"
        } ],
        "text": "laboratory"
      },
      "code": {
        "coding": [ {
          "system": "http://loinc.org",
          "code": "788-0",
          "display": "Erythrocyte [DistWidth] in Blood by Automated count"
        } ],
        "text": "Erythrocyte [DistWidth] in Blood by Automated count"
      },
      "subject": {
        "reference": "urn:uuid:44593be7-a0fd-4ae2-f0d4-2c0ee1590ec1"
      },
      "encounter": {
        "reference": "urn:uuid:44593be7-a0fd-4ae2-b76f-5a1fad6a15ef"
      },
      "effectiveDateTime": "2025-11-05T20:08:13+00:00",
      "issued": "2025-11-05T20:08:13.257+00:00",
      "valueQuantity": {
        "value": 42.102,
        "unit": "fL",
        "system": "http://unitsofmeasure.org",
        "code": "fL"
      }
    },
    "request": {
      "method": "POST",
      "url": "Observation"
    }
  }, {
    "fullUrl": "urn:uuid:44593be7-a0fd-4ae2-9b71-43273ebc0350",
    "resource": {
      "resourceType": "Observation",
      "id": "44593be7-a0fd-4ae2-9b71-43273ebc0350",
      "status": "final",
      "category": {
        "coding": [ {
          "system": "http://hl7.org/fhir/observation-category",
          "code": "laboratory",
          "display": "laboratory"
        } ],
        "text": "laboratory"
      },
      "code": {
        "coding": [ {
          "system": "http://loinc.org",
          "code": "777-3",
          "display": "Platelets [#/volume] in Blood by Automated count"
        } ],
        "text": "Platelets [#/volume] in Blood by Automated count"
      },
      "subject": {
        "reference": "urn:uuid:44593be7-a0fd-4ae2-f0d4-2c0ee1590ec1"
      },
      "encounter": {
        "reference": "urn:uuid:44593be7-a0fd-4ae2-b76f-5a1fad6a15ef"
      },
      "effectiveDateTime": "2025-11-05T20:08:13+00:00",
      "issued": "2025-11-05T20:08:13.257+00:00",
      "valueQuantity": {
        "value": 446.15,
        "unit": "10*3/uL",
        "system": "http://unitsofmeasure.org",
        "code": "10*3/uL"
      }
    },
    "request": {
      "method": "POST",
      "url": "Observation"
    }
  }, {
    "fullUrl": "urn:uuid:44593be7-a0fd-4ae2-1452-124598db92c9",
    "resource": {
      "resourceType": "Observation",
      "id": "44593be7-a0fd-4ae2-1452-124598db92c9",
      "status": "final",
      "category": {
        "coding": [ {
          "system": "http://hl7.org/fhir/observation-category",
          "code": "laboratory",
          "display": "laboratory"
        } ],
        "text": "laboratory"
      },
      "code": {
        "coding": [ {
          "system": "http://loinc.org",
          "code": "32207-3",
          "display": "Platelet distribution width [Entitic volume] in Blood by Automated count"
        } ],
        "text": "Platelet distribution width [Entitic volume] in Blood by Automated count"
      },
      "subject": {
        "reference": "urn:uuid:44593be7-a0fd-4ae2-f0d4-2c0ee1590ec1"
      },
      "encounter": {
        "reference": "urn:uuid:44593be7-a0fd-4ae2-b76f-5a1fad6a15ef"
      },
      "effectiveDateTime": "2025-11-05T20:08:13+00:00",
      "issued": "2025-11-05T20:08:13.257+00:00",
      "valueQuantity": {
        "value": 359.02,
        "unit": "fL",
        "system": "http://unitsofmeasure.org",
        "code": "fL"
      }
    },
    "request": {
      "method": "POST",
      "url": "Observation"
    }
  }, {
    "fullUrl": "urn:uuid:44593be7-a0fd-4ae2-1a65-a4a65693fa07",
    "resource": {
      "resourceType": "Observation",
      "id": "44593be7-a0fd-4ae2-1a65-a4a65693fa07",
      "status": "final",
      "category": {
        "coding": [ {
          "system": "http://hl7.org/fhir/observation-category",
          "code": "laboratory",
          "display": "laboratory"
        } ],
        "text": "laboratory"
      },
      "code": {
        "coding": [ {
          "system": "http://loinc.org",
          "code": "32623-1",
          "display": "Platelet [Entitic mean volume] in Blood by Automated count"
        } ],
        "text": "Platelet [Entitic mean volume] in Blood by Automated count"
      },
      "subject": {
        "reference": "urn:uuid:44593be7-a0fd-4ae2-f0d4-2c0ee1590ec1"
      },
      "encounter": {
        "reference": "urn:uuid:44593be7-a0fd-4ae2-b76f-5a1fad6a15ef"
      },
      "effectiveDateTime": "2025-11-05T20:08:13+00:00",
      "issued": "2025-11-05T20:08:13.257+00:00",
      "valueQuantity": {
        "value": 10.416,
        "unit": "fL",
        "system": "http://unitsofmeasure.org",
        "code": "fL"
      }
    },
    "request": {
      "method": "POST",
      "url": "Observation"
    }
  }, {
    "fullUrl": "urn:uuid:44593be7-a0fd-4ae2-d16c-eff63c3efa38",
    "resource": {
      "resourceType": "Observation",
      "id": "44593be7-a0fd-4ae2-d16c-eff63c3efa38",
      "status": "final",
      "category": {
        "coding": [ {
          "system": "http://hl7.org/fhir/observation-category",
          "code": "social-history",
          "display": "social-history"
        } ],
        "text": "social-history"
      },
      "code": {
        "coding": [ {
          "system": "http://loinc.org",
          "code": "72166-2",
          "display": "Tobacco smoking status"
        } ],
        "text": "Tobacco smoking status"
      },
      "subject": {
        "reference": "urn:uuid:44593be7-a0fd-4ae2-f0d4-2c0ee1590ec1"
      },
      "encounter": {
        "reference": "urn:uuid:44593be7-a0fd-4ae2-b76f-5a1fad6a15ef"
      },
      "effectiveDateTime": "2025-11-05T20:08:13+00:00",
      "issued": "2025-11-05T20:08:13.257+00:00",
      "valueCodeableConcept": {
        "coding": [ {
          "system": "http://snomed.info/sct",
          "code": "266919005",
          "display": "Never smoked tobacco (finding)"
        } ],
        "text": "Never smoked tobacco (finding)"
      }
    },
    "request": {
      "method": "POST",
      "url": "Observation"
    }
  }, {
    "fullUrl": "urn:uuid:44593be7-a0fd-4ae2-c0bb-31c506f3223c",
    "resource": {
      "resourceType": "Immunization",
      "id": "44593be7-a0fd-4ae2-c0bb-31c506f3223c",
      "status": "completed",
      "date": "2025-11-05T20:08:13+00:00",
      "vaccineCode": {
        "coding": [ {
          "system": "http://hl7.org/fhir/sid/cvx",
          "code": "08",
          "display": "Hep B, adolescent or pediatric"
        } ],
        "text": "Hep B, adolescent or pediatric"
      },
      "patient": {
        "reference": "urn:uuid:44593be7-a0fd-4ae2-f0d4-2c0ee1590ec1"
      },
      "wasNotGiven": false,
      "reported": false,
      "encounter": {
        "reference": "urn:uuid:44593be7-a0fd-4ae2-b76f-5a1fad6a15ef"
      }
    },
    "request": {
      "method": "POST",
      "url": "Immunization"
    }
  }, {
    "fullUrl": "urn:uuid:44593be7-a0fd-4ae2-ed3d-5d760c25dfa4",
    "resource": {
      "resourceType": "DiagnosticReport",
      "id": "44593be7-a0fd-4ae2-ed3d-5d760c25dfa4",
      "status": "final",
      "category": {
        "coding": [ {
          "system": "http://hl7.org/fhir/ValueSet/diagnostic-service-sections",
          "code": "LAB"
        } ]
      },
      "code": {
        "coding": [ {
          "system": "http://loinc.org",
          "code": "58410-2",
          "display": "CBC panel - Blood by Automated count"
        } ],
        "text": "CBC panel - Blood by Automated count"
      },
      "subject": {
        "reference": "urn:uuid:44593be7-a0fd-4ae2-f0d4-2c0ee1590ec1"
      },
      "encounter": {
        "reference": "urn:uuid:44593be7-a0fd-4ae2-b76f-5a1fad6a15ef"
      },
      "effectiveDateTime": "2025-11-05T20:08:13+00:00",
      "issued": "2025-11-05T20:08:13.257+00:00",
      "performer": {
        "reference": "Organization?identifier=https://github.com/synthetichealth/synthea|a6fb79e7-4abb-3a68-b62d-e501427fdca4",
        "display": "AUBURN PRIMARY CARE AND AESTHETICS"
      },
      "result": [ {
        "reference": "urn:uuid:44593be7-a0fd-4ae2-1a65-a4a65693fa07",
        "display": "Platelet [Entitic mean volume] in Blood by Automated count"
      } ]
    },
    "request": {
      "method": "POST",
      "url": "DiagnosticReport"
    }
  }, {
    "fullUrl": "urn:uuid:44593be7-a0fd-4ae2-4318-5fcf9bab9df5",
    "resource": {
      "resourceType": "Claim",
      "id": "44593be7-a0fd-4ae2-4318-5fcf9bab9df5",
      "type": "institutional",
      "organization": {
        "reference": "Organization?identifier=https://github.com/synthetichealth/synthea|a6fb79e7-4abb-3a68-b62d-e501427fdca4",
        "display": "AUBURN PRIMARY CARE AND AESTHETICS"
      },
      "use": "complete",
      "diagnosis": [ {
        "sequence": 1,
        "diagnosis": {
          "system": "http://snomed.info/sct",
          "code": "314529007",
          "display": "Medication review due (situation)"
        }
      } ],
      "patient": {
        "reference": "urn:uuid:44593be7-a0fd-4ae2-f0d4-2c0ee1590ec1"
      },
      "item": [ {
        "sequence": 1,
        "type": {
          "system": "http://hl7.org/fhir/v3/ActCode",
          "code": "CSINV",
          "display": "clinical service invoice"
        },
        "service": {
          "system": "http://snomed.info/sct",
          "code": "410620009",
          "display": "Well child visit (procedure)"
        }
      }, {
        "sequence": 2,
        "type": {
          "system": "http://hl7.org/fhir/v3/ActCode",
          "code": "CSINV",
          "display": "clinical service invoice"
        },
        "service": {
          "system": "http://hl7.org/fhir/sid/cvx",
          "code": "08",
          "display": "Hep B, adolescent or pediatric"
        },
        "net": {
          "value": 136.00,
          "system": "urn:iso:std:iso:4217",
          "code": "USD"
        }
      }, {
        "sequence": 4,
        "type": {
          "system": "http://hl7.org/fhir/v3/ActCode",
          "code": "CSINV",
          "display": "clinical service invoice"
        },
        "service": {
          "system": "http://loinc.org",
          "code": "58410-2",
          "display": "CBC panel - Blood by Automated count"
        },
        "net": {
          "value": 74.58,
          "system": "urn:iso:std:iso:4217",
          "code": "USD"
        }
      } ]
    },
    "request": {
      "method": "POST",
      "url": "Claim"
    }
  } ]
}
