{
  "resourceType": "Bundle",
  "type": "transaction",
  "entry": [ {
    "fullUrl": "urn:uuid:7515e739-9bcb-bbf5-92bc-67d5cc0c8028",
    "resource": {
      "resourceType": "Patient",
      "id": "7515e739-9bcb-bbf5-92bc-67d5cc0c8028",
      "text": {
        "status": "generated",
        "div": "<div xmlns=\"http://www.w3.org/1999/xhtml\">Generated by <a href=\"https://github.com/synthetichealth/synthea\">Synthea</a>.Version identifier: 637fe9f\n .   Person seed: 6864868820863685074  Population seed: 1714756531893</div>"
      },
      "extension": [ {
        "url": "http://hl7.org/fhir/StructureDefinition/us-core-race",
        "valueCodeableConcept": {
          "coding": [ {
            "system": "http://hl7.org/fhir/v3/Race",
            "code": "2028-9",
            "display": "Asian"
          } ],
          "text": "Asian"
        }
      }, {
        "url": "http://hl7.org/fhir/StructureDefinition/us-core-ethnicity",
        "valueCodeableConcept": {
          "coding": [ {
            "system": "http://hl7.org/fhir/v3/Ethnicity",
            "code": "2186-5",
            "display": "Not Hispanic or Latino"
          } ],
          "text": "Not Hispanic or Latino"
        }
      }, {
        "url": "http://hl7.org/fhir/StructureDefinition/patient-mothersMaidenName",
        "valueString": "Ivelisse712 Hagenes547"
      }, {
        "url": "http://hl7.org/fhir/us/core/StructureDefinition/us-core-birthsex",
        "valueCode": "F"
      }, {
        "url": "http://hl7.org/fhir/StructureDefinition/birthPlace",
        "valueAddress": {
          "city": "Fall River",
          "state": "Massachusetts",
          "country": "US"
        }
      }, {
        "url": "http://synthetichealth.github.io/synthea/disability-adjusted-life-years",
        "valueDecimal": 0.0
      }, {
        "url": "http://synthetichealth.github.io/synthea/quality-adjusted-life-years",
        "valueDecimal": 0.0
      } ],
      "identifier": [ {
        "system": "https://github.com/synthetichealth/synthea",
        "value": "7515e739-9bcb-bbf5-92bc-67d5cc0c8028"
      }, {
        "type": {
          "coding": [ {
            "system": "http://hl7.org/fhir/v2/0203",
            "code": "MR"
          } ]
        },
        "system": "http://hospital.smarthealthit.org",
        "value": "7515e739-9bcb-bbf5-92bc-67d5cc0c8028"
      }, {
        "type": {
          "coding": [ {
            "system": "http://hl7.org/fhir/identifier-type",
            "code": "SB"
          } ]
        },
        "system": "http://hl7.org/fhir/sid/us-ssn",
        "value": "999-42-3590"
      } ],
      "name": [ {
        "use": "official",
        "family": [ "Gulgowski816" ],
        "given": [ "Jessia669", "Nakita746" ]
      } ],
      "telecom": [ {
        "system": "phone",
        "value": "555-849-6972",
        "use": "home"
      } ],
      "gender": "female",
      "birthDate": "2023-10-07",
      "address": [ {
        "extension": [ {
          "url": "http://hl7.org/fhir/StructureDefinition/geolocation",
          "extension": [ {
            "url": "latitude",
            "valueDecimal": 42.6720439538144
          }, {
            "url": "longitude",
            "valueDecimal": -70.88224986853152
          } ]
        } ],
        "line": [ "227 Lehner Dale Suite 57" ],
        "city": "Hamilton",
        "state": "Massachusetts",
        "postalCode": "00000",
        "country": "US"
      } ],
      "maritalStatus": {
        "coding": [ {
          "system": "http://hl7.org/fhir/v3/MaritalStatus",
          "code": "S"
        } ]
      },
      "multipleBirthBoolean": false,
      "communication": [ {
        "language": {
          "coding": [ {
            "system": "urn:ietf:bcp:47",
            "code": "en-US",
            "display": "English (United States)"
          } ],
          "text": "English (United States)"
        }
      } ]
    },
    "request": {
      "method": "POST",
      "url": "Patient"
    }
  }, {
    "fullUrl": "urn:uuid:ff4c6888-a763-9829-24a9-20864dcaf6ff",
    "resource": {
      "resourceType": "Encounter",
      "id": "ff4c6888-a763-9829-24a9-20864dcaf6ff",
      "status": "finished",
      "class": "ambulatory",
      "type": [ {
        "coding": [ {
          "system": "http://snomed.info/sct",
          "code": "410620009",
          "display": "Well child visit (procedure)"
        } ],
        "text": "Well child visit (procedure)"
      } ],
      "patient": {
        "reference": "urn:uuid:7515e739-9bcb-bbf5-92bc-67d5cc0c8028"
      },
      "participant": [ {
        "individual": {
          "reference": "Practitioner?identifier=http://hl7.org/fhir/sid/us-npi|9999941294",
          "display": "Dr. Maria750 Romaguera67"
        }
      } ],
      "period": {
        "start": "2023-10-07T17:04:37+00:00",
        "end": "2023-10-07T17:19:37+00:00"
      },
      "serviceProvider": {
        "reference": "Organization?identifier=https://github.com/synthetichealth/synthea|43f37d29-0bcb-3d84-b9c0-9ee4f2485ff2",
        "display": "TAG VIRTUAL WELLNESS LLC"
      }
    },
    "request": {
      "method": "POST",
      "url": "Encounter"
    }
  }, {
    "fullUrl": "urn:uuid:65ba953e-4b50-d8df-7703-a066e32e0997",
    "resource": {
      "resourceType": "Condition",
      "id": "65ba953e-4b50-d8df-7703-a066e32e0997",
      "patient": {
        "reference": "urn:uuid:7515e739-9bcb-bbf5-92bc-67d5cc0c8028"
      },
      "encounter": {
        "reference": "urn:uuid:ff4c6888-a763-9829-24a9-20864dcaf6ff"
      },
      "dateRecorded": "2023-10-07",
      "code": {
        "coding": [ {
          "system": "http://snomed.info/sct",
          "code": "314529007",
          "display": "Medication review due (situation)"
        } ],
        "text": "Medication review due (situation)"
      },
      "category": {
        "coding": [ {
          "system": "http://hl7.org/fhir/condition-category",
          "code": "diagnosis"
        } ]
      },
      "clinicalStatus": "resolved",
      "verificationStatus": "confirmed",
      "onsetDateTime": "2023-10-07T17:04:37+00:00",
      "abatementDateTime": "2023-10-07T17:04:37+00:00"
    },
    "request": {
      "method": "POST",
      "url": "Condition"
    }
  }, {
    "fullUrl": "urn:uuid:e30ab320-1ffc-69b6-af55-7852ce6895d5",
    "resource": {
      "resourceType": "Observation",
      "id": "e30ab320-1ffc-69b6-af55-7852ce6895d5",
      "status": "final",
      "category": {
        "coding": [ {
          "system": "http://hl7.org/fhir/observation-category",
          "code": "vital-signs",
          "display": "vital-signs"
        } ],
        "text": "vital-signs"
      },
      "code": {
        "coding": [ {
          "system": "http://loinc.org",
          "code": "8302-2",
          "display": "Body Height"
        } ],
        "text": "Body Height"
      },
      "subject": {
        "reference": "urn:uuid:7515e739-9bcb-bbf5-92bc-67d5cc0c8028"
      },
      "encounter": {
        "reference": "urn:uuid:ff4c6888-a763-9829-24a9-20864dcaf6ff"
      },
      "effectiveDateTime": "2023-10-07T17:04:37+00:00",
      "issued": "2023-10-07T17:04:37.684+00:00",
      "valueQuantity": {
        "value": 53.200,
        "unit": "cm",
        "system": "http://unitsofmeasure.org",
        "code": "cm"
      }
    },
    "request": {
      "method": "POST",
      "url": "Observation"
    }
  }, {
    "fullUrl": "urn:uuid:a798c554-630f-17f4-411b-e5aee5d5841f",
    "resource": {
      "resourceType": "Observation",
      "id": "a798c554-630f-17f4-411b-e5aee5d5841f",
      "status": "final",
      "category": {
        "coding": [ {
          "system": "http://hl7.org/fhir/observation-category",
          "code": "vital-signs",
          "display": "vital-signs"
        } ],
        "text": "vital-signs"
      },
      "code": {
        "coding": [ {
          "system": "http://loinc.org",
          "code": "72514-3",
          "display": "Pain severity - 0-10 verbal numeric rating [Score] - Reported"
        } ],
        "text": "Pain severity - 0-10 verbal numeric rating [Score] - Reported"
      },
      "subject": {
        "reference": "urn:uuid:7515e739-9bcb-bbf5-92bc-67d5cc0c8028"
      },
      "encounter": {
        "reference": "urn:uuid:ff4c6888-a763-9829-24a9-20864dcaf6ff"
      },
      "effectiveDateTime": "2023-10-07T17:04:37+00:00",
      "issued": "2023-10-07T17:04:37.684+00:00",
      "valueQuantity": {
        "value": 3,
        "unit": "{score}",
        "system": "http://unitsofmeasure.org",
        "code": "{score}"
      }
    },
    "request": {
      "method": "POST",
      "url": "Observation"
    }
  }, {
    "fullUrl": "urn:uuid:899d6396-9f40-80a1-8874-67b8e91dc4fb",
    "resource": {
      "resourceType": "Observation",
      "id": "899d6396-9f40-80a1-8874-67b8e91dc4fb",
      "status": "final",
      "category": {
        "coding": [ {
          "system": "http://hl7.org/fhir/observation-category",
          "code": "vital-signs",
          "display": "vital-signs"
        } ],
        "text": "vital-signs"
      },
      "code": {
        "coding": [ {
          "system": "http://loinc.org",
          "code": "29463-7",
          "display": "Body Weight"
        } ],
        "text": "Body Weight"
      },
      "subject": {
        "reference": "urn:uuid:7515e739-9bcb-bbf5-92bc-67d5cc0c8028"
      },
      "encounter": {
        "reference": "urn:uuid:ff4c6888-a763-9829-24a9-20864dcaf6ff"
      },
      "effectiveDateTime": "2023-10-07T17:04:37+00:00",
      "issued": "2023-10-07T17:04:37.684+00:00",
      "valueQuantity": {
        "value": 4.2000,
        "unit": "kg",
        "system": "http://unitsofmeasure.org",
        "code": "kg"
      }
    },
    "request": {
      "method": "POST",
      "url": "Observation"
    }
  }, {
    "fullUrl": "urn:uuid:8cdece6c-4723-4145-6f24-520643b3abff",
    "resource": {
      "resourceType": "Observation",
      "id": "8cdece6c-4723-4145-6f24-520643b3abff",
      "status": "final",
      "category": {
        "coding": [ {
          "system": "http://hl7.org/fhir/observation-category",
          "code": "vital-signs",
          "display": "vital-signs"
        } ],
        "text": "vital-signs"
      },
      "code": {
        "coding": [ {
          "system": "http://loinc.org",
          "code": "77606-2",
          "display": "Weight-for-length Per age and sex"
        } ],
        "text": "Weight-for-length Per age and sex"
      },
      "subject": {
        "reference": "urn:uuid:7515e739-9bcb-bbf5-92bc-67d5cc0c8028"
      },
      "encounter": {
        "reference": "urn:uuid:ff4c6888-a763-9829-24a9-20864dcaf6ff"
      },
      "effectiveDateTime": "2023-10-07T17:04:37+00:00",
      "issued": "2023-10-07T17:04:37.684+00:00",
      "valueQuantity": {
        "value": 49.773,
        "unit": "%",
        "system": "http://unitsofmeasure.org",
        "code": "%"
      }
    },
    "request": {
      "method": "POST",
      "url": "Observation"
    }
  }, {
    "fullUrl": "urn:uuid:07e635d4-8b92-7a5f-0d15-fd174cd40e7d",
    "resource": {
      "resourceType": "Observation",
      "id": "07e635d4-8b92-7a5f-0d15-fd174cd40e7d",
      "status": "final",
      "category": {
        "coding": [ {
          "system": "http://hl7.org/fhir/observation-category",
          "code": "vital-signs",
          "display": "vital-signs"
        } ],
        "text": "vital-signs"
      },
      "code": {
        "coding": [ {
          "system": "http://loinc.org",
          "code": "8289-1",
          "display": "Head Occipital-frontal circumference Percentile"
        } ],
        "text": "Head Occipital-frontal circumference Percentile"
      },
      "subject": {
        "reference": "urn:uuid:7515e739-9bcb-bbf5-92bc-67d5cc0c8028"
      },
      "encounter": {
        "reference": "urn:uuid:ff4c6888-a763-9829-24a9-20864dcaf6ff"
      },
      "effectiveDateTime": "2023-10-07T17:04:37+00:00",
      "issued": "2023-10-07T17:04:37.684+00:00",
      "valueQuantity": {
        "value": 75.670,
        "unit": "%",
        "system": "http://unitsofmeasure.org",
        "code": "%"
      }
    },
    "request": {
      "method": "POST",
      "url": "Observation"
    }
  }, {
    "fullUrl": "urn:uuid:fe486bb1-777a-4bdb-0f23-aa7110a6ca13",
    "resource": {
      "resourceType": "Observation",
      "id": "fe486bb1-777a-4bdb-0f23-aa7110a6ca13",
      "status": "final",
      "category": {
        "coding": [ {
          "system": "http://hl7.org/fhir/observation-category",
          "code": "vital-signs",
          "display": "vital-signs"
        } ],
        "text": "vital-signs"
      },
      "code": {
        "coding": [ {
          "system": "http://loinc.org",
          "code": "9843-4",
          "display": "Head Occipital-frontal circumference"
        } ],
        "text": "Head Occipital-frontal circumference"
      },
      "subject": {
        "reference": "urn:uuid:7515e739-9bcb-bbf5-92bc-67d5cc0c8028"
      },
      "encounter": {
        "reference": "urn:uuid:ff4c6888-a763-9829-24a9-20864dcaf6ff"
      },
      "effectiveDateTime": "2023-10-07T17:04:37+00:00",
      "issued": "2023-10-07T17:04:37.684+00:00",
      "valueQuantity": {
        "value": 35.890,
        "unit": "cm",
        "system": "http://unitsofmeasure.org",
        "code": "cm"
      }
    },
    "request": {
      "method": "POST",
      "url": "Observation"
    }
  }, {
    "fullUrl": "urn:uuid:d4177561-e7dd-6335-8f8c-94b458347ecd",
    "resource": {
      "resourceType": "Observation",
      "id": "d4177561-e7dd-6335-8f8c-94b458347ecd",
      "status": "final",
      "category": {
        "coding": [ {
          "system": "http://hl7.org/fhir/observation-category",
          "code": "vital-signs",
          "display": "vital-signs"
        } ],
        "text": "vital-signs"
      },
      "code": {
        "coding": [ {
          "system": "http://loinc.org",
          "code": "85354-9",
          "display": "Blood pressure panel with all children optional"
        } ],
        "text": "Blood pressure panel with all children optional"
      },
      "subject": {
        "reference": "urn:uuid:7515e739-9bcb-bbf5-92bc-67d5cc0c8028"
      },
      "encounter": {
        "reference": "urn:uuid:ff4c6888-a763-9829-24a9-20864dcaf6ff"
      },
      "effectiveDateTime": "2023-10-07T17:04:37+00:00",
      "issued": "2023-10-07T17:04:37.684+00:00",
      "component": [ {
        "code": {
          "coding": [ {
            "system": "http://loinc.org",
            "code": "8462-4",
            "display": "Diastolic Blood Pressure"
          } ],
          "text": "Diastolic Blood Pressure"
        },
        "valueQuantity": {
          "value": 65,
          "unit": "mm[Hg]",
          "system": "http://unitsofmeasure.org",
          "code": "mm[Hg]"
        }
      }, {
        "code": {
          "coding": [ {
            "system": "http://loinc.org",
            "code": "8480-6",
            "display": "Systolic Blood Pressure"
          } ],
          "text": "Systolic Blood Pressure"
        },
        "valueQuantity": {
          "value": 116,
          "unit": "mm[Hg]",
          "system": "http://unitsofmeasure.org",
          "code": "mm[Hg]"
        }
      } ]
    },
    "request": {
      "method": "POST",
      "url": "Observation"
    }
  }, {
    "fullUrl": "urn:uuid:c4c94cfc-fae4-1646-a9bd-2ab9bfe3ae84",
    "resource": {
      "resourceType": "Observation",
      "id": "c4c94cfc-fae4-1646-a9bd-2ab9bfe3ae84",
      "status": "final",
      "category": {
        "coding": [ {
          "system": "http://hl7.org/fhir/observation-category",
          "code": "vital-signs",
          "display": "vital-signs"
        } ],
        "text": "vital-signs"
      },
      "code": {
        "coding": [ {
          "system": "http://loinc.org",
          "code": "8867-4",
          "display": "Heart rate"
        } ],
        "text": "Heart rate"
      },
      "subject": {
        "reference": "urn:uuid:7515e739-9bcb-bbf5-92bc-67d5cc0c8028"
      },
      "encounter": {
        "reference": "urn:uuid:ff4c6888-a763-9829-24a9-20864dcaf6ff"
      },
      "effectiveDateTime": "2023-10-07T17:04:37+00:00",
      "issued": "2023-10-07T17:04:37.684+00:00",
      "valueQuantity": {
        "value": 84,
        "unit": "/min",
        "system": "http://unitsofmeasure.org",
        "code": "/min"
      }
    },
    "request": {
      "method": "POST",
      "url": "Observation"
    }
  }, {
    "fullUrl": "urn:uuid:5939bf3a-7fef-e4cc-31f5-f0111d90e030",
    "resource": {
      "resourceType": "Observation",
      "id": "5939bf3a-7fef-e4cc-31f5-f0111d90e030",
      "status": "final",
      "category": {
        "coding": [ {
          "system": "http://hl7.org/fhir/observation-category",
          "code": "vital-signs",
          "display": "vital-signs"
        } ],
        "text": "vital-signs"
      },
      "code": {
        "coding": [ {
          "system": "http://loinc.org",
          "code": "9279-1",
          "display": "Respiratory rate"
        } ],
        "text": "Respiratory rate"
      },
      "subject": {
        "reference": "urn:uuid:7515e739-9bcb-bbf5-92bc-67d5cc0c8028"
      },
      "encounter": {
        "reference": "urn:uuid:ff4c6888-a763-9829-24a9-20864dcaf6ff"
      },
      "effectiveDateTime": "2023-10-07T17:04:37+00:00",
      "issued": "2023-10-07T17:04:37.684+00:00",
      "valueQuantity": {
        "value": 14,
        "unit": "/min",
        "system": "http://unitsofmeasure.org",
        "code": "/min"
      }
    },
    "request": {
      "method": "POST",
      "url": "Observation"
    }
  }, {
    "fullUrl": "urn:uuid:be7a6f99-1f79-4b8d-020a-e2924136f4aa",
    "resource": {
      "resourceType": "Observation",
      "id": "be7a6f99-1f79-4b8d-020a-e2924136f4aa",
      "status": "final",
      "category": {
        "coding": [ {
          "system": "http://hl7.org/fhir/observation-category",
          "code": "laboratory",
          "display": "laboratory"
        } ],
        "text": "laboratory"
      },
      "code": {
        "coding": [ {
          "system": "http://loinc.org",
          "code": "6690-2",
          "display": "Leukocytes [#/volume] in Blood by Automated count"
        } ],
        "text": "Leukocytes [#/volume] in Blood by Automated count"
      },
      "subject": {
        "reference": "urn:uuid:7515e739-9bcb-bbf5-92bc-67d5cc0c8028"
      },
      "encounter": {
        "reference": "urn:uuid:ff4c6888-a763-9829-24a9-20864dcaf6ff"
      },
      "effectiveDateTime": "2023-10-07T17:04:37+00:00",
      "issued": "2023-10-07T17:04:37.684+00:00",
      "valueQuantity": {
        "value": 9.1828,
        "unit": "10*3/uL",
        "system": "http://unitsofmeasure.org",
        "code": "10*3/uL"
      }
    },
    "request": {
      "method": "POST",
      "url": "Observation"
    }
  }, {
    "fullUrl": "urn:uuid:69b1ec8a-b553-5af2-ea22-703f36f7619e",
    "resource": {
      "resourceType": "Observation",
      "id": "69b1ec8a-b553-5af2-ea22-703f36f7619e",
      "status": "final",
      "category": {
        "coding": [ {
          "system": "http://hl7.org/fhir/observation-category",
          "code": "laboratory",
          "display": "laboratory"
        } ],
        "text": "laboratory"
      },
      "code": {
        "coding": [ {
          "system": "http://loinc.org",
          "code": "789-8",
          "display": "Erythrocytes [#/volume] in Blood by Automated count"
        } ],
        "text": "Erythrocytes [#/volume] in Blood by Automated count"
      },
      "subject": {
        "reference": "urn:uuid:7515e739-9bcb-bbf5-92bc-67d5cc0c8028"
      },
      "encounter": {
        "reference": "urn:uuid:ff4c6888-a763-9829-24a9-20864dcaf6ff"
      },
      "effectiveDateTime": "2023-10-07T17:04:37+00:00",
      "issued": "2023-10-07T17:04:37.684+00:00",
      "valueQuantity": {
        "value": 4.6560,
        "unit": "10*6/uL",
        "system": "http://unitsofmeasure.org",
        "code": "10*6/uL"
      }
    },
    "request": {
      "method": "POST",
      "url": "Observation"
    }
  }, {
    "fullUrl": "urn:uuid:cb585488-70e3-a203-05ca-11a21e4a267d",
    "resource": {
      "resourceType": "Observation",
      "id": "cb585488-70e3-a203-05ca-11a21e4a267d",
      "status": "final",
      "category": {
        "coding": [ {
          "system": "http://hl7.org/fhir/observation-category",
          "code": "laboratory",
          "display": "laboratory"
        } ],
        "text": "laboratory"
      },
      "code": {
        "coding": [ {
          "system": "http://loinc.org",
          "code": "718-7",
          "display": "Hemoglobin [Mass/volume] in Blood"
        } ],
        "text": "Hemoglobin [Mass/volume] in Blood"
      },
      "subject": {
        "reference": "urn:uuid:7515e739-9bcb-bbf5-92bc-67d5cc0c8028"
      },
      "encounter": {
        "reference": "urn:uuid:ff4c6888-a763-9829-24a9-20864dcaf6ff"
      },
      "effectiveDateTime": "2023-10-07T17:04:37+00:00",
      "issued": "2023-10-07T17:04:37.684+00:00",
      "valueQuantity": {
        "value": 16.105,
        "unit": "g/dL",
        "system": "http://unitsofmeasure.org",
        "code": "g/dL"
      }
    },
    "request": {
      "method": "POST",
      "url": "Observation"
    }
  }, {
    "fullUrl": "urn:uuid:5154bdd6-a27a-4a2b-347e-8f70b1980128",
    "resource": {
      "resourceType": "Observation",
      "id": "5154bdd6-a27a-4a2b-347e-8f70b1980128",
      "status": "final",
      "category": {
        "coding": [ {
          "system": "http://hl7.org/fhir/observation-category",
          "code": "laboratory",
          "display": "laboratory"
        } ],
        "text": "laboratory"
      },
      "code": {
        "coding": [ {
          "system": "http://loinc.org",
          "code": "4544-3",
          "display": "Hematocrit [Volume Fraction] of Blood by Automated count"
        } ],
        "text": "Hematocrit [Volume Fraction] of Blood by Automated count"
      },
      "subject": {
        "reference": "urn:uuid:7515e739-9bcb-bbf5-92bc-67d5cc0c8028"
      },
      "encounter": {
        "reference": "urn:uuid:ff4c6888-a763-9829-24a9-20864dcaf6ff"
      },
      "effectiveDateTime": "2023-10-07T17:04:37+00:00",
      "issued": "2023-10-07T17:04:37.684+00:00",
      "valueQuantity": {
        "value": 40.860,
        "unit": "%",
        "system": "http://unitsofmeasure.org",
        "code": "%"
      }
    },
    "request": {
      "method": "POST",
      "url": "Observation"
    }
  }, {
    "fullUrl": "urn:uuid:2385fba9-c9f7-0f37-c38b-bdb4e0180a99",
    "resource": {
      "resourceType": "Observation",
      "id": "2385fba9-c9f7-0f37-c38b-bdb4e0180a99",
      "status": "final",
      "category": {
        "coding": [ {
          "system": "http://hl7.org/fhir/observation-category",
          "code": "laboratory",
          "display": "laboratory"
        } ],
        "text": "laboratory"
      },
      "code": {
        "coding": [ {
          "system": "http://loinc.org",
          "code": "787-2",
          "display": "MCV [Entitic volume] by Automated count"
        } ],
        "text": "MCV [Entitic volume] by Automated count"
      },
      "subject": {
        "reference": "urn:uuid:7515e739-9bcb-bbf5-92bc-67d5cc0c8028"
      },
      "encounter": {
        "reference": "urn:uuid:ff4c6888-a763-9829-24a9-20864dcaf6ff"
      },
      "effectiveDateTime": "2023-10-07T17:04:37+00:00",
      "issued": "2023-10-07T17:04:37.684+00:00",
      "valueQuantity": {
        "value": 80.445,
        "unit": "fL",
        "system": "http://unitsofmeasure.org",
        "code": "fL"
      }
    },
    "request": {
      "method": "POST",
      "url": "Observation"
    }
  }, {
    "fullUrl": "urn:uuid:fb021d78-39e5-1e68-5f85-78dc5d58ed31",
    "resource": {
      "resourceType": "Observation",
      "id": "fb021d78-39e5-1e68-5f85-78dc5d58ed31",
      "status": "final",
      "category": {
        "coding": [ {
          "system": "http://hl7.org/fhir/observation-category",
          "code": "laboratory",
          "display": "laboratory"
        } ],
        "text": "laboratory"
      },
      "code": {
        "coding": [ {
          "system": "http://loinc.org",
          "code": "785-6",
          "display": "MCH [Entitic mass] by Automated count"
        } ],
        "text": "MCH [Entitic mass] by Automated count"
      },
      "subject": {
        "reference": "urn:uuid:7515e739-9bcb-bbf5-92bc-67d5cc0c8028"
      },
      "encounter": {
        "reference": "urn:uuid:ff4c6888-a763-9829-24a9-20864dcaf6ff"
      },
      "effectiveDateTime": "2023-10-07T17:04:37+00:00",
      "issued": "2023-10-07T17:04:37.684+00:00",
      "valueQuantity": {
        "value": 30.375,
        "unit": "pg",
        "system": "http://unitsofmeasure.org",
        "code": "pg"
      }
    },
    "request": {
      "method": "POST",
      "url": "Observation"
    }
  }, {
    "fullUrl": "urn:uuid:f667be63-1af9-6bf3-388e-fd329eacefb0",
    "resource": {
      "resourceType": "Observation",
      "id": "f667be63-1af9-6bf3-388e-fd329eacefb0",
      "status": "final",
      "category": {
        "coding": [ {
          "system": "http://hl7.org/fhir/observation-category",
          "code": "laboratory",
          "display": "laboratory"
        } ],
        "text": "laboratory"
      },
      "code": {
        "coding": [ {
          "system": "http://loinc.org",
          "code": "786-4",
          "display": "MCHC [Mass/volume] by Automated count"
        } ],
        "text": "MCHC [Mass/volume] by Automated count"
      },
      "subject": {
        "reference": "urn:uuid:7515e739-9bcb-bbf5-92bc-67d5cc0c8028"
      },
      "encounter": {
        "reference": "urn:uuid:ff4c6888-a763-9829-24a9-20864dcaf6ff"
      },
      "effectiveDateTime": "2023-10-07T17:04:37+00:00",
      "issued": "2023-10-07T17:04:37.684+00:00",
      "valueQuantity": {
        "value": 33.313,
        "unit": "g/dL",
        "system": "http://unitsofmeasure.org",
        "code": "g/dL"
      }
    },
    "request": {
      "method": "POST",
      "url": "Observation"
    }
  }, {
    "fullUrl": "urn:uuid:ba7c4c8e-9aac-5383-8543-ad863d95f746",
    "resource": {
      "resourceType": "Observation",
      "id": "ba7c4c8e-9aac-5383-8543-ad863d95f746",
      "status": "final",
      "category": {
        "coding": [ {
          "system": "http://hl7.org/fhir/observation-category",
          "code": "laboratory",
          "display": "laboratory"
        } ],
        "text": "laboratory"
      },
      "code": {
        "coding": [ {
          "system": "http://loinc.org",
          "code": "21000-5",
          "display": "Erythrocyte distribution width [Entitic volume] by Automated count"
        } ],
        "text": "Erythrocyte distribution width [Entitic volume] by Automated count"
      },
      "subject": {
        "reference": "urn:uuid:7515e739-9bcb-bbf5-92bc-67d5cc0c8028"
      },
      "encounter": {
        "reference": "urn:uuid:ff4c6888-a763-9829-24a9-20864dcaf6ff"
      },
      "effectiveDateTime": "2023-10-07T17:04:37+00:00",
      "issued": "2023-10-07T17:04:37.684+00:00",
      "valueQuantity": {
        "value": 42.915,
        "unit": "fL",
        "system": "http://unitsofmeasure.org",
        "code": "fL"
      }
    },
    "request": {
      "method": "POST",
      "url": "Observation"
    }
  }, {
    "fullUrl": "urn:uuid:346bf0ad-4cbc-739f-278c-77d1cf075042",
    "resource": {
      "resourceType": "Observation",
      "id": "346bf0ad-4cbc-739f-278c-77d1cf075042",
      "status": "final",
      "category": {
        "coding": [ {
          "system": "http://hl7.org/fhir/observation-category",
          "code": "laboratory",
          "display": "laboratory"
        } ],
        "text": "laboratory"
      },
      "code": {
        "coding": [ {
          "system": "http://loinc.org",
          "code": "777-3",
          "display": "Platelets [#/volume] in Blood by Automated count"
        } ],
        "text": "Platelets [#/volume] in Blood by Automated count"
      },
      "subject": {
        "reference": "urn:uuid:7515e739-9bcb-bbf5-92bc-67d5cc0c8028"
      },
      "encounter": {
        "reference": "urn:uuid:ff4c6888-a763-9829-24a9-20864dcaf6ff"
      },
      "effectiveDateTime": "2023-10-07T17:04:37+00:00",
      "issued": "2023-10-07T17:04:37.684+00:00",
      "valueQuantity": {
        "value": 206.96,
        "unit": "10*3/uL",
        "system": "http://unitsofmeasure.org",
        "code": "10*3/uL"
      }
    },
    "request": {
      "method": "POST",
      "url": "Observation"
    }
  }, {
    "fullUrl": "urn:uuid:36b73c2f-7af6-f4fb-1fde-4f50eb38503c",
    "resource": {
      "resourceType": "Observation",
      "id": "36b73c2f-7af6-f4fb-1fde-4f50eb38503c",
      "status": "final",
      "category": {
        "coding": [ {
          "system": "http://hl7.org/fhir/observation-category",
          "code": "laboratory",
          "display": "laboratory"
        } ],
        "text": "laboratory"
      },
      "code": {
        "coding": [ {
          "system": "http://loinc.org",
          "code": "32207-3",
          "display": "Platelet distribution width [Entitic volume] in Blood by Automated count"
        } ],
        "text": "Platelet distribution width [Entitic volume] in Blood by Automated count"
      },
      "subject": {
        "reference": "urn:uuid:7515e739-9bcb-bbf5-92bc-67d5cc0c8028"
      },
      "encounter": {
        "reference": "urn:uuid:ff4c6888-a763-9829-24a9-20864dcaf6ff"
      },
      "effectiveDateTime": "2023-10-07T17:04:37+00:00",
      "issued": "2023-10-07T17:04:37.684+00:00",
      "valueQuantity": {
        "value": 226.29,
        "unit": "fL",
        "system": "http://unitsofmeasure.org",
        "code": "fL"
      }
    },
    "request": {
      "method": "POST",
      "url": "Observation"
    }
  }, {
    "fullUrl": "urn:uuid:1af050de-ebcf-a620-ccaf-3943cfe00dde",
    "resource": {
      "resourceType": "Observation",
      "id": "1af050de-ebcf-a620-ccaf-3943cfe00dde",
      "status": "final",
      "category": {
        "coding": [ {
          "system": "http://hl7.org/fhir/observation-category",
          "code": "laboratory",
          "display": "laboratory"
        } ],
        "text": "laboratory"
      },
      "code": {
        "coding": [ {
          "system": "http://loinc.org",
          "code": "32623-1",
          "display": "Platelet mean volume [Entitic volume] in Blood by Automated count"
        } ],
        "text": "Platelet mean volume [Entitic volume] in Blood by Automated count"
      },
      "subject": {
        "reference": "urn:uuid:7515e739-9bcb-bbf5-92bc-67d5cc0c8028"
      },
      "encounter": {
        "reference": "urn:uuid:ff4c6888-a763-9829-24a9-20864dcaf6ff"
      },
      "effectiveDateTime": "2023-10-07T17:04:37+00:00",
      "issued": "2023-10-07T17:04:37.684+00:00",
      "valueQuantity": {
        "value": 9.6009,
        "unit": "fL",
        "system": "http://unitsofmeasure.org",
        "code": "fL"
      }
    },
    "request": {
      "method": "POST",
      "url": "Observation"
    }
  }, {
    "fullUrl": "urn:uuid:6f123e46-ea38-498c-1b19-889bbb9189ca",
    "resource": {
      "resourceType": "Observation",
      "id": "6f123e46-ea38-498c-1b19-889bbb9189ca",
      "status": "final",
      "category": {
        "coding": [ {
          "system": "http://hl7.org/fhir/observation-category",
          "code": "social-history",
          "display": "social-history"
        } ],
        "text": "social-history"
      },
      "code": {
        "coding": [ {
          "system": "http://loinc.org",
          "code": "72166-2",
          "display": "Tobacco smoking status"
        } ],
        "text": "Tobacco smoking status"
      },
      "subject": {
        "reference": "urn:uuid:7515e739-9bcb-bbf5-92bc-67d5cc0c8028"
      },
      "encounter": {
        "reference": "urn:uuid:ff4c6888-a763-9829-24a9-20864dcaf6ff"
      },
      "effectiveDateTime": "2023-10-07T17:04:37+00:00",
      "issued": "2023-10-07T17:04:37.684+00:00",
      "valueCodeableConcept": {
        "coding": [ {
          "system": "http://snomed.info/sct",
          "code": "266919005",
          "display": "Never smoked tobacco (finding)"
        } ],
        "text": "Never smoked tobacco (finding)"
      }
    },
    "request": {
      "method": "POST",
      "url": "Observation"
    }
  }, {
    "fullUrl": "urn:uuid:23a249ba-5a9b-4b0b-a74c-6c423e696be3",
    "resource": {
      "resourceType": "Procedure",
      "id": "23a249ba-5a9b-4b0b-a74c-6c423e696be3",
      "subject": {
        "reference": "urn:uuid:7515e739-9bcb-bbf5-92bc-67d5cc0c8028"
      },
      "status": "completed",
      "code": {
        "coding": [ {
          "system": "http://snomed.info/sct",
          "code": "430193006",
          "display": "Medication Reconciliation (procedure)"
        } ],
        "text": "Medication Reconciliation (procedure)"
      },
      "performedPeriod": {
        "start": "2023-10-07T17:04:37+00:00",
        "end": "2023-10-07T17:19:37+00:00"
      },
      "encounter": {
        "reference": "urn:uuid:ff4c6888-a763-9829-24a9-20864dcaf6ff"
      }
    },
    "request": {
      "method": "POST",
      "url": "Procedure"
    }
  }, {
    "fullUrl": "urn:uuid:2793507f-04cd-627a-927e-cca7dd9c3469",
    "resource": {
      "resourceType": "Immunization",
      "id": "2793507f-04cd-627a-927e-cca7dd9c3469",
      "status": "completed",
      "date": "2023-10-07T17:04:37+00:00",
      "vaccineCode": {
        "coding": [ {
          "system": "http://hl7.org/fhir/sid/cvx",
          "code": "08",
          "display": "Hep B, adolescent or pediatric"
        } ],
        "text": "Hep B, adolescent or pediatric"
      },
      "patient": {
        "reference": "urn:uuid:7515e739-9bcb-bbf5-92bc-67d5cc0c8028"
      },
      "wasNotGiven": false,
      "reported": false,
      "encounter": {
        "reference": "urn:uuid:ff4c6888-a763-9829-24a9-20864dcaf6ff"
      }
    },
    "request": {
      "method": "POST",
      "url": "Immunization"
    }
  }, {
    "fullUrl": "urn:uuid:0ea55ea7-d278-5990-dd1c-5ec9e191d0f1",
    "resource": {
      "resourceType": "DiagnosticReport",
      "id": "0ea55ea7-d278-5990-dd1c-5ec9e191d0f1",
      "status": "final",
      "category": {
        "coding": [ {
          "system": "http://hl7.org/fhir/ValueSet/diagnostic-service-sections",
          "code": "LAB"
        } ]
      },
      "code": {
        "coding": [ {
          "system": "http://loinc.org",
          "code": "58410-2",
          "display": "CBC panel - Blood by Automated count"
        } ],
        "text": "CBC panel - Blood by Automated count"
      },
      "subject": {
        "reference": "urn:uuid:7515e739-9bcb-bbf5-92bc-67d5cc0c8028"
      },
      "encounter": {
        "reference": "urn:uuid:ff4c6888-a763-9829-24a9-20864dcaf6ff"
      },
      "effectiveDateTime": "2023-10-07T17:04:37+00:00",
      "issued": "2023-10-07T17:04:37.684+00:00",
      "performer": {
        "reference": "Organization?identifier=https://github.com/synthetichealth/synthea|43f37d29-0bcb-3d84-b9c0-9ee4f2485ff2",
        "display": "TAG VIRTUAL WELLNESS LLC"
      },
      "result": [ {
        "reference": "urn:uuid:1af050de-ebcf-a620-ccaf-3943cfe00dde",
        "display": "Platelet mean volume [Entitic volume] in Blood by Automated count"
      } ]
    },
    "request": {
      "method": "POST",
      "url": "DiagnosticReport"
    }
  }, {
    "fullUrl": "urn:uuid:b1215ecc-f40b-2385-966f-025d149f605e",
    "resource": {
      "resourceType": "Claim",
      "id": "b1215ecc-f40b-2385-966f-025d149f605e",
      "type": "institutional",
      "organization": {
        "reference": "Organization?identifier=https://github.com/synthetichealth/synthea|43f37d29-0bcb-3d84-b9c0-9ee4f2485ff2",
        "display": "TAG VIRTUAL WELLNESS LLC"
      },
      "use": "complete",
      "diagnosis": [ {
        "sequence": 1,
        "diagnosis": {
          "system": "http://snomed.info/sct",
          "code": "314529007",
          "display": "Medication review due (situation)"
        }
      } ],
      "patient": {
        "reference": "urn:uuid:7515e739-9bcb-bbf5-92bc-67d5cc0c8028"
      },
      "item": [ {
        "sequence": 1,
        "type": {
          "system": "http://hl7.org/fhir/v3/ActCode",
          "code": "CSINV",
          "display": "clinical service invoice"
        },
        "service": {
          "system": "http://snomed.info/sct",
          "code": "410620009",
          "display": "Well child visit (procedure)"
        }
      }, {
        "sequence": 2,
        "type": {
          "system": "http://hl7.org/fhir/v3/ActCode",
          "code": "CSINV",
          "display": "clinical service invoice"
        },
        "service": {
          "system": "http://hl7.org/fhir/sid/cvx",
          "code": "08",
          "display": "Hep B, adolescent or pediatric"
        },
        "net": {
          "value": 136.00,
          "system": "urn:iso:std:iso:4217",
          "code": "USD"
        }
      }, {
        "sequence": 4,
        "type": {
          "system": "http://hl7.org/fhir/v3/ActCode",
          "code": "CSINV",
          "display": "clinical service invoice"
        },
        "service": {
          "system": "http://snomed.info/sct",
          "code": "430193006",
          "display": "Medication Reconciliation (procedure)"
        },
        "net": {
          "value": 465.61,
          "system": "urn:iso:std:iso:4217",
          "code": "USD"
        }
      }, {
        "sequence": 5,
        "type": {
          "system": "http://hl7.org/fhir/v3/ActCode",
          "code": "CSINV",
          "display": "clinical service invoice"
        },
        "service": {
          "system": "http://loinc.org",
          "code": "58410-2",
          "display": "CBC panel - Blood by Automated count"
        },
        "net": {
          "value": 74.58,
          "system": "urn:iso:std:iso:4217",
          "code": "USD"
        }
      } ]
    },
    "request": {
      "method": "POST",
      "url": "Claim"
    }
  }, {
    "fullUrl": "urn:uuid:a60adc2c-2003-2503-54a3-3407905936a6",
    "resource": {
      "resourceType": "Encounter",
      "id": "a60adc2c-2003-2503-54a3-3407905936a6",
      "status": "finished",
      "class": "ambulatory",
      "type": [ {
        "coding": [ {
          "system": "http://snomed.info/sct",
          "code": "410620009",
          "display": "Well child visit (procedure)"
        } ],
        "text": "Well child visit (procedure)"
      } ],
      "patient": {
        "reference": "urn:uuid:7515e739-9bcb-bbf5-92bc-67d5cc0c8028"
      },
      "participant": [ {
        "individual": {
          "reference": "Practitioner?identifier=http://hl7.org/fhir/sid/us-npi|9999941294",
          "display": "Dr. Maria750 Romaguera67"
        }
      } ],
      "period": {
        "start": "2023-11-11T17:04:37+00:00",
        "end": "2023-11-11T17:19:37+00:00"
      },
      "serviceProvider": {
        "reference": "Organization?identifier=https://github.com/synthetichealth/synthea|43f37d29-0bcb-3d84-b9c0-9ee4f2485ff2",
        "display": "TAG VIRTUAL WELLNESS LLC"
      }
    },
    "request": {
      "method": "POST",
      "url": "Encounter"
    }
  }, {
    "fullUrl": "urn:uuid:7aea4292-1c4e-310c-ce08-266257c39cb5",
    "resource": {
      "resourceType": "Condition",
      "id": "7aea4292-1c4e-310c-ce08-266257c39cb5",
      "patient": {
        "reference": "urn:uuid:7515e739-9bcb-bbf5-92bc-67d5cc0c8028"
      },
      "encounter": {
        "reference": "urn:uuid:a60adc2c-2003-2503-54a3-3407905936a6"
      },
      "dateRecorded": "2023-11-11",
      "code": {
        "coding": [ {
          "system": "http://snomed.info/sct",
          "code": "314529007",
          "display": "Medication review due (situation)"
        } ],
        "text": "Medication review due (situation)"
      },
      "category": {
        "coding": [ {
          "system": "http://hl7.org/fhir/condition-category",
          "code": "diagnosis"
        } ]
      },
      "clinicalStatus": "active",
      "verificationStatus": "confirmed",
      "onsetDateTime": "2023-11-11T17:04:37+00:00"
    },
    "request": {
      "method": "POST",
      "url": "Condition"
    }
  }, {
    "fullUrl": "urn:uuid:08318942-cc4e-4d78-aabc-d3d3226832f2",
    "resource": {
      "resourceType": "Observation",
      "id": "08318942-cc4e-4d78-aabc-d3d3226832f2",
      "status": "final",
      "category": {
        "coding": [ {
          "system": "http://hl7.org/fhir/observation-category",
          "code": "vital-signs",
          "display": "vital-signs"
        } ],
        "text": "vital-signs"
      },
      "code": {
        "coding": [ {
          "system": "http://loinc.org",
          "code": "8302-2",
          "display": "Body Height"
        } ],
        "text": "Body Height"
      },
      "subject": {
        "reference": "urn:uuid:7515e739-9bcb-bbf5-92bc-67d5cc0c8028"
      },
      "encounter": {
        "reference": "urn:uuid:a60adc2c-2003-2503-54a3-3407905936a6"
      },
      "effectiveDateTime": "2023-11-11T17:04:37+00:00",
      "issued": "2023-11-11T17:04:37.684+00:00",
      "valueQuantity": {
        "value": 56.800,
        "unit": "cm",
        "system": "http://unitsofmeasure.org",
        "code": "cm"
      }
    },
    "request": {
      "method": "POST",
      "url": "Observation"
    }
  }, {
    "fullUrl": "urn:uuid:128d641d-31ca-fb72-5d2a-94342f1e55cb",
    "resource": {
      "resourceType": "Observation",
      "id": "128d641d-31ca-fb72-5d2a-94342f1e55cb",
      "status": "final",
      "category": {
        "coding": [ {
          "system": "http://hl7.org/fhir/observation-category",
          "code": "vital-signs",
          "display": "vital-signs"
        } ],
        "text": "vital-signs"
      },
      "code": {
        "coding": [ {
          "system": "http://loinc.org",
          "code": "72514-3",
          "display": "Pain severity - 0-10 verbal numeric rating [Score] - Reported"
        } ],
        "text": "Pain severity - 0-10 verbal numeric rating [Score] - Reported"
      },
      "subject": {
        "reference": "urn:uuid:7515e739-9bcb-bbf5-92bc-67d5cc0c8028"
      },
      "encounter": {
        "reference": "urn:uuid:a60adc2c-2003-2503-54a3-3407905936a6"
      },
      "effectiveDateTime": "2023-11-11T17:04:37+00:00",
      "issued": "2023-11-11T17:04:37.684+00:00",
      "valueQuantity": {
        "value": 1,
        "unit": "{score}",
        "system": "http://unitsofmeasure.org",
        "code": "{score}"
      }
    },
    "request": {
      "method": "POST",
      "url": "Observation"
    }
  }, {
    "fullUrl": "urn:uuid:a932796f-4400-c318-1a78-af629ff4ce3c",
    "resource": {
      "resourceType": "Observation",
      "id": "a932796f-4400-c318-1a78-af629ff4ce3c",
      "status": "final",
      "category": {
        "coding": [ {
          "system": "http://hl7.org/fhir/observation-category",
          "code": "vital-signs",
          "display": "vital-signs"
        } ],
        "text": "vital-signs"
      },
      "code": {
        "coding": [ {
          "system": "http://loinc.org",
          "code": "29463-7",
          "display": "Body Weight"
        } ],
        "text": "Body Weight"
      },
      "subject": {
        "reference": "urn:uuid:7515e739-9bcb-bbf5-92bc-67d5cc0c8028"
      },
      "encounter": {
        "reference": "urn:uuid:a60adc2c-2003-2503-54a3-3407905936a6"
      },
      "effectiveDateTime": "2023-11-11T17:04:37+00:00",
      "issued": "2023-11-11T17:04:37.684+00:00",
      "valueQuantity": {
        "value": 5,
        "unit": "kg",
        "system": "http://unitsofmeasure.org",
        "code": "kg"
      }
    },
    "request": {
      "method": "POST",
      "url": "Observation"
    }
  }, {
    "fullUrl": "urn:uuid:1ab804f1-40d2-b37b-72d3-d2781613b621",
    "resource": {
      "resourceType": "Observation",
      "id": "1ab804f1-40d2-b37b-72d3-d2781613b621",
      "status": "final",
      "category": {
        "coding": [ {
          "system": "http://hl7.org/fhir/observation-category",
          "code": "vital-signs",
          "display": "vital-signs"
        } ],
        "text": "vital-signs"
      },
      "code": {
        "coding": [ {
          "system": "http://loinc.org",
          "code": "77606-2",
          "display": "Weight-for-length Per age and sex"
        } ],
        "text": "Weight-for-length Per age and sex"
      },
      "subject": {
        "reference": "urn:uuid:7515e739-9bcb-bbf5-92bc-67d5cc0c8028"
      },
      "encounter": {
        "reference": "urn:uuid:a60adc2c-2003-2503-54a3-3407905936a6"
      },
      "effectiveDateTime": "2023-11-11T17:04:37+00:00",
      "issued": "2023-11-11T17:04:37.684+00:00",
      "valueQuantity": {
        "value": 33.543,
        "unit": "%",
        "system": "http://unitsofmeasure.org",
        "code": "%"
      }
    },
    "request": {
      "method": "POST",
      "url": "Observation"
    }
  }, {
    "fullUrl": "urn:uuid:10ee3f3a-848c-edc4-fb0c-b5849cedc7f4",
    "resource": {
      "resourceType": "Observation",
      "id": "10ee3f3a-848c-edc4-fb0c-b5849cedc7f4",
      "status": "final",
      "category": {
        "coding": [ {
          "system": "http://hl7.org/fhir/observation-category",
          "code": "vital-signs",
          "display": "vital-signs"
        } ],
        "text": "vital-signs"
      },
      "code": {
        "coding": [ {
          "system": "http://loinc.org",
          "code": "8289-1",
          "display": "Head Occipital-frontal circumference Percentile"
        } ],
        "text": "Head Occipital-frontal circumference Percentile"
      },
      "subject": {
        "reference": "urn:uuid:7515e739-9bcb-bbf5-92bc-67d5cc0c8028"
      },
      "encounter": {
        "reference": "urn:uuid:a60adc2c-2003-2503-54a3-3407905936a6"
      },
      "effectiveDateTime": "2023-11-11T17:04:37+00:00",
      "issued": "2023-11-11T17:04:37.684+00:00",
      "valueQuantity": {
        "value": 75.670,
        "unit": "%",
        "system": "http://unitsofmeasure.org",
        "code": "%"
      }
    },
    "request": {
      "method": "POST",
      "url": "Observation"
    }
  }, {
    "fullUrl": "urn:uuid:80c0e44f-0af0-4994-0916-fe76c74d3333",
    "resource": {
      "resourceType": "Observation",
      "id": "80c0e44f-0af0-4994-0916-fe76c74d3333",
      "status": "final",
      "category": {
        "coding": [ {
          "system": "http://hl7.org/fhir/observation-category",
          "code": "vital-signs",
          "display": "vital-signs"
        } ],
        "text": "vital-signs"
      },
      "code": {
        "coding": [ {
          "system": "http://loinc.org",
          "code": "9843-4",
          "display": "Head Occipital-frontal circumference"
        } ],
        "text": "Head Occipital-frontal circumference"
      },
      "subject": {
        "reference": "urn:uuid:7515e739-9bcb-bbf5-92bc-67d5cc0c8028"
      },
      "encounter": {
        "reference": "urn:uuid:a60adc2c-2003-2503-54a3-3407905936a6"
      },
      "effectiveDateTime": "2023-11-11T17:04:37+00:00",
      "issued": "2023-11-11T17:04:37.684+00:00",
      "valueQuantity": {
        "value": 39.020,
        "unit": "cm",
        "system": "http://unitsofmeasure.org",
        "code": "cm"
      }
    },
    "request": {
      "method": "POST",
      "url": "Observation"
    }
  }, {
    "fullUrl": "urn:uuid:20e86560-5f41-6b0b-3e58-4740f567942b",
    "resource": {
      "resourceType": "Observation",
      "id": "20e86560-5f41-6b0b-3e58-4740f567942b",
      "status": "final",
      "category": {
        "coding": [ {
          "system": "http://hl7.org/fhir/observation-category",
          "code": "vital-signs",
          "display": "vital-signs"
        } ],
        "text": "vital-signs"
      },
      "code": {
        "coding": [ {
          "system": "http://loinc.org",
          "code": "85354-9",
          "display": "Blood pressure panel with all children optional"
        } ],
        "text": "Blood pressure panel with all children optional"
      },
      "subject": {
        "reference": "urn:uuid:7515e739-9bcb-bbf5-92bc-67d5cc0c8028"
      },
      "encounter": {
        "reference": "urn:uuid:a60adc2c-2003-2503-54a3-3407905936a6"
      },
      "effectiveDateTime": "2023-11-11T17:04:37+00:00",
      "issued": "2023-11-11T17:04:37.684+00:00",
      "component": [ {
        "code": {
          "coding": [ {
            "system": "http://loinc.org",
            "code": "8462-4",
            "display": "Diastolic Blood Pressure"
          } ],
          "text": "Diastolic Blood Pressure"
        },
        "valueQuantity": {
          "value": 65,
          "unit": "mm[Hg]",
          "system": "http://unitsofmeasure.org",
          "code": "mm[Hg]"
        }
      }, {
        "code": {
          "coding": [ {
            "system": "http://loinc.org",
            "code": "8480-6",
            "display": "Systolic Blood Pressure"
          } ],
          "text": "Systolic Blood Pressure"
        },
        "valueQuantity": {
          "value": 101,
          "unit": "mm[Hg]",
          "system": "http://unitsofmeasure.org",
          "code": "mm[Hg]"
        }
      } ]
    },
    "request": {
      "method": "POST",
      "url": "Observation"
    }
  }, {
    "fullUrl": "urn:uuid:8135ec09-f25e-b998-dcf3-55a6945b6f4d",
    "resource": {
      "resourceType": "Observation",
      "id": "8135ec09-f25e-b998-dcf3-55a6945b6f4d",
      "status": "final",
      "category": {
        "coding": [ {
          "system": "http://hl7.org/fhir/observation-category",
          "code": "vital-signs",
          "display": "vital-signs"
        } ],
        "text": "vital-signs"
      },
      "code": {
        "coding": [ {
          "system": "http://loinc.org",
          "code": "8867-4",
          "display": "Heart rate"
        } ],
        "text": "Heart rate"
      },
      "subject": {
        "reference": "urn:uuid:7515e739-9bcb-bbf5-92bc-67d5cc0c8028"
      },
      "encounter": {
        "reference": "urn:uuid:a60adc2c-2003-2503-54a3-3407905936a6"
      },
      "effectiveDateTime": "2023-11-11T17:04:37+00:00",
      "issued": "2023-11-11T17:04:37.684+00:00",
      "valueQuantity": {
        "value": 66,
        "unit": "/min",
        "system": "http://unitsofmeasure.org",
        "code": "/min"
      }
    },
    "request": {
      "method": "POST",
      "url": "Observation"
    }
  }, {
    "fullUrl": "urn:uuid:0f33fe45-e0ac-82e8-6da2-f8dd078627f8",
    "resource": {
      "resourceType": "Observation",
      "id": "0f33fe45-e0ac-82e8-6da2-f8dd078627f8",
      "status": "final",
      "category": {
        "coding": [ {
          "system": "http://hl7.org/fhir/observation-category",
          "code": "vital-signs",
          "display": "vital-signs"
        } ],
        "text": "vital-signs"
      },
      "code": {
        "coding": [ {
          "system": "http://loinc.org",
          "code": "9279-1",
          "display": "Respiratory rate"
        } ],
        "text": "Respiratory rate"
      },
      "subject": {
        "reference": "urn:uuid:7515e739-9bcb-bbf5-92bc-67d5cc0c8028"
      },
      "encounter": {
        "reference": "urn:uuid:a60adc2c-2003-2503-54a3-3407905936a6"
      },
      "effectiveDateTime": "2023-11-11T17:04:37+00:00",
      "issued": "2023-11-11T17:04:37.684+00:00",
      "valueQuantity": {
        "value": 15,
        "unit": "/min",
        "system": "http://unitsofmeasure.org",
        "code": "/min"
      }
    },
    "request": {
      "method": "POST",
      "url": "Observation"
    }
  }, {
    "fullUrl": "urn:uuid:6032c8b8-21cb-7cbe-f28a-01c505c6625c",
    "resource": {
      "resourceType": "Observation",
      "id": "6032c8b8-21cb-7cbe-f28a-01c505c6625c",
      "status": "final",
      "category": {
        "coding": [ {
          "system": "http://hl7.org/fhir/observation-category",
          "code": "social-history",
          "display": "social-history"
        } ],
        "text": "social-history"
      },
      "code": {
        "coding": [ {
          "system": "http://loinc.org",
          "code": "72166-2",
          "display": "Tobacco smoking status"
        } ],
        "text": "Tobacco smoking status"
      },
      "subject": {
        "reference": "urn:uuid:7515e739-9bcb-bbf5-92bc-67d5cc0c8028"
      },
      "encounter": {
        "reference": "urn:uuid:a60adc2c-2003-2503-54a3-3407905936a6"
      },
      "effectiveDateTime": "2023-11-11T17:04:37+00:00",
      "issued": "2023-11-11T17:04:37.684+00:00",
      "valueCodeableConcept": {
        "coding": [ {
          "system": "http://snomed.info/sct",
          "code": "266919005",
          "display": "Never smoked tobacco (finding)"
        } ],
        "text": "Never smoked tobacco (finding)"
      }
    },
    "request": {
      "method": "POST",
      "url": "Observation"
    }
  }, {
    "fullUrl": "urn:uuid:694d87c3-4356-6e0f-539f-29b7a6c11519",
    "resource": {
      "resourceType": "Immunization",
      "id": "694d87c3-4356-6e0f-539f-29b7a6c11519",
      "status": "completed",
      "date": "2023-11-11T17:04:37+00:00",
      "vaccineCode": {
        "coding": [ {
          "system": "http://hl7.org/fhir/sid/cvx",
          "code": "08",
          "display": "Hep B, adolescent or pediatric"
        } ],
        "text": "Hep B, adolescent or pediatric"
      },
      "patient": {
        "reference": "urn:uuid:7515e739-9bcb-bbf5-92bc-67d5cc0c8028"
      },
      "wasNotGiven": false,
      "reported": false,
      "encounter": {
        "reference": "urn:uuid:a60adc2c-2003-2503-54a3-3407905936a6"
      }
    },
    "request": {
      "method": "POST",
      "url": "Immunization"
    }
  }, {
    "fullUrl": "urn:uuid:d14bd2b9-799c-e535-76bc-e1988de8bd6e",
    "resource": {
      "resourceType": "Claim",
      "id": "d14bd2b9-799c-e535-76bc-e1988de8bd6e",
      "type": "institutional",
      "organization": {
        "reference": "Organization?identifier=https://github.com/synthetichealth/synthea|43f37d29-0bcb-3d84-b9c0-9ee4f2485ff2",
        "display": "TAG VIRTUAL WELLNESS LLC"
      },
      "use": "complete",
      "diagnosis": [ {
        "sequence": 1,
        "diagnosis": {
          "system": "http://snomed.info/sct",
          "code": "314529007",
          "display": "Medication review due (situation)"
        }
      } ],
      "patient": {
        "reference": "urn:uuid:7515e739-9bcb-bbf5-92bc-67d5cc0c8028"
      },
      "item": [ {
        "sequence": 1,
        "type": {
          "system": "http://hl7.org/fhir/v3/ActCode",
          "code": "CSINV",
          "display": "clinical service invoice"
        },
        "service": {
          "system": "http://snomed.info/sct",
          "code": "410620009",
          "display": "Well child visit (procedure)"
        }
      }, {
        "sequence": 2,
        "type": {
          "system": "http://hl7.org/fhir/v3/ActCode",
          "code": "CSINV",
          "display": "clinical service invoice"
        },
        "service": {
          "system": "http://hl7.org/fhir/sid/cvx",
          "code": "08",
          "display": "Hep B, adolescent or pediatric"
        },
        "net": {
          "value": 136.00,
          "system": "urn:iso:std:iso:4217",
          "code": "USD"
        }
      } ]
    },
    "request": {
      "method": "POST",
      "url": "Claim"
    }
  }, {
    "fullUrl": "urn:uuid:1adb2b60-1dd4-ee6e-fc95-c83254c2403c",
    "resource": {
      "resourceType": "Encounter",
      "id": "1adb2b60-1dd4-ee6e-fc95-c83254c2403c",
      "status": "finished",
      "class": "ambulatory",
      "type": [ {
        "coding": [ {
          "system": "http://snomed.info/sct",
          "code": "410620009",
          "display": "Well child visit (procedure)"
        } ],
        "text": "Well child visit (procedure)"
      } ],
      "patient": {
        "reference": "urn:uuid:7515e739-9bcb-bbf5-92bc-67d5cc0c8028"
      },
      "participant": [ {
        "individual": {
          "reference": "Practitioner?identifier=http://hl7.org/fhir/sid/us-npi|9999941294",
          "display": "Dr. Maria750 Romaguera67"
        }
      } ],
      "period": {
        "start": "2024-01-13T17:04:37+00:00",
        "end": "2024-01-13T17:19:37+00:00"
      },
      "serviceProvider": {
        "reference": "Organization?identifier=https://github.com/synthetichealth/synthea|43f37d29-0bcb-3d84-b9c0-9ee4f2485ff2",
        "display": "TAG VIRTUAL WELLNESS LLC"
      }
    },
    "request": {
      "method": "POST",
      "url": "Encounter"
    }
  }, {
    "fullUrl": "urn:uuid:d4cade9a-2f2f-aa40-89f8-d1e73dab33e3",
    "resource": {
      "resourceType": "Observation",
      "id": "d4cade9a-2f2f-aa40-89f8-d1e73dab33e3",
      "status": "final",
      "category": {
        "coding": [ {
          "system": "http://hl7.org/fhir/observation-category",
          "code": "vital-signs",
          "display": "vital-signs"
        } ],
        "text": "vital-signs"
      },
      "code": {
        "coding": [ {
          "system": "http://loinc.org",
          "code": "8302-2",
          "display": "Body Height"
        } ],
        "text": "Body Height"
      },
      "subject": {
        "reference": "urn:uuid:7515e739-9bcb-bbf5-92bc-67d5cc0c8028"
      },
      "encounter": {
        "reference": "urn:uuid:1adb2b60-1dd4-ee6e-fc95-c83254c2403c"
      },
      "effectiveDateTime": "2024-01-13T17:04:37+00:00",
      "issued": "2024-01-13T17:04:37.684+00:00",
      "valueQuantity": {
        "value": 62,
        "unit": "cm",
        "system": "http://unitsofmeasure.org",
        "code": "cm"
      }
    },
    "request": {
      "method": "POST",
      "url": "Observation"
    }
  }, {
    "fullUrl": "urn:uuid:a44038d3-cdfc-c585-1e88-03631cbce4ee",
    "resource": {
      "resourceType": "Observation",
      "id": "a44038d3-cdfc-c585-1e88-03631cbce4ee",
      "status": "final",
      "category": {
        "coding": [ {
          "system": "http://hl7.org/fhir/observation-category",
          "code": "vital-signs",
          "display": "vital-signs"
        } ],
        "text": "vital-signs"
      },
      "code": {
        "coding": [ {
          "system": "http://loinc.org",
          "code": "72514-3",
          "display": "Pain severity - 0-10 verbal numeric rating [Score] - Reported"
        } ],
        "text": "Pain severity - 0-10 verbal numeric rating [Score] - Reported"
      },
      "subject": {
        "reference": "urn:uuid:7515e739-9bcb-bbf5-92bc-67d5cc0c8028"
      },
      "encounter": {
        "reference": "urn:uuid:1adb2b60-1dd4-ee6e-fc95-c83254c2403c"
      },
      "effectiveDateTime": "2024-01-13T17:04:37+00:00",
      "issued": "2024-01-13T17:04:37.684+00:00",
      "valueQuantity": {
        "value": 2,
        "unit": "{score}",
        "system": "http://unitsofmeasure.org",
        "code": "{score}"
      }
    },
    "request": {
      "method": "POST",
      "url": "Observation"
    }
  }, {
    "fullUrl": "urn:uuid:b15c443e-8e3f-df97-296c-03d8a83ef642",
    "resource": {
      "resourceType": "Observation",
      "id": "b15c443e-8e3f-df97-296c-03d8a83ef642",
      "status": "final",
      "category": {
        "coding": [ {
          "system": "http://hl7.org/fhir/observation-category",
          "code": "vital-signs",
          "display": "vital-signs"
        } ],
        "text": "vital-signs"
      },
      "code": {
        "coding": [ {
          "system": "http://loinc.org",
          "code": "29463-7",
          "display": "Body Weight"
        } ],
        "text": "Body Weight"
      },
      "subject": {
        "reference": "urn:uuid:7515e739-9bcb-bbf5-92bc-67d5cc0c8028"
      },
      "encounter": {
        "reference": "urn:uuid:1adb2b60-1dd4-ee6e-fc95-c83254c2403c"
      },
      "effectiveDateTime": "2024-01-13T17:04:37+00:00",
      "issued": "2024-01-13T17:04:37.684+00:00",
      "valueQuantity": {
        "value": 6.4000,
        "unit": "kg",
        "system": "http://unitsofmeasure.org",
        "code": "kg"
      }
    },
    "request": {
      "method": "POST",
      "url": "Observation"
    }
  }, {
    "fullUrl": "urn:uuid:e86e14ea-cd8e-9aca-434b-99afb5f0a288",
    "resource": {
      "resourceType": "Observation",
      "id": "e86e14ea-cd8e-9aca-434b-99afb5f0a288",
      "status": "final",
      "category": {
        "coding": [ {
          "system": "http://hl7.org/fhir/observation-category",
          "code": "vital-signs",
          "display": "vital-signs"
        } ],
        "text": "vital-signs"
      },
      "code": {
        "coding": [ {
          "system": "http://loinc.org",
          "code": "77606-2",
          "display": "Weight-for-length Per age and sex"
        } ],
        "text": "Weight-for-length Per age and sex"
      },
      "subject": {
        "reference": "urn:uuid:7515e739-9bcb-bbf5-92bc-67d5cc0c8028"
      },
      "encounter": {
        "reference": "urn:uuid:1adb2b60-1dd4-ee6e-fc95-c83254c2403c"
      },
      "effectiveDateTime": "2024-01-13T17:04:37+00:00",
      "issued": "2024-01-13T17:04:37.684+00:00",
      "valueQuantity": {
        "value": 46.471,
        "unit": "%",
        "system": "http://unitsofmeasure.org",
        "code": "%"
      }
    },
    "request": {
      "method": "POST",
      "url": "Observation"
    }
  }, {
    "fullUrl": "urn:uuid:dc20d3f3-d56f-4d2f-4b6f-222305035b07",
    "resource": {
      "resourceType": "Observation",
      "id": "dc20d3f3-d56f-4d2f-4b6f-222305035b07",
      "status": "final",
      "category": {
        "coding": [ {
          "system": "http://hl7.org/fhir/observation-category",
          "code": "vital-signs",
          "display": "vital-signs"
        } ],
        "text": "vital-signs"
      },
      "code": {
        "coding": [ {
          "system": "http://loinc.org",
          "code": "8289-1",
          "display": "Head Occipital-frontal circumference Percentile"
        } ],
        "text": "Head Occipital-frontal circumference Percentile"
      },
      "subject": {
        "reference": "urn:uuid:7515e739-9bcb-bbf5-92bc-67d5cc0c8028"
      },
      "encounter": {
        "reference": "urn:uuid:1adb2b60-1dd4-ee6e-fc95-c83254c2403c"
      },
      "effectiveDateTime": "2024-01-13T17:04:37+00:00",
      "issued": "2024-01-13T17:04:37.684+00:00",
      "valueQuantity": {
        "value": 75.670,
        "unit": "%",
        "system": "http://unitsofmeasure.org",
        "code": "%"
      }
    },
    "request": {
      "method": "POST",
      "url": "Observation"
    }
  }, {
    "fullUrl": "urn:uuid:c49c7bca-4e7d-b8e9-6f96-4a1d3ae2a56d",
    "resource": {
      "resourceType": "Observation",
      "id": "c49c7bca-4e7d-b8e9-6f96-4a1d3ae2a56d",
      "status": "final",
      "category": {
        "coding": [ {
          "system": "http://hl7.org/fhir/observation-category",
          "code": "vital-signs",
          "display": "vital-signs"
        } ],
        "text": "vital-signs"
      },
      "code": {
        "coding": [ {
          "system": "http://loinc.org",
          "code": "9843-4",
          "display": "Head Occipital-frontal circumference"
        } ],
        "text": "Head Occipital-frontal circumference"
      },
      "subject": {
        "reference": "urn:uuid:7515e739-9bcb-bbf5-92bc-67d5cc0c8028"
      },
      "encounter": {
        "reference": "urn:uuid:1adb2b60-1dd4-ee6e-fc95-c83254c2403c"
      },
      "effectiveDateTime": "2024-01-13T17:04:37+00:00",
      "issued": "2024-01-13T17:04:37.684+00:00",
      "valueQuantity": {
        "value": 41.430,
        "unit": "cm",
        "system": "http://unitsofmeasure.org",
        "code": "cm"
      }
    },
    "request": {
      "method": "POST",
      "url": "Observation"
    }
  }, {
    "fullUrl": "urn:uuid:ee052915-597b-fe62-669c-aa4b8f43aa15",
    "resource": {
      "resourceType": "Observation",
      "id": "ee052915-597b-fe62-669c-aa4b8f43aa15",
      "status": "final",
      "category": {
        "coding": [ {
          "system": "http://hl7.org/fhir/observation-category",
          "code": "vital-signs",
          "display": "vital-signs"
        } ],
        "text": "vital-signs"
      },
      "code": {
        "coding": [ {
          "system": "http://loinc.org",
          "code": "85354-9",
          "display": "Blood pressure panel with all children optional"
        } ],
        "text": "Blood pressure panel with all children optional"
      },
      "subject": {
        "reference": "urn:uuid:7515e739-9bcb-bbf5-92bc-67d5cc0c8028"
      },
      "encounter": {
        "reference": "urn:uuid:1adb2b60-1dd4-ee6e-fc95-c83254c2403c"
      },
      "effectiveDateTime": "2024-01-13T17:04:37+00:00",
      "issued": "2024-01-13T17:04:37.684+00:00",
      "component": [ {
        "code": {
          "coding": [ {
            "system": "http://loinc.org",
            "code": "8462-4",
            "display": "Diastolic Blood Pressure"
          } ],
          "text": "Diastolic Blood Pressure"
        },
        "valueQuantity": {
          "value": 64,
          "unit": "mm[Hg]",
          "system": "http://unitsofmeasure.org",
          "code": "mm[Hg]"
        }
      }, {
        "code": {
          "coding": [ {
            "system": "http://loinc.org",
            "code": "8480-6",
            "display": "Systolic Blood Pressure"
          } ],
          "text": "Systolic Blood Pressure"
        },
        "valueQuantity": {
          "value": 106,
          "unit": "mm[Hg]",
          "system": "http://unitsofmeasure.org",
          "code": "mm[Hg]"
        }
      } ]
    },
    "request": {
      "method": "POST",
      "url": "Observation"
    }
  }, {
    "fullUrl": "urn:uuid:25b88d32-5d6a-9fb2-c5ce-b52ebfb40ebd",
    "resource": {
      "resourceType": "Observation",
      "id": "25b88d32-5d6a-9fb2-c5ce-b52ebfb40ebd",
      "status": "final",
      "category": {
        "coding": [ {
          "system": "http://hl7.org/fhir/observation-category",
          "code": "vital-signs",
          "display": "vital-signs"
        } ],
        "text": "vital-signs"
      },
      "code": {
        "coding": [ {
          "system": "http://loinc.org",
          "code": "8867-4",
          "display": "Heart rate"
        } ],
        "text": "Heart rate"
      },
      "subject": {
        "reference": "urn:uuid:7515e739-9bcb-bbf5-92bc-67d5cc0c8028"
      },
      "encounter": {
        "reference": "urn:uuid:1adb2b60-1dd4-ee6e-fc95-c83254c2403c"
      },
      "effectiveDateTime": "2024-01-13T17:04:37+00:00",
      "issued": "2024-01-13T17:04:37.684+00:00",
      "valueQuantity": {
        "value": 88,
        "unit": "/min",
        "system": "http://unitsofmeasure.org",
        "code": "/min"
      }
    },
    "request": {
      "method": "POST",
      "url": "Observation"
    }
  }, {
    "fullUrl": "urn:uuid:c7804a05-a6d3-9e2b-79d3-23771e64b960",
    "resource": {
      "resourceType": "Observation",
      "id": "c7804a05-a6d3-9e2b-79d3-23771e64b960",
      "status": "final",
      "category": {
        "coding": [ {
          "system": "http://hl7.org/fhir/observation-category",
          "code": "vital-signs",
          "display": "vital-signs"
        } ],
        "text": "vital-signs"
      },
      "code": {
        "coding": [ {
          "system": "http://loinc.org",
          "code": "9279-1",
          "display": "Respiratory rate"
        } ],
        "text": "Respiratory rate"
      },
      "subject": {
        "reference": "urn:uuid:7515e739-9bcb-bbf5-92bc-67d5cc0c8028"
      },
      "encounter": {
        "reference": "urn:uuid:1adb2b60-1dd4-ee6e-fc95-c83254c2403c"
      },
      "effectiveDateTime": "2024-01-13T17:04:37+00:00",
      "issued": "2024-01-13T17:04:37.684+00:00",
      "valueQuantity": {
        "value": 12,
        "unit": "/min",
        "system": "http://unitsofmeasure.org",
        "code": "/min"
      }
    },
    "request": {
      "method": "POST",
      "url": "Observation"
    }
  }, {
    "fullUrl": "urn:uuid:d4e72981-3fba-7761-71d0-e9588ef5352c",
    "resource": {
      "resourceType": "Observation",
      "id": "d4e72981-3fba-7761-71d0-e9588ef5352c",
      "status": "final",
      "category": {
        "coding": [ {
          "system": "http://hl7.org/fhir/observation-category",
          "code": "social-history",
          "display": "social-history"
        } ],
        "text": "social-history"
      },
      "code": {
        "coding": [ {
          "system": "http://loinc.org",
          "code": "72166-2",
          "display": "Tobacco smoking status"
        } ],
        "text": "Tobacco smoking status"
      },
      "subject": {
        "reference": "urn:uuid:7515e739-9bcb-bbf5-92bc-67d5cc0c8028"
      },
      "encounter": {
        "reference": "urn:uuid:1adb2b60-1dd4-ee6e-fc95-c83254c2403c"
      },
      "effectiveDateTime": "2024-01-13T17:04:37+00:00",
      "issued": "2024-01-13T17:04:37.684+00:00",
      "valueCodeableConcept": {
        "coding": [ {
          "system": "http://snomed.info/sct",
          "code": "266919005",
          "display": "Never smoked tobacco (finding)"
        } ],
        "text": "Never smoked tobacco (finding)"
      }
    },
    "request": {
      "method": "POST",
      "url": "Observation"
    }
  }, {
    "fullUrl": "urn:uuid:54b1adce-cb49-05b7-83a9-7fb89cd80599",
    "resource": {
      "resourceType": "Immunization",
      "id": "54b1adce-cb49-05b7-83a9-7fb89cd80599",
      "status": "completed",
      "date": "2024-01-13T17:04:37+00:00",
      "vaccineCode": {
        "coding": [ {
          "system": "http://hl7.org/fhir/sid/cvx",
          "code": "49",
          "display": "Hib (PRP-OMP)"
        } ],
        "text": "Hib (PRP-OMP)"
      },
      "patient": {
        "reference": "urn:uuid:7515e739-9bcb-bbf5-92bc-67d5cc0c8028"
      },
      "wasNotGiven": false,
      "reported": false,
      "encounter": {
        "reference": "urn:uuid:1adb2b60-1dd4-ee6e-fc95-c83254c2403c"
      }
    },
    "request": {
      "method": "POST",
      "url": "Immunization"
    }
  }, {
    "fullUrl": "urn:uuid:690983bf-9ff7-8261-95fd-0b20bea75150",
    "resource": {
      "resourceType": "Immunization",
      "id": "690983bf-9ff7-8261-95fd-0b20bea75150",
      "status": "completed",
      "date": "2024-01-13T17:04:37+00:00",
      "vaccineCode": {
        "coding": [ {
          "system": "http://hl7.org/fhir/sid/cvx",
          "code": "119",
          "display": "rotavirus, monovalent"
        } ],
        "text": "rotavirus, monovalent"
      },
      "patient": {
        "reference": "urn:uuid:7515e739-9bcb-bbf5-92bc-67d5cc0c8028"
      },
      "wasNotGiven": false,
      "reported": false,
      "encounter": {
        "reference": "urn:uuid:1adb2b60-1dd4-ee6e-fc95-c83254c2403c"
      }
    },
    "request": {
      "method": "POST",
      "url": "Immunization"
    }
  }, {
    "fullUrl": "urn:uuid:548fc701-6642-a756-4ee5-252cfa0f40a7",
    "resource": {
      "resourceType": "Immunization",
      "id": "548fc701-6642-a756-4ee5-252cfa0f40a7",
      "status": "completed",
      "date": "2024-01-13T17:04:37+00:00",
      "vaccineCode": {
        "coding": [ {
          "system": "http://hl7.org/fhir/sid/cvx",
          "code": "10",
          "display": "IPV"
        } ],
        "text": "IPV"
      },
      "patient": {
        "reference": "urn:uuid:7515e739-9bcb-bbf5-92bc-67d5cc0c8028"
      },
      "wasNotGiven": false,
      "reported": false,
      "encounter": {
        "reference": "urn:uuid:1adb2b60-1dd4-ee6e-fc95-c83254c2403c"
      }
    },
    "request": {
      "method": "POST",
      "url": "Immunization"
    }
  }, {
    "fullUrl": "urn:uuid:dea93f16-eb6c-99cf-3f34-5591d138e3b8",
    "resource": {
      "resourceType": "Immunization",
      "id": "dea93f16-eb6c-99cf-3f34-5591d138e3b8",
      "status": "completed",
      "date": "2024-01-13T17:04:37+00:00",
      "vaccineCode": {
        "coding": [ {
          "system": "http://hl7.org/fhir/sid/cvx",
          "code": "20",
          "display": "DTaP"
        } ],
        "text": "DTaP"
      },
      "patient": {
        "reference": "urn:uuid:7515e739-9bcb-bbf5-92bc-67d5cc0c8028"
      },
      "wasNotGiven": false,
      "reported": false,
      "encounter": {
        "reference": "urn:uuid:1adb2b60-1dd4-ee6e-fc95-c83254c2403c"
      }
    },
    "request": {
      "method": "POST",
      "url": "Immunization"
    }
  }, {
    "fullUrl": "urn:uuid:76ca3853-486d-8b7f-eae2-964d762d100a",
    "resource": {
      "resourceType": "Immunization",
      "id": "76ca3853-486d-8b7f-eae2-964d762d100a",
      "status": "completed",
      "date": "2024-01-13T17:04:37+00:00",
      "vaccineCode": {
        "coding": [ {
          "system": "http://hl7.org/fhir/sid/cvx",
          "code": "133",
          "display": "Pneumococcal conjugate PCV 13"
        } ],
        "text": "Pneumococcal conjugate PCV 13"
      },
      "patient": {
        "reference": "urn:uuid:7515e739-9bcb-bbf5-92bc-67d5cc0c8028"
      },
      "wasNotGiven": false,
      "reported": false,
      "encounter": {
        "reference": "urn:uuid:1adb2b60-1dd4-ee6e-fc95-c83254c2403c"
      }
    },
    "request": {
      "method": "POST",
      "url": "Immunization"
    }
  }, {
    "fullUrl": "urn:uuid:2cc5bc70-0ace-aa31-d4f4-6b9f4722919e",
    "resource": {
      "resourceType": "Claim",
      "id": "2cc5bc70-0ace-aa31-d4f4-6b9f4722919e",
      "type": "institutional",
      "organization": {
        "reference": "Organization?identifier=https://github.com/synthetichealth/synthea|43f37d29-0bcb-3d84-b9c0-9ee4f2485ff2",
        "display": "TAG VIRTUAL WELLNESS LLC"
      },
      "use": "complete",
      "patient": {
        "reference": "urn:uuid:7515e739-9bcb-bbf5-92bc-67d5cc0c8028"
      },
      "item": [ {
        "sequence": 1,
        "type": {
          "system": "http://hl7.org/fhir/v3/ActCode",
          "code": "CSINV",
          "display": "clinical service invoice"
        },
        "service": {
          "system": "http://snomed.info/sct",
          "code": "410620009",
          "display": "Well child visit (procedure)"
        }
      }, {
        "sequence": 2,
        "type": {
          "system": "http://hl7.org/fhir/v3/ActCode",
          "code": "CSINV",
          "display": "clinical service invoice"
        },
        "service": {
          "system": "http://hl7.org/fhir/sid/cvx",
          "code": "49",
          "display": "Hib (PRP-OMP)"
        },
        "net": {
          "value": 136.00,
          "system": "urn:iso:std:iso:4217",
          "code": "USD"
        }
      }, {
        "sequence": 3,
        "type": {
          "system": "http://hl7.org/fhir/v3/ActCode",
          "code": "CSINV",
          "display": "clinical service invoice"
        },
        "service": {
          "system": "http://hl7.org/fhir/sid/cvx",
          "code": "119",
          "display": "rotavirus, monovalent"
        },
        "net": {
          "value": 136.00,
          "system": "urn:iso:std:iso:4217",
          "code": "USD"
        }
      }, {
        "sequence": 4,
        "type": {
          "system": "http://hl7.org/fhir/v3/ActCode",
          "code": "CSINV",
          "display": "clinical service invoice"
        },
        "service": {
          "system": "http://hl7.org/fhir/sid/cvx",
          "code": "10",
          "display": "IPV"
        },
        "net": {
          "value": 136.00,
          "system": "urn:iso:std:iso:4217",
          "code": "USD"
        }
      }, {
        "sequence": 5,
        "type": {
          "system": "http://hl7.org/fhir/v3/ActCode",
          "code": "CSINV",
          "display": "clinical service invoice"
        },
        "service": {
          "system": "http://hl7.org/fhir/sid/cvx",
          "code": "20",
          "display": "DTaP"
        },
        "net": {
          "value": 136.00,
          "system": "urn:iso:std:iso:4217",
          "code": "USD"
        }
      }, {
        "sequence": 6,
        "type": {
          "system": "http://hl7.org/fhir/v3/ActCode",
          "code": "CSINV",
          "display": "clinical service invoice"
        },
        "service": {
          "system": "http://hl7.org/fhir/sid/cvx",
          "code": "133",
          "display": "Pneumococcal conjugate PCV 13"
        },
        "net": {
          "value": 136.00,
          "system": "urn:iso:std:iso:4217",
          "code": "USD"
        }
      } ]
    },
    "request": {
      "method": "POST",
      "url": "Claim"
    }
  }, {
    "fullUrl": "urn:uuid:9846fd48-2ff6-806c-1b4a-e1f5ee7f967a",
    "resource": {
      "resourceType": "Encounter",
      "id": "9846fd48-2ff6-806c-1b4a-e1f5ee7f967a",
      "status": "finished",
      "class": "ambulatory",
      "type": [ {
        "coding": [ {
          "system": "http://snomed.info/sct",
          "code": "410620009",
          "display": "Well child visit (procedure)"
        } ],
        "text": "Well child visit (procedure)"
      } ],
      "patient": {
        "reference": "urn:uuid:7515e739-9bcb-bbf5-92bc-67d5cc0c8028"
      },
      "participant": [ {
        "individual": {
          "reference": "Practitioner?identifier=http://hl7.org/fhir/sid/us-npi|9999941294",
          "display": "Dr. Maria750 Romaguera67"
        }
      } ],
      "period": {
        "start": "2024-03-16T17:04:37+00:00",
        "end": "2024-03-16T17:19:37+00:00"
      },
      "serviceProvider": {
        "reference": "Organization?identifier=https://github.com/synthetichealth/synthea|43f37d29-0bcb-3d84-b9c0-9ee4f2485ff2",
        "display": "TAG VIRTUAL WELLNESS LLC"
      }
    },
    "request": {
      "method": "POST",
      "url": "Encounter"
    }
  }, {
    "fullUrl": "urn:uuid:ff9e4d5b-aa6b-aee2-0bc3-c84cda207311",
    "resource": {
      "resourceType": "Observation",
      "id": "ff9e4d5b-aa6b-aee2-0bc3-c84cda207311",
      "status": "final",
      "category": {
        "coding": [ {
          "system": "http://hl7.org/fhir/observation-category",
          "code": "vital-signs",
          "display": "vital-signs"
        } ],
        "text": "vital-signs"
      },
      "code": {
        "coding": [ {
          "system": "http://loinc.org",
          "code": "8302-2",
          "display": "Body Height"
        } ],
        "text": "Body Height"
      },
      "subject": {
        "reference": "urn:uuid:7515e739-9bcb-bbf5-92bc-67d5cc0c8028"
      },
      "encounter": {
        "reference": "urn:uuid:9846fd48-2ff6-806c-1b4a-e1f5ee7f967a"
      },
      "effectiveDateTime": "2024-03-16T17:04:37+00:00",
      "issued": "2024-03-16T17:04:37.684+00:00",
      "valueQuantity": {
        "value": 66,
        "unit": "cm",
        "system": "http://unitsofmeasure.org",
        "code": "cm"
      }
    },
    "request": {
      "method": "POST",
      "url": "Observation"
    }
  }, {
    "fullUrl": "urn:uuid:08f27347-c5bc-fb28-5d78-ec33e8c71a25",
    "resource": {
      "resourceType": "Observation",
      "id": "08f27347-c5bc-fb28-5d78-ec33e8c71a25",
      "status": "final",
      "category": {
        "coding": [ {
          "system": "http://hl7.org/fhir/observation-category",
          "code": "vital-signs",
          "display": "vital-signs"
        } ],
        "text": "vital-signs"
      },
      "code": {
        "coding": [ {
          "system": "http://loinc.org",
          "code": "72514-3",
          "display": "Pain severity - 0-10 verbal numeric rating [Score] - Reported"
        } ],
        "text": "Pain severity - 0-10 verbal numeric rating [Score] - Reported"
      },
      "subject": {
        "reference": "urn:uuid:7515e739-9bcb-bbf5-92bc-67d5cc0c8028"
      },
      "encounter": {
        "reference": "urn:uuid:9846fd48-2ff6-806c-1b4a-e1f5ee7f967a"
      },
      "effectiveDateTime": "2024-03-16T17:04:37+00:00",
      "issued": "2024-03-16T17:04:37.684+00:00",
      "valueQuantity": {
        "value": 3,
        "unit": "{score}",
        "system": "http://unitsofmeasure.org",
        "code": "{score}"
      }
    },
    "request": {
      "method": "POST",
      "url": "Observation"
    }
  }, {
    "fullUrl": "urn:uuid:8caba53d-6653-b5cd-fbb7-2a8cdfd65b9b",
    "resource": {
      "resourceType": "Observation",
      "id": "8caba53d-6653-b5cd-fbb7-2a8cdfd65b9b",
      "status": "final",
      "category": {
        "coding": [ {
          "system": "http://hl7.org/fhir/observation-category",
          "code": "vital-signs",
          "display": "vital-signs"
        } ],
        "text": "vital-signs"
      },
      "code": {
        "coding": [ {
          "system": "http://loinc.org",
          "code": "29463-7",
          "display": "Body Weight"
        } ],
        "text": "Body Weight"
      },
      "subject": {
        "reference": "urn:uuid:7515e739-9bcb-bbf5-92bc-67d5cc0c8028"
      },
      "encounter": {
        "reference": "urn:uuid:9846fd48-2ff6-806c-1b4a-e1f5ee7f967a"
      },
      "effectiveDateTime": "2024-03-16T17:04:37+00:00",
      "issued": "2024-03-16T17:04:37.684+00:00",
      "valueQuantity": {
        "value": 7.6000,
        "unit": "kg",
        "system": "http://unitsofmeasure.org",
        "code": "kg"
      }
    },
    "request": {
      "method": "POST",
      "url": "Observation"
    }
  }, {
    "fullUrl": "urn:uuid:7c6e3620-7abc-c31e-4376-1e8633de45af",
    "resource": {
      "resourceType": "Observation",
      "id": "7c6e3620-7abc-c31e-4376-1e8633de45af",
      "status": "final",
      "category": {
        "coding": [ {
          "system": "http://hl7.org/fhir/observation-category",
          "code": "vital-signs",
          "display": "vital-signs"
        } ],
        "text": "vital-signs"
      },
      "code": {
        "coding": [ {
          "system": "http://loinc.org",
          "code": "77606-2",
          "display": "Weight-for-length Per age and sex"
        } ],
        "text": "Weight-for-length Per age and sex"
      },
      "subject": {
        "reference": "urn:uuid:7515e739-9bcb-bbf5-92bc-67d5cc0c8028"
      },
      "encounter": {
        "reference": "urn:uuid:9846fd48-2ff6-806c-1b4a-e1f5ee7f967a"
      },
      "effectiveDateTime": "2024-03-16T17:04:37+00:00",
      "issued": "2024-03-16T17:04:37.684+00:00",
      "valueQuantity": {
        "value": 59.227,
        "unit": "%",
        "system": "http://unitsofmeasure.org",
        "code": "%"
      }
    },
    "request": {
      "method": "POST",
      "url": "Observation"
    }
  }, {
    "fullUrl": "urn:uuid:d29fb01b-a2bc-fb60-9880-958cd397d644",
    "resource": {
      "resourceType": "Observation",
      "id": "d29fb01b-a2bc-fb60-9880-958cd397d644",
      "status": "final",
      "category": {
        "coding": [ {
          "system": "http://hl7.org/fhir/observation-category",
          "code": "vital-signs",
          "display": "vital-signs"
        } ],
        "text": "vital-signs"
      },
      "code": {
        "coding": [ {
          "system": "http://loinc.org",
          "code": "8289-1",
          "display": "Head Occipital-frontal circumference Percentile"
        } ],
        "text": "Head Occipital-frontal circumference Percentile"
      },
      "subject": {
        "reference": "urn:uuid:7515e739-9bcb-bbf5-92bc-67d5cc0c8028"
      },
      "encounter": {
        "reference": "urn:uuid:9846fd48-2ff6-806c-1b4a-e1f5ee7f967a"
      },
      "effectiveDateTime": "2024-03-16T17:04:37+00:00",
      "issued": "2024-03-16T17:04:37.684+00:00",
      "valueQuantity": {
        "value": 75.670,
        "unit": "%",
        "system": "http://unitsofmeasure.org",
        "code": "%"
      }
    },
    "request": {
      "method": "POST",
      "url": "Observation"
    }
  }, {
    "fullUrl": "urn:uuid:ab0035a2-3f84-dd8b-3334-af9da67e4c07",
    "resource": {
      "resourceType": "Observation",
      "id": "ab0035a2-3f84-dd8b-3334-af9da67e4c07",
      "status": "final",
      "category": {
        "coding": [ {
          "system": "http://hl7.org/fhir/observation-category",
          "code": "vital-signs",
          "display": "vital-signs"
        } ],
        "text": "vital-signs"
      },
      "code": {
        "coding": [ {
          "system": "http://loinc.org",
          "code": "9843-4",
          "display": "Head Occipital-frontal circumference"
        } ],
        "text": "Head Occipital-frontal circumference"
      },
      "subject": {
        "reference": "urn:uuid:7515e739-9bcb-bbf5-92bc-67d5cc0c8028"
      },
      "encounter": {
        "reference": "urn:uuid:9846fd48-2ff6-806c-1b4a-e1f5ee7f967a"
      },
      "effectiveDateTime": "2024-03-16T17:04:37+00:00",
      "issued": "2024-03-16T17:04:37.684+00:00",
      "valueQuantity": {
        "value": 43,
        "unit": "cm",
        "system": "http://unitsofmeasure.org",
        "code": "cm"
      }
    },
    "request": {
      "method": "POST",
      "url": "Observation"
    }
  }, {
    "fullUrl": "urn:uuid:09ea82e4-c109-2157-9237-134910b8a8f3",
    "resource": {
      "resourceType": "Observation",
      "id": "09ea82e4-c109-2157-9237-134910b8a8f3",
      "status": "final",
      "category": {
        "coding": [ {
          "system": "http://hl7.org/fhir/observation-category",
          "code": "vital-signs",
          "display": "vital-signs"
        } ],
        "text": "vital-signs"
      },
      "code": {
        "coding": [ {
          "system": "http://loinc.org",
          "code": "85354-9",
          "display": "Blood pressure panel with all children optional"
        } ],
        "text": "Blood pressure panel with all children optional"
      },
      "subject": {
        "reference": "urn:uuid:7515e739-9bcb-bbf5-92bc-67d5cc0c8028"
      },
      "encounter": {
        "reference": "urn:uuid:9846fd48-2ff6-806c-1b4a-e1f5ee7f967a"
      },
      "effectiveDateTime": "2024-03-16T17:04:37+00:00",
      "issued": "2024-03-16T17:04:37.684+00:00",
      "component": [ {
        "code": {
          "coding": [ {
            "system": "http://loinc.org",
            "code": "8462-4",
            "display": "Diastolic Blood Pressure"
          } ],
          "text": "Diastolic Blood Pressure"
        },
        "valueQuantity": {
          "value": 67,
          "unit": "mm[Hg]",
          "system": "http://unitsofmeasure.org",
          "code": "mm[Hg]"
        }
      }, {
        "code": {
          "coding": [ {
            "system": "http://loinc.org",
            "code": "8480-6",
            "display": "Systolic Blood Pressure"
          } ],
          "text": "Systolic Blood Pressure"
        },
        "valueQuantity": {
          "value": 111,
          "unit": "mm[Hg]",
          "system": "http://unitsofmeasure.org",
          "code": "mm[Hg]"
        }
      } ]
    },
    "request": {
      "method": "POST",
      "url": "Observation"
    }
  }, {
    "fullUrl": "urn:uuid:ee121483-3dc7-ee8f-5adf-e10b196459b5",
    "resource": {
      "resourceType": "Observation",
      "id": "ee121483-3dc7-ee8f-5adf-e10b196459b5",
      "status": "final",
      "category": {
        "coding": [ {
          "system": "http://hl7.org/fhir/observation-category",
          "code": "vital-signs",
          "display": "vital-signs"
        } ],
        "text": "vital-signs"
      },
      "code": {
        "coding": [ {
          "system": "http://loinc.org",
          "code": "8867-4",
          "display": "Heart rate"
        } ],
        "text": "Heart rate"
      },
      "subject": {
        "reference": "urn:uuid:7515e739-9bcb-bbf5-92bc-67d5cc0c8028"
      },
      "encounter": {
        "reference": "urn:uuid:9846fd48-2ff6-806c-1b4a-e1f5ee7f967a"
      },
      "effectiveDateTime": "2024-03-16T17:04:37+00:00",
      "issued": "2024-03-16T17:04:37.684+00:00",
      "valueQuantity": {
        "value": 76,
        "unit": "/min",
        "system": "http://unitsofmeasure.org",
        "code": "/min"
      }
    },
    "request": {
      "method": "POST",
      "url": "Observation"
    }
  }, {
    "fullUrl": "urn:uuid:7aa2e4a0-c9ac-ac4a-84a2-0caa0368fece",
    "resource": {
      "resourceType": "Observation",
      "id": "7aa2e4a0-c9ac-ac4a-84a2-0caa0368fece",
      "status": "final",
      "category": {
        "coding": [ {
          "system": "http://hl7.org/fhir/observation-category",
          "code": "vital-signs",
          "display": "vital-signs"
        } ],
        "text": "vital-signs"
      },
      "code": {
        "coding": [ {
          "system": "http://loinc.org",
          "code": "9279-1",
          "display": "Respiratory rate"
        } ],
        "text": "Respiratory rate"
      },
      "subject": {
        "reference": "urn:uuid:7515e739-9bcb-bbf5-92bc-67d5cc0c8028"
      },
      "encounter": {
        "reference": "urn:uuid:9846fd48-2ff6-806c-1b4a-e1f5ee7f967a"
      },
      "effectiveDateTime": "2024-03-16T17:04:37+00:00",
      "issued": "2024-03-16T17:04:37.684+00:00",
      "valueQuantity": {
        "value": 14,
        "unit": "/min",
        "system": "http://unitsofmeasure.org",
        "code": "/min"
      }
    },
    "request": {
      "method": "POST",
      "url": "Observation"
    }
  }, {
    "fullUrl": "urn:uuid:caa8d4e7-b4af-c7c0-ce32-2e48c9003753",
    "resource": {
      "resourceType": "Observation",
      "id": "caa8d4e7-b4af-c7c0-ce32-2e48c9003753",
      "status": "final",
      "category": {
        "coding": [ {
          "system": "http://hl7.org/fhir/observation-category",
          "code": "social-history",
          "display": "social-history"
        } ],
        "text": "social-history"
      },
      "code": {
        "coding": [ {
          "system": "http://loinc.org",
          "code": "72166-2",
          "display": "Tobacco smoking status"
        } ],
        "text": "Tobacco smoking status"
      },
      "subject": {
        "reference": "urn:uuid:7515e739-9bcb-bbf5-92bc-67d5cc0c8028"
      },
      "encounter": {
        "reference": "urn:uuid:9846fd48-2ff6-806c-1b4a-e1f5ee7f967a"
      },
      "effectiveDateTime": "2024-03-16T17:04:37+00:00",
      "issued": "2024-03-16T17:04:37.684+00:00",
      "valueCodeableConcept": {
        "coding": [ {
          "system": "http://snomed.info/sct",
          "code": "266919005",
          "display": "Never smoked tobacco (finding)"
        } ],
        "text": "Never smoked tobacco (finding)"
      }
    },
    "request": {
      "method": "POST",
      "url": "Observation"
    }
  }, {
    "fullUrl": "urn:uuid:ff2e7b8f-19cf-63d0-5a4c-a17220fb28bb",
    "resource": {
      "resourceType": "Immunization",
      "id": "ff2e7b8f-19cf-63d0-5a4c-a17220fb28bb",
      "status": "completed",
      "date": "2024-03-16T17:04:37+00:00",
      "vaccineCode": {
        "coding": [ {
          "system": "http://hl7.org/fhir/sid/cvx",
          "code": "49",
          "display": "Hib (PRP-OMP)"
        } ],
        "text": "Hib (PRP-OMP)"
      },
      "patient": {
        "reference": "urn:uuid:7515e739-9bcb-bbf5-92bc-67d5cc0c8028"
      },
      "wasNotGiven": false,
      "reported": false,
      "encounter": {
        "reference": "urn:uuid:9846fd48-2ff6-806c-1b4a-e1f5ee7f967a"
      }
    },
    "request": {
      "method": "POST",
      "url": "Immunization"
    }
  }, {
    "fullUrl": "urn:uuid:ed75cc50-50fb-c353-6c28-89051aa8e34b",
    "resource": {
      "resourceType": "Immunization",
      "id": "ed75cc50-50fb-c353-6c28-89051aa8e34b",
      "status": "completed",
      "date": "2024-03-16T17:04:37+00:00",
      "vaccineCode": {
        "coding": [ {
          "system": "http://hl7.org/fhir/sid/cvx",
          "code": "119",
          "display": "rotavirus, monovalent"
        } ],
        "text": "rotavirus, monovalent"
      },
      "patient": {
        "reference": "urn:uuid:7515e739-9bcb-bbf5-92bc-67d5cc0c8028"
      },
      "wasNotGiven": false,
      "reported": false,
      "encounter": {
        "reference": "urn:uuid:9846fd48-2ff6-806c-1b4a-e1f5ee7f967a"
      }
    },
    "request": {
      "method": "POST",
      "url": "Immunization"
    }
  }, {
    "fullUrl": "urn:uuid:372fda98-d77b-797e-4348-7f58b7fd4ff6",
    "resource": {
      "resourceType": "Immunization",
      "id": "372fda98-d77b-797e-4348-7f58b7fd4ff6",
      "status": "completed",
      "date": "2024-03-16T17:04:37+00:00",
      "vaccineCode": {
        "coding": [ {
          "system": "http://hl7.org/fhir/sid/cvx",
          "code": "10",
          "display": "IPV"
        } ],
        "text": "IPV"
      },
      "patient": {
        "reference": "urn:uuid:7515e739-9bcb-bbf5-92bc-67d5cc0c8028"
      },
      "wasNotGiven": false,
      "reported": false,
      "encounter": {
        "reference": "urn:uuid:9846fd48-2ff6-806c-1b4a-e1f5ee7f967a"
      }
    },
    "request": {
      "method": "POST",
      "url": "Immunization"
    }
  }, {
    "fullUrl": "urn:uuid:072938fc-e21a-9c7b-9825-d7204e4caf53",
    "resource": {
      "resourceType": "Immunization",
      "id": "072938fc-e21a-9c7b-9825-d7204e4caf53",
      "status": "completed",
      "date": "2024-03-16T17:04:37+00:00",
      "vaccineCode": {
        "coding": [ {
          "system": "http://hl7.org/fhir/sid/cvx",
          "code": "20",
          "display": "DTaP"
        } ],
        "text": "DTaP"
      },
      "patient": {
        "reference": "urn:uuid:7515e739-9bcb-bbf5-92bc-67d5cc0c8028"
      },
      "wasNotGiven": false,
      "reported": false,
      "encounter": {
        "reference": "urn:uuid:9846fd48-2ff6-806c-1b4a-e1f5ee7f967a"
      }
    },
    "request": {
      "method": "POST",
      "url": "Immunization"
    }
  }, {
    "fullUrl": "urn:uuid:93c3489b-6d4b-1c1a-794c-1f7cab09f0d9",
    "resource": {
      "resourceType": "Immunization",
      "id": "93c3489b-6d4b-1c1a-794c-1f7cab09f0d9",
      "status": "completed",
      "date": "2024-03-16T17:04:37+00:00",
      "vaccineCode": {
        "coding": [ {
          "system": "http://hl7.org/fhir/sid/cvx",
          "code": "133",
          "display": "Pneumococcal conjugate PCV 13"
        } ],
        "text": "Pneumococcal conjugate PCV 13"
      },
      "patient": {
        "reference": "urn:uuid:7515e739-9bcb-bbf5-92bc-67d5cc0c8028"
      },
      "wasNotGiven": false,
      "reported": false,
      "encounter": {
        "reference": "urn:uuid:9846fd48-2ff6-806c-1b4a-e1f5ee7f967a"
      }
    },
    "request": {
      "method": "POST",
      "url": "Immunization"
    }
  }, {
    "fullUrl": "urn:uuid:52433fc8-5645-21ff-1b2e-a8aad91075e9",
    "resource": {
      "resourceType": "Claim",
      "id": "52433fc8-5645-21ff-1b2e-a8aad91075e9",
      "type": "institutional",
      "organization": {
        "reference": "Organization?identifier=https://github.com/synthetichealth/synthea|43f37d29-0bcb-3d84-b9c0-9ee4f2485ff2",
        "display": "TAG VIRTUAL WELLNESS LLC"
      },
      "use": "complete",
      "patient": {
        "reference": "urn:uuid:7515e739-9bcb-bbf5-92bc-67d5cc0c8028"
      },
      "item": [ {
        "sequence": 1,
        "type": {
          "system": "http://hl7.org/fhir/v3/ActCode",
          "code": "CSINV",
          "display": "clinical service invoice"
        },
        "service": {
          "system": "http://snomed.info/sct",
          "code": "410620009",
          "display": "Well child visit (procedure)"
        }
      }, {
        "sequence": 2,
        "type": {
          "system": "http://hl7.org/fhir/v3/ActCode",
          "code": "CSINV",
          "display": "clinical service invoice"
        },
        "service": {
          "system": "http://hl7.org/fhir/sid/cvx",
          "code": "49",
          "display": "Hib (PRP-OMP)"
        },
        "net": {
          "value": 136.00,
          "system": "urn:iso:std:iso:4217",
          "code": "USD"
        }
      }, {
        "sequence": 3,
        "type": {
          "system": "http://hl7.org/fhir/v3/ActCode",
          "code": "CSINV",
          "display": "clinical service invoice"
        },
        "service": {
          "system": "http://hl7.org/fhir/sid/cvx",
          "code": "119",
          "display": "rotavirus, monovalent"
        },
        "net": {
          "value": 136.00,
          "system": "urn:iso:std:iso:4217",
          "code": "USD"
        }
      }, {
        "sequence": 4,
        "type": {
          "system": "http://hl7.org/fhir/v3/ActCode",
          "code": "CSINV",
          "display": "clinical service invoice"
        },
        "service": {
          "system": "http://hl7.org/fhir/sid/cvx",
          "code": "10",
          "display": "IPV"
        },
        "net": {
          "value": 136.00,
          "system": "urn:iso:std:iso:4217",
          "code": "USD"
        }
      }, {
        "sequence": 5,
        "type": {
          "system": "http://hl7.org/fhir/v3/ActCode",
          "code": "CSINV",
          "display": "clinical service invoice"
        },
        "service": {
          "system": "http://hl7.org/fhir/sid/cvx",
          "code": "20",
          "display": "DTaP"
        },
        "net": {
          "value": 136.00,
          "system": "urn:iso:std:iso:4217",
          "code": "USD"
        }
      }, {
        "sequence": 6,
        "type": {
          "system": "http://hl7.org/fhir/v3/ActCode",
          "code": "CSINV",
          "display": "clinical service invoice"
        },
        "service": {
          "system": "http://hl7.org/fhir/sid/cvx",
          "code": "133",
          "display": "Pneumococcal conjugate PCV 13"
        },
        "net": {
          "value": 136.00,
          "system": "urn:iso:std:iso:4217",
          "code": "USD"
        }
      } ]
    },
    "request": {
      "method": "POST",
      "url": "Claim"
    }
  } ]
}
