{
  "resourceType": "Bundle",
  "type": "transaction",
  "entry": [ {
    "fullUrl": "urn:uuid:44ab43e4-62ce-aa80-de44-b92ce9a116cc",
    "resource": {
      "resourceType": "Patient",
      "id": "44ab43e4-62ce-aa80-de44-b92ce9a116cc",
      "text": {
        "status": "generated",
        "div": "<div xmlns=\"http://www.w3.org/1999/xhtml\">Generated by <a href=\"https://github.com/synthetichealth/synthea\">Synthea</a>.Version identifier: 7187764\n .   Person seed: 4948123263785937536  Population seed: 1764786987259</div>"
      },
      "extension": [ {
        "url": "http://hl7.org/fhir/StructureDefinition/us-core-race",
        "valueCodeableConcept": {
          "coding": [ {
            "system": "http://hl7.org/fhir/v3/Race",
            "code": "2106-3",
            "display": "White"
          } ],
          "text": "White"
        }
      }, {
        "url": "http://hl7.org/fhir/StructureDefinition/us-core-ethnicity",
        "valueCodeableConcept": {
          "coding": [ {
            "system": "http://hl7.org/fhir/v3/Ethnicity",
            "code": "2186-5",
            "display": "Not Hispanic or Latino"
          } ],
          "text": "Not Hispanic or Latino"
        }
      }, {
        "url": "http://hl7.org/fhir/StructureDefinition/patient-mothersMaidenName",
        "valueString": "Pamela954 Ziemann98"
      }, {
        "url": "http://hl7.org/fhir/us/core/StructureDefinition/us-core-birthsex",
        "valueCode": "F"
      }, {
        "url": "http://hl7.org/fhir/StructureDefinition/birthPlace",
        "valueAddress": {
          "city": "Newton",
          "state": "Massachusetts",
          "country": "US"
        }
      }, {
        "url": "http://synthetichealth.github.io/synthea/disability-adjusted-life-years",
        "valueDecimal": 0.0
      }, {
        "url": "http://synthetichealth.github.io/synthea/quality-adjusted-life-years",
        "valueDecimal": 0.0
      } ],
      "identifier": [ {
        "system": "https://github.com/synthetichealth/synthea",
        "value": "44ab43e4-62ce-aa80-de44-b92ce9a116cc"
      }, {
        "type": {
          "coding": [ {
            "system": "http://hl7.org/fhir/v2/0203",
            "code": "MR"
          } ]
        },
        "system": "http://hospital.smarthealthit.org",
        "value": "44ab43e4-62ce-aa80-de44-b92ce9a116cc"
      }, {
        "type": {
          "coding": [ {
            "system": "http://hl7.org/fhir/identifier-type",
            "code": "SB"
          } ]
        },
        "system": "http://hl7.org/fhir/sid/us-ssn",
        "value": "999-73-1466"
      } ],
      "name": [ {
        "use": "official",
        "family": [ "Hills818" ],
        "given": [ "Jill895", "Madalene903" ]
      } ],
      "telecom": [ {
        "system": "phone",
        "value": "555-391-3870",
        "use": "home"
      } ],
      "gender": "female",
      "birthDate": "2025-08-23",
      "address": [ {
        "extension": [ {
          "url": "http://hl7.org/fhir/StructureDefinition/geolocation",
          "extension": [ {
            "url": "latitude",
            "valueDecimal": 42.538887907472606
          }, {
            "url": "longitude",
            "valueDecimal": -71.11242841520955
          } ]
        } ],
        "line": [ "820 Casper Skyway" ],
        "city": "Wakefield",
        "state": "Massachusetts",
        "postalCode": "01880",
        "country": "US"
      } ],
      "maritalStatus": {
        "coding": [ {
          "system": "http://hl7.org/fhir/v3/MaritalStatus",
          "code": "S"
        } ]
      },
      "multipleBirthInteger": 1,
      "communication": [ {
        "language": {
          "coding": [ {
            "system": "urn:ietf:bcp:47",
            "code": "en-US",
            "display": "English (United States)"
          } ],
          "text": "English (United States)"
        }
      } ]
    },
    "request": {
      "method": "POST",
      "url": "Patient"
    }
  }, {
    "fullUrl": "urn:uuid:44ab43e4-62ce-aa80-f5c9-2e8965a90138",
    "resource": {
      "resourceType": "Encounter",
      "id": "44ab43e4-62ce-aa80-f5c9-2e8965a90138",
      "status": "finished",
      "class": "ambulatory",
      "type": [ {
        "coding": [ {
          "system": "http://snomed.info/sct",
          "code": "410620009",
          "display": "Well child visit (procedure)"
        } ],
        "text": "Well child visit (procedure)"
      } ],
      "patient": {
        "reference": "urn:uuid:44ab43e4-62ce-aa80-de44-b92ce9a116cc"
      },
      "participant": [ {
        "individual": {
          "reference": "Practitioner?identifier=http://hl7.org/fhir/sid/us-npi|9999959692",
          "display": "Dr. Audra143 Beatty507"
        }
      } ],
      "period": {
        "start": "2025-08-23T07:06:36+00:00",
        "end": "2025-08-23T07:21:36+00:00"
      },
      "serviceProvider": {
        "reference": "Organization?identifier=https://github.com/synthetichealth/synthea|7b95b4ab-5bb6-3abc-b0e5-02689f84228d",
        "display": "READING INTERNAL MEDICINE ASSOCIATES INC"
      }
    },
    "request": {
      "method": "POST",
      "url": "Encounter"
    }
  }, {
    "fullUrl": "urn:uuid:44ab43e4-62ce-aa80-ba9d-d7b63a2eb525",
    "resource": {
      "resourceType": "Condition",
      "id": "44ab43e4-62ce-aa80-ba9d-d7b63a2eb525",
      "patient": {
        "reference": "urn:uuid:44ab43e4-62ce-aa80-de44-b92ce9a116cc"
      },
      "encounter": {
        "reference": "urn:uuid:44ab43e4-62ce-aa80-f5c9-2e8965a90138"
      },
      "dateRecorded": "2025-08-23",
      "code": {
        "coding": [ {
          "system": "http://snomed.info/sct",
          "code": "314529007",
          "display": "Medication review due (situation)"
        } ],
        "text": "Medication review due (situation)"
      },
      "category": {
        "coding": [ {
          "system": "http://hl7.org/fhir/condition-category",
          "code": "diagnosis"
        } ]
      },
      "clinicalStatus": "resolved",
      "verificationStatus": "confirmed",
      "onsetDateTime": "2025-08-23T07:06:36+00:00",
      "abatementDateTime": "2025-09-27T07:06:36+00:00"
    },
    "request": {
      "method": "POST",
      "url": "Condition"
    }
  }, {
    "fullUrl": "urn:uuid:44ab43e4-62ce-aa80-d746-54ac84013e48",
    "resource": {
      "resourceType": "Observation",
      "id": "44ab43e4-62ce-aa80-d746-54ac84013e48",
      "status": "final",
      "category": {
        "coding": [ {
          "system": "http://hl7.org/fhir/observation-category",
          "code": "vital-signs",
          "display": "vital-signs"
        } ],
        "text": "vital-signs"
      },
      "code": {
        "coding": [ {
          "system": "http://loinc.org",
          "code": "8302-2",
          "display": "Body Height"
        } ],
        "text": "Body Height"
      },
      "subject": {
        "reference": "urn:uuid:44ab43e4-62ce-aa80-de44-b92ce9a116cc"
      },
      "encounter": {
        "reference": "urn:uuid:44ab43e4-62ce-aa80-f5c9-2e8965a90138"
      },
      "effectiveDateTime": "2025-08-23T07:06:36+00:00",
      "issued": "2025-08-23T07:06:36.459+00:00",
      "valueQuantity": {
        "value": 54.100,
        "unit": "cm",
        "system": "http://unitsofmeasure.org",
        "code": "cm"
      }
    },
    "request": {
      "method": "POST",
      "url": "Observation"
    }
  }, {
    "fullUrl": "urn:uuid:44ab43e4-62ce-aa80-3524-012a4c097bc4",
    "resource": {
      "resourceType": "Observation",
      "id": "44ab43e4-62ce-aa80-3524-012a4c097bc4",
      "status": "final",
      "category": {
        "coding": [ {
          "system": "http://hl7.org/fhir/observation-category",
          "code": "vital-signs",
          "display": "vital-signs"
        } ],
        "text": "vital-signs"
      },
      "code": {
        "coding": [ {
          "system": "http://loinc.org",
          "code": "72514-3",
          "display": "Pain severity - 0-10 verbal numeric rating [Score] - Reported"
        } ],
        "text": "Pain severity - 0-10 verbal numeric rating [Score] - Reported"
      },
      "subject": {
        "reference": "urn:uuid:44ab43e4-62ce-aa80-de44-b92ce9a116cc"
      },
      "encounter": {
        "reference": "urn:uuid:44ab43e4-62ce-aa80-f5c9-2e8965a90138"
      },
      "effectiveDateTime": "2025-08-23T07:06:36+00:00",
      "issued": "2025-08-23T07:06:36.459+00:00",
      "valueQuantity": {
        "value": 2,
        "unit": "{score}",
        "system": "http://unitsofmeasure.org",
        "code": "{score}"
      }
    },
    "request": {
      "method": "POST",
      "url": "Observation"
    }
  }, {
    "fullUrl": "urn:uuid:44ab43e4-62ce-aa80-27cc-8d516e6fd370",
    "resource": {
      "resourceType": "Observation",
      "id": "44ab43e4-62ce-aa80-27cc-8d516e6fd370",
      "status": "final",
      "category": {
        "coding": [ {
          "system": "http://hl7.org/fhir/observation-category",
          "code": "vital-signs",
          "display": "vital-signs"
        } ],
        "text": "vital-signs"
      },
      "code": {
        "coding": [ {
          "system": "http://loinc.org",
          "code": "29463-7",
          "display": "Body Weight"
        } ],
        "text": "Body Weight"
      },
      "subject": {
        "reference": "urn:uuid:44ab43e4-62ce-aa80-de44-b92ce9a116cc"
      },
      "encounter": {
        "reference": "urn:uuid:44ab43e4-62ce-aa80-f5c9-2e8965a90138"
      },
      "effectiveDateTime": "2025-08-23T07:06:36+00:00",
      "issued": "2025-08-23T07:06:36.459+00:00",
      "valueQuantity": {
        "value": 4.4000,
        "unit": "kg",
        "system": "http://unitsofmeasure.org",
        "code": "kg"
      }
    },
    "request": {
      "method": "POST",
      "url": "Observation"
    }
  }, {
    "fullUrl": "urn:uuid:44ab43e4-62ce-aa80-37b0-48ef20968599",
    "resource": {
      "resourceType": "Observation",
      "id": "44ab43e4-62ce-aa80-37b0-48ef20968599",
      "status": "final",
      "category": {
        "coding": [ {
          "system": "http://hl7.org/fhir/observation-category",
          "code": "vital-signs",
          "display": "vital-signs"
        } ],
        "text": "vital-signs"
      },
      "code": {
        "coding": [ {
          "system": "http://loinc.org",
          "code": "77606-2",
          "display": "Weight-for-length Per age and sex"
        } ],
        "text": "Weight-for-length Per age and sex"
      },
      "subject": {
        "reference": "urn:uuid:44ab43e4-62ce-aa80-de44-b92ce9a116cc"
      },
      "encounter": {
        "reference": "urn:uuid:44ab43e4-62ce-aa80-f5c9-2e8965a90138"
      },
      "effectiveDateTime": "2025-08-23T07:06:36+00:00",
      "issued": "2025-08-23T07:06:36.459+00:00",
      "valueQuantity": {
        "value": 45.502,
        "unit": "%",
        "system": "http://unitsofmeasure.org",
        "code": "%"
      }
    },
    "request": {
      "method": "POST",
      "url": "Observation"
    }
  }, {
    "fullUrl": "urn:uuid:44ab43e4-62ce-aa80-498c-7cca725242a5",
    "resource": {
      "resourceType": "Observation",
      "id": "44ab43e4-62ce-aa80-498c-7cca725242a5",
      "status": "final",
      "category": {
        "coding": [ {
          "system": "http://hl7.org/fhir/observation-category",
          "code": "vital-signs",
          "display": "vital-signs"
        } ],
        "text": "vital-signs"
      },
      "code": {
        "coding": [ {
          "system": "http://loinc.org",
          "code": "8289-1",
          "display": "Head Occipital-frontal circumference Percentile"
        } ],
        "text": "Head Occipital-frontal circumference Percentile"
      },
      "subject": {
        "reference": "urn:uuid:44ab43e4-62ce-aa80-de44-b92ce9a116cc"
      },
      "encounter": {
        "reference": "urn:uuid:44ab43e4-62ce-aa80-f5c9-2e8965a90138"
      },
      "effectiveDateTime": "2025-08-23T07:06:36+00:00",
      "issued": "2025-08-23T07:06:36.459+00:00",
      "valueQuantity": {
        "value": 85.730,
        "unit": "%",
        "system": "http://unitsofmeasure.org",
        "code": "%"
      }
    },
    "request": {
      "method": "POST",
      "url": "Observation"
    }
  }, {
    "fullUrl": "urn:uuid:44ab43e4-62ce-aa80-b505-fdbd76d9c303",
    "resource": {
      "resourceType": "Observation",
      "id": "44ab43e4-62ce-aa80-b505-fdbd76d9c303",
      "status": "final",
      "category": {
        "coding": [ {
          "system": "http://hl7.org/fhir/observation-category",
          "code": "vital-signs",
          "display": "vital-signs"
        } ],
        "text": "vital-signs"
      },
      "code": {
        "coding": [ {
          "system": "http://loinc.org",
          "code": "9843-4",
          "display": "Head Occipital-frontal circumference"
        } ],
        "text": "Head Occipital-frontal circumference"
      },
      "subject": {
        "reference": "urn:uuid:44ab43e4-62ce-aa80-de44-b92ce9a116cc"
      },
      "encounter": {
        "reference": "urn:uuid:44ab43e4-62ce-aa80-f5c9-2e8965a90138"
      },
      "effectiveDateTime": "2025-08-23T07:06:36+00:00",
      "issued": "2025-08-23T07:06:36.459+00:00",
      "valueQuantity": {
        "value": 36.560,
        "unit": "cm",
        "system": "http://unitsofmeasure.org",
        "code": "cm"
      }
    },
    "request": {
      "method": "POST",
      "url": "Observation"
    }
  }, {
    "fullUrl": "urn:uuid:44ab43e4-62ce-aa80-00b9-9dde21902be2",
    "resource": {
      "resourceType": "Observation",
      "id": "44ab43e4-62ce-aa80-00b9-9dde21902be2",
      "status": "final",
      "category": {
        "coding": [ {
          "system": "http://hl7.org/fhir/observation-category",
          "code": "vital-signs",
          "display": "vital-signs"
        } ],
        "text": "vital-signs"
      },
      "code": {
        "coding": [ {
          "system": "http://loinc.org",
          "code": "85354-9",
          "display": "Blood pressure panel with all children optional"
        } ],
        "text": "Blood pressure panel with all children optional"
      },
      "subject": {
        "reference": "urn:uuid:44ab43e4-62ce-aa80-de44-b92ce9a116cc"
      },
      "encounter": {
        "reference": "urn:uuid:44ab43e4-62ce-aa80-f5c9-2e8965a90138"
      },
      "effectiveDateTime": "2025-08-23T07:06:36+00:00",
      "issued": "2025-08-23T07:06:36.459+00:00",
      "component": [ {
        "code": {
          "coding": [ {
            "system": "http://loinc.org",
            "code": "8462-4",
            "display": "Diastolic Blood Pressure"
          } ],
          "text": "Diastolic Blood Pressure"
        },
        "valueQuantity": {
          "value": 86,
          "unit": "mm[Hg]",
          "system": "http://unitsofmeasure.org",
          "code": "mm[Hg]"
        }
      }, {
        "code": {
          "coding": [ {
            "system": "http://loinc.org",
            "code": "8480-6",
            "display": "Systolic Blood Pressure"
          } ],
          "text": "Systolic Blood Pressure"
        },
        "valueQuantity": {
          "value": 124,
          "unit": "mm[Hg]",
          "system": "http://unitsofmeasure.org",
          "code": "mm[Hg]"
        }
      } ]
    },
    "request": {
      "method": "POST",
      "url": "Observation"
    }
  }, {
    "fullUrl": "urn:uuid:44ab43e4-62ce-aa80-e62b-b59ea488a302",
    "resource": {
      "resourceType": "Observation",
      "id": "44ab43e4-62ce-aa80-e62b-b59ea488a302",
      "status": "final",
      "category": {
        "coding": [ {
          "system": "http://hl7.org/fhir/observation-category",
          "code": "vital-signs",
          "display": "vital-signs"
        } ],
        "text": "vital-signs"
      },
      "code": {
        "coding": [ {
          "system": "http://loinc.org",
          "code": "8867-4",
          "display": "Heart rate"
        } ],
        "text": "Heart rate"
      },
      "subject": {
        "reference": "urn:uuid:44ab43e4-62ce-aa80-de44-b92ce9a116cc"
      },
      "encounter": {
        "reference": "urn:uuid:44ab43e4-62ce-aa80-f5c9-2e8965a90138"
      },
      "effectiveDateTime": "2025-08-23T07:06:36+00:00",
      "issued": "2025-08-23T07:06:36.459+00:00",
      "valueQuantity": {
        "value": 72,
        "unit": "/min",
        "system": "http://unitsofmeasure.org",
        "code": "/min"
      }
    },
    "request": {
      "method": "POST",
      "url": "Observation"
    }
  }, {
    "fullUrl": "urn:uuid:44ab43e4-62ce-aa80-c87a-ad20eae2435d",
    "resource": {
      "resourceType": "Observation",
      "id": "44ab43e4-62ce-aa80-c87a-ad20eae2435d",
      "status": "final",
      "category": {
        "coding": [ {
          "system": "http://hl7.org/fhir/observation-category",
          "code": "vital-signs",
          "display": "vital-signs"
        } ],
        "text": "vital-signs"
      },
      "code": {
        "coding": [ {
          "system": "http://loinc.org",
          "code": "9279-1",
          "display": "Respiratory rate"
        } ],
        "text": "Respiratory rate"
      },
      "subject": {
        "reference": "urn:uuid:44ab43e4-62ce-aa80-de44-b92ce9a116cc"
      },
      "encounter": {
        "reference": "urn:uuid:44ab43e4-62ce-aa80-f5c9-2e8965a90138"
      },
      "effectiveDateTime": "2025-08-23T07:06:36+00:00",
      "issued": "2025-08-23T07:06:36.459+00:00",
      "valueQuantity": {
        "value": 13,
        "unit": "/min",
        "system": "http://unitsofmeasure.org",
        "code": "/min"
      }
    },
    "request": {
      "method": "POST",
      "url": "Observation"
    }
  }, {
    "fullUrl": "urn:uuid:44ab43e4-62ce-aa80-a08b-abb3bbc4e362",
    "resource": {
      "resourceType": "Observation",
      "id": "44ab43e4-62ce-aa80-a08b-abb3bbc4e362",
      "status": "final",
      "category": {
        "coding": [ {
          "system": "http://hl7.org/fhir/observation-category",
          "code": "laboratory",
          "display": "laboratory"
        } ],
        "text": "laboratory"
      },
      "code": {
        "coding": [ {
          "system": "http://loinc.org",
          "code": "6690-2",
          "display": "Leukocytes [#/volume] in Blood by Automated count"
        } ],
        "text": "Leukocytes [#/volume] in Blood by Automated count"
      },
      "subject": {
        "reference": "urn:uuid:44ab43e4-62ce-aa80-de44-b92ce9a116cc"
      },
      "encounter": {
        "reference": "urn:uuid:44ab43e4-62ce-aa80-f5c9-2e8965a90138"
      },
      "effectiveDateTime": "2025-08-23T07:06:36+00:00",
      "issued": "2025-08-23T07:06:36.459+00:00",
      "valueQuantity": {
        "value": 10.329,
        "unit": "10*3/uL",
        "system": "http://unitsofmeasure.org",
        "code": "10*3/uL"
      }
    },
    "request": {
      "method": "POST",
      "url": "Observation"
    }
  }, {
    "fullUrl": "urn:uuid:44ab43e4-62ce-aa80-3e1a-8cff455f7715",
    "resource": {
      "resourceType": "Observation",
      "id": "44ab43e4-62ce-aa80-3e1a-8cff455f7715",
      "status": "final",
      "category": {
        "coding": [ {
          "system": "http://hl7.org/fhir/observation-category",
          "code": "laboratory",
          "display": "laboratory"
        } ],
        "text": "laboratory"
      },
      "code": {
        "coding": [ {
          "system": "http://loinc.org",
          "code": "789-8",
          "display": "Erythrocytes [#/volume] in Blood by Automated count"
        } ],
        "text": "Erythrocytes [#/volume] in Blood by Automated count"
      },
      "subject": {
        "reference": "urn:uuid:44ab43e4-62ce-aa80-de44-b92ce9a116cc"
      },
      "encounter": {
        "reference": "urn:uuid:44ab43e4-62ce-aa80-f5c9-2e8965a90138"
      },
      "effectiveDateTime": "2025-08-23T07:06:36+00:00",
      "issued": "2025-08-23T07:06:36.459+00:00",
      "valueQuantity": {
        "value": 3.9593,
        "unit": "10*6/uL",
        "system": "http://unitsofmeasure.org",
        "code": "10*6/uL"
      }
    },
    "request": {
      "method": "POST",
      "url": "Observation"
    }
  }, {
    "fullUrl": "urn:uuid:44ab43e4-62ce-aa80-91b2-eb81ecb428f0",
    "resource": {
      "resourceType": "Observation",
      "id": "44ab43e4-62ce-aa80-91b2-eb81ecb428f0",
      "status": "final",
      "category": {
        "coding": [ {
          "system": "http://hl7.org/fhir/observation-category",
          "code": "laboratory",
          "display": "laboratory"
        } ],
        "text": "laboratory"
      },
      "code": {
        "coding": [ {
          "system": "http://loinc.org",
          "code": "718-7",
          "display": "Hemoglobin [Mass/volume] in Blood"
        } ],
        "text": "Hemoglobin [Mass/volume] in Blood"
      },
      "subject": {
        "reference": "urn:uuid:44ab43e4-62ce-aa80-de44-b92ce9a116cc"
      },
      "encounter": {
        "reference": "urn:uuid:44ab43e4-62ce-aa80-f5c9-2e8965a90138"
      },
      "effectiveDateTime": "2025-08-23T07:06:36+00:00",
      "issued": "2025-08-23T07:06:36.459+00:00",
      "valueQuantity": {
        "value": 15.712,
        "unit": "g/dL",
        "system": "http://unitsofmeasure.org",
        "code": "g/dL"
      }
    },
    "request": {
      "method": "POST",
      "url": "Observation"
    }
  }, {
    "fullUrl": "urn:uuid:44ab43e4-62ce-aa80-8147-8a53d4f21c2a",
    "resource": {
      "resourceType": "Observation",
      "id": "44ab43e4-62ce-aa80-8147-8a53d4f21c2a",
      "status": "final",
      "category": {
        "coding": [ {
          "system": "http://hl7.org/fhir/observation-category",
          "code": "laboratory",
          "display": "laboratory"
        } ],
        "text": "laboratory"
      },
      "code": {
        "coding": [ {
          "system": "http://loinc.org",
          "code": "4544-3",
          "display": "Hematocrit [Volume Fraction] of Blood by Automated count"
        } ],
        "text": "Hematocrit [Volume Fraction] of Blood by Automated count"
      },
      "subject": {
        "reference": "urn:uuid:44ab43e4-62ce-aa80-de44-b92ce9a116cc"
      },
      "encounter": {
        "reference": "urn:uuid:44ab43e4-62ce-aa80-f5c9-2e8965a90138"
      },
      "effectiveDateTime": "2025-08-23T07:06:36+00:00",
      "issued": "2025-08-23T07:06:36.459+00:00",
      "valueQuantity": {
        "value": 44.233,
        "unit": "%",
        "system": "http://unitsofmeasure.org",
        "code": "%"
      }
    },
    "request": {
      "method": "POST",
      "url": "Observation"
    }
  }, {
    "fullUrl": "urn:uuid:44ab43e4-62ce-aa80-7dcc-bd7b515f507f",
    "resource": {
      "resourceType": "Observation",
      "id": "44ab43e4-62ce-aa80-7dcc-bd7b515f507f",
      "status": "final",
      "category": {
        "coding": [ {
          "system": "http://hl7.org/fhir/observation-category",
          "code": "laboratory",
          "display": "laboratory"
        } ],
        "text": "laboratory"
      },
      "code": {
        "coding": [ {
          "system": "http://loinc.org",
          "code": "787-2",
          "display": "MCV [Entitic mean volume] in Red Blood Cells by Automated count"
        } ],
        "text": "MCV [Entitic mean volume] in Red Blood Cells by Automated count"
      },
      "subject": {
        "reference": "urn:uuid:44ab43e4-62ce-aa80-de44-b92ce9a116cc"
      },
      "encounter": {
        "reference": "urn:uuid:44ab43e4-62ce-aa80-f5c9-2e8965a90138"
      },
      "effectiveDateTime": "2025-08-23T07:06:36+00:00",
      "issued": "2025-08-23T07:06:36.459+00:00",
      "valueQuantity": {
        "value": 83.698,
        "unit": "fL",
        "system": "http://unitsofmeasure.org",
        "code": "fL"
      }
    },
    "request": {
      "method": "POST",
      "url": "Observation"
    }
  }, {
    "fullUrl": "urn:uuid:44ab43e4-62ce-aa80-b9a0-837c83167e36",
    "resource": {
      "resourceType": "Observation",
      "id": "44ab43e4-62ce-aa80-b9a0-837c83167e36",
      "status": "final",
      "category": {
        "coding": [ {
          "system": "http://hl7.org/fhir/observation-category",
          "code": "laboratory",
          "display": "laboratory"
        } ],
        "text": "laboratory"
      },
      "code": {
        "coding": [ {
          "system": "http://loinc.org",
          "code": "785-6",
          "display": "MCH [Entitic mass] by Automated count"
        } ],
        "text": "MCH [Entitic mass] by Automated count"
      },
      "subject": {
        "reference": "urn:uuid:44ab43e4-62ce-aa80-de44-b92ce9a116cc"
      },
      "encounter": {
        "reference": "urn:uuid:44ab43e4-62ce-aa80-f5c9-2e8965a90138"
      },
      "effectiveDateTime": "2025-08-23T07:06:36+00:00",
      "issued": "2025-08-23T07:06:36.459+00:00",
      "valueQuantity": {
        "value": 28.171,
        "unit": "pg",
        "system": "http://unitsofmeasure.org",
        "code": "pg"
      }
    },
    "request": {
      "method": "POST",
      "url": "Observation"
    }
  }, {
    "fullUrl": "urn:uuid:44ab43e4-62ce-aa80-9862-2435f3f82e60",
    "resource": {
      "resourceType": "Observation",
      "id": "44ab43e4-62ce-aa80-9862-2435f3f82e60",
      "status": "final",
      "category": {
        "coding": [ {
          "system": "http://hl7.org/fhir/observation-category",
          "code": "laboratory",
          "display": "laboratory"
        } ],
        "text": "laboratory"
      },
      "code": {
        "coding": [ {
          "system": "http://loinc.org",
          "code": "786-4",
          "display": "MCHC [Entitic Mass/volume] in Red Blood Cells by Automated count"
        } ],
        "text": "MCHC [Entitic Mass/volume] in Red Blood Cells by Automated count"
      },
      "subject": {
        "reference": "urn:uuid:44ab43e4-62ce-aa80-de44-b92ce9a116cc"
      },
      "encounter": {
        "reference": "urn:uuid:44ab43e4-62ce-aa80-f5c9-2e8965a90138"
      },
      "effectiveDateTime": "2025-08-23T07:06:36+00:00",
      "issued": "2025-08-23T07:06:36.459+00:00",
      "valueQuantity": {
        "value": 34.091,
        "unit": "g/dL",
        "system": "http://unitsofmeasure.org",
        "code": "g/dL"
      }
    },
    "request": {
      "method": "POST",
      "url": "Observation"
    }
  }, {
    "fullUrl": "urn:uuid:44ab43e4-62ce-aa80-f8a4-68ec205e935d",
    "resource": {
      "resourceType": "Observation",
      "id": "44ab43e4-62ce-aa80-f8a4-68ec205e935d",
      "status": "final",
      "category": {
        "coding": [ {
          "system": "http://hl7.org/fhir/observation-category",
          "code": "laboratory",
          "display": "laboratory"
        } ],
        "text": "laboratory"
      },
      "code": {
        "coding": [ {
          "system": "http://loinc.org",
          "code": "788-0",
          "display": "Erythrocyte [DistWidth] in Blood by Automated count"
        } ],
        "text": "Erythrocyte [DistWidth] in Blood by Automated count"
      },
      "subject": {
        "reference": "urn:uuid:44ab43e4-62ce-aa80-de44-b92ce9a116cc"
      },
      "encounter": {
        "reference": "urn:uuid:44ab43e4-62ce-aa80-f5c9-2e8965a90138"
      },
      "effectiveDateTime": "2025-08-23T07:06:36+00:00",
      "issued": "2025-08-23T07:06:36.459+00:00",
      "valueQuantity": {
        "value": 44.942,
        "unit": "fL",
        "system": "http://unitsofmeasure.org",
        "code": "fL"
      }
    },
    "request": {
      "method": "POST",
      "url": "Observation"
    }
  }, {
    "fullUrl": "urn:uuid:44ab43e4-62ce-aa80-2b02-c19fec17e5a4",
    "resource": {
      "resourceType": "Observation",
      "id": "44ab43e4-62ce-aa80-2b02-c19fec17e5a4",
      "status": "final",
      "category": {
        "coding": [ {
          "system": "http://hl7.org/fhir/observation-category",
          "code": "laboratory",
          "display": "laboratory"
        } ],
        "text": "laboratory"
      },
      "code": {
        "coding": [ {
          "system": "http://loinc.org",
          "code": "777-3",
          "display": "Platelets [#/volume] in Blood by Automated count"
        } ],
        "text": "Platelets [#/volume] in Blood by Automated count"
      },
      "subject": {
        "reference": "urn:uuid:44ab43e4-62ce-aa80-de44-b92ce9a116cc"
      },
      "encounter": {
        "reference": "urn:uuid:44ab43e4-62ce-aa80-f5c9-2e8965a90138"
      },
      "effectiveDateTime": "2025-08-23T07:06:36+00:00",
      "issued": "2025-08-23T07:06:36.459+00:00",
      "valueQuantity": {
        "value": 216.17,
        "unit": "10*3/uL",
        "system": "http://unitsofmeasure.org",
        "code": "10*3/uL"
      }
    },
    "request": {
      "method": "POST",
      "url": "Observation"
    }
  }, {
    "fullUrl": "urn:uuid:44ab43e4-62ce-aa80-a9d2-eba65d2348c2",
    "resource": {
      "resourceType": "Observation",
      "id": "44ab43e4-62ce-aa80-a9d2-eba65d2348c2",
      "status": "final",
      "category": {
        "coding": [ {
          "system": "http://hl7.org/fhir/observation-category",
          "code": "laboratory",
          "display": "laboratory"
        } ],
        "text": "laboratory"
      },
      "code": {
        "coding": [ {
          "system": "http://loinc.org",
          "code": "32207-3",
          "display": "Platelet distribution width [Entitic volume] in Blood by Automated count"
        } ],
        "text": "Platelet distribution width [Entitic volume] in Blood by Automated count"
      },
      "subject": {
        "reference": "urn:uuid:44ab43e4-62ce-aa80-de44-b92ce9a116cc"
      },
      "encounter": {
        "reference": "urn:uuid:44ab43e4-62ce-aa80-f5c9-2e8965a90138"
      },
      "effectiveDateTime": "2025-08-23T07:06:36+00:00",
      "issued": "2025-08-23T07:06:36.459+00:00",
      "valueQuantity": {
        "value": 428.51,
        "unit": "fL",
        "system": "http://unitsofmeasure.org",
        "code": "fL"
      }
    },
    "request": {
      "method": "POST",
      "url": "Observation"
    }
  }, {
    "fullUrl": "urn:uuid:44ab43e4-62ce-aa80-a631-ed7753e87ca2",
    "resource": {
      "resourceType": "Observation",
      "id": "44ab43e4-62ce-aa80-a631-ed7753e87ca2",
      "status": "final",
      "category": {
        "coding": [ {
          "system": "http://hl7.org/fhir/observation-category",
          "code": "laboratory",
          "display": "laboratory"
        } ],
        "text": "laboratory"
      },
      "code": {
        "coding": [ {
          "system": "http://loinc.org",
          "code": "32623-1",
          "display": "Platelet [Entitic mean volume] in Blood by Automated count"
        } ],
        "text": "Platelet [Entitic mean volume] in Blood by Automated count"
      },
      "subject": {
        "reference": "urn:uuid:44ab43e4-62ce-aa80-de44-b92ce9a116cc"
      },
      "encounter": {
        "reference": "urn:uuid:44ab43e4-62ce-aa80-f5c9-2e8965a90138"
      },
      "effectiveDateTime": "2025-08-23T07:06:36+00:00",
      "issued": "2025-08-23T07:06:36.459+00:00",
      "valueQuantity": {
        "value": 10.079,
        "unit": "fL",
        "system": "http://unitsofmeasure.org",
        "code": "fL"
      }
    },
    "request": {
      "method": "POST",
      "url": "Observation"
    }
  }, {
    "fullUrl": "urn:uuid:44ab43e4-62ce-aa80-0bc4-7bc58562df0f",
    "resource": {
      "resourceType": "Observation",
      "id": "44ab43e4-62ce-aa80-0bc4-7bc58562df0f",
      "status": "final",
      "category": {
        "coding": [ {
          "system": "http://hl7.org/fhir/observation-category",
          "code": "social-history",
          "display": "social-history"
        } ],
        "text": "social-history"
      },
      "code": {
        "coding": [ {
          "system": "http://loinc.org",
          "code": "72166-2",
          "display": "Tobacco smoking status"
        } ],
        "text": "Tobacco smoking status"
      },
      "subject": {
        "reference": "urn:uuid:44ab43e4-62ce-aa80-de44-b92ce9a116cc"
      },
      "encounter": {
        "reference": "urn:uuid:44ab43e4-62ce-aa80-f5c9-2e8965a90138"
      },
      "effectiveDateTime": "2025-08-23T07:06:36+00:00",
      "issued": "2025-08-23T07:06:36.459+00:00",
      "valueCodeableConcept": {
        "coding": [ {
          "system": "http://snomed.info/sct",
          "code": "266919005",
          "display": "Never smoked tobacco (finding)"
        } ],
        "text": "Never smoked tobacco (finding)"
      }
    },
    "request": {
      "method": "POST",
      "url": "Observation"
    }
  }, {
    "fullUrl": "urn:uuid:44ab43e4-62ce-aa80-6d66-4d9ddb8ad098",
    "resource": {
      "resourceType": "Immunization",
      "id": "44ab43e4-62ce-aa80-6d66-4d9ddb8ad098",
      "status": "completed",
      "date": "2025-08-23T07:06:36+00:00",
      "vaccineCode": {
        "coding": [ {
          "system": "http://hl7.org/fhir/sid/cvx",
          "code": "08",
          "display": "Hep B, adolescent or pediatric"
        } ],
        "text": "Hep B, adolescent or pediatric"
      },
      "patient": {
        "reference": "urn:uuid:44ab43e4-62ce-aa80-de44-b92ce9a116cc"
      },
      "wasNotGiven": false,
      "reported": false,
      "encounter": {
        "reference": "urn:uuid:44ab43e4-62ce-aa80-f5c9-2e8965a90138"
      }
    },
    "request": {
      "method": "POST",
      "url": "Immunization"
    }
  }, {
    "fullUrl": "urn:uuid:44ab43e4-62ce-aa80-d3cf-b04a2cd4c7fd",
    "resource": {
      "resourceType": "DiagnosticReport",
      "id": "44ab43e4-62ce-aa80-d3cf-b04a2cd4c7fd",
      "status": "final",
      "category": {
        "coding": [ {
          "system": "http://hl7.org/fhir/ValueSet/diagnostic-service-sections",
          "code": "LAB"
        } ]
      },
      "code": {
        "coding": [ {
          "system": "http://loinc.org",
          "code": "58410-2",
          "display": "CBC panel - Blood by Automated count"
        } ],
        "text": "CBC panel - Blood by Automated count"
      },
      "subject": {
        "reference": "urn:uuid:44ab43e4-62ce-aa80-de44-b92ce9a116cc"
      },
      "encounter": {
        "reference": "urn:uuid:44ab43e4-62ce-aa80-f5c9-2e8965a90138"
      },
      "effectiveDateTime": "2025-08-23T07:06:36+00:00",
      "issued": "2025-08-23T07:06:36.459+00:00",
      "performer": {
        "reference": "Organization?identifier=https://github.com/synthetichealth/synthea|7b95b4ab-5bb6-3abc-b0e5-02689f84228d",
        "display": "READING INTERNAL MEDICINE ASSOCIATES INC"
      },
      "result": [ {
        "reference": "urn:uuid:44ab43e4-62ce-aa80-a631-ed7753e87ca2",
        "display": "Platelet [Entitic mean volume] in Blood by Automated count"
      } ]
    },
    "request": {
      "method": "POST",
      "url": "DiagnosticReport"
    }
  }, {
    "fullUrl": "urn:uuid:44ab43e4-62ce-aa80-f698-953a9569f4ca",
    "resource": {
      "resourceType": "Claim",
      "id": "44ab43e4-62ce-aa80-f698-953a9569f4ca",
      "type": "institutional",
      "organization": {
        "reference": "Organization?identifier=https://github.com/synthetichealth/synthea|7b95b4ab-5bb6-3abc-b0e5-02689f84228d",
        "display": "READING INTERNAL MEDICINE ASSOCIATES INC"
      },
      "use": "complete",
      "diagnosis": [ {
        "sequence": 1,
        "diagnosis": {
          "system": "http://snomed.info/sct",
          "code": "314529007",
          "display": "Medication review due (situation)"
        }
      } ],
      "patient": {
        "reference": "urn:uuid:44ab43e4-62ce-aa80-de44-b92ce9a116cc"
      },
      "item": [ {
        "sequence": 1,
        "type": {
          "system": "http://hl7.org/fhir/v3/ActCode",
          "code": "CSINV",
          "display": "clinical service invoice"
        },
        "service": {
          "system": "http://snomed.info/sct",
          "code": "410620009",
          "display": "Well child visit (procedure)"
        }
      }, {
        "sequence": 2,
        "type": {
          "system": "http://hl7.org/fhir/v3/ActCode",
          "code": "CSINV",
          "display": "clinical service invoice"
        },
        "service": {
          "system": "http://hl7.org/fhir/sid/cvx",
          "code": "08",
          "display": "Hep B, adolescent or pediatric"
        },
        "net": {
          "value": 136.00,
          "system": "urn:iso:std:iso:4217",
          "code": "USD"
        }
      }, {
        "sequence": 4,
        "type": {
          "system": "http://hl7.org/fhir/v3/ActCode",
          "code": "CSINV",
          "display": "clinical service invoice"
        },
        "service": {
          "system": "http://loinc.org",
          "code": "58410-2",
          "display": "CBC panel - Blood by Automated count"
        },
        "net": {
          "value": 74.58,
          "system": "urn:iso:std:iso:4217",
          "code": "USD"
        }
      } ]
    },
    "request": {
      "method": "POST",
      "url": "Claim"
    }
  }, {
    "fullUrl": "urn:uuid:44ab43e4-62ce-aa80-8281-5c3a1c0c86bf",
    "resource": {
      "resourceType": "Encounter",
      "id": "44ab43e4-62ce-aa80-8281-5c3a1c0c86bf",
      "status": "finished",
      "class": "ambulatory",
      "type": [ {
        "coding": [ {
          "system": "http://snomed.info/sct",
          "code": "410620009",
          "display": "Well child visit (procedure)"
        } ],
        "text": "Well child visit (procedure)"
      } ],
      "patient": {
        "reference": "urn:uuid:44ab43e4-62ce-aa80-de44-b92ce9a116cc"
      },
      "participant": [ {
        "individual": {
          "reference": "Practitioner?identifier=http://hl7.org/fhir/sid/us-npi|9999959692",
          "display": "Dr. Audra143 Beatty507"
        }
      } ],
      "period": {
        "start": "2025-09-27T07:06:36+00:00",
        "end": "2025-09-27T07:21:36+00:00"
      },
      "serviceProvider": {
        "reference": "Organization?identifier=https://github.com/synthetichealth/synthea|7b95b4ab-5bb6-3abc-b0e5-02689f84228d",
        "display": "READING INTERNAL MEDICINE ASSOCIATES INC"
      }
    },
    "request": {
      "method": "POST",
      "url": "Encounter"
    }
  }, {
    "fullUrl": "urn:uuid:44ab43e4-62ce-aa80-349a-5cdd52703921",
    "resource": {
      "resourceType": "Observation",
      "id": "44ab43e4-62ce-aa80-349a-5cdd52703921",
      "status": "final",
      "category": {
        "coding": [ {
          "system": "http://hl7.org/fhir/observation-category",
          "code": "vital-signs",
          "display": "vital-signs"
        } ],
        "text": "vital-signs"
      },
      "code": {
        "coding": [ {
          "system": "http://loinc.org",
          "code": "8302-2",
          "display": "Body Height"
        } ],
        "text": "Body Height"
      },
      "subject": {
        "reference": "urn:uuid:44ab43e4-62ce-aa80-de44-b92ce9a116cc"
      },
      "encounter": {
        "reference": "urn:uuid:44ab43e4-62ce-aa80-8281-5c3a1c0c86bf"
      },
      "effectiveDateTime": "2025-09-27T07:06:36+00:00",
      "issued": "2025-09-27T07:06:36.459+00:00",
      "valueQuantity": {
        "value": 57.600,
        "unit": "cm",
        "system": "http://unitsofmeasure.org",
        "code": "cm"
      }
    },
    "request": {
      "method": "POST",
      "url": "Observation"
    }
  }, {
    "fullUrl": "urn:uuid:44ab43e4-62ce-aa80-94d0-c12742563818",
    "resource": {
      "resourceType": "Observation",
      "id": "44ab43e4-62ce-aa80-94d0-c12742563818",
      "status": "final",
      "category": {
        "coding": [ {
          "system": "http://hl7.org/fhir/observation-category",
          "code": "vital-signs",
          "display": "vital-signs"
        } ],
        "text": "vital-signs"
      },
      "code": {
        "coding": [ {
          "system": "http://loinc.org",
          "code": "72514-3",
          "display": "Pain severity - 0-10 verbal numeric rating [Score] - Reported"
        } ],
        "text": "Pain severity - 0-10 verbal numeric rating [Score] - Reported"
      },
      "subject": {
        "reference": "urn:uuid:44ab43e4-62ce-aa80-de44-b92ce9a116cc"
      },
      "encounter": {
        "reference": "urn:uuid:44ab43e4-62ce-aa80-8281-5c3a1c0c86bf"
      },
      "effectiveDateTime": "2025-09-27T07:06:36+00:00",
      "issued": "2025-09-27T07:06:36.459+00:00",
      "valueQuantity": {
        "value": 1,
        "unit": "{score}",
        "system": "http://unitsofmeasure.org",
        "code": "{score}"
      }
    },
    "request": {
      "method": "POST",
      "url": "Observation"
    }
  }, {
    "fullUrl": "urn:uuid:44ab43e4-62ce-aa80-bb66-6cc90a35da60",
    "resource": {
      "resourceType": "Observation",
      "id": "44ab43e4-62ce-aa80-bb66-6cc90a35da60",
      "status": "final",
      "category": {
        "coding": [ {
          "system": "http://hl7.org/fhir/observation-category",
          "code": "vital-signs",
          "display": "vital-signs"
        } ],
        "text": "vital-signs"
      },
      "code": {
        "coding": [ {
          "system": "http://loinc.org",
          "code": "29463-7",
          "display": "Body Weight"
        } ],
        "text": "Body Weight"
      },
      "subject": {
        "reference": "urn:uuid:44ab43e4-62ce-aa80-de44-b92ce9a116cc"
      },
      "encounter": {
        "reference": "urn:uuid:44ab43e4-62ce-aa80-8281-5c3a1c0c86bf"
      },
      "effectiveDateTime": "2025-09-27T07:06:36+00:00",
      "issued": "2025-09-27T07:06:36.459+00:00",
      "valueQuantity": {
        "value": 5.2000,
        "unit": "kg",
        "system": "http://unitsofmeasure.org",
        "code": "kg"
      }
    },
    "request": {
      "method": "POST",
      "url": "Observation"
    }
  }, {
    "fullUrl": "urn:uuid:44ab43e4-62ce-aa80-c904-9b9b94ea5069",
    "resource": {
      "resourceType": "Observation",
      "id": "44ab43e4-62ce-aa80-c904-9b9b94ea5069",
      "status": "final",
      "category": {
        "coding": [ {
          "system": "http://hl7.org/fhir/observation-category",
          "code": "vital-signs",
          "display": "vital-signs"
        } ],
        "text": "vital-signs"
      },
      "code": {
        "coding": [ {
          "system": "http://loinc.org",
          "code": "77606-2",
          "display": "Weight-for-length Per age and sex"
        } ],
        "text": "Weight-for-length Per age and sex"
      },
      "subject": {
        "reference": "urn:uuid:44ab43e4-62ce-aa80-de44-b92ce9a116cc"
      },
      "encounter": {
        "reference": "urn:uuid:44ab43e4-62ce-aa80-8281-5c3a1c0c86bf"
      },
      "effectiveDateTime": "2025-09-27T07:06:36+00:00",
      "issued": "2025-09-27T07:06:36.459+00:00",
      "valueQuantity": {
        "value": 30.088,
        "unit": "%",
        "system": "http://unitsofmeasure.org",
        "code": "%"
      }
    },
    "request": {
      "method": "POST",
      "url": "Observation"
    }
  }, {
    "fullUrl": "urn:uuid:44ab43e4-62ce-aa80-b53b-62fc84a7170e",
    "resource": {
      "resourceType": "Observation",
      "id": "44ab43e4-62ce-aa80-b53b-62fc84a7170e",
      "status": "final",
      "category": {
        "coding": [ {
          "system": "http://hl7.org/fhir/observation-category",
          "code": "vital-signs",
          "display": "vital-signs"
        } ],
        "text": "vital-signs"
      },
      "code": {
        "coding": [ {
          "system": "http://loinc.org",
          "code": "8289-1",
          "display": "Head Occipital-frontal circumference Percentile"
        } ],
        "text": "Head Occipital-frontal circumference Percentile"
      },
      "subject": {
        "reference": "urn:uuid:44ab43e4-62ce-aa80-de44-b92ce9a116cc"
      },
      "encounter": {
        "reference": "urn:uuid:44ab43e4-62ce-aa80-8281-5c3a1c0c86bf"
      },
      "effectiveDateTime": "2025-09-27T07:06:36+00:00",
      "issued": "2025-09-27T07:06:36.459+00:00",
      "valueQuantity": {
        "value": 85.730,
        "unit": "%",
        "system": "http://unitsofmeasure.org",
        "code": "%"
      }
    },
    "request": {
      "method": "POST",
      "url": "Observation"
    }
  }, {
    "fullUrl": "urn:uuid:44ab43e4-62ce-aa80-8de2-9a9afb6f9e15",
    "resource": {
      "resourceType": "Observation",
      "id": "44ab43e4-62ce-aa80-8de2-9a9afb6f9e15",
      "status": "final",
      "category": {
        "coding": [ {
          "system": "http://hl7.org/fhir/observation-category",
          "code": "vital-signs",
          "display": "vital-signs"
        } ],
        "text": "vital-signs"
      },
      "code": {
        "coding": [ {
          "system": "http://loinc.org",
          "code": "9843-4",
          "display": "Head Occipital-frontal circumference"
        } ],
        "text": "Head Occipital-frontal circumference"
      },
      "subject": {
        "reference": "urn:uuid:44ab43e4-62ce-aa80-de44-b92ce9a116cc"
      },
      "encounter": {
        "reference": "urn:uuid:44ab43e4-62ce-aa80-8281-5c3a1c0c86bf"
      },
      "effectiveDateTime": "2025-09-27T07:06:36+00:00",
      "issued": "2025-09-27T07:06:36.459+00:00",
      "valueQuantity": {
        "value": 39.610,
        "unit": "cm",
        "system": "http://unitsofmeasure.org",
        "code": "cm"
      }
    },
    "request": {
      "method": "POST",
      "url": "Observation"
    }
  }, {
    "fullUrl": "urn:uuid:44ab43e4-62ce-aa80-99dc-74700f731e99",
    "resource": {
      "resourceType": "Observation",
      "id": "44ab43e4-62ce-aa80-99dc-74700f731e99",
      "status": "final",
      "category": {
        "coding": [ {
          "system": "http://hl7.org/fhir/observation-category",
          "code": "vital-signs",
          "display": "vital-signs"
        } ],
        "text": "vital-signs"
      },
      "code": {
        "coding": [ {
          "system": "http://loinc.org",
          "code": "85354-9",
          "display": "Blood pressure panel with all children optional"
        } ],
        "text": "Blood pressure panel with all children optional"
      },
      "subject": {
        "reference": "urn:uuid:44ab43e4-62ce-aa80-de44-b92ce9a116cc"
      },
      "encounter": {
        "reference": "urn:uuid:44ab43e4-62ce-aa80-8281-5c3a1c0c86bf"
      },
      "effectiveDateTime": "2025-09-27T07:06:36+00:00",
      "issued": "2025-09-27T07:06:36.459+00:00",
      "component": [ {
        "code": {
          "coding": [ {
            "system": "http://loinc.org",
            "code": "8462-4",
            "display": "Diastolic Blood Pressure"
          } ],
          "text": "Diastolic Blood Pressure"
        },
        "valueQuantity": {
          "value": 91,
          "unit": "mm[Hg]",
          "system": "http://unitsofmeasure.org",
          "code": "mm[Hg]"
        }
      }, {
        "code": {
          "coding": [ {
            "system": "http://loinc.org",
            "code": "8480-6",
            "display": "Systolic Blood Pressure"
          } ],
          "text": "Systolic Blood Pressure"
        },
        "valueQuantity": {
          "value": 135,
          "unit": "mm[Hg]",
          "system": "http://unitsofmeasure.org",
          "code": "mm[Hg]"
        }
      } ]
    },
    "request": {
      "method": "POST",
      "url": "Observation"
    }
  }, {
    "fullUrl": "urn:uuid:44ab43e4-62ce-aa80-4cbc-8b31ac6b0f47",
    "resource": {
      "resourceType": "Observation",
      "id": "44ab43e4-62ce-aa80-4cbc-8b31ac6b0f47",
      "status": "final",
      "category": {
        "coding": [ {
          "system": "http://hl7.org/fhir/observation-category",
          "code": "vital-signs",
          "display": "vital-signs"
        } ],
        "text": "vital-signs"
      },
      "code": {
        "coding": [ {
          "system": "http://loinc.org",
          "code": "8867-4",
          "display": "Heart rate"
        } ],
        "text": "Heart rate"
      },
      "subject": {
        "reference": "urn:uuid:44ab43e4-62ce-aa80-de44-b92ce9a116cc"
      },
      "encounter": {
        "reference": "urn:uuid:44ab43e4-62ce-aa80-8281-5c3a1c0c86bf"
      },
      "effectiveDateTime": "2025-09-27T07:06:36+00:00",
      "issued": "2025-09-27T07:06:36.459+00:00",
      "valueQuantity": {
        "value": 73,
        "unit": "/min",
        "system": "http://unitsofmeasure.org",
        "code": "/min"
      }
    },
    "request": {
      "method": "POST",
      "url": "Observation"
    }
  }, {
    "fullUrl": "urn:uuid:44ab43e4-62ce-aa80-78e1-3bc5f7766d62",
    "resource": {
      "resourceType": "Observation",
      "id": "44ab43e4-62ce-aa80-78e1-3bc5f7766d62",
      "status": "final",
      "category": {
        "coding": [ {
          "system": "http://hl7.org/fhir/observation-category",
          "code": "vital-signs",
          "display": "vital-signs"
        } ],
        "text": "vital-signs"
      },
      "code": {
        "coding": [ {
          "system": "http://loinc.org",
          "code": "9279-1",
          "display": "Respiratory rate"
        } ],
        "text": "Respiratory rate"
      },
      "subject": {
        "reference": "urn:uuid:44ab43e4-62ce-aa80-de44-b92ce9a116cc"
      },
      "encounter": {
        "reference": "urn:uuid:44ab43e4-62ce-aa80-8281-5c3a1c0c86bf"
      },
      "effectiveDateTime": "2025-09-27T07:06:36+00:00",
      "issued": "2025-09-27T07:06:36.459+00:00",
      "valueQuantity": {
        "value": 15,
        "unit": "/min",
        "system": "http://unitsofmeasure.org",
        "code": "/min"
      }
    },
    "request": {
      "method": "POST",
      "url": "Observation"
    }
  }, {
    "fullUrl": "urn:uuid:44ab43e4-62ce-aa80-e914-53d878a3479f",
    "resource": {
      "resourceType": "Observation",
      "id": "44ab43e4-62ce-aa80-e914-53d878a3479f",
      "status": "final",
      "category": {
        "coding": [ {
          "system": "http://hl7.org/fhir/observation-category",
          "code": "social-history",
          "display": "social-history"
        } ],
        "text": "social-history"
      },
      "code": {
        "coding": [ {
          "system": "http://loinc.org",
          "code": "72166-2",
          "display": "Tobacco smoking status"
        } ],
        "text": "Tobacco smoking status"
      },
      "subject": {
        "reference": "urn:uuid:44ab43e4-62ce-aa80-de44-b92ce9a116cc"
      },
      "encounter": {
        "reference": "urn:uuid:44ab43e4-62ce-aa80-8281-5c3a1c0c86bf"
      },
      "effectiveDateTime": "2025-09-27T07:06:36+00:00",
      "issued": "2025-09-27T07:06:36.459+00:00",
      "valueCodeableConcept": {
        "coding": [ {
          "system": "http://snomed.info/sct",
          "code": "266919005",
          "display": "Never smoked tobacco (finding)"
        } ],
        "text": "Never smoked tobacco (finding)"
      }
    },
    "request": {
      "method": "POST",
      "url": "Observation"
    }
  }, {
    "fullUrl": "urn:uuid:44ab43e4-62ce-aa80-2b90-b7a55ed114d4",
    "resource": {
      "resourceType": "Procedure",
      "id": "44ab43e4-62ce-aa80-2b90-b7a55ed114d4",
      "subject": {
        "reference": "urn:uuid:44ab43e4-62ce-aa80-de44-b92ce9a116cc"
      },
      "status": "completed",
      "code": {
        "coding": [ {
          "system": "http://snomed.info/sct",
          "code": "430193006",
          "display": "Medication reconciliation (procedure)"
        } ],
        "text": "Medication reconciliation (procedure)"
      },
      "performedPeriod": {
        "start": "2025-09-27T07:06:36+00:00",
        "end": "2025-09-27T07:21:36+00:00"
      },
      "encounter": {
        "reference": "urn:uuid:44ab43e4-62ce-aa80-8281-5c3a1c0c86bf"
      }
    },
    "request": {
      "method": "POST",
      "url": "Procedure"
    }
  }, {
    "fullUrl": "urn:uuid:44ab43e4-62ce-aa80-14f1-d6514009e0b0",
    "resource": {
      "resourceType": "Immunization",
      "id": "44ab43e4-62ce-aa80-14f1-d6514009e0b0",
      "status": "completed",
      "date": "2025-09-27T07:06:36+00:00",
      "vaccineCode": {
        "coding": [ {
          "system": "http://hl7.org/fhir/sid/cvx",
          "code": "08",
          "display": "Hep B, adolescent or pediatric"
        } ],
        "text": "Hep B, adolescent or pediatric"
      },
      "patient": {
        "reference": "urn:uuid:44ab43e4-62ce-aa80-de44-b92ce9a116cc"
      },
      "wasNotGiven": false,
      "reported": false,
      "encounter": {
        "reference": "urn:uuid:44ab43e4-62ce-aa80-8281-5c3a1c0c86bf"
      }
    },
    "request": {
      "method": "POST",
      "url": "Immunization"
    }
  }, {
    "fullUrl": "urn:uuid:44ab43e4-62ce-aa80-3556-be5e67eee30d",
    "resource": {
      "resourceType": "Claim",
      "id": "44ab43e4-62ce-aa80-3556-be5e67eee30d",
      "type": "institutional",
      "organization": {
        "reference": "Organization?identifier=https://github.com/synthetichealth/synthea|7b95b4ab-5bb6-3abc-b0e5-02689f84228d",
        "display": "READING INTERNAL MEDICINE ASSOCIATES INC"
      },
      "use": "complete",
      "patient": {
        "reference": "urn:uuid:44ab43e4-62ce-aa80-de44-b92ce9a116cc"
      },
      "item": [ {
        "sequence": 1,
        "type": {
          "system": "http://hl7.org/fhir/v3/ActCode",
          "code": "CSINV",
          "display": "clinical service invoice"
        },
        "service": {
          "system": "http://snomed.info/sct",
          "code": "410620009",
          "display": "Well child visit (procedure)"
        }
      }, {
        "sequence": 2,
        "type": {
          "system": "http://hl7.org/fhir/v3/ActCode",
          "code": "CSINV",
          "display": "clinical service invoice"
        },
        "service": {
          "system": "http://hl7.org/fhir/sid/cvx",
          "code": "08",
          "display": "Hep B, adolescent or pediatric"
        },
        "net": {
          "value": 136.00,
          "system": "urn:iso:std:iso:4217",
          "code": "USD"
        }
      }, {
        "sequence": 3,
        "type": {
          "system": "http://hl7.org/fhir/v3/ActCode",
          "code": "CSINV",
          "display": "clinical service invoice"
        },
        "service": {
          "system": "http://snomed.info/sct",
          "code": "430193006",
          "display": "Medication reconciliation (procedure)"
        },
        "net": {
          "value": 862.80,
          "system": "urn:iso:std:iso:4217",
          "code": "USD"
        }
      } ]
    },
    "request": {
      "method": "POST",
      "url": "Claim"
    }
  }, {
    "fullUrl": "urn:uuid:44ab43e4-62ce-aa80-e0e2-46948d46463b",
    "resource": {
      "resourceType": "Encounter",
      "id": "44ab43e4-62ce-aa80-e0e2-46948d46463b",
      "status": "finished",
      "class": "ambulatory",
      "type": [ {
        "coding": [ {
          "system": "http://snomed.info/sct",
          "code": "410620009",
          "display": "Well child visit (procedure)"
        } ],
        "text": "Well child visit (procedure)"
      } ],
      "patient": {
        "reference": "urn:uuid:44ab43e4-62ce-aa80-de44-b92ce9a116cc"
      },
      "participant": [ {
        "individual": {
          "reference": "Practitioner?identifier=http://hl7.org/fhir/sid/us-npi|9999959692",
          "display": "Dr. Audra143 Beatty507"
        }
      } ],
      "period": {
        "start": "2025-11-29T07:06:36+00:00",
        "end": "2025-11-29T07:21:36+00:00"
      },
      "serviceProvider": {
        "reference": "Organization?identifier=https://github.com/synthetichealth/synthea|7b95b4ab-5bb6-3abc-b0e5-02689f84228d",
        "display": "READING INTERNAL MEDICINE ASSOCIATES INC"
      }
    },
    "request": {
      "method": "POST",
      "url": "Encounter"
    }
  }, {
    "fullUrl": "urn:uuid:44ab43e4-62ce-aa80-e3d9-3d579e3c1b5b",
    "resource": {
      "resourceType": "Condition",
      "id": "44ab43e4-62ce-aa80-e3d9-3d579e3c1b5b",
      "patient": {
        "reference": "urn:uuid:44ab43e4-62ce-aa80-de44-b92ce9a116cc"
      },
      "encounter": {
        "reference": "urn:uuid:44ab43e4-62ce-aa80-e0e2-46948d46463b"
      },
      "dateRecorded": "2025-11-29",
      "code": {
        "coding": [ {
          "system": "http://snomed.info/sct",
          "code": "314529007",
          "display": "Medication review due (situation)"
        } ],
        "text": "Medication review due (situation)"
      },
      "category": {
        "coding": [ {
          "system": "http://hl7.org/fhir/condition-category",
          "code": "diagnosis"
        } ]
      },
      "clinicalStatus": "active",
      "verificationStatus": "confirmed",
      "onsetDateTime": "2025-11-29T07:06:36+00:00"
    },
    "request": {
      "method": "POST",
      "url": "Condition"
    }
  }, {
    "fullUrl": "urn:uuid:44ab43e4-62ce-aa80-ad1d-6dbc6f06bfd5",
    "resource": {
      "resourceType": "Observation",
      "id": "44ab43e4-62ce-aa80-ad1d-6dbc6f06bfd5",
      "status": "final",
      "category": {
        "coding": [ {
          "system": "http://hl7.org/fhir/observation-category",
          "code": "vital-signs",
          "display": "vital-signs"
        } ],
        "text": "vital-signs"
      },
      "code": {
        "coding": [ {
          "system": "http://loinc.org",
          "code": "8302-2",
          "display": "Body Height"
        } ],
        "text": "Body Height"
      },
      "subject": {
        "reference": "urn:uuid:44ab43e4-62ce-aa80-de44-b92ce9a116cc"
      },
      "encounter": {
        "reference": "urn:uuid:44ab43e4-62ce-aa80-e0e2-46948d46463b"
      },
      "effectiveDateTime": "2025-11-29T07:06:36+00:00",
      "issued": "2025-11-29T07:06:36.459+00:00",
      "valueQuantity": {
        "value": 62.800,
        "unit": "cm",
        "system": "http://unitsofmeasure.org",
        "code": "cm"
      }
    },
    "request": {
      "method": "POST",
      "url": "Observation"
    }
  }, {
    "fullUrl": "urn:uuid:44ab43e4-62ce-aa80-0b01-f5efb9d80a61",
    "resource": {
      "resourceType": "Observation",
      "id": "44ab43e4-62ce-aa80-0b01-f5efb9d80a61",
      "status": "final",
      "category": {
        "coding": [ {
          "system": "http://hl7.org/fhir/observation-category",
          "code": "vital-signs",
          "display": "vital-signs"
        } ],
        "text": "vital-signs"
      },
      "code": {
        "coding": [ {
          "system": "http://loinc.org",
          "code": "72514-3",
          "display": "Pain severity - 0-10 verbal numeric rating [Score] - Reported"
        } ],
        "text": "Pain severity - 0-10 verbal numeric rating [Score] - Reported"
      },
      "subject": {
        "reference": "urn:uuid:44ab43e4-62ce-aa80-de44-b92ce9a116cc"
      },
      "encounter": {
        "reference": "urn:uuid:44ab43e4-62ce-aa80-e0e2-46948d46463b"
      },
      "effectiveDateTime": "2025-11-29T07:06:36+00:00",
      "issued": "2025-11-29T07:06:36.459+00:00",
      "valueQuantity": {
        "value": 3,
        "unit": "{score}",
        "system": "http://unitsofmeasure.org",
        "code": "{score}"
      }
    },
    "request": {
      "method": "POST",
      "url": "Observation"
    }
  }, {
    "fullUrl": "urn:uuid:44ab43e4-62ce-aa80-d2a3-6f9278187213",
    "resource": {
      "resourceType": "Observation",
      "id": "44ab43e4-62ce-aa80-d2a3-6f9278187213",
      "status": "final",
      "category": {
        "coding": [ {
          "system": "http://hl7.org/fhir/observation-category",
          "code": "vital-signs",
          "display": "vital-signs"
        } ],
        "text": "vital-signs"
      },
      "code": {
        "coding": [ {
          "system": "http://loinc.org",
          "code": "29463-7",
          "display": "Body Weight"
        } ],
        "text": "Body Weight"
      },
      "subject": {
        "reference": "urn:uuid:44ab43e4-62ce-aa80-de44-b92ce9a116cc"
      },
      "encounter": {
        "reference": "urn:uuid:44ab43e4-62ce-aa80-e0e2-46948d46463b"
      },
      "effectiveDateTime": "2025-11-29T07:06:36+00:00",
      "issued": "2025-11-29T07:06:36.459+00:00",
      "valueQuantity": {
        "value": 6.7000,
        "unit": "kg",
        "system": "http://unitsofmeasure.org",
        "code": "kg"
      }
    },
    "request": {
      "method": "POST",
      "url": "Observation"
    }
  }, {
    "fullUrl": "urn:uuid:44ab43e4-62ce-aa80-f88f-9616a572f781",
    "resource": {
      "resourceType": "Observation",
      "id": "44ab43e4-62ce-aa80-f88f-9616a572f781",
      "status": "final",
      "category": {
        "coding": [ {
          "system": "http://hl7.org/fhir/observation-category",
          "code": "vital-signs",
          "display": "vital-signs"
        } ],
        "text": "vital-signs"
      },
      "code": {
        "coding": [ {
          "system": "http://loinc.org",
          "code": "77606-2",
          "display": "Weight-for-length Per age and sex"
        } ],
        "text": "Weight-for-length Per age and sex"
      },
      "subject": {
        "reference": "urn:uuid:44ab43e4-62ce-aa80-de44-b92ce9a116cc"
      },
      "encounter": {
        "reference": "urn:uuid:44ab43e4-62ce-aa80-e0e2-46948d46463b"
      },
      "effectiveDateTime": "2025-11-29T07:06:36+00:00",
      "issued": "2025-11-29T07:06:36.459+00:00",
      "valueQuantity": {
        "value": 49.951,
        "unit": "%",
        "system": "http://unitsofmeasure.org",
        "code": "%"
      }
    },
    "request": {
      "method": "POST",
      "url": "Observation"
    }
  }, {
    "fullUrl": "urn:uuid:44ab43e4-62ce-aa80-5126-cfe04bf72ed4",
    "resource": {
      "resourceType": "Observation",
      "id": "44ab43e4-62ce-aa80-5126-cfe04bf72ed4",
      "status": "final",
      "category": {
        "coding": [ {
          "system": "http://hl7.org/fhir/observation-category",
          "code": "vital-signs",
          "display": "vital-signs"
        } ],
        "text": "vital-signs"
      },
      "code": {
        "coding": [ {
          "system": "http://loinc.org",
          "code": "8289-1",
          "display": "Head Occipital-frontal circumference Percentile"
        } ],
        "text": "Head Occipital-frontal circumference Percentile"
      },
      "subject": {
        "reference": "urn:uuid:44ab43e4-62ce-aa80-de44-b92ce9a116cc"
      },
      "encounter": {
        "reference": "urn:uuid:44ab43e4-62ce-aa80-e0e2-46948d46463b"
      },
      "effectiveDateTime": "2025-11-29T07:06:36+00:00",
      "issued": "2025-11-29T07:06:36.459+00:00",
      "valueQuantity": {
        "value": 85.730,
        "unit": "%",
        "system": "http://unitsofmeasure.org",
        "code": "%"
      }
    },
    "request": {
      "method": "POST",
      "url": "Observation"
    }
  }, {
    "fullUrl": "urn:uuid:44ab43e4-62ce-aa80-eec6-9cb43c1482a0",
    "resource": {
      "resourceType": "Observation",
      "id": "44ab43e4-62ce-aa80-eec6-9cb43c1482a0",
      "status": "final",
      "category": {
        "coding": [ {
          "system": "http://hl7.org/fhir/observation-category",
          "code": "vital-signs",
          "display": "vital-signs"
        } ],
        "text": "vital-signs"
      },
      "code": {
        "coding": [ {
          "system": "http://loinc.org",
          "code": "9843-4",
          "display": "Head Occipital-frontal circumference"
        } ],
        "text": "Head Occipital-frontal circumference"
      },
      "subject": {
        "reference": "urn:uuid:44ab43e4-62ce-aa80-de44-b92ce9a116cc"
      },
      "encounter": {
        "reference": "urn:uuid:44ab43e4-62ce-aa80-e0e2-46948d46463b"
      },
      "effectiveDateTime": "2025-11-29T07:06:36+00:00",
      "issued": "2025-11-29T07:06:36.459+00:00",
      "valueQuantity": {
        "value": 41.970,
        "unit": "cm",
        "system": "http://unitsofmeasure.org",
        "code": "cm"
      }
    },
    "request": {
      "method": "POST",
      "url": "Observation"
    }
  }, {
    "fullUrl": "urn:uuid:44ab43e4-62ce-aa80-4aba-146aed1ec87a",
    "resource": {
      "resourceType": "Observation",
      "id": "44ab43e4-62ce-aa80-4aba-146aed1ec87a",
      "status": "final",
      "category": {
        "coding": [ {
          "system": "http://hl7.org/fhir/observation-category",
          "code": "vital-signs",
          "display": "vital-signs"
        } ],
        "text": "vital-signs"
      },
      "code": {
        "coding": [ {
          "system": "http://loinc.org",
          "code": "85354-9",
          "display": "Blood pressure panel with all children optional"
        } ],
        "text": "Blood pressure panel with all children optional"
      },
      "subject": {
        "reference": "urn:uuid:44ab43e4-62ce-aa80-de44-b92ce9a116cc"
      },
      "encounter": {
        "reference": "urn:uuid:44ab43e4-62ce-aa80-e0e2-46948d46463b"
      },
      "effectiveDateTime": "2025-11-29T07:06:36+00:00",
      "issued": "2025-11-29T07:06:36.459+00:00",
      "component": [ {
        "code": {
          "coding": [ {
            "system": "http://loinc.org",
            "code": "8462-4",
            "display": "Diastolic Blood Pressure"
          } ],
          "text": "Diastolic Blood Pressure"
        },
        "valueQuantity": {
          "value": 92,
          "unit": "mm[Hg]",
          "system": "http://unitsofmeasure.org",
          "code": "mm[Hg]"
        }
      }, {
        "code": {
          "coding": [ {
            "system": "http://loinc.org",
            "code": "8480-6",
            "display": "Systolic Blood Pressure"
          } ],
          "text": "Systolic Blood Pressure"
        },
        "valueQuantity": {
          "value": 124,
          "unit": "mm[Hg]",
          "system": "http://unitsofmeasure.org",
          "code": "mm[Hg]"
        }
      } ]
    },
    "request": {
      "method": "POST",
      "url": "Observation"
    }
  }, {
    "fullUrl": "urn:uuid:44ab43e4-62ce-aa80-754e-45865c3130eb",
    "resource": {
      "resourceType": "Observation",
      "id": "44ab43e4-62ce-aa80-754e-45865c3130eb",
      "status": "final",
      "category": {
        "coding": [ {
          "system": "http://hl7.org/fhir/observation-category",
          "code": "vital-signs",
          "display": "vital-signs"
        } ],
        "text": "vital-signs"
      },
      "code": {
        "coding": [ {
          "system": "http://loinc.org",
          "code": "8867-4",
          "display": "Heart rate"
        } ],
        "text": "Heart rate"
      },
      "subject": {
        "reference": "urn:uuid:44ab43e4-62ce-aa80-de44-b92ce9a116cc"
      },
      "encounter": {
        "reference": "urn:uuid:44ab43e4-62ce-aa80-e0e2-46948d46463b"
      },
      "effectiveDateTime": "2025-11-29T07:06:36+00:00",
      "issued": "2025-11-29T07:06:36.459+00:00",
      "valueQuantity": {
        "value": 64,
        "unit": "/min",
        "system": "http://unitsofmeasure.org",
        "code": "/min"
      }
    },
    "request": {
      "method": "POST",
      "url": "Observation"
    }
  }, {
    "fullUrl": "urn:uuid:44ab43e4-62ce-aa80-a061-4760585438f9",
    "resource": {
      "resourceType": "Observation",
      "id": "44ab43e4-62ce-aa80-a061-4760585438f9",
      "status": "final",
      "category": {
        "coding": [ {
          "system": "http://hl7.org/fhir/observation-category",
          "code": "vital-signs",
          "display": "vital-signs"
        } ],
        "text": "vital-signs"
      },
      "code": {
        "coding": [ {
          "system": "http://loinc.org",
          "code": "9279-1",
          "display": "Respiratory rate"
        } ],
        "text": "Respiratory rate"
      },
      "subject": {
        "reference": "urn:uuid:44ab43e4-62ce-aa80-de44-b92ce9a116cc"
      },
      "encounter": {
        "reference": "urn:uuid:44ab43e4-62ce-aa80-e0e2-46948d46463b"
      },
      "effectiveDateTime": "2025-11-29T07:06:36+00:00",
      "issued": "2025-11-29T07:06:36.459+00:00",
      "valueQuantity": {
        "value": 16,
        "unit": "/min",
        "system": "http://unitsofmeasure.org",
        "code": "/min"
      }
    },
    "request": {
      "method": "POST",
      "url": "Observation"
    }
  }, {
    "fullUrl": "urn:uuid:44ab43e4-62ce-aa80-90f7-c2d9a2d2df16",
    "resource": {
      "resourceType": "Observation",
      "id": "44ab43e4-62ce-aa80-90f7-c2d9a2d2df16",
      "status": "final",
      "category": {
        "coding": [ {
          "system": "http://hl7.org/fhir/observation-category",
          "code": "social-history",
          "display": "social-history"
        } ],
        "text": "social-history"
      },
      "code": {
        "coding": [ {
          "system": "http://loinc.org",
          "code": "72166-2",
          "display": "Tobacco smoking status"
        } ],
        "text": "Tobacco smoking status"
      },
      "subject": {
        "reference": "urn:uuid:44ab43e4-62ce-aa80-de44-b92ce9a116cc"
      },
      "encounter": {
        "reference": "urn:uuid:44ab43e4-62ce-aa80-e0e2-46948d46463b"
      },
      "effectiveDateTime": "2025-11-29T07:06:36+00:00",
      "issued": "2025-11-29T07:06:36.459+00:00",
      "valueCodeableConcept": {
        "coding": [ {
          "system": "http://snomed.info/sct",
          "code": "266919005",
          "display": "Never smoked tobacco (finding)"
        } ],
        "text": "Never smoked tobacco (finding)"
      }
    },
    "request": {
      "method": "POST",
      "url": "Observation"
    }
  }, {
    "fullUrl": "urn:uuid:44ab43e4-62ce-aa80-b4e8-2e466efbfcfd",
    "resource": {
      "resourceType": "Immunization",
      "id": "44ab43e4-62ce-aa80-b4e8-2e466efbfcfd",
      "status": "completed",
      "date": "2025-11-29T07:06:36+00:00",
      "vaccineCode": {
        "coding": [ {
          "system": "http://hl7.org/fhir/sid/cvx",
          "code": "49",
          "display": "Hib (PRP-OMP)"
        } ],
        "text": "Hib (PRP-OMP)"
      },
      "patient": {
        "reference": "urn:uuid:44ab43e4-62ce-aa80-de44-b92ce9a116cc"
      },
      "wasNotGiven": false,
      "reported": false,
      "encounter": {
        "reference": "urn:uuid:44ab43e4-62ce-aa80-e0e2-46948d46463b"
      }
    },
    "request": {
      "method": "POST",
      "url": "Immunization"
    }
  }, {
    "fullUrl": "urn:uuid:44ab43e4-62ce-aa80-01d2-dc1399ad7580",
    "resource": {
      "resourceType": "Immunization",
      "id": "44ab43e4-62ce-aa80-01d2-dc1399ad7580",
      "status": "completed",
      "date": "2025-11-29T07:06:36+00:00",
      "vaccineCode": {
        "coding": [ {
          "system": "http://hl7.org/fhir/sid/cvx",
          "code": "119",
          "display": "rotavirus, monovalent"
        } ],
        "text": "rotavirus, monovalent"
      },
      "patient": {
        "reference": "urn:uuid:44ab43e4-62ce-aa80-de44-b92ce9a116cc"
      },
      "wasNotGiven": false,
      "reported": false,
      "encounter": {
        "reference": "urn:uuid:44ab43e4-62ce-aa80-e0e2-46948d46463b"
      }
    },
    "request": {
      "method": "POST",
      "url": "Immunization"
    }
  }, {
    "fullUrl": "urn:uuid:44ab43e4-62ce-aa80-2e9b-ae05c5bc7a7e",
    "resource": {
      "resourceType": "Immunization",
      "id": "44ab43e4-62ce-aa80-2e9b-ae05c5bc7a7e",
      "status": "completed",
      "date": "2025-11-29T07:06:36+00:00",
      "vaccineCode": {
        "coding": [ {
          "system": "http://hl7.org/fhir/sid/cvx",
          "code": "10",
          "display": "IPV"
        } ],
        "text": "IPV"
      },
      "patient": {
        "reference": "urn:uuid:44ab43e4-62ce-aa80-de44-b92ce9a116cc"
      },
      "wasNotGiven": false,
      "reported": false,
      "encounter": {
        "reference": "urn:uuid:44ab43e4-62ce-aa80-e0e2-46948d46463b"
      }
    },
    "request": {
      "method": "POST",
      "url": "Immunization"
    }
  }, {
    "fullUrl": "urn:uuid:44ab43e4-62ce-aa80-9ed9-c0d8759d0f36",
    "resource": {
      "resourceType": "Immunization",
      "id": "44ab43e4-62ce-aa80-9ed9-c0d8759d0f36",
      "status": "completed",
      "date": "2025-11-29T07:06:36+00:00",
      "vaccineCode": {
        "coding": [ {
          "system": "http://hl7.org/fhir/sid/cvx",
          "code": "20",
          "display": "DTaP"
        } ],
        "text": "DTaP"
      },
      "patient": {
        "reference": "urn:uuid:44ab43e4-62ce-aa80-de44-b92ce9a116cc"
      },
      "wasNotGiven": false,
      "reported": false,
      "encounter": {
        "reference": "urn:uuid:44ab43e4-62ce-aa80-e0e2-46948d46463b"
      }
    },
    "request": {
      "method": "POST",
      "url": "Immunization"
    }
  }, {
    "fullUrl": "urn:uuid:44ab43e4-62ce-aa80-41aa-51d0d48072fd",
    "resource": {
      "resourceType": "Immunization",
      "id": "44ab43e4-62ce-aa80-41aa-51d0d48072fd",
      "status": "completed",
      "date": "2025-11-29T07:06:36+00:00",
      "vaccineCode": {
        "coding": [ {
          "system": "http://hl7.org/fhir/sid/cvx",
          "code": "133",
          "display": "Pneumococcal conjugate PCV 13"
        } ],
        "text": "Pneumococcal conjugate PCV 13"
      },
      "patient": {
        "reference": "urn:uuid:44ab43e4-62ce-aa80-de44-b92ce9a116cc"
      },
      "wasNotGiven": false,
      "reported": false,
      "encounter": {
        "reference": "urn:uuid:44ab43e4-62ce-aa80-e0e2-46948d46463b"
      }
    },
    "request": {
      "method": "POST",
      "url": "Immunization"
    }
  }, {
    "fullUrl": "urn:uuid:44ab43e4-62ce-aa80-0bac-30b214910253",
    "resource": {
      "resourceType": "Claim",
      "id": "44ab43e4-62ce-aa80-0bac-30b214910253",
      "type": "institutional",
      "organization": {
        "reference": "Organization?identifier=https://github.com/synthetichealth/synthea|7b95b4ab-5bb6-3abc-b0e5-02689f84228d",
        "display": "READING INTERNAL MEDICINE ASSOCIATES INC"
      },
      "use": "complete",
      "diagnosis": [ {
        "sequence": 1,
        "diagnosis": {
          "system": "http://snomed.info/sct",
          "code": "314529007",
          "display": "Medication review due (situation)"
        }
      } ],
      "patient": {
        "reference": "urn:uuid:44ab43e4-62ce-aa80-de44-b92ce9a116cc"
      },
      "item": [ {
        "sequence": 1,
        "type": {
          "system": "http://hl7.org/fhir/v3/ActCode",
          "code": "CSINV",
          "display": "clinical service invoice"
        },
        "service": {
          "system": "http://snomed.info/sct",
          "code": "410620009",
          "display": "Well child visit (procedure)"
        }
      }, {
        "sequence": 2,
        "type": {
          "system": "http://hl7.org/fhir/v3/ActCode",
          "code": "CSINV",
          "display": "clinical service invoice"
        },
        "service": {
          "system": "http://hl7.org/fhir/sid/cvx",
          "code": "49",
          "display": "Hib (PRP-OMP)"
        },
        "net": {
          "value": 136.00,
          "system": "urn:iso:std:iso:4217",
          "code": "USD"
        }
      }, {
        "sequence": 3,
        "type": {
          "system": "http://hl7.org/fhir/v3/ActCode",
          "code": "CSINV",
          "display": "clinical service invoice"
        },
        "service": {
          "system": "http://hl7.org/fhir/sid/cvx",
          "code": "119",
          "display": "rotavirus, monovalent"
        },
        "net": {
          "value": 136.00,
          "system": "urn:iso:std:iso:4217",
          "code": "USD"
        }
      }, {
        "sequence": 4,
        "type": {
          "system": "http://hl7.org/fhir/v3/ActCode",
          "code": "CSINV",
          "display": "clinical service invoice"
        },
        "service": {
          "system": "http://hl7.org/fhir/sid/cvx",
          "code": "10",
          "display": "IPV"
        },
        "net": {
          "value": 136.00,
          "system": "urn:iso:std:iso:4217",
          "code": "USD"
        }
      }, {
        "sequence": 5,
        "type": {
          "system": "http://hl7.org/fhir/v3/ActCode",
          "code": "CSINV",
          "display": "clinical service invoice"
        },
        "service": {
          "system": "http://hl7.org/fhir/sid/cvx",
          "code": "20",
          "display": "DTaP"
        },
        "net": {
          "value": 136.00,
          "system": "urn:iso:std:iso:4217",
          "code": "USD"
        }
      }, {
        "sequence": 6,
        "type": {
          "system": "http://hl7.org/fhir/v3/ActCode",
          "code": "CSINV",
          "display": "clinical service invoice"
        },
        "service": {
          "system": "http://hl7.org/fhir/sid/cvx",
          "code": "133",
          "display": "Pneumococcal conjugate PCV 13"
        },
        "net": {
          "value": 136.00,
          "system": "urn:iso:std:iso:4217",
          "code": "USD"
        }
      } ]
    },
    "request": {
      "method": "POST",
      "url": "Claim"
    }
  } ]
}
