{
  "resourceType": "Bundle",
  "type": "transaction",
  "entry": [ {
    "fullUrl": "urn:uuid:ccb4d739-de95-e1b6-108d-53185815d129",
    "resource": {
      "resourceType": "Patient",
      "id": "ccb4d739-de95-e1b6-108d-53185815d129",
      "text": {
        "status": "generated",
        "div": "<div xmlns=\"http://www.w3.org/1999/xhtml\">Generated by <a href=\"https://github.com/synthetichealth/synthea\">Synthea</a>.Version identifier: 0087993\n .   Person seed: -531394357996513459  Population seed: 1700579149864</div>"
      },
      "extension": [ {
        "url": "http://hl7.org/fhir/StructureDefinition/us-core-race",
        "valueCodeableConcept": {
          "coding": [ {
            "system": "http://hl7.org/fhir/v3/Race",
            "code": "2054-5",
            "display": "Black or African American"
          } ],
          "text": "Black or African American"
        }
      }, {
        "url": "http://hl7.org/fhir/StructureDefinition/us-core-ethnicity",
        "valueCodeableConcept": {
          "coding": [ {
            "system": "http://hl7.org/fhir/v3/Ethnicity",
            "code": "2186-5",
            "display": "Not Hispanic or Latino"
          } ],
          "text": "Not Hispanic or Latino"
        }
      }, {
        "url": "http://hl7.org/fhir/StructureDefinition/patient-mothersMaidenName",
        "valueString": "Ferne426 Runolfsson901"
      }, {
        "url": "http://hl7.org/fhir/us/core/StructureDefinition/us-core-birthsex",
        "valueCode": "F"
      }, {
        "url": "http://hl7.org/fhir/StructureDefinition/birthPlace",
        "valueAddress": {
          "city": "Acushnet",
          "state": "Massachusetts",
          "country": "US"
        }
      }, {
        "url": "http://synthetichealth.github.io/synthea/disability-adjusted-life-years",
        "valueDecimal": 0.0
      }, {
        "url": "http://synthetichealth.github.io/synthea/quality-adjusted-life-years",
        "valueDecimal": 0.0
      } ],
      "identifier": [ {
        "system": "https://github.com/synthetichealth/synthea",
        "value": "ccb4d739-de95-e1b6-108d-53185815d129"
      }, {
        "type": {
          "coding": [ {
            "system": "http://hl7.org/fhir/v2/0203",
            "code": "MR"
          } ]
        },
        "system": "http://hospital.smarthealthit.org",
        "value": "ccb4d739-de95-e1b6-108d-53185815d129"
      }, {
        "type": {
          "coding": [ {
            "system": "http://hl7.org/fhir/identifier-type",
            "code": "SB"
          } ]
        },
        "system": "http://hl7.org/fhir/sid/us-ssn",
        "value": "999-83-7842"
      } ],
      "name": [ {
        "use": "official",
        "family": [ "Jakubowski832" ],
        "given": [ "Jodie811", "Melina208" ]
      } ],
      "telecom": [ {
        "system": "phone",
        "value": "555-548-6202",
        "use": "home"
      } ],
      "gender": "female",
      "birthDate": "2023-09-05",
      "address": [ {
        "extension": [ {
          "url": "http://hl7.org/fhir/StructureDefinition/geolocation",
          "extension": [ {
            "url": "latitude",
            "valueDecimal": 42.53033408157326
          }, {
            "url": "longitude",
            "valueDecimal": -71.57599406747067
          } ]
        } ],
        "line": [ "923 Bergnaum Underpass Apt 28" ],
        "city": "Harvard",
        "state": "Massachusetts",
        "postalCode": "00000",
        "country": "US"
      } ],
      "maritalStatus": {
        "coding": [ {
          "system": "http://hl7.org/fhir/v3/MaritalStatus",
          "code": "S"
        } ]
      },
      "multipleBirthBoolean": false,
      "communication": [ {
        "language": {
          "coding": [ {
            "system": "urn:ietf:bcp:47",
            "code": "en-US",
            "display": "English (United States)"
          } ],
          "text": "English (United States)"
        }
      } ]
    },
    "request": {
      "method": "POST",
      "url": "Patient"
    }
  }, {
    "fullUrl": "urn:uuid:2dcc6f57-d85d-6644-9b4d-f727fd5cbb4a",
    "resource": {
      "resourceType": "Encounter",
      "id": "2dcc6f57-d85d-6644-9b4d-f727fd5cbb4a",
      "status": "finished",
      "class": "ambulatory",
      "type": [ {
        "coding": [ {
          "system": "http://snomed.info/sct",
          "code": "410620009",
          "display": "Well child visit (procedure)"
        } ],
        "text": "Well child visit (procedure)"
      } ],
      "patient": {
        "reference": "urn:uuid:ccb4d739-de95-e1b6-108d-53185815d129"
      },
      "participant": [ {
        "individual": {
          "reference": "Practitioner?identifier=http://hl7.org/fhir/sid/us-npi|9999990499",
          "display": "Dr. Antonette454 Tromp100"
        }
      } ],
      "period": {
        "start": "2023-09-05T03:23:49+00:00",
        "end": "2023-09-05T03:38:49+00:00"
      },
      "serviceProvider": {
        "reference": "Organization?identifier=https://github.com/synthetichealth/synthea|79508e39-d0b0-3613-9d54-168f6e1c3a18",
        "display": "NASHOBA VALLEY MEDICAL CENTER"
      }
    },
    "request": {
      "method": "POST",
      "url": "Encounter"
    }
  }, {
    "fullUrl": "urn:uuid:5e8129a8-9238-6339-f795-8e4a9be02c1d",
    "resource": {
      "resourceType": "Condition",
      "id": "5e8129a8-9238-6339-f795-8e4a9be02c1d",
      "patient": {
        "reference": "urn:uuid:ccb4d739-de95-e1b6-108d-53185815d129"
      },
      "encounter": {
        "reference": "urn:uuid:2dcc6f57-d85d-6644-9b4d-f727fd5cbb4a"
      },
      "dateRecorded": "2023-09-05",
      "code": {
        "coding": [ {
          "system": "http://snomed.info/sct",
          "code": "314529007",
          "display": "Medication review due (situation)"
        } ],
        "text": "Medication review due (situation)"
      },
      "category": {
        "coding": [ {
          "system": "http://hl7.org/fhir/condition-category",
          "code": "diagnosis"
        } ]
      },
      "clinicalStatus": "resolved",
      "verificationStatus": "confirmed",
      "onsetDateTime": "2023-09-05T03:23:49+00:00",
      "abatementDateTime": "2023-09-05T03:23:49+00:00"
    },
    "request": {
      "method": "POST",
      "url": "Condition"
    }
  }, {
    "fullUrl": "urn:uuid:0d21de8c-670b-4a73-63e5-5c0377f89330",
    "resource": {
      "resourceType": "Observation",
      "id": "0d21de8c-670b-4a73-63e5-5c0377f89330",
      "status": "final",
      "category": {
        "coding": [ {
          "system": "http://hl7.org/fhir/observation-category",
          "code": "vital-signs",
          "display": "vital-signs"
        } ],
        "text": "vital-signs"
      },
      "code": {
        "coding": [ {
          "system": "http://loinc.org",
          "code": "8302-2",
          "display": "Body Height"
        } ],
        "text": "Body Height"
      },
      "subject": {
        "reference": "urn:uuid:ccb4d739-de95-e1b6-108d-53185815d129"
      },
      "encounter": {
        "reference": "urn:uuid:2dcc6f57-d85d-6644-9b4d-f727fd5cbb4a"
      },
      "effectiveDateTime": "2023-09-05T03:23:49+00:00",
      "issued": "2023-09-05T03:23:49.073+00:00",
      "valueQuantity": {
        "value": 54,
        "unit": "cm",
        "system": "http://unitsofmeasure.org",
        "code": "cm"
      }
    },
    "request": {
      "method": "POST",
      "url": "Observation"
    }
  }, {
    "fullUrl": "urn:uuid:0a874733-d95b-6faf-ddfa-ee924794bc60",
    "resource": {
      "resourceType": "Observation",
      "id": "0a874733-d95b-6faf-ddfa-ee924794bc60",
      "status": "final",
      "category": {
        "coding": [ {
          "system": "http://hl7.org/fhir/observation-category",
          "code": "vital-signs",
          "display": "vital-signs"
        } ],
        "text": "vital-signs"
      },
      "code": {
        "coding": [ {
          "system": "http://loinc.org",
          "code": "72514-3",
          "display": "Pain severity - 0-10 verbal numeric rating [Score] - Reported"
        } ],
        "text": "Pain severity - 0-10 verbal numeric rating [Score] - Reported"
      },
      "subject": {
        "reference": "urn:uuid:ccb4d739-de95-e1b6-108d-53185815d129"
      },
      "encounter": {
        "reference": "urn:uuid:2dcc6f57-d85d-6644-9b4d-f727fd5cbb4a"
      },
      "effectiveDateTime": "2023-09-05T03:23:49+00:00",
      "issued": "2023-09-05T03:23:49.073+00:00",
      "valueQuantity": {
        "value": 4,
        "unit": "{score}",
        "system": "http://unitsofmeasure.org",
        "code": "{score}"
      }
    },
    "request": {
      "method": "POST",
      "url": "Observation"
    }
  }, {
    "fullUrl": "urn:uuid:baba3a50-6fa8-5f2f-3825-1306508780d9",
    "resource": {
      "resourceType": "Observation",
      "id": "baba3a50-6fa8-5f2f-3825-1306508780d9",
      "status": "final",
      "category": {
        "coding": [ {
          "system": "http://hl7.org/fhir/observation-category",
          "code": "vital-signs",
          "display": "vital-signs"
        } ],
        "text": "vital-signs"
      },
      "code": {
        "coding": [ {
          "system": "http://loinc.org",
          "code": "29463-7",
          "display": "Body Weight"
        } ],
        "text": "Body Weight"
      },
      "subject": {
        "reference": "urn:uuid:ccb4d739-de95-e1b6-108d-53185815d129"
      },
      "encounter": {
        "reference": "urn:uuid:2dcc6f57-d85d-6644-9b4d-f727fd5cbb4a"
      },
      "effectiveDateTime": "2023-09-05T03:23:49+00:00",
      "issued": "2023-09-05T03:23:49.073+00:00",
      "valueQuantity": {
        "value": 4.1000,
        "unit": "kg",
        "system": "http://unitsofmeasure.org",
        "code": "kg"
      }
    },
    "request": {
      "method": "POST",
      "url": "Observation"
    }
  }, {
    "fullUrl": "urn:uuid:20a1f4a7-3c59-b584-b98e-f06a12c8260c",
    "resource": {
      "resourceType": "Observation",
      "id": "20a1f4a7-3c59-b584-b98e-f06a12c8260c",
      "status": "final",
      "category": {
        "coding": [ {
          "system": "http://hl7.org/fhir/observation-category",
          "code": "vital-signs",
          "display": "vital-signs"
        } ],
        "text": "vital-signs"
      },
      "code": {
        "coding": [ {
          "system": "http://loinc.org",
          "code": "77606-2",
          "display": "Weight-for-length Per age and sex"
        } ],
        "text": "Weight-for-length Per age and sex"
      },
      "subject": {
        "reference": "urn:uuid:ccb4d739-de95-e1b6-108d-53185815d129"
      },
      "encounter": {
        "reference": "urn:uuid:2dcc6f57-d85d-6644-9b4d-f727fd5cbb4a"
      },
      "effectiveDateTime": "2023-09-05T03:23:49+00:00",
      "issued": "2023-09-05T03:23:49.073+00:00",
      "valueQuantity": {
        "value": 18.582,
        "unit": "%",
        "system": "http://unitsofmeasure.org",
        "code": "%"
      }
    },
    "request": {
      "method": "POST",
      "url": "Observation"
    }
  }, {
    "fullUrl": "urn:uuid:7f9a6701-df6a-9380-92b9-afb622fcc2bf",
    "resource": {
      "resourceType": "Observation",
      "id": "7f9a6701-df6a-9380-92b9-afb622fcc2bf",
      "status": "final",
      "category": {
        "coding": [ {
          "system": "http://hl7.org/fhir/observation-category",
          "code": "vital-signs",
          "display": "vital-signs"
        } ],
        "text": "vital-signs"
      },
      "code": {
        "coding": [ {
          "system": "http://loinc.org",
          "code": "8289-1",
          "display": "Head Occipital-frontal circumference Percentile"
        } ],
        "text": "Head Occipital-frontal circumference Percentile"
      },
      "subject": {
        "reference": "urn:uuid:ccb4d739-de95-e1b6-108d-53185815d129"
      },
      "encounter": {
        "reference": "urn:uuid:2dcc6f57-d85d-6644-9b4d-f727fd5cbb4a"
      },
      "effectiveDateTime": "2023-09-05T03:23:49+00:00",
      "issued": "2023-09-05T03:23:49.073+00:00",
      "valueQuantity": {
        "value": 84.700,
        "unit": "%",
        "system": "http://unitsofmeasure.org",
        "code": "%"
      }
    },
    "request": {
      "method": "POST",
      "url": "Observation"
    }
  }, {
    "fullUrl": "urn:uuid:8c06881b-9a37-9450-08fb-41833de64ce2",
    "resource": {
      "resourceType": "Observation",
      "id": "8c06881b-9a37-9450-08fb-41833de64ce2",
      "status": "final",
      "category": {
        "coding": [ {
          "system": "http://hl7.org/fhir/observation-category",
          "code": "vital-signs",
          "display": "vital-signs"
        } ],
        "text": "vital-signs"
      },
      "code": {
        "coding": [ {
          "system": "http://loinc.org",
          "code": "9843-4",
          "display": "Head Occipital-frontal circumference"
        } ],
        "text": "Head Occipital-frontal circumference"
      },
      "subject": {
        "reference": "urn:uuid:ccb4d739-de95-e1b6-108d-53185815d129"
      },
      "encounter": {
        "reference": "urn:uuid:2dcc6f57-d85d-6644-9b4d-f727fd5cbb4a"
      },
      "effectiveDateTime": "2023-09-05T03:23:49+00:00",
      "issued": "2023-09-05T03:23:49.073+00:00",
      "valueQuantity": {
        "value": 36.480,
        "unit": "cm",
        "system": "http://unitsofmeasure.org",
        "code": "cm"
      }
    },
    "request": {
      "method": "POST",
      "url": "Observation"
    }
  }, {
    "fullUrl": "urn:uuid:487368a7-7e6d-bb44-a07f-047942db1ff0",
    "resource": {
      "resourceType": "Observation",
      "id": "487368a7-7e6d-bb44-a07f-047942db1ff0",
      "status": "final",
      "category": {
        "coding": [ {
          "system": "http://hl7.org/fhir/observation-category",
          "code": "vital-signs",
          "display": "vital-signs"
        } ],
        "text": "vital-signs"
      },
      "code": {
        "coding": [ {
          "system": "http://loinc.org",
          "code": "85354-9",
          "display": "Blood pressure panel with all children optional"
        } ],
        "text": "Blood pressure panel with all children optional"
      },
      "subject": {
        "reference": "urn:uuid:ccb4d739-de95-e1b6-108d-53185815d129"
      },
      "encounter": {
        "reference": "urn:uuid:2dcc6f57-d85d-6644-9b4d-f727fd5cbb4a"
      },
      "effectiveDateTime": "2023-09-05T03:23:49+00:00",
      "issued": "2023-09-05T03:23:49.073+00:00",
      "component": [ {
        "code": {
          "coding": [ {
            "system": "http://loinc.org",
            "code": "8462-4",
            "display": "Diastolic Blood Pressure"
          } ],
          "text": "Diastolic Blood Pressure"
        },
        "valueQuantity": {
          "value": 90,
          "unit": "mm[Hg]",
          "system": "http://unitsofmeasure.org",
          "code": "mm[Hg]"
        }
      }, {
        "code": {
          "coding": [ {
            "system": "http://loinc.org",
            "code": "8480-6",
            "display": "Systolic Blood Pressure"
          } ],
          "text": "Systolic Blood Pressure"
        },
        "valueQuantity": {
          "value": 106,
          "unit": "mm[Hg]",
          "system": "http://unitsofmeasure.org",
          "code": "mm[Hg]"
        }
      } ]
    },
    "request": {
      "method": "POST",
      "url": "Observation"
    }
  }, {
    "fullUrl": "urn:uuid:7ccfb055-fd31-a716-096f-fac6ddcd7567",
    "resource": {
      "resourceType": "Observation",
      "id": "7ccfb055-fd31-a716-096f-fac6ddcd7567",
      "status": "final",
      "category": {
        "coding": [ {
          "system": "http://hl7.org/fhir/observation-category",
          "code": "vital-signs",
          "display": "vital-signs"
        } ],
        "text": "vital-signs"
      },
      "code": {
        "coding": [ {
          "system": "http://loinc.org",
          "code": "8867-4",
          "display": "Heart rate"
        } ],
        "text": "Heart rate"
      },
      "subject": {
        "reference": "urn:uuid:ccb4d739-de95-e1b6-108d-53185815d129"
      },
      "encounter": {
        "reference": "urn:uuid:2dcc6f57-d85d-6644-9b4d-f727fd5cbb4a"
      },
      "effectiveDateTime": "2023-09-05T03:23:49+00:00",
      "issued": "2023-09-05T03:23:49.073+00:00",
      "valueQuantity": {
        "value": 72,
        "unit": "/min",
        "system": "http://unitsofmeasure.org",
        "code": "/min"
      }
    },
    "request": {
      "method": "POST",
      "url": "Observation"
    }
  }, {
    "fullUrl": "urn:uuid:d599e415-799e-1f3d-6418-b09839c6bfba",
    "resource": {
      "resourceType": "Observation",
      "id": "d599e415-799e-1f3d-6418-b09839c6bfba",
      "status": "final",
      "category": {
        "coding": [ {
          "system": "http://hl7.org/fhir/observation-category",
          "code": "vital-signs",
          "display": "vital-signs"
        } ],
        "text": "vital-signs"
      },
      "code": {
        "coding": [ {
          "system": "http://loinc.org",
          "code": "9279-1",
          "display": "Respiratory rate"
        } ],
        "text": "Respiratory rate"
      },
      "subject": {
        "reference": "urn:uuid:ccb4d739-de95-e1b6-108d-53185815d129"
      },
      "encounter": {
        "reference": "urn:uuid:2dcc6f57-d85d-6644-9b4d-f727fd5cbb4a"
      },
      "effectiveDateTime": "2023-09-05T03:23:49+00:00",
      "issued": "2023-09-05T03:23:49.073+00:00",
      "valueQuantity": {
        "value": 13,
        "unit": "/min",
        "system": "http://unitsofmeasure.org",
        "code": "/min"
      }
    },
    "request": {
      "method": "POST",
      "url": "Observation"
    }
  }, {
    "fullUrl": "urn:uuid:0178da3b-16c8-7cfd-9ad0-6b8685272297",
    "resource": {
      "resourceType": "Observation",
      "id": "0178da3b-16c8-7cfd-9ad0-6b8685272297",
      "status": "final",
      "category": {
        "coding": [ {
          "system": "http://hl7.org/fhir/observation-category",
          "code": "laboratory",
          "display": "laboratory"
        } ],
        "text": "laboratory"
      },
      "code": {
        "coding": [ {
          "system": "http://loinc.org",
          "code": "6690-2",
          "display": "Leukocytes [#/volume] in Blood by Automated count"
        } ],
        "text": "Leukocytes [#/volume] in Blood by Automated count"
      },
      "subject": {
        "reference": "urn:uuid:ccb4d739-de95-e1b6-108d-53185815d129"
      },
      "encounter": {
        "reference": "urn:uuid:2dcc6f57-d85d-6644-9b4d-f727fd5cbb4a"
      },
      "effectiveDateTime": "2023-09-05T03:23:49+00:00",
      "issued": "2023-09-05T03:23:49.073+00:00",
      "valueQuantity": {
        "value": 10.032,
        "unit": "10*3/uL",
        "system": "http://unitsofmeasure.org",
        "code": "10*3/uL"
      }
    },
    "request": {
      "method": "POST",
      "url": "Observation"
    }
  }, {
    "fullUrl": "urn:uuid:bd1b21fe-2fab-4a76-e2f4-8b3fd1293a9c",
    "resource": {
      "resourceType": "Observation",
      "id": "bd1b21fe-2fab-4a76-e2f4-8b3fd1293a9c",
      "status": "final",
      "category": {
        "coding": [ {
          "system": "http://hl7.org/fhir/observation-category",
          "code": "laboratory",
          "display": "laboratory"
        } ],
        "text": "laboratory"
      },
      "code": {
        "coding": [ {
          "system": "http://loinc.org",
          "code": "789-8",
          "display": "Erythrocytes [#/volume] in Blood by Automated count"
        } ],
        "text": "Erythrocytes [#/volume] in Blood by Automated count"
      },
      "subject": {
        "reference": "urn:uuid:ccb4d739-de95-e1b6-108d-53185815d129"
      },
      "encounter": {
        "reference": "urn:uuid:2dcc6f57-d85d-6644-9b4d-f727fd5cbb4a"
      },
      "effectiveDateTime": "2023-09-05T03:23:49+00:00",
      "issued": "2023-09-05T03:23:49.073+00:00",
      "valueQuantity": {
        "value": 3.9305,
        "unit": "10*6/uL",
        "system": "http://unitsofmeasure.org",
        "code": "10*6/uL"
      }
    },
    "request": {
      "method": "POST",
      "url": "Observation"
    }
  }, {
    "fullUrl": "urn:uuid:a0f85580-aca5-4b87-45ca-40eac0cc798a",
    "resource": {
      "resourceType": "Observation",
      "id": "a0f85580-aca5-4b87-45ca-40eac0cc798a",
      "status": "final",
      "category": {
        "coding": [ {
          "system": "http://hl7.org/fhir/observation-category",
          "code": "laboratory",
          "display": "laboratory"
        } ],
        "text": "laboratory"
      },
      "code": {
        "coding": [ {
          "system": "http://loinc.org",
          "code": "718-7",
          "display": "Hemoglobin [Mass/volume] in Blood"
        } ],
        "text": "Hemoglobin [Mass/volume] in Blood"
      },
      "subject": {
        "reference": "urn:uuid:ccb4d739-de95-e1b6-108d-53185815d129"
      },
      "encounter": {
        "reference": "urn:uuid:2dcc6f57-d85d-6644-9b4d-f727fd5cbb4a"
      },
      "effectiveDateTime": "2023-09-05T03:23:49+00:00",
      "issued": "2023-09-05T03:23:49.073+00:00",
      "valueQuantity": {
        "value": 15.618,
        "unit": "g/dL",
        "system": "http://unitsofmeasure.org",
        "code": "g/dL"
      }
    },
    "request": {
      "method": "POST",
      "url": "Observation"
    }
  }, {
    "fullUrl": "urn:uuid:2bc41984-c0cf-9c15-8894-ac92f59c0f08",
    "resource": {
      "resourceType": "Observation",
      "id": "2bc41984-c0cf-9c15-8894-ac92f59c0f08",
      "status": "final",
      "category": {
        "coding": [ {
          "system": "http://hl7.org/fhir/observation-category",
          "code": "laboratory",
          "display": "laboratory"
        } ],
        "text": "laboratory"
      },
      "code": {
        "coding": [ {
          "system": "http://loinc.org",
          "code": "4544-3",
          "display": "Hematocrit [Volume Fraction] of Blood by Automated count"
        } ],
        "text": "Hematocrit [Volume Fraction] of Blood by Automated count"
      },
      "subject": {
        "reference": "urn:uuid:ccb4d739-de95-e1b6-108d-53185815d129"
      },
      "encounter": {
        "reference": "urn:uuid:2dcc6f57-d85d-6644-9b4d-f727fd5cbb4a"
      },
      "effectiveDateTime": "2023-09-05T03:23:49+00:00",
      "issued": "2023-09-05T03:23:49.073+00:00",
      "valueQuantity": {
        "value": 39.841,
        "unit": "%",
        "system": "http://unitsofmeasure.org",
        "code": "%"
      }
    },
    "request": {
      "method": "POST",
      "url": "Observation"
    }
  }, {
    "fullUrl": "urn:uuid:9d964aa7-7b33-178c-4638-05228b357a11",
    "resource": {
      "resourceType": "Observation",
      "id": "9d964aa7-7b33-178c-4638-05228b357a11",
      "status": "final",
      "category": {
        "coding": [ {
          "system": "http://hl7.org/fhir/observation-category",
          "code": "laboratory",
          "display": "laboratory"
        } ],
        "text": "laboratory"
      },
      "code": {
        "coding": [ {
          "system": "http://loinc.org",
          "code": "787-2",
          "display": "MCV [Entitic volume] by Automated count"
        } ],
        "text": "MCV [Entitic volume] by Automated count"
      },
      "subject": {
        "reference": "urn:uuid:ccb4d739-de95-e1b6-108d-53185815d129"
      },
      "encounter": {
        "reference": "urn:uuid:2dcc6f57-d85d-6644-9b4d-f727fd5cbb4a"
      },
      "effectiveDateTime": "2023-09-05T03:23:49+00:00",
      "issued": "2023-09-05T03:23:49.073+00:00",
      "valueQuantity": {
        "value": 87.395,
        "unit": "fL",
        "system": "http://unitsofmeasure.org",
        "code": "fL"
      }
    },
    "request": {
      "method": "POST",
      "url": "Observation"
    }
  }, {
    "fullUrl": "urn:uuid:2212af91-9cb2-4749-e7bb-8790397f89f3",
    "resource": {
      "resourceType": "Observation",
      "id": "2212af91-9cb2-4749-e7bb-8790397f89f3",
      "status": "final",
      "category": {
        "coding": [ {
          "system": "http://hl7.org/fhir/observation-category",
          "code": "laboratory",
          "display": "laboratory"
        } ],
        "text": "laboratory"
      },
      "code": {
        "coding": [ {
          "system": "http://loinc.org",
          "code": "785-6",
          "display": "MCH [Entitic mass] by Automated count"
        } ],
        "text": "MCH [Entitic mass] by Automated count"
      },
      "subject": {
        "reference": "urn:uuid:ccb4d739-de95-e1b6-108d-53185815d129"
      },
      "encounter": {
        "reference": "urn:uuid:2dcc6f57-d85d-6644-9b4d-f727fd5cbb4a"
      },
      "effectiveDateTime": "2023-09-05T03:23:49+00:00",
      "issued": "2023-09-05T03:23:49.073+00:00",
      "valueQuantity": {
        "value": 32.241,
        "unit": "pg",
        "system": "http://unitsofmeasure.org",
        "code": "pg"
      }
    },
    "request": {
      "method": "POST",
      "url": "Observation"
    }
  }, {
    "fullUrl": "urn:uuid:536490b3-8cfd-88a9-e88b-bb99a89e7a58",
    "resource": {
      "resourceType": "Observation",
      "id": "536490b3-8cfd-88a9-e88b-bb99a89e7a58",
      "status": "final",
      "category": {
        "coding": [ {
          "system": "http://hl7.org/fhir/observation-category",
          "code": "laboratory",
          "display": "laboratory"
        } ],
        "text": "laboratory"
      },
      "code": {
        "coding": [ {
          "system": "http://loinc.org",
          "code": "786-4",
          "display": "MCHC [Mass/volume] by Automated count"
        } ],
        "text": "MCHC [Mass/volume] by Automated count"
      },
      "subject": {
        "reference": "urn:uuid:ccb4d739-de95-e1b6-108d-53185815d129"
      },
      "encounter": {
        "reference": "urn:uuid:2dcc6f57-d85d-6644-9b4d-f727fd5cbb4a"
      },
      "effectiveDateTime": "2023-09-05T03:23:49+00:00",
      "issued": "2023-09-05T03:23:49.073+00:00",
      "valueQuantity": {
        "value": 35.094,
        "unit": "g/dL",
        "system": "http://unitsofmeasure.org",
        "code": "g/dL"
      }
    },
    "request": {
      "method": "POST",
      "url": "Observation"
    }
  }, {
    "fullUrl": "urn:uuid:63fb514c-9eaa-55af-f0d3-e9a7270b3a0b",
    "resource": {
      "resourceType": "Observation",
      "id": "63fb514c-9eaa-55af-f0d3-e9a7270b3a0b",
      "status": "final",
      "category": {
        "coding": [ {
          "system": "http://hl7.org/fhir/observation-category",
          "code": "laboratory",
          "display": "laboratory"
        } ],
        "text": "laboratory"
      },
      "code": {
        "coding": [ {
          "system": "http://loinc.org",
          "code": "21000-5",
          "display": "Erythrocyte distribution width [Entitic volume] by Automated count"
        } ],
        "text": "Erythrocyte distribution width [Entitic volume] by Automated count"
      },
      "subject": {
        "reference": "urn:uuid:ccb4d739-de95-e1b6-108d-53185815d129"
      },
      "encounter": {
        "reference": "urn:uuid:2dcc6f57-d85d-6644-9b4d-f727fd5cbb4a"
      },
      "effectiveDateTime": "2023-09-05T03:23:49+00:00",
      "issued": "2023-09-05T03:23:49.073+00:00",
      "valueQuantity": {
        "value": 44.859,
        "unit": "fL",
        "system": "http://unitsofmeasure.org",
        "code": "fL"
      }
    },
    "request": {
      "method": "POST",
      "url": "Observation"
    }
  }, {
    "fullUrl": "urn:uuid:c06a06f6-f4aa-0377-4402-80a36ccc2e80",
    "resource": {
      "resourceType": "Observation",
      "id": "c06a06f6-f4aa-0377-4402-80a36ccc2e80",
      "status": "final",
      "category": {
        "coding": [ {
          "system": "http://hl7.org/fhir/observation-category",
          "code": "laboratory",
          "display": "laboratory"
        } ],
        "text": "laboratory"
      },
      "code": {
        "coding": [ {
          "system": "http://loinc.org",
          "code": "777-3",
          "display": "Platelets [#/volume] in Blood by Automated count"
        } ],
        "text": "Platelets [#/volume] in Blood by Automated count"
      },
      "subject": {
        "reference": "urn:uuid:ccb4d739-de95-e1b6-108d-53185815d129"
      },
      "encounter": {
        "reference": "urn:uuid:2dcc6f57-d85d-6644-9b4d-f727fd5cbb4a"
      },
      "effectiveDateTime": "2023-09-05T03:23:49+00:00",
      "issued": "2023-09-05T03:23:49.073+00:00",
      "valueQuantity": {
        "value": 170.11,
        "unit": "10*3/uL",
        "system": "http://unitsofmeasure.org",
        "code": "10*3/uL"
      }
    },
    "request": {
      "method": "POST",
      "url": "Observation"
    }
  }, {
    "fullUrl": "urn:uuid:11abe3f7-230e-6ffd-d9c3-f3f34c5df642",
    "resource": {
      "resourceType": "Observation",
      "id": "11abe3f7-230e-6ffd-d9c3-f3f34c5df642",
      "status": "final",
      "category": {
        "coding": [ {
          "system": "http://hl7.org/fhir/observation-category",
          "code": "laboratory",
          "display": "laboratory"
        } ],
        "text": "laboratory"
      },
      "code": {
        "coding": [ {
          "system": "http://loinc.org",
          "code": "32207-3",
          "display": "Platelet distribution width [Entitic volume] in Blood by Automated count"
        } ],
        "text": "Platelet distribution width [Entitic volume] in Blood by Automated count"
      },
      "subject": {
        "reference": "urn:uuid:ccb4d739-de95-e1b6-108d-53185815d129"
      },
      "encounter": {
        "reference": "urn:uuid:2dcc6f57-d85d-6644-9b4d-f727fd5cbb4a"
      },
      "effectiveDateTime": "2023-09-05T03:23:49+00:00",
      "issued": "2023-09-05T03:23:49.073+00:00",
      "valueQuantity": {
        "value": 307.44,
        "unit": "fL",
        "system": "http://unitsofmeasure.org",
        "code": "fL"
      }
    },
    "request": {
      "method": "POST",
      "url": "Observation"
    }
  }, {
    "fullUrl": "urn:uuid:ee7265fb-c086-0cd6-4d8b-18d2dcd35acf",
    "resource": {
      "resourceType": "Observation",
      "id": "ee7265fb-c086-0cd6-4d8b-18d2dcd35acf",
      "status": "final",
      "category": {
        "coding": [ {
          "system": "http://hl7.org/fhir/observation-category",
          "code": "laboratory",
          "display": "laboratory"
        } ],
        "text": "laboratory"
      },
      "code": {
        "coding": [ {
          "system": "http://loinc.org",
          "code": "32623-1",
          "display": "Platelet mean volume [Entitic volume] in Blood by Automated count"
        } ],
        "text": "Platelet mean volume [Entitic volume] in Blood by Automated count"
      },
      "subject": {
        "reference": "urn:uuid:ccb4d739-de95-e1b6-108d-53185815d129"
      },
      "encounter": {
        "reference": "urn:uuid:2dcc6f57-d85d-6644-9b4d-f727fd5cbb4a"
      },
      "effectiveDateTime": "2023-09-05T03:23:49+00:00",
      "issued": "2023-09-05T03:23:49.073+00:00",
      "valueQuantity": {
        "value": 12.026,
        "unit": "fL",
        "system": "http://unitsofmeasure.org",
        "code": "fL"
      }
    },
    "request": {
      "method": "POST",
      "url": "Observation"
    }
  }, {
    "fullUrl": "urn:uuid:8cef8fba-9e80-de98-86c8-7310bb64b745",
    "resource": {
      "resourceType": "Observation",
      "id": "8cef8fba-9e80-de98-86c8-7310bb64b745",
      "status": "final",
      "category": {
        "coding": [ {
          "system": "http://hl7.org/fhir/observation-category",
          "code": "social-history",
          "display": "social-history"
        } ],
        "text": "social-history"
      },
      "code": {
        "coding": [ {
          "system": "http://loinc.org",
          "code": "72166-2",
          "display": "Tobacco smoking status"
        } ],
        "text": "Tobacco smoking status"
      },
      "subject": {
        "reference": "urn:uuid:ccb4d739-de95-e1b6-108d-53185815d129"
      },
      "encounter": {
        "reference": "urn:uuid:2dcc6f57-d85d-6644-9b4d-f727fd5cbb4a"
      },
      "effectiveDateTime": "2023-09-05T03:23:49+00:00",
      "issued": "2023-09-05T03:23:49.073+00:00",
      "valueCodeableConcept": {
        "coding": [ {
          "system": "http://snomed.info/sct",
          "code": "266919005",
          "display": "Never smoked tobacco (finding)"
        } ],
        "text": "Never smoked tobacco (finding)"
      }
    },
    "request": {
      "method": "POST",
      "url": "Observation"
    }
  }, {
    "fullUrl": "urn:uuid:8630aff1-3335-9bc8-e199-7bbb5de6cfbe",
    "resource": {
      "resourceType": "Procedure",
      "id": "8630aff1-3335-9bc8-e199-7bbb5de6cfbe",
      "subject": {
        "reference": "urn:uuid:ccb4d739-de95-e1b6-108d-53185815d129"
      },
      "status": "completed",
      "code": {
        "coding": [ {
          "system": "http://snomed.info/sct",
          "code": "430193006",
          "display": "Medication Reconciliation (procedure)"
        } ],
        "text": "Medication Reconciliation (procedure)"
      },
      "performedPeriod": {
        "start": "2023-09-05T03:23:49+00:00",
        "end": "2023-09-05T03:38:49+00:00"
      },
      "encounter": {
        "reference": "urn:uuid:2dcc6f57-d85d-6644-9b4d-f727fd5cbb4a"
      }
    },
    "request": {
      "method": "POST",
      "url": "Procedure"
    }
  }, {
    "fullUrl": "urn:uuid:29298e93-0e0e-94b2-b41f-d5ef0ebc5919",
    "resource": {
      "resourceType": "Immunization",
      "id": "29298e93-0e0e-94b2-b41f-d5ef0ebc5919",
      "status": "completed",
      "date": "2023-09-05T03:23:49+00:00",
      "vaccineCode": {
        "coding": [ {
          "system": "http://hl7.org/fhir/sid/cvx",
          "code": "08",
          "display": "Hep B, adolescent or pediatric"
        } ],
        "text": "Hep B, adolescent or pediatric"
      },
      "patient": {
        "reference": "urn:uuid:ccb4d739-de95-e1b6-108d-53185815d129"
      },
      "wasNotGiven": false,
      "reported": false,
      "encounter": {
        "reference": "urn:uuid:2dcc6f57-d85d-6644-9b4d-f727fd5cbb4a"
      }
    },
    "request": {
      "method": "POST",
      "url": "Immunization"
    }
  }, {
    "fullUrl": "urn:uuid:1aacf26a-e328-ce8d-dfde-6e0b742606f0",
    "resource": {
      "resourceType": "DiagnosticReport",
      "id": "1aacf26a-e328-ce8d-dfde-6e0b742606f0",
      "status": "final",
      "category": {
        "coding": [ {
          "system": "http://hl7.org/fhir/ValueSet/diagnostic-service-sections",
          "code": "LAB"
        } ]
      },
      "code": {
        "coding": [ {
          "system": "http://loinc.org",
          "code": "58410-2",
          "display": "CBC panel - Blood by Automated count"
        } ],
        "text": "CBC panel - Blood by Automated count"
      },
      "subject": {
        "reference": "urn:uuid:ccb4d739-de95-e1b6-108d-53185815d129"
      },
      "encounter": {
        "reference": "urn:uuid:2dcc6f57-d85d-6644-9b4d-f727fd5cbb4a"
      },
      "effectiveDateTime": "2023-09-05T03:23:49+00:00",
      "issued": "2023-09-05T03:23:49.073+00:00",
      "performer": {
        "reference": "Organization?identifier=https://github.com/synthetichealth/synthea|79508e39-d0b0-3613-9d54-168f6e1c3a18",
        "display": "NASHOBA VALLEY MEDICAL CENTER"
      },
      "result": [ {
        "reference": "urn:uuid:ee7265fb-c086-0cd6-4d8b-18d2dcd35acf",
        "display": "Platelet mean volume [Entitic volume] in Blood by Automated count"
      } ]
    },
    "request": {
      "method": "POST",
      "url": "DiagnosticReport"
    }
  }, {
    "fullUrl": "urn:uuid:b080a921-696f-5735-cf7d-5110b8877d53",
    "resource": {
      "resourceType": "Claim",
      "id": "b080a921-696f-5735-cf7d-5110b8877d53",
      "type": "institutional",
      "organization": {
        "reference": "Organization?identifier=https://github.com/synthetichealth/synthea|79508e39-d0b0-3613-9d54-168f6e1c3a18",
        "display": "NASHOBA VALLEY MEDICAL CENTER"
      },
      "use": "complete",
      "diagnosis": [ {
        "sequence": 1,
        "diagnosis": {
          "system": "http://snomed.info/sct",
          "code": "314529007",
          "display": "Medication review due (situation)"
        }
      } ],
      "patient": {
        "reference": "urn:uuid:ccb4d739-de95-e1b6-108d-53185815d129"
      },
      "item": [ {
        "sequence": 1,
        "type": {
          "system": "http://hl7.org/fhir/v3/ActCode",
          "code": "CSINV",
          "display": "clinical service invoice"
        },
        "service": {
          "system": "http://snomed.info/sct",
          "code": "410620009",
          "display": "Well child visit (procedure)"
        }
      }, {
        "sequence": 2,
        "type": {
          "system": "http://hl7.org/fhir/v3/ActCode",
          "code": "CSINV",
          "display": "clinical service invoice"
        },
        "service": {
          "system": "http://hl7.org/fhir/sid/cvx",
          "code": "08",
          "display": "Hep B, adolescent or pediatric"
        },
        "net": {
          "value": 136.00,
          "system": "urn:iso:std:iso:4217",
          "code": "USD"
        }
      }, {
        "sequence": 4,
        "type": {
          "system": "http://hl7.org/fhir/v3/ActCode",
          "code": "CSINV",
          "display": "clinical service invoice"
        },
        "service": {
          "system": "http://snomed.info/sct",
          "code": "430193006",
          "display": "Medication Reconciliation (procedure)"
        },
        "net": {
          "value": 428.35,
          "system": "urn:iso:std:iso:4217",
          "code": "USD"
        }
      }, {
        "sequence": 5,
        "type": {
          "system": "http://hl7.org/fhir/v3/ActCode",
          "code": "CSINV",
          "display": "clinical service invoice"
        },
        "service": {
          "system": "http://loinc.org",
          "code": "58410-2",
          "display": "CBC panel - Blood by Automated count"
        },
        "net": {
          "value": 74.58,
          "system": "urn:iso:std:iso:4217",
          "code": "USD"
        }
      } ]
    },
    "request": {
      "method": "POST",
      "url": "Claim"
    }
  }, {
    "fullUrl": "urn:uuid:964385af-7c35-ded5-f551-d4d8ab1d41d7",
    "resource": {
      "resourceType": "Encounter",
      "id": "964385af-7c35-ded5-f551-d4d8ab1d41d7",
      "status": "finished",
      "class": "ambulatory",
      "type": [ {
        "coding": [ {
          "system": "http://snomed.info/sct",
          "code": "410620009",
          "display": "Well child visit (procedure)"
        } ],
        "text": "Well child visit (procedure)"
      } ],
      "patient": {
        "reference": "urn:uuid:ccb4d739-de95-e1b6-108d-53185815d129"
      },
      "participant": [ {
        "individual": {
          "reference": "Practitioner?identifier=http://hl7.org/fhir/sid/us-npi|9999990499",
          "display": "Dr. Antonette454 Tromp100"
        }
      } ],
      "period": {
        "start": "2023-10-10T03:23:49+00:00",
        "end": "2023-10-10T03:38:49+00:00"
      },
      "serviceProvider": {
        "reference": "Organization?identifier=https://github.com/synthetichealth/synthea|79508e39-d0b0-3613-9d54-168f6e1c3a18",
        "display": "NASHOBA VALLEY MEDICAL CENTER"
      }
    },
    "request": {
      "method": "POST",
      "url": "Encounter"
    }
  }, {
    "fullUrl": "urn:uuid:fb8c5435-3470-a724-d183-ba7a8d5cf6d3",
    "resource": {
      "resourceType": "Condition",
      "id": "fb8c5435-3470-a724-d183-ba7a8d5cf6d3",
      "patient": {
        "reference": "urn:uuid:ccb4d739-de95-e1b6-108d-53185815d129"
      },
      "encounter": {
        "reference": "urn:uuid:964385af-7c35-ded5-f551-d4d8ab1d41d7"
      },
      "dateRecorded": "2023-10-10",
      "code": {
        "coding": [ {
          "system": "http://snomed.info/sct",
          "code": "314529007",
          "display": "Medication review due (situation)"
        } ],
        "text": "Medication review due (situation)"
      },
      "category": {
        "coding": [ {
          "system": "http://hl7.org/fhir/condition-category",
          "code": "diagnosis"
        } ]
      },
      "clinicalStatus": "resolved",
      "verificationStatus": "confirmed",
      "onsetDateTime": "2023-10-10T03:23:49+00:00",
      "abatementDateTime": "2023-10-10T03:23:49+00:00"
    },
    "request": {
      "method": "POST",
      "url": "Condition"
    }
  }, {
    "fullUrl": "urn:uuid:5bb93be9-e7d7-bea6-73be-6f298421e17d",
    "resource": {
      "resourceType": "Observation",
      "id": "5bb93be9-e7d7-bea6-73be-6f298421e17d",
      "status": "final",
      "category": {
        "coding": [ {
          "system": "http://hl7.org/fhir/observation-category",
          "code": "vital-signs",
          "display": "vital-signs"
        } ],
        "text": "vital-signs"
      },
      "code": {
        "coding": [ {
          "system": "http://loinc.org",
          "code": "8302-2",
          "display": "Body Height"
        } ],
        "text": "Body Height"
      },
      "subject": {
        "reference": "urn:uuid:ccb4d739-de95-e1b6-108d-53185815d129"
      },
      "encounter": {
        "reference": "urn:uuid:964385af-7c35-ded5-f551-d4d8ab1d41d7"
      },
      "effectiveDateTime": "2023-10-10T03:23:49+00:00",
      "issued": "2023-10-10T03:23:49.073+00:00",
      "valueQuantity": {
        "value": 57.5,
        "unit": "cm",
        "system": "http://unitsofmeasure.org",
        "code": "cm"
      }
    },
    "request": {
      "method": "POST",
      "url": "Observation"
    }
  }, {
    "fullUrl": "urn:uuid:c0b47366-eba5-6049-8284-25963973b90c",
    "resource": {
      "resourceType": "Observation",
      "id": "c0b47366-eba5-6049-8284-25963973b90c",
      "status": "final",
      "category": {
        "coding": [ {
          "system": "http://hl7.org/fhir/observation-category",
          "code": "vital-signs",
          "display": "vital-signs"
        } ],
        "text": "vital-signs"
      },
      "code": {
        "coding": [ {
          "system": "http://loinc.org",
          "code": "72514-3",
          "display": "Pain severity - 0-10 verbal numeric rating [Score] - Reported"
        } ],
        "text": "Pain severity - 0-10 verbal numeric rating [Score] - Reported"
      },
      "subject": {
        "reference": "urn:uuid:ccb4d739-de95-e1b6-108d-53185815d129"
      },
      "encounter": {
        "reference": "urn:uuid:964385af-7c35-ded5-f551-d4d8ab1d41d7"
      },
      "effectiveDateTime": "2023-10-10T03:23:49+00:00",
      "issued": "2023-10-10T03:23:49.073+00:00",
      "valueQuantity": {
        "value": 1,
        "unit": "{score}",
        "system": "http://unitsofmeasure.org",
        "code": "{score}"
      }
    },
    "request": {
      "method": "POST",
      "url": "Observation"
    }
  }, {
    "fullUrl": "urn:uuid:7d7476e6-2025-8d67-2730-28941ae22902",
    "resource": {
      "resourceType": "Observation",
      "id": "7d7476e6-2025-8d67-2730-28941ae22902",
      "status": "final",
      "category": {
        "coding": [ {
          "system": "http://hl7.org/fhir/observation-category",
          "code": "vital-signs",
          "display": "vital-signs"
        } ],
        "text": "vital-signs"
      },
      "code": {
        "coding": [ {
          "system": "http://loinc.org",
          "code": "29463-7",
          "display": "Body Weight"
        } ],
        "text": "Body Weight"
      },
      "subject": {
        "reference": "urn:uuid:ccb4d739-de95-e1b6-108d-53185815d129"
      },
      "encounter": {
        "reference": "urn:uuid:964385af-7c35-ded5-f551-d4d8ab1d41d7"
      },
      "effectiveDateTime": "2023-10-10T03:23:49+00:00",
      "issued": "2023-10-10T03:23:49.073+00:00",
      "valueQuantity": {
        "value": 4.9000,
        "unit": "kg",
        "system": "http://unitsofmeasure.org",
        "code": "kg"
      }
    },
    "request": {
      "method": "POST",
      "url": "Observation"
    }
  }, {
    "fullUrl": "urn:uuid:4f4fd928-e79c-3f9c-7932-4eafa0b8cd5e",
    "resource": {
      "resourceType": "Observation",
      "id": "4f4fd928-e79c-3f9c-7932-4eafa0b8cd5e",
      "status": "final",
      "category": {
        "coding": [ {
          "system": "http://hl7.org/fhir/observation-category",
          "code": "vital-signs",
          "display": "vital-signs"
        } ],
        "text": "vital-signs"
      },
      "code": {
        "coding": [ {
          "system": "http://loinc.org",
          "code": "77606-2",
          "display": "Weight-for-length Per age and sex"
        } ],
        "text": "Weight-for-length Per age and sex"
      },
      "subject": {
        "reference": "urn:uuid:ccb4d739-de95-e1b6-108d-53185815d129"
      },
      "encounter": {
        "reference": "urn:uuid:964385af-7c35-ded5-f551-d4d8ab1d41d7"
      },
      "effectiveDateTime": "2023-10-10T03:23:49+00:00",
      "issued": "2023-10-10T03:23:49.073+00:00",
      "valueQuantity": {
        "value": 10.608,
        "unit": "%",
        "system": "http://unitsofmeasure.org",
        "code": "%"
      }
    },
    "request": {
      "method": "POST",
      "url": "Observation"
    }
  }, {
    "fullUrl": "urn:uuid:82b5289c-4d2f-f011-4a64-aff76c4e6edc",
    "resource": {
      "resourceType": "Observation",
      "id": "82b5289c-4d2f-f011-4a64-aff76c4e6edc",
      "status": "final",
      "category": {
        "coding": [ {
          "system": "http://hl7.org/fhir/observation-category",
          "code": "vital-signs",
          "display": "vital-signs"
        } ],
        "text": "vital-signs"
      },
      "code": {
        "coding": [ {
          "system": "http://loinc.org",
          "code": "8289-1",
          "display": "Head Occipital-frontal circumference Percentile"
        } ],
        "text": "Head Occipital-frontal circumference Percentile"
      },
      "subject": {
        "reference": "urn:uuid:ccb4d739-de95-e1b6-108d-53185815d129"
      },
      "encounter": {
        "reference": "urn:uuid:964385af-7c35-ded5-f551-d4d8ab1d41d7"
      },
      "effectiveDateTime": "2023-10-10T03:23:49+00:00",
      "issued": "2023-10-10T03:23:49.073+00:00",
      "valueQuantity": {
        "value": 84.700,
        "unit": "%",
        "system": "http://unitsofmeasure.org",
        "code": "%"
      }
    },
    "request": {
      "method": "POST",
      "url": "Observation"
    }
  }, {
    "fullUrl": "urn:uuid:171640d5-500f-b545-0797-c61be65fc77e",
    "resource": {
      "resourceType": "Observation",
      "id": "171640d5-500f-b545-0797-c61be65fc77e",
      "status": "final",
      "category": {
        "coding": [ {
          "system": "http://hl7.org/fhir/observation-category",
          "code": "vital-signs",
          "display": "vital-signs"
        } ],
        "text": "vital-signs"
      },
      "code": {
        "coding": [ {
          "system": "http://loinc.org",
          "code": "9843-4",
          "display": "Head Occipital-frontal circumference"
        } ],
        "text": "Head Occipital-frontal circumference"
      },
      "subject": {
        "reference": "urn:uuid:ccb4d739-de95-e1b6-108d-53185815d129"
      },
      "encounter": {
        "reference": "urn:uuid:964385af-7c35-ded5-f551-d4d8ab1d41d7"
      },
      "effectiveDateTime": "2023-10-10T03:23:49+00:00",
      "issued": "2023-10-10T03:23:49.073+00:00",
      "valueQuantity": {
        "value": 39.540,
        "unit": "cm",
        "system": "http://unitsofmeasure.org",
        "code": "cm"
      }
    },
    "request": {
      "method": "POST",
      "url": "Observation"
    }
  }, {
    "fullUrl": "urn:uuid:9ababa3d-b2b8-8b80-7031-f62a49478649",
    "resource": {
      "resourceType": "Observation",
      "id": "9ababa3d-b2b8-8b80-7031-f62a49478649",
      "status": "final",
      "category": {
        "coding": [ {
          "system": "http://hl7.org/fhir/observation-category",
          "code": "vital-signs",
          "display": "vital-signs"
        } ],
        "text": "vital-signs"
      },
      "code": {
        "coding": [ {
          "system": "http://loinc.org",
          "code": "85354-9",
          "display": "Blood pressure panel with all children optional"
        } ],
        "text": "Blood pressure panel with all children optional"
      },
      "subject": {
        "reference": "urn:uuid:ccb4d739-de95-e1b6-108d-53185815d129"
      },
      "encounter": {
        "reference": "urn:uuid:964385af-7c35-ded5-f551-d4d8ab1d41d7"
      },
      "effectiveDateTime": "2023-10-10T03:23:49+00:00",
      "issued": "2023-10-10T03:23:49.073+00:00",
      "component": [ {
        "code": {
          "coding": [ {
            "system": "http://loinc.org",
            "code": "8462-4",
            "display": "Diastolic Blood Pressure"
          } ],
          "text": "Diastolic Blood Pressure"
        },
        "valueQuantity": {
          "value": 87,
          "unit": "mm[Hg]",
          "system": "http://unitsofmeasure.org",
          "code": "mm[Hg]"
        }
      }, {
        "code": {
          "coding": [ {
            "system": "http://loinc.org",
            "code": "8480-6",
            "display": "Systolic Blood Pressure"
          } ],
          "text": "Systolic Blood Pressure"
        },
        "valueQuantity": {
          "value": 104,
          "unit": "mm[Hg]",
          "system": "http://unitsofmeasure.org",
          "code": "mm[Hg]"
        }
      } ]
    },
    "request": {
      "method": "POST",
      "url": "Observation"
    }
  }, {
    "fullUrl": "urn:uuid:0abb1757-d225-9e77-796c-db7354c9c290",
    "resource": {
      "resourceType": "Observation",
      "id": "0abb1757-d225-9e77-796c-db7354c9c290",
      "status": "final",
      "category": {
        "coding": [ {
          "system": "http://hl7.org/fhir/observation-category",
          "code": "vital-signs",
          "display": "vital-signs"
        } ],
        "text": "vital-signs"
      },
      "code": {
        "coding": [ {
          "system": "http://loinc.org",
          "code": "8867-4",
          "display": "Heart rate"
        } ],
        "text": "Heart rate"
      },
      "subject": {
        "reference": "urn:uuid:ccb4d739-de95-e1b6-108d-53185815d129"
      },
      "encounter": {
        "reference": "urn:uuid:964385af-7c35-ded5-f551-d4d8ab1d41d7"
      },
      "effectiveDateTime": "2023-10-10T03:23:49+00:00",
      "issued": "2023-10-10T03:23:49.073+00:00",
      "valueQuantity": {
        "value": 86,
        "unit": "/min",
        "system": "http://unitsofmeasure.org",
        "code": "/min"
      }
    },
    "request": {
      "method": "POST",
      "url": "Observation"
    }
  }, {
    "fullUrl": "urn:uuid:bb9635c8-f496-22d6-d7c7-b40bb9310129",
    "resource": {
      "resourceType": "Observation",
      "id": "bb9635c8-f496-22d6-d7c7-b40bb9310129",
      "status": "final",
      "category": {
        "coding": [ {
          "system": "http://hl7.org/fhir/observation-category",
          "code": "vital-signs",
          "display": "vital-signs"
        } ],
        "text": "vital-signs"
      },
      "code": {
        "coding": [ {
          "system": "http://loinc.org",
          "code": "9279-1",
          "display": "Respiratory rate"
        } ],
        "text": "Respiratory rate"
      },
      "subject": {
        "reference": "urn:uuid:ccb4d739-de95-e1b6-108d-53185815d129"
      },
      "encounter": {
        "reference": "urn:uuid:964385af-7c35-ded5-f551-d4d8ab1d41d7"
      },
      "effectiveDateTime": "2023-10-10T03:23:49+00:00",
      "issued": "2023-10-10T03:23:49.073+00:00",
      "valueQuantity": {
        "value": 15,
        "unit": "/min",
        "system": "http://unitsofmeasure.org",
        "code": "/min"
      }
    },
    "request": {
      "method": "POST",
      "url": "Observation"
    }
  }, {
    "fullUrl": "urn:uuid:e4ce61c8-cf69-3190-c01a-dae723d2be0e",
    "resource": {
      "resourceType": "Observation",
      "id": "e4ce61c8-cf69-3190-c01a-dae723d2be0e",
      "status": "final",
      "category": {
        "coding": [ {
          "system": "http://hl7.org/fhir/observation-category",
          "code": "social-history",
          "display": "social-history"
        } ],
        "text": "social-history"
      },
      "code": {
        "coding": [ {
          "system": "http://loinc.org",
          "code": "72166-2",
          "display": "Tobacco smoking status"
        } ],
        "text": "Tobacco smoking status"
      },
      "subject": {
        "reference": "urn:uuid:ccb4d739-de95-e1b6-108d-53185815d129"
      },
      "encounter": {
        "reference": "urn:uuid:964385af-7c35-ded5-f551-d4d8ab1d41d7"
      },
      "effectiveDateTime": "2023-10-10T03:23:49+00:00",
      "issued": "2023-10-10T03:23:49.073+00:00",
      "valueCodeableConcept": {
        "coding": [ {
          "system": "http://snomed.info/sct",
          "code": "266919005",
          "display": "Never smoked tobacco (finding)"
        } ],
        "text": "Never smoked tobacco (finding)"
      }
    },
    "request": {
      "method": "POST",
      "url": "Observation"
    }
  }, {
    "fullUrl": "urn:uuid:2ec1a070-d4be-8d40-a374-3de93de53f14",
    "resource": {
      "resourceType": "Procedure",
      "id": "2ec1a070-d4be-8d40-a374-3de93de53f14",
      "subject": {
        "reference": "urn:uuid:ccb4d739-de95-e1b6-108d-53185815d129"
      },
      "status": "completed",
      "code": {
        "coding": [ {
          "system": "http://snomed.info/sct",
          "code": "430193006",
          "display": "Medication Reconciliation (procedure)"
        } ],
        "text": "Medication Reconciliation (procedure)"
      },
      "performedPeriod": {
        "start": "2023-10-10T03:23:49+00:00",
        "end": "2023-10-10T03:38:49+00:00"
      },
      "encounter": {
        "reference": "urn:uuid:964385af-7c35-ded5-f551-d4d8ab1d41d7"
      }
    },
    "request": {
      "method": "POST",
      "url": "Procedure"
    }
  }, {
    "fullUrl": "urn:uuid:b6923850-cc75-1423-11b5-4b5f1a0eb04c",
    "resource": {
      "resourceType": "Immunization",
      "id": "b6923850-cc75-1423-11b5-4b5f1a0eb04c",
      "status": "completed",
      "date": "2023-10-10T03:23:49+00:00",
      "vaccineCode": {
        "coding": [ {
          "system": "http://hl7.org/fhir/sid/cvx",
          "code": "08",
          "display": "Hep B, adolescent or pediatric"
        } ],
        "text": "Hep B, adolescent or pediatric"
      },
      "patient": {
        "reference": "urn:uuid:ccb4d739-de95-e1b6-108d-53185815d129"
      },
      "wasNotGiven": false,
      "reported": false,
      "encounter": {
        "reference": "urn:uuid:964385af-7c35-ded5-f551-d4d8ab1d41d7"
      }
    },
    "request": {
      "method": "POST",
      "url": "Immunization"
    }
  }, {
    "fullUrl": "urn:uuid:9b5f15f2-ac5b-81ef-5e08-e4beb6c87c04",
    "resource": {
      "resourceType": "Claim",
      "id": "9b5f15f2-ac5b-81ef-5e08-e4beb6c87c04",
      "type": "institutional",
      "organization": {
        "reference": "Organization?identifier=https://github.com/synthetichealth/synthea|79508e39-d0b0-3613-9d54-168f6e1c3a18",
        "display": "NASHOBA VALLEY MEDICAL CENTER"
      },
      "use": "complete",
      "diagnosis": [ {
        "sequence": 1,
        "diagnosis": {
          "system": "http://snomed.info/sct",
          "code": "314529007",
          "display": "Medication review due (situation)"
        }
      } ],
      "patient": {
        "reference": "urn:uuid:ccb4d739-de95-e1b6-108d-53185815d129"
      },
      "item": [ {
        "sequence": 1,
        "type": {
          "system": "http://hl7.org/fhir/v3/ActCode",
          "code": "CSINV",
          "display": "clinical service invoice"
        },
        "service": {
          "system": "http://snomed.info/sct",
          "code": "410620009",
          "display": "Well child visit (procedure)"
        }
      }, {
        "sequence": 2,
        "type": {
          "system": "http://hl7.org/fhir/v3/ActCode",
          "code": "CSINV",
          "display": "clinical service invoice"
        },
        "service": {
          "system": "http://hl7.org/fhir/sid/cvx",
          "code": "08",
          "display": "Hep B, adolescent or pediatric"
        },
        "net": {
          "value": 136.00,
          "system": "urn:iso:std:iso:4217",
          "code": "USD"
        }
      }, {
        "sequence": 4,
        "type": {
          "system": "http://hl7.org/fhir/v3/ActCode",
          "code": "CSINV",
          "display": "clinical service invoice"
        },
        "service": {
          "system": "http://snomed.info/sct",
          "code": "430193006",
          "display": "Medication Reconciliation (procedure)"
        },
        "net": {
          "value": 444.38,
          "system": "urn:iso:std:iso:4217",
          "code": "USD"
        }
      } ]
    },
    "request": {
      "method": "POST",
      "url": "Claim"
    }
  } ]
}
