{
  "resourceType": "Bundle",
  "type": "transaction",
  "entry": [ {
    "fullUrl": "urn:uuid:9e238d5a-1f0b-5244-fb37-65f3c7680ec1",
    "resource": {
      "resourceType": "Patient",
      "id": "9e238d5a-1f0b-5244-fb37-65f3c7680ec1",
      "text": {
        "status": "generated",
        "div": "<div xmlns=\"http://www.w3.org/1999/xhtml\">Generated by <a href=\"https://github.com/synthetichealth/synthea\">Synthea</a>.Version identifier: 995cf2f\n .   Person seed: 5898384671496179603  Population seed: 1725642279901</div>"
      },
      "extension": [ {
        "url": "http://hl7.org/fhir/StructureDefinition/us-core-race",
        "valueCodeableConcept": {
          "coding": [ {
            "system": "http://hl7.org/fhir/v3/Race",
            "code": "2054-5",
            "display": "Black or African American"
          } ],
          "text": "Black or African American"
        }
      }, {
        "url": "http://hl7.org/fhir/StructureDefinition/us-core-ethnicity",
        "valueCodeableConcept": {
          "coding": [ {
            "system": "http://hl7.org/fhir/v3/Ethnicity",
            "code": "2186-5",
            "display": "Not Hispanic or Latino"
          } ],
          "text": "Not Hispanic or Latino"
        }
      }, {
        "url": "http://hl7.org/fhir/StructureDefinition/patient-mothersMaidenName",
        "valueString": "Dawna21 Murazik203"
      }, {
        "url": "http://hl7.org/fhir/us/core/StructureDefinition/us-core-birthsex",
        "valueCode": "F"
      }, {
        "url": "http://hl7.org/fhir/StructureDefinition/birthPlace",
        "valueAddress": {
          "city": "Boston",
          "state": "Massachusetts",
          "country": "US"
        }
      }, {
        "url": "http://synthetichealth.github.io/synthea/disability-adjusted-life-years",
        "valueDecimal": 0.0
      }, {
        "url": "http://synthetichealth.github.io/synthea/quality-adjusted-life-years",
        "valueDecimal": 0.0
      } ],
      "identifier": [ {
        "system": "https://github.com/synthetichealth/synthea",
        "value": "9e238d5a-1f0b-5244-fb37-65f3c7680ec1"
      }, {
        "type": {
          "coding": [ {
            "system": "http://hl7.org/fhir/v2/0203",
            "code": "MR"
          } ]
        },
        "system": "http://hospital.smarthealthit.org",
        "value": "9e238d5a-1f0b-5244-fb37-65f3c7680ec1"
      }, {
        "type": {
          "coding": [ {
            "system": "http://hl7.org/fhir/identifier-type",
            "code": "SB"
          } ]
        },
        "system": "http://hl7.org/fhir/sid/us-ssn",
        "value": "999-97-4369"
      } ],
      "name": [ {
        "use": "official",
        "family": [ "Bayer639" ],
        "given": [ "Kindra525", "Krystal150" ]
      } ],
      "telecom": [ {
        "system": "phone",
        "value": "555-272-1950",
        "use": "home"
      } ],
      "gender": "female",
      "birthDate": "2024-06-05",
      "address": [ {
        "extension": [ {
          "url": "http://hl7.org/fhir/StructureDefinition/geolocation",
          "extension": [ {
            "url": "latitude",
            "valueDecimal": 42.333667726823705
          }, {
            "url": "longitude",
            "valueDecimal": -71.11321282239119
          } ]
        } ],
        "line": [ "366 Jones Terrace" ],
        "city": "Brookline",
        "state": "Massachusetts",
        "postalCode": "02467",
        "country": "US"
      } ],
      "maritalStatus": {
        "coding": [ {
          "system": "http://hl7.org/fhir/v3/MaritalStatus",
          "code": "S"
        } ]
      },
      "multipleBirthBoolean": false,
      "communication": [ {
        "language": {
          "coding": [ {
            "system": "urn:ietf:bcp:47",
            "code": "en-US",
            "display": "English (United States)"
          } ],
          "text": "English (United States)"
        }
      } ]
    },
    "request": {
      "method": "POST",
      "url": "Patient"
    }
  }, {
    "fullUrl": "urn:uuid:848185c2-1ba1-8d36-1aef-eb7926ac8095",
    "resource": {
      "resourceType": "Encounter",
      "id": "848185c2-1ba1-8d36-1aef-eb7926ac8095",
      "status": "finished",
      "class": "ambulatory",
      "type": [ {
        "coding": [ {
          "system": "http://snomed.info/sct",
          "code": "410620009",
          "display": "Well child visit (procedure)"
        } ],
        "text": "Well child visit (procedure)"
      } ],
      "patient": {
        "reference": "urn:uuid:9e238d5a-1f0b-5244-fb37-65f3c7680ec1"
      },
      "participant": [ {
        "individual": {
          "reference": "Practitioner?identifier=http://hl7.org/fhir/sid/us-npi|9999964197",
          "display": "Dr. Cameron381 Daniel959"
        }
      } ],
      "period": {
        "start": "2024-06-05T08:24:51+00:00",
        "end": "2024-06-05T08:39:51+00:00"
      },
      "serviceProvider": {
        "reference": "Organization?identifier=https://github.com/synthetichealth/synthea|03d0392a-7361-32b3-81c9-8c8ac985be00",
        "display": "AMERICAN CHINESE MEDICAL CENTER PC"
      }
    },
    "request": {
      "method": "POST",
      "url": "Encounter"
    }
  }, {
    "fullUrl": "urn:uuid:53ffb570-3b36-5065-b74b-b39839293d35",
    "resource": {
      "resourceType": "Condition",
      "id": "53ffb570-3b36-5065-b74b-b39839293d35",
      "patient": {
        "reference": "urn:uuid:9e238d5a-1f0b-5244-fb37-65f3c7680ec1"
      },
      "encounter": {
        "reference": "urn:uuid:848185c2-1ba1-8d36-1aef-eb7926ac8095"
      },
      "dateRecorded": "2024-06-05",
      "code": {
        "coding": [ {
          "system": "http://snomed.info/sct",
          "code": "314529007",
          "display": "Medication review due (situation)"
        } ],
        "text": "Medication review due (situation)"
      },
      "category": {
        "coding": [ {
          "system": "http://hl7.org/fhir/condition-category",
          "code": "diagnosis"
        } ]
      },
      "clinicalStatus": "resolved",
      "verificationStatus": "confirmed",
      "onsetDateTime": "2024-06-05T08:24:51+00:00",
      "abatementDateTime": "2024-06-05T08:24:51+00:00"
    },
    "request": {
      "method": "POST",
      "url": "Condition"
    }
  }, {
    "fullUrl": "urn:uuid:074b5fb8-f30f-3f8a-7574-f506a9c9c7ef",
    "resource": {
      "resourceType": "Observation",
      "id": "074b5fb8-f30f-3f8a-7574-f506a9c9c7ef",
      "status": "final",
      "category": {
        "coding": [ {
          "system": "http://hl7.org/fhir/observation-category",
          "code": "vital-signs",
          "display": "vital-signs"
        } ],
        "text": "vital-signs"
      },
      "code": {
        "coding": [ {
          "system": "http://loinc.org",
          "code": "8302-2",
          "display": "Body Height"
        } ],
        "text": "Body Height"
      },
      "subject": {
        "reference": "urn:uuid:9e238d5a-1f0b-5244-fb37-65f3c7680ec1"
      },
      "encounter": {
        "reference": "urn:uuid:848185c2-1ba1-8d36-1aef-eb7926ac8095"
      },
      "effectiveDateTime": "2024-06-05T08:24:51+00:00",
      "issued": "2024-06-05T08:24:51.239+00:00",
      "valueQuantity": {
        "value": 54.5,
        "unit": "cm",
        "system": "http://unitsofmeasure.org",
        "code": "cm"
      }
    },
    "request": {
      "method": "POST",
      "url": "Observation"
    }
  }, {
    "fullUrl": "urn:uuid:5941e40e-c8a0-d8c0-36ca-b81d64ae1c3a",
    "resource": {
      "resourceType": "Observation",
      "id": "5941e40e-c8a0-d8c0-36ca-b81d64ae1c3a",
      "status": "final",
      "category": {
        "coding": [ {
          "system": "http://hl7.org/fhir/observation-category",
          "code": "vital-signs",
          "display": "vital-signs"
        } ],
        "text": "vital-signs"
      },
      "code": {
        "coding": [ {
          "system": "http://loinc.org",
          "code": "72514-3",
          "display": "Pain severity - 0-10 verbal numeric rating [Score] - Reported"
        } ],
        "text": "Pain severity - 0-10 verbal numeric rating [Score] - Reported"
      },
      "subject": {
        "reference": "urn:uuid:9e238d5a-1f0b-5244-fb37-65f3c7680ec1"
      },
      "encounter": {
        "reference": "urn:uuid:848185c2-1ba1-8d36-1aef-eb7926ac8095"
      },
      "effectiveDateTime": "2024-06-05T08:24:51+00:00",
      "issued": "2024-06-05T08:24:51.239+00:00",
      "valueQuantity": {
        "value": 4,
        "unit": "{score}",
        "system": "http://unitsofmeasure.org",
        "code": "{score}"
      }
    },
    "request": {
      "method": "POST",
      "url": "Observation"
    }
  }, {
    "fullUrl": "urn:uuid:d1c56a91-d939-cf73-ded7-abfd456afcf5",
    "resource": {
      "resourceType": "Observation",
      "id": "d1c56a91-d939-cf73-ded7-abfd456afcf5",
      "status": "final",
      "category": {
        "coding": [ {
          "system": "http://hl7.org/fhir/observation-category",
          "code": "vital-signs",
          "display": "vital-signs"
        } ],
        "text": "vital-signs"
      },
      "code": {
        "coding": [ {
          "system": "http://loinc.org",
          "code": "29463-7",
          "display": "Body Weight"
        } ],
        "text": "Body Weight"
      },
      "subject": {
        "reference": "urn:uuid:9e238d5a-1f0b-5244-fb37-65f3c7680ec1"
      },
      "encounter": {
        "reference": "urn:uuid:848185c2-1ba1-8d36-1aef-eb7926ac8095"
      },
      "effectiveDateTime": "2024-06-05T08:24:51+00:00",
      "issued": "2024-06-05T08:24:51.239+00:00",
      "valueQuantity": {
        "value": 4.1000,
        "unit": "kg",
        "system": "http://unitsofmeasure.org",
        "code": "kg"
      }
    },
    "request": {
      "method": "POST",
      "url": "Observation"
    }
  }, {
    "fullUrl": "urn:uuid:f0c02fce-94c0-577d-55fc-1ff6d9e80510",
    "resource": {
      "resourceType": "Observation",
      "id": "f0c02fce-94c0-577d-55fc-1ff6d9e80510",
      "status": "final",
      "category": {
        "coding": [ {
          "system": "http://hl7.org/fhir/observation-category",
          "code": "vital-signs",
          "display": "vital-signs"
        } ],
        "text": "vital-signs"
      },
      "code": {
        "coding": [ {
          "system": "http://loinc.org",
          "code": "77606-2",
          "display": "Weight-for-length Per age and sex"
        } ],
        "text": "Weight-for-length Per age and sex"
      },
      "subject": {
        "reference": "urn:uuid:9e238d5a-1f0b-5244-fb37-65f3c7680ec1"
      },
      "encounter": {
        "reference": "urn:uuid:848185c2-1ba1-8d36-1aef-eb7926ac8095"
      },
      "effectiveDateTime": "2024-06-05T08:24:51+00:00",
      "issued": "2024-06-05T08:24:51.239+00:00",
      "valueQuantity": {
        "value": 5.9779,
        "unit": "%",
        "system": "http://unitsofmeasure.org",
        "code": "%"
      }
    },
    "request": {
      "method": "POST",
      "url": "Observation"
    }
  }, {
    "fullUrl": "urn:uuid:01f3b5fc-f30c-ae43-6aec-16658d45c2ed",
    "resource": {
      "resourceType": "Observation",
      "id": "01f3b5fc-f30c-ae43-6aec-16658d45c2ed",
      "status": "final",
      "category": {
        "coding": [ {
          "system": "http://hl7.org/fhir/observation-category",
          "code": "vital-signs",
          "display": "vital-signs"
        } ],
        "text": "vital-signs"
      },
      "code": {
        "coding": [ {
          "system": "http://loinc.org",
          "code": "8289-1",
          "display": "Head Occipital-frontal circumference Percentile"
        } ],
        "text": "Head Occipital-frontal circumference Percentile"
      },
      "subject": {
        "reference": "urn:uuid:9e238d5a-1f0b-5244-fb37-65f3c7680ec1"
      },
      "encounter": {
        "reference": "urn:uuid:848185c2-1ba1-8d36-1aef-eb7926ac8095"
      },
      "effectiveDateTime": "2024-06-05T08:24:51+00:00",
      "issued": "2024-06-05T08:24:51.239+00:00",
      "valueQuantity": {
        "value": 89.180,
        "unit": "%",
        "system": "http://unitsofmeasure.org",
        "code": "%"
      }
    },
    "request": {
      "method": "POST",
      "url": "Observation"
    }
  }, {
    "fullUrl": "urn:uuid:df580c5a-c5ee-6d99-c6b5-c6f271ce1172",
    "resource": {
      "resourceType": "Observation",
      "id": "df580c5a-c5ee-6d99-c6b5-c6f271ce1172",
      "status": "final",
      "category": {
        "coding": [ {
          "system": "http://hl7.org/fhir/observation-category",
          "code": "vital-signs",
          "display": "vital-signs"
        } ],
        "text": "vital-signs"
      },
      "code": {
        "coding": [ {
          "system": "http://loinc.org",
          "code": "9843-4",
          "display": "Head Occipital-frontal circumference"
        } ],
        "text": "Head Occipital-frontal circumference"
      },
      "subject": {
        "reference": "urn:uuid:9e238d5a-1f0b-5244-fb37-65f3c7680ec1"
      },
      "encounter": {
        "reference": "urn:uuid:848185c2-1ba1-8d36-1aef-eb7926ac8095"
      },
      "effectiveDateTime": "2024-06-05T08:24:51+00:00",
      "issued": "2024-06-05T08:24:51.239+00:00",
      "valueQuantity": {
        "value": 36.870,
        "unit": "cm",
        "system": "http://unitsofmeasure.org",
        "code": "cm"
      }
    },
    "request": {
      "method": "POST",
      "url": "Observation"
    }
  }, {
    "fullUrl": "urn:uuid:5545bb39-bd03-7f9d-6eb0-ca74ff92b427",
    "resource": {
      "resourceType": "Observation",
      "id": "5545bb39-bd03-7f9d-6eb0-ca74ff92b427",
      "status": "final",
      "category": {
        "coding": [ {
          "system": "http://hl7.org/fhir/observation-category",
          "code": "vital-signs",
          "display": "vital-signs"
        } ],
        "text": "vital-signs"
      },
      "code": {
        "coding": [ {
          "system": "http://loinc.org",
          "code": "85354-9",
          "display": "Blood pressure panel with all children optional"
        } ],
        "text": "Blood pressure panel with all children optional"
      },
      "subject": {
        "reference": "urn:uuid:9e238d5a-1f0b-5244-fb37-65f3c7680ec1"
      },
      "encounter": {
        "reference": "urn:uuid:848185c2-1ba1-8d36-1aef-eb7926ac8095"
      },
      "effectiveDateTime": "2024-06-05T08:24:51+00:00",
      "issued": "2024-06-05T08:24:51.239+00:00",
      "component": [ {
        "code": {
          "coding": [ {
            "system": "http://loinc.org",
            "code": "8462-4",
            "display": "Diastolic Blood Pressure"
          } ],
          "text": "Diastolic Blood Pressure"
        },
        "valueQuantity": {
          "value": 89,
          "unit": "mm[Hg]",
          "system": "http://unitsofmeasure.org",
          "code": "mm[Hg]"
        }
      }, {
        "code": {
          "coding": [ {
            "system": "http://loinc.org",
            "code": "8480-6",
            "display": "Systolic Blood Pressure"
          } ],
          "text": "Systolic Blood Pressure"
        },
        "valueQuantity": {
          "value": 113,
          "unit": "mm[Hg]",
          "system": "http://unitsofmeasure.org",
          "code": "mm[Hg]"
        }
      } ]
    },
    "request": {
      "method": "POST",
      "url": "Observation"
    }
  }, {
    "fullUrl": "urn:uuid:1561b97d-9c1b-22b8-af19-a7e0fcb601e5",
    "resource": {
      "resourceType": "Observation",
      "id": "1561b97d-9c1b-22b8-af19-a7e0fcb601e5",
      "status": "final",
      "category": {
        "coding": [ {
          "system": "http://hl7.org/fhir/observation-category",
          "code": "vital-signs",
          "display": "vital-signs"
        } ],
        "text": "vital-signs"
      },
      "code": {
        "coding": [ {
          "system": "http://loinc.org",
          "code": "8867-4",
          "display": "Heart rate"
        } ],
        "text": "Heart rate"
      },
      "subject": {
        "reference": "urn:uuid:9e238d5a-1f0b-5244-fb37-65f3c7680ec1"
      },
      "encounter": {
        "reference": "urn:uuid:848185c2-1ba1-8d36-1aef-eb7926ac8095"
      },
      "effectiveDateTime": "2024-06-05T08:24:51+00:00",
      "issued": "2024-06-05T08:24:51.239+00:00",
      "valueQuantity": {
        "value": 62,
        "unit": "/min",
        "system": "http://unitsofmeasure.org",
        "code": "/min"
      }
    },
    "request": {
      "method": "POST",
      "url": "Observation"
    }
  }, {
    "fullUrl": "urn:uuid:a3f52405-9cb7-d047-6578-8ede2006587b",
    "resource": {
      "resourceType": "Observation",
      "id": "a3f52405-9cb7-d047-6578-8ede2006587b",
      "status": "final",
      "category": {
        "coding": [ {
          "system": "http://hl7.org/fhir/observation-category",
          "code": "vital-signs",
          "display": "vital-signs"
        } ],
        "text": "vital-signs"
      },
      "code": {
        "coding": [ {
          "system": "http://loinc.org",
          "code": "9279-1",
          "display": "Respiratory rate"
        } ],
        "text": "Respiratory rate"
      },
      "subject": {
        "reference": "urn:uuid:9e238d5a-1f0b-5244-fb37-65f3c7680ec1"
      },
      "encounter": {
        "reference": "urn:uuid:848185c2-1ba1-8d36-1aef-eb7926ac8095"
      },
      "effectiveDateTime": "2024-06-05T08:24:51+00:00",
      "issued": "2024-06-05T08:24:51.239+00:00",
      "valueQuantity": {
        "value": 13,
        "unit": "/min",
        "system": "http://unitsofmeasure.org",
        "code": "/min"
      }
    },
    "request": {
      "method": "POST",
      "url": "Observation"
    }
  }, {
    "fullUrl": "urn:uuid:4b3e7554-76c1-4789-ca9f-88642b5c7596",
    "resource": {
      "resourceType": "Observation",
      "id": "4b3e7554-76c1-4789-ca9f-88642b5c7596",
      "status": "final",
      "category": {
        "coding": [ {
          "system": "http://hl7.org/fhir/observation-category",
          "code": "laboratory",
          "display": "laboratory"
        } ],
        "text": "laboratory"
      },
      "code": {
        "coding": [ {
          "system": "http://loinc.org",
          "code": "6690-2",
          "display": "Leukocytes [#/volume] in Blood by Automated count"
        } ],
        "text": "Leukocytes [#/volume] in Blood by Automated count"
      },
      "subject": {
        "reference": "urn:uuid:9e238d5a-1f0b-5244-fb37-65f3c7680ec1"
      },
      "encounter": {
        "reference": "urn:uuid:848185c2-1ba1-8d36-1aef-eb7926ac8095"
      },
      "effectiveDateTime": "2024-06-05T08:24:51+00:00",
      "issued": "2024-06-05T08:24:51.239+00:00",
      "valueQuantity": {
        "value": 5.9677,
        "unit": "10*3/uL",
        "system": "http://unitsofmeasure.org",
        "code": "10*3/uL"
      }
    },
    "request": {
      "method": "POST",
      "url": "Observation"
    }
  }, {
    "fullUrl": "urn:uuid:eef146e8-b103-a375-7e5c-4553ba5c0f49",
    "resource": {
      "resourceType": "Observation",
      "id": "eef146e8-b103-a375-7e5c-4553ba5c0f49",
      "status": "final",
      "category": {
        "coding": [ {
          "system": "http://hl7.org/fhir/observation-category",
          "code": "laboratory",
          "display": "laboratory"
        } ],
        "text": "laboratory"
      },
      "code": {
        "coding": [ {
          "system": "http://loinc.org",
          "code": "789-8",
          "display": "Erythrocytes [#/volume] in Blood by Automated count"
        } ],
        "text": "Erythrocytes [#/volume] in Blood by Automated count"
      },
      "subject": {
        "reference": "urn:uuid:9e238d5a-1f0b-5244-fb37-65f3c7680ec1"
      },
      "encounter": {
        "reference": "urn:uuid:848185c2-1ba1-8d36-1aef-eb7926ac8095"
      },
      "effectiveDateTime": "2024-06-05T08:24:51+00:00",
      "issued": "2024-06-05T08:24:51.239+00:00",
      "valueQuantity": {
        "value": 4.4610,
        "unit": "10*6/uL",
        "system": "http://unitsofmeasure.org",
        "code": "10*6/uL"
      }
    },
    "request": {
      "method": "POST",
      "url": "Observation"
    }
  }, {
    "fullUrl": "urn:uuid:a4889250-fcc9-7c61-6f23-9afad558b4c3",
    "resource": {
      "resourceType": "Observation",
      "id": "a4889250-fcc9-7c61-6f23-9afad558b4c3",
      "status": "final",
      "category": {
        "coding": [ {
          "system": "http://hl7.org/fhir/observation-category",
          "code": "laboratory",
          "display": "laboratory"
        } ],
        "text": "laboratory"
      },
      "code": {
        "coding": [ {
          "system": "http://loinc.org",
          "code": "718-7",
          "display": "Hemoglobin [Mass/volume] in Blood"
        } ],
        "text": "Hemoglobin [Mass/volume] in Blood"
      },
      "subject": {
        "reference": "urn:uuid:9e238d5a-1f0b-5244-fb37-65f3c7680ec1"
      },
      "encounter": {
        "reference": "urn:uuid:848185c2-1ba1-8d36-1aef-eb7926ac8095"
      },
      "effectiveDateTime": "2024-06-05T08:24:51+00:00",
      "issued": "2024-06-05T08:24:51.239+00:00",
      "valueQuantity": {
        "value": 16.033,
        "unit": "g/dL",
        "system": "http://unitsofmeasure.org",
        "code": "g/dL"
      }
    },
    "request": {
      "method": "POST",
      "url": "Observation"
    }
  }, {
    "fullUrl": "urn:uuid:27311a9a-c411-1ead-cb8c-c36f85a4e04c",
    "resource": {
      "resourceType": "Observation",
      "id": "27311a9a-c411-1ead-cb8c-c36f85a4e04c",
      "status": "final",
      "category": {
        "coding": [ {
          "system": "http://hl7.org/fhir/observation-category",
          "code": "laboratory",
          "display": "laboratory"
        } ],
        "text": "laboratory"
      },
      "code": {
        "coding": [ {
          "system": "http://loinc.org",
          "code": "4544-3",
          "display": "Hematocrit [Volume Fraction] of Blood by Automated count"
        } ],
        "text": "Hematocrit [Volume Fraction] of Blood by Automated count"
      },
      "subject": {
        "reference": "urn:uuid:9e238d5a-1f0b-5244-fb37-65f3c7680ec1"
      },
      "encounter": {
        "reference": "urn:uuid:848185c2-1ba1-8d36-1aef-eb7926ac8095"
      },
      "effectiveDateTime": "2024-06-05T08:24:51+00:00",
      "issued": "2024-06-05T08:24:51.239+00:00",
      "valueQuantity": {
        "value": 48.498,
        "unit": "%",
        "system": "http://unitsofmeasure.org",
        "code": "%"
      }
    },
    "request": {
      "method": "POST",
      "url": "Observation"
    }
  }, {
    "fullUrl": "urn:uuid:6802d14d-a498-14f6-9111-1d7b6aa75a0b",
    "resource": {
      "resourceType": "Observation",
      "id": "6802d14d-a498-14f6-9111-1d7b6aa75a0b",
      "status": "final",
      "category": {
        "coding": [ {
          "system": "http://hl7.org/fhir/observation-category",
          "code": "laboratory",
          "display": "laboratory"
        } ],
        "text": "laboratory"
      },
      "code": {
        "coding": [ {
          "system": "http://loinc.org",
          "code": "787-2",
          "display": "MCV [Entitic volume] by Automated count"
        } ],
        "text": "MCV [Entitic volume] by Automated count"
      },
      "subject": {
        "reference": "urn:uuid:9e238d5a-1f0b-5244-fb37-65f3c7680ec1"
      },
      "encounter": {
        "reference": "urn:uuid:848185c2-1ba1-8d36-1aef-eb7926ac8095"
      },
      "effectiveDateTime": "2024-06-05T08:24:51+00:00",
      "issued": "2024-06-05T08:24:51.239+00:00",
      "valueQuantity": {
        "value": 88.251,
        "unit": "fL",
        "system": "http://unitsofmeasure.org",
        "code": "fL"
      }
    },
    "request": {
      "method": "POST",
      "url": "Observation"
    }
  }, {
    "fullUrl": "urn:uuid:1c8e8ad9-98da-0be1-0c5b-bc14f9a0a7c7",
    "resource": {
      "resourceType": "Observation",
      "id": "1c8e8ad9-98da-0be1-0c5b-bc14f9a0a7c7",
      "status": "final",
      "category": {
        "coding": [ {
          "system": "http://hl7.org/fhir/observation-category",
          "code": "laboratory",
          "display": "laboratory"
        } ],
        "text": "laboratory"
      },
      "code": {
        "coding": [ {
          "system": "http://loinc.org",
          "code": "785-6",
          "display": "MCH [Entitic mass] by Automated count"
        } ],
        "text": "MCH [Entitic mass] by Automated count"
      },
      "subject": {
        "reference": "urn:uuid:9e238d5a-1f0b-5244-fb37-65f3c7680ec1"
      },
      "encounter": {
        "reference": "urn:uuid:848185c2-1ba1-8d36-1aef-eb7926ac8095"
      },
      "effectiveDateTime": "2024-06-05T08:24:51+00:00",
      "issued": "2024-06-05T08:24:51.239+00:00",
      "valueQuantity": {
        "value": 28.832,
        "unit": "pg",
        "system": "http://unitsofmeasure.org",
        "code": "pg"
      }
    },
    "request": {
      "method": "POST",
      "url": "Observation"
    }
  }, {
    "fullUrl": "urn:uuid:ed39ce6b-3822-ea7e-9913-d10a41bf0975",
    "resource": {
      "resourceType": "Observation",
      "id": "ed39ce6b-3822-ea7e-9913-d10a41bf0975",
      "status": "final",
      "category": {
        "coding": [ {
          "system": "http://hl7.org/fhir/observation-category",
          "code": "laboratory",
          "display": "laboratory"
        } ],
        "text": "laboratory"
      },
      "code": {
        "coding": [ {
          "system": "http://loinc.org",
          "code": "786-4",
          "display": "MCHC [Mass/volume] by Automated count"
        } ],
        "text": "MCHC [Mass/volume] by Automated count"
      },
      "subject": {
        "reference": "urn:uuid:9e238d5a-1f0b-5244-fb37-65f3c7680ec1"
      },
      "encounter": {
        "reference": "urn:uuid:848185c2-1ba1-8d36-1aef-eb7926ac8095"
      },
      "effectiveDateTime": "2024-06-05T08:24:51+00:00",
      "issued": "2024-06-05T08:24:51.239+00:00",
      "valueQuantity": {
        "value": 35.994,
        "unit": "g/dL",
        "system": "http://unitsofmeasure.org",
        "code": "g/dL"
      }
    },
    "request": {
      "method": "POST",
      "url": "Observation"
    }
  }, {
    "fullUrl": "urn:uuid:4f71ee2c-ce3f-e282-b5a8-618f38744474",
    "resource": {
      "resourceType": "Observation",
      "id": "4f71ee2c-ce3f-e282-b5a8-618f38744474",
      "status": "final",
      "category": {
        "coding": [ {
          "system": "http://hl7.org/fhir/observation-category",
          "code": "laboratory",
          "display": "laboratory"
        } ],
        "text": "laboratory"
      },
      "code": {
        "coding": [ {
          "system": "http://loinc.org",
          "code": "21000-5",
          "display": "Erythrocyte distribution width [Entitic volume] by Automated count"
        } ],
        "text": "Erythrocyte distribution width [Entitic volume] by Automated count"
      },
      "subject": {
        "reference": "urn:uuid:9e238d5a-1f0b-5244-fb37-65f3c7680ec1"
      },
      "encounter": {
        "reference": "urn:uuid:848185c2-1ba1-8d36-1aef-eb7926ac8095"
      },
      "effectiveDateTime": "2024-06-05T08:24:51+00:00",
      "issued": "2024-06-05T08:24:51.239+00:00",
      "valueQuantity": {
        "value": 45.936,
        "unit": "fL",
        "system": "http://unitsofmeasure.org",
        "code": "fL"
      }
    },
    "request": {
      "method": "POST",
      "url": "Observation"
    }
  }, {
    "fullUrl": "urn:uuid:c0e5ec62-7211-e1c6-17c5-fcfd2d692fc9",
    "resource": {
      "resourceType": "Observation",
      "id": "c0e5ec62-7211-e1c6-17c5-fcfd2d692fc9",
      "status": "final",
      "category": {
        "coding": [ {
          "system": "http://hl7.org/fhir/observation-category",
          "code": "laboratory",
          "display": "laboratory"
        } ],
        "text": "laboratory"
      },
      "code": {
        "coding": [ {
          "system": "http://loinc.org",
          "code": "777-3",
          "display": "Platelets [#/volume] in Blood by Automated count"
        } ],
        "text": "Platelets [#/volume] in Blood by Automated count"
      },
      "subject": {
        "reference": "urn:uuid:9e238d5a-1f0b-5244-fb37-65f3c7680ec1"
      },
      "encounter": {
        "reference": "urn:uuid:848185c2-1ba1-8d36-1aef-eb7926ac8095"
      },
      "effectiveDateTime": "2024-06-05T08:24:51+00:00",
      "issued": "2024-06-05T08:24:51.239+00:00",
      "valueQuantity": {
        "value": 341.58,
        "unit": "10*3/uL",
        "system": "http://unitsofmeasure.org",
        "code": "10*3/uL"
      }
    },
    "request": {
      "method": "POST",
      "url": "Observation"
    }
  }, {
    "fullUrl": "urn:uuid:436c4ed9-789f-42c8-6881-2ceb7b7821b0",
    "resource": {
      "resourceType": "Observation",
      "id": "436c4ed9-789f-42c8-6881-2ceb7b7821b0",
      "status": "final",
      "category": {
        "coding": [ {
          "system": "http://hl7.org/fhir/observation-category",
          "code": "laboratory",
          "display": "laboratory"
        } ],
        "text": "laboratory"
      },
      "code": {
        "coding": [ {
          "system": "http://loinc.org",
          "code": "32207-3",
          "display": "Platelet distribution width [Entitic volume] in Blood by Automated count"
        } ],
        "text": "Platelet distribution width [Entitic volume] in Blood by Automated count"
      },
      "subject": {
        "reference": "urn:uuid:9e238d5a-1f0b-5244-fb37-65f3c7680ec1"
      },
      "encounter": {
        "reference": "urn:uuid:848185c2-1ba1-8d36-1aef-eb7926ac8095"
      },
      "effectiveDateTime": "2024-06-05T08:24:51+00:00",
      "issued": "2024-06-05T08:24:51.239+00:00",
      "valueQuantity": {
        "value": 227.26,
        "unit": "fL",
        "system": "http://unitsofmeasure.org",
        "code": "fL"
      }
    },
    "request": {
      "method": "POST",
      "url": "Observation"
    }
  }, {
    "fullUrl": "urn:uuid:9674b5a5-104c-6c24-4f54-5b53e8551b62",
    "resource": {
      "resourceType": "Observation",
      "id": "9674b5a5-104c-6c24-4f54-5b53e8551b62",
      "status": "final",
      "category": {
        "coding": [ {
          "system": "http://hl7.org/fhir/observation-category",
          "code": "laboratory",
          "display": "laboratory"
        } ],
        "text": "laboratory"
      },
      "code": {
        "coding": [ {
          "system": "http://loinc.org",
          "code": "32623-1",
          "display": "Platelet mean volume [Entitic volume] in Blood by Automated count"
        } ],
        "text": "Platelet mean volume [Entitic volume] in Blood by Automated count"
      },
      "subject": {
        "reference": "urn:uuid:9e238d5a-1f0b-5244-fb37-65f3c7680ec1"
      },
      "encounter": {
        "reference": "urn:uuid:848185c2-1ba1-8d36-1aef-eb7926ac8095"
      },
      "effectiveDateTime": "2024-06-05T08:24:51+00:00",
      "issued": "2024-06-05T08:24:51.239+00:00",
      "valueQuantity": {
        "value": 11.789,
        "unit": "fL",
        "system": "http://unitsofmeasure.org",
        "code": "fL"
      }
    },
    "request": {
      "method": "POST",
      "url": "Observation"
    }
  }, {
    "fullUrl": "urn:uuid:d535c696-90a4-69e5-721b-514e75f59cca",
    "resource": {
      "resourceType": "Observation",
      "id": "d535c696-90a4-69e5-721b-514e75f59cca",
      "status": "final",
      "category": {
        "coding": [ {
          "system": "http://hl7.org/fhir/observation-category",
          "code": "social-history",
          "display": "social-history"
        } ],
        "text": "social-history"
      },
      "code": {
        "coding": [ {
          "system": "http://loinc.org",
          "code": "72166-2",
          "display": "Tobacco smoking status"
        } ],
        "text": "Tobacco smoking status"
      },
      "subject": {
        "reference": "urn:uuid:9e238d5a-1f0b-5244-fb37-65f3c7680ec1"
      },
      "encounter": {
        "reference": "urn:uuid:848185c2-1ba1-8d36-1aef-eb7926ac8095"
      },
      "effectiveDateTime": "2024-06-05T08:24:51+00:00",
      "issued": "2024-06-05T08:24:51.239+00:00",
      "valueCodeableConcept": {
        "coding": [ {
          "system": "http://snomed.info/sct",
          "code": "266919005",
          "display": "Never smoked tobacco (finding)"
        } ],
        "text": "Never smoked tobacco (finding)"
      }
    },
    "request": {
      "method": "POST",
      "url": "Observation"
    }
  }, {
    "fullUrl": "urn:uuid:487c02d0-4f15-30e7-79b1-b10bb1c2ce69",
    "resource": {
      "resourceType": "Procedure",
      "id": "487c02d0-4f15-30e7-79b1-b10bb1c2ce69",
      "subject": {
        "reference": "urn:uuid:9e238d5a-1f0b-5244-fb37-65f3c7680ec1"
      },
      "status": "completed",
      "code": {
        "coding": [ {
          "system": "http://snomed.info/sct",
          "code": "430193006",
          "display": "Medication Reconciliation (procedure)"
        } ],
        "text": "Medication Reconciliation (procedure)"
      },
      "performedPeriod": {
        "start": "2024-06-05T08:24:51+00:00",
        "end": "2024-06-05T08:39:51+00:00"
      },
      "encounter": {
        "reference": "urn:uuid:848185c2-1ba1-8d36-1aef-eb7926ac8095"
      }
    },
    "request": {
      "method": "POST",
      "url": "Procedure"
    }
  }, {
    "fullUrl": "urn:uuid:b8723166-3a6f-d08d-7321-7f2042a453cf",
    "resource": {
      "resourceType": "Immunization",
      "id": "b8723166-3a6f-d08d-7321-7f2042a453cf",
      "status": "completed",
      "date": "2024-06-05T08:24:51+00:00",
      "vaccineCode": {
        "coding": [ {
          "system": "http://hl7.org/fhir/sid/cvx",
          "code": "08",
          "display": "Hep B, adolescent or pediatric"
        } ],
        "text": "Hep B, adolescent or pediatric"
      },
      "patient": {
        "reference": "urn:uuid:9e238d5a-1f0b-5244-fb37-65f3c7680ec1"
      },
      "wasNotGiven": false,
      "reported": false,
      "encounter": {
        "reference": "urn:uuid:848185c2-1ba1-8d36-1aef-eb7926ac8095"
      }
    },
    "request": {
      "method": "POST",
      "url": "Immunization"
    }
  }, {
    "fullUrl": "urn:uuid:c41edc51-9019-b830-c12c-2323f3d84f40",
    "resource": {
      "resourceType": "DiagnosticReport",
      "id": "c41edc51-9019-b830-c12c-2323f3d84f40",
      "status": "final",
      "category": {
        "coding": [ {
          "system": "http://hl7.org/fhir/ValueSet/diagnostic-service-sections",
          "code": "LAB"
        } ]
      },
      "code": {
        "coding": [ {
          "system": "http://loinc.org",
          "code": "58410-2",
          "display": "CBC panel - Blood by Automated count"
        } ],
        "text": "CBC panel - Blood by Automated count"
      },
      "subject": {
        "reference": "urn:uuid:9e238d5a-1f0b-5244-fb37-65f3c7680ec1"
      },
      "encounter": {
        "reference": "urn:uuid:848185c2-1ba1-8d36-1aef-eb7926ac8095"
      },
      "effectiveDateTime": "2024-06-05T08:24:51+00:00",
      "issued": "2024-06-05T08:24:51.239+00:00",
      "performer": {
        "reference": "Organization?identifier=https://github.com/synthetichealth/synthea|03d0392a-7361-32b3-81c9-8c8ac985be00",
        "display": "AMERICAN CHINESE MEDICAL CENTER PC"
      },
      "result": [ {
        "reference": "urn:uuid:9674b5a5-104c-6c24-4f54-5b53e8551b62",
        "display": "Platelet mean volume [Entitic volume] in Blood by Automated count"
      } ]
    },
    "request": {
      "method": "POST",
      "url": "DiagnosticReport"
    }
  }, {
    "fullUrl": "urn:uuid:d072dc91-c826-a99b-fa9b-f8ed19457c13",
    "resource": {
      "resourceType": "Claim",
      "id": "d072dc91-c826-a99b-fa9b-f8ed19457c13",
      "type": "institutional",
      "organization": {
        "reference": "Organization?identifier=https://github.com/synthetichealth/synthea|03d0392a-7361-32b3-81c9-8c8ac985be00",
        "display": "AMERICAN CHINESE MEDICAL CENTER PC"
      },
      "use": "complete",
      "diagnosis": [ {
        "sequence": 1,
        "diagnosis": {
          "system": "http://snomed.info/sct",
          "code": "314529007",
          "display": "Medication review due (situation)"
        }
      } ],
      "patient": {
        "reference": "urn:uuid:9e238d5a-1f0b-5244-fb37-65f3c7680ec1"
      },
      "item": [ {
        "sequence": 1,
        "type": {
          "system": "http://hl7.org/fhir/v3/ActCode",
          "code": "CSINV",
          "display": "clinical service invoice"
        },
        "service": {
          "system": "http://snomed.info/sct",
          "code": "410620009",
          "display": "Well child visit (procedure)"
        }
      }, {
        "sequence": 2,
        "type": {
          "system": "http://hl7.org/fhir/v3/ActCode",
          "code": "CSINV",
          "display": "clinical service invoice"
        },
        "service": {
          "system": "http://hl7.org/fhir/sid/cvx",
          "code": "08",
          "display": "Hep B, adolescent or pediatric"
        },
        "net": {
          "value": 136.00,
          "system": "urn:iso:std:iso:4217",
          "code": "USD"
        }
      }, {
        "sequence": 4,
        "type": {
          "system": "http://hl7.org/fhir/v3/ActCode",
          "code": "CSINV",
          "display": "clinical service invoice"
        },
        "service": {
          "system": "http://snomed.info/sct",
          "code": "430193006",
          "display": "Medication Reconciliation (procedure)"
        },
        "net": {
          "value": 370.77,
          "system": "urn:iso:std:iso:4217",
          "code": "USD"
        }
      }, {
        "sequence": 5,
        "type": {
          "system": "http://hl7.org/fhir/v3/ActCode",
          "code": "CSINV",
          "display": "clinical service invoice"
        },
        "service": {
          "system": "http://loinc.org",
          "code": "58410-2",
          "display": "CBC panel - Blood by Automated count"
        },
        "net": {
          "value": 74.58,
          "system": "urn:iso:std:iso:4217",
          "code": "USD"
        }
      } ]
    },
    "request": {
      "method": "POST",
      "url": "Claim"
    }
  }, {
    "fullUrl": "urn:uuid:1a17468f-eecb-989b-7de8-cf755532f2f2",
    "resource": {
      "resourceType": "Encounter",
      "id": "1a17468f-eecb-989b-7de8-cf755532f2f2",
      "status": "finished",
      "class": "ambulatory",
      "type": [ {
        "coding": [ {
          "system": "http://snomed.info/sct",
          "code": "410620009",
          "display": "Well child visit (procedure)"
        } ],
        "text": "Well child visit (procedure)"
      } ],
      "patient": {
        "reference": "urn:uuid:9e238d5a-1f0b-5244-fb37-65f3c7680ec1"
      },
      "participant": [ {
        "individual": {
          "reference": "Practitioner?identifier=http://hl7.org/fhir/sid/us-npi|9999964197",
          "display": "Dr. Cameron381 Daniel959"
        }
      } ],
      "period": {
        "start": "2024-07-10T08:24:51+00:00",
        "end": "2024-07-10T08:39:51+00:00"
      },
      "serviceProvider": {
        "reference": "Organization?identifier=https://github.com/synthetichealth/synthea|03d0392a-7361-32b3-81c9-8c8ac985be00",
        "display": "AMERICAN CHINESE MEDICAL CENTER PC"
      }
    },
    "request": {
      "method": "POST",
      "url": "Encounter"
    }
  }, {
    "fullUrl": "urn:uuid:f14658ca-3f0e-c96e-b29d-7f22a0837d51",
    "resource": {
      "resourceType": "Condition",
      "id": "f14658ca-3f0e-c96e-b29d-7f22a0837d51",
      "patient": {
        "reference": "urn:uuid:9e238d5a-1f0b-5244-fb37-65f3c7680ec1"
      },
      "encounter": {
        "reference": "urn:uuid:1a17468f-eecb-989b-7de8-cf755532f2f2"
      },
      "dateRecorded": "2024-07-10",
      "code": {
        "coding": [ {
          "system": "http://snomed.info/sct",
          "code": "314529007",
          "display": "Medication review due (situation)"
        } ],
        "text": "Medication review due (situation)"
      },
      "category": {
        "coding": [ {
          "system": "http://hl7.org/fhir/condition-category",
          "code": "diagnosis"
        } ]
      },
      "clinicalStatus": "active",
      "verificationStatus": "confirmed",
      "onsetDateTime": "2024-07-10T08:24:51+00:00"
    },
    "request": {
      "method": "POST",
      "url": "Condition"
    }
  }, {
    "fullUrl": "urn:uuid:f9aab460-6c7c-f58f-3e2f-634f2ae71b2a",
    "resource": {
      "resourceType": "Observation",
      "id": "f9aab460-6c7c-f58f-3e2f-634f2ae71b2a",
      "status": "final",
      "category": {
        "coding": [ {
          "system": "http://hl7.org/fhir/observation-category",
          "code": "vital-signs",
          "display": "vital-signs"
        } ],
        "text": "vital-signs"
      },
      "code": {
        "coding": [ {
          "system": "http://loinc.org",
          "code": "8302-2",
          "display": "Body Height"
        } ],
        "text": "Body Height"
      },
      "subject": {
        "reference": "urn:uuid:9e238d5a-1f0b-5244-fb37-65f3c7680ec1"
      },
      "encounter": {
        "reference": "urn:uuid:1a17468f-eecb-989b-7de8-cf755532f2f2"
      },
      "effectiveDateTime": "2024-07-10T08:24:51+00:00",
      "issued": "2024-07-10T08:24:51.239+00:00",
      "valueQuantity": {
        "value": 58.100,
        "unit": "cm",
        "system": "http://unitsofmeasure.org",
        "code": "cm"
      }
    },
    "request": {
      "method": "POST",
      "url": "Observation"
    }
  }, {
    "fullUrl": "urn:uuid:bea1839b-a19a-29e3-4102-7c01bb583718",
    "resource": {
      "resourceType": "Observation",
      "id": "bea1839b-a19a-29e3-4102-7c01bb583718",
      "status": "final",
      "category": {
        "coding": [ {
          "system": "http://hl7.org/fhir/observation-category",
          "code": "vital-signs",
          "display": "vital-signs"
        } ],
        "text": "vital-signs"
      },
      "code": {
        "coding": [ {
          "system": "http://loinc.org",
          "code": "72514-3",
          "display": "Pain severity - 0-10 verbal numeric rating [Score] - Reported"
        } ],
        "text": "Pain severity - 0-10 verbal numeric rating [Score] - Reported"
      },
      "subject": {
        "reference": "urn:uuid:9e238d5a-1f0b-5244-fb37-65f3c7680ec1"
      },
      "encounter": {
        "reference": "urn:uuid:1a17468f-eecb-989b-7de8-cf755532f2f2"
      },
      "effectiveDateTime": "2024-07-10T08:24:51+00:00",
      "issued": "2024-07-10T08:24:51.239+00:00",
      "valueQuantity": {
        "value": 2,
        "unit": "{score}",
        "system": "http://unitsofmeasure.org",
        "code": "{score}"
      }
    },
    "request": {
      "method": "POST",
      "url": "Observation"
    }
  }, {
    "fullUrl": "urn:uuid:fbe45bda-f677-c548-e716-b37d66e0a27d",
    "resource": {
      "resourceType": "Observation",
      "id": "fbe45bda-f677-c548-e716-b37d66e0a27d",
      "status": "final",
      "category": {
        "coding": [ {
          "system": "http://hl7.org/fhir/observation-category",
          "code": "vital-signs",
          "display": "vital-signs"
        } ],
        "text": "vital-signs"
      },
      "code": {
        "coding": [ {
          "system": "http://loinc.org",
          "code": "29463-7",
          "display": "Body Weight"
        } ],
        "text": "Body Weight"
      },
      "subject": {
        "reference": "urn:uuid:9e238d5a-1f0b-5244-fb37-65f3c7680ec1"
      },
      "encounter": {
        "reference": "urn:uuid:1a17468f-eecb-989b-7de8-cf755532f2f2"
      },
      "effectiveDateTime": "2024-07-10T08:24:51+00:00",
      "issued": "2024-07-10T08:24:51.239+00:00",
      "valueQuantity": {
        "value": 4.9000,
        "unit": "kg",
        "system": "http://unitsofmeasure.org",
        "code": "kg"
      }
    },
    "request": {
      "method": "POST",
      "url": "Observation"
    }
  }, {
    "fullUrl": "urn:uuid:c27574c5-b6e0-5757-c03d-831265375363",
    "resource": {
      "resourceType": "Observation",
      "id": "c27574c5-b6e0-5757-c03d-831265375363",
      "status": "final",
      "category": {
        "coding": [ {
          "system": "http://hl7.org/fhir/observation-category",
          "code": "vital-signs",
          "display": "vital-signs"
        } ],
        "text": "vital-signs"
      },
      "code": {
        "coding": [ {
          "system": "http://loinc.org",
          "code": "77606-2",
          "display": "Weight-for-length Per age and sex"
        } ],
        "text": "Weight-for-length Per age and sex"
      },
      "subject": {
        "reference": "urn:uuid:9e238d5a-1f0b-5244-fb37-65f3c7680ec1"
      },
      "encounter": {
        "reference": "urn:uuid:1a17468f-eecb-989b-7de8-cf755532f2f2"
      },
      "effectiveDateTime": "2024-07-10T08:24:51+00:00",
      "issued": "2024-07-10T08:24:51.239+00:00",
      "valueQuantity": {
        "value": 10.608,
        "unit": "%",
        "system": "http://unitsofmeasure.org",
        "code": "%"
      }
    },
    "request": {
      "method": "POST",
      "url": "Observation"
    }
  }, {
    "fullUrl": "urn:uuid:71570e51-bc87-a35a-ffc0-2f4bba07d4f6",
    "resource": {
      "resourceType": "Observation",
      "id": "71570e51-bc87-a35a-ffc0-2f4bba07d4f6",
      "status": "final",
      "category": {
        "coding": [ {
          "system": "http://hl7.org/fhir/observation-category",
          "code": "vital-signs",
          "display": "vital-signs"
        } ],
        "text": "vital-signs"
      },
      "code": {
        "coding": [ {
          "system": "http://loinc.org",
          "code": "8289-1",
          "display": "Head Occipital-frontal circumference Percentile"
        } ],
        "text": "Head Occipital-frontal circumference Percentile"
      },
      "subject": {
        "reference": "urn:uuid:9e238d5a-1f0b-5244-fb37-65f3c7680ec1"
      },
      "encounter": {
        "reference": "urn:uuid:1a17468f-eecb-989b-7de8-cf755532f2f2"
      },
      "effectiveDateTime": "2024-07-10T08:24:51+00:00",
      "issued": "2024-07-10T08:24:51.239+00:00",
      "valueQuantity": {
        "value": 89.180,
        "unit": "%",
        "system": "http://unitsofmeasure.org",
        "code": "%"
      }
    },
    "request": {
      "method": "POST",
      "url": "Observation"
    }
  }, {
    "fullUrl": "urn:uuid:b41d310f-e2d5-0580-72e1-741dd5183348",
    "resource": {
      "resourceType": "Observation",
      "id": "b41d310f-e2d5-0580-72e1-741dd5183348",
      "status": "final",
      "category": {
        "coding": [ {
          "system": "http://hl7.org/fhir/observation-category",
          "code": "vital-signs",
          "display": "vital-signs"
        } ],
        "text": "vital-signs"
      },
      "code": {
        "coding": [ {
          "system": "http://loinc.org",
          "code": "9843-4",
          "display": "Head Occipital-frontal circumference"
        } ],
        "text": "Head Occipital-frontal circumference"
      },
      "subject": {
        "reference": "urn:uuid:9e238d5a-1f0b-5244-fb37-65f3c7680ec1"
      },
      "encounter": {
        "reference": "urn:uuid:1a17468f-eecb-989b-7de8-cf755532f2f2"
      },
      "effectiveDateTime": "2024-07-10T08:24:51+00:00",
      "issued": "2024-07-10T08:24:51.239+00:00",
      "valueQuantity": {
        "value": 39.880,
        "unit": "cm",
        "system": "http://unitsofmeasure.org",
        "code": "cm"
      }
    },
    "request": {
      "method": "POST",
      "url": "Observation"
    }
  }, {
    "fullUrl": "urn:uuid:d3f333ac-9d69-69ce-a32c-76127d41316e",
    "resource": {
      "resourceType": "Observation",
      "id": "d3f333ac-9d69-69ce-a32c-76127d41316e",
      "status": "final",
      "category": {
        "coding": [ {
          "system": "http://hl7.org/fhir/observation-category",
          "code": "vital-signs",
          "display": "vital-signs"
        } ],
        "text": "vital-signs"
      },
      "code": {
        "coding": [ {
          "system": "http://loinc.org",
          "code": "85354-9",
          "display": "Blood pressure panel with all children optional"
        } ],
        "text": "Blood pressure panel with all children optional"
      },
      "subject": {
        "reference": "urn:uuid:9e238d5a-1f0b-5244-fb37-65f3c7680ec1"
      },
      "encounter": {
        "reference": "urn:uuid:1a17468f-eecb-989b-7de8-cf755532f2f2"
      },
      "effectiveDateTime": "2024-07-10T08:24:51+00:00",
      "issued": "2024-07-10T08:24:51.239+00:00",
      "component": [ {
        "code": {
          "coding": [ {
            "system": "http://loinc.org",
            "code": "8462-4",
            "display": "Diastolic Blood Pressure"
          } ],
          "text": "Diastolic Blood Pressure"
        },
        "valueQuantity": {
          "value": 91,
          "unit": "mm[Hg]",
          "system": "http://unitsofmeasure.org",
          "code": "mm[Hg]"
        }
      }, {
        "code": {
          "coding": [ {
            "system": "http://loinc.org",
            "code": "8480-6",
            "display": "Systolic Blood Pressure"
          } ],
          "text": "Systolic Blood Pressure"
        },
        "valueQuantity": {
          "value": 116,
          "unit": "mm[Hg]",
          "system": "http://unitsofmeasure.org",
          "code": "mm[Hg]"
        }
      } ]
    },
    "request": {
      "method": "POST",
      "url": "Observation"
    }
  }, {
    "fullUrl": "urn:uuid:614ed687-a046-e2f1-90c7-b769b5a13afc",
    "resource": {
      "resourceType": "Observation",
      "id": "614ed687-a046-e2f1-90c7-b769b5a13afc",
      "status": "final",
      "category": {
        "coding": [ {
          "system": "http://hl7.org/fhir/observation-category",
          "code": "vital-signs",
          "display": "vital-signs"
        } ],
        "text": "vital-signs"
      },
      "code": {
        "coding": [ {
          "system": "http://loinc.org",
          "code": "8867-4",
          "display": "Heart rate"
        } ],
        "text": "Heart rate"
      },
      "subject": {
        "reference": "urn:uuid:9e238d5a-1f0b-5244-fb37-65f3c7680ec1"
      },
      "encounter": {
        "reference": "urn:uuid:1a17468f-eecb-989b-7de8-cf755532f2f2"
      },
      "effectiveDateTime": "2024-07-10T08:24:51+00:00",
      "issued": "2024-07-10T08:24:51.239+00:00",
      "valueQuantity": {
        "value": 70,
        "unit": "/min",
        "system": "http://unitsofmeasure.org",
        "code": "/min"
      }
    },
    "request": {
      "method": "POST",
      "url": "Observation"
    }
  }, {
    "fullUrl": "urn:uuid:596a6921-06b1-97b3-2ab8-cff5fefce60e",
    "resource": {
      "resourceType": "Observation",
      "id": "596a6921-06b1-97b3-2ab8-cff5fefce60e",
      "status": "final",
      "category": {
        "coding": [ {
          "system": "http://hl7.org/fhir/observation-category",
          "code": "vital-signs",
          "display": "vital-signs"
        } ],
        "text": "vital-signs"
      },
      "code": {
        "coding": [ {
          "system": "http://loinc.org",
          "code": "9279-1",
          "display": "Respiratory rate"
        } ],
        "text": "Respiratory rate"
      },
      "subject": {
        "reference": "urn:uuid:9e238d5a-1f0b-5244-fb37-65f3c7680ec1"
      },
      "encounter": {
        "reference": "urn:uuid:1a17468f-eecb-989b-7de8-cf755532f2f2"
      },
      "effectiveDateTime": "2024-07-10T08:24:51+00:00",
      "issued": "2024-07-10T08:24:51.239+00:00",
      "valueQuantity": {
        "value": 14,
        "unit": "/min",
        "system": "http://unitsofmeasure.org",
        "code": "/min"
      }
    },
    "request": {
      "method": "POST",
      "url": "Observation"
    }
  }, {
    "fullUrl": "urn:uuid:f950e520-8515-ad89-db93-ffb9bfcb9b38",
    "resource": {
      "resourceType": "Observation",
      "id": "f950e520-8515-ad89-db93-ffb9bfcb9b38",
      "status": "final",
      "category": {
        "coding": [ {
          "system": "http://hl7.org/fhir/observation-category",
          "code": "social-history",
          "display": "social-history"
        } ],
        "text": "social-history"
      },
      "code": {
        "coding": [ {
          "system": "http://loinc.org",
          "code": "72166-2",
          "display": "Tobacco smoking status"
        } ],
        "text": "Tobacco smoking status"
      },
      "subject": {
        "reference": "urn:uuid:9e238d5a-1f0b-5244-fb37-65f3c7680ec1"
      },
      "encounter": {
        "reference": "urn:uuid:1a17468f-eecb-989b-7de8-cf755532f2f2"
      },
      "effectiveDateTime": "2024-07-10T08:24:51+00:00",
      "issued": "2024-07-10T08:24:51.239+00:00",
      "valueCodeableConcept": {
        "coding": [ {
          "system": "http://snomed.info/sct",
          "code": "266919005",
          "display": "Never smoked tobacco (finding)"
        } ],
        "text": "Never smoked tobacco (finding)"
      }
    },
    "request": {
      "method": "POST",
      "url": "Observation"
    }
  }, {
    "fullUrl": "urn:uuid:257f313a-837c-4237-4234-89363297c6c6",
    "resource": {
      "resourceType": "Immunization",
      "id": "257f313a-837c-4237-4234-89363297c6c6",
      "status": "completed",
      "date": "2024-07-10T08:24:51+00:00",
      "vaccineCode": {
        "coding": [ {
          "system": "http://hl7.org/fhir/sid/cvx",
          "code": "08",
          "display": "Hep B, adolescent or pediatric"
        } ],
        "text": "Hep B, adolescent or pediatric"
      },
      "patient": {
        "reference": "urn:uuid:9e238d5a-1f0b-5244-fb37-65f3c7680ec1"
      },
      "wasNotGiven": false,
      "reported": false,
      "encounter": {
        "reference": "urn:uuid:1a17468f-eecb-989b-7de8-cf755532f2f2"
      }
    },
    "request": {
      "method": "POST",
      "url": "Immunization"
    }
  }, {
    "fullUrl": "urn:uuid:460383e3-40c5-a8fc-26b3-94a9d91087c7",
    "resource": {
      "resourceType": "Claim",
      "id": "460383e3-40c5-a8fc-26b3-94a9d91087c7",
      "type": "institutional",
      "organization": {
        "reference": "Organization?identifier=https://github.com/synthetichealth/synthea|03d0392a-7361-32b3-81c9-8c8ac985be00",
        "display": "AMERICAN CHINESE MEDICAL CENTER PC"
      },
      "use": "complete",
      "diagnosis": [ {
        "sequence": 1,
        "diagnosis": {
          "system": "http://snomed.info/sct",
          "code": "314529007",
          "display": "Medication review due (situation)"
        }
      } ],
      "patient": {
        "reference": "urn:uuid:9e238d5a-1f0b-5244-fb37-65f3c7680ec1"
      },
      "item": [ {
        "sequence": 1,
        "type": {
          "system": "http://hl7.org/fhir/v3/ActCode",
          "code": "CSINV",
          "display": "clinical service invoice"
        },
        "service": {
          "system": "http://snomed.info/sct",
          "code": "410620009",
          "display": "Well child visit (procedure)"
        }
      }, {
        "sequence": 2,
        "type": {
          "system": "http://hl7.org/fhir/v3/ActCode",
          "code": "CSINV",
          "display": "clinical service invoice"
        },
        "service": {
          "system": "http://hl7.org/fhir/sid/cvx",
          "code": "08",
          "display": "Hep B, adolescent or pediatric"
        },
        "net": {
          "value": 136.00,
          "system": "urn:iso:std:iso:4217",
          "code": "USD"
        }
      } ]
    },
    "request": {
      "method": "POST",
      "url": "Claim"
    }
  } ]
}
