{
  "resourceType": "Bundle",
  "type": "transaction",
  "entry": [ {
    "fullUrl": "urn:uuid:8ae775a6-eac4-0d99-a67c-2e2db73c98a6",
    "resource": {
      "resourceType": "Patient",
      "id": "8ae775a6-eac4-0d99-a67c-2e2db73c98a6",
      "text": {
        "status": "generated",
        "div": "<div xmlns=\"http://www.w3.org/1999/xhtml\">Generated by <a href=\"https://github.com/synthetichealth/synthea\">Synthea</a>.Version identifier: 7f899db\n .   Person seed: 5302114894899828882  Population seed: 1758804979953</div>"
      },
      "extension": [ {
        "url": "http://hl7.org/fhir/StructureDefinition/us-core-race",
        "valueCodeableConcept": {
          "coding": [ {
            "system": "http://hl7.org/fhir/v3/Race",
            "code": "2106-3",
            "display": "White"
          } ],
          "text": "White"
        }
      }, {
        "url": "http://hl7.org/fhir/StructureDefinition/us-core-ethnicity",
        "valueCodeableConcept": {
          "coding": [ {
            "system": "http://hl7.org/fhir/v3/Ethnicity",
            "code": "2186-5",
            "display": "Not Hispanic or Latino"
          } ],
          "text": "Not Hispanic or Latino"
        }
      }, {
        "url": "http://hl7.org/fhir/StructureDefinition/patient-mothersMaidenName",
        "valueString": "Josefa6 Walker122"
      }, {
        "url": "http://hl7.org/fhir/us/core/StructureDefinition/us-core-birthsex",
        "valueCode": "F"
      }, {
        "url": "http://hl7.org/fhir/StructureDefinition/birthPlace",
        "valueAddress": {
          "city": "Brockton",
          "state": "Massachusetts",
          "country": "US"
        }
      }, {
        "url": "http://synthetichealth.github.io/synthea/disability-adjusted-life-years",
        "valueDecimal": 0.0
      }, {
        "url": "http://synthetichealth.github.io/synthea/quality-adjusted-life-years",
        "valueDecimal": 0.0
      } ],
      "identifier": [ {
        "system": "https://github.com/synthetichealth/synthea",
        "value": "8ae775a6-eac4-0d99-a67c-2e2db73c98a6"
      }, {
        "type": {
          "coding": [ {
            "system": "http://hl7.org/fhir/v2/0203",
            "code": "MR"
          } ]
        },
        "system": "http://hospital.smarthealthit.org",
        "value": "8ae775a6-eac4-0d99-a67c-2e2db73c98a6"
      }, {
        "type": {
          "coding": [ {
            "system": "http://hl7.org/fhir/identifier-type",
            "code": "SB"
          } ]
        },
        "system": "http://hl7.org/fhir/sid/us-ssn",
        "value": "999-17-3689"
      } ],
      "name": [ {
        "use": "official",
        "family": [ "Mante251" ],
        "given": [ "Krystyna791" ]
      } ],
      "telecom": [ {
        "system": "phone",
        "value": "555-573-1127",
        "use": "home"
      } ],
      "gender": "female",
      "birthDate": "2025-05-31",
      "address": [ {
        "extension": [ {
          "url": "http://hl7.org/fhir/StructureDefinition/geolocation",
          "extension": [ {
            "url": "latitude",
            "valueDecimal": 42.71910925057665
          }, {
            "url": "longitude",
            "valueDecimal": -71.1772129681645
          } ]
        } ],
        "line": [ "320 Champlin Branch" ],
        "city": "Lawrence",
        "state": "Massachusetts",
        "postalCode": "01841",
        "country": "US"
      } ],
      "maritalStatus": {
        "coding": [ {
          "system": "http://hl7.org/fhir/v3/MaritalStatus",
          "code": "S"
        } ]
      },
      "multipleBirthBoolean": false,
      "communication": [ {
        "language": {
          "coding": [ {
            "system": "urn:ietf:bcp:47",
            "code": "en-US",
            "display": "English (United States)"
          } ],
          "text": "English (United States)"
        }
      } ]
    },
    "request": {
      "method": "POST",
      "url": "Patient"
    }
  }, {
    "fullUrl": "urn:uuid:d548e307-4208-8c06-a4b1-53fa1f19e9c2",
    "resource": {
      "resourceType": "Encounter",
      "id": "d548e307-4208-8c06-a4b1-53fa1f19e9c2",
      "status": "finished",
      "class": "ambulatory",
      "type": [ {
        "coding": [ {
          "system": "http://snomed.info/sct",
          "code": "410620009",
          "display": "Well child visit (procedure)"
        } ],
        "text": "Well child visit (procedure)"
      } ],
      "patient": {
        "reference": "urn:uuid:8ae775a6-eac4-0d99-a67c-2e2db73c98a6"
      },
      "participant": [ {
        "individual": {
          "reference": "Practitioner?identifier=http://hl7.org/fhir/sid/us-npi|9999990697",
          "display": "Dr. Alvin56 Crona259"
        }
      } ],
      "period": {
        "start": "2025-05-31T18:25:00+00:00",
        "end": "2025-05-31T18:40:00+00:00"
      },
      "serviceProvider": {
        "reference": "Organization?identifier=https://github.com/synthetichealth/synthea|15d4c950-4691-3996-b4c4-bf06bfb58ff7",
        "display": "HOLY FAMILY HOSPITAL"
      }
    },
    "request": {
      "method": "POST",
      "url": "Encounter"
    }
  }, {
    "fullUrl": "urn:uuid:ea0235da-4735-b781-df85-81ecbfee2757",
    "resource": {
      "resourceType": "Condition",
      "id": "ea0235da-4735-b781-df85-81ecbfee2757",
      "patient": {
        "reference": "urn:uuid:8ae775a6-eac4-0d99-a67c-2e2db73c98a6"
      },
      "encounter": {
        "reference": "urn:uuid:d548e307-4208-8c06-a4b1-53fa1f19e9c2"
      },
      "dateRecorded": "2025-05-31",
      "code": {
        "coding": [ {
          "system": "http://snomed.info/sct",
          "code": "314529007",
          "display": "Medication review due (situation)"
        } ],
        "text": "Medication review due (situation)"
      },
      "category": {
        "coding": [ {
          "system": "http://hl7.org/fhir/condition-category",
          "code": "diagnosis"
        } ]
      },
      "clinicalStatus": "resolved",
      "verificationStatus": "confirmed",
      "onsetDateTime": "2025-05-31T18:25:00+00:00",
      "abatementDateTime": "2025-07-05T18:25:00+00:00"
    },
    "request": {
      "method": "POST",
      "url": "Condition"
    }
  }, {
    "fullUrl": "urn:uuid:d87d0809-fff9-1d5b-8be9-c63191caec5d",
    "resource": {
      "resourceType": "Observation",
      "id": "d87d0809-fff9-1d5b-8be9-c63191caec5d",
      "status": "final",
      "category": {
        "coding": [ {
          "system": "http://hl7.org/fhir/observation-category",
          "code": "vital-signs",
          "display": "vital-signs"
        } ],
        "text": "vital-signs"
      },
      "code": {
        "coding": [ {
          "system": "http://loinc.org",
          "code": "8302-2",
          "display": "Body Height"
        } ],
        "text": "Body Height"
      },
      "subject": {
        "reference": "urn:uuid:8ae775a6-eac4-0d99-a67c-2e2db73c98a6"
      },
      "encounter": {
        "reference": "urn:uuid:d548e307-4208-8c06-a4b1-53fa1f19e9c2"
      },
      "effectiveDateTime": "2025-05-31T18:25:00+00:00",
      "issued": "2025-05-31T18:25:00.642+00:00",
      "valueQuantity": {
        "value": 51,
        "unit": "cm",
        "system": "http://unitsofmeasure.org",
        "code": "cm"
      }
    },
    "request": {
      "method": "POST",
      "url": "Observation"
    }
  }, {
    "fullUrl": "urn:uuid:bc508c1c-1127-a23f-ab8e-e4c923ea8212",
    "resource": {
      "resourceType": "Observation",
      "id": "bc508c1c-1127-a23f-ab8e-e4c923ea8212",
      "status": "final",
      "category": {
        "coding": [ {
          "system": "http://hl7.org/fhir/observation-category",
          "code": "vital-signs",
          "display": "vital-signs"
        } ],
        "text": "vital-signs"
      },
      "code": {
        "coding": [ {
          "system": "http://loinc.org",
          "code": "72514-3",
          "display": "Pain severity - 0-10 verbal numeric rating [Score] - Reported"
        } ],
        "text": "Pain severity - 0-10 verbal numeric rating [Score] - Reported"
      },
      "subject": {
        "reference": "urn:uuid:8ae775a6-eac4-0d99-a67c-2e2db73c98a6"
      },
      "encounter": {
        "reference": "urn:uuid:d548e307-4208-8c06-a4b1-53fa1f19e9c2"
      },
      "effectiveDateTime": "2025-05-31T18:25:00+00:00",
      "issued": "2025-05-31T18:25:00.642+00:00",
      "valueQuantity": {
        "value": 3,
        "unit": "{score}",
        "system": "http://unitsofmeasure.org",
        "code": "{score}"
      }
    },
    "request": {
      "method": "POST",
      "url": "Observation"
    }
  }, {
    "fullUrl": "urn:uuid:dc3d5db1-9186-ad78-05e3-c53a1a2aa6a8",
    "resource": {
      "resourceType": "Observation",
      "id": "dc3d5db1-9186-ad78-05e3-c53a1a2aa6a8",
      "status": "final",
      "category": {
        "coding": [ {
          "system": "http://hl7.org/fhir/observation-category",
          "code": "vital-signs",
          "display": "vital-signs"
        } ],
        "text": "vital-signs"
      },
      "code": {
        "coding": [ {
          "system": "http://loinc.org",
          "code": "29463-7",
          "display": "Body Weight"
        } ],
        "text": "Body Weight"
      },
      "subject": {
        "reference": "urn:uuid:8ae775a6-eac4-0d99-a67c-2e2db73c98a6"
      },
      "encounter": {
        "reference": "urn:uuid:d548e307-4208-8c06-a4b1-53fa1f19e9c2"
      },
      "effectiveDateTime": "2025-05-31T18:25:00+00:00",
      "issued": "2025-05-31T18:25:00.642+00:00",
      "valueQuantity": {
        "value": 4,
        "unit": "kg",
        "system": "http://unitsofmeasure.org",
        "code": "kg"
      }
    },
    "request": {
      "method": "POST",
      "url": "Observation"
    }
  }, {
    "fullUrl": "urn:uuid:7bd7d29c-1d5e-5c31-a53f-a55da3502897",
    "resource": {
      "resourceType": "Observation",
      "id": "7bd7d29c-1d5e-5c31-a53f-a55da3502897",
      "status": "final",
      "category": {
        "coding": [ {
          "system": "http://hl7.org/fhir/observation-category",
          "code": "vital-signs",
          "display": "vital-signs"
        } ],
        "text": "vital-signs"
      },
      "code": {
        "coding": [ {
          "system": "http://loinc.org",
          "code": "77606-2",
          "display": "Weight-for-length Per age and sex"
        } ],
        "text": "Weight-for-length Per age and sex"
      },
      "subject": {
        "reference": "urn:uuid:8ae775a6-eac4-0d99-a67c-2e2db73c98a6"
      },
      "encounter": {
        "reference": "urn:uuid:d548e307-4208-8c06-a4b1-53fa1f19e9c2"
      },
      "effectiveDateTime": "2025-05-31T18:25:00+00:00",
      "issued": "2025-05-31T18:25:00.642+00:00",
      "valueQuantity": {
        "value": 76.517,
        "unit": "%",
        "system": "http://unitsofmeasure.org",
        "code": "%"
      }
    },
    "request": {
      "method": "POST",
      "url": "Observation"
    }
  }, {
    "fullUrl": "urn:uuid:757e9f9d-9361-dcaa-0bad-d3b670c51667",
    "resource": {
      "resourceType": "Observation",
      "id": "757e9f9d-9361-dcaa-0bad-d3b670c51667",
      "status": "final",
      "category": {
        "coding": [ {
          "system": "http://hl7.org/fhir/observation-category",
          "code": "vital-signs",
          "display": "vital-signs"
        } ],
        "text": "vital-signs"
      },
      "code": {
        "coding": [ {
          "system": "http://loinc.org",
          "code": "8289-1",
          "display": "Head Occipital-frontal circumference Percentile"
        } ],
        "text": "Head Occipital-frontal circumference Percentile"
      },
      "subject": {
        "reference": "urn:uuid:8ae775a6-eac4-0d99-a67c-2e2db73c98a6"
      },
      "encounter": {
        "reference": "urn:uuid:d548e307-4208-8c06-a4b1-53fa1f19e9c2"
      },
      "effectiveDateTime": "2025-05-31T18:25:00+00:00",
      "issued": "2025-05-31T18:25:00.642+00:00",
      "valueQuantity": {
        "value": 41.880,
        "unit": "%",
        "system": "http://unitsofmeasure.org",
        "code": "%"
      }
    },
    "request": {
      "method": "POST",
      "url": "Observation"
    }
  }, {
    "fullUrl": "urn:uuid:7075850b-f9bb-fca5-c656-f504a496d7e8",
    "resource": {
      "resourceType": "Observation",
      "id": "7075850b-f9bb-fca5-c656-f504a496d7e8",
      "status": "final",
      "category": {
        "coding": [ {
          "system": "http://hl7.org/fhir/observation-category",
          "code": "vital-signs",
          "display": "vital-signs"
        } ],
        "text": "vital-signs"
      },
      "code": {
        "coding": [ {
          "system": "http://loinc.org",
          "code": "9843-4",
          "display": "Head Occipital-frontal circumference"
        } ],
        "text": "Head Occipital-frontal circumference"
      },
      "subject": {
        "reference": "urn:uuid:8ae775a6-eac4-0d99-a67c-2e2db73c98a6"
      },
      "encounter": {
        "reference": "urn:uuid:d548e307-4208-8c06-a4b1-53fa1f19e9c2"
      },
      "effectiveDateTime": "2025-05-31T18:25:00+00:00",
      "issued": "2025-05-31T18:25:00.642+00:00",
      "valueQuantity": {
        "value": 34.380,
        "unit": "cm",
        "system": "http://unitsofmeasure.org",
        "code": "cm"
      }
    },
    "request": {
      "method": "POST",
      "url": "Observation"
    }
  }, {
    "fullUrl": "urn:uuid:abca0308-514d-8dbd-739e-004f62a3db52",
    "resource": {
      "resourceType": "Observation",
      "id": "abca0308-514d-8dbd-739e-004f62a3db52",
      "status": "final",
      "category": {
        "coding": [ {
          "system": "http://hl7.org/fhir/observation-category",
          "code": "vital-signs",
          "display": "vital-signs"
        } ],
        "text": "vital-signs"
      },
      "code": {
        "coding": [ {
          "system": "http://loinc.org",
          "code": "85354-9",
          "display": "Blood pressure panel with all children optional"
        } ],
        "text": "Blood pressure panel with all children optional"
      },
      "subject": {
        "reference": "urn:uuid:8ae775a6-eac4-0d99-a67c-2e2db73c98a6"
      },
      "encounter": {
        "reference": "urn:uuid:d548e307-4208-8c06-a4b1-53fa1f19e9c2"
      },
      "effectiveDateTime": "2025-05-31T18:25:00+00:00",
      "issued": "2025-05-31T18:25:00.642+00:00",
      "component": [ {
        "code": {
          "coding": [ {
            "system": "http://loinc.org",
            "code": "8462-4",
            "display": "Diastolic Blood Pressure"
          } ],
          "text": "Diastolic Blood Pressure"
        },
        "valueQuantity": {
          "value": 60,
          "unit": "mm[Hg]",
          "system": "http://unitsofmeasure.org",
          "code": "mm[Hg]"
        }
      }, {
        "code": {
          "coding": [ {
            "system": "http://loinc.org",
            "code": "8480-6",
            "display": "Systolic Blood Pressure"
          } ],
          "text": "Systolic Blood Pressure"
        },
        "valueQuantity": {
          "value": 96,
          "unit": "mm[Hg]",
          "system": "http://unitsofmeasure.org",
          "code": "mm[Hg]"
        }
      } ]
    },
    "request": {
      "method": "POST",
      "url": "Observation"
    }
  }, {
    "fullUrl": "urn:uuid:56236aaf-a4ae-feaf-b47d-81d64a88e0a8",
    "resource": {
      "resourceType": "Observation",
      "id": "56236aaf-a4ae-feaf-b47d-81d64a88e0a8",
      "status": "final",
      "category": {
        "coding": [ {
          "system": "http://hl7.org/fhir/observation-category",
          "code": "vital-signs",
          "display": "vital-signs"
        } ],
        "text": "vital-signs"
      },
      "code": {
        "coding": [ {
          "system": "http://loinc.org",
          "code": "8867-4",
          "display": "Heart rate"
        } ],
        "text": "Heart rate"
      },
      "subject": {
        "reference": "urn:uuid:8ae775a6-eac4-0d99-a67c-2e2db73c98a6"
      },
      "encounter": {
        "reference": "urn:uuid:d548e307-4208-8c06-a4b1-53fa1f19e9c2"
      },
      "effectiveDateTime": "2025-05-31T18:25:00+00:00",
      "issued": "2025-05-31T18:25:00.642+00:00",
      "valueQuantity": {
        "value": 66,
        "unit": "/min",
        "system": "http://unitsofmeasure.org",
        "code": "/min"
      }
    },
    "request": {
      "method": "POST",
      "url": "Observation"
    }
  }, {
    "fullUrl": "urn:uuid:466b28ec-287b-d251-9d95-6903e8ec6d40",
    "resource": {
      "resourceType": "Observation",
      "id": "466b28ec-287b-d251-9d95-6903e8ec6d40",
      "status": "final",
      "category": {
        "coding": [ {
          "system": "http://hl7.org/fhir/observation-category",
          "code": "vital-signs",
          "display": "vital-signs"
        } ],
        "text": "vital-signs"
      },
      "code": {
        "coding": [ {
          "system": "http://loinc.org",
          "code": "9279-1",
          "display": "Respiratory rate"
        } ],
        "text": "Respiratory rate"
      },
      "subject": {
        "reference": "urn:uuid:8ae775a6-eac4-0d99-a67c-2e2db73c98a6"
      },
      "encounter": {
        "reference": "urn:uuid:d548e307-4208-8c06-a4b1-53fa1f19e9c2"
      },
      "effectiveDateTime": "2025-05-31T18:25:00+00:00",
      "issued": "2025-05-31T18:25:00.642+00:00",
      "valueQuantity": {
        "value": 15,
        "unit": "/min",
        "system": "http://unitsofmeasure.org",
        "code": "/min"
      }
    },
    "request": {
      "method": "POST",
      "url": "Observation"
    }
  }, {
    "fullUrl": "urn:uuid:75ef46ae-17e1-e5f8-3371-bd4de525f803",
    "resource": {
      "resourceType": "Observation",
      "id": "75ef46ae-17e1-e5f8-3371-bd4de525f803",
      "status": "final",
      "category": {
        "coding": [ {
          "system": "http://hl7.org/fhir/observation-category",
          "code": "laboratory",
          "display": "laboratory"
        } ],
        "text": "laboratory"
      },
      "code": {
        "coding": [ {
          "system": "http://loinc.org",
          "code": "6690-2",
          "display": "Leukocytes [#/volume] in Blood by Automated count"
        } ],
        "text": "Leukocytes [#/volume] in Blood by Automated count"
      },
      "subject": {
        "reference": "urn:uuid:8ae775a6-eac4-0d99-a67c-2e2db73c98a6"
      },
      "encounter": {
        "reference": "urn:uuid:d548e307-4208-8c06-a4b1-53fa1f19e9c2"
      },
      "effectiveDateTime": "2025-05-31T18:25:00+00:00",
      "issued": "2025-05-31T18:25:00.642+00:00",
      "valueQuantity": {
        "value": 9.3115,
        "unit": "10*3/uL",
        "system": "http://unitsofmeasure.org",
        "code": "10*3/uL"
      }
    },
    "request": {
      "method": "POST",
      "url": "Observation"
    }
  }, {
    "fullUrl": "urn:uuid:15bb4992-4c2e-ccd8-b364-409f73c6b700",
    "resource": {
      "resourceType": "Observation",
      "id": "15bb4992-4c2e-ccd8-b364-409f73c6b700",
      "status": "final",
      "category": {
        "coding": [ {
          "system": "http://hl7.org/fhir/observation-category",
          "code": "laboratory",
          "display": "laboratory"
        } ],
        "text": "laboratory"
      },
      "code": {
        "coding": [ {
          "system": "http://loinc.org",
          "code": "789-8",
          "display": "Erythrocytes [#/volume] in Blood by Automated count"
        } ],
        "text": "Erythrocytes [#/volume] in Blood by Automated count"
      },
      "subject": {
        "reference": "urn:uuid:8ae775a6-eac4-0d99-a67c-2e2db73c98a6"
      },
      "encounter": {
        "reference": "urn:uuid:d548e307-4208-8c06-a4b1-53fa1f19e9c2"
      },
      "effectiveDateTime": "2025-05-31T18:25:00+00:00",
      "issued": "2025-05-31T18:25:00.642+00:00",
      "valueQuantity": {
        "value": 4.0301,
        "unit": "10*6/uL",
        "system": "http://unitsofmeasure.org",
        "code": "10*6/uL"
      }
    },
    "request": {
      "method": "POST",
      "url": "Observation"
    }
  }, {
    "fullUrl": "urn:uuid:da699450-b0d1-611f-8d9b-51adec693979",
    "resource": {
      "resourceType": "Observation",
      "id": "da699450-b0d1-611f-8d9b-51adec693979",
      "status": "final",
      "category": {
        "coding": [ {
          "system": "http://hl7.org/fhir/observation-category",
          "code": "laboratory",
          "display": "laboratory"
        } ],
        "text": "laboratory"
      },
      "code": {
        "coding": [ {
          "system": "http://loinc.org",
          "code": "718-7",
          "display": "Hemoglobin [Mass/volume] in Blood"
        } ],
        "text": "Hemoglobin [Mass/volume] in Blood"
      },
      "subject": {
        "reference": "urn:uuid:8ae775a6-eac4-0d99-a67c-2e2db73c98a6"
      },
      "encounter": {
        "reference": "urn:uuid:d548e307-4208-8c06-a4b1-53fa1f19e9c2"
      },
      "effectiveDateTime": "2025-05-31T18:25:00+00:00",
      "issued": "2025-05-31T18:25:00.642+00:00",
      "valueQuantity": {
        "value": 14.973,
        "unit": "g/dL",
        "system": "http://unitsofmeasure.org",
        "code": "g/dL"
      }
    },
    "request": {
      "method": "POST",
      "url": "Observation"
    }
  }, {
    "fullUrl": "urn:uuid:960fe9ca-5b7a-4fdc-e21c-95db0579efd9",
    "resource": {
      "resourceType": "Observation",
      "id": "960fe9ca-5b7a-4fdc-e21c-95db0579efd9",
      "status": "final",
      "category": {
        "coding": [ {
          "system": "http://hl7.org/fhir/observation-category",
          "code": "laboratory",
          "display": "laboratory"
        } ],
        "text": "laboratory"
      },
      "code": {
        "coding": [ {
          "system": "http://loinc.org",
          "code": "4544-3",
          "display": "Hematocrit [Volume Fraction] of Blood by Automated count"
        } ],
        "text": "Hematocrit [Volume Fraction] of Blood by Automated count"
      },
      "subject": {
        "reference": "urn:uuid:8ae775a6-eac4-0d99-a67c-2e2db73c98a6"
      },
      "encounter": {
        "reference": "urn:uuid:d548e307-4208-8c06-a4b1-53fa1f19e9c2"
      },
      "effectiveDateTime": "2025-05-31T18:25:00+00:00",
      "issued": "2025-05-31T18:25:00.642+00:00",
      "valueQuantity": {
        "value": 48.759,
        "unit": "%",
        "system": "http://unitsofmeasure.org",
        "code": "%"
      }
    },
    "request": {
      "method": "POST",
      "url": "Observation"
    }
  }, {
    "fullUrl": "urn:uuid:803a1c09-65c6-3f89-2991-41019fd628f8",
    "resource": {
      "resourceType": "Observation",
      "id": "803a1c09-65c6-3f89-2991-41019fd628f8",
      "status": "final",
      "category": {
        "coding": [ {
          "system": "http://hl7.org/fhir/observation-category",
          "code": "laboratory",
          "display": "laboratory"
        } ],
        "text": "laboratory"
      },
      "code": {
        "coding": [ {
          "system": "http://loinc.org",
          "code": "787-2",
          "display": "MCV [Entitic volume] by Automated count"
        } ],
        "text": "MCV [Entitic volume] by Automated count"
      },
      "subject": {
        "reference": "urn:uuid:8ae775a6-eac4-0d99-a67c-2e2db73c98a6"
      },
      "encounter": {
        "reference": "urn:uuid:d548e307-4208-8c06-a4b1-53fa1f19e9c2"
      },
      "effectiveDateTime": "2025-05-31T18:25:00+00:00",
      "issued": "2025-05-31T18:25:00.642+00:00",
      "valueQuantity": {
        "value": 90.277,
        "unit": "fL",
        "system": "http://unitsofmeasure.org",
        "code": "fL"
      }
    },
    "request": {
      "method": "POST",
      "url": "Observation"
    }
  }, {
    "fullUrl": "urn:uuid:f416c1f3-4ae1-d563-2bb9-35b69bfbf05c",
    "resource": {
      "resourceType": "Observation",
      "id": "f416c1f3-4ae1-d563-2bb9-35b69bfbf05c",
      "status": "final",
      "category": {
        "coding": [ {
          "system": "http://hl7.org/fhir/observation-category",
          "code": "laboratory",
          "display": "laboratory"
        } ],
        "text": "laboratory"
      },
      "code": {
        "coding": [ {
          "system": "http://loinc.org",
          "code": "785-6",
          "display": "MCH [Entitic mass] by Automated count"
        } ],
        "text": "MCH [Entitic mass] by Automated count"
      },
      "subject": {
        "reference": "urn:uuid:8ae775a6-eac4-0d99-a67c-2e2db73c98a6"
      },
      "encounter": {
        "reference": "urn:uuid:d548e307-4208-8c06-a4b1-53fa1f19e9c2"
      },
      "effectiveDateTime": "2025-05-31T18:25:00+00:00",
      "issued": "2025-05-31T18:25:00.642+00:00",
      "valueQuantity": {
        "value": 32.121,
        "unit": "pg",
        "system": "http://unitsofmeasure.org",
        "code": "pg"
      }
    },
    "request": {
      "method": "POST",
      "url": "Observation"
    }
  }, {
    "fullUrl": "urn:uuid:6561c6a1-ce78-0ae1-bc1d-82b5e0356d6e",
    "resource": {
      "resourceType": "Observation",
      "id": "6561c6a1-ce78-0ae1-bc1d-82b5e0356d6e",
      "status": "final",
      "category": {
        "coding": [ {
          "system": "http://hl7.org/fhir/observation-category",
          "code": "laboratory",
          "display": "laboratory"
        } ],
        "text": "laboratory"
      },
      "code": {
        "coding": [ {
          "system": "http://loinc.org",
          "code": "786-4",
          "display": "MCHC [Mass/volume] by Automated count"
        } ],
        "text": "MCHC [Mass/volume] by Automated count"
      },
      "subject": {
        "reference": "urn:uuid:8ae775a6-eac4-0d99-a67c-2e2db73c98a6"
      },
      "encounter": {
        "reference": "urn:uuid:d548e307-4208-8c06-a4b1-53fa1f19e9c2"
      },
      "effectiveDateTime": "2025-05-31T18:25:00+00:00",
      "issued": "2025-05-31T18:25:00.642+00:00",
      "valueQuantity": {
        "value": 33.804,
        "unit": "g/dL",
        "system": "http://unitsofmeasure.org",
        "code": "g/dL"
      }
    },
    "request": {
      "method": "POST",
      "url": "Observation"
    }
  }, {
    "fullUrl": "urn:uuid:6499ccd5-62fc-7aa1-519c-5bb05a8823ec",
    "resource": {
      "resourceType": "Observation",
      "id": "6499ccd5-62fc-7aa1-519c-5bb05a8823ec",
      "status": "final",
      "category": {
        "coding": [ {
          "system": "http://hl7.org/fhir/observation-category",
          "code": "laboratory",
          "display": "laboratory"
        } ],
        "text": "laboratory"
      },
      "code": {
        "coding": [ {
          "system": "http://loinc.org",
          "code": "21000-5",
          "display": "Erythrocyte distribution width [Entitic volume] by Automated count"
        } ],
        "text": "Erythrocyte distribution width [Entitic volume] by Automated count"
      },
      "subject": {
        "reference": "urn:uuid:8ae775a6-eac4-0d99-a67c-2e2db73c98a6"
      },
      "encounter": {
        "reference": "urn:uuid:d548e307-4208-8c06-a4b1-53fa1f19e9c2"
      },
      "effectiveDateTime": "2025-05-31T18:25:00+00:00",
      "issued": "2025-05-31T18:25:00.642+00:00",
      "valueQuantity": {
        "value": 42.887,
        "unit": "fL",
        "system": "http://unitsofmeasure.org",
        "code": "fL"
      }
    },
    "request": {
      "method": "POST",
      "url": "Observation"
    }
  }, {
    "fullUrl": "urn:uuid:96074dfa-73f4-d0aa-c92f-7ac56a0a33f9",
    "resource": {
      "resourceType": "Observation",
      "id": "96074dfa-73f4-d0aa-c92f-7ac56a0a33f9",
      "status": "final",
      "category": {
        "coding": [ {
          "system": "http://hl7.org/fhir/observation-category",
          "code": "laboratory",
          "display": "laboratory"
        } ],
        "text": "laboratory"
      },
      "code": {
        "coding": [ {
          "system": "http://loinc.org",
          "code": "777-3",
          "display": "Platelets [#/volume] in Blood by Automated count"
        } ],
        "text": "Platelets [#/volume] in Blood by Automated count"
      },
      "subject": {
        "reference": "urn:uuid:8ae775a6-eac4-0d99-a67c-2e2db73c98a6"
      },
      "encounter": {
        "reference": "urn:uuid:d548e307-4208-8c06-a4b1-53fa1f19e9c2"
      },
      "effectiveDateTime": "2025-05-31T18:25:00+00:00",
      "issued": "2025-05-31T18:25:00.642+00:00",
      "valueQuantity": {
        "value": 251.73,
        "unit": "10*3/uL",
        "system": "http://unitsofmeasure.org",
        "code": "10*3/uL"
      }
    },
    "request": {
      "method": "POST",
      "url": "Observation"
    }
  }, {
    "fullUrl": "urn:uuid:9d38dfc0-e7f3-ebdc-5320-2d3a9a658491",
    "resource": {
      "resourceType": "Observation",
      "id": "9d38dfc0-e7f3-ebdc-5320-2d3a9a658491",
      "status": "final",
      "category": {
        "coding": [ {
          "system": "http://hl7.org/fhir/observation-category",
          "code": "laboratory",
          "display": "laboratory"
        } ],
        "text": "laboratory"
      },
      "code": {
        "coding": [ {
          "system": "http://loinc.org",
          "code": "32207-3",
          "display": "Platelet distribution width [Entitic volume] in Blood by Automated count"
        } ],
        "text": "Platelet distribution width [Entitic volume] in Blood by Automated count"
      },
      "subject": {
        "reference": "urn:uuid:8ae775a6-eac4-0d99-a67c-2e2db73c98a6"
      },
      "encounter": {
        "reference": "urn:uuid:d548e307-4208-8c06-a4b1-53fa1f19e9c2"
      },
      "effectiveDateTime": "2025-05-31T18:25:00+00:00",
      "issued": "2025-05-31T18:25:00.642+00:00",
      "valueQuantity": {
        "value": 284.42,
        "unit": "fL",
        "system": "http://unitsofmeasure.org",
        "code": "fL"
      }
    },
    "request": {
      "method": "POST",
      "url": "Observation"
    }
  }, {
    "fullUrl": "urn:uuid:0f32743b-8147-8ece-d94d-f95aee922d58",
    "resource": {
      "resourceType": "Observation",
      "id": "0f32743b-8147-8ece-d94d-f95aee922d58",
      "status": "final",
      "category": {
        "coding": [ {
          "system": "http://hl7.org/fhir/observation-category",
          "code": "laboratory",
          "display": "laboratory"
        } ],
        "text": "laboratory"
      },
      "code": {
        "coding": [ {
          "system": "http://loinc.org",
          "code": "32623-1",
          "display": "Platelet mean volume [Entitic volume] in Blood by Automated count"
        } ],
        "text": "Platelet mean volume [Entitic volume] in Blood by Automated count"
      },
      "subject": {
        "reference": "urn:uuid:8ae775a6-eac4-0d99-a67c-2e2db73c98a6"
      },
      "encounter": {
        "reference": "urn:uuid:d548e307-4208-8c06-a4b1-53fa1f19e9c2"
      },
      "effectiveDateTime": "2025-05-31T18:25:00+00:00",
      "issued": "2025-05-31T18:25:00.642+00:00",
      "valueQuantity": {
        "value": 9.5245,
        "unit": "fL",
        "system": "http://unitsofmeasure.org",
        "code": "fL"
      }
    },
    "request": {
      "method": "POST",
      "url": "Observation"
    }
  }, {
    "fullUrl": "urn:uuid:2eb31c80-b201-8cf9-2580-870f4220accd",
    "resource": {
      "resourceType": "Observation",
      "id": "2eb31c80-b201-8cf9-2580-870f4220accd",
      "status": "final",
      "category": {
        "coding": [ {
          "system": "http://hl7.org/fhir/observation-category",
          "code": "social-history",
          "display": "social-history"
        } ],
        "text": "social-history"
      },
      "code": {
        "coding": [ {
          "system": "http://loinc.org",
          "code": "72166-2",
          "display": "Tobacco smoking status"
        } ],
        "text": "Tobacco smoking status"
      },
      "subject": {
        "reference": "urn:uuid:8ae775a6-eac4-0d99-a67c-2e2db73c98a6"
      },
      "encounter": {
        "reference": "urn:uuid:d548e307-4208-8c06-a4b1-53fa1f19e9c2"
      },
      "effectiveDateTime": "2025-05-31T18:25:00+00:00",
      "issued": "2025-05-31T18:25:00.642+00:00",
      "valueCodeableConcept": {
        "coding": [ {
          "system": "http://snomed.info/sct",
          "code": "266919005",
          "display": "Never smoked tobacco (finding)"
        } ],
        "text": "Never smoked tobacco (finding)"
      }
    },
    "request": {
      "method": "POST",
      "url": "Observation"
    }
  }, {
    "fullUrl": "urn:uuid:6e7a095f-57e7-3d59-aacb-eff2c4a15f4f",
    "resource": {
      "resourceType": "Immunization",
      "id": "6e7a095f-57e7-3d59-aacb-eff2c4a15f4f",
      "status": "completed",
      "date": "2025-05-31T18:25:00+00:00",
      "vaccineCode": {
        "coding": [ {
          "system": "http://hl7.org/fhir/sid/cvx",
          "code": "08",
          "display": "Hep B, adolescent or pediatric"
        } ],
        "text": "Hep B, adolescent or pediatric"
      },
      "patient": {
        "reference": "urn:uuid:8ae775a6-eac4-0d99-a67c-2e2db73c98a6"
      },
      "wasNotGiven": false,
      "reported": false,
      "encounter": {
        "reference": "urn:uuid:d548e307-4208-8c06-a4b1-53fa1f19e9c2"
      }
    },
    "request": {
      "method": "POST",
      "url": "Immunization"
    }
  }, {
    "fullUrl": "urn:uuid:3534ff37-d961-d7d9-21a6-87eb841f4c9f",
    "resource": {
      "resourceType": "DiagnosticReport",
      "id": "3534ff37-d961-d7d9-21a6-87eb841f4c9f",
      "status": "final",
      "category": {
        "coding": [ {
          "system": "http://hl7.org/fhir/ValueSet/diagnostic-service-sections",
          "code": "LAB"
        } ]
      },
      "code": {
        "coding": [ {
          "system": "http://loinc.org",
          "code": "58410-2",
          "display": "CBC panel - Blood by Automated count"
        } ],
        "text": "CBC panel - Blood by Automated count"
      },
      "subject": {
        "reference": "urn:uuid:8ae775a6-eac4-0d99-a67c-2e2db73c98a6"
      },
      "encounter": {
        "reference": "urn:uuid:d548e307-4208-8c06-a4b1-53fa1f19e9c2"
      },
      "effectiveDateTime": "2025-05-31T18:25:00+00:00",
      "issued": "2025-05-31T18:25:00.642+00:00",
      "performer": {
        "reference": "Organization?identifier=https://github.com/synthetichealth/synthea|15d4c950-4691-3996-b4c4-bf06bfb58ff7",
        "display": "HOLY FAMILY HOSPITAL"
      },
      "result": [ {
        "reference": "urn:uuid:0f32743b-8147-8ece-d94d-f95aee922d58",
        "display": "Platelet mean volume [Entitic volume] in Blood by Automated count"
      } ]
    },
    "request": {
      "method": "POST",
      "url": "DiagnosticReport"
    }
  }, {
    "fullUrl": "urn:uuid:a33fc329-2116-6566-8e6b-661ed8560561",
    "resource": {
      "resourceType": "Claim",
      "id": "a33fc329-2116-6566-8e6b-661ed8560561",
      "type": "institutional",
      "organization": {
        "reference": "Organization?identifier=https://github.com/synthetichealth/synthea|15d4c950-4691-3996-b4c4-bf06bfb58ff7",
        "display": "HOLY FAMILY HOSPITAL"
      },
      "use": "complete",
      "diagnosis": [ {
        "sequence": 1,
        "diagnosis": {
          "system": "http://snomed.info/sct",
          "code": "314529007",
          "display": "Medication review due (situation)"
        }
      } ],
      "patient": {
        "reference": "urn:uuid:8ae775a6-eac4-0d99-a67c-2e2db73c98a6"
      },
      "item": [ {
        "sequence": 1,
        "type": {
          "system": "http://hl7.org/fhir/v3/ActCode",
          "code": "CSINV",
          "display": "clinical service invoice"
        },
        "service": {
          "system": "http://snomed.info/sct",
          "code": "410620009",
          "display": "Well child visit (procedure)"
        }
      }, {
        "sequence": 2,
        "type": {
          "system": "http://hl7.org/fhir/v3/ActCode",
          "code": "CSINV",
          "display": "clinical service invoice"
        },
        "service": {
          "system": "http://hl7.org/fhir/sid/cvx",
          "code": "08",
          "display": "Hep B, adolescent or pediatric"
        },
        "net": {
          "value": 136.00,
          "system": "urn:iso:std:iso:4217",
          "code": "USD"
        }
      }, {
        "sequence": 4,
        "type": {
          "system": "http://hl7.org/fhir/v3/ActCode",
          "code": "CSINV",
          "display": "clinical service invoice"
        },
        "service": {
          "system": "http://loinc.org",
          "code": "58410-2",
          "display": "CBC panel - Blood by Automated count"
        },
        "net": {
          "value": 74.58,
          "system": "urn:iso:std:iso:4217",
          "code": "USD"
        }
      } ]
    },
    "request": {
      "method": "POST",
      "url": "Claim"
    }
  }, {
    "fullUrl": "urn:uuid:f25f24de-43cc-baae-7ce5-9f06eeb34b48",
    "resource": {
      "resourceType": "Encounter",
      "id": "f25f24de-43cc-baae-7ce5-9f06eeb34b48",
      "status": "finished",
      "class": "ambulatory",
      "type": [ {
        "coding": [ {
          "system": "http://snomed.info/sct",
          "code": "410620009",
          "display": "Well child visit (procedure)"
        } ],
        "text": "Well child visit (procedure)"
      } ],
      "patient": {
        "reference": "urn:uuid:8ae775a6-eac4-0d99-a67c-2e2db73c98a6"
      },
      "participant": [ {
        "individual": {
          "reference": "Practitioner?identifier=http://hl7.org/fhir/sid/us-npi|9999990697",
          "display": "Dr. Alvin56 Crona259"
        }
      } ],
      "period": {
        "start": "2025-07-05T18:25:00+00:00",
        "end": "2025-07-05T18:40:00+00:00"
      },
      "serviceProvider": {
        "reference": "Organization?identifier=https://github.com/synthetichealth/synthea|15d4c950-4691-3996-b4c4-bf06bfb58ff7",
        "display": "HOLY FAMILY HOSPITAL"
      }
    },
    "request": {
      "method": "POST",
      "url": "Encounter"
    }
  }, {
    "fullUrl": "urn:uuid:7b3c1b00-9205-5085-dc4e-600d34f7d204",
    "resource": {
      "resourceType": "Observation",
      "id": "7b3c1b00-9205-5085-dc4e-600d34f7d204",
      "status": "final",
      "category": {
        "coding": [ {
          "system": "http://hl7.org/fhir/observation-category",
          "code": "vital-signs",
          "display": "vital-signs"
        } ],
        "text": "vital-signs"
      },
      "code": {
        "coding": [ {
          "system": "http://loinc.org",
          "code": "8302-2",
          "display": "Body Height"
        } ],
        "text": "Body Height"
      },
      "subject": {
        "reference": "urn:uuid:8ae775a6-eac4-0d99-a67c-2e2db73c98a6"
      },
      "encounter": {
        "reference": "urn:uuid:f25f24de-43cc-baae-7ce5-9f06eeb34b48"
      },
      "effectiveDateTime": "2025-07-05T18:25:00+00:00",
      "issued": "2025-07-05T18:25:00.642+00:00",
      "valueQuantity": {
        "value": 54.600,
        "unit": "cm",
        "system": "http://unitsofmeasure.org",
        "code": "cm"
      }
    },
    "request": {
      "method": "POST",
      "url": "Observation"
    }
  }, {
    "fullUrl": "urn:uuid:5188d98a-e142-402e-56d0-d9fc2523c9b3",
    "resource": {
      "resourceType": "Observation",
      "id": "5188d98a-e142-402e-56d0-d9fc2523c9b3",
      "status": "final",
      "category": {
        "coding": [ {
          "system": "http://hl7.org/fhir/observation-category",
          "code": "vital-signs",
          "display": "vital-signs"
        } ],
        "text": "vital-signs"
      },
      "code": {
        "coding": [ {
          "system": "http://loinc.org",
          "code": "72514-3",
          "display": "Pain severity - 0-10 verbal numeric rating [Score] - Reported"
        } ],
        "text": "Pain severity - 0-10 verbal numeric rating [Score] - Reported"
      },
      "subject": {
        "reference": "urn:uuid:8ae775a6-eac4-0d99-a67c-2e2db73c98a6"
      },
      "encounter": {
        "reference": "urn:uuid:f25f24de-43cc-baae-7ce5-9f06eeb34b48"
      },
      "effectiveDateTime": "2025-07-05T18:25:00+00:00",
      "issued": "2025-07-05T18:25:00.642+00:00",
      "valueQuantity": {
        "value": 3,
        "unit": "{score}",
        "system": "http://unitsofmeasure.org",
        "code": "{score}"
      }
    },
    "request": {
      "method": "POST",
      "url": "Observation"
    }
  }, {
    "fullUrl": "urn:uuid:93571668-5507-52d2-5cb5-6a94f4286443",
    "resource": {
      "resourceType": "Observation",
      "id": "93571668-5507-52d2-5cb5-6a94f4286443",
      "status": "final",
      "category": {
        "coding": [ {
          "system": "http://hl7.org/fhir/observation-category",
          "code": "vital-signs",
          "display": "vital-signs"
        } ],
        "text": "vital-signs"
      },
      "code": {
        "coding": [ {
          "system": "http://loinc.org",
          "code": "29463-7",
          "display": "Body Weight"
        } ],
        "text": "Body Weight"
      },
      "subject": {
        "reference": "urn:uuid:8ae775a6-eac4-0d99-a67c-2e2db73c98a6"
      },
      "encounter": {
        "reference": "urn:uuid:f25f24de-43cc-baae-7ce5-9f06eeb34b48"
      },
      "effectiveDateTime": "2025-07-05T18:25:00+00:00",
      "issued": "2025-07-05T18:25:00.642+00:00",
      "valueQuantity": {
        "value": 4.8000,
        "unit": "kg",
        "system": "http://unitsofmeasure.org",
        "code": "kg"
      }
    },
    "request": {
      "method": "POST",
      "url": "Observation"
    }
  }, {
    "fullUrl": "urn:uuid:bf8417b1-a373-ee19-770e-a4ae6bdb5389",
    "resource": {
      "resourceType": "Observation",
      "id": "bf8417b1-a373-ee19-770e-a4ae6bdb5389",
      "status": "final",
      "category": {
        "coding": [ {
          "system": "http://hl7.org/fhir/observation-category",
          "code": "vital-signs",
          "display": "vital-signs"
        } ],
        "text": "vital-signs"
      },
      "code": {
        "coding": [ {
          "system": "http://loinc.org",
          "code": "77606-2",
          "display": "Weight-for-length Per age and sex"
        } ],
        "text": "Weight-for-length Per age and sex"
      },
      "subject": {
        "reference": "urn:uuid:8ae775a6-eac4-0d99-a67c-2e2db73c98a6"
      },
      "encounter": {
        "reference": "urn:uuid:f25f24de-43cc-baae-7ce5-9f06eeb34b48"
      },
      "effectiveDateTime": "2025-07-05T18:25:00+00:00",
      "issued": "2025-07-05T18:25:00.642+00:00",
      "valueQuantity": {
        "value": 59.540,
        "unit": "%",
        "system": "http://unitsofmeasure.org",
        "code": "%"
      }
    },
    "request": {
      "method": "POST",
      "url": "Observation"
    }
  }, {
    "fullUrl": "urn:uuid:37832f2c-9a66-1141-0520-3886ee5a4993",
    "resource": {
      "resourceType": "Observation",
      "id": "37832f2c-9a66-1141-0520-3886ee5a4993",
      "status": "final",
      "category": {
        "coding": [ {
          "system": "http://hl7.org/fhir/observation-category",
          "code": "vital-signs",
          "display": "vital-signs"
        } ],
        "text": "vital-signs"
      },
      "code": {
        "coding": [ {
          "system": "http://loinc.org",
          "code": "8289-1",
          "display": "Head Occipital-frontal circumference Percentile"
        } ],
        "text": "Head Occipital-frontal circumference Percentile"
      },
      "subject": {
        "reference": "urn:uuid:8ae775a6-eac4-0d99-a67c-2e2db73c98a6"
      },
      "encounter": {
        "reference": "urn:uuid:f25f24de-43cc-baae-7ce5-9f06eeb34b48"
      },
      "effectiveDateTime": "2025-07-05T18:25:00+00:00",
      "issued": "2025-07-05T18:25:00.642+00:00",
      "valueQuantity": {
        "value": 41.880,
        "unit": "%",
        "system": "http://unitsofmeasure.org",
        "code": "%"
      }
    },
    "request": {
      "method": "POST",
      "url": "Observation"
    }
  }, {
    "fullUrl": "urn:uuid:a7fbac77-4ba3-e6f9-ed43-7b63e3a70cc2",
    "resource": {
      "resourceType": "Observation",
      "id": "a7fbac77-4ba3-e6f9-ed43-7b63e3a70cc2",
      "status": "final",
      "category": {
        "coding": [ {
          "system": "http://hl7.org/fhir/observation-category",
          "code": "vital-signs",
          "display": "vital-signs"
        } ],
        "text": "vital-signs"
      },
      "code": {
        "coding": [ {
          "system": "http://loinc.org",
          "code": "9843-4",
          "display": "Head Occipital-frontal circumference"
        } ],
        "text": "Head Occipital-frontal circumference"
      },
      "subject": {
        "reference": "urn:uuid:8ae775a6-eac4-0d99-a67c-2e2db73c98a6"
      },
      "encounter": {
        "reference": "urn:uuid:f25f24de-43cc-baae-7ce5-9f06eeb34b48"
      },
      "effectiveDateTime": "2025-07-05T18:25:00+00:00",
      "issued": "2025-07-05T18:25:00.642+00:00",
      "valueQuantity": {
        "value": 37.680,
        "unit": "cm",
        "system": "http://unitsofmeasure.org",
        "code": "cm"
      }
    },
    "request": {
      "method": "POST",
      "url": "Observation"
    }
  }, {
    "fullUrl": "urn:uuid:938c2619-71dd-678b-83da-bc1b225a1c0e",
    "resource": {
      "resourceType": "Observation",
      "id": "938c2619-71dd-678b-83da-bc1b225a1c0e",
      "status": "final",
      "category": {
        "coding": [ {
          "system": "http://hl7.org/fhir/observation-category",
          "code": "vital-signs",
          "display": "vital-signs"
        } ],
        "text": "vital-signs"
      },
      "code": {
        "coding": [ {
          "system": "http://loinc.org",
          "code": "85354-9",
          "display": "Blood pressure panel with all children optional"
        } ],
        "text": "Blood pressure panel with all children optional"
      },
      "subject": {
        "reference": "urn:uuid:8ae775a6-eac4-0d99-a67c-2e2db73c98a6"
      },
      "encounter": {
        "reference": "urn:uuid:f25f24de-43cc-baae-7ce5-9f06eeb34b48"
      },
      "effectiveDateTime": "2025-07-05T18:25:00+00:00",
      "issued": "2025-07-05T18:25:00.642+00:00",
      "component": [ {
        "code": {
          "coding": [ {
            "system": "http://loinc.org",
            "code": "8462-4",
            "display": "Diastolic Blood Pressure"
          } ],
          "text": "Diastolic Blood Pressure"
        },
        "valueQuantity": {
          "value": 70,
          "unit": "mm[Hg]",
          "system": "http://unitsofmeasure.org",
          "code": "mm[Hg]"
        }
      }, {
        "code": {
          "coding": [ {
            "system": "http://loinc.org",
            "code": "8480-6",
            "display": "Systolic Blood Pressure"
          } ],
          "text": "Systolic Blood Pressure"
        },
        "valueQuantity": {
          "value": 102,
          "unit": "mm[Hg]",
          "system": "http://unitsofmeasure.org",
          "code": "mm[Hg]"
        }
      } ]
    },
    "request": {
      "method": "POST",
      "url": "Observation"
    }
  }, {
    "fullUrl": "urn:uuid:6103aa8b-d602-4f5d-3aaf-a183d40c7e23",
    "resource": {
      "resourceType": "Observation",
      "id": "6103aa8b-d602-4f5d-3aaf-a183d40c7e23",
      "status": "final",
      "category": {
        "coding": [ {
          "system": "http://hl7.org/fhir/observation-category",
          "code": "vital-signs",
          "display": "vital-signs"
        } ],
        "text": "vital-signs"
      },
      "code": {
        "coding": [ {
          "system": "http://loinc.org",
          "code": "8867-4",
          "display": "Heart rate"
        } ],
        "text": "Heart rate"
      },
      "subject": {
        "reference": "urn:uuid:8ae775a6-eac4-0d99-a67c-2e2db73c98a6"
      },
      "encounter": {
        "reference": "urn:uuid:f25f24de-43cc-baae-7ce5-9f06eeb34b48"
      },
      "effectiveDateTime": "2025-07-05T18:25:00+00:00",
      "issued": "2025-07-05T18:25:00.642+00:00",
      "valueQuantity": {
        "value": 75,
        "unit": "/min",
        "system": "http://unitsofmeasure.org",
        "code": "/min"
      }
    },
    "request": {
      "method": "POST",
      "url": "Observation"
    }
  }, {
    "fullUrl": "urn:uuid:b06ee11f-5fc5-c0e6-2a96-47875d71a770",
    "resource": {
      "resourceType": "Observation",
      "id": "b06ee11f-5fc5-c0e6-2a96-47875d71a770",
      "status": "final",
      "category": {
        "coding": [ {
          "system": "http://hl7.org/fhir/observation-category",
          "code": "vital-signs",
          "display": "vital-signs"
        } ],
        "text": "vital-signs"
      },
      "code": {
        "coding": [ {
          "system": "http://loinc.org",
          "code": "9279-1",
          "display": "Respiratory rate"
        } ],
        "text": "Respiratory rate"
      },
      "subject": {
        "reference": "urn:uuid:8ae775a6-eac4-0d99-a67c-2e2db73c98a6"
      },
      "encounter": {
        "reference": "urn:uuid:f25f24de-43cc-baae-7ce5-9f06eeb34b48"
      },
      "effectiveDateTime": "2025-07-05T18:25:00+00:00",
      "issued": "2025-07-05T18:25:00.642+00:00",
      "valueQuantity": {
        "value": 15,
        "unit": "/min",
        "system": "http://unitsofmeasure.org",
        "code": "/min"
      }
    },
    "request": {
      "method": "POST",
      "url": "Observation"
    }
  }, {
    "fullUrl": "urn:uuid:7b891f02-3921-c1be-d3cb-6eb714572bb9",
    "resource": {
      "resourceType": "Observation",
      "id": "7b891f02-3921-c1be-d3cb-6eb714572bb9",
      "status": "final",
      "category": {
        "coding": [ {
          "system": "http://hl7.org/fhir/observation-category",
          "code": "social-history",
          "display": "social-history"
        } ],
        "text": "social-history"
      },
      "code": {
        "coding": [ {
          "system": "http://loinc.org",
          "code": "72166-2",
          "display": "Tobacco smoking status"
        } ],
        "text": "Tobacco smoking status"
      },
      "subject": {
        "reference": "urn:uuid:8ae775a6-eac4-0d99-a67c-2e2db73c98a6"
      },
      "encounter": {
        "reference": "urn:uuid:f25f24de-43cc-baae-7ce5-9f06eeb34b48"
      },
      "effectiveDateTime": "2025-07-05T18:25:00+00:00",
      "issued": "2025-07-05T18:25:00.642+00:00",
      "valueCodeableConcept": {
        "coding": [ {
          "system": "http://snomed.info/sct",
          "code": "266919005",
          "display": "Never smoked tobacco (finding)"
        } ],
        "text": "Never smoked tobacco (finding)"
      }
    },
    "request": {
      "method": "POST",
      "url": "Observation"
    }
  }, {
    "fullUrl": "urn:uuid:9738bcc7-77fc-de37-77f7-c6501e975cd9",
    "resource": {
      "resourceType": "Procedure",
      "id": "9738bcc7-77fc-de37-77f7-c6501e975cd9",
      "subject": {
        "reference": "urn:uuid:8ae775a6-eac4-0d99-a67c-2e2db73c98a6"
      },
      "status": "completed",
      "code": {
        "coding": [ {
          "system": "http://snomed.info/sct",
          "code": "430193006",
          "display": "Medication reconciliation (procedure)"
        } ],
        "text": "Medication reconciliation (procedure)"
      },
      "performedPeriod": {
        "start": "2025-07-05T18:25:00+00:00",
        "end": "2025-07-05T18:40:00+00:00"
      },
      "encounter": {
        "reference": "urn:uuid:f25f24de-43cc-baae-7ce5-9f06eeb34b48"
      }
    },
    "request": {
      "method": "POST",
      "url": "Procedure"
    }
  }, {
    "fullUrl": "urn:uuid:6c7ff38d-3ac1-802d-5dd1-e7debcf78de9",
    "resource": {
      "resourceType": "Immunization",
      "id": "6c7ff38d-3ac1-802d-5dd1-e7debcf78de9",
      "status": "completed",
      "date": "2025-07-05T18:25:00+00:00",
      "vaccineCode": {
        "coding": [ {
          "system": "http://hl7.org/fhir/sid/cvx",
          "code": "08",
          "display": "Hep B, adolescent or pediatric"
        } ],
        "text": "Hep B, adolescent or pediatric"
      },
      "patient": {
        "reference": "urn:uuid:8ae775a6-eac4-0d99-a67c-2e2db73c98a6"
      },
      "wasNotGiven": false,
      "reported": false,
      "encounter": {
        "reference": "urn:uuid:f25f24de-43cc-baae-7ce5-9f06eeb34b48"
      }
    },
    "request": {
      "method": "POST",
      "url": "Immunization"
    }
  }, {
    "fullUrl": "urn:uuid:10b88ceb-b24c-e52e-726f-8c06e42e7b68",
    "resource": {
      "resourceType": "Claim",
      "id": "10b88ceb-b24c-e52e-726f-8c06e42e7b68",
      "type": "institutional",
      "organization": {
        "reference": "Organization?identifier=https://github.com/synthetichealth/synthea|15d4c950-4691-3996-b4c4-bf06bfb58ff7",
        "display": "HOLY FAMILY HOSPITAL"
      },
      "use": "complete",
      "patient": {
        "reference": "urn:uuid:8ae775a6-eac4-0d99-a67c-2e2db73c98a6"
      },
      "item": [ {
        "sequence": 1,
        "type": {
          "system": "http://hl7.org/fhir/v3/ActCode",
          "code": "CSINV",
          "display": "clinical service invoice"
        },
        "service": {
          "system": "http://snomed.info/sct",
          "code": "410620009",
          "display": "Well child visit (procedure)"
        }
      }, {
        "sequence": 2,
        "type": {
          "system": "http://hl7.org/fhir/v3/ActCode",
          "code": "CSINV",
          "display": "clinical service invoice"
        },
        "service": {
          "system": "http://hl7.org/fhir/sid/cvx",
          "code": "08",
          "display": "Hep B, adolescent or pediatric"
        },
        "net": {
          "value": 136.00,
          "system": "urn:iso:std:iso:4217",
          "code": "USD"
        }
      }, {
        "sequence": 3,
        "type": {
          "system": "http://hl7.org/fhir/v3/ActCode",
          "code": "CSINV",
          "display": "clinical service invoice"
        },
        "service": {
          "system": "http://snomed.info/sct",
          "code": "430193006",
          "display": "Medication reconciliation (procedure)"
        },
        "net": {
          "value": 409.04,
          "system": "urn:iso:std:iso:4217",
          "code": "USD"
        }
      } ]
    },
    "request": {
      "method": "POST",
      "url": "Claim"
    }
  }, {
    "fullUrl": "urn:uuid:39d7f6d4-bab5-3d76-4237-3005e10b58df",
    "resource": {
      "resourceType": "Encounter",
      "id": "39d7f6d4-bab5-3d76-4237-3005e10b58df",
      "status": "finished",
      "class": "ambulatory",
      "type": [ {
        "coding": [ {
          "system": "http://snomed.info/sct",
          "code": "185345009",
          "display": "Encounter for symptom (procedure)"
        } ],
        "text": "Encounter for symptom (procedure)"
      } ],
      "patient": {
        "reference": "urn:uuid:8ae775a6-eac4-0d99-a67c-2e2db73c98a6"
      },
      "participant": [ {
        "individual": {
          "reference": "Practitioner?identifier=http://hl7.org/fhir/sid/us-npi|9999990697",
          "display": "Dr. Alvin56 Crona259"
        }
      } ],
      "period": {
        "start": "2025-08-01T07:25:00+00:00",
        "end": "2025-08-01T07:44:56+00:00"
      },
      "reason": [ {
        "coding": [ {
          "system": "http://snomed.info/sct",
          "code": "10509002",
          "display": "Acute bronchitis (disorder)"
        } ]
      } ],
      "serviceProvider": {
        "reference": "Organization?identifier=https://github.com/synthetichealth/synthea|15d4c950-4691-3996-b4c4-bf06bfb58ff7",
        "display": "HOLY FAMILY HOSPITAL"
      }
    },
    "request": {
      "method": "POST",
      "url": "Encounter"
    }
  }, {
    "fullUrl": "urn:uuid:cc0fd480-dd0c-92d5-850b-4d0237666cb7",
    "resource": {
      "resourceType": "Condition",
      "id": "cc0fd480-dd0c-92d5-850b-4d0237666cb7",
      "patient": {
        "reference": "urn:uuid:8ae775a6-eac4-0d99-a67c-2e2db73c98a6"
      },
      "encounter": {
        "reference": "urn:uuid:39d7f6d4-bab5-3d76-4237-3005e10b58df"
      },
      "dateRecorded": "2025-08-01",
      "code": {
        "coding": [ {
          "system": "http://snomed.info/sct",
          "code": "10509002",
          "display": "Acute bronchitis (disorder)"
        } ],
        "text": "Acute bronchitis (disorder)"
      },
      "category": {
        "coding": [ {
          "system": "http://hl7.org/fhir/condition-category",
          "code": "diagnosis"
        } ]
      },
      "clinicalStatus": "resolved",
      "verificationStatus": "confirmed",
      "onsetDateTime": "2025-08-01T07:25:00+00:00",
      "abatementDateTime": "2025-08-15T07:44:56+00:00"
    },
    "request": {
      "method": "POST",
      "url": "Condition"
    }
  }, {
    "fullUrl": "urn:uuid:81809200-3ba1-b43a-88d1-141f7df30788",
    "resource": {
      "resourceType": "Procedure",
      "id": "81809200-3ba1-b43a-88d1-141f7df30788",
      "subject": {
        "reference": "urn:uuid:8ae775a6-eac4-0d99-a67c-2e2db73c98a6"
      },
      "status": "completed",
      "code": {
        "coding": [ {
          "system": "http://snomed.info/sct",
          "code": "23426006",
          "display": "Measurement of respiratory function (procedure)"
        } ],
        "text": "Measurement of respiratory function (procedure)"
      },
      "reasonReference": {
        "reference": "urn:uuid:cc0fd480-dd0c-92d5-850b-4d0237666cb7"
      },
      "performedPeriod": {
        "start": "2025-08-01T07:25:00+00:00",
        "end": "2025-08-01T07:44:56+00:00"
      },
      "encounter": {
        "reference": "urn:uuid:39d7f6d4-bab5-3d76-4237-3005e10b58df"
      }
    },
    "request": {
      "method": "POST",
      "url": "Procedure"
    }
  }, {
    "fullUrl": "urn:uuid:b2e6699f-4493-2226-645e-608fd9e13a18",
    "resource": {
      "resourceType": "MedicationOrder",
      "id": "b2e6699f-4493-2226-645e-608fd9e13a18",
      "dateWritten": "2025-08-01T07:44:56+00:00",
      "status": "completed",
      "patient": {
        "reference": "urn:uuid:8ae775a6-eac4-0d99-a67c-2e2db73c98a6"
      },
      "prescriber": {
        "reference": "Practitioner?identifier=http://hl7.org/fhir/sid/us-npi|9999990697",
        "display": "Dr. Alvin56 Crona259"
      },
      "encounter": {
        "reference": "urn:uuid:39d7f6d4-bab5-3d76-4237-3005e10b58df"
      },
      "reasonReference": {
        "reference": "urn:uuid:cc0fd480-dd0c-92d5-850b-4d0237666cb7"
      },
      "medicationCodeableConcept": {
        "coding": [ {
          "system": "http://www.nlm.nih.gov/research/umls/rxnorm",
          "code": "313782",
          "display": "Acetaminophen 325 MG Oral Tablet"
        } ],
        "text": "Acetaminophen 325 MG Oral Tablet"
      }
    },
    "request": {
      "method": "POST",
      "url": "MedicationOrder"
    }
  }, {
    "fullUrl": "urn:uuid:33c80dad-703b-9e5b-e6d1-58d2ff0a0db5",
    "resource": {
      "resourceType": "Claim",
      "id": "33c80dad-703b-9e5b-e6d1-58d2ff0a0db5",
      "type": "institutional",
      "organization": {
        "reference": "Organization?identifier=https://github.com/synthetichealth/synthea|15d4c950-4691-3996-b4c4-bf06bfb58ff7",
        "display": "HOLY FAMILY HOSPITAL"
      },
      "use": "complete",
      "prescription": {
        "reference": "urn:uuid:b2e6699f-4493-2226-645e-608fd9e13a18"
      },
      "patient": {
        "reference": "urn:uuid:8ae775a6-eac4-0d99-a67c-2e2db73c98a6"
      }
    },
    "request": {
      "method": "POST",
      "url": "Claim"
    }
  }, {
    "fullUrl": "urn:uuid:49d4f480-8437-38f1-7638-e69e70bbccfd",
    "resource": {
      "resourceType": "CarePlan",
      "id": "49d4f480-8437-38f1-7638-e69e70bbccfd",
      "text": {
        "status": "generated",
        "div": "<div xmlns=\"http://www.w3.org/1999/xhtml\">Respiratory therapy (procedure)</div>"
      },
      "subject": {
        "reference": "urn:uuid:8ae775a6-eac4-0d99-a67c-2e2db73c98a6"
      },
      "status": "completed",
      "context": {
        "reference": "urn:uuid:39d7f6d4-bab5-3d76-4237-3005e10b58df"
      },
      "period": {
        "start": "2025-08-01T07:44:56+00:00",
        "end": "2025-09-06T18:25:00+00:00"
      },
      "category": [ {
        "coding": [ {
          "system": "http://snomed.info/sct",
          "code": "53950000",
          "display": "Respiratory therapy (procedure)"
        } ],
        "text": "Respiratory therapy (procedure)"
      } ],
      "activity": [ {
        "detail": {
          "code": {
            "coding": [ {
              "system": "http://snomed.info/sct",
              "code": "304510005",
              "display": "Recommendation to avoid exercise (procedure)"
            } ],
            "text": "Recommendation to avoid exercise (procedure)"
          },
          "status": "completed",
          "prohibited": false
        }
      }, {
        "detail": {
          "code": {
            "coding": [ {
              "system": "http://snomed.info/sct",
              "code": "371605008",
              "display": "Deep breathing and coughing exercises (regime/therapy)"
            } ],
            "text": "Deep breathing and coughing exercises (regime/therapy)"
          },
          "status": "completed",
          "prohibited": false
        }
      } ]
    },
    "request": {
      "method": "POST",
      "url": "CarePlan"
    }
  }, {
    "fullUrl": "urn:uuid:3fb0eddd-f13a-696e-52f7-8a365cdf3c65",
    "resource": {
      "resourceType": "Claim",
      "id": "3fb0eddd-f13a-696e-52f7-8a365cdf3c65",
      "type": "institutional",
      "organization": {
        "reference": "Organization?identifier=https://github.com/synthetichealth/synthea|15d4c950-4691-3996-b4c4-bf06bfb58ff7",
        "display": "HOLY FAMILY HOSPITAL"
      },
      "use": "complete",
      "diagnosis": [ {
        "sequence": 1,
        "diagnosis": {
          "system": "http://snomed.info/sct",
          "code": "10509002",
          "display": "Acute bronchitis (disorder)"
        }
      } ],
      "patient": {
        "reference": "urn:uuid:8ae775a6-eac4-0d99-a67c-2e2db73c98a6"
      },
      "item": [ {
        "sequence": 1,
        "type": {
          "system": "http://hl7.org/fhir/v3/ActCode",
          "code": "CSINV",
          "display": "clinical service invoice"
        },
        "service": {
          "system": "http://snomed.info/sct",
          "code": "185345009",
          "display": "Encounter for symptom (procedure)"
        }
      }, {
        "sequence": 3,
        "type": {
          "system": "http://hl7.org/fhir/v3/ActCode",
          "code": "CSINV",
          "display": "clinical service invoice"
        },
        "service": {
          "system": "http://snomed.info/sct",
          "code": "23426006",
          "display": "Measurement of respiratory function (procedure)"
        },
        "net": {
          "value": 314.23,
          "system": "urn:iso:std:iso:4217",
          "code": "USD"
        }
      } ]
    },
    "request": {
      "method": "POST",
      "url": "Claim"
    }
  }, {
    "fullUrl": "urn:uuid:c61c0f46-35a3-a085-5148-725220426b87",
    "resource": {
      "resourceType": "Encounter",
      "id": "c61c0f46-35a3-a085-5148-725220426b87",
      "status": "finished",
      "class": "ambulatory",
      "type": [ {
        "coding": [ {
          "system": "http://snomed.info/sct",
          "code": "410620009",
          "display": "Well child visit (procedure)"
        } ],
        "text": "Well child visit (procedure)"
      } ],
      "patient": {
        "reference": "urn:uuid:8ae775a6-eac4-0d99-a67c-2e2db73c98a6"
      },
      "participant": [ {
        "individual": {
          "reference": "Practitioner?identifier=http://hl7.org/fhir/sid/us-npi|9999990697",
          "display": "Dr. Alvin56 Crona259"
        }
      } ],
      "period": {
        "start": "2025-09-06T18:25:00+00:00",
        "end": "2025-09-06T18:40:00+00:00"
      },
      "serviceProvider": {
        "reference": "Organization?identifier=https://github.com/synthetichealth/synthea|15d4c950-4691-3996-b4c4-bf06bfb58ff7",
        "display": "HOLY FAMILY HOSPITAL"
      }
    },
    "request": {
      "method": "POST",
      "url": "Encounter"
    }
  }, {
    "fullUrl": "urn:uuid:7098a3d9-7f3f-ed5f-9fef-ff96ef342d4d",
    "resource": {
      "resourceType": "Condition",
      "id": "7098a3d9-7f3f-ed5f-9fef-ff96ef342d4d",
      "patient": {
        "reference": "urn:uuid:8ae775a6-eac4-0d99-a67c-2e2db73c98a6"
      },
      "encounter": {
        "reference": "urn:uuid:c61c0f46-35a3-a085-5148-725220426b87"
      },
      "dateRecorded": "2025-09-06",
      "code": {
        "coding": [ {
          "system": "http://snomed.info/sct",
          "code": "314529007",
          "display": "Medication review due (situation)"
        } ],
        "text": "Medication review due (situation)"
      },
      "category": {
        "coding": [ {
          "system": "http://hl7.org/fhir/condition-category",
          "code": "diagnosis"
        } ]
      },
      "clinicalStatus": "active",
      "verificationStatus": "confirmed",
      "onsetDateTime": "2025-09-06T18:25:00+00:00"
    },
    "request": {
      "method": "POST",
      "url": "Condition"
    }
  }, {
    "fullUrl": "urn:uuid:d6f06ec2-2c29-fc58-efdb-b425f9053d52",
    "resource": {
      "resourceType": "Observation",
      "id": "d6f06ec2-2c29-fc58-efdb-b425f9053d52",
      "status": "final",
      "category": {
        "coding": [ {
          "system": "http://hl7.org/fhir/observation-category",
          "code": "vital-signs",
          "display": "vital-signs"
        } ],
        "text": "vital-signs"
      },
      "code": {
        "coding": [ {
          "system": "http://loinc.org",
          "code": "8302-2",
          "display": "Body Height"
        } ],
        "text": "Body Height"
      },
      "subject": {
        "reference": "urn:uuid:8ae775a6-eac4-0d99-a67c-2e2db73c98a6"
      },
      "encounter": {
        "reference": "urn:uuid:c61c0f46-35a3-a085-5148-725220426b87"
      },
      "effectiveDateTime": "2025-09-06T18:25:00+00:00",
      "issued": "2025-09-06T18:25:00.642+00:00",
      "valueQuantity": {
        "value": 59.800,
        "unit": "cm",
        "system": "http://unitsofmeasure.org",
        "code": "cm"
      }
    },
    "request": {
      "method": "POST",
      "url": "Observation"
    }
  }, {
    "fullUrl": "urn:uuid:bcc748c8-52a9-229a-360a-cc6e6a9614e6",
    "resource": {
      "resourceType": "Observation",
      "id": "bcc748c8-52a9-229a-360a-cc6e6a9614e6",
      "status": "final",
      "category": {
        "coding": [ {
          "system": "http://hl7.org/fhir/observation-category",
          "code": "vital-signs",
          "display": "vital-signs"
        } ],
        "text": "vital-signs"
      },
      "code": {
        "coding": [ {
          "system": "http://loinc.org",
          "code": "72514-3",
          "display": "Pain severity - 0-10 verbal numeric rating [Score] - Reported"
        } ],
        "text": "Pain severity - 0-10 verbal numeric rating [Score] - Reported"
      },
      "subject": {
        "reference": "urn:uuid:8ae775a6-eac4-0d99-a67c-2e2db73c98a6"
      },
      "encounter": {
        "reference": "urn:uuid:c61c0f46-35a3-a085-5148-725220426b87"
      },
      "effectiveDateTime": "2025-09-06T18:25:00+00:00",
      "issued": "2025-09-06T18:25:00.642+00:00",
      "valueQuantity": {
        "value": 2,
        "unit": "{score}",
        "system": "http://unitsofmeasure.org",
        "code": "{score}"
      }
    },
    "request": {
      "method": "POST",
      "url": "Observation"
    }
  }, {
    "fullUrl": "urn:uuid:ffa36e5a-ff0a-d2be-8e29-ed4df1413ee0",
    "resource": {
      "resourceType": "Observation",
      "id": "ffa36e5a-ff0a-d2be-8e29-ed4df1413ee0",
      "status": "final",
      "category": {
        "coding": [ {
          "system": "http://hl7.org/fhir/observation-category",
          "code": "vital-signs",
          "display": "vital-signs"
        } ],
        "text": "vital-signs"
      },
      "code": {
        "coding": [ {
          "system": "http://loinc.org",
          "code": "29463-7",
          "display": "Body Weight"
        } ],
        "text": "Body Weight"
      },
      "subject": {
        "reference": "urn:uuid:8ae775a6-eac4-0d99-a67c-2e2db73c98a6"
      },
      "encounter": {
        "reference": "urn:uuid:c61c0f46-35a3-a085-5148-725220426b87"
      },
      "effectiveDateTime": "2025-09-06T18:25:00+00:00",
      "issued": "2025-09-06T18:25:00.642+00:00",
      "valueQuantity": {
        "value": 6.1000,
        "unit": "kg",
        "system": "http://unitsofmeasure.org",
        "code": "kg"
      }
    },
    "request": {
      "method": "POST",
      "url": "Observation"
    }
  }, {
    "fullUrl": "urn:uuid:caff5c95-a4dd-676c-d862-bcab8ff884ec",
    "resource": {
      "resourceType": "Observation",
      "id": "caff5c95-a4dd-676c-d862-bcab8ff884ec",
      "status": "final",
      "category": {
        "coding": [ {
          "system": "http://hl7.org/fhir/observation-category",
          "code": "vital-signs",
          "display": "vital-signs"
        } ],
        "text": "vital-signs"
      },
      "code": {
        "coding": [ {
          "system": "http://loinc.org",
          "code": "77606-2",
          "display": "Weight-for-length Per age and sex"
        } ],
        "text": "Weight-for-length Per age and sex"
      },
      "subject": {
        "reference": "urn:uuid:8ae775a6-eac4-0d99-a67c-2e2db73c98a6"
      },
      "encounter": {
        "reference": "urn:uuid:c61c0f46-35a3-a085-5148-725220426b87"
      },
      "effectiveDateTime": "2025-09-06T18:25:00+00:00",
      "issued": "2025-09-06T18:25:00.642+00:00",
      "valueQuantity": {
        "value": 60.849,
        "unit": "%",
        "system": "http://unitsofmeasure.org",
        "code": "%"
      }
    },
    "request": {
      "method": "POST",
      "url": "Observation"
    }
  }, {
    "fullUrl": "urn:uuid:0e7e5e64-1725-e5ec-3461-ac302f176262",
    "resource": {
      "resourceType": "Observation",
      "id": "0e7e5e64-1725-e5ec-3461-ac302f176262",
      "status": "final",
      "category": {
        "coding": [ {
          "system": "http://hl7.org/fhir/observation-category",
          "code": "vital-signs",
          "display": "vital-signs"
        } ],
        "text": "vital-signs"
      },
      "code": {
        "coding": [ {
          "system": "http://loinc.org",
          "code": "8289-1",
          "display": "Head Occipital-frontal circumference Percentile"
        } ],
        "text": "Head Occipital-frontal circumference Percentile"
      },
      "subject": {
        "reference": "urn:uuid:8ae775a6-eac4-0d99-a67c-2e2db73c98a6"
      },
      "encounter": {
        "reference": "urn:uuid:c61c0f46-35a3-a085-5148-725220426b87"
      },
      "effectiveDateTime": "2025-09-06T18:25:00+00:00",
      "issued": "2025-09-06T18:25:00.642+00:00",
      "valueQuantity": {
        "value": 41.880,
        "unit": "%",
        "system": "http://unitsofmeasure.org",
        "code": "%"
      }
    },
    "request": {
      "method": "POST",
      "url": "Observation"
    }
  }, {
    "fullUrl": "urn:uuid:204d270b-fbde-d774-c51a-81071ecbb369",
    "resource": {
      "resourceType": "Observation",
      "id": "204d270b-fbde-d774-c51a-81071ecbb369",
      "status": "final",
      "category": {
        "coding": [ {
          "system": "http://hl7.org/fhir/observation-category",
          "code": "vital-signs",
          "display": "vital-signs"
        } ],
        "text": "vital-signs"
      },
      "code": {
        "coding": [ {
          "system": "http://loinc.org",
          "code": "9843-4",
          "display": "Head Occipital-frontal circumference"
        } ],
        "text": "Head Occipital-frontal circumference"
      },
      "subject": {
        "reference": "urn:uuid:8ae775a6-eac4-0d99-a67c-2e2db73c98a6"
      },
      "encounter": {
        "reference": "urn:uuid:c61c0f46-35a3-a085-5148-725220426b87"
      },
      "effectiveDateTime": "2025-09-06T18:25:00+00:00",
      "issued": "2025-09-06T18:25:00.642+00:00",
      "valueQuantity": {
        "value": 40.200,
        "unit": "cm",
        "system": "http://unitsofmeasure.org",
        "code": "cm"
      }
    },
    "request": {
      "method": "POST",
      "url": "Observation"
    }
  }, {
    "fullUrl": "urn:uuid:8a8eb316-22ef-371b-3e67-5e133cf01017",
    "resource": {
      "resourceType": "Observation",
      "id": "8a8eb316-22ef-371b-3e67-5e133cf01017",
      "status": "final",
      "category": {
        "coding": [ {
          "system": "http://hl7.org/fhir/observation-category",
          "code": "vital-signs",
          "display": "vital-signs"
        } ],
        "text": "vital-signs"
      },
      "code": {
        "coding": [ {
          "system": "http://loinc.org",
          "code": "85354-9",
          "display": "Blood pressure panel with all children optional"
        } ],
        "text": "Blood pressure panel with all children optional"
      },
      "subject": {
        "reference": "urn:uuid:8ae775a6-eac4-0d99-a67c-2e2db73c98a6"
      },
      "encounter": {
        "reference": "urn:uuid:c61c0f46-35a3-a085-5148-725220426b87"
      },
      "effectiveDateTime": "2025-09-06T18:25:00+00:00",
      "issued": "2025-09-06T18:25:00.642+00:00",
      "component": [ {
        "code": {
          "coding": [ {
            "system": "http://loinc.org",
            "code": "8462-4",
            "display": "Diastolic Blood Pressure"
          } ],
          "text": "Diastolic Blood Pressure"
        },
        "valueQuantity": {
          "value": 69,
          "unit": "mm[Hg]",
          "system": "http://unitsofmeasure.org",
          "code": "mm[Hg]"
        }
      }, {
        "code": {
          "coding": [ {
            "system": "http://loinc.org",
            "code": "8480-6",
            "display": "Systolic Blood Pressure"
          } ],
          "text": "Systolic Blood Pressure"
        },
        "valueQuantity": {
          "value": 106,
          "unit": "mm[Hg]",
          "system": "http://unitsofmeasure.org",
          "code": "mm[Hg]"
        }
      } ]
    },
    "request": {
      "method": "POST",
      "url": "Observation"
    }
  }, {
    "fullUrl": "urn:uuid:ab48ad81-bcfa-3ee7-b3b2-eb365c5a92cc",
    "resource": {
      "resourceType": "Observation",
      "id": "ab48ad81-bcfa-3ee7-b3b2-eb365c5a92cc",
      "status": "final",
      "category": {
        "coding": [ {
          "system": "http://hl7.org/fhir/observation-category",
          "code": "vital-signs",
          "display": "vital-signs"
        } ],
        "text": "vital-signs"
      },
      "code": {
        "coding": [ {
          "system": "http://loinc.org",
          "code": "8867-4",
          "display": "Heart rate"
        } ],
        "text": "Heart rate"
      },
      "subject": {
        "reference": "urn:uuid:8ae775a6-eac4-0d99-a67c-2e2db73c98a6"
      },
      "encounter": {
        "reference": "urn:uuid:c61c0f46-35a3-a085-5148-725220426b87"
      },
      "effectiveDateTime": "2025-09-06T18:25:00+00:00",
      "issued": "2025-09-06T18:25:00.642+00:00",
      "valueQuantity": {
        "value": 85,
        "unit": "/min",
        "system": "http://unitsofmeasure.org",
        "code": "/min"
      }
    },
    "request": {
      "method": "POST",
      "url": "Observation"
    }
  }, {
    "fullUrl": "urn:uuid:7cb2866b-b2cc-8fbb-3a6b-efe49309bdc4",
    "resource": {
      "resourceType": "Observation",
      "id": "7cb2866b-b2cc-8fbb-3a6b-efe49309bdc4",
      "status": "final",
      "category": {
        "coding": [ {
          "system": "http://hl7.org/fhir/observation-category",
          "code": "vital-signs",
          "display": "vital-signs"
        } ],
        "text": "vital-signs"
      },
      "code": {
        "coding": [ {
          "system": "http://loinc.org",
          "code": "9279-1",
          "display": "Respiratory rate"
        } ],
        "text": "Respiratory rate"
      },
      "subject": {
        "reference": "urn:uuid:8ae775a6-eac4-0d99-a67c-2e2db73c98a6"
      },
      "encounter": {
        "reference": "urn:uuid:c61c0f46-35a3-a085-5148-725220426b87"
      },
      "effectiveDateTime": "2025-09-06T18:25:00+00:00",
      "issued": "2025-09-06T18:25:00.642+00:00",
      "valueQuantity": {
        "value": 14,
        "unit": "/min",
        "system": "http://unitsofmeasure.org",
        "code": "/min"
      }
    },
    "request": {
      "method": "POST",
      "url": "Observation"
    }
  }, {
    "fullUrl": "urn:uuid:d2766c71-9544-267f-de20-40473d91e98e",
    "resource": {
      "resourceType": "Observation",
      "id": "d2766c71-9544-267f-de20-40473d91e98e",
      "status": "final",
      "category": {
        "coding": [ {
          "system": "http://hl7.org/fhir/observation-category",
          "code": "social-history",
          "display": "social-history"
        } ],
        "text": "social-history"
      },
      "code": {
        "coding": [ {
          "system": "http://loinc.org",
          "code": "72166-2",
          "display": "Tobacco smoking status"
        } ],
        "text": "Tobacco smoking status"
      },
      "subject": {
        "reference": "urn:uuid:8ae775a6-eac4-0d99-a67c-2e2db73c98a6"
      },
      "encounter": {
        "reference": "urn:uuid:c61c0f46-35a3-a085-5148-725220426b87"
      },
      "effectiveDateTime": "2025-09-06T18:25:00+00:00",
      "issued": "2025-09-06T18:25:00.642+00:00",
      "valueCodeableConcept": {
        "coding": [ {
          "system": "http://snomed.info/sct",
          "code": "266919005",
          "display": "Never smoked tobacco (finding)"
        } ],
        "text": "Never smoked tobacco (finding)"
      }
    },
    "request": {
      "method": "POST",
      "url": "Observation"
    }
  }, {
    "fullUrl": "urn:uuid:ea9fd63a-b1c2-1111-c6b3-62d8ef578a93",
    "resource": {
      "resourceType": "Immunization",
      "id": "ea9fd63a-b1c2-1111-c6b3-62d8ef578a93",
      "status": "completed",
      "date": "2025-09-06T18:25:00+00:00",
      "vaccineCode": {
        "coding": [ {
          "system": "http://hl7.org/fhir/sid/cvx",
          "code": "49",
          "display": "Hib (PRP-OMP)"
        } ],
        "text": "Hib (PRP-OMP)"
      },
      "patient": {
        "reference": "urn:uuid:8ae775a6-eac4-0d99-a67c-2e2db73c98a6"
      },
      "wasNotGiven": false,
      "reported": false,
      "encounter": {
        "reference": "urn:uuid:c61c0f46-35a3-a085-5148-725220426b87"
      }
    },
    "request": {
      "method": "POST",
      "url": "Immunization"
    }
  }, {
    "fullUrl": "urn:uuid:916df1c1-679b-7e95-a865-d46bd483b91a",
    "resource": {
      "resourceType": "Immunization",
      "id": "916df1c1-679b-7e95-a865-d46bd483b91a",
      "status": "completed",
      "date": "2025-09-06T18:25:00+00:00",
      "vaccineCode": {
        "coding": [ {
          "system": "http://hl7.org/fhir/sid/cvx",
          "code": "119",
          "display": "rotavirus, monovalent"
        } ],
        "text": "rotavirus, monovalent"
      },
      "patient": {
        "reference": "urn:uuid:8ae775a6-eac4-0d99-a67c-2e2db73c98a6"
      },
      "wasNotGiven": false,
      "reported": false,
      "encounter": {
        "reference": "urn:uuid:c61c0f46-35a3-a085-5148-725220426b87"
      }
    },
    "request": {
      "method": "POST",
      "url": "Immunization"
    }
  }, {
    "fullUrl": "urn:uuid:8a53b29e-b2e2-c337-38c1-e91b3846ca90",
    "resource": {
      "resourceType": "Immunization",
      "id": "8a53b29e-b2e2-c337-38c1-e91b3846ca90",
      "status": "completed",
      "date": "2025-09-06T18:25:00+00:00",
      "vaccineCode": {
        "coding": [ {
          "system": "http://hl7.org/fhir/sid/cvx",
          "code": "10",
          "display": "IPV"
        } ],
        "text": "IPV"
      },
      "patient": {
        "reference": "urn:uuid:8ae775a6-eac4-0d99-a67c-2e2db73c98a6"
      },
      "wasNotGiven": false,
      "reported": false,
      "encounter": {
        "reference": "urn:uuid:c61c0f46-35a3-a085-5148-725220426b87"
      }
    },
    "request": {
      "method": "POST",
      "url": "Immunization"
    }
  }, {
    "fullUrl": "urn:uuid:0fa984c8-2fbd-aafb-6200-d234acc91803",
    "resource": {
      "resourceType": "Immunization",
      "id": "0fa984c8-2fbd-aafb-6200-d234acc91803",
      "status": "completed",
      "date": "2025-09-06T18:25:00+00:00",
      "vaccineCode": {
        "coding": [ {
          "system": "http://hl7.org/fhir/sid/cvx",
          "code": "20",
          "display": "DTaP"
        } ],
        "text": "DTaP"
      },
      "patient": {
        "reference": "urn:uuid:8ae775a6-eac4-0d99-a67c-2e2db73c98a6"
      },
      "wasNotGiven": false,
      "reported": false,
      "encounter": {
        "reference": "urn:uuid:c61c0f46-35a3-a085-5148-725220426b87"
      }
    },
    "request": {
      "method": "POST",
      "url": "Immunization"
    }
  }, {
    "fullUrl": "urn:uuid:828b3f9b-732e-cd58-650d-1fc3622cd876",
    "resource": {
      "resourceType": "Immunization",
      "id": "828b3f9b-732e-cd58-650d-1fc3622cd876",
      "status": "completed",
      "date": "2025-09-06T18:25:00+00:00",
      "vaccineCode": {
        "coding": [ {
          "system": "http://hl7.org/fhir/sid/cvx",
          "code": "133",
          "display": "Pneumococcal conjugate PCV 13"
        } ],
        "text": "Pneumococcal conjugate PCV 13"
      },
      "patient": {
        "reference": "urn:uuid:8ae775a6-eac4-0d99-a67c-2e2db73c98a6"
      },
      "wasNotGiven": false,
      "reported": false,
      "encounter": {
        "reference": "urn:uuid:c61c0f46-35a3-a085-5148-725220426b87"
      }
    },
    "request": {
      "method": "POST",
      "url": "Immunization"
    }
  }, {
    "fullUrl": "urn:uuid:ebd51ee2-5aed-c127-38de-31851f5be2c6",
    "resource": {
      "resourceType": "Claim",
      "id": "ebd51ee2-5aed-c127-38de-31851f5be2c6",
      "type": "institutional",
      "organization": {
        "reference": "Organization?identifier=https://github.com/synthetichealth/synthea|15d4c950-4691-3996-b4c4-bf06bfb58ff7",
        "display": "HOLY FAMILY HOSPITAL"
      },
      "use": "complete",
      "diagnosis": [ {
        "sequence": 1,
        "diagnosis": {
          "system": "http://snomed.info/sct",
          "code": "314529007",
          "display": "Medication review due (situation)"
        }
      } ],
      "patient": {
        "reference": "urn:uuid:8ae775a6-eac4-0d99-a67c-2e2db73c98a6"
      },
      "item": [ {
        "sequence": 1,
        "type": {
          "system": "http://hl7.org/fhir/v3/ActCode",
          "code": "CSINV",
          "display": "clinical service invoice"
        },
        "service": {
          "system": "http://snomed.info/sct",
          "code": "410620009",
          "display": "Well child visit (procedure)"
        }
      }, {
        "sequence": 2,
        "type": {
          "system": "http://hl7.org/fhir/v3/ActCode",
          "code": "CSINV",
          "display": "clinical service invoice"
        },
        "service": {
          "system": "http://hl7.org/fhir/sid/cvx",
          "code": "49",
          "display": "Hib (PRP-OMP)"
        },
        "net": {
          "value": 136.00,
          "system": "urn:iso:std:iso:4217",
          "code": "USD"
        }
      }, {
        "sequence": 3,
        "type": {
          "system": "http://hl7.org/fhir/v3/ActCode",
          "code": "CSINV",
          "display": "clinical service invoice"
        },
        "service": {
          "system": "http://hl7.org/fhir/sid/cvx",
          "code": "119",
          "display": "rotavirus, monovalent"
        },
        "net": {
          "value": 136.00,
          "system": "urn:iso:std:iso:4217",
          "code": "USD"
        }
      }, {
        "sequence": 4,
        "type": {
          "system": "http://hl7.org/fhir/v3/ActCode",
          "code": "CSINV",
          "display": "clinical service invoice"
        },
        "service": {
          "system": "http://hl7.org/fhir/sid/cvx",
          "code": "10",
          "display": "IPV"
        },
        "net": {
          "value": 136.00,
          "system": "urn:iso:std:iso:4217",
          "code": "USD"
        }
      }, {
        "sequence": 5,
        "type": {
          "system": "http://hl7.org/fhir/v3/ActCode",
          "code": "CSINV",
          "display": "clinical service invoice"
        },
        "service": {
          "system": "http://hl7.org/fhir/sid/cvx",
          "code": "20",
          "display": "DTaP"
        },
        "net": {
          "value": 136.00,
          "system": "urn:iso:std:iso:4217",
          "code": "USD"
        }
      }, {
        "sequence": 6,
        "type": {
          "system": "http://hl7.org/fhir/v3/ActCode",
          "code": "CSINV",
          "display": "clinical service invoice"
        },
        "service": {
          "system": "http://hl7.org/fhir/sid/cvx",
          "code": "133",
          "display": "Pneumococcal conjugate PCV 13"
        },
        "net": {
          "value": 136.00,
          "system": "urn:iso:std:iso:4217",
          "code": "USD"
        }
      } ]
    },
    "request": {
      "method": "POST",
      "url": "Claim"
    }
  } ]
}
