{
  "resourceType": "Bundle",
  "type": "transaction",
  "entry": [ {
    "fullUrl": "urn:uuid:3f82e384-d3fb-52c9-d1f6-718b870c0c1f",
    "resource": {
      "resourceType": "Patient",
      "id": "3f82e384-d3fb-52c9-d1f6-718b870c0c1f",
      "text": {
        "status": "generated",
        "div": "<div xmlns=\"http://www.w3.org/1999/xhtml\">Generated by <a href=\"https://github.com/synthetichealth/synthea\">Synthea</a>.Version identifier: 94ca67d\n .   Person seed: 3377299984166850671  Population seed: 1711045178535</div>"
      },
      "extension": [ {
        "url": "http://hl7.org/fhir/StructureDefinition/us-core-race",
        "valueCodeableConcept": {
          "coding": [ {
            "system": "http://hl7.org/fhir/v3/Race",
            "code": "2106-3",
            "display": "White"
          } ],
          "text": "White"
        }
      }, {
        "url": "http://hl7.org/fhir/StructureDefinition/us-core-ethnicity",
        "valueCodeableConcept": {
          "coding": [ {
            "system": "http://hl7.org/fhir/v3/Ethnicity",
            "code": "2186-5",
            "display": "Not Hispanic or Latino"
          } ],
          "text": "Not Hispanic or Latino"
        }
      }, {
        "url": "http://hl7.org/fhir/StructureDefinition/patient-mothersMaidenName",
        "valueString": "Hanh683 Abshire638"
      }, {
        "url": "http://hl7.org/fhir/us/core/StructureDefinition/us-core-birthsex",
        "valueCode": "M"
      }, {
        "url": "http://hl7.org/fhir/StructureDefinition/birthPlace",
        "valueAddress": {
          "city": "Bedford",
          "state": "Massachusetts",
          "country": "US"
        }
      }, {
        "url": "http://synthetichealth.github.io/synthea/disability-adjusted-life-years",
        "valueDecimal": 0.0
      }, {
        "url": "http://synthetichealth.github.io/synthea/quality-adjusted-life-years",
        "valueDecimal": 0.0
      } ],
      "identifier": [ {
        "system": "https://github.com/synthetichealth/synthea",
        "value": "3f82e384-d3fb-52c9-d1f6-718b870c0c1f"
      }, {
        "type": {
          "coding": [ {
            "system": "http://hl7.org/fhir/v2/0203",
            "code": "MR"
          } ]
        },
        "system": "http://hospital.smarthealthit.org",
        "value": "3f82e384-d3fb-52c9-d1f6-718b870c0c1f"
      }, {
        "type": {
          "coding": [ {
            "system": "http://hl7.org/fhir/identifier-type",
            "code": "SB"
          } ]
        },
        "system": "http://hl7.org/fhir/sid/us-ssn",
        "value": "999-44-9563"
      } ],
      "name": [ {
        "use": "official",
        "family": [ "Gerhold939" ],
        "given": [ "Kurtis994", "Lenny728" ]
      } ],
      "telecom": [ {
        "system": "phone",
        "value": "555-708-5189",
        "use": "home"
      } ],
      "gender": "male",
      "birthDate": "2023-07-27",
      "address": [ {
        "extension": [ {
          "url": "http://hl7.org/fhir/StructureDefinition/geolocation",
          "extension": [ {
            "url": "latitude",
            "valueDecimal": 42.61650423086343
          }, {
            "url": "longitude",
            "valueDecimal": -71.39121857991846
          } ]
        } ],
        "line": [ "733 Huel Fork" ],
        "city": "Chelmsford",
        "state": "Massachusetts",
        "postalCode": "00000",
        "country": "US"
      } ],
      "maritalStatus": {
        "coding": [ {
          "system": "http://hl7.org/fhir/v3/MaritalStatus",
          "code": "S"
        } ]
      },
      "multipleBirthBoolean": false,
      "communication": [ {
        "language": {
          "coding": [ {
            "system": "urn:ietf:bcp:47",
            "code": "en-US",
            "display": "English (United States)"
          } ],
          "text": "English (United States)"
        }
      } ]
    },
    "request": {
      "method": "POST",
      "url": "Patient"
    }
  }, {
    "fullUrl": "urn:uuid:38bbbe14-3c94-49d4-07aa-a97a03be15bd",
    "resource": {
      "resourceType": "Encounter",
      "id": "38bbbe14-3c94-49d4-07aa-a97a03be15bd",
      "status": "finished",
      "class": "ambulatory",
      "type": [ {
        "coding": [ {
          "system": "http://snomed.info/sct",
          "code": "410620009",
          "display": "Well child visit (procedure)"
        } ],
        "text": "Well child visit (procedure)"
      } ],
      "patient": {
        "reference": "urn:uuid:3f82e384-d3fb-52c9-d1f6-718b870c0c1f"
      },
      "participant": [ {
        "individual": {
          "reference": "Practitioner?identifier=http://hl7.org/fhir/sid/us-npi|9999968693",
          "display": "Dr. Stuart913 Lynch190"
        }
      } ],
      "period": {
        "start": "2023-07-27T00:36:31+00:00",
        "end": "2023-07-27T00:51:31+00:00"
      },
      "serviceProvider": {
        "reference": "Organization?identifier=https://github.com/synthetichealth/synthea|d6c165ec-d9ca-35a5-9bc8-2061cbfb83a2",
        "display": "CHELMSFORD FAMILY PRACTICE, PC"
      }
    },
    "request": {
      "method": "POST",
      "url": "Encounter"
    }
  }, {
    "fullUrl": "urn:uuid:10ea999f-a579-ad34-01a0-56cbde5bf133",
    "resource": {
      "resourceType": "Condition",
      "id": "10ea999f-a579-ad34-01a0-56cbde5bf133",
      "patient": {
        "reference": "urn:uuid:3f82e384-d3fb-52c9-d1f6-718b870c0c1f"
      },
      "encounter": {
        "reference": "urn:uuid:38bbbe14-3c94-49d4-07aa-a97a03be15bd"
      },
      "dateRecorded": "2023-07-27",
      "code": {
        "coding": [ {
          "system": "http://snomed.info/sct",
          "code": "314529007",
          "display": "Medication review due (situation)"
        } ],
        "text": "Medication review due (situation)"
      },
      "category": {
        "coding": [ {
          "system": "http://hl7.org/fhir/condition-category",
          "code": "diagnosis"
        } ]
      },
      "clinicalStatus": "resolved",
      "verificationStatus": "confirmed",
      "onsetDateTime": "2023-07-27T00:36:31+00:00",
      "abatementDateTime": "2023-07-27T00:36:31+00:00"
    },
    "request": {
      "method": "POST",
      "url": "Condition"
    }
  }, {
    "fullUrl": "urn:uuid:05600da5-499e-a33b-b47a-1f9caf9564cf",
    "resource": {
      "resourceType": "Observation",
      "id": "05600da5-499e-a33b-b47a-1f9caf9564cf",
      "status": "final",
      "category": {
        "coding": [ {
          "system": "http://hl7.org/fhir/observation-category",
          "code": "vital-signs",
          "display": "vital-signs"
        } ],
        "text": "vital-signs"
      },
      "code": {
        "coding": [ {
          "system": "http://loinc.org",
          "code": "8302-2",
          "display": "Body Height"
        } ],
        "text": "Body Height"
      },
      "subject": {
        "reference": "urn:uuid:3f82e384-d3fb-52c9-d1f6-718b870c0c1f"
      },
      "encounter": {
        "reference": "urn:uuid:38bbbe14-3c94-49d4-07aa-a97a03be15bd"
      },
      "effectiveDateTime": "2023-07-27T00:36:31+00:00",
      "issued": "2023-07-27T00:36:31.857+00:00",
      "valueQuantity": {
        "value": 46.900,
        "unit": "cm",
        "system": "http://unitsofmeasure.org",
        "code": "cm"
      }
    },
    "request": {
      "method": "POST",
      "url": "Observation"
    }
  }, {
    "fullUrl": "urn:uuid:ef8a01b6-cab4-8774-d747-2e5b55b20f8e",
    "resource": {
      "resourceType": "Observation",
      "id": "ef8a01b6-cab4-8774-d747-2e5b55b20f8e",
      "status": "final",
      "category": {
        "coding": [ {
          "system": "http://hl7.org/fhir/observation-category",
          "code": "vital-signs",
          "display": "vital-signs"
        } ],
        "text": "vital-signs"
      },
      "code": {
        "coding": [ {
          "system": "http://loinc.org",
          "code": "72514-3",
          "display": "Pain severity - 0-10 verbal numeric rating [Score] - Reported"
        } ],
        "text": "Pain severity - 0-10 verbal numeric rating [Score] - Reported"
      },
      "subject": {
        "reference": "urn:uuid:3f82e384-d3fb-52c9-d1f6-718b870c0c1f"
      },
      "encounter": {
        "reference": "urn:uuid:38bbbe14-3c94-49d4-07aa-a97a03be15bd"
      },
      "effectiveDateTime": "2023-07-27T00:36:31+00:00",
      "issued": "2023-07-27T00:36:31.857+00:00",
      "valueQuantity": {
        "value": 2,
        "unit": "{score}",
        "system": "http://unitsofmeasure.org",
        "code": "{score}"
      }
    },
    "request": {
      "method": "POST",
      "url": "Observation"
    }
  }, {
    "fullUrl": "urn:uuid:187ea9c7-c0b2-0bc8-0970-911db2d746cc",
    "resource": {
      "resourceType": "Observation",
      "id": "187ea9c7-c0b2-0bc8-0970-911db2d746cc",
      "status": "final",
      "category": {
        "coding": [ {
          "system": "http://hl7.org/fhir/observation-category",
          "code": "vital-signs",
          "display": "vital-signs"
        } ],
        "text": "vital-signs"
      },
      "code": {
        "coding": [ {
          "system": "http://loinc.org",
          "code": "29463-7",
          "display": "Body Weight"
        } ],
        "text": "Body Weight"
      },
      "subject": {
        "reference": "urn:uuid:3f82e384-d3fb-52c9-d1f6-718b870c0c1f"
      },
      "encounter": {
        "reference": "urn:uuid:38bbbe14-3c94-49d4-07aa-a97a03be15bd"
      },
      "effectiveDateTime": "2023-07-27T00:36:31+00:00",
      "issued": "2023-07-27T00:36:31.857+00:00",
      "valueQuantity": {
        "value": 3.1000,
        "unit": "kg",
        "system": "http://unitsofmeasure.org",
        "code": "kg"
      }
    },
    "request": {
      "method": "POST",
      "url": "Observation"
    }
  }, {
    "fullUrl": "urn:uuid:6071443b-e407-0296-77bb-73a394a80a98",
    "resource": {
      "resourceType": "Observation",
      "id": "6071443b-e407-0296-77bb-73a394a80a98",
      "status": "final",
      "category": {
        "coding": [ {
          "system": "http://hl7.org/fhir/observation-category",
          "code": "vital-signs",
          "display": "vital-signs"
        } ],
        "text": "vital-signs"
      },
      "code": {
        "coding": [ {
          "system": "http://loinc.org",
          "code": "77606-2",
          "display": "Weight-for-length Per age and sex"
        } ],
        "text": "Weight-for-length Per age and sex"
      },
      "subject": {
        "reference": "urn:uuid:3f82e384-d3fb-52c9-d1f6-718b870c0c1f"
      },
      "encounter": {
        "reference": "urn:uuid:38bbbe14-3c94-49d4-07aa-a97a03be15bd"
      },
      "effectiveDateTime": "2023-07-27T00:36:31+00:00",
      "issued": "2023-07-27T00:36:31.857+00:00",
      "valueQuantity": {
        "value": 79.540,
        "unit": "%",
        "system": "http://unitsofmeasure.org",
        "code": "%"
      }
    },
    "request": {
      "method": "POST",
      "url": "Observation"
    }
  }, {
    "fullUrl": "urn:uuid:0c4edb8d-8172-bca6-e5a5-7517a039d109",
    "resource": {
      "resourceType": "Observation",
      "id": "0c4edb8d-8172-bca6-e5a5-7517a039d109",
      "status": "final",
      "category": {
        "coding": [ {
          "system": "http://hl7.org/fhir/observation-category",
          "code": "vital-signs",
          "display": "vital-signs"
        } ],
        "text": "vital-signs"
      },
      "code": {
        "coding": [ {
          "system": "http://loinc.org",
          "code": "8289-1",
          "display": "Head Occipital-frontal circumference Percentile"
        } ],
        "text": "Head Occipital-frontal circumference Percentile"
      },
      "subject": {
        "reference": "urn:uuid:3f82e384-d3fb-52c9-d1f6-718b870c0c1f"
      },
      "encounter": {
        "reference": "urn:uuid:38bbbe14-3c94-49d4-07aa-a97a03be15bd"
      },
      "effectiveDateTime": "2023-07-27T00:36:31+00:00",
      "issued": "2023-07-27T00:36:31.857+00:00",
      "valueQuantity": {
        "value": 3.3200,
        "unit": "%",
        "system": "http://unitsofmeasure.org",
        "code": "%"
      }
    },
    "request": {
      "method": "POST",
      "url": "Observation"
    }
  }, {
    "fullUrl": "urn:uuid:52dce1fc-8591-2463-eeb4-64395bf56a47",
    "resource": {
      "resourceType": "Observation",
      "id": "52dce1fc-8591-2463-eeb4-64395bf56a47",
      "status": "final",
      "category": {
        "coding": [ {
          "system": "http://hl7.org/fhir/observation-category",
          "code": "vital-signs",
          "display": "vital-signs"
        } ],
        "text": "vital-signs"
      },
      "code": {
        "coding": [ {
          "system": "http://loinc.org",
          "code": "9843-4",
          "display": "Head Occipital-frontal circumference"
        } ],
        "text": "Head Occipital-frontal circumference"
      },
      "subject": {
        "reference": "urn:uuid:3f82e384-d3fb-52c9-d1f6-718b870c0c1f"
      },
      "encounter": {
        "reference": "urn:uuid:38bbbe14-3c94-49d4-07aa-a97a03be15bd"
      },
      "effectiveDateTime": "2023-07-27T00:36:31+00:00",
      "issued": "2023-07-27T00:36:31.857+00:00",
      "valueQuantity": {
        "value": 31.620,
        "unit": "cm",
        "system": "http://unitsofmeasure.org",
        "code": "cm"
      }
    },
    "request": {
      "method": "POST",
      "url": "Observation"
    }
  }, {
    "fullUrl": "urn:uuid:f4e991a1-1af6-3fc5-bc9a-ff4e13de9785",
    "resource": {
      "resourceType": "Observation",
      "id": "f4e991a1-1af6-3fc5-bc9a-ff4e13de9785",
      "status": "final",
      "category": {
        "coding": [ {
          "system": "http://hl7.org/fhir/observation-category",
          "code": "vital-signs",
          "display": "vital-signs"
        } ],
        "text": "vital-signs"
      },
      "code": {
        "coding": [ {
          "system": "http://loinc.org",
          "code": "85354-9",
          "display": "Blood pressure panel with all children optional"
        } ],
        "text": "Blood pressure panel with all children optional"
      },
      "subject": {
        "reference": "urn:uuid:3f82e384-d3fb-52c9-d1f6-718b870c0c1f"
      },
      "encounter": {
        "reference": "urn:uuid:38bbbe14-3c94-49d4-07aa-a97a03be15bd"
      },
      "effectiveDateTime": "2023-07-27T00:36:31+00:00",
      "issued": "2023-07-27T00:36:31.857+00:00",
      "component": [ {
        "code": {
          "coding": [ {
            "system": "http://loinc.org",
            "code": "8462-4",
            "display": "Diastolic Blood Pressure"
          } ],
          "text": "Diastolic Blood Pressure"
        },
        "valueQuantity": {
          "value": 84,
          "unit": "mm[Hg]",
          "system": "http://unitsofmeasure.org",
          "code": "mm[Hg]"
        }
      }, {
        "code": {
          "coding": [ {
            "system": "http://loinc.org",
            "code": "8480-6",
            "display": "Systolic Blood Pressure"
          } ],
          "text": "Systolic Blood Pressure"
        },
        "valueQuantity": {
          "value": 128,
          "unit": "mm[Hg]",
          "system": "http://unitsofmeasure.org",
          "code": "mm[Hg]"
        }
      } ]
    },
    "request": {
      "method": "POST",
      "url": "Observation"
    }
  }, {
    "fullUrl": "urn:uuid:cebf9beb-36f9-a65b-6c49-7ee99200f4d2",
    "resource": {
      "resourceType": "Observation",
      "id": "cebf9beb-36f9-a65b-6c49-7ee99200f4d2",
      "status": "final",
      "category": {
        "coding": [ {
          "system": "http://hl7.org/fhir/observation-category",
          "code": "vital-signs",
          "display": "vital-signs"
        } ],
        "text": "vital-signs"
      },
      "code": {
        "coding": [ {
          "system": "http://loinc.org",
          "code": "8867-4",
          "display": "Heart rate"
        } ],
        "text": "Heart rate"
      },
      "subject": {
        "reference": "urn:uuid:3f82e384-d3fb-52c9-d1f6-718b870c0c1f"
      },
      "encounter": {
        "reference": "urn:uuid:38bbbe14-3c94-49d4-07aa-a97a03be15bd"
      },
      "effectiveDateTime": "2023-07-27T00:36:31+00:00",
      "issued": "2023-07-27T00:36:31.857+00:00",
      "valueQuantity": {
        "value": 75,
        "unit": "/min",
        "system": "http://unitsofmeasure.org",
        "code": "/min"
      }
    },
    "request": {
      "method": "POST",
      "url": "Observation"
    }
  }, {
    "fullUrl": "urn:uuid:8de5607c-12c6-0419-f07d-85d5a5dd1509",
    "resource": {
      "resourceType": "Observation",
      "id": "8de5607c-12c6-0419-f07d-85d5a5dd1509",
      "status": "final",
      "category": {
        "coding": [ {
          "system": "http://hl7.org/fhir/observation-category",
          "code": "vital-signs",
          "display": "vital-signs"
        } ],
        "text": "vital-signs"
      },
      "code": {
        "coding": [ {
          "system": "http://loinc.org",
          "code": "9279-1",
          "display": "Respiratory rate"
        } ],
        "text": "Respiratory rate"
      },
      "subject": {
        "reference": "urn:uuid:3f82e384-d3fb-52c9-d1f6-718b870c0c1f"
      },
      "encounter": {
        "reference": "urn:uuid:38bbbe14-3c94-49d4-07aa-a97a03be15bd"
      },
      "effectiveDateTime": "2023-07-27T00:36:31+00:00",
      "issued": "2023-07-27T00:36:31.857+00:00",
      "valueQuantity": {
        "value": 13,
        "unit": "/min",
        "system": "http://unitsofmeasure.org",
        "code": "/min"
      }
    },
    "request": {
      "method": "POST",
      "url": "Observation"
    }
  }, {
    "fullUrl": "urn:uuid:a056aa11-4f52-bd38-ddc5-7282563fc415",
    "resource": {
      "resourceType": "Observation",
      "id": "a056aa11-4f52-bd38-ddc5-7282563fc415",
      "status": "final",
      "category": {
        "coding": [ {
          "system": "http://hl7.org/fhir/observation-category",
          "code": "laboratory",
          "display": "laboratory"
        } ],
        "text": "laboratory"
      },
      "code": {
        "coding": [ {
          "system": "http://loinc.org",
          "code": "6690-2",
          "display": "Leukocytes [#/volume] in Blood by Automated count"
        } ],
        "text": "Leukocytes [#/volume] in Blood by Automated count"
      },
      "subject": {
        "reference": "urn:uuid:3f82e384-d3fb-52c9-d1f6-718b870c0c1f"
      },
      "encounter": {
        "reference": "urn:uuid:38bbbe14-3c94-49d4-07aa-a97a03be15bd"
      },
      "effectiveDateTime": "2023-07-27T00:36:31+00:00",
      "issued": "2023-07-27T00:36:31.857+00:00",
      "valueQuantity": {
        "value": 8.7155,
        "unit": "10*3/uL",
        "system": "http://unitsofmeasure.org",
        "code": "10*3/uL"
      }
    },
    "request": {
      "method": "POST",
      "url": "Observation"
    }
  }, {
    "fullUrl": "urn:uuid:22703ca0-e07c-a112-29bf-e0a61899f98a",
    "resource": {
      "resourceType": "Observation",
      "id": "22703ca0-e07c-a112-29bf-e0a61899f98a",
      "status": "final",
      "category": {
        "coding": [ {
          "system": "http://hl7.org/fhir/observation-category",
          "code": "laboratory",
          "display": "laboratory"
        } ],
        "text": "laboratory"
      },
      "code": {
        "coding": [ {
          "system": "http://loinc.org",
          "code": "789-8",
          "display": "Erythrocytes [#/volume] in Blood by Automated count"
        } ],
        "text": "Erythrocytes [#/volume] in Blood by Automated count"
      },
      "subject": {
        "reference": "urn:uuid:3f82e384-d3fb-52c9-d1f6-718b870c0c1f"
      },
      "encounter": {
        "reference": "urn:uuid:38bbbe14-3c94-49d4-07aa-a97a03be15bd"
      },
      "effectiveDateTime": "2023-07-27T00:36:31+00:00",
      "issued": "2023-07-27T00:36:31.857+00:00",
      "valueQuantity": {
        "value": 3.9705,
        "unit": "10*6/uL",
        "system": "http://unitsofmeasure.org",
        "code": "10*6/uL"
      }
    },
    "request": {
      "method": "POST",
      "url": "Observation"
    }
  }, {
    "fullUrl": "urn:uuid:c9bb20a1-cde2-abb0-ba8f-874099bbc760",
    "resource": {
      "resourceType": "Observation",
      "id": "c9bb20a1-cde2-abb0-ba8f-874099bbc760",
      "status": "final",
      "category": {
        "coding": [ {
          "system": "http://hl7.org/fhir/observation-category",
          "code": "laboratory",
          "display": "laboratory"
        } ],
        "text": "laboratory"
      },
      "code": {
        "coding": [ {
          "system": "http://loinc.org",
          "code": "718-7",
          "display": "Hemoglobin [Mass/volume] in Blood"
        } ],
        "text": "Hemoglobin [Mass/volume] in Blood"
      },
      "subject": {
        "reference": "urn:uuid:3f82e384-d3fb-52c9-d1f6-718b870c0c1f"
      },
      "encounter": {
        "reference": "urn:uuid:38bbbe14-3c94-49d4-07aa-a97a03be15bd"
      },
      "effectiveDateTime": "2023-07-27T00:36:31+00:00",
      "issued": "2023-07-27T00:36:31.857+00:00",
      "valueQuantity": {
        "value": 15.128,
        "unit": "g/dL",
        "system": "http://unitsofmeasure.org",
        "code": "g/dL"
      }
    },
    "request": {
      "method": "POST",
      "url": "Observation"
    }
  }, {
    "fullUrl": "urn:uuid:6df9ac8a-9995-edda-de97-836cd27ca9bf",
    "resource": {
      "resourceType": "Observation",
      "id": "6df9ac8a-9995-edda-de97-836cd27ca9bf",
      "status": "final",
      "category": {
        "coding": [ {
          "system": "http://hl7.org/fhir/observation-category",
          "code": "laboratory",
          "display": "laboratory"
        } ],
        "text": "laboratory"
      },
      "code": {
        "coding": [ {
          "system": "http://loinc.org",
          "code": "4544-3",
          "display": "Hematocrit [Volume Fraction] of Blood by Automated count"
        } ],
        "text": "Hematocrit [Volume Fraction] of Blood by Automated count"
      },
      "subject": {
        "reference": "urn:uuid:3f82e384-d3fb-52c9-d1f6-718b870c0c1f"
      },
      "encounter": {
        "reference": "urn:uuid:38bbbe14-3c94-49d4-07aa-a97a03be15bd"
      },
      "effectiveDateTime": "2023-07-27T00:36:31+00:00",
      "issued": "2023-07-27T00:36:31.857+00:00",
      "valueQuantity": {
        "value": 40.023,
        "unit": "%",
        "system": "http://unitsofmeasure.org",
        "code": "%"
      }
    },
    "request": {
      "method": "POST",
      "url": "Observation"
    }
  }, {
    "fullUrl": "urn:uuid:7d8fe700-ae75-1ec8-5d85-96bf478f461c",
    "resource": {
      "resourceType": "Observation",
      "id": "7d8fe700-ae75-1ec8-5d85-96bf478f461c",
      "status": "final",
      "category": {
        "coding": [ {
          "system": "http://hl7.org/fhir/observation-category",
          "code": "laboratory",
          "display": "laboratory"
        } ],
        "text": "laboratory"
      },
      "code": {
        "coding": [ {
          "system": "http://loinc.org",
          "code": "787-2",
          "display": "MCV [Entitic volume] by Automated count"
        } ],
        "text": "MCV [Entitic volume] by Automated count"
      },
      "subject": {
        "reference": "urn:uuid:3f82e384-d3fb-52c9-d1f6-718b870c0c1f"
      },
      "encounter": {
        "reference": "urn:uuid:38bbbe14-3c94-49d4-07aa-a97a03be15bd"
      },
      "effectiveDateTime": "2023-07-27T00:36:31+00:00",
      "issued": "2023-07-27T00:36:31.857+00:00",
      "valueQuantity": {
        "value": 87.009,
        "unit": "fL",
        "system": "http://unitsofmeasure.org",
        "code": "fL"
      }
    },
    "request": {
      "method": "POST",
      "url": "Observation"
    }
  }, {
    "fullUrl": "urn:uuid:c2174678-8d6a-e33e-c9ab-f96f4ac7ac6a",
    "resource": {
      "resourceType": "Observation",
      "id": "c2174678-8d6a-e33e-c9ab-f96f4ac7ac6a",
      "status": "final",
      "category": {
        "coding": [ {
          "system": "http://hl7.org/fhir/observation-category",
          "code": "laboratory",
          "display": "laboratory"
        } ],
        "text": "laboratory"
      },
      "code": {
        "coding": [ {
          "system": "http://loinc.org",
          "code": "785-6",
          "display": "MCH [Entitic mass] by Automated count"
        } ],
        "text": "MCH [Entitic mass] by Automated count"
      },
      "subject": {
        "reference": "urn:uuid:3f82e384-d3fb-52c9-d1f6-718b870c0c1f"
      },
      "encounter": {
        "reference": "urn:uuid:38bbbe14-3c94-49d4-07aa-a97a03be15bd"
      },
      "effectiveDateTime": "2023-07-27T00:36:31+00:00",
      "issued": "2023-07-27T00:36:31.857+00:00",
      "valueQuantity": {
        "value": 27.516,
        "unit": "pg",
        "system": "http://unitsofmeasure.org",
        "code": "pg"
      }
    },
    "request": {
      "method": "POST",
      "url": "Observation"
    }
  }, {
    "fullUrl": "urn:uuid:78276adb-d377-06c9-49b9-ea7d157431d2",
    "resource": {
      "resourceType": "Observation",
      "id": "78276adb-d377-06c9-49b9-ea7d157431d2",
      "status": "final",
      "category": {
        "coding": [ {
          "system": "http://hl7.org/fhir/observation-category",
          "code": "laboratory",
          "display": "laboratory"
        } ],
        "text": "laboratory"
      },
      "code": {
        "coding": [ {
          "system": "http://loinc.org",
          "code": "786-4",
          "display": "MCHC [Mass/volume] by Automated count"
        } ],
        "text": "MCHC [Mass/volume] by Automated count"
      },
      "subject": {
        "reference": "urn:uuid:3f82e384-d3fb-52c9-d1f6-718b870c0c1f"
      },
      "encounter": {
        "reference": "urn:uuid:38bbbe14-3c94-49d4-07aa-a97a03be15bd"
      },
      "effectiveDateTime": "2023-07-27T00:36:31+00:00",
      "issued": "2023-07-27T00:36:31.857+00:00",
      "valueQuantity": {
        "value": 33.999,
        "unit": "g/dL",
        "system": "http://unitsofmeasure.org",
        "code": "g/dL"
      }
    },
    "request": {
      "method": "POST",
      "url": "Observation"
    }
  }, {
    "fullUrl": "urn:uuid:432c4906-a379-be18-414a-95845f0700a8",
    "resource": {
      "resourceType": "Observation",
      "id": "432c4906-a379-be18-414a-95845f0700a8",
      "status": "final",
      "category": {
        "coding": [ {
          "system": "http://hl7.org/fhir/observation-category",
          "code": "laboratory",
          "display": "laboratory"
        } ],
        "text": "laboratory"
      },
      "code": {
        "coding": [ {
          "system": "http://loinc.org",
          "code": "21000-5",
          "display": "Erythrocyte distribution width [Entitic volume] by Automated count"
        } ],
        "text": "Erythrocyte distribution width [Entitic volume] by Automated count"
      },
      "subject": {
        "reference": "urn:uuid:3f82e384-d3fb-52c9-d1f6-718b870c0c1f"
      },
      "encounter": {
        "reference": "urn:uuid:38bbbe14-3c94-49d4-07aa-a97a03be15bd"
      },
      "effectiveDateTime": "2023-07-27T00:36:31+00:00",
      "issued": "2023-07-27T00:36:31.857+00:00",
      "valueQuantity": {
        "value": 45.162,
        "unit": "fL",
        "system": "http://unitsofmeasure.org",
        "code": "fL"
      }
    },
    "request": {
      "method": "POST",
      "url": "Observation"
    }
  }, {
    "fullUrl": "urn:uuid:e29c4144-a2ca-119b-68d8-e9042b065ba2",
    "resource": {
      "resourceType": "Observation",
      "id": "e29c4144-a2ca-119b-68d8-e9042b065ba2",
      "status": "final",
      "category": {
        "coding": [ {
          "system": "http://hl7.org/fhir/observation-category",
          "code": "laboratory",
          "display": "laboratory"
        } ],
        "text": "laboratory"
      },
      "code": {
        "coding": [ {
          "system": "http://loinc.org",
          "code": "777-3",
          "display": "Platelets [#/volume] in Blood by Automated count"
        } ],
        "text": "Platelets [#/volume] in Blood by Automated count"
      },
      "subject": {
        "reference": "urn:uuid:3f82e384-d3fb-52c9-d1f6-718b870c0c1f"
      },
      "encounter": {
        "reference": "urn:uuid:38bbbe14-3c94-49d4-07aa-a97a03be15bd"
      },
      "effectiveDateTime": "2023-07-27T00:36:31+00:00",
      "issued": "2023-07-27T00:36:31.857+00:00",
      "valueQuantity": {
        "value": 252.26,
        "unit": "10*3/uL",
        "system": "http://unitsofmeasure.org",
        "code": "10*3/uL"
      }
    },
    "request": {
      "method": "POST",
      "url": "Observation"
    }
  }, {
    "fullUrl": "urn:uuid:329c910e-2acc-55fc-8667-e14bd3ec6277",
    "resource": {
      "resourceType": "Observation",
      "id": "329c910e-2acc-55fc-8667-e14bd3ec6277",
      "status": "final",
      "category": {
        "coding": [ {
          "system": "http://hl7.org/fhir/observation-category",
          "code": "laboratory",
          "display": "laboratory"
        } ],
        "text": "laboratory"
      },
      "code": {
        "coding": [ {
          "system": "http://loinc.org",
          "code": "32207-3",
          "display": "Platelet distribution width [Entitic volume] in Blood by Automated count"
        } ],
        "text": "Platelet distribution width [Entitic volume] in Blood by Automated count"
      },
      "subject": {
        "reference": "urn:uuid:3f82e384-d3fb-52c9-d1f6-718b870c0c1f"
      },
      "encounter": {
        "reference": "urn:uuid:38bbbe14-3c94-49d4-07aa-a97a03be15bd"
      },
      "effectiveDateTime": "2023-07-27T00:36:31+00:00",
      "issued": "2023-07-27T00:36:31.857+00:00",
      "valueQuantity": {
        "value": 292.84,
        "unit": "fL",
        "system": "http://unitsofmeasure.org",
        "code": "fL"
      }
    },
    "request": {
      "method": "POST",
      "url": "Observation"
    }
  }, {
    "fullUrl": "urn:uuid:1c80cdb2-2de5-2c0a-6f3a-6b3fc8a5746f",
    "resource": {
      "resourceType": "Observation",
      "id": "1c80cdb2-2de5-2c0a-6f3a-6b3fc8a5746f",
      "status": "final",
      "category": {
        "coding": [ {
          "system": "http://hl7.org/fhir/observation-category",
          "code": "laboratory",
          "display": "laboratory"
        } ],
        "text": "laboratory"
      },
      "code": {
        "coding": [ {
          "system": "http://loinc.org",
          "code": "32623-1",
          "display": "Platelet mean volume [Entitic volume] in Blood by Automated count"
        } ],
        "text": "Platelet mean volume [Entitic volume] in Blood by Automated count"
      },
      "subject": {
        "reference": "urn:uuid:3f82e384-d3fb-52c9-d1f6-718b870c0c1f"
      },
      "encounter": {
        "reference": "urn:uuid:38bbbe14-3c94-49d4-07aa-a97a03be15bd"
      },
      "effectiveDateTime": "2023-07-27T00:36:31+00:00",
      "issued": "2023-07-27T00:36:31.857+00:00",
      "valueQuantity": {
        "value": 10.296,
        "unit": "fL",
        "system": "http://unitsofmeasure.org",
        "code": "fL"
      }
    },
    "request": {
      "method": "POST",
      "url": "Observation"
    }
  }, {
    "fullUrl": "urn:uuid:8366a7b3-95ca-2989-d754-31bd6c039884",
    "resource": {
      "resourceType": "Observation",
      "id": "8366a7b3-95ca-2989-d754-31bd6c039884",
      "status": "final",
      "category": {
        "coding": [ {
          "system": "http://hl7.org/fhir/observation-category",
          "code": "social-history",
          "display": "social-history"
        } ],
        "text": "social-history"
      },
      "code": {
        "coding": [ {
          "system": "http://loinc.org",
          "code": "72166-2",
          "display": "Tobacco smoking status"
        } ],
        "text": "Tobacco smoking status"
      },
      "subject": {
        "reference": "urn:uuid:3f82e384-d3fb-52c9-d1f6-718b870c0c1f"
      },
      "encounter": {
        "reference": "urn:uuid:38bbbe14-3c94-49d4-07aa-a97a03be15bd"
      },
      "effectiveDateTime": "2023-07-27T00:36:31+00:00",
      "issued": "2023-07-27T00:36:31.857+00:00",
      "valueCodeableConcept": {
        "coding": [ {
          "system": "http://snomed.info/sct",
          "code": "266919005",
          "display": "Never smoked tobacco (finding)"
        } ],
        "text": "Never smoked tobacco (finding)"
      }
    },
    "request": {
      "method": "POST",
      "url": "Observation"
    }
  }, {
    "fullUrl": "urn:uuid:7056fea3-11ed-5077-7147-3ab88d6c932e",
    "resource": {
      "resourceType": "Procedure",
      "id": "7056fea3-11ed-5077-7147-3ab88d6c932e",
      "subject": {
        "reference": "urn:uuid:3f82e384-d3fb-52c9-d1f6-718b870c0c1f"
      },
      "status": "completed",
      "code": {
        "coding": [ {
          "system": "http://snomed.info/sct",
          "code": "430193006",
          "display": "Medication Reconciliation (procedure)"
        } ],
        "text": "Medication Reconciliation (procedure)"
      },
      "performedPeriod": {
        "start": "2023-07-27T00:36:31+00:00",
        "end": "2023-07-27T00:51:31+00:00"
      },
      "encounter": {
        "reference": "urn:uuid:38bbbe14-3c94-49d4-07aa-a97a03be15bd"
      }
    },
    "request": {
      "method": "POST",
      "url": "Procedure"
    }
  }, {
    "fullUrl": "urn:uuid:cecb4c73-6683-f3f5-6da5-3319fd251007",
    "resource": {
      "resourceType": "Immunization",
      "id": "cecb4c73-6683-f3f5-6da5-3319fd251007",
      "status": "completed",
      "date": "2023-07-27T00:36:31+00:00",
      "vaccineCode": {
        "coding": [ {
          "system": "http://hl7.org/fhir/sid/cvx",
          "code": "08",
          "display": "Hep B, adolescent or pediatric"
        } ],
        "text": "Hep B, adolescent or pediatric"
      },
      "patient": {
        "reference": "urn:uuid:3f82e384-d3fb-52c9-d1f6-718b870c0c1f"
      },
      "wasNotGiven": false,
      "reported": false,
      "encounter": {
        "reference": "urn:uuid:38bbbe14-3c94-49d4-07aa-a97a03be15bd"
      }
    },
    "request": {
      "method": "POST",
      "url": "Immunization"
    }
  }, {
    "fullUrl": "urn:uuid:c6ad901a-854c-2d67-7270-68be489a7426",
    "resource": {
      "resourceType": "DiagnosticReport",
      "id": "c6ad901a-854c-2d67-7270-68be489a7426",
      "status": "final",
      "category": {
        "coding": [ {
          "system": "http://hl7.org/fhir/ValueSet/diagnostic-service-sections",
          "code": "LAB"
        } ]
      },
      "code": {
        "coding": [ {
          "system": "http://loinc.org",
          "code": "58410-2",
          "display": "CBC panel - Blood by Automated count"
        } ],
        "text": "CBC panel - Blood by Automated count"
      },
      "subject": {
        "reference": "urn:uuid:3f82e384-d3fb-52c9-d1f6-718b870c0c1f"
      },
      "encounter": {
        "reference": "urn:uuid:38bbbe14-3c94-49d4-07aa-a97a03be15bd"
      },
      "effectiveDateTime": "2023-07-27T00:36:31+00:00",
      "issued": "2023-07-27T00:36:31.857+00:00",
      "performer": {
        "reference": "Organization?identifier=https://github.com/synthetichealth/synthea|d6c165ec-d9ca-35a5-9bc8-2061cbfb83a2",
        "display": "CHELMSFORD FAMILY PRACTICE, PC"
      },
      "result": [ {
        "reference": "urn:uuid:1c80cdb2-2de5-2c0a-6f3a-6b3fc8a5746f",
        "display": "Platelet mean volume [Entitic volume] in Blood by Automated count"
      } ]
    },
    "request": {
      "method": "POST",
      "url": "DiagnosticReport"
    }
  }, {
    "fullUrl": "urn:uuid:b30b2468-5976-81c9-83ee-9db6987f46ff",
    "resource": {
      "resourceType": "Claim",
      "id": "b30b2468-5976-81c9-83ee-9db6987f46ff",
      "type": "institutional",
      "organization": {
        "reference": "Organization?identifier=https://github.com/synthetichealth/synthea|d6c165ec-d9ca-35a5-9bc8-2061cbfb83a2",
        "display": "CHELMSFORD FAMILY PRACTICE, PC"
      },
      "use": "complete",
      "diagnosis": [ {
        "sequence": 1,
        "diagnosis": {
          "system": "http://snomed.info/sct",
          "code": "314529007",
          "display": "Medication review due (situation)"
        }
      } ],
      "patient": {
        "reference": "urn:uuid:3f82e384-d3fb-52c9-d1f6-718b870c0c1f"
      },
      "item": [ {
        "sequence": 1,
        "type": {
          "system": "http://hl7.org/fhir/v3/ActCode",
          "code": "CSINV",
          "display": "clinical service invoice"
        },
        "service": {
          "system": "http://snomed.info/sct",
          "code": "410620009",
          "display": "Well child visit (procedure)"
        }
      }, {
        "sequence": 2,
        "type": {
          "system": "http://hl7.org/fhir/v3/ActCode",
          "code": "CSINV",
          "display": "clinical service invoice"
        },
        "service": {
          "system": "http://hl7.org/fhir/sid/cvx",
          "code": "08",
          "display": "Hep B, adolescent or pediatric"
        },
        "net": {
          "value": 136.00,
          "system": "urn:iso:std:iso:4217",
          "code": "USD"
        }
      }, {
        "sequence": 4,
        "type": {
          "system": "http://hl7.org/fhir/v3/ActCode",
          "code": "CSINV",
          "display": "clinical service invoice"
        },
        "service": {
          "system": "http://snomed.info/sct",
          "code": "430193006",
          "display": "Medication Reconciliation (procedure)"
        },
        "net": {
          "value": 446.25,
          "system": "urn:iso:std:iso:4217",
          "code": "USD"
        }
      }, {
        "sequence": 5,
        "type": {
          "system": "http://hl7.org/fhir/v3/ActCode",
          "code": "CSINV",
          "display": "clinical service invoice"
        },
        "service": {
          "system": "http://loinc.org",
          "code": "58410-2",
          "display": "CBC panel - Blood by Automated count"
        },
        "net": {
          "value": 74.58,
          "system": "urn:iso:std:iso:4217",
          "code": "USD"
        }
      } ]
    },
    "request": {
      "method": "POST",
      "url": "Claim"
    }
  }, {
    "fullUrl": "urn:uuid:de603fb3-9862-3589-10b4-21185c72cb9d",
    "resource": {
      "resourceType": "Encounter",
      "id": "de603fb3-9862-3589-10b4-21185c72cb9d",
      "status": "finished",
      "class": "ambulatory",
      "type": [ {
        "coding": [ {
          "system": "http://snomed.info/sct",
          "code": "410620009",
          "display": "Well child visit (procedure)"
        } ],
        "text": "Well child visit (procedure)"
      } ],
      "patient": {
        "reference": "urn:uuid:3f82e384-d3fb-52c9-d1f6-718b870c0c1f"
      },
      "participant": [ {
        "individual": {
          "reference": "Practitioner?identifier=http://hl7.org/fhir/sid/us-npi|9999968693",
          "display": "Dr. Stuart913 Lynch190"
        }
      } ],
      "period": {
        "start": "2023-08-31T00:36:31+00:00",
        "end": "2023-08-31T00:51:31+00:00"
      },
      "serviceProvider": {
        "reference": "Organization?identifier=https://github.com/synthetichealth/synthea|d6c165ec-d9ca-35a5-9bc8-2061cbfb83a2",
        "display": "CHELMSFORD FAMILY PRACTICE, PC"
      }
    },
    "request": {
      "method": "POST",
      "url": "Encounter"
    }
  }, {
    "fullUrl": "urn:uuid:e3b2461b-7fb2-72ba-ff6a-c91a9ead46d1",
    "resource": {
      "resourceType": "Condition",
      "id": "e3b2461b-7fb2-72ba-ff6a-c91a9ead46d1",
      "patient": {
        "reference": "urn:uuid:3f82e384-d3fb-52c9-d1f6-718b870c0c1f"
      },
      "encounter": {
        "reference": "urn:uuid:de603fb3-9862-3589-10b4-21185c72cb9d"
      },
      "dateRecorded": "2023-08-31",
      "code": {
        "coding": [ {
          "system": "http://snomed.info/sct",
          "code": "314529007",
          "display": "Medication review due (situation)"
        } ],
        "text": "Medication review due (situation)"
      },
      "category": {
        "coding": [ {
          "system": "http://hl7.org/fhir/condition-category",
          "code": "diagnosis"
        } ]
      },
      "clinicalStatus": "resolved",
      "verificationStatus": "confirmed",
      "onsetDateTime": "2023-08-31T00:36:31+00:00",
      "abatementDateTime": "2024-01-04T00:36:31+00:00"
    },
    "request": {
      "method": "POST",
      "url": "Condition"
    }
  }, {
    "fullUrl": "urn:uuid:19bf4a55-0096-938b-cb55-f547bedd1722",
    "resource": {
      "resourceType": "Observation",
      "id": "19bf4a55-0096-938b-cb55-f547bedd1722",
      "status": "final",
      "category": {
        "coding": [ {
          "system": "http://hl7.org/fhir/observation-category",
          "code": "vital-signs",
          "display": "vital-signs"
        } ],
        "text": "vital-signs"
      },
      "code": {
        "coding": [ {
          "system": "http://loinc.org",
          "code": "8302-2",
          "display": "Body Height"
        } ],
        "text": "Body Height"
      },
      "subject": {
        "reference": "urn:uuid:3f82e384-d3fb-52c9-d1f6-718b870c0c1f"
      },
      "encounter": {
        "reference": "urn:uuid:de603fb3-9862-3589-10b4-21185c72cb9d"
      },
      "effectiveDateTime": "2023-08-31T00:36:31+00:00",
      "issued": "2023-08-31T00:36:31.857+00:00",
      "valueQuantity": {
        "value": 51.200,
        "unit": "cm",
        "system": "http://unitsofmeasure.org",
        "code": "cm"
      }
    },
    "request": {
      "method": "POST",
      "url": "Observation"
    }
  }, {
    "fullUrl": "urn:uuid:b3bb5627-bc65-43f6-5e1e-c879d8166be8",
    "resource": {
      "resourceType": "Observation",
      "id": "b3bb5627-bc65-43f6-5e1e-c879d8166be8",
      "status": "final",
      "category": {
        "coding": [ {
          "system": "http://hl7.org/fhir/observation-category",
          "code": "vital-signs",
          "display": "vital-signs"
        } ],
        "text": "vital-signs"
      },
      "code": {
        "coding": [ {
          "system": "http://loinc.org",
          "code": "72514-3",
          "display": "Pain severity - 0-10 verbal numeric rating [Score] - Reported"
        } ],
        "text": "Pain severity - 0-10 verbal numeric rating [Score] - Reported"
      },
      "subject": {
        "reference": "urn:uuid:3f82e384-d3fb-52c9-d1f6-718b870c0c1f"
      },
      "encounter": {
        "reference": "urn:uuid:de603fb3-9862-3589-10b4-21185c72cb9d"
      },
      "effectiveDateTime": "2023-08-31T00:36:31+00:00",
      "issued": "2023-08-31T00:36:31.857+00:00",
      "valueQuantity": {
        "value": 2,
        "unit": "{score}",
        "system": "http://unitsofmeasure.org",
        "code": "{score}"
      }
    },
    "request": {
      "method": "POST",
      "url": "Observation"
    }
  }, {
    "fullUrl": "urn:uuid:6c3d4a38-a864-5fe2-9870-887cb8c24a9a",
    "resource": {
      "resourceType": "Observation",
      "id": "6c3d4a38-a864-5fe2-9870-887cb8c24a9a",
      "status": "final",
      "category": {
        "coding": [ {
          "system": "http://hl7.org/fhir/observation-category",
          "code": "vital-signs",
          "display": "vital-signs"
        } ],
        "text": "vital-signs"
      },
      "code": {
        "coding": [ {
          "system": "http://loinc.org",
          "code": "29463-7",
          "display": "Body Weight"
        } ],
        "text": "Body Weight"
      },
      "subject": {
        "reference": "urn:uuid:3f82e384-d3fb-52c9-d1f6-718b870c0c1f"
      },
      "encounter": {
        "reference": "urn:uuid:de603fb3-9862-3589-10b4-21185c72cb9d"
      },
      "effectiveDateTime": "2023-08-31T00:36:31+00:00",
      "issued": "2023-08-31T00:36:31.857+00:00",
      "valueQuantity": {
        "value": 3.9000,
        "unit": "kg",
        "system": "http://unitsofmeasure.org",
        "code": "kg"
      }
    },
    "request": {
      "method": "POST",
      "url": "Observation"
    }
  }, {
    "fullUrl": "urn:uuid:c4dd760f-9443-0fef-a8aa-fdb0c523756c",
    "resource": {
      "resourceType": "Observation",
      "id": "c4dd760f-9443-0fef-a8aa-fdb0c523756c",
      "status": "final",
      "category": {
        "coding": [ {
          "system": "http://hl7.org/fhir/observation-category",
          "code": "vital-signs",
          "display": "vital-signs"
        } ],
        "text": "vital-signs"
      },
      "code": {
        "coding": [ {
          "system": "http://loinc.org",
          "code": "77606-2",
          "display": "Weight-for-length Per age and sex"
        } ],
        "text": "Weight-for-length Per age and sex"
      },
      "subject": {
        "reference": "urn:uuid:3f82e384-d3fb-52c9-d1f6-718b870c0c1f"
      },
      "encounter": {
        "reference": "urn:uuid:de603fb3-9862-3589-10b4-21185c72cb9d"
      },
      "effectiveDateTime": "2023-08-31T00:36:31+00:00",
      "issued": "2023-08-31T00:36:31.857+00:00",
      "valueQuantity": {
        "value": 66.923,
        "unit": "%",
        "system": "http://unitsofmeasure.org",
        "code": "%"
      }
    },
    "request": {
      "method": "POST",
      "url": "Observation"
    }
  }, {
    "fullUrl": "urn:uuid:6443c40f-10b6-329f-411e-96a4b865c333",
    "resource": {
      "resourceType": "Observation",
      "id": "6443c40f-10b6-329f-411e-96a4b865c333",
      "status": "final",
      "category": {
        "coding": [ {
          "system": "http://hl7.org/fhir/observation-category",
          "code": "vital-signs",
          "display": "vital-signs"
        } ],
        "text": "vital-signs"
      },
      "code": {
        "coding": [ {
          "system": "http://loinc.org",
          "code": "8289-1",
          "display": "Head Occipital-frontal circumference Percentile"
        } ],
        "text": "Head Occipital-frontal circumference Percentile"
      },
      "subject": {
        "reference": "urn:uuid:3f82e384-d3fb-52c9-d1f6-718b870c0c1f"
      },
      "encounter": {
        "reference": "urn:uuid:de603fb3-9862-3589-10b4-21185c72cb9d"
      },
      "effectiveDateTime": "2023-08-31T00:36:31+00:00",
      "issued": "2023-08-31T00:36:31.857+00:00",
      "valueQuantity": {
        "value": 3.3200,
        "unit": "%",
        "system": "http://unitsofmeasure.org",
        "code": "%"
      }
    },
    "request": {
      "method": "POST",
      "url": "Observation"
    }
  }, {
    "fullUrl": "urn:uuid:96e48ce6-7b14-b821-dc5c-234f9a16fa82",
    "resource": {
      "resourceType": "Observation",
      "id": "96e48ce6-7b14-b821-dc5c-234f9a16fa82",
      "status": "final",
      "category": {
        "coding": [ {
          "system": "http://hl7.org/fhir/observation-category",
          "code": "vital-signs",
          "display": "vital-signs"
        } ],
        "text": "vital-signs"
      },
      "code": {
        "coding": [ {
          "system": "http://loinc.org",
          "code": "9843-4",
          "display": "Head Occipital-frontal circumference"
        } ],
        "text": "Head Occipital-frontal circumference"
      },
      "subject": {
        "reference": "urn:uuid:3f82e384-d3fb-52c9-d1f6-718b870c0c1f"
      },
      "encounter": {
        "reference": "urn:uuid:de603fb3-9862-3589-10b4-21185c72cb9d"
      },
      "effectiveDateTime": "2023-08-31T00:36:31+00:00",
      "issued": "2023-08-31T00:36:31.857+00:00",
      "valueQuantity": {
        "value": 35.870,
        "unit": "cm",
        "system": "http://unitsofmeasure.org",
        "code": "cm"
      }
    },
    "request": {
      "method": "POST",
      "url": "Observation"
    }
  }, {
    "fullUrl": "urn:uuid:876bdff9-2c6f-4b9d-ed31-c46b0e36ca4d",
    "resource": {
      "resourceType": "Observation",
      "id": "876bdff9-2c6f-4b9d-ed31-c46b0e36ca4d",
      "status": "final",
      "category": {
        "coding": [ {
          "system": "http://hl7.org/fhir/observation-category",
          "code": "vital-signs",
          "display": "vital-signs"
        } ],
        "text": "vital-signs"
      },
      "code": {
        "coding": [ {
          "system": "http://loinc.org",
          "code": "85354-9",
          "display": "Blood pressure panel with all children optional"
        } ],
        "text": "Blood pressure panel with all children optional"
      },
      "subject": {
        "reference": "urn:uuid:3f82e384-d3fb-52c9-d1f6-718b870c0c1f"
      },
      "encounter": {
        "reference": "urn:uuid:de603fb3-9862-3589-10b4-21185c72cb9d"
      },
      "effectiveDateTime": "2023-08-31T00:36:31+00:00",
      "issued": "2023-08-31T00:36:31.857+00:00",
      "component": [ {
        "code": {
          "coding": [ {
            "system": "http://loinc.org",
            "code": "8462-4",
            "display": "Diastolic Blood Pressure"
          } ],
          "text": "Diastolic Blood Pressure"
        },
        "valueQuantity": {
          "value": 86,
          "unit": "mm[Hg]",
          "system": "http://unitsofmeasure.org",
          "code": "mm[Hg]"
        }
      }, {
        "code": {
          "coding": [ {
            "system": "http://loinc.org",
            "code": "8480-6",
            "display": "Systolic Blood Pressure"
          } ],
          "text": "Systolic Blood Pressure"
        },
        "valueQuantity": {
          "value": 131,
          "unit": "mm[Hg]",
          "system": "http://unitsofmeasure.org",
          "code": "mm[Hg]"
        }
      } ]
    },
    "request": {
      "method": "POST",
      "url": "Observation"
    }
  }, {
    "fullUrl": "urn:uuid:b93f837f-4fc0-d502-837f-f263d1115795",
    "resource": {
      "resourceType": "Observation",
      "id": "b93f837f-4fc0-d502-837f-f263d1115795",
      "status": "final",
      "category": {
        "coding": [ {
          "system": "http://hl7.org/fhir/observation-category",
          "code": "vital-signs",
          "display": "vital-signs"
        } ],
        "text": "vital-signs"
      },
      "code": {
        "coding": [ {
          "system": "http://loinc.org",
          "code": "8867-4",
          "display": "Heart rate"
        } ],
        "text": "Heart rate"
      },
      "subject": {
        "reference": "urn:uuid:3f82e384-d3fb-52c9-d1f6-718b870c0c1f"
      },
      "encounter": {
        "reference": "urn:uuid:de603fb3-9862-3589-10b4-21185c72cb9d"
      },
      "effectiveDateTime": "2023-08-31T00:36:31+00:00",
      "issued": "2023-08-31T00:36:31.857+00:00",
      "valueQuantity": {
        "value": 73,
        "unit": "/min",
        "system": "http://unitsofmeasure.org",
        "code": "/min"
      }
    },
    "request": {
      "method": "POST",
      "url": "Observation"
    }
  }, {
    "fullUrl": "urn:uuid:31adfd82-5bbd-512d-b44c-e891076425d0",
    "resource": {
      "resourceType": "Observation",
      "id": "31adfd82-5bbd-512d-b44c-e891076425d0",
      "status": "final",
      "category": {
        "coding": [ {
          "system": "http://hl7.org/fhir/observation-category",
          "code": "vital-signs",
          "display": "vital-signs"
        } ],
        "text": "vital-signs"
      },
      "code": {
        "coding": [ {
          "system": "http://loinc.org",
          "code": "9279-1",
          "display": "Respiratory rate"
        } ],
        "text": "Respiratory rate"
      },
      "subject": {
        "reference": "urn:uuid:3f82e384-d3fb-52c9-d1f6-718b870c0c1f"
      },
      "encounter": {
        "reference": "urn:uuid:de603fb3-9862-3589-10b4-21185c72cb9d"
      },
      "effectiveDateTime": "2023-08-31T00:36:31+00:00",
      "issued": "2023-08-31T00:36:31.857+00:00",
      "valueQuantity": {
        "value": 16,
        "unit": "/min",
        "system": "http://unitsofmeasure.org",
        "code": "/min"
      }
    },
    "request": {
      "method": "POST",
      "url": "Observation"
    }
  }, {
    "fullUrl": "urn:uuid:5559a7ce-d3d4-53b0-4861-2e25cf973a56",
    "resource": {
      "resourceType": "Observation",
      "id": "5559a7ce-d3d4-53b0-4861-2e25cf973a56",
      "status": "final",
      "category": {
        "coding": [ {
          "system": "http://hl7.org/fhir/observation-category",
          "code": "social-history",
          "display": "social-history"
        } ],
        "text": "social-history"
      },
      "code": {
        "coding": [ {
          "system": "http://loinc.org",
          "code": "72166-2",
          "display": "Tobacco smoking status"
        } ],
        "text": "Tobacco smoking status"
      },
      "subject": {
        "reference": "urn:uuid:3f82e384-d3fb-52c9-d1f6-718b870c0c1f"
      },
      "encounter": {
        "reference": "urn:uuid:de603fb3-9862-3589-10b4-21185c72cb9d"
      },
      "effectiveDateTime": "2023-08-31T00:36:31+00:00",
      "issued": "2023-08-31T00:36:31.857+00:00",
      "valueCodeableConcept": {
        "coding": [ {
          "system": "http://snomed.info/sct",
          "code": "266919005",
          "display": "Never smoked tobacco (finding)"
        } ],
        "text": "Never smoked tobacco (finding)"
      }
    },
    "request": {
      "method": "POST",
      "url": "Observation"
    }
  }, {
    "fullUrl": "urn:uuid:2a204bf1-cc43-e556-df5f-42e8ea1f4179",
    "resource": {
      "resourceType": "Immunization",
      "id": "2a204bf1-cc43-e556-df5f-42e8ea1f4179",
      "status": "completed",
      "date": "2023-08-31T00:36:31+00:00",
      "vaccineCode": {
        "coding": [ {
          "system": "http://hl7.org/fhir/sid/cvx",
          "code": "08",
          "display": "Hep B, adolescent or pediatric"
        } ],
        "text": "Hep B, adolescent or pediatric"
      },
      "patient": {
        "reference": "urn:uuid:3f82e384-d3fb-52c9-d1f6-718b870c0c1f"
      },
      "wasNotGiven": false,
      "reported": false,
      "encounter": {
        "reference": "urn:uuid:de603fb3-9862-3589-10b4-21185c72cb9d"
      }
    },
    "request": {
      "method": "POST",
      "url": "Immunization"
    }
  }, {
    "fullUrl": "urn:uuid:a2a49dd6-7c36-d4aa-9d97-3cccc6894476",
    "resource": {
      "resourceType": "Claim",
      "id": "a2a49dd6-7c36-d4aa-9d97-3cccc6894476",
      "type": "institutional",
      "organization": {
        "reference": "Organization?identifier=https://github.com/synthetichealth/synthea|d6c165ec-d9ca-35a5-9bc8-2061cbfb83a2",
        "display": "CHELMSFORD FAMILY PRACTICE, PC"
      },
      "use": "complete",
      "diagnosis": [ {
        "sequence": 1,
        "diagnosis": {
          "system": "http://snomed.info/sct",
          "code": "314529007",
          "display": "Medication review due (situation)"
        }
      } ],
      "patient": {
        "reference": "urn:uuid:3f82e384-d3fb-52c9-d1f6-718b870c0c1f"
      },
      "item": [ {
        "sequence": 1,
        "type": {
          "system": "http://hl7.org/fhir/v3/ActCode",
          "code": "CSINV",
          "display": "clinical service invoice"
        },
        "service": {
          "system": "http://snomed.info/sct",
          "code": "410620009",
          "display": "Well child visit (procedure)"
        }
      }, {
        "sequence": 2,
        "type": {
          "system": "http://hl7.org/fhir/v3/ActCode",
          "code": "CSINV",
          "display": "clinical service invoice"
        },
        "service": {
          "system": "http://hl7.org/fhir/sid/cvx",
          "code": "08",
          "display": "Hep B, adolescent or pediatric"
        },
        "net": {
          "value": 136.00,
          "system": "urn:iso:std:iso:4217",
          "code": "USD"
        }
      } ]
    },
    "request": {
      "method": "POST",
      "url": "Claim"
    }
  }, {
    "fullUrl": "urn:uuid:4d3a52c3-1acf-f68e-f877-8c868c41e1a8",
    "resource": {
      "resourceType": "Encounter",
      "id": "4d3a52c3-1acf-f68e-f877-8c868c41e1a8",
      "status": "finished",
      "class": "ambulatory",
      "type": [ {
        "coding": [ {
          "system": "http://snomed.info/sct",
          "code": "410620009",
          "display": "Well child visit (procedure)"
        } ],
        "text": "Well child visit (procedure)"
      } ],
      "patient": {
        "reference": "urn:uuid:3f82e384-d3fb-52c9-d1f6-718b870c0c1f"
      },
      "participant": [ {
        "individual": {
          "reference": "Practitioner?identifier=http://hl7.org/fhir/sid/us-npi|9999968693",
          "display": "Dr. Stuart913 Lynch190"
        }
      } ],
      "period": {
        "start": "2023-11-02T00:36:31+00:00",
        "end": "2023-11-02T00:51:31+00:00"
      },
      "serviceProvider": {
        "reference": "Organization?identifier=https://github.com/synthetichealth/synthea|d6c165ec-d9ca-35a5-9bc8-2061cbfb83a2",
        "display": "CHELMSFORD FAMILY PRACTICE, PC"
      }
    },
    "request": {
      "method": "POST",
      "url": "Encounter"
    }
  }, {
    "fullUrl": "urn:uuid:90af2dfe-4e01-ad6a-1aaa-1fe85520f9d3",
    "resource": {
      "resourceType": "Observation",
      "id": "90af2dfe-4e01-ad6a-1aaa-1fe85520f9d3",
      "status": "final",
      "category": {
        "coding": [ {
          "system": "http://hl7.org/fhir/observation-category",
          "code": "vital-signs",
          "display": "vital-signs"
        } ],
        "text": "vital-signs"
      },
      "code": {
        "coding": [ {
          "system": "http://loinc.org",
          "code": "8302-2",
          "display": "Body Height"
        } ],
        "text": "Body Height"
      },
      "subject": {
        "reference": "urn:uuid:3f82e384-d3fb-52c9-d1f6-718b870c0c1f"
      },
      "encounter": {
        "reference": "urn:uuid:4d3a52c3-1acf-f68e-f877-8c868c41e1a8"
      },
      "effectiveDateTime": "2023-11-02T00:36:31+00:00",
      "issued": "2023-11-02T00:36:31.857+00:00",
      "valueQuantity": {
        "value": 56.800,
        "unit": "cm",
        "system": "http://unitsofmeasure.org",
        "code": "cm"
      }
    },
    "request": {
      "method": "POST",
      "url": "Observation"
    }
  }, {
    "fullUrl": "urn:uuid:4f027634-dd61-0908-a6fc-053fc91712a5",
    "resource": {
      "resourceType": "Observation",
      "id": "4f027634-dd61-0908-a6fc-053fc91712a5",
      "status": "final",
      "category": {
        "coding": [ {
          "system": "http://hl7.org/fhir/observation-category",
          "code": "vital-signs",
          "display": "vital-signs"
        } ],
        "text": "vital-signs"
      },
      "code": {
        "coding": [ {
          "system": "http://loinc.org",
          "code": "72514-3",
          "display": "Pain severity - 0-10 verbal numeric rating [Score] - Reported"
        } ],
        "text": "Pain severity - 0-10 verbal numeric rating [Score] - Reported"
      },
      "subject": {
        "reference": "urn:uuid:3f82e384-d3fb-52c9-d1f6-718b870c0c1f"
      },
      "encounter": {
        "reference": "urn:uuid:4d3a52c3-1acf-f68e-f877-8c868c41e1a8"
      },
      "effectiveDateTime": "2023-11-02T00:36:31+00:00",
      "issued": "2023-11-02T00:36:31.857+00:00",
      "valueQuantity": {
        "value": 2,
        "unit": "{score}",
        "system": "http://unitsofmeasure.org",
        "code": "{score}"
      }
    },
    "request": {
      "method": "POST",
      "url": "Observation"
    }
  }, {
    "fullUrl": "urn:uuid:44345102-59d0-673e-1df2-72baf1959129",
    "resource": {
      "resourceType": "Observation",
      "id": "44345102-59d0-673e-1df2-72baf1959129",
      "status": "final",
      "category": {
        "coding": [ {
          "system": "http://hl7.org/fhir/observation-category",
          "code": "vital-signs",
          "display": "vital-signs"
        } ],
        "text": "vital-signs"
      },
      "code": {
        "coding": [ {
          "system": "http://loinc.org",
          "code": "29463-7",
          "display": "Body Weight"
        } ],
        "text": "Body Weight"
      },
      "subject": {
        "reference": "urn:uuid:3f82e384-d3fb-52c9-d1f6-718b870c0c1f"
      },
      "encounter": {
        "reference": "urn:uuid:4d3a52c3-1acf-f68e-f877-8c868c41e1a8"
      },
      "effectiveDateTime": "2023-11-02T00:36:31+00:00",
      "issued": "2023-11-02T00:36:31.857+00:00",
      "valueQuantity": {
        "value": 5.3000,
        "unit": "kg",
        "system": "http://unitsofmeasure.org",
        "code": "kg"
      }
    },
    "request": {
      "method": "POST",
      "url": "Observation"
    }
  }, {
    "fullUrl": "urn:uuid:d40002de-ad20-90fe-c404-2d2c9b3cff29",
    "resource": {
      "resourceType": "Observation",
      "id": "d40002de-ad20-90fe-c404-2d2c9b3cff29",
      "status": "final",
      "category": {
        "coding": [ {
          "system": "http://hl7.org/fhir/observation-category",
          "code": "vital-signs",
          "display": "vital-signs"
        } ],
        "text": "vital-signs"
      },
      "code": {
        "coding": [ {
          "system": "http://loinc.org",
          "code": "77606-2",
          "display": "Weight-for-length Per age and sex"
        } ],
        "text": "Weight-for-length Per age and sex"
      },
      "subject": {
        "reference": "urn:uuid:3f82e384-d3fb-52c9-d1f6-718b870c0c1f"
      },
      "encounter": {
        "reference": "urn:uuid:4d3a52c3-1acf-f68e-f877-8c868c41e1a8"
      },
      "effectiveDateTime": "2023-11-02T00:36:31+00:00",
      "issued": "2023-11-02T00:36:31.857+00:00",
      "valueQuantity": {
        "value": 55.165,
        "unit": "%",
        "system": "http://unitsofmeasure.org",
        "code": "%"
      }
    },
    "request": {
      "method": "POST",
      "url": "Observation"
    }
  }, {
    "fullUrl": "urn:uuid:14741e50-9861-95ba-c224-07c0ed47b392",
    "resource": {
      "resourceType": "Observation",
      "id": "14741e50-9861-95ba-c224-07c0ed47b392",
      "status": "final",
      "category": {
        "coding": [ {
          "system": "http://hl7.org/fhir/observation-category",
          "code": "vital-signs",
          "display": "vital-signs"
        } ],
        "text": "vital-signs"
      },
      "code": {
        "coding": [ {
          "system": "http://loinc.org",
          "code": "8289-1",
          "display": "Head Occipital-frontal circumference Percentile"
        } ],
        "text": "Head Occipital-frontal circumference Percentile"
      },
      "subject": {
        "reference": "urn:uuid:3f82e384-d3fb-52c9-d1f6-718b870c0c1f"
      },
      "encounter": {
        "reference": "urn:uuid:4d3a52c3-1acf-f68e-f877-8c868c41e1a8"
      },
      "effectiveDateTime": "2023-11-02T00:36:31+00:00",
      "issued": "2023-11-02T00:36:31.857+00:00",
      "valueQuantity": {
        "value": 3.3200,
        "unit": "%",
        "system": "http://unitsofmeasure.org",
        "code": "%"
      }
    },
    "request": {
      "method": "POST",
      "url": "Observation"
    }
  }, {
    "fullUrl": "urn:uuid:e57477e7-8bcb-f256-a2c9-47ee71e34add",
    "resource": {
      "resourceType": "Observation",
      "id": "e57477e7-8bcb-f256-a2c9-47ee71e34add",
      "status": "final",
      "category": {
        "coding": [ {
          "system": "http://hl7.org/fhir/observation-category",
          "code": "vital-signs",
          "display": "vital-signs"
        } ],
        "text": "vital-signs"
      },
      "code": {
        "coding": [ {
          "system": "http://loinc.org",
          "code": "9843-4",
          "display": "Head Occipital-frontal circumference"
        } ],
        "text": "Head Occipital-frontal circumference"
      },
      "subject": {
        "reference": "urn:uuid:3f82e384-d3fb-52c9-d1f6-718b870c0c1f"
      },
      "encounter": {
        "reference": "urn:uuid:4d3a52c3-1acf-f68e-f877-8c868c41e1a8"
      },
      "effectiveDateTime": "2023-11-02T00:36:31+00:00",
      "issued": "2023-11-02T00:36:31.857+00:00",
      "valueQuantity": {
        "value": 38.970,
        "unit": "cm",
        "system": "http://unitsofmeasure.org",
        "code": "cm"
      }
    },
    "request": {
      "method": "POST",
      "url": "Observation"
    }
  }, {
    "fullUrl": "urn:uuid:4e94a451-7573-a5b6-13db-2c64d80babd8",
    "resource": {
      "resourceType": "Observation",
      "id": "4e94a451-7573-a5b6-13db-2c64d80babd8",
      "status": "final",
      "category": {
        "coding": [ {
          "system": "http://hl7.org/fhir/observation-category",
          "code": "vital-signs",
          "display": "vital-signs"
        } ],
        "text": "vital-signs"
      },
      "code": {
        "coding": [ {
          "system": "http://loinc.org",
          "code": "85354-9",
          "display": "Blood pressure panel with all children optional"
        } ],
        "text": "Blood pressure panel with all children optional"
      },
      "subject": {
        "reference": "urn:uuid:3f82e384-d3fb-52c9-d1f6-718b870c0c1f"
      },
      "encounter": {
        "reference": "urn:uuid:4d3a52c3-1acf-f68e-f877-8c868c41e1a8"
      },
      "effectiveDateTime": "2023-11-02T00:36:31+00:00",
      "issued": "2023-11-02T00:36:31.857+00:00",
      "component": [ {
        "code": {
          "coding": [ {
            "system": "http://loinc.org",
            "code": "8462-4",
            "display": "Diastolic Blood Pressure"
          } ],
          "text": "Diastolic Blood Pressure"
        },
        "valueQuantity": {
          "value": 85,
          "unit": "mm[Hg]",
          "system": "http://unitsofmeasure.org",
          "code": "mm[Hg]"
        }
      }, {
        "code": {
          "coding": [ {
            "system": "http://loinc.org",
            "code": "8480-6",
            "display": "Systolic Blood Pressure"
          } ],
          "text": "Systolic Blood Pressure"
        },
        "valueQuantity": {
          "value": 142,
          "unit": "mm[Hg]",
          "system": "http://unitsofmeasure.org",
          "code": "mm[Hg]"
        }
      } ]
    },
    "request": {
      "method": "POST",
      "url": "Observation"
    }
  }, {
    "fullUrl": "urn:uuid:129aa784-64c5-6fd4-d48a-4a65c426aab3",
    "resource": {
      "resourceType": "Observation",
      "id": "129aa784-64c5-6fd4-d48a-4a65c426aab3",
      "status": "final",
      "category": {
        "coding": [ {
          "system": "http://hl7.org/fhir/observation-category",
          "code": "vital-signs",
          "display": "vital-signs"
        } ],
        "text": "vital-signs"
      },
      "code": {
        "coding": [ {
          "system": "http://loinc.org",
          "code": "8867-4",
          "display": "Heart rate"
        } ],
        "text": "Heart rate"
      },
      "subject": {
        "reference": "urn:uuid:3f82e384-d3fb-52c9-d1f6-718b870c0c1f"
      },
      "encounter": {
        "reference": "urn:uuid:4d3a52c3-1acf-f68e-f877-8c868c41e1a8"
      },
      "effectiveDateTime": "2023-11-02T00:36:31+00:00",
      "issued": "2023-11-02T00:36:31.857+00:00",
      "valueQuantity": {
        "value": 88,
        "unit": "/min",
        "system": "http://unitsofmeasure.org",
        "code": "/min"
      }
    },
    "request": {
      "method": "POST",
      "url": "Observation"
    }
  }, {
    "fullUrl": "urn:uuid:9b77d4b4-86a2-290f-1b79-97aa1d0e21d6",
    "resource": {
      "resourceType": "Observation",
      "id": "9b77d4b4-86a2-290f-1b79-97aa1d0e21d6",
      "status": "final",
      "category": {
        "coding": [ {
          "system": "http://hl7.org/fhir/observation-category",
          "code": "vital-signs",
          "display": "vital-signs"
        } ],
        "text": "vital-signs"
      },
      "code": {
        "coding": [ {
          "system": "http://loinc.org",
          "code": "9279-1",
          "display": "Respiratory rate"
        } ],
        "text": "Respiratory rate"
      },
      "subject": {
        "reference": "urn:uuid:3f82e384-d3fb-52c9-d1f6-718b870c0c1f"
      },
      "encounter": {
        "reference": "urn:uuid:4d3a52c3-1acf-f68e-f877-8c868c41e1a8"
      },
      "effectiveDateTime": "2023-11-02T00:36:31+00:00",
      "issued": "2023-11-02T00:36:31.857+00:00",
      "valueQuantity": {
        "value": 12,
        "unit": "/min",
        "system": "http://unitsofmeasure.org",
        "code": "/min"
      }
    },
    "request": {
      "method": "POST",
      "url": "Observation"
    }
  }, {
    "fullUrl": "urn:uuid:12e4d3af-cc44-6570-cac6-51b4e9b0ee75",
    "resource": {
      "resourceType": "Observation",
      "id": "12e4d3af-cc44-6570-cac6-51b4e9b0ee75",
      "status": "final",
      "category": {
        "coding": [ {
          "system": "http://hl7.org/fhir/observation-category",
          "code": "social-history",
          "display": "social-history"
        } ],
        "text": "social-history"
      },
      "code": {
        "coding": [ {
          "system": "http://loinc.org",
          "code": "72166-2",
          "display": "Tobacco smoking status"
        } ],
        "text": "Tobacco smoking status"
      },
      "subject": {
        "reference": "urn:uuid:3f82e384-d3fb-52c9-d1f6-718b870c0c1f"
      },
      "encounter": {
        "reference": "urn:uuid:4d3a52c3-1acf-f68e-f877-8c868c41e1a8"
      },
      "effectiveDateTime": "2023-11-02T00:36:31+00:00",
      "issued": "2023-11-02T00:36:31.857+00:00",
      "valueCodeableConcept": {
        "coding": [ {
          "system": "http://snomed.info/sct",
          "code": "266919005",
          "display": "Never smoked tobacco (finding)"
        } ],
        "text": "Never smoked tobacco (finding)"
      }
    },
    "request": {
      "method": "POST",
      "url": "Observation"
    }
  }, {
    "fullUrl": "urn:uuid:7735feaa-59e5-04a1-5494-5fe861cc4189",
    "resource": {
      "resourceType": "Immunization",
      "id": "7735feaa-59e5-04a1-5494-5fe861cc4189",
      "status": "completed",
      "date": "2023-11-02T00:36:31+00:00",
      "vaccineCode": {
        "coding": [ {
          "system": "http://hl7.org/fhir/sid/cvx",
          "code": "49",
          "display": "Hib (PRP-OMP)"
        } ],
        "text": "Hib (PRP-OMP)"
      },
      "patient": {
        "reference": "urn:uuid:3f82e384-d3fb-52c9-d1f6-718b870c0c1f"
      },
      "wasNotGiven": false,
      "reported": false,
      "encounter": {
        "reference": "urn:uuid:4d3a52c3-1acf-f68e-f877-8c868c41e1a8"
      }
    },
    "request": {
      "method": "POST",
      "url": "Immunization"
    }
  }, {
    "fullUrl": "urn:uuid:95dbc9df-422d-5617-3f18-8ec58799cfc1",
    "resource": {
      "resourceType": "Immunization",
      "id": "95dbc9df-422d-5617-3f18-8ec58799cfc1",
      "status": "completed",
      "date": "2023-11-02T00:36:31+00:00",
      "vaccineCode": {
        "coding": [ {
          "system": "http://hl7.org/fhir/sid/cvx",
          "code": "119",
          "display": "rotavirus, monovalent"
        } ],
        "text": "rotavirus, monovalent"
      },
      "patient": {
        "reference": "urn:uuid:3f82e384-d3fb-52c9-d1f6-718b870c0c1f"
      },
      "wasNotGiven": false,
      "reported": false,
      "encounter": {
        "reference": "urn:uuid:4d3a52c3-1acf-f68e-f877-8c868c41e1a8"
      }
    },
    "request": {
      "method": "POST",
      "url": "Immunization"
    }
  }, {
    "fullUrl": "urn:uuid:cffc3a1a-431f-3e66-60a9-14777a39d0f0",
    "resource": {
      "resourceType": "Immunization",
      "id": "cffc3a1a-431f-3e66-60a9-14777a39d0f0",
      "status": "completed",
      "date": "2023-11-02T00:36:31+00:00",
      "vaccineCode": {
        "coding": [ {
          "system": "http://hl7.org/fhir/sid/cvx",
          "code": "10",
          "display": "IPV"
        } ],
        "text": "IPV"
      },
      "patient": {
        "reference": "urn:uuid:3f82e384-d3fb-52c9-d1f6-718b870c0c1f"
      },
      "wasNotGiven": false,
      "reported": false,
      "encounter": {
        "reference": "urn:uuid:4d3a52c3-1acf-f68e-f877-8c868c41e1a8"
      }
    },
    "request": {
      "method": "POST",
      "url": "Immunization"
    }
  }, {
    "fullUrl": "urn:uuid:349dbd53-83d0-cf09-9884-5e597e41bc19",
    "resource": {
      "resourceType": "Immunization",
      "id": "349dbd53-83d0-cf09-9884-5e597e41bc19",
      "status": "completed",
      "date": "2023-11-02T00:36:31+00:00",
      "vaccineCode": {
        "coding": [ {
          "system": "http://hl7.org/fhir/sid/cvx",
          "code": "20",
          "display": "DTaP"
        } ],
        "text": "DTaP"
      },
      "patient": {
        "reference": "urn:uuid:3f82e384-d3fb-52c9-d1f6-718b870c0c1f"
      },
      "wasNotGiven": false,
      "reported": false,
      "encounter": {
        "reference": "urn:uuid:4d3a52c3-1acf-f68e-f877-8c868c41e1a8"
      }
    },
    "request": {
      "method": "POST",
      "url": "Immunization"
    }
  }, {
    "fullUrl": "urn:uuid:fd3c556a-cb6b-6fe3-9d61-4daaf5ad8b80",
    "resource": {
      "resourceType": "Immunization",
      "id": "fd3c556a-cb6b-6fe3-9d61-4daaf5ad8b80",
      "status": "completed",
      "date": "2023-11-02T00:36:31+00:00",
      "vaccineCode": {
        "coding": [ {
          "system": "http://hl7.org/fhir/sid/cvx",
          "code": "133",
          "display": "Pneumococcal conjugate PCV 13"
        } ],
        "text": "Pneumococcal conjugate PCV 13"
      },
      "patient": {
        "reference": "urn:uuid:3f82e384-d3fb-52c9-d1f6-718b870c0c1f"
      },
      "wasNotGiven": false,
      "reported": false,
      "encounter": {
        "reference": "urn:uuid:4d3a52c3-1acf-f68e-f877-8c868c41e1a8"
      }
    },
    "request": {
      "method": "POST",
      "url": "Immunization"
    }
  }, {
    "fullUrl": "urn:uuid:ed792ea8-9bc0-0ecb-fb69-94ee773782af",
    "resource": {
      "resourceType": "Claim",
      "id": "ed792ea8-9bc0-0ecb-fb69-94ee773782af",
      "type": "institutional",
      "organization": {
        "reference": "Organization?identifier=https://github.com/synthetichealth/synthea|d6c165ec-d9ca-35a5-9bc8-2061cbfb83a2",
        "display": "CHELMSFORD FAMILY PRACTICE, PC"
      },
      "use": "complete",
      "patient": {
        "reference": "urn:uuid:3f82e384-d3fb-52c9-d1f6-718b870c0c1f"
      },
      "item": [ {
        "sequence": 1,
        "type": {
          "system": "http://hl7.org/fhir/v3/ActCode",
          "code": "CSINV",
          "display": "clinical service invoice"
        },
        "service": {
          "system": "http://snomed.info/sct",
          "code": "410620009",
          "display": "Well child visit (procedure)"
        }
      }, {
        "sequence": 2,
        "type": {
          "system": "http://hl7.org/fhir/v3/ActCode",
          "code": "CSINV",
          "display": "clinical service invoice"
        },
        "service": {
          "system": "http://hl7.org/fhir/sid/cvx",
          "code": "49",
          "display": "Hib (PRP-OMP)"
        },
        "net": {
          "value": 136.00,
          "system": "urn:iso:std:iso:4217",
          "code": "USD"
        }
      }, {
        "sequence": 3,
        "type": {
          "system": "http://hl7.org/fhir/v3/ActCode",
          "code": "CSINV",
          "display": "clinical service invoice"
        },
        "service": {
          "system": "http://hl7.org/fhir/sid/cvx",
          "code": "119",
          "display": "rotavirus, monovalent"
        },
        "net": {
          "value": 136.00,
          "system": "urn:iso:std:iso:4217",
          "code": "USD"
        }
      }, {
        "sequence": 4,
        "type": {
          "system": "http://hl7.org/fhir/v3/ActCode",
          "code": "CSINV",
          "display": "clinical service invoice"
        },
        "service": {
          "system": "http://hl7.org/fhir/sid/cvx",
          "code": "10",
          "display": "IPV"
        },
        "net": {
          "value": 136.00,
          "system": "urn:iso:std:iso:4217",
          "code": "USD"
        }
      }, {
        "sequence": 5,
        "type": {
          "system": "http://hl7.org/fhir/v3/ActCode",
          "code": "CSINV",
          "display": "clinical service invoice"
        },
        "service": {
          "system": "http://hl7.org/fhir/sid/cvx",
          "code": "20",
          "display": "DTaP"
        },
        "net": {
          "value": 136.00,
          "system": "urn:iso:std:iso:4217",
          "code": "USD"
        }
      }, {
        "sequence": 6,
        "type": {
          "system": "http://hl7.org/fhir/v3/ActCode",
          "code": "CSINV",
          "display": "clinical service invoice"
        },
        "service": {
          "system": "http://hl7.org/fhir/sid/cvx",
          "code": "133",
          "display": "Pneumococcal conjugate PCV 13"
        },
        "net": {
          "value": 136.00,
          "system": "urn:iso:std:iso:4217",
          "code": "USD"
        }
      } ]
    },
    "request": {
      "method": "POST",
      "url": "Claim"
    }
  }, {
    "fullUrl": "urn:uuid:f28fa5c8-4e46-215c-7952-b859ccce590e",
    "resource": {
      "resourceType": "Encounter",
      "id": "f28fa5c8-4e46-215c-7952-b859ccce590e",
      "status": "finished",
      "class": "ambulatory",
      "type": [ {
        "coding": [ {
          "system": "http://snomed.info/sct",
          "code": "410620009",
          "display": "Well child visit (procedure)"
        } ],
        "text": "Well child visit (procedure)"
      } ],
      "patient": {
        "reference": "urn:uuid:3f82e384-d3fb-52c9-d1f6-718b870c0c1f"
      },
      "participant": [ {
        "individual": {
          "reference": "Practitioner?identifier=http://hl7.org/fhir/sid/us-npi|9999968693",
          "display": "Dr. Stuart913 Lynch190"
        }
      } ],
      "period": {
        "start": "2024-01-04T00:36:31+00:00",
        "end": "2024-01-04T00:51:31+00:00"
      },
      "serviceProvider": {
        "reference": "Organization?identifier=https://github.com/synthetichealth/synthea|d6c165ec-d9ca-35a5-9bc8-2061cbfb83a2",
        "display": "CHELMSFORD FAMILY PRACTICE, PC"
      }
    },
    "request": {
      "method": "POST",
      "url": "Encounter"
    }
  }, {
    "fullUrl": "urn:uuid:d0db5479-eca9-2b71-37a7-010f6737d4c4",
    "resource": {
      "resourceType": "Observation",
      "id": "d0db5479-eca9-2b71-37a7-010f6737d4c4",
      "status": "final",
      "category": {
        "coding": [ {
          "system": "http://hl7.org/fhir/observation-category",
          "code": "vital-signs",
          "display": "vital-signs"
        } ],
        "text": "vital-signs"
      },
      "code": {
        "coding": [ {
          "system": "http://loinc.org",
          "code": "8302-2",
          "display": "Body Height"
        } ],
        "text": "Body Height"
      },
      "subject": {
        "reference": "urn:uuid:3f82e384-d3fb-52c9-d1f6-718b870c0c1f"
      },
      "encounter": {
        "reference": "urn:uuid:f28fa5c8-4e46-215c-7952-b859ccce590e"
      },
      "effectiveDateTime": "2024-01-04T00:36:31+00:00",
      "issued": "2024-01-04T00:36:31.857+00:00",
      "valueQuantity": {
        "value": 60.700,
        "unit": "cm",
        "system": "http://unitsofmeasure.org",
        "code": "cm"
      }
    },
    "request": {
      "method": "POST",
      "url": "Observation"
    }
  }, {
    "fullUrl": "urn:uuid:9ad769b8-5a38-bdb5-6010-6e7aa896af88",
    "resource": {
      "resourceType": "Observation",
      "id": "9ad769b8-5a38-bdb5-6010-6e7aa896af88",
      "status": "final",
      "category": {
        "coding": [ {
          "system": "http://hl7.org/fhir/observation-category",
          "code": "vital-signs",
          "display": "vital-signs"
        } ],
        "text": "vital-signs"
      },
      "code": {
        "coding": [ {
          "system": "http://loinc.org",
          "code": "72514-3",
          "display": "Pain severity - 0-10 verbal numeric rating [Score] - Reported"
        } ],
        "text": "Pain severity - 0-10 verbal numeric rating [Score] - Reported"
      },
      "subject": {
        "reference": "urn:uuid:3f82e384-d3fb-52c9-d1f6-718b870c0c1f"
      },
      "encounter": {
        "reference": "urn:uuid:f28fa5c8-4e46-215c-7952-b859ccce590e"
      },
      "effectiveDateTime": "2024-01-04T00:36:31+00:00",
      "issued": "2024-01-04T00:36:31.857+00:00",
      "valueQuantity": {
        "value": 1,
        "unit": "{score}",
        "system": "http://unitsofmeasure.org",
        "code": "{score}"
      }
    },
    "request": {
      "method": "POST",
      "url": "Observation"
    }
  }, {
    "fullUrl": "urn:uuid:786959c0-1d74-b056-8803-b2f78588eea0",
    "resource": {
      "resourceType": "Observation",
      "id": "786959c0-1d74-b056-8803-b2f78588eea0",
      "status": "final",
      "category": {
        "coding": [ {
          "system": "http://hl7.org/fhir/observation-category",
          "code": "vital-signs",
          "display": "vital-signs"
        } ],
        "text": "vital-signs"
      },
      "code": {
        "coding": [ {
          "system": "http://loinc.org",
          "code": "29463-7",
          "display": "Body Weight"
        } ],
        "text": "Body Weight"
      },
      "subject": {
        "reference": "urn:uuid:3f82e384-d3fb-52c9-d1f6-718b870c0c1f"
      },
      "encounter": {
        "reference": "urn:uuid:f28fa5c8-4e46-215c-7952-b859ccce590e"
      },
      "effectiveDateTime": "2024-01-04T00:36:31+00:00",
      "issued": "2024-01-04T00:36:31.857+00:00",
      "valueQuantity": {
        "value": 6.5,
        "unit": "kg",
        "system": "http://unitsofmeasure.org",
        "code": "kg"
      }
    },
    "request": {
      "method": "POST",
      "url": "Observation"
    }
  }, {
    "fullUrl": "urn:uuid:2d06ca50-8719-3cb2-bbbe-57d129db0753",
    "resource": {
      "resourceType": "Observation",
      "id": "2d06ca50-8719-3cb2-bbbe-57d129db0753",
      "status": "final",
      "category": {
        "coding": [ {
          "system": "http://hl7.org/fhir/observation-category",
          "code": "vital-signs",
          "display": "vital-signs"
        } ],
        "text": "vital-signs"
      },
      "code": {
        "coding": [ {
          "system": "http://loinc.org",
          "code": "77606-2",
          "display": "Weight-for-length Per age and sex"
        } ],
        "text": "Weight-for-length Per age and sex"
      },
      "subject": {
        "reference": "urn:uuid:3f82e384-d3fb-52c9-d1f6-718b870c0c1f"
      },
      "encounter": {
        "reference": "urn:uuid:f28fa5c8-4e46-215c-7952-b859ccce590e"
      },
      "effectiveDateTime": "2024-01-04T00:36:31+00:00",
      "issued": "2024-01-04T00:36:31.857+00:00",
      "valueQuantity": {
        "value": 65.537,
        "unit": "%",
        "system": "http://unitsofmeasure.org",
        "code": "%"
      }
    },
    "request": {
      "method": "POST",
      "url": "Observation"
    }
  }, {
    "fullUrl": "urn:uuid:58dc7434-413e-506b-b41d-928b45a52e77",
    "resource": {
      "resourceType": "Observation",
      "id": "58dc7434-413e-506b-b41d-928b45a52e77",
      "status": "final",
      "category": {
        "coding": [ {
          "system": "http://hl7.org/fhir/observation-category",
          "code": "vital-signs",
          "display": "vital-signs"
        } ],
        "text": "vital-signs"
      },
      "code": {
        "coding": [ {
          "system": "http://loinc.org",
          "code": "8289-1",
          "display": "Head Occipital-frontal circumference Percentile"
        } ],
        "text": "Head Occipital-frontal circumference Percentile"
      },
      "subject": {
        "reference": "urn:uuid:3f82e384-d3fb-52c9-d1f6-718b870c0c1f"
      },
      "encounter": {
        "reference": "urn:uuid:f28fa5c8-4e46-215c-7952-b859ccce590e"
      },
      "effectiveDateTime": "2024-01-04T00:36:31+00:00",
      "issued": "2024-01-04T00:36:31.857+00:00",
      "valueQuantity": {
        "value": 3.3200,
        "unit": "%",
        "system": "http://unitsofmeasure.org",
        "code": "%"
      }
    },
    "request": {
      "method": "POST",
      "url": "Observation"
    }
  }, {
    "fullUrl": "urn:uuid:b885ffbb-37ad-72c7-6032-153d0b503bcd",
    "resource": {
      "resourceType": "Observation",
      "id": "b885ffbb-37ad-72c7-6032-153d0b503bcd",
      "status": "final",
      "category": {
        "coding": [ {
          "system": "http://hl7.org/fhir/observation-category",
          "code": "vital-signs",
          "display": "vital-signs"
        } ],
        "text": "vital-signs"
      },
      "code": {
        "coding": [ {
          "system": "http://loinc.org",
          "code": "9843-4",
          "display": "Head Occipital-frontal circumference"
        } ],
        "text": "Head Occipital-frontal circumference"
      },
      "subject": {
        "reference": "urn:uuid:3f82e384-d3fb-52c9-d1f6-718b870c0c1f"
      },
      "encounter": {
        "reference": "urn:uuid:f28fa5c8-4e46-215c-7952-b859ccce590e"
      },
      "effectiveDateTime": "2024-01-04T00:36:31+00:00",
      "issued": "2024-01-04T00:36:31.857+00:00",
      "valueQuantity": {
        "value": 40.880,
        "unit": "cm",
        "system": "http://unitsofmeasure.org",
        "code": "cm"
      }
    },
    "request": {
      "method": "POST",
      "url": "Observation"
    }
  }, {
    "fullUrl": "urn:uuid:d36cb4de-b231-3c21-6239-ec3cde402d96",
    "resource": {
      "resourceType": "Observation",
      "id": "d36cb4de-b231-3c21-6239-ec3cde402d96",
      "status": "final",
      "category": {
        "coding": [ {
          "system": "http://hl7.org/fhir/observation-category",
          "code": "vital-signs",
          "display": "vital-signs"
        } ],
        "text": "vital-signs"
      },
      "code": {
        "coding": [ {
          "system": "http://loinc.org",
          "code": "85354-9",
          "display": "Blood pressure panel with all children optional"
        } ],
        "text": "Blood pressure panel with all children optional"
      },
      "subject": {
        "reference": "urn:uuid:3f82e384-d3fb-52c9-d1f6-718b870c0c1f"
      },
      "encounter": {
        "reference": "urn:uuid:f28fa5c8-4e46-215c-7952-b859ccce590e"
      },
      "effectiveDateTime": "2024-01-04T00:36:31+00:00",
      "issued": "2024-01-04T00:36:31.857+00:00",
      "component": [ {
        "code": {
          "coding": [ {
            "system": "http://loinc.org",
            "code": "8462-4",
            "display": "Diastolic Blood Pressure"
          } ],
          "text": "Diastolic Blood Pressure"
        },
        "valueQuantity": {
          "value": 86,
          "unit": "mm[Hg]",
          "system": "http://unitsofmeasure.org",
          "code": "mm[Hg]"
        }
      }, {
        "code": {
          "coding": [ {
            "system": "http://loinc.org",
            "code": "8480-6",
            "display": "Systolic Blood Pressure"
          } ],
          "text": "Systolic Blood Pressure"
        },
        "valueQuantity": {
          "value": 128,
          "unit": "mm[Hg]",
          "system": "http://unitsofmeasure.org",
          "code": "mm[Hg]"
        }
      } ]
    },
    "request": {
      "method": "POST",
      "url": "Observation"
    }
  }, {
    "fullUrl": "urn:uuid:36332902-e6ac-82ea-42ab-35d2edc920af",
    "resource": {
      "resourceType": "Observation",
      "id": "36332902-e6ac-82ea-42ab-35d2edc920af",
      "status": "final",
      "category": {
        "coding": [ {
          "system": "http://hl7.org/fhir/observation-category",
          "code": "vital-signs",
          "display": "vital-signs"
        } ],
        "text": "vital-signs"
      },
      "code": {
        "coding": [ {
          "system": "http://loinc.org",
          "code": "8867-4",
          "display": "Heart rate"
        } ],
        "text": "Heart rate"
      },
      "subject": {
        "reference": "urn:uuid:3f82e384-d3fb-52c9-d1f6-718b870c0c1f"
      },
      "encounter": {
        "reference": "urn:uuid:f28fa5c8-4e46-215c-7952-b859ccce590e"
      },
      "effectiveDateTime": "2024-01-04T00:36:31+00:00",
      "issued": "2024-01-04T00:36:31.857+00:00",
      "valueQuantity": {
        "value": 86,
        "unit": "/min",
        "system": "http://unitsofmeasure.org",
        "code": "/min"
      }
    },
    "request": {
      "method": "POST",
      "url": "Observation"
    }
  }, {
    "fullUrl": "urn:uuid:020b8171-750f-cd36-24da-31bd941f27e0",
    "resource": {
      "resourceType": "Observation",
      "id": "020b8171-750f-cd36-24da-31bd941f27e0",
      "status": "final",
      "category": {
        "coding": [ {
          "system": "http://hl7.org/fhir/observation-category",
          "code": "vital-signs",
          "display": "vital-signs"
        } ],
        "text": "vital-signs"
      },
      "code": {
        "coding": [ {
          "system": "http://loinc.org",
          "code": "9279-1",
          "display": "Respiratory rate"
        } ],
        "text": "Respiratory rate"
      },
      "subject": {
        "reference": "urn:uuid:3f82e384-d3fb-52c9-d1f6-718b870c0c1f"
      },
      "encounter": {
        "reference": "urn:uuid:f28fa5c8-4e46-215c-7952-b859ccce590e"
      },
      "effectiveDateTime": "2024-01-04T00:36:31+00:00",
      "issued": "2024-01-04T00:36:31.857+00:00",
      "valueQuantity": {
        "value": 13,
        "unit": "/min",
        "system": "http://unitsofmeasure.org",
        "code": "/min"
      }
    },
    "request": {
      "method": "POST",
      "url": "Observation"
    }
  }, {
    "fullUrl": "urn:uuid:27c9ee4a-cb5a-121b-cfbd-1af579867541",
    "resource": {
      "resourceType": "Observation",
      "id": "27c9ee4a-cb5a-121b-cfbd-1af579867541",
      "status": "final",
      "category": {
        "coding": [ {
          "system": "http://hl7.org/fhir/observation-category",
          "code": "social-history",
          "display": "social-history"
        } ],
        "text": "social-history"
      },
      "code": {
        "coding": [ {
          "system": "http://loinc.org",
          "code": "72166-2",
          "display": "Tobacco smoking status"
        } ],
        "text": "Tobacco smoking status"
      },
      "subject": {
        "reference": "urn:uuid:3f82e384-d3fb-52c9-d1f6-718b870c0c1f"
      },
      "encounter": {
        "reference": "urn:uuid:f28fa5c8-4e46-215c-7952-b859ccce590e"
      },
      "effectiveDateTime": "2024-01-04T00:36:31+00:00",
      "issued": "2024-01-04T00:36:31.857+00:00",
      "valueCodeableConcept": {
        "coding": [ {
          "system": "http://snomed.info/sct",
          "code": "266919005",
          "display": "Never smoked tobacco (finding)"
        } ],
        "text": "Never smoked tobacco (finding)"
      }
    },
    "request": {
      "method": "POST",
      "url": "Observation"
    }
  }, {
    "fullUrl": "urn:uuid:55c80f59-c1cb-b1cb-eaa4-2c9b83ca603c",
    "resource": {
      "resourceType": "Procedure",
      "id": "55c80f59-c1cb-b1cb-eaa4-2c9b83ca603c",
      "subject": {
        "reference": "urn:uuid:3f82e384-d3fb-52c9-d1f6-718b870c0c1f"
      },
      "status": "completed",
      "code": {
        "coding": [ {
          "system": "http://snomed.info/sct",
          "code": "430193006",
          "display": "Medication Reconciliation (procedure)"
        } ],
        "text": "Medication Reconciliation (procedure)"
      },
      "performedPeriod": {
        "start": "2024-01-04T00:36:31+00:00",
        "end": "2024-01-04T00:51:31+00:00"
      },
      "encounter": {
        "reference": "urn:uuid:f28fa5c8-4e46-215c-7952-b859ccce590e"
      }
    },
    "request": {
      "method": "POST",
      "url": "Procedure"
    }
  }, {
    "fullUrl": "urn:uuid:e04ce439-b753-a938-66e1-21440c022670",
    "resource": {
      "resourceType": "Immunization",
      "id": "e04ce439-b753-a938-66e1-21440c022670",
      "status": "completed",
      "date": "2024-01-04T00:36:31+00:00",
      "vaccineCode": {
        "coding": [ {
          "system": "http://hl7.org/fhir/sid/cvx",
          "code": "49",
          "display": "Hib (PRP-OMP)"
        } ],
        "text": "Hib (PRP-OMP)"
      },
      "patient": {
        "reference": "urn:uuid:3f82e384-d3fb-52c9-d1f6-718b870c0c1f"
      },
      "wasNotGiven": false,
      "reported": false,
      "encounter": {
        "reference": "urn:uuid:f28fa5c8-4e46-215c-7952-b859ccce590e"
      }
    },
    "request": {
      "method": "POST",
      "url": "Immunization"
    }
  }, {
    "fullUrl": "urn:uuid:3992bd7f-4932-d6b5-a49f-8bb75d15bd2c",
    "resource": {
      "resourceType": "Immunization",
      "id": "3992bd7f-4932-d6b5-a49f-8bb75d15bd2c",
      "status": "completed",
      "date": "2024-01-04T00:36:31+00:00",
      "vaccineCode": {
        "coding": [ {
          "system": "http://hl7.org/fhir/sid/cvx",
          "code": "119",
          "display": "rotavirus, monovalent"
        } ],
        "text": "rotavirus, monovalent"
      },
      "patient": {
        "reference": "urn:uuid:3f82e384-d3fb-52c9-d1f6-718b870c0c1f"
      },
      "wasNotGiven": false,
      "reported": false,
      "encounter": {
        "reference": "urn:uuid:f28fa5c8-4e46-215c-7952-b859ccce590e"
      }
    },
    "request": {
      "method": "POST",
      "url": "Immunization"
    }
  }, {
    "fullUrl": "urn:uuid:4dcf7ac7-70bb-59b7-e1b5-f92086e616b6",
    "resource": {
      "resourceType": "Immunization",
      "id": "4dcf7ac7-70bb-59b7-e1b5-f92086e616b6",
      "status": "completed",
      "date": "2024-01-04T00:36:31+00:00",
      "vaccineCode": {
        "coding": [ {
          "system": "http://hl7.org/fhir/sid/cvx",
          "code": "10",
          "display": "IPV"
        } ],
        "text": "IPV"
      },
      "patient": {
        "reference": "urn:uuid:3f82e384-d3fb-52c9-d1f6-718b870c0c1f"
      },
      "wasNotGiven": false,
      "reported": false,
      "encounter": {
        "reference": "urn:uuid:f28fa5c8-4e46-215c-7952-b859ccce590e"
      }
    },
    "request": {
      "method": "POST",
      "url": "Immunization"
    }
  }, {
    "fullUrl": "urn:uuid:7de332e9-4706-0c8e-e25f-9f8a97cb51ac",
    "resource": {
      "resourceType": "Immunization",
      "id": "7de332e9-4706-0c8e-e25f-9f8a97cb51ac",
      "status": "completed",
      "date": "2024-01-04T00:36:31+00:00",
      "vaccineCode": {
        "coding": [ {
          "system": "http://hl7.org/fhir/sid/cvx",
          "code": "20",
          "display": "DTaP"
        } ],
        "text": "DTaP"
      },
      "patient": {
        "reference": "urn:uuid:3f82e384-d3fb-52c9-d1f6-718b870c0c1f"
      },
      "wasNotGiven": false,
      "reported": false,
      "encounter": {
        "reference": "urn:uuid:f28fa5c8-4e46-215c-7952-b859ccce590e"
      }
    },
    "request": {
      "method": "POST",
      "url": "Immunization"
    }
  }, {
    "fullUrl": "urn:uuid:291ce1f0-75d5-1f21-349f-d6bd6b61a505",
    "resource": {
      "resourceType": "Immunization",
      "id": "291ce1f0-75d5-1f21-349f-d6bd6b61a505",
      "status": "completed",
      "date": "2024-01-04T00:36:31+00:00",
      "vaccineCode": {
        "coding": [ {
          "system": "http://hl7.org/fhir/sid/cvx",
          "code": "133",
          "display": "Pneumococcal conjugate PCV 13"
        } ],
        "text": "Pneumococcal conjugate PCV 13"
      },
      "patient": {
        "reference": "urn:uuid:3f82e384-d3fb-52c9-d1f6-718b870c0c1f"
      },
      "wasNotGiven": false,
      "reported": false,
      "encounter": {
        "reference": "urn:uuid:f28fa5c8-4e46-215c-7952-b859ccce590e"
      }
    },
    "request": {
      "method": "POST",
      "url": "Immunization"
    }
  }, {
    "fullUrl": "urn:uuid:da5ef8c0-a8c9-9275-46dc-3176b2ce25fd",
    "resource": {
      "resourceType": "Claim",
      "id": "da5ef8c0-a8c9-9275-46dc-3176b2ce25fd",
      "type": "institutional",
      "organization": {
        "reference": "Organization?identifier=https://github.com/synthetichealth/synthea|d6c165ec-d9ca-35a5-9bc8-2061cbfb83a2",
        "display": "CHELMSFORD FAMILY PRACTICE, PC"
      },
      "use": "complete",
      "patient": {
        "reference": "urn:uuid:3f82e384-d3fb-52c9-d1f6-718b870c0c1f"
      },
      "item": [ {
        "sequence": 1,
        "type": {
          "system": "http://hl7.org/fhir/v3/ActCode",
          "code": "CSINV",
          "display": "clinical service invoice"
        },
        "service": {
          "system": "http://snomed.info/sct",
          "code": "410620009",
          "display": "Well child visit (procedure)"
        }
      }, {
        "sequence": 2,
        "type": {
          "system": "http://hl7.org/fhir/v3/ActCode",
          "code": "CSINV",
          "display": "clinical service invoice"
        },
        "service": {
          "system": "http://hl7.org/fhir/sid/cvx",
          "code": "49",
          "display": "Hib (PRP-OMP)"
        },
        "net": {
          "value": 136.00,
          "system": "urn:iso:std:iso:4217",
          "code": "USD"
        }
      }, {
        "sequence": 3,
        "type": {
          "system": "http://hl7.org/fhir/v3/ActCode",
          "code": "CSINV",
          "display": "clinical service invoice"
        },
        "service": {
          "system": "http://hl7.org/fhir/sid/cvx",
          "code": "119",
          "display": "rotavirus, monovalent"
        },
        "net": {
          "value": 136.00,
          "system": "urn:iso:std:iso:4217",
          "code": "USD"
        }
      }, {
        "sequence": 4,
        "type": {
          "system": "http://hl7.org/fhir/v3/ActCode",
          "code": "CSINV",
          "display": "clinical service invoice"
        },
        "service": {
          "system": "http://hl7.org/fhir/sid/cvx",
          "code": "10",
          "display": "IPV"
        },
        "net": {
          "value": 136.00,
          "system": "urn:iso:std:iso:4217",
          "code": "USD"
        }
      }, {
        "sequence": 5,
        "type": {
          "system": "http://hl7.org/fhir/v3/ActCode",
          "code": "CSINV",
          "display": "clinical service invoice"
        },
        "service": {
          "system": "http://hl7.org/fhir/sid/cvx",
          "code": "20",
          "display": "DTaP"
        },
        "net": {
          "value": 136.00,
          "system": "urn:iso:std:iso:4217",
          "code": "USD"
        }
      }, {
        "sequence": 6,
        "type": {
          "system": "http://hl7.org/fhir/v3/ActCode",
          "code": "CSINV",
          "display": "clinical service invoice"
        },
        "service": {
          "system": "http://hl7.org/fhir/sid/cvx",
          "code": "133",
          "display": "Pneumococcal conjugate PCV 13"
        },
        "net": {
          "value": 136.00,
          "system": "urn:iso:std:iso:4217",
          "code": "USD"
        }
      }, {
        "sequence": 7,
        "type": {
          "system": "http://hl7.org/fhir/v3/ActCode",
          "code": "CSINV",
          "display": "clinical service invoice"
        },
        "service": {
          "system": "http://snomed.info/sct",
          "code": "430193006",
          "display": "Medication Reconciliation (procedure)"
        },
        "net": {
          "value": 284.07,
          "system": "urn:iso:std:iso:4217",
          "code": "USD"
        }
      } ]
    },
    "request": {
      "method": "POST",
      "url": "Claim"
    }
  } ]
}
