{
  "resourceType": "Bundle",
  "type": "transaction",
  "entry": [ {
    "fullUrl": "urn:uuid:7ea36ddf-f8d5-61dd-4f95-3f9f9418eab5",
    "resource": {
      "resourceType": "Patient",
      "id": "7ea36ddf-f8d5-61dd-4f95-3f9f9418eab5",
      "text": {
        "status": "generated",
        "div": "<div xmlns=\"http://www.w3.org/1999/xhtml\">Generated by <a href=\"https://github.com/synthetichealth/synthea\">Synthea</a>.Version identifier: babc338\n .   Person seed: 772602259005525510  Population seed: 1745352685313</div>"
      },
      "extension": [ {
        "url": "http://hl7.org/fhir/StructureDefinition/us-core-race",
        "valueCodeableConcept": {
          "coding": [ {
            "system": "http://hl7.org/fhir/v3/Race",
            "code": "2106-3",
            "display": "White"
          } ],
          "text": "White"
        }
      }, {
        "url": "http://hl7.org/fhir/StructureDefinition/us-core-ethnicity",
        "valueCodeableConcept": {
          "coding": [ {
            "system": "http://hl7.org/fhir/v3/Ethnicity",
            "code": "2186-5",
            "display": "Not Hispanic or Latino"
          } ],
          "text": "Not Hispanic or Latino"
        }
      }, {
        "url": "http://hl7.org/fhir/StructureDefinition/patient-mothersMaidenName",
        "valueString": "Venessa867 Bashirian201"
      }, {
        "url": "http://hl7.org/fhir/us/core/StructureDefinition/us-core-birthsex",
        "valueCode": "F"
      }, {
        "url": "http://hl7.org/fhir/StructureDefinition/birthPlace",
        "valueAddress": {
          "city": "Waltham",
          "state": "Massachusetts",
          "country": "US"
        }
      }, {
        "url": "http://synthetichealth.github.io/synthea/disability-adjusted-life-years",
        "valueDecimal": 0.0
      }, {
        "url": "http://synthetichealth.github.io/synthea/quality-adjusted-life-years",
        "valueDecimal": 0.0
      } ],
      "identifier": [ {
        "system": "https://github.com/synthetichealth/synthea",
        "value": "7ea36ddf-f8d5-61dd-4f95-3f9f9418eab5"
      }, {
        "type": {
          "coding": [ {
            "system": "http://hl7.org/fhir/v2/0203",
            "code": "MR"
          } ]
        },
        "system": "http://hospital.smarthealthit.org",
        "value": "7ea36ddf-f8d5-61dd-4f95-3f9f9418eab5"
      }, {
        "type": {
          "coding": [ {
            "system": "http://hl7.org/fhir/identifier-type",
            "code": "SB"
          } ]
        },
        "system": "http://hl7.org/fhir/sid/us-ssn",
        "value": "999-43-9276"
      } ],
      "name": [ {
        "use": "official",
        "family": [ "Schamberger479" ],
        "given": [ "Lavonne167" ]
      } ],
      "telecom": [ {
        "system": "phone",
        "value": "555-845-4029",
        "use": "home"
      } ],
      "gender": "female",
      "birthDate": "2025-02-18",
      "address": [ {
        "extension": [ {
          "url": "http://hl7.org/fhir/StructureDefinition/geolocation",
          "extension": [ {
            "url": "latitude",
            "valueDecimal": 42.45378781203993
          }, {
            "url": "longitude",
            "valueDecimal": -71.08039558636287
          } ]
        } ],
        "line": [ "738 Bartell Dale" ],
        "city": "Malden",
        "state": "Massachusetts",
        "postalCode": "02148",
        "country": "US"
      } ],
      "maritalStatus": {
        "coding": [ {
          "system": "http://hl7.org/fhir/v3/MaritalStatus",
          "code": "S"
        } ]
      },
      "multipleBirthBoolean": false,
      "communication": [ {
        "language": {
          "coding": [ {
            "system": "urn:ietf:bcp:47",
            "code": "en-US",
            "display": "English (United States)"
          } ],
          "text": "English (United States)"
        }
      } ]
    },
    "request": {
      "method": "POST",
      "url": "Patient"
    }
  }, {
    "fullUrl": "urn:uuid:eb22681a-88cc-4a38-463d-337552647690",
    "resource": {
      "resourceType": "Encounter",
      "id": "eb22681a-88cc-4a38-463d-337552647690",
      "status": "finished",
      "class": "ambulatory",
      "type": [ {
        "coding": [ {
          "system": "http://snomed.info/sct",
          "code": "410620009",
          "display": "Well child visit (procedure)"
        } ],
        "text": "Well child visit (procedure)"
      } ],
      "patient": {
        "reference": "urn:uuid:7ea36ddf-f8d5-61dd-4f95-3f9f9418eab5"
      },
      "participant": [ {
        "individual": {
          "reference": "Practitioner?identifier=http://hl7.org/fhir/sid/us-npi|9999956292",
          "display": "Dr. Georgianne697 Howe413"
        }
      } ],
      "period": {
        "start": "2025-02-18T07:43:05+00:00",
        "end": "2025-02-18T07:58:05+00:00"
      },
      "serviceProvider": {
        "reference": "Organization?identifier=https://github.com/synthetichealth/synthea|ad82d624-72eb-3c7d-a76d-79f2668d1390",
        "display": "WOODLAND INTERNISTS, P.C."
      }
    },
    "request": {
      "method": "POST",
      "url": "Encounter"
    }
  }, {
    "fullUrl": "urn:uuid:6d222857-98dc-35f9-029c-097554f3da33",
    "resource": {
      "resourceType": "Condition",
      "id": "6d222857-98dc-35f9-029c-097554f3da33",
      "patient": {
        "reference": "urn:uuid:7ea36ddf-f8d5-61dd-4f95-3f9f9418eab5"
      },
      "encounter": {
        "reference": "urn:uuid:eb22681a-88cc-4a38-463d-337552647690"
      },
      "dateRecorded": "2025-02-18",
      "code": {
        "coding": [ {
          "system": "http://snomed.info/sct",
          "code": "314529007",
          "display": "Medication review due (situation)"
        } ],
        "text": "Medication review due (situation)"
      },
      "category": {
        "coding": [ {
          "system": "http://hl7.org/fhir/condition-category",
          "code": "diagnosis"
        } ]
      },
      "clinicalStatus": "active",
      "verificationStatus": "confirmed",
      "onsetDateTime": "2025-02-18T07:43:05+00:00"
    },
    "request": {
      "method": "POST",
      "url": "Condition"
    }
  }, {
    "fullUrl": "urn:uuid:c4e526bc-54c3-9f2d-4070-652a0e564cc4",
    "resource": {
      "resourceType": "Observation",
      "id": "c4e526bc-54c3-9f2d-4070-652a0e564cc4",
      "status": "final",
      "category": {
        "coding": [ {
          "system": "http://hl7.org/fhir/observation-category",
          "code": "vital-signs",
          "display": "vital-signs"
        } ],
        "text": "vital-signs"
      },
      "code": {
        "coding": [ {
          "system": "http://loinc.org",
          "code": "8302-2",
          "display": "Body Height"
        } ],
        "text": "Body Height"
      },
      "subject": {
        "reference": "urn:uuid:7ea36ddf-f8d5-61dd-4f95-3f9f9418eab5"
      },
      "encounter": {
        "reference": "urn:uuid:eb22681a-88cc-4a38-463d-337552647690"
      },
      "effectiveDateTime": "2025-02-18T07:43:05+00:00",
      "issued": "2025-02-18T07:43:05.191+00:00",
      "valueQuantity": {
        "value": 48.200,
        "unit": "cm",
        "system": "http://unitsofmeasure.org",
        "code": "cm"
      }
    },
    "request": {
      "method": "POST",
      "url": "Observation"
    }
  }, {
    "fullUrl": "urn:uuid:834505a9-336c-810d-d2e7-bac45ba1b31c",
    "resource": {
      "resourceType": "Observation",
      "id": "834505a9-336c-810d-d2e7-bac45ba1b31c",
      "status": "final",
      "category": {
        "coding": [ {
          "system": "http://hl7.org/fhir/observation-category",
          "code": "vital-signs",
          "display": "vital-signs"
        } ],
        "text": "vital-signs"
      },
      "code": {
        "coding": [ {
          "system": "http://loinc.org",
          "code": "72514-3",
          "display": "Pain severity - 0-10 verbal numeric rating [Score] - Reported"
        } ],
        "text": "Pain severity - 0-10 verbal numeric rating [Score] - Reported"
      },
      "subject": {
        "reference": "urn:uuid:7ea36ddf-f8d5-61dd-4f95-3f9f9418eab5"
      },
      "encounter": {
        "reference": "urn:uuid:eb22681a-88cc-4a38-463d-337552647690"
      },
      "effectiveDateTime": "2025-02-18T07:43:05+00:00",
      "issued": "2025-02-18T07:43:05.191+00:00",
      "valueQuantity": {
        "value": 3,
        "unit": "{score}",
        "system": "http://unitsofmeasure.org",
        "code": "{score}"
      }
    },
    "request": {
      "method": "POST",
      "url": "Observation"
    }
  }, {
    "fullUrl": "urn:uuid:290b4647-1d5a-092b-6eca-fe2eae0c55c6",
    "resource": {
      "resourceType": "Observation",
      "id": "290b4647-1d5a-092b-6eca-fe2eae0c55c6",
      "status": "final",
      "category": {
        "coding": [ {
          "system": "http://hl7.org/fhir/observation-category",
          "code": "vital-signs",
          "display": "vital-signs"
        } ],
        "text": "vital-signs"
      },
      "code": {
        "coding": [ {
          "system": "http://loinc.org",
          "code": "29463-7",
          "display": "Body Weight"
        } ],
        "text": "Body Weight"
      },
      "subject": {
        "reference": "urn:uuid:7ea36ddf-f8d5-61dd-4f95-3f9f9418eab5"
      },
      "encounter": {
        "reference": "urn:uuid:eb22681a-88cc-4a38-463d-337552647690"
      },
      "effectiveDateTime": "2025-02-18T07:43:05+00:00",
      "issued": "2025-02-18T07:43:05.191+00:00",
      "valueQuantity": {
        "value": 3.1000,
        "unit": "kg",
        "system": "http://unitsofmeasure.org",
        "code": "kg"
      }
    },
    "request": {
      "method": "POST",
      "url": "Observation"
    }
  }, {
    "fullUrl": "urn:uuid:03e46e20-c2cd-17a6-5abb-475a086db934",
    "resource": {
      "resourceType": "Observation",
      "id": "03e46e20-c2cd-17a6-5abb-475a086db934",
      "status": "final",
      "category": {
        "coding": [ {
          "system": "http://hl7.org/fhir/observation-category",
          "code": "vital-signs",
          "display": "vital-signs"
        } ],
        "text": "vital-signs"
      },
      "code": {
        "coding": [ {
          "system": "http://loinc.org",
          "code": "77606-2",
          "display": "Weight-for-length Per age and sex"
        } ],
        "text": "Weight-for-length Per age and sex"
      },
      "subject": {
        "reference": "urn:uuid:7ea36ddf-f8d5-61dd-4f95-3f9f9418eab5"
      },
      "encounter": {
        "reference": "urn:uuid:eb22681a-88cc-4a38-463d-337552647690"
      },
      "effectiveDateTime": "2025-02-18T07:43:05+00:00",
      "issued": "2025-02-18T07:43:05.191+00:00",
      "valueQuantity": {
        "value": 57.267,
        "unit": "%",
        "system": "http://unitsofmeasure.org",
        "code": "%"
      }
    },
    "request": {
      "method": "POST",
      "url": "Observation"
    }
  }, {
    "fullUrl": "urn:uuid:769206f9-8754-9d53-d8e1-341c0f0662c3",
    "resource": {
      "resourceType": "Observation",
      "id": "769206f9-8754-9d53-d8e1-341c0f0662c3",
      "status": "final",
      "category": {
        "coding": [ {
          "system": "http://hl7.org/fhir/observation-category",
          "code": "vital-signs",
          "display": "vital-signs"
        } ],
        "text": "vital-signs"
      },
      "code": {
        "coding": [ {
          "system": "http://loinc.org",
          "code": "8289-1",
          "display": "Head Occipital-frontal circumference Percentile"
        } ],
        "text": "Head Occipital-frontal circumference Percentile"
      },
      "subject": {
        "reference": "urn:uuid:7ea36ddf-f8d5-61dd-4f95-3f9f9418eab5"
      },
      "encounter": {
        "reference": "urn:uuid:eb22681a-88cc-4a38-463d-337552647690"
      },
      "effectiveDateTime": "2025-02-18T07:43:05+00:00",
      "issued": "2025-02-18T07:43:05.191+00:00",
      "valueQuantity": {
        "value": 8.7700,
        "unit": "%",
        "system": "http://unitsofmeasure.org",
        "code": "%"
      }
    },
    "request": {
      "method": "POST",
      "url": "Observation"
    }
  }, {
    "fullUrl": "urn:uuid:7388b95d-f160-5ca1-dbe8-e9c0a874f5cc",
    "resource": {
      "resourceType": "Observation",
      "id": "7388b95d-f160-5ca1-dbe8-e9c0a874f5cc",
      "status": "final",
      "category": {
        "coding": [ {
          "system": "http://hl7.org/fhir/observation-category",
          "code": "vital-signs",
          "display": "vital-signs"
        } ],
        "text": "vital-signs"
      },
      "code": {
        "coding": [ {
          "system": "http://loinc.org",
          "code": "9843-4",
          "display": "Head Occipital-frontal circumference"
        } ],
        "text": "Head Occipital-frontal circumference"
      },
      "subject": {
        "reference": "urn:uuid:7ea36ddf-f8d5-61dd-4f95-3f9f9418eab5"
      },
      "encounter": {
        "reference": "urn:uuid:eb22681a-88cc-4a38-463d-337552647690"
      },
      "effectiveDateTime": "2025-02-18T07:43:05+00:00",
      "issued": "2025-02-18T07:43:05.191+00:00",
      "valueQuantity": {
        "value": 32.660,
        "unit": "cm",
        "system": "http://unitsofmeasure.org",
        "code": "cm"
      }
    },
    "request": {
      "method": "POST",
      "url": "Observation"
    }
  }, {
    "fullUrl": "urn:uuid:34578b24-783e-edd2-1b88-95dbe7d568c5",
    "resource": {
      "resourceType": "Observation",
      "id": "34578b24-783e-edd2-1b88-95dbe7d568c5",
      "status": "final",
      "category": {
        "coding": [ {
          "system": "http://hl7.org/fhir/observation-category",
          "code": "vital-signs",
          "display": "vital-signs"
        } ],
        "text": "vital-signs"
      },
      "code": {
        "coding": [ {
          "system": "http://loinc.org",
          "code": "85354-9",
          "display": "Blood pressure panel with all children optional"
        } ],
        "text": "Blood pressure panel with all children optional"
      },
      "subject": {
        "reference": "urn:uuid:7ea36ddf-f8d5-61dd-4f95-3f9f9418eab5"
      },
      "encounter": {
        "reference": "urn:uuid:eb22681a-88cc-4a38-463d-337552647690"
      },
      "effectiveDateTime": "2025-02-18T07:43:05+00:00",
      "issued": "2025-02-18T07:43:05.191+00:00",
      "component": [ {
        "code": {
          "coding": [ {
            "system": "http://loinc.org",
            "code": "8462-4",
            "display": "Diastolic Blood Pressure"
          } ],
          "text": "Diastolic Blood Pressure"
        },
        "valueQuantity": {
          "value": 76,
          "unit": "mm[Hg]",
          "system": "http://unitsofmeasure.org",
          "code": "mm[Hg]"
        }
      }, {
        "code": {
          "coding": [ {
            "system": "http://loinc.org",
            "code": "8480-6",
            "display": "Systolic Blood Pressure"
          } ],
          "text": "Systolic Blood Pressure"
        },
        "valueQuantity": {
          "value": 132,
          "unit": "mm[Hg]",
          "system": "http://unitsofmeasure.org",
          "code": "mm[Hg]"
        }
      } ]
    },
    "request": {
      "method": "POST",
      "url": "Observation"
    }
  }, {
    "fullUrl": "urn:uuid:3dc57557-ca1a-49d0-838b-ff66464365e3",
    "resource": {
      "resourceType": "Observation",
      "id": "3dc57557-ca1a-49d0-838b-ff66464365e3",
      "status": "final",
      "category": {
        "coding": [ {
          "system": "http://hl7.org/fhir/observation-category",
          "code": "vital-signs",
          "display": "vital-signs"
        } ],
        "text": "vital-signs"
      },
      "code": {
        "coding": [ {
          "system": "http://loinc.org",
          "code": "8867-4",
          "display": "Heart rate"
        } ],
        "text": "Heart rate"
      },
      "subject": {
        "reference": "urn:uuid:7ea36ddf-f8d5-61dd-4f95-3f9f9418eab5"
      },
      "encounter": {
        "reference": "urn:uuid:eb22681a-88cc-4a38-463d-337552647690"
      },
      "effectiveDateTime": "2025-02-18T07:43:05+00:00",
      "issued": "2025-02-18T07:43:05.191+00:00",
      "valueQuantity": {
        "value": 88,
        "unit": "/min",
        "system": "http://unitsofmeasure.org",
        "code": "/min"
      }
    },
    "request": {
      "method": "POST",
      "url": "Observation"
    }
  }, {
    "fullUrl": "urn:uuid:4b6bf98e-56ed-56db-9b97-7e7a38bb9223",
    "resource": {
      "resourceType": "Observation",
      "id": "4b6bf98e-56ed-56db-9b97-7e7a38bb9223",
      "status": "final",
      "category": {
        "coding": [ {
          "system": "http://hl7.org/fhir/observation-category",
          "code": "vital-signs",
          "display": "vital-signs"
        } ],
        "text": "vital-signs"
      },
      "code": {
        "coding": [ {
          "system": "http://loinc.org",
          "code": "9279-1",
          "display": "Respiratory rate"
        } ],
        "text": "Respiratory rate"
      },
      "subject": {
        "reference": "urn:uuid:7ea36ddf-f8d5-61dd-4f95-3f9f9418eab5"
      },
      "encounter": {
        "reference": "urn:uuid:eb22681a-88cc-4a38-463d-337552647690"
      },
      "effectiveDateTime": "2025-02-18T07:43:05+00:00",
      "issued": "2025-02-18T07:43:05.191+00:00",
      "valueQuantity": {
        "value": 13,
        "unit": "/min",
        "system": "http://unitsofmeasure.org",
        "code": "/min"
      }
    },
    "request": {
      "method": "POST",
      "url": "Observation"
    }
  }, {
    "fullUrl": "urn:uuid:8eab390b-6687-0bd2-69b9-7b6ba7dd4801",
    "resource": {
      "resourceType": "Observation",
      "id": "8eab390b-6687-0bd2-69b9-7b6ba7dd4801",
      "status": "final",
      "category": {
        "coding": [ {
          "system": "http://hl7.org/fhir/observation-category",
          "code": "laboratory",
          "display": "laboratory"
        } ],
        "text": "laboratory"
      },
      "code": {
        "coding": [ {
          "system": "http://loinc.org",
          "code": "6690-2",
          "display": "Leukocytes [#/volume] in Blood by Automated count"
        } ],
        "text": "Leukocytes [#/volume] in Blood by Automated count"
      },
      "subject": {
        "reference": "urn:uuid:7ea36ddf-f8d5-61dd-4f95-3f9f9418eab5"
      },
      "encounter": {
        "reference": "urn:uuid:eb22681a-88cc-4a38-463d-337552647690"
      },
      "effectiveDateTime": "2025-02-18T07:43:05+00:00",
      "issued": "2025-02-18T07:43:05.191+00:00",
      "valueQuantity": {
        "value": 7.0291,
        "unit": "10*3/uL",
        "system": "http://unitsofmeasure.org",
        "code": "10*3/uL"
      }
    },
    "request": {
      "method": "POST",
      "url": "Observation"
    }
  }, {
    "fullUrl": "urn:uuid:81179a41-aabe-ae41-f591-0e302f0f4f60",
    "resource": {
      "resourceType": "Observation",
      "id": "81179a41-aabe-ae41-f591-0e302f0f4f60",
      "status": "final",
      "category": {
        "coding": [ {
          "system": "http://hl7.org/fhir/observation-category",
          "code": "laboratory",
          "display": "laboratory"
        } ],
        "text": "laboratory"
      },
      "code": {
        "coding": [ {
          "system": "http://loinc.org",
          "code": "789-8",
          "display": "Erythrocytes [#/volume] in Blood by Automated count"
        } ],
        "text": "Erythrocytes [#/volume] in Blood by Automated count"
      },
      "subject": {
        "reference": "urn:uuid:7ea36ddf-f8d5-61dd-4f95-3f9f9418eab5"
      },
      "encounter": {
        "reference": "urn:uuid:eb22681a-88cc-4a38-463d-337552647690"
      },
      "effectiveDateTime": "2025-02-18T07:43:05+00:00",
      "issued": "2025-02-18T07:43:05.191+00:00",
      "valueQuantity": {
        "value": 3.9015,
        "unit": "10*6/uL",
        "system": "http://unitsofmeasure.org",
        "code": "10*6/uL"
      }
    },
    "request": {
      "method": "POST",
      "url": "Observation"
    }
  }, {
    "fullUrl": "urn:uuid:a71141ce-217c-9276-e05f-888d147d5e53",
    "resource": {
      "resourceType": "Observation",
      "id": "a71141ce-217c-9276-e05f-888d147d5e53",
      "status": "final",
      "category": {
        "coding": [ {
          "system": "http://hl7.org/fhir/observation-category",
          "code": "laboratory",
          "display": "laboratory"
        } ],
        "text": "laboratory"
      },
      "code": {
        "coding": [ {
          "system": "http://loinc.org",
          "code": "718-7",
          "display": "Hemoglobin [Mass/volume] in Blood"
        } ],
        "text": "Hemoglobin [Mass/volume] in Blood"
      },
      "subject": {
        "reference": "urn:uuid:7ea36ddf-f8d5-61dd-4f95-3f9f9418eab5"
      },
      "encounter": {
        "reference": "urn:uuid:eb22681a-88cc-4a38-463d-337552647690"
      },
      "effectiveDateTime": "2025-02-18T07:43:05+00:00",
      "issued": "2025-02-18T07:43:05.191+00:00",
      "valueQuantity": {
        "value": 17.195,
        "unit": "g/dL",
        "system": "http://unitsofmeasure.org",
        "code": "g/dL"
      }
    },
    "request": {
      "method": "POST",
      "url": "Observation"
    }
  }, {
    "fullUrl": "urn:uuid:1bc8a007-4bc1-1de7-cb28-4f7de9ad3d56",
    "resource": {
      "resourceType": "Observation",
      "id": "1bc8a007-4bc1-1de7-cb28-4f7de9ad3d56",
      "status": "final",
      "category": {
        "coding": [ {
          "system": "http://hl7.org/fhir/observation-category",
          "code": "laboratory",
          "display": "laboratory"
        } ],
        "text": "laboratory"
      },
      "code": {
        "coding": [ {
          "system": "http://loinc.org",
          "code": "4544-3",
          "display": "Hematocrit [Volume Fraction] of Blood by Automated count"
        } ],
        "text": "Hematocrit [Volume Fraction] of Blood by Automated count"
      },
      "subject": {
        "reference": "urn:uuid:7ea36ddf-f8d5-61dd-4f95-3f9f9418eab5"
      },
      "encounter": {
        "reference": "urn:uuid:eb22681a-88cc-4a38-463d-337552647690"
      },
      "effectiveDateTime": "2025-02-18T07:43:05+00:00",
      "issued": "2025-02-18T07:43:05.191+00:00",
      "valueQuantity": {
        "value": 47.133,
        "unit": "%",
        "system": "http://unitsofmeasure.org",
        "code": "%"
      }
    },
    "request": {
      "method": "POST",
      "url": "Observation"
    }
  }, {
    "fullUrl": "urn:uuid:a9f86ea6-c369-0117-8ff6-1623a0c17c22",
    "resource": {
      "resourceType": "Observation",
      "id": "a9f86ea6-c369-0117-8ff6-1623a0c17c22",
      "status": "final",
      "category": {
        "coding": [ {
          "system": "http://hl7.org/fhir/observation-category",
          "code": "laboratory",
          "display": "laboratory"
        } ],
        "text": "laboratory"
      },
      "code": {
        "coding": [ {
          "system": "http://loinc.org",
          "code": "787-2",
          "display": "MCV [Entitic volume] by Automated count"
        } ],
        "text": "MCV [Entitic volume] by Automated count"
      },
      "subject": {
        "reference": "urn:uuid:7ea36ddf-f8d5-61dd-4f95-3f9f9418eab5"
      },
      "encounter": {
        "reference": "urn:uuid:eb22681a-88cc-4a38-463d-337552647690"
      },
      "effectiveDateTime": "2025-02-18T07:43:05+00:00",
      "issued": "2025-02-18T07:43:05.191+00:00",
      "valueQuantity": {
        "value": 91.423,
        "unit": "fL",
        "system": "http://unitsofmeasure.org",
        "code": "fL"
      }
    },
    "request": {
      "method": "POST",
      "url": "Observation"
    }
  }, {
    "fullUrl": "urn:uuid:c1ade46d-52d6-894f-4b70-9c558f813ee1",
    "resource": {
      "resourceType": "Observation",
      "id": "c1ade46d-52d6-894f-4b70-9c558f813ee1",
      "status": "final",
      "category": {
        "coding": [ {
          "system": "http://hl7.org/fhir/observation-category",
          "code": "laboratory",
          "display": "laboratory"
        } ],
        "text": "laboratory"
      },
      "code": {
        "coding": [ {
          "system": "http://loinc.org",
          "code": "785-6",
          "display": "MCH [Entitic mass] by Automated count"
        } ],
        "text": "MCH [Entitic mass] by Automated count"
      },
      "subject": {
        "reference": "urn:uuid:7ea36ddf-f8d5-61dd-4f95-3f9f9418eab5"
      },
      "encounter": {
        "reference": "urn:uuid:eb22681a-88cc-4a38-463d-337552647690"
      },
      "effectiveDateTime": "2025-02-18T07:43:05+00:00",
      "issued": "2025-02-18T07:43:05.191+00:00",
      "valueQuantity": {
        "value": 29.367,
        "unit": "pg",
        "system": "http://unitsofmeasure.org",
        "code": "pg"
      }
    },
    "request": {
      "method": "POST",
      "url": "Observation"
    }
  }, {
    "fullUrl": "urn:uuid:0db45688-65b8-1388-1f23-fb6f377e68d0",
    "resource": {
      "resourceType": "Observation",
      "id": "0db45688-65b8-1388-1f23-fb6f377e68d0",
      "status": "final",
      "category": {
        "coding": [ {
          "system": "http://hl7.org/fhir/observation-category",
          "code": "laboratory",
          "display": "laboratory"
        } ],
        "text": "laboratory"
      },
      "code": {
        "coding": [ {
          "system": "http://loinc.org",
          "code": "786-4",
          "display": "MCHC [Mass/volume] by Automated count"
        } ],
        "text": "MCHC [Mass/volume] by Automated count"
      },
      "subject": {
        "reference": "urn:uuid:7ea36ddf-f8d5-61dd-4f95-3f9f9418eab5"
      },
      "encounter": {
        "reference": "urn:uuid:eb22681a-88cc-4a38-463d-337552647690"
      },
      "effectiveDateTime": "2025-02-18T07:43:05+00:00",
      "issued": "2025-02-18T07:43:05.191+00:00",
      "valueQuantity": {
        "value": 35.635,
        "unit": "g/dL",
        "system": "http://unitsofmeasure.org",
        "code": "g/dL"
      }
    },
    "request": {
      "method": "POST",
      "url": "Observation"
    }
  }, {
    "fullUrl": "urn:uuid:ae9881b9-489d-1f15-c4e8-f7eb611900b8",
    "resource": {
      "resourceType": "Observation",
      "id": "ae9881b9-489d-1f15-c4e8-f7eb611900b8",
      "status": "final",
      "category": {
        "coding": [ {
          "system": "http://hl7.org/fhir/observation-category",
          "code": "laboratory",
          "display": "laboratory"
        } ],
        "text": "laboratory"
      },
      "code": {
        "coding": [ {
          "system": "http://loinc.org",
          "code": "21000-5",
          "display": "Erythrocyte distribution width [Entitic volume] by Automated count"
        } ],
        "text": "Erythrocyte distribution width [Entitic volume] by Automated count"
      },
      "subject": {
        "reference": "urn:uuid:7ea36ddf-f8d5-61dd-4f95-3f9f9418eab5"
      },
      "encounter": {
        "reference": "urn:uuid:eb22681a-88cc-4a38-463d-337552647690"
      },
      "effectiveDateTime": "2025-02-18T07:43:05+00:00",
      "issued": "2025-02-18T07:43:05.191+00:00",
      "valueQuantity": {
        "value": 45.598,
        "unit": "fL",
        "system": "http://unitsofmeasure.org",
        "code": "fL"
      }
    },
    "request": {
      "method": "POST",
      "url": "Observation"
    }
  }, {
    "fullUrl": "urn:uuid:0758a565-3beb-49ed-d0c2-d8e9a6d988c0",
    "resource": {
      "resourceType": "Observation",
      "id": "0758a565-3beb-49ed-d0c2-d8e9a6d988c0",
      "status": "final",
      "category": {
        "coding": [ {
          "system": "http://hl7.org/fhir/observation-category",
          "code": "laboratory",
          "display": "laboratory"
        } ],
        "text": "laboratory"
      },
      "code": {
        "coding": [ {
          "system": "http://loinc.org",
          "code": "777-3",
          "display": "Platelets [#/volume] in Blood by Automated count"
        } ],
        "text": "Platelets [#/volume] in Blood by Automated count"
      },
      "subject": {
        "reference": "urn:uuid:7ea36ddf-f8d5-61dd-4f95-3f9f9418eab5"
      },
      "encounter": {
        "reference": "urn:uuid:eb22681a-88cc-4a38-463d-337552647690"
      },
      "effectiveDateTime": "2025-02-18T07:43:05+00:00",
      "issued": "2025-02-18T07:43:05.191+00:00",
      "valueQuantity": {
        "value": 436.83,
        "unit": "10*3/uL",
        "system": "http://unitsofmeasure.org",
        "code": "10*3/uL"
      }
    },
    "request": {
      "method": "POST",
      "url": "Observation"
    }
  }, {
    "fullUrl": "urn:uuid:9cda0913-0947-f1a9-173d-febc18f1f688",
    "resource": {
      "resourceType": "Observation",
      "id": "9cda0913-0947-f1a9-173d-febc18f1f688",
      "status": "final",
      "category": {
        "coding": [ {
          "system": "http://hl7.org/fhir/observation-category",
          "code": "laboratory",
          "display": "laboratory"
        } ],
        "text": "laboratory"
      },
      "code": {
        "coding": [ {
          "system": "http://loinc.org",
          "code": "32207-3",
          "display": "Platelet distribution width [Entitic volume] in Blood by Automated count"
        } ],
        "text": "Platelet distribution width [Entitic volume] in Blood by Automated count"
      },
      "subject": {
        "reference": "urn:uuid:7ea36ddf-f8d5-61dd-4f95-3f9f9418eab5"
      },
      "encounter": {
        "reference": "urn:uuid:eb22681a-88cc-4a38-463d-337552647690"
      },
      "effectiveDateTime": "2025-02-18T07:43:05+00:00",
      "issued": "2025-02-18T07:43:05.191+00:00",
      "valueQuantity": {
        "value": 491.47,
        "unit": "fL",
        "system": "http://unitsofmeasure.org",
        "code": "fL"
      }
    },
    "request": {
      "method": "POST",
      "url": "Observation"
    }
  }, {
    "fullUrl": "urn:uuid:e6be8106-6e85-1b92-b485-67fa5d3d5190",
    "resource": {
      "resourceType": "Observation",
      "id": "e6be8106-6e85-1b92-b485-67fa5d3d5190",
      "status": "final",
      "category": {
        "coding": [ {
          "system": "http://hl7.org/fhir/observation-category",
          "code": "laboratory",
          "display": "laboratory"
        } ],
        "text": "laboratory"
      },
      "code": {
        "coding": [ {
          "system": "http://loinc.org",
          "code": "32623-1",
          "display": "Platelet mean volume [Entitic volume] in Blood by Automated count"
        } ],
        "text": "Platelet mean volume [Entitic volume] in Blood by Automated count"
      },
      "subject": {
        "reference": "urn:uuid:7ea36ddf-f8d5-61dd-4f95-3f9f9418eab5"
      },
      "encounter": {
        "reference": "urn:uuid:eb22681a-88cc-4a38-463d-337552647690"
      },
      "effectiveDateTime": "2025-02-18T07:43:05+00:00",
      "issued": "2025-02-18T07:43:05.191+00:00",
      "valueQuantity": {
        "value": 9.6406,
        "unit": "fL",
        "system": "http://unitsofmeasure.org",
        "code": "fL"
      }
    },
    "request": {
      "method": "POST",
      "url": "Observation"
    }
  }, {
    "fullUrl": "urn:uuid:2f1298e0-362d-8d52-aede-d017b2fbf8ca",
    "resource": {
      "resourceType": "Observation",
      "id": "2f1298e0-362d-8d52-aede-d017b2fbf8ca",
      "status": "final",
      "category": {
        "coding": [ {
          "system": "http://hl7.org/fhir/observation-category",
          "code": "social-history",
          "display": "social-history"
        } ],
        "text": "social-history"
      },
      "code": {
        "coding": [ {
          "system": "http://loinc.org",
          "code": "72166-2",
          "display": "Tobacco smoking status"
        } ],
        "text": "Tobacco smoking status"
      },
      "subject": {
        "reference": "urn:uuid:7ea36ddf-f8d5-61dd-4f95-3f9f9418eab5"
      },
      "encounter": {
        "reference": "urn:uuid:eb22681a-88cc-4a38-463d-337552647690"
      },
      "effectiveDateTime": "2025-02-18T07:43:05+00:00",
      "issued": "2025-02-18T07:43:05.191+00:00",
      "valueCodeableConcept": {
        "coding": [ {
          "system": "http://snomed.info/sct",
          "code": "266919005",
          "display": "Never smoked tobacco (finding)"
        } ],
        "text": "Never smoked tobacco (finding)"
      }
    },
    "request": {
      "method": "POST",
      "url": "Observation"
    }
  }, {
    "fullUrl": "urn:uuid:d713eeaf-76d1-e5c5-9355-a20941bf9b46",
    "resource": {
      "resourceType": "Immunization",
      "id": "d713eeaf-76d1-e5c5-9355-a20941bf9b46",
      "status": "completed",
      "date": "2025-02-18T07:43:05+00:00",
      "vaccineCode": {
        "coding": [ {
          "system": "http://hl7.org/fhir/sid/cvx",
          "code": "08",
          "display": "Hep B, adolescent or pediatric"
        } ],
        "text": "Hep B, adolescent or pediatric"
      },
      "patient": {
        "reference": "urn:uuid:7ea36ddf-f8d5-61dd-4f95-3f9f9418eab5"
      },
      "wasNotGiven": false,
      "reported": false,
      "encounter": {
        "reference": "urn:uuid:eb22681a-88cc-4a38-463d-337552647690"
      }
    },
    "request": {
      "method": "POST",
      "url": "Immunization"
    }
  }, {
    "fullUrl": "urn:uuid:5b07a1c7-4175-8818-5d70-a0f2e64cf34d",
    "resource": {
      "resourceType": "DiagnosticReport",
      "id": "5b07a1c7-4175-8818-5d70-a0f2e64cf34d",
      "status": "final",
      "category": {
        "coding": [ {
          "system": "http://hl7.org/fhir/ValueSet/diagnostic-service-sections",
          "code": "LAB"
        } ]
      },
      "code": {
        "coding": [ {
          "system": "http://loinc.org",
          "code": "58410-2",
          "display": "CBC panel - Blood by Automated count"
        } ],
        "text": "CBC panel - Blood by Automated count"
      },
      "subject": {
        "reference": "urn:uuid:7ea36ddf-f8d5-61dd-4f95-3f9f9418eab5"
      },
      "encounter": {
        "reference": "urn:uuid:eb22681a-88cc-4a38-463d-337552647690"
      },
      "effectiveDateTime": "2025-02-18T07:43:05+00:00",
      "issued": "2025-02-18T07:43:05.191+00:00",
      "performer": {
        "reference": "Organization?identifier=https://github.com/synthetichealth/synthea|ad82d624-72eb-3c7d-a76d-79f2668d1390",
        "display": "WOODLAND INTERNISTS, P.C."
      },
      "result": [ {
        "reference": "urn:uuid:e6be8106-6e85-1b92-b485-67fa5d3d5190",
        "display": "Platelet mean volume [Entitic volume] in Blood by Automated count"
      } ]
    },
    "request": {
      "method": "POST",
      "url": "DiagnosticReport"
    }
  }, {
    "fullUrl": "urn:uuid:713739fb-af80-64ee-7af1-f244163f6588",
    "resource": {
      "resourceType": "Claim",
      "id": "713739fb-af80-64ee-7af1-f244163f6588",
      "type": "institutional",
      "organization": {
        "reference": "Organization?identifier=https://github.com/synthetichealth/synthea|ad82d624-72eb-3c7d-a76d-79f2668d1390",
        "display": "WOODLAND INTERNISTS, P.C."
      },
      "use": "complete",
      "diagnosis": [ {
        "sequence": 1,
        "diagnosis": {
          "system": "http://snomed.info/sct",
          "code": "314529007",
          "display": "Medication review due (situation)"
        }
      } ],
      "patient": {
        "reference": "urn:uuid:7ea36ddf-f8d5-61dd-4f95-3f9f9418eab5"
      },
      "item": [ {
        "sequence": 1,
        "type": {
          "system": "http://hl7.org/fhir/v3/ActCode",
          "code": "CSINV",
          "display": "clinical service invoice"
        },
        "service": {
          "system": "http://snomed.info/sct",
          "code": "410620009",
          "display": "Well child visit (procedure)"
        }
      }, {
        "sequence": 2,
        "type": {
          "system": "http://hl7.org/fhir/v3/ActCode",
          "code": "CSINV",
          "display": "clinical service invoice"
        },
        "service": {
          "system": "http://hl7.org/fhir/sid/cvx",
          "code": "08",
          "display": "Hep B, adolescent or pediatric"
        },
        "net": {
          "value": 136.00,
          "system": "urn:iso:std:iso:4217",
          "code": "USD"
        }
      }, {
        "sequence": 4,
        "type": {
          "system": "http://hl7.org/fhir/v3/ActCode",
          "code": "CSINV",
          "display": "clinical service invoice"
        },
        "service": {
          "system": "http://loinc.org",
          "code": "58410-2",
          "display": "CBC panel - Blood by Automated count"
        },
        "net": {
          "value": 74.58,
          "system": "urn:iso:std:iso:4217",
          "code": "USD"
        }
      } ]
    },
    "request": {
      "method": "POST",
      "url": "Claim"
    }
  }, {
    "fullUrl": "urn:uuid:98acffc5-ae75-44cf-7e2b-9095813ee024",
    "resource": {
      "resourceType": "Encounter",
      "id": "98acffc5-ae75-44cf-7e2b-9095813ee024",
      "status": "finished",
      "class": "ambulatory",
      "type": [ {
        "coding": [ {
          "system": "http://snomed.info/sct",
          "code": "410620009",
          "display": "Well child visit (procedure)"
        } ],
        "text": "Well child visit (procedure)"
      } ],
      "patient": {
        "reference": "urn:uuid:7ea36ddf-f8d5-61dd-4f95-3f9f9418eab5"
      },
      "participant": [ {
        "individual": {
          "reference": "Practitioner?identifier=http://hl7.org/fhir/sid/us-npi|9999956292",
          "display": "Dr. Georgianne697 Howe413"
        }
      } ],
      "period": {
        "start": "2025-03-25T07:43:05+00:00",
        "end": "2025-03-25T07:58:05+00:00"
      },
      "serviceProvider": {
        "reference": "Organization?identifier=https://github.com/synthetichealth/synthea|ad82d624-72eb-3c7d-a76d-79f2668d1390",
        "display": "WOODLAND INTERNISTS, P.C."
      }
    },
    "request": {
      "method": "POST",
      "url": "Encounter"
    }
  }, {
    "fullUrl": "urn:uuid:8a002ca2-fa2e-7873-a170-5805012f9a03",
    "resource": {
      "resourceType": "Observation",
      "id": "8a002ca2-fa2e-7873-a170-5805012f9a03",
      "status": "final",
      "category": {
        "coding": [ {
          "system": "http://hl7.org/fhir/observation-category",
          "code": "vital-signs",
          "display": "vital-signs"
        } ],
        "text": "vital-signs"
      },
      "code": {
        "coding": [ {
          "system": "http://loinc.org",
          "code": "8302-2",
          "display": "Body Height"
        } ],
        "text": "Body Height"
      },
      "subject": {
        "reference": "urn:uuid:7ea36ddf-f8d5-61dd-4f95-3f9f9418eab5"
      },
      "encounter": {
        "reference": "urn:uuid:98acffc5-ae75-44cf-7e2b-9095813ee024"
      },
      "effectiveDateTime": "2025-03-25T07:43:05+00:00",
      "issued": "2025-03-25T07:43:05.191+00:00",
      "valueQuantity": {
        "value": 51.700,
        "unit": "cm",
        "system": "http://unitsofmeasure.org",
        "code": "cm"
      }
    },
    "request": {
      "method": "POST",
      "url": "Observation"
    }
  }, {
    "fullUrl": "urn:uuid:5d8b1c6d-60f8-e320-bda3-434a93c97b56",
    "resource": {
      "resourceType": "Observation",
      "id": "5d8b1c6d-60f8-e320-bda3-434a93c97b56",
      "status": "final",
      "category": {
        "coding": [ {
          "system": "http://hl7.org/fhir/observation-category",
          "code": "vital-signs",
          "display": "vital-signs"
        } ],
        "text": "vital-signs"
      },
      "code": {
        "coding": [ {
          "system": "http://loinc.org",
          "code": "72514-3",
          "display": "Pain severity - 0-10 verbal numeric rating [Score] - Reported"
        } ],
        "text": "Pain severity - 0-10 verbal numeric rating [Score] - Reported"
      },
      "subject": {
        "reference": "urn:uuid:7ea36ddf-f8d5-61dd-4f95-3f9f9418eab5"
      },
      "encounter": {
        "reference": "urn:uuid:98acffc5-ae75-44cf-7e2b-9095813ee024"
      },
      "effectiveDateTime": "2025-03-25T07:43:05+00:00",
      "issued": "2025-03-25T07:43:05.191+00:00",
      "valueQuantity": {
        "value": 2,
        "unit": "{score}",
        "system": "http://unitsofmeasure.org",
        "code": "{score}"
      }
    },
    "request": {
      "method": "POST",
      "url": "Observation"
    }
  }, {
    "fullUrl": "urn:uuid:ade0ad84-c725-b81b-96da-fef6463e141f",
    "resource": {
      "resourceType": "Observation",
      "id": "ade0ad84-c725-b81b-96da-fef6463e141f",
      "status": "final",
      "category": {
        "coding": [ {
          "system": "http://hl7.org/fhir/observation-category",
          "code": "vital-signs",
          "display": "vital-signs"
        } ],
        "text": "vital-signs"
      },
      "code": {
        "coding": [ {
          "system": "http://loinc.org",
          "code": "29463-7",
          "display": "Body Weight"
        } ],
        "text": "Body Weight"
      },
      "subject": {
        "reference": "urn:uuid:7ea36ddf-f8d5-61dd-4f95-3f9f9418eab5"
      },
      "encounter": {
        "reference": "urn:uuid:98acffc5-ae75-44cf-7e2b-9095813ee024"
      },
      "effectiveDateTime": "2025-03-25T07:43:05+00:00",
      "issued": "2025-03-25T07:43:05.191+00:00",
      "valueQuantity": {
        "value": 3.8000,
        "unit": "kg",
        "system": "http://unitsofmeasure.org",
        "code": "kg"
      }
    },
    "request": {
      "method": "POST",
      "url": "Observation"
    }
  }, {
    "fullUrl": "urn:uuid:bb8da9a5-90e4-c33d-5ae8-f2e22ede0a81",
    "resource": {
      "resourceType": "Observation",
      "id": "bb8da9a5-90e4-c33d-5ae8-f2e22ede0a81",
      "status": "final",
      "category": {
        "coding": [ {
          "system": "http://hl7.org/fhir/observation-category",
          "code": "vital-signs",
          "display": "vital-signs"
        } ],
        "text": "vital-signs"
      },
      "code": {
        "coding": [ {
          "system": "http://loinc.org",
          "code": "77606-2",
          "display": "Weight-for-length Per age and sex"
        } ],
        "text": "Weight-for-length Per age and sex"
      },
      "subject": {
        "reference": "urn:uuid:7ea36ddf-f8d5-61dd-4f95-3f9f9418eab5"
      },
      "encounter": {
        "reference": "urn:uuid:98acffc5-ae75-44cf-7e2b-9095813ee024"
      },
      "effectiveDateTime": "2025-03-25T07:43:05+00:00",
      "issued": "2025-03-25T07:43:05.191+00:00",
      "valueQuantity": {
        "value": 33.360,
        "unit": "%",
        "system": "http://unitsofmeasure.org",
        "code": "%"
      }
    },
    "request": {
      "method": "POST",
      "url": "Observation"
    }
  }, {
    "fullUrl": "urn:uuid:fe0bfb62-75e0-92b3-facf-89c200ecd717",
    "resource": {
      "resourceType": "Observation",
      "id": "fe0bfb62-75e0-92b3-facf-89c200ecd717",
      "status": "final",
      "category": {
        "coding": [ {
          "system": "http://hl7.org/fhir/observation-category",
          "code": "vital-signs",
          "display": "vital-signs"
        } ],
        "text": "vital-signs"
      },
      "code": {
        "coding": [ {
          "system": "http://loinc.org",
          "code": "8289-1",
          "display": "Head Occipital-frontal circumference Percentile"
        } ],
        "text": "Head Occipital-frontal circumference Percentile"
      },
      "subject": {
        "reference": "urn:uuid:7ea36ddf-f8d5-61dd-4f95-3f9f9418eab5"
      },
      "encounter": {
        "reference": "urn:uuid:98acffc5-ae75-44cf-7e2b-9095813ee024"
      },
      "effectiveDateTime": "2025-03-25T07:43:05+00:00",
      "issued": "2025-03-25T07:43:05.191+00:00",
      "valueQuantity": {
        "value": 8.7700,
        "unit": "%",
        "system": "http://unitsofmeasure.org",
        "code": "%"
      }
    },
    "request": {
      "method": "POST",
      "url": "Observation"
    }
  }, {
    "fullUrl": "urn:uuid:36e7dbd9-51d9-0e49-461c-eab62c882155",
    "resource": {
      "resourceType": "Observation",
      "id": "36e7dbd9-51d9-0e49-461c-eab62c882155",
      "status": "final",
      "category": {
        "coding": [ {
          "system": "http://hl7.org/fhir/observation-category",
          "code": "vital-signs",
          "display": "vital-signs"
        } ],
        "text": "vital-signs"
      },
      "code": {
        "coding": [ {
          "system": "http://loinc.org",
          "code": "9843-4",
          "display": "Head Occipital-frontal circumference"
        } ],
        "text": "Head Occipital-frontal circumference"
      },
      "subject": {
        "reference": "urn:uuid:7ea36ddf-f8d5-61dd-4f95-3f9f9418eab5"
      },
      "encounter": {
        "reference": "urn:uuid:98acffc5-ae75-44cf-7e2b-9095813ee024"
      },
      "effectiveDateTime": "2025-03-25T07:43:05+00:00",
      "issued": "2025-03-25T07:43:05.191+00:00",
      "valueQuantity": {
        "value": 36.140,
        "unit": "cm",
        "system": "http://unitsofmeasure.org",
        "code": "cm"
      }
    },
    "request": {
      "method": "POST",
      "url": "Observation"
    }
  }, {
    "fullUrl": "urn:uuid:948f9efd-dc55-889b-0c73-4c675efe3bdf",
    "resource": {
      "resourceType": "Observation",
      "id": "948f9efd-dc55-889b-0c73-4c675efe3bdf",
      "status": "final",
      "category": {
        "coding": [ {
          "system": "http://hl7.org/fhir/observation-category",
          "code": "vital-signs",
          "display": "vital-signs"
        } ],
        "text": "vital-signs"
      },
      "code": {
        "coding": [ {
          "system": "http://loinc.org",
          "code": "85354-9",
          "display": "Blood pressure panel with all children optional"
        } ],
        "text": "Blood pressure panel with all children optional"
      },
      "subject": {
        "reference": "urn:uuid:7ea36ddf-f8d5-61dd-4f95-3f9f9418eab5"
      },
      "encounter": {
        "reference": "urn:uuid:98acffc5-ae75-44cf-7e2b-9095813ee024"
      },
      "effectiveDateTime": "2025-03-25T07:43:05+00:00",
      "issued": "2025-03-25T07:43:05.191+00:00",
      "component": [ {
        "code": {
          "coding": [ {
            "system": "http://loinc.org",
            "code": "8462-4",
            "display": "Diastolic Blood Pressure"
          } ],
          "text": "Diastolic Blood Pressure"
        },
        "valueQuantity": {
          "value": 74,
          "unit": "mm[Hg]",
          "system": "http://unitsofmeasure.org",
          "code": "mm[Hg]"
        }
      }, {
        "code": {
          "coding": [ {
            "system": "http://loinc.org",
            "code": "8480-6",
            "display": "Systolic Blood Pressure"
          } ],
          "text": "Systolic Blood Pressure"
        },
        "valueQuantity": {
          "value": 135,
          "unit": "mm[Hg]",
          "system": "http://unitsofmeasure.org",
          "code": "mm[Hg]"
        }
      } ]
    },
    "request": {
      "method": "POST",
      "url": "Observation"
    }
  }, {
    "fullUrl": "urn:uuid:02f3e035-8c87-0a54-9adf-4a3e6b24a624",
    "resource": {
      "resourceType": "Observation",
      "id": "02f3e035-8c87-0a54-9adf-4a3e6b24a624",
      "status": "final",
      "category": {
        "coding": [ {
          "system": "http://hl7.org/fhir/observation-category",
          "code": "vital-signs",
          "display": "vital-signs"
        } ],
        "text": "vital-signs"
      },
      "code": {
        "coding": [ {
          "system": "http://loinc.org",
          "code": "8867-4",
          "display": "Heart rate"
        } ],
        "text": "Heart rate"
      },
      "subject": {
        "reference": "urn:uuid:7ea36ddf-f8d5-61dd-4f95-3f9f9418eab5"
      },
      "encounter": {
        "reference": "urn:uuid:98acffc5-ae75-44cf-7e2b-9095813ee024"
      },
      "effectiveDateTime": "2025-03-25T07:43:05+00:00",
      "issued": "2025-03-25T07:43:05.191+00:00",
      "valueQuantity": {
        "value": 94,
        "unit": "/min",
        "system": "http://unitsofmeasure.org",
        "code": "/min"
      }
    },
    "request": {
      "method": "POST",
      "url": "Observation"
    }
  }, {
    "fullUrl": "urn:uuid:540c9f65-901b-c9ae-dfe4-fc39d8d81b65",
    "resource": {
      "resourceType": "Observation",
      "id": "540c9f65-901b-c9ae-dfe4-fc39d8d81b65",
      "status": "final",
      "category": {
        "coding": [ {
          "system": "http://hl7.org/fhir/observation-category",
          "code": "vital-signs",
          "display": "vital-signs"
        } ],
        "text": "vital-signs"
      },
      "code": {
        "coding": [ {
          "system": "http://loinc.org",
          "code": "9279-1",
          "display": "Respiratory rate"
        } ],
        "text": "Respiratory rate"
      },
      "subject": {
        "reference": "urn:uuid:7ea36ddf-f8d5-61dd-4f95-3f9f9418eab5"
      },
      "encounter": {
        "reference": "urn:uuid:98acffc5-ae75-44cf-7e2b-9095813ee024"
      },
      "effectiveDateTime": "2025-03-25T07:43:05+00:00",
      "issued": "2025-03-25T07:43:05.191+00:00",
      "valueQuantity": {
        "value": 16,
        "unit": "/min",
        "system": "http://unitsofmeasure.org",
        "code": "/min"
      }
    },
    "request": {
      "method": "POST",
      "url": "Observation"
    }
  }, {
    "fullUrl": "urn:uuid:fb1e3920-f8cb-4861-d35d-478b258ba1bf",
    "resource": {
      "resourceType": "Observation",
      "id": "fb1e3920-f8cb-4861-d35d-478b258ba1bf",
      "status": "final",
      "category": {
        "coding": [ {
          "system": "http://hl7.org/fhir/observation-category",
          "code": "social-history",
          "display": "social-history"
        } ],
        "text": "social-history"
      },
      "code": {
        "coding": [ {
          "system": "http://loinc.org",
          "code": "72166-2",
          "display": "Tobacco smoking status"
        } ],
        "text": "Tobacco smoking status"
      },
      "subject": {
        "reference": "urn:uuid:7ea36ddf-f8d5-61dd-4f95-3f9f9418eab5"
      },
      "encounter": {
        "reference": "urn:uuid:98acffc5-ae75-44cf-7e2b-9095813ee024"
      },
      "effectiveDateTime": "2025-03-25T07:43:05+00:00",
      "issued": "2025-03-25T07:43:05.191+00:00",
      "valueCodeableConcept": {
        "coding": [ {
          "system": "http://snomed.info/sct",
          "code": "266919005",
          "display": "Never smoked tobacco (finding)"
        } ],
        "text": "Never smoked tobacco (finding)"
      }
    },
    "request": {
      "method": "POST",
      "url": "Observation"
    }
  }, {
    "fullUrl": "urn:uuid:8f270bbc-b2a5-1660-bf0c-5d803ee28841",
    "resource": {
      "resourceType": "Immunization",
      "id": "8f270bbc-b2a5-1660-bf0c-5d803ee28841",
      "status": "completed",
      "date": "2025-03-25T07:43:05+00:00",
      "vaccineCode": {
        "coding": [ {
          "system": "http://hl7.org/fhir/sid/cvx",
          "code": "08",
          "display": "Hep B, adolescent or pediatric"
        } ],
        "text": "Hep B, adolescent or pediatric"
      },
      "patient": {
        "reference": "urn:uuid:7ea36ddf-f8d5-61dd-4f95-3f9f9418eab5"
      },
      "wasNotGiven": false,
      "reported": false,
      "encounter": {
        "reference": "urn:uuid:98acffc5-ae75-44cf-7e2b-9095813ee024"
      }
    },
    "request": {
      "method": "POST",
      "url": "Immunization"
    }
  }, {
    "fullUrl": "urn:uuid:d55a12cd-85d3-7582-d6d1-3cde9360cae3",
    "resource": {
      "resourceType": "Claim",
      "id": "d55a12cd-85d3-7582-d6d1-3cde9360cae3",
      "type": "institutional",
      "organization": {
        "reference": "Organization?identifier=https://github.com/synthetichealth/synthea|ad82d624-72eb-3c7d-a76d-79f2668d1390",
        "display": "WOODLAND INTERNISTS, P.C."
      },
      "use": "complete",
      "patient": {
        "reference": "urn:uuid:7ea36ddf-f8d5-61dd-4f95-3f9f9418eab5"
      },
      "item": [ {
        "sequence": 1,
        "type": {
          "system": "http://hl7.org/fhir/v3/ActCode",
          "code": "CSINV",
          "display": "clinical service invoice"
        },
        "service": {
          "system": "http://snomed.info/sct",
          "code": "410620009",
          "display": "Well child visit (procedure)"
        }
      }, {
        "sequence": 2,
        "type": {
          "system": "http://hl7.org/fhir/v3/ActCode",
          "code": "CSINV",
          "display": "clinical service invoice"
        },
        "service": {
          "system": "http://hl7.org/fhir/sid/cvx",
          "code": "08",
          "display": "Hep B, adolescent or pediatric"
        },
        "net": {
          "value": 136.00,
          "system": "urn:iso:std:iso:4217",
          "code": "USD"
        }
      } ]
    },
    "request": {
      "method": "POST",
      "url": "Claim"
    }
  } ]
}
