{
  "resourceType": "Bundle",
  "type": "transaction",
  "entry": [ {
    "fullUrl": "urn:uuid:a10b1f83-d0b5-6e0e-7e35-87e32f667d24",
    "resource": {
      "resourceType": "Patient",
      "id": "a10b1f83-d0b5-6e0e-7e35-87e32f667d24",
      "text": {
        "status": "generated",
        "div": "<div xmlns=\"http://www.w3.org/1999/xhtml\">Generated by <a href=\"https://github.com/synthetichealth/synthea\">Synthea</a>.Version identifier: b249772\n .   Person seed: -5397449951506480258  Population seed: 1715890235058</div>"
      },
      "extension": [ {
        "url": "http://hl7.org/fhir/StructureDefinition/us-core-race",
        "valueCodeableConcept": {
          "coding": [ {
            "system": "http://hl7.org/fhir/v3/Race",
            "code": "2054-5",
            "display": "Black or African American"
          } ],
          "text": "Black or African American"
        }
      }, {
        "url": "http://hl7.org/fhir/StructureDefinition/us-core-ethnicity",
        "valueCodeableConcept": {
          "coding": [ {
            "system": "http://hl7.org/fhir/v3/Ethnicity",
            "code": "2186-5",
            "display": "Not Hispanic or Latino"
          } ],
          "text": "Not Hispanic or Latino"
        }
      }, {
        "url": "http://hl7.org/fhir/StructureDefinition/patient-mothersMaidenName",
        "valueString": "Emilia403 Collier206"
      }, {
        "url": "http://hl7.org/fhir/us/core/StructureDefinition/us-core-birthsex",
        "valueCode": "F"
      }, {
        "url": "http://hl7.org/fhir/StructureDefinition/birthPlace",
        "valueAddress": {
          "city": "Hingham",
          "state": "Massachusetts",
          "country": "US"
        }
      }, {
        "url": "http://synthetichealth.github.io/synthea/disability-adjusted-life-years",
        "valueDecimal": 0.0
      }, {
        "url": "http://synthetichealth.github.io/synthea/quality-adjusted-life-years",
        "valueDecimal": 0.0
      } ],
      "identifier": [ {
        "system": "https://github.com/synthetichealth/synthea",
        "value": "a10b1f83-d0b5-6e0e-7e35-87e32f667d24"
      }, {
        "type": {
          "coding": [ {
            "system": "http://hl7.org/fhir/v2/0203",
            "code": "MR"
          } ]
        },
        "system": "http://hospital.smarthealthit.org",
        "value": "a10b1f83-d0b5-6e0e-7e35-87e32f667d24"
      }, {
        "type": {
          "coding": [ {
            "system": "http://hl7.org/fhir/identifier-type",
            "code": "SB"
          } ]
        },
        "system": "http://hl7.org/fhir/sid/us-ssn",
        "value": "999-79-7042"
      } ],
      "name": [ {
        "use": "official",
        "family": [ "Brown30" ],
        "given": [ "Ling534", "Lovella383" ]
      } ],
      "telecom": [ {
        "system": "phone",
        "value": "555-346-1839",
        "use": "home"
      } ],
      "gender": "female",
      "birthDate": "2024-03-17",
      "address": [ {
        "extension": [ {
          "url": "http://hl7.org/fhir/StructureDefinition/geolocation",
          "extension": [ {
            "url": "latitude",
            "valueDecimal": 42.28246518955153
          }, {
            "url": "longitude",
            "valueDecimal": -70.99774321019108
          } ]
        } ],
        "line": [ "157 Skiles Route Suite 15" ],
        "city": "Boston",
        "state": "Massachusetts",
        "postalCode": "02110",
        "country": "US"
      } ],
      "maritalStatus": {
        "coding": [ {
          "system": "http://hl7.org/fhir/v3/MaritalStatus",
          "code": "S"
        } ]
      },
      "multipleBirthInteger": 1,
      "communication": [ {
        "language": {
          "coding": [ {
            "system": "urn:ietf:bcp:47",
            "code": "en-US",
            "display": "English (United States)"
          } ],
          "text": "English (United States)"
        }
      } ]
    },
    "request": {
      "method": "POST",
      "url": "Patient"
    }
  }, {
    "fullUrl": "urn:uuid:3ed510b8-1386-0494-6b48-de9fa05b9bd1",
    "resource": {
      "resourceType": "Encounter",
      "id": "3ed510b8-1386-0494-6b48-de9fa05b9bd1",
      "status": "finished",
      "class": "ambulatory",
      "type": [ {
        "coding": [ {
          "system": "http://snomed.info/sct",
          "code": "410620009",
          "display": "Well child visit (procedure)"
        } ],
        "text": "Well child visit (procedure)"
      } ],
      "patient": {
        "reference": "urn:uuid:a10b1f83-d0b5-6e0e-7e35-87e32f667d24"
      },
      "participant": [ {
        "individual": {
          "reference": "Practitioner?identifier=http://hl7.org/fhir/sid/us-npi|9999979393",
          "display": "Dr. Maggie320 Eichmann909"
        }
      } ],
      "period": {
        "start": "2024-03-17T08:03:09+00:00",
        "end": "2024-03-17T08:18:09+00:00"
      },
      "serviceProvider": {
        "reference": "Organization?identifier=https://github.com/synthetichealth/synthea|4b7e26e6-e5b1-38c9-b4ac-fde9a0f93177",
        "display": "FATHER BILL'S PLACE"
      }
    },
    "request": {
      "method": "POST",
      "url": "Encounter"
    }
  }, {
    "fullUrl": "urn:uuid:824c0760-9f47-2d3a-3969-1af6f8fc3baa",
    "resource": {
      "resourceType": "Condition",
      "id": "824c0760-9f47-2d3a-3969-1af6f8fc3baa",
      "patient": {
        "reference": "urn:uuid:a10b1f83-d0b5-6e0e-7e35-87e32f667d24"
      },
      "encounter": {
        "reference": "urn:uuid:3ed510b8-1386-0494-6b48-de9fa05b9bd1"
      },
      "dateRecorded": "2024-03-17",
      "code": {
        "coding": [ {
          "system": "http://snomed.info/sct",
          "code": "314529007",
          "display": "Medication review due (situation)"
        } ],
        "text": "Medication review due (situation)"
      },
      "category": {
        "coding": [ {
          "system": "http://hl7.org/fhir/condition-category",
          "code": "diagnosis"
        } ]
      },
      "clinicalStatus": "resolved",
      "verificationStatus": "confirmed",
      "onsetDateTime": "2024-03-17T08:03:09+00:00",
      "abatementDateTime": "2024-03-17T08:03:09+00:00"
    },
    "request": {
      "method": "POST",
      "url": "Condition"
    }
  }, {
    "fullUrl": "urn:uuid:a64f9c66-fe30-771a-1951-ff2932be0796",
    "resource": {
      "resourceType": "Observation",
      "id": "a64f9c66-fe30-771a-1951-ff2932be0796",
      "status": "final",
      "category": {
        "coding": [ {
          "system": "http://hl7.org/fhir/observation-category",
          "code": "vital-signs",
          "display": "vital-signs"
        } ],
        "text": "vital-signs"
      },
      "code": {
        "coding": [ {
          "system": "http://loinc.org",
          "code": "8302-2",
          "display": "Body Height"
        } ],
        "text": "Body Height"
      },
      "subject": {
        "reference": "urn:uuid:a10b1f83-d0b5-6e0e-7e35-87e32f667d24"
      },
      "encounter": {
        "reference": "urn:uuid:3ed510b8-1386-0494-6b48-de9fa05b9bd1"
      },
      "effectiveDateTime": "2024-03-17T08:03:09+00:00",
      "issued": "2024-03-17T08:03:09.775+00:00",
      "valueQuantity": {
        "value": 52,
        "unit": "cm",
        "system": "http://unitsofmeasure.org",
        "code": "cm"
      }
    },
    "request": {
      "method": "POST",
      "url": "Observation"
    }
  }, {
    "fullUrl": "urn:uuid:22dec7f0-ea03-b5b3-6b17-98b6415c31fb",
    "resource": {
      "resourceType": "Observation",
      "id": "22dec7f0-ea03-b5b3-6b17-98b6415c31fb",
      "status": "final",
      "category": {
        "coding": [ {
          "system": "http://hl7.org/fhir/observation-category",
          "code": "vital-signs",
          "display": "vital-signs"
        } ],
        "text": "vital-signs"
      },
      "code": {
        "coding": [ {
          "system": "http://loinc.org",
          "code": "72514-3",
          "display": "Pain severity - 0-10 verbal numeric rating [Score] - Reported"
        } ],
        "text": "Pain severity - 0-10 verbal numeric rating [Score] - Reported"
      },
      "subject": {
        "reference": "urn:uuid:a10b1f83-d0b5-6e0e-7e35-87e32f667d24"
      },
      "encounter": {
        "reference": "urn:uuid:3ed510b8-1386-0494-6b48-de9fa05b9bd1"
      },
      "effectiveDateTime": "2024-03-17T08:03:09+00:00",
      "issued": "2024-03-17T08:03:09.775+00:00",
      "valueQuantity": {
        "value": 3,
        "unit": "{score}",
        "system": "http://unitsofmeasure.org",
        "code": "{score}"
      }
    },
    "request": {
      "method": "POST",
      "url": "Observation"
    }
  }, {
    "fullUrl": "urn:uuid:a34019cc-e399-f6de-71e6-4ecaa475f9bb",
    "resource": {
      "resourceType": "Observation",
      "id": "a34019cc-e399-f6de-71e6-4ecaa475f9bb",
      "status": "final",
      "category": {
        "coding": [ {
          "system": "http://hl7.org/fhir/observation-category",
          "code": "vital-signs",
          "display": "vital-signs"
        } ],
        "text": "vital-signs"
      },
      "code": {
        "coding": [ {
          "system": "http://loinc.org",
          "code": "29463-7",
          "display": "Body Weight"
        } ],
        "text": "Body Weight"
      },
      "subject": {
        "reference": "urn:uuid:a10b1f83-d0b5-6e0e-7e35-87e32f667d24"
      },
      "encounter": {
        "reference": "urn:uuid:3ed510b8-1386-0494-6b48-de9fa05b9bd1"
      },
      "effectiveDateTime": "2024-03-17T08:03:09+00:00",
      "issued": "2024-03-17T08:03:09.775+00:00",
      "valueQuantity": {
        "value": 3.6000,
        "unit": "kg",
        "system": "http://unitsofmeasure.org",
        "code": "kg"
      }
    },
    "request": {
      "method": "POST",
      "url": "Observation"
    }
  }, {
    "fullUrl": "urn:uuid:826ad163-6f50-0091-af26-3fd39def317b",
    "resource": {
      "resourceType": "Observation",
      "id": "826ad163-6f50-0091-af26-3fd39def317b",
      "status": "final",
      "category": {
        "coding": [ {
          "system": "http://hl7.org/fhir/observation-category",
          "code": "vital-signs",
          "display": "vital-signs"
        } ],
        "text": "vital-signs"
      },
      "code": {
        "coding": [ {
          "system": "http://loinc.org",
          "code": "77606-2",
          "display": "Weight-for-length Per age and sex"
        } ],
        "text": "Weight-for-length Per age and sex"
      },
      "subject": {
        "reference": "urn:uuid:a10b1f83-d0b5-6e0e-7e35-87e32f667d24"
      },
      "encounter": {
        "reference": "urn:uuid:3ed510b8-1386-0494-6b48-de9fa05b9bd1"
      },
      "effectiveDateTime": "2024-03-17T08:03:09+00:00",
      "issued": "2024-03-17T08:03:09.775+00:00",
      "valueQuantity": {
        "value": 16.006,
        "unit": "%",
        "system": "http://unitsofmeasure.org",
        "code": "%"
      }
    },
    "request": {
      "method": "POST",
      "url": "Observation"
    }
  }, {
    "fullUrl": "urn:uuid:f0403308-b0d3-a167-c883-496522591e79",
    "resource": {
      "resourceType": "Observation",
      "id": "f0403308-b0d3-a167-c883-496522591e79",
      "status": "final",
      "category": {
        "coding": [ {
          "system": "http://hl7.org/fhir/observation-category",
          "code": "vital-signs",
          "display": "vital-signs"
        } ],
        "text": "vital-signs"
      },
      "code": {
        "coding": [ {
          "system": "http://loinc.org",
          "code": "8289-1",
          "display": "Head Occipital-frontal circumference Percentile"
        } ],
        "text": "Head Occipital-frontal circumference Percentile"
      },
      "subject": {
        "reference": "urn:uuid:a10b1f83-d0b5-6e0e-7e35-87e32f667d24"
      },
      "encounter": {
        "reference": "urn:uuid:3ed510b8-1386-0494-6b48-de9fa05b9bd1"
      },
      "effectiveDateTime": "2024-03-17T08:03:09+00:00",
      "issued": "2024-03-17T08:03:09.775+00:00",
      "valueQuantity": {
        "value": 57.380,
        "unit": "%",
        "system": "http://unitsofmeasure.org",
        "code": "%"
      }
    },
    "request": {
      "method": "POST",
      "url": "Observation"
    }
  }, {
    "fullUrl": "urn:uuid:a6ad6e78-9960-0cbe-87f6-b547590af01a",
    "resource": {
      "resourceType": "Observation",
      "id": "a6ad6e78-9960-0cbe-87f6-b547590af01a",
      "status": "final",
      "category": {
        "coding": [ {
          "system": "http://hl7.org/fhir/observation-category",
          "code": "vital-signs",
          "display": "vital-signs"
        } ],
        "text": "vital-signs"
      },
      "code": {
        "coding": [ {
          "system": "http://loinc.org",
          "code": "9843-4",
          "display": "Head Occipital-frontal circumference"
        } ],
        "text": "Head Occipital-frontal circumference"
      },
      "subject": {
        "reference": "urn:uuid:a10b1f83-d0b5-6e0e-7e35-87e32f667d24"
      },
      "encounter": {
        "reference": "urn:uuid:3ed510b8-1386-0494-6b48-de9fa05b9bd1"
      },
      "effectiveDateTime": "2024-03-17T08:03:09+00:00",
      "issued": "2024-03-17T08:03:09.775+00:00",
      "valueQuantity": {
        "value": 35.020,
        "unit": "cm",
        "system": "http://unitsofmeasure.org",
        "code": "cm"
      }
    },
    "request": {
      "method": "POST",
      "url": "Observation"
    }
  }, {
    "fullUrl": "urn:uuid:d8da5c46-5da9-7a33-137d-b0412a6ec608",
    "resource": {
      "resourceType": "Observation",
      "id": "d8da5c46-5da9-7a33-137d-b0412a6ec608",
      "status": "final",
      "category": {
        "coding": [ {
          "system": "http://hl7.org/fhir/observation-category",
          "code": "vital-signs",
          "display": "vital-signs"
        } ],
        "text": "vital-signs"
      },
      "code": {
        "coding": [ {
          "system": "http://loinc.org",
          "code": "85354-9",
          "display": "Blood pressure panel with all children optional"
        } ],
        "text": "Blood pressure panel with all children optional"
      },
      "subject": {
        "reference": "urn:uuid:a10b1f83-d0b5-6e0e-7e35-87e32f667d24"
      },
      "encounter": {
        "reference": "urn:uuid:3ed510b8-1386-0494-6b48-de9fa05b9bd1"
      },
      "effectiveDateTime": "2024-03-17T08:03:09+00:00",
      "issued": "2024-03-17T08:03:09.775+00:00",
      "component": [ {
        "code": {
          "coding": [ {
            "system": "http://loinc.org",
            "code": "8462-4",
            "display": "Diastolic Blood Pressure"
          } ],
          "text": "Diastolic Blood Pressure"
        },
        "valueQuantity": {
          "value": 80,
          "unit": "mm[Hg]",
          "system": "http://unitsofmeasure.org",
          "code": "mm[Hg]"
        }
      }, {
        "code": {
          "coding": [ {
            "system": "http://loinc.org",
            "code": "8480-6",
            "display": "Systolic Blood Pressure"
          } ],
          "text": "Systolic Blood Pressure"
        },
        "valueQuantity": {
          "value": 116,
          "unit": "mm[Hg]",
          "system": "http://unitsofmeasure.org",
          "code": "mm[Hg]"
        }
      } ]
    },
    "request": {
      "method": "POST",
      "url": "Observation"
    }
  }, {
    "fullUrl": "urn:uuid:6914a2e3-4d05-30ea-abab-a7828e1ccb07",
    "resource": {
      "resourceType": "Observation",
      "id": "6914a2e3-4d05-30ea-abab-a7828e1ccb07",
      "status": "final",
      "category": {
        "coding": [ {
          "system": "http://hl7.org/fhir/observation-category",
          "code": "vital-signs",
          "display": "vital-signs"
        } ],
        "text": "vital-signs"
      },
      "code": {
        "coding": [ {
          "system": "http://loinc.org",
          "code": "8867-4",
          "display": "Heart rate"
        } ],
        "text": "Heart rate"
      },
      "subject": {
        "reference": "urn:uuid:a10b1f83-d0b5-6e0e-7e35-87e32f667d24"
      },
      "encounter": {
        "reference": "urn:uuid:3ed510b8-1386-0494-6b48-de9fa05b9bd1"
      },
      "effectiveDateTime": "2024-03-17T08:03:09+00:00",
      "issued": "2024-03-17T08:03:09.775+00:00",
      "valueQuantity": {
        "value": 79,
        "unit": "/min",
        "system": "http://unitsofmeasure.org",
        "code": "/min"
      }
    },
    "request": {
      "method": "POST",
      "url": "Observation"
    }
  }, {
    "fullUrl": "urn:uuid:f9b1fe7b-5ad9-460e-1780-adde55c7e21e",
    "resource": {
      "resourceType": "Observation",
      "id": "f9b1fe7b-5ad9-460e-1780-adde55c7e21e",
      "status": "final",
      "category": {
        "coding": [ {
          "system": "http://hl7.org/fhir/observation-category",
          "code": "vital-signs",
          "display": "vital-signs"
        } ],
        "text": "vital-signs"
      },
      "code": {
        "coding": [ {
          "system": "http://loinc.org",
          "code": "9279-1",
          "display": "Respiratory rate"
        } ],
        "text": "Respiratory rate"
      },
      "subject": {
        "reference": "urn:uuid:a10b1f83-d0b5-6e0e-7e35-87e32f667d24"
      },
      "encounter": {
        "reference": "urn:uuid:3ed510b8-1386-0494-6b48-de9fa05b9bd1"
      },
      "effectiveDateTime": "2024-03-17T08:03:09+00:00",
      "issued": "2024-03-17T08:03:09.775+00:00",
      "valueQuantity": {
        "value": 13,
        "unit": "/min",
        "system": "http://unitsofmeasure.org",
        "code": "/min"
      }
    },
    "request": {
      "method": "POST",
      "url": "Observation"
    }
  }, {
    "fullUrl": "urn:uuid:785bccf2-f044-d951-1635-1490036e0f9c",
    "resource": {
      "resourceType": "Observation",
      "id": "785bccf2-f044-d951-1635-1490036e0f9c",
      "status": "final",
      "category": {
        "coding": [ {
          "system": "http://hl7.org/fhir/observation-category",
          "code": "laboratory",
          "display": "laboratory"
        } ],
        "text": "laboratory"
      },
      "code": {
        "coding": [ {
          "system": "http://loinc.org",
          "code": "6690-2",
          "display": "Leukocytes [#/volume] in Blood by Automated count"
        } ],
        "text": "Leukocytes [#/volume] in Blood by Automated count"
      },
      "subject": {
        "reference": "urn:uuid:a10b1f83-d0b5-6e0e-7e35-87e32f667d24"
      },
      "encounter": {
        "reference": "urn:uuid:3ed510b8-1386-0494-6b48-de9fa05b9bd1"
      },
      "effectiveDateTime": "2024-03-17T08:03:09+00:00",
      "issued": "2024-03-17T08:03:09.775+00:00",
      "valueQuantity": {
        "value": 8.7312,
        "unit": "10*3/uL",
        "system": "http://unitsofmeasure.org",
        "code": "10*3/uL"
      }
    },
    "request": {
      "method": "POST",
      "url": "Observation"
    }
  }, {
    "fullUrl": "urn:uuid:afdabe4a-5772-ffc9-2c1b-42445bc35f47",
    "resource": {
      "resourceType": "Observation",
      "id": "afdabe4a-5772-ffc9-2c1b-42445bc35f47",
      "status": "final",
      "category": {
        "coding": [ {
          "system": "http://hl7.org/fhir/observation-category",
          "code": "laboratory",
          "display": "laboratory"
        } ],
        "text": "laboratory"
      },
      "code": {
        "coding": [ {
          "system": "http://loinc.org",
          "code": "789-8",
          "display": "Erythrocytes [#/volume] in Blood by Automated count"
        } ],
        "text": "Erythrocytes [#/volume] in Blood by Automated count"
      },
      "subject": {
        "reference": "urn:uuid:a10b1f83-d0b5-6e0e-7e35-87e32f667d24"
      },
      "encounter": {
        "reference": "urn:uuid:3ed510b8-1386-0494-6b48-de9fa05b9bd1"
      },
      "effectiveDateTime": "2024-03-17T08:03:09+00:00",
      "issued": "2024-03-17T08:03:09.775+00:00",
      "valueQuantity": {
        "value": 4.8484,
        "unit": "10*6/uL",
        "system": "http://unitsofmeasure.org",
        "code": "10*6/uL"
      }
    },
    "request": {
      "method": "POST",
      "url": "Observation"
    }
  }, {
    "fullUrl": "urn:uuid:6c23c416-2819-64f0-1bfb-d3e7cd684a3d",
    "resource": {
      "resourceType": "Observation",
      "id": "6c23c416-2819-64f0-1bfb-d3e7cd684a3d",
      "status": "final",
      "category": {
        "coding": [ {
          "system": "http://hl7.org/fhir/observation-category",
          "code": "laboratory",
          "display": "laboratory"
        } ],
        "text": "laboratory"
      },
      "code": {
        "coding": [ {
          "system": "http://loinc.org",
          "code": "718-7",
          "display": "Hemoglobin [Mass/volume] in Blood"
        } ],
        "text": "Hemoglobin [Mass/volume] in Blood"
      },
      "subject": {
        "reference": "urn:uuid:a10b1f83-d0b5-6e0e-7e35-87e32f667d24"
      },
      "encounter": {
        "reference": "urn:uuid:3ed510b8-1386-0494-6b48-de9fa05b9bd1"
      },
      "effectiveDateTime": "2024-03-17T08:03:09+00:00",
      "issued": "2024-03-17T08:03:09.775+00:00",
      "valueQuantity": {
        "value": 14.897,
        "unit": "g/dL",
        "system": "http://unitsofmeasure.org",
        "code": "g/dL"
      }
    },
    "request": {
      "method": "POST",
      "url": "Observation"
    }
  }, {
    "fullUrl": "urn:uuid:7c9a12e9-8e7c-b372-26ea-0b0dfcc95091",
    "resource": {
      "resourceType": "Observation",
      "id": "7c9a12e9-8e7c-b372-26ea-0b0dfcc95091",
      "status": "final",
      "category": {
        "coding": [ {
          "system": "http://hl7.org/fhir/observation-category",
          "code": "laboratory",
          "display": "laboratory"
        } ],
        "text": "laboratory"
      },
      "code": {
        "coding": [ {
          "system": "http://loinc.org",
          "code": "4544-3",
          "display": "Hematocrit [Volume Fraction] of Blood by Automated count"
        } ],
        "text": "Hematocrit [Volume Fraction] of Blood by Automated count"
      },
      "subject": {
        "reference": "urn:uuid:a10b1f83-d0b5-6e0e-7e35-87e32f667d24"
      },
      "encounter": {
        "reference": "urn:uuid:3ed510b8-1386-0494-6b48-de9fa05b9bd1"
      },
      "effectiveDateTime": "2024-03-17T08:03:09+00:00",
      "issued": "2024-03-17T08:03:09.775+00:00",
      "valueQuantity": {
        "value": 44.614,
        "unit": "%",
        "system": "http://unitsofmeasure.org",
        "code": "%"
      }
    },
    "request": {
      "method": "POST",
      "url": "Observation"
    }
  }, {
    "fullUrl": "urn:uuid:70ddecae-3b41-a34d-a160-a7ff1dff2253",
    "resource": {
      "resourceType": "Observation",
      "id": "70ddecae-3b41-a34d-a160-a7ff1dff2253",
      "status": "final",
      "category": {
        "coding": [ {
          "system": "http://hl7.org/fhir/observation-category",
          "code": "laboratory",
          "display": "laboratory"
        } ],
        "text": "laboratory"
      },
      "code": {
        "coding": [ {
          "system": "http://loinc.org",
          "code": "787-2",
          "display": "MCV [Entitic volume] by Automated count"
        } ],
        "text": "MCV [Entitic volume] by Automated count"
      },
      "subject": {
        "reference": "urn:uuid:a10b1f83-d0b5-6e0e-7e35-87e32f667d24"
      },
      "encounter": {
        "reference": "urn:uuid:3ed510b8-1386-0494-6b48-de9fa05b9bd1"
      },
      "effectiveDateTime": "2024-03-17T08:03:09+00:00",
      "issued": "2024-03-17T08:03:09.775+00:00",
      "valueQuantity": {
        "value": 80.908,
        "unit": "fL",
        "system": "http://unitsofmeasure.org",
        "code": "fL"
      }
    },
    "request": {
      "method": "POST",
      "url": "Observation"
    }
  }, {
    "fullUrl": "urn:uuid:9ca306f7-ac0e-59dd-1374-fa106ab37b35",
    "resource": {
      "resourceType": "Observation",
      "id": "9ca306f7-ac0e-59dd-1374-fa106ab37b35",
      "status": "final",
      "category": {
        "coding": [ {
          "system": "http://hl7.org/fhir/observation-category",
          "code": "laboratory",
          "display": "laboratory"
        } ],
        "text": "laboratory"
      },
      "code": {
        "coding": [ {
          "system": "http://loinc.org",
          "code": "785-6",
          "display": "MCH [Entitic mass] by Automated count"
        } ],
        "text": "MCH [Entitic mass] by Automated count"
      },
      "subject": {
        "reference": "urn:uuid:a10b1f83-d0b5-6e0e-7e35-87e32f667d24"
      },
      "encounter": {
        "reference": "urn:uuid:3ed510b8-1386-0494-6b48-de9fa05b9bd1"
      },
      "effectiveDateTime": "2024-03-17T08:03:09+00:00",
      "issued": "2024-03-17T08:03:09.775+00:00",
      "valueQuantity": {
        "value": 32.153,
        "unit": "pg",
        "system": "http://unitsofmeasure.org",
        "code": "pg"
      }
    },
    "request": {
      "method": "POST",
      "url": "Observation"
    }
  }, {
    "fullUrl": "urn:uuid:8a3a35d7-26ab-748a-f71e-3c74fb6d442d",
    "resource": {
      "resourceType": "Observation",
      "id": "8a3a35d7-26ab-748a-f71e-3c74fb6d442d",
      "status": "final",
      "category": {
        "coding": [ {
          "system": "http://hl7.org/fhir/observation-category",
          "code": "laboratory",
          "display": "laboratory"
        } ],
        "text": "laboratory"
      },
      "code": {
        "coding": [ {
          "system": "http://loinc.org",
          "code": "786-4",
          "display": "MCHC [Mass/volume] by Automated count"
        } ],
        "text": "MCHC [Mass/volume] by Automated count"
      },
      "subject": {
        "reference": "urn:uuid:a10b1f83-d0b5-6e0e-7e35-87e32f667d24"
      },
      "encounter": {
        "reference": "urn:uuid:3ed510b8-1386-0494-6b48-de9fa05b9bd1"
      },
      "effectiveDateTime": "2024-03-17T08:03:09+00:00",
      "issued": "2024-03-17T08:03:09.775+00:00",
      "valueQuantity": {
        "value": 34.443,
        "unit": "g/dL",
        "system": "http://unitsofmeasure.org",
        "code": "g/dL"
      }
    },
    "request": {
      "method": "POST",
      "url": "Observation"
    }
  }, {
    "fullUrl": "urn:uuid:28187f0d-d98a-110b-9560-634b9690b2e4",
    "resource": {
      "resourceType": "Observation",
      "id": "28187f0d-d98a-110b-9560-634b9690b2e4",
      "status": "final",
      "category": {
        "coding": [ {
          "system": "http://hl7.org/fhir/observation-category",
          "code": "laboratory",
          "display": "laboratory"
        } ],
        "text": "laboratory"
      },
      "code": {
        "coding": [ {
          "system": "http://loinc.org",
          "code": "21000-5",
          "display": "Erythrocyte distribution width [Entitic volume] by Automated count"
        } ],
        "text": "Erythrocyte distribution width [Entitic volume] by Automated count"
      },
      "subject": {
        "reference": "urn:uuid:a10b1f83-d0b5-6e0e-7e35-87e32f667d24"
      },
      "encounter": {
        "reference": "urn:uuid:3ed510b8-1386-0494-6b48-de9fa05b9bd1"
      },
      "effectiveDateTime": "2024-03-17T08:03:09+00:00",
      "issued": "2024-03-17T08:03:09.775+00:00",
      "valueQuantity": {
        "value": 43.520,
        "unit": "fL",
        "system": "http://unitsofmeasure.org",
        "code": "fL"
      }
    },
    "request": {
      "method": "POST",
      "url": "Observation"
    }
  }, {
    "fullUrl": "urn:uuid:e3725ab3-6c94-4e81-3a64-1f90b90320d2",
    "resource": {
      "resourceType": "Observation",
      "id": "e3725ab3-6c94-4e81-3a64-1f90b90320d2",
      "status": "final",
      "category": {
        "coding": [ {
          "system": "http://hl7.org/fhir/observation-category",
          "code": "laboratory",
          "display": "laboratory"
        } ],
        "text": "laboratory"
      },
      "code": {
        "coding": [ {
          "system": "http://loinc.org",
          "code": "777-3",
          "display": "Platelets [#/volume] in Blood by Automated count"
        } ],
        "text": "Platelets [#/volume] in Blood by Automated count"
      },
      "subject": {
        "reference": "urn:uuid:a10b1f83-d0b5-6e0e-7e35-87e32f667d24"
      },
      "encounter": {
        "reference": "urn:uuid:3ed510b8-1386-0494-6b48-de9fa05b9bd1"
      },
      "effectiveDateTime": "2024-03-17T08:03:09+00:00",
      "issued": "2024-03-17T08:03:09.775+00:00",
      "valueQuantity": {
        "value": 410.64,
        "unit": "10*3/uL",
        "system": "http://unitsofmeasure.org",
        "code": "10*3/uL"
      }
    },
    "request": {
      "method": "POST",
      "url": "Observation"
    }
  }, {
    "fullUrl": "urn:uuid:9e7b7da4-b9d6-a8d5-be4d-6a349ea74454",
    "resource": {
      "resourceType": "Observation",
      "id": "9e7b7da4-b9d6-a8d5-be4d-6a349ea74454",
      "status": "final",
      "category": {
        "coding": [ {
          "system": "http://hl7.org/fhir/observation-category",
          "code": "laboratory",
          "display": "laboratory"
        } ],
        "text": "laboratory"
      },
      "code": {
        "coding": [ {
          "system": "http://loinc.org",
          "code": "32207-3",
          "display": "Platelet distribution width [Entitic volume] in Blood by Automated count"
        } ],
        "text": "Platelet distribution width [Entitic volume] in Blood by Automated count"
      },
      "subject": {
        "reference": "urn:uuid:a10b1f83-d0b5-6e0e-7e35-87e32f667d24"
      },
      "encounter": {
        "reference": "urn:uuid:3ed510b8-1386-0494-6b48-de9fa05b9bd1"
      },
      "effectiveDateTime": "2024-03-17T08:03:09+00:00",
      "issued": "2024-03-17T08:03:09.775+00:00",
      "valueQuantity": {
        "value": 304.95,
        "unit": "fL",
        "system": "http://unitsofmeasure.org",
        "code": "fL"
      }
    },
    "request": {
      "method": "POST",
      "url": "Observation"
    }
  }, {
    "fullUrl": "urn:uuid:f60a6763-ac4c-4418-cd7f-259c00ede429",
    "resource": {
      "resourceType": "Observation",
      "id": "f60a6763-ac4c-4418-cd7f-259c00ede429",
      "status": "final",
      "category": {
        "coding": [ {
          "system": "http://hl7.org/fhir/observation-category",
          "code": "laboratory",
          "display": "laboratory"
        } ],
        "text": "laboratory"
      },
      "code": {
        "coding": [ {
          "system": "http://loinc.org",
          "code": "32623-1",
          "display": "Platelet mean volume [Entitic volume] in Blood by Automated count"
        } ],
        "text": "Platelet mean volume [Entitic volume] in Blood by Automated count"
      },
      "subject": {
        "reference": "urn:uuid:a10b1f83-d0b5-6e0e-7e35-87e32f667d24"
      },
      "encounter": {
        "reference": "urn:uuid:3ed510b8-1386-0494-6b48-de9fa05b9bd1"
      },
      "effectiveDateTime": "2024-03-17T08:03:09+00:00",
      "issued": "2024-03-17T08:03:09.775+00:00",
      "valueQuantity": {
        "value": 11.993,
        "unit": "fL",
        "system": "http://unitsofmeasure.org",
        "code": "fL"
      }
    },
    "request": {
      "method": "POST",
      "url": "Observation"
    }
  }, {
    "fullUrl": "urn:uuid:5bafaa22-c21d-1a0c-746d-bdec66d1e64d",
    "resource": {
      "resourceType": "Observation",
      "id": "5bafaa22-c21d-1a0c-746d-bdec66d1e64d",
      "status": "final",
      "category": {
        "coding": [ {
          "system": "http://hl7.org/fhir/observation-category",
          "code": "social-history",
          "display": "social-history"
        } ],
        "text": "social-history"
      },
      "code": {
        "coding": [ {
          "system": "http://loinc.org",
          "code": "72166-2",
          "display": "Tobacco smoking status"
        } ],
        "text": "Tobacco smoking status"
      },
      "subject": {
        "reference": "urn:uuid:a10b1f83-d0b5-6e0e-7e35-87e32f667d24"
      },
      "encounter": {
        "reference": "urn:uuid:3ed510b8-1386-0494-6b48-de9fa05b9bd1"
      },
      "effectiveDateTime": "2024-03-17T08:03:09+00:00",
      "issued": "2024-03-17T08:03:09.775+00:00",
      "valueCodeableConcept": {
        "coding": [ {
          "system": "http://snomed.info/sct",
          "code": "266919005",
          "display": "Never smoked tobacco (finding)"
        } ],
        "text": "Never smoked tobacco (finding)"
      }
    },
    "request": {
      "method": "POST",
      "url": "Observation"
    }
  }, {
    "fullUrl": "urn:uuid:44489f48-9fef-a982-9f47-f71e475fb2a8",
    "resource": {
      "resourceType": "Procedure",
      "id": "44489f48-9fef-a982-9f47-f71e475fb2a8",
      "subject": {
        "reference": "urn:uuid:a10b1f83-d0b5-6e0e-7e35-87e32f667d24"
      },
      "status": "completed",
      "code": {
        "coding": [ {
          "system": "http://snomed.info/sct",
          "code": "430193006",
          "display": "Medication Reconciliation (procedure)"
        } ],
        "text": "Medication Reconciliation (procedure)"
      },
      "performedPeriod": {
        "start": "2024-03-17T08:03:09+00:00",
        "end": "2024-03-17T08:18:09+00:00"
      },
      "encounter": {
        "reference": "urn:uuid:3ed510b8-1386-0494-6b48-de9fa05b9bd1"
      }
    },
    "request": {
      "method": "POST",
      "url": "Procedure"
    }
  }, {
    "fullUrl": "urn:uuid:2943c668-0ea9-84ee-25d1-29a513b92ffa",
    "resource": {
      "resourceType": "Immunization",
      "id": "2943c668-0ea9-84ee-25d1-29a513b92ffa",
      "status": "completed",
      "date": "2024-03-17T08:03:09+00:00",
      "vaccineCode": {
        "coding": [ {
          "system": "http://hl7.org/fhir/sid/cvx",
          "code": "08",
          "display": "Hep B, adolescent or pediatric"
        } ],
        "text": "Hep B, adolescent or pediatric"
      },
      "patient": {
        "reference": "urn:uuid:a10b1f83-d0b5-6e0e-7e35-87e32f667d24"
      },
      "wasNotGiven": false,
      "reported": false,
      "encounter": {
        "reference": "urn:uuid:3ed510b8-1386-0494-6b48-de9fa05b9bd1"
      }
    },
    "request": {
      "method": "POST",
      "url": "Immunization"
    }
  }, {
    "fullUrl": "urn:uuid:a055b1a1-0d03-36eb-3e88-e028a8804fdd",
    "resource": {
      "resourceType": "DiagnosticReport",
      "id": "a055b1a1-0d03-36eb-3e88-e028a8804fdd",
      "status": "final",
      "category": {
        "coding": [ {
          "system": "http://hl7.org/fhir/ValueSet/diagnostic-service-sections",
          "code": "LAB"
        } ]
      },
      "code": {
        "coding": [ {
          "system": "http://loinc.org",
          "code": "58410-2",
          "display": "CBC panel - Blood by Automated count"
        } ],
        "text": "CBC panel - Blood by Automated count"
      },
      "subject": {
        "reference": "urn:uuid:a10b1f83-d0b5-6e0e-7e35-87e32f667d24"
      },
      "encounter": {
        "reference": "urn:uuid:3ed510b8-1386-0494-6b48-de9fa05b9bd1"
      },
      "effectiveDateTime": "2024-03-17T08:03:09+00:00",
      "issued": "2024-03-17T08:03:09.775+00:00",
      "performer": {
        "reference": "Organization?identifier=https://github.com/synthetichealth/synthea|4b7e26e6-e5b1-38c9-b4ac-fde9a0f93177",
        "display": "FATHER BILL'S PLACE"
      },
      "result": [ {
        "reference": "urn:uuid:f60a6763-ac4c-4418-cd7f-259c00ede429",
        "display": "Platelet mean volume [Entitic volume] in Blood by Automated count"
      } ]
    },
    "request": {
      "method": "POST",
      "url": "DiagnosticReport"
    }
  }, {
    "fullUrl": "urn:uuid:ac813639-adba-5f2a-b0c4-288d69d286d2",
    "resource": {
      "resourceType": "Claim",
      "id": "ac813639-adba-5f2a-b0c4-288d69d286d2",
      "type": "institutional",
      "organization": {
        "reference": "Organization?identifier=https://github.com/synthetichealth/synthea|4b7e26e6-e5b1-38c9-b4ac-fde9a0f93177",
        "display": "FATHER BILL'S PLACE"
      },
      "use": "complete",
      "diagnosis": [ {
        "sequence": 1,
        "diagnosis": {
          "system": "http://snomed.info/sct",
          "code": "314529007",
          "display": "Medication review due (situation)"
        }
      } ],
      "patient": {
        "reference": "urn:uuid:a10b1f83-d0b5-6e0e-7e35-87e32f667d24"
      },
      "item": [ {
        "sequence": 1,
        "type": {
          "system": "http://hl7.org/fhir/v3/ActCode",
          "code": "CSINV",
          "display": "clinical service invoice"
        },
        "service": {
          "system": "http://snomed.info/sct",
          "code": "410620009",
          "display": "Well child visit (procedure)"
        }
      }, {
        "sequence": 2,
        "type": {
          "system": "http://hl7.org/fhir/v3/ActCode",
          "code": "CSINV",
          "display": "clinical service invoice"
        },
        "service": {
          "system": "http://hl7.org/fhir/sid/cvx",
          "code": "08",
          "display": "Hep B, adolescent or pediatric"
        },
        "net": {
          "value": 136.00,
          "system": "urn:iso:std:iso:4217",
          "code": "USD"
        }
      }, {
        "sequence": 4,
        "type": {
          "system": "http://hl7.org/fhir/v3/ActCode",
          "code": "CSINV",
          "display": "clinical service invoice"
        },
        "service": {
          "system": "http://snomed.info/sct",
          "code": "430193006",
          "display": "Medication Reconciliation (procedure)"
        },
        "net": {
          "value": 704.49,
          "system": "urn:iso:std:iso:4217",
          "code": "USD"
        }
      }, {
        "sequence": 5,
        "type": {
          "system": "http://hl7.org/fhir/v3/ActCode",
          "code": "CSINV",
          "display": "clinical service invoice"
        },
        "service": {
          "system": "http://loinc.org",
          "code": "58410-2",
          "display": "CBC panel - Blood by Automated count"
        },
        "net": {
          "value": 74.58,
          "system": "urn:iso:std:iso:4217",
          "code": "USD"
        }
      } ]
    },
    "request": {
      "method": "POST",
      "url": "Claim"
    }
  }, {
    "fullUrl": "urn:uuid:e31ad85f-fad8-25fa-8262-d4496015ec14",
    "resource": {
      "resourceType": "Encounter",
      "id": "e31ad85f-fad8-25fa-8262-d4496015ec14",
      "status": "finished",
      "class": "ambulatory",
      "type": [ {
        "coding": [ {
          "system": "http://snomed.info/sct",
          "code": "410620009",
          "display": "Well child visit (procedure)"
        } ],
        "text": "Well child visit (procedure)"
      } ],
      "patient": {
        "reference": "urn:uuid:a10b1f83-d0b5-6e0e-7e35-87e32f667d24"
      },
      "participant": [ {
        "individual": {
          "reference": "Practitioner?identifier=http://hl7.org/fhir/sid/us-npi|9999979393",
          "display": "Dr. Maggie320 Eichmann909"
        }
      } ],
      "period": {
        "start": "2024-04-21T08:03:09+00:00",
        "end": "2024-04-21T08:18:09+00:00"
      },
      "serviceProvider": {
        "reference": "Organization?identifier=https://github.com/synthetichealth/synthea|4b7e26e6-e5b1-38c9-b4ac-fde9a0f93177",
        "display": "FATHER BILL'S PLACE"
      }
    },
    "request": {
      "method": "POST",
      "url": "Encounter"
    }
  }, {
    "fullUrl": "urn:uuid:0b454b18-53b2-8473-f1bb-e3f571f74928",
    "resource": {
      "resourceType": "Condition",
      "id": "0b454b18-53b2-8473-f1bb-e3f571f74928",
      "patient": {
        "reference": "urn:uuid:a10b1f83-d0b5-6e0e-7e35-87e32f667d24"
      },
      "encounter": {
        "reference": "urn:uuid:e31ad85f-fad8-25fa-8262-d4496015ec14"
      },
      "dateRecorded": "2024-04-21",
      "code": {
        "coding": [ {
          "system": "http://snomed.info/sct",
          "code": "314529007",
          "display": "Medication review due (situation)"
        } ],
        "text": "Medication review due (situation)"
      },
      "category": {
        "coding": [ {
          "system": "http://hl7.org/fhir/condition-category",
          "code": "diagnosis"
        } ]
      },
      "clinicalStatus": "resolved",
      "verificationStatus": "confirmed",
      "onsetDateTime": "2024-04-21T08:03:09+00:00",
      "abatementDateTime": "2024-04-21T08:03:09+00:00"
    },
    "request": {
      "method": "POST",
      "url": "Condition"
    }
  }, {
    "fullUrl": "urn:uuid:bc9dc374-bbab-7ffa-4333-4c91e76b1ed8",
    "resource": {
      "resourceType": "Observation",
      "id": "bc9dc374-bbab-7ffa-4333-4c91e76b1ed8",
      "status": "final",
      "category": {
        "coding": [ {
          "system": "http://hl7.org/fhir/observation-category",
          "code": "vital-signs",
          "display": "vital-signs"
        } ],
        "text": "vital-signs"
      },
      "code": {
        "coding": [ {
          "system": "http://loinc.org",
          "code": "8302-2",
          "display": "Body Height"
        } ],
        "text": "Body Height"
      },
      "subject": {
        "reference": "urn:uuid:a10b1f83-d0b5-6e0e-7e35-87e32f667d24"
      },
      "encounter": {
        "reference": "urn:uuid:e31ad85f-fad8-25fa-8262-d4496015ec14"
      },
      "effectiveDateTime": "2024-04-21T08:03:09+00:00",
      "issued": "2024-04-21T08:03:09.775+00:00",
      "valueQuantity": {
        "value": 55.600,
        "unit": "cm",
        "system": "http://unitsofmeasure.org",
        "code": "cm"
      }
    },
    "request": {
      "method": "POST",
      "url": "Observation"
    }
  }, {
    "fullUrl": "urn:uuid:924d5bcf-788f-2e38-0cf2-c79dda0d1dee",
    "resource": {
      "resourceType": "Observation",
      "id": "924d5bcf-788f-2e38-0cf2-c79dda0d1dee",
      "status": "final",
      "category": {
        "coding": [ {
          "system": "http://hl7.org/fhir/observation-category",
          "code": "vital-signs",
          "display": "vital-signs"
        } ],
        "text": "vital-signs"
      },
      "code": {
        "coding": [ {
          "system": "http://loinc.org",
          "code": "72514-3",
          "display": "Pain severity - 0-10 verbal numeric rating [Score] - Reported"
        } ],
        "text": "Pain severity - 0-10 verbal numeric rating [Score] - Reported"
      },
      "subject": {
        "reference": "urn:uuid:a10b1f83-d0b5-6e0e-7e35-87e32f667d24"
      },
      "encounter": {
        "reference": "urn:uuid:e31ad85f-fad8-25fa-8262-d4496015ec14"
      },
      "effectiveDateTime": "2024-04-21T08:03:09+00:00",
      "issued": "2024-04-21T08:03:09.775+00:00",
      "valueQuantity": {
        "value": 0,
        "unit": "{score}",
        "system": "http://unitsofmeasure.org",
        "code": "{score}"
      }
    },
    "request": {
      "method": "POST",
      "url": "Observation"
    }
  }, {
    "fullUrl": "urn:uuid:6b8edb17-8a45-f3ed-ddf5-e030bb7357b6",
    "resource": {
      "resourceType": "Observation",
      "id": "6b8edb17-8a45-f3ed-ddf5-e030bb7357b6",
      "status": "final",
      "category": {
        "coding": [ {
          "system": "http://hl7.org/fhir/observation-category",
          "code": "vital-signs",
          "display": "vital-signs"
        } ],
        "text": "vital-signs"
      },
      "code": {
        "coding": [ {
          "system": "http://loinc.org",
          "code": "29463-7",
          "display": "Body Weight"
        } ],
        "text": "Body Weight"
      },
      "subject": {
        "reference": "urn:uuid:a10b1f83-d0b5-6e0e-7e35-87e32f667d24"
      },
      "encounter": {
        "reference": "urn:uuid:e31ad85f-fad8-25fa-8262-d4496015ec14"
      },
      "effectiveDateTime": "2024-04-21T08:03:09+00:00",
      "issued": "2024-04-21T08:03:09.775+00:00",
      "valueQuantity": {
        "value": 4.3000,
        "unit": "kg",
        "system": "http://unitsofmeasure.org",
        "code": "kg"
      }
    },
    "request": {
      "method": "POST",
      "url": "Observation"
    }
  }, {
    "fullUrl": "urn:uuid:3fa192d8-5393-27ea-f654-d9ba6d80cdab",
    "resource": {
      "resourceType": "Observation",
      "id": "3fa192d8-5393-27ea-f654-d9ba6d80cdab",
      "status": "final",
      "category": {
        "coding": [ {
          "system": "http://hl7.org/fhir/observation-category",
          "code": "vital-signs",
          "display": "vital-signs"
        } ],
        "text": "vital-signs"
      },
      "code": {
        "coding": [ {
          "system": "http://loinc.org",
          "code": "77606-2",
          "display": "Weight-for-length Per age and sex"
        } ],
        "text": "Weight-for-length Per age and sex"
      },
      "subject": {
        "reference": "urn:uuid:a10b1f83-d0b5-6e0e-7e35-87e32f667d24"
      },
      "encounter": {
        "reference": "urn:uuid:e31ad85f-fad8-25fa-8262-d4496015ec14"
      },
      "effectiveDateTime": "2024-04-21T08:03:09+00:00",
      "issued": "2024-04-21T08:03:09.775+00:00",
      "valueQuantity": {
        "value": 5.0435,
        "unit": "%",
        "system": "http://unitsofmeasure.org",
        "code": "%"
      }
    },
    "request": {
      "method": "POST",
      "url": "Observation"
    }
  }, {
    "fullUrl": "urn:uuid:acd6091b-ccc5-d290-91ac-c3f1090f3e50",
    "resource": {
      "resourceType": "Observation",
      "id": "acd6091b-ccc5-d290-91ac-c3f1090f3e50",
      "status": "final",
      "category": {
        "coding": [ {
          "system": "http://hl7.org/fhir/observation-category",
          "code": "vital-signs",
          "display": "vital-signs"
        } ],
        "text": "vital-signs"
      },
      "code": {
        "coding": [ {
          "system": "http://loinc.org",
          "code": "8289-1",
          "display": "Head Occipital-frontal circumference Percentile"
        } ],
        "text": "Head Occipital-frontal circumference Percentile"
      },
      "subject": {
        "reference": "urn:uuid:a10b1f83-d0b5-6e0e-7e35-87e32f667d24"
      },
      "encounter": {
        "reference": "urn:uuid:e31ad85f-fad8-25fa-8262-d4496015ec14"
      },
      "effectiveDateTime": "2024-04-21T08:03:09+00:00",
      "issued": "2024-04-21T08:03:09.775+00:00",
      "valueQuantity": {
        "value": 57.380,
        "unit": "%",
        "system": "http://unitsofmeasure.org",
        "code": "%"
      }
    },
    "request": {
      "method": "POST",
      "url": "Observation"
    }
  }, {
    "fullUrl": "urn:uuid:ebea4f9d-00e5-9c63-3615-890d612b7719",
    "resource": {
      "resourceType": "Observation",
      "id": "ebea4f9d-00e5-9c63-3615-890d612b7719",
      "status": "final",
      "category": {
        "coding": [ {
          "system": "http://hl7.org/fhir/observation-category",
          "code": "vital-signs",
          "display": "vital-signs"
        } ],
        "text": "vital-signs"
      },
      "code": {
        "coding": [ {
          "system": "http://loinc.org",
          "code": "9843-4",
          "display": "Head Occipital-frontal circumference"
        } ],
        "text": "Head Occipital-frontal circumference"
      },
      "subject": {
        "reference": "urn:uuid:a10b1f83-d0b5-6e0e-7e35-87e32f667d24"
      },
      "encounter": {
        "reference": "urn:uuid:e31ad85f-fad8-25fa-8262-d4496015ec14"
      },
      "effectiveDateTime": "2024-04-21T08:03:09+00:00",
      "issued": "2024-04-21T08:03:09.775+00:00",
      "valueQuantity": {
        "value": 38.25,
        "unit": "cm",
        "system": "http://unitsofmeasure.org",
        "code": "cm"
      }
    },
    "request": {
      "method": "POST",
      "url": "Observation"
    }
  }, {
    "fullUrl": "urn:uuid:ee7741df-67a7-e0f0-5e83-7d0f479c05af",
    "resource": {
      "resourceType": "Observation",
      "id": "ee7741df-67a7-e0f0-5e83-7d0f479c05af",
      "status": "final",
      "category": {
        "coding": [ {
          "system": "http://hl7.org/fhir/observation-category",
          "code": "vital-signs",
          "display": "vital-signs"
        } ],
        "text": "vital-signs"
      },
      "code": {
        "coding": [ {
          "system": "http://loinc.org",
          "code": "85354-9",
          "display": "Blood pressure panel with all children optional"
        } ],
        "text": "Blood pressure panel with all children optional"
      },
      "subject": {
        "reference": "urn:uuid:a10b1f83-d0b5-6e0e-7e35-87e32f667d24"
      },
      "encounter": {
        "reference": "urn:uuid:e31ad85f-fad8-25fa-8262-d4496015ec14"
      },
      "effectiveDateTime": "2024-04-21T08:03:09+00:00",
      "issued": "2024-04-21T08:03:09.775+00:00",
      "component": [ {
        "code": {
          "coding": [ {
            "system": "http://loinc.org",
            "code": "8462-4",
            "display": "Diastolic Blood Pressure"
          } ],
          "text": "Diastolic Blood Pressure"
        },
        "valueQuantity": {
          "value": 80,
          "unit": "mm[Hg]",
          "system": "http://unitsofmeasure.org",
          "code": "mm[Hg]"
        }
      }, {
        "code": {
          "coding": [ {
            "system": "http://loinc.org",
            "code": "8480-6",
            "display": "Systolic Blood Pressure"
          } ],
          "text": "Systolic Blood Pressure"
        },
        "valueQuantity": {
          "value": 116,
          "unit": "mm[Hg]",
          "system": "http://unitsofmeasure.org",
          "code": "mm[Hg]"
        }
      } ]
    },
    "request": {
      "method": "POST",
      "url": "Observation"
    }
  }, {
    "fullUrl": "urn:uuid:87ca4602-b854-d46e-6a99-f052f6d76a11",
    "resource": {
      "resourceType": "Observation",
      "id": "87ca4602-b854-d46e-6a99-f052f6d76a11",
      "status": "final",
      "category": {
        "coding": [ {
          "system": "http://hl7.org/fhir/observation-category",
          "code": "vital-signs",
          "display": "vital-signs"
        } ],
        "text": "vital-signs"
      },
      "code": {
        "coding": [ {
          "system": "http://loinc.org",
          "code": "8867-4",
          "display": "Heart rate"
        } ],
        "text": "Heart rate"
      },
      "subject": {
        "reference": "urn:uuid:a10b1f83-d0b5-6e0e-7e35-87e32f667d24"
      },
      "encounter": {
        "reference": "urn:uuid:e31ad85f-fad8-25fa-8262-d4496015ec14"
      },
      "effectiveDateTime": "2024-04-21T08:03:09+00:00",
      "issued": "2024-04-21T08:03:09.775+00:00",
      "valueQuantity": {
        "value": 72,
        "unit": "/min",
        "system": "http://unitsofmeasure.org",
        "code": "/min"
      }
    },
    "request": {
      "method": "POST",
      "url": "Observation"
    }
  }, {
    "fullUrl": "urn:uuid:07ae6a28-b2af-36e4-aa33-c908f0925ad1",
    "resource": {
      "resourceType": "Observation",
      "id": "07ae6a28-b2af-36e4-aa33-c908f0925ad1",
      "status": "final",
      "category": {
        "coding": [ {
          "system": "http://hl7.org/fhir/observation-category",
          "code": "vital-signs",
          "display": "vital-signs"
        } ],
        "text": "vital-signs"
      },
      "code": {
        "coding": [ {
          "system": "http://loinc.org",
          "code": "9279-1",
          "display": "Respiratory rate"
        } ],
        "text": "Respiratory rate"
      },
      "subject": {
        "reference": "urn:uuid:a10b1f83-d0b5-6e0e-7e35-87e32f667d24"
      },
      "encounter": {
        "reference": "urn:uuid:e31ad85f-fad8-25fa-8262-d4496015ec14"
      },
      "effectiveDateTime": "2024-04-21T08:03:09+00:00",
      "issued": "2024-04-21T08:03:09.775+00:00",
      "valueQuantity": {
        "value": 15,
        "unit": "/min",
        "system": "http://unitsofmeasure.org",
        "code": "/min"
      }
    },
    "request": {
      "method": "POST",
      "url": "Observation"
    }
  }, {
    "fullUrl": "urn:uuid:618f12df-c491-4f28-4465-53fa906ca159",
    "resource": {
      "resourceType": "Observation",
      "id": "618f12df-c491-4f28-4465-53fa906ca159",
      "status": "final",
      "category": {
        "coding": [ {
          "system": "http://hl7.org/fhir/observation-category",
          "code": "social-history",
          "display": "social-history"
        } ],
        "text": "social-history"
      },
      "code": {
        "coding": [ {
          "system": "http://loinc.org",
          "code": "72166-2",
          "display": "Tobacco smoking status"
        } ],
        "text": "Tobacco smoking status"
      },
      "subject": {
        "reference": "urn:uuid:a10b1f83-d0b5-6e0e-7e35-87e32f667d24"
      },
      "encounter": {
        "reference": "urn:uuid:e31ad85f-fad8-25fa-8262-d4496015ec14"
      },
      "effectiveDateTime": "2024-04-21T08:03:09+00:00",
      "issued": "2024-04-21T08:03:09.775+00:00",
      "valueCodeableConcept": {
        "coding": [ {
          "system": "http://snomed.info/sct",
          "code": "266919005",
          "display": "Never smoked tobacco (finding)"
        } ],
        "text": "Never smoked tobacco (finding)"
      }
    },
    "request": {
      "method": "POST",
      "url": "Observation"
    }
  }, {
    "fullUrl": "urn:uuid:4f264956-f513-7293-a6c0-3f26a5a63fe4",
    "resource": {
      "resourceType": "Procedure",
      "id": "4f264956-f513-7293-a6c0-3f26a5a63fe4",
      "subject": {
        "reference": "urn:uuid:a10b1f83-d0b5-6e0e-7e35-87e32f667d24"
      },
      "status": "completed",
      "code": {
        "coding": [ {
          "system": "http://snomed.info/sct",
          "code": "430193006",
          "display": "Medication Reconciliation (procedure)"
        } ],
        "text": "Medication Reconciliation (procedure)"
      },
      "performedPeriod": {
        "start": "2024-04-21T08:03:09+00:00",
        "end": "2024-04-21T08:18:09+00:00"
      },
      "encounter": {
        "reference": "urn:uuid:e31ad85f-fad8-25fa-8262-d4496015ec14"
      }
    },
    "request": {
      "method": "POST",
      "url": "Procedure"
    }
  }, {
    "fullUrl": "urn:uuid:3c931462-0597-4672-fd83-3e2de17ecee7",
    "resource": {
      "resourceType": "Immunization",
      "id": "3c931462-0597-4672-fd83-3e2de17ecee7",
      "status": "completed",
      "date": "2024-04-21T08:03:09+00:00",
      "vaccineCode": {
        "coding": [ {
          "system": "http://hl7.org/fhir/sid/cvx",
          "code": "08",
          "display": "Hep B, adolescent or pediatric"
        } ],
        "text": "Hep B, adolescent or pediatric"
      },
      "patient": {
        "reference": "urn:uuid:a10b1f83-d0b5-6e0e-7e35-87e32f667d24"
      },
      "wasNotGiven": false,
      "reported": false,
      "encounter": {
        "reference": "urn:uuid:e31ad85f-fad8-25fa-8262-d4496015ec14"
      }
    },
    "request": {
      "method": "POST",
      "url": "Immunization"
    }
  }, {
    "fullUrl": "urn:uuid:c27f999a-e8c5-023c-9133-1b6c65cbac0e",
    "resource": {
      "resourceType": "Claim",
      "id": "c27f999a-e8c5-023c-9133-1b6c65cbac0e",
      "type": "institutional",
      "organization": {
        "reference": "Organization?identifier=https://github.com/synthetichealth/synthea|4b7e26e6-e5b1-38c9-b4ac-fde9a0f93177",
        "display": "FATHER BILL'S PLACE"
      },
      "use": "complete",
      "diagnosis": [ {
        "sequence": 1,
        "diagnosis": {
          "system": "http://snomed.info/sct",
          "code": "314529007",
          "display": "Medication review due (situation)"
        }
      } ],
      "patient": {
        "reference": "urn:uuid:a10b1f83-d0b5-6e0e-7e35-87e32f667d24"
      },
      "item": [ {
        "sequence": 1,
        "type": {
          "system": "http://hl7.org/fhir/v3/ActCode",
          "code": "CSINV",
          "display": "clinical service invoice"
        },
        "service": {
          "system": "http://snomed.info/sct",
          "code": "410620009",
          "display": "Well child visit (procedure)"
        }
      }, {
        "sequence": 2,
        "type": {
          "system": "http://hl7.org/fhir/v3/ActCode",
          "code": "CSINV",
          "display": "clinical service invoice"
        },
        "service": {
          "system": "http://hl7.org/fhir/sid/cvx",
          "code": "08",
          "display": "Hep B, adolescent or pediatric"
        },
        "net": {
          "value": 136.00,
          "system": "urn:iso:std:iso:4217",
          "code": "USD"
        }
      }, {
        "sequence": 4,
        "type": {
          "system": "http://hl7.org/fhir/v3/ActCode",
          "code": "CSINV",
          "display": "clinical service invoice"
        },
        "service": {
          "system": "http://snomed.info/sct",
          "code": "430193006",
          "display": "Medication Reconciliation (procedure)"
        },
        "net": {
          "value": 698.62,
          "system": "urn:iso:std:iso:4217",
          "code": "USD"
        }
      } ]
    },
    "request": {
      "method": "POST",
      "url": "Claim"
    }
  } ]
}
