{
  "resourceType": "Bundle",
  "type": "transaction",
  "entry": [ {
    "fullUrl": "urn:uuid:e83fe1b3-f94f-5591-f851-1da300e24e99",
    "resource": {
      "resourceType": "Patient",
      "id": "e83fe1b3-f94f-5591-f851-1da300e24e99",
      "text": {
        "status": "generated",
        "div": "<div xmlns=\"http://www.w3.org/1999/xhtml\">Generated by <a href=\"https://github.com/synthetichealth/synthea\">Synthea</a>.Version identifier: 3a65f56\n .   Person seed: -17297965288533343  Population seed: 1754342702016</div>"
      },
      "extension": [ {
        "url": "http://hl7.org/fhir/StructureDefinition/us-core-race",
        "valueCodeableConcept": {
          "coding": [ {
            "system": "http://hl7.org/fhir/v3/Race",
            "code": "2106-3",
            "display": "White"
          } ],
          "text": "White"
        }
      }, {
        "url": "http://hl7.org/fhir/StructureDefinition/us-core-ethnicity",
        "valueCodeableConcept": {
          "coding": [ {
            "system": "http://hl7.org/fhir/v3/Ethnicity",
            "code": "2186-5",
            "display": "Not Hispanic or Latino"
          } ],
          "text": "Not Hispanic or Latino"
        }
      }, {
        "url": "http://hl7.org/fhir/StructureDefinition/patient-mothersMaidenName",
        "valueString": "Floria545 Schumm995"
      }, {
        "url": "http://hl7.org/fhir/us/core/StructureDefinition/us-core-birthsex",
        "valueCode": "M"
      }, {
        "url": "http://hl7.org/fhir/StructureDefinition/birthPlace",
        "valueAddress": {
          "city": "Raynham Center",
          "state": "Massachusetts",
          "country": "US"
        }
      }, {
        "url": "http://synthetichealth.github.io/synthea/disability-adjusted-life-years",
        "valueDecimal": 0.0
      }, {
        "url": "http://synthetichealth.github.io/synthea/quality-adjusted-life-years",
        "valueDecimal": 0.0
      } ],
      "identifier": [ {
        "system": "https://github.com/synthetichealth/synthea",
        "value": "e83fe1b3-f94f-5591-f851-1da300e24e99"
      }, {
        "type": {
          "coding": [ {
            "system": "http://hl7.org/fhir/v2/0203",
            "code": "MR"
          } ]
        },
        "system": "http://hospital.smarthealthit.org",
        "value": "e83fe1b3-f94f-5591-f851-1da300e24e99"
      }, {
        "type": {
          "coding": [ {
            "system": "http://hl7.org/fhir/identifier-type",
            "code": "SB"
          } ]
        },
        "system": "http://hl7.org/fhir/sid/us-ssn",
        "value": "999-19-4088"
      } ],
      "name": [ {
        "use": "official",
        "family": [ "Douglas31" ],
        "given": [ "Mac103", "Chauncey770" ]
      } ],
      "telecom": [ {
        "system": "phone",
        "value": "555-659-6365",
        "use": "home"
      } ],
      "gender": "male",
      "birthDate": "2025-05-27",
      "address": [ {
        "extension": [ {
          "url": "http://hl7.org/fhir/StructureDefinition/geolocation",
          "extension": [ {
            "url": "latitude",
            "valueDecimal": 42.660769718729355
          }, {
            "url": "longitude",
            "valueDecimal": -70.71250116049944
          } ]
        } ],
        "line": [ "310 Wisozk Boulevard" ],
        "city": "Gloucester",
        "state": "Massachusetts",
        "postalCode": "01930",
        "country": "US"
      } ],
      "maritalStatus": {
        "coding": [ {
          "system": "http://hl7.org/fhir/v3/MaritalStatus",
          "code": "S"
        } ]
      },
      "multipleBirthBoolean": false,
      "communication": [ {
        "language": {
          "coding": [ {
            "system": "urn:ietf:bcp:47",
            "code": "en-US",
            "display": "English (United States)"
          } ],
          "text": "English (United States)"
        }
      } ]
    },
    "request": {
      "method": "POST",
      "url": "Patient"
    }
  }, {
    "fullUrl": "urn:uuid:36f71a94-39fb-52d7-534f-233fedab053a",
    "resource": {
      "resourceType": "Encounter",
      "id": "36f71a94-39fb-52d7-534f-233fedab053a",
      "status": "finished",
      "class": "ambulatory",
      "type": [ {
        "coding": [ {
          "system": "http://snomed.info/sct",
          "code": "410620009",
          "display": "Well child visit (procedure)"
        } ],
        "text": "Well child visit (procedure)"
      } ],
      "patient": {
        "reference": "urn:uuid:e83fe1b3-f94f-5591-f851-1da300e24e99"
      },
      "participant": [ {
        "individual": {
          "reference": "Practitioner?identifier=http://hl7.org/fhir/sid/us-npi|9999951491",
          "display": "Dr. Francisco472 Casárez469"
        }
      } ],
      "period": {
        "start": "2025-05-27T20:08:40+00:00",
        "end": "2025-05-27T20:23:40+00:00"
      },
      "serviceProvider": {
        "reference": "Organization?identifier=https://github.com/synthetichealth/synthea|c67ca7ed-4769-3b6c-a0a9-993f1227ff10",
        "display": "CAPE ANN MEDICAL CENTER LLC"
      }
    },
    "request": {
      "method": "POST",
      "url": "Encounter"
    }
  }, {
    "fullUrl": "urn:uuid:1f744823-6cd8-fb31-aca4-9dc9e344cd86",
    "resource": {
      "resourceType": "Condition",
      "id": "1f744823-6cd8-fb31-aca4-9dc9e344cd86",
      "patient": {
        "reference": "urn:uuid:e83fe1b3-f94f-5591-f851-1da300e24e99"
      },
      "encounter": {
        "reference": "urn:uuid:36f71a94-39fb-52d7-534f-233fedab053a"
      },
      "dateRecorded": "2025-05-27",
      "code": {
        "coding": [ {
          "system": "http://snomed.info/sct",
          "code": "314529007",
          "display": "Medication review due (situation)"
        } ],
        "text": "Medication review due (situation)"
      },
      "category": {
        "coding": [ {
          "system": "http://hl7.org/fhir/condition-category",
          "code": "diagnosis"
        } ]
      },
      "clinicalStatus": "resolved",
      "verificationStatus": "confirmed",
      "onsetDateTime": "2025-05-27T20:08:40+00:00",
      "abatementDateTime": "2025-05-27T20:08:40+00:00"
    },
    "request": {
      "method": "POST",
      "url": "Condition"
    }
  }, {
    "fullUrl": "urn:uuid:ae0a12e5-9ef9-3d06-60b8-d9687c4cef60",
    "resource": {
      "resourceType": "Observation",
      "id": "ae0a12e5-9ef9-3d06-60b8-d9687c4cef60",
      "status": "final",
      "category": {
        "coding": [ {
          "system": "http://hl7.org/fhir/observation-category",
          "code": "vital-signs",
          "display": "vital-signs"
        } ],
        "text": "vital-signs"
      },
      "code": {
        "coding": [ {
          "system": "http://loinc.org",
          "code": "8302-2",
          "display": "Body Height"
        } ],
        "text": "Body Height"
      },
      "subject": {
        "reference": "urn:uuid:e83fe1b3-f94f-5591-f851-1da300e24e99"
      },
      "encounter": {
        "reference": "urn:uuid:36f71a94-39fb-52d7-534f-233fedab053a"
      },
      "effectiveDateTime": "2025-05-27T20:08:40+00:00",
      "issued": "2025-05-27T20:08:40.849+00:00",
      "valueQuantity": {
        "value": 53.400,
        "unit": "cm",
        "system": "http://unitsofmeasure.org",
        "code": "cm"
      }
    },
    "request": {
      "method": "POST",
      "url": "Observation"
    }
  }, {
    "fullUrl": "urn:uuid:e3c5a955-2687-225f-bc0f-fa4520a40653",
    "resource": {
      "resourceType": "Observation",
      "id": "e3c5a955-2687-225f-bc0f-fa4520a40653",
      "status": "final",
      "category": {
        "coding": [ {
          "system": "http://hl7.org/fhir/observation-category",
          "code": "vital-signs",
          "display": "vital-signs"
        } ],
        "text": "vital-signs"
      },
      "code": {
        "coding": [ {
          "system": "http://loinc.org",
          "code": "72514-3",
          "display": "Pain severity - 0-10 verbal numeric rating [Score] - Reported"
        } ],
        "text": "Pain severity - 0-10 verbal numeric rating [Score] - Reported"
      },
      "subject": {
        "reference": "urn:uuid:e83fe1b3-f94f-5591-f851-1da300e24e99"
      },
      "encounter": {
        "reference": "urn:uuid:36f71a94-39fb-52d7-534f-233fedab053a"
      },
      "effectiveDateTime": "2025-05-27T20:08:40+00:00",
      "issued": "2025-05-27T20:08:40.849+00:00",
      "valueQuantity": {
        "value": 3,
        "unit": "{score}",
        "system": "http://unitsofmeasure.org",
        "code": "{score}"
      }
    },
    "request": {
      "method": "POST",
      "url": "Observation"
    }
  }, {
    "fullUrl": "urn:uuid:c716c794-1ab3-d7e5-6c9a-e934009d2d5a",
    "resource": {
      "resourceType": "Observation",
      "id": "c716c794-1ab3-d7e5-6c9a-e934009d2d5a",
      "status": "final",
      "category": {
        "coding": [ {
          "system": "http://hl7.org/fhir/observation-category",
          "code": "vital-signs",
          "display": "vital-signs"
        } ],
        "text": "vital-signs"
      },
      "code": {
        "coding": [ {
          "system": "http://loinc.org",
          "code": "29463-7",
          "display": "Body Weight"
        } ],
        "text": "Body Weight"
      },
      "subject": {
        "reference": "urn:uuid:e83fe1b3-f94f-5591-f851-1da300e24e99"
      },
      "encounter": {
        "reference": "urn:uuid:36f71a94-39fb-52d7-534f-233fedab053a"
      },
      "effectiveDateTime": "2025-05-27T20:08:40+00:00",
      "issued": "2025-05-27T20:08:40.849+00:00",
      "valueQuantity": {
        "value": 4.2000,
        "unit": "kg",
        "system": "http://unitsofmeasure.org",
        "code": "kg"
      }
    },
    "request": {
      "method": "POST",
      "url": "Observation"
    }
  }, {
    "fullUrl": "urn:uuid:0e8d4bbe-3920-7f4d-4967-6a1276d70e90",
    "resource": {
      "resourceType": "Observation",
      "id": "0e8d4bbe-3920-7f4d-4967-6a1276d70e90",
      "status": "final",
      "category": {
        "coding": [ {
          "system": "http://hl7.org/fhir/observation-category",
          "code": "vital-signs",
          "display": "vital-signs"
        } ],
        "text": "vital-signs"
      },
      "code": {
        "coding": [ {
          "system": "http://loinc.org",
          "code": "77606-2",
          "display": "Weight-for-length Per age and sex"
        } ],
        "text": "Weight-for-length Per age and sex"
      },
      "subject": {
        "reference": "urn:uuid:e83fe1b3-f94f-5591-f851-1da300e24e99"
      },
      "encounter": {
        "reference": "urn:uuid:36f71a94-39fb-52d7-534f-233fedab053a"
      },
      "effectiveDateTime": "2025-05-27T20:08:40+00:00",
      "issued": "2025-05-27T20:08:40.849+00:00",
      "valueQuantity": {
        "value": 48.670,
        "unit": "%",
        "system": "http://unitsofmeasure.org",
        "code": "%"
      }
    },
    "request": {
      "method": "POST",
      "url": "Observation"
    }
  }, {
    "fullUrl": "urn:uuid:3cd1573c-1325-cf1b-b31a-d04e32593a9e",
    "resource": {
      "resourceType": "Observation",
      "id": "3cd1573c-1325-cf1b-b31a-d04e32593a9e",
      "status": "final",
      "category": {
        "coding": [ {
          "system": "http://hl7.org/fhir/observation-category",
          "code": "vital-signs",
          "display": "vital-signs"
        } ],
        "text": "vital-signs"
      },
      "code": {
        "coding": [ {
          "system": "http://loinc.org",
          "code": "8289-1",
          "display": "Head Occipital-frontal circumference Percentile"
        } ],
        "text": "Head Occipital-frontal circumference Percentile"
      },
      "subject": {
        "reference": "urn:uuid:e83fe1b3-f94f-5591-f851-1da300e24e99"
      },
      "encounter": {
        "reference": "urn:uuid:36f71a94-39fb-52d7-534f-233fedab053a"
      },
      "effectiveDateTime": "2025-05-27T20:08:40+00:00",
      "issued": "2025-05-27T20:08:40.849+00:00",
      "valueQuantity": {
        "value": 63.170,
        "unit": "%",
        "system": "http://unitsofmeasure.org",
        "code": "%"
      }
    },
    "request": {
      "method": "POST",
      "url": "Observation"
    }
  }, {
    "fullUrl": "urn:uuid:59f1fa0d-4174-4474-7b7c-14a4c7a5f202",
    "resource": {
      "resourceType": "Observation",
      "id": "59f1fa0d-4174-4474-7b7c-14a4c7a5f202",
      "status": "final",
      "category": {
        "coding": [ {
          "system": "http://hl7.org/fhir/observation-category",
          "code": "vital-signs",
          "display": "vital-signs"
        } ],
        "text": "vital-signs"
      },
      "code": {
        "coding": [ {
          "system": "http://loinc.org",
          "code": "9843-4",
          "display": "Head Occipital-frontal circumference"
        } ],
        "text": "Head Occipital-frontal circumference"
      },
      "subject": {
        "reference": "urn:uuid:e83fe1b3-f94f-5591-f851-1da300e24e99"
      },
      "encounter": {
        "reference": "urn:uuid:36f71a94-39fb-52d7-534f-233fedab053a"
      },
      "effectiveDateTime": "2025-05-27T20:08:40+00:00",
      "issued": "2025-05-27T20:08:40.849+00:00",
      "valueQuantity": {
        "value": 36.420,
        "unit": "cm",
        "system": "http://unitsofmeasure.org",
        "code": "cm"
      }
    },
    "request": {
      "method": "POST",
      "url": "Observation"
    }
  }, {
    "fullUrl": "urn:uuid:62931417-d159-bc06-bf61-d07ef1965362",
    "resource": {
      "resourceType": "Observation",
      "id": "62931417-d159-bc06-bf61-d07ef1965362",
      "status": "final",
      "category": {
        "coding": [ {
          "system": "http://hl7.org/fhir/observation-category",
          "code": "vital-signs",
          "display": "vital-signs"
        } ],
        "text": "vital-signs"
      },
      "code": {
        "coding": [ {
          "system": "http://loinc.org",
          "code": "85354-9",
          "display": "Blood pressure panel with all children optional"
        } ],
        "text": "Blood pressure panel with all children optional"
      },
      "subject": {
        "reference": "urn:uuid:e83fe1b3-f94f-5591-f851-1da300e24e99"
      },
      "encounter": {
        "reference": "urn:uuid:36f71a94-39fb-52d7-534f-233fedab053a"
      },
      "effectiveDateTime": "2025-05-27T20:08:40+00:00",
      "issued": "2025-05-27T20:08:40.849+00:00",
      "component": [ {
        "code": {
          "coding": [ {
            "system": "http://loinc.org",
            "code": "8462-4",
            "display": "Diastolic Blood Pressure"
          } ],
          "text": "Diastolic Blood Pressure"
        },
        "valueQuantity": {
          "value": 78,
          "unit": "mm[Hg]",
          "system": "http://unitsofmeasure.org",
          "code": "mm[Hg]"
        }
      }, {
        "code": {
          "coding": [ {
            "system": "http://loinc.org",
            "code": "8480-6",
            "display": "Systolic Blood Pressure"
          } ],
          "text": "Systolic Blood Pressure"
        },
        "valueQuantity": {
          "value": 118,
          "unit": "mm[Hg]",
          "system": "http://unitsofmeasure.org",
          "code": "mm[Hg]"
        }
      } ]
    },
    "request": {
      "method": "POST",
      "url": "Observation"
    }
  }, {
    "fullUrl": "urn:uuid:5f96b054-2100-f206-9c50-b1d47d62b746",
    "resource": {
      "resourceType": "Observation",
      "id": "5f96b054-2100-f206-9c50-b1d47d62b746",
      "status": "final",
      "category": {
        "coding": [ {
          "system": "http://hl7.org/fhir/observation-category",
          "code": "vital-signs",
          "display": "vital-signs"
        } ],
        "text": "vital-signs"
      },
      "code": {
        "coding": [ {
          "system": "http://loinc.org",
          "code": "8867-4",
          "display": "Heart rate"
        } ],
        "text": "Heart rate"
      },
      "subject": {
        "reference": "urn:uuid:e83fe1b3-f94f-5591-f851-1da300e24e99"
      },
      "encounter": {
        "reference": "urn:uuid:36f71a94-39fb-52d7-534f-233fedab053a"
      },
      "effectiveDateTime": "2025-05-27T20:08:40+00:00",
      "issued": "2025-05-27T20:08:40.849+00:00",
      "valueQuantity": {
        "value": 67,
        "unit": "/min",
        "system": "http://unitsofmeasure.org",
        "code": "/min"
      }
    },
    "request": {
      "method": "POST",
      "url": "Observation"
    }
  }, {
    "fullUrl": "urn:uuid:3caffd8b-1450-5105-3402-9d3e59637d8e",
    "resource": {
      "resourceType": "Observation",
      "id": "3caffd8b-1450-5105-3402-9d3e59637d8e",
      "status": "final",
      "category": {
        "coding": [ {
          "system": "http://hl7.org/fhir/observation-category",
          "code": "vital-signs",
          "display": "vital-signs"
        } ],
        "text": "vital-signs"
      },
      "code": {
        "coding": [ {
          "system": "http://loinc.org",
          "code": "9279-1",
          "display": "Respiratory rate"
        } ],
        "text": "Respiratory rate"
      },
      "subject": {
        "reference": "urn:uuid:e83fe1b3-f94f-5591-f851-1da300e24e99"
      },
      "encounter": {
        "reference": "urn:uuid:36f71a94-39fb-52d7-534f-233fedab053a"
      },
      "effectiveDateTime": "2025-05-27T20:08:40+00:00",
      "issued": "2025-05-27T20:08:40.849+00:00",
      "valueQuantity": {
        "value": 13,
        "unit": "/min",
        "system": "http://unitsofmeasure.org",
        "code": "/min"
      }
    },
    "request": {
      "method": "POST",
      "url": "Observation"
    }
  }, {
    "fullUrl": "urn:uuid:cb2d3a61-7913-576e-1738-4b01626e944b",
    "resource": {
      "resourceType": "Observation",
      "id": "cb2d3a61-7913-576e-1738-4b01626e944b",
      "status": "final",
      "category": {
        "coding": [ {
          "system": "http://hl7.org/fhir/observation-category",
          "code": "laboratory",
          "display": "laboratory"
        } ],
        "text": "laboratory"
      },
      "code": {
        "coding": [ {
          "system": "http://loinc.org",
          "code": "6690-2",
          "display": "Leukocytes [#/volume] in Blood by Automated count"
        } ],
        "text": "Leukocytes [#/volume] in Blood by Automated count"
      },
      "subject": {
        "reference": "urn:uuid:e83fe1b3-f94f-5591-f851-1da300e24e99"
      },
      "encounter": {
        "reference": "urn:uuid:36f71a94-39fb-52d7-534f-233fedab053a"
      },
      "effectiveDateTime": "2025-05-27T20:08:40+00:00",
      "issued": "2025-05-27T20:08:40.849+00:00",
      "valueQuantity": {
        "value": 6.9310,
        "unit": "10*3/uL",
        "system": "http://unitsofmeasure.org",
        "code": "10*3/uL"
      }
    },
    "request": {
      "method": "POST",
      "url": "Observation"
    }
  }, {
    "fullUrl": "urn:uuid:61319489-267e-7040-0565-550d52307e78",
    "resource": {
      "resourceType": "Observation",
      "id": "61319489-267e-7040-0565-550d52307e78",
      "status": "final",
      "category": {
        "coding": [ {
          "system": "http://hl7.org/fhir/observation-category",
          "code": "laboratory",
          "display": "laboratory"
        } ],
        "text": "laboratory"
      },
      "code": {
        "coding": [ {
          "system": "http://loinc.org",
          "code": "789-8",
          "display": "Erythrocytes [#/volume] in Blood by Automated count"
        } ],
        "text": "Erythrocytes [#/volume] in Blood by Automated count"
      },
      "subject": {
        "reference": "urn:uuid:e83fe1b3-f94f-5591-f851-1da300e24e99"
      },
      "encounter": {
        "reference": "urn:uuid:36f71a94-39fb-52d7-534f-233fedab053a"
      },
      "effectiveDateTime": "2025-05-27T20:08:40+00:00",
      "issued": "2025-05-27T20:08:40.849+00:00",
      "valueQuantity": {
        "value": 4.9925,
        "unit": "10*6/uL",
        "system": "http://unitsofmeasure.org",
        "code": "10*6/uL"
      }
    },
    "request": {
      "method": "POST",
      "url": "Observation"
    }
  }, {
    "fullUrl": "urn:uuid:d17b9cd8-3959-1025-fc12-4d818cbd4742",
    "resource": {
      "resourceType": "Observation",
      "id": "d17b9cd8-3959-1025-fc12-4d818cbd4742",
      "status": "final",
      "category": {
        "coding": [ {
          "system": "http://hl7.org/fhir/observation-category",
          "code": "laboratory",
          "display": "laboratory"
        } ],
        "text": "laboratory"
      },
      "code": {
        "coding": [ {
          "system": "http://loinc.org",
          "code": "718-7",
          "display": "Hemoglobin [Mass/volume] in Blood"
        } ],
        "text": "Hemoglobin [Mass/volume] in Blood"
      },
      "subject": {
        "reference": "urn:uuid:e83fe1b3-f94f-5591-f851-1da300e24e99"
      },
      "encounter": {
        "reference": "urn:uuid:36f71a94-39fb-52d7-534f-233fedab053a"
      },
      "effectiveDateTime": "2025-05-27T20:08:40+00:00",
      "issued": "2025-05-27T20:08:40.849+00:00",
      "valueQuantity": {
        "value": 14.406,
        "unit": "g/dL",
        "system": "http://unitsofmeasure.org",
        "code": "g/dL"
      }
    },
    "request": {
      "method": "POST",
      "url": "Observation"
    }
  }, {
    "fullUrl": "urn:uuid:22a8a661-8c39-1af3-5d85-5649e0f7df3a",
    "resource": {
      "resourceType": "Observation",
      "id": "22a8a661-8c39-1af3-5d85-5649e0f7df3a",
      "status": "final",
      "category": {
        "coding": [ {
          "system": "http://hl7.org/fhir/observation-category",
          "code": "laboratory",
          "display": "laboratory"
        } ],
        "text": "laboratory"
      },
      "code": {
        "coding": [ {
          "system": "http://loinc.org",
          "code": "4544-3",
          "display": "Hematocrit [Volume Fraction] of Blood by Automated count"
        } ],
        "text": "Hematocrit [Volume Fraction] of Blood by Automated count"
      },
      "subject": {
        "reference": "urn:uuid:e83fe1b3-f94f-5591-f851-1da300e24e99"
      },
      "encounter": {
        "reference": "urn:uuid:36f71a94-39fb-52d7-534f-233fedab053a"
      },
      "effectiveDateTime": "2025-05-27T20:08:40+00:00",
      "issued": "2025-05-27T20:08:40.849+00:00",
      "valueQuantity": {
        "value": 43.779,
        "unit": "%",
        "system": "http://unitsofmeasure.org",
        "code": "%"
      }
    },
    "request": {
      "method": "POST",
      "url": "Observation"
    }
  }, {
    "fullUrl": "urn:uuid:c8cb4d2c-c18c-2663-d676-7c6f089d5a6b",
    "resource": {
      "resourceType": "Observation",
      "id": "c8cb4d2c-c18c-2663-d676-7c6f089d5a6b",
      "status": "final",
      "category": {
        "coding": [ {
          "system": "http://hl7.org/fhir/observation-category",
          "code": "laboratory",
          "display": "laboratory"
        } ],
        "text": "laboratory"
      },
      "code": {
        "coding": [ {
          "system": "http://loinc.org",
          "code": "787-2",
          "display": "MCV [Entitic volume] by Automated count"
        } ],
        "text": "MCV [Entitic volume] by Automated count"
      },
      "subject": {
        "reference": "urn:uuid:e83fe1b3-f94f-5591-f851-1da300e24e99"
      },
      "encounter": {
        "reference": "urn:uuid:36f71a94-39fb-52d7-534f-233fedab053a"
      },
      "effectiveDateTime": "2025-05-27T20:08:40+00:00",
      "issued": "2025-05-27T20:08:40.849+00:00",
      "valueQuantity": {
        "value": 85.286,
        "unit": "fL",
        "system": "http://unitsofmeasure.org",
        "code": "fL"
      }
    },
    "request": {
      "method": "POST",
      "url": "Observation"
    }
  }, {
    "fullUrl": "urn:uuid:77b20237-9a05-c634-b68b-6bb0e2fff4b0",
    "resource": {
      "resourceType": "Observation",
      "id": "77b20237-9a05-c634-b68b-6bb0e2fff4b0",
      "status": "final",
      "category": {
        "coding": [ {
          "system": "http://hl7.org/fhir/observation-category",
          "code": "laboratory",
          "display": "laboratory"
        } ],
        "text": "laboratory"
      },
      "code": {
        "coding": [ {
          "system": "http://loinc.org",
          "code": "785-6",
          "display": "MCH [Entitic mass] by Automated count"
        } ],
        "text": "MCH [Entitic mass] by Automated count"
      },
      "subject": {
        "reference": "urn:uuid:e83fe1b3-f94f-5591-f851-1da300e24e99"
      },
      "encounter": {
        "reference": "urn:uuid:36f71a94-39fb-52d7-534f-233fedab053a"
      },
      "effectiveDateTime": "2025-05-27T20:08:40+00:00",
      "issued": "2025-05-27T20:08:40.849+00:00",
      "valueQuantity": {
        "value": 29.188,
        "unit": "pg",
        "system": "http://unitsofmeasure.org",
        "code": "pg"
      }
    },
    "request": {
      "method": "POST",
      "url": "Observation"
    }
  }, {
    "fullUrl": "urn:uuid:36f39a4f-1229-9df7-5e86-20834bbdf236",
    "resource": {
      "resourceType": "Observation",
      "id": "36f39a4f-1229-9df7-5e86-20834bbdf236",
      "status": "final",
      "category": {
        "coding": [ {
          "system": "http://hl7.org/fhir/observation-category",
          "code": "laboratory",
          "display": "laboratory"
        } ],
        "text": "laboratory"
      },
      "code": {
        "coding": [ {
          "system": "http://loinc.org",
          "code": "786-4",
          "display": "MCHC [Mass/volume] by Automated count"
        } ],
        "text": "MCHC [Mass/volume] by Automated count"
      },
      "subject": {
        "reference": "urn:uuid:e83fe1b3-f94f-5591-f851-1da300e24e99"
      },
      "encounter": {
        "reference": "urn:uuid:36f71a94-39fb-52d7-534f-233fedab053a"
      },
      "effectiveDateTime": "2025-05-27T20:08:40+00:00",
      "issued": "2025-05-27T20:08:40.849+00:00",
      "valueQuantity": {
        "value": 35.037,
        "unit": "g/dL",
        "system": "http://unitsofmeasure.org",
        "code": "g/dL"
      }
    },
    "request": {
      "method": "POST",
      "url": "Observation"
    }
  }, {
    "fullUrl": "urn:uuid:95b6b155-a239-d3ba-62c1-ccfef54d8325",
    "resource": {
      "resourceType": "Observation",
      "id": "95b6b155-a239-d3ba-62c1-ccfef54d8325",
      "status": "final",
      "category": {
        "coding": [ {
          "system": "http://hl7.org/fhir/observation-category",
          "code": "laboratory",
          "display": "laboratory"
        } ],
        "text": "laboratory"
      },
      "code": {
        "coding": [ {
          "system": "http://loinc.org",
          "code": "21000-5",
          "display": "Erythrocyte distribution width [Entitic volume] by Automated count"
        } ],
        "text": "Erythrocyte distribution width [Entitic volume] by Automated count"
      },
      "subject": {
        "reference": "urn:uuid:e83fe1b3-f94f-5591-f851-1da300e24e99"
      },
      "encounter": {
        "reference": "urn:uuid:36f71a94-39fb-52d7-534f-233fedab053a"
      },
      "effectiveDateTime": "2025-05-27T20:08:40+00:00",
      "issued": "2025-05-27T20:08:40.849+00:00",
      "valueQuantity": {
        "value": 43.024,
        "unit": "fL",
        "system": "http://unitsofmeasure.org",
        "code": "fL"
      }
    },
    "request": {
      "method": "POST",
      "url": "Observation"
    }
  }, {
    "fullUrl": "urn:uuid:eb9ae616-fb97-643a-a466-416a3fed58df",
    "resource": {
      "resourceType": "Observation",
      "id": "eb9ae616-fb97-643a-a466-416a3fed58df",
      "status": "final",
      "category": {
        "coding": [ {
          "system": "http://hl7.org/fhir/observation-category",
          "code": "laboratory",
          "display": "laboratory"
        } ],
        "text": "laboratory"
      },
      "code": {
        "coding": [ {
          "system": "http://loinc.org",
          "code": "777-3",
          "display": "Platelets [#/volume] in Blood by Automated count"
        } ],
        "text": "Platelets [#/volume] in Blood by Automated count"
      },
      "subject": {
        "reference": "urn:uuid:e83fe1b3-f94f-5591-f851-1da300e24e99"
      },
      "encounter": {
        "reference": "urn:uuid:36f71a94-39fb-52d7-534f-233fedab053a"
      },
      "effectiveDateTime": "2025-05-27T20:08:40+00:00",
      "issued": "2025-05-27T20:08:40.849+00:00",
      "valueQuantity": {
        "value": 232.24,
        "unit": "10*3/uL",
        "system": "http://unitsofmeasure.org",
        "code": "10*3/uL"
      }
    },
    "request": {
      "method": "POST",
      "url": "Observation"
    }
  }, {
    "fullUrl": "urn:uuid:2d4592b9-f5f1-947c-91e8-63612a8de85b",
    "resource": {
      "resourceType": "Observation",
      "id": "2d4592b9-f5f1-947c-91e8-63612a8de85b",
      "status": "final",
      "category": {
        "coding": [ {
          "system": "http://hl7.org/fhir/observation-category",
          "code": "laboratory",
          "display": "laboratory"
        } ],
        "text": "laboratory"
      },
      "code": {
        "coding": [ {
          "system": "http://loinc.org",
          "code": "32207-3",
          "display": "Platelet distribution width [Entitic volume] in Blood by Automated count"
        } ],
        "text": "Platelet distribution width [Entitic volume] in Blood by Automated count"
      },
      "subject": {
        "reference": "urn:uuid:e83fe1b3-f94f-5591-f851-1da300e24e99"
      },
      "encounter": {
        "reference": "urn:uuid:36f71a94-39fb-52d7-534f-233fedab053a"
      },
      "effectiveDateTime": "2025-05-27T20:08:40+00:00",
      "issued": "2025-05-27T20:08:40.849+00:00",
      "valueQuantity": {
        "value": 351.16,
        "unit": "fL",
        "system": "http://unitsofmeasure.org",
        "code": "fL"
      }
    },
    "request": {
      "method": "POST",
      "url": "Observation"
    }
  }, {
    "fullUrl": "urn:uuid:96c3446d-7395-9dc9-eea4-a6cc121b3889",
    "resource": {
      "resourceType": "Observation",
      "id": "96c3446d-7395-9dc9-eea4-a6cc121b3889",
      "status": "final",
      "category": {
        "coding": [ {
          "system": "http://hl7.org/fhir/observation-category",
          "code": "laboratory",
          "display": "laboratory"
        } ],
        "text": "laboratory"
      },
      "code": {
        "coding": [ {
          "system": "http://loinc.org",
          "code": "32623-1",
          "display": "Platelet mean volume [Entitic volume] in Blood by Automated count"
        } ],
        "text": "Platelet mean volume [Entitic volume] in Blood by Automated count"
      },
      "subject": {
        "reference": "urn:uuid:e83fe1b3-f94f-5591-f851-1da300e24e99"
      },
      "encounter": {
        "reference": "urn:uuid:36f71a94-39fb-52d7-534f-233fedab053a"
      },
      "effectiveDateTime": "2025-05-27T20:08:40+00:00",
      "issued": "2025-05-27T20:08:40.849+00:00",
      "valueQuantity": {
        "value": 10.796,
        "unit": "fL",
        "system": "http://unitsofmeasure.org",
        "code": "fL"
      }
    },
    "request": {
      "method": "POST",
      "url": "Observation"
    }
  }, {
    "fullUrl": "urn:uuid:658da21f-6e25-e4be-2301-01cdef915c0f",
    "resource": {
      "resourceType": "Observation",
      "id": "658da21f-6e25-e4be-2301-01cdef915c0f",
      "status": "final",
      "category": {
        "coding": [ {
          "system": "http://hl7.org/fhir/observation-category",
          "code": "social-history",
          "display": "social-history"
        } ],
        "text": "social-history"
      },
      "code": {
        "coding": [ {
          "system": "http://loinc.org",
          "code": "72166-2",
          "display": "Tobacco smoking status"
        } ],
        "text": "Tobacco smoking status"
      },
      "subject": {
        "reference": "urn:uuid:e83fe1b3-f94f-5591-f851-1da300e24e99"
      },
      "encounter": {
        "reference": "urn:uuid:36f71a94-39fb-52d7-534f-233fedab053a"
      },
      "effectiveDateTime": "2025-05-27T20:08:40+00:00",
      "issued": "2025-05-27T20:08:40.849+00:00",
      "valueCodeableConcept": {
        "coding": [ {
          "system": "http://snomed.info/sct",
          "code": "266919005",
          "display": "Never smoked tobacco (finding)"
        } ],
        "text": "Never smoked tobacco (finding)"
      }
    },
    "request": {
      "method": "POST",
      "url": "Observation"
    }
  }, {
    "fullUrl": "urn:uuid:f6507294-c407-e61f-0fc5-f7aeb1ef716d",
    "resource": {
      "resourceType": "Procedure",
      "id": "f6507294-c407-e61f-0fc5-f7aeb1ef716d",
      "subject": {
        "reference": "urn:uuid:e83fe1b3-f94f-5591-f851-1da300e24e99"
      },
      "status": "completed",
      "code": {
        "coding": [ {
          "system": "http://snomed.info/sct",
          "code": "430193006",
          "display": "Medication reconciliation (procedure)"
        } ],
        "text": "Medication reconciliation (procedure)"
      },
      "performedPeriod": {
        "start": "2025-05-27T20:08:40+00:00",
        "end": "2025-05-27T20:23:40+00:00"
      },
      "encounter": {
        "reference": "urn:uuid:36f71a94-39fb-52d7-534f-233fedab053a"
      }
    },
    "request": {
      "method": "POST",
      "url": "Procedure"
    }
  }, {
    "fullUrl": "urn:uuid:834e6b9a-a748-2161-7f7e-bfffe45ec9ef",
    "resource": {
      "resourceType": "Immunization",
      "id": "834e6b9a-a748-2161-7f7e-bfffe45ec9ef",
      "status": "completed",
      "date": "2025-05-27T20:08:40+00:00",
      "vaccineCode": {
        "coding": [ {
          "system": "http://hl7.org/fhir/sid/cvx",
          "code": "08",
          "display": "Hep B, adolescent or pediatric"
        } ],
        "text": "Hep B, adolescent or pediatric"
      },
      "patient": {
        "reference": "urn:uuid:e83fe1b3-f94f-5591-f851-1da300e24e99"
      },
      "wasNotGiven": false,
      "reported": false,
      "encounter": {
        "reference": "urn:uuid:36f71a94-39fb-52d7-534f-233fedab053a"
      }
    },
    "request": {
      "method": "POST",
      "url": "Immunization"
    }
  }, {
    "fullUrl": "urn:uuid:5d55a1bc-b7cd-a608-6c3b-e0e37896888c",
    "resource": {
      "resourceType": "DiagnosticReport",
      "id": "5d55a1bc-b7cd-a608-6c3b-e0e37896888c",
      "status": "final",
      "category": {
        "coding": [ {
          "system": "http://hl7.org/fhir/ValueSet/diagnostic-service-sections",
          "code": "LAB"
        } ]
      },
      "code": {
        "coding": [ {
          "system": "http://loinc.org",
          "code": "58410-2",
          "display": "CBC panel - Blood by Automated count"
        } ],
        "text": "CBC panel - Blood by Automated count"
      },
      "subject": {
        "reference": "urn:uuid:e83fe1b3-f94f-5591-f851-1da300e24e99"
      },
      "encounter": {
        "reference": "urn:uuid:36f71a94-39fb-52d7-534f-233fedab053a"
      },
      "effectiveDateTime": "2025-05-27T20:08:40+00:00",
      "issued": "2025-05-27T20:08:40.849+00:00",
      "performer": {
        "reference": "Organization?identifier=https://github.com/synthetichealth/synthea|c67ca7ed-4769-3b6c-a0a9-993f1227ff10",
        "display": "CAPE ANN MEDICAL CENTER LLC"
      },
      "result": [ {
        "reference": "urn:uuid:96c3446d-7395-9dc9-eea4-a6cc121b3889",
        "display": "Platelet mean volume [Entitic volume] in Blood by Automated count"
      } ]
    },
    "request": {
      "method": "POST",
      "url": "DiagnosticReport"
    }
  }, {
    "fullUrl": "urn:uuid:367d333d-7f04-07fc-3dde-7b51f299a8af",
    "resource": {
      "resourceType": "Claim",
      "id": "367d333d-7f04-07fc-3dde-7b51f299a8af",
      "type": "institutional",
      "organization": {
        "reference": "Organization?identifier=https://github.com/synthetichealth/synthea|c67ca7ed-4769-3b6c-a0a9-993f1227ff10",
        "display": "CAPE ANN MEDICAL CENTER LLC"
      },
      "use": "complete",
      "diagnosis": [ {
        "sequence": 1,
        "diagnosis": {
          "system": "http://snomed.info/sct",
          "code": "314529007",
          "display": "Medication review due (situation)"
        }
      } ],
      "patient": {
        "reference": "urn:uuid:e83fe1b3-f94f-5591-f851-1da300e24e99"
      },
      "item": [ {
        "sequence": 1,
        "type": {
          "system": "http://hl7.org/fhir/v3/ActCode",
          "code": "CSINV",
          "display": "clinical service invoice"
        },
        "service": {
          "system": "http://snomed.info/sct",
          "code": "410620009",
          "display": "Well child visit (procedure)"
        }
      }, {
        "sequence": 2,
        "type": {
          "system": "http://hl7.org/fhir/v3/ActCode",
          "code": "CSINV",
          "display": "clinical service invoice"
        },
        "service": {
          "system": "http://hl7.org/fhir/sid/cvx",
          "code": "08",
          "display": "Hep B, adolescent or pediatric"
        },
        "net": {
          "value": 136.00,
          "system": "urn:iso:std:iso:4217",
          "code": "USD"
        }
      }, {
        "sequence": 4,
        "type": {
          "system": "http://hl7.org/fhir/v3/ActCode",
          "code": "CSINV",
          "display": "clinical service invoice"
        },
        "service": {
          "system": "http://snomed.info/sct",
          "code": "430193006",
          "display": "Medication reconciliation (procedure)"
        },
        "net": {
          "value": 352.90,
          "system": "urn:iso:std:iso:4217",
          "code": "USD"
        }
      }, {
        "sequence": 5,
        "type": {
          "system": "http://hl7.org/fhir/v3/ActCode",
          "code": "CSINV",
          "display": "clinical service invoice"
        },
        "service": {
          "system": "http://loinc.org",
          "code": "58410-2",
          "display": "CBC panel - Blood by Automated count"
        },
        "net": {
          "value": 74.58,
          "system": "urn:iso:std:iso:4217",
          "code": "USD"
        }
      } ]
    },
    "request": {
      "method": "POST",
      "url": "Claim"
    }
  }, {
    "fullUrl": "urn:uuid:7fa45f07-3a0b-b3b6-d0db-83da1769d41c",
    "resource": {
      "resourceType": "Encounter",
      "id": "7fa45f07-3a0b-b3b6-d0db-83da1769d41c",
      "status": "finished",
      "class": "ambulatory",
      "type": [ {
        "coding": [ {
          "system": "http://snomed.info/sct",
          "code": "410620009",
          "display": "Well child visit (procedure)"
        } ],
        "text": "Well child visit (procedure)"
      } ],
      "patient": {
        "reference": "urn:uuid:e83fe1b3-f94f-5591-f851-1da300e24e99"
      },
      "participant": [ {
        "individual": {
          "reference": "Practitioner?identifier=http://hl7.org/fhir/sid/us-npi|9999951491",
          "display": "Dr. Francisco472 Casárez469"
        }
      } ],
      "period": {
        "start": "2025-07-01T20:08:40+00:00",
        "end": "2025-07-01T20:23:40+00:00"
      },
      "serviceProvider": {
        "reference": "Organization?identifier=https://github.com/synthetichealth/synthea|c67ca7ed-4769-3b6c-a0a9-993f1227ff10",
        "display": "CAPE ANN MEDICAL CENTER LLC"
      }
    },
    "request": {
      "method": "POST",
      "url": "Encounter"
    }
  }, {
    "fullUrl": "urn:uuid:a94406e1-1ed0-0257-7e39-5beccd379ec7",
    "resource": {
      "resourceType": "Condition",
      "id": "a94406e1-1ed0-0257-7e39-5beccd379ec7",
      "patient": {
        "reference": "urn:uuid:e83fe1b3-f94f-5591-f851-1da300e24e99"
      },
      "encounter": {
        "reference": "urn:uuid:7fa45f07-3a0b-b3b6-d0db-83da1769d41c"
      },
      "dateRecorded": "2025-07-01",
      "code": {
        "coding": [ {
          "system": "http://snomed.info/sct",
          "code": "314529007",
          "display": "Medication review due (situation)"
        } ],
        "text": "Medication review due (situation)"
      },
      "category": {
        "coding": [ {
          "system": "http://hl7.org/fhir/condition-category",
          "code": "diagnosis"
        } ]
      },
      "clinicalStatus": "resolved",
      "verificationStatus": "confirmed",
      "onsetDateTime": "2025-07-01T20:08:40+00:00",
      "abatementDateTime": "2025-07-01T20:08:40+00:00"
    },
    "request": {
      "method": "POST",
      "url": "Condition"
    }
  }, {
    "fullUrl": "urn:uuid:8b3a4ee5-7964-ada5-bb30-eff6b98f815c",
    "resource": {
      "resourceType": "Observation",
      "id": "8b3a4ee5-7964-ada5-bb30-eff6b98f815c",
      "status": "final",
      "category": {
        "coding": [ {
          "system": "http://hl7.org/fhir/observation-category",
          "code": "vital-signs",
          "display": "vital-signs"
        } ],
        "text": "vital-signs"
      },
      "code": {
        "coding": [ {
          "system": "http://loinc.org",
          "code": "8302-2",
          "display": "Body Height"
        } ],
        "text": "Body Height"
      },
      "subject": {
        "reference": "urn:uuid:e83fe1b3-f94f-5591-f851-1da300e24e99"
      },
      "encounter": {
        "reference": "urn:uuid:7fa45f07-3a0b-b3b6-d0db-83da1769d41c"
      },
      "effectiveDateTime": "2025-07-01T20:08:40+00:00",
      "issued": "2025-07-01T20:08:40.849+00:00",
      "valueQuantity": {
        "value": 57.300,
        "unit": "cm",
        "system": "http://unitsofmeasure.org",
        "code": "cm"
      }
    },
    "request": {
      "method": "POST",
      "url": "Observation"
    }
  }, {
    "fullUrl": "urn:uuid:5c6e70be-f3fc-6a03-1a46-4f68e74783b1",
    "resource": {
      "resourceType": "Observation",
      "id": "5c6e70be-f3fc-6a03-1a46-4f68e74783b1",
      "status": "final",
      "category": {
        "coding": [ {
          "system": "http://hl7.org/fhir/observation-category",
          "code": "vital-signs",
          "display": "vital-signs"
        } ],
        "text": "vital-signs"
      },
      "code": {
        "coding": [ {
          "system": "http://loinc.org",
          "code": "72514-3",
          "display": "Pain severity - 0-10 verbal numeric rating [Score] - Reported"
        } ],
        "text": "Pain severity - 0-10 verbal numeric rating [Score] - Reported"
      },
      "subject": {
        "reference": "urn:uuid:e83fe1b3-f94f-5591-f851-1da300e24e99"
      },
      "encounter": {
        "reference": "urn:uuid:7fa45f07-3a0b-b3b6-d0db-83da1769d41c"
      },
      "effectiveDateTime": "2025-07-01T20:08:40+00:00",
      "issued": "2025-07-01T20:08:40.849+00:00",
      "valueQuantity": {
        "value": 1,
        "unit": "{score}",
        "system": "http://unitsofmeasure.org",
        "code": "{score}"
      }
    },
    "request": {
      "method": "POST",
      "url": "Observation"
    }
  }, {
    "fullUrl": "urn:uuid:2c73a5a6-42f5-405f-c1f3-3dd45630a748",
    "resource": {
      "resourceType": "Observation",
      "id": "2c73a5a6-42f5-405f-c1f3-3dd45630a748",
      "status": "final",
      "category": {
        "coding": [ {
          "system": "http://hl7.org/fhir/observation-category",
          "code": "vital-signs",
          "display": "vital-signs"
        } ],
        "text": "vital-signs"
      },
      "code": {
        "coding": [ {
          "system": "http://loinc.org",
          "code": "29463-7",
          "display": "Body Weight"
        } ],
        "text": "Body Weight"
      },
      "subject": {
        "reference": "urn:uuid:e83fe1b3-f94f-5591-f851-1da300e24e99"
      },
      "encounter": {
        "reference": "urn:uuid:7fa45f07-3a0b-b3b6-d0db-83da1769d41c"
      },
      "effectiveDateTime": "2025-07-01T20:08:40+00:00",
      "issued": "2025-07-01T20:08:40.849+00:00",
      "valueQuantity": {
        "value": 5.1000,
        "unit": "kg",
        "system": "http://unitsofmeasure.org",
        "code": "kg"
      }
    },
    "request": {
      "method": "POST",
      "url": "Observation"
    }
  }, {
    "fullUrl": "urn:uuid:fa9464bf-002a-f822-d37d-c2bce968e0d8",
    "resource": {
      "resourceType": "Observation",
      "id": "fa9464bf-002a-f822-d37d-c2bce968e0d8",
      "status": "final",
      "category": {
        "coding": [ {
          "system": "http://hl7.org/fhir/observation-category",
          "code": "vital-signs",
          "display": "vital-signs"
        } ],
        "text": "vital-signs"
      },
      "code": {
        "coding": [ {
          "system": "http://loinc.org",
          "code": "77606-2",
          "display": "Weight-for-length Per age and sex"
        } ],
        "text": "Weight-for-length Per age and sex"
      },
      "subject": {
        "reference": "urn:uuid:e83fe1b3-f94f-5591-f851-1da300e24e99"
      },
      "encounter": {
        "reference": "urn:uuid:7fa45f07-3a0b-b3b6-d0db-83da1769d41c"
      },
      "effectiveDateTime": "2025-07-01T20:08:40+00:00",
      "issued": "2025-07-01T20:08:40.849+00:00",
      "valueQuantity": {
        "value": 38.265,
        "unit": "%",
        "system": "http://unitsofmeasure.org",
        "code": "%"
      }
    },
    "request": {
      "method": "POST",
      "url": "Observation"
    }
  }, {
    "fullUrl": "urn:uuid:8b31817c-b2a2-c6e8-66a6-a6bccf1cbb1d",
    "resource": {
      "resourceType": "Observation",
      "id": "8b31817c-b2a2-c6e8-66a6-a6bccf1cbb1d",
      "status": "final",
      "category": {
        "coding": [ {
          "system": "http://hl7.org/fhir/observation-category",
          "code": "vital-signs",
          "display": "vital-signs"
        } ],
        "text": "vital-signs"
      },
      "code": {
        "coding": [ {
          "system": "http://loinc.org",
          "code": "8289-1",
          "display": "Head Occipital-frontal circumference Percentile"
        } ],
        "text": "Head Occipital-frontal circumference Percentile"
      },
      "subject": {
        "reference": "urn:uuid:e83fe1b3-f94f-5591-f851-1da300e24e99"
      },
      "encounter": {
        "reference": "urn:uuid:7fa45f07-3a0b-b3b6-d0db-83da1769d41c"
      },
      "effectiveDateTime": "2025-07-01T20:08:40+00:00",
      "issued": "2025-07-01T20:08:40.849+00:00",
      "valueQuantity": {
        "value": 63.170,
        "unit": "%",
        "system": "http://unitsofmeasure.org",
        "code": "%"
      }
    },
    "request": {
      "method": "POST",
      "url": "Observation"
    }
  }, {
    "fullUrl": "urn:uuid:3c06b98c-321a-7278-4b96-d6c3b4659d7c",
    "resource": {
      "resourceType": "Observation",
      "id": "3c06b98c-321a-7278-4b96-d6c3b4659d7c",
      "status": "final",
      "category": {
        "coding": [ {
          "system": "http://hl7.org/fhir/observation-category",
          "code": "vital-signs",
          "display": "vital-signs"
        } ],
        "text": "vital-signs"
      },
      "code": {
        "coding": [ {
          "system": "http://loinc.org",
          "code": "9843-4",
          "display": "Head Occipital-frontal circumference"
        } ],
        "text": "Head Occipital-frontal circumference"
      },
      "subject": {
        "reference": "urn:uuid:e83fe1b3-f94f-5591-f851-1da300e24e99"
      },
      "encounter": {
        "reference": "urn:uuid:7fa45f07-3a0b-b3b6-d0db-83da1769d41c"
      },
      "effectiveDateTime": "2025-07-01T20:08:40+00:00",
      "issued": "2025-07-01T20:08:40.849+00:00",
      "valueQuantity": {
        "value": 39.740,
        "unit": "cm",
        "system": "http://unitsofmeasure.org",
        "code": "cm"
      }
    },
    "request": {
      "method": "POST",
      "url": "Observation"
    }
  }, {
    "fullUrl": "urn:uuid:4091b7bd-791f-20d5-041e-b280d27d1379",
    "resource": {
      "resourceType": "Observation",
      "id": "4091b7bd-791f-20d5-041e-b280d27d1379",
      "status": "final",
      "category": {
        "coding": [ {
          "system": "http://hl7.org/fhir/observation-category",
          "code": "vital-signs",
          "display": "vital-signs"
        } ],
        "text": "vital-signs"
      },
      "code": {
        "coding": [ {
          "system": "http://loinc.org",
          "code": "85354-9",
          "display": "Blood pressure panel with all children optional"
        } ],
        "text": "Blood pressure panel with all children optional"
      },
      "subject": {
        "reference": "urn:uuid:e83fe1b3-f94f-5591-f851-1da300e24e99"
      },
      "encounter": {
        "reference": "urn:uuid:7fa45f07-3a0b-b3b6-d0db-83da1769d41c"
      },
      "effectiveDateTime": "2025-07-01T20:08:40+00:00",
      "issued": "2025-07-01T20:08:40.849+00:00",
      "component": [ {
        "code": {
          "coding": [ {
            "system": "http://loinc.org",
            "code": "8462-4",
            "display": "Diastolic Blood Pressure"
          } ],
          "text": "Diastolic Blood Pressure"
        },
        "valueQuantity": {
          "value": 78,
          "unit": "mm[Hg]",
          "system": "http://unitsofmeasure.org",
          "code": "mm[Hg]"
        }
      }, {
        "code": {
          "coding": [ {
            "system": "http://loinc.org",
            "code": "8480-6",
            "display": "Systolic Blood Pressure"
          } ],
          "text": "Systolic Blood Pressure"
        },
        "valueQuantity": {
          "value": 112,
          "unit": "mm[Hg]",
          "system": "http://unitsofmeasure.org",
          "code": "mm[Hg]"
        }
      } ]
    },
    "request": {
      "method": "POST",
      "url": "Observation"
    }
  }, {
    "fullUrl": "urn:uuid:87790b25-39d0-4c67-139f-6e8b38915178",
    "resource": {
      "resourceType": "Observation",
      "id": "87790b25-39d0-4c67-139f-6e8b38915178",
      "status": "final",
      "category": {
        "coding": [ {
          "system": "http://hl7.org/fhir/observation-category",
          "code": "vital-signs",
          "display": "vital-signs"
        } ],
        "text": "vital-signs"
      },
      "code": {
        "coding": [ {
          "system": "http://loinc.org",
          "code": "8867-4",
          "display": "Heart rate"
        } ],
        "text": "Heart rate"
      },
      "subject": {
        "reference": "urn:uuid:e83fe1b3-f94f-5591-f851-1da300e24e99"
      },
      "encounter": {
        "reference": "urn:uuid:7fa45f07-3a0b-b3b6-d0db-83da1769d41c"
      },
      "effectiveDateTime": "2025-07-01T20:08:40+00:00",
      "issued": "2025-07-01T20:08:40.849+00:00",
      "valueQuantity": {
        "value": 74,
        "unit": "/min",
        "system": "http://unitsofmeasure.org",
        "code": "/min"
      }
    },
    "request": {
      "method": "POST",
      "url": "Observation"
    }
  }, {
    "fullUrl": "urn:uuid:102184ff-ff6a-f42f-27ee-e89717aaf11d",
    "resource": {
      "resourceType": "Observation",
      "id": "102184ff-ff6a-f42f-27ee-e89717aaf11d",
      "status": "final",
      "category": {
        "coding": [ {
          "system": "http://hl7.org/fhir/observation-category",
          "code": "vital-signs",
          "display": "vital-signs"
        } ],
        "text": "vital-signs"
      },
      "code": {
        "coding": [ {
          "system": "http://loinc.org",
          "code": "9279-1",
          "display": "Respiratory rate"
        } ],
        "text": "Respiratory rate"
      },
      "subject": {
        "reference": "urn:uuid:e83fe1b3-f94f-5591-f851-1da300e24e99"
      },
      "encounter": {
        "reference": "urn:uuid:7fa45f07-3a0b-b3b6-d0db-83da1769d41c"
      },
      "effectiveDateTime": "2025-07-01T20:08:40+00:00",
      "issued": "2025-07-01T20:08:40.849+00:00",
      "valueQuantity": {
        "value": 13,
        "unit": "/min",
        "system": "http://unitsofmeasure.org",
        "code": "/min"
      }
    },
    "request": {
      "method": "POST",
      "url": "Observation"
    }
  }, {
    "fullUrl": "urn:uuid:bdfe43b3-46cb-38dc-016e-85538d58e60f",
    "resource": {
      "resourceType": "Observation",
      "id": "bdfe43b3-46cb-38dc-016e-85538d58e60f",
      "status": "final",
      "category": {
        "coding": [ {
          "system": "http://hl7.org/fhir/observation-category",
          "code": "social-history",
          "display": "social-history"
        } ],
        "text": "social-history"
      },
      "code": {
        "coding": [ {
          "system": "http://loinc.org",
          "code": "72166-2",
          "display": "Tobacco smoking status"
        } ],
        "text": "Tobacco smoking status"
      },
      "subject": {
        "reference": "urn:uuid:e83fe1b3-f94f-5591-f851-1da300e24e99"
      },
      "encounter": {
        "reference": "urn:uuid:7fa45f07-3a0b-b3b6-d0db-83da1769d41c"
      },
      "effectiveDateTime": "2025-07-01T20:08:40+00:00",
      "issued": "2025-07-01T20:08:40.849+00:00",
      "valueCodeableConcept": {
        "coding": [ {
          "system": "http://snomed.info/sct",
          "code": "266919005",
          "display": "Never smoked tobacco (finding)"
        } ],
        "text": "Never smoked tobacco (finding)"
      }
    },
    "request": {
      "method": "POST",
      "url": "Observation"
    }
  }, {
    "fullUrl": "urn:uuid:c7e8bb6c-8bfb-f6b8-7b18-a894dbc387cd",
    "resource": {
      "resourceType": "Procedure",
      "id": "c7e8bb6c-8bfb-f6b8-7b18-a894dbc387cd",
      "subject": {
        "reference": "urn:uuid:e83fe1b3-f94f-5591-f851-1da300e24e99"
      },
      "status": "completed",
      "code": {
        "coding": [ {
          "system": "http://snomed.info/sct",
          "code": "430193006",
          "display": "Medication reconciliation (procedure)"
        } ],
        "text": "Medication reconciliation (procedure)"
      },
      "performedPeriod": {
        "start": "2025-07-01T20:08:40+00:00",
        "end": "2025-07-01T20:23:40+00:00"
      },
      "encounter": {
        "reference": "urn:uuid:7fa45f07-3a0b-b3b6-d0db-83da1769d41c"
      }
    },
    "request": {
      "method": "POST",
      "url": "Procedure"
    }
  }, {
    "fullUrl": "urn:uuid:6f260f1d-0ad3-a7fc-6ebf-fa86ccb469c4",
    "resource": {
      "resourceType": "Immunization",
      "id": "6f260f1d-0ad3-a7fc-6ebf-fa86ccb469c4",
      "status": "completed",
      "date": "2025-07-01T20:08:40+00:00",
      "vaccineCode": {
        "coding": [ {
          "system": "http://hl7.org/fhir/sid/cvx",
          "code": "08",
          "display": "Hep B, adolescent or pediatric"
        } ],
        "text": "Hep B, adolescent or pediatric"
      },
      "patient": {
        "reference": "urn:uuid:e83fe1b3-f94f-5591-f851-1da300e24e99"
      },
      "wasNotGiven": false,
      "reported": false,
      "encounter": {
        "reference": "urn:uuid:7fa45f07-3a0b-b3b6-d0db-83da1769d41c"
      }
    },
    "request": {
      "method": "POST",
      "url": "Immunization"
    }
  }, {
    "fullUrl": "urn:uuid:16829480-2ecc-64ed-0abe-3bf2cca72068",
    "resource": {
      "resourceType": "Claim",
      "id": "16829480-2ecc-64ed-0abe-3bf2cca72068",
      "type": "institutional",
      "organization": {
        "reference": "Organization?identifier=https://github.com/synthetichealth/synthea|c67ca7ed-4769-3b6c-a0a9-993f1227ff10",
        "display": "CAPE ANN MEDICAL CENTER LLC"
      },
      "use": "complete",
      "diagnosis": [ {
        "sequence": 1,
        "diagnosis": {
          "system": "http://snomed.info/sct",
          "code": "314529007",
          "display": "Medication review due (situation)"
        }
      } ],
      "patient": {
        "reference": "urn:uuid:e83fe1b3-f94f-5591-f851-1da300e24e99"
      },
      "item": [ {
        "sequence": 1,
        "type": {
          "system": "http://hl7.org/fhir/v3/ActCode",
          "code": "CSINV",
          "display": "clinical service invoice"
        },
        "service": {
          "system": "http://snomed.info/sct",
          "code": "410620009",
          "display": "Well child visit (procedure)"
        }
      }, {
        "sequence": 2,
        "type": {
          "system": "http://hl7.org/fhir/v3/ActCode",
          "code": "CSINV",
          "display": "clinical service invoice"
        },
        "service": {
          "system": "http://hl7.org/fhir/sid/cvx",
          "code": "08",
          "display": "Hep B, adolescent or pediatric"
        },
        "net": {
          "value": 136.00,
          "system": "urn:iso:std:iso:4217",
          "code": "USD"
        }
      }, {
        "sequence": 4,
        "type": {
          "system": "http://hl7.org/fhir/v3/ActCode",
          "code": "CSINV",
          "display": "clinical service invoice"
        },
        "service": {
          "system": "http://snomed.info/sct",
          "code": "430193006",
          "display": "Medication reconciliation (procedure)"
        },
        "net": {
          "value": 774.59,
          "system": "urn:iso:std:iso:4217",
          "code": "USD"
        }
      } ]
    },
    "request": {
      "method": "POST",
      "url": "Claim"
    }
  } ]
}
