{
  "resourceType": "Bundle",
  "type": "transaction",
  "entry": [ {
    "fullUrl": "urn:uuid:03f12f9e-fd3e-b845-502a-3a12511d9e48",
    "resource": {
      "resourceType": "Patient",
      "id": "03f12f9e-fd3e-b845-502a-3a12511d9e48",
      "text": {
        "status": "generated",
        "div": "<div xmlns=\"http://www.w3.org/1999/xhtml\">Generated by <a href=\"https://github.com/synthetichealth/synthea\">Synthea</a>.Version identifier: 76f2925\n .   Person seed: -5897866220193388827  Population seed: 1725657848985</div>"
      },
      "extension": [ {
        "url": "http://hl7.org/fhir/StructureDefinition/us-core-race",
        "valueCodeableConcept": {
          "coding": [ {
            "system": "http://hl7.org/fhir/v3/Race",
            "code": "2106-3",
            "display": "White"
          } ],
          "text": "White"
        }
      }, {
        "url": "http://hl7.org/fhir/StructureDefinition/us-core-ethnicity",
        "valueCodeableConcept": {
          "coding": [ {
            "system": "http://hl7.org/fhir/v3/Ethnicity",
            "code": "2135-2",
            "display": "Hispanic or Latino"
          } ],
          "text": "Hispanic or Latino"
        }
      }, {
        "url": "http://hl7.org/fhir/StructureDefinition/patient-mothersMaidenName",
        "valueString": "Kiersten731 Connelly992"
      }, {
        "url": "http://hl7.org/fhir/us/core/StructureDefinition/us-core-birthsex",
        "valueCode": "M"
      }, {
        "url": "http://hl7.org/fhir/StructureDefinition/birthPlace",
        "valueAddress": {
          "city": "Shrewsbury",
          "state": "Massachusetts",
          "country": "US"
        }
      }, {
        "url": "http://synthetichealth.github.io/synthea/disability-adjusted-life-years",
        "valueDecimal": 0.0
      }, {
        "url": "http://synthetichealth.github.io/synthea/quality-adjusted-life-years",
        "valueDecimal": 0.0
      } ],
      "identifier": [ {
        "system": "https://github.com/synthetichealth/synthea",
        "value": "03f12f9e-fd3e-b845-502a-3a12511d9e48"
      }, {
        "type": {
          "coding": [ {
            "system": "http://hl7.org/fhir/v2/0203",
            "code": "MR"
          } ]
        },
        "system": "http://hospital.smarthealthit.org",
        "value": "03f12f9e-fd3e-b845-502a-3a12511d9e48"
      }, {
        "type": {
          "coding": [ {
            "system": "http://hl7.org/fhir/identifier-type",
            "code": "SB"
          } ]
        },
        "system": "http://hl7.org/fhir/sid/us-ssn",
        "value": "999-79-4378"
      } ],
      "name": [ {
        "use": "official",
        "family": [ "Medhurst46" ],
        "given": [ "Mario764", "Weston546" ]
      } ],
      "telecom": [ {
        "system": "phone",
        "value": "555-398-3801",
        "use": "home"
      } ],
      "gender": "male",
      "birthDate": "2024-01-16",
      "address": [ {
        "extension": [ {
          "url": "http://hl7.org/fhir/StructureDefinition/geolocation",
          "extension": [ {
            "url": "latitude",
            "valueDecimal": 41.673410072665284
          }, {
            "url": "longitude",
            "valueDecimal": -71.03543008426257
          } ]
        } ],
        "line": [ "600 Denesik Alley Suite 34" ],
        "city": "Smith Mills",
        "state": "Massachusetts",
        "postalCode": "00000",
        "country": "US"
      } ],
      "maritalStatus": {
        "coding": [ {
          "system": "http://hl7.org/fhir/v3/MaritalStatus",
          "code": "S"
        } ]
      },
      "multipleBirthBoolean": false,
      "communication": [ {
        "language": {
          "coding": [ {
            "system": "urn:ietf:bcp:47",
            "code": "en-US",
            "display": "English (United States)"
          } ],
          "text": "English (United States)"
        }
      } ]
    },
    "request": {
      "method": "POST",
      "url": "Patient"
    }
  }, {
    "fullUrl": "urn:uuid:6b7530b9-3c4c-44f0-b932-7901727b58f7",
    "resource": {
      "resourceType": "Encounter",
      "id": "6b7530b9-3c4c-44f0-b932-7901727b58f7",
      "status": "finished",
      "class": "ambulatory",
      "type": [ {
        "coding": [ {
          "system": "http://snomed.info/sct",
          "code": "410620009",
          "display": "Well child visit (procedure)"
        } ],
        "text": "Well child visit (procedure)"
      } ],
      "patient": {
        "reference": "urn:uuid:03f12f9e-fd3e-b845-502a-3a12511d9e48"
      },
      "participant": [ {
        "individual": {
          "reference": "Practitioner?identifier=http://hl7.org/fhir/sid/us-npi|9999962894",
          "display": "Dr. Irina619 Stiedemann542"
        }
      } ],
      "period": {
        "start": "2024-01-16T14:00:52+00:00",
        "end": "2024-01-16T14:15:52+00:00"
      },
      "serviceProvider": {
        "reference": "Organization?identifier=https://github.com/synthetichealth/synthea|3f12ebb4-e03c-3453-88d2-4fc9682383df",
        "display": "NEW BEDFORD INTERNAL MEDICINE & GERIATRICS, LLC"
      }
    },
    "request": {
      "method": "POST",
      "url": "Encounter"
    }
  }, {
    "fullUrl": "urn:uuid:5a3b20a8-8d85-b202-724f-1ea86070e68b",
    "resource": {
      "resourceType": "Condition",
      "id": "5a3b20a8-8d85-b202-724f-1ea86070e68b",
      "patient": {
        "reference": "urn:uuid:03f12f9e-fd3e-b845-502a-3a12511d9e48"
      },
      "encounter": {
        "reference": "urn:uuid:6b7530b9-3c4c-44f0-b932-7901727b58f7"
      },
      "dateRecorded": "2024-01-16",
      "code": {
        "coding": [ {
          "system": "http://snomed.info/sct",
          "code": "314529007",
          "display": "Medication review due (situation)"
        } ],
        "text": "Medication review due (situation)"
      },
      "category": {
        "coding": [ {
          "system": "http://hl7.org/fhir/condition-category",
          "code": "diagnosis"
        } ]
      },
      "clinicalStatus": "active",
      "verificationStatus": "confirmed",
      "onsetDateTime": "2024-01-16T14:00:52+00:00"
    },
    "request": {
      "method": "POST",
      "url": "Condition"
    }
  }, {
    "fullUrl": "urn:uuid:ed950518-2e3a-c771-f51a-55eee714aeda",
    "resource": {
      "resourceType": "Observation",
      "id": "ed950518-2e3a-c771-f51a-55eee714aeda",
      "status": "final",
      "category": {
        "coding": [ {
          "system": "http://hl7.org/fhir/observation-category",
          "code": "vital-signs",
          "display": "vital-signs"
        } ],
        "text": "vital-signs"
      },
      "code": {
        "coding": [ {
          "system": "http://loinc.org",
          "code": "8302-2",
          "display": "Body Height"
        } ],
        "text": "Body Height"
      },
      "subject": {
        "reference": "urn:uuid:03f12f9e-fd3e-b845-502a-3a12511d9e48"
      },
      "encounter": {
        "reference": "urn:uuid:6b7530b9-3c4c-44f0-b932-7901727b58f7"
      },
      "effectiveDateTime": "2024-01-16T14:00:52+00:00",
      "issued": "2024-01-16T14:00:52.026+00:00",
      "valueQuantity": {
        "value": 51.800,
        "unit": "cm",
        "system": "http://unitsofmeasure.org",
        "code": "cm"
      }
    },
    "request": {
      "method": "POST",
      "url": "Observation"
    }
  }, {
    "fullUrl": "urn:uuid:1faab44f-261a-4da4-b387-c7f3efad0707",
    "resource": {
      "resourceType": "Observation",
      "id": "1faab44f-261a-4da4-b387-c7f3efad0707",
      "status": "final",
      "category": {
        "coding": [ {
          "system": "http://hl7.org/fhir/observation-category",
          "code": "vital-signs",
          "display": "vital-signs"
        } ],
        "text": "vital-signs"
      },
      "code": {
        "coding": [ {
          "system": "http://loinc.org",
          "code": "72514-3",
          "display": "Pain severity - 0-10 verbal numeric rating [Score] - Reported"
        } ],
        "text": "Pain severity - 0-10 verbal numeric rating [Score] - Reported"
      },
      "subject": {
        "reference": "urn:uuid:03f12f9e-fd3e-b845-502a-3a12511d9e48"
      },
      "encounter": {
        "reference": "urn:uuid:6b7530b9-3c4c-44f0-b932-7901727b58f7"
      },
      "effectiveDateTime": "2024-01-16T14:00:52+00:00",
      "issued": "2024-01-16T14:00:52.026+00:00",
      "valueQuantity": {
        "value": 1,
        "unit": "{score}",
        "system": "http://unitsofmeasure.org",
        "code": "{score}"
      }
    },
    "request": {
      "method": "POST",
      "url": "Observation"
    }
  }, {
    "fullUrl": "urn:uuid:18b260a0-1d0b-600c-ec0e-c507304e4e00",
    "resource": {
      "resourceType": "Observation",
      "id": "18b260a0-1d0b-600c-ec0e-c507304e4e00",
      "status": "final",
      "category": {
        "coding": [ {
          "system": "http://hl7.org/fhir/observation-category",
          "code": "vital-signs",
          "display": "vital-signs"
        } ],
        "text": "vital-signs"
      },
      "code": {
        "coding": [ {
          "system": "http://loinc.org",
          "code": "29463-7",
          "display": "Body Weight"
        } ],
        "text": "Body Weight"
      },
      "subject": {
        "reference": "urn:uuid:03f12f9e-fd3e-b845-502a-3a12511d9e48"
      },
      "encounter": {
        "reference": "urn:uuid:6b7530b9-3c4c-44f0-b932-7901727b58f7"
      },
      "effectiveDateTime": "2024-01-16T14:00:52+00:00",
      "issued": "2024-01-16T14:00:52.026+00:00",
      "valueQuantity": {
        "value": 4.7000,
        "unit": "kg",
        "system": "http://unitsofmeasure.org",
        "code": "kg"
      }
    },
    "request": {
      "method": "POST",
      "url": "Observation"
    }
  }, {
    "fullUrl": "urn:uuid:7eb8ef5e-6b38-941b-93c2-015294191dad",
    "resource": {
      "resourceType": "Observation",
      "id": "7eb8ef5e-6b38-941b-93c2-015294191dad",
      "status": "final",
      "category": {
        "coding": [ {
          "system": "http://hl7.org/fhir/observation-category",
          "code": "vital-signs",
          "display": "vital-signs"
        } ],
        "text": "vital-signs"
      },
      "code": {
        "coding": [ {
          "system": "http://loinc.org",
          "code": "77606-2",
          "display": "Weight-for-length Per age and sex"
        } ],
        "text": "Weight-for-length Per age and sex"
      },
      "subject": {
        "reference": "urn:uuid:03f12f9e-fd3e-b845-502a-3a12511d9e48"
      },
      "encounter": {
        "reference": "urn:uuid:6b7530b9-3c4c-44f0-b932-7901727b58f7"
      },
      "effectiveDateTime": "2024-01-16T14:00:52+00:00",
      "issued": "2024-01-16T14:00:52.026+00:00",
      "valueQuantity": {
        "value": 94.206,
        "unit": "%",
        "system": "http://unitsofmeasure.org",
        "code": "%"
      }
    },
    "request": {
      "method": "POST",
      "url": "Observation"
    }
  }, {
    "fullUrl": "urn:uuid:32c880db-8253-d2b9-7985-7009f8da91ed",
    "resource": {
      "resourceType": "Observation",
      "id": "32c880db-8253-d2b9-7985-7009f8da91ed",
      "status": "final",
      "category": {
        "coding": [ {
          "system": "http://hl7.org/fhir/observation-category",
          "code": "vital-signs",
          "display": "vital-signs"
        } ],
        "text": "vital-signs"
      },
      "code": {
        "coding": [ {
          "system": "http://loinc.org",
          "code": "8289-1",
          "display": "Head Occipital-frontal circumference Percentile"
        } ],
        "text": "Head Occipital-frontal circumference Percentile"
      },
      "subject": {
        "reference": "urn:uuid:03f12f9e-fd3e-b845-502a-3a12511d9e48"
      },
      "encounter": {
        "reference": "urn:uuid:6b7530b9-3c4c-44f0-b932-7901727b58f7"
      },
      "effectiveDateTime": "2024-01-16T14:00:52+00:00",
      "issued": "2024-01-16T14:00:52.026+00:00",
      "valueQuantity": {
        "value": 39.410,
        "unit": "%",
        "system": "http://unitsofmeasure.org",
        "code": "%"
      }
    },
    "request": {
      "method": "POST",
      "url": "Observation"
    }
  }, {
    "fullUrl": "urn:uuid:64b54242-867b-c661-7fb4-bb8ecac2ec85",
    "resource": {
      "resourceType": "Observation",
      "id": "64b54242-867b-c661-7fb4-bb8ecac2ec85",
      "status": "final",
      "category": {
        "coding": [ {
          "system": "http://hl7.org/fhir/observation-category",
          "code": "vital-signs",
          "display": "vital-signs"
        } ],
        "text": "vital-signs"
      },
      "code": {
        "coding": [ {
          "system": "http://loinc.org",
          "code": "9843-4",
          "display": "Head Occipital-frontal circumference"
        } ],
        "text": "Head Occipital-frontal circumference"
      },
      "subject": {
        "reference": "urn:uuid:03f12f9e-fd3e-b845-502a-3a12511d9e48"
      },
      "encounter": {
        "reference": "urn:uuid:6b7530b9-3c4c-44f0-b932-7901727b58f7"
      },
      "effectiveDateTime": "2024-01-16T14:00:52+00:00",
      "issued": "2024-01-16T14:00:52.026+00:00",
      "valueQuantity": {
        "value": 35.300,
        "unit": "cm",
        "system": "http://unitsofmeasure.org",
        "code": "cm"
      }
    },
    "request": {
      "method": "POST",
      "url": "Observation"
    }
  }, {
    "fullUrl": "urn:uuid:57807695-4d06-d7d7-9439-c53d3ffe73dc",
    "resource": {
      "resourceType": "Observation",
      "id": "57807695-4d06-d7d7-9439-c53d3ffe73dc",
      "status": "final",
      "category": {
        "coding": [ {
          "system": "http://hl7.org/fhir/observation-category",
          "code": "vital-signs",
          "display": "vital-signs"
        } ],
        "text": "vital-signs"
      },
      "code": {
        "coding": [ {
          "system": "http://loinc.org",
          "code": "85354-9",
          "display": "Blood pressure panel with all children optional"
        } ],
        "text": "Blood pressure panel with all children optional"
      },
      "subject": {
        "reference": "urn:uuid:03f12f9e-fd3e-b845-502a-3a12511d9e48"
      },
      "encounter": {
        "reference": "urn:uuid:6b7530b9-3c4c-44f0-b932-7901727b58f7"
      },
      "effectiveDateTime": "2024-01-16T14:00:52+00:00",
      "issued": "2024-01-16T14:00:52.026+00:00",
      "component": [ {
        "code": {
          "coding": [ {
            "system": "http://loinc.org",
            "code": "8462-4",
            "display": "Diastolic Blood Pressure"
          } ],
          "text": "Diastolic Blood Pressure"
        },
        "valueQuantity": {
          "value": 75,
          "unit": "mm[Hg]",
          "system": "http://unitsofmeasure.org",
          "code": "mm[Hg]"
        }
      }, {
        "code": {
          "coding": [ {
            "system": "http://loinc.org",
            "code": "8480-6",
            "display": "Systolic Blood Pressure"
          } ],
          "text": "Systolic Blood Pressure"
        },
        "valueQuantity": {
          "value": 132,
          "unit": "mm[Hg]",
          "system": "http://unitsofmeasure.org",
          "code": "mm[Hg]"
        }
      } ]
    },
    "request": {
      "method": "POST",
      "url": "Observation"
    }
  }, {
    "fullUrl": "urn:uuid:85c6344b-fb12-a095-319b-f5d182cc5c0e",
    "resource": {
      "resourceType": "Observation",
      "id": "85c6344b-fb12-a095-319b-f5d182cc5c0e",
      "status": "final",
      "category": {
        "coding": [ {
          "system": "http://hl7.org/fhir/observation-category",
          "code": "vital-signs",
          "display": "vital-signs"
        } ],
        "text": "vital-signs"
      },
      "code": {
        "coding": [ {
          "system": "http://loinc.org",
          "code": "8867-4",
          "display": "Heart rate"
        } ],
        "text": "Heart rate"
      },
      "subject": {
        "reference": "urn:uuid:03f12f9e-fd3e-b845-502a-3a12511d9e48"
      },
      "encounter": {
        "reference": "urn:uuid:6b7530b9-3c4c-44f0-b932-7901727b58f7"
      },
      "effectiveDateTime": "2024-01-16T14:00:52+00:00",
      "issued": "2024-01-16T14:00:52.026+00:00",
      "valueQuantity": {
        "value": 94,
        "unit": "/min",
        "system": "http://unitsofmeasure.org",
        "code": "/min"
      }
    },
    "request": {
      "method": "POST",
      "url": "Observation"
    }
  }, {
    "fullUrl": "urn:uuid:2e1e6fe2-c680-7e73-49ce-570f63f6a957",
    "resource": {
      "resourceType": "Observation",
      "id": "2e1e6fe2-c680-7e73-49ce-570f63f6a957",
      "status": "final",
      "category": {
        "coding": [ {
          "system": "http://hl7.org/fhir/observation-category",
          "code": "vital-signs",
          "display": "vital-signs"
        } ],
        "text": "vital-signs"
      },
      "code": {
        "coding": [ {
          "system": "http://loinc.org",
          "code": "9279-1",
          "display": "Respiratory rate"
        } ],
        "text": "Respiratory rate"
      },
      "subject": {
        "reference": "urn:uuid:03f12f9e-fd3e-b845-502a-3a12511d9e48"
      },
      "encounter": {
        "reference": "urn:uuid:6b7530b9-3c4c-44f0-b932-7901727b58f7"
      },
      "effectiveDateTime": "2024-01-16T14:00:52+00:00",
      "issued": "2024-01-16T14:00:52.026+00:00",
      "valueQuantity": {
        "value": 15,
        "unit": "/min",
        "system": "http://unitsofmeasure.org",
        "code": "/min"
      }
    },
    "request": {
      "method": "POST",
      "url": "Observation"
    }
  }, {
    "fullUrl": "urn:uuid:9f2d75a2-ff7c-667d-1cf1-96229108b0dc",
    "resource": {
      "resourceType": "Observation",
      "id": "9f2d75a2-ff7c-667d-1cf1-96229108b0dc",
      "status": "final",
      "category": {
        "coding": [ {
          "system": "http://hl7.org/fhir/observation-category",
          "code": "laboratory",
          "display": "laboratory"
        } ],
        "text": "laboratory"
      },
      "code": {
        "coding": [ {
          "system": "http://loinc.org",
          "code": "6690-2",
          "display": "Leukocytes [#/volume] in Blood by Automated count"
        } ],
        "text": "Leukocytes [#/volume] in Blood by Automated count"
      },
      "subject": {
        "reference": "urn:uuid:03f12f9e-fd3e-b845-502a-3a12511d9e48"
      },
      "encounter": {
        "reference": "urn:uuid:6b7530b9-3c4c-44f0-b932-7901727b58f7"
      },
      "effectiveDateTime": "2024-01-16T14:00:52+00:00",
      "issued": "2024-01-16T14:00:52.026+00:00",
      "valueQuantity": {
        "value": 6.7542,
        "unit": "10*3/uL",
        "system": "http://unitsofmeasure.org",
        "code": "10*3/uL"
      }
    },
    "request": {
      "method": "POST",
      "url": "Observation"
    }
  }, {
    "fullUrl": "urn:uuid:1b449afd-e553-8659-4ea4-a71c1c911ff3",
    "resource": {
      "resourceType": "Observation",
      "id": "1b449afd-e553-8659-4ea4-a71c1c911ff3",
      "status": "final",
      "category": {
        "coding": [ {
          "system": "http://hl7.org/fhir/observation-category",
          "code": "laboratory",
          "display": "laboratory"
        } ],
        "text": "laboratory"
      },
      "code": {
        "coding": [ {
          "system": "http://loinc.org",
          "code": "789-8",
          "display": "Erythrocytes [#/volume] in Blood by Automated count"
        } ],
        "text": "Erythrocytes [#/volume] in Blood by Automated count"
      },
      "subject": {
        "reference": "urn:uuid:03f12f9e-fd3e-b845-502a-3a12511d9e48"
      },
      "encounter": {
        "reference": "urn:uuid:6b7530b9-3c4c-44f0-b932-7901727b58f7"
      },
      "effectiveDateTime": "2024-01-16T14:00:52+00:00",
      "issued": "2024-01-16T14:00:52.026+00:00",
      "valueQuantity": {
        "value": 4.9055,
        "unit": "10*6/uL",
        "system": "http://unitsofmeasure.org",
        "code": "10*6/uL"
      }
    },
    "request": {
      "method": "POST",
      "url": "Observation"
    }
  }, {
    "fullUrl": "urn:uuid:9f66d9d2-1db5-bbe0-32dc-764cb899f5e4",
    "resource": {
      "resourceType": "Observation",
      "id": "9f66d9d2-1db5-bbe0-32dc-764cb899f5e4",
      "status": "final",
      "category": {
        "coding": [ {
          "system": "http://hl7.org/fhir/observation-category",
          "code": "laboratory",
          "display": "laboratory"
        } ],
        "text": "laboratory"
      },
      "code": {
        "coding": [ {
          "system": "http://loinc.org",
          "code": "718-7",
          "display": "Hemoglobin [Mass/volume] in Blood"
        } ],
        "text": "Hemoglobin [Mass/volume] in Blood"
      },
      "subject": {
        "reference": "urn:uuid:03f12f9e-fd3e-b845-502a-3a12511d9e48"
      },
      "encounter": {
        "reference": "urn:uuid:6b7530b9-3c4c-44f0-b932-7901727b58f7"
      },
      "effectiveDateTime": "2024-01-16T14:00:52+00:00",
      "issued": "2024-01-16T14:00:52.026+00:00",
      "valueQuantity": {
        "value": 16.215,
        "unit": "g/dL",
        "system": "http://unitsofmeasure.org",
        "code": "g/dL"
      }
    },
    "request": {
      "method": "POST",
      "url": "Observation"
    }
  }, {
    "fullUrl": "urn:uuid:1cf88b40-9878-26e3-e7e8-357f799c8cd4",
    "resource": {
      "resourceType": "Observation",
      "id": "1cf88b40-9878-26e3-e7e8-357f799c8cd4",
      "status": "final",
      "category": {
        "coding": [ {
          "system": "http://hl7.org/fhir/observation-category",
          "code": "laboratory",
          "display": "laboratory"
        } ],
        "text": "laboratory"
      },
      "code": {
        "coding": [ {
          "system": "http://loinc.org",
          "code": "4544-3",
          "display": "Hematocrit [Volume Fraction] of Blood by Automated count"
        } ],
        "text": "Hematocrit [Volume Fraction] of Blood by Automated count"
      },
      "subject": {
        "reference": "urn:uuid:03f12f9e-fd3e-b845-502a-3a12511d9e48"
      },
      "encounter": {
        "reference": "urn:uuid:6b7530b9-3c4c-44f0-b932-7901727b58f7"
      },
      "effectiveDateTime": "2024-01-16T14:00:52+00:00",
      "issued": "2024-01-16T14:00:52.026+00:00",
      "valueQuantity": {
        "value": 43.505,
        "unit": "%",
        "system": "http://unitsofmeasure.org",
        "code": "%"
      }
    },
    "request": {
      "method": "POST",
      "url": "Observation"
    }
  }, {
    "fullUrl": "urn:uuid:17c3dc27-8ae0-f37c-4945-cfde05e27a03",
    "resource": {
      "resourceType": "Observation",
      "id": "17c3dc27-8ae0-f37c-4945-cfde05e27a03",
      "status": "final",
      "category": {
        "coding": [ {
          "system": "http://hl7.org/fhir/observation-category",
          "code": "laboratory",
          "display": "laboratory"
        } ],
        "text": "laboratory"
      },
      "code": {
        "coding": [ {
          "system": "http://loinc.org",
          "code": "787-2",
          "display": "MCV [Entitic volume] by Automated count"
        } ],
        "text": "MCV [Entitic volume] by Automated count"
      },
      "subject": {
        "reference": "urn:uuid:03f12f9e-fd3e-b845-502a-3a12511d9e48"
      },
      "encounter": {
        "reference": "urn:uuid:6b7530b9-3c4c-44f0-b932-7901727b58f7"
      },
      "effectiveDateTime": "2024-01-16T14:00:52+00:00",
      "issued": "2024-01-16T14:00:52.026+00:00",
      "valueQuantity": {
        "value": 83.143,
        "unit": "fL",
        "system": "http://unitsofmeasure.org",
        "code": "fL"
      }
    },
    "request": {
      "method": "POST",
      "url": "Observation"
    }
  }, {
    "fullUrl": "urn:uuid:579728dd-972b-00fd-5bfe-c1897b4eb306",
    "resource": {
      "resourceType": "Observation",
      "id": "579728dd-972b-00fd-5bfe-c1897b4eb306",
      "status": "final",
      "category": {
        "coding": [ {
          "system": "http://hl7.org/fhir/observation-category",
          "code": "laboratory",
          "display": "laboratory"
        } ],
        "text": "laboratory"
      },
      "code": {
        "coding": [ {
          "system": "http://loinc.org",
          "code": "785-6",
          "display": "MCH [Entitic mass] by Automated count"
        } ],
        "text": "MCH [Entitic mass] by Automated count"
      },
      "subject": {
        "reference": "urn:uuid:03f12f9e-fd3e-b845-502a-3a12511d9e48"
      },
      "encounter": {
        "reference": "urn:uuid:6b7530b9-3c4c-44f0-b932-7901727b58f7"
      },
      "effectiveDateTime": "2024-01-16T14:00:52+00:00",
      "issued": "2024-01-16T14:00:52.026+00:00",
      "valueQuantity": {
        "value": 32.256,
        "unit": "pg",
        "system": "http://unitsofmeasure.org",
        "code": "pg"
      }
    },
    "request": {
      "method": "POST",
      "url": "Observation"
    }
  }, {
    "fullUrl": "urn:uuid:f8f9ae1d-7fa9-0836-a3e2-1d8b126a9849",
    "resource": {
      "resourceType": "Observation",
      "id": "f8f9ae1d-7fa9-0836-a3e2-1d8b126a9849",
      "status": "final",
      "category": {
        "coding": [ {
          "system": "http://hl7.org/fhir/observation-category",
          "code": "laboratory",
          "display": "laboratory"
        } ],
        "text": "laboratory"
      },
      "code": {
        "coding": [ {
          "system": "http://loinc.org",
          "code": "786-4",
          "display": "MCHC [Mass/volume] by Automated count"
        } ],
        "text": "MCHC [Mass/volume] by Automated count"
      },
      "subject": {
        "reference": "urn:uuid:03f12f9e-fd3e-b845-502a-3a12511d9e48"
      },
      "encounter": {
        "reference": "urn:uuid:6b7530b9-3c4c-44f0-b932-7901727b58f7"
      },
      "effectiveDateTime": "2024-01-16T14:00:52+00:00",
      "issued": "2024-01-16T14:00:52.026+00:00",
      "valueQuantity": {
        "value": 34.920,
        "unit": "g/dL",
        "system": "http://unitsofmeasure.org",
        "code": "g/dL"
      }
    },
    "request": {
      "method": "POST",
      "url": "Observation"
    }
  }, {
    "fullUrl": "urn:uuid:18724d6c-d1be-8ec4-51ca-f72711074277",
    "resource": {
      "resourceType": "Observation",
      "id": "18724d6c-d1be-8ec4-51ca-f72711074277",
      "status": "final",
      "category": {
        "coding": [ {
          "system": "http://hl7.org/fhir/observation-category",
          "code": "laboratory",
          "display": "laboratory"
        } ],
        "text": "laboratory"
      },
      "code": {
        "coding": [ {
          "system": "http://loinc.org",
          "code": "21000-5",
          "display": "Erythrocyte distribution width [Entitic volume] by Automated count"
        } ],
        "text": "Erythrocyte distribution width [Entitic volume] by Automated count"
      },
      "subject": {
        "reference": "urn:uuid:03f12f9e-fd3e-b845-502a-3a12511d9e48"
      },
      "encounter": {
        "reference": "urn:uuid:6b7530b9-3c4c-44f0-b932-7901727b58f7"
      },
      "effectiveDateTime": "2024-01-16T14:00:52+00:00",
      "issued": "2024-01-16T14:00:52.026+00:00",
      "valueQuantity": {
        "value": 39.705,
        "unit": "fL",
        "system": "http://unitsofmeasure.org",
        "code": "fL"
      }
    },
    "request": {
      "method": "POST",
      "url": "Observation"
    }
  }, {
    "fullUrl": "urn:uuid:f2caf16a-d0e0-46a9-1723-7bb62204439f",
    "resource": {
      "resourceType": "Observation",
      "id": "f2caf16a-d0e0-46a9-1723-7bb62204439f",
      "status": "final",
      "category": {
        "coding": [ {
          "system": "http://hl7.org/fhir/observation-category",
          "code": "laboratory",
          "display": "laboratory"
        } ],
        "text": "laboratory"
      },
      "code": {
        "coding": [ {
          "system": "http://loinc.org",
          "code": "777-3",
          "display": "Platelets [#/volume] in Blood by Automated count"
        } ],
        "text": "Platelets [#/volume] in Blood by Automated count"
      },
      "subject": {
        "reference": "urn:uuid:03f12f9e-fd3e-b845-502a-3a12511d9e48"
      },
      "encounter": {
        "reference": "urn:uuid:6b7530b9-3c4c-44f0-b932-7901727b58f7"
      },
      "effectiveDateTime": "2024-01-16T14:00:52+00:00",
      "issued": "2024-01-16T14:00:52.026+00:00",
      "valueQuantity": {
        "value": 257.68,
        "unit": "10*3/uL",
        "system": "http://unitsofmeasure.org",
        "code": "10*3/uL"
      }
    },
    "request": {
      "method": "POST",
      "url": "Observation"
    }
  }, {
    "fullUrl": "urn:uuid:43cd7ab6-be80-4060-c8f7-609118e94630",
    "resource": {
      "resourceType": "Observation",
      "id": "43cd7ab6-be80-4060-c8f7-609118e94630",
      "status": "final",
      "category": {
        "coding": [ {
          "system": "http://hl7.org/fhir/observation-category",
          "code": "laboratory",
          "display": "laboratory"
        } ],
        "text": "laboratory"
      },
      "code": {
        "coding": [ {
          "system": "http://loinc.org",
          "code": "32207-3",
          "display": "Platelet distribution width [Entitic volume] in Blood by Automated count"
        } ],
        "text": "Platelet distribution width [Entitic volume] in Blood by Automated count"
      },
      "subject": {
        "reference": "urn:uuid:03f12f9e-fd3e-b845-502a-3a12511d9e48"
      },
      "encounter": {
        "reference": "urn:uuid:6b7530b9-3c4c-44f0-b932-7901727b58f7"
      },
      "effectiveDateTime": "2024-01-16T14:00:52+00:00",
      "issued": "2024-01-16T14:00:52.026+00:00",
      "valueQuantity": {
        "value": 261.34,
        "unit": "fL",
        "system": "http://unitsofmeasure.org",
        "code": "fL"
      }
    },
    "request": {
      "method": "POST",
      "url": "Observation"
    }
  }, {
    "fullUrl": "urn:uuid:3e409879-aee8-e321-4ad1-ecb8290c631f",
    "resource": {
      "resourceType": "Observation",
      "id": "3e409879-aee8-e321-4ad1-ecb8290c631f",
      "status": "final",
      "category": {
        "coding": [ {
          "system": "http://hl7.org/fhir/observation-category",
          "code": "laboratory",
          "display": "laboratory"
        } ],
        "text": "laboratory"
      },
      "code": {
        "coding": [ {
          "system": "http://loinc.org",
          "code": "32623-1",
          "display": "Platelet mean volume [Entitic volume] in Blood by Automated count"
        } ],
        "text": "Platelet mean volume [Entitic volume] in Blood by Automated count"
      },
      "subject": {
        "reference": "urn:uuid:03f12f9e-fd3e-b845-502a-3a12511d9e48"
      },
      "encounter": {
        "reference": "urn:uuid:6b7530b9-3c4c-44f0-b932-7901727b58f7"
      },
      "effectiveDateTime": "2024-01-16T14:00:52+00:00",
      "issued": "2024-01-16T14:00:52.026+00:00",
      "valueQuantity": {
        "value": 10.721,
        "unit": "fL",
        "system": "http://unitsofmeasure.org",
        "code": "fL"
      }
    },
    "request": {
      "method": "POST",
      "url": "Observation"
    }
  }, {
    "fullUrl": "urn:uuid:024a6835-32e9-fdd4-091e-27c7b1185e91",
    "resource": {
      "resourceType": "Observation",
      "id": "024a6835-32e9-fdd4-091e-27c7b1185e91",
      "status": "final",
      "category": {
        "coding": [ {
          "system": "http://hl7.org/fhir/observation-category",
          "code": "social-history",
          "display": "social-history"
        } ],
        "text": "social-history"
      },
      "code": {
        "coding": [ {
          "system": "http://loinc.org",
          "code": "72166-2",
          "display": "Tobacco smoking status"
        } ],
        "text": "Tobacco smoking status"
      },
      "subject": {
        "reference": "urn:uuid:03f12f9e-fd3e-b845-502a-3a12511d9e48"
      },
      "encounter": {
        "reference": "urn:uuid:6b7530b9-3c4c-44f0-b932-7901727b58f7"
      },
      "effectiveDateTime": "2024-01-16T14:00:52+00:00",
      "issued": "2024-01-16T14:00:52.026+00:00",
      "valueCodeableConcept": {
        "coding": [ {
          "system": "http://snomed.info/sct",
          "code": "266919005",
          "display": "Never smoked tobacco (finding)"
        } ],
        "text": "Never smoked tobacco (finding)"
      }
    },
    "request": {
      "method": "POST",
      "url": "Observation"
    }
  }, {
    "fullUrl": "urn:uuid:67d8119f-d180-2a19-2337-2145f5d9d228",
    "resource": {
      "resourceType": "Immunization",
      "id": "67d8119f-d180-2a19-2337-2145f5d9d228",
      "status": "completed",
      "date": "2024-01-16T14:00:52+00:00",
      "vaccineCode": {
        "coding": [ {
          "system": "http://hl7.org/fhir/sid/cvx",
          "code": "08",
          "display": "Hep B, adolescent or pediatric"
        } ],
        "text": "Hep B, adolescent or pediatric"
      },
      "patient": {
        "reference": "urn:uuid:03f12f9e-fd3e-b845-502a-3a12511d9e48"
      },
      "wasNotGiven": false,
      "reported": false,
      "encounter": {
        "reference": "urn:uuid:6b7530b9-3c4c-44f0-b932-7901727b58f7"
      }
    },
    "request": {
      "method": "POST",
      "url": "Immunization"
    }
  }, {
    "fullUrl": "urn:uuid:5c9bc543-78db-fe71-5362-97bea925c21e",
    "resource": {
      "resourceType": "DiagnosticReport",
      "id": "5c9bc543-78db-fe71-5362-97bea925c21e",
      "status": "final",
      "category": {
        "coding": [ {
          "system": "http://hl7.org/fhir/ValueSet/diagnostic-service-sections",
          "code": "LAB"
        } ]
      },
      "code": {
        "coding": [ {
          "system": "http://loinc.org",
          "code": "58410-2",
          "display": "CBC panel - Blood by Automated count"
        } ],
        "text": "CBC panel - Blood by Automated count"
      },
      "subject": {
        "reference": "urn:uuid:03f12f9e-fd3e-b845-502a-3a12511d9e48"
      },
      "encounter": {
        "reference": "urn:uuid:6b7530b9-3c4c-44f0-b932-7901727b58f7"
      },
      "effectiveDateTime": "2024-01-16T14:00:52+00:00",
      "issued": "2024-01-16T14:00:52.026+00:00",
      "performer": {
        "reference": "Organization?identifier=https://github.com/synthetichealth/synthea|3f12ebb4-e03c-3453-88d2-4fc9682383df",
        "display": "NEW BEDFORD INTERNAL MEDICINE & GERIATRICS, LLC"
      },
      "result": [ {
        "reference": "urn:uuid:3e409879-aee8-e321-4ad1-ecb8290c631f",
        "display": "Platelet mean volume [Entitic volume] in Blood by Automated count"
      } ]
    },
    "request": {
      "method": "POST",
      "url": "DiagnosticReport"
    }
  }, {
    "fullUrl": "urn:uuid:2756c941-3c8e-7535-79a1-6854621b1d64",
    "resource": {
      "resourceType": "Claim",
      "id": "2756c941-3c8e-7535-79a1-6854621b1d64",
      "type": "institutional",
      "organization": {
        "reference": "Organization?identifier=https://github.com/synthetichealth/synthea|3f12ebb4-e03c-3453-88d2-4fc9682383df",
        "display": "NEW BEDFORD INTERNAL MEDICINE & GERIATRICS, LLC"
      },
      "use": "complete",
      "diagnosis": [ {
        "sequence": 1,
        "diagnosis": {
          "system": "http://snomed.info/sct",
          "code": "314529007",
          "display": "Medication review due (situation)"
        }
      } ],
      "patient": {
        "reference": "urn:uuid:03f12f9e-fd3e-b845-502a-3a12511d9e48"
      },
      "item": [ {
        "sequence": 1,
        "type": {
          "system": "http://hl7.org/fhir/v3/ActCode",
          "code": "CSINV",
          "display": "clinical service invoice"
        },
        "service": {
          "system": "http://snomed.info/sct",
          "code": "410620009",
          "display": "Well child visit (procedure)"
        }
      }, {
        "sequence": 2,
        "type": {
          "system": "http://hl7.org/fhir/v3/ActCode",
          "code": "CSINV",
          "display": "clinical service invoice"
        },
        "service": {
          "system": "http://hl7.org/fhir/sid/cvx",
          "code": "08",
          "display": "Hep B, adolescent or pediatric"
        },
        "net": {
          "value": 136.00,
          "system": "urn:iso:std:iso:4217",
          "code": "USD"
        }
      }, {
        "sequence": 4,
        "type": {
          "system": "http://hl7.org/fhir/v3/ActCode",
          "code": "CSINV",
          "display": "clinical service invoice"
        },
        "service": {
          "system": "http://loinc.org",
          "code": "58410-2",
          "display": "CBC panel - Blood by Automated count"
        },
        "net": {
          "value": 74.58,
          "system": "urn:iso:std:iso:4217",
          "code": "USD"
        }
      } ]
    },
    "request": {
      "method": "POST",
      "url": "Claim"
    }
  }, {
    "fullUrl": "urn:uuid:c14dfc20-1321-dc66-a126-0fda583cb432",
    "resource": {
      "resourceType": "Encounter",
      "id": "c14dfc20-1321-dc66-a126-0fda583cb432",
      "status": "finished",
      "class": "ambulatory",
      "type": [ {
        "coding": [ {
          "system": "http://snomed.info/sct",
          "code": "410620009",
          "display": "Well child visit (procedure)"
        } ],
        "text": "Well child visit (procedure)"
      } ],
      "patient": {
        "reference": "urn:uuid:03f12f9e-fd3e-b845-502a-3a12511d9e48"
      },
      "participant": [ {
        "individual": {
          "reference": "Practitioner?identifier=http://hl7.org/fhir/sid/us-npi|9999962894",
          "display": "Dr. Irina619 Stiedemann542"
        }
      } ],
      "period": {
        "start": "2024-02-20T14:00:52+00:00",
        "end": "2024-02-20T14:15:52+00:00"
      },
      "serviceProvider": {
        "reference": "Organization?identifier=https://github.com/synthetichealth/synthea|3f12ebb4-e03c-3453-88d2-4fc9682383df",
        "display": "NEW BEDFORD INTERNAL MEDICINE & GERIATRICS, LLC"
      }
    },
    "request": {
      "method": "POST",
      "url": "Encounter"
    }
  }, {
    "fullUrl": "urn:uuid:e4a6bb86-37be-58ca-d52c-04c410dbeaa2",
    "resource": {
      "resourceType": "Observation",
      "id": "e4a6bb86-37be-58ca-d52c-04c410dbeaa2",
      "status": "final",
      "category": {
        "coding": [ {
          "system": "http://hl7.org/fhir/observation-category",
          "code": "vital-signs",
          "display": "vital-signs"
        } ],
        "text": "vital-signs"
      },
      "code": {
        "coding": [ {
          "system": "http://loinc.org",
          "code": "8302-2",
          "display": "Body Height"
        } ],
        "text": "Body Height"
      },
      "subject": {
        "reference": "urn:uuid:03f12f9e-fd3e-b845-502a-3a12511d9e48"
      },
      "encounter": {
        "reference": "urn:uuid:c14dfc20-1321-dc66-a126-0fda583cb432"
      },
      "effectiveDateTime": "2024-02-20T14:00:52+00:00",
      "issued": "2024-02-20T14:00:52.026+00:00",
      "valueQuantity": {
        "value": 55.800,
        "unit": "cm",
        "system": "http://unitsofmeasure.org",
        "code": "cm"
      }
    },
    "request": {
      "method": "POST",
      "url": "Observation"
    }
  }, {
    "fullUrl": "urn:uuid:374f6eb2-41e6-1dc7-007a-11838fd579a3",
    "resource": {
      "resourceType": "Observation",
      "id": "374f6eb2-41e6-1dc7-007a-11838fd579a3",
      "status": "final",
      "category": {
        "coding": [ {
          "system": "http://hl7.org/fhir/observation-category",
          "code": "vital-signs",
          "display": "vital-signs"
        } ],
        "text": "vital-signs"
      },
      "code": {
        "coding": [ {
          "system": "http://loinc.org",
          "code": "72514-3",
          "display": "Pain severity - 0-10 verbal numeric rating [Score] - Reported"
        } ],
        "text": "Pain severity - 0-10 verbal numeric rating [Score] - Reported"
      },
      "subject": {
        "reference": "urn:uuid:03f12f9e-fd3e-b845-502a-3a12511d9e48"
      },
      "encounter": {
        "reference": "urn:uuid:c14dfc20-1321-dc66-a126-0fda583cb432"
      },
      "effectiveDateTime": "2024-02-20T14:00:52+00:00",
      "issued": "2024-02-20T14:00:52.026+00:00",
      "valueQuantity": {
        "value": 4,
        "unit": "{score}",
        "system": "http://unitsofmeasure.org",
        "code": "{score}"
      }
    },
    "request": {
      "method": "POST",
      "url": "Observation"
    }
  }, {
    "fullUrl": "urn:uuid:6c8370a3-c9eb-4a22-f0c6-b462cb539b05",
    "resource": {
      "resourceType": "Observation",
      "id": "6c8370a3-c9eb-4a22-f0c6-b462cb539b05",
      "status": "final",
      "category": {
        "coding": [ {
          "system": "http://hl7.org/fhir/observation-category",
          "code": "vital-signs",
          "display": "vital-signs"
        } ],
        "text": "vital-signs"
      },
      "code": {
        "coding": [ {
          "system": "http://loinc.org",
          "code": "29463-7",
          "display": "Body Weight"
        } ],
        "text": "Body Weight"
      },
      "subject": {
        "reference": "urn:uuid:03f12f9e-fd3e-b845-502a-3a12511d9e48"
      },
      "encounter": {
        "reference": "urn:uuid:c14dfc20-1321-dc66-a126-0fda583cb432"
      },
      "effectiveDateTime": "2024-02-20T14:00:52+00:00",
      "issued": "2024-02-20T14:00:52.026+00:00",
      "valueQuantity": {
        "value": 5.7000,
        "unit": "kg",
        "system": "http://unitsofmeasure.org",
        "code": "kg"
      }
    },
    "request": {
      "method": "POST",
      "url": "Observation"
    }
  }, {
    "fullUrl": "urn:uuid:30dec48d-d79d-2d02-da9a-5d4ba5b21c61",
    "resource": {
      "resourceType": "Observation",
      "id": "30dec48d-d79d-2d02-da9a-5d4ba5b21c61",
      "status": "final",
      "category": {
        "coding": [ {
          "system": "http://hl7.org/fhir/observation-category",
          "code": "vital-signs",
          "display": "vital-signs"
        } ],
        "text": "vital-signs"
      },
      "code": {
        "coding": [ {
          "system": "http://loinc.org",
          "code": "77606-2",
          "display": "Weight-for-length Per age and sex"
        } ],
        "text": "Weight-for-length Per age and sex"
      },
      "subject": {
        "reference": "urn:uuid:03f12f9e-fd3e-b845-502a-3a12511d9e48"
      },
      "encounter": {
        "reference": "urn:uuid:c14dfc20-1321-dc66-a126-0fda583cb432"
      },
      "effectiveDateTime": "2024-02-20T14:00:52+00:00",
      "issued": "2024-02-20T14:00:52.026+00:00",
      "valueQuantity": {
        "value": 91.153,
        "unit": "%",
        "system": "http://unitsofmeasure.org",
        "code": "%"
      }
    },
    "request": {
      "method": "POST",
      "url": "Observation"
    }
  }, {
    "fullUrl": "urn:uuid:84d56ab6-c8d2-40a6-7aff-76af13dd1e38",
    "resource": {
      "resourceType": "Observation",
      "id": "84d56ab6-c8d2-40a6-7aff-76af13dd1e38",
      "status": "final",
      "category": {
        "coding": [ {
          "system": "http://hl7.org/fhir/observation-category",
          "code": "vital-signs",
          "display": "vital-signs"
        } ],
        "text": "vital-signs"
      },
      "code": {
        "coding": [ {
          "system": "http://loinc.org",
          "code": "8289-1",
          "display": "Head Occipital-frontal circumference Percentile"
        } ],
        "text": "Head Occipital-frontal circumference Percentile"
      },
      "subject": {
        "reference": "urn:uuid:03f12f9e-fd3e-b845-502a-3a12511d9e48"
      },
      "encounter": {
        "reference": "urn:uuid:c14dfc20-1321-dc66-a126-0fda583cb432"
      },
      "effectiveDateTime": "2024-02-20T14:00:52+00:00",
      "issued": "2024-02-20T14:00:52.026+00:00",
      "valueQuantity": {
        "value": 39.410,
        "unit": "%",
        "system": "http://unitsofmeasure.org",
        "code": "%"
      }
    },
    "request": {
      "method": "POST",
      "url": "Observation"
    }
  }, {
    "fullUrl": "urn:uuid:1934f3ae-9452-7123-9717-60b68992d06d",
    "resource": {
      "resourceType": "Observation",
      "id": "1934f3ae-9452-7123-9717-60b68992d06d",
      "status": "final",
      "category": {
        "coding": [ {
          "system": "http://hl7.org/fhir/observation-category",
          "code": "vital-signs",
          "display": "vital-signs"
        } ],
        "text": "vital-signs"
      },
      "code": {
        "coding": [ {
          "system": "http://loinc.org",
          "code": "9843-4",
          "display": "Head Occipital-frontal circumference"
        } ],
        "text": "Head Occipital-frontal circumference"
      },
      "subject": {
        "reference": "urn:uuid:03f12f9e-fd3e-b845-502a-3a12511d9e48"
      },
      "encounter": {
        "reference": "urn:uuid:c14dfc20-1321-dc66-a126-0fda583cb432"
      },
      "effectiveDateTime": "2024-02-20T14:00:52+00:00",
      "issued": "2024-02-20T14:00:52.026+00:00",
      "valueQuantity": {
        "value": 38.770,
        "unit": "cm",
        "system": "http://unitsofmeasure.org",
        "code": "cm"
      }
    },
    "request": {
      "method": "POST",
      "url": "Observation"
    }
  }, {
    "fullUrl": "urn:uuid:f06da535-5ca8-69d5-08d9-dfcd53c67d90",
    "resource": {
      "resourceType": "Observation",
      "id": "f06da535-5ca8-69d5-08d9-dfcd53c67d90",
      "status": "final",
      "category": {
        "coding": [ {
          "system": "http://hl7.org/fhir/observation-category",
          "code": "vital-signs",
          "display": "vital-signs"
        } ],
        "text": "vital-signs"
      },
      "code": {
        "coding": [ {
          "system": "http://loinc.org",
          "code": "85354-9",
          "display": "Blood pressure panel with all children optional"
        } ],
        "text": "Blood pressure panel with all children optional"
      },
      "subject": {
        "reference": "urn:uuid:03f12f9e-fd3e-b845-502a-3a12511d9e48"
      },
      "encounter": {
        "reference": "urn:uuid:c14dfc20-1321-dc66-a126-0fda583cb432"
      },
      "effectiveDateTime": "2024-02-20T14:00:52+00:00",
      "issued": "2024-02-20T14:00:52.026+00:00",
      "component": [ {
        "code": {
          "coding": [ {
            "system": "http://loinc.org",
            "code": "8462-4",
            "display": "Diastolic Blood Pressure"
          } ],
          "text": "Diastolic Blood Pressure"
        },
        "valueQuantity": {
          "value": 62,
          "unit": "mm[Hg]",
          "system": "http://unitsofmeasure.org",
          "code": "mm[Hg]"
        }
      }, {
        "code": {
          "coding": [ {
            "system": "http://loinc.org",
            "code": "8480-6",
            "display": "Systolic Blood Pressure"
          } ],
          "text": "Systolic Blood Pressure"
        },
        "valueQuantity": {
          "value": 131,
          "unit": "mm[Hg]",
          "system": "http://unitsofmeasure.org",
          "code": "mm[Hg]"
        }
      } ]
    },
    "request": {
      "method": "POST",
      "url": "Observation"
    }
  }, {
    "fullUrl": "urn:uuid:f1e4a240-dff7-cca8-834f-31422e93acb8",
    "resource": {
      "resourceType": "Observation",
      "id": "f1e4a240-dff7-cca8-834f-31422e93acb8",
      "status": "final",
      "category": {
        "coding": [ {
          "system": "http://hl7.org/fhir/observation-category",
          "code": "vital-signs",
          "display": "vital-signs"
        } ],
        "text": "vital-signs"
      },
      "code": {
        "coding": [ {
          "system": "http://loinc.org",
          "code": "8867-4",
          "display": "Heart rate"
        } ],
        "text": "Heart rate"
      },
      "subject": {
        "reference": "urn:uuid:03f12f9e-fd3e-b845-502a-3a12511d9e48"
      },
      "encounter": {
        "reference": "urn:uuid:c14dfc20-1321-dc66-a126-0fda583cb432"
      },
      "effectiveDateTime": "2024-02-20T14:00:52+00:00",
      "issued": "2024-02-20T14:00:52.026+00:00",
      "valueQuantity": {
        "value": 61,
        "unit": "/min",
        "system": "http://unitsofmeasure.org",
        "code": "/min"
      }
    },
    "request": {
      "method": "POST",
      "url": "Observation"
    }
  }, {
    "fullUrl": "urn:uuid:138f7bc3-4122-d7d0-2199-65c914b590a5",
    "resource": {
      "resourceType": "Observation",
      "id": "138f7bc3-4122-d7d0-2199-65c914b590a5",
      "status": "final",
      "category": {
        "coding": [ {
          "system": "http://hl7.org/fhir/observation-category",
          "code": "vital-signs",
          "display": "vital-signs"
        } ],
        "text": "vital-signs"
      },
      "code": {
        "coding": [ {
          "system": "http://loinc.org",
          "code": "9279-1",
          "display": "Respiratory rate"
        } ],
        "text": "Respiratory rate"
      },
      "subject": {
        "reference": "urn:uuid:03f12f9e-fd3e-b845-502a-3a12511d9e48"
      },
      "encounter": {
        "reference": "urn:uuid:c14dfc20-1321-dc66-a126-0fda583cb432"
      },
      "effectiveDateTime": "2024-02-20T14:00:52+00:00",
      "issued": "2024-02-20T14:00:52.026+00:00",
      "valueQuantity": {
        "value": 14,
        "unit": "/min",
        "system": "http://unitsofmeasure.org",
        "code": "/min"
      }
    },
    "request": {
      "method": "POST",
      "url": "Observation"
    }
  }, {
    "fullUrl": "urn:uuid:9287e338-038f-5287-0901-337e641cb0ea",
    "resource": {
      "resourceType": "Observation",
      "id": "9287e338-038f-5287-0901-337e641cb0ea",
      "status": "final",
      "category": {
        "coding": [ {
          "system": "http://hl7.org/fhir/observation-category",
          "code": "social-history",
          "display": "social-history"
        } ],
        "text": "social-history"
      },
      "code": {
        "coding": [ {
          "system": "http://loinc.org",
          "code": "72166-2",
          "display": "Tobacco smoking status"
        } ],
        "text": "Tobacco smoking status"
      },
      "subject": {
        "reference": "urn:uuid:03f12f9e-fd3e-b845-502a-3a12511d9e48"
      },
      "encounter": {
        "reference": "urn:uuid:c14dfc20-1321-dc66-a126-0fda583cb432"
      },
      "effectiveDateTime": "2024-02-20T14:00:52+00:00",
      "issued": "2024-02-20T14:00:52.026+00:00",
      "valueCodeableConcept": {
        "coding": [ {
          "system": "http://snomed.info/sct",
          "code": "266919005",
          "display": "Never smoked tobacco (finding)"
        } ],
        "text": "Never smoked tobacco (finding)"
      }
    },
    "request": {
      "method": "POST",
      "url": "Observation"
    }
  }, {
    "fullUrl": "urn:uuid:e3f5d2ab-de7e-e60f-5035-cdb89cbcb872",
    "resource": {
      "resourceType": "Immunization",
      "id": "e3f5d2ab-de7e-e60f-5035-cdb89cbcb872",
      "status": "completed",
      "date": "2024-02-20T14:00:52+00:00",
      "vaccineCode": {
        "coding": [ {
          "system": "http://hl7.org/fhir/sid/cvx",
          "code": "08",
          "display": "Hep B, adolescent or pediatric"
        } ],
        "text": "Hep B, adolescent or pediatric"
      },
      "patient": {
        "reference": "urn:uuid:03f12f9e-fd3e-b845-502a-3a12511d9e48"
      },
      "wasNotGiven": false,
      "reported": false,
      "encounter": {
        "reference": "urn:uuid:c14dfc20-1321-dc66-a126-0fda583cb432"
      }
    },
    "request": {
      "method": "POST",
      "url": "Immunization"
    }
  }, {
    "fullUrl": "urn:uuid:3a7dc5bc-6f4c-be39-e78f-523c4c5f0566",
    "resource": {
      "resourceType": "Claim",
      "id": "3a7dc5bc-6f4c-be39-e78f-523c4c5f0566",
      "type": "institutional",
      "organization": {
        "reference": "Organization?identifier=https://github.com/synthetichealth/synthea|3f12ebb4-e03c-3453-88d2-4fc9682383df",
        "display": "NEW BEDFORD INTERNAL MEDICINE & GERIATRICS, LLC"
      },
      "use": "complete",
      "patient": {
        "reference": "urn:uuid:03f12f9e-fd3e-b845-502a-3a12511d9e48"
      },
      "item": [ {
        "sequence": 1,
        "type": {
          "system": "http://hl7.org/fhir/v3/ActCode",
          "code": "CSINV",
          "display": "clinical service invoice"
        },
        "service": {
          "system": "http://snomed.info/sct",
          "code": "410620009",
          "display": "Well child visit (procedure)"
        }
      }, {
        "sequence": 2,
        "type": {
          "system": "http://hl7.org/fhir/v3/ActCode",
          "code": "CSINV",
          "display": "clinical service invoice"
        },
        "service": {
          "system": "http://hl7.org/fhir/sid/cvx",
          "code": "08",
          "display": "Hep B, adolescent or pediatric"
        },
        "net": {
          "value": 136.00,
          "system": "urn:iso:std:iso:4217",
          "code": "USD"
        }
      } ]
    },
    "request": {
      "method": "POST",
      "url": "Claim"
    }
  }, {
    "fullUrl": "urn:uuid:36fc6586-74c7-1d32-b33c-d1b237afbe38",
    "resource": {
      "resourceType": "Encounter",
      "id": "36fc6586-74c7-1d32-b33c-d1b237afbe38",
      "status": "finished",
      "class": "ambulatory",
      "type": [ {
        "coding": [ {
          "system": "http://snomed.info/sct",
          "code": "410620009",
          "display": "Well child visit (procedure)"
        } ],
        "text": "Well child visit (procedure)"
      } ],
      "patient": {
        "reference": "urn:uuid:03f12f9e-fd3e-b845-502a-3a12511d9e48"
      },
      "participant": [ {
        "individual": {
          "reference": "Practitioner?identifier=http://hl7.org/fhir/sid/us-npi|9999962894",
          "display": "Dr. Irina619 Stiedemann542"
        }
      } ],
      "period": {
        "start": "2024-04-23T14:00:52+00:00",
        "end": "2024-04-23T14:15:52+00:00"
      },
      "serviceProvider": {
        "reference": "Organization?identifier=https://github.com/synthetichealth/synthea|3f12ebb4-e03c-3453-88d2-4fc9682383df",
        "display": "NEW BEDFORD INTERNAL MEDICINE & GERIATRICS, LLC"
      }
    },
    "request": {
      "method": "POST",
      "url": "Encounter"
    }
  }, {
    "fullUrl": "urn:uuid:45444304-209c-66ba-137f-2c0963cafad0",
    "resource": {
      "resourceType": "Observation",
      "id": "45444304-209c-66ba-137f-2c0963cafad0",
      "status": "final",
      "category": {
        "coding": [ {
          "system": "http://hl7.org/fhir/observation-category",
          "code": "vital-signs",
          "display": "vital-signs"
        } ],
        "text": "vital-signs"
      },
      "code": {
        "coding": [ {
          "system": "http://loinc.org",
          "code": "8302-2",
          "display": "Body Height"
        } ],
        "text": "Body Height"
      },
      "subject": {
        "reference": "urn:uuid:03f12f9e-fd3e-b845-502a-3a12511d9e48"
      },
      "encounter": {
        "reference": "urn:uuid:36fc6586-74c7-1d32-b33c-d1b237afbe38"
      },
      "effectiveDateTime": "2024-04-23T14:00:52+00:00",
      "issued": "2024-04-23T14:00:52.026+00:00",
      "valueQuantity": {
        "value": 61.300,
        "unit": "cm",
        "system": "http://unitsofmeasure.org",
        "code": "cm"
      }
    },
    "request": {
      "method": "POST",
      "url": "Observation"
    }
  }, {
    "fullUrl": "urn:uuid:78cc7934-4857-1969-c882-06905d0c4da1",
    "resource": {
      "resourceType": "Observation",
      "id": "78cc7934-4857-1969-c882-06905d0c4da1",
      "status": "final",
      "category": {
        "coding": [ {
          "system": "http://hl7.org/fhir/observation-category",
          "code": "vital-signs",
          "display": "vital-signs"
        } ],
        "text": "vital-signs"
      },
      "code": {
        "coding": [ {
          "system": "http://loinc.org",
          "code": "72514-3",
          "display": "Pain severity - 0-10 verbal numeric rating [Score] - Reported"
        } ],
        "text": "Pain severity - 0-10 verbal numeric rating [Score] - Reported"
      },
      "subject": {
        "reference": "urn:uuid:03f12f9e-fd3e-b845-502a-3a12511d9e48"
      },
      "encounter": {
        "reference": "urn:uuid:36fc6586-74c7-1d32-b33c-d1b237afbe38"
      },
      "effectiveDateTime": "2024-04-23T14:00:52+00:00",
      "issued": "2024-04-23T14:00:52.026+00:00",
      "valueQuantity": {
        "value": 2,
        "unit": "{score}",
        "system": "http://unitsofmeasure.org",
        "code": "{score}"
      }
    },
    "request": {
      "method": "POST",
      "url": "Observation"
    }
  }, {
    "fullUrl": "urn:uuid:d753d83e-fa15-026f-be49-de4d5b300467",
    "resource": {
      "resourceType": "Observation",
      "id": "d753d83e-fa15-026f-be49-de4d5b300467",
      "status": "final",
      "category": {
        "coding": [ {
          "system": "http://hl7.org/fhir/observation-category",
          "code": "vital-signs",
          "display": "vital-signs"
        } ],
        "text": "vital-signs"
      },
      "code": {
        "coding": [ {
          "system": "http://loinc.org",
          "code": "29463-7",
          "display": "Body Weight"
        } ],
        "text": "Body Weight"
      },
      "subject": {
        "reference": "urn:uuid:03f12f9e-fd3e-b845-502a-3a12511d9e48"
      },
      "encounter": {
        "reference": "urn:uuid:36fc6586-74c7-1d32-b33c-d1b237afbe38"
      },
      "effectiveDateTime": "2024-04-23T14:00:52+00:00",
      "issued": "2024-04-23T14:00:52.026+00:00",
      "valueQuantity": {
        "value": 7.5,
        "unit": "kg",
        "system": "http://unitsofmeasure.org",
        "code": "kg"
      }
    },
    "request": {
      "method": "POST",
      "url": "Observation"
    }
  }, {
    "fullUrl": "urn:uuid:0605ffd6-f836-4580-8850-8cadff4b5b34",
    "resource": {
      "resourceType": "Observation",
      "id": "0605ffd6-f836-4580-8850-8cadff4b5b34",
      "status": "final",
      "category": {
        "coding": [ {
          "system": "http://hl7.org/fhir/observation-category",
          "code": "vital-signs",
          "display": "vital-signs"
        } ],
        "text": "vital-signs"
      },
      "code": {
        "coding": [ {
          "system": "http://loinc.org",
          "code": "77606-2",
          "display": "Weight-for-length Per age and sex"
        } ],
        "text": "Weight-for-length Per age and sex"
      },
      "subject": {
        "reference": "urn:uuid:03f12f9e-fd3e-b845-502a-3a12511d9e48"
      },
      "encounter": {
        "reference": "urn:uuid:36fc6586-74c7-1d32-b33c-d1b237afbe38"
      },
      "effectiveDateTime": "2024-04-23T14:00:52+00:00",
      "issued": "2024-04-23T14:00:52.026+00:00",
      "valueQuantity": {
        "value": 96.634,
        "unit": "%",
        "system": "http://unitsofmeasure.org",
        "code": "%"
      }
    },
    "request": {
      "method": "POST",
      "url": "Observation"
    }
  }, {
    "fullUrl": "urn:uuid:ea7f675a-85da-707d-0a26-45a129d5b2ce",
    "resource": {
      "resourceType": "Observation",
      "id": "ea7f675a-85da-707d-0a26-45a129d5b2ce",
      "status": "final",
      "category": {
        "coding": [ {
          "system": "http://hl7.org/fhir/observation-category",
          "code": "vital-signs",
          "display": "vital-signs"
        } ],
        "text": "vital-signs"
      },
      "code": {
        "coding": [ {
          "system": "http://loinc.org",
          "code": "8289-1",
          "display": "Head Occipital-frontal circumference Percentile"
        } ],
        "text": "Head Occipital-frontal circumference Percentile"
      },
      "subject": {
        "reference": "urn:uuid:03f12f9e-fd3e-b845-502a-3a12511d9e48"
      },
      "encounter": {
        "reference": "urn:uuid:36fc6586-74c7-1d32-b33c-d1b237afbe38"
      },
      "effectiveDateTime": "2024-04-23T14:00:52+00:00",
      "issued": "2024-04-23T14:00:52.026+00:00",
      "valueQuantity": {
        "value": 39.410,
        "unit": "%",
        "system": "http://unitsofmeasure.org",
        "code": "%"
      }
    },
    "request": {
      "method": "POST",
      "url": "Observation"
    }
  }, {
    "fullUrl": "urn:uuid:c90235e4-13e7-6c35-e445-822865673a40",
    "resource": {
      "resourceType": "Observation",
      "id": "c90235e4-13e7-6c35-e445-822865673a40",
      "status": "final",
      "category": {
        "coding": [ {
          "system": "http://hl7.org/fhir/observation-category",
          "code": "vital-signs",
          "display": "vital-signs"
        } ],
        "text": "vital-signs"
      },
      "code": {
        "coding": [ {
          "system": "http://loinc.org",
          "code": "9843-4",
          "display": "Head Occipital-frontal circumference"
        } ],
        "text": "Head Occipital-frontal circumference"
      },
      "subject": {
        "reference": "urn:uuid:03f12f9e-fd3e-b845-502a-3a12511d9e48"
      },
      "encounter": {
        "reference": "urn:uuid:36fc6586-74c7-1d32-b33c-d1b237afbe38"
      },
      "effectiveDateTime": "2024-04-23T14:00:52+00:00",
      "issued": "2024-04-23T14:00:52.026+00:00",
      "valueQuantity": {
        "value": 41.380,
        "unit": "cm",
        "system": "http://unitsofmeasure.org",
        "code": "cm"
      }
    },
    "request": {
      "method": "POST",
      "url": "Observation"
    }
  }, {
    "fullUrl": "urn:uuid:dbeeb0a6-863e-b5fe-f2cc-9fcb8f69e186",
    "resource": {
      "resourceType": "Observation",
      "id": "dbeeb0a6-863e-b5fe-f2cc-9fcb8f69e186",
      "status": "final",
      "category": {
        "coding": [ {
          "system": "http://hl7.org/fhir/observation-category",
          "code": "vital-signs",
          "display": "vital-signs"
        } ],
        "text": "vital-signs"
      },
      "code": {
        "coding": [ {
          "system": "http://loinc.org",
          "code": "85354-9",
          "display": "Blood pressure panel with all children optional"
        } ],
        "text": "Blood pressure panel with all children optional"
      },
      "subject": {
        "reference": "urn:uuid:03f12f9e-fd3e-b845-502a-3a12511d9e48"
      },
      "encounter": {
        "reference": "urn:uuid:36fc6586-74c7-1d32-b33c-d1b237afbe38"
      },
      "effectiveDateTime": "2024-04-23T14:00:52+00:00",
      "issued": "2024-04-23T14:00:52.026+00:00",
      "component": [ {
        "code": {
          "coding": [ {
            "system": "http://loinc.org",
            "code": "8462-4",
            "display": "Diastolic Blood Pressure"
          } ],
          "text": "Diastolic Blood Pressure"
        },
        "valueQuantity": {
          "value": 71,
          "unit": "mm[Hg]",
          "system": "http://unitsofmeasure.org",
          "code": "mm[Hg]"
        }
      }, {
        "code": {
          "coding": [ {
            "system": "http://loinc.org",
            "code": "8480-6",
            "display": "Systolic Blood Pressure"
          } ],
          "text": "Systolic Blood Pressure"
        },
        "valueQuantity": {
          "value": 123,
          "unit": "mm[Hg]",
          "system": "http://unitsofmeasure.org",
          "code": "mm[Hg]"
        }
      } ]
    },
    "request": {
      "method": "POST",
      "url": "Observation"
    }
  }, {
    "fullUrl": "urn:uuid:a0062821-ac0a-9a76-9bad-fe8cbfcc362a",
    "resource": {
      "resourceType": "Observation",
      "id": "a0062821-ac0a-9a76-9bad-fe8cbfcc362a",
      "status": "final",
      "category": {
        "coding": [ {
          "system": "http://hl7.org/fhir/observation-category",
          "code": "vital-signs",
          "display": "vital-signs"
        } ],
        "text": "vital-signs"
      },
      "code": {
        "coding": [ {
          "system": "http://loinc.org",
          "code": "8867-4",
          "display": "Heart rate"
        } ],
        "text": "Heart rate"
      },
      "subject": {
        "reference": "urn:uuid:03f12f9e-fd3e-b845-502a-3a12511d9e48"
      },
      "encounter": {
        "reference": "urn:uuid:36fc6586-74c7-1d32-b33c-d1b237afbe38"
      },
      "effectiveDateTime": "2024-04-23T14:00:52+00:00",
      "issued": "2024-04-23T14:00:52.026+00:00",
      "valueQuantity": {
        "value": 85,
        "unit": "/min",
        "system": "http://unitsofmeasure.org",
        "code": "/min"
      }
    },
    "request": {
      "method": "POST",
      "url": "Observation"
    }
  }, {
    "fullUrl": "urn:uuid:392d95d0-ac55-a243-2268-40c03b90fa4b",
    "resource": {
      "resourceType": "Observation",
      "id": "392d95d0-ac55-a243-2268-40c03b90fa4b",
      "status": "final",
      "category": {
        "coding": [ {
          "system": "http://hl7.org/fhir/observation-category",
          "code": "vital-signs",
          "display": "vital-signs"
        } ],
        "text": "vital-signs"
      },
      "code": {
        "coding": [ {
          "system": "http://loinc.org",
          "code": "9279-1",
          "display": "Respiratory rate"
        } ],
        "text": "Respiratory rate"
      },
      "subject": {
        "reference": "urn:uuid:03f12f9e-fd3e-b845-502a-3a12511d9e48"
      },
      "encounter": {
        "reference": "urn:uuid:36fc6586-74c7-1d32-b33c-d1b237afbe38"
      },
      "effectiveDateTime": "2024-04-23T14:00:52+00:00",
      "issued": "2024-04-23T14:00:52.026+00:00",
      "valueQuantity": {
        "value": 15,
        "unit": "/min",
        "system": "http://unitsofmeasure.org",
        "code": "/min"
      }
    },
    "request": {
      "method": "POST",
      "url": "Observation"
    }
  }, {
    "fullUrl": "urn:uuid:503c4955-2be6-fb0a-c17c-e286e640c5f6",
    "resource": {
      "resourceType": "Observation",
      "id": "503c4955-2be6-fb0a-c17c-e286e640c5f6",
      "status": "final",
      "category": {
        "coding": [ {
          "system": "http://hl7.org/fhir/observation-category",
          "code": "social-history",
          "display": "social-history"
        } ],
        "text": "social-history"
      },
      "code": {
        "coding": [ {
          "system": "http://loinc.org",
          "code": "72166-2",
          "display": "Tobacco smoking status"
        } ],
        "text": "Tobacco smoking status"
      },
      "subject": {
        "reference": "urn:uuid:03f12f9e-fd3e-b845-502a-3a12511d9e48"
      },
      "encounter": {
        "reference": "urn:uuid:36fc6586-74c7-1d32-b33c-d1b237afbe38"
      },
      "effectiveDateTime": "2024-04-23T14:00:52+00:00",
      "issued": "2024-04-23T14:00:52.026+00:00",
      "valueCodeableConcept": {
        "coding": [ {
          "system": "http://snomed.info/sct",
          "code": "266919005",
          "display": "Never smoked tobacco (finding)"
        } ],
        "text": "Never smoked tobacco (finding)"
      }
    },
    "request": {
      "method": "POST",
      "url": "Observation"
    }
  }, {
    "fullUrl": "urn:uuid:653a0de1-80de-4c3e-b18e-c9b09acb8e25",
    "resource": {
      "resourceType": "Immunization",
      "id": "653a0de1-80de-4c3e-b18e-c9b09acb8e25",
      "status": "completed",
      "date": "2024-04-23T14:00:52+00:00",
      "vaccineCode": {
        "coding": [ {
          "system": "http://hl7.org/fhir/sid/cvx",
          "code": "49",
          "display": "Hib (PRP-OMP)"
        } ],
        "text": "Hib (PRP-OMP)"
      },
      "patient": {
        "reference": "urn:uuid:03f12f9e-fd3e-b845-502a-3a12511d9e48"
      },
      "wasNotGiven": false,
      "reported": false,
      "encounter": {
        "reference": "urn:uuid:36fc6586-74c7-1d32-b33c-d1b237afbe38"
      }
    },
    "request": {
      "method": "POST",
      "url": "Immunization"
    }
  }, {
    "fullUrl": "urn:uuid:3c2c5422-4352-6b91-a94b-c4da81b66a71",
    "resource": {
      "resourceType": "Immunization",
      "id": "3c2c5422-4352-6b91-a94b-c4da81b66a71",
      "status": "completed",
      "date": "2024-04-23T14:00:52+00:00",
      "vaccineCode": {
        "coding": [ {
          "system": "http://hl7.org/fhir/sid/cvx",
          "code": "119",
          "display": "rotavirus, monovalent"
        } ],
        "text": "rotavirus, monovalent"
      },
      "patient": {
        "reference": "urn:uuid:03f12f9e-fd3e-b845-502a-3a12511d9e48"
      },
      "wasNotGiven": false,
      "reported": false,
      "encounter": {
        "reference": "urn:uuid:36fc6586-74c7-1d32-b33c-d1b237afbe38"
      }
    },
    "request": {
      "method": "POST",
      "url": "Immunization"
    }
  }, {
    "fullUrl": "urn:uuid:f7473b0c-20c4-f60f-c4e1-d1a87ec3a159",
    "resource": {
      "resourceType": "Immunization",
      "id": "f7473b0c-20c4-f60f-c4e1-d1a87ec3a159",
      "status": "completed",
      "date": "2024-04-23T14:00:52+00:00",
      "vaccineCode": {
        "coding": [ {
          "system": "http://hl7.org/fhir/sid/cvx",
          "code": "10",
          "display": "IPV"
        } ],
        "text": "IPV"
      },
      "patient": {
        "reference": "urn:uuid:03f12f9e-fd3e-b845-502a-3a12511d9e48"
      },
      "wasNotGiven": false,
      "reported": false,
      "encounter": {
        "reference": "urn:uuid:36fc6586-74c7-1d32-b33c-d1b237afbe38"
      }
    },
    "request": {
      "method": "POST",
      "url": "Immunization"
    }
  }, {
    "fullUrl": "urn:uuid:0e710b49-6aac-3221-2f8c-ec632009aad6",
    "resource": {
      "resourceType": "Immunization",
      "id": "0e710b49-6aac-3221-2f8c-ec632009aad6",
      "status": "completed",
      "date": "2024-04-23T14:00:52+00:00",
      "vaccineCode": {
        "coding": [ {
          "system": "http://hl7.org/fhir/sid/cvx",
          "code": "20",
          "display": "DTaP"
        } ],
        "text": "DTaP"
      },
      "patient": {
        "reference": "urn:uuid:03f12f9e-fd3e-b845-502a-3a12511d9e48"
      },
      "wasNotGiven": false,
      "reported": false,
      "encounter": {
        "reference": "urn:uuid:36fc6586-74c7-1d32-b33c-d1b237afbe38"
      }
    },
    "request": {
      "method": "POST",
      "url": "Immunization"
    }
  }, {
    "fullUrl": "urn:uuid:952cbeb0-6fae-9787-9451-76ff8808a42b",
    "resource": {
      "resourceType": "Immunization",
      "id": "952cbeb0-6fae-9787-9451-76ff8808a42b",
      "status": "completed",
      "date": "2024-04-23T14:00:52+00:00",
      "vaccineCode": {
        "coding": [ {
          "system": "http://hl7.org/fhir/sid/cvx",
          "code": "133",
          "display": "Pneumococcal conjugate PCV 13"
        } ],
        "text": "Pneumococcal conjugate PCV 13"
      },
      "patient": {
        "reference": "urn:uuid:03f12f9e-fd3e-b845-502a-3a12511d9e48"
      },
      "wasNotGiven": false,
      "reported": false,
      "encounter": {
        "reference": "urn:uuid:36fc6586-74c7-1d32-b33c-d1b237afbe38"
      }
    },
    "request": {
      "method": "POST",
      "url": "Immunization"
    }
  }, {
    "fullUrl": "urn:uuid:d3b974ab-df32-7286-33b5-481072cdf79f",
    "resource": {
      "resourceType": "Claim",
      "id": "d3b974ab-df32-7286-33b5-481072cdf79f",
      "type": "institutional",
      "organization": {
        "reference": "Organization?identifier=https://github.com/synthetichealth/synthea|3f12ebb4-e03c-3453-88d2-4fc9682383df",
        "display": "NEW BEDFORD INTERNAL MEDICINE & GERIATRICS, LLC"
      },
      "use": "complete",
      "patient": {
        "reference": "urn:uuid:03f12f9e-fd3e-b845-502a-3a12511d9e48"
      },
      "item": [ {
        "sequence": 1,
        "type": {
          "system": "http://hl7.org/fhir/v3/ActCode",
          "code": "CSINV",
          "display": "clinical service invoice"
        },
        "service": {
          "system": "http://snomed.info/sct",
          "code": "410620009",
          "display": "Well child visit (procedure)"
        }
      }, {
        "sequence": 2,
        "type": {
          "system": "http://hl7.org/fhir/v3/ActCode",
          "code": "CSINV",
          "display": "clinical service invoice"
        },
        "service": {
          "system": "http://hl7.org/fhir/sid/cvx",
          "code": "49",
          "display": "Hib (PRP-OMP)"
        },
        "net": {
          "value": 136.00,
          "system": "urn:iso:std:iso:4217",
          "code": "USD"
        }
      }, {
        "sequence": 3,
        "type": {
          "system": "http://hl7.org/fhir/v3/ActCode",
          "code": "CSINV",
          "display": "clinical service invoice"
        },
        "service": {
          "system": "http://hl7.org/fhir/sid/cvx",
          "code": "119",
          "display": "rotavirus, monovalent"
        },
        "net": {
          "value": 136.00,
          "system": "urn:iso:std:iso:4217",
          "code": "USD"
        }
      }, {
        "sequence": 4,
        "type": {
          "system": "http://hl7.org/fhir/v3/ActCode",
          "code": "CSINV",
          "display": "clinical service invoice"
        },
        "service": {
          "system": "http://hl7.org/fhir/sid/cvx",
          "code": "10",
          "display": "IPV"
        },
        "net": {
          "value": 136.00,
          "system": "urn:iso:std:iso:4217",
          "code": "USD"
        }
      }, {
        "sequence": 5,
        "type": {
          "system": "http://hl7.org/fhir/v3/ActCode",
          "code": "CSINV",
          "display": "clinical service invoice"
        },
        "service": {
          "system": "http://hl7.org/fhir/sid/cvx",
          "code": "20",
          "display": "DTaP"
        },
        "net": {
          "value": 136.00,
          "system": "urn:iso:std:iso:4217",
          "code": "USD"
        }
      }, {
        "sequence": 6,
        "type": {
          "system": "http://hl7.org/fhir/v3/ActCode",
          "code": "CSINV",
          "display": "clinical service invoice"
        },
        "service": {
          "system": "http://hl7.org/fhir/sid/cvx",
          "code": "133",
          "display": "Pneumococcal conjugate PCV 13"
        },
        "net": {
          "value": 136.00,
          "system": "urn:iso:std:iso:4217",
          "code": "USD"
        }
      } ]
    },
    "request": {
      "method": "POST",
      "url": "Claim"
    }
  }, {
    "fullUrl": "urn:uuid:124e350c-b495-8ab8-700e-b968256a10a0",
    "resource": {
      "resourceType": "Encounter",
      "id": "124e350c-b495-8ab8-700e-b968256a10a0",
      "status": "finished",
      "class": "ambulatory",
      "type": [ {
        "coding": [ {
          "system": "http://snomed.info/sct",
          "code": "410620009",
          "display": "Well child visit (procedure)"
        } ],
        "text": "Well child visit (procedure)"
      } ],
      "patient": {
        "reference": "urn:uuid:03f12f9e-fd3e-b845-502a-3a12511d9e48"
      },
      "participant": [ {
        "individual": {
          "reference": "Practitioner?identifier=http://hl7.org/fhir/sid/us-npi|9999962894",
          "display": "Dr. Irina619 Stiedemann542"
        }
      } ],
      "period": {
        "start": "2024-06-25T14:00:52+00:00",
        "end": "2024-06-25T14:15:52+00:00"
      },
      "serviceProvider": {
        "reference": "Organization?identifier=https://github.com/synthetichealth/synthea|3f12ebb4-e03c-3453-88d2-4fc9682383df",
        "display": "NEW BEDFORD INTERNAL MEDICINE & GERIATRICS, LLC"
      }
    },
    "request": {
      "method": "POST",
      "url": "Encounter"
    }
  }, {
    "fullUrl": "urn:uuid:36996e76-df82-a210-32d8-7d06f59f8274",
    "resource": {
      "resourceType": "Observation",
      "id": "36996e76-df82-a210-32d8-7d06f59f8274",
      "status": "final",
      "category": {
        "coding": [ {
          "system": "http://hl7.org/fhir/observation-category",
          "code": "vital-signs",
          "display": "vital-signs"
        } ],
        "text": "vital-signs"
      },
      "code": {
        "coding": [ {
          "system": "http://loinc.org",
          "code": "8302-2",
          "display": "Body Height"
        } ],
        "text": "Body Height"
      },
      "subject": {
        "reference": "urn:uuid:03f12f9e-fd3e-b845-502a-3a12511d9e48"
      },
      "encounter": {
        "reference": "urn:uuid:124e350c-b495-8ab8-700e-b968256a10a0"
      },
      "effectiveDateTime": "2024-06-25T14:00:52+00:00",
      "issued": "2024-06-25T14:00:52.026+00:00",
      "valueQuantity": {
        "value": 65.300,
        "unit": "cm",
        "system": "http://unitsofmeasure.org",
        "code": "cm"
      }
    },
    "request": {
      "method": "POST",
      "url": "Observation"
    }
  }, {
    "fullUrl": "urn:uuid:1a79dbae-e782-e5cc-f5b7-377733a8232e",
    "resource": {
      "resourceType": "Observation",
      "id": "1a79dbae-e782-e5cc-f5b7-377733a8232e",
      "status": "final",
      "category": {
        "coding": [ {
          "system": "http://hl7.org/fhir/observation-category",
          "code": "vital-signs",
          "display": "vital-signs"
        } ],
        "text": "vital-signs"
      },
      "code": {
        "coding": [ {
          "system": "http://loinc.org",
          "code": "72514-3",
          "display": "Pain severity - 0-10 verbal numeric rating [Score] - Reported"
        } ],
        "text": "Pain severity - 0-10 verbal numeric rating [Score] - Reported"
      },
      "subject": {
        "reference": "urn:uuid:03f12f9e-fd3e-b845-502a-3a12511d9e48"
      },
      "encounter": {
        "reference": "urn:uuid:124e350c-b495-8ab8-700e-b968256a10a0"
      },
      "effectiveDateTime": "2024-06-25T14:00:52+00:00",
      "issued": "2024-06-25T14:00:52.026+00:00",
      "valueQuantity": {
        "value": 1,
        "unit": "{score}",
        "system": "http://unitsofmeasure.org",
        "code": "{score}"
      }
    },
    "request": {
      "method": "POST",
      "url": "Observation"
    }
  }, {
    "fullUrl": "urn:uuid:5880be9f-3a3c-cd1b-5bd0-16c81f9592ce",
    "resource": {
      "resourceType": "Observation",
      "id": "5880be9f-3a3c-cd1b-5bd0-16c81f9592ce",
      "status": "final",
      "category": {
        "coding": [ {
          "system": "http://hl7.org/fhir/observation-category",
          "code": "vital-signs",
          "display": "vital-signs"
        } ],
        "text": "vital-signs"
      },
      "code": {
        "coding": [ {
          "system": "http://loinc.org",
          "code": "29463-7",
          "display": "Body Weight"
        } ],
        "text": "Body Weight"
      },
      "subject": {
        "reference": "urn:uuid:03f12f9e-fd3e-b845-502a-3a12511d9e48"
      },
      "encounter": {
        "reference": "urn:uuid:124e350c-b495-8ab8-700e-b968256a10a0"
      },
      "effectiveDateTime": "2024-06-25T14:00:52+00:00",
      "issued": "2024-06-25T14:00:52.026+00:00",
      "valueQuantity": {
        "value": 8.9000,
        "unit": "kg",
        "system": "http://unitsofmeasure.org",
        "code": "kg"
      }
    },
    "request": {
      "method": "POST",
      "url": "Observation"
    }
  }, {
    "fullUrl": "urn:uuid:709e38c8-cf30-aaa3-88fc-b9958e455031",
    "resource": {
      "resourceType": "Observation",
      "id": "709e38c8-cf30-aaa3-88fc-b9958e455031",
      "status": "final",
      "category": {
        "coding": [ {
          "system": "http://hl7.org/fhir/observation-category",
          "code": "vital-signs",
          "display": "vital-signs"
        } ],
        "text": "vital-signs"
      },
      "code": {
        "coding": [ {
          "system": "http://loinc.org",
          "code": "77606-2",
          "display": "Weight-for-length Per age and sex"
        } ],
        "text": "Weight-for-length Per age and sex"
      },
      "subject": {
        "reference": "urn:uuid:03f12f9e-fd3e-b845-502a-3a12511d9e48"
      },
      "encounter": {
        "reference": "urn:uuid:124e350c-b495-8ab8-700e-b968256a10a0"
      },
      "effectiveDateTime": "2024-06-25T14:00:52+00:00",
      "issued": "2024-06-25T14:00:52.026+00:00",
      "valueQuantity": {
        "value": 98.131,
        "unit": "%",
        "system": "http://unitsofmeasure.org",
        "code": "%"
      }
    },
    "request": {
      "method": "POST",
      "url": "Observation"
    }
  }, {
    "fullUrl": "urn:uuid:b81a0134-0d67-e531-e8cd-005f81600a31",
    "resource": {
      "resourceType": "Observation",
      "id": "b81a0134-0d67-e531-e8cd-005f81600a31",
      "status": "final",
      "category": {
        "coding": [ {
          "system": "http://hl7.org/fhir/observation-category",
          "code": "vital-signs",
          "display": "vital-signs"
        } ],
        "text": "vital-signs"
      },
      "code": {
        "coding": [ {
          "system": "http://loinc.org",
          "code": "8289-1",
          "display": "Head Occipital-frontal circumference Percentile"
        } ],
        "text": "Head Occipital-frontal circumference Percentile"
      },
      "subject": {
        "reference": "urn:uuid:03f12f9e-fd3e-b845-502a-3a12511d9e48"
      },
      "encounter": {
        "reference": "urn:uuid:124e350c-b495-8ab8-700e-b968256a10a0"
      },
      "effectiveDateTime": "2024-06-25T14:00:52+00:00",
      "issued": "2024-06-25T14:00:52.026+00:00",
      "valueQuantity": {
        "value": 39.410,
        "unit": "%",
        "system": "http://unitsofmeasure.org",
        "code": "%"
      }
    },
    "request": {
      "method": "POST",
      "url": "Observation"
    }
  }, {
    "fullUrl": "urn:uuid:2a879712-cb8c-2ca2-222f-810ed93f09cf",
    "resource": {
      "resourceType": "Observation",
      "id": "2a879712-cb8c-2ca2-222f-810ed93f09cf",
      "status": "final",
      "category": {
        "coding": [ {
          "system": "http://hl7.org/fhir/observation-category",
          "code": "vital-signs",
          "display": "vital-signs"
        } ],
        "text": "vital-signs"
      },
      "code": {
        "coding": [ {
          "system": "http://loinc.org",
          "code": "9843-4",
          "display": "Head Occipital-frontal circumference"
        } ],
        "text": "Head Occipital-frontal circumference"
      },
      "subject": {
        "reference": "urn:uuid:03f12f9e-fd3e-b845-502a-3a12511d9e48"
      },
      "encounter": {
        "reference": "urn:uuid:124e350c-b495-8ab8-700e-b968256a10a0"
      },
      "effectiveDateTime": "2024-06-25T14:00:52+00:00",
      "issued": "2024-06-25T14:00:52.026+00:00",
      "valueQuantity": {
        "value": 43.040,
        "unit": "cm",
        "system": "http://unitsofmeasure.org",
        "code": "cm"
      }
    },
    "request": {
      "method": "POST",
      "url": "Observation"
    }
  }, {
    "fullUrl": "urn:uuid:b21ba459-7851-3cbc-dd97-8e1eda3af8f3",
    "resource": {
      "resourceType": "Observation",
      "id": "b21ba459-7851-3cbc-dd97-8e1eda3af8f3",
      "status": "final",
      "category": {
        "coding": [ {
          "system": "http://hl7.org/fhir/observation-category",
          "code": "vital-signs",
          "display": "vital-signs"
        } ],
        "text": "vital-signs"
      },
      "code": {
        "coding": [ {
          "system": "http://loinc.org",
          "code": "85354-9",
          "display": "Blood pressure panel with all children optional"
        } ],
        "text": "Blood pressure panel with all children optional"
      },
      "subject": {
        "reference": "urn:uuid:03f12f9e-fd3e-b845-502a-3a12511d9e48"
      },
      "encounter": {
        "reference": "urn:uuid:124e350c-b495-8ab8-700e-b968256a10a0"
      },
      "effectiveDateTime": "2024-06-25T14:00:52+00:00",
      "issued": "2024-06-25T14:00:52.026+00:00",
      "component": [ {
        "code": {
          "coding": [ {
            "system": "http://loinc.org",
            "code": "8462-4",
            "display": "Diastolic Blood Pressure"
          } ],
          "text": "Diastolic Blood Pressure"
        },
        "valueQuantity": {
          "value": 63,
          "unit": "mm[Hg]",
          "system": "http://unitsofmeasure.org",
          "code": "mm[Hg]"
        }
      }, {
        "code": {
          "coding": [ {
            "system": "http://loinc.org",
            "code": "8480-6",
            "display": "Systolic Blood Pressure"
          } ],
          "text": "Systolic Blood Pressure"
        },
        "valueQuantity": {
          "value": 117,
          "unit": "mm[Hg]",
          "system": "http://unitsofmeasure.org",
          "code": "mm[Hg]"
        }
      } ]
    },
    "request": {
      "method": "POST",
      "url": "Observation"
    }
  }, {
    "fullUrl": "urn:uuid:025b0fe4-6a0f-37b4-ba68-46fa7e7b3d67",
    "resource": {
      "resourceType": "Observation",
      "id": "025b0fe4-6a0f-37b4-ba68-46fa7e7b3d67",
      "status": "final",
      "category": {
        "coding": [ {
          "system": "http://hl7.org/fhir/observation-category",
          "code": "vital-signs",
          "display": "vital-signs"
        } ],
        "text": "vital-signs"
      },
      "code": {
        "coding": [ {
          "system": "http://loinc.org",
          "code": "8867-4",
          "display": "Heart rate"
        } ],
        "text": "Heart rate"
      },
      "subject": {
        "reference": "urn:uuid:03f12f9e-fd3e-b845-502a-3a12511d9e48"
      },
      "encounter": {
        "reference": "urn:uuid:124e350c-b495-8ab8-700e-b968256a10a0"
      },
      "effectiveDateTime": "2024-06-25T14:00:52+00:00",
      "issued": "2024-06-25T14:00:52.026+00:00",
      "valueQuantity": {
        "value": 95,
        "unit": "/min",
        "system": "http://unitsofmeasure.org",
        "code": "/min"
      }
    },
    "request": {
      "method": "POST",
      "url": "Observation"
    }
  }, {
    "fullUrl": "urn:uuid:394625c3-d7d0-2adf-16fb-7e3038241c37",
    "resource": {
      "resourceType": "Observation",
      "id": "394625c3-d7d0-2adf-16fb-7e3038241c37",
      "status": "final",
      "category": {
        "coding": [ {
          "system": "http://hl7.org/fhir/observation-category",
          "code": "vital-signs",
          "display": "vital-signs"
        } ],
        "text": "vital-signs"
      },
      "code": {
        "coding": [ {
          "system": "http://loinc.org",
          "code": "9279-1",
          "display": "Respiratory rate"
        } ],
        "text": "Respiratory rate"
      },
      "subject": {
        "reference": "urn:uuid:03f12f9e-fd3e-b845-502a-3a12511d9e48"
      },
      "encounter": {
        "reference": "urn:uuid:124e350c-b495-8ab8-700e-b968256a10a0"
      },
      "effectiveDateTime": "2024-06-25T14:00:52+00:00",
      "issued": "2024-06-25T14:00:52.026+00:00",
      "valueQuantity": {
        "value": 14,
        "unit": "/min",
        "system": "http://unitsofmeasure.org",
        "code": "/min"
      }
    },
    "request": {
      "method": "POST",
      "url": "Observation"
    }
  }, {
    "fullUrl": "urn:uuid:cc228d3f-0160-5c5a-e903-d61d94a93976",
    "resource": {
      "resourceType": "Observation",
      "id": "cc228d3f-0160-5c5a-e903-d61d94a93976",
      "status": "final",
      "category": {
        "coding": [ {
          "system": "http://hl7.org/fhir/observation-category",
          "code": "social-history",
          "display": "social-history"
        } ],
        "text": "social-history"
      },
      "code": {
        "coding": [ {
          "system": "http://loinc.org",
          "code": "72166-2",
          "display": "Tobacco smoking status"
        } ],
        "text": "Tobacco smoking status"
      },
      "subject": {
        "reference": "urn:uuid:03f12f9e-fd3e-b845-502a-3a12511d9e48"
      },
      "encounter": {
        "reference": "urn:uuid:124e350c-b495-8ab8-700e-b968256a10a0"
      },
      "effectiveDateTime": "2024-06-25T14:00:52+00:00",
      "issued": "2024-06-25T14:00:52.026+00:00",
      "valueCodeableConcept": {
        "coding": [ {
          "system": "http://snomed.info/sct",
          "code": "266919005",
          "display": "Never smoked tobacco (finding)"
        } ],
        "text": "Never smoked tobacco (finding)"
      }
    },
    "request": {
      "method": "POST",
      "url": "Observation"
    }
  }, {
    "fullUrl": "urn:uuid:7a1d710d-eed7-afd2-709c-7f567966bf45",
    "resource": {
      "resourceType": "Immunization",
      "id": "7a1d710d-eed7-afd2-709c-7f567966bf45",
      "status": "completed",
      "date": "2024-06-25T14:00:52+00:00",
      "vaccineCode": {
        "coding": [ {
          "system": "http://hl7.org/fhir/sid/cvx",
          "code": "49",
          "display": "Hib (PRP-OMP)"
        } ],
        "text": "Hib (PRP-OMP)"
      },
      "patient": {
        "reference": "urn:uuid:03f12f9e-fd3e-b845-502a-3a12511d9e48"
      },
      "wasNotGiven": false,
      "reported": false,
      "encounter": {
        "reference": "urn:uuid:124e350c-b495-8ab8-700e-b968256a10a0"
      }
    },
    "request": {
      "method": "POST",
      "url": "Immunization"
    }
  }, {
    "fullUrl": "urn:uuid:5ff41fc6-0663-f8a6-4b69-d7cf5008284b",
    "resource": {
      "resourceType": "Immunization",
      "id": "5ff41fc6-0663-f8a6-4b69-d7cf5008284b",
      "status": "completed",
      "date": "2024-06-25T14:00:52+00:00",
      "vaccineCode": {
        "coding": [ {
          "system": "http://hl7.org/fhir/sid/cvx",
          "code": "119",
          "display": "rotavirus, monovalent"
        } ],
        "text": "rotavirus, monovalent"
      },
      "patient": {
        "reference": "urn:uuid:03f12f9e-fd3e-b845-502a-3a12511d9e48"
      },
      "wasNotGiven": false,
      "reported": false,
      "encounter": {
        "reference": "urn:uuid:124e350c-b495-8ab8-700e-b968256a10a0"
      }
    },
    "request": {
      "method": "POST",
      "url": "Immunization"
    }
  }, {
    "fullUrl": "urn:uuid:139d71e8-ea86-6a8e-2816-dc3dc01652fc",
    "resource": {
      "resourceType": "Immunization",
      "id": "139d71e8-ea86-6a8e-2816-dc3dc01652fc",
      "status": "completed",
      "date": "2024-06-25T14:00:52+00:00",
      "vaccineCode": {
        "coding": [ {
          "system": "http://hl7.org/fhir/sid/cvx",
          "code": "10",
          "display": "IPV"
        } ],
        "text": "IPV"
      },
      "patient": {
        "reference": "urn:uuid:03f12f9e-fd3e-b845-502a-3a12511d9e48"
      },
      "wasNotGiven": false,
      "reported": false,
      "encounter": {
        "reference": "urn:uuid:124e350c-b495-8ab8-700e-b968256a10a0"
      }
    },
    "request": {
      "method": "POST",
      "url": "Immunization"
    }
  }, {
    "fullUrl": "urn:uuid:037521b3-8501-db1f-5598-d513786c2906",
    "resource": {
      "resourceType": "Immunization",
      "id": "037521b3-8501-db1f-5598-d513786c2906",
      "status": "completed",
      "date": "2024-06-25T14:00:52+00:00",
      "vaccineCode": {
        "coding": [ {
          "system": "http://hl7.org/fhir/sid/cvx",
          "code": "20",
          "display": "DTaP"
        } ],
        "text": "DTaP"
      },
      "patient": {
        "reference": "urn:uuid:03f12f9e-fd3e-b845-502a-3a12511d9e48"
      },
      "wasNotGiven": false,
      "reported": false,
      "encounter": {
        "reference": "urn:uuid:124e350c-b495-8ab8-700e-b968256a10a0"
      }
    },
    "request": {
      "method": "POST",
      "url": "Immunization"
    }
  }, {
    "fullUrl": "urn:uuid:2e45bf66-71b6-5df8-d62e-ddc16a6757f7",
    "resource": {
      "resourceType": "Immunization",
      "id": "2e45bf66-71b6-5df8-d62e-ddc16a6757f7",
      "status": "completed",
      "date": "2024-06-25T14:00:52+00:00",
      "vaccineCode": {
        "coding": [ {
          "system": "http://hl7.org/fhir/sid/cvx",
          "code": "133",
          "display": "Pneumococcal conjugate PCV 13"
        } ],
        "text": "Pneumococcal conjugate PCV 13"
      },
      "patient": {
        "reference": "urn:uuid:03f12f9e-fd3e-b845-502a-3a12511d9e48"
      },
      "wasNotGiven": false,
      "reported": false,
      "encounter": {
        "reference": "urn:uuid:124e350c-b495-8ab8-700e-b968256a10a0"
      }
    },
    "request": {
      "method": "POST",
      "url": "Immunization"
    }
  }, {
    "fullUrl": "urn:uuid:689e3f5e-d8d0-aff1-6b68-c48375aa9fb2",
    "resource": {
      "resourceType": "Claim",
      "id": "689e3f5e-d8d0-aff1-6b68-c48375aa9fb2",
      "type": "institutional",
      "organization": {
        "reference": "Organization?identifier=https://github.com/synthetichealth/synthea|3f12ebb4-e03c-3453-88d2-4fc9682383df",
        "display": "NEW BEDFORD INTERNAL MEDICINE & GERIATRICS, LLC"
      },
      "use": "complete",
      "patient": {
        "reference": "urn:uuid:03f12f9e-fd3e-b845-502a-3a12511d9e48"
      },
      "item": [ {
        "sequence": 1,
        "type": {
          "system": "http://hl7.org/fhir/v3/ActCode",
          "code": "CSINV",
          "display": "clinical service invoice"
        },
        "service": {
          "system": "http://snomed.info/sct",
          "code": "410620009",
          "display": "Well child visit (procedure)"
        }
      }, {
        "sequence": 2,
        "type": {
          "system": "http://hl7.org/fhir/v3/ActCode",
          "code": "CSINV",
          "display": "clinical service invoice"
        },
        "service": {
          "system": "http://hl7.org/fhir/sid/cvx",
          "code": "49",
          "display": "Hib (PRP-OMP)"
        },
        "net": {
          "value": 136.00,
          "system": "urn:iso:std:iso:4217",
          "code": "USD"
        }
      }, {
        "sequence": 3,
        "type": {
          "system": "http://hl7.org/fhir/v3/ActCode",
          "code": "CSINV",
          "display": "clinical service invoice"
        },
        "service": {
          "system": "http://hl7.org/fhir/sid/cvx",
          "code": "119",
          "display": "rotavirus, monovalent"
        },
        "net": {
          "value": 136.00,
          "system": "urn:iso:std:iso:4217",
          "code": "USD"
        }
      }, {
        "sequence": 4,
        "type": {
          "system": "http://hl7.org/fhir/v3/ActCode",
          "code": "CSINV",
          "display": "clinical service invoice"
        },
        "service": {
          "system": "http://hl7.org/fhir/sid/cvx",
          "code": "10",
          "display": "IPV"
        },
        "net": {
          "value": 136.00,
          "system": "urn:iso:std:iso:4217",
          "code": "USD"
        }
      }, {
        "sequence": 5,
        "type": {
          "system": "http://hl7.org/fhir/v3/ActCode",
          "code": "CSINV",
          "display": "clinical service invoice"
        },
        "service": {
          "system": "http://hl7.org/fhir/sid/cvx",
          "code": "20",
          "display": "DTaP"
        },
        "net": {
          "value": 136.00,
          "system": "urn:iso:std:iso:4217",
          "code": "USD"
        }
      }, {
        "sequence": 6,
        "type": {
          "system": "http://hl7.org/fhir/v3/ActCode",
          "code": "CSINV",
          "display": "clinical service invoice"
        },
        "service": {
          "system": "http://hl7.org/fhir/sid/cvx",
          "code": "133",
          "display": "Pneumococcal conjugate PCV 13"
        },
        "net": {
          "value": 136.00,
          "system": "urn:iso:std:iso:4217",
          "code": "USD"
        }
      } ]
    },
    "request": {
      "method": "POST",
      "url": "Claim"
    }
  } ]
}
