{
  "resourceType": "Bundle",
  "type": "transaction",
  "entry": [ {
    "fullUrl": "urn:uuid:1f2c7432-28b8-282b-7f29-2890e4692f72",
    "resource": {
      "resourceType": "Patient",
      "id": "1f2c7432-28b8-282b-7f29-2890e4692f72",
      "text": {
        "status": "generated",
        "div": "<div xmlns=\"http://www.w3.org/1999/xhtml\">Generated by <a href=\"https://github.com/synthetichealth/synthea\">Synthea</a>.Version identifier: 34f00e2\n .   Person seed: 5326968338552218174  Population seed: 1744715659945</div>"
      },
      "extension": [ {
        "url": "http://hl7.org/fhir/StructureDefinition/us-core-race",
        "valueCodeableConcept": {
          "coding": [ {
            "system": "http://hl7.org/fhir/v3/Race",
            "code": "2106-3",
            "display": "White"
          } ],
          "text": "White"
        }
      }, {
        "url": "http://hl7.org/fhir/StructureDefinition/us-core-ethnicity",
        "valueCodeableConcept": {
          "coding": [ {
            "system": "http://hl7.org/fhir/v3/Ethnicity",
            "code": "2186-5",
            "display": "Not Hispanic or Latino"
          } ],
          "text": "Not Hispanic or Latino"
        }
      }, {
        "url": "http://hl7.org/fhir/StructureDefinition/patient-mothersMaidenName",
        "valueString": "Katelin466 Kemmer137"
      }, {
        "url": "http://hl7.org/fhir/us/core/StructureDefinition/us-core-birthsex",
        "valueCode": "F"
      }, {
        "url": "http://hl7.org/fhir/StructureDefinition/birthPlace",
        "valueAddress": {
          "city": "Dartmouth",
          "state": "Massachusetts",
          "country": "US"
        }
      }, {
        "url": "http://synthetichealth.github.io/synthea/disability-adjusted-life-years",
        "valueDecimal": 0.0
      }, {
        "url": "http://synthetichealth.github.io/synthea/quality-adjusted-life-years",
        "valueDecimal": 0.0
      } ],
      "identifier": [ {
        "system": "https://github.com/synthetichealth/synthea",
        "value": "1f2c7432-28b8-282b-7f29-2890e4692f72"
      }, {
        "type": {
          "coding": [ {
            "system": "http://hl7.org/fhir/v2/0203",
            "code": "MR"
          } ]
        },
        "system": "http://hospital.smarthealthit.org",
        "value": "1f2c7432-28b8-282b-7f29-2890e4692f72"
      }, {
        "type": {
          "coding": [ {
            "system": "http://hl7.org/fhir/identifier-type",
            "code": "SB"
          } ]
        },
        "system": "http://hl7.org/fhir/sid/us-ssn",
        "value": "999-11-5257"
      } ],
      "name": [ {
        "use": "official",
        "family": [ "Emmerich580" ],
        "given": [ "Sophie40", "Trinidad33" ]
      } ],
      "telecom": [ {
        "system": "phone",
        "value": "555-198-3545",
        "use": "home"
      } ],
      "gender": "female",
      "birthDate": "2024-11-10",
      "address": [ {
        "extension": [ {
          "url": "http://hl7.org/fhir/StructureDefinition/geolocation",
          "extension": [ {
            "url": "latitude",
            "valueDecimal": 42.15488001875971
          }, {
            "url": "longitude",
            "valueDecimal": -70.9465977615859
          } ]
        } ],
        "line": [ "1036 Renner Heights Unit 71" ],
        "city": "Rockland",
        "state": "Massachusetts",
        "postalCode": "00000",
        "country": "US"
      } ],
      "maritalStatus": {
        "coding": [ {
          "system": "http://hl7.org/fhir/v3/MaritalStatus",
          "code": "S"
        } ]
      },
      "multipleBirthBoolean": false,
      "communication": [ {
        "language": {
          "coding": [ {
            "system": "urn:ietf:bcp:47",
            "code": "en-US",
            "display": "English (United States)"
          } ],
          "text": "English (United States)"
        }
      } ]
    },
    "request": {
      "method": "POST",
      "url": "Patient"
    }
  }, {
    "fullUrl": "urn:uuid:6e6c5c5d-2910-41d6-ea83-2ac0b2c70a75",
    "resource": {
      "resourceType": "Encounter",
      "id": "6e6c5c5d-2910-41d6-ea83-2ac0b2c70a75",
      "status": "finished",
      "class": "ambulatory",
      "type": [ {
        "coding": [ {
          "system": "http://snomed.info/sct",
          "code": "410620009",
          "display": "Well child visit (procedure)"
        } ],
        "text": "Well child visit (procedure)"
      } ],
      "patient": {
        "reference": "urn:uuid:1f2c7432-28b8-282b-7f29-2890e4692f72"
      },
      "participant": [ {
        "individual": {
          "reference": "Practitioner?identifier=http://hl7.org/fhir/sid/us-npi|9999967596",
          "display": "Dr. Stephane228 O'Conner199"
        }
      } ],
      "period": {
        "start": "2024-11-10T15:24:06+00:00",
        "end": "2024-11-10T15:39:06+00:00"
      },
      "serviceProvider": {
        "reference": "Organization?identifier=https://github.com/synthetichealth/synthea|af3871c3-2098-3051-bcb7-8a919e194a16",
        "display": "HEALTHCARE SOUTH PC"
      }
    },
    "request": {
      "method": "POST",
      "url": "Encounter"
    }
  }, {
    "fullUrl": "urn:uuid:8549f58c-e457-8de9-47e5-0dd9994fb74f",
    "resource": {
      "resourceType": "Condition",
      "id": "8549f58c-e457-8de9-47e5-0dd9994fb74f",
      "patient": {
        "reference": "urn:uuid:1f2c7432-28b8-282b-7f29-2890e4692f72"
      },
      "encounter": {
        "reference": "urn:uuid:6e6c5c5d-2910-41d6-ea83-2ac0b2c70a75"
      },
      "dateRecorded": "2024-11-10",
      "code": {
        "coding": [ {
          "system": "http://snomed.info/sct",
          "code": "314529007",
          "display": "Medication review due (situation)"
        } ],
        "text": "Medication review due (situation)"
      },
      "category": {
        "coding": [ {
          "system": "http://hl7.org/fhir/condition-category",
          "code": "diagnosis"
        } ]
      },
      "clinicalStatus": "resolved",
      "verificationStatus": "confirmed",
      "onsetDateTime": "2024-11-10T15:24:06+00:00",
      "abatementDateTime": "2024-11-10T15:24:06+00:00"
    },
    "request": {
      "method": "POST",
      "url": "Condition"
    }
  }, {
    "fullUrl": "urn:uuid:d767f78f-e593-df4b-e44b-167b9d6269d2",
    "resource": {
      "resourceType": "Observation",
      "id": "d767f78f-e593-df4b-e44b-167b9d6269d2",
      "status": "final",
      "category": {
        "coding": [ {
          "system": "http://hl7.org/fhir/observation-category",
          "code": "vital-signs",
          "display": "vital-signs"
        } ],
        "text": "vital-signs"
      },
      "code": {
        "coding": [ {
          "system": "http://loinc.org",
          "code": "8302-2",
          "display": "Body Height"
        } ],
        "text": "Body Height"
      },
      "subject": {
        "reference": "urn:uuid:1f2c7432-28b8-282b-7f29-2890e4692f72"
      },
      "encounter": {
        "reference": "urn:uuid:6e6c5c5d-2910-41d6-ea83-2ac0b2c70a75"
      },
      "effectiveDateTime": "2024-11-10T15:24:06+00:00",
      "issued": "2024-11-10T15:24:06.207+00:00",
      "valueQuantity": {
        "value": 53.100,
        "unit": "cm",
        "system": "http://unitsofmeasure.org",
        "code": "cm"
      }
    },
    "request": {
      "method": "POST",
      "url": "Observation"
    }
  }, {
    "fullUrl": "urn:uuid:96706c5e-d0d7-45f2-6ae0-90b9749cb5a3",
    "resource": {
      "resourceType": "Observation",
      "id": "96706c5e-d0d7-45f2-6ae0-90b9749cb5a3",
      "status": "final",
      "category": {
        "coding": [ {
          "system": "http://hl7.org/fhir/observation-category",
          "code": "vital-signs",
          "display": "vital-signs"
        } ],
        "text": "vital-signs"
      },
      "code": {
        "coding": [ {
          "system": "http://loinc.org",
          "code": "72514-3",
          "display": "Pain severity - 0-10 verbal numeric rating [Score] - Reported"
        } ],
        "text": "Pain severity - 0-10 verbal numeric rating [Score] - Reported"
      },
      "subject": {
        "reference": "urn:uuid:1f2c7432-28b8-282b-7f29-2890e4692f72"
      },
      "encounter": {
        "reference": "urn:uuid:6e6c5c5d-2910-41d6-ea83-2ac0b2c70a75"
      },
      "effectiveDateTime": "2024-11-10T15:24:06+00:00",
      "issued": "2024-11-10T15:24:06.207+00:00",
      "valueQuantity": {
        "value": 0,
        "unit": "{score}",
        "system": "http://unitsofmeasure.org",
        "code": "{score}"
      }
    },
    "request": {
      "method": "POST",
      "url": "Observation"
    }
  }, {
    "fullUrl": "urn:uuid:be657042-8402-cf8c-fbac-32bb2493baa8",
    "resource": {
      "resourceType": "Observation",
      "id": "be657042-8402-cf8c-fbac-32bb2493baa8",
      "status": "final",
      "category": {
        "coding": [ {
          "system": "http://hl7.org/fhir/observation-category",
          "code": "vital-signs",
          "display": "vital-signs"
        } ],
        "text": "vital-signs"
      },
      "code": {
        "coding": [ {
          "system": "http://loinc.org",
          "code": "29463-7",
          "display": "Body Weight"
        } ],
        "text": "Body Weight"
      },
      "subject": {
        "reference": "urn:uuid:1f2c7432-28b8-282b-7f29-2890e4692f72"
      },
      "encounter": {
        "reference": "urn:uuid:6e6c5c5d-2910-41d6-ea83-2ac0b2c70a75"
      },
      "effectiveDateTime": "2024-11-10T15:24:06+00:00",
      "issued": "2024-11-10T15:24:06.207+00:00",
      "valueQuantity": {
        "value": 4.1000,
        "unit": "kg",
        "system": "http://unitsofmeasure.org",
        "code": "kg"
      }
    },
    "request": {
      "method": "POST",
      "url": "Observation"
    }
  }, {
    "fullUrl": "urn:uuid:46080d08-de0e-eb96-fbf8-b027cc58aa44",
    "resource": {
      "resourceType": "Observation",
      "id": "46080d08-de0e-eb96-fbf8-b027cc58aa44",
      "status": "final",
      "category": {
        "coding": [ {
          "system": "http://hl7.org/fhir/observation-category",
          "code": "vital-signs",
          "display": "vital-signs"
        } ],
        "text": "vital-signs"
      },
      "code": {
        "coding": [ {
          "system": "http://loinc.org",
          "code": "77606-2",
          "display": "Weight-for-length Per age and sex"
        } ],
        "text": "Weight-for-length Per age and sex"
      },
      "subject": {
        "reference": "urn:uuid:1f2c7432-28b8-282b-7f29-2890e4692f72"
      },
      "encounter": {
        "reference": "urn:uuid:6e6c5c5d-2910-41d6-ea83-2ac0b2c70a75"
      },
      "effectiveDateTime": "2024-11-10T15:24:06+00:00",
      "issued": "2024-11-10T15:24:06.207+00:00",
      "valueQuantity": {
        "value": 39.696,
        "unit": "%",
        "system": "http://unitsofmeasure.org",
        "code": "%"
      }
    },
    "request": {
      "method": "POST",
      "url": "Observation"
    }
  }, {
    "fullUrl": "urn:uuid:111ef1a2-62bc-604c-9d06-ba8430da9ee0",
    "resource": {
      "resourceType": "Observation",
      "id": "111ef1a2-62bc-604c-9d06-ba8430da9ee0",
      "status": "final",
      "category": {
        "coding": [ {
          "system": "http://hl7.org/fhir/observation-category",
          "code": "vital-signs",
          "display": "vital-signs"
        } ],
        "text": "vital-signs"
      },
      "code": {
        "coding": [ {
          "system": "http://loinc.org",
          "code": "8289-1",
          "display": "Head Occipital-frontal circumference Percentile"
        } ],
        "text": "Head Occipital-frontal circumference Percentile"
      },
      "subject": {
        "reference": "urn:uuid:1f2c7432-28b8-282b-7f29-2890e4692f72"
      },
      "encounter": {
        "reference": "urn:uuid:6e6c5c5d-2910-41d6-ea83-2ac0b2c70a75"
      },
      "effectiveDateTime": "2024-11-10T15:24:06+00:00",
      "issued": "2024-11-10T15:24:06.207+00:00",
      "valueQuantity": {
        "value": 73.100,
        "unit": "%",
        "system": "http://unitsofmeasure.org",
        "code": "%"
      }
    },
    "request": {
      "method": "POST",
      "url": "Observation"
    }
  }, {
    "fullUrl": "urn:uuid:eb8b97f6-6210-9c40-9059-e0d5703d3c01",
    "resource": {
      "resourceType": "Observation",
      "id": "eb8b97f6-6210-9c40-9059-e0d5703d3c01",
      "status": "final",
      "category": {
        "coding": [ {
          "system": "http://hl7.org/fhir/observation-category",
          "code": "vital-signs",
          "display": "vital-signs"
        } ],
        "text": "vital-signs"
      },
      "code": {
        "coding": [ {
          "system": "http://loinc.org",
          "code": "9843-4",
          "display": "Head Occipital-frontal circumference"
        } ],
        "text": "Head Occipital-frontal circumference"
      },
      "subject": {
        "reference": "urn:uuid:1f2c7432-28b8-282b-7f29-2890e4692f72"
      },
      "encounter": {
        "reference": "urn:uuid:6e6c5c5d-2910-41d6-ea83-2ac0b2c70a75"
      },
      "effectiveDateTime": "2024-11-10T15:24:06+00:00",
      "issued": "2024-11-10T15:24:06.207+00:00",
      "valueQuantity": {
        "value": 35.75,
        "unit": "cm",
        "system": "http://unitsofmeasure.org",
        "code": "cm"
      }
    },
    "request": {
      "method": "POST",
      "url": "Observation"
    }
  }, {
    "fullUrl": "urn:uuid:32a9cc84-b715-9241-4421-0503b1f35c85",
    "resource": {
      "resourceType": "Observation",
      "id": "32a9cc84-b715-9241-4421-0503b1f35c85",
      "status": "final",
      "category": {
        "coding": [ {
          "system": "http://hl7.org/fhir/observation-category",
          "code": "vital-signs",
          "display": "vital-signs"
        } ],
        "text": "vital-signs"
      },
      "code": {
        "coding": [ {
          "system": "http://loinc.org",
          "code": "85354-9",
          "display": "Blood pressure panel with all children optional"
        } ],
        "text": "Blood pressure panel with all children optional"
      },
      "subject": {
        "reference": "urn:uuid:1f2c7432-28b8-282b-7f29-2890e4692f72"
      },
      "encounter": {
        "reference": "urn:uuid:6e6c5c5d-2910-41d6-ea83-2ac0b2c70a75"
      },
      "effectiveDateTime": "2024-11-10T15:24:06+00:00",
      "issued": "2024-11-10T15:24:06.207+00:00",
      "component": [ {
        "code": {
          "coding": [ {
            "system": "http://loinc.org",
            "code": "8462-4",
            "display": "Diastolic Blood Pressure"
          } ],
          "text": "Diastolic Blood Pressure"
        },
        "valueQuantity": {
          "value": 75,
          "unit": "mm[Hg]",
          "system": "http://unitsofmeasure.org",
          "code": "mm[Hg]"
        }
      }, {
        "code": {
          "coding": [ {
            "system": "http://loinc.org",
            "code": "8480-6",
            "display": "Systolic Blood Pressure"
          } ],
          "text": "Systolic Blood Pressure"
        },
        "valueQuantity": {
          "value": 94,
          "unit": "mm[Hg]",
          "system": "http://unitsofmeasure.org",
          "code": "mm[Hg]"
        }
      } ]
    },
    "request": {
      "method": "POST",
      "url": "Observation"
    }
  }, {
    "fullUrl": "urn:uuid:33be373c-b059-31b0-b624-0062d0f56f1e",
    "resource": {
      "resourceType": "Observation",
      "id": "33be373c-b059-31b0-b624-0062d0f56f1e",
      "status": "final",
      "category": {
        "coding": [ {
          "system": "http://hl7.org/fhir/observation-category",
          "code": "vital-signs",
          "display": "vital-signs"
        } ],
        "text": "vital-signs"
      },
      "code": {
        "coding": [ {
          "system": "http://loinc.org",
          "code": "8867-4",
          "display": "Heart rate"
        } ],
        "text": "Heart rate"
      },
      "subject": {
        "reference": "urn:uuid:1f2c7432-28b8-282b-7f29-2890e4692f72"
      },
      "encounter": {
        "reference": "urn:uuid:6e6c5c5d-2910-41d6-ea83-2ac0b2c70a75"
      },
      "effectiveDateTime": "2024-11-10T15:24:06+00:00",
      "issued": "2024-11-10T15:24:06.207+00:00",
      "valueQuantity": {
        "value": 93,
        "unit": "/min",
        "system": "http://unitsofmeasure.org",
        "code": "/min"
      }
    },
    "request": {
      "method": "POST",
      "url": "Observation"
    }
  }, {
    "fullUrl": "urn:uuid:e3026223-7127-b1ac-552c-a94a052fe2a8",
    "resource": {
      "resourceType": "Observation",
      "id": "e3026223-7127-b1ac-552c-a94a052fe2a8",
      "status": "final",
      "category": {
        "coding": [ {
          "system": "http://hl7.org/fhir/observation-category",
          "code": "vital-signs",
          "display": "vital-signs"
        } ],
        "text": "vital-signs"
      },
      "code": {
        "coding": [ {
          "system": "http://loinc.org",
          "code": "9279-1",
          "display": "Respiratory rate"
        } ],
        "text": "Respiratory rate"
      },
      "subject": {
        "reference": "urn:uuid:1f2c7432-28b8-282b-7f29-2890e4692f72"
      },
      "encounter": {
        "reference": "urn:uuid:6e6c5c5d-2910-41d6-ea83-2ac0b2c70a75"
      },
      "effectiveDateTime": "2024-11-10T15:24:06+00:00",
      "issued": "2024-11-10T15:24:06.207+00:00",
      "valueQuantity": {
        "value": 13,
        "unit": "/min",
        "system": "http://unitsofmeasure.org",
        "code": "/min"
      }
    },
    "request": {
      "method": "POST",
      "url": "Observation"
    }
  }, {
    "fullUrl": "urn:uuid:731ebba2-0814-b0f6-f4e2-e563b05f201d",
    "resource": {
      "resourceType": "Observation",
      "id": "731ebba2-0814-b0f6-f4e2-e563b05f201d",
      "status": "final",
      "category": {
        "coding": [ {
          "system": "http://hl7.org/fhir/observation-category",
          "code": "laboratory",
          "display": "laboratory"
        } ],
        "text": "laboratory"
      },
      "code": {
        "coding": [ {
          "system": "http://loinc.org",
          "code": "6690-2",
          "display": "Leukocytes [#/volume] in Blood by Automated count"
        } ],
        "text": "Leukocytes [#/volume] in Blood by Automated count"
      },
      "subject": {
        "reference": "urn:uuid:1f2c7432-28b8-282b-7f29-2890e4692f72"
      },
      "encounter": {
        "reference": "urn:uuid:6e6c5c5d-2910-41d6-ea83-2ac0b2c70a75"
      },
      "effectiveDateTime": "2024-11-10T15:24:06+00:00",
      "issued": "2024-11-10T15:24:06.207+00:00",
      "valueQuantity": {
        "value": 7.5465,
        "unit": "10*3/uL",
        "system": "http://unitsofmeasure.org",
        "code": "10*3/uL"
      }
    },
    "request": {
      "method": "POST",
      "url": "Observation"
    }
  }, {
    "fullUrl": "urn:uuid:0089c461-f592-9b44-1bf5-1bd22029c382",
    "resource": {
      "resourceType": "Observation",
      "id": "0089c461-f592-9b44-1bf5-1bd22029c382",
      "status": "final",
      "category": {
        "coding": [ {
          "system": "http://hl7.org/fhir/observation-category",
          "code": "laboratory",
          "display": "laboratory"
        } ],
        "text": "laboratory"
      },
      "code": {
        "coding": [ {
          "system": "http://loinc.org",
          "code": "789-8",
          "display": "Erythrocytes [#/volume] in Blood by Automated count"
        } ],
        "text": "Erythrocytes [#/volume] in Blood by Automated count"
      },
      "subject": {
        "reference": "urn:uuid:1f2c7432-28b8-282b-7f29-2890e4692f72"
      },
      "encounter": {
        "reference": "urn:uuid:6e6c5c5d-2910-41d6-ea83-2ac0b2c70a75"
      },
      "effectiveDateTime": "2024-11-10T15:24:06+00:00",
      "issued": "2024-11-10T15:24:06.207+00:00",
      "valueQuantity": {
        "value": 5.4209,
        "unit": "10*6/uL",
        "system": "http://unitsofmeasure.org",
        "code": "10*6/uL"
      }
    },
    "request": {
      "method": "POST",
      "url": "Observation"
    }
  }, {
    "fullUrl": "urn:uuid:5351b005-cdac-9f5d-1cbe-3446ecc2de11",
    "resource": {
      "resourceType": "Observation",
      "id": "5351b005-cdac-9f5d-1cbe-3446ecc2de11",
      "status": "final",
      "category": {
        "coding": [ {
          "system": "http://hl7.org/fhir/observation-category",
          "code": "laboratory",
          "display": "laboratory"
        } ],
        "text": "laboratory"
      },
      "code": {
        "coding": [ {
          "system": "http://loinc.org",
          "code": "718-7",
          "display": "Hemoglobin [Mass/volume] in Blood"
        } ],
        "text": "Hemoglobin [Mass/volume] in Blood"
      },
      "subject": {
        "reference": "urn:uuid:1f2c7432-28b8-282b-7f29-2890e4692f72"
      },
      "encounter": {
        "reference": "urn:uuid:6e6c5c5d-2910-41d6-ea83-2ac0b2c70a75"
      },
      "effectiveDateTime": "2024-11-10T15:24:06+00:00",
      "issued": "2024-11-10T15:24:06.207+00:00",
      "valueQuantity": {
        "value": 16.626,
        "unit": "g/dL",
        "system": "http://unitsofmeasure.org",
        "code": "g/dL"
      }
    },
    "request": {
      "method": "POST",
      "url": "Observation"
    }
  }, {
    "fullUrl": "urn:uuid:92e56bde-76ae-b2a5-77eb-6a78f6e8856a",
    "resource": {
      "resourceType": "Observation",
      "id": "92e56bde-76ae-b2a5-77eb-6a78f6e8856a",
      "status": "final",
      "category": {
        "coding": [ {
          "system": "http://hl7.org/fhir/observation-category",
          "code": "laboratory",
          "display": "laboratory"
        } ],
        "text": "laboratory"
      },
      "code": {
        "coding": [ {
          "system": "http://loinc.org",
          "code": "4544-3",
          "display": "Hematocrit [Volume Fraction] of Blood by Automated count"
        } ],
        "text": "Hematocrit [Volume Fraction] of Blood by Automated count"
      },
      "subject": {
        "reference": "urn:uuid:1f2c7432-28b8-282b-7f29-2890e4692f72"
      },
      "encounter": {
        "reference": "urn:uuid:6e6c5c5d-2910-41d6-ea83-2ac0b2c70a75"
      },
      "effectiveDateTime": "2024-11-10T15:24:06+00:00",
      "issued": "2024-11-10T15:24:06.207+00:00",
      "valueQuantity": {
        "value": 43.511,
        "unit": "%",
        "system": "http://unitsofmeasure.org",
        "code": "%"
      }
    },
    "request": {
      "method": "POST",
      "url": "Observation"
    }
  }, {
    "fullUrl": "urn:uuid:e99dfb2a-d8f9-d562-2642-00c19ae29e94",
    "resource": {
      "resourceType": "Observation",
      "id": "e99dfb2a-d8f9-d562-2642-00c19ae29e94",
      "status": "final",
      "category": {
        "coding": [ {
          "system": "http://hl7.org/fhir/observation-category",
          "code": "laboratory",
          "display": "laboratory"
        } ],
        "text": "laboratory"
      },
      "code": {
        "coding": [ {
          "system": "http://loinc.org",
          "code": "787-2",
          "display": "MCV [Entitic volume] by Automated count"
        } ],
        "text": "MCV [Entitic volume] by Automated count"
      },
      "subject": {
        "reference": "urn:uuid:1f2c7432-28b8-282b-7f29-2890e4692f72"
      },
      "encounter": {
        "reference": "urn:uuid:6e6c5c5d-2910-41d6-ea83-2ac0b2c70a75"
      },
      "effectiveDateTime": "2024-11-10T15:24:06+00:00",
      "issued": "2024-11-10T15:24:06.207+00:00",
      "valueQuantity": {
        "value": 84.812,
        "unit": "fL",
        "system": "http://unitsofmeasure.org",
        "code": "fL"
      }
    },
    "request": {
      "method": "POST",
      "url": "Observation"
    }
  }, {
    "fullUrl": "urn:uuid:4974a427-caff-6bc7-974d-c8a06438dfd3",
    "resource": {
      "resourceType": "Observation",
      "id": "4974a427-caff-6bc7-974d-c8a06438dfd3",
      "status": "final",
      "category": {
        "coding": [ {
          "system": "http://hl7.org/fhir/observation-category",
          "code": "laboratory",
          "display": "laboratory"
        } ],
        "text": "laboratory"
      },
      "code": {
        "coding": [ {
          "system": "http://loinc.org",
          "code": "785-6",
          "display": "MCH [Entitic mass] by Automated count"
        } ],
        "text": "MCH [Entitic mass] by Automated count"
      },
      "subject": {
        "reference": "urn:uuid:1f2c7432-28b8-282b-7f29-2890e4692f72"
      },
      "encounter": {
        "reference": "urn:uuid:6e6c5c5d-2910-41d6-ea83-2ac0b2c70a75"
      },
      "effectiveDateTime": "2024-11-10T15:24:06+00:00",
      "issued": "2024-11-10T15:24:06.207+00:00",
      "valueQuantity": {
        "value": 29.171,
        "unit": "pg",
        "system": "http://unitsofmeasure.org",
        "code": "pg"
      }
    },
    "request": {
      "method": "POST",
      "url": "Observation"
    }
  }, {
    "fullUrl": "urn:uuid:f539cff4-3cf9-4da2-de36-7a1c23d1dae3",
    "resource": {
      "resourceType": "Observation",
      "id": "f539cff4-3cf9-4da2-de36-7a1c23d1dae3",
      "status": "final",
      "category": {
        "coding": [ {
          "system": "http://hl7.org/fhir/observation-category",
          "code": "laboratory",
          "display": "laboratory"
        } ],
        "text": "laboratory"
      },
      "code": {
        "coding": [ {
          "system": "http://loinc.org",
          "code": "786-4",
          "display": "MCHC [Mass/volume] by Automated count"
        } ],
        "text": "MCHC [Mass/volume] by Automated count"
      },
      "subject": {
        "reference": "urn:uuid:1f2c7432-28b8-282b-7f29-2890e4692f72"
      },
      "encounter": {
        "reference": "urn:uuid:6e6c5c5d-2910-41d6-ea83-2ac0b2c70a75"
      },
      "effectiveDateTime": "2024-11-10T15:24:06+00:00",
      "issued": "2024-11-10T15:24:06.207+00:00",
      "valueQuantity": {
        "value": 35.759,
        "unit": "g/dL",
        "system": "http://unitsofmeasure.org",
        "code": "g/dL"
      }
    },
    "request": {
      "method": "POST",
      "url": "Observation"
    }
  }, {
    "fullUrl": "urn:uuid:ed6e2df5-4c14-dfb6-ae24-cb325a821467",
    "resource": {
      "resourceType": "Observation",
      "id": "ed6e2df5-4c14-dfb6-ae24-cb325a821467",
      "status": "final",
      "category": {
        "coding": [ {
          "system": "http://hl7.org/fhir/observation-category",
          "code": "laboratory",
          "display": "laboratory"
        } ],
        "text": "laboratory"
      },
      "code": {
        "coding": [ {
          "system": "http://loinc.org",
          "code": "21000-5",
          "display": "Erythrocyte distribution width [Entitic volume] by Automated count"
        } ],
        "text": "Erythrocyte distribution width [Entitic volume] by Automated count"
      },
      "subject": {
        "reference": "urn:uuid:1f2c7432-28b8-282b-7f29-2890e4692f72"
      },
      "encounter": {
        "reference": "urn:uuid:6e6c5c5d-2910-41d6-ea83-2ac0b2c70a75"
      },
      "effectiveDateTime": "2024-11-10T15:24:06+00:00",
      "issued": "2024-11-10T15:24:06.207+00:00",
      "valueQuantity": {
        "value": 43.777,
        "unit": "fL",
        "system": "http://unitsofmeasure.org",
        "code": "fL"
      }
    },
    "request": {
      "method": "POST",
      "url": "Observation"
    }
  }, {
    "fullUrl": "urn:uuid:67d9e752-2774-b129-6b9d-6ec8be9fc6ba",
    "resource": {
      "resourceType": "Observation",
      "id": "67d9e752-2774-b129-6b9d-6ec8be9fc6ba",
      "status": "final",
      "category": {
        "coding": [ {
          "system": "http://hl7.org/fhir/observation-category",
          "code": "laboratory",
          "display": "laboratory"
        } ],
        "text": "laboratory"
      },
      "code": {
        "coding": [ {
          "system": "http://loinc.org",
          "code": "777-3",
          "display": "Platelets [#/volume] in Blood by Automated count"
        } ],
        "text": "Platelets [#/volume] in Blood by Automated count"
      },
      "subject": {
        "reference": "urn:uuid:1f2c7432-28b8-282b-7f29-2890e4692f72"
      },
      "encounter": {
        "reference": "urn:uuid:6e6c5c5d-2910-41d6-ea83-2ac0b2c70a75"
      },
      "effectiveDateTime": "2024-11-10T15:24:06+00:00",
      "issued": "2024-11-10T15:24:06.207+00:00",
      "valueQuantity": {
        "value": 154.31,
        "unit": "10*3/uL",
        "system": "http://unitsofmeasure.org",
        "code": "10*3/uL"
      }
    },
    "request": {
      "method": "POST",
      "url": "Observation"
    }
  }, {
    "fullUrl": "urn:uuid:66f00988-71b2-0491-8025-a6f13322bd62",
    "resource": {
      "resourceType": "Observation",
      "id": "66f00988-71b2-0491-8025-a6f13322bd62",
      "status": "final",
      "category": {
        "coding": [ {
          "system": "http://hl7.org/fhir/observation-category",
          "code": "laboratory",
          "display": "laboratory"
        } ],
        "text": "laboratory"
      },
      "code": {
        "coding": [ {
          "system": "http://loinc.org",
          "code": "32207-3",
          "display": "Platelet distribution width [Entitic volume] in Blood by Automated count"
        } ],
        "text": "Platelet distribution width [Entitic volume] in Blood by Automated count"
      },
      "subject": {
        "reference": "urn:uuid:1f2c7432-28b8-282b-7f29-2890e4692f72"
      },
      "encounter": {
        "reference": "urn:uuid:6e6c5c5d-2910-41d6-ea83-2ac0b2c70a75"
      },
      "effectiveDateTime": "2024-11-10T15:24:06+00:00",
      "issued": "2024-11-10T15:24:06.207+00:00",
      "valueQuantity": {
        "value": 345.64,
        "unit": "fL",
        "system": "http://unitsofmeasure.org",
        "code": "fL"
      }
    },
    "request": {
      "method": "POST",
      "url": "Observation"
    }
  }, {
    "fullUrl": "urn:uuid:8be5d752-d290-2f85-1b10-784ec8760bce",
    "resource": {
      "resourceType": "Observation",
      "id": "8be5d752-d290-2f85-1b10-784ec8760bce",
      "status": "final",
      "category": {
        "coding": [ {
          "system": "http://hl7.org/fhir/observation-category",
          "code": "laboratory",
          "display": "laboratory"
        } ],
        "text": "laboratory"
      },
      "code": {
        "coding": [ {
          "system": "http://loinc.org",
          "code": "32623-1",
          "display": "Platelet mean volume [Entitic volume] in Blood by Automated count"
        } ],
        "text": "Platelet mean volume [Entitic volume] in Blood by Automated count"
      },
      "subject": {
        "reference": "urn:uuid:1f2c7432-28b8-282b-7f29-2890e4692f72"
      },
      "encounter": {
        "reference": "urn:uuid:6e6c5c5d-2910-41d6-ea83-2ac0b2c70a75"
      },
      "effectiveDateTime": "2024-11-10T15:24:06+00:00",
      "issued": "2024-11-10T15:24:06.207+00:00",
      "valueQuantity": {
        "value": 11.275,
        "unit": "fL",
        "system": "http://unitsofmeasure.org",
        "code": "fL"
      }
    },
    "request": {
      "method": "POST",
      "url": "Observation"
    }
  }, {
    "fullUrl": "urn:uuid:d83ddd04-8aff-0d31-2730-ee3f0194f7fa",
    "resource": {
      "resourceType": "Observation",
      "id": "d83ddd04-8aff-0d31-2730-ee3f0194f7fa",
      "status": "final",
      "category": {
        "coding": [ {
          "system": "http://hl7.org/fhir/observation-category",
          "code": "social-history",
          "display": "social-history"
        } ],
        "text": "social-history"
      },
      "code": {
        "coding": [ {
          "system": "http://loinc.org",
          "code": "72166-2",
          "display": "Tobacco smoking status"
        } ],
        "text": "Tobacco smoking status"
      },
      "subject": {
        "reference": "urn:uuid:1f2c7432-28b8-282b-7f29-2890e4692f72"
      },
      "encounter": {
        "reference": "urn:uuid:6e6c5c5d-2910-41d6-ea83-2ac0b2c70a75"
      },
      "effectiveDateTime": "2024-11-10T15:24:06+00:00",
      "issued": "2024-11-10T15:24:06.207+00:00",
      "valueCodeableConcept": {
        "coding": [ {
          "system": "http://snomed.info/sct",
          "code": "266919005",
          "display": "Never smoked tobacco (finding)"
        } ],
        "text": "Never smoked tobacco (finding)"
      }
    },
    "request": {
      "method": "POST",
      "url": "Observation"
    }
  }, {
    "fullUrl": "urn:uuid:fba016da-68ea-72fc-791d-d1b9335afa1a",
    "resource": {
      "resourceType": "Procedure",
      "id": "fba016da-68ea-72fc-791d-d1b9335afa1a",
      "subject": {
        "reference": "urn:uuid:1f2c7432-28b8-282b-7f29-2890e4692f72"
      },
      "status": "completed",
      "code": {
        "coding": [ {
          "system": "http://snomed.info/sct",
          "code": "430193006",
          "display": "Medication reconciliation (procedure)"
        } ],
        "text": "Medication reconciliation (procedure)"
      },
      "performedPeriod": {
        "start": "2024-11-10T15:24:06+00:00",
        "end": "2024-11-10T15:39:06+00:00"
      },
      "encounter": {
        "reference": "urn:uuid:6e6c5c5d-2910-41d6-ea83-2ac0b2c70a75"
      }
    },
    "request": {
      "method": "POST",
      "url": "Procedure"
    }
  }, {
    "fullUrl": "urn:uuid:85de10b2-8d4e-f5b3-ca4a-9616fe6e667b",
    "resource": {
      "resourceType": "Immunization",
      "id": "85de10b2-8d4e-f5b3-ca4a-9616fe6e667b",
      "status": "completed",
      "date": "2024-11-10T15:24:06+00:00",
      "vaccineCode": {
        "coding": [ {
          "system": "http://hl7.org/fhir/sid/cvx",
          "code": "08",
          "display": "Hep B, adolescent or pediatric"
        } ],
        "text": "Hep B, adolescent or pediatric"
      },
      "patient": {
        "reference": "urn:uuid:1f2c7432-28b8-282b-7f29-2890e4692f72"
      },
      "wasNotGiven": false,
      "reported": false,
      "encounter": {
        "reference": "urn:uuid:6e6c5c5d-2910-41d6-ea83-2ac0b2c70a75"
      }
    },
    "request": {
      "method": "POST",
      "url": "Immunization"
    }
  }, {
    "fullUrl": "urn:uuid:0d1622c7-68c3-a71f-711c-f55cf0ba24c0",
    "resource": {
      "resourceType": "DiagnosticReport",
      "id": "0d1622c7-68c3-a71f-711c-f55cf0ba24c0",
      "status": "final",
      "category": {
        "coding": [ {
          "system": "http://hl7.org/fhir/ValueSet/diagnostic-service-sections",
          "code": "LAB"
        } ]
      },
      "code": {
        "coding": [ {
          "system": "http://loinc.org",
          "code": "58410-2",
          "display": "CBC panel - Blood by Automated count"
        } ],
        "text": "CBC panel - Blood by Automated count"
      },
      "subject": {
        "reference": "urn:uuid:1f2c7432-28b8-282b-7f29-2890e4692f72"
      },
      "encounter": {
        "reference": "urn:uuid:6e6c5c5d-2910-41d6-ea83-2ac0b2c70a75"
      },
      "effectiveDateTime": "2024-11-10T15:24:06+00:00",
      "issued": "2024-11-10T15:24:06.207+00:00",
      "performer": {
        "reference": "Organization?identifier=https://github.com/synthetichealth/synthea|af3871c3-2098-3051-bcb7-8a919e194a16",
        "display": "HEALTHCARE SOUTH PC"
      },
      "result": [ {
        "reference": "urn:uuid:8be5d752-d290-2f85-1b10-784ec8760bce",
        "display": "Platelet mean volume [Entitic volume] in Blood by Automated count"
      } ]
    },
    "request": {
      "method": "POST",
      "url": "DiagnosticReport"
    }
  }, {
    "fullUrl": "urn:uuid:74af9ced-1fdb-9c42-87c1-a4da012db5f0",
    "resource": {
      "resourceType": "Claim",
      "id": "74af9ced-1fdb-9c42-87c1-a4da012db5f0",
      "type": "institutional",
      "organization": {
        "reference": "Organization?identifier=https://github.com/synthetichealth/synthea|af3871c3-2098-3051-bcb7-8a919e194a16",
        "display": "HEALTHCARE SOUTH PC"
      },
      "use": "complete",
      "diagnosis": [ {
        "sequence": 1,
        "diagnosis": {
          "system": "http://snomed.info/sct",
          "code": "314529007",
          "display": "Medication review due (situation)"
        }
      } ],
      "patient": {
        "reference": "urn:uuid:1f2c7432-28b8-282b-7f29-2890e4692f72"
      },
      "item": [ {
        "sequence": 1,
        "type": {
          "system": "http://hl7.org/fhir/v3/ActCode",
          "code": "CSINV",
          "display": "clinical service invoice"
        },
        "service": {
          "system": "http://snomed.info/sct",
          "code": "410620009",
          "display": "Well child visit (procedure)"
        }
      }, {
        "sequence": 2,
        "type": {
          "system": "http://hl7.org/fhir/v3/ActCode",
          "code": "CSINV",
          "display": "clinical service invoice"
        },
        "service": {
          "system": "http://hl7.org/fhir/sid/cvx",
          "code": "08",
          "display": "Hep B, adolescent or pediatric"
        },
        "net": {
          "value": 136.00,
          "system": "urn:iso:std:iso:4217",
          "code": "USD"
        }
      }, {
        "sequence": 4,
        "type": {
          "system": "http://hl7.org/fhir/v3/ActCode",
          "code": "CSINV",
          "display": "clinical service invoice"
        },
        "service": {
          "system": "http://snomed.info/sct",
          "code": "430193006",
          "display": "Medication reconciliation (procedure)"
        },
        "net": {
          "value": 215.70,
          "system": "urn:iso:std:iso:4217",
          "code": "USD"
        }
      }, {
        "sequence": 5,
        "type": {
          "system": "http://hl7.org/fhir/v3/ActCode",
          "code": "CSINV",
          "display": "clinical service invoice"
        },
        "service": {
          "system": "http://loinc.org",
          "code": "58410-2",
          "display": "CBC panel - Blood by Automated count"
        },
        "net": {
          "value": 74.58,
          "system": "urn:iso:std:iso:4217",
          "code": "USD"
        }
      } ]
    },
    "request": {
      "method": "POST",
      "url": "Claim"
    }
  }, {
    "fullUrl": "urn:uuid:a1d26399-53c8-17b8-1761-8de2b0053a81",
    "resource": {
      "resourceType": "Encounter",
      "id": "a1d26399-53c8-17b8-1761-8de2b0053a81",
      "status": "finished",
      "class": "ambulatory",
      "type": [ {
        "coding": [ {
          "system": "http://snomed.info/sct",
          "code": "410620009",
          "display": "Well child visit (procedure)"
        } ],
        "text": "Well child visit (procedure)"
      } ],
      "patient": {
        "reference": "urn:uuid:1f2c7432-28b8-282b-7f29-2890e4692f72"
      },
      "participant": [ {
        "individual": {
          "reference": "Practitioner?identifier=http://hl7.org/fhir/sid/us-npi|9999967596",
          "display": "Dr. Stephane228 O'Conner199"
        }
      } ],
      "period": {
        "start": "2024-12-15T15:24:06+00:00",
        "end": "2024-12-15T15:39:06+00:00"
      },
      "serviceProvider": {
        "reference": "Organization?identifier=https://github.com/synthetichealth/synthea|af3871c3-2098-3051-bcb7-8a919e194a16",
        "display": "HEALTHCARE SOUTH PC"
      }
    },
    "request": {
      "method": "POST",
      "url": "Encounter"
    }
  }, {
    "fullUrl": "urn:uuid:452edb73-72ec-240c-7f76-e8120f631749",
    "resource": {
      "resourceType": "Condition",
      "id": "452edb73-72ec-240c-7f76-e8120f631749",
      "patient": {
        "reference": "urn:uuid:1f2c7432-28b8-282b-7f29-2890e4692f72"
      },
      "encounter": {
        "reference": "urn:uuid:a1d26399-53c8-17b8-1761-8de2b0053a81"
      },
      "dateRecorded": "2024-12-15",
      "code": {
        "coding": [ {
          "system": "http://snomed.info/sct",
          "code": "314529007",
          "display": "Medication review due (situation)"
        } ],
        "text": "Medication review due (situation)"
      },
      "category": {
        "coding": [ {
          "system": "http://hl7.org/fhir/condition-category",
          "code": "diagnosis"
        } ]
      },
      "clinicalStatus": "resolved",
      "verificationStatus": "confirmed",
      "onsetDateTime": "2024-12-15T15:24:06+00:00",
      "abatementDateTime": "2025-02-16T15:24:06+00:00"
    },
    "request": {
      "method": "POST",
      "url": "Condition"
    }
  }, {
    "fullUrl": "urn:uuid:d6cb2313-2a8e-970f-286f-d968b2ce9ae0",
    "resource": {
      "resourceType": "Observation",
      "id": "d6cb2313-2a8e-970f-286f-d968b2ce9ae0",
      "status": "final",
      "category": {
        "coding": [ {
          "system": "http://hl7.org/fhir/observation-category",
          "code": "vital-signs",
          "display": "vital-signs"
        } ],
        "text": "vital-signs"
      },
      "code": {
        "coding": [ {
          "system": "http://loinc.org",
          "code": "8302-2",
          "display": "Body Height"
        } ],
        "text": "Body Height"
      },
      "subject": {
        "reference": "urn:uuid:1f2c7432-28b8-282b-7f29-2890e4692f72"
      },
      "encounter": {
        "reference": "urn:uuid:a1d26399-53c8-17b8-1761-8de2b0053a81"
      },
      "effectiveDateTime": "2024-12-15T15:24:06+00:00",
      "issued": "2024-12-15T15:24:06.207+00:00",
      "valueQuantity": {
        "value": 56.600,
        "unit": "cm",
        "system": "http://unitsofmeasure.org",
        "code": "cm"
      }
    },
    "request": {
      "method": "POST",
      "url": "Observation"
    }
  }, {
    "fullUrl": "urn:uuid:d04bbda0-8a99-1637-d2d7-0c1795c8d7a9",
    "resource": {
      "resourceType": "Observation",
      "id": "d04bbda0-8a99-1637-d2d7-0c1795c8d7a9",
      "status": "final",
      "category": {
        "coding": [ {
          "system": "http://hl7.org/fhir/observation-category",
          "code": "vital-signs",
          "display": "vital-signs"
        } ],
        "text": "vital-signs"
      },
      "code": {
        "coding": [ {
          "system": "http://loinc.org",
          "code": "72514-3",
          "display": "Pain severity - 0-10 verbal numeric rating [Score] - Reported"
        } ],
        "text": "Pain severity - 0-10 verbal numeric rating [Score] - Reported"
      },
      "subject": {
        "reference": "urn:uuid:1f2c7432-28b8-282b-7f29-2890e4692f72"
      },
      "encounter": {
        "reference": "urn:uuid:a1d26399-53c8-17b8-1761-8de2b0053a81"
      },
      "effectiveDateTime": "2024-12-15T15:24:06+00:00",
      "issued": "2024-12-15T15:24:06.207+00:00",
      "valueQuantity": {
        "value": 4,
        "unit": "{score}",
        "system": "http://unitsofmeasure.org",
        "code": "{score}"
      }
    },
    "request": {
      "method": "POST",
      "url": "Observation"
    }
  }, {
    "fullUrl": "urn:uuid:e9620d0a-61a6-c158-542e-3d2c48ce5584",
    "resource": {
      "resourceType": "Observation",
      "id": "e9620d0a-61a6-c158-542e-3d2c48ce5584",
      "status": "final",
      "category": {
        "coding": [ {
          "system": "http://hl7.org/fhir/observation-category",
          "code": "vital-signs",
          "display": "vital-signs"
        } ],
        "text": "vital-signs"
      },
      "code": {
        "coding": [ {
          "system": "http://loinc.org",
          "code": "29463-7",
          "display": "Body Weight"
        } ],
        "text": "Body Weight"
      },
      "subject": {
        "reference": "urn:uuid:1f2c7432-28b8-282b-7f29-2890e4692f72"
      },
      "encounter": {
        "reference": "urn:uuid:a1d26399-53c8-17b8-1761-8de2b0053a81"
      },
      "effectiveDateTime": "2024-12-15T15:24:06+00:00",
      "issued": "2024-12-15T15:24:06.207+00:00",
      "valueQuantity": {
        "value": 4.8000,
        "unit": "kg",
        "system": "http://unitsofmeasure.org",
        "code": "kg"
      }
    },
    "request": {
      "method": "POST",
      "url": "Observation"
    }
  }, {
    "fullUrl": "urn:uuid:b06ee8c4-2d6a-e8e1-c754-d98a4d4b3acd",
    "resource": {
      "resourceType": "Observation",
      "id": "b06ee8c4-2d6a-e8e1-c754-d98a4d4b3acd",
      "status": "final",
      "category": {
        "coding": [ {
          "system": "http://hl7.org/fhir/observation-category",
          "code": "vital-signs",
          "display": "vital-signs"
        } ],
        "text": "vital-signs"
      },
      "code": {
        "coding": [ {
          "system": "http://loinc.org",
          "code": "77606-2",
          "display": "Weight-for-length Per age and sex"
        } ],
        "text": "Weight-for-length Per age and sex"
      },
      "subject": {
        "reference": "urn:uuid:1f2c7432-28b8-282b-7f29-2890e4692f72"
      },
      "encounter": {
        "reference": "urn:uuid:a1d26399-53c8-17b8-1761-8de2b0053a81"
      },
      "effectiveDateTime": "2024-12-15T15:24:06+00:00",
      "issued": "2024-12-15T15:24:06.207+00:00",
      "valueQuantity": {
        "value": 18.223,
        "unit": "%",
        "system": "http://unitsofmeasure.org",
        "code": "%"
      }
    },
    "request": {
      "method": "POST",
      "url": "Observation"
    }
  }, {
    "fullUrl": "urn:uuid:ca8f1ff0-ad58-dc50-98c6-b176057394dc",
    "resource": {
      "resourceType": "Observation",
      "id": "ca8f1ff0-ad58-dc50-98c6-b176057394dc",
      "status": "final",
      "category": {
        "coding": [ {
          "system": "http://hl7.org/fhir/observation-category",
          "code": "vital-signs",
          "display": "vital-signs"
        } ],
        "text": "vital-signs"
      },
      "code": {
        "coding": [ {
          "system": "http://loinc.org",
          "code": "8289-1",
          "display": "Head Occipital-frontal circumference Percentile"
        } ],
        "text": "Head Occipital-frontal circumference Percentile"
      },
      "subject": {
        "reference": "urn:uuid:1f2c7432-28b8-282b-7f29-2890e4692f72"
      },
      "encounter": {
        "reference": "urn:uuid:a1d26399-53c8-17b8-1761-8de2b0053a81"
      },
      "effectiveDateTime": "2024-12-15T15:24:06+00:00",
      "issued": "2024-12-15T15:24:06.207+00:00",
      "valueQuantity": {
        "value": 73.100,
        "unit": "%",
        "system": "http://unitsofmeasure.org",
        "code": "%"
      }
    },
    "request": {
      "method": "POST",
      "url": "Observation"
    }
  }, {
    "fullUrl": "urn:uuid:d72d44ac-7699-11e9-de3a-351c7da416dc",
    "resource": {
      "resourceType": "Observation",
      "id": "d72d44ac-7699-11e9-de3a-351c7da416dc",
      "status": "final",
      "category": {
        "coding": [ {
          "system": "http://hl7.org/fhir/observation-category",
          "code": "vital-signs",
          "display": "vital-signs"
        } ],
        "text": "vital-signs"
      },
      "code": {
        "coding": [ {
          "system": "http://loinc.org",
          "code": "9843-4",
          "display": "Head Occipital-frontal circumference"
        } ],
        "text": "Head Occipital-frontal circumference"
      },
      "subject": {
        "reference": "urn:uuid:1f2c7432-28b8-282b-7f29-2890e4692f72"
      },
      "encounter": {
        "reference": "urn:uuid:a1d26399-53c8-17b8-1761-8de2b0053a81"
      },
      "effectiveDateTime": "2024-12-15T15:24:06+00:00",
      "issued": "2024-12-15T15:24:06.207+00:00",
      "valueQuantity": {
        "value": 38.890,
        "unit": "cm",
        "system": "http://unitsofmeasure.org",
        "code": "cm"
      }
    },
    "request": {
      "method": "POST",
      "url": "Observation"
    }
  }, {
    "fullUrl": "urn:uuid:a988f8af-582e-54ba-a305-fb81a01f4525",
    "resource": {
      "resourceType": "Observation",
      "id": "a988f8af-582e-54ba-a305-fb81a01f4525",
      "status": "final",
      "category": {
        "coding": [ {
          "system": "http://hl7.org/fhir/observation-category",
          "code": "vital-signs",
          "display": "vital-signs"
        } ],
        "text": "vital-signs"
      },
      "code": {
        "coding": [ {
          "system": "http://loinc.org",
          "code": "85354-9",
          "display": "Blood pressure panel with all children optional"
        } ],
        "text": "Blood pressure panel with all children optional"
      },
      "subject": {
        "reference": "urn:uuid:1f2c7432-28b8-282b-7f29-2890e4692f72"
      },
      "encounter": {
        "reference": "urn:uuid:a1d26399-53c8-17b8-1761-8de2b0053a81"
      },
      "effectiveDateTime": "2024-12-15T15:24:06+00:00",
      "issued": "2024-12-15T15:24:06.207+00:00",
      "component": [ {
        "code": {
          "coding": [ {
            "system": "http://loinc.org",
            "code": "8462-4",
            "display": "Diastolic Blood Pressure"
          } ],
          "text": "Diastolic Blood Pressure"
        },
        "valueQuantity": {
          "value": 69,
          "unit": "mm[Hg]",
          "system": "http://unitsofmeasure.org",
          "code": "mm[Hg]"
        }
      }, {
        "code": {
          "coding": [ {
            "system": "http://loinc.org",
            "code": "8480-6",
            "display": "Systolic Blood Pressure"
          } ],
          "text": "Systolic Blood Pressure"
        },
        "valueQuantity": {
          "value": 94,
          "unit": "mm[Hg]",
          "system": "http://unitsofmeasure.org",
          "code": "mm[Hg]"
        }
      } ]
    },
    "request": {
      "method": "POST",
      "url": "Observation"
    }
  }, {
    "fullUrl": "urn:uuid:7af0474e-a483-cf59-48c0-86cb6467aad7",
    "resource": {
      "resourceType": "Observation",
      "id": "7af0474e-a483-cf59-48c0-86cb6467aad7",
      "status": "final",
      "category": {
        "coding": [ {
          "system": "http://hl7.org/fhir/observation-category",
          "code": "vital-signs",
          "display": "vital-signs"
        } ],
        "text": "vital-signs"
      },
      "code": {
        "coding": [ {
          "system": "http://loinc.org",
          "code": "8867-4",
          "display": "Heart rate"
        } ],
        "text": "Heart rate"
      },
      "subject": {
        "reference": "urn:uuid:1f2c7432-28b8-282b-7f29-2890e4692f72"
      },
      "encounter": {
        "reference": "urn:uuid:a1d26399-53c8-17b8-1761-8de2b0053a81"
      },
      "effectiveDateTime": "2024-12-15T15:24:06+00:00",
      "issued": "2024-12-15T15:24:06.207+00:00",
      "valueQuantity": {
        "value": 64,
        "unit": "/min",
        "system": "http://unitsofmeasure.org",
        "code": "/min"
      }
    },
    "request": {
      "method": "POST",
      "url": "Observation"
    }
  }, {
    "fullUrl": "urn:uuid:6fa89eb0-574e-119c-28f3-652e36d14c98",
    "resource": {
      "resourceType": "Observation",
      "id": "6fa89eb0-574e-119c-28f3-652e36d14c98",
      "status": "final",
      "category": {
        "coding": [ {
          "system": "http://hl7.org/fhir/observation-category",
          "code": "vital-signs",
          "display": "vital-signs"
        } ],
        "text": "vital-signs"
      },
      "code": {
        "coding": [ {
          "system": "http://loinc.org",
          "code": "9279-1",
          "display": "Respiratory rate"
        } ],
        "text": "Respiratory rate"
      },
      "subject": {
        "reference": "urn:uuid:1f2c7432-28b8-282b-7f29-2890e4692f72"
      },
      "encounter": {
        "reference": "urn:uuid:a1d26399-53c8-17b8-1761-8de2b0053a81"
      },
      "effectiveDateTime": "2024-12-15T15:24:06+00:00",
      "issued": "2024-12-15T15:24:06.207+00:00",
      "valueQuantity": {
        "value": 15,
        "unit": "/min",
        "system": "http://unitsofmeasure.org",
        "code": "/min"
      }
    },
    "request": {
      "method": "POST",
      "url": "Observation"
    }
  }, {
    "fullUrl": "urn:uuid:e4deebe6-f380-0780-af90-6a4f5c9bf6d2",
    "resource": {
      "resourceType": "Observation",
      "id": "e4deebe6-f380-0780-af90-6a4f5c9bf6d2",
      "status": "final",
      "category": {
        "coding": [ {
          "system": "http://hl7.org/fhir/observation-category",
          "code": "social-history",
          "display": "social-history"
        } ],
        "text": "social-history"
      },
      "code": {
        "coding": [ {
          "system": "http://loinc.org",
          "code": "72166-2",
          "display": "Tobacco smoking status"
        } ],
        "text": "Tobacco smoking status"
      },
      "subject": {
        "reference": "urn:uuid:1f2c7432-28b8-282b-7f29-2890e4692f72"
      },
      "encounter": {
        "reference": "urn:uuid:a1d26399-53c8-17b8-1761-8de2b0053a81"
      },
      "effectiveDateTime": "2024-12-15T15:24:06+00:00",
      "issued": "2024-12-15T15:24:06.207+00:00",
      "valueCodeableConcept": {
        "coding": [ {
          "system": "http://snomed.info/sct",
          "code": "266919005",
          "display": "Never smoked tobacco (finding)"
        } ],
        "text": "Never smoked tobacco (finding)"
      }
    },
    "request": {
      "method": "POST",
      "url": "Observation"
    }
  }, {
    "fullUrl": "urn:uuid:ed8444d8-26d2-420a-d296-1ea4fe037b50",
    "resource": {
      "resourceType": "Immunization",
      "id": "ed8444d8-26d2-420a-d296-1ea4fe037b50",
      "status": "completed",
      "date": "2024-12-15T15:24:06+00:00",
      "vaccineCode": {
        "coding": [ {
          "system": "http://hl7.org/fhir/sid/cvx",
          "code": "08",
          "display": "Hep B, adolescent or pediatric"
        } ],
        "text": "Hep B, adolescent or pediatric"
      },
      "patient": {
        "reference": "urn:uuid:1f2c7432-28b8-282b-7f29-2890e4692f72"
      },
      "wasNotGiven": false,
      "reported": false,
      "encounter": {
        "reference": "urn:uuid:a1d26399-53c8-17b8-1761-8de2b0053a81"
      }
    },
    "request": {
      "method": "POST",
      "url": "Immunization"
    }
  }, {
    "fullUrl": "urn:uuid:daf273d3-0a82-aa7d-bb9a-b8aa5d85b364",
    "resource": {
      "resourceType": "Claim",
      "id": "daf273d3-0a82-aa7d-bb9a-b8aa5d85b364",
      "type": "institutional",
      "organization": {
        "reference": "Organization?identifier=https://github.com/synthetichealth/synthea|af3871c3-2098-3051-bcb7-8a919e194a16",
        "display": "HEALTHCARE SOUTH PC"
      },
      "use": "complete",
      "diagnosis": [ {
        "sequence": 1,
        "diagnosis": {
          "system": "http://snomed.info/sct",
          "code": "314529007",
          "display": "Medication review due (situation)"
        }
      } ],
      "patient": {
        "reference": "urn:uuid:1f2c7432-28b8-282b-7f29-2890e4692f72"
      },
      "item": [ {
        "sequence": 1,
        "type": {
          "system": "http://hl7.org/fhir/v3/ActCode",
          "code": "CSINV",
          "display": "clinical service invoice"
        },
        "service": {
          "system": "http://snomed.info/sct",
          "code": "410620009",
          "display": "Well child visit (procedure)"
        }
      }, {
        "sequence": 2,
        "type": {
          "system": "http://hl7.org/fhir/v3/ActCode",
          "code": "CSINV",
          "display": "clinical service invoice"
        },
        "service": {
          "system": "http://hl7.org/fhir/sid/cvx",
          "code": "08",
          "display": "Hep B, adolescent or pediatric"
        },
        "net": {
          "value": 136.00,
          "system": "urn:iso:std:iso:4217",
          "code": "USD"
        }
      } ]
    },
    "request": {
      "method": "POST",
      "url": "Claim"
    }
  }, {
    "fullUrl": "urn:uuid:bcb3537c-bd79-6037-f77a-76b934367d10",
    "resource": {
      "resourceType": "Encounter",
      "id": "bcb3537c-bd79-6037-f77a-76b934367d10",
      "status": "finished",
      "class": "ambulatory",
      "type": [ {
        "coding": [ {
          "system": "http://snomed.info/sct",
          "code": "410620009",
          "display": "Well child visit (procedure)"
        } ],
        "text": "Well child visit (procedure)"
      } ],
      "patient": {
        "reference": "urn:uuid:1f2c7432-28b8-282b-7f29-2890e4692f72"
      },
      "participant": [ {
        "individual": {
          "reference": "Practitioner?identifier=http://hl7.org/fhir/sid/us-npi|9999967596",
          "display": "Dr. Stephane228 O'Conner199"
        }
      } ],
      "period": {
        "start": "2025-02-16T15:24:06+00:00",
        "end": "2025-02-16T15:39:06+00:00"
      },
      "serviceProvider": {
        "reference": "Organization?identifier=https://github.com/synthetichealth/synthea|af3871c3-2098-3051-bcb7-8a919e194a16",
        "display": "HEALTHCARE SOUTH PC"
      }
    },
    "request": {
      "method": "POST",
      "url": "Encounter"
    }
  }, {
    "fullUrl": "urn:uuid:3c55349c-bcd5-4603-b0fd-74afc57e3652",
    "resource": {
      "resourceType": "Observation",
      "id": "3c55349c-bcd5-4603-b0fd-74afc57e3652",
      "status": "final",
      "category": {
        "coding": [ {
          "system": "http://hl7.org/fhir/observation-category",
          "code": "vital-signs",
          "display": "vital-signs"
        } ],
        "text": "vital-signs"
      },
      "code": {
        "coding": [ {
          "system": "http://loinc.org",
          "code": "8302-2",
          "display": "Body Height"
        } ],
        "text": "Body Height"
      },
      "subject": {
        "reference": "urn:uuid:1f2c7432-28b8-282b-7f29-2890e4692f72"
      },
      "encounter": {
        "reference": "urn:uuid:bcb3537c-bd79-6037-f77a-76b934367d10"
      },
      "effectiveDateTime": "2025-02-16T15:24:06+00:00",
      "issued": "2025-02-16T15:24:06.207+00:00",
      "valueQuantity": {
        "value": 61.800,
        "unit": "cm",
        "system": "http://unitsofmeasure.org",
        "code": "cm"
      }
    },
    "request": {
      "method": "POST",
      "url": "Observation"
    }
  }, {
    "fullUrl": "urn:uuid:76eca719-4f55-8a5c-8f5d-5c1e6aaea7de",
    "resource": {
      "resourceType": "Observation",
      "id": "76eca719-4f55-8a5c-8f5d-5c1e6aaea7de",
      "status": "final",
      "category": {
        "coding": [ {
          "system": "http://hl7.org/fhir/observation-category",
          "code": "vital-signs",
          "display": "vital-signs"
        } ],
        "text": "vital-signs"
      },
      "code": {
        "coding": [ {
          "system": "http://loinc.org",
          "code": "72514-3",
          "display": "Pain severity - 0-10 verbal numeric rating [Score] - Reported"
        } ],
        "text": "Pain severity - 0-10 verbal numeric rating [Score] - Reported"
      },
      "subject": {
        "reference": "urn:uuid:1f2c7432-28b8-282b-7f29-2890e4692f72"
      },
      "encounter": {
        "reference": "urn:uuid:bcb3537c-bd79-6037-f77a-76b934367d10"
      },
      "effectiveDateTime": "2025-02-16T15:24:06+00:00",
      "issued": "2025-02-16T15:24:06.207+00:00",
      "valueQuantity": {
        "value": 4,
        "unit": "{score}",
        "system": "http://unitsofmeasure.org",
        "code": "{score}"
      }
    },
    "request": {
      "method": "POST",
      "url": "Observation"
    }
  }, {
    "fullUrl": "urn:uuid:7bdddc39-9f1a-9ec0-dec9-ee6dc1021710",
    "resource": {
      "resourceType": "Observation",
      "id": "7bdddc39-9f1a-9ec0-dec9-ee6dc1021710",
      "status": "final",
      "category": {
        "coding": [ {
          "system": "http://hl7.org/fhir/observation-category",
          "code": "vital-signs",
          "display": "vital-signs"
        } ],
        "text": "vital-signs"
      },
      "code": {
        "coding": [ {
          "system": "http://loinc.org",
          "code": "29463-7",
          "display": "Body Weight"
        } ],
        "text": "Body Weight"
      },
      "subject": {
        "reference": "urn:uuid:1f2c7432-28b8-282b-7f29-2890e4692f72"
      },
      "encounter": {
        "reference": "urn:uuid:bcb3537c-bd79-6037-f77a-76b934367d10"
      },
      "effectiveDateTime": "2025-02-16T15:24:06+00:00",
      "issued": "2025-02-16T15:24:06.207+00:00",
      "valueQuantity": {
        "value": 6.2000,
        "unit": "kg",
        "system": "http://unitsofmeasure.org",
        "code": "kg"
      }
    },
    "request": {
      "method": "POST",
      "url": "Observation"
    }
  }, {
    "fullUrl": "urn:uuid:6ddb2322-3b1e-b74f-ef92-2c2443a692e5",
    "resource": {
      "resourceType": "Observation",
      "id": "6ddb2322-3b1e-b74f-ef92-2c2443a692e5",
      "status": "final",
      "category": {
        "coding": [ {
          "system": "http://hl7.org/fhir/observation-category",
          "code": "vital-signs",
          "display": "vital-signs"
        } ],
        "text": "vital-signs"
      },
      "code": {
        "coding": [ {
          "system": "http://loinc.org",
          "code": "77606-2",
          "display": "Weight-for-length Per age and sex"
        } ],
        "text": "Weight-for-length Per age and sex"
      },
      "subject": {
        "reference": "urn:uuid:1f2c7432-28b8-282b-7f29-2890e4692f72"
      },
      "encounter": {
        "reference": "urn:uuid:bcb3537c-bd79-6037-f77a-76b934367d10"
      },
      "effectiveDateTime": "2025-02-16T15:24:06+00:00",
      "issued": "2025-02-16T15:24:06.207+00:00",
      "valueQuantity": {
        "value": 32.424,
        "unit": "%",
        "system": "http://unitsofmeasure.org",
        "code": "%"
      }
    },
    "request": {
      "method": "POST",
      "url": "Observation"
    }
  }, {
    "fullUrl": "urn:uuid:6df80599-5258-e1c8-e3ec-e871b7add0da",
    "resource": {
      "resourceType": "Observation",
      "id": "6df80599-5258-e1c8-e3ec-e871b7add0da",
      "status": "final",
      "category": {
        "coding": [ {
          "system": "http://hl7.org/fhir/observation-category",
          "code": "vital-signs",
          "display": "vital-signs"
        } ],
        "text": "vital-signs"
      },
      "code": {
        "coding": [ {
          "system": "http://loinc.org",
          "code": "8289-1",
          "display": "Head Occipital-frontal circumference Percentile"
        } ],
        "text": "Head Occipital-frontal circumference Percentile"
      },
      "subject": {
        "reference": "urn:uuid:1f2c7432-28b8-282b-7f29-2890e4692f72"
      },
      "encounter": {
        "reference": "urn:uuid:bcb3537c-bd79-6037-f77a-76b934367d10"
      },
      "effectiveDateTime": "2025-02-16T15:24:06+00:00",
      "issued": "2025-02-16T15:24:06.207+00:00",
      "valueQuantity": {
        "value": 73.100,
        "unit": "%",
        "system": "http://unitsofmeasure.org",
        "code": "%"
      }
    },
    "request": {
      "method": "POST",
      "url": "Observation"
    }
  }, {
    "fullUrl": "urn:uuid:42de9364-5542-d9d6-45a1-c57dab45e2c2",
    "resource": {
      "resourceType": "Observation",
      "id": "42de9364-5542-d9d6-45a1-c57dab45e2c2",
      "status": "final",
      "category": {
        "coding": [ {
          "system": "http://hl7.org/fhir/observation-category",
          "code": "vital-signs",
          "display": "vital-signs"
        } ],
        "text": "vital-signs"
      },
      "code": {
        "coding": [ {
          "system": "http://loinc.org",
          "code": "9843-4",
          "display": "Head Occipital-frontal circumference"
        } ],
        "text": "Head Occipital-frontal circumference"
      },
      "subject": {
        "reference": "urn:uuid:1f2c7432-28b8-282b-7f29-2890e4692f72"
      },
      "encounter": {
        "reference": "urn:uuid:bcb3537c-bd79-6037-f77a-76b934367d10"
      },
      "effectiveDateTime": "2025-02-16T15:24:06+00:00",
      "issued": "2025-02-16T15:24:06.207+00:00",
      "valueQuantity": {
        "value": 41.310,
        "unit": "cm",
        "system": "http://unitsofmeasure.org",
        "code": "cm"
      }
    },
    "request": {
      "method": "POST",
      "url": "Observation"
    }
  }, {
    "fullUrl": "urn:uuid:5e554bbf-e7f8-e6a2-9c87-e6ce7f50d354",
    "resource": {
      "resourceType": "Observation",
      "id": "5e554bbf-e7f8-e6a2-9c87-e6ce7f50d354",
      "status": "final",
      "category": {
        "coding": [ {
          "system": "http://hl7.org/fhir/observation-category",
          "code": "vital-signs",
          "display": "vital-signs"
        } ],
        "text": "vital-signs"
      },
      "code": {
        "coding": [ {
          "system": "http://loinc.org",
          "code": "85354-9",
          "display": "Blood pressure panel with all children optional"
        } ],
        "text": "Blood pressure panel with all children optional"
      },
      "subject": {
        "reference": "urn:uuid:1f2c7432-28b8-282b-7f29-2890e4692f72"
      },
      "encounter": {
        "reference": "urn:uuid:bcb3537c-bd79-6037-f77a-76b934367d10"
      },
      "effectiveDateTime": "2025-02-16T15:24:06+00:00",
      "issued": "2025-02-16T15:24:06.207+00:00",
      "component": [ {
        "code": {
          "coding": [ {
            "system": "http://loinc.org",
            "code": "8462-4",
            "display": "Diastolic Blood Pressure"
          } ],
          "text": "Diastolic Blood Pressure"
        },
        "valueQuantity": {
          "value": 75,
          "unit": "mm[Hg]",
          "system": "http://unitsofmeasure.org",
          "code": "mm[Hg]"
        }
      }, {
        "code": {
          "coding": [ {
            "system": "http://loinc.org",
            "code": "8480-6",
            "display": "Systolic Blood Pressure"
          } ],
          "text": "Systolic Blood Pressure"
        },
        "valueQuantity": {
          "value": 89,
          "unit": "mm[Hg]",
          "system": "http://unitsofmeasure.org",
          "code": "mm[Hg]"
        }
      } ]
    },
    "request": {
      "method": "POST",
      "url": "Observation"
    }
  }, {
    "fullUrl": "urn:uuid:e25a2483-b7a7-5007-eadc-a6cdafb2ac06",
    "resource": {
      "resourceType": "Observation",
      "id": "e25a2483-b7a7-5007-eadc-a6cdafb2ac06",
      "status": "final",
      "category": {
        "coding": [ {
          "system": "http://hl7.org/fhir/observation-category",
          "code": "vital-signs",
          "display": "vital-signs"
        } ],
        "text": "vital-signs"
      },
      "code": {
        "coding": [ {
          "system": "http://loinc.org",
          "code": "8867-4",
          "display": "Heart rate"
        } ],
        "text": "Heart rate"
      },
      "subject": {
        "reference": "urn:uuid:1f2c7432-28b8-282b-7f29-2890e4692f72"
      },
      "encounter": {
        "reference": "urn:uuid:bcb3537c-bd79-6037-f77a-76b934367d10"
      },
      "effectiveDateTime": "2025-02-16T15:24:06+00:00",
      "issued": "2025-02-16T15:24:06.207+00:00",
      "valueQuantity": {
        "value": 73,
        "unit": "/min",
        "system": "http://unitsofmeasure.org",
        "code": "/min"
      }
    },
    "request": {
      "method": "POST",
      "url": "Observation"
    }
  }, {
    "fullUrl": "urn:uuid:1b4ceb85-5676-25c7-b6ab-6950170054a5",
    "resource": {
      "resourceType": "Observation",
      "id": "1b4ceb85-5676-25c7-b6ab-6950170054a5",
      "status": "final",
      "category": {
        "coding": [ {
          "system": "http://hl7.org/fhir/observation-category",
          "code": "vital-signs",
          "display": "vital-signs"
        } ],
        "text": "vital-signs"
      },
      "code": {
        "coding": [ {
          "system": "http://loinc.org",
          "code": "9279-1",
          "display": "Respiratory rate"
        } ],
        "text": "Respiratory rate"
      },
      "subject": {
        "reference": "urn:uuid:1f2c7432-28b8-282b-7f29-2890e4692f72"
      },
      "encounter": {
        "reference": "urn:uuid:bcb3537c-bd79-6037-f77a-76b934367d10"
      },
      "effectiveDateTime": "2025-02-16T15:24:06+00:00",
      "issued": "2025-02-16T15:24:06.207+00:00",
      "valueQuantity": {
        "value": 16,
        "unit": "/min",
        "system": "http://unitsofmeasure.org",
        "code": "/min"
      }
    },
    "request": {
      "method": "POST",
      "url": "Observation"
    }
  }, {
    "fullUrl": "urn:uuid:f1a9e21d-576b-f6e6-ec0e-6f47ca112297",
    "resource": {
      "resourceType": "Observation",
      "id": "f1a9e21d-576b-f6e6-ec0e-6f47ca112297",
      "status": "final",
      "category": {
        "coding": [ {
          "system": "http://hl7.org/fhir/observation-category",
          "code": "social-history",
          "display": "social-history"
        } ],
        "text": "social-history"
      },
      "code": {
        "coding": [ {
          "system": "http://loinc.org",
          "code": "72166-2",
          "display": "Tobacco smoking status"
        } ],
        "text": "Tobacco smoking status"
      },
      "subject": {
        "reference": "urn:uuid:1f2c7432-28b8-282b-7f29-2890e4692f72"
      },
      "encounter": {
        "reference": "urn:uuid:bcb3537c-bd79-6037-f77a-76b934367d10"
      },
      "effectiveDateTime": "2025-02-16T15:24:06+00:00",
      "issued": "2025-02-16T15:24:06.207+00:00",
      "valueCodeableConcept": {
        "coding": [ {
          "system": "http://snomed.info/sct",
          "code": "266919005",
          "display": "Never smoked tobacco (finding)"
        } ],
        "text": "Never smoked tobacco (finding)"
      }
    },
    "request": {
      "method": "POST",
      "url": "Observation"
    }
  }, {
    "fullUrl": "urn:uuid:1eec2115-d136-10ae-f53f-11a34787dc15",
    "resource": {
      "resourceType": "Procedure",
      "id": "1eec2115-d136-10ae-f53f-11a34787dc15",
      "subject": {
        "reference": "urn:uuid:1f2c7432-28b8-282b-7f29-2890e4692f72"
      },
      "status": "completed",
      "code": {
        "coding": [ {
          "system": "http://snomed.info/sct",
          "code": "430193006",
          "display": "Medication reconciliation (procedure)"
        } ],
        "text": "Medication reconciliation (procedure)"
      },
      "performedPeriod": {
        "start": "2025-02-16T15:24:06+00:00",
        "end": "2025-02-16T15:39:06+00:00"
      },
      "encounter": {
        "reference": "urn:uuid:bcb3537c-bd79-6037-f77a-76b934367d10"
      }
    },
    "request": {
      "method": "POST",
      "url": "Procedure"
    }
  }, {
    "fullUrl": "urn:uuid:31941d01-8b01-1738-fca2-00119d58fb27",
    "resource": {
      "resourceType": "Immunization",
      "id": "31941d01-8b01-1738-fca2-00119d58fb27",
      "status": "completed",
      "date": "2025-02-16T15:24:06+00:00",
      "vaccineCode": {
        "coding": [ {
          "system": "http://hl7.org/fhir/sid/cvx",
          "code": "49",
          "display": "Hib (PRP-OMP)"
        } ],
        "text": "Hib (PRP-OMP)"
      },
      "patient": {
        "reference": "urn:uuid:1f2c7432-28b8-282b-7f29-2890e4692f72"
      },
      "wasNotGiven": false,
      "reported": false,
      "encounter": {
        "reference": "urn:uuid:bcb3537c-bd79-6037-f77a-76b934367d10"
      }
    },
    "request": {
      "method": "POST",
      "url": "Immunization"
    }
  }, {
    "fullUrl": "urn:uuid:830ec6d2-808c-067d-81be-0ac56751429e",
    "resource": {
      "resourceType": "Immunization",
      "id": "830ec6d2-808c-067d-81be-0ac56751429e",
      "status": "completed",
      "date": "2025-02-16T15:24:06+00:00",
      "vaccineCode": {
        "coding": [ {
          "system": "http://hl7.org/fhir/sid/cvx",
          "code": "119",
          "display": "rotavirus, monovalent"
        } ],
        "text": "rotavirus, monovalent"
      },
      "patient": {
        "reference": "urn:uuid:1f2c7432-28b8-282b-7f29-2890e4692f72"
      },
      "wasNotGiven": false,
      "reported": false,
      "encounter": {
        "reference": "urn:uuid:bcb3537c-bd79-6037-f77a-76b934367d10"
      }
    },
    "request": {
      "method": "POST",
      "url": "Immunization"
    }
  }, {
    "fullUrl": "urn:uuid:e28ac2c2-160c-a7c3-d294-0cab350fe032",
    "resource": {
      "resourceType": "Immunization",
      "id": "e28ac2c2-160c-a7c3-d294-0cab350fe032",
      "status": "completed",
      "date": "2025-02-16T15:24:06+00:00",
      "vaccineCode": {
        "coding": [ {
          "system": "http://hl7.org/fhir/sid/cvx",
          "code": "10",
          "display": "IPV"
        } ],
        "text": "IPV"
      },
      "patient": {
        "reference": "urn:uuid:1f2c7432-28b8-282b-7f29-2890e4692f72"
      },
      "wasNotGiven": false,
      "reported": false,
      "encounter": {
        "reference": "urn:uuid:bcb3537c-bd79-6037-f77a-76b934367d10"
      }
    },
    "request": {
      "method": "POST",
      "url": "Immunization"
    }
  }, {
    "fullUrl": "urn:uuid:d778ec57-5d76-aabd-d38a-d8e501f04294",
    "resource": {
      "resourceType": "Immunization",
      "id": "d778ec57-5d76-aabd-d38a-d8e501f04294",
      "status": "completed",
      "date": "2025-02-16T15:24:06+00:00",
      "vaccineCode": {
        "coding": [ {
          "system": "http://hl7.org/fhir/sid/cvx",
          "code": "20",
          "display": "DTaP"
        } ],
        "text": "DTaP"
      },
      "patient": {
        "reference": "urn:uuid:1f2c7432-28b8-282b-7f29-2890e4692f72"
      },
      "wasNotGiven": false,
      "reported": false,
      "encounter": {
        "reference": "urn:uuid:bcb3537c-bd79-6037-f77a-76b934367d10"
      }
    },
    "request": {
      "method": "POST",
      "url": "Immunization"
    }
  }, {
    "fullUrl": "urn:uuid:49aab9c9-eed4-f5a4-a5cb-97610e2ca816",
    "resource": {
      "resourceType": "Immunization",
      "id": "49aab9c9-eed4-f5a4-a5cb-97610e2ca816",
      "status": "completed",
      "date": "2025-02-16T15:24:06+00:00",
      "vaccineCode": {
        "coding": [ {
          "system": "http://hl7.org/fhir/sid/cvx",
          "code": "133",
          "display": "Pneumococcal conjugate PCV 13"
        } ],
        "text": "Pneumococcal conjugate PCV 13"
      },
      "patient": {
        "reference": "urn:uuid:1f2c7432-28b8-282b-7f29-2890e4692f72"
      },
      "wasNotGiven": false,
      "reported": false,
      "encounter": {
        "reference": "urn:uuid:bcb3537c-bd79-6037-f77a-76b934367d10"
      }
    },
    "request": {
      "method": "POST",
      "url": "Immunization"
    }
  }, {
    "fullUrl": "urn:uuid:47a3db19-dbe4-55f4-e2d2-fa9e69a13214",
    "resource": {
      "resourceType": "Claim",
      "id": "47a3db19-dbe4-55f4-e2d2-fa9e69a13214",
      "type": "institutional",
      "organization": {
        "reference": "Organization?identifier=https://github.com/synthetichealth/synthea|af3871c3-2098-3051-bcb7-8a919e194a16",
        "display": "HEALTHCARE SOUTH PC"
      },
      "use": "complete",
      "patient": {
        "reference": "urn:uuid:1f2c7432-28b8-282b-7f29-2890e4692f72"
      },
      "item": [ {
        "sequence": 1,
        "type": {
          "system": "http://hl7.org/fhir/v3/ActCode",
          "code": "CSINV",
          "display": "clinical service invoice"
        },
        "service": {
          "system": "http://snomed.info/sct",
          "code": "410620009",
          "display": "Well child visit (procedure)"
        }
      }, {
        "sequence": 2,
        "type": {
          "system": "http://hl7.org/fhir/v3/ActCode",
          "code": "CSINV",
          "display": "clinical service invoice"
        },
        "service": {
          "system": "http://hl7.org/fhir/sid/cvx",
          "code": "49",
          "display": "Hib (PRP-OMP)"
        },
        "net": {
          "value": 136.00,
          "system": "urn:iso:std:iso:4217",
          "code": "USD"
        }
      }, {
        "sequence": 3,
        "type": {
          "system": "http://hl7.org/fhir/v3/ActCode",
          "code": "CSINV",
          "display": "clinical service invoice"
        },
        "service": {
          "system": "http://hl7.org/fhir/sid/cvx",
          "code": "119",
          "display": "rotavirus, monovalent"
        },
        "net": {
          "value": 136.00,
          "system": "urn:iso:std:iso:4217",
          "code": "USD"
        }
      }, {
        "sequence": 4,
        "type": {
          "system": "http://hl7.org/fhir/v3/ActCode",
          "code": "CSINV",
          "display": "clinical service invoice"
        },
        "service": {
          "system": "http://hl7.org/fhir/sid/cvx",
          "code": "10",
          "display": "IPV"
        },
        "net": {
          "value": 136.00,
          "system": "urn:iso:std:iso:4217",
          "code": "USD"
        }
      }, {
        "sequence": 5,
        "type": {
          "system": "http://hl7.org/fhir/v3/ActCode",
          "code": "CSINV",
          "display": "clinical service invoice"
        },
        "service": {
          "system": "http://hl7.org/fhir/sid/cvx",
          "code": "20",
          "display": "DTaP"
        },
        "net": {
          "value": 136.00,
          "system": "urn:iso:std:iso:4217",
          "code": "USD"
        }
      }, {
        "sequence": 6,
        "type": {
          "system": "http://hl7.org/fhir/v3/ActCode",
          "code": "CSINV",
          "display": "clinical service invoice"
        },
        "service": {
          "system": "http://hl7.org/fhir/sid/cvx",
          "code": "133",
          "display": "Pneumococcal conjugate PCV 13"
        },
        "net": {
          "value": 136.00,
          "system": "urn:iso:std:iso:4217",
          "code": "USD"
        }
      }, {
        "sequence": 7,
        "type": {
          "system": "http://hl7.org/fhir/v3/ActCode",
          "code": "CSINV",
          "display": "clinical service invoice"
        },
        "service": {
          "system": "http://snomed.info/sct",
          "code": "430193006",
          "display": "Medication reconciliation (procedure)"
        },
        "net": {
          "value": 215.70,
          "system": "urn:iso:std:iso:4217",
          "code": "USD"
        }
      } ]
    },
    "request": {
      "method": "POST",
      "url": "Claim"
    }
  } ]
}
