{
  "resourceType": "Bundle",
  "type": "transaction",
  "entry": [ {
    "fullUrl": "urn:uuid:2ad2463c-86d4-1c87-9974-aaf3c185d1c6",
    "resource": {
      "resourceType": "Patient",
      "id": "2ad2463c-86d4-1c87-9974-aaf3c185d1c6",
      "text": {
        "status": "generated",
        "div": "<div xmlns=\"http://www.w3.org/1999/xhtml\">Generated by <a href=\"https://github.com/synthetichealth/synthea\">Synthea</a>.Version identifier: 34bcc75\n .   Person seed: -125112185711114679  Population seed: 1714997341398</div>"
      },
      "extension": [ {
        "url": "http://hl7.org/fhir/StructureDefinition/us-core-race",
        "valueCodeableConcept": {
          "coding": [ {
            "system": "http://hl7.org/fhir/v3/Race",
            "code": "2106-3",
            "display": "White"
          } ],
          "text": "White"
        }
      }, {
        "url": "http://hl7.org/fhir/StructureDefinition/us-core-ethnicity",
        "valueCodeableConcept": {
          "coding": [ {
            "system": "http://hl7.org/fhir/v3/Ethnicity",
            "code": "2186-5",
            "display": "Not Hispanic or Latino"
          } ],
          "text": "Not Hispanic or Latino"
        }
      }, {
        "url": "http://hl7.org/fhir/StructureDefinition/patient-mothersMaidenName",
        "valueString": "Antoinette709 Dickens475"
      }, {
        "url": "http://hl7.org/fhir/us/core/StructureDefinition/us-core-birthsex",
        "valueCode": "M"
      }, {
        "url": "http://hl7.org/fhir/StructureDefinition/birthPlace",
        "valueAddress": {
          "city": "Revere",
          "state": "Massachusetts",
          "country": "US"
        }
      }, {
        "url": "http://synthetichealth.github.io/synthea/disability-adjusted-life-years",
        "valueDecimal": 0.0
      }, {
        "url": "http://synthetichealth.github.io/synthea/quality-adjusted-life-years",
        "valueDecimal": 0.0
      } ],
      "identifier": [ {
        "system": "https://github.com/synthetichealth/synthea",
        "value": "2ad2463c-86d4-1c87-9974-aaf3c185d1c6"
      }, {
        "type": {
          "coding": [ {
            "system": "http://hl7.org/fhir/v2/0203",
            "code": "MR"
          } ]
        },
        "system": "http://hospital.smarthealthit.org",
        "value": "2ad2463c-86d4-1c87-9974-aaf3c185d1c6"
      }, {
        "type": {
          "coding": [ {
            "system": "http://hl7.org/fhir/identifier-type",
            "code": "SB"
          } ]
        },
        "system": "http://hl7.org/fhir/sid/us-ssn",
        "value": "999-20-3811"
      } ],
      "name": [ {
        "use": "official",
        "family": [ "Krajcik437" ],
        "given": [ "Theodore876", "Wendell199" ]
      } ],
      "telecom": [ {
        "system": "phone",
        "value": "555-816-8547",
        "use": "home"
      } ],
      "gender": "male",
      "birthDate": "2024-02-20",
      "address": [ {
        "extension": [ {
          "url": "http://hl7.org/fhir/StructureDefinition/geolocation",
          "extension": [ {
            "url": "latitude",
            "valueDecimal": 41.641991832165424
          }, {
            "url": "longitude",
            "valueDecimal": -71.12078317932715
          } ]
        } ],
        "line": [ "213 Reilly View" ],
        "city": "Fall River",
        "state": "Massachusetts",
        "postalCode": "02721",
        "country": "US"
      } ],
      "maritalStatus": {
        "coding": [ {
          "system": "http://hl7.org/fhir/v3/MaritalStatus",
          "code": "S"
        } ]
      },
      "multipleBirthBoolean": false,
      "communication": [ {
        "language": {
          "coding": [ {
            "system": "urn:ietf:bcp:47",
            "code": "en-US",
            "display": "English (United States)"
          } ],
          "text": "English (United States)"
        }
      } ]
    },
    "request": {
      "method": "POST",
      "url": "Patient"
    }
  }, {
    "fullUrl": "urn:uuid:4f24e723-d1a8-7ff4-7b74-bc7f595c5dbf",
    "resource": {
      "resourceType": "Encounter",
      "id": "4f24e723-d1a8-7ff4-7b74-bc7f595c5dbf",
      "status": "finished",
      "class": "ambulatory",
      "type": [ {
        "coding": [ {
          "system": "http://snomed.info/sct",
          "code": "410620009",
          "display": "Well child visit (procedure)"
        } ],
        "text": "Well child visit (procedure)"
      } ],
      "patient": {
        "reference": "urn:uuid:2ad2463c-86d4-1c87-9974-aaf3c185d1c6"
      },
      "participant": [ {
        "individual": {
          "reference": "Practitioner?identifier=http://hl7.org/fhir/sid/us-npi|9999982090",
          "display": "Dr. Cody889 Ratke343"
        }
      } ],
      "period": {
        "start": "2024-02-20T16:28:56+00:00",
        "end": "2024-02-20T16:43:56+00:00"
      },
      "serviceProvider": {
        "reference": "Organization?identifier=https://github.com/synthetichealth/synthea|06376cbe-4880-384b-b459-7ce3eef36ced",
        "display": "HEALTHFIRST FAMILY CARE CENTER INC"
      }
    },
    "request": {
      "method": "POST",
      "url": "Encounter"
    }
  }, {
    "fullUrl": "urn:uuid:704f159e-f2bf-fc2a-1b54-4d3930a6a490",
    "resource": {
      "resourceType": "Condition",
      "id": "704f159e-f2bf-fc2a-1b54-4d3930a6a490",
      "patient": {
        "reference": "urn:uuid:2ad2463c-86d4-1c87-9974-aaf3c185d1c6"
      },
      "encounter": {
        "reference": "urn:uuid:4f24e723-d1a8-7ff4-7b74-bc7f595c5dbf"
      },
      "dateRecorded": "2024-02-20",
      "code": {
        "coding": [ {
          "system": "http://snomed.info/sct",
          "code": "314529007",
          "display": "Medication review due (situation)"
        } ],
        "text": "Medication review due (situation)"
      },
      "category": {
        "coding": [ {
          "system": "http://hl7.org/fhir/condition-category",
          "code": "diagnosis"
        } ]
      },
      "clinicalStatus": "resolved",
      "verificationStatus": "confirmed",
      "onsetDateTime": "2024-02-20T16:28:56+00:00",
      "abatementDateTime": "2024-02-20T16:28:56+00:00"
    },
    "request": {
      "method": "POST",
      "url": "Condition"
    }
  }, {
    "fullUrl": "urn:uuid:c8ab1efb-0d56-3b84-088e-0e5177fb2e01",
    "resource": {
      "resourceType": "Observation",
      "id": "c8ab1efb-0d56-3b84-088e-0e5177fb2e01",
      "status": "final",
      "category": {
        "coding": [ {
          "system": "http://hl7.org/fhir/observation-category",
          "code": "vital-signs",
          "display": "vital-signs"
        } ],
        "text": "vital-signs"
      },
      "code": {
        "coding": [ {
          "system": "http://loinc.org",
          "code": "8302-2",
          "display": "Body Height"
        } ],
        "text": "Body Height"
      },
      "subject": {
        "reference": "urn:uuid:2ad2463c-86d4-1c87-9974-aaf3c185d1c6"
      },
      "encounter": {
        "reference": "urn:uuid:4f24e723-d1a8-7ff4-7b74-bc7f595c5dbf"
      },
      "effectiveDateTime": "2024-02-20T16:28:56+00:00",
      "issued": "2024-02-20T16:28:56.700+00:00",
      "valueQuantity": {
        "value": 52.800,
        "unit": "cm",
        "system": "http://unitsofmeasure.org",
        "code": "cm"
      }
    },
    "request": {
      "method": "POST",
      "url": "Observation"
    }
  }, {
    "fullUrl": "urn:uuid:70c94578-1bb8-4989-c7e5-3ff5b79436c7",
    "resource": {
      "resourceType": "Observation",
      "id": "70c94578-1bb8-4989-c7e5-3ff5b79436c7",
      "status": "final",
      "category": {
        "coding": [ {
          "system": "http://hl7.org/fhir/observation-category",
          "code": "vital-signs",
          "display": "vital-signs"
        } ],
        "text": "vital-signs"
      },
      "code": {
        "coding": [ {
          "system": "http://loinc.org",
          "code": "72514-3",
          "display": "Pain severity - 0-10 verbal numeric rating [Score] - Reported"
        } ],
        "text": "Pain severity - 0-10 verbal numeric rating [Score] - Reported"
      },
      "subject": {
        "reference": "urn:uuid:2ad2463c-86d4-1c87-9974-aaf3c185d1c6"
      },
      "encounter": {
        "reference": "urn:uuid:4f24e723-d1a8-7ff4-7b74-bc7f595c5dbf"
      },
      "effectiveDateTime": "2024-02-20T16:28:56+00:00",
      "issued": "2024-02-20T16:28:56.700+00:00",
      "valueQuantity": {
        "value": 0,
        "unit": "{score}",
        "system": "http://unitsofmeasure.org",
        "code": "{score}"
      }
    },
    "request": {
      "method": "POST",
      "url": "Observation"
    }
  }, {
    "fullUrl": "urn:uuid:facc330d-ebdc-47c8-570a-21ddab983361",
    "resource": {
      "resourceType": "Observation",
      "id": "facc330d-ebdc-47c8-570a-21ddab983361",
      "status": "final",
      "category": {
        "coding": [ {
          "system": "http://hl7.org/fhir/observation-category",
          "code": "vital-signs",
          "display": "vital-signs"
        } ],
        "text": "vital-signs"
      },
      "code": {
        "coding": [ {
          "system": "http://loinc.org",
          "code": "29463-7",
          "display": "Body Weight"
        } ],
        "text": "Body Weight"
      },
      "subject": {
        "reference": "urn:uuid:2ad2463c-86d4-1c87-9974-aaf3c185d1c6"
      },
      "encounter": {
        "reference": "urn:uuid:4f24e723-d1a8-7ff4-7b74-bc7f595c5dbf"
      },
      "effectiveDateTime": "2024-02-20T16:28:56+00:00",
      "issued": "2024-02-20T16:28:56.700+00:00",
      "valueQuantity": {
        "value": 4.4000,
        "unit": "kg",
        "system": "http://unitsofmeasure.org",
        "code": "kg"
      }
    },
    "request": {
      "method": "POST",
      "url": "Observation"
    }
  }, {
    "fullUrl": "urn:uuid:dcd1f1ea-c693-f0a8-439e-ec707f8be930",
    "resource": {
      "resourceType": "Observation",
      "id": "dcd1f1ea-c693-f0a8-439e-ec707f8be930",
      "status": "final",
      "category": {
        "coding": [ {
          "system": "http://hl7.org/fhir/observation-category",
          "code": "vital-signs",
          "display": "vital-signs"
        } ],
        "text": "vital-signs"
      },
      "code": {
        "coding": [ {
          "system": "http://loinc.org",
          "code": "77606-2",
          "display": "Weight-for-length Per age and sex"
        } ],
        "text": "Weight-for-length Per age and sex"
      },
      "subject": {
        "reference": "urn:uuid:2ad2463c-86d4-1c87-9974-aaf3c185d1c6"
      },
      "encounter": {
        "reference": "urn:uuid:4f24e723-d1a8-7ff4-7b74-bc7f595c5dbf"
      },
      "effectiveDateTime": "2024-02-20T16:28:56+00:00",
      "issued": "2024-02-20T16:28:56.700+00:00",
      "valueQuantity": {
        "value": 66.442,
        "unit": "%",
        "system": "http://unitsofmeasure.org",
        "code": "%"
      }
    },
    "request": {
      "method": "POST",
      "url": "Observation"
    }
  }, {
    "fullUrl": "urn:uuid:f57bd9dc-928f-d81f-f29c-45719b7331ec",
    "resource": {
      "resourceType": "Observation",
      "id": "f57bd9dc-928f-d81f-f29c-45719b7331ec",
      "status": "final",
      "category": {
        "coding": [ {
          "system": "http://hl7.org/fhir/observation-category",
          "code": "vital-signs",
          "display": "vital-signs"
        } ],
        "text": "vital-signs"
      },
      "code": {
        "coding": [ {
          "system": "http://loinc.org",
          "code": "8289-1",
          "display": "Head Occipital-frontal circumference Percentile"
        } ],
        "text": "Head Occipital-frontal circumference Percentile"
      },
      "subject": {
        "reference": "urn:uuid:2ad2463c-86d4-1c87-9974-aaf3c185d1c6"
      },
      "encounter": {
        "reference": "urn:uuid:4f24e723-d1a8-7ff4-7b74-bc7f595c5dbf"
      },
      "effectiveDateTime": "2024-02-20T16:28:56+00:00",
      "issued": "2024-02-20T16:28:56.700+00:00",
      "valueQuantity": {
        "value": 53.630,
        "unit": "%",
        "system": "http://unitsofmeasure.org",
        "code": "%"
      }
    },
    "request": {
      "method": "POST",
      "url": "Observation"
    }
  }, {
    "fullUrl": "urn:uuid:d1992d13-ab01-09c7-2d4f-a1d4722744f4",
    "resource": {
      "resourceType": "Observation",
      "id": "d1992d13-ab01-09c7-2d4f-a1d4722744f4",
      "status": "final",
      "category": {
        "coding": [ {
          "system": "http://hl7.org/fhir/observation-category",
          "code": "vital-signs",
          "display": "vital-signs"
        } ],
        "text": "vital-signs"
      },
      "code": {
        "coding": [ {
          "system": "http://loinc.org",
          "code": "9843-4",
          "display": "Head Occipital-frontal circumference"
        } ],
        "text": "Head Occipital-frontal circumference"
      },
      "subject": {
        "reference": "urn:uuid:2ad2463c-86d4-1c87-9974-aaf3c185d1c6"
      },
      "encounter": {
        "reference": "urn:uuid:4f24e723-d1a8-7ff4-7b74-bc7f595c5dbf"
      },
      "effectiveDateTime": "2024-02-20T16:28:56+00:00",
      "issued": "2024-02-20T16:28:56.700+00:00",
      "valueQuantity": {
        "value": 35.980,
        "unit": "cm",
        "system": "http://unitsofmeasure.org",
        "code": "cm"
      }
    },
    "request": {
      "method": "POST",
      "url": "Observation"
    }
  }, {
    "fullUrl": "urn:uuid:07b413dd-339f-d86d-6c75-753f1b76cec1",
    "resource": {
      "resourceType": "Observation",
      "id": "07b413dd-339f-d86d-6c75-753f1b76cec1",
      "status": "final",
      "category": {
        "coding": [ {
          "system": "http://hl7.org/fhir/observation-category",
          "code": "vital-signs",
          "display": "vital-signs"
        } ],
        "text": "vital-signs"
      },
      "code": {
        "coding": [ {
          "system": "http://loinc.org",
          "code": "85354-9",
          "display": "Blood pressure panel with all children optional"
        } ],
        "text": "Blood pressure panel with all children optional"
      },
      "subject": {
        "reference": "urn:uuid:2ad2463c-86d4-1c87-9974-aaf3c185d1c6"
      },
      "encounter": {
        "reference": "urn:uuid:4f24e723-d1a8-7ff4-7b74-bc7f595c5dbf"
      },
      "effectiveDateTime": "2024-02-20T16:28:56+00:00",
      "issued": "2024-02-20T16:28:56.700+00:00",
      "component": [ {
        "code": {
          "coding": [ {
            "system": "http://loinc.org",
            "code": "8462-4",
            "display": "Diastolic Blood Pressure"
          } ],
          "text": "Diastolic Blood Pressure"
        },
        "valueQuantity": {
          "value": 71,
          "unit": "mm[Hg]",
          "system": "http://unitsofmeasure.org",
          "code": "mm[Hg]"
        }
      }, {
        "code": {
          "coding": [ {
            "system": "http://loinc.org",
            "code": "8480-6",
            "display": "Systolic Blood Pressure"
          } ],
          "text": "Systolic Blood Pressure"
        },
        "valueQuantity": {
          "value": 107,
          "unit": "mm[Hg]",
          "system": "http://unitsofmeasure.org",
          "code": "mm[Hg]"
        }
      } ]
    },
    "request": {
      "method": "POST",
      "url": "Observation"
    }
  }, {
    "fullUrl": "urn:uuid:01a567ff-26e9-4830-8655-0681dc0a47e8",
    "resource": {
      "resourceType": "Observation",
      "id": "01a567ff-26e9-4830-8655-0681dc0a47e8",
      "status": "final",
      "category": {
        "coding": [ {
          "system": "http://hl7.org/fhir/observation-category",
          "code": "vital-signs",
          "display": "vital-signs"
        } ],
        "text": "vital-signs"
      },
      "code": {
        "coding": [ {
          "system": "http://loinc.org",
          "code": "8867-4",
          "display": "Heart rate"
        } ],
        "text": "Heart rate"
      },
      "subject": {
        "reference": "urn:uuid:2ad2463c-86d4-1c87-9974-aaf3c185d1c6"
      },
      "encounter": {
        "reference": "urn:uuid:4f24e723-d1a8-7ff4-7b74-bc7f595c5dbf"
      },
      "effectiveDateTime": "2024-02-20T16:28:56+00:00",
      "issued": "2024-02-20T16:28:56.700+00:00",
      "valueQuantity": {
        "value": 61,
        "unit": "/min",
        "system": "http://unitsofmeasure.org",
        "code": "/min"
      }
    },
    "request": {
      "method": "POST",
      "url": "Observation"
    }
  }, {
    "fullUrl": "urn:uuid:70b29112-2df6-2b19-2065-c6a4cd81568b",
    "resource": {
      "resourceType": "Observation",
      "id": "70b29112-2df6-2b19-2065-c6a4cd81568b",
      "status": "final",
      "category": {
        "coding": [ {
          "system": "http://hl7.org/fhir/observation-category",
          "code": "vital-signs",
          "display": "vital-signs"
        } ],
        "text": "vital-signs"
      },
      "code": {
        "coding": [ {
          "system": "http://loinc.org",
          "code": "9279-1",
          "display": "Respiratory rate"
        } ],
        "text": "Respiratory rate"
      },
      "subject": {
        "reference": "urn:uuid:2ad2463c-86d4-1c87-9974-aaf3c185d1c6"
      },
      "encounter": {
        "reference": "urn:uuid:4f24e723-d1a8-7ff4-7b74-bc7f595c5dbf"
      },
      "effectiveDateTime": "2024-02-20T16:28:56+00:00",
      "issued": "2024-02-20T16:28:56.700+00:00",
      "valueQuantity": {
        "value": 14,
        "unit": "/min",
        "system": "http://unitsofmeasure.org",
        "code": "/min"
      }
    },
    "request": {
      "method": "POST",
      "url": "Observation"
    }
  }, {
    "fullUrl": "urn:uuid:20da61a6-d2a8-b582-95e6-8fa9bb6e881f",
    "resource": {
      "resourceType": "Observation",
      "id": "20da61a6-d2a8-b582-95e6-8fa9bb6e881f",
      "status": "final",
      "category": {
        "coding": [ {
          "system": "http://hl7.org/fhir/observation-category",
          "code": "laboratory",
          "display": "laboratory"
        } ],
        "text": "laboratory"
      },
      "code": {
        "coding": [ {
          "system": "http://loinc.org",
          "code": "6690-2",
          "display": "Leukocytes [#/volume] in Blood by Automated count"
        } ],
        "text": "Leukocytes [#/volume] in Blood by Automated count"
      },
      "subject": {
        "reference": "urn:uuid:2ad2463c-86d4-1c87-9974-aaf3c185d1c6"
      },
      "encounter": {
        "reference": "urn:uuid:4f24e723-d1a8-7ff4-7b74-bc7f595c5dbf"
      },
      "effectiveDateTime": "2024-02-20T16:28:56+00:00",
      "issued": "2024-02-20T16:28:56.700+00:00",
      "valueQuantity": {
        "value": 9.4082,
        "unit": "10*3/uL",
        "system": "http://unitsofmeasure.org",
        "code": "10*3/uL"
      }
    },
    "request": {
      "method": "POST",
      "url": "Observation"
    }
  }, {
    "fullUrl": "urn:uuid:ee42ff4f-ac88-0ce2-531c-f0946554ebe3",
    "resource": {
      "resourceType": "Observation",
      "id": "ee42ff4f-ac88-0ce2-531c-f0946554ebe3",
      "status": "final",
      "category": {
        "coding": [ {
          "system": "http://hl7.org/fhir/observation-category",
          "code": "laboratory",
          "display": "laboratory"
        } ],
        "text": "laboratory"
      },
      "code": {
        "coding": [ {
          "system": "http://loinc.org",
          "code": "789-8",
          "display": "Erythrocytes [#/volume] in Blood by Automated count"
        } ],
        "text": "Erythrocytes [#/volume] in Blood by Automated count"
      },
      "subject": {
        "reference": "urn:uuid:2ad2463c-86d4-1c87-9974-aaf3c185d1c6"
      },
      "encounter": {
        "reference": "urn:uuid:4f24e723-d1a8-7ff4-7b74-bc7f595c5dbf"
      },
      "effectiveDateTime": "2024-02-20T16:28:56+00:00",
      "issued": "2024-02-20T16:28:56.700+00:00",
      "valueQuantity": {
        "value": 4.3718,
        "unit": "10*6/uL",
        "system": "http://unitsofmeasure.org",
        "code": "10*6/uL"
      }
    },
    "request": {
      "method": "POST",
      "url": "Observation"
    }
  }, {
    "fullUrl": "urn:uuid:9588a30e-13bf-00ff-dad0-a54294d58f63",
    "resource": {
      "resourceType": "Observation",
      "id": "9588a30e-13bf-00ff-dad0-a54294d58f63",
      "status": "final",
      "category": {
        "coding": [ {
          "system": "http://hl7.org/fhir/observation-category",
          "code": "laboratory",
          "display": "laboratory"
        } ],
        "text": "laboratory"
      },
      "code": {
        "coding": [ {
          "system": "http://loinc.org",
          "code": "718-7",
          "display": "Hemoglobin [Mass/volume] in Blood"
        } ],
        "text": "Hemoglobin [Mass/volume] in Blood"
      },
      "subject": {
        "reference": "urn:uuid:2ad2463c-86d4-1c87-9974-aaf3c185d1c6"
      },
      "encounter": {
        "reference": "urn:uuid:4f24e723-d1a8-7ff4-7b74-bc7f595c5dbf"
      },
      "effectiveDateTime": "2024-02-20T16:28:56+00:00",
      "issued": "2024-02-20T16:28:56.700+00:00",
      "valueQuantity": {
        "value": 14.750,
        "unit": "g/dL",
        "system": "http://unitsofmeasure.org",
        "code": "g/dL"
      }
    },
    "request": {
      "method": "POST",
      "url": "Observation"
    }
  }, {
    "fullUrl": "urn:uuid:171334e3-f102-5b86-23d7-d67cdacb6f4d",
    "resource": {
      "resourceType": "Observation",
      "id": "171334e3-f102-5b86-23d7-d67cdacb6f4d",
      "status": "final",
      "category": {
        "coding": [ {
          "system": "http://hl7.org/fhir/observation-category",
          "code": "laboratory",
          "display": "laboratory"
        } ],
        "text": "laboratory"
      },
      "code": {
        "coding": [ {
          "system": "http://loinc.org",
          "code": "4544-3",
          "display": "Hematocrit [Volume Fraction] of Blood by Automated count"
        } ],
        "text": "Hematocrit [Volume Fraction] of Blood by Automated count"
      },
      "subject": {
        "reference": "urn:uuid:2ad2463c-86d4-1c87-9974-aaf3c185d1c6"
      },
      "encounter": {
        "reference": "urn:uuid:4f24e723-d1a8-7ff4-7b74-bc7f595c5dbf"
      },
      "effectiveDateTime": "2024-02-20T16:28:56+00:00",
      "issued": "2024-02-20T16:28:56.700+00:00",
      "valueQuantity": {
        "value": 46.967,
        "unit": "%",
        "system": "http://unitsofmeasure.org",
        "code": "%"
      }
    },
    "request": {
      "method": "POST",
      "url": "Observation"
    }
  }, {
    "fullUrl": "urn:uuid:afd8fb60-3d0b-b000-1260-335ef9ce827b",
    "resource": {
      "resourceType": "Observation",
      "id": "afd8fb60-3d0b-b000-1260-335ef9ce827b",
      "status": "final",
      "category": {
        "coding": [ {
          "system": "http://hl7.org/fhir/observation-category",
          "code": "laboratory",
          "display": "laboratory"
        } ],
        "text": "laboratory"
      },
      "code": {
        "coding": [ {
          "system": "http://loinc.org",
          "code": "787-2",
          "display": "MCV [Entitic volume] by Automated count"
        } ],
        "text": "MCV [Entitic volume] by Automated count"
      },
      "subject": {
        "reference": "urn:uuid:2ad2463c-86d4-1c87-9974-aaf3c185d1c6"
      },
      "encounter": {
        "reference": "urn:uuid:4f24e723-d1a8-7ff4-7b74-bc7f595c5dbf"
      },
      "effectiveDateTime": "2024-02-20T16:28:56+00:00",
      "issued": "2024-02-20T16:28:56.700+00:00",
      "valueQuantity": {
        "value": 94.004,
        "unit": "fL",
        "system": "http://unitsofmeasure.org",
        "code": "fL"
      }
    },
    "request": {
      "method": "POST",
      "url": "Observation"
    }
  }, {
    "fullUrl": "urn:uuid:19ab91fd-9e75-b304-1b14-3a548ddf4bb5",
    "resource": {
      "resourceType": "Observation",
      "id": "19ab91fd-9e75-b304-1b14-3a548ddf4bb5",
      "status": "final",
      "category": {
        "coding": [ {
          "system": "http://hl7.org/fhir/observation-category",
          "code": "laboratory",
          "display": "laboratory"
        } ],
        "text": "laboratory"
      },
      "code": {
        "coding": [ {
          "system": "http://loinc.org",
          "code": "785-6",
          "display": "MCH [Entitic mass] by Automated count"
        } ],
        "text": "MCH [Entitic mass] by Automated count"
      },
      "subject": {
        "reference": "urn:uuid:2ad2463c-86d4-1c87-9974-aaf3c185d1c6"
      },
      "encounter": {
        "reference": "urn:uuid:4f24e723-d1a8-7ff4-7b74-bc7f595c5dbf"
      },
      "effectiveDateTime": "2024-02-20T16:28:56+00:00",
      "issued": "2024-02-20T16:28:56.700+00:00",
      "valueQuantity": {
        "value": 29.724,
        "unit": "pg",
        "system": "http://unitsofmeasure.org",
        "code": "pg"
      }
    },
    "request": {
      "method": "POST",
      "url": "Observation"
    }
  }, {
    "fullUrl": "urn:uuid:dcb6d73a-24c5-a6f0-f7cb-5d29a747c453",
    "resource": {
      "resourceType": "Observation",
      "id": "dcb6d73a-24c5-a6f0-f7cb-5d29a747c453",
      "status": "final",
      "category": {
        "coding": [ {
          "system": "http://hl7.org/fhir/observation-category",
          "code": "laboratory",
          "display": "laboratory"
        } ],
        "text": "laboratory"
      },
      "code": {
        "coding": [ {
          "system": "http://loinc.org",
          "code": "786-4",
          "display": "MCHC [Mass/volume] by Automated count"
        } ],
        "text": "MCHC [Mass/volume] by Automated count"
      },
      "subject": {
        "reference": "urn:uuid:2ad2463c-86d4-1c87-9974-aaf3c185d1c6"
      },
      "encounter": {
        "reference": "urn:uuid:4f24e723-d1a8-7ff4-7b74-bc7f595c5dbf"
      },
      "effectiveDateTime": "2024-02-20T16:28:56+00:00",
      "issued": "2024-02-20T16:28:56.700+00:00",
      "valueQuantity": {
        "value": 34.981,
        "unit": "g/dL",
        "system": "http://unitsofmeasure.org",
        "code": "g/dL"
      }
    },
    "request": {
      "method": "POST",
      "url": "Observation"
    }
  }, {
    "fullUrl": "urn:uuid:270cbd38-3d92-b9cb-65bd-0fc9d90fa0fa",
    "resource": {
      "resourceType": "Observation",
      "id": "270cbd38-3d92-b9cb-65bd-0fc9d90fa0fa",
      "status": "final",
      "category": {
        "coding": [ {
          "system": "http://hl7.org/fhir/observation-category",
          "code": "laboratory",
          "display": "laboratory"
        } ],
        "text": "laboratory"
      },
      "code": {
        "coding": [ {
          "system": "http://loinc.org",
          "code": "21000-5",
          "display": "Erythrocyte distribution width [Entitic volume] by Automated count"
        } ],
        "text": "Erythrocyte distribution width [Entitic volume] by Automated count"
      },
      "subject": {
        "reference": "urn:uuid:2ad2463c-86d4-1c87-9974-aaf3c185d1c6"
      },
      "encounter": {
        "reference": "urn:uuid:4f24e723-d1a8-7ff4-7b74-bc7f595c5dbf"
      },
      "effectiveDateTime": "2024-02-20T16:28:56+00:00",
      "issued": "2024-02-20T16:28:56.700+00:00",
      "valueQuantity": {
        "value": 43.537,
        "unit": "fL",
        "system": "http://unitsofmeasure.org",
        "code": "fL"
      }
    },
    "request": {
      "method": "POST",
      "url": "Observation"
    }
  }, {
    "fullUrl": "urn:uuid:eb2c5035-6fa9-1322-f337-13c8336ba733",
    "resource": {
      "resourceType": "Observation",
      "id": "eb2c5035-6fa9-1322-f337-13c8336ba733",
      "status": "final",
      "category": {
        "coding": [ {
          "system": "http://hl7.org/fhir/observation-category",
          "code": "laboratory",
          "display": "laboratory"
        } ],
        "text": "laboratory"
      },
      "code": {
        "coding": [ {
          "system": "http://loinc.org",
          "code": "777-3",
          "display": "Platelets [#/volume] in Blood by Automated count"
        } ],
        "text": "Platelets [#/volume] in Blood by Automated count"
      },
      "subject": {
        "reference": "urn:uuid:2ad2463c-86d4-1c87-9974-aaf3c185d1c6"
      },
      "encounter": {
        "reference": "urn:uuid:4f24e723-d1a8-7ff4-7b74-bc7f595c5dbf"
      },
      "effectiveDateTime": "2024-02-20T16:28:56+00:00",
      "issued": "2024-02-20T16:28:56.700+00:00",
      "valueQuantity": {
        "value": 179.30,
        "unit": "10*3/uL",
        "system": "http://unitsofmeasure.org",
        "code": "10*3/uL"
      }
    },
    "request": {
      "method": "POST",
      "url": "Observation"
    }
  }, {
    "fullUrl": "urn:uuid:28946c4b-61ee-19f8-9057-82cda87dd58a",
    "resource": {
      "resourceType": "Observation",
      "id": "28946c4b-61ee-19f8-9057-82cda87dd58a",
      "status": "final",
      "category": {
        "coding": [ {
          "system": "http://hl7.org/fhir/observation-category",
          "code": "laboratory",
          "display": "laboratory"
        } ],
        "text": "laboratory"
      },
      "code": {
        "coding": [ {
          "system": "http://loinc.org",
          "code": "32207-3",
          "display": "Platelet distribution width [Entitic volume] in Blood by Automated count"
        } ],
        "text": "Platelet distribution width [Entitic volume] in Blood by Automated count"
      },
      "subject": {
        "reference": "urn:uuid:2ad2463c-86d4-1c87-9974-aaf3c185d1c6"
      },
      "encounter": {
        "reference": "urn:uuid:4f24e723-d1a8-7ff4-7b74-bc7f595c5dbf"
      },
      "effectiveDateTime": "2024-02-20T16:28:56+00:00",
      "issued": "2024-02-20T16:28:56.700+00:00",
      "valueQuantity": {
        "value": 298.97,
        "unit": "fL",
        "system": "http://unitsofmeasure.org",
        "code": "fL"
      }
    },
    "request": {
      "method": "POST",
      "url": "Observation"
    }
  }, {
    "fullUrl": "urn:uuid:63dd9031-1dc6-fa2b-79b3-c87b5cdbd177",
    "resource": {
      "resourceType": "Observation",
      "id": "63dd9031-1dc6-fa2b-79b3-c87b5cdbd177",
      "status": "final",
      "category": {
        "coding": [ {
          "system": "http://hl7.org/fhir/observation-category",
          "code": "laboratory",
          "display": "laboratory"
        } ],
        "text": "laboratory"
      },
      "code": {
        "coding": [ {
          "system": "http://loinc.org",
          "code": "32623-1",
          "display": "Platelet mean volume [Entitic volume] in Blood by Automated count"
        } ],
        "text": "Platelet mean volume [Entitic volume] in Blood by Automated count"
      },
      "subject": {
        "reference": "urn:uuid:2ad2463c-86d4-1c87-9974-aaf3c185d1c6"
      },
      "encounter": {
        "reference": "urn:uuid:4f24e723-d1a8-7ff4-7b74-bc7f595c5dbf"
      },
      "effectiveDateTime": "2024-02-20T16:28:56+00:00",
      "issued": "2024-02-20T16:28:56.700+00:00",
      "valueQuantity": {
        "value": 12.264,
        "unit": "fL",
        "system": "http://unitsofmeasure.org",
        "code": "fL"
      }
    },
    "request": {
      "method": "POST",
      "url": "Observation"
    }
  }, {
    "fullUrl": "urn:uuid:fe92f861-6705-353f-cbed-240e885572a3",
    "resource": {
      "resourceType": "Observation",
      "id": "fe92f861-6705-353f-cbed-240e885572a3",
      "status": "final",
      "category": {
        "coding": [ {
          "system": "http://hl7.org/fhir/observation-category",
          "code": "social-history",
          "display": "social-history"
        } ],
        "text": "social-history"
      },
      "code": {
        "coding": [ {
          "system": "http://loinc.org",
          "code": "72166-2",
          "display": "Tobacco smoking status"
        } ],
        "text": "Tobacco smoking status"
      },
      "subject": {
        "reference": "urn:uuid:2ad2463c-86d4-1c87-9974-aaf3c185d1c6"
      },
      "encounter": {
        "reference": "urn:uuid:4f24e723-d1a8-7ff4-7b74-bc7f595c5dbf"
      },
      "effectiveDateTime": "2024-02-20T16:28:56+00:00",
      "issued": "2024-02-20T16:28:56.700+00:00",
      "valueCodeableConcept": {
        "coding": [ {
          "system": "http://snomed.info/sct",
          "code": "266919005",
          "display": "Never smoked tobacco (finding)"
        } ],
        "text": "Never smoked tobacco (finding)"
      }
    },
    "request": {
      "method": "POST",
      "url": "Observation"
    }
  }, {
    "fullUrl": "urn:uuid:68b922b0-6071-68bb-1199-937dc91f40c9",
    "resource": {
      "resourceType": "Procedure",
      "id": "68b922b0-6071-68bb-1199-937dc91f40c9",
      "subject": {
        "reference": "urn:uuid:2ad2463c-86d4-1c87-9974-aaf3c185d1c6"
      },
      "status": "completed",
      "code": {
        "coding": [ {
          "system": "http://snomed.info/sct",
          "code": "430193006",
          "display": "Medication Reconciliation (procedure)"
        } ],
        "text": "Medication Reconciliation (procedure)"
      },
      "performedPeriod": {
        "start": "2024-02-20T16:28:56+00:00",
        "end": "2024-02-20T16:43:56+00:00"
      },
      "encounter": {
        "reference": "urn:uuid:4f24e723-d1a8-7ff4-7b74-bc7f595c5dbf"
      }
    },
    "request": {
      "method": "POST",
      "url": "Procedure"
    }
  }, {
    "fullUrl": "urn:uuid:f12f04de-3d25-b1f7-c7ad-c45065a5edce",
    "resource": {
      "resourceType": "Immunization",
      "id": "f12f04de-3d25-b1f7-c7ad-c45065a5edce",
      "status": "completed",
      "date": "2024-02-20T16:28:56+00:00",
      "vaccineCode": {
        "coding": [ {
          "system": "http://hl7.org/fhir/sid/cvx",
          "code": "08",
          "display": "Hep B, adolescent or pediatric"
        } ],
        "text": "Hep B, adolescent or pediatric"
      },
      "patient": {
        "reference": "urn:uuid:2ad2463c-86d4-1c87-9974-aaf3c185d1c6"
      },
      "wasNotGiven": false,
      "reported": false,
      "encounter": {
        "reference": "urn:uuid:4f24e723-d1a8-7ff4-7b74-bc7f595c5dbf"
      }
    },
    "request": {
      "method": "POST",
      "url": "Immunization"
    }
  }, {
    "fullUrl": "urn:uuid:5ee886a6-b5f0-5eb7-f973-8cf2aba3f5d2",
    "resource": {
      "resourceType": "DiagnosticReport",
      "id": "5ee886a6-b5f0-5eb7-f973-8cf2aba3f5d2",
      "status": "final",
      "category": {
        "coding": [ {
          "system": "http://hl7.org/fhir/ValueSet/diagnostic-service-sections",
          "code": "LAB"
        } ]
      },
      "code": {
        "coding": [ {
          "system": "http://loinc.org",
          "code": "58410-2",
          "display": "CBC panel - Blood by Automated count"
        } ],
        "text": "CBC panel - Blood by Automated count"
      },
      "subject": {
        "reference": "urn:uuid:2ad2463c-86d4-1c87-9974-aaf3c185d1c6"
      },
      "encounter": {
        "reference": "urn:uuid:4f24e723-d1a8-7ff4-7b74-bc7f595c5dbf"
      },
      "effectiveDateTime": "2024-02-20T16:28:56+00:00",
      "issued": "2024-02-20T16:28:56.700+00:00",
      "performer": {
        "reference": "Organization?identifier=https://github.com/synthetichealth/synthea|06376cbe-4880-384b-b459-7ce3eef36ced",
        "display": "HEALTHFIRST FAMILY CARE CENTER INC"
      },
      "result": [ {
        "reference": "urn:uuid:63dd9031-1dc6-fa2b-79b3-c87b5cdbd177",
        "display": "Platelet mean volume [Entitic volume] in Blood by Automated count"
      } ]
    },
    "request": {
      "method": "POST",
      "url": "DiagnosticReport"
    }
  }, {
    "fullUrl": "urn:uuid:deb1edb7-4322-0633-42b3-946f4c5cfa36",
    "resource": {
      "resourceType": "Claim",
      "id": "deb1edb7-4322-0633-42b3-946f4c5cfa36",
      "type": "institutional",
      "organization": {
        "reference": "Organization?identifier=https://github.com/synthetichealth/synthea|06376cbe-4880-384b-b459-7ce3eef36ced",
        "display": "HEALTHFIRST FAMILY CARE CENTER INC"
      },
      "use": "complete",
      "diagnosis": [ {
        "sequence": 1,
        "diagnosis": {
          "system": "http://snomed.info/sct",
          "code": "314529007",
          "display": "Medication review due (situation)"
        }
      } ],
      "patient": {
        "reference": "urn:uuid:2ad2463c-86d4-1c87-9974-aaf3c185d1c6"
      },
      "item": [ {
        "sequence": 1,
        "type": {
          "system": "http://hl7.org/fhir/v3/ActCode",
          "code": "CSINV",
          "display": "clinical service invoice"
        },
        "service": {
          "system": "http://snomed.info/sct",
          "code": "410620009",
          "display": "Well child visit (procedure)"
        }
      }, {
        "sequence": 2,
        "type": {
          "system": "http://hl7.org/fhir/v3/ActCode",
          "code": "CSINV",
          "display": "clinical service invoice"
        },
        "service": {
          "system": "http://hl7.org/fhir/sid/cvx",
          "code": "08",
          "display": "Hep B, adolescent or pediatric"
        },
        "net": {
          "value": 136.00,
          "system": "urn:iso:std:iso:4217",
          "code": "USD"
        }
      }, {
        "sequence": 4,
        "type": {
          "system": "http://hl7.org/fhir/v3/ActCode",
          "code": "CSINV",
          "display": "clinical service invoice"
        },
        "service": {
          "system": "http://snomed.info/sct",
          "code": "430193006",
          "display": "Medication Reconciliation (procedure)"
        },
        "net": {
          "value": 410.88,
          "system": "urn:iso:std:iso:4217",
          "code": "USD"
        }
      }, {
        "sequence": 5,
        "type": {
          "system": "http://hl7.org/fhir/v3/ActCode",
          "code": "CSINV",
          "display": "clinical service invoice"
        },
        "service": {
          "system": "http://loinc.org",
          "code": "58410-2",
          "display": "CBC panel - Blood by Automated count"
        },
        "net": {
          "value": 74.58,
          "system": "urn:iso:std:iso:4217",
          "code": "USD"
        }
      } ]
    },
    "request": {
      "method": "POST",
      "url": "Claim"
    }
  }, {
    "fullUrl": "urn:uuid:d9fb075b-46cf-384a-d95a-16f173b1460b",
    "resource": {
      "resourceType": "Encounter",
      "id": "d9fb075b-46cf-384a-d95a-16f173b1460b",
      "status": "finished",
      "class": "ambulatory",
      "type": [ {
        "coding": [ {
          "system": "http://snomed.info/sct",
          "code": "410620009",
          "display": "Well child visit (procedure)"
        } ],
        "text": "Well child visit (procedure)"
      } ],
      "patient": {
        "reference": "urn:uuid:2ad2463c-86d4-1c87-9974-aaf3c185d1c6"
      },
      "participant": [ {
        "individual": {
          "reference": "Practitioner?identifier=http://hl7.org/fhir/sid/us-npi|9999982090",
          "display": "Dr. Cody889 Ratke343"
        }
      } ],
      "period": {
        "start": "2024-03-26T16:28:56+00:00",
        "end": "2024-03-26T16:43:56+00:00"
      },
      "serviceProvider": {
        "reference": "Organization?identifier=https://github.com/synthetichealth/synthea|06376cbe-4880-384b-b459-7ce3eef36ced",
        "display": "HEALTHFIRST FAMILY CARE CENTER INC"
      }
    },
    "request": {
      "method": "POST",
      "url": "Encounter"
    }
  }, {
    "fullUrl": "urn:uuid:20a18e49-d9f4-c820-8677-d100c1dd57aa",
    "resource": {
      "resourceType": "Condition",
      "id": "20a18e49-d9f4-c820-8677-d100c1dd57aa",
      "patient": {
        "reference": "urn:uuid:2ad2463c-86d4-1c87-9974-aaf3c185d1c6"
      },
      "encounter": {
        "reference": "urn:uuid:d9fb075b-46cf-384a-d95a-16f173b1460b"
      },
      "dateRecorded": "2024-03-26",
      "code": {
        "coding": [ {
          "system": "http://snomed.info/sct",
          "code": "314529007",
          "display": "Medication review due (situation)"
        } ],
        "text": "Medication review due (situation)"
      },
      "category": {
        "coding": [ {
          "system": "http://hl7.org/fhir/condition-category",
          "code": "diagnosis"
        } ]
      },
      "clinicalStatus": "active",
      "verificationStatus": "confirmed",
      "onsetDateTime": "2024-03-26T16:28:56+00:00"
    },
    "request": {
      "method": "POST",
      "url": "Condition"
    }
  }, {
    "fullUrl": "urn:uuid:d749db1e-c1b4-cbb3-ae38-350d4aeb034e",
    "resource": {
      "resourceType": "Observation",
      "id": "d749db1e-c1b4-cbb3-ae38-350d4aeb034e",
      "status": "final",
      "category": {
        "coding": [ {
          "system": "http://hl7.org/fhir/observation-category",
          "code": "vital-signs",
          "display": "vital-signs"
        } ],
        "text": "vital-signs"
      },
      "code": {
        "coding": [ {
          "system": "http://loinc.org",
          "code": "8302-2",
          "display": "Body Height"
        } ],
        "text": "Body Height"
      },
      "subject": {
        "reference": "urn:uuid:2ad2463c-86d4-1c87-9974-aaf3c185d1c6"
      },
      "encounter": {
        "reference": "urn:uuid:d9fb075b-46cf-384a-d95a-16f173b1460b"
      },
      "effectiveDateTime": "2024-03-26T16:28:56+00:00",
      "issued": "2024-03-26T16:28:56.700+00:00",
      "valueQuantity": {
        "value": 56.700,
        "unit": "cm",
        "system": "http://unitsofmeasure.org",
        "code": "cm"
      }
    },
    "request": {
      "method": "POST",
      "url": "Observation"
    }
  }, {
    "fullUrl": "urn:uuid:7370e71f-a2e7-9b42-a6e7-0bed6566fed0",
    "resource": {
      "resourceType": "Observation",
      "id": "7370e71f-a2e7-9b42-a6e7-0bed6566fed0",
      "status": "final",
      "category": {
        "coding": [ {
          "system": "http://hl7.org/fhir/observation-category",
          "code": "vital-signs",
          "display": "vital-signs"
        } ],
        "text": "vital-signs"
      },
      "code": {
        "coding": [ {
          "system": "http://loinc.org",
          "code": "72514-3",
          "display": "Pain severity - 0-10 verbal numeric rating [Score] - Reported"
        } ],
        "text": "Pain severity - 0-10 verbal numeric rating [Score] - Reported"
      },
      "subject": {
        "reference": "urn:uuid:2ad2463c-86d4-1c87-9974-aaf3c185d1c6"
      },
      "encounter": {
        "reference": "urn:uuid:d9fb075b-46cf-384a-d95a-16f173b1460b"
      },
      "effectiveDateTime": "2024-03-26T16:28:56+00:00",
      "issued": "2024-03-26T16:28:56.700+00:00",
      "valueQuantity": {
        "value": 2,
        "unit": "{score}",
        "system": "http://unitsofmeasure.org",
        "code": "{score}"
      }
    },
    "request": {
      "method": "POST",
      "url": "Observation"
    }
  }, {
    "fullUrl": "urn:uuid:dd0f60c3-8af2-e3dc-afc9-2c0c7d49d17c",
    "resource": {
      "resourceType": "Observation",
      "id": "dd0f60c3-8af2-e3dc-afc9-2c0c7d49d17c",
      "status": "final",
      "category": {
        "coding": [ {
          "system": "http://hl7.org/fhir/observation-category",
          "code": "vital-signs",
          "display": "vital-signs"
        } ],
        "text": "vital-signs"
      },
      "code": {
        "coding": [ {
          "system": "http://loinc.org",
          "code": "29463-7",
          "display": "Body Weight"
        } ],
        "text": "Body Weight"
      },
      "subject": {
        "reference": "urn:uuid:2ad2463c-86d4-1c87-9974-aaf3c185d1c6"
      },
      "encounter": {
        "reference": "urn:uuid:d9fb075b-46cf-384a-d95a-16f173b1460b"
      },
      "effectiveDateTime": "2024-03-26T16:28:56+00:00",
      "issued": "2024-03-26T16:28:56.700+00:00",
      "valueQuantity": {
        "value": 5.3000,
        "unit": "kg",
        "system": "http://unitsofmeasure.org",
        "code": "kg"
      }
    },
    "request": {
      "method": "POST",
      "url": "Observation"
    }
  }, {
    "fullUrl": "urn:uuid:fd327ed3-b20e-8d8d-8d18-a599a872bb5a",
    "resource": {
      "resourceType": "Observation",
      "id": "fd327ed3-b20e-8d8d-8d18-a599a872bb5a",
      "status": "final",
      "category": {
        "coding": [ {
          "system": "http://hl7.org/fhir/observation-category",
          "code": "vital-signs",
          "display": "vital-signs"
        } ],
        "text": "vital-signs"
      },
      "code": {
        "coding": [ {
          "system": "http://loinc.org",
          "code": "77606-2",
          "display": "Weight-for-length Per age and sex"
        } ],
        "text": "Weight-for-length Per age and sex"
      },
      "subject": {
        "reference": "urn:uuid:2ad2463c-86d4-1c87-9974-aaf3c185d1c6"
      },
      "encounter": {
        "reference": "urn:uuid:d9fb075b-46cf-384a-d95a-16f173b1460b"
      },
      "effectiveDateTime": "2024-03-26T16:28:56+00:00",
      "issued": "2024-03-26T16:28:56.700+00:00",
      "valueQuantity": {
        "value": 55.165,
        "unit": "%",
        "system": "http://unitsofmeasure.org",
        "code": "%"
      }
    },
    "request": {
      "method": "POST",
      "url": "Observation"
    }
  }, {
    "fullUrl": "urn:uuid:34ea1c64-e860-c382-f1c8-b2ba7e16aaec",
    "resource": {
      "resourceType": "Observation",
      "id": "34ea1c64-e860-c382-f1c8-b2ba7e16aaec",
      "status": "final",
      "category": {
        "coding": [ {
          "system": "http://hl7.org/fhir/observation-category",
          "code": "vital-signs",
          "display": "vital-signs"
        } ],
        "text": "vital-signs"
      },
      "code": {
        "coding": [ {
          "system": "http://loinc.org",
          "code": "8289-1",
          "display": "Head Occipital-frontal circumference Percentile"
        } ],
        "text": "Head Occipital-frontal circumference Percentile"
      },
      "subject": {
        "reference": "urn:uuid:2ad2463c-86d4-1c87-9974-aaf3c185d1c6"
      },
      "encounter": {
        "reference": "urn:uuid:d9fb075b-46cf-384a-d95a-16f173b1460b"
      },
      "effectiveDateTime": "2024-03-26T16:28:56+00:00",
      "issued": "2024-03-26T16:28:56.700+00:00",
      "valueQuantity": {
        "value": 53.630,
        "unit": "%",
        "system": "http://unitsofmeasure.org",
        "code": "%"
      }
    },
    "request": {
      "method": "POST",
      "url": "Observation"
    }
  }, {
    "fullUrl": "urn:uuid:8e8df33c-26c9-f505-88b1-bbf260d1ad9d",
    "resource": {
      "resourceType": "Observation",
      "id": "8e8df33c-26c9-f505-88b1-bbf260d1ad9d",
      "status": "final",
      "category": {
        "coding": [ {
          "system": "http://hl7.org/fhir/observation-category",
          "code": "vital-signs",
          "display": "vital-signs"
        } ],
        "text": "vital-signs"
      },
      "code": {
        "coding": [ {
          "system": "http://loinc.org",
          "code": "9843-4",
          "display": "Head Occipital-frontal circumference"
        } ],
        "text": "Head Occipital-frontal circumference"
      },
      "subject": {
        "reference": "urn:uuid:2ad2463c-86d4-1c87-9974-aaf3c185d1c6"
      },
      "encounter": {
        "reference": "urn:uuid:d9fb075b-46cf-384a-d95a-16f173b1460b"
      },
      "effectiveDateTime": "2024-03-26T16:28:56+00:00",
      "issued": "2024-03-26T16:28:56.700+00:00",
      "valueQuantity": {
        "value": 39.350,
        "unit": "cm",
        "system": "http://unitsofmeasure.org",
        "code": "cm"
      }
    },
    "request": {
      "method": "POST",
      "url": "Observation"
    }
  }, {
    "fullUrl": "urn:uuid:9bdf81ed-32ac-29c4-369b-ef2961619f8d",
    "resource": {
      "resourceType": "Observation",
      "id": "9bdf81ed-32ac-29c4-369b-ef2961619f8d",
      "status": "final",
      "category": {
        "coding": [ {
          "system": "http://hl7.org/fhir/observation-category",
          "code": "vital-signs",
          "display": "vital-signs"
        } ],
        "text": "vital-signs"
      },
      "code": {
        "coding": [ {
          "system": "http://loinc.org",
          "code": "85354-9",
          "display": "Blood pressure panel with all children optional"
        } ],
        "text": "Blood pressure panel with all children optional"
      },
      "subject": {
        "reference": "urn:uuid:2ad2463c-86d4-1c87-9974-aaf3c185d1c6"
      },
      "encounter": {
        "reference": "urn:uuid:d9fb075b-46cf-384a-d95a-16f173b1460b"
      },
      "effectiveDateTime": "2024-03-26T16:28:56+00:00",
      "issued": "2024-03-26T16:28:56.700+00:00",
      "component": [ {
        "code": {
          "coding": [ {
            "system": "http://loinc.org",
            "code": "8462-4",
            "display": "Diastolic Blood Pressure"
          } ],
          "text": "Diastolic Blood Pressure"
        },
        "valueQuantity": {
          "value": 73,
          "unit": "mm[Hg]",
          "system": "http://unitsofmeasure.org",
          "code": "mm[Hg]"
        }
      }, {
        "code": {
          "coding": [ {
            "system": "http://loinc.org",
            "code": "8480-6",
            "display": "Systolic Blood Pressure"
          } ],
          "text": "Systolic Blood Pressure"
        },
        "valueQuantity": {
          "value": 100,
          "unit": "mm[Hg]",
          "system": "http://unitsofmeasure.org",
          "code": "mm[Hg]"
        }
      } ]
    },
    "request": {
      "method": "POST",
      "url": "Observation"
    }
  }, {
    "fullUrl": "urn:uuid:07d07b24-a733-6b71-ffd5-acc017e3439c",
    "resource": {
      "resourceType": "Observation",
      "id": "07d07b24-a733-6b71-ffd5-acc017e3439c",
      "status": "final",
      "category": {
        "coding": [ {
          "system": "http://hl7.org/fhir/observation-category",
          "code": "vital-signs",
          "display": "vital-signs"
        } ],
        "text": "vital-signs"
      },
      "code": {
        "coding": [ {
          "system": "http://loinc.org",
          "code": "8867-4",
          "display": "Heart rate"
        } ],
        "text": "Heart rate"
      },
      "subject": {
        "reference": "urn:uuid:2ad2463c-86d4-1c87-9974-aaf3c185d1c6"
      },
      "encounter": {
        "reference": "urn:uuid:d9fb075b-46cf-384a-d95a-16f173b1460b"
      },
      "effectiveDateTime": "2024-03-26T16:28:56+00:00",
      "issued": "2024-03-26T16:28:56.700+00:00",
      "valueQuantity": {
        "value": 86,
        "unit": "/min",
        "system": "http://unitsofmeasure.org",
        "code": "/min"
      }
    },
    "request": {
      "method": "POST",
      "url": "Observation"
    }
  }, {
    "fullUrl": "urn:uuid:eca2e3cc-0736-29d8-fc92-8660790153c3",
    "resource": {
      "resourceType": "Observation",
      "id": "eca2e3cc-0736-29d8-fc92-8660790153c3",
      "status": "final",
      "category": {
        "coding": [ {
          "system": "http://hl7.org/fhir/observation-category",
          "code": "vital-signs",
          "display": "vital-signs"
        } ],
        "text": "vital-signs"
      },
      "code": {
        "coding": [ {
          "system": "http://loinc.org",
          "code": "9279-1",
          "display": "Respiratory rate"
        } ],
        "text": "Respiratory rate"
      },
      "subject": {
        "reference": "urn:uuid:2ad2463c-86d4-1c87-9974-aaf3c185d1c6"
      },
      "encounter": {
        "reference": "urn:uuid:d9fb075b-46cf-384a-d95a-16f173b1460b"
      },
      "effectiveDateTime": "2024-03-26T16:28:56+00:00",
      "issued": "2024-03-26T16:28:56.700+00:00",
      "valueQuantity": {
        "value": 14,
        "unit": "/min",
        "system": "http://unitsofmeasure.org",
        "code": "/min"
      }
    },
    "request": {
      "method": "POST",
      "url": "Observation"
    }
  }, {
    "fullUrl": "urn:uuid:c7969a4f-66bc-cd59-97de-b35455bcbe83",
    "resource": {
      "resourceType": "Observation",
      "id": "c7969a4f-66bc-cd59-97de-b35455bcbe83",
      "status": "final",
      "category": {
        "coding": [ {
          "system": "http://hl7.org/fhir/observation-category",
          "code": "social-history",
          "display": "social-history"
        } ],
        "text": "social-history"
      },
      "code": {
        "coding": [ {
          "system": "http://loinc.org",
          "code": "72166-2",
          "display": "Tobacco smoking status"
        } ],
        "text": "Tobacco smoking status"
      },
      "subject": {
        "reference": "urn:uuid:2ad2463c-86d4-1c87-9974-aaf3c185d1c6"
      },
      "encounter": {
        "reference": "urn:uuid:d9fb075b-46cf-384a-d95a-16f173b1460b"
      },
      "effectiveDateTime": "2024-03-26T16:28:56+00:00",
      "issued": "2024-03-26T16:28:56.700+00:00",
      "valueCodeableConcept": {
        "coding": [ {
          "system": "http://snomed.info/sct",
          "code": "266919005",
          "display": "Never smoked tobacco (finding)"
        } ],
        "text": "Never smoked tobacco (finding)"
      }
    },
    "request": {
      "method": "POST",
      "url": "Observation"
    }
  }, {
    "fullUrl": "urn:uuid:0afb52f9-d7dd-2ee8-81d4-d93b61bc2873",
    "resource": {
      "resourceType": "Immunization",
      "id": "0afb52f9-d7dd-2ee8-81d4-d93b61bc2873",
      "status": "completed",
      "date": "2024-03-26T16:28:56+00:00",
      "vaccineCode": {
        "coding": [ {
          "system": "http://hl7.org/fhir/sid/cvx",
          "code": "08",
          "display": "Hep B, adolescent or pediatric"
        } ],
        "text": "Hep B, adolescent or pediatric"
      },
      "patient": {
        "reference": "urn:uuid:2ad2463c-86d4-1c87-9974-aaf3c185d1c6"
      },
      "wasNotGiven": false,
      "reported": false,
      "encounter": {
        "reference": "urn:uuid:d9fb075b-46cf-384a-d95a-16f173b1460b"
      }
    },
    "request": {
      "method": "POST",
      "url": "Immunization"
    }
  }, {
    "fullUrl": "urn:uuid:de7bf75b-5871-908b-d218-e1de207b6672",
    "resource": {
      "resourceType": "Claim",
      "id": "de7bf75b-5871-908b-d218-e1de207b6672",
      "type": "institutional",
      "organization": {
        "reference": "Organization?identifier=https://github.com/synthetichealth/synthea|06376cbe-4880-384b-b459-7ce3eef36ced",
        "display": "HEALTHFIRST FAMILY CARE CENTER INC"
      },
      "use": "complete",
      "diagnosis": [ {
        "sequence": 1,
        "diagnosis": {
          "system": "http://snomed.info/sct",
          "code": "314529007",
          "display": "Medication review due (situation)"
        }
      } ],
      "patient": {
        "reference": "urn:uuid:2ad2463c-86d4-1c87-9974-aaf3c185d1c6"
      },
      "item": [ {
        "sequence": 1,
        "type": {
          "system": "http://hl7.org/fhir/v3/ActCode",
          "code": "CSINV",
          "display": "clinical service invoice"
        },
        "service": {
          "system": "http://snomed.info/sct",
          "code": "410620009",
          "display": "Well child visit (procedure)"
        }
      }, {
        "sequence": 2,
        "type": {
          "system": "http://hl7.org/fhir/v3/ActCode",
          "code": "CSINV",
          "display": "clinical service invoice"
        },
        "service": {
          "system": "http://hl7.org/fhir/sid/cvx",
          "code": "08",
          "display": "Hep B, adolescent or pediatric"
        },
        "net": {
          "value": 136.00,
          "system": "urn:iso:std:iso:4217",
          "code": "USD"
        }
      } ]
    },
    "request": {
      "method": "POST",
      "url": "Claim"
    }
  } ]
}
