{
  "resourceType": "Bundle",
  "type": "transaction",
  "entry": [ {
    "fullUrl": "urn:uuid:e7e6b18a-e501-02f5-4427-789095d5d518",
    "resource": {
      "resourceType": "Patient",
      "id": "e7e6b18a-e501-02f5-4427-789095d5d518",
      "text": {
        "status": "generated",
        "div": "<div xmlns=\"http://www.w3.org/1999/xhtml\">Generated by <a href=\"https://github.com/synthetichealth/synthea\">Synthea</a>.Version identifier: cdecaed\n .   Person seed: -1246708693511736385  Population seed: 1750357958090</div>"
      },
      "extension": [ {
        "url": "http://hl7.org/fhir/StructureDefinition/us-core-race",
        "valueCodeableConcept": {
          "coding": [ {
            "system": "http://hl7.org/fhir/v3/Race",
            "code": "2106-3",
            "display": "White"
          } ],
          "text": "White"
        }
      }, {
        "url": "http://hl7.org/fhir/StructureDefinition/us-core-ethnicity",
        "valueCodeableConcept": {
          "coding": [ {
            "system": "http://hl7.org/fhir/v3/Ethnicity",
            "code": "2186-5",
            "display": "Not Hispanic or Latino"
          } ],
          "text": "Not Hispanic or Latino"
        }
      }, {
        "url": "http://hl7.org/fhir/StructureDefinition/patient-mothersMaidenName",
        "valueString": "Candice681 Jaskolski867"
      }, {
        "url": "http://hl7.org/fhir/us/core/StructureDefinition/us-core-birthsex",
        "valueCode": "F"
      }, {
        "url": "http://hl7.org/fhir/StructureDefinition/birthPlace",
        "valueAddress": {
          "city": "Pepperell",
          "state": "Massachusetts",
          "country": "US"
        }
      }, {
        "url": "http://synthetichealth.github.io/synthea/disability-adjusted-life-years",
        "valueDecimal": 0.0
      }, {
        "url": "http://synthetichealth.github.io/synthea/quality-adjusted-life-years",
        "valueDecimal": 0.0
      } ],
      "identifier": [ {
        "system": "https://github.com/synthetichealth/synthea",
        "value": "e7e6b18a-e501-02f5-4427-789095d5d518"
      }, {
        "type": {
          "coding": [ {
            "system": "http://hl7.org/fhir/v2/0203",
            "code": "MR"
          } ]
        },
        "system": "http://hospital.smarthealthit.org",
        "value": "e7e6b18a-e501-02f5-4427-789095d5d518"
      }, {
        "type": {
          "coding": [ {
            "system": "http://hl7.org/fhir/identifier-type",
            "code": "SB"
          } ]
        },
        "system": "http://hl7.org/fhir/sid/us-ssn",
        "value": "999-27-5008"
      } ],
      "name": [ {
        "use": "official",
        "family": [ "Feil794" ],
        "given": [ "Toccara373" ]
      } ],
      "telecom": [ {
        "system": "phone",
        "value": "555-583-6877",
        "use": "home"
      } ],
      "gender": "female",
      "birthDate": "2025-06-18",
      "address": [ {
        "extension": [ {
          "url": "http://hl7.org/fhir/StructureDefinition/geolocation",
          "extension": [ {
            "url": "latitude",
            "valueDecimal": 42.18192987332224
          }, {
            "url": "longitude",
            "valueDecimal": -72.40251833642125
          } ]
        } ],
        "line": [ "1036 White Promenade Unit 81" ],
        "city": "Wilbraham",
        "state": "Massachusetts",
        "postalCode": "01095",
        "country": "US"
      } ],
      "maritalStatus": {
        "coding": [ {
          "system": "http://hl7.org/fhir/v3/MaritalStatus",
          "code": "S"
        } ]
      },
      "multipleBirthBoolean": false,
      "communication": [ {
        "language": {
          "coding": [ {
            "system": "urn:ietf:bcp:47",
            "code": "en-US",
            "display": "English (United States)"
          } ],
          "text": "English (United States)"
        }
      } ]
    },
    "request": {
      "method": "POST",
      "url": "Patient"
    }
  }, {
    "fullUrl": "urn:uuid:b14b9c08-3296-5ba0-a8f5-ac5359def178",
    "resource": {
      "resourceType": "Encounter",
      "id": "b14b9c08-3296-5ba0-a8f5-ac5359def178",
      "status": "finished",
      "class": "ambulatory",
      "type": [ {
        "coding": [ {
          "system": "http://snomed.info/sct",
          "code": "410620009",
          "display": "Well child visit (procedure)"
        } ],
        "text": "Well child visit (procedure)"
      } ],
      "patient": {
        "reference": "urn:uuid:e7e6b18a-e501-02f5-4427-789095d5d518"
      },
      "participant": [ {
        "individual": {
          "reference": "Practitioner?identifier=http://hl7.org/fhir/sid/us-npi|9999942896",
          "display": "Dr. Arla414 Fritsch593"
        }
      } ],
      "period": {
        "start": "2025-06-18T14:33:16+00:00",
        "end": "2025-06-18T14:48:16+00:00"
      },
      "serviceProvider": {
        "reference": "Organization?identifier=https://github.com/synthetichealth/synthea|aad05540-c9cb-3805-b3c4-f9b9d9b42b2e",
        "display": "RIVER'S EDGE PRIMARY CARE LLC"
      }
    },
    "request": {
      "method": "POST",
      "url": "Encounter"
    }
  }, {
    "fullUrl": "urn:uuid:f2f6b537-b457-b5f9-4433-4bce3d11b928",
    "resource": {
      "resourceType": "Condition",
      "id": "f2f6b537-b457-b5f9-4433-4bce3d11b928",
      "patient": {
        "reference": "urn:uuid:e7e6b18a-e501-02f5-4427-789095d5d518"
      },
      "encounter": {
        "reference": "urn:uuid:b14b9c08-3296-5ba0-a8f5-ac5359def178"
      },
      "dateRecorded": "2025-06-18",
      "code": {
        "coding": [ {
          "system": "http://snomed.info/sct",
          "code": "314529007",
          "display": "Medication review due (situation)"
        } ],
        "text": "Medication review due (situation)"
      },
      "category": {
        "coding": [ {
          "system": "http://hl7.org/fhir/condition-category",
          "code": "diagnosis"
        } ]
      },
      "clinicalStatus": "active",
      "verificationStatus": "confirmed",
      "onsetDateTime": "2025-06-18T14:33:16+00:00"
    },
    "request": {
      "method": "POST",
      "url": "Condition"
    }
  }, {
    "fullUrl": "urn:uuid:0734dd22-92bc-796c-cfd0-7b5929c2d151",
    "resource": {
      "resourceType": "Observation",
      "id": "0734dd22-92bc-796c-cfd0-7b5929c2d151",
      "status": "final",
      "category": {
        "coding": [ {
          "system": "http://hl7.org/fhir/observation-category",
          "code": "vital-signs",
          "display": "vital-signs"
        } ],
        "text": "vital-signs"
      },
      "code": {
        "coding": [ {
          "system": "http://loinc.org",
          "code": "8302-2",
          "display": "Body Height"
        } ],
        "text": "Body Height"
      },
      "subject": {
        "reference": "urn:uuid:e7e6b18a-e501-02f5-4427-789095d5d518"
      },
      "encounter": {
        "reference": "urn:uuid:b14b9c08-3296-5ba0-a8f5-ac5359def178"
      },
      "effectiveDateTime": "2025-06-18T14:33:16+00:00",
      "issued": "2025-06-18T14:33:16.902+00:00",
      "valueQuantity": {
        "value": 50,
        "unit": "cm",
        "system": "http://unitsofmeasure.org",
        "code": "cm"
      }
    },
    "request": {
      "method": "POST",
      "url": "Observation"
    }
  }, {
    "fullUrl": "urn:uuid:d6790d42-e6d1-48d2-43a8-01bc20628467",
    "resource": {
      "resourceType": "Observation",
      "id": "d6790d42-e6d1-48d2-43a8-01bc20628467",
      "status": "final",
      "category": {
        "coding": [ {
          "system": "http://hl7.org/fhir/observation-category",
          "code": "vital-signs",
          "display": "vital-signs"
        } ],
        "text": "vital-signs"
      },
      "code": {
        "coding": [ {
          "system": "http://loinc.org",
          "code": "72514-3",
          "display": "Pain severity - 0-10 verbal numeric rating [Score] - Reported"
        } ],
        "text": "Pain severity - 0-10 verbal numeric rating [Score] - Reported"
      },
      "subject": {
        "reference": "urn:uuid:e7e6b18a-e501-02f5-4427-789095d5d518"
      },
      "encounter": {
        "reference": "urn:uuid:b14b9c08-3296-5ba0-a8f5-ac5359def178"
      },
      "effectiveDateTime": "2025-06-18T14:33:16+00:00",
      "issued": "2025-06-18T14:33:16.902+00:00",
      "valueQuantity": {
        "value": 3,
        "unit": "{score}",
        "system": "http://unitsofmeasure.org",
        "code": "{score}"
      }
    },
    "request": {
      "method": "POST",
      "url": "Observation"
    }
  }, {
    "fullUrl": "urn:uuid:9e252e1a-490b-9b56-183e-3bdfa72131b6",
    "resource": {
      "resourceType": "Observation",
      "id": "9e252e1a-490b-9b56-183e-3bdfa72131b6",
      "status": "final",
      "category": {
        "coding": [ {
          "system": "http://hl7.org/fhir/observation-category",
          "code": "vital-signs",
          "display": "vital-signs"
        } ],
        "text": "vital-signs"
      },
      "code": {
        "coding": [ {
          "system": "http://loinc.org",
          "code": "29463-7",
          "display": "Body Weight"
        } ],
        "text": "Body Weight"
      },
      "subject": {
        "reference": "urn:uuid:e7e6b18a-e501-02f5-4427-789095d5d518"
      },
      "encounter": {
        "reference": "urn:uuid:b14b9c08-3296-5ba0-a8f5-ac5359def178"
      },
      "effectiveDateTime": "2025-06-18T14:33:16+00:00",
      "issued": "2025-06-18T14:33:16.902+00:00",
      "valueQuantity": {
        "value": 3,
        "unit": "kg",
        "system": "http://unitsofmeasure.org",
        "code": "kg"
      }
    },
    "request": {
      "method": "POST",
      "url": "Observation"
    }
  }, {
    "fullUrl": "urn:uuid:90be9572-4cab-5350-019d-e54157ee24b8",
    "resource": {
      "resourceType": "Observation",
      "id": "90be9572-4cab-5350-019d-e54157ee24b8",
      "status": "final",
      "category": {
        "coding": [ {
          "system": "http://hl7.org/fhir/observation-category",
          "code": "vital-signs",
          "display": "vital-signs"
        } ],
        "text": "vital-signs"
      },
      "code": {
        "coding": [ {
          "system": "http://loinc.org",
          "code": "77606-2",
          "display": "Weight-for-length Per age and sex"
        } ],
        "text": "Weight-for-length Per age and sex"
      },
      "subject": {
        "reference": "urn:uuid:e7e6b18a-e501-02f5-4427-789095d5d518"
      },
      "encounter": {
        "reference": "urn:uuid:b14b9c08-3296-5ba0-a8f5-ac5359def178"
      },
      "effectiveDateTime": "2025-06-18T14:33:16+00:00",
      "issued": "2025-06-18T14:33:16.902+00:00",
      "valueQuantity": {
        "value": 7.7547,
        "unit": "%",
        "system": "http://unitsofmeasure.org",
        "code": "%"
      }
    },
    "request": {
      "method": "POST",
      "url": "Observation"
    }
  }, {
    "fullUrl": "urn:uuid:a7d6369c-c7c1-7244-a7ab-81e9c9cbb6f3",
    "resource": {
      "resourceType": "Observation",
      "id": "a7d6369c-c7c1-7244-a7ab-81e9c9cbb6f3",
      "status": "final",
      "category": {
        "coding": [ {
          "system": "http://hl7.org/fhir/observation-category",
          "code": "vital-signs",
          "display": "vital-signs"
        } ],
        "text": "vital-signs"
      },
      "code": {
        "coding": [ {
          "system": "http://loinc.org",
          "code": "8289-1",
          "display": "Head Occipital-frontal circumference Percentile"
        } ],
        "text": "Head Occipital-frontal circumference Percentile"
      },
      "subject": {
        "reference": "urn:uuid:e7e6b18a-e501-02f5-4427-789095d5d518"
      },
      "encounter": {
        "reference": "urn:uuid:b14b9c08-3296-5ba0-a8f5-ac5359def178"
      },
      "effectiveDateTime": "2025-06-18T14:33:16+00:00",
      "issued": "2025-06-18T14:33:16.902+00:00",
      "valueQuantity": {
        "value": 25.440,
        "unit": "%",
        "system": "http://unitsofmeasure.org",
        "code": "%"
      }
    },
    "request": {
      "method": "POST",
      "url": "Observation"
    }
  }, {
    "fullUrl": "urn:uuid:738a373f-9e19-65d0-f5a4-65be13838a5c",
    "resource": {
      "resourceType": "Observation",
      "id": "738a373f-9e19-65d0-f5a4-65be13838a5c",
      "status": "final",
      "category": {
        "coding": [ {
          "system": "http://hl7.org/fhir/observation-category",
          "code": "vital-signs",
          "display": "vital-signs"
        } ],
        "text": "vital-signs"
      },
      "code": {
        "coding": [ {
          "system": "http://loinc.org",
          "code": "9843-4",
          "display": "Head Occipital-frontal circumference"
        } ],
        "text": "Head Occipital-frontal circumference"
      },
      "subject": {
        "reference": "urn:uuid:e7e6b18a-e501-02f5-4427-789095d5d518"
      },
      "encounter": {
        "reference": "urn:uuid:b14b9c08-3296-5ba0-a8f5-ac5359def178"
      },
      "effectiveDateTime": "2025-06-18T14:33:16+00:00",
      "issued": "2025-06-18T14:33:16.902+00:00",
      "valueQuantity": {
        "value": 33.670,
        "unit": "cm",
        "system": "http://unitsofmeasure.org",
        "code": "cm"
      }
    },
    "request": {
      "method": "POST",
      "url": "Observation"
    }
  }, {
    "fullUrl": "urn:uuid:fe984e3d-1a3b-a9f6-0a90-5c0f497ed888",
    "resource": {
      "resourceType": "Observation",
      "id": "fe984e3d-1a3b-a9f6-0a90-5c0f497ed888",
      "status": "final",
      "category": {
        "coding": [ {
          "system": "http://hl7.org/fhir/observation-category",
          "code": "vital-signs",
          "display": "vital-signs"
        } ],
        "text": "vital-signs"
      },
      "code": {
        "coding": [ {
          "system": "http://loinc.org",
          "code": "85354-9",
          "display": "Blood pressure panel with all children optional"
        } ],
        "text": "Blood pressure panel with all children optional"
      },
      "subject": {
        "reference": "urn:uuid:e7e6b18a-e501-02f5-4427-789095d5d518"
      },
      "encounter": {
        "reference": "urn:uuid:b14b9c08-3296-5ba0-a8f5-ac5359def178"
      },
      "effectiveDateTime": "2025-06-18T14:33:16+00:00",
      "issued": "2025-06-18T14:33:16.902+00:00",
      "component": [ {
        "code": {
          "coding": [ {
            "system": "http://loinc.org",
            "code": "8462-4",
            "display": "Diastolic Blood Pressure"
          } ],
          "text": "Diastolic Blood Pressure"
        },
        "valueQuantity": {
          "value": 73,
          "unit": "mm[Hg]",
          "system": "http://unitsofmeasure.org",
          "code": "mm[Hg]"
        }
      }, {
        "code": {
          "coding": [ {
            "system": "http://loinc.org",
            "code": "8480-6",
            "display": "Systolic Blood Pressure"
          } ],
          "text": "Systolic Blood Pressure"
        },
        "valueQuantity": {
          "value": 133,
          "unit": "mm[Hg]",
          "system": "http://unitsofmeasure.org",
          "code": "mm[Hg]"
        }
      } ]
    },
    "request": {
      "method": "POST",
      "url": "Observation"
    }
  }, {
    "fullUrl": "urn:uuid:678da554-63fd-6c35-e0b1-46b7741b3685",
    "resource": {
      "resourceType": "Observation",
      "id": "678da554-63fd-6c35-e0b1-46b7741b3685",
      "status": "final",
      "category": {
        "coding": [ {
          "system": "http://hl7.org/fhir/observation-category",
          "code": "vital-signs",
          "display": "vital-signs"
        } ],
        "text": "vital-signs"
      },
      "code": {
        "coding": [ {
          "system": "http://loinc.org",
          "code": "8867-4",
          "display": "Heart rate"
        } ],
        "text": "Heart rate"
      },
      "subject": {
        "reference": "urn:uuid:e7e6b18a-e501-02f5-4427-789095d5d518"
      },
      "encounter": {
        "reference": "urn:uuid:b14b9c08-3296-5ba0-a8f5-ac5359def178"
      },
      "effectiveDateTime": "2025-06-18T14:33:16+00:00",
      "issued": "2025-06-18T14:33:16.902+00:00",
      "valueQuantity": {
        "value": 92,
        "unit": "/min",
        "system": "http://unitsofmeasure.org",
        "code": "/min"
      }
    },
    "request": {
      "method": "POST",
      "url": "Observation"
    }
  }, {
    "fullUrl": "urn:uuid:0b25aaca-d5d7-ed91-646e-bca96ee16712",
    "resource": {
      "resourceType": "Observation",
      "id": "0b25aaca-d5d7-ed91-646e-bca96ee16712",
      "status": "final",
      "category": {
        "coding": [ {
          "system": "http://hl7.org/fhir/observation-category",
          "code": "vital-signs",
          "display": "vital-signs"
        } ],
        "text": "vital-signs"
      },
      "code": {
        "coding": [ {
          "system": "http://loinc.org",
          "code": "9279-1",
          "display": "Respiratory rate"
        } ],
        "text": "Respiratory rate"
      },
      "subject": {
        "reference": "urn:uuid:e7e6b18a-e501-02f5-4427-789095d5d518"
      },
      "encounter": {
        "reference": "urn:uuid:b14b9c08-3296-5ba0-a8f5-ac5359def178"
      },
      "effectiveDateTime": "2025-06-18T14:33:16+00:00",
      "issued": "2025-06-18T14:33:16.902+00:00",
      "valueQuantity": {
        "value": 14,
        "unit": "/min",
        "system": "http://unitsofmeasure.org",
        "code": "/min"
      }
    },
    "request": {
      "method": "POST",
      "url": "Observation"
    }
  }, {
    "fullUrl": "urn:uuid:4b1a058c-e10f-7163-1179-455ef19f5260",
    "resource": {
      "resourceType": "Observation",
      "id": "4b1a058c-e10f-7163-1179-455ef19f5260",
      "status": "final",
      "category": {
        "coding": [ {
          "system": "http://hl7.org/fhir/observation-category",
          "code": "laboratory",
          "display": "laboratory"
        } ],
        "text": "laboratory"
      },
      "code": {
        "coding": [ {
          "system": "http://loinc.org",
          "code": "6690-2",
          "display": "Leukocytes [#/volume] in Blood by Automated count"
        } ],
        "text": "Leukocytes [#/volume] in Blood by Automated count"
      },
      "subject": {
        "reference": "urn:uuid:e7e6b18a-e501-02f5-4427-789095d5d518"
      },
      "encounter": {
        "reference": "urn:uuid:b14b9c08-3296-5ba0-a8f5-ac5359def178"
      },
      "effectiveDateTime": "2025-06-18T14:33:16+00:00",
      "issued": "2025-06-18T14:33:16.902+00:00",
      "valueQuantity": {
        "value": 4.5027,
        "unit": "10*3/uL",
        "system": "http://unitsofmeasure.org",
        "code": "10*3/uL"
      }
    },
    "request": {
      "method": "POST",
      "url": "Observation"
    }
  }, {
    "fullUrl": "urn:uuid:93421a3d-6307-182f-209a-7db86af61b2e",
    "resource": {
      "resourceType": "Observation",
      "id": "93421a3d-6307-182f-209a-7db86af61b2e",
      "status": "final",
      "category": {
        "coding": [ {
          "system": "http://hl7.org/fhir/observation-category",
          "code": "laboratory",
          "display": "laboratory"
        } ],
        "text": "laboratory"
      },
      "code": {
        "coding": [ {
          "system": "http://loinc.org",
          "code": "789-8",
          "display": "Erythrocytes [#/volume] in Blood by Automated count"
        } ],
        "text": "Erythrocytes [#/volume] in Blood by Automated count"
      },
      "subject": {
        "reference": "urn:uuid:e7e6b18a-e501-02f5-4427-789095d5d518"
      },
      "encounter": {
        "reference": "urn:uuid:b14b9c08-3296-5ba0-a8f5-ac5359def178"
      },
      "effectiveDateTime": "2025-06-18T14:33:16+00:00",
      "issued": "2025-06-18T14:33:16.902+00:00",
      "valueQuantity": {
        "value": 4.3705,
        "unit": "10*6/uL",
        "system": "http://unitsofmeasure.org",
        "code": "10*6/uL"
      }
    },
    "request": {
      "method": "POST",
      "url": "Observation"
    }
  }, {
    "fullUrl": "urn:uuid:c41edafc-8aa7-a162-b4fa-1b810460657c",
    "resource": {
      "resourceType": "Observation",
      "id": "c41edafc-8aa7-a162-b4fa-1b810460657c",
      "status": "final",
      "category": {
        "coding": [ {
          "system": "http://hl7.org/fhir/observation-category",
          "code": "laboratory",
          "display": "laboratory"
        } ],
        "text": "laboratory"
      },
      "code": {
        "coding": [ {
          "system": "http://loinc.org",
          "code": "718-7",
          "display": "Hemoglobin [Mass/volume] in Blood"
        } ],
        "text": "Hemoglobin [Mass/volume] in Blood"
      },
      "subject": {
        "reference": "urn:uuid:e7e6b18a-e501-02f5-4427-789095d5d518"
      },
      "encounter": {
        "reference": "urn:uuid:b14b9c08-3296-5ba0-a8f5-ac5359def178"
      },
      "effectiveDateTime": "2025-06-18T14:33:16+00:00",
      "issued": "2025-06-18T14:33:16.902+00:00",
      "valueQuantity": {
        "value": 16.131,
        "unit": "g/dL",
        "system": "http://unitsofmeasure.org",
        "code": "g/dL"
      }
    },
    "request": {
      "method": "POST",
      "url": "Observation"
    }
  }, {
    "fullUrl": "urn:uuid:7315903a-ceb1-fb25-5acd-a2e2ed08b955",
    "resource": {
      "resourceType": "Observation",
      "id": "7315903a-ceb1-fb25-5acd-a2e2ed08b955",
      "status": "final",
      "category": {
        "coding": [ {
          "system": "http://hl7.org/fhir/observation-category",
          "code": "laboratory",
          "display": "laboratory"
        } ],
        "text": "laboratory"
      },
      "code": {
        "coding": [ {
          "system": "http://loinc.org",
          "code": "4544-3",
          "display": "Hematocrit [Volume Fraction] of Blood by Automated count"
        } ],
        "text": "Hematocrit [Volume Fraction] of Blood by Automated count"
      },
      "subject": {
        "reference": "urn:uuid:e7e6b18a-e501-02f5-4427-789095d5d518"
      },
      "encounter": {
        "reference": "urn:uuid:b14b9c08-3296-5ba0-a8f5-ac5359def178"
      },
      "effectiveDateTime": "2025-06-18T14:33:16+00:00",
      "issued": "2025-06-18T14:33:16.902+00:00",
      "valueQuantity": {
        "value": 43.178,
        "unit": "%",
        "system": "http://unitsofmeasure.org",
        "code": "%"
      }
    },
    "request": {
      "method": "POST",
      "url": "Observation"
    }
  }, {
    "fullUrl": "urn:uuid:08fe4b78-fc45-5b2f-2c05-6d92a6362218",
    "resource": {
      "resourceType": "Observation",
      "id": "08fe4b78-fc45-5b2f-2c05-6d92a6362218",
      "status": "final",
      "category": {
        "coding": [ {
          "system": "http://hl7.org/fhir/observation-category",
          "code": "laboratory",
          "display": "laboratory"
        } ],
        "text": "laboratory"
      },
      "code": {
        "coding": [ {
          "system": "http://loinc.org",
          "code": "787-2",
          "display": "MCV [Entitic volume] by Automated count"
        } ],
        "text": "MCV [Entitic volume] by Automated count"
      },
      "subject": {
        "reference": "urn:uuid:e7e6b18a-e501-02f5-4427-789095d5d518"
      },
      "encounter": {
        "reference": "urn:uuid:b14b9c08-3296-5ba0-a8f5-ac5359def178"
      },
      "effectiveDateTime": "2025-06-18T14:33:16+00:00",
      "issued": "2025-06-18T14:33:16.902+00:00",
      "valueQuantity": {
        "value": 92.183,
        "unit": "fL",
        "system": "http://unitsofmeasure.org",
        "code": "fL"
      }
    },
    "request": {
      "method": "POST",
      "url": "Observation"
    }
  }, {
    "fullUrl": "urn:uuid:75329ac0-6831-1be3-21fa-a7a2d756d671",
    "resource": {
      "resourceType": "Observation",
      "id": "75329ac0-6831-1be3-21fa-a7a2d756d671",
      "status": "final",
      "category": {
        "coding": [ {
          "system": "http://hl7.org/fhir/observation-category",
          "code": "laboratory",
          "display": "laboratory"
        } ],
        "text": "laboratory"
      },
      "code": {
        "coding": [ {
          "system": "http://loinc.org",
          "code": "785-6",
          "display": "MCH [Entitic mass] by Automated count"
        } ],
        "text": "MCH [Entitic mass] by Automated count"
      },
      "subject": {
        "reference": "urn:uuid:e7e6b18a-e501-02f5-4427-789095d5d518"
      },
      "encounter": {
        "reference": "urn:uuid:b14b9c08-3296-5ba0-a8f5-ac5359def178"
      },
      "effectiveDateTime": "2025-06-18T14:33:16+00:00",
      "issued": "2025-06-18T14:33:16.902+00:00",
      "valueQuantity": {
        "value": 27.457,
        "unit": "pg",
        "system": "http://unitsofmeasure.org",
        "code": "pg"
      }
    },
    "request": {
      "method": "POST",
      "url": "Observation"
    }
  }, {
    "fullUrl": "urn:uuid:dd93bf8b-d307-e39e-06a5-1ca5e9988ba6",
    "resource": {
      "resourceType": "Observation",
      "id": "dd93bf8b-d307-e39e-06a5-1ca5e9988ba6",
      "status": "final",
      "category": {
        "coding": [ {
          "system": "http://hl7.org/fhir/observation-category",
          "code": "laboratory",
          "display": "laboratory"
        } ],
        "text": "laboratory"
      },
      "code": {
        "coding": [ {
          "system": "http://loinc.org",
          "code": "786-4",
          "display": "MCHC [Mass/volume] by Automated count"
        } ],
        "text": "MCHC [Mass/volume] by Automated count"
      },
      "subject": {
        "reference": "urn:uuid:e7e6b18a-e501-02f5-4427-789095d5d518"
      },
      "encounter": {
        "reference": "urn:uuid:b14b9c08-3296-5ba0-a8f5-ac5359def178"
      },
      "effectiveDateTime": "2025-06-18T14:33:16+00:00",
      "issued": "2025-06-18T14:33:16.902+00:00",
      "valueQuantity": {
        "value": 35.396,
        "unit": "g/dL",
        "system": "http://unitsofmeasure.org",
        "code": "g/dL"
      }
    },
    "request": {
      "method": "POST",
      "url": "Observation"
    }
  }, {
    "fullUrl": "urn:uuid:2bbb5550-abe0-2c7c-6074-9adfdcc1c14c",
    "resource": {
      "resourceType": "Observation",
      "id": "2bbb5550-abe0-2c7c-6074-9adfdcc1c14c",
      "status": "final",
      "category": {
        "coding": [ {
          "system": "http://hl7.org/fhir/observation-category",
          "code": "laboratory",
          "display": "laboratory"
        } ],
        "text": "laboratory"
      },
      "code": {
        "coding": [ {
          "system": "http://loinc.org",
          "code": "21000-5",
          "display": "Erythrocyte distribution width [Entitic volume] by Automated count"
        } ],
        "text": "Erythrocyte distribution width [Entitic volume] by Automated count"
      },
      "subject": {
        "reference": "urn:uuid:e7e6b18a-e501-02f5-4427-789095d5d518"
      },
      "encounter": {
        "reference": "urn:uuid:b14b9c08-3296-5ba0-a8f5-ac5359def178"
      },
      "effectiveDateTime": "2025-06-18T14:33:16+00:00",
      "issued": "2025-06-18T14:33:16.902+00:00",
      "valueQuantity": {
        "value": 40.970,
        "unit": "fL",
        "system": "http://unitsofmeasure.org",
        "code": "fL"
      }
    },
    "request": {
      "method": "POST",
      "url": "Observation"
    }
  }, {
    "fullUrl": "urn:uuid:3bb9b2e7-4ada-5105-e779-43bf1e9faa82",
    "resource": {
      "resourceType": "Observation",
      "id": "3bb9b2e7-4ada-5105-e779-43bf1e9faa82",
      "status": "final",
      "category": {
        "coding": [ {
          "system": "http://hl7.org/fhir/observation-category",
          "code": "laboratory",
          "display": "laboratory"
        } ],
        "text": "laboratory"
      },
      "code": {
        "coding": [ {
          "system": "http://loinc.org",
          "code": "777-3",
          "display": "Platelets [#/volume] in Blood by Automated count"
        } ],
        "text": "Platelets [#/volume] in Blood by Automated count"
      },
      "subject": {
        "reference": "urn:uuid:e7e6b18a-e501-02f5-4427-789095d5d518"
      },
      "encounter": {
        "reference": "urn:uuid:b14b9c08-3296-5ba0-a8f5-ac5359def178"
      },
      "effectiveDateTime": "2025-06-18T14:33:16+00:00",
      "issued": "2025-06-18T14:33:16.902+00:00",
      "valueQuantity": {
        "value": 283.36,
        "unit": "10*3/uL",
        "system": "http://unitsofmeasure.org",
        "code": "10*3/uL"
      }
    },
    "request": {
      "method": "POST",
      "url": "Observation"
    }
  }, {
    "fullUrl": "urn:uuid:db34b77f-f9e9-de75-0c2b-27cded23f03b",
    "resource": {
      "resourceType": "Observation",
      "id": "db34b77f-f9e9-de75-0c2b-27cded23f03b",
      "status": "final",
      "category": {
        "coding": [ {
          "system": "http://hl7.org/fhir/observation-category",
          "code": "laboratory",
          "display": "laboratory"
        } ],
        "text": "laboratory"
      },
      "code": {
        "coding": [ {
          "system": "http://loinc.org",
          "code": "32207-3",
          "display": "Platelet distribution width [Entitic volume] in Blood by Automated count"
        } ],
        "text": "Platelet distribution width [Entitic volume] in Blood by Automated count"
      },
      "subject": {
        "reference": "urn:uuid:e7e6b18a-e501-02f5-4427-789095d5d518"
      },
      "encounter": {
        "reference": "urn:uuid:b14b9c08-3296-5ba0-a8f5-ac5359def178"
      },
      "effectiveDateTime": "2025-06-18T14:33:16+00:00",
      "issued": "2025-06-18T14:33:16.902+00:00",
      "valueQuantity": {
        "value": 232.37,
        "unit": "fL",
        "system": "http://unitsofmeasure.org",
        "code": "fL"
      }
    },
    "request": {
      "method": "POST",
      "url": "Observation"
    }
  }, {
    "fullUrl": "urn:uuid:985feef8-f162-a7a9-62a0-59d826b26c43",
    "resource": {
      "resourceType": "Observation",
      "id": "985feef8-f162-a7a9-62a0-59d826b26c43",
      "status": "final",
      "category": {
        "coding": [ {
          "system": "http://hl7.org/fhir/observation-category",
          "code": "laboratory",
          "display": "laboratory"
        } ],
        "text": "laboratory"
      },
      "code": {
        "coding": [ {
          "system": "http://loinc.org",
          "code": "32623-1",
          "display": "Platelet mean volume [Entitic volume] in Blood by Automated count"
        } ],
        "text": "Platelet mean volume [Entitic volume] in Blood by Automated count"
      },
      "subject": {
        "reference": "urn:uuid:e7e6b18a-e501-02f5-4427-789095d5d518"
      },
      "encounter": {
        "reference": "urn:uuid:b14b9c08-3296-5ba0-a8f5-ac5359def178"
      },
      "effectiveDateTime": "2025-06-18T14:33:16+00:00",
      "issued": "2025-06-18T14:33:16.902+00:00",
      "valueQuantity": {
        "value": 11.965,
        "unit": "fL",
        "system": "http://unitsofmeasure.org",
        "code": "fL"
      }
    },
    "request": {
      "method": "POST",
      "url": "Observation"
    }
  }, {
    "fullUrl": "urn:uuid:397b0805-f866-bf07-fdd9-17c54109709d",
    "resource": {
      "resourceType": "Observation",
      "id": "397b0805-f866-bf07-fdd9-17c54109709d",
      "status": "final",
      "category": {
        "coding": [ {
          "system": "http://hl7.org/fhir/observation-category",
          "code": "social-history",
          "display": "social-history"
        } ],
        "text": "social-history"
      },
      "code": {
        "coding": [ {
          "system": "http://loinc.org",
          "code": "72166-2",
          "display": "Tobacco smoking status"
        } ],
        "text": "Tobacco smoking status"
      },
      "subject": {
        "reference": "urn:uuid:e7e6b18a-e501-02f5-4427-789095d5d518"
      },
      "encounter": {
        "reference": "urn:uuid:b14b9c08-3296-5ba0-a8f5-ac5359def178"
      },
      "effectiveDateTime": "2025-06-18T14:33:16+00:00",
      "issued": "2025-06-18T14:33:16.902+00:00",
      "valueCodeableConcept": {
        "coding": [ {
          "system": "http://snomed.info/sct",
          "code": "266919005",
          "display": "Never smoked tobacco (finding)"
        } ],
        "text": "Never smoked tobacco (finding)"
      }
    },
    "request": {
      "method": "POST",
      "url": "Observation"
    }
  }, {
    "fullUrl": "urn:uuid:9fd02761-37eb-6b5d-cf8d-ec7e1caf48b4",
    "resource": {
      "resourceType": "Immunization",
      "id": "9fd02761-37eb-6b5d-cf8d-ec7e1caf48b4",
      "status": "completed",
      "date": "2025-06-18T14:33:16+00:00",
      "vaccineCode": {
        "coding": [ {
          "system": "http://hl7.org/fhir/sid/cvx",
          "code": "08",
          "display": "Hep B, adolescent or pediatric"
        } ],
        "text": "Hep B, adolescent or pediatric"
      },
      "patient": {
        "reference": "urn:uuid:e7e6b18a-e501-02f5-4427-789095d5d518"
      },
      "wasNotGiven": false,
      "reported": false,
      "encounter": {
        "reference": "urn:uuid:b14b9c08-3296-5ba0-a8f5-ac5359def178"
      }
    },
    "request": {
      "method": "POST",
      "url": "Immunization"
    }
  }, {
    "fullUrl": "urn:uuid:0e0252d7-545c-bfa3-67dd-5aa0eb30fbce",
    "resource": {
      "resourceType": "DiagnosticReport",
      "id": "0e0252d7-545c-bfa3-67dd-5aa0eb30fbce",
      "status": "final",
      "category": {
        "coding": [ {
          "system": "http://hl7.org/fhir/ValueSet/diagnostic-service-sections",
          "code": "LAB"
        } ]
      },
      "code": {
        "coding": [ {
          "system": "http://loinc.org",
          "code": "58410-2",
          "display": "CBC panel - Blood by Automated count"
        } ],
        "text": "CBC panel - Blood by Automated count"
      },
      "subject": {
        "reference": "urn:uuid:e7e6b18a-e501-02f5-4427-789095d5d518"
      },
      "encounter": {
        "reference": "urn:uuid:b14b9c08-3296-5ba0-a8f5-ac5359def178"
      },
      "effectiveDateTime": "2025-06-18T14:33:16+00:00",
      "issued": "2025-06-18T14:33:16.902+00:00",
      "performer": {
        "reference": "Organization?identifier=https://github.com/synthetichealth/synthea|aad05540-c9cb-3805-b3c4-f9b9d9b42b2e",
        "display": "RIVER'S EDGE PRIMARY CARE LLC"
      },
      "result": [ {
        "reference": "urn:uuid:985feef8-f162-a7a9-62a0-59d826b26c43",
        "display": "Platelet mean volume [Entitic volume] in Blood by Automated count"
      } ]
    },
    "request": {
      "method": "POST",
      "url": "DiagnosticReport"
    }
  }, {
    "fullUrl": "urn:uuid:0f009140-cc95-6e48-5812-263a6d9fbbfc",
    "resource": {
      "resourceType": "Claim",
      "id": "0f009140-cc95-6e48-5812-263a6d9fbbfc",
      "type": "institutional",
      "organization": {
        "reference": "Organization?identifier=https://github.com/synthetichealth/synthea|aad05540-c9cb-3805-b3c4-f9b9d9b42b2e",
        "display": "RIVER'S EDGE PRIMARY CARE LLC"
      },
      "use": "complete",
      "diagnosis": [ {
        "sequence": 1,
        "diagnosis": {
          "system": "http://snomed.info/sct",
          "code": "314529007",
          "display": "Medication review due (situation)"
        }
      } ],
      "patient": {
        "reference": "urn:uuid:e7e6b18a-e501-02f5-4427-789095d5d518"
      },
      "item": [ {
        "sequence": 1,
        "type": {
          "system": "http://hl7.org/fhir/v3/ActCode",
          "code": "CSINV",
          "display": "clinical service invoice"
        },
        "service": {
          "system": "http://snomed.info/sct",
          "code": "410620009",
          "display": "Well child visit (procedure)"
        }
      }, {
        "sequence": 2,
        "type": {
          "system": "http://hl7.org/fhir/v3/ActCode",
          "code": "CSINV",
          "display": "clinical service invoice"
        },
        "service": {
          "system": "http://hl7.org/fhir/sid/cvx",
          "code": "08",
          "display": "Hep B, adolescent or pediatric"
        },
        "net": {
          "value": 136.00,
          "system": "urn:iso:std:iso:4217",
          "code": "USD"
        }
      }, {
        "sequence": 4,
        "type": {
          "system": "http://hl7.org/fhir/v3/ActCode",
          "code": "CSINV",
          "display": "clinical service invoice"
        },
        "service": {
          "system": "http://loinc.org",
          "code": "58410-2",
          "display": "CBC panel - Blood by Automated count"
        },
        "net": {
          "value": 74.58,
          "system": "urn:iso:std:iso:4217",
          "code": "USD"
        }
      } ]
    },
    "request": {
      "method": "POST",
      "url": "Claim"
    }
  } ]
}
