{
  "resourceType": "Bundle",
  "type": "transaction",
  "entry": [ {
    "fullUrl": "urn:uuid:2af8ff7f-722e-cf17-fbf0-64603ad9843d",
    "resource": {
      "resourceType": "Patient",
      "id": "2af8ff7f-722e-cf17-fbf0-64603ad9843d",
      "text": {
        "status": "generated",
        "div": "<div xmlns=\"http://www.w3.org/1999/xhtml\">Generated by <a href=\"https://github.com/synthetichealth/synthea\">Synthea</a>.Version identifier: babc338\n .   Person seed: -3233161841877367547  Population seed: 1745352685313</div>"
      },
      "extension": [ {
        "url": "http://hl7.org/fhir/StructureDefinition/us-core-race",
        "valueCodeableConcept": {
          "coding": [ {
            "system": "http://hl7.org/fhir/v3/Race",
            "code": "2106-3",
            "display": "White"
          } ],
          "text": "White"
        }
      }, {
        "url": "http://hl7.org/fhir/StructureDefinition/us-core-ethnicity",
        "valueCodeableConcept": {
          "coding": [ {
            "system": "http://hl7.org/fhir/v3/Ethnicity",
            "code": "2186-5",
            "display": "Not Hispanic or Latino"
          } ],
          "text": "Not Hispanic or Latino"
        }
      }, {
        "url": "http://hl7.org/fhir/StructureDefinition/patient-mothersMaidenName",
        "valueString": "Dalia295 McClure239"
      }, {
        "url": "http://hl7.org/fhir/us/core/StructureDefinition/us-core-birthsex",
        "valueCode": "F"
      }, {
        "url": "http://hl7.org/fhir/StructureDefinition/birthPlace",
        "valueAddress": {
          "city": "Milford",
          "state": "Massachusetts",
          "country": "US"
        }
      }, {
        "url": "http://synthetichealth.github.io/synthea/disability-adjusted-life-years",
        "valueDecimal": 0.0
      }, {
        "url": "http://synthetichealth.github.io/synthea/quality-adjusted-life-years",
        "valueDecimal": 0.0
      } ],
      "identifier": [ {
        "system": "https://github.com/synthetichealth/synthea",
        "value": "2af8ff7f-722e-cf17-fbf0-64603ad9843d"
      }, {
        "type": {
          "coding": [ {
            "system": "http://hl7.org/fhir/v2/0203",
            "code": "MR"
          } ]
        },
        "system": "http://hospital.smarthealthit.org",
        "value": "2af8ff7f-722e-cf17-fbf0-64603ad9843d"
      }, {
        "type": {
          "coding": [ {
            "system": "http://hl7.org/fhir/identifier-type",
            "code": "SB"
          } ]
        },
        "system": "http://hl7.org/fhir/sid/us-ssn",
        "value": "999-52-1044"
      } ],
      "name": [ {
        "use": "official",
        "family": [ "Wunsch504" ],
        "given": [ "Tonya123", "Willie882" ]
      } ],
      "telecom": [ {
        "system": "phone",
        "value": "555-593-5246",
        "use": "home"
      } ],
      "gender": "female",
      "birthDate": "2024-10-26",
      "address": [ {
        "extension": [ {
          "url": "http://hl7.org/fhir/StructureDefinition/geolocation",
          "extension": [ {
            "url": "latitude",
            "valueDecimal": 42.24065806976157
          }, {
            "url": "longitude",
            "valueDecimal": -71.27570731354572
          } ]
        } ],
        "line": [ "224 Williamson Road Apt 17" ],
        "city": "Needham",
        "state": "Massachusetts",
        "postalCode": "02494",
        "country": "US"
      } ],
      "maritalStatus": {
        "coding": [ {
          "system": "http://hl7.org/fhir/v3/MaritalStatus",
          "code": "S"
        } ]
      },
      "multipleBirthBoolean": false,
      "communication": [ {
        "language": {
          "coding": [ {
            "system": "urn:ietf:bcp:47",
            "code": "en-US",
            "display": "English (United States)"
          } ],
          "text": "English (United States)"
        }
      } ]
    },
    "request": {
      "method": "POST",
      "url": "Patient"
    }
  }, {
    "fullUrl": "urn:uuid:936ef8e3-e3d8-ebcb-9798-6d2e5fe1c1a7",
    "resource": {
      "resourceType": "Encounter",
      "id": "936ef8e3-e3d8-ebcb-9798-6d2e5fe1c1a7",
      "status": "finished",
      "class": "ambulatory",
      "type": [ {
        "coding": [ {
          "system": "http://snomed.info/sct",
          "code": "410620009",
          "display": "Well child visit (procedure)"
        } ],
        "text": "Well child visit (procedure)"
      } ],
      "patient": {
        "reference": "urn:uuid:2af8ff7f-722e-cf17-fbf0-64603ad9843d"
      },
      "participant": [ {
        "individual": {
          "reference": "Practitioner?identifier=http://hl7.org/fhir/sid/us-npi|9999952895",
          "display": "Dr. Mckinley734 Rodriguez71"
        }
      } ],
      "period": {
        "start": "2024-10-26T21:32:03+00:00",
        "end": "2024-10-26T21:47:03+00:00"
      },
      "serviceProvider": {
        "reference": "Organization?identifier=https://github.com/synthetichealth/synthea|df3f566c-97e5-31ed-b0fe-4b452666f736",
        "display": "CLASSIC HEALTHCARE MEDICAL GROUP LLC"
      }
    },
    "request": {
      "method": "POST",
      "url": "Encounter"
    }
  }, {
    "fullUrl": "urn:uuid:4c135c7b-8e75-d05b-98ed-d5be02511b46",
    "resource": {
      "resourceType": "Condition",
      "id": "4c135c7b-8e75-d05b-98ed-d5be02511b46",
      "patient": {
        "reference": "urn:uuid:2af8ff7f-722e-cf17-fbf0-64603ad9843d"
      },
      "encounter": {
        "reference": "urn:uuid:936ef8e3-e3d8-ebcb-9798-6d2e5fe1c1a7"
      },
      "dateRecorded": "2024-10-26",
      "code": {
        "coding": [ {
          "system": "http://snomed.info/sct",
          "code": "314529007",
          "display": "Medication review due (situation)"
        } ],
        "text": "Medication review due (situation)"
      },
      "category": {
        "coding": [ {
          "system": "http://hl7.org/fhir/condition-category",
          "code": "diagnosis"
        } ]
      },
      "clinicalStatus": "resolved",
      "verificationStatus": "confirmed",
      "onsetDateTime": "2024-10-26T21:32:03+00:00",
      "abatementDateTime": "2024-11-30T21:32:03+00:00"
    },
    "request": {
      "method": "POST",
      "url": "Condition"
    }
  }, {
    "fullUrl": "urn:uuid:a2434a05-7478-0b4f-d4d8-e07f92701701",
    "resource": {
      "resourceType": "Observation",
      "id": "a2434a05-7478-0b4f-d4d8-e07f92701701",
      "status": "final",
      "category": {
        "coding": [ {
          "system": "http://hl7.org/fhir/observation-category",
          "code": "vital-signs",
          "display": "vital-signs"
        } ],
        "text": "vital-signs"
      },
      "code": {
        "coding": [ {
          "system": "http://loinc.org",
          "code": "8302-2",
          "display": "Body Height"
        } ],
        "text": "Body Height"
      },
      "subject": {
        "reference": "urn:uuid:2af8ff7f-722e-cf17-fbf0-64603ad9843d"
      },
      "encounter": {
        "reference": "urn:uuid:936ef8e3-e3d8-ebcb-9798-6d2e5fe1c1a7"
      },
      "effectiveDateTime": "2024-10-26T21:32:03+00:00",
      "issued": "2024-10-26T21:32:03.152+00:00",
      "valueQuantity": {
        "value": 57.900,
        "unit": "cm",
        "system": "http://unitsofmeasure.org",
        "code": "cm"
      }
    },
    "request": {
      "method": "POST",
      "url": "Observation"
    }
  }, {
    "fullUrl": "urn:uuid:615df7c1-f6f3-b414-a516-cbea325c177e",
    "resource": {
      "resourceType": "Observation",
      "id": "615df7c1-f6f3-b414-a516-cbea325c177e",
      "status": "final",
      "category": {
        "coding": [ {
          "system": "http://hl7.org/fhir/observation-category",
          "code": "vital-signs",
          "display": "vital-signs"
        } ],
        "text": "vital-signs"
      },
      "code": {
        "coding": [ {
          "system": "http://loinc.org",
          "code": "72514-3",
          "display": "Pain severity - 0-10 verbal numeric rating [Score] - Reported"
        } ],
        "text": "Pain severity - 0-10 verbal numeric rating [Score] - Reported"
      },
      "subject": {
        "reference": "urn:uuid:2af8ff7f-722e-cf17-fbf0-64603ad9843d"
      },
      "encounter": {
        "reference": "urn:uuid:936ef8e3-e3d8-ebcb-9798-6d2e5fe1c1a7"
      },
      "effectiveDateTime": "2024-10-26T21:32:03+00:00",
      "issued": "2024-10-26T21:32:03.152+00:00",
      "valueQuantity": {
        "value": 3,
        "unit": "{score}",
        "system": "http://unitsofmeasure.org",
        "code": "{score}"
      }
    },
    "request": {
      "method": "POST",
      "url": "Observation"
    }
  }, {
    "fullUrl": "urn:uuid:693e3e10-7f84-1f05-9746-4eaf7319e0ad",
    "resource": {
      "resourceType": "Observation",
      "id": "693e3e10-7f84-1f05-9746-4eaf7319e0ad",
      "status": "final",
      "category": {
        "coding": [ {
          "system": "http://hl7.org/fhir/observation-category",
          "code": "vital-signs",
          "display": "vital-signs"
        } ],
        "text": "vital-signs"
      },
      "code": {
        "coding": [ {
          "system": "http://loinc.org",
          "code": "29463-7",
          "display": "Body Weight"
        } ],
        "text": "Body Weight"
      },
      "subject": {
        "reference": "urn:uuid:2af8ff7f-722e-cf17-fbf0-64603ad9843d"
      },
      "encounter": {
        "reference": "urn:uuid:936ef8e3-e3d8-ebcb-9798-6d2e5fe1c1a7"
      },
      "effectiveDateTime": "2024-10-26T21:32:03+00:00",
      "issued": "2024-10-26T21:32:03.152+00:00",
      "valueQuantity": {
        "value": 5.1000,
        "unit": "kg",
        "system": "http://unitsofmeasure.org",
        "code": "kg"
      }
    },
    "request": {
      "method": "POST",
      "url": "Observation"
    }
  }, {
    "fullUrl": "urn:uuid:312aaf61-37ef-9254-7e93-7de796585f30",
    "resource": {
      "resourceType": "Observation",
      "id": "312aaf61-37ef-9254-7e93-7de796585f30",
      "status": "final",
      "category": {
        "coding": [ {
          "system": "http://hl7.org/fhir/observation-category",
          "code": "vital-signs",
          "display": "vital-signs"
        } ],
        "text": "vital-signs"
      },
      "code": {
        "coding": [ {
          "system": "http://loinc.org",
          "code": "77606-2",
          "display": "Weight-for-length Per age and sex"
        } ],
        "text": "Weight-for-length Per age and sex"
      },
      "subject": {
        "reference": "urn:uuid:2af8ff7f-722e-cf17-fbf0-64603ad9843d"
      },
      "encounter": {
        "reference": "urn:uuid:936ef8e3-e3d8-ebcb-9798-6d2e5fe1c1a7"
      },
      "effectiveDateTime": "2024-10-26T21:32:03+00:00",
      "issued": "2024-10-26T21:32:03.152+00:00",
      "valueQuantity": {
        "value": 22.579,
        "unit": "%",
        "system": "http://unitsofmeasure.org",
        "code": "%"
      }
    },
    "request": {
      "method": "POST",
      "url": "Observation"
    }
  }, {
    "fullUrl": "urn:uuid:f36e2218-ceaf-0a3a-8237-c1075d62b629",
    "resource": {
      "resourceType": "Observation",
      "id": "f36e2218-ceaf-0a3a-8237-c1075d62b629",
      "status": "final",
      "category": {
        "coding": [ {
          "system": "http://hl7.org/fhir/observation-category",
          "code": "vital-signs",
          "display": "vital-signs"
        } ],
        "text": "vital-signs"
      },
      "code": {
        "coding": [ {
          "system": "http://loinc.org",
          "code": "8289-1",
          "display": "Head Occipital-frontal circumference Percentile"
        } ],
        "text": "Head Occipital-frontal circumference Percentile"
      },
      "subject": {
        "reference": "urn:uuid:2af8ff7f-722e-cf17-fbf0-64603ad9843d"
      },
      "encounter": {
        "reference": "urn:uuid:936ef8e3-e3d8-ebcb-9798-6d2e5fe1c1a7"
      },
      "effectiveDateTime": "2024-10-26T21:32:03+00:00",
      "issued": "2024-10-26T21:32:03.152+00:00",
      "valueQuantity": {
        "value": 100,
        "unit": "%",
        "system": "http://unitsofmeasure.org",
        "code": "%"
      }
    },
    "request": {
      "method": "POST",
      "url": "Observation"
    }
  }, {
    "fullUrl": "urn:uuid:41d1f4e2-cee0-bfea-689d-1864b943e6b0",
    "resource": {
      "resourceType": "Observation",
      "id": "41d1f4e2-cee0-bfea-689d-1864b943e6b0",
      "status": "final",
      "category": {
        "coding": [ {
          "system": "http://hl7.org/fhir/observation-category",
          "code": "vital-signs",
          "display": "vital-signs"
        } ],
        "text": "vital-signs"
      },
      "code": {
        "coding": [ {
          "system": "http://loinc.org",
          "code": "9843-4",
          "display": "Head Occipital-frontal circumference"
        } ],
        "text": "Head Occipital-frontal circumference"
      },
      "subject": {
        "reference": "urn:uuid:2af8ff7f-722e-cf17-fbf0-64603ad9843d"
      },
      "encounter": {
        "reference": "urn:uuid:936ef8e3-e3d8-ebcb-9798-6d2e5fe1c1a7"
      },
      "effectiveDateTime": "2024-10-26T21:32:03+00:00",
      "issued": "2024-10-26T21:32:03.152+00:00",
      "valueQuantity": {
        "value": 39.590,
        "unit": "cm",
        "system": "http://unitsofmeasure.org",
        "code": "cm"
      }
    },
    "request": {
      "method": "POST",
      "url": "Observation"
    }
  }, {
    "fullUrl": "urn:uuid:3bc481cb-8c50-e620-31da-cf05efe09dab",
    "resource": {
      "resourceType": "Observation",
      "id": "3bc481cb-8c50-e620-31da-cf05efe09dab",
      "status": "final",
      "category": {
        "coding": [ {
          "system": "http://hl7.org/fhir/observation-category",
          "code": "vital-signs",
          "display": "vital-signs"
        } ],
        "text": "vital-signs"
      },
      "code": {
        "coding": [ {
          "system": "http://loinc.org",
          "code": "85354-9",
          "display": "Blood pressure panel with all children optional"
        } ],
        "text": "Blood pressure panel with all children optional"
      },
      "subject": {
        "reference": "urn:uuid:2af8ff7f-722e-cf17-fbf0-64603ad9843d"
      },
      "encounter": {
        "reference": "urn:uuid:936ef8e3-e3d8-ebcb-9798-6d2e5fe1c1a7"
      },
      "effectiveDateTime": "2024-10-26T21:32:03+00:00",
      "issued": "2024-10-26T21:32:03.152+00:00",
      "component": [ {
        "code": {
          "coding": [ {
            "system": "http://loinc.org",
            "code": "8462-4",
            "display": "Diastolic Blood Pressure"
          } ],
          "text": "Diastolic Blood Pressure"
        },
        "valueQuantity": {
          "value": 76,
          "unit": "mm[Hg]",
          "system": "http://unitsofmeasure.org",
          "code": "mm[Hg]"
        }
      }, {
        "code": {
          "coding": [ {
            "system": "http://loinc.org",
            "code": "8480-6",
            "display": "Systolic Blood Pressure"
          } ],
          "text": "Systolic Blood Pressure"
        },
        "valueQuantity": {
          "value": 113,
          "unit": "mm[Hg]",
          "system": "http://unitsofmeasure.org",
          "code": "mm[Hg]"
        }
      } ]
    },
    "request": {
      "method": "POST",
      "url": "Observation"
    }
  }, {
    "fullUrl": "urn:uuid:17d726ef-a2b1-6b06-8d2a-cd47e9d245c2",
    "resource": {
      "resourceType": "Observation",
      "id": "17d726ef-a2b1-6b06-8d2a-cd47e9d245c2",
      "status": "final",
      "category": {
        "coding": [ {
          "system": "http://hl7.org/fhir/observation-category",
          "code": "vital-signs",
          "display": "vital-signs"
        } ],
        "text": "vital-signs"
      },
      "code": {
        "coding": [ {
          "system": "http://loinc.org",
          "code": "8867-4",
          "display": "Heart rate"
        } ],
        "text": "Heart rate"
      },
      "subject": {
        "reference": "urn:uuid:2af8ff7f-722e-cf17-fbf0-64603ad9843d"
      },
      "encounter": {
        "reference": "urn:uuid:936ef8e3-e3d8-ebcb-9798-6d2e5fe1c1a7"
      },
      "effectiveDateTime": "2024-10-26T21:32:03+00:00",
      "issued": "2024-10-26T21:32:03.152+00:00",
      "valueQuantity": {
        "value": 85,
        "unit": "/min",
        "system": "http://unitsofmeasure.org",
        "code": "/min"
      }
    },
    "request": {
      "method": "POST",
      "url": "Observation"
    }
  }, {
    "fullUrl": "urn:uuid:fc0be4be-7c89-6daf-942f-5cc2106f0ee0",
    "resource": {
      "resourceType": "Observation",
      "id": "fc0be4be-7c89-6daf-942f-5cc2106f0ee0",
      "status": "final",
      "category": {
        "coding": [ {
          "system": "http://hl7.org/fhir/observation-category",
          "code": "vital-signs",
          "display": "vital-signs"
        } ],
        "text": "vital-signs"
      },
      "code": {
        "coding": [ {
          "system": "http://loinc.org",
          "code": "9279-1",
          "display": "Respiratory rate"
        } ],
        "text": "Respiratory rate"
      },
      "subject": {
        "reference": "urn:uuid:2af8ff7f-722e-cf17-fbf0-64603ad9843d"
      },
      "encounter": {
        "reference": "urn:uuid:936ef8e3-e3d8-ebcb-9798-6d2e5fe1c1a7"
      },
      "effectiveDateTime": "2024-10-26T21:32:03+00:00",
      "issued": "2024-10-26T21:32:03.152+00:00",
      "valueQuantity": {
        "value": 16,
        "unit": "/min",
        "system": "http://unitsofmeasure.org",
        "code": "/min"
      }
    },
    "request": {
      "method": "POST",
      "url": "Observation"
    }
  }, {
    "fullUrl": "urn:uuid:aecc7b1d-a4f1-a43b-e463-aff4a7c5e2f1",
    "resource": {
      "resourceType": "Observation",
      "id": "aecc7b1d-a4f1-a43b-e463-aff4a7c5e2f1",
      "status": "final",
      "category": {
        "coding": [ {
          "system": "http://hl7.org/fhir/observation-category",
          "code": "laboratory",
          "display": "laboratory"
        } ],
        "text": "laboratory"
      },
      "code": {
        "coding": [ {
          "system": "http://loinc.org",
          "code": "6690-2",
          "display": "Leukocytes [#/volume] in Blood by Automated count"
        } ],
        "text": "Leukocytes [#/volume] in Blood by Automated count"
      },
      "subject": {
        "reference": "urn:uuid:2af8ff7f-722e-cf17-fbf0-64603ad9843d"
      },
      "encounter": {
        "reference": "urn:uuid:936ef8e3-e3d8-ebcb-9798-6d2e5fe1c1a7"
      },
      "effectiveDateTime": "2024-10-26T21:32:03+00:00",
      "issued": "2024-10-26T21:32:03.152+00:00",
      "valueQuantity": {
        "value": 9.0728,
        "unit": "10*3/uL",
        "system": "http://unitsofmeasure.org",
        "code": "10*3/uL"
      }
    },
    "request": {
      "method": "POST",
      "url": "Observation"
    }
  }, {
    "fullUrl": "urn:uuid:dcac89b6-ca2e-1bc2-d9e5-81b9231f4df0",
    "resource": {
      "resourceType": "Observation",
      "id": "dcac89b6-ca2e-1bc2-d9e5-81b9231f4df0",
      "status": "final",
      "category": {
        "coding": [ {
          "system": "http://hl7.org/fhir/observation-category",
          "code": "laboratory",
          "display": "laboratory"
        } ],
        "text": "laboratory"
      },
      "code": {
        "coding": [ {
          "system": "http://loinc.org",
          "code": "789-8",
          "display": "Erythrocytes [#/volume] in Blood by Automated count"
        } ],
        "text": "Erythrocytes [#/volume] in Blood by Automated count"
      },
      "subject": {
        "reference": "urn:uuid:2af8ff7f-722e-cf17-fbf0-64603ad9843d"
      },
      "encounter": {
        "reference": "urn:uuid:936ef8e3-e3d8-ebcb-9798-6d2e5fe1c1a7"
      },
      "effectiveDateTime": "2024-10-26T21:32:03+00:00",
      "issued": "2024-10-26T21:32:03.152+00:00",
      "valueQuantity": {
        "value": 5.4869,
        "unit": "10*6/uL",
        "system": "http://unitsofmeasure.org",
        "code": "10*6/uL"
      }
    },
    "request": {
      "method": "POST",
      "url": "Observation"
    }
  }, {
    "fullUrl": "urn:uuid:403a8e62-e7e6-7d11-1929-11b49276641a",
    "resource": {
      "resourceType": "Observation",
      "id": "403a8e62-e7e6-7d11-1929-11b49276641a",
      "status": "final",
      "category": {
        "coding": [ {
          "system": "http://hl7.org/fhir/observation-category",
          "code": "laboratory",
          "display": "laboratory"
        } ],
        "text": "laboratory"
      },
      "code": {
        "coding": [ {
          "system": "http://loinc.org",
          "code": "718-7",
          "display": "Hemoglobin [Mass/volume] in Blood"
        } ],
        "text": "Hemoglobin [Mass/volume] in Blood"
      },
      "subject": {
        "reference": "urn:uuid:2af8ff7f-722e-cf17-fbf0-64603ad9843d"
      },
      "encounter": {
        "reference": "urn:uuid:936ef8e3-e3d8-ebcb-9798-6d2e5fe1c1a7"
      },
      "effectiveDateTime": "2024-10-26T21:32:03+00:00",
      "issued": "2024-10-26T21:32:03.152+00:00",
      "valueQuantity": {
        "value": 14.859,
        "unit": "g/dL",
        "system": "http://unitsofmeasure.org",
        "code": "g/dL"
      }
    },
    "request": {
      "method": "POST",
      "url": "Observation"
    }
  }, {
    "fullUrl": "urn:uuid:201e4f40-2df8-c975-9b93-54d7bb0efe88",
    "resource": {
      "resourceType": "Observation",
      "id": "201e4f40-2df8-c975-9b93-54d7bb0efe88",
      "status": "final",
      "category": {
        "coding": [ {
          "system": "http://hl7.org/fhir/observation-category",
          "code": "laboratory",
          "display": "laboratory"
        } ],
        "text": "laboratory"
      },
      "code": {
        "coding": [ {
          "system": "http://loinc.org",
          "code": "4544-3",
          "display": "Hematocrit [Volume Fraction] of Blood by Automated count"
        } ],
        "text": "Hematocrit [Volume Fraction] of Blood by Automated count"
      },
      "subject": {
        "reference": "urn:uuid:2af8ff7f-722e-cf17-fbf0-64603ad9843d"
      },
      "encounter": {
        "reference": "urn:uuid:936ef8e3-e3d8-ebcb-9798-6d2e5fe1c1a7"
      },
      "effectiveDateTime": "2024-10-26T21:32:03+00:00",
      "issued": "2024-10-26T21:32:03.152+00:00",
      "valueQuantity": {
        "value": 35.057,
        "unit": "%",
        "system": "http://unitsofmeasure.org",
        "code": "%"
      }
    },
    "request": {
      "method": "POST",
      "url": "Observation"
    }
  }, {
    "fullUrl": "urn:uuid:510b3fbc-b8c0-7f60-11dc-1736d3c63df8",
    "resource": {
      "resourceType": "Observation",
      "id": "510b3fbc-b8c0-7f60-11dc-1736d3c63df8",
      "status": "final",
      "category": {
        "coding": [ {
          "system": "http://hl7.org/fhir/observation-category",
          "code": "laboratory",
          "display": "laboratory"
        } ],
        "text": "laboratory"
      },
      "code": {
        "coding": [ {
          "system": "http://loinc.org",
          "code": "787-2",
          "display": "MCV [Entitic volume] by Automated count"
        } ],
        "text": "MCV [Entitic volume] by Automated count"
      },
      "subject": {
        "reference": "urn:uuid:2af8ff7f-722e-cf17-fbf0-64603ad9843d"
      },
      "encounter": {
        "reference": "urn:uuid:936ef8e3-e3d8-ebcb-9798-6d2e5fe1c1a7"
      },
      "effectiveDateTime": "2024-10-26T21:32:03+00:00",
      "issued": "2024-10-26T21:32:03.152+00:00",
      "valueQuantity": {
        "value": 85.719,
        "unit": "fL",
        "system": "http://unitsofmeasure.org",
        "code": "fL"
      }
    },
    "request": {
      "method": "POST",
      "url": "Observation"
    }
  }, {
    "fullUrl": "urn:uuid:68078425-6d9e-54e0-1735-adefc81aaa4a",
    "resource": {
      "resourceType": "Observation",
      "id": "68078425-6d9e-54e0-1735-adefc81aaa4a",
      "status": "final",
      "category": {
        "coding": [ {
          "system": "http://hl7.org/fhir/observation-category",
          "code": "laboratory",
          "display": "laboratory"
        } ],
        "text": "laboratory"
      },
      "code": {
        "coding": [ {
          "system": "http://loinc.org",
          "code": "785-6",
          "display": "MCH [Entitic mass] by Automated count"
        } ],
        "text": "MCH [Entitic mass] by Automated count"
      },
      "subject": {
        "reference": "urn:uuid:2af8ff7f-722e-cf17-fbf0-64603ad9843d"
      },
      "encounter": {
        "reference": "urn:uuid:936ef8e3-e3d8-ebcb-9798-6d2e5fe1c1a7"
      },
      "effectiveDateTime": "2024-10-26T21:32:03+00:00",
      "issued": "2024-10-26T21:32:03.152+00:00",
      "valueQuantity": {
        "value": 30.342,
        "unit": "pg",
        "system": "http://unitsofmeasure.org",
        "code": "pg"
      }
    },
    "request": {
      "method": "POST",
      "url": "Observation"
    }
  }, {
    "fullUrl": "urn:uuid:74bc67ee-dba6-015f-bfb0-c116bac970fb",
    "resource": {
      "resourceType": "Observation",
      "id": "74bc67ee-dba6-015f-bfb0-c116bac970fb",
      "status": "final",
      "category": {
        "coding": [ {
          "system": "http://hl7.org/fhir/observation-category",
          "code": "laboratory",
          "display": "laboratory"
        } ],
        "text": "laboratory"
      },
      "code": {
        "coding": [ {
          "system": "http://loinc.org",
          "code": "786-4",
          "display": "MCHC [Mass/volume] by Automated count"
        } ],
        "text": "MCHC [Mass/volume] by Automated count"
      },
      "subject": {
        "reference": "urn:uuid:2af8ff7f-722e-cf17-fbf0-64603ad9843d"
      },
      "encounter": {
        "reference": "urn:uuid:936ef8e3-e3d8-ebcb-9798-6d2e5fe1c1a7"
      },
      "effectiveDateTime": "2024-10-26T21:32:03+00:00",
      "issued": "2024-10-26T21:32:03.152+00:00",
      "valueQuantity": {
        "value": 33.864,
        "unit": "g/dL",
        "system": "http://unitsofmeasure.org",
        "code": "g/dL"
      }
    },
    "request": {
      "method": "POST",
      "url": "Observation"
    }
  }, {
    "fullUrl": "urn:uuid:fe503877-041a-8464-78c6-3517415ef2fa",
    "resource": {
      "resourceType": "Observation",
      "id": "fe503877-041a-8464-78c6-3517415ef2fa",
      "status": "final",
      "category": {
        "coding": [ {
          "system": "http://hl7.org/fhir/observation-category",
          "code": "laboratory",
          "display": "laboratory"
        } ],
        "text": "laboratory"
      },
      "code": {
        "coding": [ {
          "system": "http://loinc.org",
          "code": "21000-5",
          "display": "Erythrocyte distribution width [Entitic volume] by Automated count"
        } ],
        "text": "Erythrocyte distribution width [Entitic volume] by Automated count"
      },
      "subject": {
        "reference": "urn:uuid:2af8ff7f-722e-cf17-fbf0-64603ad9843d"
      },
      "encounter": {
        "reference": "urn:uuid:936ef8e3-e3d8-ebcb-9798-6d2e5fe1c1a7"
      },
      "effectiveDateTime": "2024-10-26T21:32:03+00:00",
      "issued": "2024-10-26T21:32:03.152+00:00",
      "valueQuantity": {
        "value": 43.445,
        "unit": "fL",
        "system": "http://unitsofmeasure.org",
        "code": "fL"
      }
    },
    "request": {
      "method": "POST",
      "url": "Observation"
    }
  }, {
    "fullUrl": "urn:uuid:ac2da8f3-2a96-a94c-108a-c01a712e0ea7",
    "resource": {
      "resourceType": "Observation",
      "id": "ac2da8f3-2a96-a94c-108a-c01a712e0ea7",
      "status": "final",
      "category": {
        "coding": [ {
          "system": "http://hl7.org/fhir/observation-category",
          "code": "laboratory",
          "display": "laboratory"
        } ],
        "text": "laboratory"
      },
      "code": {
        "coding": [ {
          "system": "http://loinc.org",
          "code": "777-3",
          "display": "Platelets [#/volume] in Blood by Automated count"
        } ],
        "text": "Platelets [#/volume] in Blood by Automated count"
      },
      "subject": {
        "reference": "urn:uuid:2af8ff7f-722e-cf17-fbf0-64603ad9843d"
      },
      "encounter": {
        "reference": "urn:uuid:936ef8e3-e3d8-ebcb-9798-6d2e5fe1c1a7"
      },
      "effectiveDateTime": "2024-10-26T21:32:03+00:00",
      "issued": "2024-10-26T21:32:03.152+00:00",
      "valueQuantity": {
        "value": 155.74,
        "unit": "10*3/uL",
        "system": "http://unitsofmeasure.org",
        "code": "10*3/uL"
      }
    },
    "request": {
      "method": "POST",
      "url": "Observation"
    }
  }, {
    "fullUrl": "urn:uuid:5ac17dbf-5984-4835-278f-13445a56eceb",
    "resource": {
      "resourceType": "Observation",
      "id": "5ac17dbf-5984-4835-278f-13445a56eceb",
      "status": "final",
      "category": {
        "coding": [ {
          "system": "http://hl7.org/fhir/observation-category",
          "code": "laboratory",
          "display": "laboratory"
        } ],
        "text": "laboratory"
      },
      "code": {
        "coding": [ {
          "system": "http://loinc.org",
          "code": "32207-3",
          "display": "Platelet distribution width [Entitic volume] in Blood by Automated count"
        } ],
        "text": "Platelet distribution width [Entitic volume] in Blood by Automated count"
      },
      "subject": {
        "reference": "urn:uuid:2af8ff7f-722e-cf17-fbf0-64603ad9843d"
      },
      "encounter": {
        "reference": "urn:uuid:936ef8e3-e3d8-ebcb-9798-6d2e5fe1c1a7"
      },
      "effectiveDateTime": "2024-10-26T21:32:03+00:00",
      "issued": "2024-10-26T21:32:03.152+00:00",
      "valueQuantity": {
        "value": 442.28,
        "unit": "fL",
        "system": "http://unitsofmeasure.org",
        "code": "fL"
      }
    },
    "request": {
      "method": "POST",
      "url": "Observation"
    }
  }, {
    "fullUrl": "urn:uuid:75890c54-1e8d-8295-9e16-00ee6f8aa09a",
    "resource": {
      "resourceType": "Observation",
      "id": "75890c54-1e8d-8295-9e16-00ee6f8aa09a",
      "status": "final",
      "category": {
        "coding": [ {
          "system": "http://hl7.org/fhir/observation-category",
          "code": "laboratory",
          "display": "laboratory"
        } ],
        "text": "laboratory"
      },
      "code": {
        "coding": [ {
          "system": "http://loinc.org",
          "code": "32623-1",
          "display": "Platelet mean volume [Entitic volume] in Blood by Automated count"
        } ],
        "text": "Platelet mean volume [Entitic volume] in Blood by Automated count"
      },
      "subject": {
        "reference": "urn:uuid:2af8ff7f-722e-cf17-fbf0-64603ad9843d"
      },
      "encounter": {
        "reference": "urn:uuid:936ef8e3-e3d8-ebcb-9798-6d2e5fe1c1a7"
      },
      "effectiveDateTime": "2024-10-26T21:32:03+00:00",
      "issued": "2024-10-26T21:32:03.152+00:00",
      "valueQuantity": {
        "value": 9.7649,
        "unit": "fL",
        "system": "http://unitsofmeasure.org",
        "code": "fL"
      }
    },
    "request": {
      "method": "POST",
      "url": "Observation"
    }
  }, {
    "fullUrl": "urn:uuid:54ce8025-bec3-2da8-b5c3-13c97521028e",
    "resource": {
      "resourceType": "Observation",
      "id": "54ce8025-bec3-2da8-b5c3-13c97521028e",
      "status": "final",
      "category": {
        "coding": [ {
          "system": "http://hl7.org/fhir/observation-category",
          "code": "social-history",
          "display": "social-history"
        } ],
        "text": "social-history"
      },
      "code": {
        "coding": [ {
          "system": "http://loinc.org",
          "code": "72166-2",
          "display": "Tobacco smoking status"
        } ],
        "text": "Tobacco smoking status"
      },
      "subject": {
        "reference": "urn:uuid:2af8ff7f-722e-cf17-fbf0-64603ad9843d"
      },
      "encounter": {
        "reference": "urn:uuid:936ef8e3-e3d8-ebcb-9798-6d2e5fe1c1a7"
      },
      "effectiveDateTime": "2024-10-26T21:32:03+00:00",
      "issued": "2024-10-26T21:32:03.152+00:00",
      "valueCodeableConcept": {
        "coding": [ {
          "system": "http://snomed.info/sct",
          "code": "266919005",
          "display": "Never smoked tobacco (finding)"
        } ],
        "text": "Never smoked tobacco (finding)"
      }
    },
    "request": {
      "method": "POST",
      "url": "Observation"
    }
  }, {
    "fullUrl": "urn:uuid:06acfa66-e693-f6b8-7f61-670256e091a9",
    "resource": {
      "resourceType": "Immunization",
      "id": "06acfa66-e693-f6b8-7f61-670256e091a9",
      "status": "completed",
      "date": "2024-10-26T21:32:03+00:00",
      "vaccineCode": {
        "coding": [ {
          "system": "http://hl7.org/fhir/sid/cvx",
          "code": "08",
          "display": "Hep B, adolescent or pediatric"
        } ],
        "text": "Hep B, adolescent or pediatric"
      },
      "patient": {
        "reference": "urn:uuid:2af8ff7f-722e-cf17-fbf0-64603ad9843d"
      },
      "wasNotGiven": false,
      "reported": false,
      "encounter": {
        "reference": "urn:uuid:936ef8e3-e3d8-ebcb-9798-6d2e5fe1c1a7"
      }
    },
    "request": {
      "method": "POST",
      "url": "Immunization"
    }
  }, {
    "fullUrl": "urn:uuid:8143caa3-4727-e65f-47d1-7283de900629",
    "resource": {
      "resourceType": "DiagnosticReport",
      "id": "8143caa3-4727-e65f-47d1-7283de900629",
      "status": "final",
      "category": {
        "coding": [ {
          "system": "http://hl7.org/fhir/ValueSet/diagnostic-service-sections",
          "code": "LAB"
        } ]
      },
      "code": {
        "coding": [ {
          "system": "http://loinc.org",
          "code": "58410-2",
          "display": "CBC panel - Blood by Automated count"
        } ],
        "text": "CBC panel - Blood by Automated count"
      },
      "subject": {
        "reference": "urn:uuid:2af8ff7f-722e-cf17-fbf0-64603ad9843d"
      },
      "encounter": {
        "reference": "urn:uuid:936ef8e3-e3d8-ebcb-9798-6d2e5fe1c1a7"
      },
      "effectiveDateTime": "2024-10-26T21:32:03+00:00",
      "issued": "2024-10-26T21:32:03.152+00:00",
      "performer": {
        "reference": "Organization?identifier=https://github.com/synthetichealth/synthea|df3f566c-97e5-31ed-b0fe-4b452666f736",
        "display": "CLASSIC HEALTHCARE MEDICAL GROUP LLC"
      },
      "result": [ {
        "reference": "urn:uuid:75890c54-1e8d-8295-9e16-00ee6f8aa09a",
        "display": "Platelet mean volume [Entitic volume] in Blood by Automated count"
      } ]
    },
    "request": {
      "method": "POST",
      "url": "DiagnosticReport"
    }
  }, {
    "fullUrl": "urn:uuid:0727e2c4-3822-401b-afac-c73a72769d0a",
    "resource": {
      "resourceType": "Claim",
      "id": "0727e2c4-3822-401b-afac-c73a72769d0a",
      "type": "institutional",
      "organization": {
        "reference": "Organization?identifier=https://github.com/synthetichealth/synthea|df3f566c-97e5-31ed-b0fe-4b452666f736",
        "display": "CLASSIC HEALTHCARE MEDICAL GROUP LLC"
      },
      "use": "complete",
      "diagnosis": [ {
        "sequence": 1,
        "diagnosis": {
          "system": "http://snomed.info/sct",
          "code": "314529007",
          "display": "Medication review due (situation)"
        }
      } ],
      "patient": {
        "reference": "urn:uuid:2af8ff7f-722e-cf17-fbf0-64603ad9843d"
      },
      "item": [ {
        "sequence": 1,
        "type": {
          "system": "http://hl7.org/fhir/v3/ActCode",
          "code": "CSINV",
          "display": "clinical service invoice"
        },
        "service": {
          "system": "http://snomed.info/sct",
          "code": "410620009",
          "display": "Well child visit (procedure)"
        }
      }, {
        "sequence": 2,
        "type": {
          "system": "http://hl7.org/fhir/v3/ActCode",
          "code": "CSINV",
          "display": "clinical service invoice"
        },
        "service": {
          "system": "http://hl7.org/fhir/sid/cvx",
          "code": "08",
          "display": "Hep B, adolescent or pediatric"
        },
        "net": {
          "value": 136.00,
          "system": "urn:iso:std:iso:4217",
          "code": "USD"
        }
      }, {
        "sequence": 4,
        "type": {
          "system": "http://hl7.org/fhir/v3/ActCode",
          "code": "CSINV",
          "display": "clinical service invoice"
        },
        "service": {
          "system": "http://loinc.org",
          "code": "58410-2",
          "display": "CBC panel - Blood by Automated count"
        },
        "net": {
          "value": 74.58,
          "system": "urn:iso:std:iso:4217",
          "code": "USD"
        }
      } ]
    },
    "request": {
      "method": "POST",
      "url": "Claim"
    }
  }, {
    "fullUrl": "urn:uuid:69f1691e-1eee-6a1d-e94c-5047c0cc33d5",
    "resource": {
      "resourceType": "Encounter",
      "id": "69f1691e-1eee-6a1d-e94c-5047c0cc33d5",
      "status": "finished",
      "class": "ambulatory",
      "type": [ {
        "coding": [ {
          "system": "http://snomed.info/sct",
          "code": "410620009",
          "display": "Well child visit (procedure)"
        } ],
        "text": "Well child visit (procedure)"
      } ],
      "patient": {
        "reference": "urn:uuid:2af8ff7f-722e-cf17-fbf0-64603ad9843d"
      },
      "participant": [ {
        "individual": {
          "reference": "Practitioner?identifier=http://hl7.org/fhir/sid/us-npi|9999952895",
          "display": "Dr. Mckinley734 Rodriguez71"
        }
      } ],
      "period": {
        "start": "2024-11-30T21:32:03+00:00",
        "end": "2024-11-30T21:47:03+00:00"
      },
      "serviceProvider": {
        "reference": "Organization?identifier=https://github.com/synthetichealth/synthea|df3f566c-97e5-31ed-b0fe-4b452666f736",
        "display": "CLASSIC HEALTHCARE MEDICAL GROUP LLC"
      }
    },
    "request": {
      "method": "POST",
      "url": "Encounter"
    }
  }, {
    "fullUrl": "urn:uuid:71c2b541-a6cb-a14b-f00d-b68076ae08bd",
    "resource": {
      "resourceType": "Observation",
      "id": "71c2b541-a6cb-a14b-f00d-b68076ae08bd",
      "status": "final",
      "category": {
        "coding": [ {
          "system": "http://hl7.org/fhir/observation-category",
          "code": "vital-signs",
          "display": "vital-signs"
        } ],
        "text": "vital-signs"
      },
      "code": {
        "coding": [ {
          "system": "http://loinc.org",
          "code": "8302-2",
          "display": "Body Height"
        } ],
        "text": "Body Height"
      },
      "subject": {
        "reference": "urn:uuid:2af8ff7f-722e-cf17-fbf0-64603ad9843d"
      },
      "encounter": {
        "reference": "urn:uuid:69f1691e-1eee-6a1d-e94c-5047c0cc33d5"
      },
      "effectiveDateTime": "2024-11-30T21:32:03+00:00",
      "issued": "2024-11-30T21:32:03.152+00:00",
      "valueQuantity": {
        "value": 61.200,
        "unit": "cm",
        "system": "http://unitsofmeasure.org",
        "code": "cm"
      }
    },
    "request": {
      "method": "POST",
      "url": "Observation"
    }
  }, {
    "fullUrl": "urn:uuid:2318ad4b-8134-886e-7875-7222f6445c18",
    "resource": {
      "resourceType": "Observation",
      "id": "2318ad4b-8134-886e-7875-7222f6445c18",
      "status": "final",
      "category": {
        "coding": [ {
          "system": "http://hl7.org/fhir/observation-category",
          "code": "vital-signs",
          "display": "vital-signs"
        } ],
        "text": "vital-signs"
      },
      "code": {
        "coding": [ {
          "system": "http://loinc.org",
          "code": "72514-3",
          "display": "Pain severity - 0-10 verbal numeric rating [Score] - Reported"
        } ],
        "text": "Pain severity - 0-10 verbal numeric rating [Score] - Reported"
      },
      "subject": {
        "reference": "urn:uuid:2af8ff7f-722e-cf17-fbf0-64603ad9843d"
      },
      "encounter": {
        "reference": "urn:uuid:69f1691e-1eee-6a1d-e94c-5047c0cc33d5"
      },
      "effectiveDateTime": "2024-11-30T21:32:03+00:00",
      "issued": "2024-11-30T21:32:03.152+00:00",
      "valueQuantity": {
        "value": 1,
        "unit": "{score}",
        "system": "http://unitsofmeasure.org",
        "code": "{score}"
      }
    },
    "request": {
      "method": "POST",
      "url": "Observation"
    }
  }, {
    "fullUrl": "urn:uuid:80dd9b22-a269-13dd-0e65-a5284d656273",
    "resource": {
      "resourceType": "Observation",
      "id": "80dd9b22-a269-13dd-0e65-a5284d656273",
      "status": "final",
      "category": {
        "coding": [ {
          "system": "http://hl7.org/fhir/observation-category",
          "code": "vital-signs",
          "display": "vital-signs"
        } ],
        "text": "vital-signs"
      },
      "code": {
        "coding": [ {
          "system": "http://loinc.org",
          "code": "29463-7",
          "display": "Body Weight"
        } ],
        "text": "Body Weight"
      },
      "subject": {
        "reference": "urn:uuid:2af8ff7f-722e-cf17-fbf0-64603ad9843d"
      },
      "encounter": {
        "reference": "urn:uuid:69f1691e-1eee-6a1d-e94c-5047c0cc33d5"
      },
      "effectiveDateTime": "2024-11-30T21:32:03+00:00",
      "issued": "2024-11-30T21:32:03.152+00:00",
      "valueQuantity": {
        "value": 6.1000,
        "unit": "kg",
        "system": "http://unitsofmeasure.org",
        "code": "kg"
      }
    },
    "request": {
      "method": "POST",
      "url": "Observation"
    }
  }, {
    "fullUrl": "urn:uuid:2e974af2-78c2-e6b4-84a7-295f3e86f757",
    "resource": {
      "resourceType": "Observation",
      "id": "2e974af2-78c2-e6b4-84a7-295f3e86f757",
      "status": "final",
      "category": {
        "coding": [ {
          "system": "http://hl7.org/fhir/observation-category",
          "code": "vital-signs",
          "display": "vital-signs"
        } ],
        "text": "vital-signs"
      },
      "code": {
        "coding": [ {
          "system": "http://loinc.org",
          "code": "77606-2",
          "display": "Weight-for-length Per age and sex"
        } ],
        "text": "Weight-for-length Per age and sex"
      },
      "subject": {
        "reference": "urn:uuid:2af8ff7f-722e-cf17-fbf0-64603ad9843d"
      },
      "encounter": {
        "reference": "urn:uuid:69f1691e-1eee-6a1d-e94c-5047c0cc33d5"
      },
      "effectiveDateTime": "2024-11-30T21:32:03+00:00",
      "issued": "2024-11-30T21:32:03.152+00:00",
      "valueQuantity": {
        "value": 42.756,
        "unit": "%",
        "system": "http://unitsofmeasure.org",
        "code": "%"
      }
    },
    "request": {
      "method": "POST",
      "url": "Observation"
    }
  }, {
    "fullUrl": "urn:uuid:41bb1ccf-b1fb-81f3-22a8-d0fc21548348",
    "resource": {
      "resourceType": "Observation",
      "id": "41bb1ccf-b1fb-81f3-22a8-d0fc21548348",
      "status": "final",
      "category": {
        "coding": [ {
          "system": "http://hl7.org/fhir/observation-category",
          "code": "vital-signs",
          "display": "vital-signs"
        } ],
        "text": "vital-signs"
      },
      "code": {
        "coding": [ {
          "system": "http://loinc.org",
          "code": "8289-1",
          "display": "Head Occipital-frontal circumference Percentile"
        } ],
        "text": "Head Occipital-frontal circumference Percentile"
      },
      "subject": {
        "reference": "urn:uuid:2af8ff7f-722e-cf17-fbf0-64603ad9843d"
      },
      "encounter": {
        "reference": "urn:uuid:69f1691e-1eee-6a1d-e94c-5047c0cc33d5"
      },
      "effectiveDateTime": "2024-11-30T21:32:03+00:00",
      "issued": "2024-11-30T21:32:03.152+00:00",
      "valueQuantity": {
        "value": 100,
        "unit": "%",
        "system": "http://unitsofmeasure.org",
        "code": "%"
      }
    },
    "request": {
      "method": "POST",
      "url": "Observation"
    }
  }, {
    "fullUrl": "urn:uuid:7658c483-d0ad-6224-db82-a3fba4cc0b64",
    "resource": {
      "resourceType": "Observation",
      "id": "7658c483-d0ad-6224-db82-a3fba4cc0b64",
      "status": "final",
      "category": {
        "coding": [ {
          "system": "http://hl7.org/fhir/observation-category",
          "code": "vital-signs",
          "display": "vital-signs"
        } ],
        "text": "vital-signs"
      },
      "code": {
        "coding": [ {
          "system": "http://loinc.org",
          "code": "9843-4",
          "display": "Head Occipital-frontal circumference"
        } ],
        "text": "Head Occipital-frontal circumference"
      },
      "subject": {
        "reference": "urn:uuid:2af8ff7f-722e-cf17-fbf0-64603ad9843d"
      },
      "encounter": {
        "reference": "urn:uuid:69f1691e-1eee-6a1d-e94c-5047c0cc33d5"
      },
      "effectiveDateTime": "2024-11-30T21:32:03+00:00",
      "issued": "2024-11-30T21:32:03.152+00:00",
      "valueQuantity": {
        "value": 42.25,
        "unit": "cm",
        "system": "http://unitsofmeasure.org",
        "code": "cm"
      }
    },
    "request": {
      "method": "POST",
      "url": "Observation"
    }
  }, {
    "fullUrl": "urn:uuid:df9ca399-29af-3847-f94e-85fdf4fa7623",
    "resource": {
      "resourceType": "Observation",
      "id": "df9ca399-29af-3847-f94e-85fdf4fa7623",
      "status": "final",
      "category": {
        "coding": [ {
          "system": "http://hl7.org/fhir/observation-category",
          "code": "vital-signs",
          "display": "vital-signs"
        } ],
        "text": "vital-signs"
      },
      "code": {
        "coding": [ {
          "system": "http://loinc.org",
          "code": "85354-9",
          "display": "Blood pressure panel with all children optional"
        } ],
        "text": "Blood pressure panel with all children optional"
      },
      "subject": {
        "reference": "urn:uuid:2af8ff7f-722e-cf17-fbf0-64603ad9843d"
      },
      "encounter": {
        "reference": "urn:uuid:69f1691e-1eee-6a1d-e94c-5047c0cc33d5"
      },
      "effectiveDateTime": "2024-11-30T21:32:03+00:00",
      "issued": "2024-11-30T21:32:03.152+00:00",
      "component": [ {
        "code": {
          "coding": [ {
            "system": "http://loinc.org",
            "code": "8462-4",
            "display": "Diastolic Blood Pressure"
          } ],
          "text": "Diastolic Blood Pressure"
        },
        "valueQuantity": {
          "value": 68,
          "unit": "mm[Hg]",
          "system": "http://unitsofmeasure.org",
          "code": "mm[Hg]"
        }
      }, {
        "code": {
          "coding": [ {
            "system": "http://loinc.org",
            "code": "8480-6",
            "display": "Systolic Blood Pressure"
          } ],
          "text": "Systolic Blood Pressure"
        },
        "valueQuantity": {
          "value": 113,
          "unit": "mm[Hg]",
          "system": "http://unitsofmeasure.org",
          "code": "mm[Hg]"
        }
      } ]
    },
    "request": {
      "method": "POST",
      "url": "Observation"
    }
  }, {
    "fullUrl": "urn:uuid:b2c49c42-1691-9fb1-fcd0-8125f71188fa",
    "resource": {
      "resourceType": "Observation",
      "id": "b2c49c42-1691-9fb1-fcd0-8125f71188fa",
      "status": "final",
      "category": {
        "coding": [ {
          "system": "http://hl7.org/fhir/observation-category",
          "code": "vital-signs",
          "display": "vital-signs"
        } ],
        "text": "vital-signs"
      },
      "code": {
        "coding": [ {
          "system": "http://loinc.org",
          "code": "8867-4",
          "display": "Heart rate"
        } ],
        "text": "Heart rate"
      },
      "subject": {
        "reference": "urn:uuid:2af8ff7f-722e-cf17-fbf0-64603ad9843d"
      },
      "encounter": {
        "reference": "urn:uuid:69f1691e-1eee-6a1d-e94c-5047c0cc33d5"
      },
      "effectiveDateTime": "2024-11-30T21:32:03+00:00",
      "issued": "2024-11-30T21:32:03.152+00:00",
      "valueQuantity": {
        "value": 97,
        "unit": "/min",
        "system": "http://unitsofmeasure.org",
        "code": "/min"
      }
    },
    "request": {
      "method": "POST",
      "url": "Observation"
    }
  }, {
    "fullUrl": "urn:uuid:20979f24-4258-40e7-f8b5-90f2a748705e",
    "resource": {
      "resourceType": "Observation",
      "id": "20979f24-4258-40e7-f8b5-90f2a748705e",
      "status": "final",
      "category": {
        "coding": [ {
          "system": "http://hl7.org/fhir/observation-category",
          "code": "vital-signs",
          "display": "vital-signs"
        } ],
        "text": "vital-signs"
      },
      "code": {
        "coding": [ {
          "system": "http://loinc.org",
          "code": "9279-1",
          "display": "Respiratory rate"
        } ],
        "text": "Respiratory rate"
      },
      "subject": {
        "reference": "urn:uuid:2af8ff7f-722e-cf17-fbf0-64603ad9843d"
      },
      "encounter": {
        "reference": "urn:uuid:69f1691e-1eee-6a1d-e94c-5047c0cc33d5"
      },
      "effectiveDateTime": "2024-11-30T21:32:03+00:00",
      "issued": "2024-11-30T21:32:03.152+00:00",
      "valueQuantity": {
        "value": 14,
        "unit": "/min",
        "system": "http://unitsofmeasure.org",
        "code": "/min"
      }
    },
    "request": {
      "method": "POST",
      "url": "Observation"
    }
  }, {
    "fullUrl": "urn:uuid:5f512b23-613c-40cf-e118-9ebba3eca53c",
    "resource": {
      "resourceType": "Observation",
      "id": "5f512b23-613c-40cf-e118-9ebba3eca53c",
      "status": "final",
      "category": {
        "coding": [ {
          "system": "http://hl7.org/fhir/observation-category",
          "code": "social-history",
          "display": "social-history"
        } ],
        "text": "social-history"
      },
      "code": {
        "coding": [ {
          "system": "http://loinc.org",
          "code": "72166-2",
          "display": "Tobacco smoking status"
        } ],
        "text": "Tobacco smoking status"
      },
      "subject": {
        "reference": "urn:uuid:2af8ff7f-722e-cf17-fbf0-64603ad9843d"
      },
      "encounter": {
        "reference": "urn:uuid:69f1691e-1eee-6a1d-e94c-5047c0cc33d5"
      },
      "effectiveDateTime": "2024-11-30T21:32:03+00:00",
      "issued": "2024-11-30T21:32:03.152+00:00",
      "valueCodeableConcept": {
        "coding": [ {
          "system": "http://snomed.info/sct",
          "code": "266919005",
          "display": "Never smoked tobacco (finding)"
        } ],
        "text": "Never smoked tobacco (finding)"
      }
    },
    "request": {
      "method": "POST",
      "url": "Observation"
    }
  }, {
    "fullUrl": "urn:uuid:a894a4a0-a640-d6d1-baa1-00a6adcdc513",
    "resource": {
      "resourceType": "Procedure",
      "id": "a894a4a0-a640-d6d1-baa1-00a6adcdc513",
      "subject": {
        "reference": "urn:uuid:2af8ff7f-722e-cf17-fbf0-64603ad9843d"
      },
      "status": "completed",
      "code": {
        "coding": [ {
          "system": "http://snomed.info/sct",
          "code": "430193006",
          "display": "Medication reconciliation (procedure)"
        } ],
        "text": "Medication reconciliation (procedure)"
      },
      "performedPeriod": {
        "start": "2024-11-30T21:32:03+00:00",
        "end": "2024-11-30T21:47:03+00:00"
      },
      "encounter": {
        "reference": "urn:uuid:69f1691e-1eee-6a1d-e94c-5047c0cc33d5"
      }
    },
    "request": {
      "method": "POST",
      "url": "Procedure"
    }
  }, {
    "fullUrl": "urn:uuid:eb0d091f-2ff2-08ff-2b32-9724bd74a6bd",
    "resource": {
      "resourceType": "Immunization",
      "id": "eb0d091f-2ff2-08ff-2b32-9724bd74a6bd",
      "status": "completed",
      "date": "2024-11-30T21:32:03+00:00",
      "vaccineCode": {
        "coding": [ {
          "system": "http://hl7.org/fhir/sid/cvx",
          "code": "08",
          "display": "Hep B, adolescent or pediatric"
        } ],
        "text": "Hep B, adolescent or pediatric"
      },
      "patient": {
        "reference": "urn:uuid:2af8ff7f-722e-cf17-fbf0-64603ad9843d"
      },
      "wasNotGiven": false,
      "reported": false,
      "encounter": {
        "reference": "urn:uuid:69f1691e-1eee-6a1d-e94c-5047c0cc33d5"
      }
    },
    "request": {
      "method": "POST",
      "url": "Immunization"
    }
  }, {
    "fullUrl": "urn:uuid:b79da415-44be-2e01-a277-8a7aa97ed4c8",
    "resource": {
      "resourceType": "Claim",
      "id": "b79da415-44be-2e01-a277-8a7aa97ed4c8",
      "type": "institutional",
      "organization": {
        "reference": "Organization?identifier=https://github.com/synthetichealth/synthea|df3f566c-97e5-31ed-b0fe-4b452666f736",
        "display": "CLASSIC HEALTHCARE MEDICAL GROUP LLC"
      },
      "use": "complete",
      "patient": {
        "reference": "urn:uuid:2af8ff7f-722e-cf17-fbf0-64603ad9843d"
      },
      "item": [ {
        "sequence": 1,
        "type": {
          "system": "http://hl7.org/fhir/v3/ActCode",
          "code": "CSINV",
          "display": "clinical service invoice"
        },
        "service": {
          "system": "http://snomed.info/sct",
          "code": "410620009",
          "display": "Well child visit (procedure)"
        }
      }, {
        "sequence": 2,
        "type": {
          "system": "http://hl7.org/fhir/v3/ActCode",
          "code": "CSINV",
          "display": "clinical service invoice"
        },
        "service": {
          "system": "http://hl7.org/fhir/sid/cvx",
          "code": "08",
          "display": "Hep B, adolescent or pediatric"
        },
        "net": {
          "value": 136.00,
          "system": "urn:iso:std:iso:4217",
          "code": "USD"
        }
      }, {
        "sequence": 3,
        "type": {
          "system": "http://hl7.org/fhir/v3/ActCode",
          "code": "CSINV",
          "display": "clinical service invoice"
        },
        "service": {
          "system": "http://snomed.info/sct",
          "code": "430193006",
          "display": "Medication reconciliation (procedure)"
        },
        "net": {
          "value": 606.05,
          "system": "urn:iso:std:iso:4217",
          "code": "USD"
        }
      } ]
    },
    "request": {
      "method": "POST",
      "url": "Claim"
    }
  }, {
    "fullUrl": "urn:uuid:0c03ce5b-2077-e5d7-5f06-46e19d5ac130",
    "resource": {
      "resourceType": "Encounter",
      "id": "0c03ce5b-2077-e5d7-5f06-46e19d5ac130",
      "status": "finished",
      "class": "ambulatory",
      "type": [ {
        "coding": [ {
          "system": "http://snomed.info/sct",
          "code": "410620009",
          "display": "Well child visit (procedure)"
        } ],
        "text": "Well child visit (procedure)"
      } ],
      "patient": {
        "reference": "urn:uuid:2af8ff7f-722e-cf17-fbf0-64603ad9843d"
      },
      "participant": [ {
        "individual": {
          "reference": "Practitioner?identifier=http://hl7.org/fhir/sid/us-npi|9999952895",
          "display": "Dr. Mckinley734 Rodriguez71"
        }
      } ],
      "period": {
        "start": "2025-02-01T21:32:03+00:00",
        "end": "2025-02-01T21:47:03+00:00"
      },
      "serviceProvider": {
        "reference": "Organization?identifier=https://github.com/synthetichealth/synthea|df3f566c-97e5-31ed-b0fe-4b452666f736",
        "display": "CLASSIC HEALTHCARE MEDICAL GROUP LLC"
      }
    },
    "request": {
      "method": "POST",
      "url": "Encounter"
    }
  }, {
    "fullUrl": "urn:uuid:9899bada-9893-bdf8-b185-4a09b3556963",
    "resource": {
      "resourceType": "Condition",
      "id": "9899bada-9893-bdf8-b185-4a09b3556963",
      "patient": {
        "reference": "urn:uuid:2af8ff7f-722e-cf17-fbf0-64603ad9843d"
      },
      "encounter": {
        "reference": "urn:uuid:0c03ce5b-2077-e5d7-5f06-46e19d5ac130"
      },
      "dateRecorded": "2025-02-01",
      "code": {
        "coding": [ {
          "system": "http://snomed.info/sct",
          "code": "314529007",
          "display": "Medication review due (situation)"
        } ],
        "text": "Medication review due (situation)"
      },
      "category": {
        "coding": [ {
          "system": "http://hl7.org/fhir/condition-category",
          "code": "diagnosis"
        } ]
      },
      "clinicalStatus": "active",
      "verificationStatus": "confirmed",
      "onsetDateTime": "2025-02-01T21:32:03+00:00"
    },
    "request": {
      "method": "POST",
      "url": "Condition"
    }
  }, {
    "fullUrl": "urn:uuid:dd116cbd-262e-1902-7d35-4156c17b9cd2",
    "resource": {
      "resourceType": "Observation",
      "id": "dd116cbd-262e-1902-7d35-4156c17b9cd2",
      "status": "final",
      "category": {
        "coding": [ {
          "system": "http://hl7.org/fhir/observation-category",
          "code": "vital-signs",
          "display": "vital-signs"
        } ],
        "text": "vital-signs"
      },
      "code": {
        "coding": [ {
          "system": "http://loinc.org",
          "code": "8302-2",
          "display": "Body Height"
        } ],
        "text": "Body Height"
      },
      "subject": {
        "reference": "urn:uuid:2af8ff7f-722e-cf17-fbf0-64603ad9843d"
      },
      "encounter": {
        "reference": "urn:uuid:0c03ce5b-2077-e5d7-5f06-46e19d5ac130"
      },
      "effectiveDateTime": "2025-02-01T21:32:03+00:00",
      "issued": "2025-02-01T21:32:03.152+00:00",
      "valueQuantity": {
        "value": 66.200,
        "unit": "cm",
        "system": "http://unitsofmeasure.org",
        "code": "cm"
      }
    },
    "request": {
      "method": "POST",
      "url": "Observation"
    }
  }, {
    "fullUrl": "urn:uuid:505667ea-c731-615e-62c5-e823561e7af4",
    "resource": {
      "resourceType": "Observation",
      "id": "505667ea-c731-615e-62c5-e823561e7af4",
      "status": "final",
      "category": {
        "coding": [ {
          "system": "http://hl7.org/fhir/observation-category",
          "code": "vital-signs",
          "display": "vital-signs"
        } ],
        "text": "vital-signs"
      },
      "code": {
        "coding": [ {
          "system": "http://loinc.org",
          "code": "72514-3",
          "display": "Pain severity - 0-10 verbal numeric rating [Score] - Reported"
        } ],
        "text": "Pain severity - 0-10 verbal numeric rating [Score] - Reported"
      },
      "subject": {
        "reference": "urn:uuid:2af8ff7f-722e-cf17-fbf0-64603ad9843d"
      },
      "encounter": {
        "reference": "urn:uuid:0c03ce5b-2077-e5d7-5f06-46e19d5ac130"
      },
      "effectiveDateTime": "2025-02-01T21:32:03+00:00",
      "issued": "2025-02-01T21:32:03.152+00:00",
      "valueQuantity": {
        "value": 2,
        "unit": "{score}",
        "system": "http://unitsofmeasure.org",
        "code": "{score}"
      }
    },
    "request": {
      "method": "POST",
      "url": "Observation"
    }
  }, {
    "fullUrl": "urn:uuid:e777781e-e9ed-5ef6-76fe-b499f5dd26fc",
    "resource": {
      "resourceType": "Observation",
      "id": "e777781e-e9ed-5ef6-76fe-b499f5dd26fc",
      "status": "final",
      "category": {
        "coding": [ {
          "system": "http://hl7.org/fhir/observation-category",
          "code": "vital-signs",
          "display": "vital-signs"
        } ],
        "text": "vital-signs"
      },
      "code": {
        "coding": [ {
          "system": "http://loinc.org",
          "code": "29463-7",
          "display": "Body Weight"
        } ],
        "text": "Body Weight"
      },
      "subject": {
        "reference": "urn:uuid:2af8ff7f-722e-cf17-fbf0-64603ad9843d"
      },
      "encounter": {
        "reference": "urn:uuid:0c03ce5b-2077-e5d7-5f06-46e19d5ac130"
      },
      "effectiveDateTime": "2025-02-01T21:32:03+00:00",
      "issued": "2025-02-01T21:32:03.152+00:00",
      "valueQuantity": {
        "value": 7.8000,
        "unit": "kg",
        "system": "http://unitsofmeasure.org",
        "code": "kg"
      }
    },
    "request": {
      "method": "POST",
      "url": "Observation"
    }
  }, {
    "fullUrl": "urn:uuid:19bd44ba-dbee-b05b-4a4b-0bf3346701c8",
    "resource": {
      "resourceType": "Observation",
      "id": "19bd44ba-dbee-b05b-4a4b-0bf3346701c8",
      "status": "final",
      "category": {
        "coding": [ {
          "system": "http://hl7.org/fhir/observation-category",
          "code": "vital-signs",
          "display": "vital-signs"
        } ],
        "text": "vital-signs"
      },
      "code": {
        "coding": [ {
          "system": "http://loinc.org",
          "code": "77606-2",
          "display": "Weight-for-length Per age and sex"
        } ],
        "text": "Weight-for-length Per age and sex"
      },
      "subject": {
        "reference": "urn:uuid:2af8ff7f-722e-cf17-fbf0-64603ad9843d"
      },
      "encounter": {
        "reference": "urn:uuid:0c03ce5b-2077-e5d7-5f06-46e19d5ac130"
      },
      "effectiveDateTime": "2025-02-01T21:32:03+00:00",
      "issued": "2025-02-01T21:32:03.152+00:00",
      "valueQuantity": {
        "value": 69.592,
        "unit": "%",
        "system": "http://unitsofmeasure.org",
        "code": "%"
      }
    },
    "request": {
      "method": "POST",
      "url": "Observation"
    }
  }, {
    "fullUrl": "urn:uuid:25d0d8ce-187f-6a21-539a-8cda2471d7b9",
    "resource": {
      "resourceType": "Observation",
      "id": "25d0d8ce-187f-6a21-539a-8cda2471d7b9",
      "status": "final",
      "category": {
        "coding": [ {
          "system": "http://hl7.org/fhir/observation-category",
          "code": "vital-signs",
          "display": "vital-signs"
        } ],
        "text": "vital-signs"
      },
      "code": {
        "coding": [ {
          "system": "http://loinc.org",
          "code": "8289-1",
          "display": "Head Occipital-frontal circumference Percentile"
        } ],
        "text": "Head Occipital-frontal circumference Percentile"
      },
      "subject": {
        "reference": "urn:uuid:2af8ff7f-722e-cf17-fbf0-64603ad9843d"
      },
      "encounter": {
        "reference": "urn:uuid:0c03ce5b-2077-e5d7-5f06-46e19d5ac130"
      },
      "effectiveDateTime": "2025-02-01T21:32:03+00:00",
      "issued": "2025-02-01T21:32:03.152+00:00",
      "valueQuantity": {
        "value": 100,
        "unit": "%",
        "system": "http://unitsofmeasure.org",
        "code": "%"
      }
    },
    "request": {
      "method": "POST",
      "url": "Observation"
    }
  }, {
    "fullUrl": "urn:uuid:c6046ce0-cfed-b9d9-153f-4e0393337a57",
    "resource": {
      "resourceType": "Observation",
      "id": "c6046ce0-cfed-b9d9-153f-4e0393337a57",
      "status": "final",
      "category": {
        "coding": [ {
          "system": "http://hl7.org/fhir/observation-category",
          "code": "vital-signs",
          "display": "vital-signs"
        } ],
        "text": "vital-signs"
      },
      "code": {
        "coding": [ {
          "system": "http://loinc.org",
          "code": "9843-4",
          "display": "Head Occipital-frontal circumference"
        } ],
        "text": "Head Occipital-frontal circumference"
      },
      "subject": {
        "reference": "urn:uuid:2af8ff7f-722e-cf17-fbf0-64603ad9843d"
      },
      "encounter": {
        "reference": "urn:uuid:0c03ce5b-2077-e5d7-5f06-46e19d5ac130"
      },
      "effectiveDateTime": "2025-02-01T21:32:03+00:00",
      "issued": "2025-02-01T21:32:03.152+00:00",
      "valueQuantity": {
        "value": 44.340,
        "unit": "cm",
        "system": "http://unitsofmeasure.org",
        "code": "cm"
      }
    },
    "request": {
      "method": "POST",
      "url": "Observation"
    }
  }, {
    "fullUrl": "urn:uuid:82d17102-b228-e7ed-5686-6aeca31b72b5",
    "resource": {
      "resourceType": "Observation",
      "id": "82d17102-b228-e7ed-5686-6aeca31b72b5",
      "status": "final",
      "category": {
        "coding": [ {
          "system": "http://hl7.org/fhir/observation-category",
          "code": "vital-signs",
          "display": "vital-signs"
        } ],
        "text": "vital-signs"
      },
      "code": {
        "coding": [ {
          "system": "http://loinc.org",
          "code": "85354-9",
          "display": "Blood pressure panel with all children optional"
        } ],
        "text": "Blood pressure panel with all children optional"
      },
      "subject": {
        "reference": "urn:uuid:2af8ff7f-722e-cf17-fbf0-64603ad9843d"
      },
      "encounter": {
        "reference": "urn:uuid:0c03ce5b-2077-e5d7-5f06-46e19d5ac130"
      },
      "effectiveDateTime": "2025-02-01T21:32:03+00:00",
      "issued": "2025-02-01T21:32:03.152+00:00",
      "component": [ {
        "code": {
          "coding": [ {
            "system": "http://loinc.org",
            "code": "8462-4",
            "display": "Diastolic Blood Pressure"
          } ],
          "text": "Diastolic Blood Pressure"
        },
        "valueQuantity": {
          "value": 73,
          "unit": "mm[Hg]",
          "system": "http://unitsofmeasure.org",
          "code": "mm[Hg]"
        }
      }, {
        "code": {
          "coding": [ {
            "system": "http://loinc.org",
            "code": "8480-6",
            "display": "Systolic Blood Pressure"
          } ],
          "text": "Systolic Blood Pressure"
        },
        "valueQuantity": {
          "value": 111,
          "unit": "mm[Hg]",
          "system": "http://unitsofmeasure.org",
          "code": "mm[Hg]"
        }
      } ]
    },
    "request": {
      "method": "POST",
      "url": "Observation"
    }
  }, {
    "fullUrl": "urn:uuid:3cf4d43d-0afd-9a88-4536-80d4c7a2ddeb",
    "resource": {
      "resourceType": "Observation",
      "id": "3cf4d43d-0afd-9a88-4536-80d4c7a2ddeb",
      "status": "final",
      "category": {
        "coding": [ {
          "system": "http://hl7.org/fhir/observation-category",
          "code": "vital-signs",
          "display": "vital-signs"
        } ],
        "text": "vital-signs"
      },
      "code": {
        "coding": [ {
          "system": "http://loinc.org",
          "code": "8867-4",
          "display": "Heart rate"
        } ],
        "text": "Heart rate"
      },
      "subject": {
        "reference": "urn:uuid:2af8ff7f-722e-cf17-fbf0-64603ad9843d"
      },
      "encounter": {
        "reference": "urn:uuid:0c03ce5b-2077-e5d7-5f06-46e19d5ac130"
      },
      "effectiveDateTime": "2025-02-01T21:32:03+00:00",
      "issued": "2025-02-01T21:32:03.152+00:00",
      "valueQuantity": {
        "value": 78,
        "unit": "/min",
        "system": "http://unitsofmeasure.org",
        "code": "/min"
      }
    },
    "request": {
      "method": "POST",
      "url": "Observation"
    }
  }, {
    "fullUrl": "urn:uuid:46d5b2fa-8e19-aea9-18bd-3d61755b29f9",
    "resource": {
      "resourceType": "Observation",
      "id": "46d5b2fa-8e19-aea9-18bd-3d61755b29f9",
      "status": "final",
      "category": {
        "coding": [ {
          "system": "http://hl7.org/fhir/observation-category",
          "code": "vital-signs",
          "display": "vital-signs"
        } ],
        "text": "vital-signs"
      },
      "code": {
        "coding": [ {
          "system": "http://loinc.org",
          "code": "9279-1",
          "display": "Respiratory rate"
        } ],
        "text": "Respiratory rate"
      },
      "subject": {
        "reference": "urn:uuid:2af8ff7f-722e-cf17-fbf0-64603ad9843d"
      },
      "encounter": {
        "reference": "urn:uuid:0c03ce5b-2077-e5d7-5f06-46e19d5ac130"
      },
      "effectiveDateTime": "2025-02-01T21:32:03+00:00",
      "issued": "2025-02-01T21:32:03.152+00:00",
      "valueQuantity": {
        "value": 14,
        "unit": "/min",
        "system": "http://unitsofmeasure.org",
        "code": "/min"
      }
    },
    "request": {
      "method": "POST",
      "url": "Observation"
    }
  }, {
    "fullUrl": "urn:uuid:58ee44ca-e1b3-80e8-1ded-f334e2f6863b",
    "resource": {
      "resourceType": "Observation",
      "id": "58ee44ca-e1b3-80e8-1ded-f334e2f6863b",
      "status": "final",
      "category": {
        "coding": [ {
          "system": "http://hl7.org/fhir/observation-category",
          "code": "social-history",
          "display": "social-history"
        } ],
        "text": "social-history"
      },
      "code": {
        "coding": [ {
          "system": "http://loinc.org",
          "code": "72166-2",
          "display": "Tobacco smoking status"
        } ],
        "text": "Tobacco smoking status"
      },
      "subject": {
        "reference": "urn:uuid:2af8ff7f-722e-cf17-fbf0-64603ad9843d"
      },
      "encounter": {
        "reference": "urn:uuid:0c03ce5b-2077-e5d7-5f06-46e19d5ac130"
      },
      "effectiveDateTime": "2025-02-01T21:32:03+00:00",
      "issued": "2025-02-01T21:32:03.152+00:00",
      "valueCodeableConcept": {
        "coding": [ {
          "system": "http://snomed.info/sct",
          "code": "266919005",
          "display": "Never smoked tobacco (finding)"
        } ],
        "text": "Never smoked tobacco (finding)"
      }
    },
    "request": {
      "method": "POST",
      "url": "Observation"
    }
  }, {
    "fullUrl": "urn:uuid:3287b877-42b5-991e-204b-3226a719d9c2",
    "resource": {
      "resourceType": "Immunization",
      "id": "3287b877-42b5-991e-204b-3226a719d9c2",
      "status": "completed",
      "date": "2025-02-01T21:32:03+00:00",
      "vaccineCode": {
        "coding": [ {
          "system": "http://hl7.org/fhir/sid/cvx",
          "code": "49",
          "display": "Hib (PRP-OMP)"
        } ],
        "text": "Hib (PRP-OMP)"
      },
      "patient": {
        "reference": "urn:uuid:2af8ff7f-722e-cf17-fbf0-64603ad9843d"
      },
      "wasNotGiven": false,
      "reported": false,
      "encounter": {
        "reference": "urn:uuid:0c03ce5b-2077-e5d7-5f06-46e19d5ac130"
      }
    },
    "request": {
      "method": "POST",
      "url": "Immunization"
    }
  }, {
    "fullUrl": "urn:uuid:3b6ad7d5-f21b-184e-d206-7f08565cbba1",
    "resource": {
      "resourceType": "Immunization",
      "id": "3b6ad7d5-f21b-184e-d206-7f08565cbba1",
      "status": "completed",
      "date": "2025-02-01T21:32:03+00:00",
      "vaccineCode": {
        "coding": [ {
          "system": "http://hl7.org/fhir/sid/cvx",
          "code": "119",
          "display": "rotavirus, monovalent"
        } ],
        "text": "rotavirus, monovalent"
      },
      "patient": {
        "reference": "urn:uuid:2af8ff7f-722e-cf17-fbf0-64603ad9843d"
      },
      "wasNotGiven": false,
      "reported": false,
      "encounter": {
        "reference": "urn:uuid:0c03ce5b-2077-e5d7-5f06-46e19d5ac130"
      }
    },
    "request": {
      "method": "POST",
      "url": "Immunization"
    }
  }, {
    "fullUrl": "urn:uuid:dd5f167c-085c-030d-d330-9ed17aaa25fd",
    "resource": {
      "resourceType": "Immunization",
      "id": "dd5f167c-085c-030d-d330-9ed17aaa25fd",
      "status": "completed",
      "date": "2025-02-01T21:32:03+00:00",
      "vaccineCode": {
        "coding": [ {
          "system": "http://hl7.org/fhir/sid/cvx",
          "code": "10",
          "display": "IPV"
        } ],
        "text": "IPV"
      },
      "patient": {
        "reference": "urn:uuid:2af8ff7f-722e-cf17-fbf0-64603ad9843d"
      },
      "wasNotGiven": false,
      "reported": false,
      "encounter": {
        "reference": "urn:uuid:0c03ce5b-2077-e5d7-5f06-46e19d5ac130"
      }
    },
    "request": {
      "method": "POST",
      "url": "Immunization"
    }
  }, {
    "fullUrl": "urn:uuid:99fbd7fe-523b-696c-7c90-c58a1549d8ad",
    "resource": {
      "resourceType": "Immunization",
      "id": "99fbd7fe-523b-696c-7c90-c58a1549d8ad",
      "status": "completed",
      "date": "2025-02-01T21:32:03+00:00",
      "vaccineCode": {
        "coding": [ {
          "system": "http://hl7.org/fhir/sid/cvx",
          "code": "20",
          "display": "DTaP"
        } ],
        "text": "DTaP"
      },
      "patient": {
        "reference": "urn:uuid:2af8ff7f-722e-cf17-fbf0-64603ad9843d"
      },
      "wasNotGiven": false,
      "reported": false,
      "encounter": {
        "reference": "urn:uuid:0c03ce5b-2077-e5d7-5f06-46e19d5ac130"
      }
    },
    "request": {
      "method": "POST",
      "url": "Immunization"
    }
  }, {
    "fullUrl": "urn:uuid:08754ede-b486-d125-258c-363b413e7cd9",
    "resource": {
      "resourceType": "Immunization",
      "id": "08754ede-b486-d125-258c-363b413e7cd9",
      "status": "completed",
      "date": "2025-02-01T21:32:03+00:00",
      "vaccineCode": {
        "coding": [ {
          "system": "http://hl7.org/fhir/sid/cvx",
          "code": "133",
          "display": "Pneumococcal conjugate PCV 13"
        } ],
        "text": "Pneumococcal conjugate PCV 13"
      },
      "patient": {
        "reference": "urn:uuid:2af8ff7f-722e-cf17-fbf0-64603ad9843d"
      },
      "wasNotGiven": false,
      "reported": false,
      "encounter": {
        "reference": "urn:uuid:0c03ce5b-2077-e5d7-5f06-46e19d5ac130"
      }
    },
    "request": {
      "method": "POST",
      "url": "Immunization"
    }
  }, {
    "fullUrl": "urn:uuid:a8d09e74-56ff-f781-611a-60f20cd669cd",
    "resource": {
      "resourceType": "Claim",
      "id": "a8d09e74-56ff-f781-611a-60f20cd669cd",
      "type": "institutional",
      "organization": {
        "reference": "Organization?identifier=https://github.com/synthetichealth/synthea|df3f566c-97e5-31ed-b0fe-4b452666f736",
        "display": "CLASSIC HEALTHCARE MEDICAL GROUP LLC"
      },
      "use": "complete",
      "diagnosis": [ {
        "sequence": 1,
        "diagnosis": {
          "system": "http://snomed.info/sct",
          "code": "314529007",
          "display": "Medication review due (situation)"
        }
      } ],
      "patient": {
        "reference": "urn:uuid:2af8ff7f-722e-cf17-fbf0-64603ad9843d"
      },
      "item": [ {
        "sequence": 1,
        "type": {
          "system": "http://hl7.org/fhir/v3/ActCode",
          "code": "CSINV",
          "display": "clinical service invoice"
        },
        "service": {
          "system": "http://snomed.info/sct",
          "code": "410620009",
          "display": "Well child visit (procedure)"
        }
      }, {
        "sequence": 2,
        "type": {
          "system": "http://hl7.org/fhir/v3/ActCode",
          "code": "CSINV",
          "display": "clinical service invoice"
        },
        "service": {
          "system": "http://hl7.org/fhir/sid/cvx",
          "code": "49",
          "display": "Hib (PRP-OMP)"
        },
        "net": {
          "value": 136.00,
          "system": "urn:iso:std:iso:4217",
          "code": "USD"
        }
      }, {
        "sequence": 3,
        "type": {
          "system": "http://hl7.org/fhir/v3/ActCode",
          "code": "CSINV",
          "display": "clinical service invoice"
        },
        "service": {
          "system": "http://hl7.org/fhir/sid/cvx",
          "code": "119",
          "display": "rotavirus, monovalent"
        },
        "net": {
          "value": 136.00,
          "system": "urn:iso:std:iso:4217",
          "code": "USD"
        }
      }, {
        "sequence": 4,
        "type": {
          "system": "http://hl7.org/fhir/v3/ActCode",
          "code": "CSINV",
          "display": "clinical service invoice"
        },
        "service": {
          "system": "http://hl7.org/fhir/sid/cvx",
          "code": "10",
          "display": "IPV"
        },
        "net": {
          "value": 136.00,
          "system": "urn:iso:std:iso:4217",
          "code": "USD"
        }
      }, {
        "sequence": 5,
        "type": {
          "system": "http://hl7.org/fhir/v3/ActCode",
          "code": "CSINV",
          "display": "clinical service invoice"
        },
        "service": {
          "system": "http://hl7.org/fhir/sid/cvx",
          "code": "20",
          "display": "DTaP"
        },
        "net": {
          "value": 136.00,
          "system": "urn:iso:std:iso:4217",
          "code": "USD"
        }
      }, {
        "sequence": 6,
        "type": {
          "system": "http://hl7.org/fhir/v3/ActCode",
          "code": "CSINV",
          "display": "clinical service invoice"
        },
        "service": {
          "system": "http://hl7.org/fhir/sid/cvx",
          "code": "133",
          "display": "Pneumococcal conjugate PCV 13"
        },
        "net": {
          "value": 136.00,
          "system": "urn:iso:std:iso:4217",
          "code": "USD"
        }
      } ]
    },
    "request": {
      "method": "POST",
      "url": "Claim"
    }
  }, {
    "fullUrl": "urn:uuid:d1911d52-231f-4b6a-3f10-d9271c3505ff",
    "resource": {
      "resourceType": "Encounter",
      "id": "d1911d52-231f-4b6a-3f10-d9271c3505ff",
      "status": "finished",
      "class": "ambulatory",
      "type": [ {
        "coding": [ {
          "system": "http://snomed.info/sct",
          "code": "410620009",
          "display": "Well child visit (procedure)"
        } ],
        "text": "Well child visit (procedure)"
      } ],
      "patient": {
        "reference": "urn:uuid:2af8ff7f-722e-cf17-fbf0-64603ad9843d"
      },
      "participant": [ {
        "individual": {
          "reference": "Practitioner?identifier=http://hl7.org/fhir/sid/us-npi|9999952895",
          "display": "Dr. Mckinley734 Rodriguez71"
        }
      } ],
      "period": {
        "start": "2025-04-05T21:32:03+00:00",
        "end": "2025-04-05T21:47:03+00:00"
      },
      "serviceProvider": {
        "reference": "Organization?identifier=https://github.com/synthetichealth/synthea|df3f566c-97e5-31ed-b0fe-4b452666f736",
        "display": "CLASSIC HEALTHCARE MEDICAL GROUP LLC"
      }
    },
    "request": {
      "method": "POST",
      "url": "Encounter"
    }
  }, {
    "fullUrl": "urn:uuid:80d5f9da-7fc1-ae06-e69f-dba68d6bc88c",
    "resource": {
      "resourceType": "Observation",
      "id": "80d5f9da-7fc1-ae06-e69f-dba68d6bc88c",
      "status": "final",
      "category": {
        "coding": [ {
          "system": "http://hl7.org/fhir/observation-category",
          "code": "vital-signs",
          "display": "vital-signs"
        } ],
        "text": "vital-signs"
      },
      "code": {
        "coding": [ {
          "system": "http://loinc.org",
          "code": "8302-2",
          "display": "Body Height"
        } ],
        "text": "Body Height"
      },
      "subject": {
        "reference": "urn:uuid:2af8ff7f-722e-cf17-fbf0-64603ad9843d"
      },
      "encounter": {
        "reference": "urn:uuid:d1911d52-231f-4b6a-3f10-d9271c3505ff"
      },
      "effectiveDateTime": "2025-04-05T21:32:03+00:00",
      "issued": "2025-04-05T21:32:03.152+00:00",
      "valueQuantity": {
        "value": 70.300,
        "unit": "cm",
        "system": "http://unitsofmeasure.org",
        "code": "cm"
      }
    },
    "request": {
      "method": "POST",
      "url": "Observation"
    }
  }, {
    "fullUrl": "urn:uuid:70168b91-01ca-7e72-b618-ab91b6dbe663",
    "resource": {
      "resourceType": "Observation",
      "id": "70168b91-01ca-7e72-b618-ab91b6dbe663",
      "status": "final",
      "category": {
        "coding": [ {
          "system": "http://hl7.org/fhir/observation-category",
          "code": "vital-signs",
          "display": "vital-signs"
        } ],
        "text": "vital-signs"
      },
      "code": {
        "coding": [ {
          "system": "http://loinc.org",
          "code": "72514-3",
          "display": "Pain severity - 0-10 verbal numeric rating [Score] - Reported"
        } ],
        "text": "Pain severity - 0-10 verbal numeric rating [Score] - Reported"
      },
      "subject": {
        "reference": "urn:uuid:2af8ff7f-722e-cf17-fbf0-64603ad9843d"
      },
      "encounter": {
        "reference": "urn:uuid:d1911d52-231f-4b6a-3f10-d9271c3505ff"
      },
      "effectiveDateTime": "2025-04-05T21:32:03+00:00",
      "issued": "2025-04-05T21:32:03.152+00:00",
      "valueQuantity": {
        "value": 4,
        "unit": "{score}",
        "system": "http://unitsofmeasure.org",
        "code": "{score}"
      }
    },
    "request": {
      "method": "POST",
      "url": "Observation"
    }
  }, {
    "fullUrl": "urn:uuid:b9969a9a-7b79-f55c-2502-ec5b50b9ce67",
    "resource": {
      "resourceType": "Observation",
      "id": "b9969a9a-7b79-f55c-2502-ec5b50b9ce67",
      "status": "final",
      "category": {
        "coding": [ {
          "system": "http://hl7.org/fhir/observation-category",
          "code": "vital-signs",
          "display": "vital-signs"
        } ],
        "text": "vital-signs"
      },
      "code": {
        "coding": [ {
          "system": "http://loinc.org",
          "code": "29463-7",
          "display": "Body Weight"
        } ],
        "text": "Body Weight"
      },
      "subject": {
        "reference": "urn:uuid:2af8ff7f-722e-cf17-fbf0-64603ad9843d"
      },
      "encounter": {
        "reference": "urn:uuid:d1911d52-231f-4b6a-3f10-d9271c3505ff"
      },
      "effectiveDateTime": "2025-04-05T21:32:03+00:00",
      "issued": "2025-04-05T21:32:03.152+00:00",
      "valueQuantity": {
        "value": 9.2000,
        "unit": "kg",
        "system": "http://unitsofmeasure.org",
        "code": "kg"
      }
    },
    "request": {
      "method": "POST",
      "url": "Observation"
    }
  }, {
    "fullUrl": "urn:uuid:d3d31a90-fd08-7007-d452-dfd7169a0210",
    "resource": {
      "resourceType": "Observation",
      "id": "d3d31a90-fd08-7007-d452-dfd7169a0210",
      "status": "final",
      "category": {
        "coding": [ {
          "system": "http://hl7.org/fhir/observation-category",
          "code": "vital-signs",
          "display": "vital-signs"
        } ],
        "text": "vital-signs"
      },
      "code": {
        "coding": [ {
          "system": "http://loinc.org",
          "code": "77606-2",
          "display": "Weight-for-length Per age and sex"
        } ],
        "text": "Weight-for-length Per age and sex"
      },
      "subject": {
        "reference": "urn:uuid:2af8ff7f-722e-cf17-fbf0-64603ad9843d"
      },
      "encounter": {
        "reference": "urn:uuid:d1911d52-231f-4b6a-3f10-d9271c3505ff"
      },
      "effectiveDateTime": "2025-04-05T21:32:03+00:00",
      "issued": "2025-04-05T21:32:03.152+00:00",
      "valueQuantity": {
        "value": 83.742,
        "unit": "%",
        "system": "http://unitsofmeasure.org",
        "code": "%"
      }
    },
    "request": {
      "method": "POST",
      "url": "Observation"
    }
  }, {
    "fullUrl": "urn:uuid:44bcbcb0-e8c7-53c7-bcb7-07fd10dfd854",
    "resource": {
      "resourceType": "Observation",
      "id": "44bcbcb0-e8c7-53c7-bcb7-07fd10dfd854",
      "status": "final",
      "category": {
        "coding": [ {
          "system": "http://hl7.org/fhir/observation-category",
          "code": "vital-signs",
          "display": "vital-signs"
        } ],
        "text": "vital-signs"
      },
      "code": {
        "coding": [ {
          "system": "http://loinc.org",
          "code": "8289-1",
          "display": "Head Occipital-frontal circumference Percentile"
        } ],
        "text": "Head Occipital-frontal circumference Percentile"
      },
      "subject": {
        "reference": "urn:uuid:2af8ff7f-722e-cf17-fbf0-64603ad9843d"
      },
      "encounter": {
        "reference": "urn:uuid:d1911d52-231f-4b6a-3f10-d9271c3505ff"
      },
      "effectiveDateTime": "2025-04-05T21:32:03+00:00",
      "issued": "2025-04-05T21:32:03.152+00:00",
      "valueQuantity": {
        "value": 100,
        "unit": "%",
        "system": "http://unitsofmeasure.org",
        "code": "%"
      }
    },
    "request": {
      "method": "POST",
      "url": "Observation"
    }
  }, {
    "fullUrl": "urn:uuid:b1dff426-6792-72bc-8a6b-d4cdd42d3807",
    "resource": {
      "resourceType": "Observation",
      "id": "b1dff426-6792-72bc-8a6b-d4cdd42d3807",
      "status": "final",
      "category": {
        "coding": [ {
          "system": "http://hl7.org/fhir/observation-category",
          "code": "vital-signs",
          "display": "vital-signs"
        } ],
        "text": "vital-signs"
      },
      "code": {
        "coding": [ {
          "system": "http://loinc.org",
          "code": "9843-4",
          "display": "Head Occipital-frontal circumference"
        } ],
        "text": "Head Occipital-frontal circumference"
      },
      "subject": {
        "reference": "urn:uuid:2af8ff7f-722e-cf17-fbf0-64603ad9843d"
      },
      "encounter": {
        "reference": "urn:uuid:d1911d52-231f-4b6a-3f10-d9271c3505ff"
      },
      "effectiveDateTime": "2025-04-05T21:32:03+00:00",
      "issued": "2025-04-05T21:32:03.152+00:00",
      "valueQuantity": {
        "value": 45.740,
        "unit": "cm",
        "system": "http://unitsofmeasure.org",
        "code": "cm"
      }
    },
    "request": {
      "method": "POST",
      "url": "Observation"
    }
  }, {
    "fullUrl": "urn:uuid:cca52318-98d3-e936-87d0-abdc499e4ee5",
    "resource": {
      "resourceType": "Observation",
      "id": "cca52318-98d3-e936-87d0-abdc499e4ee5",
      "status": "final",
      "category": {
        "coding": [ {
          "system": "http://hl7.org/fhir/observation-category",
          "code": "vital-signs",
          "display": "vital-signs"
        } ],
        "text": "vital-signs"
      },
      "code": {
        "coding": [ {
          "system": "http://loinc.org",
          "code": "85354-9",
          "display": "Blood pressure panel with all children optional"
        } ],
        "text": "Blood pressure panel with all children optional"
      },
      "subject": {
        "reference": "urn:uuid:2af8ff7f-722e-cf17-fbf0-64603ad9843d"
      },
      "encounter": {
        "reference": "urn:uuid:d1911d52-231f-4b6a-3f10-d9271c3505ff"
      },
      "effectiveDateTime": "2025-04-05T21:32:03+00:00",
      "issued": "2025-04-05T21:32:03.152+00:00",
      "component": [ {
        "code": {
          "coding": [ {
            "system": "http://loinc.org",
            "code": "8462-4",
            "display": "Diastolic Blood Pressure"
          } ],
          "text": "Diastolic Blood Pressure"
        },
        "valueQuantity": {
          "value": 75,
          "unit": "mm[Hg]",
          "system": "http://unitsofmeasure.org",
          "code": "mm[Hg]"
        }
      }, {
        "code": {
          "coding": [ {
            "system": "http://loinc.org",
            "code": "8480-6",
            "display": "Systolic Blood Pressure"
          } ],
          "text": "Systolic Blood Pressure"
        },
        "valueQuantity": {
          "value": 118,
          "unit": "mm[Hg]",
          "system": "http://unitsofmeasure.org",
          "code": "mm[Hg]"
        }
      } ]
    },
    "request": {
      "method": "POST",
      "url": "Observation"
    }
  }, {
    "fullUrl": "urn:uuid:15836c63-ae47-d52f-2915-871dc879dc68",
    "resource": {
      "resourceType": "Observation",
      "id": "15836c63-ae47-d52f-2915-871dc879dc68",
      "status": "final",
      "category": {
        "coding": [ {
          "system": "http://hl7.org/fhir/observation-category",
          "code": "vital-signs",
          "display": "vital-signs"
        } ],
        "text": "vital-signs"
      },
      "code": {
        "coding": [ {
          "system": "http://loinc.org",
          "code": "8867-4",
          "display": "Heart rate"
        } ],
        "text": "Heart rate"
      },
      "subject": {
        "reference": "urn:uuid:2af8ff7f-722e-cf17-fbf0-64603ad9843d"
      },
      "encounter": {
        "reference": "urn:uuid:d1911d52-231f-4b6a-3f10-d9271c3505ff"
      },
      "effectiveDateTime": "2025-04-05T21:32:03+00:00",
      "issued": "2025-04-05T21:32:03.152+00:00",
      "valueQuantity": {
        "value": 66,
        "unit": "/min",
        "system": "http://unitsofmeasure.org",
        "code": "/min"
      }
    },
    "request": {
      "method": "POST",
      "url": "Observation"
    }
  }, {
    "fullUrl": "urn:uuid:dfeaf027-3662-0aeb-db4d-65fb816d9be8",
    "resource": {
      "resourceType": "Observation",
      "id": "dfeaf027-3662-0aeb-db4d-65fb816d9be8",
      "status": "final",
      "category": {
        "coding": [ {
          "system": "http://hl7.org/fhir/observation-category",
          "code": "vital-signs",
          "display": "vital-signs"
        } ],
        "text": "vital-signs"
      },
      "code": {
        "coding": [ {
          "system": "http://loinc.org",
          "code": "9279-1",
          "display": "Respiratory rate"
        } ],
        "text": "Respiratory rate"
      },
      "subject": {
        "reference": "urn:uuid:2af8ff7f-722e-cf17-fbf0-64603ad9843d"
      },
      "encounter": {
        "reference": "urn:uuid:d1911d52-231f-4b6a-3f10-d9271c3505ff"
      },
      "effectiveDateTime": "2025-04-05T21:32:03+00:00",
      "issued": "2025-04-05T21:32:03.152+00:00",
      "valueQuantity": {
        "value": 15,
        "unit": "/min",
        "system": "http://unitsofmeasure.org",
        "code": "/min"
      }
    },
    "request": {
      "method": "POST",
      "url": "Observation"
    }
  }, {
    "fullUrl": "urn:uuid:dfd70124-7aa5-1432-8fc1-8184d6690cf3",
    "resource": {
      "resourceType": "Observation",
      "id": "dfd70124-7aa5-1432-8fc1-8184d6690cf3",
      "status": "final",
      "category": {
        "coding": [ {
          "system": "http://hl7.org/fhir/observation-category",
          "code": "social-history",
          "display": "social-history"
        } ],
        "text": "social-history"
      },
      "code": {
        "coding": [ {
          "system": "http://loinc.org",
          "code": "72166-2",
          "display": "Tobacco smoking status"
        } ],
        "text": "Tobacco smoking status"
      },
      "subject": {
        "reference": "urn:uuid:2af8ff7f-722e-cf17-fbf0-64603ad9843d"
      },
      "encounter": {
        "reference": "urn:uuid:d1911d52-231f-4b6a-3f10-d9271c3505ff"
      },
      "effectiveDateTime": "2025-04-05T21:32:03+00:00",
      "issued": "2025-04-05T21:32:03.152+00:00",
      "valueCodeableConcept": {
        "coding": [ {
          "system": "http://snomed.info/sct",
          "code": "266919005",
          "display": "Never smoked tobacco (finding)"
        } ],
        "text": "Never smoked tobacco (finding)"
      }
    },
    "request": {
      "method": "POST",
      "url": "Observation"
    }
  }, {
    "fullUrl": "urn:uuid:c5d7b859-d37c-a8ed-995c-e14bebf9d78b",
    "resource": {
      "resourceType": "Immunization",
      "id": "c5d7b859-d37c-a8ed-995c-e14bebf9d78b",
      "status": "completed",
      "date": "2025-04-05T21:32:03+00:00",
      "vaccineCode": {
        "coding": [ {
          "system": "http://hl7.org/fhir/sid/cvx",
          "code": "49",
          "display": "Hib (PRP-OMP)"
        } ],
        "text": "Hib (PRP-OMP)"
      },
      "patient": {
        "reference": "urn:uuid:2af8ff7f-722e-cf17-fbf0-64603ad9843d"
      },
      "wasNotGiven": false,
      "reported": false,
      "encounter": {
        "reference": "urn:uuid:d1911d52-231f-4b6a-3f10-d9271c3505ff"
      }
    },
    "request": {
      "method": "POST",
      "url": "Immunization"
    }
  }, {
    "fullUrl": "urn:uuid:157ba829-ce7c-4db5-3a38-e4269747ca60",
    "resource": {
      "resourceType": "Immunization",
      "id": "157ba829-ce7c-4db5-3a38-e4269747ca60",
      "status": "completed",
      "date": "2025-04-05T21:32:03+00:00",
      "vaccineCode": {
        "coding": [ {
          "system": "http://hl7.org/fhir/sid/cvx",
          "code": "119",
          "display": "rotavirus, monovalent"
        } ],
        "text": "rotavirus, monovalent"
      },
      "patient": {
        "reference": "urn:uuid:2af8ff7f-722e-cf17-fbf0-64603ad9843d"
      },
      "wasNotGiven": false,
      "reported": false,
      "encounter": {
        "reference": "urn:uuid:d1911d52-231f-4b6a-3f10-d9271c3505ff"
      }
    },
    "request": {
      "method": "POST",
      "url": "Immunization"
    }
  }, {
    "fullUrl": "urn:uuid:7eacc5a6-add8-6cca-e2d4-842114482673",
    "resource": {
      "resourceType": "Immunization",
      "id": "7eacc5a6-add8-6cca-e2d4-842114482673",
      "status": "completed",
      "date": "2025-04-05T21:32:03+00:00",
      "vaccineCode": {
        "coding": [ {
          "system": "http://hl7.org/fhir/sid/cvx",
          "code": "10",
          "display": "IPV"
        } ],
        "text": "IPV"
      },
      "patient": {
        "reference": "urn:uuid:2af8ff7f-722e-cf17-fbf0-64603ad9843d"
      },
      "wasNotGiven": false,
      "reported": false,
      "encounter": {
        "reference": "urn:uuid:d1911d52-231f-4b6a-3f10-d9271c3505ff"
      }
    },
    "request": {
      "method": "POST",
      "url": "Immunization"
    }
  }, {
    "fullUrl": "urn:uuid:dfb96b15-6d8a-20b3-1bb2-e245becb8309",
    "resource": {
      "resourceType": "Immunization",
      "id": "dfb96b15-6d8a-20b3-1bb2-e245becb8309",
      "status": "completed",
      "date": "2025-04-05T21:32:03+00:00",
      "vaccineCode": {
        "coding": [ {
          "system": "http://hl7.org/fhir/sid/cvx",
          "code": "20",
          "display": "DTaP"
        } ],
        "text": "DTaP"
      },
      "patient": {
        "reference": "urn:uuid:2af8ff7f-722e-cf17-fbf0-64603ad9843d"
      },
      "wasNotGiven": false,
      "reported": false,
      "encounter": {
        "reference": "urn:uuid:d1911d52-231f-4b6a-3f10-d9271c3505ff"
      }
    },
    "request": {
      "method": "POST",
      "url": "Immunization"
    }
  }, {
    "fullUrl": "urn:uuid:87ea0d9e-4dcf-a257-ed11-3b61d463ce9d",
    "resource": {
      "resourceType": "Immunization",
      "id": "87ea0d9e-4dcf-a257-ed11-3b61d463ce9d",
      "status": "completed",
      "date": "2025-04-05T21:32:03+00:00",
      "vaccineCode": {
        "coding": [ {
          "system": "http://hl7.org/fhir/sid/cvx",
          "code": "133",
          "display": "Pneumococcal conjugate PCV 13"
        } ],
        "text": "Pneumococcal conjugate PCV 13"
      },
      "patient": {
        "reference": "urn:uuid:2af8ff7f-722e-cf17-fbf0-64603ad9843d"
      },
      "wasNotGiven": false,
      "reported": false,
      "encounter": {
        "reference": "urn:uuid:d1911d52-231f-4b6a-3f10-d9271c3505ff"
      }
    },
    "request": {
      "method": "POST",
      "url": "Immunization"
    }
  }, {
    "fullUrl": "urn:uuid:4a3e7cde-61a7-74da-6428-ce9ba07b3aa5",
    "resource": {
      "resourceType": "Claim",
      "id": "4a3e7cde-61a7-74da-6428-ce9ba07b3aa5",
      "type": "institutional",
      "organization": {
        "reference": "Organization?identifier=https://github.com/synthetichealth/synthea|df3f566c-97e5-31ed-b0fe-4b452666f736",
        "display": "CLASSIC HEALTHCARE MEDICAL GROUP LLC"
      },
      "use": "complete",
      "patient": {
        "reference": "urn:uuid:2af8ff7f-722e-cf17-fbf0-64603ad9843d"
      },
      "item": [ {
        "sequence": 1,
        "type": {
          "system": "http://hl7.org/fhir/v3/ActCode",
          "code": "CSINV",
          "display": "clinical service invoice"
        },
        "service": {
          "system": "http://snomed.info/sct",
          "code": "410620009",
          "display": "Well child visit (procedure)"
        }
      }, {
        "sequence": 2,
        "type": {
          "system": "http://hl7.org/fhir/v3/ActCode",
          "code": "CSINV",
          "display": "clinical service invoice"
        },
        "service": {
          "system": "http://hl7.org/fhir/sid/cvx",
          "code": "49",
          "display": "Hib (PRP-OMP)"
        },
        "net": {
          "value": 136.00,
          "system": "urn:iso:std:iso:4217",
          "code": "USD"
        }
      }, {
        "sequence": 3,
        "type": {
          "system": "http://hl7.org/fhir/v3/ActCode",
          "code": "CSINV",
          "display": "clinical service invoice"
        },
        "service": {
          "system": "http://hl7.org/fhir/sid/cvx",
          "code": "119",
          "display": "rotavirus, monovalent"
        },
        "net": {
          "value": 136.00,
          "system": "urn:iso:std:iso:4217",
          "code": "USD"
        }
      }, {
        "sequence": 4,
        "type": {
          "system": "http://hl7.org/fhir/v3/ActCode",
          "code": "CSINV",
          "display": "clinical service invoice"
        },
        "service": {
          "system": "http://hl7.org/fhir/sid/cvx",
          "code": "10",
          "display": "IPV"
        },
        "net": {
          "value": 136.00,
          "system": "urn:iso:std:iso:4217",
          "code": "USD"
        }
      }, {
        "sequence": 5,
        "type": {
          "system": "http://hl7.org/fhir/v3/ActCode",
          "code": "CSINV",
          "display": "clinical service invoice"
        },
        "service": {
          "system": "http://hl7.org/fhir/sid/cvx",
          "code": "20",
          "display": "DTaP"
        },
        "net": {
          "value": 136.00,
          "system": "urn:iso:std:iso:4217",
          "code": "USD"
        }
      }, {
        "sequence": 6,
        "type": {
          "system": "http://hl7.org/fhir/v3/ActCode",
          "code": "CSINV",
          "display": "clinical service invoice"
        },
        "service": {
          "system": "http://hl7.org/fhir/sid/cvx",
          "code": "133",
          "display": "Pneumococcal conjugate PCV 13"
        },
        "net": {
          "value": 136.00,
          "system": "urn:iso:std:iso:4217",
          "code": "USD"
        }
      } ]
    },
    "request": {
      "method": "POST",
      "url": "Claim"
    }
  } ]
}
