START,STOP,PATIENT,ENCOUNTER,CODE,SYSTEM,DESCRIPTION,TYPE,CATEGORY,REACTION1,DESCRIPTION1,SEVERITY1,REACTION2,DESCRIPTION2,SEVERITY2
1981-01-25,,7ff9d1c4-3801-324f-3887-4f5a23334a28,287ad234-374d-938e-f178-b0862dd3316e,419199007,SNOMED-CT,Allergy to substance (finding),allergy,environment,,,,,,
1981-01-25,,7ff9d1c4-3801-324f-3887-4f5a23334a28,287ad234-374d-938e-f178-b0862dd3316e,264287008,SNOMED-CT,Animal dander (substance),allergy,environment,878820003,Rhinoconjunctivitis (disorder),MODERATE,,,
1981-01-25,,7ff9d1c4-3801-324f-3887-4f5a23334a28,287ad234-374d-938e-f178-b0862dd3316e,102263004,SNOMED-CT,Eggs (edible) (substance),allergy,food,247472004,Wheal (finding),MODERATE,,,
2022-11-25,,599cceb2-ad4d-9d81-b563-917e04ec59b3,67c7ef1d-d5fc-143f-1ff7-414f5e062bd7,419199007,SNOMED-CT,Allergy to substance (finding),allergy,environment,,,,,,
2019-06-19,,19ffca28-32d0-ae08-3d8b-39467188bd4e,a820405a-acd9-9477-9914-05e41aa082ac,419199007,SNOMED-CT,Allergy to substance (finding),allergy,environment,,,,,,
2019-06-19,,19ffca28-32d0-ae08-3d8b-39467188bd4e,a820405a-acd9-9477-9914-05e41aa082ac,288328004,SNOMED-CT,Bee venom (substance),allergy,environment,,,,,,
2019-06-19,,19ffca28-32d0-ae08-3d8b-39467188bd4e,a820405a-acd9-9477-9914-05e41aa082ac,84489001,SNOMED-CT,Mold (organism),allergy,environment,,,,,,
2019-06-19,,19ffca28-32d0-ae08-3d8b-39467188bd4e,a820405a-acd9-9477-9914-05e41aa082ac,264287008,SNOMED-CT,Animal dander (substance),allergy,environment,878820003,Rhinoconjunctivitis (disorder),MODERATE,267036007,Dyspnea (finding),MILD
2019-06-19,,19ffca28-32d0-ae08-3d8b-39467188bd4e,a820405a-acd9-9477-9914-05e41aa082ac,256277009,SNOMED-CT,Grass pollen (substance),allergy,environment,,,,,,
2019-06-19,,19ffca28-32d0-ae08-3d8b-39467188bd4e,a820405a-acd9-9477-9914-05e41aa082ac,1191,RxNorm,Aspirin,allergy,medication,,,,,,
2019-06-19,,19ffca28-32d0-ae08-3d8b-39467188bd4e,a820405a-acd9-9477-9914-05e41aa082ac,3718001,SNOMED-CT,Cow's milk (substance),allergy,food,300359004,Finding of vomiting (finding),MODERATE,,,
2019-06-19,,19ffca28-32d0-ae08-3d8b-39467188bd4e,a820405a-acd9-9477-9914-05e41aa082ac,735029006,SNOMED-CT,Shellfish (substance),allergy,food,271807003,Eruption of skin (disorder),MODERATE,402387002,Allergic angioedema (disorder),MODERATE
2003-09-01,,75147445-d5e9-c508-ee3e-a9d3f6da1bf7,8dd8e880-9730-1450-f62f-5d200b14ef28,419199007,SNOMED-CT,Allergy to substance (finding),allergy,environment,,,,,,
2003-09-01,,75147445-d5e9-c508-ee3e-a9d3f6da1bf7,8dd8e880-9730-1450-f62f-5d200b14ef28,111088007,SNOMED-CT,Latex (substance),allergy,environment,39579001,Anaphylaxis (disorder),SEVERE,402387002,Allergic angioedema (disorder),MODERATE
2003-09-01,,75147445-d5e9-c508-ee3e-a9d3f6da1bf7,8dd8e880-9730-1450-f62f-5d200b14ef28,288328004,SNOMED-CT,Bee venom (substance),allergy,environment,271807003,Eruption of skin (disorder),MODERATE,,,
2003-09-01,,75147445-d5e9-c508-ee3e-a9d3f6da1bf7,8dd8e880-9730-1450-f62f-5d200b14ef28,84489001,SNOMED-CT,Mold (organism),allergy,environment,21626009,Allergic skin rash,MILD,56018004,Wheezing,MILD
2003-09-01,,75147445-d5e9-c508-ee3e-a9d3f6da1bf7,8dd8e880-9730-1450-f62f-5d200b14ef28,264287008,SNOMED-CT,Animal dander (substance),allergy,environment,247472004,Wheal (finding),MILD,,,
2003-09-01,,75147445-d5e9-c508-ee3e-a9d3f6da1bf7,8dd8e880-9730-1450-f62f-5d200b14ef28,256277009,SNOMED-CT,Grass pollen (substance),allergy,environment,,,,,,
2003-09-01,,75147445-d5e9-c508-ee3e-a9d3f6da1bf7,8dd8e880-9730-1450-f62f-5d200b14ef28,782576004,SNOMED-CT,Tree pollen (substance),allergy,environment,,,,,,
2003-09-01,,75147445-d5e9-c508-ee3e-a9d3f6da1bf7,8dd8e880-9730-1450-f62f-5d200b14ef28,3718001,SNOMED-CT,Cow's milk (substance),allergy,food,402387002,Allergic angioedema (disorder),MODERATE,247472004,Wheal (finding),MILD
2003-09-01,,75147445-d5e9-c508-ee3e-a9d3f6da1bf7,8dd8e880-9730-1450-f62f-5d200b14ef28,102263004,SNOMED-CT,Eggs (edible) (substance),allergy,food,,,,,,
2003-09-01,,75147445-d5e9-c508-ee3e-a9d3f6da1bf7,8dd8e880-9730-1450-f62f-5d200b14ef28,735971005,SNOMED-CT,Fish (substance),allergy,food,267036007,Dyspnea (finding),MODERATE,271807003,Eruption of skin (disorder),MILD
1985-03-07,,340bd7c8-4ea3-a1e5-afd8-5c238e6e7b5b,a4f9e256-ccbc-c8b7-681e-af429c84f664,419199007,SNOMED-CT,Allergy to substance (finding),allergy,environment,,,,,,
1985-03-07,,340bd7c8-4ea3-a1e5-afd8-5c238e6e7b5b,a4f9e256-ccbc-c8b7-681e-af429c84f664,10831,RxNorm,Sulfamethoxazole / Trimethoprim,allergy,medication,247472004,Wheal (finding),MODERATE,,,
1985-03-07,,340bd7c8-4ea3-a1e5-afd8-5c238e6e7b5b,a4f9e256-ccbc-c8b7-681e-af429c84f664,735029006,SNOMED-CT,Shellfish (substance),allergy,food,39579001,Anaphylaxis (disorder),SEVERE,49727002,Cough (finding),MILD
2013-12-16,,7c588f4e-c61b-378f-020d-adbe8b529d09,8386431f-d79b-d914-03b9-80028cbb2e85,419199007,SNOMED-CT,Allergy to substance (finding),allergy,environment,,,,,,
2008-06-12,,ee15aa9f-92fd-3611-d429-da65423f63d7,762c7c13-d207-a07f-5cf5-859099e27c73,419199007,SNOMED-CT,Allergy to substance (finding),allergy,environment,,,,,,
2008-06-12,,ee15aa9f-92fd-3611-d429-da65423f63d7,762c7c13-d207-a07f-5cf5-859099e27c73,84489001,SNOMED-CT,Mold (organism),allergy,environment,,,,,,
2008-06-12,,ee15aa9f-92fd-3611-d429-da65423f63d7,762c7c13-d207-a07f-5cf5-859099e27c73,1191,RxNorm,Aspirin,allergy,medication,247472004,Wheal (finding),MODERATE,21522001,Abdominal pain (finding),MODERATE
2008-06-12,,ee15aa9f-92fd-3611-d429-da65423f63d7,762c7c13-d207-a07f-5cf5-859099e27c73,256355007,SNOMED-CT,Soy bean,allergy,food,300359004,Finding of vomiting (finding),MODERATE,,,
1978-07-24,,9b3cf737-ad89-99b8-b102-7a908a604ae0,f8cc8b5a-ecec-d163-a62f-c34951dfdea7,419199007,SNOMED-CT,Allergy to substance (finding),allergy,environment,,,,,,
1978-07-24,,9b3cf737-ad89-99b8-b102-7a908a604ae0,f8cc8b5a-ecec-d163-a62f-c34951dfdea7,5640,RxNorm,Ibuprofen,allergy,medication,247472004,Wheal (finding),MODERATE,,,
1978-07-24,,9b3cf737-ad89-99b8-b102-7a908a604ae0,f8cc8b5a-ecec-d163-a62f-c34951dfdea7,7984,RxNorm,Penicillin V,allergy,medication,247472004,Wheal (finding),MILD,271807003,Eruption of skin (disorder),MILD
1981-09-22,,b7da0c77-b0c0-b0cc-68be-69ac634f9d45,bbba824c-a5fb-12e8-3fe6-bb61de57af0b,419199007,SNOMED-CT,Allergy to substance (finding),allergy,environment,,,,,,
1956-08-27,,7b59c621-b1e0-8d9c-c51c-776a54d502a0,8cf938d0-23b3-97db-8488-2bf7919c2fb8,419199007,SNOMED-CT,Allergy to substance (finding),allergy,environment,,,,,,
1956-08-27,,7b59c621-b1e0-8d9c-c51c-776a54d502a0,8cf938d0-23b3-97db-8488-2bf7919c2fb8,264287008,SNOMED-CT,Animal dander (substance),allergy,environment,878820003,Rhinoconjunctivitis (disorder),MODERATE,49727002,Cough (finding),MODERATE
1956-08-27,,7b59c621-b1e0-8d9c-c51c-776a54d502a0,8cf938d0-23b3-97db-8488-2bf7919c2fb8,29046,RxNorm,Lisinopril,intolerance,medication,267036007,Dyspnea (finding),MODERATE,,,
1956-08-27,,7b59c621-b1e0-8d9c-c51c-776a54d502a0,8cf938d0-23b3-97db-8488-2bf7919c2fb8,1191,RxNorm,Aspirin,allergy,medication,,,,,,
2020-03-07,,0cbd2894-d0b8-8c55-5a5d-f06afbae65a0,f120eea5-8638-ef78-4ada-32dcb1b30117,419199007,SNOMED-CT,Allergy to substance (finding),allergy,environment,,,,,,
2020-03-07,,0cbd2894-d0b8-8c55-5a5d-f06afbae65a0,f120eea5-8638-ef78-4ada-32dcb1b30117,111088007,SNOMED-CT,Latex (substance),allergy,environment,247472004,Wheal (finding),MILD,,,
2020-03-07,,0cbd2894-d0b8-8c55-5a5d-f06afbae65a0,f120eea5-8638-ef78-4ada-32dcb1b30117,84489001,SNOMED-CT,Mold (organism),allergy,environment,,,,,,
2020-03-07,,0cbd2894-d0b8-8c55-5a5d-f06afbae65a0,f120eea5-8638-ef78-4ada-32dcb1b30117,260147004,SNOMED-CT,House dust mite (organism),allergy,environment,,,,,,
2020-03-07,,0cbd2894-d0b8-8c55-5a5d-f06afbae65a0,f120eea5-8638-ef78-4ada-32dcb1b30117,264287008,SNOMED-CT,Animal dander (substance),allergy,environment,49727002,Cough (finding),MODERATE,878820003,Rhinoconjunctivitis (disorder),MODERATE
2020-03-07,,0cbd2894-d0b8-8c55-5a5d-f06afbae65a0,f120eea5-8638-ef78-4ada-32dcb1b30117,256277009,SNOMED-CT,Grass pollen (substance),allergy,environment,,,,,,
2020-03-07,,0cbd2894-d0b8-8c55-5a5d-f06afbae65a0,f120eea5-8638-ef78-4ada-32dcb1b30117,782576004,SNOMED-CT,Tree pollen (substance),allergy,environment,,,,,,
2020-03-07,,0cbd2894-d0b8-8c55-5a5d-f06afbae65a0,f120eea5-8638-ef78-4ada-32dcb1b30117,29046,RxNorm,Lisinopril,intolerance,medication,237849008,Drug-induced hyperkalemia (disorder),MODERATE,,,
2020-03-07,,0cbd2894-d0b8-8c55-5a5d-f06afbae65a0,f120eea5-8638-ef78-4ada-32dcb1b30117,7984,RxNorm,Penicillin V,allergy,medication,247472004,Wheal (finding),MILD,,,
2020-03-07,,0cbd2894-d0b8-8c55-5a5d-f06afbae65a0,f120eea5-8638-ef78-4ada-32dcb1b30117,102263004,SNOMED-CT,Eggs (edible) (substance),allergy,food,,,,,,
2020-03-07,,0cbd2894-d0b8-8c55-5a5d-f06afbae65a0,f120eea5-8638-ef78-4ada-32dcb1b30117,412071004,SNOMED-CT,Wheat (substance),allergy,food,39579001,Anaphylaxis (disorder),SEVERE,62315008,Diarrhea (finding),MODERATE
2002-04-09,,3e35d0d0-c9b5-d222-cb68-e7046e0a0666,a935411a-8678-d980-4c61-b7268f5429d3,419199007,SNOMED-CT,Allergy to substance (finding),allergy,environment,,,,,,
2002-04-09,,3e35d0d0-c9b5-d222-cb68-e7046e0a0666,a935411a-8678-d980-4c61-b7268f5429d3,111088007,SNOMED-CT,Latex (substance),allergy,environment,402387002,Allergic angioedema (disorder),MODERATE,247472004,Wheal (finding),MILD
2002-04-09,,3e35d0d0-c9b5-d222-cb68-e7046e0a0666,a935411a-8678-d980-4c61-b7268f5429d3,10831,RxNorm,Sulfamethoxazole / Trimethoprim,allergy,medication,271807003,Eruption of skin (disorder),MODERATE,,,
2002-04-09,,3e35d0d0-c9b5-d222-cb68-e7046e0a0666,a935411a-8678-d980-4c61-b7268f5429d3,735029006,SNOMED-CT,Shellfish (substance),allergy,food,422587007,Nausea (finding),MODERATE,271807003,Eruption of skin (disorder),MODERATE
2022-11-11,,df635eed-8cc9-cbd8-0510-f76a45d94f88,d8031085-95c9-277c-b5ba-5f88d579e7e6,419199007,SNOMED-CT,Allergy to substance (finding),allergy,environment,,,,,,
2022-11-11,,df635eed-8cc9-cbd8-0510-f76a45d94f88,d8031085-95c9-277c-b5ba-5f88d579e7e6,288328004,SNOMED-CT,Bee venom (substance),allergy,environment,271807003,Eruption of skin (disorder),MODERATE,,,
2022-11-11,,df635eed-8cc9-cbd8-0510-f76a45d94f88,d8031085-95c9-277c-b5ba-5f88d579e7e6,84489001,SNOMED-CT,Mold (organism),allergy,environment,,,,,,
2022-11-11,,df635eed-8cc9-cbd8-0510-f76a45d94f88,d8031085-95c9-277c-b5ba-5f88d579e7e6,260147004,SNOMED-CT,House dust mite (organism),allergy,environment,,,,,,
2022-11-11,,df635eed-8cc9-cbd8-0510-f76a45d94f88,d8031085-95c9-277c-b5ba-5f88d579e7e6,264287008,SNOMED-CT,Animal dander (substance),allergy,environment,878820003,Rhinoconjunctivitis (disorder),MODERATE,,,
2022-11-11,,df635eed-8cc9-cbd8-0510-f76a45d94f88,d8031085-95c9-277c-b5ba-5f88d579e7e6,256277009,SNOMED-CT,Grass pollen (substance),allergy,environment,,,,,,
2022-11-11,,df635eed-8cc9-cbd8-0510-f76a45d94f88,d8031085-95c9-277c-b5ba-5f88d579e7e6,782576004,SNOMED-CT,Tree pollen (substance),allergy,environment,,,,,,
2022-11-11,,df635eed-8cc9-cbd8-0510-f76a45d94f88,d8031085-95c9-277c-b5ba-5f88d579e7e6,735971005,SNOMED-CT,Fish (substance),allergy,food,267036007,Dyspnea (finding),MODERATE,271807003,Eruption of skin (disorder),MILD
2022-11-11,,df635eed-8cc9-cbd8-0510-f76a45d94f88,d8031085-95c9-277c-b5ba-5f88d579e7e6,762952008,SNOMED-CT,Peanut (substance),allergy,food,247472004,Wheal (finding),MODERATE,267036007,Dyspnea (finding),MILD
1968-10-02,,54e11b15-5f59-7088-86b3-38f96e3ab023,5cf9fde1-04a4-752f-de6f-7b432b7baf45,419199007,SNOMED-CT,Allergy to substance (finding),allergy,environment,,,,,,
1968-10-02,,54e11b15-5f59-7088-86b3-38f96e3ab023,5cf9fde1-04a4-752f-de6f-7b432b7baf45,288328004,SNOMED-CT,Bee venom (substance),allergy,environment,,,,,,
1968-10-02,,54e11b15-5f59-7088-86b3-38f96e3ab023,5cf9fde1-04a4-752f-de6f-7b432b7baf45,84489001,SNOMED-CT,Mold (organism),allergy,environment,267101005,Nose running,MILD,,,
1968-10-02,,54e11b15-5f59-7088-86b3-38f96e3ab023,5cf9fde1-04a4-752f-de6f-7b432b7baf45,260147004,SNOMED-CT,House dust mite (organism),allergy,environment,,,,,,
1968-10-02,,54e11b15-5f59-7088-86b3-38f96e3ab023,5cf9fde1-04a4-752f-de6f-7b432b7baf45,264287008,SNOMED-CT,Animal dander (substance),allergy,environment,878820003,Rhinoconjunctivitis (disorder),MODERATE,271807003,Eruption of skin (disorder),MILD
1968-10-02,,54e11b15-5f59-7088-86b3-38f96e3ab023,5cf9fde1-04a4-752f-de6f-7b432b7baf45,256277009,SNOMED-CT,Grass pollen (substance),allergy,environment,,,,,,
1968-10-02,,54e11b15-5f59-7088-86b3-38f96e3ab023,5cf9fde1-04a4-752f-de6f-7b432b7baf45,782576004,SNOMED-CT,Tree pollen (substance),allergy,environment,,,,,,
1968-10-02,,54e11b15-5f59-7088-86b3-38f96e3ab023,5cf9fde1-04a4-752f-de6f-7b432b7baf45,762952008,SNOMED-CT,Peanut (substance),allergy,food,,,,,,
