START,STOP,PATIENT,ENCOUNTER,CODE,SYSTEM,DESCRIPTION,TYPE,CATEGORY,REACTION1,DESCRIPTION1,SEVERITY1,REACTION2,DESCRIPTION2,SEVERITY2
2011-02-04,,40021a9e-eeb3-4fd0-1d5a-2cd56a0bff73,40021a9e-eeb3-4fd0-39c2-ea0c8e598871,609328004,SNOMED-CT,Allergic disposition (finding),allergy,environment,,,,,,
2011-02-04,,40021a9e-eeb3-4fd0-1d5a-2cd56a0bff73,40021a9e-eeb3-4fd0-39c2-ea0c8e598871,84489001,SNOMED-CT,Mold (organism),allergy,environment,21626009,Cutaneous hypersensitivity (disorder),MILD,,,
2011-02-04,,40021a9e-eeb3-4fd0-1d5a-2cd56a0bff73,40021a9e-eeb3-4fd0-39c2-ea0c8e598871,1191,RxNorm,Aspirin,allergy,medication,,,,,,
2003-08-31,,ec3b0fe4-cd6f-6fb4-e4ce-af33fae8c588,ec3b0fe4-cd6f-6fb4-ffcd-8bc04641143e,609328004,SNOMED-CT,Allergic disposition (finding),allergy,environment,,,,,,
2003-08-31,,ec3b0fe4-cd6f-6fb4-e4ce-af33fae8c588,ec3b0fe4-cd6f-6fb4-ffcd-8bc04641143e,84489001,SNOMED-CT,Mold (organism),allergy,environment,267101005,Nasal discharge present (situation),MILD,,,
2003-08-31,,ec3b0fe4-cd6f-6fb4-e4ce-af33fae8c588,ec3b0fe4-cd6f-6fb4-ffcd-8bc04641143e,260147004,SNOMED-CT,House dust mite (organism),allergy,environment,,,,,,
2003-08-31,,ec3b0fe4-cd6f-6fb4-e4ce-af33fae8c588,ec3b0fe4-cd6f-6fb4-ffcd-8bc04641143e,264287008,SNOMED-CT,Animal dander (substance),allergy,environment,878820003,Rhinoconjunctivitis (disorder),MODERATE,271807003,Eruption of skin (disorder),MILD
2003-08-31,,ec3b0fe4-cd6f-6fb4-e4ce-af33fae8c588,ec3b0fe4-cd6f-6fb4-ffcd-8bc04641143e,256277009,SNOMED-CT,Grass pollen (substance),allergy,environment,,,,,,
2003-08-31,,ec3b0fe4-cd6f-6fb4-e4ce-af33fae8c588,ec3b0fe4-cd6f-6fb4-ffcd-8bc04641143e,782576004,SNOMED-CT,Tree pollen (substance),allergy,environment,,,,,,
2003-08-31,,ec3b0fe4-cd6f-6fb4-e4ce-af33fae8c588,ec3b0fe4-cd6f-6fb4-ffcd-8bc04641143e,412071004,SNOMED-CT,Wheat (substance),allergy,food,62315008,Diarrhea (finding),MODERATE,,,
2003-08-31,,ec3b0fe4-cd6f-6fb4-e4ce-af33fae8c588,ec3b0fe4-cd6f-6fb4-ffcd-8bc04641143e,735971005,SNOMED-CT,Fish (substance),allergy,food,267036007,Dyspnea (finding),MODERATE,271807003,Eruption of skin (disorder),MILD
1987-03-20,,7e88a4d8-95e1-74b9-e226-d463c06c6d28,7e88a4d8-95e1-74b9-57ab-ca3008798f06,609328004,SNOMED-CT,Allergic disposition (finding),allergy,environment,,,,,,
1987-03-20,,7e88a4d8-95e1-74b9-e226-d463c06c6d28,7e88a4d8-95e1-74b9-57ab-ca3008798f06,84489001,SNOMED-CT,Mold (organism),allergy,environment,267101005,Nasal discharge present (situation),MILD,,,
1987-03-20,,7e88a4d8-95e1-74b9-e226-d463c06c6d28,7e88a4d8-95e1-74b9-57ab-ca3008798f06,260147004,SNOMED-CT,House dust mite (organism),allergy,environment,,,,,,
1987-03-20,,7e88a4d8-95e1-74b9-e226-d463c06c6d28,7e88a4d8-95e1-74b9-57ab-ca3008798f06,264287008,SNOMED-CT,Animal dander (substance),allergy,environment,247472004,Wheal (finding),MILD,,,
1987-03-20,,7e88a4d8-95e1-74b9-e226-d463c06c6d28,7e88a4d8-95e1-74b9-57ab-ca3008798f06,256277009,SNOMED-CT,Grass pollen (substance),allergy,environment,,,,,,
1987-03-20,,7e88a4d8-95e1-74b9-e226-d463c06c6d28,7e88a4d8-95e1-74b9-57ab-ca3008798f06,782576004,SNOMED-CT,Tree pollen (substance),allergy,environment,,,,,,
1987-03-20,,7e88a4d8-95e1-74b9-e226-d463c06c6d28,7e88a4d8-95e1-74b9-57ab-ca3008798f06,3718001,SNOMED-CT,Cow's milk (substance),allergy,food,247472004,Wheal (finding),MILD,,,
1987-03-20,,7e88a4d8-95e1-74b9-e226-d463c06c6d28,7e88a4d8-95e1-74b9-57ab-ca3008798f06,102263004,SNOMED-CT,Eggs (edible) (substance),allergy,food,300359004,Finding of vomiting (finding),MODERATE,,,
1987-03-20,,7e88a4d8-95e1-74b9-e226-d463c06c6d28,7e88a4d8-95e1-74b9-57ab-ca3008798f06,412071004,SNOMED-CT,Wheat (substance),allergy,food,62315008,Diarrhea (finding),MODERATE,271807003,Eruption of skin (disorder),MODERATE
2000-12-22,,e06ffcaf-659c-8955-2fa6-3f8bc0d55905,e06ffcaf-659c-8955-efb3-f51374ebbd43,609328004,SNOMED-CT,Allergic disposition (finding),allergy,environment,,,,,,
2000-12-22,,e06ffcaf-659c-8955-2fa6-3f8bc0d55905,e06ffcaf-659c-8955-efb3-f51374ebbd43,288328004,SNOMED-CT,Bee venom (substance),allergy,environment,,,,,,
2000-12-22,,e06ffcaf-659c-8955-2fa6-3f8bc0d55905,e06ffcaf-659c-8955-efb3-f51374ebbd43,84489001,SNOMED-CT,Mold (organism),allergy,environment,,,,,,
2000-12-22,,e06ffcaf-659c-8955-2fa6-3f8bc0d55905,e06ffcaf-659c-8955-efb3-f51374ebbd43,260147004,SNOMED-CT,House dust mite (organism),allergy,environment,,,,,,
2000-12-22,,e06ffcaf-659c-8955-2fa6-3f8bc0d55905,e06ffcaf-659c-8955-efb3-f51374ebbd43,264287008,SNOMED-CT,Animal dander (substance),allergy,environment,878820003,Rhinoconjunctivitis (disorder),MODERATE,271807003,Eruption of skin (disorder),MILD
2000-12-22,,e06ffcaf-659c-8955-2fa6-3f8bc0d55905,e06ffcaf-659c-8955-efb3-f51374ebbd43,256277009,SNOMED-CT,Grass pollen (substance),allergy,environment,,,,,,
2000-12-22,,e06ffcaf-659c-8955-2fa6-3f8bc0d55905,e06ffcaf-659c-8955-efb3-f51374ebbd43,782576004,SNOMED-CT,Tree pollen (substance),allergy,environment,,,,,,
1992-10-10,,c7afc699-e73b-2f42-4773-b1f9d29039ee,c7afc699-e73b-2f42-2327-f90459511862,609328004,SNOMED-CT,Allergic disposition (finding),allergy,environment,,,,,,
1992-10-10,,c7afc699-e73b-2f42-4773-b1f9d29039ee,c7afc699-e73b-2f42-2327-f90459511862,102263004,SNOMED-CT,Eggs (edible) (substance),allergy,food,,,,,,
2000-03-09,,ddafae87-8e62-6d38-5ede-6c221fa9d8f8,ddafae87-8e62-6d38-425f-8528ebb3e2b6,609328004,SNOMED-CT,Allergic disposition (finding),allergy,environment,,,,,,
2000-03-09,,ddafae87-8e62-6d38-5ede-6c221fa9d8f8,ddafae87-8e62-6d38-425f-8528ebb3e2b6,1191,RxNorm,Aspirin,allergy,medication,,,,,,
2000-03-09,,ddafae87-8e62-6d38-5ede-6c221fa9d8f8,ddafae87-8e62-6d38-425f-8528ebb3e2b6,7984,RxNorm,Penicillin V,allergy,medication,271807003,Eruption of skin (disorder),MILD,,,
2000-03-09,,ddafae87-8e62-6d38-5ede-6c221fa9d8f8,ddafae87-8e62-6d38-425f-8528ebb3e2b6,442571000124108,SNOMED-CT,Tree nut (substance),allergy,food,247472004,Wheal (finding),MODERATE,271807003,Eruption of skin (disorder),MODERATE
1968-01-17,,333be581-2f04-848e-0be5-8bbdf599f15e,333be581-2f04-848e-f9b5-7d4aa0fd099a,609328004,SNOMED-CT,Allergic disposition (finding),allergy,environment,,,,,,
1968-01-17,,333be581-2f04-848e-0be5-8bbdf599f15e,333be581-2f04-848e-f9b5-7d4aa0fd099a,29046,RxNorm,Lisinopril,intolerance,medication,,,,,,
1968-01-17,,333be581-2f04-848e-0be5-8bbdf599f15e,333be581-2f04-848e-f9b5-7d4aa0fd099a,735029006,SNOMED-CT,Shellfish (substance),allergy,food,39579001,Anaphylaxis (disorder),SEVERE,271807003,Eruption of skin (disorder),MODERATE
2015-06-18,,7c450888-5d47-b128-3b16-ceeca67f23ae,7c450888-5d47-b128-819b-ae7da2b62ca2,609328004,SNOMED-CT,Allergic disposition (finding),allergy,environment,,,,,,
2015-06-18,,7c450888-5d47-b128-3b16-ceeca67f23ae,7c450888-5d47-b128-819b-ae7da2b62ca2,288328004,SNOMED-CT,Bee venom (substance),allergy,environment,,,,,,
2015-06-18,,7c450888-5d47-b128-3b16-ceeca67f23ae,7c450888-5d47-b128-819b-ae7da2b62ca2,84489001,SNOMED-CT,Mold (organism),allergy,environment,,,,,,
2015-06-18,,7c450888-5d47-b128-3b16-ceeca67f23ae,7c450888-5d47-b128-819b-ae7da2b62ca2,260147004,SNOMED-CT,House dust mite (organism),allergy,environment,,,,,,
2015-06-18,,7c450888-5d47-b128-3b16-ceeca67f23ae,7c450888-5d47-b128-819b-ae7da2b62ca2,264287008,SNOMED-CT,Animal dander (substance),allergy,environment,878820003,Rhinoconjunctivitis (disorder),MODERATE,49727002,Cough (finding),MODERATE
2015-06-18,,7c450888-5d47-b128-3b16-ceeca67f23ae,7c450888-5d47-b128-819b-ae7da2b62ca2,256277009,SNOMED-CT,Grass pollen (substance),allergy,environment,,,,,,
2015-06-18,,7c450888-5d47-b128-3b16-ceeca67f23ae,7c450888-5d47-b128-819b-ae7da2b62ca2,782576004,SNOMED-CT,Tree pollen (substance),allergy,environment,,,,,,
2015-06-18,,7c450888-5d47-b128-3b16-ceeca67f23ae,7c450888-5d47-b128-819b-ae7da2b62ca2,102263004,SNOMED-CT,Eggs (edible) (substance),allergy,food,,,,,,
2015-06-18,,7c450888-5d47-b128-3b16-ceeca67f23ae,7c450888-5d47-b128-819b-ae7da2b62ca2,442571000124108,SNOMED-CT,Tree nut (substance),allergy,food,39579001,Anaphylaxis (disorder),SEVERE,271807003,Eruption of skin (disorder),MODERATE
1969-09-13,,26798d44-f510-1ede-190b-1df2cfd80e87,26798d44-f510-1ede-3cff-e3352b7bff34,609328004,SNOMED-CT,Allergic disposition (finding),allergy,environment,,,,,,
1969-09-13,,26798d44-f510-1ede-190b-1df2cfd80e87,26798d44-f510-1ede-3cff-e3352b7bff34,1191,RxNorm,Aspirin,allergy,medication,247472004,Wheal (finding),MODERATE,21522001,Abdominal pain (finding),MODERATE
2013-06-14,,501becef-c6b5-50ae-d8da-5f3dbed5ba35,501becef-c6b5-50ae-3806-b4a7a7f2740a,609328004,SNOMED-CT,Allergic disposition (finding),allergy,environment,,,,,,
2013-06-14,,501becef-c6b5-50ae-d8da-5f3dbed5ba35,501becef-c6b5-50ae-3806-b4a7a7f2740a,84489001,SNOMED-CT,Mold (organism),allergy,environment,,,,,,
2013-06-14,,501becef-c6b5-50ae-d8da-5f3dbed5ba35,501becef-c6b5-50ae-3806-b4a7a7f2740a,264287008,SNOMED-CT,Animal dander (substance),allergy,environment,878820003,Rhinoconjunctivitis (disorder),MODERATE,271807003,Eruption of skin (disorder),MILD
2013-06-14,,501becef-c6b5-50ae-d8da-5f3dbed5ba35,501becef-c6b5-50ae-3806-b4a7a7f2740a,256277009,SNOMED-CT,Grass pollen (substance),allergy,environment,,,,,,
2013-06-14,,501becef-c6b5-50ae-d8da-5f3dbed5ba35,501becef-c6b5-50ae-3806-b4a7a7f2740a,782576004,SNOMED-CT,Tree pollen (substance),allergy,environment,,,,,,
2013-06-14,,501becef-c6b5-50ae-d8da-5f3dbed5ba35,501becef-c6b5-50ae-3806-b4a7a7f2740a,7984,RxNorm,Penicillin V,allergy,medication,878820003,Rhinoconjunctivitis (disorder),MODERATE,247472004,Wheal (finding),MILD
2013-06-14,,501becef-c6b5-50ae-d8da-5f3dbed5ba35,501becef-c6b5-50ae-3806-b4a7a7f2740a,735971005,SNOMED-CT,Fish (substance),allergy,food,300359004,Finding of vomiting (finding),MILD,271807003,Eruption of skin (disorder),MILD
2013-06-14,,501becef-c6b5-50ae-d8da-5f3dbed5ba35,501becef-c6b5-50ae-3806-b4a7a7f2740a,762952008,SNOMED-CT,Peanut (substance),allergy,food,247472004,Wheal (finding),MODERATE,300359004,Finding of vomiting (finding),MILD
2005-02-13,,94768ff4-bfdc-c365-cde6-ec51a47c1bf0,94768ff4-bfdc-c365-a51f-315917aa630f,609328004,SNOMED-CT,Allergic disposition (finding),allergy,environment,,,,,,
2005-02-13,,94768ff4-bfdc-c365-cde6-ec51a47c1bf0,94768ff4-bfdc-c365-a51f-315917aa630f,288328004,SNOMED-CT,Bee venom (substance),allergy,environment,271807003,Eruption of skin (disorder),MODERATE,,,
2005-02-13,,94768ff4-bfdc-c365-cde6-ec51a47c1bf0,94768ff4-bfdc-c365-a51f-315917aa630f,84489001,SNOMED-CT,Mold (organism),allergy,environment,,,,,,
2005-02-13,,94768ff4-bfdc-c365-cde6-ec51a47c1bf0,94768ff4-bfdc-c365-a51f-315917aa630f,264287008,SNOMED-CT,Animal dander (substance),allergy,environment,271807003,Eruption of skin (disorder),MILD,247472004,Wheal (finding),MILD
2005-02-13,,94768ff4-bfdc-c365-cde6-ec51a47c1bf0,94768ff4-bfdc-c365-a51f-315917aa630f,256277009,SNOMED-CT,Grass pollen (substance),allergy,environment,,,,,,
2005-02-13,,94768ff4-bfdc-c365-cde6-ec51a47c1bf0,94768ff4-bfdc-c365-a51f-315917aa630f,782576004,SNOMED-CT,Tree pollen (substance),allergy,environment,,,,,,
2005-02-13,,94768ff4-bfdc-c365-cde6-ec51a47c1bf0,94768ff4-bfdc-c365-a51f-315917aa630f,3718001,SNOMED-CT,Cow's milk (substance),allergy,food,62315008,Diarrhea (finding),MILD,247472004,Wheal (finding),MILD
1973-10-11,,4c948ede-022b-7cb9-f350-d957d2ff3843,4c948ede-022b-7cb9-0330-5dc6ecfc5238,609328004,SNOMED-CT,Allergic disposition (finding),allergy,environment,,,,,,
1973-10-11,,4c948ede-022b-7cb9-f350-d957d2ff3843,4c948ede-022b-7cb9-0330-5dc6ecfc5238,288328004,SNOMED-CT,Bee venom (substance),allergy,environment,,,,,,
1973-10-11,,4c948ede-022b-7cb9-f350-d957d2ff3843,4c948ede-022b-7cb9-0330-5dc6ecfc5238,84489001,SNOMED-CT,Mold (organism),allergy,environment,,,,,,
1973-10-11,,4c948ede-022b-7cb9-f350-d957d2ff3843,4c948ede-022b-7cb9-0330-5dc6ecfc5238,260147004,SNOMED-CT,House dust mite (organism),allergy,environment,,,,,,
1973-10-11,,4c948ede-022b-7cb9-f350-d957d2ff3843,4c948ede-022b-7cb9-0330-5dc6ecfc5238,264287008,SNOMED-CT,Animal dander (substance),allergy,environment,49727002,Cough (finding),MODERATE,267036007,Dyspnea (finding),MILD
1973-10-11,,4c948ede-022b-7cb9-f350-d957d2ff3843,4c948ede-022b-7cb9-0330-5dc6ecfc5238,256277009,SNOMED-CT,Grass pollen (substance),allergy,environment,,,,,,
1973-10-11,,4c948ede-022b-7cb9-f350-d957d2ff3843,4c948ede-022b-7cb9-0330-5dc6ecfc5238,782576004,SNOMED-CT,Tree pollen (substance),allergy,environment,,,,,,
1973-10-11,,4c948ede-022b-7cb9-f350-d957d2ff3843,4c948ede-022b-7cb9-0330-5dc6ecfc5238,29046,RxNorm,Lisinopril,intolerance,medication,,,,,,
1973-10-11,,4c948ede-022b-7cb9-f350-d957d2ff3843,4c948ede-022b-7cb9-0330-5dc6ecfc5238,256355007,SNOMED-CT,Glycine max (substance),allergy,food,62315008,Diarrhea (finding),MILD,,,
1973-10-11,,4c948ede-022b-7cb9-f350-d957d2ff3843,4c948ede-022b-7cb9-0330-5dc6ecfc5238,102263004,SNOMED-CT,Eggs (edible) (substance),allergy,food,247472004,Wheal (finding),MODERATE,,,
1973-10-11,,4c948ede-022b-7cb9-f350-d957d2ff3843,4c948ede-022b-7cb9-0330-5dc6ecfc5238,412071004,SNOMED-CT,Wheat (substance),allergy,food,39579001,Anaphylaxis (disorder),SEVERE,267036007,Dyspnea (finding),MILD
1994-05-01,,1ed5a2e6-f754-d157-9637-f18351e8f7b4,1ed5a2e6-f754-d157-7f6f-30031167fa73,609328004,SNOMED-CT,Allergic disposition (finding),allergy,environment,,,,,,
1994-05-01,,1ed5a2e6-f754-d157-9637-f18351e8f7b4,1ed5a2e6-f754-d157-7f6f-30031167fa73,7984,RxNorm,Penicillin V,allergy,medication,247472004,Wheal (finding),MILD,,,
2007-10-06,,8d09882c-d8f9-e94b-fdbb-10f71aae7089,8d09882c-d8f9-e94b-0ff9-c8e07f0a6499,609328004,SNOMED-CT,Allergic disposition (finding),allergy,environment,,,,,,
2007-10-06,,8d09882c-d8f9-e94b-fdbb-10f71aae7089,8d09882c-d8f9-e94b-0ff9-c8e07f0a6499,84489001,SNOMED-CT,Mold (organism),allergy,environment,,,,,,
2007-10-06,,8d09882c-d8f9-e94b-fdbb-10f71aae7089,8d09882c-d8f9-e94b-0ff9-c8e07f0a6499,264287008,SNOMED-CT,Animal dander (substance),allergy,environment,49727002,Cough (finding),MODERATE,878820003,Rhinoconjunctivitis (disorder),MODERATE
2007-10-06,,8d09882c-d8f9-e94b-fdbb-10f71aae7089,8d09882c-d8f9-e94b-0ff9-c8e07f0a6499,256277009,SNOMED-CT,Grass pollen (substance),allergy,environment,,,,,,
2007-10-06,,8d09882c-d8f9-e94b-fdbb-10f71aae7089,8d09882c-d8f9-e94b-0ff9-c8e07f0a6499,782576004,SNOMED-CT,Tree pollen (substance),allergy,environment,,,,,,
2007-10-06,,8d09882c-d8f9-e94b-fdbb-10f71aae7089,8d09882c-d8f9-e94b-0ff9-c8e07f0a6499,1191,RxNorm,Aspirin,allergy,medication,39579001,Anaphylaxis (disorder),SEVERE,,,
2007-10-06,,8d09882c-d8f9-e94b-fdbb-10f71aae7089,8d09882c-d8f9-e94b-0ff9-c8e07f0a6499,7984,RxNorm,Penicillin V,allergy,medication,,,,,,
2007-10-06,,8d09882c-d8f9-e94b-fdbb-10f71aae7089,8d09882c-d8f9-e94b-0ff9-c8e07f0a6499,412071004,SNOMED-CT,Wheat (substance),allergy,food,62315008,Diarrhea (finding),MODERATE,271807003,Eruption of skin (disorder),MODERATE
2007-10-06,,8d09882c-d8f9-e94b-fdbb-10f71aae7089,8d09882c-d8f9-e94b-0ff9-c8e07f0a6499,442571000124108,SNOMED-CT,Tree nut (substance),allergy,food,39579001,Anaphylaxis (disorder),SEVERE,49727002,Cough (finding),MODERATE
2007-10-06,,8d09882c-d8f9-e94b-fdbb-10f71aae7089,8d09882c-d8f9-e94b-0ff9-c8e07f0a6499,762952008,SNOMED-CT,Peanut (substance),allergy,food,39579001,Anaphylaxis (disorder),SEVERE,247472004,Wheal (finding),MODERATE
