START,STOP,PATIENT,ENCOUNTER,CODE,SYSTEM,DESCRIPTION,TYPE,CATEGORY,REACTION1,DESCRIPTION1,SEVERITY1,REACTION2,DESCRIPTION2,SEVERITY2
1984-08-11,,272b99d1-250e-2fbd-4586-5e18a6bb099c,0a5638ba-f31b-b57c-371e-2c65997b445b,419199007,SNOMED-CT,Allergy to substance (finding),allergy,environment,,,,,,
1984-08-11,,272b99d1-250e-2fbd-4586-5e18a6bb099c,0a5638ba-f31b-b57c-371e-2c65997b445b,256277009,SNOMED-CT,Grass pollen (substance),allergy,environment,,,,,,
1973-10-01,,d8452001-5c37-0bae-0f3d-f999f64c7379,7d487116-2c39-7429-4b1c-a03c218d0153,419199007,SNOMED-CT,Allergy to substance (finding),allergy,environment,,,,,,
1973-10-01,,d8452001-5c37-0bae-0f3d-f999f64c7379,7d487116-2c39-7429-4b1c-a03c218d0153,111088007,SNOMED-CT,Latex (substance),allergy,environment,418290006,Itching (finding),MODERATE,247472004,Wheal (finding),MILD
1973-10-01,,d8452001-5c37-0bae-0f3d-f999f64c7379,7d487116-2c39-7429-4b1c-a03c218d0153,84489001,SNOMED-CT,Mold (organism),allergy,environment,267101005,Nose running,MILD,,,
1973-10-01,,d8452001-5c37-0bae-0f3d-f999f64c7379,7d487116-2c39-7429-4b1c-a03c218d0153,260147004,SNOMED-CT,House dust mite (organism),allergy,environment,,,,,,
1973-10-01,,d8452001-5c37-0bae-0f3d-f999f64c7379,7d487116-2c39-7429-4b1c-a03c218d0153,264287008,SNOMED-CT,Animal dander (substance),allergy,environment,878820003,Rhinoconjunctivitis (disorder),MODERATE,,,
1973-10-01,,d8452001-5c37-0bae-0f3d-f999f64c7379,7d487116-2c39-7429-4b1c-a03c218d0153,256277009,SNOMED-CT,Grass pollen (substance),allergy,environment,,,,,,
1973-10-01,,d8452001-5c37-0bae-0f3d-f999f64c7379,7d487116-2c39-7429-4b1c-a03c218d0153,782576004,SNOMED-CT,Tree pollen (substance),allergy,environment,,,,,,
1973-10-01,,d8452001-5c37-0bae-0f3d-f999f64c7379,7d487116-2c39-7429-4b1c-a03c218d0153,3718001,SNOMED-CT,Cow's milk (substance),allergy,food,,,,,,
1973-10-01,,d8452001-5c37-0bae-0f3d-f999f64c7379,7d487116-2c39-7429-4b1c-a03c218d0153,412071004,SNOMED-CT,Wheat (substance),allergy,food,,,,,,
2014-12-21,,c8524649-18f5-adfc-b9d8-d1f5d137b32c,c37b8f01-4a08-c612-8a06-2dbfc224626d,419199007,SNOMED-CT,Allergy to substance (finding),allergy,environment,,,,,,
2014-12-21,,c8524649-18f5-adfc-b9d8-d1f5d137b32c,c37b8f01-4a08-c612-8a06-2dbfc224626d,256277009,SNOMED-CT,Grass pollen (substance),allergy,environment,,,,,,
1962-10-16,,3011a14e-0edb-b4d7-74d3-06a1824944fc,ed7a8f75-6c1b-a85e-9e2c-b83e2f6b170c,419199007,SNOMED-CT,Allergy to substance (finding),allergy,environment,,,,,,
1962-10-16,,3011a14e-0edb-b4d7-74d3-06a1824944fc,ed7a8f75-6c1b-a85e-9e2c-b83e2f6b170c,3718001,SNOMED-CT,Cow's milk (substance),allergy,food,247472004,Wheal (finding),MILD,,,
2023-07-29,,587e99f5-83d3-6182-1f15-47732ca79226,67292862-3fe9-e8e6-b454-d0e92476ee7c,419199007,SNOMED-CT,Allergy to substance (finding),allergy,environment,,,,,,
2023-07-29,,587e99f5-83d3-6182-1f15-47732ca79226,67292862-3fe9-e8e6-b454-d0e92476ee7c,84489001,SNOMED-CT,Mold (organism),allergy,environment,,,,,,
2019-04-04,,cbcade4e-e61d-7232-ce43-199177ccfeea,79238dfc-dab4-8da3-922c-9240e5b656e8,419199007,SNOMED-CT,Allergy to substance (finding),allergy,environment,,,,,,
2019-04-04,,cbcade4e-e61d-7232-ce43-199177ccfeea,79238dfc-dab4-8da3-922c-9240e5b656e8,111088007,SNOMED-CT,Latex (substance),allergy,environment,247472004,Wheal (finding),MILD,,,
2019-04-04,,cbcade4e-e61d-7232-ce43-199177ccfeea,79238dfc-dab4-8da3-922c-9240e5b656e8,84489001,SNOMED-CT,Mold (organism),allergy,environment,,,,,,
2019-04-04,,cbcade4e-e61d-7232-ce43-199177ccfeea,79238dfc-dab4-8da3-922c-9240e5b656e8,260147004,SNOMED-CT,House dust mite (organism),allergy,environment,,,,,,
2019-04-04,,cbcade4e-e61d-7232-ce43-199177ccfeea,79238dfc-dab4-8da3-922c-9240e5b656e8,264287008,SNOMED-CT,Animal dander (substance),allergy,environment,878820003,Rhinoconjunctivitis (disorder),MODERATE,271807003,Eruption of skin (disorder),MILD
2019-04-04,,cbcade4e-e61d-7232-ce43-199177ccfeea,79238dfc-dab4-8da3-922c-9240e5b656e8,782576004,SNOMED-CT,Tree pollen (substance),allergy,environment,,,,,,
2019-04-04,,cbcade4e-e61d-7232-ce43-199177ccfeea,79238dfc-dab4-8da3-922c-9240e5b656e8,735029006,SNOMED-CT,Shellfish (substance),allergy,food,271807003,Eruption of skin (disorder),MODERATE,49727002,Cough (finding),MILD
1981-09-07,,f8f28041-be67-fe6f-c037-9d143beb31d9,5394eefc-f530-8fda-15d7-c2aabeec1424,419199007,SNOMED-CT,Allergy to substance (finding),allergy,environment,,,,,,
1981-09-07,,f8f28041-be67-fe6f-c037-9d143beb31d9,5394eefc-f530-8fda-15d7-c2aabeec1424,111088007,SNOMED-CT,Latex (substance),allergy,environment,,,,,,
1981-09-07,,f8f28041-be67-fe6f-c037-9d143beb31d9,5394eefc-f530-8fda-15d7-c2aabeec1424,288328004,SNOMED-CT,Bee venom (substance),allergy,environment,271807003,Eruption of skin (disorder),MODERATE,,,
1981-09-07,,f8f28041-be67-fe6f-c037-9d143beb31d9,5394eefc-f530-8fda-15d7-c2aabeec1424,84489001,SNOMED-CT,Mold (organism),allergy,environment,21626009,Allergic skin rash,MILD,,,
1981-09-07,,f8f28041-be67-fe6f-c037-9d143beb31d9,5394eefc-f530-8fda-15d7-c2aabeec1424,260147004,SNOMED-CT,House dust mite (organism),allergy,environment,,,,,,
1981-09-07,,f8f28041-be67-fe6f-c037-9d143beb31d9,5394eefc-f530-8fda-15d7-c2aabeec1424,264287008,SNOMED-CT,Animal dander (substance),allergy,environment,878820003,Rhinoconjunctivitis (disorder),MODERATE,271807003,Eruption of skin (disorder),MILD
1981-09-07,,f8f28041-be67-fe6f-c037-9d143beb31d9,5394eefc-f530-8fda-15d7-c2aabeec1424,256277009,SNOMED-CT,Grass pollen (substance),allergy,environment,,,,,,
1981-09-07,,f8f28041-be67-fe6f-c037-9d143beb31d9,5394eefc-f530-8fda-15d7-c2aabeec1424,782576004,SNOMED-CT,Tree pollen (substance),allergy,environment,,,,,,
1981-09-07,,f8f28041-be67-fe6f-c037-9d143beb31d9,5394eefc-f530-8fda-15d7-c2aabeec1424,7984,RxNorm,Penicillin V,allergy,medication,878820003,Rhinoconjunctivitis (disorder),MODERATE,247472004,Wheal (finding),MILD
1981-09-07,,f8f28041-be67-fe6f-c037-9d143beb31d9,5394eefc-f530-8fda-15d7-c2aabeec1424,412071004,SNOMED-CT,Wheat (substance),allergy,food,,,,,,
1981-09-07,,f8f28041-be67-fe6f-c037-9d143beb31d9,5394eefc-f530-8fda-15d7-c2aabeec1424,442571000124108,SNOMED-CT,Tree nut (substance),allergy,food,39579001,Anaphylaxis (disorder),SEVERE,247472004,Wheal (finding),MODERATE
1995-01-07,,74c18905-3dc5-11aa-c33d-6f4c7b56c2e4,cafb118e-b53b-fcbf-0077-40bc98adb0ae,419199007,SNOMED-CT,Allergy to substance (finding),allergy,environment,,,,,,
1995-01-07,,74c18905-3dc5-11aa-c33d-6f4c7b56c2e4,cafb118e-b53b-fcbf-0077-40bc98adb0ae,288328004,SNOMED-CT,Bee venom (substance),allergy,environment,271807003,Eruption of skin (disorder),MODERATE,,,
1995-01-07,,74c18905-3dc5-11aa-c33d-6f4c7b56c2e4,cafb118e-b53b-fcbf-0077-40bc98adb0ae,84489001,SNOMED-CT,Mold (organism),allergy,environment,56018004,Wheezing,MILD,,,
1995-01-07,,74c18905-3dc5-11aa-c33d-6f4c7b56c2e4,cafb118e-b53b-fcbf-0077-40bc98adb0ae,260147004,SNOMED-CT,House dust mite (organism),allergy,environment,,,,,,
1995-01-07,,74c18905-3dc5-11aa-c33d-6f4c7b56c2e4,cafb118e-b53b-fcbf-0077-40bc98adb0ae,264287008,SNOMED-CT,Animal dander (substance),allergy,environment,,,,,,
1995-01-07,,74c18905-3dc5-11aa-c33d-6f4c7b56c2e4,cafb118e-b53b-fcbf-0077-40bc98adb0ae,256277009,SNOMED-CT,Grass pollen (substance),allergy,environment,,,,,,
1995-01-07,,74c18905-3dc5-11aa-c33d-6f4c7b56c2e4,cafb118e-b53b-fcbf-0077-40bc98adb0ae,782576004,SNOMED-CT,Tree pollen (substance),allergy,environment,,,,,,
1995-01-07,,74c18905-3dc5-11aa-c33d-6f4c7b56c2e4,cafb118e-b53b-fcbf-0077-40bc98adb0ae,25037,RxNorm,cefdinir,allergy,medication,,,,,,
1995-01-07,,74c18905-3dc5-11aa-c33d-6f4c7b56c2e4,cafb118e-b53b-fcbf-0077-40bc98adb0ae,1191,RxNorm,Aspirin,allergy,medication,21522001,Abdominal pain (finding),MODERATE,,,
1995-01-07,,74c18905-3dc5-11aa-c33d-6f4c7b56c2e4,cafb118e-b53b-fcbf-0077-40bc98adb0ae,442571000124108,SNOMED-CT,Tree nut (substance),allergy,food,271807003,Eruption of skin (disorder),MODERATE,402387002,Allergic angioedema (disorder),MODERATE
1995-01-07,,74c18905-3dc5-11aa-c33d-6f4c7b56c2e4,cafb118e-b53b-fcbf-0077-40bc98adb0ae,762952008,SNOMED-CT,Peanut (substance),allergy,food,247472004,Wheal (finding),MODERATE,402387002,Allergic angioedema (disorder),MODERATE
1945-12-13,,f22226a6-a00d-7a9c-cd84-69d7343f8893,f66f8247-0f52-1743-0b3d-1c5115605eed,419199007,SNOMED-CT,Allergy to substance (finding),allergy,environment,,,,,,
1963-10-19,,b36c26a1-b17e-3df3-54d3-51b982dc7b5c,8ac17456-d356-0e8d-1d7c-f40ae42c55fa,419199007,SNOMED-CT,Allergy to substance (finding),allergy,environment,,,,,,
1963-10-19,,b36c26a1-b17e-3df3-54d3-51b982dc7b5c,8ac17456-d356-0e8d-1d7c-f40ae42c55fa,735029006,SNOMED-CT,Shellfish (substance),allergy,food,39579001,Anaphylaxis (disorder),SEVERE,271807003,Eruption of skin (disorder),MODERATE
1959-07-27,,820d2a12-b2e4-21fc-797e-1503621ea8bc,c348f53b-cc24-2c2e-90f6-f7dde1b2831c,419199007,SNOMED-CT,Allergy to substance (finding),allergy,environment,,,,,,
1959-07-27,,820d2a12-b2e4-21fc-797e-1503621ea8bc,c348f53b-cc24-2c2e-90f6-f7dde1b2831c,84489001,SNOMED-CT,Mold (organism),allergy,environment,21626009,Allergic skin rash,MILD,267101005,Nose running,MILD
1959-07-27,,820d2a12-b2e4-21fc-797e-1503621ea8bc,c348f53b-cc24-2c2e-90f6-f7dde1b2831c,260147004,SNOMED-CT,House dust mite (organism),allergy,environment,,,,,,
1959-07-27,,820d2a12-b2e4-21fc-797e-1503621ea8bc,c348f53b-cc24-2c2e-90f6-f7dde1b2831c,264287008,SNOMED-CT,Animal dander (substance),allergy,environment,878820003,Rhinoconjunctivitis (disorder),MODERATE,247472004,Wheal (finding),MILD
1959-07-27,,820d2a12-b2e4-21fc-797e-1503621ea8bc,c348f53b-cc24-2c2e-90f6-f7dde1b2831c,782576004,SNOMED-CT,Tree pollen (substance),allergy,environment,,,,,,
1959-07-27,,820d2a12-b2e4-21fc-797e-1503621ea8bc,c348f53b-cc24-2c2e-90f6-f7dde1b2831c,3718001,SNOMED-CT,Cow's milk (substance),allergy,food,402387002,Allergic angioedema (disorder),MODERATE,56018004,Wheezing (finding),MILD
1959-07-27,,820d2a12-b2e4-21fc-797e-1503621ea8bc,c348f53b-cc24-2c2e-90f6-f7dde1b2831c,735971005,SNOMED-CT,Fish (substance),allergy,food,878820003,Rhinoconjunctivitis (disorder),MILD,,,
1969-01-21,,2e83afbe-7fb4-70a8-240d-718adecf40ff,0dbdbe9e-d835-c193-fa35-4dd8d8f63994,419199007,SNOMED-CT,Allergy to substance (finding),allergy,environment,,,,,,
1969-01-21,,2e83afbe-7fb4-70a8-240d-718adecf40ff,0dbdbe9e-d835-c193-fa35-4dd8d8f63994,288328004,SNOMED-CT,Bee venom (substance),allergy,environment,,,,,,
1969-01-21,,2e83afbe-7fb4-70a8-240d-718adecf40ff,0dbdbe9e-d835-c193-fa35-4dd8d8f63994,84489001,SNOMED-CT,Mold (organism),allergy,environment,,,,,,
1969-01-21,,2e83afbe-7fb4-70a8-240d-718adecf40ff,0dbdbe9e-d835-c193-fa35-4dd8d8f63994,260147004,SNOMED-CT,House dust mite (organism),allergy,environment,,,,,,
1969-01-21,,2e83afbe-7fb4-70a8-240d-718adecf40ff,0dbdbe9e-d835-c193-fa35-4dd8d8f63994,264287008,SNOMED-CT,Animal dander (substance),allergy,environment,878820003,Rhinoconjunctivitis (disorder),MODERATE,271807003,Eruption of skin (disorder),MILD
1969-01-21,,2e83afbe-7fb4-70a8-240d-718adecf40ff,0dbdbe9e-d835-c193-fa35-4dd8d8f63994,256277009,SNOMED-CT,Grass pollen (substance),allergy,environment,,,,,,
1969-01-21,,2e83afbe-7fb4-70a8-240d-718adecf40ff,0dbdbe9e-d835-c193-fa35-4dd8d8f63994,782576004,SNOMED-CT,Tree pollen (substance),allergy,environment,,,,,,
1969-01-21,,2e83afbe-7fb4-70a8-240d-718adecf40ff,0dbdbe9e-d835-c193-fa35-4dd8d8f63994,102263004,SNOMED-CT,Eggs (edible) (substance),allergy,food,247472004,Wheal (finding),MODERATE,,,
1969-01-21,,2e83afbe-7fb4-70a8-240d-718adecf40ff,0dbdbe9e-d835-c193-fa35-4dd8d8f63994,735029006,SNOMED-CT,Shellfish (substance),allergy,food,271807003,Eruption of skin (disorder),MODERATE,402387002,Allergic angioedema (disorder),MODERATE
1981-08-11,,8b2a0005-5c8c-e86a-05f4-8240dcfaf7e5,94f554f1-ca69-9648-f8a2-3bb16354b70f,419199007,SNOMED-CT,Allergy to substance (finding),allergy,environment,,,,,,
1981-08-11,,8b2a0005-5c8c-e86a-05f4-8240dcfaf7e5,94f554f1-ca69-9648-f8a2-3bb16354b70f,735029006,SNOMED-CT,Shellfish (substance),allergy,food,62315008,Diarrhea (finding),MILD,49727002,Cough (finding),MILD
1995-06-20,,846e786e-761a-c168-d38b-662450582555,560a07bf-b04e-bdaa-204b-63c1f6cda148,419199007,SNOMED-CT,Allergy to substance (finding),allergy,environment,,,,,,
1995-06-20,,846e786e-761a-c168-d38b-662450582555,560a07bf-b04e-bdaa-204b-63c1f6cda148,84489001,SNOMED-CT,Mold (organism),allergy,environment,,,,,,
2023-01-30,,1a10a04c-ebce-4209-bed8-6fffed9a328b,25e326c0-d1ed-0a24-4135-259ca02257b8,419199007,SNOMED-CT,Allergy to substance (finding),allergy,environment,,,,,,
2023-01-30,,1a10a04c-ebce-4209-bed8-6fffed9a328b,25e326c0-d1ed-0a24-4135-259ca02257b8,84489001,SNOMED-CT,Mold (organism),allergy,environment,,,,,,
2023-01-30,,1a10a04c-ebce-4209-bed8-6fffed9a328b,25e326c0-d1ed-0a24-4135-259ca02257b8,260147004,SNOMED-CT,House dust mite (organism),allergy,environment,,,,,,
2023-01-30,,1a10a04c-ebce-4209-bed8-6fffed9a328b,25e326c0-d1ed-0a24-4135-259ca02257b8,264287008,SNOMED-CT,Animal dander (substance),allergy,environment,878820003,Rhinoconjunctivitis (disorder),MODERATE,49727002,Cough (finding),MODERATE
2023-01-30,,1a10a04c-ebce-4209-bed8-6fffed9a328b,25e326c0-d1ed-0a24-4135-259ca02257b8,256277009,SNOMED-CT,Grass pollen (substance),allergy,environment,,,,,,
2023-01-30,,1a10a04c-ebce-4209-bed8-6fffed9a328b,25e326c0-d1ed-0a24-4135-259ca02257b8,442571000124108,SNOMED-CT,Tree nut (substance),allergy,food,39579001,Anaphylaxis (disorder),SEVERE,271807003,Eruption of skin (disorder),MODERATE
2016-08-08,,f60f6f05-9cea-076a-d441-19631f8ece68,d13e277b-081e-2683-a9f6-6fd18665bb3b,419199007,SNOMED-CT,Allergy to substance (finding),allergy,environment,,,,,,
1953-04-30,,7f28cc35-c73f-9312-457e-dab0c14b613b,1c3c21d5-d1f1-fd83-7596-9f6bf1aa9512,419199007,SNOMED-CT,Allergy to substance (finding),allergy,environment,,,,,,
1953-04-30,,7f28cc35-c73f-9312-457e-dab0c14b613b,1c3c21d5-d1f1-fd83-7596-9f6bf1aa9512,288328004,SNOMED-CT,Bee venom (substance),allergy,environment,271807003,Eruption of skin (disorder),MODERATE,,,
1953-04-30,,7f28cc35-c73f-9312-457e-dab0c14b613b,1c3c21d5-d1f1-fd83-7596-9f6bf1aa9512,84489001,SNOMED-CT,Mold (organism),allergy,environment,21626009,Allergic skin rash,MILD,76067001,Sneezing,MILD
1953-04-30,,7f28cc35-c73f-9312-457e-dab0c14b613b,1c3c21d5-d1f1-fd83-7596-9f6bf1aa9512,260147004,SNOMED-CT,House dust mite (organism),allergy,environment,,,,,,
1953-04-30,,7f28cc35-c73f-9312-457e-dab0c14b613b,1c3c21d5-d1f1-fd83-7596-9f6bf1aa9512,264287008,SNOMED-CT,Animal dander (substance),allergy,environment,271807003,Eruption of skin (disorder),MILD,247472004,Wheal (finding),MILD
1953-04-30,,7f28cc35-c73f-9312-457e-dab0c14b613b,1c3c21d5-d1f1-fd83-7596-9f6bf1aa9512,256277009,SNOMED-CT,Grass pollen (substance),allergy,environment,,,,,,
1953-04-30,,7f28cc35-c73f-9312-457e-dab0c14b613b,1c3c21d5-d1f1-fd83-7596-9f6bf1aa9512,782576004,SNOMED-CT,Tree pollen (substance),allergy,environment,,,,,,
1953-04-30,,7f28cc35-c73f-9312-457e-dab0c14b613b,1c3c21d5-d1f1-fd83-7596-9f6bf1aa9512,7984,RxNorm,Penicillin V,allergy,medication,,,,,,
1953-04-30,,7f28cc35-c73f-9312-457e-dab0c14b613b,1c3c21d5-d1f1-fd83-7596-9f6bf1aa9512,3718001,SNOMED-CT,Cow's milk (substance),allergy,food,402387002,Allergic angioedema (disorder),MODERATE,62315008,Diarrhea (finding),MILD
1953-04-30,,7f28cc35-c73f-9312-457e-dab0c14b613b,1c3c21d5-d1f1-fd83-7596-9f6bf1aa9512,412071004,SNOMED-CT,Wheat (substance),allergy,food,,,,,,
1986-10-25,,a5b09c3c-757c-48d9-7ee3-26787659d632,254ba0de-fb39-1a84-92b1-4ad690f779ba,419199007,SNOMED-CT,Allergy to substance (finding),allergy,environment,,,,,,
1986-10-25,,a5b09c3c-757c-48d9-7ee3-26787659d632,254ba0de-fb39-1a84-92b1-4ad690f779ba,84489001,SNOMED-CT,Mold (organism),allergy,environment,,,,,,
1986-10-25,,a5b09c3c-757c-48d9-7ee3-26787659d632,254ba0de-fb39-1a84-92b1-4ad690f779ba,264287008,SNOMED-CT,Animal dander (substance),allergy,environment,49727002,Cough (finding),MODERATE,878820003,Rhinoconjunctivitis (disorder),MODERATE
1986-10-25,,a5b09c3c-757c-48d9-7ee3-26787659d632,254ba0de-fb39-1a84-92b1-4ad690f779ba,102263004,SNOMED-CT,Eggs (edible) (substance),allergy,food,,,,,,
1980-07-17,,0491374e-32b9-3d42-fb9a-4e85f9f3e4e4,15af0405-65b8-16ee-b5f0-750a86e8a457,419199007,SNOMED-CT,Allergy to substance (finding),allergy,environment,,,,,,
1980-07-17,,0491374e-32b9-3d42-fb9a-4e85f9f3e4e4,15af0405-65b8-16ee-b5f0-750a86e8a457,288328004,SNOMED-CT,Bee venom (substance),allergy,environment,39579001,Anaphylaxis (disorder),SEVERE,271807003,Eruption of skin (disorder),MODERATE
1980-07-17,,0491374e-32b9-3d42-fb9a-4e85f9f3e4e4,15af0405-65b8-16ee-b5f0-750a86e8a457,84489001,SNOMED-CT,Mold (organism),allergy,environment,,,,,,
1980-07-17,,0491374e-32b9-3d42-fb9a-4e85f9f3e4e4,15af0405-65b8-16ee-b5f0-750a86e8a457,260147004,SNOMED-CT,House dust mite (organism),allergy,environment,,,,,,
1980-07-17,,0491374e-32b9-3d42-fb9a-4e85f9f3e4e4,15af0405-65b8-16ee-b5f0-750a86e8a457,264287008,SNOMED-CT,Animal dander (substance),allergy,environment,878820003,Rhinoconjunctivitis (disorder),MODERATE,271807003,Eruption of skin (disorder),MILD
1980-07-17,,0491374e-32b9-3d42-fb9a-4e85f9f3e4e4,15af0405-65b8-16ee-b5f0-750a86e8a457,256277009,SNOMED-CT,Grass pollen (substance),allergy,environment,,,,,,
1980-07-17,,0491374e-32b9-3d42-fb9a-4e85f9f3e4e4,15af0405-65b8-16ee-b5f0-750a86e8a457,782576004,SNOMED-CT,Tree pollen (substance),allergy,environment,,,,,,
1980-07-17,,0491374e-32b9-3d42-fb9a-4e85f9f3e4e4,15af0405-65b8-16ee-b5f0-750a86e8a457,1191,RxNorm,Aspirin,allergy,medication,,,,,,
1980-07-17,,0491374e-32b9-3d42-fb9a-4e85f9f3e4e4,15af0405-65b8-16ee-b5f0-750a86e8a457,256355007,SNOMED-CT,Soy bean,allergy,food,300359004,Finding of vomiting (finding),MODERATE,,,
1980-07-17,,0491374e-32b9-3d42-fb9a-4e85f9f3e4e4,15af0405-65b8-16ee-b5f0-750a86e8a457,412071004,SNOMED-CT,Wheat (substance),allergy,food,,,,,,
1980-07-17,,0491374e-32b9-3d42-fb9a-4e85f9f3e4e4,15af0405-65b8-16ee-b5f0-750a86e8a457,735029006,SNOMED-CT,Shellfish (substance),allergy,food,271807003,Eruption of skin (disorder),MODERATE,402387002,Allergic angioedema (disorder),MODERATE
1980-07-17,,0491374e-32b9-3d42-fb9a-4e85f9f3e4e4,15af0405-65b8-16ee-b5f0-750a86e8a457,735971005,SNOMED-CT,Fish (substance),allergy,food,267036007,Dyspnea (finding),MODERATE,878820003,Rhinoconjunctivitis (disorder),MILD
1980-07-17,,0491374e-32b9-3d42-fb9a-4e85f9f3e4e4,15af0405-65b8-16ee-b5f0-750a86e8a457,442571000124108,SNOMED-CT,Tree nut (substance),allergy,food,39579001,Anaphylaxis (disorder),SEVERE,271807003,Eruption of skin (disorder),MODERATE
1955-04-22,,09d1d5a1-686b-9c19-9163-3a24b2caea74,b0f6a5e2-b582-dabc-a94f-3d7f18092b9f,419199007,SNOMED-CT,Allergy to substance (finding),allergy,environment,,,,,,
1955-04-22,,09d1d5a1-686b-9c19-9163-3a24b2caea74,b0f6a5e2-b582-dabc-a94f-3d7f18092b9f,10831,RxNorm,Sulfamethoxazole / Trimethoprim,allergy,medication,271807003,Eruption of skin (disorder),MODERATE,,,
1955-04-22,,09d1d5a1-686b-9c19-9163-3a24b2caea74,b0f6a5e2-b582-dabc-a94f-3d7f18092b9f,412071004,SNOMED-CT,Wheat (substance),allergy,food,,,,,,
2021-06-19,,2f9d7cac-28c2-342e-9291-50c9e02450c9,a462eb96-f6f4-41f7-2455-df6587f91f96,419199007,SNOMED-CT,Allergy to substance (finding),allergy,environment,,,,,,
2021-06-19,,2f9d7cac-28c2-342e-9291-50c9e02450c9,a462eb96-f6f4-41f7-2455-df6587f91f96,84489001,SNOMED-CT,Mold (organism),allergy,environment,76067001,Sneezing,MILD,,,
2021-06-19,,2f9d7cac-28c2-342e-9291-50c9e02450c9,a462eb96-f6f4-41f7-2455-df6587f91f96,260147004,SNOMED-CT,House dust mite (organism),allergy,environment,,,,,,
2021-06-19,,2f9d7cac-28c2-342e-9291-50c9e02450c9,a462eb96-f6f4-41f7-2455-df6587f91f96,264287008,SNOMED-CT,Animal dander (substance),allergy,environment,49727002,Cough (finding),MODERATE,878820003,Rhinoconjunctivitis (disorder),MODERATE
2021-06-19,,2f9d7cac-28c2-342e-9291-50c9e02450c9,a462eb96-f6f4-41f7-2455-df6587f91f96,256277009,SNOMED-CT,Grass pollen (substance),allergy,environment,,,,,,
2021-06-19,,2f9d7cac-28c2-342e-9291-50c9e02450c9,a462eb96-f6f4-41f7-2455-df6587f91f96,782576004,SNOMED-CT,Tree pollen (substance),allergy,environment,,,,,,
2021-06-19,,2f9d7cac-28c2-342e-9291-50c9e02450c9,a462eb96-f6f4-41f7-2455-df6587f91f96,1191,RxNorm,Aspirin,allergy,medication,,,,,,
2021-06-19,,2f9d7cac-28c2-342e-9291-50c9e02450c9,a462eb96-f6f4-41f7-2455-df6587f91f96,102263004,SNOMED-CT,Eggs (edible) (substance),allergy,food,271807003,Eruption of skin (disorder),MODERATE,,,
