START,STOP,PATIENT,ENCOUNTER,CODE,SYSTEM,DESCRIPTION,TYPE,CATEGORY,REACTION1,DESCRIPTION1,SEVERITY1,REACTION2,DESCRIPTION2,SEVERITY2
1995-12-26,,7673787d-7908-e10a-a764-7af28a6b41b3,def552a1-5842-f0d0-2a37-03f5b8b9511a,419199007,SNOMED-CT,Allergy to substance (finding),allergy,environment,,,,,,
1995-12-26,,7673787d-7908-e10a-a764-7af28a6b41b3,def552a1-5842-f0d0-2a37-03f5b8b9511a,260147004,SNOMED-CT,House dust mite (organism),allergy,environment,,,,,,
1995-12-26,,7673787d-7908-e10a-a764-7af28a6b41b3,def552a1-5842-f0d0-2a37-03f5b8b9511a,264287008,SNOMED-CT,Animal dander (substance),allergy,environment,271807003,Eruption of skin (disorder),MILD,,,
1995-12-26,,7673787d-7908-e10a-a764-7af28a6b41b3,def552a1-5842-f0d0-2a37-03f5b8b9511a,7984,RxNorm,Penicillin V,allergy,medication,247472004,Wheal (finding),MILD,,,
1995-12-26,,7673787d-7908-e10a-a764-7af28a6b41b3,def552a1-5842-f0d0-2a37-03f5b8b9511a,735029006,SNOMED-CT,Shellfish (substance),allergy,food,271807003,Eruption of skin (disorder),MODERATE,247472004,Wheal (finding),MILD
1978-04-04,,ac7e7e9e-d02c-acf4-56c3-02e2169b0729,15f1b590-17b6-6873-aeaa-7d729def3e89,419199007,SNOMED-CT,Allergy to substance (finding),allergy,environment,,,,,,
1978-04-04,,ac7e7e9e-d02c-acf4-56c3-02e2169b0729,15f1b590-17b6-6873-aeaa-7d729def3e89,84489001,SNOMED-CT,Mold (organism),allergy,environment,,,,,,
1978-04-04,,ac7e7e9e-d02c-acf4-56c3-02e2169b0729,15f1b590-17b6-6873-aeaa-7d729def3e89,260147004,SNOMED-CT,House dust mite (organism),allergy,environment,,,,,,
1978-04-04,,ac7e7e9e-d02c-acf4-56c3-02e2169b0729,15f1b590-17b6-6873-aeaa-7d729def3e89,264287008,SNOMED-CT,Animal dander (substance),allergy,environment,878820003,Rhinoconjunctivitis (disorder),MODERATE,247472004,Wheal (finding),MILD
1978-04-04,,ac7e7e9e-d02c-acf4-56c3-02e2169b0729,15f1b590-17b6-6873-aeaa-7d729def3e89,256277009,SNOMED-CT,Grass pollen (substance),allergy,environment,,,,,,
1978-04-04,,ac7e7e9e-d02c-acf4-56c3-02e2169b0729,15f1b590-17b6-6873-aeaa-7d729def3e89,782576004,SNOMED-CT,Tree pollen (substance),allergy,environment,,,,,,
1978-04-04,,ac7e7e9e-d02c-acf4-56c3-02e2169b0729,15f1b590-17b6-6873-aeaa-7d729def3e89,1191,RxNorm,Aspirin,allergy,medication,,,,,,
1978-04-04,,ac7e7e9e-d02c-acf4-56c3-02e2169b0729,15f1b590-17b6-6873-aeaa-7d729def3e89,3718001,SNOMED-CT,Cow's milk (substance),allergy,food,39579001,Anaphylaxis (disorder),SEVERE,300359004,Finding of vomiting (finding),MODERATE
1978-04-04,,ac7e7e9e-d02c-acf4-56c3-02e2169b0729,15f1b590-17b6-6873-aeaa-7d729def3e89,102263004,SNOMED-CT,Eggs (edible) (substance),allergy,food,247472004,Wheal (finding),MODERATE,300359004,Finding of vomiting (finding),MODERATE
1978-04-04,,ac7e7e9e-d02c-acf4-56c3-02e2169b0729,15f1b590-17b6-6873-aeaa-7d729def3e89,735971005,SNOMED-CT,Fish (substance),allergy,food,267036007,Dyspnea (finding),MODERATE,271807003,Eruption of skin (disorder),MILD
2023-07-06,,ff29ac54-c213-8753-59f8-3b9330cc2c7f,47b8c7da-dabb-bc06-2595-fa2909959fb1,419199007,SNOMED-CT,Allergy to substance (finding),allergy,environment,,,,,,
2023-07-06,,ff29ac54-c213-8753-59f8-3b9330cc2c7f,47b8c7da-dabb-bc06-2595-fa2909959fb1,102263004,SNOMED-CT,Eggs (edible) (substance),allergy,food,,,,,,
1992-12-29,,5eb02f32-9113-dcfd-f16d-a4551af7c781,3a0e07da-aef4-4060-3c9b-19ee409ae445,419199007,SNOMED-CT,Allergy to substance (finding),allergy,environment,,,,,,
1992-12-29,,5eb02f32-9113-dcfd-f16d-a4551af7c781,3a0e07da-aef4-4060-3c9b-19ee409ae445,735971005,SNOMED-CT,Fish (substance),allergy,food,267036007,Dyspnea (finding),MODERATE,271807003,Eruption of skin (disorder),MILD
2011-05-14,,9d28f2a5-2421-3414-bf86-5dbe86de1745,6455b787-867b-f86c-cf91-8f0043f0ca94,419199007,SNOMED-CT,Allergy to substance (finding),allergy,environment,,,,,,
2011-05-14,,9d28f2a5-2421-3414-bf86-5dbe86de1745,6455b787-867b-f86c-cf91-8f0043f0ca94,29046,RxNorm,Lisinopril,intolerance,medication,,,,,,
2011-05-14,,9d28f2a5-2421-3414-bf86-5dbe86de1745,6455b787-867b-f86c-cf91-8f0043f0ca94,735029006,SNOMED-CT,Shellfish (substance),allergy,food,271807003,Eruption of skin (disorder),MODERATE,402387002,Allergic angioedema (disorder),MODERATE
1986-04-02,,973bb1ab-371a-4939-d8ce-768ab5488fbc,b5ed042f-3d76-b076-ede1-2cfdf46b97a8,419199007,SNOMED-CT,Allergy to substance (finding),allergy,environment,,,,,,
1986-04-02,,973bb1ab-371a-4939-d8ce-768ab5488fbc,b5ed042f-3d76-b076-ede1-2cfdf46b97a8,84489001,SNOMED-CT,Mold (organism),allergy,environment,267101005,Nose running,MILD,,,
1986-04-02,,973bb1ab-371a-4939-d8ce-768ab5488fbc,b5ed042f-3d76-b076-ede1-2cfdf46b97a8,260147004,SNOMED-CT,House dust mite (organism),allergy,environment,,,,,,
1986-04-02,,973bb1ab-371a-4939-d8ce-768ab5488fbc,b5ed042f-3d76-b076-ede1-2cfdf46b97a8,264287008,SNOMED-CT,Animal dander (substance),allergy,environment,878820003,Rhinoconjunctivitis (disorder),MODERATE,,,
1986-04-02,,973bb1ab-371a-4939-d8ce-768ab5488fbc,b5ed042f-3d76-b076-ede1-2cfdf46b97a8,256277009,SNOMED-CT,Grass pollen (substance),allergy,environment,,,,,,
1986-04-02,,973bb1ab-371a-4939-d8ce-768ab5488fbc,b5ed042f-3d76-b076-ede1-2cfdf46b97a8,782576004,SNOMED-CT,Tree pollen (substance),allergy,environment,,,,,,
1986-04-02,,973bb1ab-371a-4939-d8ce-768ab5488fbc,b5ed042f-3d76-b076-ede1-2cfdf46b97a8,442571000124108,SNOMED-CT,Tree nut (substance),allergy,food,39579001,Anaphylaxis (disorder),SEVERE,247472004,Wheal (finding),MODERATE
2020-04-02,,7cda5840-b6e5-000e-dab3-acad560bc5d9,acaede15-0ae9-8e11-c3b9-90c3913af309,419199007,SNOMED-CT,Allergy to substance (finding),allergy,environment,,,,,,
2020-04-02,,7cda5840-b6e5-000e-dab3-acad560bc5d9,acaede15-0ae9-8e11-c3b9-90c3913af309,288328004,SNOMED-CT,Bee venom (substance),allergy,environment,,,,,,
2020-04-02,,7cda5840-b6e5-000e-dab3-acad560bc5d9,acaede15-0ae9-8e11-c3b9-90c3913af309,84489001,SNOMED-CT,Mold (organism),allergy,environment,267101005,Nose running,MILD,76067001,Sneezing,MILD
2020-04-02,,7cda5840-b6e5-000e-dab3-acad560bc5d9,acaede15-0ae9-8e11-c3b9-90c3913af309,264287008,SNOMED-CT,Animal dander (substance),allergy,environment,878820003,Rhinoconjunctivitis (disorder),MODERATE,247472004,Wheal (finding),MILD
2020-04-02,,7cda5840-b6e5-000e-dab3-acad560bc5d9,acaede15-0ae9-8e11-c3b9-90c3913af309,256277009,SNOMED-CT,Grass pollen (substance),allergy,environment,,,,,,
2020-04-02,,7cda5840-b6e5-000e-dab3-acad560bc5d9,acaede15-0ae9-8e11-c3b9-90c3913af309,782576004,SNOMED-CT,Tree pollen (substance),allergy,environment,,,,,,
2020-04-02,,7cda5840-b6e5-000e-dab3-acad560bc5d9,acaede15-0ae9-8e11-c3b9-90c3913af309,3718001,SNOMED-CT,Cow's milk (substance),allergy,food,247472004,Wheal (finding),MILD,,,
2000-06-26,,03a08415-558c-467c-2519-e0e1b17fa182,30054ac6-6d6f-24a6-ff7f-2535ae627db1,419199007,SNOMED-CT,Allergy to substance (finding),allergy,environment,,,,,,
2000-06-26,,03a08415-558c-467c-2519-e0e1b17fa182,30054ac6-6d6f-24a6-ff7f-2535ae627db1,1191,RxNorm,Aspirin,allergy,medication,,,,,,
1950-05-29,,52928d72-e389-3c08-8932-09226f09b1e6,ad673771-a047-bd21-29d7-3c6eaff91549,419199007,SNOMED-CT,Allergy to substance (finding),allergy,environment,,,,,,
1950-05-29,,52928d72-e389-3c08-8932-09226f09b1e6,ad673771-a047-bd21-29d7-3c6eaff91549,1191,RxNorm,Aspirin,allergy,medication,,,,,,
1950-05-29,,52928d72-e389-3c08-8932-09226f09b1e6,ad673771-a047-bd21-29d7-3c6eaff91549,7984,RxNorm,Penicillin V,allergy,medication,878820003,Rhinoconjunctivitis (disorder),MODERATE,,,
2015-04-18,,047a5eb0-c7f4-8590-8a6d-3ba0b8feeaad,9060dd20-3931-5d7f-21e1-c6124f17315a,419199007,SNOMED-CT,Allergy to substance (finding),allergy,environment,,,,,,
2015-04-18,,047a5eb0-c7f4-8590-8a6d-3ba0b8feeaad,9060dd20-3931-5d7f-21e1-c6124f17315a,111088007,SNOMED-CT,Latex (substance),allergy,environment,39579001,Anaphylaxis (disorder),SEVERE,402387002,Allergic angioedema (disorder),MODERATE
2015-04-18,,047a5eb0-c7f4-8590-8a6d-3ba0b8feeaad,9060dd20-3931-5d7f-21e1-c6124f17315a,288328004,SNOMED-CT,Bee venom (substance),allergy,environment,,,,,,
2015-04-18,,047a5eb0-c7f4-8590-8a6d-3ba0b8feeaad,9060dd20-3931-5d7f-21e1-c6124f17315a,84489001,SNOMED-CT,Mold (organism),allergy,environment,21626009,Allergic skin rash,MILD,,,
2015-04-18,,047a5eb0-c7f4-8590-8a6d-3ba0b8feeaad,9060dd20-3931-5d7f-21e1-c6124f17315a,260147004,SNOMED-CT,House dust mite (organism),allergy,environment,,,,,,
2015-04-18,,047a5eb0-c7f4-8590-8a6d-3ba0b8feeaad,9060dd20-3931-5d7f-21e1-c6124f17315a,264287008,SNOMED-CT,Animal dander (substance),allergy,environment,878820003,Rhinoconjunctivitis (disorder),MODERATE,271807003,Eruption of skin (disorder),MILD
2015-04-18,,047a5eb0-c7f4-8590-8a6d-3ba0b8feeaad,9060dd20-3931-5d7f-21e1-c6124f17315a,782576004,SNOMED-CT,Tree pollen (substance),allergy,environment,,,,,,
2015-04-18,,047a5eb0-c7f4-8590-8a6d-3ba0b8feeaad,9060dd20-3931-5d7f-21e1-c6124f17315a,442571000124108,SNOMED-CT,Tree nut (substance),allergy,food,39579001,Anaphylaxis (disorder),SEVERE,271807003,Eruption of skin (disorder),MODERATE
2015-06-15,,6aa6eb85-13dc-05b8-e0eb-eb06d4903bef,5927aabe-8f2f-d3ae-28e3-bfde3502cb22,419199007,SNOMED-CT,Allergy to substance (finding),allergy,environment,,,,,,
1979-11-24,,d2d57d17-6c24-9c98-2888-a862dc10d0e1,8d27cf8c-4323-6ad7-caae-26e021545f9f,419199007,SNOMED-CT,Allergy to substance (finding),allergy,environment,,,,,,
1979-11-24,,d2d57d17-6c24-9c98-2888-a862dc10d0e1,8d27cf8c-4323-6ad7-caae-26e021545f9f,288328004,SNOMED-CT,Bee venom (substance),allergy,environment,,,,,,
1979-11-24,,d2d57d17-6c24-9c98-2888-a862dc10d0e1,8d27cf8c-4323-6ad7-caae-26e021545f9f,84489001,SNOMED-CT,Mold (organism),allergy,environment,21626009,Allergic skin rash,MILD,76067001,Sneezing,MILD
1979-11-24,,d2d57d17-6c24-9c98-2888-a862dc10d0e1,8d27cf8c-4323-6ad7-caae-26e021545f9f,260147004,SNOMED-CT,House dust mite (organism),allergy,environment,,,,,,
1979-11-24,,d2d57d17-6c24-9c98-2888-a862dc10d0e1,8d27cf8c-4323-6ad7-caae-26e021545f9f,264287008,SNOMED-CT,Animal dander (substance),allergy,environment,878820003,Rhinoconjunctivitis (disorder),MODERATE,49727002,Cough (finding),MODERATE
1979-11-24,,d2d57d17-6c24-9c98-2888-a862dc10d0e1,8d27cf8c-4323-6ad7-caae-26e021545f9f,782576004,SNOMED-CT,Tree pollen (substance),allergy,environment,,,,,,
1979-11-24,,d2d57d17-6c24-9c98-2888-a862dc10d0e1,8d27cf8c-4323-6ad7-caae-26e021545f9f,10831,RxNorm,Sulfamethoxazole / Trimethoprim,allergy,medication,271807003,Eruption of skin (disorder),MODERATE,,,
1979-11-24,,d2d57d17-6c24-9c98-2888-a862dc10d0e1,8d27cf8c-4323-6ad7-caae-26e021545f9f,1191,RxNorm,Aspirin,allergy,medication,247472004,Wheal (finding),MODERATE,,,
1979-11-24,,d2d57d17-6c24-9c98-2888-a862dc10d0e1,8d27cf8c-4323-6ad7-caae-26e021545f9f,256355007,SNOMED-CT,Soy bean,allergy,food,62315008,Diarrhea (finding),MILD,,,
1979-11-24,,d2d57d17-6c24-9c98-2888-a862dc10d0e1,8d27cf8c-4323-6ad7-caae-26e021545f9f,102263004,SNOMED-CT,Eggs (edible) (substance),allergy,food,247472004,Wheal (finding),MODERATE,,,
1979-11-24,,d2d57d17-6c24-9c98-2888-a862dc10d0e1,8d27cf8c-4323-6ad7-caae-26e021545f9f,735971005,SNOMED-CT,Fish (substance),allergy,food,271807003,Eruption of skin (disorder),MILD,,,
1979-11-24,,d2d57d17-6c24-9c98-2888-a862dc10d0e1,8d27cf8c-4323-6ad7-caae-26e021545f9f,442571000124108,SNOMED-CT,Tree nut (substance),allergy,food,39579001,Anaphylaxis (disorder),SEVERE,267036007,Dyspnea (finding),MODERATE
1974-08-30,,719f631d-2c58-0a66-1535-f33b6d1b3380,d31866c3-fa58-253f-d8eb-64a5f9a51ee1,419199007,SNOMED-CT,Allergy to substance (finding),allergy,environment,,,,,,
1974-08-30,,719f631d-2c58-0a66-1535-f33b6d1b3380,d31866c3-fa58-253f-d8eb-64a5f9a51ee1,1191,RxNorm,Aspirin,allergy,medication,,,,,,
1974-08-30,,719f631d-2c58-0a66-1535-f33b6d1b3380,d31866c3-fa58-253f-d8eb-64a5f9a51ee1,735029006,SNOMED-CT,Shellfish (substance),allergy,food,271807003,Eruption of skin (disorder),MODERATE,402387002,Allergic angioedema (disorder),MODERATE
1968-09-20,,8d65801c-3227-80dc-e8b4-e26c8352eff9,c51c8714-6c81-3c5a-2b99-67f1a362eb54,419199007,SNOMED-CT,Allergy to substance (finding),allergy,environment,,,,,,
1968-09-20,,8d65801c-3227-80dc-e8b4-e26c8352eff9,c51c8714-6c81-3c5a-2b99-67f1a362eb54,442571000124108,SNOMED-CT,Tree nut (substance),allergy,food,39579001,Anaphylaxis (disorder),SEVERE,267036007,Dyspnea (finding),MODERATE
1968-08-28,,b8a89391-62b5-641e-c338-338d4073a41c,8285fefc-d7fe-3bdd-8cf7-b00f734259bd,419199007,SNOMED-CT,Allergy to substance (finding),allergy,environment,,,,,,
1968-08-28,,b8a89391-62b5-641e-c338-338d4073a41c,8285fefc-d7fe-3bdd-8cf7-b00f734259bd,1191,RxNorm,Aspirin,allergy,medication,21522001,Abdominal pain (finding),MODERATE,,,
1968-08-28,,b8a89391-62b5-641e-c338-338d4073a41c,8285fefc-d7fe-3bdd-8cf7-b00f734259bd,7984,RxNorm,Penicillin V,allergy,medication,271807003,Eruption of skin (disorder),MILD,247472004,Wheal (finding),MILD
1968-08-28,,b8a89391-62b5-641e-c338-338d4073a41c,8285fefc-d7fe-3bdd-8cf7-b00f734259bd,256355007,SNOMED-CT,Soy bean,allergy,food,62315008,Diarrhea (finding),MILD,,,
2020-06-12,,546e8f55-5369-ba4a-aed6-c14306540922,0a940439-3534-8a59-6425-a755461e3218,419199007,SNOMED-CT,Allergy to substance (finding),allergy,environment,,,,,,
2020-06-12,,546e8f55-5369-ba4a-aed6-c14306540922,0a940439-3534-8a59-6425-a755461e3218,102263004,SNOMED-CT,Eggs (edible) (substance),allergy,food,39579001,Anaphylaxis (disorder),SEVERE,247472004,Wheal (finding),MODERATE
1961-02-14,,ce3abaed-38d1-6cb6-2aaa-d14ea7037699,1e38dcb6-88e7-fb9a-4307-15efbecf0ece,419199007,SNOMED-CT,Allergy to substance (finding),allergy,environment,,,,,,
1961-02-14,,ce3abaed-38d1-6cb6-2aaa-d14ea7037699,1e38dcb6-88e7-fb9a-4307-15efbecf0ece,264287008,SNOMED-CT,Animal dander (substance),allergy,environment,271807003,Eruption of skin (disorder),MILD,,,
1961-02-14,,ce3abaed-38d1-6cb6-2aaa-d14ea7037699,1e38dcb6-88e7-fb9a-4307-15efbecf0ece,412071004,SNOMED-CT,Wheat (substance),allergy,food,,,,,,
1973-12-27,,fd2ef0f0-51b7-c870-a782-20733dc1961b,df9c9023-8dfb-c410-ef93-ee7272153b78,419199007,SNOMED-CT,Allergy to substance (finding),allergy,environment,,,,,,
1973-12-27,,fd2ef0f0-51b7-c870-a782-20733dc1961b,df9c9023-8dfb-c410-ef93-ee7272153b78,29046,RxNorm,Lisinopril,intolerance,medication,,,,,,
1952-02-23,,5cea17d7-a7d3-9af7-c7e1-e1c6e4f40d4f,58ebaefb-1228-a810-09cd-97164a9e33ae,419199007,SNOMED-CT,Allergy to substance (finding),allergy,environment,,,,,,
1952-02-23,,5cea17d7-a7d3-9af7-c7e1-e1c6e4f40d4f,58ebaefb-1228-a810-09cd-97164a9e33ae,1191,RxNorm,Aspirin,allergy,medication,,,,,,
1952-02-23,,5cea17d7-a7d3-9af7-c7e1-e1c6e4f40d4f,58ebaefb-1228-a810-09cd-97164a9e33ae,735029006,SNOMED-CT,Shellfish (substance),allergy,food,39579001,Anaphylaxis (disorder),SEVERE,271807003,Eruption of skin (disorder),MODERATE
