START,STOP,PATIENT,ENCOUNTER,CODE,SYSTEM,DESCRIPTION,TYPE,CATEGORY,REACTION1,DESCRIPTION1,SEVERITY1,REACTION2,DESCRIPTION2,SEVERITY2
1976-10-09,,08f588d5-7ddb-4a35-4797-527cc449f472,8d4b3b71-7377-7dd0-7833-78af7c769570,419199007,SNOMED-CT,Allergy to substance (finding),allergy,environment,,,,,,
1976-10-09,,08f588d5-7ddb-4a35-4797-527cc449f472,8d4b3b71-7377-7dd0-7833-78af7c769570,84489001,SNOMED-CT,Mold (organism),allergy,environment,76067001,Sneezing,MILD,,,
1976-10-09,,08f588d5-7ddb-4a35-4797-527cc449f472,8d4b3b71-7377-7dd0-7833-78af7c769570,260147004,SNOMED-CT,House dust mite (organism),allergy,environment,,,,,,
1976-10-09,,08f588d5-7ddb-4a35-4797-527cc449f472,8d4b3b71-7377-7dd0-7833-78af7c769570,264287008,SNOMED-CT,Animal dander (substance),allergy,environment,878820003,Rhinoconjunctivitis (disorder),MODERATE,267036007,Dyspnea (finding),MILD
1976-10-09,,08f588d5-7ddb-4a35-4797-527cc449f472,8d4b3b71-7377-7dd0-7833-78af7c769570,256277009,SNOMED-CT,Grass pollen (substance),allergy,environment,,,,,,
1976-10-09,,08f588d5-7ddb-4a35-4797-527cc449f472,8d4b3b71-7377-7dd0-7833-78af7c769570,782576004,SNOMED-CT,Tree pollen (substance),allergy,environment,,,,,,
1976-10-09,,08f588d5-7ddb-4a35-4797-527cc449f472,8d4b3b71-7377-7dd0-7833-78af7c769570,3718001,SNOMED-CT,Cow's milk (substance),allergy,food,39579001,Anaphylaxis (disorder),SEVERE,300359004,Finding of vomiting (finding),MODERATE
1974-03-23,,3ef58350-933a-f193-5ad3-0cfa81e14adc,f1d46ef8-a0a4-0ba0-7067-dd82fb38b3bb,419199007,SNOMED-CT,Allergy to substance (finding),allergy,environment,,,,,,
1974-03-23,,3ef58350-933a-f193-5ad3-0cfa81e14adc,f1d46ef8-a0a4-0ba0-7067-dd82fb38b3bb,84489001,SNOMED-CT,Mold (organism),allergy,environment,21626009,Allergic skin rash,MILD,,,
1974-03-23,,3ef58350-933a-f193-5ad3-0cfa81e14adc,f1d46ef8-a0a4-0ba0-7067-dd82fb38b3bb,260147004,SNOMED-CT,House dust mite (organism),allergy,environment,,,,,,
1974-03-23,,3ef58350-933a-f193-5ad3-0cfa81e14adc,f1d46ef8-a0a4-0ba0-7067-dd82fb38b3bb,264287008,SNOMED-CT,Animal dander (substance),allergy,environment,271807003,Eruption of skin (disorder),MILD,,,
1974-03-23,,3ef58350-933a-f193-5ad3-0cfa81e14adc,f1d46ef8-a0a4-0ba0-7067-dd82fb38b3bb,256277009,SNOMED-CT,Grass pollen (substance),allergy,environment,,,,,,
1974-03-23,,3ef58350-933a-f193-5ad3-0cfa81e14adc,f1d46ef8-a0a4-0ba0-7067-dd82fb38b3bb,782576004,SNOMED-CT,Tree pollen (substance),allergy,environment,,,,,,
1974-03-23,,3ef58350-933a-f193-5ad3-0cfa81e14adc,f1d46ef8-a0a4-0ba0-7067-dd82fb38b3bb,735029006,SNOMED-CT,Shellfish (substance),allergy,food,39579001,Anaphylaxis (disorder),SEVERE,271807003,Eruption of skin (disorder),MODERATE
1974-03-23,,3ef58350-933a-f193-5ad3-0cfa81e14adc,f1d46ef8-a0a4-0ba0-7067-dd82fb38b3bb,762952008,SNOMED-CT,Peanut (substance),allergy,food,300359004,Finding of vomiting (finding),MILD,267036007,Dyspnea (finding),MILD
2013-10-21,,53c02890-e27f-866a-91c1-5b55ce0213af,b33f18e7-fb0d-72aa-af45-05f13e7a0dcd,419199007,SNOMED-CT,Allergy to substance (finding),allergy,environment,,,,,,
2000-01-11,,d83e113b-4113-3376-1f00-bd65d61604ac,be6cf6f1-f94e-40c7-00d7-a12b070781c3,419199007,SNOMED-CT,Allergy to substance (finding),allergy,environment,,,,,,
2000-01-11,,d83e113b-4113-3376-1f00-bd65d61604ac,be6cf6f1-f94e-40c7-00d7-a12b070781c3,84489001,SNOMED-CT,Mold (organism),allergy,environment,267101005,Nose running,MILD,,,
2000-01-11,,d83e113b-4113-3376-1f00-bd65d61604ac,be6cf6f1-f94e-40c7-00d7-a12b070781c3,260147004,SNOMED-CT,House dust mite (organism),allergy,environment,,,,,,
2000-01-11,,d83e113b-4113-3376-1f00-bd65d61604ac,be6cf6f1-f94e-40c7-00d7-a12b070781c3,264287008,SNOMED-CT,Animal dander (substance),allergy,environment,878820003,Rhinoconjunctivitis (disorder),MODERATE,,,
2000-01-11,,d83e113b-4113-3376-1f00-bd65d61604ac,be6cf6f1-f94e-40c7-00d7-a12b070781c3,256277009,SNOMED-CT,Grass pollen (substance),allergy,environment,,,,,,
2000-01-11,,d83e113b-4113-3376-1f00-bd65d61604ac,be6cf6f1-f94e-40c7-00d7-a12b070781c3,3718001,SNOMED-CT,Cow's milk (substance),allergy,food,247472004,Wheal (finding),MILD,,,
2000-01-11,,d83e113b-4113-3376-1f00-bd65d61604ac,be6cf6f1-f94e-40c7-00d7-a12b070781c3,442571000124108,SNOMED-CT,Tree nut (substance),allergy,food,39579001,Anaphylaxis (disorder),SEVERE,247472004,Wheal (finding),MODERATE
1951-09-11,,d78d97ff-cb67-7ba3-7e4a-f32d6defe3c4,504f3385-14fa-a32e-70e5-8432977d44df,419199007,SNOMED-CT,Allergy to substance (finding),allergy,environment,,,,,,
1951-09-11,,d78d97ff-cb67-7ba3-7e4a-f32d6defe3c4,504f3385-14fa-a32e-70e5-8432977d44df,111088007,SNOMED-CT,Latex (substance),allergy,environment,247472004,Wheal (finding),MILD,,,
1951-09-11,,d78d97ff-cb67-7ba3-7e4a-f32d6defe3c4,504f3385-14fa-a32e-70e5-8432977d44df,84489001,SNOMED-CT,Mold (organism),allergy,environment,21626009,Allergic skin rash,MILD,76067001,Sneezing,MILD
1951-09-11,,d78d97ff-cb67-7ba3-7e4a-f32d6defe3c4,504f3385-14fa-a32e-70e5-8432977d44df,264287008,SNOMED-CT,Animal dander (substance),allergy,environment,878820003,Rhinoconjunctivitis (disorder),MODERATE,271807003,Eruption of skin (disorder),MILD
1951-09-11,,d78d97ff-cb67-7ba3-7e4a-f32d6defe3c4,504f3385-14fa-a32e-70e5-8432977d44df,256277009,SNOMED-CT,Grass pollen (substance),allergy,environment,,,,,,
1951-09-11,,d78d97ff-cb67-7ba3-7e4a-f32d6defe3c4,504f3385-14fa-a32e-70e5-8432977d44df,782576004,SNOMED-CT,Tree pollen (substance),allergy,environment,,,,,,
1951-09-11,,d78d97ff-cb67-7ba3-7e4a-f32d6defe3c4,504f3385-14fa-a32e-70e5-8432977d44df,1191,RxNorm,Aspirin,allergy,medication,21522001,Abdominal pain (finding),MODERATE,,,
1951-09-11,,d78d97ff-cb67-7ba3-7e4a-f32d6defe3c4,504f3385-14fa-a32e-70e5-8432977d44df,102263004,SNOMED-CT,Eggs (edible) (substance),allergy,food,,,,,,
1951-09-11,,d78d97ff-cb67-7ba3-7e4a-f32d6defe3c4,504f3385-14fa-a32e-70e5-8432977d44df,735029006,SNOMED-CT,Shellfish (substance),allergy,food,271807003,Eruption of skin (disorder),MODERATE,402387002,Allergic angioedema (disorder),MODERATE
1951-09-11,,d78d97ff-cb67-7ba3-7e4a-f32d6defe3c4,504f3385-14fa-a32e-70e5-8432977d44df,442571000124108,SNOMED-CT,Tree nut (substance),allergy,food,39579001,Anaphylaxis (disorder),SEVERE,49727002,Cough (finding),MODERATE
2015-01-22,,fd8f05b5-337c-67f4-c8b1-4eaf68233295,c820cf88-98b7-8c5d-41d0-809f318246cf,419199007,SNOMED-CT,Allergy to substance (finding),allergy,environment,,,,,,
2006-11-14,,81b4f81b-318a-5acc-98f2-be6dda90d68c,b8d8f02b-d9df-c0a4-6af7-dad8374a5d29,419199007,SNOMED-CT,Allergy to substance (finding),allergy,environment,,,,,,
2006-11-14,,81b4f81b-318a-5acc-98f2-be6dda90d68c,b8d8f02b-d9df-c0a4-6af7-dad8374a5d29,84489001,SNOMED-CT,Mold (organism),allergy,environment,,,,,,
2006-11-14,,81b4f81b-318a-5acc-98f2-be6dda90d68c,b8d8f02b-d9df-c0a4-6af7-dad8374a5d29,264287008,SNOMED-CT,Animal dander (substance),allergy,environment,878820003,Rhinoconjunctivitis (disorder),MODERATE,247472004,Wheal (finding),MILD
2006-11-14,,81b4f81b-318a-5acc-98f2-be6dda90d68c,b8d8f02b-d9df-c0a4-6af7-dad8374a5d29,256277009,SNOMED-CT,Grass pollen (substance),allergy,environment,,,,,,
2006-11-14,,81b4f81b-318a-5acc-98f2-be6dda90d68c,b8d8f02b-d9df-c0a4-6af7-dad8374a5d29,782576004,SNOMED-CT,Tree pollen (substance),allergy,environment,,,,,,
2006-11-14,,81b4f81b-318a-5acc-98f2-be6dda90d68c,b8d8f02b-d9df-c0a4-6af7-dad8374a5d29,442571000124108,SNOMED-CT,Tree nut (substance),allergy,food,39579001,Anaphylaxis (disorder),SEVERE,49727002,Cough (finding),MODERATE
1986-01-11,,dfdcaeba-30a5-c97a-d553-77807dd5ad77,b5d4925d-1297-0a48-f417-b449279b88ed,419199007,SNOMED-CT,Allergy to substance (finding),allergy,environment,,,,,,
1986-01-11,,dfdcaeba-30a5-c97a-d553-77807dd5ad77,b5d4925d-1297-0a48-f417-b449279b88ed,111088007,SNOMED-CT,Latex (substance),allergy,environment,247472004,Wheal (finding),MILD,,,
1986-01-11,,dfdcaeba-30a5-c97a-d553-77807dd5ad77,b5d4925d-1297-0a48-f417-b449279b88ed,25037,RxNorm,cefdinir,allergy,medication,39579001,Anaphylaxis (disorder),SEVERE,,,
2001-03-16,,cf0875af-2225-d9ff-c494-1aae94127b1a,b303c52b-888a-f520-8d60-8ee05d331365,419199007,SNOMED-CT,Allergy to substance (finding),allergy,environment,,,,,,
2001-03-16,,cf0875af-2225-d9ff-c494-1aae94127b1a,b303c52b-888a-f520-8d60-8ee05d331365,84489001,SNOMED-CT,Mold (organism),allergy,environment,76067001,Sneezing,MILD,,,
2001-03-16,,cf0875af-2225-d9ff-c494-1aae94127b1a,b303c52b-888a-f520-8d60-8ee05d331365,260147004,SNOMED-CT,House dust mite (organism),allergy,environment,,,,,,
2001-03-16,,cf0875af-2225-d9ff-c494-1aae94127b1a,b303c52b-888a-f520-8d60-8ee05d331365,264287008,SNOMED-CT,Animal dander (substance),allergy,environment,878820003,Rhinoconjunctivitis (disorder),MODERATE,49727002,Cough (finding),MODERATE
2001-03-16,,cf0875af-2225-d9ff-c494-1aae94127b1a,b303c52b-888a-f520-8d60-8ee05d331365,256277009,SNOMED-CT,Grass pollen (substance),allergy,environment,,,,,,
2001-03-16,,cf0875af-2225-d9ff-c494-1aae94127b1a,b303c52b-888a-f520-8d60-8ee05d331365,782576004,SNOMED-CT,Tree pollen (substance),allergy,environment,,,,,,
2001-03-16,,cf0875af-2225-d9ff-c494-1aae94127b1a,b303c52b-888a-f520-8d60-8ee05d331365,1191,RxNorm,Aspirin,allergy,medication,,,,,,
2001-03-16,,cf0875af-2225-d9ff-c494-1aae94127b1a,b303c52b-888a-f520-8d60-8ee05d331365,3718001,SNOMED-CT,Cow's milk (substance),allergy,food,247472004,Wheal (finding),MILD,,,
2001-03-16,,cf0875af-2225-d9ff-c494-1aae94127b1a,b303c52b-888a-f520-8d60-8ee05d331365,735971005,SNOMED-CT,Fish (substance),allergy,food,271807003,Eruption of skin (disorder),MILD,878820003,Rhinoconjunctivitis (disorder),MILD
1939-09-09,,79d2937c-201b-692a-e007-187ec3e0f79d,c5cec308-47e6-46bd-74dc-2e1300103f63,419199007,SNOMED-CT,Allergy to substance (finding),allergy,environment,,,,,,
1939-09-09,,79d2937c-201b-692a-e007-187ec3e0f79d,c5cec308-47e6-46bd-74dc-2e1300103f63,7984,RxNorm,Penicillin V,allergy,medication,247472004,Wheal (finding),MILD,,,
1940-11-15,,48754e39-a95e-48ab-28cb-650bb600c110,be0238ce-d957-1245-df87-4de743957254,419199007,SNOMED-CT,Allergy to substance (finding),allergy,environment,,,,,,
1940-11-15,,48754e39-a95e-48ab-28cb-650bb600c110,be0238ce-d957-1245-df87-4de743957254,25037,RxNorm,cefdinir,allergy,medication,271807003,Eruption of skin (disorder),MODERATE,,,
1940-11-15,,48754e39-a95e-48ab-28cb-650bb600c110,be0238ce-d957-1245-df87-4de743957254,735029006,SNOMED-CT,Shellfish (substance),allergy,food,271807003,Eruption of skin (disorder),MODERATE,49727002,Cough (finding),MILD
2017-11-12,,04c35be2-e090-cc09-bbc7-862ce93d11be,9ffe6020-b907-c013-d6fa-ce3851b451a9,419199007,SNOMED-CT,Allergy to substance (finding),allergy,environment,,,,,,
2022-04-07,,22747805-4161-d589-379f-0e969f9f281a,581dc453-2abc-0d08-bae5-812fe6edb674,419199007,SNOMED-CT,Allergy to substance (finding),allergy,environment,,,,,,
2022-04-07,,22747805-4161-d589-379f-0e969f9f281a,581dc453-2abc-0d08-bae5-812fe6edb674,84489001,SNOMED-CT,Mold (organism),allergy,environment,,,,,,
2022-04-07,,22747805-4161-d589-379f-0e969f9f281a,581dc453-2abc-0d08-bae5-812fe6edb674,264287008,SNOMED-CT,Animal dander (substance),allergy,environment,878820003,Rhinoconjunctivitis (disorder),MODERATE,271807003,Eruption of skin (disorder),MILD
2022-04-07,,22747805-4161-d589-379f-0e969f9f281a,581dc453-2abc-0d08-bae5-812fe6edb674,256277009,SNOMED-CT,Grass pollen (substance),allergy,environment,,,,,,
2022-04-07,,22747805-4161-d589-379f-0e969f9f281a,581dc453-2abc-0d08-bae5-812fe6edb674,782576004,SNOMED-CT,Tree pollen (substance),allergy,environment,,,,,,
2022-04-07,,22747805-4161-d589-379f-0e969f9f281a,581dc453-2abc-0d08-bae5-812fe6edb674,102263004,SNOMED-CT,Eggs (edible) (substance),allergy,food,39579001,Anaphylaxis (disorder),SEVERE,,,
2022-04-07,,22747805-4161-d589-379f-0e969f9f281a,581dc453-2abc-0d08-bae5-812fe6edb674,735029006,SNOMED-CT,Shellfish (substance),allergy,food,422587007,Nausea (finding),MODERATE,402387002,Allergic angioedema (disorder),MODERATE
1972-11-03,,dda50031-9ef4-ad01-0d37-ce4ec4281bd9,1579d607-1ec5-6c2a-7f73-25c1a0811efb,419199007,SNOMED-CT,Allergy to substance (finding),allergy,environment,,,,,,
1924-06-28,,850bc101-5c14-b031-4c52-8864ca5f9c6e,c7e623c4-4955-3e02-63af-429723c442cd,419199007,SNOMED-CT,Allergy to substance (finding),allergy,environment,,,,,,
1924-06-28,,850bc101-5c14-b031-4c52-8864ca5f9c6e,c7e623c4-4955-3e02-63af-429723c442cd,84489001,SNOMED-CT,Mold (organism),allergy,environment,267101005,Nose running,MILD,,,
1924-06-28,,850bc101-5c14-b031-4c52-8864ca5f9c6e,c7e623c4-4955-3e02-63af-429723c442cd,735029006,SNOMED-CT,Shellfish (substance),allergy,food,422587007,Nausea (finding),MODERATE,271807003,Eruption of skin (disorder),MODERATE
1962-03-07,,06adbb6b-b91f-4faf-2fb2-db2caeb721a2,0e281763-d3ef-dba6-229a-9065c2fa28dc,419199007,SNOMED-CT,Allergy to substance (finding),allergy,environment,,,,,,
1962-03-07,,06adbb6b-b91f-4faf-2fb2-db2caeb721a2,0e281763-d3ef-dba6-229a-9065c2fa28dc,84489001,SNOMED-CT,Mold (organism),allergy,environment,,,,,,
1962-03-07,,06adbb6b-b91f-4faf-2fb2-db2caeb721a2,0e281763-d3ef-dba6-229a-9065c2fa28dc,260147004,SNOMED-CT,House dust mite (organism),allergy,environment,,,,,,
1962-03-07,,06adbb6b-b91f-4faf-2fb2-db2caeb721a2,0e281763-d3ef-dba6-229a-9065c2fa28dc,264287008,SNOMED-CT,Animal dander (substance),allergy,environment,878820003,Rhinoconjunctivitis (disorder),MODERATE,,,
1962-03-07,,06adbb6b-b91f-4faf-2fb2-db2caeb721a2,0e281763-d3ef-dba6-229a-9065c2fa28dc,256277009,SNOMED-CT,Grass pollen (substance),allergy,environment,,,,,,
1962-03-07,,06adbb6b-b91f-4faf-2fb2-db2caeb721a2,0e281763-d3ef-dba6-229a-9065c2fa28dc,782576004,SNOMED-CT,Tree pollen (substance),allergy,environment,,,,,,
1962-03-07,,06adbb6b-b91f-4faf-2fb2-db2caeb721a2,0e281763-d3ef-dba6-229a-9065c2fa28dc,412071004,SNOMED-CT,Wheat (substance),allergy,food,,,,,,
2019-07-26,,07fe4fe6-cd06-2057-eb22-fd6b93b6d543,4aa0353f-accc-4e09-369b-4582b29c864b,419199007,SNOMED-CT,Allergy to substance (finding),allergy,environment,,,,,,
2019-07-26,,07fe4fe6-cd06-2057-eb22-fd6b93b6d543,4aa0353f-accc-4e09-369b-4582b29c864b,84489001,SNOMED-CT,Mold (organism),allergy,environment,,,,,,
2019-07-26,,07fe4fe6-cd06-2057-eb22-fd6b93b6d543,4aa0353f-accc-4e09-369b-4582b29c864b,260147004,SNOMED-CT,House dust mite (organism),allergy,environment,,,,,,
2019-07-26,,07fe4fe6-cd06-2057-eb22-fd6b93b6d543,4aa0353f-accc-4e09-369b-4582b29c864b,264287008,SNOMED-CT,Animal dander (substance),allergy,environment,49727002,Cough (finding),MODERATE,878820003,Rhinoconjunctivitis (disorder),MODERATE
2019-07-26,,07fe4fe6-cd06-2057-eb22-fd6b93b6d543,4aa0353f-accc-4e09-369b-4582b29c864b,256277009,SNOMED-CT,Grass pollen (substance),allergy,environment,,,,,,
2019-07-26,,07fe4fe6-cd06-2057-eb22-fd6b93b6d543,4aa0353f-accc-4e09-369b-4582b29c864b,782576004,SNOMED-CT,Tree pollen (substance),allergy,environment,,,,,,
2019-07-26,,07fe4fe6-cd06-2057-eb22-fd6b93b6d543,4aa0353f-accc-4e09-369b-4582b29c864b,7984,RxNorm,Penicillin V,allergy,medication,271807003,Eruption of skin (disorder),MILD,247472004,Wheal (finding),MILD
2019-07-26,,07fe4fe6-cd06-2057-eb22-fd6b93b6d543,4aa0353f-accc-4e09-369b-4582b29c864b,102263004,SNOMED-CT,Eggs (edible) (substance),allergy,food,271807003,Eruption of skin (disorder),MODERATE,,,
1992-06-03,,e3e0e009-c3b9-9ded-60a4-052dcd3e2eeb,380de1e3-91a3-5c10-ac79-e8b0b9178fe2,419199007,SNOMED-CT,Allergy to substance (finding),allergy,environment,,,,,,
1992-06-03,,e3e0e009-c3b9-9ded-60a4-052dcd3e2eeb,380de1e3-91a3-5c10-ac79-e8b0b9178fe2,84489001,SNOMED-CT,Mold (organism),allergy,environment,,,,,,
1992-06-03,,e3e0e009-c3b9-9ded-60a4-052dcd3e2eeb,380de1e3-91a3-5c10-ac79-e8b0b9178fe2,260147004,SNOMED-CT,House dust mite (organism),allergy,environment,,,,,,
1992-06-03,,e3e0e009-c3b9-9ded-60a4-052dcd3e2eeb,380de1e3-91a3-5c10-ac79-e8b0b9178fe2,264287008,SNOMED-CT,Animal dander (substance),allergy,environment,878820003,Rhinoconjunctivitis (disorder),MODERATE,,,
1992-06-03,,e3e0e009-c3b9-9ded-60a4-052dcd3e2eeb,380de1e3-91a3-5c10-ac79-e8b0b9178fe2,256277009,SNOMED-CT,Grass pollen (substance),allergy,environment,,,,,,
1992-06-03,,e3e0e009-c3b9-9ded-60a4-052dcd3e2eeb,380de1e3-91a3-5c10-ac79-e8b0b9178fe2,782576004,SNOMED-CT,Tree pollen (substance),allergy,environment,,,,,,
1992-06-03,,e3e0e009-c3b9-9ded-60a4-052dcd3e2eeb,380de1e3-91a3-5c10-ac79-e8b0b9178fe2,7984,RxNorm,Penicillin V,allergy,medication,402387002,Allergic angioedema (disorder),MILD,,,
1992-06-03,,e3e0e009-c3b9-9ded-60a4-052dcd3e2eeb,380de1e3-91a3-5c10-ac79-e8b0b9178fe2,3718001,SNOMED-CT,Cow's milk (substance),allergy,food,,,,,,
1992-06-03,,e3e0e009-c3b9-9ded-60a4-052dcd3e2eeb,380de1e3-91a3-5c10-ac79-e8b0b9178fe2,412071004,SNOMED-CT,Wheat (substance),allergy,food,,,,,,
1992-06-03,,e3e0e009-c3b9-9ded-60a4-052dcd3e2eeb,380de1e3-91a3-5c10-ac79-e8b0b9178fe2,735029006,SNOMED-CT,Shellfish (substance),allergy,food,422587007,Nausea (finding),MODERATE,271807003,Eruption of skin (disorder),MODERATE
1990-03-29,,b5329d46-63fc-ec4b-0ed4-ee71852d06e2,33132bf3-d6ee-f748-e9b5-91ea6350db25,419199007,SNOMED-CT,Allergy to substance (finding),allergy,environment,,,,,,
1990-03-29,,b5329d46-63fc-ec4b-0ed4-ee71852d06e2,33132bf3-d6ee-f748-e9b5-91ea6350db25,1191,RxNorm,Aspirin,allergy,medication,,,,,,
2012-01-04,,f37579b8-8d1a-c344-59cf-6a2c390d5668,bfd6a5e2-eb1e-624d-fdb0-ded620dd6bf6,419199007,SNOMED-CT,Allergy to substance (finding),allergy,environment,,,,,,
2012-01-04,,f37579b8-8d1a-c344-59cf-6a2c390d5668,bfd6a5e2-eb1e-624d-fdb0-ded620dd6bf6,84489001,SNOMED-CT,Mold (organism),allergy,environment,,,,,,
2012-01-04,,f37579b8-8d1a-c344-59cf-6a2c390d5668,bfd6a5e2-eb1e-624d-fdb0-ded620dd6bf6,260147004,SNOMED-CT,House dust mite (organism),allergy,environment,,,,,,
2012-01-04,,f37579b8-8d1a-c344-59cf-6a2c390d5668,bfd6a5e2-eb1e-624d-fdb0-ded620dd6bf6,264287008,SNOMED-CT,Animal dander (substance),allergy,environment,878820003,Rhinoconjunctivitis (disorder),MODERATE,267036007,Dyspnea (finding),MILD
2012-01-04,,f37579b8-8d1a-c344-59cf-6a2c390d5668,bfd6a5e2-eb1e-624d-fdb0-ded620dd6bf6,256277009,SNOMED-CT,Grass pollen (substance),allergy,environment,,,,,,
2012-01-04,,f37579b8-8d1a-c344-59cf-6a2c390d5668,bfd6a5e2-eb1e-624d-fdb0-ded620dd6bf6,782576004,SNOMED-CT,Tree pollen (substance),allergy,environment,,,,,,
2012-01-04,,f37579b8-8d1a-c344-59cf-6a2c390d5668,bfd6a5e2-eb1e-624d-fdb0-ded620dd6bf6,29046,RxNorm,Lisinopril,intolerance,medication,,,,,,
1924-02-20,,748e57be-04c5-f0a0-7724-d5f597347a14,f9665e7b-3f48-6639-4e32-6ef2e87b4672,419199007,SNOMED-CT,Allergy to substance (finding),allergy,environment,,,,,,
1924-02-20,,748e57be-04c5-f0a0-7724-d5f597347a14,f9665e7b-3f48-6639-4e32-6ef2e87b4672,29046,RxNorm,Lisinopril,intolerance,medication,267036007,Dyspnea (finding),MODERATE,49727002,Cough (finding),MODERATE
1924-02-20,,748e57be-04c5-f0a0-7724-d5f597347a14,f9665e7b-3f48-6639-4e32-6ef2e87b4672,256355007,SNOMED-CT,Soy bean,allergy,food,62315008,Diarrhea (finding),MILD,,,
