START,STOP,PATIENT,ENCOUNTER,CODE,SYSTEM,DESCRIPTION,TYPE,CATEGORY,REACTION1,DESCRIPTION1,SEVERITY1,REACTION2,DESCRIPTION2,SEVERITY2
1988-06-11,,d93558f2-547f-67b5-9740-458af3698c58,89b721b8-45ea-702c-f5ff-7ead19b1674b,609328004,SNOMED-CT,Allergic disposition (finding),allergy,environment,,,,,,
1988-06-11,,d93558f2-547f-67b5-9740-458af3698c58,89b721b8-45ea-702c-f5ff-7ead19b1674b,84489001,SNOMED-CT,Mold (organism),allergy,environment,,,,,,
1988-06-11,,d93558f2-547f-67b5-9740-458af3698c58,89b721b8-45ea-702c-f5ff-7ead19b1674b,264287008,SNOMED-CT,Animal dander (substance),allergy,environment,,,,,,
1988-06-11,,d93558f2-547f-67b5-9740-458af3698c58,89b721b8-45ea-702c-f5ff-7ead19b1674b,256277009,SNOMED-CT,Grass pollen (substance),allergy,environment,,,,,,
1988-06-11,,d93558f2-547f-67b5-9740-458af3698c58,89b721b8-45ea-702c-f5ff-7ead19b1674b,782576004,SNOMED-CT,Tree pollen (substance),allergy,environment,,,,,,
1995-04-10,,c3fb03c5-489c-9be8-a36f-15fb5f374897,943a19c1-caf5-9f16-abb9-82205892cc7e,609328004,SNOMED-CT,Allergic disposition (finding),allergy,environment,,,,,,
1995-04-10,,c3fb03c5-489c-9be8-a36f-15fb5f374897,943a19c1-caf5-9f16-abb9-82205892cc7e,288328004,SNOMED-CT,Bee venom (substance),allergy,environment,,,,,,
1995-04-10,,c3fb03c5-489c-9be8-a36f-15fb5f374897,943a19c1-caf5-9f16-abb9-82205892cc7e,84489001,SNOMED-CT,Mold (organism),allergy,environment,267101005,Nasal discharge present (situation),MILD,,,
1995-04-10,,c3fb03c5-489c-9be8-a36f-15fb5f374897,943a19c1-caf5-9f16-abb9-82205892cc7e,260147004,SNOMED-CT,House dust mite (organism),allergy,environment,,,,,,
1995-04-10,,c3fb03c5-489c-9be8-a36f-15fb5f374897,943a19c1-caf5-9f16-abb9-82205892cc7e,264287008,SNOMED-CT,Animal dander (substance),allergy,environment,878820003,Rhinoconjunctivitis (disorder),MODERATE,267036007,Dyspnea (finding),MILD
1995-04-10,,c3fb03c5-489c-9be8-a36f-15fb5f374897,943a19c1-caf5-9f16-abb9-82205892cc7e,256277009,SNOMED-CT,Grass pollen (substance),allergy,environment,,,,,,
1995-04-10,,c3fb03c5-489c-9be8-a36f-15fb5f374897,943a19c1-caf5-9f16-abb9-82205892cc7e,1191,RxNorm,Aspirin,allergy,medication,,,,,,
1995-04-10,,c3fb03c5-489c-9be8-a36f-15fb5f374897,943a19c1-caf5-9f16-abb9-82205892cc7e,412071004,SNOMED-CT,Wheat (substance),allergy,food,271807003,Eruption of skin (disorder),MODERATE,,,
1974-05-17,,8aafa802-9927-1825-d480-43d50bc43026,68172f28-a464-6cd1-049a-f1e19baefc11,609328004,SNOMED-CT,Allergic disposition (finding),allergy,environment,,,,,,
1974-05-17,,8aafa802-9927-1825-d480-43d50bc43026,68172f28-a464-6cd1-049a-f1e19baefc11,29046,RxNorm,Lisinopril,intolerance,medication,49727002,Cough (finding),MODERATE,,,
1974-05-17,,8aafa802-9927-1825-d480-43d50bc43026,68172f28-a464-6cd1-049a-f1e19baefc11,10831,RxNorm,Sulfamethoxazole / Trimethoprim,allergy,medication,,,,,,
1974-05-17,,8aafa802-9927-1825-d480-43d50bc43026,68172f28-a464-6cd1-049a-f1e19baefc11,3718001,SNOMED-CT,Cow's milk (substance),allergy,food,247472004,Wheal (finding),MILD,,,
1997-07-04,,1f8240bb-82f7-60eb-2f64-5ee60820fb1f,c45be03f-bf74-b527-a8c8-a1c0084bdfd8,609328004,SNOMED-CT,Allergic disposition (finding),allergy,environment,,,,,,
1997-07-04,,1f8240bb-82f7-60eb-2f64-5ee60820fb1f,c45be03f-bf74-b527-a8c8-a1c0084bdfd8,288328004,SNOMED-CT,Bee venom (substance),allergy,environment,,,,,,
1997-07-04,,1f8240bb-82f7-60eb-2f64-5ee60820fb1f,c45be03f-bf74-b527-a8c8-a1c0084bdfd8,84489001,SNOMED-CT,Mold (organism),allergy,environment,,,,,,
1997-07-04,,1f8240bb-82f7-60eb-2f64-5ee60820fb1f,c45be03f-bf74-b527-a8c8-a1c0084bdfd8,260147004,SNOMED-CT,House dust mite (organism),allergy,environment,,,,,,
1997-07-04,,1f8240bb-82f7-60eb-2f64-5ee60820fb1f,c45be03f-bf74-b527-a8c8-a1c0084bdfd8,264287008,SNOMED-CT,Animal dander (substance),allergy,environment,878820003,Rhinoconjunctivitis (disorder),MODERATE,49727002,Cough (finding),MODERATE
1997-07-04,,1f8240bb-82f7-60eb-2f64-5ee60820fb1f,c45be03f-bf74-b527-a8c8-a1c0084bdfd8,256277009,SNOMED-CT,Grass pollen (substance),allergy,environment,,,,,,
1997-07-04,,1f8240bb-82f7-60eb-2f64-5ee60820fb1f,c45be03f-bf74-b527-a8c8-a1c0084bdfd8,782576004,SNOMED-CT,Tree pollen (substance),allergy,environment,,,,,,
1997-07-04,,1f8240bb-82f7-60eb-2f64-5ee60820fb1f,c45be03f-bf74-b527-a8c8-a1c0084bdfd8,1191,RxNorm,Aspirin,allergy,medication,,,,,,
1997-07-04,,1f8240bb-82f7-60eb-2f64-5ee60820fb1f,c45be03f-bf74-b527-a8c8-a1c0084bdfd8,412071004,SNOMED-CT,Wheat (substance),allergy,food,271807003,Eruption of skin (disorder),MODERATE,,,
1997-07-04,,1f8240bb-82f7-60eb-2f64-5ee60820fb1f,c45be03f-bf74-b527-a8c8-a1c0084bdfd8,735029006,SNOMED-CT,Shellfish (substance),allergy,food,271807003,Eruption of skin (disorder),MODERATE,247472004,Wheal (finding),MILD
1997-07-04,,1f8240bb-82f7-60eb-2f64-5ee60820fb1f,c45be03f-bf74-b527-a8c8-a1c0084bdfd8,735971005,SNOMED-CT,Fish (substance),allergy,food,267036007,Dyspnea (finding),MODERATE,300359004,Finding of vomiting (finding),MILD
1992-04-10,,f8987ca1-08de-c69c-ca5d-0ae80daa9b48,32fb78fd-29e7-76ef-8eb4-a263e80ed086,609328004,SNOMED-CT,Allergic disposition (finding),allergy,environment,,,,,,
1992-04-10,,f8987ca1-08de-c69c-ca5d-0ae80daa9b48,32fb78fd-29e7-76ef-8eb4-a263e80ed086,84489001,SNOMED-CT,Mold (organism),allergy,environment,267101005,Nasal discharge present (situation),MILD,,,
1992-04-10,,f8987ca1-08de-c69c-ca5d-0ae80daa9b48,32fb78fd-29e7-76ef-8eb4-a263e80ed086,260147004,SNOMED-CT,House dust mite (organism),allergy,environment,,,,,,
1992-04-10,,f8987ca1-08de-c69c-ca5d-0ae80daa9b48,32fb78fd-29e7-76ef-8eb4-a263e80ed086,264287008,SNOMED-CT,Animal dander (substance),allergy,environment,878820003,Rhinoconjunctivitis (disorder),MODERATE,247472004,Wheal (finding),MILD
1992-04-10,,f8987ca1-08de-c69c-ca5d-0ae80daa9b48,32fb78fd-29e7-76ef-8eb4-a263e80ed086,256277009,SNOMED-CT,Grass pollen (substance),allergy,environment,,,,,,
1992-04-10,,f8987ca1-08de-c69c-ca5d-0ae80daa9b48,32fb78fd-29e7-76ef-8eb4-a263e80ed086,782576004,SNOMED-CT,Tree pollen (substance),allergy,environment,,,,,,
1992-04-10,,f8987ca1-08de-c69c-ca5d-0ae80daa9b48,32fb78fd-29e7-76ef-8eb4-a263e80ed086,3718001,SNOMED-CT,Cow's milk (substance),allergy,food,39579001,Anaphylaxis (disorder),SEVERE,62315008,Diarrhea (finding),MILD
1992-04-10,,f8987ca1-08de-c69c-ca5d-0ae80daa9b48,32fb78fd-29e7-76ef-8eb4-a263e80ed086,256355007,SNOMED-CT,Glycine max (substance),allergy,food,300359004,Finding of vomiting (finding),MODERATE,,,
1992-04-10,,f8987ca1-08de-c69c-ca5d-0ae80daa9b48,32fb78fd-29e7-76ef-8eb4-a263e80ed086,102263004,SNOMED-CT,Eggs (edible) (substance),allergy,food,247472004,Wheal (finding),MODERATE,,,
1992-04-10,,f8987ca1-08de-c69c-ca5d-0ae80daa9b48,32fb78fd-29e7-76ef-8eb4-a263e80ed086,442571000124108,SNOMED-CT,Tree nut (substance),allergy,food,39579001,Anaphylaxis (disorder),SEVERE,247472004,Wheal (finding),MODERATE
2023-09-14,,d0f9af42-f203-ba47-20ed-a966a1c2de00,cf144a3d-63a7-e912-41a5-c61780762cb7,609328004,SNOMED-CT,Allergic disposition (finding),allergy,environment,,,,,,
2023-09-14,,d0f9af42-f203-ba47-20ed-a966a1c2de00,cf144a3d-63a7-e912-41a5-c61780762cb7,1191,RxNorm,Aspirin,allergy,medication,247472004,Wheal (finding),MODERATE,,,
2023-09-14,,d0f9af42-f203-ba47-20ed-a966a1c2de00,cf144a3d-63a7-e912-41a5-c61780762cb7,102263004,SNOMED-CT,Eggs (edible) (substance),allergy,food,247472004,Wheal (finding),MODERATE,,,
1972-11-10,,642c1fbe-5fce-1709-e796-770afdbf165d,d34525c5-c70d-553d-06a8-842924a63583,609328004,SNOMED-CT,Allergic disposition (finding),allergy,environment,,,,,,
1972-11-10,,642c1fbe-5fce-1709-e796-770afdbf165d,d34525c5-c70d-553d-06a8-842924a63583,111088007,SNOMED-CT,Latex (substance),allergy,environment,402387002,Allergic angioedema (disorder),MODERATE,247472004,Wheal (finding),MILD
1972-11-10,,642c1fbe-5fce-1709-e796-770afdbf165d,d34525c5-c70d-553d-06a8-842924a63583,84489001,SNOMED-CT,Mold (organism),allergy,environment,,,,,,
1972-11-10,,642c1fbe-5fce-1709-e796-770afdbf165d,d34525c5-c70d-553d-06a8-842924a63583,260147004,SNOMED-CT,House dust mite (organism),allergy,environment,,,,,,
1972-11-10,,642c1fbe-5fce-1709-e796-770afdbf165d,d34525c5-c70d-553d-06a8-842924a63583,264287008,SNOMED-CT,Animal dander (substance),allergy,environment,878820003,Rhinoconjunctivitis (disorder),MODERATE,,,
1972-11-10,,642c1fbe-5fce-1709-e796-770afdbf165d,d34525c5-c70d-553d-06a8-842924a63583,256277009,SNOMED-CT,Grass pollen (substance),allergy,environment,,,,,,
1972-11-10,,642c1fbe-5fce-1709-e796-770afdbf165d,d34525c5-c70d-553d-06a8-842924a63583,782576004,SNOMED-CT,Tree pollen (substance),allergy,environment,,,,,,
1972-11-10,,642c1fbe-5fce-1709-e796-770afdbf165d,d34525c5-c70d-553d-06a8-842924a63583,29046,RxNorm,Lisinopril,intolerance,medication,267036007,Dyspnea (finding),MODERATE,,,
1972-11-10,,642c1fbe-5fce-1709-e796-770afdbf165d,d34525c5-c70d-553d-06a8-842924a63583,735971005,SNOMED-CT,Fish (substance),allergy,food,271807003,Eruption of skin (disorder),MILD,878820003,Rhinoconjunctivitis (disorder),MILD
1956-10-09,,2ec1b5c2-5c47-362c-4ef7-109b5e1f6d51,9819a284-cebf-c100-5791-fc76938fefac,609328004,SNOMED-CT,Allergic disposition (finding),allergy,environment,,,,,,
1956-10-09,,2ec1b5c2-5c47-362c-4ef7-109b5e1f6d51,9819a284-cebf-c100-5791-fc76938fefac,84489001,SNOMED-CT,Mold (organism),allergy,environment,76067001,Sneezing (finding),MILD,,,
1956-10-09,,2ec1b5c2-5c47-362c-4ef7-109b5e1f6d51,9819a284-cebf-c100-5791-fc76938fefac,7984,RxNorm,Penicillin V,allergy,medication,247472004,Wheal (finding),MILD,271807003,Eruption of skin (disorder),MILD
1956-10-09,,2ec1b5c2-5c47-362c-4ef7-109b5e1f6d51,9819a284-cebf-c100-5791-fc76938fefac,762952008,SNOMED-CT,Peanut (substance),allergy,food,39579001,Anaphylaxis (disorder),SEVERE,247472004,Wheal (finding),MODERATE
1994-12-09,,3b8b11bb-870b-654b-e8b2-b1b0d80171e4,871123d7-2b2e-c015-cb33-982822f30f80,609328004,SNOMED-CT,Allergic disposition (finding),allergy,environment,,,,,,
1996-01-08,,3171de78-5eba-f177-ffc9-4644ef4fd84c,ab6acb4f-c8f8-1ee2-fc6b-c199089bc198,609328004,SNOMED-CT,Allergic disposition (finding),allergy,environment,,,,,,
1996-01-08,,3171de78-5eba-f177-ffc9-4644ef4fd84c,ab6acb4f-c8f8-1ee2-fc6b-c199089bc198,84489001,SNOMED-CT,Mold (organism),allergy,environment,21626009,Cutaneous hypersensitivity (disorder),MILD,,,
1996-01-08,,3171de78-5eba-f177-ffc9-4644ef4fd84c,ab6acb4f-c8f8-1ee2-fc6b-c199089bc198,260147004,SNOMED-CT,House dust mite (organism),allergy,environment,,,,,,
1996-01-08,,3171de78-5eba-f177-ffc9-4644ef4fd84c,ab6acb4f-c8f8-1ee2-fc6b-c199089bc198,264287008,SNOMED-CT,Animal dander (substance),allergy,environment,49727002,Cough (finding),MODERATE,878820003,Rhinoconjunctivitis (disorder),MODERATE
1996-01-08,,3171de78-5eba-f177-ffc9-4644ef4fd84c,ab6acb4f-c8f8-1ee2-fc6b-c199089bc198,256277009,SNOMED-CT,Grass pollen (substance),allergy,environment,,,,,,
1996-01-08,,3171de78-5eba-f177-ffc9-4644ef4fd84c,ab6acb4f-c8f8-1ee2-fc6b-c199089bc198,782576004,SNOMED-CT,Tree pollen (substance),allergy,environment,,,,,,
1996-01-08,,3171de78-5eba-f177-ffc9-4644ef4fd84c,ab6acb4f-c8f8-1ee2-fc6b-c199089bc198,29046,RxNorm,Lisinopril,intolerance,medication,,,,,,
1996-01-08,,3171de78-5eba-f177-ffc9-4644ef4fd84c,ab6acb4f-c8f8-1ee2-fc6b-c199089bc198,7984,RxNorm,Penicillin V,allergy,medication,247472004,Wheal (finding),MILD,,,
1996-01-08,,3171de78-5eba-f177-ffc9-4644ef4fd84c,ab6acb4f-c8f8-1ee2-fc6b-c199089bc198,256355007,SNOMED-CT,Glycine max (substance),allergy,food,300359004,Finding of vomiting (finding),MODERATE,62315008,Diarrhea (finding),MILD
1996-01-08,,3171de78-5eba-f177-ffc9-4644ef4fd84c,ab6acb4f-c8f8-1ee2-fc6b-c199089bc198,102263004,SNOMED-CT,Eggs (edible) (substance),allergy,food,,,,,,
1996-01-08,,3171de78-5eba-f177-ffc9-4644ef4fd84c,ab6acb4f-c8f8-1ee2-fc6b-c199089bc198,412071004,SNOMED-CT,Wheat (substance),allergy,food,39579001,Anaphylaxis (disorder),SEVERE,271807003,Eruption of skin (disorder),MODERATE
1996-01-08,,3171de78-5eba-f177-ffc9-4644ef4fd84c,ab6acb4f-c8f8-1ee2-fc6b-c199089bc198,442571000124108,SNOMED-CT,Tree nut (substance),allergy,food,39579001,Anaphylaxis (disorder),SEVERE,271807003,Eruption of skin (disorder),MODERATE
1972-04-07,,321f5822-40c6-7d11-5709-36003e3ac596,c61f61a0-c6dd-e713-9bd5-82ea2914971f,609328004,SNOMED-CT,Allergic disposition (finding),allergy,environment,,,,,,
1972-04-07,,321f5822-40c6-7d11-5709-36003e3ac596,c61f61a0-c6dd-e713-9bd5-82ea2914971f,111088007,SNOMED-CT,Latex (substance),allergy,environment,247472004,Wheal (finding),MILD,,,
1972-04-07,,321f5822-40c6-7d11-5709-36003e3ac596,c61f61a0-c6dd-e713-9bd5-82ea2914971f,288328004,SNOMED-CT,Bee venom (substance),allergy,environment,,,,,,
1972-04-07,,321f5822-40c6-7d11-5709-36003e3ac596,c61f61a0-c6dd-e713-9bd5-82ea2914971f,84489001,SNOMED-CT,Mold (organism),allergy,environment,21626009,Cutaneous hypersensitivity (disorder),MILD,,,
1972-04-07,,321f5822-40c6-7d11-5709-36003e3ac596,c61f61a0-c6dd-e713-9bd5-82ea2914971f,260147004,SNOMED-CT,House dust mite (organism),allergy,environment,,,,,,
1972-04-07,,321f5822-40c6-7d11-5709-36003e3ac596,c61f61a0-c6dd-e713-9bd5-82ea2914971f,264287008,SNOMED-CT,Animal dander (substance),allergy,environment,878820003,Rhinoconjunctivitis (disorder),MODERATE,271807003,Eruption of skin (disorder),MILD
1972-04-07,,321f5822-40c6-7d11-5709-36003e3ac596,c61f61a0-c6dd-e713-9bd5-82ea2914971f,256277009,SNOMED-CT,Grass pollen (substance),allergy,environment,,,,,,
1972-04-07,,321f5822-40c6-7d11-5709-36003e3ac596,c61f61a0-c6dd-e713-9bd5-82ea2914971f,412071004,SNOMED-CT,Wheat (substance),allergy,food,271807003,Eruption of skin (disorder),MODERATE,,,
1972-04-07,,321f5822-40c6-7d11-5709-36003e3ac596,c61f61a0-c6dd-e713-9bd5-82ea2914971f,735971005,SNOMED-CT,Fish (substance),allergy,food,267036007,Dyspnea (finding),MODERATE,878820003,Rhinoconjunctivitis (disorder),MILD
1972-04-07,,321f5822-40c6-7d11-5709-36003e3ac596,c61f61a0-c6dd-e713-9bd5-82ea2914971f,762952008,SNOMED-CT,Peanut (substance),allergy,food,247472004,Wheal (finding),MODERATE,267036007,Dyspnea (finding),MILD
1976-08-12,,369cfa46-b6e1-d5c2-2629-24f463266e80,7b9c5970-0e33-2293-feca-22017c56bfb5,609328004,SNOMED-CT,Allergic disposition (finding),allergy,environment,,,,,,
1976-08-12,,369cfa46-b6e1-d5c2-2629-24f463266e80,7b9c5970-0e33-2293-feca-22017c56bfb5,111088007,SNOMED-CT,Latex (substance),allergy,environment,402387002,Allergic angioedema (disorder),MODERATE,,,
1976-08-12,,369cfa46-b6e1-d5c2-2629-24f463266e80,7b9c5970-0e33-2293-feca-22017c56bfb5,84489001,SNOMED-CT,Mold (organism),allergy,environment,,,,,,
1976-08-12,,369cfa46-b6e1-d5c2-2629-24f463266e80,7b9c5970-0e33-2293-feca-22017c56bfb5,260147004,SNOMED-CT,House dust mite (organism),allergy,environment,,,,,,
1976-08-12,,369cfa46-b6e1-d5c2-2629-24f463266e80,7b9c5970-0e33-2293-feca-22017c56bfb5,264287008,SNOMED-CT,Animal dander (substance),allergy,environment,878820003,Rhinoconjunctivitis (disorder),MODERATE,267036007,Dyspnea (finding),MILD
1976-08-12,,369cfa46-b6e1-d5c2-2629-24f463266e80,7b9c5970-0e33-2293-feca-22017c56bfb5,256277009,SNOMED-CT,Grass pollen (substance),allergy,environment,,,,,,
1976-08-12,,369cfa46-b6e1-d5c2-2629-24f463266e80,7b9c5970-0e33-2293-feca-22017c56bfb5,782576004,SNOMED-CT,Tree pollen (substance),allergy,environment,,,,,,
2002-03-03,,196c064f-f452-e6a6-33b0-96465a5d8a7b,2cd82585-502b-c1c2-4931-e00e5c717144,609328004,SNOMED-CT,Allergic disposition (finding),allergy,environment,,,,,,
2002-03-03,,196c064f-f452-e6a6-33b0-96465a5d8a7b,2cd82585-502b-c1c2-4931-e00e5c717144,111088007,SNOMED-CT,Latex (substance),allergy,environment,271807003,Eruption of skin (disorder),MILD,,,
2002-03-03,,196c064f-f452-e6a6-33b0-96465a5d8a7b,2cd82585-502b-c1c2-4931-e00e5c717144,288328004,SNOMED-CT,Bee venom (substance),allergy,environment,,,,,,
2002-03-03,,196c064f-f452-e6a6-33b0-96465a5d8a7b,2cd82585-502b-c1c2-4931-e00e5c717144,84489001,SNOMED-CT,Mold (organism),allergy,environment,,,,,,
2002-03-03,,196c064f-f452-e6a6-33b0-96465a5d8a7b,2cd82585-502b-c1c2-4931-e00e5c717144,260147004,SNOMED-CT,House dust mite (organism),allergy,environment,,,,,,
2002-03-03,,196c064f-f452-e6a6-33b0-96465a5d8a7b,2cd82585-502b-c1c2-4931-e00e5c717144,264287008,SNOMED-CT,Animal dander (substance),allergy,environment,878820003,Rhinoconjunctivitis (disorder),MODERATE,271807003,Eruption of skin (disorder),MILD
2002-03-03,,196c064f-f452-e6a6-33b0-96465a5d8a7b,2cd82585-502b-c1c2-4931-e00e5c717144,256277009,SNOMED-CT,Grass pollen (substance),allergy,environment,,,,,,
2002-03-03,,196c064f-f452-e6a6-33b0-96465a5d8a7b,2cd82585-502b-c1c2-4931-e00e5c717144,782576004,SNOMED-CT,Tree pollen (substance),allergy,environment,,,,,,
2002-03-03,,196c064f-f452-e6a6-33b0-96465a5d8a7b,2cd82585-502b-c1c2-4931-e00e5c717144,256355007,SNOMED-CT,Glycine max (substance),allergy,food,62315008,Diarrhea (finding),MILD,,,
2002-03-03,,196c064f-f452-e6a6-33b0-96465a5d8a7b,2cd82585-502b-c1c2-4931-e00e5c717144,442571000124108,SNOMED-CT,Tree nut (substance),allergy,food,267036007,Dyspnea (finding),MODERATE,271807003,Eruption of skin (disorder),MODERATE
1968-03-09,,c6104ee2-dd59-a592-088f-f14b15b1499b,6a345e84-ee01-5b6f-811a-428866b387f5,609328004,SNOMED-CT,Allergic disposition (finding),allergy,environment,,,,,,
1968-03-09,,c6104ee2-dd59-a592-088f-f14b15b1499b,6a345e84-ee01-5b6f-811a-428866b387f5,84489001,SNOMED-CT,Mold (organism),allergy,environment,,,,,,
1968-03-09,,c6104ee2-dd59-a592-088f-f14b15b1499b,6a345e84-ee01-5b6f-811a-428866b387f5,260147004,SNOMED-CT,House dust mite (organism),allergy,environment,,,,,,
1968-03-09,,c6104ee2-dd59-a592-088f-f14b15b1499b,6a345e84-ee01-5b6f-811a-428866b387f5,264287008,SNOMED-CT,Animal dander (substance),allergy,environment,247472004,Wheal (finding),MILD,,,
1968-03-09,,c6104ee2-dd59-a592-088f-f14b15b1499b,6a345e84-ee01-5b6f-811a-428866b387f5,256277009,SNOMED-CT,Grass pollen (substance),allergy,environment,,,,,,
1968-03-09,,c6104ee2-dd59-a592-088f-f14b15b1499b,6a345e84-ee01-5b6f-811a-428866b387f5,782576004,SNOMED-CT,Tree pollen (substance),allergy,environment,,,,,,
1968-03-09,,c6104ee2-dd59-a592-088f-f14b15b1499b,6a345e84-ee01-5b6f-811a-428866b387f5,3718001,SNOMED-CT,Cow's milk (substance),allergy,food,271807003,Eruption of skin (disorder),MODERATE,62315008,Diarrhea (finding),MILD
2016-10-28,,684f0270-6060-ccfe-d249-d0496a18a097,29747873-16d9-26fd-36aa-6c8d2ac542e5,609328004,SNOMED-CT,Allergic disposition (finding),allergy,environment,,,,,,
2016-10-28,,684f0270-6060-ccfe-d249-d0496a18a097,29747873-16d9-26fd-36aa-6c8d2ac542e5,84489001,SNOMED-CT,Mold (organism),allergy,environment,21626009,Cutaneous hypersensitivity (disorder),MILD,,,
2016-10-28,,684f0270-6060-ccfe-d249-d0496a18a097,29747873-16d9-26fd-36aa-6c8d2ac542e5,260147004,SNOMED-CT,House dust mite (organism),allergy,environment,,,,,,
2016-10-28,,684f0270-6060-ccfe-d249-d0496a18a097,29747873-16d9-26fd-36aa-6c8d2ac542e5,264287008,SNOMED-CT,Animal dander (substance),allergy,environment,878820003,Rhinoconjunctivitis (disorder),MODERATE,271807003,Eruption of skin (disorder),MILD
2016-10-28,,684f0270-6060-ccfe-d249-d0496a18a097,29747873-16d9-26fd-36aa-6c8d2ac542e5,256277009,SNOMED-CT,Grass pollen (substance),allergy,environment,,,,,,
2016-10-28,,684f0270-6060-ccfe-d249-d0496a18a097,29747873-16d9-26fd-36aa-6c8d2ac542e5,782576004,SNOMED-CT,Tree pollen (substance),allergy,environment,,,,,,
2016-10-28,,684f0270-6060-ccfe-d249-d0496a18a097,29747873-16d9-26fd-36aa-6c8d2ac542e5,735971005,SNOMED-CT,Fish (substance),allergy,food,267036007,Dyspnea (finding),MODERATE,271807003,Eruption of skin (disorder),MILD
2016-10-28,,684f0270-6060-ccfe-d249-d0496a18a097,29747873-16d9-26fd-36aa-6c8d2ac542e5,442571000124108,SNOMED-CT,Tree nut (substance),allergy,food,39579001,Anaphylaxis (disorder),SEVERE,271807003,Eruption of skin (disorder),MODERATE
1963-07-17,,f99fd98b-be96-0355-15a1-b4183540bccd,65ba4c4e-439b-e611-3584-632e93d5d35a,609328004,SNOMED-CT,Allergic disposition (finding),allergy,environment,,,,,,
1963-07-17,,f99fd98b-be96-0355-15a1-b4183540bccd,65ba4c4e-439b-e611-3584-632e93d5d35a,29046,RxNorm,Lisinopril,intolerance,medication,49727002,Cough (finding),MODERATE,,,
1963-07-17,,f99fd98b-be96-0355-15a1-b4183540bccd,65ba4c4e-439b-e611-3584-632e93d5d35a,102263004,SNOMED-CT,Eggs (edible) (substance),allergy,food,247472004,Wheal (finding),MODERATE,,,
1985-06-05,,dc48855a-3699-f568-0fa2-1f2ac622516d,44e7d4dd-b8c4-37dd-df15-593e1de9a785,609328004,SNOMED-CT,Allergic disposition (finding),allergy,environment,,,,,,
1985-06-05,,dc48855a-3699-f568-0fa2-1f2ac622516d,44e7d4dd-b8c4-37dd-df15-593e1de9a785,111088007,SNOMED-CT,Latex (substance),allergy,environment,247472004,Wheal (finding),MILD,878820003,Rhinoconjunctivitis (disorder),MILD
1985-06-05,,dc48855a-3699-f568-0fa2-1f2ac622516d,44e7d4dd-b8c4-37dd-df15-593e1de9a785,288328004,SNOMED-CT,Bee venom (substance),allergy,environment,,,,,,
1985-06-05,,dc48855a-3699-f568-0fa2-1f2ac622516d,44e7d4dd-b8c4-37dd-df15-593e1de9a785,84489001,SNOMED-CT,Mold (organism),allergy,environment,,,,,,
1985-06-05,,dc48855a-3699-f568-0fa2-1f2ac622516d,44e7d4dd-b8c4-37dd-df15-593e1de9a785,260147004,SNOMED-CT,House dust mite (organism),allergy,environment,,,,,,
1985-06-05,,dc48855a-3699-f568-0fa2-1f2ac622516d,44e7d4dd-b8c4-37dd-df15-593e1de9a785,264287008,SNOMED-CT,Animal dander (substance),allergy,environment,878820003,Rhinoconjunctivitis (disorder),MODERATE,271807003,Eruption of skin (disorder),MILD
1985-06-05,,dc48855a-3699-f568-0fa2-1f2ac622516d,44e7d4dd-b8c4-37dd-df15-593e1de9a785,782576004,SNOMED-CT,Tree pollen (substance),allergy,environment,,,,,,
1985-06-05,,dc48855a-3699-f568-0fa2-1f2ac622516d,44e7d4dd-b8c4-37dd-df15-593e1de9a785,29046,RxNorm,Lisinopril,intolerance,medication,267036007,Dyspnea (finding),MODERATE,,,
1985-06-05,,dc48855a-3699-f568-0fa2-1f2ac622516d,44e7d4dd-b8c4-37dd-df15-593e1de9a785,735029006,SNOMED-CT,Shellfish (substance),allergy,food,39579001,Anaphylaxis (disorder),SEVERE,271807003,Eruption of skin (disorder),MODERATE
1985-06-05,,dc48855a-3699-f568-0fa2-1f2ac622516d,44e7d4dd-b8c4-37dd-df15-593e1de9a785,762952008,SNOMED-CT,Peanut (substance),allergy,food,402387002,Allergic angioedema (disorder),MODERATE,247472004,Wheal (finding),MODERATE
1999-04-29,,81456840-1d31-443a-9ba6-701f0ef0f0df,1ff7990d-f24c-1def-8af7-357d03a0aed1,609328004,SNOMED-CT,Allergic disposition (finding),allergy,environment,,,,,,
1999-04-29,,81456840-1d31-443a-9ba6-701f0ef0f0df,1ff7990d-f24c-1def-8af7-357d03a0aed1,25037,RxNorm,cefdinir,allergy,medication,,,,,,
1999-04-29,,81456840-1d31-443a-9ba6-701f0ef0f0df,1ff7990d-f24c-1def-8af7-357d03a0aed1,412071004,SNOMED-CT,Wheat (substance),allergy,food,39579001,Anaphylaxis (disorder),SEVERE,271807003,Eruption of skin (disorder),MODERATE
2023-04-18,,dca4e30d-2cc3-797b-5921-89d1de5fd078,f048bcd5-a272-755e-6c93-994e4cdda475,609328004,SNOMED-CT,Allergic disposition (finding),allergy,environment,,,,,,
2023-04-18,,dca4e30d-2cc3-797b-5921-89d1de5fd078,f048bcd5-a272-755e-6c93-994e4cdda475,102263004,SNOMED-CT,Eggs (edible) (substance),allergy,food,39579001,Anaphylaxis (disorder),SEVERE,247472004,Wheal (finding),MODERATE
