START,STOP,PATIENT,ENCOUNTER,CODE,SYSTEM,DESCRIPTION,TYPE,CATEGORY,REACTION1,DESCRIPTION1,SEVERITY1,REACTION2,DESCRIPTION2,SEVERITY2
1957-10-19,,f352813b-373c-f6a6-9698-56344c42b6ff,02c35c8c-dce0-36e8-31d4-cd239a6676a1,419199007,SNOMED-CT,Allergy to substance (finding),allergy,environment,,,,,,
1957-10-19,,f352813b-373c-f6a6-9698-56344c42b6ff,02c35c8c-dce0-36e8-31d4-cd239a6676a1,84489001,SNOMED-CT,Mold (organism),allergy,environment,21626009,Allergic skin rash,MILD,267101005,Nose running,MILD
1957-10-19,,f352813b-373c-f6a6-9698-56344c42b6ff,02c35c8c-dce0-36e8-31d4-cd239a6676a1,1191,RxNorm,Aspirin,allergy,medication,,,,,,
1957-10-19,,f352813b-373c-f6a6-9698-56344c42b6ff,02c35c8c-dce0-36e8-31d4-cd239a6676a1,735029006,SNOMED-CT,Shellfish (substance),allergy,food,39579001,Anaphylaxis (disorder),SEVERE,271807003,Eruption of skin (disorder),MODERATE
1994-07-12,,59b0e81a-1776-173d-eb5c-6228fc431887,400f8a5e-708f-696f-f67b-ebb41c5f5a0e,419199007,SNOMED-CT,Allergy to substance (finding),allergy,environment,,,,,,
1994-07-12,,59b0e81a-1776-173d-eb5c-6228fc431887,400f8a5e-708f-696f-f67b-ebb41c5f5a0e,111088007,SNOMED-CT,Latex (substance),allergy,environment,402387002,Allergic angioedema (disorder),MODERATE,,,
1994-07-12,,59b0e81a-1776-173d-eb5c-6228fc431887,400f8a5e-708f-696f-f67b-ebb41c5f5a0e,84489001,SNOMED-CT,Mold (organism),allergy,environment,21626009,Allergic skin rash,MILD,,,
1994-07-12,,59b0e81a-1776-173d-eb5c-6228fc431887,400f8a5e-708f-696f-f67b-ebb41c5f5a0e,260147004,SNOMED-CT,House dust mite (organism),allergy,environment,,,,,,
1994-07-12,,59b0e81a-1776-173d-eb5c-6228fc431887,400f8a5e-708f-696f-f67b-ebb41c5f5a0e,264287008,SNOMED-CT,Animal dander (substance),allergy,environment,878820003,Rhinoconjunctivitis (disorder),MODERATE,,,
1994-07-12,,59b0e81a-1776-173d-eb5c-6228fc431887,400f8a5e-708f-696f-f67b-ebb41c5f5a0e,256277009,SNOMED-CT,Grass pollen (substance),allergy,environment,,,,,,
1994-07-12,,59b0e81a-1776-173d-eb5c-6228fc431887,400f8a5e-708f-696f-f67b-ebb41c5f5a0e,782576004,SNOMED-CT,Tree pollen (substance),allergy,environment,,,,,,
1994-07-12,,59b0e81a-1776-173d-eb5c-6228fc431887,400f8a5e-708f-696f-f67b-ebb41c5f5a0e,412071004,SNOMED-CT,Wheat (substance),allergy,food,271807003,Eruption of skin (disorder),MODERATE,,,
1994-07-12,,59b0e81a-1776-173d-eb5c-6228fc431887,400f8a5e-708f-696f-f67b-ebb41c5f5a0e,735971005,SNOMED-CT,Fish (substance),allergy,food,271807003,Eruption of skin (disorder),MILD,878820003,Rhinoconjunctivitis (disorder),MILD
1994-07-12,,59b0e81a-1776-173d-eb5c-6228fc431887,400f8a5e-708f-696f-f67b-ebb41c5f5a0e,442571000124108,SNOMED-CT,Tree nut (substance),allergy,food,39579001,Anaphylaxis (disorder),SEVERE,247472004,Wheal (finding),MODERATE
1953-10-13,,47d1c24e-0f8a-8bb9-2c82-19beedbc61b4,08ee5819-acb0-be3a-7d6c-ad1b187f90db,419199007,SNOMED-CT,Allergy to substance (finding),allergy,environment,,,,,,
1953-10-13,,47d1c24e-0f8a-8bb9-2c82-19beedbc61b4,08ee5819-acb0-be3a-7d6c-ad1b187f90db,264287008,SNOMED-CT,Animal dander (substance),allergy,environment,247472004,Wheal (finding),MILD,267036007,Dyspnea (finding),MILD
1953-10-13,,47d1c24e-0f8a-8bb9-2c82-19beedbc61b4,08ee5819-acb0-be3a-7d6c-ad1b187f90db,735029006,SNOMED-CT,Shellfish (substance),allergy,food,39579001,Anaphylaxis (disorder),SEVERE,271807003,Eruption of skin (disorder),MODERATE
1955-03-04,,6f0bb66c-ce91-9245-3de3-fff8b9da65ee,1e299f80-f979-ec6e-edcf-e60ab4c2a150,419199007,SNOMED-CT,Allergy to substance (finding),allergy,environment,,,,,,
1939-08-16,,ca3a3121-2b7b-8df6-1e2a-076a1b712a55,4a8e6b54-f0ed-203c-b7d9-2d649c01064c,419199007,SNOMED-CT,Allergy to substance (finding),allergy,environment,,,,,,
1939-08-16,,ca3a3121-2b7b-8df6-1e2a-076a1b712a55,4a8e6b54-f0ed-203c-b7d9-2d649c01064c,264287008,SNOMED-CT,Animal dander (substance),allergy,environment,878820003,Rhinoconjunctivitis (disorder),MODERATE,49727002,Cough (finding),MODERATE
1939-08-16,,ca3a3121-2b7b-8df6-1e2a-076a1b712a55,4a8e6b54-f0ed-203c-b7d9-2d649c01064c,735029006,SNOMED-CT,Shellfish (substance),allergy,food,271807003,Eruption of skin (disorder),MODERATE,402387002,Allergic angioedema (disorder),MODERATE
2004-07-08,,84e035c6-e9ba-4405-43b0-1d7904344b55,497f18e4-7c8e-35cd-c634-6add56d34392,419199007,SNOMED-CT,Allergy to substance (finding),allergy,environment,,,,,,
2004-07-08,,84e035c6-e9ba-4405-43b0-1d7904344b55,497f18e4-7c8e-35cd-c634-6add56d34392,288328004,SNOMED-CT,Bee venom (substance),allergy,environment,,,,,,
2004-07-08,,84e035c6-e9ba-4405-43b0-1d7904344b55,497f18e4-7c8e-35cd-c634-6add56d34392,84489001,SNOMED-CT,Mold (organism),allergy,environment,,,,,,
2004-07-08,,84e035c6-e9ba-4405-43b0-1d7904344b55,497f18e4-7c8e-35cd-c634-6add56d34392,260147004,SNOMED-CT,House dust mite (organism),allergy,environment,,,,,,
2004-07-08,,84e035c6-e9ba-4405-43b0-1d7904344b55,497f18e4-7c8e-35cd-c634-6add56d34392,264287008,SNOMED-CT,Animal dander (substance),allergy,environment,878820003,Rhinoconjunctivitis (disorder),MODERATE,271807003,Eruption of skin (disorder),MILD
2004-07-08,,84e035c6-e9ba-4405-43b0-1d7904344b55,497f18e4-7c8e-35cd-c634-6add56d34392,782576004,SNOMED-CT,Tree pollen (substance),allergy,environment,,,,,,
2004-07-08,,84e035c6-e9ba-4405-43b0-1d7904344b55,497f18e4-7c8e-35cd-c634-6add56d34392,3718001,SNOMED-CT,Cow's milk (substance),allergy,food,247472004,Wheal (finding),MILD,,,
1960-06-17,,0e0c3c5e-f277-a2bc-4c50-5df9602a64c9,20524f3c-9b42-7e3a-a098-4de773b43f53,419199007,SNOMED-CT,Allergy to substance (finding),allergy,environment,,,,,,
1960-06-17,,0e0c3c5e-f277-a2bc-4c50-5df9602a64c9,20524f3c-9b42-7e3a-a098-4de773b43f53,84489001,SNOMED-CT,Mold (organism),allergy,environment,,,,,,
1960-06-17,,0e0c3c5e-f277-a2bc-4c50-5df9602a64c9,20524f3c-9b42-7e3a-a098-4de773b43f53,260147004,SNOMED-CT,House dust mite (organism),allergy,environment,,,,,,
1960-06-17,,0e0c3c5e-f277-a2bc-4c50-5df9602a64c9,20524f3c-9b42-7e3a-a098-4de773b43f53,264287008,SNOMED-CT,Animal dander (substance),allergy,environment,878820003,Rhinoconjunctivitis (disorder),MODERATE,271807003,Eruption of skin (disorder),MILD
1960-06-17,,0e0c3c5e-f277-a2bc-4c50-5df9602a64c9,20524f3c-9b42-7e3a-a098-4de773b43f53,256277009,SNOMED-CT,Grass pollen (substance),allergy,environment,,,,,,
1960-06-17,,0e0c3c5e-f277-a2bc-4c50-5df9602a64c9,20524f3c-9b42-7e3a-a098-4de773b43f53,102263004,SNOMED-CT,Eggs (edible) (substance),allergy,food,247472004,Wheal (finding),MODERATE,,,
1960-06-17,,0e0c3c5e-f277-a2bc-4c50-5df9602a64c9,20524f3c-9b42-7e3a-a098-4de773b43f53,762952008,SNOMED-CT,Peanut (substance),allergy,food,39579001,Anaphylaxis (disorder),SEVERE,247472004,Wheal (finding),MODERATE
2017-11-12,,0cf073d1-7221-da6d-6f08-5d3460042869,5c09a41b-50e5-d399-7064-db091b00d3e1,419199007,SNOMED-CT,Allergy to substance (finding),allergy,environment,,,,,,
2017-11-12,,0cf073d1-7221-da6d-6f08-5d3460042869,5c09a41b-50e5-d399-7064-db091b00d3e1,111088007,SNOMED-CT,Latex (substance),allergy,environment,39579001,Anaphylaxis (disorder),SEVERE,247472004,Wheal (finding),MILD
2017-11-12,,0cf073d1-7221-da6d-6f08-5d3460042869,5c09a41b-50e5-d399-7064-db091b00d3e1,288328004,SNOMED-CT,Bee venom (substance),allergy,environment,,,,,,
2017-11-12,,0cf073d1-7221-da6d-6f08-5d3460042869,5c09a41b-50e5-d399-7064-db091b00d3e1,84489001,SNOMED-CT,Mold (organism),allergy,environment,267101005,Nose running,MILD,,,
2017-11-12,,0cf073d1-7221-da6d-6f08-5d3460042869,5c09a41b-50e5-d399-7064-db091b00d3e1,260147004,SNOMED-CT,House dust mite (organism),allergy,environment,,,,,,
2017-11-12,,0cf073d1-7221-da6d-6f08-5d3460042869,5c09a41b-50e5-d399-7064-db091b00d3e1,264287008,SNOMED-CT,Animal dander (substance),allergy,environment,878820003,Rhinoconjunctivitis (disorder),MODERATE,,,
2017-11-12,,0cf073d1-7221-da6d-6f08-5d3460042869,5c09a41b-50e5-d399-7064-db091b00d3e1,256277009,SNOMED-CT,Grass pollen (substance),allergy,environment,,,,,,
2017-11-12,,0cf073d1-7221-da6d-6f08-5d3460042869,5c09a41b-50e5-d399-7064-db091b00d3e1,782576004,SNOMED-CT,Tree pollen (substance),allergy,environment,,,,,,
2017-11-12,,0cf073d1-7221-da6d-6f08-5d3460042869,5c09a41b-50e5-d399-7064-db091b00d3e1,3718001,SNOMED-CT,Cow's milk (substance),allergy,food,402387002,Allergic angioedema (disorder),MODERATE,62315008,Diarrhea (finding),MILD
2017-11-12,,0cf073d1-7221-da6d-6f08-5d3460042869,5c09a41b-50e5-d399-7064-db091b00d3e1,735971005,SNOMED-CT,Fish (substance),allergy,food,267036007,Dyspnea (finding),MODERATE,271807003,Eruption of skin (disorder),MILD
2017-11-12,,0cf073d1-7221-da6d-6f08-5d3460042869,5c09a41b-50e5-d399-7064-db091b00d3e1,442571000124108,SNOMED-CT,Tree nut (substance),allergy,food,271807003,Eruption of skin (disorder),MODERATE,402387002,Allergic angioedema (disorder),MODERATE
1991-12-24,,777fe937-60dc-f1e6-475c-6da72cfc711e,077a18fa-4441-f1c8-6d41-fc5712afe8db,419199007,SNOMED-CT,Allergy to substance (finding),allergy,environment,,,,,,
1991-12-24,,777fe937-60dc-f1e6-475c-6da72cfc711e,077a18fa-4441-f1c8-6d41-fc5712afe8db,735971005,SNOMED-CT,Fish (substance),allergy,food,267036007,Dyspnea (finding),MODERATE,271807003,Eruption of skin (disorder),MILD
2002-09-24,,f6245001-d6de-1918-f0ee-8c8111476f03,e4a54498-113f-0889-c458-ed5f1846f9c6,419199007,SNOMED-CT,Allergy to substance (finding),allergy,environment,,,,,,
2002-09-24,,f6245001-d6de-1918-f0ee-8c8111476f03,e4a54498-113f-0889-c458-ed5f1846f9c6,260147004,SNOMED-CT,House dust mite (organism),allergy,environment,,,,,,
2002-09-24,,f6245001-d6de-1918-f0ee-8c8111476f03,e4a54498-113f-0889-c458-ed5f1846f9c6,762952008,SNOMED-CT,Peanut (substance),allergy,food,402387002,Allergic angioedema (disorder),MODERATE,56018004,Wheezing (finding),MILD
2004-07-27,,c5e04ba0-b7af-2983-a33f-38718573d355,4ec44b46-78ff-557b-571e-13dc37e0a0b1,419199007,SNOMED-CT,Allergy to substance (finding),allergy,environment,,,,,,
2004-07-27,,c5e04ba0-b7af-2983-a33f-38718573d355,4ec44b46-78ff-557b-571e-13dc37e0a0b1,102263004,SNOMED-CT,Eggs (edible) (substance),allergy,food,,,,,,
1986-01-07,,48dd814b-aaa5-8b8e-c1dd-52eb10419bb0,43f55525-05e3-16ef-d84e-bba249cf70f9,419199007,SNOMED-CT,Allergy to substance (finding),allergy,environment,,,,,,
1986-01-07,,48dd814b-aaa5-8b8e-c1dd-52eb10419bb0,43f55525-05e3-16ef-d84e-bba249cf70f9,7984,RxNorm,Penicillin V,allergy,medication,,,,,,
2016-12-28,,3cbe4c58-30e6-7426-3868-13bf5e957bc2,659713ea-bc39-49ea-ff4d-99b5dcdea32c,419199007,SNOMED-CT,Allergy to substance (finding),allergy,environment,,,,,,
2016-12-28,,3cbe4c58-30e6-7426-3868-13bf5e957bc2,659713ea-bc39-49ea-ff4d-99b5dcdea32c,111088007,SNOMED-CT,Latex (substance),allergy,environment,402387002,Allergic angioedema (disorder),MODERATE,267036007,Dyspnea (finding),MODERATE
2016-12-28,,3cbe4c58-30e6-7426-3868-13bf5e957bc2,659713ea-bc39-49ea-ff4d-99b5dcdea32c,84489001,SNOMED-CT,Mold (organism),allergy,environment,267101005,Nose running,MILD,,,
2016-12-28,,3cbe4c58-30e6-7426-3868-13bf5e957bc2,659713ea-bc39-49ea-ff4d-99b5dcdea32c,260147004,SNOMED-CT,House dust mite (organism),allergy,environment,,,,,,
2016-12-28,,3cbe4c58-30e6-7426-3868-13bf5e957bc2,659713ea-bc39-49ea-ff4d-99b5dcdea32c,264287008,SNOMED-CT,Animal dander (substance),allergy,environment,49727002,Cough (finding),MODERATE,,,
2016-12-28,,3cbe4c58-30e6-7426-3868-13bf5e957bc2,659713ea-bc39-49ea-ff4d-99b5dcdea32c,256277009,SNOMED-CT,Grass pollen (substance),allergy,environment,,,,,,
2016-12-28,,3cbe4c58-30e6-7426-3868-13bf5e957bc2,659713ea-bc39-49ea-ff4d-99b5dcdea32c,3718001,SNOMED-CT,Cow's milk (substance),allergy,food,,,,,,
2016-12-28,,3cbe4c58-30e6-7426-3868-13bf5e957bc2,659713ea-bc39-49ea-ff4d-99b5dcdea32c,762952008,SNOMED-CT,Peanut (substance),allergy,food,39579001,Anaphylaxis (disorder),SEVERE,247472004,Wheal (finding),MODERATE
2014-10-28,,104bdd12-d986-0927-6ba9-3bcf1d872cd6,a4dafa89-b298-7c3f-7ab2-0b619c71397d,419199007,SNOMED-CT,Allergy to substance (finding),allergy,environment,,,,,,
2014-10-28,,104bdd12-d986-0927-6ba9-3bcf1d872cd6,a4dafa89-b298-7c3f-7ab2-0b619c71397d,264287008,SNOMED-CT,Animal dander (substance),allergy,environment,878820003,Rhinoconjunctivitis (disorder),MODERATE,271807003,Eruption of skin (disorder),MILD
2014-10-28,,104bdd12-d986-0927-6ba9-3bcf1d872cd6,a4dafa89-b298-7c3f-7ab2-0b619c71397d,256277009,SNOMED-CT,Grass pollen (substance),allergy,environment,,,,,,
2000-11-22,,30a5aac9-3434-58d4-d11c-140f886f303f,94000c03-1e9e-a2bd-561f-77360506cde7,419199007,SNOMED-CT,Allergy to substance (finding),allergy,environment,,,,,,
2000-11-22,,30a5aac9-3434-58d4-d11c-140f886f303f,94000c03-1e9e-a2bd-561f-77360506cde7,111088007,SNOMED-CT,Latex (substance),allergy,environment,247472004,Wheal (finding),MILD,878820003,Rhinoconjunctivitis (disorder),MILD
2000-11-22,,30a5aac9-3434-58d4-d11c-140f886f303f,94000c03-1e9e-a2bd-561f-77360506cde7,288328004,SNOMED-CT,Bee venom (substance),allergy,environment,271807003,Eruption of skin (disorder),MODERATE,,,
2000-11-22,,30a5aac9-3434-58d4-d11c-140f886f303f,94000c03-1e9e-a2bd-561f-77360506cde7,84489001,SNOMED-CT,Mold (organism),allergy,environment,,,,,,
2000-11-22,,30a5aac9-3434-58d4-d11c-140f886f303f,94000c03-1e9e-a2bd-561f-77360506cde7,260147004,SNOMED-CT,House dust mite (organism),allergy,environment,,,,,,
2000-11-22,,30a5aac9-3434-58d4-d11c-140f886f303f,94000c03-1e9e-a2bd-561f-77360506cde7,264287008,SNOMED-CT,Animal dander (substance),allergy,environment,878820003,Rhinoconjunctivitis (disorder),MODERATE,271807003,Eruption of skin (disorder),MILD
2000-11-22,,30a5aac9-3434-58d4-d11c-140f886f303f,94000c03-1e9e-a2bd-561f-77360506cde7,256277009,SNOMED-CT,Grass pollen (substance),allergy,environment,,,,,,
2000-11-22,,30a5aac9-3434-58d4-d11c-140f886f303f,94000c03-1e9e-a2bd-561f-77360506cde7,412071004,SNOMED-CT,Wheat (substance),allergy,food,271807003,Eruption of skin (disorder),MODERATE,,,
1973-05-16,,3efe73dd-10dd-253e-7267-5a9924abc0c8,6c03bab2-6070-6e85-6e20-4f48473a9c69,419199007,SNOMED-CT,Allergy to substance (finding),allergy,environment,,,,,,
1973-05-16,,3efe73dd-10dd-253e-7267-5a9924abc0c8,6c03bab2-6070-6e85-6e20-4f48473a9c69,288328004,SNOMED-CT,Bee venom (substance),allergy,environment,,,,,,
1973-05-16,,3efe73dd-10dd-253e-7267-5a9924abc0c8,6c03bab2-6070-6e85-6e20-4f48473a9c69,84489001,SNOMED-CT,Mold (organism),allergy,environment,,,,,,
1973-05-16,,3efe73dd-10dd-253e-7267-5a9924abc0c8,6c03bab2-6070-6e85-6e20-4f48473a9c69,260147004,SNOMED-CT,House dust mite (organism),allergy,environment,,,,,,
1973-05-16,,3efe73dd-10dd-253e-7267-5a9924abc0c8,6c03bab2-6070-6e85-6e20-4f48473a9c69,264287008,SNOMED-CT,Animal dander (substance),allergy,environment,878820003,Rhinoconjunctivitis (disorder),MODERATE,271807003,Eruption of skin (disorder),MILD
1973-05-16,,3efe73dd-10dd-253e-7267-5a9924abc0c8,6c03bab2-6070-6e85-6e20-4f48473a9c69,256277009,SNOMED-CT,Grass pollen (substance),allergy,environment,,,,,,
1973-05-16,,3efe73dd-10dd-253e-7267-5a9924abc0c8,6c03bab2-6070-6e85-6e20-4f48473a9c69,782576004,SNOMED-CT,Tree pollen (substance),allergy,environment,,,,,,
1973-05-16,,3efe73dd-10dd-253e-7267-5a9924abc0c8,6c03bab2-6070-6e85-6e20-4f48473a9c69,102263004,SNOMED-CT,Eggs (edible) (substance),allergy,food,39579001,Anaphylaxis (disorder),SEVERE,247472004,Wheal (finding),MODERATE
1973-05-16,,3efe73dd-10dd-253e-7267-5a9924abc0c8,6c03bab2-6070-6e85-6e20-4f48473a9c69,735971005,SNOMED-CT,Fish (substance),allergy,food,267036007,Dyspnea (finding),MODERATE,300359004,Finding of vomiting (finding),MILD
1973-05-16,,3efe73dd-10dd-253e-7267-5a9924abc0c8,6c03bab2-6070-6e85-6e20-4f48473a9c69,762952008,SNOMED-CT,Peanut (substance),allergy,food,247472004,Wheal (finding),MODERATE,56018004,Wheezing (finding),MILD
1993-09-08,,baca4345-12f6-0881-b318-572aa6ad2faf,305fe7bb-4796-6139-8e0e-7b362c21941e,419199007,SNOMED-CT,Allergy to substance (finding),allergy,environment,,,,,,
1993-09-08,,baca4345-12f6-0881-b318-572aa6ad2faf,305fe7bb-4796-6139-8e0e-7b362c21941e,84489001,SNOMED-CT,Mold (organism),allergy,environment,267101005,Nose running,MILD,,,
1981-08-19,,137b4e6c-a290-0bac-92ea-721bbccc3c8b,0f5bc1f2-cb5e-ee7b-feb1-6242c1eff74f,419199007,SNOMED-CT,Allergy to substance (finding),allergy,environment,,,,,,
1981-08-19,,137b4e6c-a290-0bac-92ea-721bbccc3c8b,0f5bc1f2-cb5e-ee7b-feb1-6242c1eff74f,84489001,SNOMED-CT,Mold (organism),allergy,environment,76067001,Sneezing,MILD,,,
1981-08-19,,137b4e6c-a290-0bac-92ea-721bbccc3c8b,0f5bc1f2-cb5e-ee7b-feb1-6242c1eff74f,260147004,SNOMED-CT,House dust mite (organism),allergy,environment,,,,,,
1981-08-19,,137b4e6c-a290-0bac-92ea-721bbccc3c8b,0f5bc1f2-cb5e-ee7b-feb1-6242c1eff74f,264287008,SNOMED-CT,Animal dander (substance),allergy,environment,49727002,Cough (finding),MODERATE,878820003,Rhinoconjunctivitis (disorder),MODERATE
1981-08-19,,137b4e6c-a290-0bac-92ea-721bbccc3c8b,0f5bc1f2-cb5e-ee7b-feb1-6242c1eff74f,256277009,SNOMED-CT,Grass pollen (substance),allergy,environment,,,,,,
1981-08-19,,137b4e6c-a290-0bac-92ea-721bbccc3c8b,0f5bc1f2-cb5e-ee7b-feb1-6242c1eff74f,782576004,SNOMED-CT,Tree pollen (substance),allergy,environment,,,,,,
1981-08-19,,137b4e6c-a290-0bac-92ea-721bbccc3c8b,0f5bc1f2-cb5e-ee7b-feb1-6242c1eff74f,102263004,SNOMED-CT,Eggs (edible) (substance),allergy,food,247472004,Wheal (finding),MODERATE,,,
1981-08-19,,137b4e6c-a290-0bac-92ea-721bbccc3c8b,0f5bc1f2-cb5e-ee7b-feb1-6242c1eff74f,442571000124108,SNOMED-CT,Tree nut (substance),allergy,food,39579001,Anaphylaxis (disorder),SEVERE,271807003,Eruption of skin (disorder),MODERATE
1981-08-19,,137b4e6c-a290-0bac-92ea-721bbccc3c8b,0f5bc1f2-cb5e-ee7b-feb1-6242c1eff74f,762952008,SNOMED-CT,Peanut (substance),allergy,food,247472004,Wheal (finding),MODERATE,267036007,Dyspnea (finding),MILD
2014-04-21,,77e496f7-41a5-4b5f-fc53-efe88606cb43,db7cab6a-6ed1-fbb8-c338-a925e07272cd,419199007,SNOMED-CT,Allergy to substance (finding),allergy,environment,,,,,,
2014-04-21,,77e496f7-41a5-4b5f-fc53-efe88606cb43,db7cab6a-6ed1-fbb8-c338-a925e07272cd,29046,RxNorm,Lisinopril,intolerance,medication,,,,,,
2020-10-06,,c3cf53b9-d88c-ad5e-1e15-269c07150530,32c8f341-f9d4-c82a-fe1e-09902cf3eeca,419199007,SNOMED-CT,Allergy to substance (finding),allergy,environment,,,,,,
2020-10-06,,c3cf53b9-d88c-ad5e-1e15-269c07150530,32c8f341-f9d4-c82a-fe1e-09902cf3eeca,111088007,SNOMED-CT,Latex (substance),allergy,environment,39579001,Anaphylaxis (disorder),SEVERE,,,
2020-10-06,,c3cf53b9-d88c-ad5e-1e15-269c07150530,32c8f341-f9d4-c82a-fe1e-09902cf3eeca,84489001,SNOMED-CT,Mold (organism),allergy,environment,,,,,,
2020-10-06,,c3cf53b9-d88c-ad5e-1e15-269c07150530,32c8f341-f9d4-c82a-fe1e-09902cf3eeca,260147004,SNOMED-CT,House dust mite (organism),allergy,environment,,,,,,
2020-10-06,,c3cf53b9-d88c-ad5e-1e15-269c07150530,32c8f341-f9d4-c82a-fe1e-09902cf3eeca,264287008,SNOMED-CT,Animal dander (substance),allergy,environment,,,,,,
2020-10-06,,c3cf53b9-d88c-ad5e-1e15-269c07150530,32c8f341-f9d4-c82a-fe1e-09902cf3eeca,782576004,SNOMED-CT,Tree pollen (substance),allergy,environment,,,,,,
2020-10-06,,c3cf53b9-d88c-ad5e-1e15-269c07150530,32c8f341-f9d4-c82a-fe1e-09902cf3eeca,29046,RxNorm,Lisinopril,intolerance,medication,,,,,,
2020-10-06,,c3cf53b9-d88c-ad5e-1e15-269c07150530,32c8f341-f9d4-c82a-fe1e-09902cf3eeca,1191,RxNorm,Aspirin,allergy,medication,39579001,Anaphylaxis (disorder),SEVERE,21522001,Abdominal pain (finding),MODERATE
2020-10-06,,c3cf53b9-d88c-ad5e-1e15-269c07150530,32c8f341-f9d4-c82a-fe1e-09902cf3eeca,256355007,SNOMED-CT,Soy bean,allergy,food,300359004,Finding of vomiting (finding),MODERATE,62315008,Diarrhea (finding),MILD
2020-10-06,,c3cf53b9-d88c-ad5e-1e15-269c07150530,32c8f341-f9d4-c82a-fe1e-09902cf3eeca,735029006,SNOMED-CT,Shellfish (substance),allergy,food,62315008,Diarrhea (finding),MILD,49727002,Cough (finding),MILD
2002-03-04,,4e592619-e26a-fac1-2ebd-864e0b1fe2d0,7f438429-bd2e-7beb-c12b-f32764409219,419199007,SNOMED-CT,Allergy to substance (finding),allergy,environment,,,,,,
2002-03-04,,4e592619-e26a-fac1-2ebd-864e0b1fe2d0,7f438429-bd2e-7beb-c12b-f32764409219,29046,RxNorm,Lisinopril,intolerance,medication,,,,,,
2001-03-06,,3b14e00b-f5f9-3765-a667-7e072dd875fc,eb4e1de4-7190-56d0-670c-3807555de54b,419199007,SNOMED-CT,Allergy to substance (finding),allergy,environment,,,,,,
2001-03-06,,3b14e00b-f5f9-3765-a667-7e072dd875fc,eb4e1de4-7190-56d0-670c-3807555de54b,84489001,SNOMED-CT,Mold (organism),allergy,environment,56018004,Wheezing,MILD,,,
2001-03-06,,3b14e00b-f5f9-3765-a667-7e072dd875fc,eb4e1de4-7190-56d0-670c-3807555de54b,264287008,SNOMED-CT,Animal dander (substance),allergy,environment,878820003,Rhinoconjunctivitis (disorder),MODERATE,247472004,Wheal (finding),MILD
2001-03-06,,3b14e00b-f5f9-3765-a667-7e072dd875fc,eb4e1de4-7190-56d0-670c-3807555de54b,782576004,SNOMED-CT,Tree pollen (substance),allergy,environment,,,,,,
2001-03-06,,3b14e00b-f5f9-3765-a667-7e072dd875fc,eb4e1de4-7190-56d0-670c-3807555de54b,3718001,SNOMED-CT,Cow's milk (substance),allergy,food,300359004,Finding of vomiting (finding),MODERATE,,,
