START,STOP,PATIENT,ENCOUNTER,CODE,SYSTEM,DESCRIPTION,TYPE,CATEGORY,REACTION1,DESCRIPTION1,SEVERITY1,REACTION2,DESCRIPTION2,SEVERITY2
2023-04-11,,cc905dc5-68d2-823a-ad26-25edff9022bf,87b9311a-39d4-8fb3-7aae-6c654d850438,419199007,SNOMED-CT,Allergy to substance (finding),allergy,environment,,,,,,
2023-04-11,,cc905dc5-68d2-823a-ad26-25edff9022bf,87b9311a-39d4-8fb3-7aae-6c654d850438,84489001,SNOMED-CT,Mold (organism),allergy,environment,,,,,,
2023-04-11,,cc905dc5-68d2-823a-ad26-25edff9022bf,87b9311a-39d4-8fb3-7aae-6c654d850438,260147004,SNOMED-CT,House dust mite (organism),allergy,environment,,,,,,
2023-04-11,,cc905dc5-68d2-823a-ad26-25edff9022bf,87b9311a-39d4-8fb3-7aae-6c654d850438,264287008,SNOMED-CT,Animal dander (substance),allergy,environment,878820003,Rhinoconjunctivitis (disorder),MODERATE,247472004,Wheal (finding),MILD
2023-04-11,,cc905dc5-68d2-823a-ad26-25edff9022bf,87b9311a-39d4-8fb3-7aae-6c654d850438,256277009,SNOMED-CT,Grass pollen (substance),allergy,environment,,,,,,
2023-04-11,,cc905dc5-68d2-823a-ad26-25edff9022bf,87b9311a-39d4-8fb3-7aae-6c654d850438,782576004,SNOMED-CT,Tree pollen (substance),allergy,environment,,,,,,
2023-04-11,,cc905dc5-68d2-823a-ad26-25edff9022bf,87b9311a-39d4-8fb3-7aae-6c654d850438,102263004,SNOMED-CT,Eggs (edible) (substance),allergy,food,247472004,Wheal (finding),MODERATE,,,
2023-04-11,,cc905dc5-68d2-823a-ad26-25edff9022bf,87b9311a-39d4-8fb3-7aae-6c654d850438,412071004,SNOMED-CT,Wheat (substance),allergy,food,,,,,,
1984-04-25,,020aca74-67d8-b1c3-42ae-d88295edc15c,8e86f65b-fe6f-945e-ed21-63b1e64d623a,419199007,SNOMED-CT,Allergy to substance (finding),allergy,environment,,,,,,
1984-04-25,,020aca74-67d8-b1c3-42ae-d88295edc15c,8e86f65b-fe6f-945e-ed21-63b1e64d623a,84489001,SNOMED-CT,Mold (organism),allergy,environment,21626009,Allergic skin rash,MILD,,,
1984-04-25,,020aca74-67d8-b1c3-42ae-d88295edc15c,8e86f65b-fe6f-945e-ed21-63b1e64d623a,264287008,SNOMED-CT,Animal dander (substance),allergy,environment,878820003,Rhinoconjunctivitis (disorder),MODERATE,49727002,Cough (finding),MODERATE
1984-04-25,,020aca74-67d8-b1c3-42ae-d88295edc15c,8e86f65b-fe6f-945e-ed21-63b1e64d623a,782576004,SNOMED-CT,Tree pollen (substance),allergy,environment,,,,,,
1984-04-25,,020aca74-67d8-b1c3-42ae-d88295edc15c,8e86f65b-fe6f-945e-ed21-63b1e64d623a,3718001,SNOMED-CT,Cow's milk (substance),allergy,food,247472004,Wheal (finding),MILD,,,
2000-06-17,,7cac15d9-1074-2a73-2b4f-052623f2dc81,faab17c9-3dce-556c-94bf-27e9912cdf35,419199007,SNOMED-CT,Allergy to substance (finding),allergy,environment,,,,,,
2000-06-17,,7cac15d9-1074-2a73-2b4f-052623f2dc81,faab17c9-3dce-556c-94bf-27e9912cdf35,1191,RxNorm,Aspirin,allergy,medication,,,,,,
2021-05-27,,512a4db8-cd5a-f16c-362e-8072cc645f3a,2777df73-de31-5948-329c-a8f95c39b595,419199007,SNOMED-CT,Allergy to substance (finding),allergy,environment,,,,,,
2021-05-27,,512a4db8-cd5a-f16c-362e-8072cc645f3a,2777df73-de31-5948-329c-a8f95c39b595,84489001,SNOMED-CT,Mold (organism),allergy,environment,267101005,Nose running,MILD,,,
2021-05-27,,512a4db8-cd5a-f16c-362e-8072cc645f3a,2777df73-de31-5948-329c-a8f95c39b595,264287008,SNOMED-CT,Animal dander (substance),allergy,environment,878820003,Rhinoconjunctivitis (disorder),MODERATE,,,
2021-05-27,,512a4db8-cd5a-f16c-362e-8072cc645f3a,2777df73-de31-5948-329c-a8f95c39b595,256277009,SNOMED-CT,Grass pollen (substance),allergy,environment,,,,,,
2021-05-27,,512a4db8-cd5a-f16c-362e-8072cc645f3a,2777df73-de31-5948-329c-a8f95c39b595,782576004,SNOMED-CT,Tree pollen (substance),allergy,environment,,,,,,
2021-05-27,,512a4db8-cd5a-f16c-362e-8072cc645f3a,2777df73-de31-5948-329c-a8f95c39b595,1191,RxNorm,Aspirin,allergy,medication,,,,,,
2021-05-27,,512a4db8-cd5a-f16c-362e-8072cc645f3a,2777df73-de31-5948-329c-a8f95c39b595,3718001,SNOMED-CT,Cow's milk (substance),allergy,food,300359004,Finding of vomiting (finding),MODERATE,402387002,Allergic angioedema (disorder),MODERATE
2021-05-27,,512a4db8-cd5a-f16c-362e-8072cc645f3a,2777df73-de31-5948-329c-a8f95c39b595,256355007,SNOMED-CT,Soy bean,allergy,food,300359004,Finding of vomiting (finding),MODERATE,62315008,Diarrhea (finding),MILD
2021-05-27,,512a4db8-cd5a-f16c-362e-8072cc645f3a,2777df73-de31-5948-329c-a8f95c39b595,412071004,SNOMED-CT,Wheat (substance),allergy,food,,,,,,
2021-05-27,,512a4db8-cd5a-f16c-362e-8072cc645f3a,2777df73-de31-5948-329c-a8f95c39b595,735029006,SNOMED-CT,Shellfish (substance),allergy,food,271807003,Eruption of skin (disorder),MODERATE,402387002,Allergic angioedema (disorder),MODERATE
2021-05-27,,512a4db8-cd5a-f16c-362e-8072cc645f3a,2777df73-de31-5948-329c-a8f95c39b595,442571000124108,SNOMED-CT,Tree nut (substance),allergy,food,39579001,Anaphylaxis (disorder),SEVERE,247472004,Wheal (finding),MODERATE
2022-07-10,,49652af7-e4ee-d025-a214-0cba292f7f56,3eff9fe9-b68d-55e0-6b47-492f9214571f,419199007,SNOMED-CT,Allergy to substance (finding),allergy,environment,,,,,,
2022-07-10,,49652af7-e4ee-d025-a214-0cba292f7f56,3eff9fe9-b68d-55e0-6b47-492f9214571f,111088007,SNOMED-CT,Latex (substance),allergy,environment,402387002,Allergic angioedema (disorder),MODERATE,247472004,Wheal (finding),MILD
2022-07-10,,49652af7-e4ee-d025-a214-0cba292f7f56,3eff9fe9-b68d-55e0-6b47-492f9214571f,288328004,SNOMED-CT,Bee venom (substance),allergy,environment,,,,,,
2022-07-10,,49652af7-e4ee-d025-a214-0cba292f7f56,3eff9fe9-b68d-55e0-6b47-492f9214571f,84489001,SNOMED-CT,Mold (organism),allergy,environment,,,,,,
2022-07-10,,49652af7-e4ee-d025-a214-0cba292f7f56,3eff9fe9-b68d-55e0-6b47-492f9214571f,260147004,SNOMED-CT,House dust mite (organism),allergy,environment,,,,,,
2022-07-10,,49652af7-e4ee-d025-a214-0cba292f7f56,3eff9fe9-b68d-55e0-6b47-492f9214571f,264287008,SNOMED-CT,Animal dander (substance),allergy,environment,49727002,Cough (finding),MODERATE,271807003,Eruption of skin (disorder),MILD
2022-07-10,,49652af7-e4ee-d025-a214-0cba292f7f56,3eff9fe9-b68d-55e0-6b47-492f9214571f,256277009,SNOMED-CT,Grass pollen (substance),allergy,environment,,,,,,
2022-07-10,,49652af7-e4ee-d025-a214-0cba292f7f56,3eff9fe9-b68d-55e0-6b47-492f9214571f,782576004,SNOMED-CT,Tree pollen (substance),allergy,environment,,,,,,
2022-07-10,,49652af7-e4ee-d025-a214-0cba292f7f56,3eff9fe9-b68d-55e0-6b47-492f9214571f,3718001,SNOMED-CT,Cow's milk (substance),allergy,food,247472004,Wheal (finding),MILD,,,
2022-07-10,,49652af7-e4ee-d025-a214-0cba292f7f56,3eff9fe9-b68d-55e0-6b47-492f9214571f,735971005,SNOMED-CT,Fish (substance),allergy,food,267036007,Dyspnea (finding),MODERATE,271807003,Eruption of skin (disorder),MILD
1946-05-05,,49dc3f39-6da7-2d9b-e0fa-00a4fea2cab9,f76d0e9f-3e11-38c9-fe9c-de56166a3873,419199007,SNOMED-CT,Allergy to substance (finding),allergy,environment,,,,,,
1946-05-05,,49dc3f39-6da7-2d9b-e0fa-00a4fea2cab9,f76d0e9f-3e11-38c9-fe9c-de56166a3873,1191,RxNorm,Aspirin,allergy,medication,,,,,,
1946-05-05,,49dc3f39-6da7-2d9b-e0fa-00a4fea2cab9,f76d0e9f-3e11-38c9-fe9c-de56166a3873,735029006,SNOMED-CT,Shellfish (substance),allergy,food,271807003,Eruption of skin (disorder),MODERATE,247472004,Wheal (finding),MILD
2012-09-18,,0ed49567-3a93-c726-7dd3-d3497dc193a1,4d19ed1a-f4b8-0aec-d7c5-b783314a73e2,419199007,SNOMED-CT,Allergy to substance (finding),allergy,environment,,,,,,
2012-09-18,,0ed49567-3a93-c726-7dd3-d3497dc193a1,4d19ed1a-f4b8-0aec-d7c5-b783314a73e2,288328004,SNOMED-CT,Bee venom (substance),allergy,environment,,,,,,
2012-09-18,,0ed49567-3a93-c726-7dd3-d3497dc193a1,4d19ed1a-f4b8-0aec-d7c5-b783314a73e2,84489001,SNOMED-CT,Mold (organism),allergy,environment,267101005,Nose running,MILD,56018004,Wheezing,MILD
2012-09-18,,0ed49567-3a93-c726-7dd3-d3497dc193a1,4d19ed1a-f4b8-0aec-d7c5-b783314a73e2,260147004,SNOMED-CT,House dust mite (organism),allergy,environment,,,,,,
2012-09-18,,0ed49567-3a93-c726-7dd3-d3497dc193a1,4d19ed1a-f4b8-0aec-d7c5-b783314a73e2,264287008,SNOMED-CT,Animal dander (substance),allergy,environment,49727002,Cough (finding),MODERATE,878820003,Rhinoconjunctivitis (disorder),MODERATE
2012-09-18,,0ed49567-3a93-c726-7dd3-d3497dc193a1,4d19ed1a-f4b8-0aec-d7c5-b783314a73e2,256277009,SNOMED-CT,Grass pollen (substance),allergy,environment,,,,,,
2012-09-18,,0ed49567-3a93-c726-7dd3-d3497dc193a1,4d19ed1a-f4b8-0aec-d7c5-b783314a73e2,782576004,SNOMED-CT,Tree pollen (substance),allergy,environment,,,,,,
2012-09-18,,0ed49567-3a93-c726-7dd3-d3497dc193a1,4d19ed1a-f4b8-0aec-d7c5-b783314a73e2,102263004,SNOMED-CT,Eggs (edible) (substance),allergy,food,271807003,Eruption of skin (disorder),MODERATE,,,
2012-09-18,,0ed49567-3a93-c726-7dd3-d3497dc193a1,4d19ed1a-f4b8-0aec-d7c5-b783314a73e2,735971005,SNOMED-CT,Fish (substance),allergy,food,267036007,Dyspnea (finding),MODERATE,300359004,Finding of vomiting (finding),MILD
1985-06-12,,611d5899-a8a3-b006-d9a6-e5fb017979b6,d0ceaa98-b5fe-bc86-5b8a-123ecadd1245,419199007,SNOMED-CT,Allergy to substance (finding),allergy,environment,,,,,,
1985-06-12,,611d5899-a8a3-b006-d9a6-e5fb017979b6,d0ceaa98-b5fe-bc86-5b8a-123ecadd1245,264287008,SNOMED-CT,Animal dander (substance),allergy,environment,878820003,Rhinoconjunctivitis (disorder),MODERATE,271807003,Eruption of skin (disorder),MILD
1985-06-12,,611d5899-a8a3-b006-d9a6-e5fb017979b6,d0ceaa98-b5fe-bc86-5b8a-123ecadd1245,29046,RxNorm,Lisinopril,intolerance,medication,,,,,,
1985-06-12,,611d5899-a8a3-b006-d9a6-e5fb017979b6,d0ceaa98-b5fe-bc86-5b8a-123ecadd1245,1191,RxNorm,Aspirin,allergy,medication,,,,,,
1985-06-12,,611d5899-a8a3-b006-d9a6-e5fb017979b6,d0ceaa98-b5fe-bc86-5b8a-123ecadd1245,735029006,SNOMED-CT,Shellfish (substance),allergy,food,271807003,Eruption of skin (disorder),MODERATE,422587007,Nausea (finding),MODERATE
2012-10-07,,1a97b3b3-cf6e-6599-7643-ffdf6b1a1d3e,0339d7b1-3f14-8bc2-57db-e249a8e88927,419199007,SNOMED-CT,Allergy to substance (finding),allergy,environment,,,,,,
2012-10-07,,1a97b3b3-cf6e-6599-7643-ffdf6b1a1d3e,0339d7b1-3f14-8bc2-57db-e249a8e88927,84489001,SNOMED-CT,Mold (organism),allergy,environment,267101005,Nose running,MILD,,,
2012-10-07,,1a97b3b3-cf6e-6599-7643-ffdf6b1a1d3e,0339d7b1-3f14-8bc2-57db-e249a8e88927,264287008,SNOMED-CT,Animal dander (substance),allergy,environment,878820003,Rhinoconjunctivitis (disorder),MODERATE,267036007,Dyspnea (finding),MILD
2012-10-07,,1a97b3b3-cf6e-6599-7643-ffdf6b1a1d3e,0339d7b1-3f14-8bc2-57db-e249a8e88927,256277009,SNOMED-CT,Grass pollen (substance),allergy,environment,,,,,,
2012-10-07,,1a97b3b3-cf6e-6599-7643-ffdf6b1a1d3e,0339d7b1-3f14-8bc2-57db-e249a8e88927,782576004,SNOMED-CT,Tree pollen (substance),allergy,environment,,,,,,
2012-10-07,,1a97b3b3-cf6e-6599-7643-ffdf6b1a1d3e,0339d7b1-3f14-8bc2-57db-e249a8e88927,7984,RxNorm,Penicillin V,allergy,medication,247472004,Wheal (finding),MILD,,,
2012-10-07,,1a97b3b3-cf6e-6599-7643-ffdf6b1a1d3e,0339d7b1-3f14-8bc2-57db-e249a8e88927,3718001,SNOMED-CT,Cow's milk (substance),allergy,food,39579001,Anaphylaxis (disorder),SEVERE,300359004,Finding of vomiting (finding),MODERATE
1977-11-12,,afef058c-3e2c-df69-f1e9-62646a7bfa41,32fdf536-de70-8a8c-837f-0c2106d5bfdf,419199007,SNOMED-CT,Allergy to substance (finding),allergy,environment,,,,,,
1977-11-12,,afef058c-3e2c-df69-f1e9-62646a7bfa41,32fdf536-de70-8a8c-837f-0c2106d5bfdf,442571000124108,SNOMED-CT,Tree nut (substance),allergy,food,39579001,Anaphylaxis (disorder),SEVERE,271807003,Eruption of skin (disorder),MODERATE
1991-11-21,,8ec30769-ccfb-4829-17a7-eafd8564ed5a,ab856fea-8297-3980-f5b8-8cd51bfcbc66,419199007,SNOMED-CT,Allergy to substance (finding),allergy,environment,,,,,,
1991-11-21,,8ec30769-ccfb-4829-17a7-eafd8564ed5a,ab856fea-8297-3980-f5b8-8cd51bfcbc66,412071004,SNOMED-CT,Wheat (substance),allergy,food,,,,,,
2002-05-05,,b948e04a-9047-c6e8-47db-8a40a4056704,57d8a264-e2cb-9fef-11ed-9514e9f0fdfd,419199007,SNOMED-CT,Allergy to substance (finding),allergy,environment,,,,,,
2002-05-05,,b948e04a-9047-c6e8-47db-8a40a4056704,57d8a264-e2cb-9fef-11ed-9514e9f0fdfd,84489001,SNOMED-CT,Mold (organism),allergy,environment,,,,,,
2002-05-05,,b948e04a-9047-c6e8-47db-8a40a4056704,57d8a264-e2cb-9fef-11ed-9514e9f0fdfd,735029006,SNOMED-CT,Shellfish (substance),allergy,food,271807003,Eruption of skin (disorder),MODERATE,62315008,Diarrhea (finding),MILD
1982-01-29,,9f04469d-9cc7-954d-b502-abd00d82a209,1430c549-0cdc-2656-67b0-cbad0d8b5157,419199007,SNOMED-CT,Allergy to substance (finding),allergy,environment,,,,,,
1982-01-29,,9f04469d-9cc7-954d-b502-abd00d82a209,1430c549-0cdc-2656-67b0-cbad0d8b5157,29046,RxNorm,Lisinopril,intolerance,medication,,,,,,
1982-01-29,,9f04469d-9cc7-954d-b502-abd00d82a209,1430c549-0cdc-2656-67b0-cbad0d8b5157,10831,RxNorm,Sulfamethoxazole / Trimethoprim,allergy,medication,,,,,,
1984-10-23,,6a8e974f-7c06-d37e-7e8d-471f57dd0764,c4847a93-2ec6-e2b6-16b4-711c8de96a3e,419199007,SNOMED-CT,Allergy to substance (finding),allergy,environment,,,,,,
1984-10-23,,6a8e974f-7c06-d37e-7e8d-471f57dd0764,c4847a93-2ec6-e2b6-16b4-711c8de96a3e,111088007,SNOMED-CT,Latex (substance),allergy,environment,267036007,Dyspnea (finding),MODERATE,418290006,Itching (finding),MODERATE
1984-10-23,,6a8e974f-7c06-d37e-7e8d-471f57dd0764,c4847a93-2ec6-e2b6-16b4-711c8de96a3e,288328004,SNOMED-CT,Bee venom (substance),allergy,environment,271807003,Eruption of skin (disorder),MODERATE,,,
1984-10-23,,6a8e974f-7c06-d37e-7e8d-471f57dd0764,c4847a93-2ec6-e2b6-16b4-711c8de96a3e,84489001,SNOMED-CT,Mold (organism),allergy,environment,,,,,,
1984-10-23,,6a8e974f-7c06-d37e-7e8d-471f57dd0764,c4847a93-2ec6-e2b6-16b4-711c8de96a3e,260147004,SNOMED-CT,House dust mite (organism),allergy,environment,,,,,,
1984-10-23,,6a8e974f-7c06-d37e-7e8d-471f57dd0764,c4847a93-2ec6-e2b6-16b4-711c8de96a3e,264287008,SNOMED-CT,Animal dander (substance),allergy,environment,878820003,Rhinoconjunctivitis (disorder),MODERATE,,,
1984-10-23,,6a8e974f-7c06-d37e-7e8d-471f57dd0764,c4847a93-2ec6-e2b6-16b4-711c8de96a3e,782576004,SNOMED-CT,Tree pollen (substance),allergy,environment,,,,,,
1984-10-23,,6a8e974f-7c06-d37e-7e8d-471f57dd0764,c4847a93-2ec6-e2b6-16b4-711c8de96a3e,1191,RxNorm,Aspirin,allergy,medication,247472004,Wheal (finding),MODERATE,,,
1984-10-23,,6a8e974f-7c06-d37e-7e8d-471f57dd0764,c4847a93-2ec6-e2b6-16b4-711c8de96a3e,735029006,SNOMED-CT,Shellfish (substance),allergy,food,422587007,Nausea (finding),MODERATE,271807003,Eruption of skin (disorder),MODERATE
1984-10-23,,6a8e974f-7c06-d37e-7e8d-471f57dd0764,c4847a93-2ec6-e2b6-16b4-711c8de96a3e,735971005,SNOMED-CT,Fish (substance),allergy,food,267036007,Dyspnea (finding),MODERATE,300359004,Finding of vomiting (finding),MILD
1954-05-09,,555b1124-004f-9a6c-1c71-e26b8efebf6a,9ddaadf3-d99c-c5b6-a9ed-40f2d3e9d611,419199007,SNOMED-CT,Allergy to substance (finding),allergy,environment,,,,,,
1954-05-09,,555b1124-004f-9a6c-1c71-e26b8efebf6a,9ddaadf3-d99c-c5b6-a9ed-40f2d3e9d611,10831,RxNorm,Sulfamethoxazole / Trimethoprim,allergy,medication,271807003,Eruption of skin (disorder),MODERATE,402387002,Allergic angioedema (disorder),MILD
1954-05-09,,555b1124-004f-9a6c-1c71-e26b8efebf6a,9ddaadf3-d99c-c5b6-a9ed-40f2d3e9d611,735029006,SNOMED-CT,Shellfish (substance),allergy,food,271807003,Eruption of skin (disorder),MODERATE,402387002,Allergic angioedema (disorder),MODERATE
1972-09-15,,c591c1d8-d8c2-27b1-9495-217459e9b5b0,6fac2b88-f402-4641-a121-0d995d00a7cc,419199007,SNOMED-CT,Allergy to substance (finding),allergy,environment,,,,,,
1972-09-15,,c591c1d8-d8c2-27b1-9495-217459e9b5b0,6fac2b88-f402-4641-a121-0d995d00a7cc,111088007,SNOMED-CT,Latex (substance),allergy,environment,39579001,Anaphylaxis (disorder),SEVERE,402387002,Allergic angioedema (disorder),MODERATE
1972-09-15,,c591c1d8-d8c2-27b1-9495-217459e9b5b0,6fac2b88-f402-4641-a121-0d995d00a7cc,288328004,SNOMED-CT,Bee venom (substance),allergy,environment,271807003,Eruption of skin (disorder),MODERATE,,,
1972-09-15,,c591c1d8-d8c2-27b1-9495-217459e9b5b0,6fac2b88-f402-4641-a121-0d995d00a7cc,84489001,SNOMED-CT,Mold (organism),allergy,environment,,,,,,
1972-09-15,,c591c1d8-d8c2-27b1-9495-217459e9b5b0,6fac2b88-f402-4641-a121-0d995d00a7cc,264287008,SNOMED-CT,Animal dander (substance),allergy,environment,49727002,Cough (finding),MODERATE,878820003,Rhinoconjunctivitis (disorder),MODERATE
1972-09-15,,c591c1d8-d8c2-27b1-9495-217459e9b5b0,6fac2b88-f402-4641-a121-0d995d00a7cc,256277009,SNOMED-CT,Grass pollen (substance),allergy,environment,,,,,,
1972-09-15,,c591c1d8-d8c2-27b1-9495-217459e9b5b0,6fac2b88-f402-4641-a121-0d995d00a7cc,782576004,SNOMED-CT,Tree pollen (substance),allergy,environment,,,,,,
1972-09-15,,c591c1d8-d8c2-27b1-9495-217459e9b5b0,6fac2b88-f402-4641-a121-0d995d00a7cc,102263004,SNOMED-CT,Eggs (edible) (substance),allergy,food,247472004,Wheal (finding),MODERATE,,,
1972-09-15,,c591c1d8-d8c2-27b1-9495-217459e9b5b0,6fac2b88-f402-4641-a121-0d995d00a7cc,412071004,SNOMED-CT,Wheat (substance),allergy,food,,,,,,
1972-09-15,,c591c1d8-d8c2-27b1-9495-217459e9b5b0,6fac2b88-f402-4641-a121-0d995d00a7cc,735971005,SNOMED-CT,Fish (substance),allergy,food,271807003,Eruption of skin (disorder),MILD,,,
1972-09-15,,c591c1d8-d8c2-27b1-9495-217459e9b5b0,6fac2b88-f402-4641-a121-0d995d00a7cc,762952008,SNOMED-CT,Peanut (substance),allergy,food,247472004,Wheal (finding),MODERATE,271807003,Eruption of skin (disorder),MILD
1997-09-28,,efad0336-a97a-47a5-5510-0e4aefc45d71,8ef94be6-c5a9-609d-ec76-ef68e151cdc8,419199007,SNOMED-CT,Allergy to substance (finding),allergy,environment,,,,,,
1997-09-28,,efad0336-a97a-47a5-5510-0e4aefc45d71,8ef94be6-c5a9-609d-ec76-ef68e151cdc8,84489001,SNOMED-CT,Mold (organism),allergy,environment,21626009,Allergic skin rash,MILD,267101005,Nose running,MILD
1997-09-28,,efad0336-a97a-47a5-5510-0e4aefc45d71,8ef94be6-c5a9-609d-ec76-ef68e151cdc8,260147004,SNOMED-CT,House dust mite (organism),allergy,environment,,,,,,
1997-09-28,,efad0336-a97a-47a5-5510-0e4aefc45d71,8ef94be6-c5a9-609d-ec76-ef68e151cdc8,264287008,SNOMED-CT,Animal dander (substance),allergy,environment,878820003,Rhinoconjunctivitis (disorder),MODERATE,271807003,Eruption of skin (disorder),MILD
1997-09-28,,efad0336-a97a-47a5-5510-0e4aefc45d71,8ef94be6-c5a9-609d-ec76-ef68e151cdc8,256277009,SNOMED-CT,Grass pollen (substance),allergy,environment,,,,,,
1997-09-28,,efad0336-a97a-47a5-5510-0e4aefc45d71,8ef94be6-c5a9-609d-ec76-ef68e151cdc8,782576004,SNOMED-CT,Tree pollen (substance),allergy,environment,,,,,,
1997-09-28,,efad0336-a97a-47a5-5510-0e4aefc45d71,8ef94be6-c5a9-609d-ec76-ef68e151cdc8,412071004,SNOMED-CT,Wheat (substance),allergy,food,,,,,,
1997-09-28,,efad0336-a97a-47a5-5510-0e4aefc45d71,8ef94be6-c5a9-609d-ec76-ef68e151cdc8,735029006,SNOMED-CT,Shellfish (substance),allergy,food,39579001,Anaphylaxis (disorder),SEVERE,271807003,Eruption of skin (disorder),MODERATE
1997-09-28,,efad0336-a97a-47a5-5510-0e4aefc45d71,8ef94be6-c5a9-609d-ec76-ef68e151cdc8,735971005,SNOMED-CT,Fish (substance),allergy,food,267036007,Dyspnea (finding),MODERATE,271807003,Eruption of skin (disorder),MILD
2006-06-16,,373ae362-4dfa-d91f-904a-392a3803c073,cb55db3a-bf71-e4dc-a317-7c630ae74011,419199007,SNOMED-CT,Allergy to substance (finding),allergy,environment,,,,,,
2006-06-16,,373ae362-4dfa-d91f-904a-392a3803c073,cb55db3a-bf71-e4dc-a317-7c630ae74011,1191,RxNorm,Aspirin,allergy,medication,247472004,Wheal (finding),MODERATE,21522001,Abdominal pain (finding),MODERATE
1987-09-02,,4234c1f9-fc3d-6d31-652d-bb83aae46342,14bf3f43-6416-2aa0-cbab-3dedb1b456c3,419199007,SNOMED-CT,Allergy to substance (finding),allergy,environment,,,,,,
1987-09-02,,4234c1f9-fc3d-6d31-652d-bb83aae46342,14bf3f43-6416-2aa0-cbab-3dedb1b456c3,288328004,SNOMED-CT,Bee venom (substance),allergy,environment,271807003,Eruption of skin (disorder),MODERATE,,,
1987-09-02,,4234c1f9-fc3d-6d31-652d-bb83aae46342,14bf3f43-6416-2aa0-cbab-3dedb1b456c3,84489001,SNOMED-CT,Mold (organism),allergy,environment,21626009,Allergic skin rash,MILD,,,
1987-09-02,,4234c1f9-fc3d-6d31-652d-bb83aae46342,14bf3f43-6416-2aa0-cbab-3dedb1b456c3,260147004,SNOMED-CT,House dust mite (organism),allergy,environment,,,,,,
1987-09-02,,4234c1f9-fc3d-6d31-652d-bb83aae46342,14bf3f43-6416-2aa0-cbab-3dedb1b456c3,264287008,SNOMED-CT,Animal dander (substance),allergy,environment,878820003,Rhinoconjunctivitis (disorder),MODERATE,271807003,Eruption of skin (disorder),MILD
1987-09-02,,4234c1f9-fc3d-6d31-652d-bb83aae46342,14bf3f43-6416-2aa0-cbab-3dedb1b456c3,256277009,SNOMED-CT,Grass pollen (substance),allergy,environment,,,,,,
1987-09-02,,4234c1f9-fc3d-6d31-652d-bb83aae46342,14bf3f43-6416-2aa0-cbab-3dedb1b456c3,782576004,SNOMED-CT,Tree pollen (substance),allergy,environment,,,,,,
1987-09-02,,4234c1f9-fc3d-6d31-652d-bb83aae46342,14bf3f43-6416-2aa0-cbab-3dedb1b456c3,256355007,SNOMED-CT,Soy bean,allergy,food,300359004,Finding of vomiting (finding),MODERATE,,,
1987-09-02,,4234c1f9-fc3d-6d31-652d-bb83aae46342,14bf3f43-6416-2aa0-cbab-3dedb1b456c3,412071004,SNOMED-CT,Wheat (substance),allergy,food,,,,,,
1987-09-02,,4234c1f9-fc3d-6d31-652d-bb83aae46342,14bf3f43-6416-2aa0-cbab-3dedb1b456c3,762952008,SNOMED-CT,Peanut (substance),allergy,food,402387002,Allergic angioedema (disorder),MODERATE,300359004,Finding of vomiting (finding),MILD
2002-01-25,,9e75a215-9370-d6a2-45e9-a2c0c0e4edda,46b43e1d-3c83-9f5a-ef00-af94fe68a5b9,419199007,SNOMED-CT,Allergy to substance (finding),allergy,environment,,,,,,
2002-01-25,,9e75a215-9370-d6a2-45e9-a2c0c0e4edda,46b43e1d-3c83-9f5a-ef00-af94fe68a5b9,111088007,SNOMED-CT,Latex (substance),allergy,environment,247472004,Wheal (finding),MILD,,,
2002-01-25,,9e75a215-9370-d6a2-45e9-a2c0c0e4edda,46b43e1d-3c83-9f5a-ef00-af94fe68a5b9,84489001,SNOMED-CT,Mold (organism),allergy,environment,21626009,Allergic skin rash,MILD,267101005,Nose running,MILD
2002-01-25,,9e75a215-9370-d6a2-45e9-a2c0c0e4edda,46b43e1d-3c83-9f5a-ef00-af94fe68a5b9,260147004,SNOMED-CT,House dust mite (organism),allergy,environment,,,,,,
2002-01-25,,9e75a215-9370-d6a2-45e9-a2c0c0e4edda,46b43e1d-3c83-9f5a-ef00-af94fe68a5b9,264287008,SNOMED-CT,Animal dander (substance),allergy,environment,49727002,Cough (finding),MODERATE,878820003,Rhinoconjunctivitis (disorder),MODERATE
2002-01-25,,9e75a215-9370-d6a2-45e9-a2c0c0e4edda,46b43e1d-3c83-9f5a-ef00-af94fe68a5b9,256277009,SNOMED-CT,Grass pollen (substance),allergy,environment,,,,,,
2002-01-25,,9e75a215-9370-d6a2-45e9-a2c0c0e4edda,46b43e1d-3c83-9f5a-ef00-af94fe68a5b9,782576004,SNOMED-CT,Tree pollen (substance),allergy,environment,,,,,,
1999-08-24,,095e4177-3295-1b4b-fef5-b4f91671cbb5,8ddd702a-39d2-82b5-f018-d2a98daf800e,419199007,SNOMED-CT,Allergy to substance (finding),allergy,environment,,,,,,
1980-12-31,,5a33ca8d-518b-466c-e41b-810d498170b2,74164f76-9584-6084-a573-dd1a6c6cd0f7,419199007,SNOMED-CT,Allergy to substance (finding),allergy,environment,,,,,,
1980-12-31,,5a33ca8d-518b-466c-e41b-810d498170b2,74164f76-9584-6084-a573-dd1a6c6cd0f7,111088007,SNOMED-CT,Latex (substance),allergy,environment,402387002,Allergic angioedema (disorder),MODERATE,247472004,Wheal (finding),MILD
1980-12-31,,5a33ca8d-518b-466c-e41b-810d498170b2,74164f76-9584-6084-a573-dd1a6c6cd0f7,288328004,SNOMED-CT,Bee venom (substance),allergy,environment,,,,,,
1980-12-31,,5a33ca8d-518b-466c-e41b-810d498170b2,74164f76-9584-6084-a573-dd1a6c6cd0f7,84489001,SNOMED-CT,Mold (organism),allergy,environment,,,,,,
1980-12-31,,5a33ca8d-518b-466c-e41b-810d498170b2,74164f76-9584-6084-a573-dd1a6c6cd0f7,260147004,SNOMED-CT,House dust mite (organism),allergy,environment,,,,,,
1980-12-31,,5a33ca8d-518b-466c-e41b-810d498170b2,74164f76-9584-6084-a573-dd1a6c6cd0f7,264287008,SNOMED-CT,Animal dander (substance),allergy,environment,878820003,Rhinoconjunctivitis (disorder),MODERATE,,,
1980-12-31,,5a33ca8d-518b-466c-e41b-810d498170b2,74164f76-9584-6084-a573-dd1a6c6cd0f7,256277009,SNOMED-CT,Grass pollen (substance),allergy,environment,,,,,,
1980-12-31,,5a33ca8d-518b-466c-e41b-810d498170b2,74164f76-9584-6084-a573-dd1a6c6cd0f7,782576004,SNOMED-CT,Tree pollen (substance),allergy,environment,,,,,,
1980-12-31,,5a33ca8d-518b-466c-e41b-810d498170b2,74164f76-9584-6084-a573-dd1a6c6cd0f7,7984,RxNorm,Penicillin V,allergy,medication,,,,,,
