START,STOP,PATIENT,ENCOUNTER,CODE,SYSTEM,DESCRIPTION,TYPE,CATEGORY,REACTION1,DESCRIPTION1,SEVERITY1,REACTION2,DESCRIPTION2,SEVERITY2
2025-03-31,,f1b590cc-b561-fc7e-c901-ab329290953f,e1d76389-5c4e-e1a0-be6f-22d6fdd308a3,609328004,SNOMED-CT,Allergic disposition (finding),allergy,environment,,,,,,
2025-03-31,,f1b590cc-b561-fc7e-c901-ab329290953f,e1d76389-5c4e-e1a0-be6f-22d6fdd308a3,29046,RxNorm,Lisinopril,intolerance,medication,,,,,,
2025-03-31,,f1b590cc-b561-fc7e-c901-ab329290953f,e1d76389-5c4e-e1a0-be6f-22d6fdd308a3,735971005,SNOMED-CT,Fish (substance),allergy,food,267036007,Dyspnea (finding),MODERATE,271807003,Eruption of skin (disorder),MILD
1988-11-14,,1d45ba60-c1df-36db-fca2-05f704d85a19,bca2c7b0-8cb1-eb73-2b4d-7333f4308e44,609328004,SNOMED-CT,Allergic disposition (finding),allergy,environment,,,,,,
1988-11-14,,1d45ba60-c1df-36db-fca2-05f704d85a19,bca2c7b0-8cb1-eb73-2b4d-7333f4308e44,84489001,SNOMED-CT,Mold (organism),allergy,environment,,,,,,
1988-11-14,,1d45ba60-c1df-36db-fca2-05f704d85a19,bca2c7b0-8cb1-eb73-2b4d-7333f4308e44,260147004,SNOMED-CT,House dust mite (organism),allergy,environment,,,,,,
1988-11-14,,1d45ba60-c1df-36db-fca2-05f704d85a19,bca2c7b0-8cb1-eb73-2b4d-7333f4308e44,264287008,SNOMED-CT,Animal dander (substance),allergy,environment,878820003,Rhinoconjunctivitis (disorder),MODERATE,247472004,Wheal (finding),MILD
1988-11-14,,1d45ba60-c1df-36db-fca2-05f704d85a19,bca2c7b0-8cb1-eb73-2b4d-7333f4308e44,256277009,SNOMED-CT,Grass pollen (substance),allergy,environment,,,,,,
1988-11-14,,1d45ba60-c1df-36db-fca2-05f704d85a19,bca2c7b0-8cb1-eb73-2b4d-7333f4308e44,782576004,SNOMED-CT,Tree pollen (substance),allergy,environment,,,,,,
1988-11-14,,1d45ba60-c1df-36db-fca2-05f704d85a19,bca2c7b0-8cb1-eb73-2b4d-7333f4308e44,29046,RxNorm,Lisinopril,intolerance,medication,49727002,Cough (finding),MODERATE,,,
1964-10-24,,b072590e-4fd0-d6b9-e0fc-a5b0bae8f734,adb14ae2-e5ee-d67a-5432-ce16859c2ba5,609328004,SNOMED-CT,Allergic disposition (finding),allergy,environment,,,,,,
1964-10-24,,b072590e-4fd0-d6b9-e0fc-a5b0bae8f734,adb14ae2-e5ee-d67a-5432-ce16859c2ba5,735029006,SNOMED-CT,Shellfish (substance),allergy,food,247472004,Wheal (finding),MILD,49727002,Cough (finding),MILD
2015-03-18,,619a7b35-24b2-3fd6-5465-af7a3c312ca7,2f8f92b5-907c-aab5-2413-5b54c64954cb,609328004,SNOMED-CT,Allergic disposition (finding),allergy,environment,,,,,,
2015-03-18,,619a7b35-24b2-3fd6-5465-af7a3c312ca7,2f8f92b5-907c-aab5-2413-5b54c64954cb,10831,RxNorm,Sulfamethoxazole / Trimethoprim,allergy,medication,247472004,Wheal (finding),MODERATE,271807003,Eruption of skin (disorder),MODERATE
2015-03-18,,619a7b35-24b2-3fd6-5465-af7a3c312ca7,2f8f92b5-907c-aab5-2413-5b54c64954cb,735029006,SNOMED-CT,Shellfish (substance),allergy,food,271807003,Eruption of skin (disorder),MODERATE,418290006,Itching (finding),MILD
1980-09-04,,161e7241-da46-d987-b478-b1756428c3e0,ef7eb9de-0f38-d21b-5424-a7d524a45781,609328004,SNOMED-CT,Allergic disposition (finding),allergy,environment,,,,,,
1980-09-04,,161e7241-da46-d987-b478-b1756428c3e0,ef7eb9de-0f38-d21b-5424-a7d524a45781,1191,RxNorm,Aspirin,allergy,medication,247472004,Wheal (finding),MODERATE,21522001,Abdominal pain (finding),MODERATE
1980-09-04,,161e7241-da46-d987-b478-b1756428c3e0,ef7eb9de-0f38-d21b-5424-a7d524a45781,7984,RxNorm,Penicillin V,allergy,medication,39579001,Anaphylaxis (disorder),SEVERE,271807003,Eruption of skin (disorder),MILD
1989-03-09,,5505f599-638e-5a3e-ac14-5f2bf8d102b1,ff212490-b96a-6fc1-f789-b5671ebac6de,609328004,SNOMED-CT,Allergic disposition (finding),allergy,environment,,,,,,
1989-03-09,,5505f599-638e-5a3e-ac14-5f2bf8d102b1,ff212490-b96a-6fc1-f789-b5671ebac6de,84489001,SNOMED-CT,Mold (organism),allergy,environment,21626009,Cutaneous hypersensitivity (disorder),MILD,,,
1989-03-09,,5505f599-638e-5a3e-ac14-5f2bf8d102b1,ff212490-b96a-6fc1-f789-b5671ebac6de,260147004,SNOMED-CT,House dust mite (organism),allergy,environment,,,,,,
1989-03-09,,5505f599-638e-5a3e-ac14-5f2bf8d102b1,ff212490-b96a-6fc1-f789-b5671ebac6de,264287008,SNOMED-CT,Animal dander (substance),allergy,environment,878820003,Rhinoconjunctivitis (disorder),MODERATE,271807003,Eruption of skin (disorder),MILD
1989-03-09,,5505f599-638e-5a3e-ac14-5f2bf8d102b1,ff212490-b96a-6fc1-f789-b5671ebac6de,256277009,SNOMED-CT,Grass pollen (substance),allergy,environment,,,,,,
1989-03-09,,5505f599-638e-5a3e-ac14-5f2bf8d102b1,ff212490-b96a-6fc1-f789-b5671ebac6de,782576004,SNOMED-CT,Tree pollen (substance),allergy,environment,,,,,,
2001-11-10,,883abfd1-5cdb-251d-3820-7e5762931683,32580aaf-a63a-0c8c-1599-eab5a0c8e2c4,609328004,SNOMED-CT,Allergic disposition (finding),allergy,environment,,,,,,
2001-11-10,,883abfd1-5cdb-251d-3820-7e5762931683,32580aaf-a63a-0c8c-1599-eab5a0c8e2c4,84489001,SNOMED-CT,Mold (organism),allergy,environment,267101005,Nasal discharge present (situation),MILD,,,
2001-11-10,,883abfd1-5cdb-251d-3820-7e5762931683,32580aaf-a63a-0c8c-1599-eab5a0c8e2c4,264287008,SNOMED-CT,Animal dander (substance),allergy,environment,267036007,Dyspnea (finding),MILD,271807003,Eruption of skin (disorder),MILD
2001-11-10,,883abfd1-5cdb-251d-3820-7e5762931683,32580aaf-a63a-0c8c-1599-eab5a0c8e2c4,256277009,SNOMED-CT,Grass pollen (substance),allergy,environment,,,,,,
2001-11-10,,883abfd1-5cdb-251d-3820-7e5762931683,32580aaf-a63a-0c8c-1599-eab5a0c8e2c4,442571000124108,SNOMED-CT,Tree nut (substance),allergy,food,39579001,Anaphylaxis (disorder),SEVERE,247472004,Wheal (finding),MODERATE
2010-11-29,,d370bc11-b1ec-7e4f-918c-bd7539e0d0a3,083862cc-149d-c12a-70d0-4c33dd3d5c0b,609328004,SNOMED-CT,Allergic disposition (finding),allergy,environment,,,,,,
2010-11-29,,d370bc11-b1ec-7e4f-918c-bd7539e0d0a3,083862cc-149d-c12a-70d0-4c33dd3d5c0b,111088007,SNOMED-CT,Latex (substance),allergy,environment,418290006,Itching (finding),MODERATE,247472004,Wheal (finding),MILD
2010-11-29,,d370bc11-b1ec-7e4f-918c-bd7539e0d0a3,083862cc-149d-c12a-70d0-4c33dd3d5c0b,84489001,SNOMED-CT,Mold (organism),allergy,environment,,,,,,
2010-11-29,,d370bc11-b1ec-7e4f-918c-bd7539e0d0a3,083862cc-149d-c12a-70d0-4c33dd3d5c0b,264287008,SNOMED-CT,Animal dander (substance),allergy,environment,878820003,Rhinoconjunctivitis (disorder),MODERATE,271807003,Eruption of skin (disorder),MILD
2010-11-29,,d370bc11-b1ec-7e4f-918c-bd7539e0d0a3,083862cc-149d-c12a-70d0-4c33dd3d5c0b,256277009,SNOMED-CT,Grass pollen (substance),allergy,environment,,,,,,
2010-11-29,,d370bc11-b1ec-7e4f-918c-bd7539e0d0a3,083862cc-149d-c12a-70d0-4c33dd3d5c0b,782576004,SNOMED-CT,Tree pollen (substance),allergy,environment,,,,,,
2010-11-29,,d370bc11-b1ec-7e4f-918c-bd7539e0d0a3,083862cc-149d-c12a-70d0-4c33dd3d5c0b,7984,RxNorm,Penicillin V,allergy,medication,,,,,,
2010-11-29,,d370bc11-b1ec-7e4f-918c-bd7539e0d0a3,083862cc-149d-c12a-70d0-4c33dd3d5c0b,3718001,SNOMED-CT,Cow's milk (substance),allergy,food,300359004,Finding of vomiting (finding),MODERATE,247472004,Wheal (finding),MILD
2010-11-29,,d370bc11-b1ec-7e4f-918c-bd7539e0d0a3,083862cc-149d-c12a-70d0-4c33dd3d5c0b,442571000124108,SNOMED-CT,Tree nut (substance),allergy,food,39579001,Anaphylaxis (disorder),SEVERE,271807003,Eruption of skin (disorder),MODERATE
2010-11-29,,d370bc11-b1ec-7e4f-918c-bd7539e0d0a3,083862cc-149d-c12a-70d0-4c33dd3d5c0b,762952008,SNOMED-CT,Peanut (substance),allergy,food,39579001,Anaphylaxis (disorder),SEVERE,247472004,Wheal (finding),MODERATE
1996-05-31,,41ab6249-c82e-7ec1-16b7-68eef1891c84,ebcf3592-505f-b6d1-138c-308186659f4b,609328004,SNOMED-CT,Allergic disposition (finding),allergy,environment,,,,,,
1996-05-31,,41ab6249-c82e-7ec1-16b7-68eef1891c84,ebcf3592-505f-b6d1-138c-308186659f4b,84489001,SNOMED-CT,Mold (organism),allergy,environment,21626009,Cutaneous hypersensitivity (disorder),MILD,,,
1996-05-31,,41ab6249-c82e-7ec1-16b7-68eef1891c84,ebcf3592-505f-b6d1-138c-308186659f4b,260147004,SNOMED-CT,House dust mite (organism),allergy,environment,,,,,,
1996-05-31,,41ab6249-c82e-7ec1-16b7-68eef1891c84,ebcf3592-505f-b6d1-138c-308186659f4b,264287008,SNOMED-CT,Animal dander (substance),allergy,environment,878820003,Rhinoconjunctivitis (disorder),MODERATE,271807003,Eruption of skin (disorder),MILD
1996-05-31,,41ab6249-c82e-7ec1-16b7-68eef1891c84,ebcf3592-505f-b6d1-138c-308186659f4b,782576004,SNOMED-CT,Tree pollen (substance),allergy,environment,,,,,,
1996-05-31,,41ab6249-c82e-7ec1-16b7-68eef1891c84,ebcf3592-505f-b6d1-138c-308186659f4b,7984,RxNorm,Penicillin V,allergy,medication,247472004,Wheal (finding),MILD,271807003,Eruption of skin (disorder),MILD
1996-05-31,,41ab6249-c82e-7ec1-16b7-68eef1891c84,ebcf3592-505f-b6d1-138c-308186659f4b,3718001,SNOMED-CT,Cow's milk (substance),allergy,food,62315008,Diarrhea (finding),MILD,,,
1996-05-31,,41ab6249-c82e-7ec1-16b7-68eef1891c84,ebcf3592-505f-b6d1-138c-308186659f4b,735971005,SNOMED-CT,Fish (substance),allergy,food,271807003,Eruption of skin (disorder),MILD,,,
1995-06-24,,17554a0b-0bd8-a811-5e61-41601e984fea,6403cc80-8d58-944d-b9fa-6aff3c873dd9,609328004,SNOMED-CT,Allergic disposition (finding),allergy,environment,,,,,,
1995-06-24,,17554a0b-0bd8-a811-5e61-41601e984fea,6403cc80-8d58-944d-b9fa-6aff3c873dd9,111088007,SNOMED-CT,Latex (substance),allergy,environment,247472004,Wheal (finding),MILD,,,
1995-06-24,,17554a0b-0bd8-a811-5e61-41601e984fea,6403cc80-8d58-944d-b9fa-6aff3c873dd9,288328004,SNOMED-CT,Bee venom (substance),allergy,environment,,,,,,
1995-06-24,,17554a0b-0bd8-a811-5e61-41601e984fea,6403cc80-8d58-944d-b9fa-6aff3c873dd9,84489001,SNOMED-CT,Mold (organism),allergy,environment,21626009,Cutaneous hypersensitivity (disorder),MILD,76067001,Sneezing (finding),MILD
1995-06-24,,17554a0b-0bd8-a811-5e61-41601e984fea,6403cc80-8d58-944d-b9fa-6aff3c873dd9,260147004,SNOMED-CT,House dust mite (organism),allergy,environment,,,,,,
1995-06-24,,17554a0b-0bd8-a811-5e61-41601e984fea,6403cc80-8d58-944d-b9fa-6aff3c873dd9,264287008,SNOMED-CT,Animal dander (substance),allergy,environment,878820003,Rhinoconjunctivitis (disorder),MODERATE,49727002,Cough (finding),MODERATE
1995-06-24,,17554a0b-0bd8-a811-5e61-41601e984fea,6403cc80-8d58-944d-b9fa-6aff3c873dd9,256277009,SNOMED-CT,Grass pollen (substance),allergy,environment,,,,,,
1995-06-24,,17554a0b-0bd8-a811-5e61-41601e984fea,6403cc80-8d58-944d-b9fa-6aff3c873dd9,782576004,SNOMED-CT,Tree pollen (substance),allergy,environment,,,,,,
1995-06-24,,17554a0b-0bd8-a811-5e61-41601e984fea,6403cc80-8d58-944d-b9fa-6aff3c873dd9,7984,RxNorm,Penicillin V,allergy,medication,271807003,Eruption of skin (disorder),MILD,,,
1995-06-24,,17554a0b-0bd8-a811-5e61-41601e984fea,6403cc80-8d58-944d-b9fa-6aff3c873dd9,3718001,SNOMED-CT,Cow's milk (substance),allergy,food,,,,,,
1995-06-24,,17554a0b-0bd8-a811-5e61-41601e984fea,6403cc80-8d58-944d-b9fa-6aff3c873dd9,256355007,SNOMED-CT,Glycine max (substance),allergy,food,,,,,,
1995-06-24,,17554a0b-0bd8-a811-5e61-41601e984fea,6403cc80-8d58-944d-b9fa-6aff3c873dd9,442571000124108,SNOMED-CT,Tree nut (substance),allergy,food,39579001,Anaphylaxis (disorder),SEVERE,49727002,Cough (finding),MODERATE
2002-03-08,,858fa06b-b4db-5be3-2967-23bee866bc99,b869b383-a6f3-1d22-056c-a7baecada8ec,609328004,SNOMED-CT,Allergic disposition (finding),allergy,environment,,,,,,
2002-03-08,,858fa06b-b4db-5be3-2967-23bee866bc99,b869b383-a6f3-1d22-056c-a7baecada8ec,84489001,SNOMED-CT,Mold (organism),allergy,environment,21626009,Cutaneous hypersensitivity (disorder),MILD,,,
2002-03-08,,858fa06b-b4db-5be3-2967-23bee866bc99,b869b383-a6f3-1d22-056c-a7baecada8ec,264287008,SNOMED-CT,Animal dander (substance),allergy,environment,878820003,Rhinoconjunctivitis (disorder),MODERATE,267036007,Dyspnea (finding),MILD
2002-03-08,,858fa06b-b4db-5be3-2967-23bee866bc99,b869b383-a6f3-1d22-056c-a7baecada8ec,782576004,SNOMED-CT,Tree pollen (substance),allergy,environment,,,,,,
2002-03-08,,858fa06b-b4db-5be3-2967-23bee866bc99,b869b383-a6f3-1d22-056c-a7baecada8ec,1191,RxNorm,Aspirin,allergy,medication,,,,,,
2002-03-08,,858fa06b-b4db-5be3-2967-23bee866bc99,b869b383-a6f3-1d22-056c-a7baecada8ec,735971005,SNOMED-CT,Fish (substance),allergy,food,271807003,Eruption of skin (disorder),MILD,,,
2012-12-03,,426775a2-8276-24a3-c1d1-59eb65681c64,0f6caeda-a9ba-72af-0a08-28db077e0f93,609328004,SNOMED-CT,Allergic disposition (finding),allergy,environment,,,,,,
1984-06-06,,17b1595d-ffcb-6a09-7149-9e8b38023dae,899da7fb-41f6-64ab-f587-39dff5951a7d,609328004,SNOMED-CT,Allergic disposition (finding),allergy,environment,,,,,,
1984-06-06,,17b1595d-ffcb-6a09-7149-9e8b38023dae,899da7fb-41f6-64ab-f587-39dff5951a7d,84489001,SNOMED-CT,Mold (organism),allergy,environment,21626009,Cutaneous hypersensitivity (disorder),MILD,,,
1984-06-06,,17b1595d-ffcb-6a09-7149-9e8b38023dae,899da7fb-41f6-64ab-f587-39dff5951a7d,1191,RxNorm,Aspirin,allergy,medication,21522001,Abdominal pain (finding),MODERATE,,,
1984-06-06,,17b1595d-ffcb-6a09-7149-9e8b38023dae,899da7fb-41f6-64ab-f587-39dff5951a7d,412071004,SNOMED-CT,Wheat (substance),allergy,food,271807003,Eruption of skin (disorder),MODERATE,,,
1994-06-20,,86a3db2c-ad00-b12b-fabf-ca28878f0e75,9f372d09-8859-be59-820a-d1e3703a8840,609328004,SNOMED-CT,Allergic disposition (finding),allergy,environment,,,,,,
1994-06-20,,86a3db2c-ad00-b12b-fabf-ca28878f0e75,9f372d09-8859-be59-820a-d1e3703a8840,111088007,SNOMED-CT,Latex (substance),allergy,environment,247472004,Wheal (finding),MILD,,,
1994-06-20,,86a3db2c-ad00-b12b-fabf-ca28878f0e75,9f372d09-8859-be59-820a-d1e3703a8840,288328004,SNOMED-CT,Bee venom (substance),allergy,environment,,,,,,
1994-06-20,,86a3db2c-ad00-b12b-fabf-ca28878f0e75,9f372d09-8859-be59-820a-d1e3703a8840,84489001,SNOMED-CT,Mold (organism),allergy,environment,56018004,Wheezing (finding),MILD,,,
1994-06-20,,86a3db2c-ad00-b12b-fabf-ca28878f0e75,9f372d09-8859-be59-820a-d1e3703a8840,260147004,SNOMED-CT,House dust mite (organism),allergy,environment,,,,,,
1994-06-20,,86a3db2c-ad00-b12b-fabf-ca28878f0e75,9f372d09-8859-be59-820a-d1e3703a8840,264287008,SNOMED-CT,Animal dander (substance),allergy,environment,878820003,Rhinoconjunctivitis (disorder),MODERATE,247472004,Wheal (finding),MILD
1994-06-20,,86a3db2c-ad00-b12b-fabf-ca28878f0e75,9f372d09-8859-be59-820a-d1e3703a8840,256277009,SNOMED-CT,Grass pollen (substance),allergy,environment,,,,,,
1994-06-20,,86a3db2c-ad00-b12b-fabf-ca28878f0e75,9f372d09-8859-be59-820a-d1e3703a8840,782576004,SNOMED-CT,Tree pollen (substance),allergy,environment,,,,,,
1994-06-20,,86a3db2c-ad00-b12b-fabf-ca28878f0e75,9f372d09-8859-be59-820a-d1e3703a8840,735029006,SNOMED-CT,Shellfish (substance),allergy,food,271807003,Eruption of skin (disorder),MODERATE,402387002,Allergic angioedema (disorder),MODERATE
1999-05-28,,0aba2edd-e2b4-f2fa-dc8a-8d5fd2695596,5c716f97-3d81-48a0-5524-5885657c95dd,609328004,SNOMED-CT,Allergic disposition (finding),allergy,environment,,,,,,
1999-05-28,,0aba2edd-e2b4-f2fa-dc8a-8d5fd2695596,5c716f97-3d81-48a0-5524-5885657c95dd,111088007,SNOMED-CT,Latex (substance),allergy,environment,402387002,Allergic angioedema (disorder),MODERATE,247472004,Wheal (finding),MILD
1999-05-28,,0aba2edd-e2b4-f2fa-dc8a-8d5fd2695596,5c716f97-3d81-48a0-5524-5885657c95dd,288328004,SNOMED-CT,Bee venom (substance),allergy,environment,,,,,,
1999-05-28,,0aba2edd-e2b4-f2fa-dc8a-8d5fd2695596,5c716f97-3d81-48a0-5524-5885657c95dd,84489001,SNOMED-CT,Mold (organism),allergy,environment,76067001,Sneezing (finding),MILD,,,
1999-05-28,,0aba2edd-e2b4-f2fa-dc8a-8d5fd2695596,5c716f97-3d81-48a0-5524-5885657c95dd,260147004,SNOMED-CT,House dust mite (organism),allergy,environment,,,,,,
1999-05-28,,0aba2edd-e2b4-f2fa-dc8a-8d5fd2695596,5c716f97-3d81-48a0-5524-5885657c95dd,264287008,SNOMED-CT,Animal dander (substance),allergy,environment,878820003,Rhinoconjunctivitis (disorder),MODERATE,271807003,Eruption of skin (disorder),MILD
1999-05-28,,0aba2edd-e2b4-f2fa-dc8a-8d5fd2695596,5c716f97-3d81-48a0-5524-5885657c95dd,782576004,SNOMED-CT,Tree pollen (substance),allergy,environment,,,,,,
1999-05-28,,0aba2edd-e2b4-f2fa-dc8a-8d5fd2695596,5c716f97-3d81-48a0-5524-5885657c95dd,10831,RxNorm,Sulfamethoxazole / Trimethoprim,allergy,medication,271807003,Eruption of skin (disorder),MODERATE,,,
1999-05-28,,0aba2edd-e2b4-f2fa-dc8a-8d5fd2695596,5c716f97-3d81-48a0-5524-5885657c95dd,256355007,SNOMED-CT,Glycine max (substance),allergy,food,,,,,,
1999-05-28,,0aba2edd-e2b4-f2fa-dc8a-8d5fd2695596,5c716f97-3d81-48a0-5524-5885657c95dd,102263004,SNOMED-CT,Eggs (edible) (substance),allergy,food,39579001,Anaphylaxis (disorder),SEVERE,247472004,Wheal (finding),MODERATE
1999-05-28,,0aba2edd-e2b4-f2fa-dc8a-8d5fd2695596,5c716f97-3d81-48a0-5524-5885657c95dd,735971005,SNOMED-CT,Fish (substance),allergy,food,267036007,Dyspnea (finding),MODERATE,,,
1988-12-29,,be9b67f4-a4c0-a784-a47e-c70c5391f016,816f0a19-750f-b0f8-d803-27dcc3ab7100,609328004,SNOMED-CT,Allergic disposition (finding),allergy,environment,,,,,,
1988-12-29,,be9b67f4-a4c0-a784-a47e-c70c5391f016,816f0a19-750f-b0f8-d803-27dcc3ab7100,10831,RxNorm,Sulfamethoxazole / Trimethoprim,allergy,medication,247472004,Wheal (finding),MODERATE,,,
1988-12-29,,be9b67f4-a4c0-a784-a47e-c70c5391f016,816f0a19-750f-b0f8-d803-27dcc3ab7100,412071004,SNOMED-CT,Wheat (substance),allergy,food,271807003,Eruption of skin (disorder),MODERATE,62315008,Diarrhea (finding),MODERATE
2013-01-02,,5d6095c3-63b5-17ff-b0dc-d2a0205e0922,2fbc923b-3f58-faff-fedc-edbd96820220,609328004,SNOMED-CT,Allergic disposition (finding),allergy,environment,,,,,,
2013-01-02,,5d6095c3-63b5-17ff-b0dc-d2a0205e0922,2fbc923b-3f58-faff-fedc-edbd96820220,84489001,SNOMED-CT,Mold (organism),allergy,environment,267101005,Nasal discharge present (situation),MILD,,,
2013-01-02,,5d6095c3-63b5-17ff-b0dc-d2a0205e0922,2fbc923b-3f58-faff-fedc-edbd96820220,7984,RxNorm,Penicillin V,allergy,medication,402387002,Allergic angioedema (disorder),MILD,,,
2013-01-02,,5d6095c3-63b5-17ff-b0dc-d2a0205e0922,2fbc923b-3f58-faff-fedc-edbd96820220,256355007,SNOMED-CT,Glycine max (substance),allergy,food,62315008,Diarrhea (finding),MILD,,,
1984-11-16,,a2766ce0-505c-bde8-f98b-a51687f2ed5e,7ca6cf13-9dd0-76c9-1bd8-b7ca9bf73e55,609328004,SNOMED-CT,Allergic disposition (finding),allergy,environment,,,,,,
1984-11-16,,a2766ce0-505c-bde8-f98b-a51687f2ed5e,7ca6cf13-9dd0-76c9-1bd8-b7ca9bf73e55,84489001,SNOMED-CT,Mold (organism),allergy,environment,267101005,Nasal discharge present (situation),MILD,,,
1984-11-16,,a2766ce0-505c-bde8-f98b-a51687f2ed5e,7ca6cf13-9dd0-76c9-1bd8-b7ca9bf73e55,260147004,SNOMED-CT,House dust mite (organism),allergy,environment,,,,,,
1984-11-16,,a2766ce0-505c-bde8-f98b-a51687f2ed5e,7ca6cf13-9dd0-76c9-1bd8-b7ca9bf73e55,264287008,SNOMED-CT,Animal dander (substance),allergy,environment,267036007,Dyspnea (finding),MILD,271807003,Eruption of skin (disorder),MILD
1984-11-16,,a2766ce0-505c-bde8-f98b-a51687f2ed5e,7ca6cf13-9dd0-76c9-1bd8-b7ca9bf73e55,256277009,SNOMED-CT,Grass pollen (substance),allergy,environment,,,,,,
1984-11-16,,a2766ce0-505c-bde8-f98b-a51687f2ed5e,7ca6cf13-9dd0-76c9-1bd8-b7ca9bf73e55,782576004,SNOMED-CT,Tree pollen (substance),allergy,environment,,,,,,
1984-11-16,,a2766ce0-505c-bde8-f98b-a51687f2ed5e,7ca6cf13-9dd0-76c9-1bd8-b7ca9bf73e55,3718001,SNOMED-CT,Cow's milk (substance),allergy,food,402387002,Allergic angioedema (disorder),MODERATE,300359004,Finding of vomiting (finding),MODERATE
1984-11-16,,a2766ce0-505c-bde8-f98b-a51687f2ed5e,7ca6cf13-9dd0-76c9-1bd8-b7ca9bf73e55,762952008,SNOMED-CT,Peanut (substance),allergy,food,247472004,Wheal (finding),MODERATE,56018004,Wheezing (finding),MILD
2015-10-29,,1b74eb2a-e19e-2a16-b793-12c3be0b1324,7eafbad2-fed0-ce5a-0751-f594dddff841,609328004,SNOMED-CT,Allergic disposition (finding),allergy,environment,,,,,,
2015-10-29,,1b74eb2a-e19e-2a16-b793-12c3be0b1324,7eafbad2-fed0-ce5a-0751-f594dddff841,111088007,SNOMED-CT,Latex (substance),allergy,environment,418290006,Itching (finding),MODERATE,247472004,Wheal (finding),MILD
2015-10-29,,1b74eb2a-e19e-2a16-b793-12c3be0b1324,7eafbad2-fed0-ce5a-0751-f594dddff841,84489001,SNOMED-CT,Mold (organism),allergy,environment,21626009,Cutaneous hypersensitivity (disorder),MILD,,,
2015-10-29,,1b74eb2a-e19e-2a16-b793-12c3be0b1324,7eafbad2-fed0-ce5a-0751-f594dddff841,264287008,SNOMED-CT,Animal dander (substance),allergy,environment,878820003,Rhinoconjunctivitis (disorder),MODERATE,271807003,Eruption of skin (disorder),MILD
2015-10-29,,1b74eb2a-e19e-2a16-b793-12c3be0b1324,7eafbad2-fed0-ce5a-0751-f594dddff841,256277009,SNOMED-CT,Grass pollen (substance),allergy,environment,,,,,,
2015-10-29,,1b74eb2a-e19e-2a16-b793-12c3be0b1324,7eafbad2-fed0-ce5a-0751-f594dddff841,782576004,SNOMED-CT,Tree pollen (substance),allergy,environment,,,,,,
2015-10-29,,1b74eb2a-e19e-2a16-b793-12c3be0b1324,7eafbad2-fed0-ce5a-0751-f594dddff841,10831,RxNorm,Sulfamethoxazole / Trimethoprim,allergy,medication,271807003,Eruption of skin (disorder),MODERATE,247472004,Wheal (finding),MODERATE
2015-10-29,,1b74eb2a-e19e-2a16-b793-12c3be0b1324,7eafbad2-fed0-ce5a-0751-f594dddff841,102263004,SNOMED-CT,Eggs (edible) (substance),allergy,food,,,,,,
2015-10-29,,1b74eb2a-e19e-2a16-b793-12c3be0b1324,7eafbad2-fed0-ce5a-0751-f594dddff841,735029006,SNOMED-CT,Shellfish (substance),allergy,food,39579001,Anaphylaxis (disorder),SEVERE,271807003,Eruption of skin (disorder),MODERATE
2016-10-15,,a6917ba5-f81d-2816-46cc-3c6a3c63bb8a,ab0d8883-ae91-2b06-17c3-f7cd7162dd6d,609328004,SNOMED-CT,Allergic disposition (finding),allergy,environment,,,,,,
2016-10-15,,a6917ba5-f81d-2816-46cc-3c6a3c63bb8a,ab0d8883-ae91-2b06-17c3-f7cd7162dd6d,288328004,SNOMED-CT,Bee venom (substance),allergy,environment,,,,,,
2016-10-15,,a6917ba5-f81d-2816-46cc-3c6a3c63bb8a,ab0d8883-ae91-2b06-17c3-f7cd7162dd6d,84489001,SNOMED-CT,Mold (organism),allergy,environment,,,,,,
2016-10-15,,a6917ba5-f81d-2816-46cc-3c6a3c63bb8a,ab0d8883-ae91-2b06-17c3-f7cd7162dd6d,264287008,SNOMED-CT,Animal dander (substance),allergy,environment,878820003,Rhinoconjunctivitis (disorder),MODERATE,247472004,Wheal (finding),MILD
2016-10-15,,a6917ba5-f81d-2816-46cc-3c6a3c63bb8a,ab0d8883-ae91-2b06-17c3-f7cd7162dd6d,256277009,SNOMED-CT,Grass pollen (substance),allergy,environment,,,,,,
2016-10-15,,a6917ba5-f81d-2816-46cc-3c6a3c63bb8a,ab0d8883-ae91-2b06-17c3-f7cd7162dd6d,782576004,SNOMED-CT,Tree pollen (substance),allergy,environment,,,,,,
2016-10-15,,a6917ba5-f81d-2816-46cc-3c6a3c63bb8a,ab0d8883-ae91-2b06-17c3-f7cd7162dd6d,1191,RxNorm,Aspirin,allergy,medication,247472004,Wheal (finding),MODERATE,,,
2016-10-15,,a6917ba5-f81d-2816-46cc-3c6a3c63bb8a,ab0d8883-ae91-2b06-17c3-f7cd7162dd6d,442571000124108,SNOMED-CT,Tree nut (substance),allergy,food,39579001,Anaphylaxis (disorder),SEVERE,49727002,Cough (finding),MODERATE
2000-05-22,,fbd56154-9d06-d7ad-c169-a5dcb2309287,f4dd4c18-ed25-28ca-344e-f16b979253a8,609328004,SNOMED-CT,Allergic disposition (finding),allergy,environment,,,,,,
2000-05-22,,fbd56154-9d06-d7ad-c169-a5dcb2309287,f4dd4c18-ed25-28ca-344e-f16b979253a8,84489001,SNOMED-CT,Mold (organism),allergy,environment,,,,,,
2000-05-22,,fbd56154-9d06-d7ad-c169-a5dcb2309287,f4dd4c18-ed25-28ca-344e-f16b979253a8,260147004,SNOMED-CT,House dust mite (organism),allergy,environment,,,,,,
2000-05-22,,fbd56154-9d06-d7ad-c169-a5dcb2309287,f4dd4c18-ed25-28ca-344e-f16b979253a8,264287008,SNOMED-CT,Animal dander (substance),allergy,environment,878820003,Rhinoconjunctivitis (disorder),MODERATE,267036007,Dyspnea (finding),MILD
2000-05-22,,fbd56154-9d06-d7ad-c169-a5dcb2309287,f4dd4c18-ed25-28ca-344e-f16b979253a8,256277009,SNOMED-CT,Grass pollen (substance),allergy,environment,,,,,,
2000-05-22,,fbd56154-9d06-d7ad-c169-a5dcb2309287,f4dd4c18-ed25-28ca-344e-f16b979253a8,762952008,SNOMED-CT,Peanut (substance),allergy,food,300359004,Finding of vomiting (finding),MILD,56018004,Wheezing (finding),MILD
