START,STOP,PATIENT,ENCOUNTER,CODE,SYSTEM,DESCRIPTION,TYPE,CATEGORY,REACTION1,DESCRIPTION1,SEVERITY1,REACTION2,DESCRIPTION2,SEVERITY2
1960-05-01,,7d699108-2dcd-9341-d11a-be39c2d37380,eac401e9-6d8e-03d9-1309-4ac52ce3c4de,419199007,SNOMED-CT,Allergy to substance (finding),allergy,environment,,,,,,
1960-05-01,,7d699108-2dcd-9341-d11a-be39c2d37380,eac401e9-6d8e-03d9-1309-4ac52ce3c4de,1191,RxNorm,Aspirin,allergy,medication,,,,,,
1960-05-01,,7d699108-2dcd-9341-d11a-be39c2d37380,eac401e9-6d8e-03d9-1309-4ac52ce3c4de,442571000124108,SNOMED-CT,Tree nut (substance),allergy,food,39579001,Anaphylaxis (disorder),SEVERE,247472004,Wheal (finding),MODERATE
2018-12-20,,9e38058e-f3b3-ce14-8205-1950929620e2,4790e6ed-51aa-82ac-21f4-c0c1ab17153e,419199007,SNOMED-CT,Allergy to substance (finding),allergy,environment,,,,,,
2018-12-20,,9e38058e-f3b3-ce14-8205-1950929620e2,4790e6ed-51aa-82ac-21f4-c0c1ab17153e,84489001,SNOMED-CT,Mold (organism),allergy,environment,267101005,Nose running,MILD,,,
1955-05-19,,3e2bb968-53f8-8dfe-1a38-5c9fea0ff42e,a259d344-ce70-903a-7dd5-042432921c67,419199007,SNOMED-CT,Allergy to substance (finding),allergy,environment,,,,,,
1955-05-19,,3e2bb968-53f8-8dfe-1a38-5c9fea0ff42e,a259d344-ce70-903a-7dd5-042432921c67,288328004,SNOMED-CT,Bee venom (substance),allergy,environment,,,,,,
1955-05-19,,3e2bb968-53f8-8dfe-1a38-5c9fea0ff42e,a259d344-ce70-903a-7dd5-042432921c67,84489001,SNOMED-CT,Mold (organism),allergy,environment,,,,,,
1955-05-19,,3e2bb968-53f8-8dfe-1a38-5c9fea0ff42e,a259d344-ce70-903a-7dd5-042432921c67,260147004,SNOMED-CT,House dust mite (organism),allergy,environment,,,,,,
1955-05-19,,3e2bb968-53f8-8dfe-1a38-5c9fea0ff42e,a259d344-ce70-903a-7dd5-042432921c67,264287008,SNOMED-CT,Animal dander (substance),allergy,environment,878820003,Rhinoconjunctivitis (disorder),MODERATE,271807003,Eruption of skin (disorder),MILD
1955-05-19,,3e2bb968-53f8-8dfe-1a38-5c9fea0ff42e,a259d344-ce70-903a-7dd5-042432921c67,256277009,SNOMED-CT,Grass pollen (substance),allergy,environment,,,,,,
1955-05-19,,3e2bb968-53f8-8dfe-1a38-5c9fea0ff42e,a259d344-ce70-903a-7dd5-042432921c67,782576004,SNOMED-CT,Tree pollen (substance),allergy,environment,,,,,,
1955-05-19,,3e2bb968-53f8-8dfe-1a38-5c9fea0ff42e,a259d344-ce70-903a-7dd5-042432921c67,1191,RxNorm,Aspirin,allergy,medication,,,,,,
1955-05-19,,3e2bb968-53f8-8dfe-1a38-5c9fea0ff42e,a259d344-ce70-903a-7dd5-042432921c67,102263004,SNOMED-CT,Eggs (edible) (substance),allergy,food,,,,,,
2019-07-26,,0f5e7825-e3b9-d441-5f8a-1938141473f4,9dfdf54c-9b01-7bb2-3e8d-3283afbbbeda,419199007,SNOMED-CT,Allergy to substance (finding),allergy,environment,,,,,,
2019-07-26,,0f5e7825-e3b9-d441-5f8a-1938141473f4,9dfdf54c-9b01-7bb2-3e8d-3283afbbbeda,84489001,SNOMED-CT,Mold (organism),allergy,environment,,,,,,
2019-07-26,,0f5e7825-e3b9-d441-5f8a-1938141473f4,9dfdf54c-9b01-7bb2-3e8d-3283afbbbeda,260147004,SNOMED-CT,House dust mite (organism),allergy,environment,,,,,,
2019-07-26,,0f5e7825-e3b9-d441-5f8a-1938141473f4,9dfdf54c-9b01-7bb2-3e8d-3283afbbbeda,264287008,SNOMED-CT,Animal dander (substance),allergy,environment,878820003,Rhinoconjunctivitis (disorder),MODERATE,267036007,Dyspnea (finding),MILD
2019-07-26,,0f5e7825-e3b9-d441-5f8a-1938141473f4,9dfdf54c-9b01-7bb2-3e8d-3283afbbbeda,782576004,SNOMED-CT,Tree pollen (substance),allergy,environment,,,,,,
2019-07-26,,0f5e7825-e3b9-d441-5f8a-1938141473f4,9dfdf54c-9b01-7bb2-3e8d-3283afbbbeda,735029006,SNOMED-CT,Shellfish (substance),allergy,food,39579001,Anaphylaxis (disorder),SEVERE,271807003,Eruption of skin (disorder),MODERATE
2019-07-26,,0f5e7825-e3b9-d441-5f8a-1938141473f4,9dfdf54c-9b01-7bb2-3e8d-3283afbbbeda,762952008,SNOMED-CT,Peanut (substance),allergy,food,39579001,Anaphylaxis (disorder),SEVERE,247472004,Wheal (finding),MODERATE
1967-08-16,,e164ab55-3b33-1e33-002e-c32af13b6ef0,4c64fc75-0f45-c4bc-a04e-af83a15005fe,419199007,SNOMED-CT,Allergy to substance (finding),allergy,environment,,,,,,
1967-08-16,,e164ab55-3b33-1e33-002e-c32af13b6ef0,4c64fc75-0f45-c4bc-a04e-af83a15005fe,1191,RxNorm,Aspirin,allergy,medication,,,,,,
2010-11-06,,9a3aa122-31aa-07c3-bcca-47e692653c4c,768c21d6-360f-516d-18ed-2deebe1ac314,419199007,SNOMED-CT,Allergy to substance (finding),allergy,environment,,,,,,
2010-11-06,,9a3aa122-31aa-07c3-bcca-47e692653c4c,768c21d6-360f-516d-18ed-2deebe1ac314,29046,RxNorm,Lisinopril,intolerance,medication,49727002,Cough (finding),MODERATE,,,
2010-11-06,,9a3aa122-31aa-07c3-bcca-47e692653c4c,768c21d6-360f-516d-18ed-2deebe1ac314,735029006,SNOMED-CT,Shellfish (substance),allergy,food,422587007,Nausea (finding),MODERATE,271807003,Eruption of skin (disorder),MODERATE
1978-04-30,,bd1a7216-8816-fec6-3b46-b3d925656928,d01d51c4-fdd9-d4da-73ef-4014ec0ec8e0,419199007,SNOMED-CT,Allergy to substance (finding),allergy,environment,,,,,,
1978-04-30,,bd1a7216-8816-fec6-3b46-b3d925656928,d01d51c4-fdd9-d4da-73ef-4014ec0ec8e0,29046,RxNorm,Lisinopril,intolerance,medication,,,,,,
1978-04-30,,bd1a7216-8816-fec6-3b46-b3d925656928,d01d51c4-fdd9-d4da-73ef-4014ec0ec8e0,1191,RxNorm,Aspirin,allergy,medication,,,,,,
1997-03-14,,2e8d17b6-336d-c795-ced7-cb86752c6c26,0c8a86c6-d7f4-470b-e7c4-f566477b57dd,419199007,SNOMED-CT,Allergy to substance (finding),allergy,environment,,,,,,
1997-03-14,,2e8d17b6-336d-c795-ced7-cb86752c6c26,0c8a86c6-d7f4-470b-e7c4-f566477b57dd,84489001,SNOMED-CT,Mold (organism),allergy,environment,,,,,,
1997-03-14,,2e8d17b6-336d-c795-ced7-cb86752c6c26,0c8a86c6-d7f4-470b-e7c4-f566477b57dd,264287008,SNOMED-CT,Animal dander (substance),allergy,environment,878820003,Rhinoconjunctivitis (disorder),MODERATE,49727002,Cough (finding),MODERATE
1997-03-14,,2e8d17b6-336d-c795-ced7-cb86752c6c26,0c8a86c6-d7f4-470b-e7c4-f566477b57dd,762952008,SNOMED-CT,Peanut (substance),allergy,food,402387002,Allergic angioedema (disorder),MODERATE,271807003,Eruption of skin (disorder),MILD
1997-01-01,,a0b3bd52-2ca6-b65e-d12b-c71e34a3ef3e,8ebf8a78-80a5-7877-d94b-8c4316db57c3,419199007,SNOMED-CT,Allergy to substance (finding),allergy,environment,,,,,,
1997-01-01,,a0b3bd52-2ca6-b65e-d12b-c71e34a3ef3e,8ebf8a78-80a5-7877-d94b-8c4316db57c3,84489001,SNOMED-CT,Mold (organism),allergy,environment,76067001,Sneezing,MILD,,,
1997-01-01,,a0b3bd52-2ca6-b65e-d12b-c71e34a3ef3e,8ebf8a78-80a5-7877-d94b-8c4316db57c3,264287008,SNOMED-CT,Animal dander (substance),allergy,environment,49727002,Cough (finding),MODERATE,878820003,Rhinoconjunctivitis (disorder),MODERATE
1997-01-01,,a0b3bd52-2ca6-b65e-d12b-c71e34a3ef3e,8ebf8a78-80a5-7877-d94b-8c4316db57c3,256277009,SNOMED-CT,Grass pollen (substance),allergy,environment,,,,,,
1997-01-01,,a0b3bd52-2ca6-b65e-d12b-c71e34a3ef3e,8ebf8a78-80a5-7877-d94b-8c4316db57c3,782576004,SNOMED-CT,Tree pollen (substance),allergy,environment,,,,,,
1997-01-01,,a0b3bd52-2ca6-b65e-d12b-c71e34a3ef3e,8ebf8a78-80a5-7877-d94b-8c4316db57c3,1191,RxNorm,Aspirin,allergy,medication,21522001,Abdominal pain (finding),MODERATE,,,
1997-01-01,,a0b3bd52-2ca6-b65e-d12b-c71e34a3ef3e,8ebf8a78-80a5-7877-d94b-8c4316db57c3,7984,RxNorm,Penicillin V,allergy,medication,,,,,,
1997-01-01,,a0b3bd52-2ca6-b65e-d12b-c71e34a3ef3e,8ebf8a78-80a5-7877-d94b-8c4316db57c3,735971005,SNOMED-CT,Fish (substance),allergy,food,267036007,Dyspnea (finding),MODERATE,300359004,Finding of vomiting (finding),MILD
1973-10-20,,d2e56049-1c7c-45ac-5d87-1b81dc9db112,7b4dc6d0-3352-03e4-d50e-23c744a8e6bf,419199007,SNOMED-CT,Allergy to substance (finding),allergy,environment,,,,,,
1973-10-20,,d2e56049-1c7c-45ac-5d87-1b81dc9db112,7b4dc6d0-3352-03e4-d50e-23c744a8e6bf,442571000124108,SNOMED-CT,Tree nut (substance),allergy,food,39579001,Anaphylaxis (disorder),SEVERE,271807003,Eruption of skin (disorder),MODERATE
1957-12-10,,de759327-7990-7a18-193d-95c2996739d7,114b5315-51a6-724b-c633-dae9d996688b,419199007,SNOMED-CT,Allergy to substance (finding),allergy,environment,,,,,,
1957-12-10,,de759327-7990-7a18-193d-95c2996739d7,114b5315-51a6-724b-c633-dae9d996688b,84489001,SNOMED-CT,Mold (organism),allergy,environment,,,,,,
1957-12-10,,de759327-7990-7a18-193d-95c2996739d7,114b5315-51a6-724b-c633-dae9d996688b,260147004,SNOMED-CT,House dust mite (organism),allergy,environment,,,,,,
1957-12-10,,de759327-7990-7a18-193d-95c2996739d7,114b5315-51a6-724b-c633-dae9d996688b,264287008,SNOMED-CT,Animal dander (substance),allergy,environment,49727002,Cough (finding),MODERATE,878820003,Rhinoconjunctivitis (disorder),MODERATE
1957-12-10,,de759327-7990-7a18-193d-95c2996739d7,114b5315-51a6-724b-c633-dae9d996688b,7984,RxNorm,Penicillin V,allergy,medication,,,,,,
1957-12-10,,de759327-7990-7a18-193d-95c2996739d7,114b5315-51a6-724b-c633-dae9d996688b,735029006,SNOMED-CT,Shellfish (substance),allergy,food,39579001,Anaphylaxis (disorder),SEVERE,271807003,Eruption of skin (disorder),MODERATE
1957-12-10,,de759327-7990-7a18-193d-95c2996739d7,114b5315-51a6-724b-c633-dae9d996688b,442571000124108,SNOMED-CT,Tree nut (substance),allergy,food,39579001,Anaphylaxis (disorder),SEVERE,271807003,Eruption of skin (disorder),MODERATE
1946-06-25,,11a5d214-9c8c-1648-1b78-87e222e592de,57fedcb5-36a8-9fee-9891-07cc786ba33d,419199007,SNOMED-CT,Allergy to substance (finding),allergy,environment,,,,,,
1946-06-25,,11a5d214-9c8c-1648-1b78-87e222e592de,57fedcb5-36a8-9fee-9891-07cc786ba33d,264287008,SNOMED-CT,Animal dander (substance),allergy,environment,49727002,Cough (finding),MODERATE,271807003,Eruption of skin (disorder),MILD
1946-06-25,,11a5d214-9c8c-1648-1b78-87e222e592de,57fedcb5-36a8-9fee-9891-07cc786ba33d,1191,RxNorm,Aspirin,allergy,medication,,,,,,
2021-10-02,,8b45dcc6-3f3d-b927-5030-c264dc8f53d3,488488f2-e9a7-f910-dbd9-eb183a4d26a6,419199007,SNOMED-CT,Allergy to substance (finding),allergy,environment,,,,,,
2021-10-02,,8b45dcc6-3f3d-b927-5030-c264dc8f53d3,488488f2-e9a7-f910-dbd9-eb183a4d26a6,84489001,SNOMED-CT,Mold (organism),allergy,environment,,,,,,
2021-10-02,,8b45dcc6-3f3d-b927-5030-c264dc8f53d3,488488f2-e9a7-f910-dbd9-eb183a4d26a6,260147004,SNOMED-CT,House dust mite (organism),allergy,environment,,,,,,
2021-10-02,,8b45dcc6-3f3d-b927-5030-c264dc8f53d3,488488f2-e9a7-f910-dbd9-eb183a4d26a6,264287008,SNOMED-CT,Animal dander (substance),allergy,environment,878820003,Rhinoconjunctivitis (disorder),MODERATE,271807003,Eruption of skin (disorder),MILD
2021-10-02,,8b45dcc6-3f3d-b927-5030-c264dc8f53d3,488488f2-e9a7-f910-dbd9-eb183a4d26a6,782576004,SNOMED-CT,Tree pollen (substance),allergy,environment,,,,,,
1960-04-13,,46527684-5884-876f-a3ed-ce48961fc52a,e51302b5-73cd-b444-ecd2-33fd71fa0186,419199007,SNOMED-CT,Allergy to substance (finding),allergy,environment,,,,,,
1960-04-13,,46527684-5884-876f-a3ed-ce48961fc52a,e51302b5-73cd-b444-ecd2-33fd71fa0186,1191,RxNorm,Aspirin,allergy,medication,,,,,,
1960-04-13,,46527684-5884-876f-a3ed-ce48961fc52a,e51302b5-73cd-b444-ecd2-33fd71fa0186,735029006,SNOMED-CT,Shellfish (substance),allergy,food,39579001,Anaphylaxis (disorder),SEVERE,271807003,Eruption of skin (disorder),MODERATE
1963-07-23,,7357da67-9b49-b6d8-85d8-6c6a9bcb7782,5d59bc59-6763-8d46-7044-796a818e87e0,419199007,SNOMED-CT,Allergy to substance (finding),allergy,environment,,,,,,
1963-07-23,,7357da67-9b49-b6d8-85d8-6c6a9bcb7782,5d59bc59-6763-8d46-7044-796a818e87e0,1191,RxNorm,Aspirin,allergy,medication,,,,,,
2005-07-29,,19a416e8-d9d4-ecc4-5198-9bd5f9f4cc06,10f4cc66-e86f-4c67-c04b-25d81d93b089,419199007,SNOMED-CT,Allergy to substance (finding),allergy,environment,,,,,,
2005-07-29,,19a416e8-d9d4-ecc4-5198-9bd5f9f4cc06,10f4cc66-e86f-4c67-c04b-25d81d93b089,1191,RxNorm,Aspirin,allergy,medication,,,,,,
1968-02-17,,8da966d6-0bb7-19ec-9617-d64a51b4d3ac,8a759b34-efda-d2b5-3f20-3bc69493b7b1,419199007,SNOMED-CT,Allergy to substance (finding),allergy,environment,,,,,,
1968-02-17,,8da966d6-0bb7-19ec-9617-d64a51b4d3ac,8a759b34-efda-d2b5-3f20-3bc69493b7b1,7984,RxNorm,Penicillin V,allergy,medication,404640003,Dizziness (finding),MILD,,,
1968-02-17,,8da966d6-0bb7-19ec-9617-d64a51b4d3ac,8a759b34-efda-d2b5-3f20-3bc69493b7b1,735029006,SNOMED-CT,Shellfish (substance),allergy,food,271807003,Eruption of skin (disorder),MODERATE,402387002,Allergic angioedema (disorder),MODERATE
1961-04-07,,5cc9e0fd-f101-ea5f-dd14-732736c6605c,20a0c43d-7c79-4b68-8d9e-22a8d6f243cf,419199007,SNOMED-CT,Allergy to substance (finding),allergy,environment,,,,,,
1961-04-07,,5cc9e0fd-f101-ea5f-dd14-732736c6605c,20a0c43d-7c79-4b68-8d9e-22a8d6f243cf,111088007,SNOMED-CT,Latex (substance),allergy,environment,402387002,Allergic angioedema (disorder),MODERATE,247472004,Wheal (finding),MILD
1961-04-07,,5cc9e0fd-f101-ea5f-dd14-732736c6605c,20a0c43d-7c79-4b68-8d9e-22a8d6f243cf,84489001,SNOMED-CT,Mold (organism),allergy,environment,21626009,Allergic skin rash,MILD,267101005,Nose running,MILD
1961-04-07,,5cc9e0fd-f101-ea5f-dd14-732736c6605c,20a0c43d-7c79-4b68-8d9e-22a8d6f243cf,260147004,SNOMED-CT,House dust mite (organism),allergy,environment,,,,,,
1961-04-07,,5cc9e0fd-f101-ea5f-dd14-732736c6605c,20a0c43d-7c79-4b68-8d9e-22a8d6f243cf,264287008,SNOMED-CT,Animal dander (substance),allergy,environment,271807003,Eruption of skin (disorder),MILD,247472004,Wheal (finding),MILD
1961-04-07,,5cc9e0fd-f101-ea5f-dd14-732736c6605c,20a0c43d-7c79-4b68-8d9e-22a8d6f243cf,256277009,SNOMED-CT,Grass pollen (substance),allergy,environment,,,,,,
1961-04-07,,5cc9e0fd-f101-ea5f-dd14-732736c6605c,20a0c43d-7c79-4b68-8d9e-22a8d6f243cf,782576004,SNOMED-CT,Tree pollen (substance),allergy,environment,,,,,,
1961-04-07,,5cc9e0fd-f101-ea5f-dd14-732736c6605c,20a0c43d-7c79-4b68-8d9e-22a8d6f243cf,1191,RxNorm,Aspirin,allergy,medication,,,,,,
1961-04-07,,5cc9e0fd-f101-ea5f-dd14-732736c6605c,20a0c43d-7c79-4b68-8d9e-22a8d6f243cf,256355007,SNOMED-CT,Soy bean,allergy,food,300359004,Finding of vomiting (finding),MODERATE,62315008,Diarrhea (finding),MILD
1961-04-07,,5cc9e0fd-f101-ea5f-dd14-732736c6605c,20a0c43d-7c79-4b68-8d9e-22a8d6f243cf,102263004,SNOMED-CT,Eggs (edible) (substance),allergy,food,,,,,,
1961-04-07,,5cc9e0fd-f101-ea5f-dd14-732736c6605c,20a0c43d-7c79-4b68-8d9e-22a8d6f243cf,412071004,SNOMED-CT,Wheat (substance),allergy,food,271807003,Eruption of skin (disorder),MODERATE,,,
1987-03-01,,72b6a527-c8c1-c7aa-d8f3-242839b8c9e2,c01abace-7bd9-2f44-63c7-11e72554f80a,419199007,SNOMED-CT,Allergy to substance (finding),allergy,environment,,,,,,
1987-03-01,,72b6a527-c8c1-c7aa-d8f3-242839b8c9e2,c01abace-7bd9-2f44-63c7-11e72554f80a,762952008,SNOMED-CT,Peanut (substance),allergy,food,402387002,Allergic angioedema (disorder),MODERATE,49727002,Cough (finding),MILD
1995-08-31,,e1b6ae55-f30c-cd3a-2cf7-f9f912fbdb6c,44c4de6a-e9ab-8247-c92d-33551f15285c,419199007,SNOMED-CT,Allergy to substance (finding),allergy,environment,,,,,,
1995-08-31,,e1b6ae55-f30c-cd3a-2cf7-f9f912fbdb6c,44c4de6a-e9ab-8247-c92d-33551f15285c,111088007,SNOMED-CT,Latex (substance),allergy,environment,247472004,Wheal (finding),MILD,,,
1995-08-31,,e1b6ae55-f30c-cd3a-2cf7-f9f912fbdb6c,44c4de6a-e9ab-8247-c92d-33551f15285c,84489001,SNOMED-CT,Mold (organism),allergy,environment,,,,,,
1995-08-31,,e1b6ae55-f30c-cd3a-2cf7-f9f912fbdb6c,44c4de6a-e9ab-8247-c92d-33551f15285c,260147004,SNOMED-CT,House dust mite (organism),allergy,environment,,,,,,
1995-08-31,,e1b6ae55-f30c-cd3a-2cf7-f9f912fbdb6c,44c4de6a-e9ab-8247-c92d-33551f15285c,264287008,SNOMED-CT,Animal dander (substance),allergy,environment,878820003,Rhinoconjunctivitis (disorder),MODERATE,271807003,Eruption of skin (disorder),MILD
1995-08-31,,e1b6ae55-f30c-cd3a-2cf7-f9f912fbdb6c,44c4de6a-e9ab-8247-c92d-33551f15285c,256277009,SNOMED-CT,Grass pollen (substance),allergy,environment,,,,,,
1995-08-31,,e1b6ae55-f30c-cd3a-2cf7-f9f912fbdb6c,44c4de6a-e9ab-8247-c92d-33551f15285c,782576004,SNOMED-CT,Tree pollen (substance),allergy,environment,,,,,,
1995-08-31,,e1b6ae55-f30c-cd3a-2cf7-f9f912fbdb6c,44c4de6a-e9ab-8247-c92d-33551f15285c,442571000124108,SNOMED-CT,Tree nut (substance),allergy,food,39579001,Anaphylaxis (disorder),SEVERE,267036007,Dyspnea (finding),MODERATE
2010-05-20,,a67c6449-1d50-9c69-ea2b-28baae1d83bf,45d309db-4795-f564-1da9-0b5f2659d9af,419199007,SNOMED-CT,Allergy to substance (finding),allergy,environment,,,,,,
2010-05-20,,a67c6449-1d50-9c69-ea2b-28baae1d83bf,45d309db-4795-f564-1da9-0b5f2659d9af,84489001,SNOMED-CT,Mold (organism),allergy,environment,21626009,Allergic skin rash,MILD,,,
2010-05-20,,a67c6449-1d50-9c69-ea2b-28baae1d83bf,45d309db-4795-f564-1da9-0b5f2659d9af,260147004,SNOMED-CT,House dust mite (organism),allergy,environment,,,,,,
2010-05-20,,a67c6449-1d50-9c69-ea2b-28baae1d83bf,45d309db-4795-f564-1da9-0b5f2659d9af,264287008,SNOMED-CT,Animal dander (substance),allergy,environment,49727002,Cough (finding),MODERATE,271807003,Eruption of skin (disorder),MILD
2010-05-20,,a67c6449-1d50-9c69-ea2b-28baae1d83bf,45d309db-4795-f564-1da9-0b5f2659d9af,782576004,SNOMED-CT,Tree pollen (substance),allergy,environment,,,,,,
2010-05-20,,a67c6449-1d50-9c69-ea2b-28baae1d83bf,45d309db-4795-f564-1da9-0b5f2659d9af,442571000124108,SNOMED-CT,Tree nut (substance),allergy,food,39579001,Anaphylaxis (disorder),SEVERE,267036007,Dyspnea (finding),MODERATE
2009-03-18,,22f01daf-70a9-298e-e92f-faefb824b4e5,57218b29-c18a-184f-b7cd-d280c6b81de8,419199007,SNOMED-CT,Allergy to substance (finding),allergy,environment,,,,,,
2009-03-18,,22f01daf-70a9-298e-e92f-faefb824b4e5,57218b29-c18a-184f-b7cd-d280c6b81de8,111088007,SNOMED-CT,Latex (substance),allergy,environment,,,,,,
2009-03-18,,22f01daf-70a9-298e-e92f-faefb824b4e5,57218b29-c18a-184f-b7cd-d280c6b81de8,84489001,SNOMED-CT,Mold (organism),allergy,environment,,,,,,
2009-03-18,,22f01daf-70a9-298e-e92f-faefb824b4e5,57218b29-c18a-184f-b7cd-d280c6b81de8,260147004,SNOMED-CT,House dust mite (organism),allergy,environment,,,,,,
2009-03-18,,22f01daf-70a9-298e-e92f-faefb824b4e5,57218b29-c18a-184f-b7cd-d280c6b81de8,264287008,SNOMED-CT,Animal dander (substance),allergy,environment,878820003,Rhinoconjunctivitis (disorder),MODERATE,267036007,Dyspnea (finding),MILD
2009-03-18,,22f01daf-70a9-298e-e92f-faefb824b4e5,57218b29-c18a-184f-b7cd-d280c6b81de8,256277009,SNOMED-CT,Grass pollen (substance),allergy,environment,,,,,,
2009-03-18,,22f01daf-70a9-298e-e92f-faefb824b4e5,57218b29-c18a-184f-b7cd-d280c6b81de8,782576004,SNOMED-CT,Tree pollen (substance),allergy,environment,,,,,,
2009-03-18,,22f01daf-70a9-298e-e92f-faefb824b4e5,57218b29-c18a-184f-b7cd-d280c6b81de8,412071004,SNOMED-CT,Wheat (substance),allergy,food,271807003,Eruption of skin (disorder),MODERATE,,,
2000-11-17,,4febb6a4-a814-8061-1efa-80133ae0aae4,435fc6d2-200c-5f50-a196-d003ba02fc73,419199007,SNOMED-CT,Allergy to substance (finding),allergy,environment,,,,,,
2000-11-17,,4febb6a4-a814-8061-1efa-80133ae0aae4,435fc6d2-200c-5f50-a196-d003ba02fc73,260147004,SNOMED-CT,House dust mite (organism),allergy,environment,,,,,,
2000-11-17,,4febb6a4-a814-8061-1efa-80133ae0aae4,435fc6d2-200c-5f50-a196-d003ba02fc73,735029006,SNOMED-CT,Shellfish (substance),allergy,food,39579001,Anaphylaxis (disorder),SEVERE,422587007,Nausea (finding),MODERATE
1921-06-06,,ef597be2-db1c-47f6-8205-6618ededd192,972b0352-b94b-4a34-e5f9-68ca1e25135a,419199007,SNOMED-CT,Allergy to substance (finding),allergy,environment,,,,,,
1921-06-06,,ef597be2-db1c-47f6-8205-6618ededd192,972b0352-b94b-4a34-e5f9-68ca1e25135a,29046,RxNorm,Lisinopril,intolerance,medication,,,,,,
1921-06-06,,ef597be2-db1c-47f6-8205-6618ededd192,972b0352-b94b-4a34-e5f9-68ca1e25135a,1191,RxNorm,Aspirin,allergy,medication,,,,,,
