START,STOP,PATIENT,ENCOUNTER,CODE,SYSTEM,DESCRIPTION,TYPE,CATEGORY,REACTION1,DESCRIPTION1,SEVERITY1,REACTION2,DESCRIPTION2,SEVERITY2
1987-12-27,,0225630e-56c0-ef02-8303-1668da254bb0,82373789-6541-492c-85b2-8d3741ad3592,419199007,SNOMED-CT,Allergy to substance (finding),allergy,environment,,,,,,
1987-12-27,,0225630e-56c0-ef02-8303-1668da254bb0,82373789-6541-492c-85b2-8d3741ad3592,84489001,SNOMED-CT,Mold (organism),allergy,environment,21626009,Cutaneous hypersensitivity (disorder),MILD,,,
1987-12-27,,0225630e-56c0-ef02-8303-1668da254bb0,82373789-6541-492c-85b2-8d3741ad3592,260147004,SNOMED-CT,House dust mite (organism),allergy,environment,,,,,,
1987-12-27,,0225630e-56c0-ef02-8303-1668da254bb0,82373789-6541-492c-85b2-8d3741ad3592,264287008,SNOMED-CT,Animal dander (substance),allergy,environment,878820003,Rhinoconjunctivitis (disorder),MODERATE,247472004,Wheal (finding),MILD
1987-12-27,,0225630e-56c0-ef02-8303-1668da254bb0,82373789-6541-492c-85b2-8d3741ad3592,256277009,SNOMED-CT,Grass pollen (substance),allergy,environment,,,,,,
1987-12-27,,0225630e-56c0-ef02-8303-1668da254bb0,82373789-6541-492c-85b2-8d3741ad3592,782576004,SNOMED-CT,Tree pollen (substance),allergy,environment,,,,,,
1987-12-27,,0225630e-56c0-ef02-8303-1668da254bb0,82373789-6541-492c-85b2-8d3741ad3592,29046,RxNorm,Lisinopril,intolerance,medication,,,,,,
1987-12-27,,0225630e-56c0-ef02-8303-1668da254bb0,82373789-6541-492c-85b2-8d3741ad3592,10831,RxNorm,Sulfamethoxazole / Trimethoprim,allergy,medication,247472004,Wheal (finding),MODERATE,,,
1987-12-27,,0225630e-56c0-ef02-8303-1668da254bb0,82373789-6541-492c-85b2-8d3741ad3592,7984,RxNorm,Penicillin V,allergy,medication,247472004,Wheal (finding),MILD,,,
2020-03-27,,56d282f4-6eab-ad8e-1b17-daef5744418a,e03a17cb-b26d-94e1-8e4c-c42edf3d080b,419199007,SNOMED-CT,Allergy to substance (finding),allergy,environment,,,,,,
2020-03-27,,56d282f4-6eab-ad8e-1b17-daef5744418a,e03a17cb-b26d-94e1-8e4c-c42edf3d080b,288328004,SNOMED-CT,Bee venom (substance),allergy,environment,,,,,,
2020-03-27,,56d282f4-6eab-ad8e-1b17-daef5744418a,e03a17cb-b26d-94e1-8e4c-c42edf3d080b,84489001,SNOMED-CT,Mold (organism),allergy,environment,21626009,Cutaneous hypersensitivity (disorder),MILD,,,
2020-03-27,,56d282f4-6eab-ad8e-1b17-daef5744418a,e03a17cb-b26d-94e1-8e4c-c42edf3d080b,260147004,SNOMED-CT,House dust mite (organism),allergy,environment,,,,,,
2020-03-27,,56d282f4-6eab-ad8e-1b17-daef5744418a,e03a17cb-b26d-94e1-8e4c-c42edf3d080b,264287008,SNOMED-CT,Animal dander (substance),allergy,environment,878820003,Rhinoconjunctivitis (disorder),MODERATE,271807003,Eruption of skin (disorder),MILD
2020-03-27,,56d282f4-6eab-ad8e-1b17-daef5744418a,e03a17cb-b26d-94e1-8e4c-c42edf3d080b,256277009,SNOMED-CT,Grass pollen (substance),allergy,environment,,,,,,
2020-03-27,,56d282f4-6eab-ad8e-1b17-daef5744418a,e03a17cb-b26d-94e1-8e4c-c42edf3d080b,1191,RxNorm,Aspirin,allergy,medication,247472004,Wheal (finding),MODERATE,21522001,Abdominal pain (finding),MODERATE
2020-03-27,,56d282f4-6eab-ad8e-1b17-daef5744418a,e03a17cb-b26d-94e1-8e4c-c42edf3d080b,412071004,SNOMED-CT,Wheat (substance),allergy,food,62315008,Diarrhea (finding),MODERATE,271807003,Eruption of skin (disorder),MODERATE
1970-04-17,,d577c97e-57f1-34e7-c4bb-0f9f576621fb,32d404a4-8585-c645-1199-d763a418c48e,419199007,SNOMED-CT,Allergy to substance (finding),allergy,environment,,,,,,
1970-04-17,,d577c97e-57f1-34e7-c4bb-0f9f576621fb,32d404a4-8585-c645-1199-d763a418c48e,29046,RxNorm,Lisinopril,intolerance,medication,,,,,,
1970-04-17,,d577c97e-57f1-34e7-c4bb-0f9f576621fb,32d404a4-8585-c645-1199-d763a418c48e,1191,RxNorm,Aspirin,allergy,medication,,,,,,
1970-04-17,,d577c97e-57f1-34e7-c4bb-0f9f576621fb,32d404a4-8585-c645-1199-d763a418c48e,412071004,SNOMED-CT,Wheat (substance),allergy,food,271807003,Eruption of skin (disorder),MODERATE,267036007,Dyspnea (finding),MILD
1948-12-30,,6a71b1f4-875f-5c10-c5ca-6cbec1302bb3,bcde34c6-dfb5-a579-0619-121a3f67ce39,419199007,SNOMED-CT,Allergy to substance (finding),allergy,environment,,,,,,
1976-10-31,,9dd20802-4bfa-7313-7583-33267f27c149,5da3c4ef-f352-610c-437f-8d68e40ee826,419199007,SNOMED-CT,Allergy to substance (finding),allergy,environment,,,,,,
1976-10-31,,9dd20802-4bfa-7313-7583-33267f27c149,5da3c4ef-f352-610c-437f-8d68e40ee826,111088007,SNOMED-CT,Latex (substance),allergy,environment,39579001,Anaphylaxis (disorder),SEVERE,402387002,Allergic angioedema (disorder),MODERATE
1976-10-31,,9dd20802-4bfa-7313-7583-33267f27c149,5da3c4ef-f352-610c-437f-8d68e40ee826,288328004,SNOMED-CT,Bee venom (substance),allergy,environment,,,,,,
1976-10-31,,9dd20802-4bfa-7313-7583-33267f27c149,5da3c4ef-f352-610c-437f-8d68e40ee826,84489001,SNOMED-CT,Mold (organism),allergy,environment,,,,,,
1976-10-31,,9dd20802-4bfa-7313-7583-33267f27c149,5da3c4ef-f352-610c-437f-8d68e40ee826,260147004,SNOMED-CT,House dust mite (organism),allergy,environment,,,,,,
1976-10-31,,9dd20802-4bfa-7313-7583-33267f27c149,5da3c4ef-f352-610c-437f-8d68e40ee826,264287008,SNOMED-CT,Animal dander (substance),allergy,environment,878820003,Rhinoconjunctivitis (disorder),MODERATE,267036007,Dyspnea (finding),MILD
1976-10-31,,9dd20802-4bfa-7313-7583-33267f27c149,5da3c4ef-f352-610c-437f-8d68e40ee826,256277009,SNOMED-CT,Grass pollen (substance),allergy,environment,,,,,,
1976-10-31,,9dd20802-4bfa-7313-7583-33267f27c149,5da3c4ef-f352-610c-437f-8d68e40ee826,10831,RxNorm,Sulfamethoxazole / Trimethoprim,allergy,medication,,,,,,
1976-10-31,,9dd20802-4bfa-7313-7583-33267f27c149,5da3c4ef-f352-610c-437f-8d68e40ee826,1191,RxNorm,Aspirin,allergy,medication,,,,,,
1976-10-31,,9dd20802-4bfa-7313-7583-33267f27c149,5da3c4ef-f352-610c-437f-8d68e40ee826,442571000124108,SNOMED-CT,Tree nut (substance),allergy,food,39579001,Anaphylaxis (disorder),SEVERE,247472004,Wheal (finding),MODERATE
1976-10-31,,9dd20802-4bfa-7313-7583-33267f27c149,5da3c4ef-f352-610c-437f-8d68e40ee826,762952008,SNOMED-CT,Peanut (substance),allergy,food,39579001,Anaphylaxis (disorder),SEVERE,402387002,Allergic angioedema (disorder),MODERATE
1962-05-20,,0a67bc55-4910-e1c3-03c7-57dbafd76a11,16d8cd0a-ef8e-0d78-871d-c0ea63d63bec,419199007,SNOMED-CT,Allergy to substance (finding),allergy,environment,,,,,,
1962-05-20,,0a67bc55-4910-e1c3-03c7-57dbafd76a11,16d8cd0a-ef8e-0d78-871d-c0ea63d63bec,84489001,SNOMED-CT,Mold (organism),allergy,environment,,,,,,
1983-01-24,,3cccf93b-28d1-4537-ddaa-8ca3ff23b174,12afbab6-09eb-e0ad-c200-64c47ad5a796,419199007,SNOMED-CT,Allergy to substance (finding),allergy,environment,,,,,,
1983-01-24,,3cccf93b-28d1-4537-ddaa-8ca3ff23b174,12afbab6-09eb-e0ad-c200-64c47ad5a796,288328004,SNOMED-CT,Bee venom (substance),allergy,environment,271807003,Eruption of skin (disorder),MODERATE,,,
1983-01-24,,3cccf93b-28d1-4537-ddaa-8ca3ff23b174,12afbab6-09eb-e0ad-c200-64c47ad5a796,84489001,SNOMED-CT,Mold (organism),allergy,environment,,,,,,
1983-01-24,,3cccf93b-28d1-4537-ddaa-8ca3ff23b174,12afbab6-09eb-e0ad-c200-64c47ad5a796,260147004,SNOMED-CT,House dust mite (organism),allergy,environment,,,,,,
1983-01-24,,3cccf93b-28d1-4537-ddaa-8ca3ff23b174,12afbab6-09eb-e0ad-c200-64c47ad5a796,264287008,SNOMED-CT,Animal dander (substance),allergy,environment,271807003,Eruption of skin (disorder),MILD,,,
1983-01-24,,3cccf93b-28d1-4537-ddaa-8ca3ff23b174,12afbab6-09eb-e0ad-c200-64c47ad5a796,256277009,SNOMED-CT,Grass pollen (substance),allergy,environment,,,,,,
1983-01-24,,3cccf93b-28d1-4537-ddaa-8ca3ff23b174,12afbab6-09eb-e0ad-c200-64c47ad5a796,1191,RxNorm,Aspirin,allergy,medication,21522001,Abdominal pain (finding),MODERATE,,,
1956-10-13,,9502451c-d77e-f68d-7de2-f384a3691ce5,af8fff30-21f9-ef9f-13b3-f1461f9295ff,419199007,SNOMED-CT,Allergy to substance (finding),allergy,environment,,,,,,
1956-10-13,,9502451c-d77e-f68d-7de2-f384a3691ce5,af8fff30-21f9-ef9f-13b3-f1461f9295ff,29046,RxNorm,Lisinopril,intolerance,medication,49727002,Cough (finding),MODERATE,,,
1956-10-13,,9502451c-d77e-f68d-7de2-f384a3691ce5,af8fff30-21f9-ef9f-13b3-f1461f9295ff,102263004,SNOMED-CT,Eggs (edible) (substance),allergy,food,247472004,Wheal (finding),MODERATE,,,
1984-07-09,,d404c71f-4ec6-9b55-a6e5-ed29d2da6d47,b116a8bc-4e49-c6e3-a385-31375c539309,419199007,SNOMED-CT,Allergy to substance (finding),allergy,environment,,,,,,
1984-07-09,,d404c71f-4ec6-9b55-a6e5-ed29d2da6d47,b116a8bc-4e49-c6e3-a385-31375c539309,111088007,SNOMED-CT,Latex (substance),allergy,environment,247472004,Wheal (finding),MILD,,,
1984-07-09,,d404c71f-4ec6-9b55-a6e5-ed29d2da6d47,b116a8bc-4e49-c6e3-a385-31375c539309,84489001,SNOMED-CT,Mold (organism),allergy,environment,,,,,,
1984-07-09,,d404c71f-4ec6-9b55-a6e5-ed29d2da6d47,b116a8bc-4e49-c6e3-a385-31375c539309,260147004,SNOMED-CT,House dust mite (organism),allergy,environment,,,,,,
1984-07-09,,d404c71f-4ec6-9b55-a6e5-ed29d2da6d47,b116a8bc-4e49-c6e3-a385-31375c539309,264287008,SNOMED-CT,Animal dander (substance),allergy,environment,878820003,Rhinoconjunctivitis (disorder),MODERATE,247472004,Wheal (finding),MILD
1984-07-09,,d404c71f-4ec6-9b55-a6e5-ed29d2da6d47,b116a8bc-4e49-c6e3-a385-31375c539309,256277009,SNOMED-CT,Grass pollen (substance),allergy,environment,,,,,,
1984-07-09,,d404c71f-4ec6-9b55-a6e5-ed29d2da6d47,b116a8bc-4e49-c6e3-a385-31375c539309,782576004,SNOMED-CT,Tree pollen (substance),allergy,environment,,,,,,
1984-07-09,,d404c71f-4ec6-9b55-a6e5-ed29d2da6d47,b116a8bc-4e49-c6e3-a385-31375c539309,256355007,SNOMED-CT,Glycine max (substance),allergy,food,300359004,Finding of vomiting (finding),MODERATE,,,
1984-07-09,,d404c71f-4ec6-9b55-a6e5-ed29d2da6d47,b116a8bc-4e49-c6e3-a385-31375c539309,442571000124108,SNOMED-CT,Tree nut (substance),allergy,food,271807003,Eruption of skin (disorder),MODERATE,267036007,Dyspnea (finding),MODERATE
1971-11-27,,8843193b-fd2d-8fdc-9d54-bb79f4f3bf1b,1dfed865-14e8-8317-0faa-3267e91a8091,419199007,SNOMED-CT,Allergy to substance (finding),allergy,environment,,,,,,
1971-11-27,,8843193b-fd2d-8fdc-9d54-bb79f4f3bf1b,1dfed865-14e8-8317-0faa-3267e91a8091,84489001,SNOMED-CT,Mold (organism),allergy,environment,,,,,,
1971-11-27,,8843193b-fd2d-8fdc-9d54-bb79f4f3bf1b,1dfed865-14e8-8317-0faa-3267e91a8091,260147004,SNOMED-CT,House dust mite (organism),allergy,environment,,,,,,
1971-11-27,,8843193b-fd2d-8fdc-9d54-bb79f4f3bf1b,1dfed865-14e8-8317-0faa-3267e91a8091,264287008,SNOMED-CT,Animal dander (substance),allergy,environment,878820003,Rhinoconjunctivitis (disorder),MODERATE,49727002,Cough (finding),MODERATE
1971-11-27,,8843193b-fd2d-8fdc-9d54-bb79f4f3bf1b,1dfed865-14e8-8317-0faa-3267e91a8091,256277009,SNOMED-CT,Grass pollen (substance),allergy,environment,,,,,,
1971-11-27,,8843193b-fd2d-8fdc-9d54-bb79f4f3bf1b,1dfed865-14e8-8317-0faa-3267e91a8091,782576004,SNOMED-CT,Tree pollen (substance),allergy,environment,,,,,,
1971-11-27,,8843193b-fd2d-8fdc-9d54-bb79f4f3bf1b,1dfed865-14e8-8317-0faa-3267e91a8091,442571000124108,SNOMED-CT,Tree nut (substance),allergy,food,39579001,Anaphylaxis (disorder),SEVERE,271807003,Eruption of skin (disorder),MODERATE
1994-04-02,,35c642bf-2125-7894-f894-77e926414de7,ed821ede-d7bc-390d-4a18-18fbcf9b2de5,419199007,SNOMED-CT,Allergy to substance (finding),allergy,environment,,,,,,
1994-04-02,,35c642bf-2125-7894-f894-77e926414de7,ed821ede-d7bc-390d-4a18-18fbcf9b2de5,111088007,SNOMED-CT,Latex (substance),allergy,environment,418290006,Itching (finding),MODERATE,247472004,Wheal (finding),MILD
1994-04-02,,35c642bf-2125-7894-f894-77e926414de7,ed821ede-d7bc-390d-4a18-18fbcf9b2de5,84489001,SNOMED-CT,Mold (organism),allergy,environment,,,,,,
1994-04-02,,35c642bf-2125-7894-f894-77e926414de7,ed821ede-d7bc-390d-4a18-18fbcf9b2de5,260147004,SNOMED-CT,House dust mite (organism),allergy,environment,,,,,,
1994-04-02,,35c642bf-2125-7894-f894-77e926414de7,ed821ede-d7bc-390d-4a18-18fbcf9b2de5,264287008,SNOMED-CT,Animal dander (substance),allergy,environment,878820003,Rhinoconjunctivitis (disorder),MODERATE,271807003,Eruption of skin (disorder),MILD
1994-04-02,,35c642bf-2125-7894-f894-77e926414de7,ed821ede-d7bc-390d-4a18-18fbcf9b2de5,256277009,SNOMED-CT,Grass pollen (substance),allergy,environment,,,,,,
1994-04-02,,35c642bf-2125-7894-f894-77e926414de7,ed821ede-d7bc-390d-4a18-18fbcf9b2de5,782576004,SNOMED-CT,Tree pollen (substance),allergy,environment,,,,,,
1994-04-02,,35c642bf-2125-7894-f894-77e926414de7,ed821ede-d7bc-390d-4a18-18fbcf9b2de5,102263004,SNOMED-CT,Eggs (edible) (substance),allergy,food,247472004,Wheal (finding),MODERATE,,,
1994-04-02,,35c642bf-2125-7894-f894-77e926414de7,ed821ede-d7bc-390d-4a18-18fbcf9b2de5,735029006,SNOMED-CT,Shellfish (substance),allergy,food,39579001,Anaphylaxis (disorder),SEVERE,271807003,Eruption of skin (disorder),MODERATE
1986-08-25,,150d5daa-e010-99a2-a57f-d2664bf103f9,1e2560e8-580d-132e-705a-6372776dbe2f,419199007,SNOMED-CT,Allergy to substance (finding),allergy,environment,,,,,,
1986-08-25,,150d5daa-e010-99a2-a57f-d2664bf103f9,1e2560e8-580d-132e-705a-6372776dbe2f,84489001,SNOMED-CT,Mold (organism),allergy,environment,,,,,,
1986-08-25,,150d5daa-e010-99a2-a57f-d2664bf103f9,1e2560e8-580d-132e-705a-6372776dbe2f,260147004,SNOMED-CT,House dust mite (organism),allergy,environment,,,,,,
1986-08-25,,150d5daa-e010-99a2-a57f-d2664bf103f9,1e2560e8-580d-132e-705a-6372776dbe2f,264287008,SNOMED-CT,Animal dander (substance),allergy,environment,878820003,Rhinoconjunctivitis (disorder),MODERATE,271807003,Eruption of skin (disorder),MILD
1986-08-25,,150d5daa-e010-99a2-a57f-d2664bf103f9,1e2560e8-580d-132e-705a-6372776dbe2f,256277009,SNOMED-CT,Grass pollen (substance),allergy,environment,,,,,,
1986-08-25,,150d5daa-e010-99a2-a57f-d2664bf103f9,1e2560e8-580d-132e-705a-6372776dbe2f,782576004,SNOMED-CT,Tree pollen (substance),allergy,environment,,,,,,
2004-05-14,,ce8a493d-89bf-8468-a60e-0366eb5cd81d,f3308da2-fb7c-96ab-2699-3cbd374a7e4c,419199007,SNOMED-CT,Allergy to substance (finding),allergy,environment,,,,,,
2004-05-14,,ce8a493d-89bf-8468-a60e-0366eb5cd81d,f3308da2-fb7c-96ab-2699-3cbd374a7e4c,288328004,SNOMED-CT,Bee venom (substance),allergy,environment,,,,,,
2004-05-14,,ce8a493d-89bf-8468-a60e-0366eb5cd81d,f3308da2-fb7c-96ab-2699-3cbd374a7e4c,84489001,SNOMED-CT,Mold (organism),allergy,environment,76067001,Sneezing (finding),MILD,,,
2004-05-14,,ce8a493d-89bf-8468-a60e-0366eb5cd81d,f3308da2-fb7c-96ab-2699-3cbd374a7e4c,260147004,SNOMED-CT,House dust mite (organism),allergy,environment,,,,,,
2004-05-14,,ce8a493d-89bf-8468-a60e-0366eb5cd81d,f3308da2-fb7c-96ab-2699-3cbd374a7e4c,264287008,SNOMED-CT,Animal dander (substance),allergy,environment,878820003,Rhinoconjunctivitis (disorder),MODERATE,271807003,Eruption of skin (disorder),MILD
2004-05-14,,ce8a493d-89bf-8468-a60e-0366eb5cd81d,f3308da2-fb7c-96ab-2699-3cbd374a7e4c,256277009,SNOMED-CT,Grass pollen (substance),allergy,environment,,,,,,
2004-05-14,,ce8a493d-89bf-8468-a60e-0366eb5cd81d,f3308da2-fb7c-96ab-2699-3cbd374a7e4c,782576004,SNOMED-CT,Tree pollen (substance),allergy,environment,,,,,,
2004-05-14,,ce8a493d-89bf-8468-a60e-0366eb5cd81d,f3308da2-fb7c-96ab-2699-3cbd374a7e4c,412071004,SNOMED-CT,Wheat (substance),allergy,food,271807003,Eruption of skin (disorder),MODERATE,,,
2004-05-14,,ce8a493d-89bf-8468-a60e-0366eb5cd81d,f3308da2-fb7c-96ab-2699-3cbd374a7e4c,735971005,SNOMED-CT,Fish (substance),allergy,food,267036007,Dyspnea (finding),MODERATE,300359004,Finding of vomiting (finding),MILD
1985-12-30,,d234c3ca-609d-e6dc-8a1e-285b0826e097,d848995d-acb3-7af2-7b79-42e94137b2cf,419199007,SNOMED-CT,Allergy to substance (finding),allergy,environment,,,,,,
1985-12-30,,d234c3ca-609d-e6dc-8a1e-285b0826e097,d848995d-acb3-7af2-7b79-42e94137b2cf,264287008,SNOMED-CT,Animal dander (substance),allergy,environment,878820003,Rhinoconjunctivitis (disorder),MODERATE,267036007,Dyspnea (finding),MILD
2012-05-04,,5dbfb36d-a594-c105-aff7-1998e5971ae4,d46bea83-4832-f450-f147-f64f14d5c98a,419199007,SNOMED-CT,Allergy to substance (finding),allergy,environment,,,,,,
2006-06-16,,c74234d2-2a30-2797-310f-9cb8a2fa0347,4dfdfbf9-b314-545f-c2fa-76bf2f43e7a9,419199007,SNOMED-CT,Allergy to substance (finding),allergy,environment,,,,,,
2006-06-16,,c74234d2-2a30-2797-310f-9cb8a2fa0347,4dfdfbf9-b314-545f-c2fa-76bf2f43e7a9,84489001,SNOMED-CT,Mold (organism),allergy,environment,,,,,,
2006-06-16,,c74234d2-2a30-2797-310f-9cb8a2fa0347,4dfdfbf9-b314-545f-c2fa-76bf2f43e7a9,260147004,SNOMED-CT,House dust mite (organism),allergy,environment,,,,,,
2006-06-16,,c74234d2-2a30-2797-310f-9cb8a2fa0347,4dfdfbf9-b314-545f-c2fa-76bf2f43e7a9,264287008,SNOMED-CT,Animal dander (substance),allergy,environment,878820003,Rhinoconjunctivitis (disorder),MODERATE,271807003,Eruption of skin (disorder),MILD
2006-06-16,,c74234d2-2a30-2797-310f-9cb8a2fa0347,4dfdfbf9-b314-545f-c2fa-76bf2f43e7a9,256277009,SNOMED-CT,Grass pollen (substance),allergy,environment,,,,,,
2006-06-16,,c74234d2-2a30-2797-310f-9cb8a2fa0347,4dfdfbf9-b314-545f-c2fa-76bf2f43e7a9,10831,RxNorm,Sulfamethoxazole / Trimethoprim,allergy,medication,247472004,Wheal (finding),MODERATE,,,
2006-06-16,,c74234d2-2a30-2797-310f-9cb8a2fa0347,4dfdfbf9-b314-545f-c2fa-76bf2f43e7a9,1191,RxNorm,Aspirin,allergy,medication,402387002,Allergic angioedema (disorder),MODERATE,,,
2006-06-16,,c74234d2-2a30-2797-310f-9cb8a2fa0347,4dfdfbf9-b314-545f-c2fa-76bf2f43e7a9,3718001,SNOMED-CT,Cow's milk (substance),allergy,food,247472004,Wheal (finding),MILD,,,
2006-06-16,,c74234d2-2a30-2797-310f-9cb8a2fa0347,4dfdfbf9-b314-545f-c2fa-76bf2f43e7a9,762952008,SNOMED-CT,Peanut (substance),allergy,food,247472004,Wheal (finding),MODERATE,402387002,Allergic angioedema (disorder),MODERATE
2013-08-04,,95ab6c4c-432e-dca2-2ad2-cc2e2a82b444,8bdf4443-ea8d-944f-6a6a-cf625e9e9601,419199007,SNOMED-CT,Allergy to substance (finding),allergy,environment,,,,,,
2013-08-04,,95ab6c4c-432e-dca2-2ad2-cc2e2a82b444,8bdf4443-ea8d-944f-6a6a-cf625e9e9601,111088007,SNOMED-CT,Latex (substance),allergy,environment,247472004,Wheal (finding),MILD,,,
2013-08-04,,95ab6c4c-432e-dca2-2ad2-cc2e2a82b444,8bdf4443-ea8d-944f-6a6a-cf625e9e9601,84489001,SNOMED-CT,Mold (organism),allergy,environment,,,,,,
2013-08-04,,95ab6c4c-432e-dca2-2ad2-cc2e2a82b444,8bdf4443-ea8d-944f-6a6a-cf625e9e9601,260147004,SNOMED-CT,House dust mite (organism),allergy,environment,,,,,,
2013-08-04,,95ab6c4c-432e-dca2-2ad2-cc2e2a82b444,8bdf4443-ea8d-944f-6a6a-cf625e9e9601,264287008,SNOMED-CT,Animal dander (substance),allergy,environment,878820003,Rhinoconjunctivitis (disorder),MODERATE,271807003,Eruption of skin (disorder),MILD
2013-08-04,,95ab6c4c-432e-dca2-2ad2-cc2e2a82b444,8bdf4443-ea8d-944f-6a6a-cf625e9e9601,256277009,SNOMED-CT,Grass pollen (substance),allergy,environment,,,,,,
2013-08-04,,95ab6c4c-432e-dca2-2ad2-cc2e2a82b444,8bdf4443-ea8d-944f-6a6a-cf625e9e9601,782576004,SNOMED-CT,Tree pollen (substance),allergy,environment,,,,,,
2013-08-04,,95ab6c4c-432e-dca2-2ad2-cc2e2a82b444,8bdf4443-ea8d-944f-6a6a-cf625e9e9601,3718001,SNOMED-CT,Cow's milk (substance),allergy,food,271807003,Eruption of skin (disorder),MODERATE,62315008,Diarrhea (finding),MILD
2013-08-04,,95ab6c4c-432e-dca2-2ad2-cc2e2a82b444,8bdf4443-ea8d-944f-6a6a-cf625e9e9601,256355007,SNOMED-CT,Glycine max (substance),allergy,food,62315008,Diarrhea (finding),MILD,,,
2013-08-04,,95ab6c4c-432e-dca2-2ad2-cc2e2a82b444,8bdf4443-ea8d-944f-6a6a-cf625e9e9601,412071004,SNOMED-CT,Wheat (substance),allergy,food,271807003,Eruption of skin (disorder),MODERATE,267036007,Dyspnea (finding),MILD
2013-08-04,,95ab6c4c-432e-dca2-2ad2-cc2e2a82b444,8bdf4443-ea8d-944f-6a6a-cf625e9e9601,442571000124108,SNOMED-CT,Tree nut (substance),allergy,food,271807003,Eruption of skin (disorder),MODERATE,402387002,Allergic angioedema (disorder),MODERATE
1969-01-04,,731fa896-81df-6344-7916-ee241c78283c,d3db53c8-7f20-ed1a-56c5-b2d6f997d5d9,419199007,SNOMED-CT,Allergy to substance (finding),allergy,environment,,,,,,
1968-04-06,,82064701-6a45-05aa-60f7-a37cf7189acb,bb0ee807-ad72-0c90-a3d0-907d6d8a2e6d,419199007,SNOMED-CT,Allergy to substance (finding),allergy,environment,,,,,,
1968-04-06,,82064701-6a45-05aa-60f7-a37cf7189acb,bb0ee807-ad72-0c90-a3d0-907d6d8a2e6d,111088007,SNOMED-CT,Latex (substance),allergy,environment,271807003,Eruption of skin (disorder),MILD,247472004,Wheal (finding),MILD
1968-04-06,,82064701-6a45-05aa-60f7-a37cf7189acb,bb0ee807-ad72-0c90-a3d0-907d6d8a2e6d,84489001,SNOMED-CT,Mold (organism),allergy,environment,,,,,,
1968-04-06,,82064701-6a45-05aa-60f7-a37cf7189acb,bb0ee807-ad72-0c90-a3d0-907d6d8a2e6d,260147004,SNOMED-CT,House dust mite (organism),allergy,environment,,,,,,
1968-04-06,,82064701-6a45-05aa-60f7-a37cf7189acb,bb0ee807-ad72-0c90-a3d0-907d6d8a2e6d,264287008,SNOMED-CT,Animal dander (substance),allergy,environment,878820003,Rhinoconjunctivitis (disorder),MODERATE,271807003,Eruption of skin (disorder),MILD
1968-04-06,,82064701-6a45-05aa-60f7-a37cf7189acb,bb0ee807-ad72-0c90-a3d0-907d6d8a2e6d,256277009,SNOMED-CT,Grass pollen (substance),allergy,environment,,,,,,
1968-04-06,,82064701-6a45-05aa-60f7-a37cf7189acb,bb0ee807-ad72-0c90-a3d0-907d6d8a2e6d,782576004,SNOMED-CT,Tree pollen (substance),allergy,environment,,,,,,
1968-04-06,,82064701-6a45-05aa-60f7-a37cf7189acb,bb0ee807-ad72-0c90-a3d0-907d6d8a2e6d,7984,RxNorm,Penicillin V,allergy,medication,271807003,Eruption of skin (disorder),MILD,,,
1968-04-06,,82064701-6a45-05aa-60f7-a37cf7189acb,bb0ee807-ad72-0c90-a3d0-907d6d8a2e6d,735029006,SNOMED-CT,Shellfish (substance),allergy,food,247472004,Wheal (finding),MILD,418290006,Itching (finding),MILD
1968-04-06,,82064701-6a45-05aa-60f7-a37cf7189acb,bb0ee807-ad72-0c90-a3d0-907d6d8a2e6d,735971005,SNOMED-CT,Fish (substance),allergy,food,267036007,Dyspnea (finding),MODERATE,271807003,Eruption of skin (disorder),MILD
1954-05-22,,62818a64-6412-622f-dac1-bba4a09cdb7c,e24ec703-240f-7ba4-80f4-23ffb324b783,419199007,SNOMED-CT,Allergy to substance (finding),allergy,environment,,,,,,
1954-05-22,,62818a64-6412-622f-dac1-bba4a09cdb7c,e24ec703-240f-7ba4-80f4-23ffb324b783,7984,RxNorm,Penicillin V,allergy,medication,271807003,Eruption of skin (disorder),MILD,247472004,Wheal (finding),MILD
