START,STOP,PATIENT,ENCOUNTER,CODE,SYSTEM,DESCRIPTION,TYPE,CATEGORY,REACTION1,DESCRIPTION1,SEVERITY1,REACTION2,DESCRIPTION2,SEVERITY2
2000-06-07,,9496e458-ca96-f45e-4be8-157b343222bc,032a6e57-d572-25cd-668f-b65b280856d0,419199007,SNOMED-CT,Allergy to substance (finding),allergy,environment,,,,,,
2000-06-07,,9496e458-ca96-f45e-4be8-157b343222bc,032a6e57-d572-25cd-668f-b65b280856d0,84489001,SNOMED-CT,Mold (organism),allergy,environment,21626009,Allergic skin rash,MILD,,,
2000-06-07,,9496e458-ca96-f45e-4be8-157b343222bc,032a6e57-d572-25cd-668f-b65b280856d0,260147004,SNOMED-CT,House dust mite (organism),allergy,environment,,,,,,
2000-06-07,,9496e458-ca96-f45e-4be8-157b343222bc,032a6e57-d572-25cd-668f-b65b280856d0,264287008,SNOMED-CT,Animal dander (substance),allergy,environment,878820003,Rhinoconjunctivitis (disorder),MODERATE,247472004,Wheal (finding),MILD
2000-06-07,,9496e458-ca96-f45e-4be8-157b343222bc,032a6e57-d572-25cd-668f-b65b280856d0,256277009,SNOMED-CT,Grass pollen (substance),allergy,environment,,,,,,
2000-06-07,,9496e458-ca96-f45e-4be8-157b343222bc,032a6e57-d572-25cd-668f-b65b280856d0,29046,RxNorm,Lisinopril,intolerance,medication,49727002,Cough (finding),MODERATE,,,
2000-06-07,,9496e458-ca96-f45e-4be8-157b343222bc,032a6e57-d572-25cd-668f-b65b280856d0,3718001,SNOMED-CT,Cow's milk (substance),allergy,food,300359004,Finding of vomiting (finding),MODERATE,,,
2000-06-07,,9496e458-ca96-f45e-4be8-157b343222bc,032a6e57-d572-25cd-668f-b65b280856d0,102263004,SNOMED-CT,Eggs (edible) (substance),allergy,food,247472004,Wheal (finding),MODERATE,,,
2000-06-07,,9496e458-ca96-f45e-4be8-157b343222bc,032a6e57-d572-25cd-668f-b65b280856d0,412071004,SNOMED-CT,Wheat (substance),allergy,food,,,,,,
1935-03-09,,315e20f2-84de-4f9a-6f88-7c8234af92f8,c22ec0ed-1943-1803-5615-6b597c1ca5ee,419199007,SNOMED-CT,Allergy to substance (finding),allergy,environment,,,,,,
1935-03-09,,315e20f2-84de-4f9a-6f88-7c8234af92f8,c22ec0ed-1943-1803-5615-6b597c1ca5ee,412071004,SNOMED-CT,Wheat (substance),allergy,food,,,,,,
1998-11-02,,6cafd6ca-d909-e5fc-1f73-f562ff4265dc,3e83cb58-415d-da18-2bf7-57f2b37c64bc,419199007,SNOMED-CT,Allergy to substance (finding),allergy,environment,,,,,,
1998-11-02,,6cafd6ca-d909-e5fc-1f73-f562ff4265dc,3e83cb58-415d-da18-2bf7-57f2b37c64bc,288328004,SNOMED-CT,Bee venom (substance),allergy,environment,271807003,Eruption of skin (disorder),MODERATE,,,
1998-11-02,,6cafd6ca-d909-e5fc-1f73-f562ff4265dc,3e83cb58-415d-da18-2bf7-57f2b37c64bc,84489001,SNOMED-CT,Mold (organism),allergy,environment,,,,,,
1998-11-02,,6cafd6ca-d909-e5fc-1f73-f562ff4265dc,3e83cb58-415d-da18-2bf7-57f2b37c64bc,260147004,SNOMED-CT,House dust mite (organism),allergy,environment,,,,,,
1998-11-02,,6cafd6ca-d909-e5fc-1f73-f562ff4265dc,3e83cb58-415d-da18-2bf7-57f2b37c64bc,264287008,SNOMED-CT,Animal dander (substance),allergy,environment,271807003,Eruption of skin (disorder),MILD,247472004,Wheal (finding),MILD
1998-11-02,,6cafd6ca-d909-e5fc-1f73-f562ff4265dc,3e83cb58-415d-da18-2bf7-57f2b37c64bc,256277009,SNOMED-CT,Grass pollen (substance),allergy,environment,,,,,,
1998-11-02,,6cafd6ca-d909-e5fc-1f73-f562ff4265dc,3e83cb58-415d-da18-2bf7-57f2b37c64bc,782576004,SNOMED-CT,Tree pollen (substance),allergy,environment,,,,,,
1998-11-02,,6cafd6ca-d909-e5fc-1f73-f562ff4265dc,3e83cb58-415d-da18-2bf7-57f2b37c64bc,1191,RxNorm,Aspirin,allergy,medication,21522001,Abdominal pain (finding),MODERATE,,,
1998-11-02,,6cafd6ca-d909-e5fc-1f73-f562ff4265dc,3e83cb58-415d-da18-2bf7-57f2b37c64bc,762952008,SNOMED-CT,Peanut (substance),allergy,food,39579001,Anaphylaxis (disorder),SEVERE,402387002,Allergic angioedema (disorder),MODERATE
1974-11-11,,33875374-667e-bd66-d52f-29febd846824,4cc8ff73-a2c6-7b69-1caa-f6f96cbff43b,419199007,SNOMED-CT,Allergy to substance (finding),allergy,environment,,,,,,
1997-08-11,,56405403-df4d-00b2-a388-5941883b4861,666bb046-5d4a-a15d-09fa-daee4ddfbff7,419199007,SNOMED-CT,Allergy to substance (finding),allergy,environment,,,,,,
1997-08-11,,56405403-df4d-00b2-a388-5941883b4861,666bb046-5d4a-a15d-09fa-daee4ddfbff7,782576004,SNOMED-CT,Tree pollen (substance),allergy,environment,,,,,,
2010-07-08,,91caddeb-dcda-ef0e-1b1a-d031944cb274,052a4fbe-317d-b0c1-c835-342c395fb3e5,419199007,SNOMED-CT,Allergy to substance (finding),allergy,environment,,,,,,
2010-07-08,,91caddeb-dcda-ef0e-1b1a-d031944cb274,052a4fbe-317d-b0c1-c835-342c395fb3e5,762952008,SNOMED-CT,Peanut (substance),allergy,food,402387002,Allergic angioedema (disorder),MODERATE,267036007,Dyspnea (finding),MILD
2001-03-28,,56a8f7a6-d9c2-c8ed-11f2-3d41b9549e58,7891befa-2038-5943-9242-9d71afeb8c6a,419199007,SNOMED-CT,Allergy to substance (finding),allergy,environment,,,,,,
2001-03-28,,56a8f7a6-d9c2-c8ed-11f2-3d41b9549e58,7891befa-2038-5943-9242-9d71afeb8c6a,84489001,SNOMED-CT,Mold (organism),allergy,environment,76067001,Sneezing,MILD,,,
2001-03-28,,56a8f7a6-d9c2-c8ed-11f2-3d41b9549e58,7891befa-2038-5943-9242-9d71afeb8c6a,1191,RxNorm,Aspirin,allergy,medication,21522001,Abdominal pain (finding),MODERATE,,,
2023-04-23,,c25bfe42-17e6-c63c-1e11-5dcd67c52500,fdfbf0ba-66aa-edc3-4d03-ba1cfbb2b7f4,419199007,SNOMED-CT,Allergy to substance (finding),allergy,environment,,,,,,
2023-04-23,,c25bfe42-17e6-c63c-1e11-5dcd67c52500,fdfbf0ba-66aa-edc3-4d03-ba1cfbb2b7f4,1191,RxNorm,Aspirin,allergy,medication,247472004,Wheal (finding),MODERATE,21522001,Abdominal pain (finding),MODERATE
2005-11-18,,1ea45ce7-a368-e05a-419e-4c4e50509186,11b00c61-8c6e-ecd7-1291-b196a805f4aa,419199007,SNOMED-CT,Allergy to substance (finding),allergy,environment,,,,,,
2005-11-18,,1ea45ce7-a368-e05a-419e-4c4e50509186,11b00c61-8c6e-ecd7-1291-b196a805f4aa,84489001,SNOMED-CT,Mold (organism),allergy,environment,21626009,Allergic skin rash,MILD,,,
2005-11-18,,1ea45ce7-a368-e05a-419e-4c4e50509186,11b00c61-8c6e-ecd7-1291-b196a805f4aa,260147004,SNOMED-CT,House dust mite (organism),allergy,environment,,,,,,
2005-11-18,,1ea45ce7-a368-e05a-419e-4c4e50509186,11b00c61-8c6e-ecd7-1291-b196a805f4aa,264287008,SNOMED-CT,Animal dander (substance),allergy,environment,,,,,,
2005-11-18,,1ea45ce7-a368-e05a-419e-4c4e50509186,11b00c61-8c6e-ecd7-1291-b196a805f4aa,256277009,SNOMED-CT,Grass pollen (substance),allergy,environment,,,,,,
2005-11-18,,1ea45ce7-a368-e05a-419e-4c4e50509186,11b00c61-8c6e-ecd7-1291-b196a805f4aa,782576004,SNOMED-CT,Tree pollen (substance),allergy,environment,,,,,,
2005-11-18,,1ea45ce7-a368-e05a-419e-4c4e50509186,11b00c61-8c6e-ecd7-1291-b196a805f4aa,735029006,SNOMED-CT,Shellfish (substance),allergy,food,39579001,Anaphylaxis (disorder),SEVERE,271807003,Eruption of skin (disorder),MODERATE
1967-09-05,,a334b27f-0e5c-a05a-8ebc-24ef9949d183,acc3e189-5563-fdd2-41d3-a67cfa131577,419199007,SNOMED-CT,Allergy to substance (finding),allergy,environment,,,,,,
1967-09-05,,a334b27f-0e5c-a05a-8ebc-24ef9949d183,acc3e189-5563-fdd2-41d3-a67cfa131577,735029006,SNOMED-CT,Shellfish (substance),allergy,food,271807003,Eruption of skin (disorder),MODERATE,422587007,Nausea (finding),MODERATE
1984-02-15,,0ecd02d7-5740-db7b-005e-97993afa23a1,4cd601ea-9af6-bdb2-3b76-24cc58580eda,419199007,SNOMED-CT,Allergy to substance (finding),allergy,environment,,,,,,
1984-02-15,,0ecd02d7-5740-db7b-005e-97993afa23a1,4cd601ea-9af6-bdb2-3b76-24cc58580eda,111088007,SNOMED-CT,Latex (substance),allergy,environment,247472004,Wheal (finding),MILD,,,
1984-02-15,,0ecd02d7-5740-db7b-005e-97993afa23a1,4cd601ea-9af6-bdb2-3b76-24cc58580eda,288328004,SNOMED-CT,Bee venom (substance),allergy,environment,,,,,,
1984-02-15,,0ecd02d7-5740-db7b-005e-97993afa23a1,4cd601ea-9af6-bdb2-3b76-24cc58580eda,84489001,SNOMED-CT,Mold (organism),allergy,environment,21626009,Allergic skin rash,MILD,76067001,Sneezing,MILD
1984-02-15,,0ecd02d7-5740-db7b-005e-97993afa23a1,4cd601ea-9af6-bdb2-3b76-24cc58580eda,264287008,SNOMED-CT,Animal dander (substance),allergy,environment,878820003,Rhinoconjunctivitis (disorder),MODERATE,267036007,Dyspnea (finding),MILD
1984-02-15,,0ecd02d7-5740-db7b-005e-97993afa23a1,4cd601ea-9af6-bdb2-3b76-24cc58580eda,782576004,SNOMED-CT,Tree pollen (substance),allergy,environment,,,,,,
1984-02-15,,0ecd02d7-5740-db7b-005e-97993afa23a1,4cd601ea-9af6-bdb2-3b76-24cc58580eda,102263004,SNOMED-CT,Eggs (edible) (substance),allergy,food,247472004,Wheal (finding),MODERATE,,,
1984-02-15,,0ecd02d7-5740-db7b-005e-97993afa23a1,4cd601ea-9af6-bdb2-3b76-24cc58580eda,412071004,SNOMED-CT,Wheat (substance),allergy,food,,,,,,
1984-02-15,,0ecd02d7-5740-db7b-005e-97993afa23a1,4cd601ea-9af6-bdb2-3b76-24cc58580eda,735029006,SNOMED-CT,Shellfish (substance),allergy,food,402387002,Allergic angioedema (disorder),MODERATE,247472004,Wheal (finding),MILD
2010-09-28,,735e991d-fdf1-77bf-8841-f5897bfaac72,45dba0a9-b757-8219-fb94-0c73cdf2a757,419199007,SNOMED-CT,Allergy to substance (finding),allergy,environment,,,,,,
2010-09-28,,735e991d-fdf1-77bf-8841-f5897bfaac72,45dba0a9-b757-8219-fb94-0c73cdf2a757,782576004,SNOMED-CT,Tree pollen (substance),allergy,environment,,,,,,
2011-07-15,,a9a19843-448e-a01e-de26-6051dfb99eb2,dc661101-91b7-130c-242f-844790c1849f,419199007,SNOMED-CT,Allergy to substance (finding),allergy,environment,,,,,,
2011-07-15,,a9a19843-448e-a01e-de26-6051dfb99eb2,dc661101-91b7-130c-242f-844790c1849f,84489001,SNOMED-CT,Mold (organism),allergy,environment,267101005,Nose running,MILD,,,
2011-07-15,,a9a19843-448e-a01e-de26-6051dfb99eb2,dc661101-91b7-130c-242f-844790c1849f,260147004,SNOMED-CT,House dust mite (organism),allergy,environment,,,,,,
2011-07-15,,a9a19843-448e-a01e-de26-6051dfb99eb2,dc661101-91b7-130c-242f-844790c1849f,264287008,SNOMED-CT,Animal dander (substance),allergy,environment,878820003,Rhinoconjunctivitis (disorder),MODERATE,271807003,Eruption of skin (disorder),MILD
2011-07-15,,a9a19843-448e-a01e-de26-6051dfb99eb2,dc661101-91b7-130c-242f-844790c1849f,256277009,SNOMED-CT,Grass pollen (substance),allergy,environment,,,,,,
2011-07-15,,a9a19843-448e-a01e-de26-6051dfb99eb2,dc661101-91b7-130c-242f-844790c1849f,3718001,SNOMED-CT,Cow's milk (substance),allergy,food,247472004,Wheal (finding),MILD,62315008,Diarrhea (finding),MILD
2011-07-15,,a9a19843-448e-a01e-de26-6051dfb99eb2,dc661101-91b7-130c-242f-844790c1849f,102263004,SNOMED-CT,Eggs (edible) (substance),allergy,food,271807003,Eruption of skin (disorder),MODERATE,,,
2004-01-28,,c3e9baa2-db08-6a91-3bd2-af937b25942f,6711ad90-ed9f-b23c-6cd0-43df4162401f,419199007,SNOMED-CT,Allergy to substance (finding),allergy,environment,,,,,,
2004-01-28,,c3e9baa2-db08-6a91-3bd2-af937b25942f,6711ad90-ed9f-b23c-6cd0-43df4162401f,84489001,SNOMED-CT,Mold (organism),allergy,environment,,,,,,
2018-02-07,,d556b90a-f98f-413d-c753-603ad620f332,0d48ca40-f778-fac8-03bd-907d9b2b6acf,419199007,SNOMED-CT,Allergy to substance (finding),allergy,environment,,,,,,
2018-02-07,,d556b90a-f98f-413d-c753-603ad620f332,0d48ca40-f778-fac8-03bd-907d9b2b6acf,1191,RxNorm,Aspirin,allergy,medication,,,,,,
1953-10-10,,47178e75-b2e5-e8a9-01b7-c3c665088136,2cdc320f-b135-9c57-5080-3395f9cf6d13,419199007,SNOMED-CT,Allergy to substance (finding),allergy,environment,,,,,,
1953-10-10,,47178e75-b2e5-e8a9-01b7-c3c665088136,2cdc320f-b135-9c57-5080-3395f9cf6d13,1191,RxNorm,Aspirin,allergy,medication,39579001,Anaphylaxis (disorder),SEVERE,,,
1957-04-27,,9480094e-d80a-7d09-3ad7-1a05dbf34b92,b017cf97-111f-d380-e82c-36070968894e,419199007,SNOMED-CT,Allergy to substance (finding),allergy,environment,,,,,,
1957-04-27,,9480094e-d80a-7d09-3ad7-1a05dbf34b92,b017cf97-111f-d380-e82c-36070968894e,7984,RxNorm,Penicillin V,allergy,medication,,,,,,
1974-09-15,,4a7601cb-7994-8243-0a4c-0cd5e65134b5,3e958f1d-a698-ca7a-0e86-51111db639eb,419199007,SNOMED-CT,Allergy to substance (finding),allergy,environment,,,,,,
1974-09-15,,4a7601cb-7994-8243-0a4c-0cd5e65134b5,3e958f1d-a698-ca7a-0e86-51111db639eb,5640,RxNorm,Ibuprofen,allergy,medication,247472004,Wheal (finding),MODERATE,878820003,Rhinoconjunctivitis (disorder),MODERATE
1974-09-15,,4a7601cb-7994-8243-0a4c-0cd5e65134b5,3e958f1d-a698-ca7a-0e86-51111db639eb,1191,RxNorm,Aspirin,allergy,medication,,,,,,
1974-09-15,,4a7601cb-7994-8243-0a4c-0cd5e65134b5,3e958f1d-a698-ca7a-0e86-51111db639eb,256355007,SNOMED-CT,Soy bean,allergy,food,300359004,Finding of vomiting (finding),MODERATE,62315008,Diarrhea (finding),MILD
1972-11-29,,c9dcc1ac-86b5-9e58-41a8-3f93ca817185,75dc60f0-c81b-4791-42bd-aef23e907b3e,419199007,SNOMED-CT,Allergy to substance (finding),allergy,environment,,,,,,
1972-11-29,,c9dcc1ac-86b5-9e58-41a8-3f93ca817185,75dc60f0-c81b-4791-42bd-aef23e907b3e,111088007,SNOMED-CT,Latex (substance),allergy,environment,247472004,Wheal (finding),MILD,,,
1972-11-29,,c9dcc1ac-86b5-9e58-41a8-3f93ca817185,75dc60f0-c81b-4791-42bd-aef23e907b3e,84489001,SNOMED-CT,Mold (organism),allergy,environment,76067001,Sneezing,MILD,56018004,Wheezing,MILD
1972-11-29,,c9dcc1ac-86b5-9e58-41a8-3f93ca817185,75dc60f0-c81b-4791-42bd-aef23e907b3e,260147004,SNOMED-CT,House dust mite (organism),allergy,environment,,,,,,
1972-11-29,,c9dcc1ac-86b5-9e58-41a8-3f93ca817185,75dc60f0-c81b-4791-42bd-aef23e907b3e,264287008,SNOMED-CT,Animal dander (substance),allergy,environment,878820003,Rhinoconjunctivitis (disorder),MODERATE,247472004,Wheal (finding),MILD
1972-11-29,,c9dcc1ac-86b5-9e58-41a8-3f93ca817185,75dc60f0-c81b-4791-42bd-aef23e907b3e,256277009,SNOMED-CT,Grass pollen (substance),allergy,environment,,,,,,
1972-11-29,,c9dcc1ac-86b5-9e58-41a8-3f93ca817185,75dc60f0-c81b-4791-42bd-aef23e907b3e,782576004,SNOMED-CT,Tree pollen (substance),allergy,environment,,,,,,
1972-11-29,,c9dcc1ac-86b5-9e58-41a8-3f93ca817185,75dc60f0-c81b-4791-42bd-aef23e907b3e,29046,RxNorm,Lisinopril,intolerance,medication,,,,,,
1972-11-29,,c9dcc1ac-86b5-9e58-41a8-3f93ca817185,75dc60f0-c81b-4791-42bd-aef23e907b3e,735029006,SNOMED-CT,Shellfish (substance),allergy,food,271807003,Eruption of skin (disorder),MODERATE,267036007,Dyspnea (finding),MILD
1972-11-29,,c9dcc1ac-86b5-9e58-41a8-3f93ca817185,75dc60f0-c81b-4791-42bd-aef23e907b3e,735971005,SNOMED-CT,Fish (substance),allergy,food,267036007,Dyspnea (finding),MODERATE,878820003,Rhinoconjunctivitis (disorder),MILD
1952-07-01,,492e8985-1419-c929-1c3a-1ef74c87aa8b,e7c29120-43b6-26a8-5a88-93d8c371cb6e,419199007,SNOMED-CT,Allergy to substance (finding),allergy,environment,,,,,,
1952-07-01,,492e8985-1419-c929-1c3a-1ef74c87aa8b,e7c29120-43b6-26a8-5a88-93d8c371cb6e,84489001,SNOMED-CT,Mold (organism),allergy,environment,21626009,Allergic skin rash,MILD,,,
1952-07-01,,492e8985-1419-c929-1c3a-1ef74c87aa8b,e7c29120-43b6-26a8-5a88-93d8c371cb6e,264287008,SNOMED-CT,Animal dander (substance),allergy,environment,49727002,Cough (finding),MODERATE,247472004,Wheal (finding),MILD
1952-07-01,,492e8985-1419-c929-1c3a-1ef74c87aa8b,e7c29120-43b6-26a8-5a88-93d8c371cb6e,782576004,SNOMED-CT,Tree pollen (substance),allergy,environment,,,,,,
1952-07-01,,492e8985-1419-c929-1c3a-1ef74c87aa8b,e7c29120-43b6-26a8-5a88-93d8c371cb6e,3718001,SNOMED-CT,Cow's milk (substance),allergy,food,247472004,Wheal (finding),MILD,,,
1952-07-01,,492e8985-1419-c929-1c3a-1ef74c87aa8b,e7c29120-43b6-26a8-5a88-93d8c371cb6e,102263004,SNOMED-CT,Eggs (edible) (substance),allergy,food,,,,,,
1952-07-01,,492e8985-1419-c929-1c3a-1ef74c87aa8b,e7c29120-43b6-26a8-5a88-93d8c371cb6e,762952008,SNOMED-CT,Peanut (substance),allergy,food,62315008,Diarrhea (finding),MILD,271807003,Eruption of skin (disorder),MILD
1943-12-26,,1cbc86b7-7d98-674f-c372-5f705f853884,cdf9093a-f5be-e54d-df4e-e95f26672f43,419199007,SNOMED-CT,Allergy to substance (finding),allergy,environment,,,,,,
1943-12-26,,1cbc86b7-7d98-674f-c372-5f705f853884,cdf9093a-f5be-e54d-df4e-e95f26672f43,111088007,SNOMED-CT,Latex (substance),allergy,environment,418290006,Itching (finding),MODERATE,,,
1943-12-26,,1cbc86b7-7d98-674f-c372-5f705f853884,cdf9093a-f5be-e54d-df4e-e95f26672f43,288328004,SNOMED-CT,Bee venom (substance),allergy,environment,,,,,,
1943-12-26,,1cbc86b7-7d98-674f-c372-5f705f853884,cdf9093a-f5be-e54d-df4e-e95f26672f43,84489001,SNOMED-CT,Mold (organism),allergy,environment,,,,,,
1943-12-26,,1cbc86b7-7d98-674f-c372-5f705f853884,cdf9093a-f5be-e54d-df4e-e95f26672f43,264287008,SNOMED-CT,Animal dander (substance),allergy,environment,267036007,Dyspnea (finding),MILD,271807003,Eruption of skin (disorder),MILD
1943-12-26,,1cbc86b7-7d98-674f-c372-5f705f853884,cdf9093a-f5be-e54d-df4e-e95f26672f43,256277009,SNOMED-CT,Grass pollen (substance),allergy,environment,,,,,,
1943-12-26,,1cbc86b7-7d98-674f-c372-5f705f853884,cdf9093a-f5be-e54d-df4e-e95f26672f43,735029006,SNOMED-CT,Shellfish (substance),allergy,food,39579001,Anaphylaxis (disorder),SEVERE,271807003,Eruption of skin (disorder),MODERATE
2019-02-10,,04fa52cd-5143-6d04-62cc-c2bfa70ac03e,87922f04-9733-29f2-5473-c2c0a4c7889f,419199007,SNOMED-CT,Allergy to substance (finding),allergy,environment,,,,,,
2019-02-10,,04fa52cd-5143-6d04-62cc-c2bfa70ac03e,87922f04-9733-29f2-5473-c2c0a4c7889f,111088007,SNOMED-CT,Latex (substance),allergy,environment,418290006,Itching (finding),MODERATE,402387002,Allergic angioedema (disorder),MODERATE
2019-02-10,,04fa52cd-5143-6d04-62cc-c2bfa70ac03e,87922f04-9733-29f2-5473-c2c0a4c7889f,84489001,SNOMED-CT,Mold (organism),allergy,environment,,,,,,
2019-02-10,,04fa52cd-5143-6d04-62cc-c2bfa70ac03e,87922f04-9733-29f2-5473-c2c0a4c7889f,260147004,SNOMED-CT,House dust mite (organism),allergy,environment,,,,,,
2019-02-10,,04fa52cd-5143-6d04-62cc-c2bfa70ac03e,87922f04-9733-29f2-5473-c2c0a4c7889f,264287008,SNOMED-CT,Animal dander (substance),allergy,environment,878820003,Rhinoconjunctivitis (disorder),MODERATE,247472004,Wheal (finding),MILD
2019-02-10,,04fa52cd-5143-6d04-62cc-c2bfa70ac03e,87922f04-9733-29f2-5473-c2c0a4c7889f,256277009,SNOMED-CT,Grass pollen (substance),allergy,environment,,,,,,
2019-02-10,,04fa52cd-5143-6d04-62cc-c2bfa70ac03e,87922f04-9733-29f2-5473-c2c0a4c7889f,735971005,SNOMED-CT,Fish (substance),allergy,food,878820003,Rhinoconjunctivitis (disorder),MILD,271807003,Eruption of skin (disorder),MILD
1973-04-18,,5774c95d-daf1-e4a3-7027-836f5e7ba6e3,5df719d4-574d-f6c4-fe34-58eab80a15c2,419199007,SNOMED-CT,Allergy to substance (finding),allergy,environment,,,,,,
1973-04-18,,5774c95d-daf1-e4a3-7027-836f5e7ba6e3,5df719d4-574d-f6c4-fe34-58eab80a15c2,111088007,SNOMED-CT,Latex (substance),allergy,environment,,,,,,
1973-04-18,,5774c95d-daf1-e4a3-7027-836f5e7ba6e3,5df719d4-574d-f6c4-fe34-58eab80a15c2,288328004,SNOMED-CT,Bee venom (substance),allergy,environment,,,,,,
1973-04-18,,5774c95d-daf1-e4a3-7027-836f5e7ba6e3,5df719d4-574d-f6c4-fe34-58eab80a15c2,84489001,SNOMED-CT,Mold (organism),allergy,environment,267101005,Nose running,MILD,,,
1973-04-18,,5774c95d-daf1-e4a3-7027-836f5e7ba6e3,5df719d4-574d-f6c4-fe34-58eab80a15c2,260147004,SNOMED-CT,House dust mite (organism),allergy,environment,,,,,,
1973-04-18,,5774c95d-daf1-e4a3-7027-836f5e7ba6e3,5df719d4-574d-f6c4-fe34-58eab80a15c2,264287008,SNOMED-CT,Animal dander (substance),allergy,environment,271807003,Eruption of skin (disorder),MILD,,,
1973-04-18,,5774c95d-daf1-e4a3-7027-836f5e7ba6e3,5df719d4-574d-f6c4-fe34-58eab80a15c2,256277009,SNOMED-CT,Grass pollen (substance),allergy,environment,,,,,,
1973-04-18,,5774c95d-daf1-e4a3-7027-836f5e7ba6e3,5df719d4-574d-f6c4-fe34-58eab80a15c2,782576004,SNOMED-CT,Tree pollen (substance),allergy,environment,,,,,,
1973-04-18,,5774c95d-daf1-e4a3-7027-836f5e7ba6e3,5df719d4-574d-f6c4-fe34-58eab80a15c2,412071004,SNOMED-CT,Wheat (substance),allergy,food,,,,,,
1973-04-18,,5774c95d-daf1-e4a3-7027-836f5e7ba6e3,5df719d4-574d-f6c4-fe34-58eab80a15c2,442571000124108,SNOMED-CT,Tree nut (substance),allergy,food,39579001,Anaphylaxis (disorder),SEVERE,247472004,Wheal (finding),MODERATE
