Id,START,STOP,PATIENT,ENCOUNTER,CODE,DESCRIPTION,REASONCODE,REASONDESCRIPTION
582ccb57-d822-0cba-ee01-411e9207241e,2016-01-08,2016-02-27,ddf9fae2-2222-531d-8c74-5fff1b88893d,3cc81392-288b-737d-e669-69ccdff24d94,47387005,Head injury rehabilitation,62106007,Concussion with no loss of consciousness
b8f6c22c-aa4a-3b98-cd8b-8801b34547fa,2018-01-22,2018-03-09,ddf9fae2-2222-531d-8c74-5fff1b88893d,fdaac342-6e88-9ce8-0dd4-f98812aeaa9f,408869004,Musculoskeletal care,,
4d3fbaa9-61f8-581e-0007-521c3b0af801,2020-08-11,,ddf9fae2-2222-531d-8c74-5fff1b88893d,413bf18e-9042-d714-8947-9dabae18b636,443402002,Lifestyle education regarding hypertension,59621000,Essential hypertension (disorder)
218703ab-4d51-3303-fb9c-c65ae3dc2561,2020-12-05,2020-12-05,ddf9fae2-2222-531d-8c74-5fff1b88893d,93697c84-3dbd-a620-77f7-7f3a62ea710a,736376001,Infectious disease care plan (record artifact),,
3566ea60-d11e-5521-f0fa-4bf7bba09204,2020-12-05,2020-12-22,ddf9fae2-2222-531d-8c74-5fff1b88893d,93697c84-3dbd-a620-77f7-7f3a62ea710a,736376001,Infectious disease care plan (record artifact),,
3d188fc6-7916-f22e-c2b1-5cb32a217ffe,2003-01-08,,22fea301-6d15-aaf6-6ce2-f298b14fe0a6,693cfa30-6897-8a02-ae48-e9f6de296123,384758001,Self-care interventions (procedure),,
2aff3db2-e4c5-0001-a0ac-19ae484d8d5f,2005-06-18,,22fea301-6d15-aaf6-6ce2-f298b14fe0a6,4ffd35f9-81bb-7a27-fc40-1f5e791bd4c3,699728000,Asthma self management,233678006,Childhood asthma
ab9111ff-0549-54ca-47ad-5bc8262a0608,2013-06-29,2017-09-19,22fea301-6d15-aaf6-6ce2-f298b14fe0a6,84cc28c4-e911-bb60-2980-716daee508c3,170836005,Allergic disorder monitoring,,
10b92b00-7a7e-4a04-3907-1414c4c5e3d1,2016-01-23,2016-08-06,22fea301-6d15-aaf6-6ce2-f298b14fe0a6,b2586abb-797e-ebb0-9369-23fd968a6915,53950000,Respiratory therapy,,
778e4a7f-698f-9efc-71f1-e6626b1a79d1,2017-08-12,,22fea301-6d15-aaf6-6ce2-f298b14fe0a6,3e9b9b0b-e2e7-fbba-a1e7-d8a6f0032d3c,718361005,Weight management program,,
3ca366ae-9f7b-20a3-acb4-89f97ed484e8,2018-07-30,2018-09-12,22fea301-6d15-aaf6-6ce2-f298b14fe0a6,c2b46c75-0992-1319-280a-bfb6c90148d1,276239002,Therapy (regime/therapy),,
37859269-4f13-6940-6fb9-c350d3497af6,2018-10-12,,22fea301-6d15-aaf6-6ce2-f298b14fe0a6,608a1b59-fb6f-39de-6dd0-ba61845e12a3,276239002,Therapy (regime/therapy),,
6663049b-a723-2327-17d8-c441e65506db,2022-02-19,2022-09-17,22fea301-6d15-aaf6-6ce2-f298b14fe0a6,682ce4e3-fe44-19ee-28e2-ff9c8f8fc449,134435003,Routine antenatal care,,
82a0495a-43af-b7a2-9651-3c6fbc951bde,2020-10-11,2020-10-11,d6d87c17-ef5e-257e-aa87-efb162e07ceb,6748050e-06d7-4b82-7ebb-9ca914853d0f,736376001,Infectious disease care plan (record artifact),,
55a32385-695e-ca62-c62b-052e123e9193,2020-10-11,2020-10-27,d6d87c17-ef5e-257e-aa87-efb162e07ceb,6748050e-06d7-4b82-7ebb-9ca914853d0f,736376001,Infectious disease care plan (record artifact),,
fbfba3e4-69ba-09cc-a9c1-e06e01a08386,2022-06-07,2022-07-05,d6d87c17-ef5e-257e-aa87-efb162e07ceb,df2a70be-788e-40c3-e979-43a0f5872a7a,53950000,Respiratory therapy,,
a8d68f13-cbbc-0e7b-ce72-bfe3d7480255,2022-06-14,2022-08-02,d6d87c17-ef5e-257e-aa87-efb162e07ceb,a1ec656a-a75c-c675-bdf0-d5ada506fa55,385691007,Fracture care,263102004,Fracture subluxation of wrist
84c18acf-96fe-3137-f314-1624c924203d,1984-10-04,,57b24066-4d56-bb68-5647-462cc5d9f7e4,ce03acec-173d-39b8-83b9-b0d7c9b6fc5b,698360004,Diabetes self management plan,15777000,Prediabetes
a0c3c1c8-fd92-21cc-dbed-e862f0a71ec0,2001-08-09,,57b24066-4d56-bb68-5647-462cc5d9f7e4,03f1dbd2-178d-becb-bc36-3e1e9bda378c,443402002,Lifestyle education regarding hypertension,59621000,Essential hypertension (disorder)
32e9e6a9-72b8-112d-1a35-8e530b5ee26c,2001-08-09,,57b24066-4d56-bb68-5647-462cc5d9f7e4,03f1dbd2-178d-becb-bc36-3e1e9bda378c,734163000,Care Plan,78275009,Obstructive sleep apnea syndrome (disorder)
8fb40623-6aaa-d083-4764-4e3aed3ef158,2013-12-25,,0550793c-4c39-1a84-bc9c-13ba1cd2b6d5,14a2d14f-2460-06b0-8bed-1e4e916ce22d,443402002,Lifestyle education regarding hypertension,59621000,Essential hypertension (disorder)
4297d695-5398-1b4f-7d03-062b4ed58296,2014-09-21,2015-01-07,0550793c-4c39-1a84-bc9c-13ba1cd2b6d5,21632f2e-de44-09a0-01ec-afbc786ac093,53950000,Respiratory therapy,,
2039f866-2e0a-37e5-09e3-4dd640525761,2015-11-01,2015-11-16,0550793c-4c39-1a84-bc9c-13ba1cd2b6d5,d931f2ef-c9f3-971a-a3bf-bb88a0c6f282,737471002,Minor surgery care management (procedure),,
73636bbc-9ced-64d3-5b3c-4e1cf784802f,2018-03-01,2018-10-16,f17f2d0a-039c-e77f-a5e0-a947bca38454,88df1396-89dc-7a19-8ae7-8d03e852b6db,53950000,Respiratory therapy,,
b796fcd6-dc6d-389c-51d4-a52e5a351a7a,2022-10-20,2022-12-03,f17f2d0a-039c-e77f-a5e0-a947bca38454,3d7c31fe-b180-353b-8df6-c69d86fa78fc,276239002,Therapy (regime/therapy),,
e08609bc-7016-c71f-fa3a-32fb15f215ff,2023-01-02,,f17f2d0a-039c-e77f-a5e0-a947bca38454,471b02de-6ca8-e36f-1648-9e1b4dcf38b6,276239002,Therapy (regime/therapy),,
cc0baf64-4526-63f6-868d-2b5388153bc4,2002-12-25,,a1dc7d6e-e85b-6178-ac43-2bb2a2031b6e,2e1d8dba-736a-da3a-74d0-06768c46eb4c,412776001,Chronic obstructive pulmonary disease clinical management plan,185086009,Chronic obstructive bronchitis (disorder)
639970c8-c0af-ba79-17c9-431b606b7ac7,2004-02-25,,a1dc7d6e-e85b-6178-ac43-2bb2a2031b6e,a0928a36-2664-ed21-b4a7-e5dc5625525a,443402002,Lifestyle education regarding hypertension,59621000,Essential hypertension (disorder)
a5b90070-7b5e-e62b-f92a-21eecad33bca,2008-12-04,2009-04-01,a1dc7d6e-e85b-6178-ac43-2bb2a2031b6e,ae87c8e4-c9e5-9085-5475-7774a12e5b67,385691007,Fracture care,58150001,Fracture of clavicle
c31e3848-8cd8-0de8-5617-5170e86f66e6,2012-04-11,,a1dc7d6e-e85b-6178-ac43-2bb2a2031b6e,cf4926ff-bbf3-ffd0-507a-dcf844967be5,698360004,Diabetes self management plan,15777000,Prediabetes
1b08a59c-19ef-5a9a-5b82-d72bd04f7f3e,1994-01-26,,bf766173-dc37-fb8e-0553-2fd7ee76ee83,adc7a37e-c377-90bc-c160-ebfed12e5ea2,718347000,Mental health care plan,36923009,Major depression  single episode
80cde58d-fc96-00e7-0247-9ff79e52a4a0,1994-01-26,,bf766173-dc37-fb8e-0553-2fd7ee76ee83,45ea81d8-b87d-3195-1549-fd922340c1c7,737434004,Major depressive disorder clinical management plan,370143000,Major depression disorder
340fd610-871e-7ba6-e3f7-3d3a36c0cbd7,2016-12-05,2016-12-19,bf766173-dc37-fb8e-0553-2fd7ee76ee83,d4e1b137-823d-d99c-3aec-c3b4a4deb637,53950000,Respiratory therapy,,
cfa6faa5-7911-5a18-ec20-600593603ad1,2023-01-04,,bf766173-dc37-fb8e-0553-2fd7ee76ee83,05508cab-d20b-c97c-dddc-338a24250851,698360004,Diabetes self management plan,15777000,Prediabetes
01c73155-9a2b-7a3d-a95f-0bf4dd28e7cc,2023-01-04,,bf766173-dc37-fb8e-0553-2fd7ee76ee83,05508cab-d20b-c97c-dddc-338a24250851,734163000,Care Plan,,
3e545cf2-0366-7c8f-ac8b-d60d1e668063,1983-07-25,,38b5f472-f761-c7da-fcdf-e6312a228fd6,7e0f764d-5e3c-821d-4e12-8ecd4503d506,718361005,Weight management program,,
ef48ce5e-887e-e5aa-a930-1afddbdba445,2019-07-29,,38b5f472-f761-c7da-fcdf-e6312a228fd6,805546ea-6f9a-f5cf-64fb-5117c0a3930a,698360004,Diabetes self management plan,15777000,Prediabetes
c3b84f66-4770-03e2-573f-c763c73dd1ad,2021-05-17,2021-12-20,38b5f472-f761-c7da-fcdf-e6312a228fd6,ead832e1-65f8-1c68-1c67-160383b991fa,134435003,Routine antenatal care,,
06c457ac-a799-0bae-c33b-cff4e42aa780,1985-05-21,,be61aaf8-720b-2da8-95c3-ebe02c980ada,e54ce7d7-59af-073d-71c7-a9b518daba30,711282006,Skin condition care,24079001,Atopic dermatitis
0fb3e4a5-e574-7786-4c68-b4ab74b7d100,1985-06-08,,be61aaf8-720b-2da8-95c3-ebe02c980ada,f0aabf9f-4130-f2c7-fb4a-2be2ba70d776,384758001,Self-care interventions (procedure),,
0029ecec-293e-adee-9e4b-1ced4a74beb7,2006-11-07,,be61aaf8-720b-2da8-95c3-ebe02c980ada,4783557d-3064-7ca6-4659-825e34680d04,698360004,Diabetes self management plan,15777000,Prediabetes
3d08bbf3-95ce-8894-d5ed-bd5a62be0847,2007-09-18,,be61aaf8-720b-2da8-95c3-ebe02c980ada,4d04f199-3159-53db-4b00-0b10374670c1,412776001,Chronic obstructive pulmonary disease clinical management plan,87433001,Pulmonary emphysema (disorder)
c3651cef-e788-4e10-2fcc-63b7c440b293,2014-03-24,,be61aaf8-720b-2da8-95c3-ebe02c980ada,47d61f76-905f-e157-8aa5-e23dc70c3615,276239002,Therapy (regime/therapy),,
548802a8-fc34-596d-d465-d3c49e998581,2017-06-08,2017-06-28,be61aaf8-720b-2da8-95c3-ebe02c980ada,e4749f01-3236-7055-6306-31ea8a2d822f,225358003,Wound care,370247008,Facial laceration
1d78dd40-325a-bc5e-49d9-5fdab87bde91,2018-04-15,2018-05-16,cc49db10-f907-0f03-3ca2-cc1816e9c71a,19a8d8cc-45c1-4812-72ff-49020258fd5d,773513001,Physiotherapy care plan (record artifact),70704007,Sprain of wrist
dab5625b-1e55-2562-ee98-c0183f2b366c,2018-08-04,,cc49db10-f907-0f03-3ca2-cc1816e9c71a,033968e1-6a78-d928-6825-85155bc5b5c1,412776001,Chronic obstructive pulmonary disease clinical management plan,185086009,Chronic obstructive bronchitis (disorder)
af78d106-9145-d889-9de6-74d3828bb521,2021-08-21,,cc49db10-f907-0f03-3ca2-cc1816e9c71a,48fd41dc-c89a-dae4-fdcd-b536c8b13269,443402002,Lifestyle education regarding hypertension,59621000,Essential hypertension (disorder)
d21e4c18-3dc7-3594-d9aa-12da3e24be59,2015-12-07,2015-12-22,9475d2ee-2d6a-ed6b-9a11-19760d6b0d9c,c66cecf4-8d5b-5274-4bce-bd97ad1b4de8,737471002,Minor surgery care management (procedure),,
dde5e137-feb2-4cec-fc1f-eebabec204ed,2020-02-01,,9475d2ee-2d6a-ed6b-9a11-19760d6b0d9c,30c95350-007d-835d-3621-ea8c7307bae2,443402002,Lifestyle education regarding hypertension,59621000,Essential hypertension (disorder)
7e4400ab-2ed1-1ff2-f308-dcbabb65c8bc,2024-05-22,2024-06-18,cc49db10-f907-0f03-3ca2-cc1816e9c71a,a0d37b4c-36f6-7797-04d5-62a9da9b01c9,225358003,Wound care,284549007,Laceration of hand
e77143ab-e12e-f5d0-f427-a5fff2eed9ee,2014-03-17,,81b6afa6-f1ba-df19-e1a6-64be32120aa6,95baa62b-4e32-552c-d8fa-79cb664a7f0a,276239002,Therapy (regime/therapy),,
e46fd91a-6981-cef9-651f-3aa878936a68,2015-03-04,2015-09-23,81b6afa6-f1ba-df19-e1a6-64be32120aa6,867eb39e-38a0-c3df-0652-ce19d3cfc1d9,53950000,Respiratory therapy,,
ef8d89a8-2953-a489-4cab-1bfbdd4367be,2020-09-05,2020-09-23,81b6afa6-f1ba-df19-e1a6-64be32120aa6,ca5319cf-8340-41c5-bca6-1e0dd0f66d55,225358003,Wound care,284551006,Laceration of foot
3fed2678-3b9b-47d3-348f-6d1ca1e19550,2023-08-14,2023-11-08,81b6afa6-f1ba-df19-e1a6-64be32120aa6,e2639458-2a25-6307-61b9-fbb7f44e329b,53950000,Respiratory therapy,,
db4d580f-3969-117e-1422-98e292032299,2020-03-17,2022-01-18,f458f754-9575-4649-731c-ba45a377aa03,dcb489c1-916c-2e6b-2b4a-0ab5930f6986,53950000,Respiratory therapy,,
26660d70-264e-32e1-526e-6a4b5119cfea,2014-01-20,2014-08-25,66027051-f860-5129-60e2-52411b27bfe1,aa30a8e2-76ea-acb5-c097-8ea5f1c5e826,134435003,Routine antenatal care,,
4f227b1e-44c4-e4ba-c0f2-bb9e485f3183,2016-05-02,2016-12-12,66027051-f860-5129-60e2-52411b27bfe1,e7186a60-c1a5-1f28-0b1f-4de96aff76cd,134435003,Routine antenatal care,,
8a6d08f4-10d6-8c5f-00c4-d023f57a7edf,2019-04-15,2019-11-18,66027051-f860-5129-60e2-52411b27bfe1,e55c9da9-d7b5-ce42-b0df-6064a4ed8d8b,134435003,Routine antenatal care,,
f86dd99a-cad7-514b-8fa1-556a7ac8f85d,2021-07-19,2022-02-21,66027051-f860-5129-60e2-52411b27bfe1,d57e866c-ebf5-693d-7e00-c051e9b0992e,134435003,Routine antenatal care,,
a886adcb-c285-6239-603a-8cf43a5c154f,2022-10-10,2022-10-28,66027051-f860-5129-60e2-52411b27bfe1,1414994b-2129-bf65-5e9c-97ee024efc36,225358003,Wound care,283371005,Laceration of forearm
78b571c6-34a7-c28f-f515-17592895e81e,2023-04-10,2023-11-20,66027051-f860-5129-60e2-52411b27bfe1,034d8b1c-b356-8070-ba65-001bf1c71c22,134435003,Routine antenatal care,,
ba3af5a0-f0f2-ed1b-c2b4-ca0fb998c84e,1982-12-05,,b80a4ead-52cf-6d36-4984-dce60d2022c9,d0f55c93-d8b9-5dca-9b02-9793189ecb9f,412776001,Chronic obstructive pulmonary disease clinical management plan,87433001,Pulmonary emphysema (disorder)
e86e8d7c-1d28-460c-0ff4-5db71d09e447,1990-01-07,1990-08-05,b80a4ead-52cf-6d36-4984-dce60d2022c9,bf146b12-e617-4f80-fffb-04c285da3f38,134435003,Routine antenatal care,,
7f49a7de-8a65-5662-d562-755deb1d311a,1990-03-03,1991-01-06,b80a4ead-52cf-6d36-4984-dce60d2022c9,7c35c089-471d-30b1-0704-2b0fd6c71aa7,53950000,Respiratory therapy,,
9629f7f4-4994-c405-1a93-4e0e72d0cf2f,1991-08-14,,b80a4ead-52cf-6d36-4984-dce60d2022c9,3644efd2-8962-f636-8a66-8bccd2330b09,408869004,Musculoskeletal care,239873007,Osteoarthritis of knee
dbe4ca1a-b832-212b-a517-5e963404b637,1995-02-05,1996-02-04,b80a4ead-52cf-6d36-4984-dce60d2022c9,400c88c7-aebe-0b36-9b1c-b8e63f5f8e07,53950000,Respiratory therapy,,
02d1e53c-af86-25b0-4ccb-b9a5712e4c55,1938-04-29,,4bc580d1-9538-0ebb-50ec-9bc6579d1598,ca5ebb47-127c-ff6d-3416-529a4d0a5358,384758001,Self-care interventions (procedure),,
94fd358c-b9fd-7951-ebe1-6446f3444954,1973-05-11,,4bc580d1-9538-0ebb-50ec-9bc6579d1598,e3f90728-1c2e-566c-d18b-c6f1979b1efe,698360004,Diabetes self management plan,15777000,Prediabetes
5a7149b9-be48-af33-6ad9-0c1946a30a9b,1979-12-14,,4bc580d1-9538-0ebb-50ec-9bc6579d1598,60219eb4-a441-32f2-c89f-2b9333167a0b,443402002,Lifestyle education regarding hypertension,59621000,Essential hypertension (disorder)
759ae343-75a1-f380-c261-9d33a961a186,1981-01-23,1981-12-25,4bc580d1-9538-0ebb-50ec-9bc6579d1598,28a1ea04-4f36-a280-9ec9-37c85ff26f4e,53950000,Respiratory therapy,,
a6245c22-e1e6-9575-df52-231a63143cc2,1981-04-25,,4bc580d1-9538-0ebb-50ec-9bc6579d1598,6a18edee-ed93-7b4c-33cb-1c4a047bde0b,395082007,Cancer care plan,94260004,Secondary malignant neoplasm of colon
7e63d957-1951-b92c-2fba-770004533256,1981-05-02,1981-05-24,4bc580d1-9538-0ebb-50ec-9bc6579d1598,adeb3104-9019-6595-adf2-d8677a9dcfcf,737567002,Major surgery care management (procedure),94260004,Secondary malignant neoplasm of colon
f55ca864-7689-9cb0-6739-4b84b1baa6c4,1998-02-15,,c5fd568c-a6e5-75b4-05d4-30b4cf21007c,5a720995-0b1e-cbe2-677a-94ab39dfe71c,698360004,Diabetes self management plan,15777000,Prediabetes
82b379b4-de18-1e5b-2d77-af46210535f3,2015-08-21,2015-09-07,c5fd568c-a6e5-75b4-05d4-30b4cf21007c,ed072b43-ffac-759f-ac4a-338c68794097,773513001,Physiotherapy care plan (record artifact),44465007,Sprain of ankle
fe8b806d-8f7b-a27d-4b3e-8b381690b2d1,1939-04-07,,c9f15c78-6a2b-a236-acd1-c9e97d727a64,23ae7b12-c35d-21a9-e9b4-38f080c8d3b3,384758001,Self-care interventions (procedure),,
6d27fcc0-4700-074c-725d-0721a247413c,2011-04-20,,c9f15c78-6a2b-a236-acd1-c9e97d727a64,979ba359-2b70-476f-24bc-ed77ced9c213,386257007,Dementia management,26929004,Alzheimer's disease (disorder)
0864deb2-ba7b-2fcc-a4e0-4cb8d5cedca9,2013-05-10,2014-05-09,c9f15c78-6a2b-a236-acd1-c9e97d727a64,05f73a61-2993-2a69-95b6-8303f042a0c7,53950000,Respiratory therapy,,
9e73957f-9ae9-57df-2ae3-fb31424a2892,2014-07-04,,c9f15c78-6a2b-a236-acd1-c9e97d727a64,f145a45d-efaf-f0e6-e4af-4067a68f28ac,276239002,Therapy (regime/therapy),,
a7955062-ba95-e55c-3f95-13a7da9db48c,2013-05-17,,b03f2900-eb4e-e366-dd1f-fca920bbcda6,f190e358-605b-ff8b-fcb0-4564fbd2e783,443402002,Lifestyle education regarding hypertension,59621000,Essential hypertension (disorder)
6977eb51-196b-b805-5e5b-281699ce9cfe,2013-05-17,,b03f2900-eb4e-e366-dd1f-fca920bbcda6,f190e358-605b-ff8b-fcb0-4564fbd2e783,698360004,Diabetes self management plan,15777000,Prediabetes
75c0dc57-6817-c4b9-0a44-597b2f4cfd36,2016-03-18,2016-06-07,b03f2900-eb4e-e366-dd1f-fca920bbcda6,7f7f549c-2f2d-bc7a-0f83-ee0afc46a460,133901003,Burn care,403190006,Epidermal burn of skin (disorder)
bd9480bc-0e49-ecbf-97bb-e1793c769749,1982-02-14,,096430db-2e6e-9308-e639-7f204b57acd1,ce919c3e-2128-2250-05d2-5a1439a03ebb,698360004,Diabetes self management plan,15777000,Prediabetes
9c51a968-0ea3-c50f-246c-e75fea985bc2,1998-12-20,,096430db-2e6e-9308-e639-7f204b57acd1,28ffbd00-5c27-3f1c-2207-df8e603d5b6b,443402002,Lifestyle education regarding hypertension,59621000,Essential hypertension (disorder)
dc2cded2-a7e5-0967-019c-56b4832e6e04,2008-09-17,,096430db-2e6e-9308-e639-7f204b57acd1,525f1dc3-c840-5816-134f-e022c919ff5b,736690008,Dialysis care plan (record artifact),,
21352bdd-7194-c406-2479-69907dea01d0,2014-11-09,2015-01-02,096430db-2e6e-9308-e639-7f204b57acd1,fddf459f-24b8-8b09-f2b7-9c7b23a868d7,385691007,Fracture care,65966004,Fracture of forearm
69ace5d2-b180-2ce7-3b12-872836946ff5,2014-11-12,,096430db-2e6e-9308-e639-7f204b57acd1,68d0046a-b516-cfd8-3483-5a90f7d7e1fd,734163000,Care plan (record artifact),,
717062f5-34ae-7d6b-0a9b-0c258aa92253,2016-12-25,,096430db-2e6e-9308-e639-7f204b57acd1,a2f98554-399d-e868-06b8-d86b1cf4c088,736285004,Hyperlipidemia clinical management plan,55822004,Hyperlipidemia
0a2d2881-a3ff-5630-360e-a66fc3939ae8,2018-07-03,,096430db-2e6e-9308-e639-7f204b57acd1,2831c76f-088e-8428-e0d5-303abc790edf,736372004,Discharge care plan (record artifact),,
9665c0d8-1b78-c386-e098-e0702972e6d8,2020-04-05,2020-04-05,096430db-2e6e-9308-e639-7f204b57acd1,7e36943f-ae9a-a2f0-0a5b-6502e91eda1a,736376001,Infectious disease care plan (record artifact),,
439f24cc-e92d-141e-041f-343ad7907d0a,2020-04-05,2020-04-24,096430db-2e6e-9308-e639-7f204b57acd1,7e36943f-ae9a-a2f0-0a5b-6502e91eda1a,736376001,Infectious disease care plan (record artifact),,
53e91618-e64a-564e-4d35-2dcfea2b133e,2020-11-18,2021-01-08,096430db-2e6e-9308-e639-7f204b57acd1,5703658b-5b4f-0a6d-0868-2d7f58c147d2,385691007,Fracture care,65966004,Fracture of forearm
7b5524c3-4648-f233-ba89-26c36544d0d2,1957-02-01,,a2dfcb30-ca6d-2077-3aed-5ba673c9547b,c980049e-44de-cb3b-77a4-ae8c9874700f,698360004,Diabetes self management plan,15777000,Prediabetes
211132fe-55de-dd33-39eb-4c322250cf22,1969-02-14,,a2dfcb30-ca6d-2077-3aed-5ba673c9547b,99948ca9-22a9-42c3-187b-c45db6b9037a,443402002,Lifestyle education regarding hypertension,59621000,Essential hypertension (disorder)
7443d1dc-c2f4-e09f-733e-a18a478c607b,2015-04-18,,a2dfcb30-ca6d-2077-3aed-5ba673c9547b,ab029670-5314-a082-8327-afe88b7809a0,736372004,Discharge care plan (record artifact),,
66b8177c-8481-cecf-89f7-af686dd980d9,1983-03-22,,c389d393-0e8a-df2a-4da6-be9cfb71f6e5,c2bf8380-bcc0-e950-364a-a471c401289b,384758001,Self-care interventions (procedure),,
98eb8a6d-5911-af39-9f84-383e28a536af,2013-03-12,,c389d393-0e8a-df2a-4da6-be9cfb71f6e5,3001512e-dc56-6130-d38f-c93c62d11903,443402002,Lifestyle education regarding hypertension,59621000,Essential hypertension (disorder)
37b22116-0d8d-0f9b-afdf-1fa133514634,2021-09-26,2021-11-16,c389d393-0e8a-df2a-4da6-be9cfb71f6e5,7ecebc3c-bd91-9c21-ab01-eb44863e7e5f,773513001,Physiotherapy care plan (record artifact),444448004,Injury of medial collateral ligament of knee
51013408-e955-261a-4cda-0a0b54b75a57,2016-03-02,2016-09-14,b0df30e2-1ea2-5235-0396-9c03b5a355db,fc541c1b-caec-8b43-5358-a2f6886d88fc,134435003,Routine antenatal care,,
aad974e8-1fe7-158e-c839-1e30d3fc60a7,2020-06-10,2021-01-20,b0df30e2-1ea2-5235-0396-9c03b5a355db,3a7c0ab3-a7a4-d777-a795-a84c62bf0372,134435003,Routine antenatal care,,
9dc67e65-9ba6-e654-d237-9b84b9efef92,2023-01-11,2023-08-16,b0df30e2-1ea2-5235-0396-9c03b5a355db,ab42a29a-8da8-2f48-7eb2-09be96e4ad13,134435003,Routine antenatal care,,
e9e6ef58-ae91-1068-2536-9b8f613f302b,2014-05-14,2015-04-01,e5f0cfdf-bd92-57bf-4286-9a0e1b4c2197,eb59f6d1-82e3-de9b-5562-b7e4bf7345e3,53950000,Respiratory therapy,,
a3622f7f-f5db-065b-7cd9-15711e9be49a,2008-06-09,,5358d70d-8f53-da63-2056-79e388055d1f,a7624991-6d02-3ed8-1657-738fefda24d7,698360004,Diabetes self management plan,15777000,Prediabetes
a96cd15f-2d29-04a4-e9a2-dca475ce774a,2020-07-18,2021-03-29,5358d70d-8f53-da63-2056-79e388055d1f,d9649ada-1bdc-ab69-dcf8-0717f0ed7ce0,53950000,Respiratory therapy,,
594441c4-7841-52ac-0cd3-7d9ed2233806,2022-08-24,2022-09-27,5358d70d-8f53-da63-2056-79e388055d1f,30e1c3f9-1a90-1b9c-ed02-2fb6660b0564,408869004,Musculoskeletal care,,
675f1a86-2454-90bb-9331-6370a2f168c2,2023-08-13,2023-09-13,5358d70d-8f53-da63-2056-79e388055d1f,10f4f2ea-790b-066f-bc3e-4460230c4a29,47387005,Head injury rehabilitation,62106007,Concussion with no loss of consciousness
e7858e0a-6be6-76d3-64cb-7f1248cca972,1975-07-12,,aaf30855-51a7-d59d-cbc9-a28f0c73f156,260ee9a5-cdc1-2f5f-1c02-dab918cedb0e,698360004,Diabetes self management plan,15777000,Prediabetes
ae7d108c-f33c-72bf-c782-9bd3c1f37d29,1990-07-28,,aaf30855-51a7-d59d-cbc9-a28f0c73f156,41700c5b-fa51-0d93-be87-d5eaa156e8be,443402002,Lifestyle education regarding hypertension,59621000,Essential hypertension (disorder)
0b4f2068-cb40-630e-4368-3b3c74e0e867,2019-04-02,2019-06-12,aaf30855-51a7-d59d-cbc9-a28f0c73f156,b9487ec9-5de9-8843-ba3c-ae5f705e1a93,133901003,Burn care,403190006,Epidermal burn of skin (disorder)
c4c99065-3aab-4254-9b89-4f12806628e6,2020-11-24,,aaf30855-51a7-d59d-cbc9-a28f0c73f156,e6f32d40-a110-4729-b711-37a005b33cf8,736690008,Dialysis care plan (record artifact),,
b0e797df-f29c-e1e1-7bcd-766fb35f7b28,1956-12-30,,ecf96f23-358f-6a6e-6c76-a0309536fd1b,b0de7852-d526-7dba-e924-65be75431c7e,384758001,Self-care interventions (procedure),,
2546537b-3178-ae08-d5fc-d8e1e5d584e2,1961-09-28,,ecf96f23-358f-6a6e-6c76-a0309536fd1b,f0d3ac01-d3bf-8a2b-e26e-f6e6e6cce118,718361005,Weight management program,,
5c89dd81-adfd-6392-9faa-b10ff5291b0a,1986-03-13,,ecf96f23-358f-6a6e-6c76-a0309536fd1b,a4496b4e-10d5-a4a6-f8db-7d4f6018c626,443402002,Lifestyle education regarding hypertension,59621000,Essential hypertension (disorder)
c739f75d-0086-1ef8-052c-2283c7ff68a9,2006-07-27,,ecf96f23-358f-6a6e-6c76-a0309536fd1b,da8bef3c-4e21-b928-62bc-140c4fbee084,736285004,Hyperlipidemia clinical management plan,55822004,Hyperlipidemia
69d7446f-24f3-e666-6a7b-b1c9b59721c0,2012-08-09,,ecf96f23-358f-6a6e-6c76-a0309536fd1b,4191be87-c310-3b98-06be-76047e4b76ad,698360004,Diabetes self management plan,44054006,Diabetes mellitus type 2 (disorder)
117b5b29-a7c7-cf6a-31e9-9f0eb8f6bcc5,2022-07-06,,ecf96f23-358f-6a6e-6c76-a0309536fd1b,8c7f3720-0ada-1dd5-d381-b78203802cbe,735984001,Heart failure self management plan,88805009,Chronic congestive heart failure (disorder)
b6686667-bff7-92c7-e0f0-6e818f2a2958,2023-01-02,2023-01-05,ecf96f23-358f-6a6e-6c76-a0309536fd1b,df795c10-ac26-2bb8-51f8-f27d882392a5,736353004,Inpatient care plan (record artifact),88805009,Chronic congestive heart failure (disorder)
ef21521f-405b-f7e8-8dca-d166e19117d1,2023-10-19,2023-10-28,ecf96f23-358f-6a6e-6c76-a0309536fd1b,496028ec-3490-6dea-ba3b-d2a6d1a22ffe,736353004,Inpatient care plan (record artifact),88805009,Chronic congestive heart failure (disorder)
8c239a6e-b099-9146-a34f-38a5459d3d76,2007-06-14,,2ecf851d-0324-f419-ca4e-dd638565f583,4d0f39f1-e73d-e698-e963-5e72a4cb2971,736285004,Hyperlipidemia clinical management plan,55822004,Hyperlipidemia
750613b9-77cb-7584-c34d-48294f30740b,2015-05-31,2016-02-29,621a11a6-4b69-f0b1-62fc-74c51cb29fd8,da459f24-f542-0c78-02fa-eeabb8a780e9,53950000,Respiratory therapy,,
08088674-3f34-b981-4008-9882caee7011,2017-05-26,2018-03-12,621a11a6-4b69-f0b1-62fc-74c51cb29fd8,f3947b74-a461-1b3f-0d2b-eaa425f7c583,53950000,Respiratory therapy,,
8f43daed-5371-c414-2535-3cbb8e286a96,2018-01-10,2018-02-12,621a11a6-4b69-f0b1-62fc-74c51cb29fd8,1207ddfc-4a04-3d0c-c8d0-24e94a6ab6d2,773513001,Physiotherapy care plan (record artifact),70704007,Sprain of wrist
20aa8c7d-825f-b86f-0b6e-d013d093252d,2020-11-02,2021-06-07,621a11a6-4b69-f0b1-62fc-74c51cb29fd8,e464896d-1498-f3d1-e24e-a06f07844109,134435003,Routine antenatal care,,
c029c578-f49a-fa7d-ec8b-ac44cb149bfc,2023-08-21,2024-04-08,621a11a6-4b69-f0b1-62fc-74c51cb29fd8,38cf6502-ff66-2580-7dbe-932007f0437d,134435003,Routine antenatal care,,
4240018a-dd70-3690-1146-7fc3acbd29a5,1971-02-25,,0acd5f85-d36a-194c-aa12-e11492717ad8,46817e7e-abfe-4093-3926-cdd64790ef27,443402002,Lifestyle education regarding hypertension,59621000,Essential hypertension (disorder)
dc04844e-2d76-c78c-f834-747c48b1f5f7,1979-04-12,,0acd5f85-d36a-194c-aa12-e11492717ad8,f2761832-ba74-ca8e-dc96-bc1b296e45a2,698360004,Diabetes self management plan,15777000,Prediabetes
f386a84f-28a5-171b-3970-76012b47b116,1982-01-07,,0acd5f85-d36a-194c-aa12-e11492717ad8,b0194bd8-8ac8-2058-dd41-c2ba8486f73c,412776001,Chronic obstructive pulmonary disease clinical management plan,87433001,Pulmonary emphysema (disorder)
a0ceef58-cffe-5331-315c-f10eaec3c32f,1982-01-22,,0acd5f85-d36a-194c-aa12-e11492717ad8,7fb10d71-1a34-15d1-4ee1-e7fd2f911bb9,734163000,Care plan (record artifact),78275009,Obstructive sleep apnea syndrome (disorder)
653e57eb-8c3a-2372-cf7b-041fc0a628e5,2007-01-12,,0acd5f85-d36a-194c-aa12-e11492717ad8,f8791eeb-e114-8c7e-0180-c2edd22db6b8,408869004,Musculoskeletal care,239873007,Osteoarthritis of knee
bfcbb459-648e-f0dd-a970-07f1b1165a8f,2020-06-02,2020-08-27,0acd5f85-d36a-194c-aa12-e11492717ad8,1c69778a-fdda-4cf6-a4b8-74a252a80464,53950000,Respiratory therapy,,
f5f40c95-44b9-f8b3-faed-f0f2b560508f,2017-01-03,2017-02-26,24a9d040-71ef-4fdd-18ec-1f1f28599055,0589b31f-6d55-fd64-b6c9-74a693410990,408869004,Musculoskeletal care,,
7a5c6348-7da2-3313-f6cb-eb3be3ade332,2020-02-18,2020-03-13,24a9d040-71ef-4fdd-18ec-1f1f28599055,333d1a81-ff74-f0b7-1d6d-ca5249025a02,225358003,Wound care,283371005,Laceration of forearm
5516d344-9972-48ae-82e4-965e02d467ab,2022-03-12,2022-08-01,24a9d040-71ef-4fdd-18ec-1f1f28599055,998ed813-e120-baa1-967a-88d319b301db,53950000,Respiratory therapy,,
8b0e9edc-1be5-8635-0568-7f5a2f3f5432,2014-06-21,2014-09-04,c9632006-0e37-1e4d-67d3-b652192031a1,1612d121-6563-760b-cc2b-dc44c9ffd1ff,47387005,Head injury rehabilitation,62106007,Concussion with no loss of consciousness
3b06f7d6-4639-7186-fbdf-081184913299,2017-08-02,2017-11-17,c9632006-0e37-1e4d-67d3-b652192031a1,4a961742-5152-71c1-d87b-6077272c3248,385691007,Fracture care,263102004,Fracture subluxation of wrist
c0e9afcb-087d-9a21-c3fa-ac7534f2c66d,2018-10-31,2019-07-14,c9632006-0e37-1e4d-67d3-b652192031a1,033db2af-d36a-9d3a-482f-d4b627925f81,53950000,Respiratory therapy,,
12fd156a-47ff-55bf-c3c7-7eff06dc62fd,2024-06-18,,c9632006-0e37-1e4d-67d3-b652192031a1,03b1fe50-58bd-3520-fbda-798beb77d381,53950000,Respiratory therapy,,
2ab11856-7d7c-37d2-4a02-8bbb93c6068e,2011-01-08,2011-08-20,646ead9f-77f2-1a95-ff6a-aaba0d15de44,5aad15bf-ad7e-6a27-e83c-0d3331e89107,134435003,Routine antenatal care,,
a4aa0d5f-079c-4f84-fc4c-6ee3c6e8a057,2014-01-07,2014-11-22,646ead9f-77f2-1a95-ff6a-aaba0d15de44,b9d80b2a-522a-0ada-11be-51703c99e1ae,53950000,Respiratory therapy,,
9972c612-6b8c-edf4-f3f5-39af2826da84,2016-10-05,,646ead9f-77f2-1a95-ff6a-aaba0d15de44,7fbe3b19-7f2c-7c63-5c64-bf2458af781d,182964004,Terminal care,424132000,Non-small cell carcinoma of lung  TNM stage 1 (disorder)
8ff962ec-5657-9db7-e2b3-89d0cf7e0efe,1992-01-04,,5cc19713-af00-6010-0335-90972bf32daf,6a19133e-4fe2-1f54-58a0-266aebd02b3b,698360004,Diabetes self management plan,15777000,Prediabetes
bdebea99-8882-0552-0f3a-1804531c2438,2008-11-08,,5cc19713-af00-6010-0335-90972bf32daf,1c1e50f4-1fb4-984f-999a-4978c12a7886,443402002,Lifestyle education regarding hypertension,59621000,Essential hypertension (disorder)
bd6ab9ca-5d80-72b5-61bb-f5c0dd580adc,2014-04-04,,5cc19713-af00-6010-0335-90972bf32daf,9f789938-351a-3512-258c-410dcb8d6c31,276239002,Therapy (regime/therapy),,
76d50479-264d-aa33-c3d3-2ef4aeb44ca4,2016-06-18,2016-12-24,5cc19713-af00-6010-0335-90972bf32daf,210d9784-edbb-7ef8-237e-902dfe7c2371,53950000,Respiratory therapy,,
c56193a8-33d6-2b02-fd55-5f1977545596,1992-03-03,,9f0c4577-4576-89ab-776f-fcb3286f80ed,f7f196c0-035d-2d25-e0ca-4e347f1f3fc5,443402002,Lifestyle education regarding hypertension,59621000,Essential hypertension (disorder)
03e011d5-6d52-0c5d-ebe3-7396b997c66f,2011-09-03,,9f0c4577-4576-89ab-776f-fcb3286f80ed,60d85d4b-8da0-a821-43b8-8337a33a39ed,736690008,Dialysis care plan (record artifact),,
acd799da-685c-b45b-bbb0-195e333f3025,2016-11-07,,9f0c4577-4576-89ab-776f-fcb3286f80ed,d5e5d0bc-790f-d6fc-7250-9dc9733efe4a,734163000,Care plan (record artifact),,
a344e727-ad1a-2b7d-5f9d-c9c18b666454,2018-10-25,,9f0c4577-4576-89ab-776f-fcb3286f80ed,0c3e0fe4-8818-3f3a-83e0-24ddb4123dd2,408869004,Musculoskeletal care,239873007,Osteoarthritis of knee
a12073e7-1c91-f886-c2b0-fb5edb83df3b,2020-07-10,2020-07-30,9f0c4577-4576-89ab-776f-fcb3286f80ed,a6a4d92f-05a9-06fd-d790-957b0d3a6830,53950000,Respiratory therapy,,
c4418e4f-43a1-4f3b-f457-1e7c7c6820ff,2024-01-02,,9f0c4577-4576-89ab-776f-fcb3286f80ed,92c95ac1-a26f-b5f6-3f5f-e0b33911a1f1,53950000,Respiratory therapy,,
7d144c14-6ab3-a24c-4608-e9646afe2d4b,2016-03-20,2016-04-03,601d1dcc-b1ca-1ecb-35f1-feeded5bb18e,43f3973c-ab18-b707-e3ee-9a040d2e53bd,53950000,Respiratory therapy,,
93c106f0-5839-0d67-82a2-261a608d5018,2016-11-02,2016-11-10,601d1dcc-b1ca-1ecb-35f1-feeded5bb18e,c2c038b2-d372-a6cb-adc1-42d1d0d5c34b,53950000,Respiratory therapy,,
35db3707-4bb4-d10f-2582-dff523d64dca,2019-10-03,,601d1dcc-b1ca-1ecb-35f1-feeded5bb18e,4c58139c-a775-a0f5-7016-cf97aa181318,698360004,Diabetes self management plan,44054006,Diabetes mellitus type 2 (disorder)
9702cb7c-b822-04cb-fb48-5755404b8e5a,2020-02-06,,601d1dcc-b1ca-1ecb-35f1-feeded5bb18e,22a6be7c-7077-beba-f03d-217fb92df914,443402002,Lifestyle education regarding hypertension,59621000,Essential hypertension (disorder)
77d824be-c725-6539-73ba-0167286c845c,2020-07-09,2020-07-27,601d1dcc-b1ca-1ecb-35f1-feeded5bb18e,6c046cbe-8311-0d77-ccd8-239d634ee232,53950000,Respiratory therapy,,
30b79d27-19d5-0afd-27d9-6f4ea3c1a0dd,2022-03-10,2022-11-03,601d1dcc-b1ca-1ecb-35f1-feeded5bb18e,51fefe80-9757-b95a-b308-b0c6ee855d73,134435003,Routine antenatal care,,
da6f38f6-d83a-4707-1355-e5f8dc20c54d,2023-06-08,2023-06-29,601d1dcc-b1ca-1ecb-35f1-feeded5bb18e,29a30baa-8000-e222-a348-088962fe120f,53950000,Respiratory therapy,,
b4852e33-fce7-ed4b-9cb9-3b7165a0b26b,2014-05-23,2014-12-27,a23c69ef-cf57-cd82-a409-dbf96e32031f,4484ab20-b9a2-56ab-2af2-7058fd91678c,134435003,Routine antenatal care,,
c00f256b-551e-ff23-7460-eadf00c91889,2018-01-19,2018-01-28,a23c69ef-cf57-cd82-a409-dbf96e32031f,3454dc20-368f-b5e3-dfae-b8ab57b370fa,53950000,Respiratory therapy,,
9d16eabc-ea94-9160-614c-45bed70b0c5b,2021-05-07,2021-12-03,a23c69ef-cf57-cd82-a409-dbf96e32031f,cfb267ac-3f4b-5fc7-fc1b-91106c1f005f,134435003,Routine antenatal care,,
dd155d0a-c731-46a2-4ac4-a62f077037f2,2024-01-15,,601d1dcc-b1ca-1ecb-35f1-feeded5bb18e,e112120e-be16-2090-d428-1d55c9c9b5f4,736690008,Dialysis care plan (record artifact),,
85bf495a-d98e-be72-2164-6fb82cbcc386,2024-01-25,,601d1dcc-b1ca-1ecb-35f1-feeded5bb18e,7f5715b3-e842-cb9a-2536-fe5c3b029c29,395082007,Cancer care plan,93761005,Primary malignant neoplasm of colon
b2dbe9e9-39e6-49ca-0620-312199ed79e2,2024-02-06,2024-02-20,601d1dcc-b1ca-1ecb-35f1-feeded5bb18e,f5183376-731b-3975-d87e-5d66bc34a0c4,737567002,Major surgery care management (procedure),93761005,Primary malignant neoplasm of colon
c8f0b05b-90e4-25dc-1f30-712c579385ad,2016-12-21,2017-08-02,32577627-4d58-e489-bb97-1e3610a0bd5c,ccc3bb8e-139f-d4ad-2a3e-e6a0a5e18ae2,134435003,Routine antenatal care,,
3f3e2234-10e9-4bfa-c96a-539b09430057,2017-09-28,2017-10-15,32577627-4d58-e489-bb97-1e3610a0bd5c,d1ca9bcd-10d6-b115-75a5-32e63b63e6af,737471002,Minor surgery care management (procedure),,
331e1f88-d7a7-7e3a-b69c-70ef7ffad56b,1999-12-29,2017-01-11,74bdc09b-bda5-629a-c224-fd37cdbbc98b,d92783da-8e7d-dc1f-f9bc-fb99c6c2b26a,711282006,Skin condition care,24079001,Atopic dermatitis
2d2c2893-976c-d49d-7e8c-7a156f2815f4,2000-01-16,,74bdc09b-bda5-629a-c224-fd37cdbbc98b,61abb5c0-04dc-1570-a484-b54bc299c760,384758001,Self-care interventions (procedure),,
a4bc00f5-087c-2eae-ea4c-9cecfe4258d2,2017-02-23,2017-03-13,74bdc09b-bda5-629a-c224-fd37cdbbc98b,fe721b35-4a7e-2d65-d68a-30a314e6f8df,225358003,Wound care,370247008,Facial laceration
45d3a675-4203-1c98-57ea-0a1ac2dfa785,2020-04-22,2021-09-22,74bdc09b-bda5-629a-c224-fd37cdbbc98b,e7c829ce-2154-7b6c-8b50-73006c6feabe,53950000,Respiratory therapy,,
855edab4-600c-cf72-287d-8811fe5746b6,2021-09-08,2021-09-08,74bdc09b-bda5-629a-c224-fd37cdbbc98b,0052bb83-157d-2c12-7c44-8138d6c492a4,736376001,Infectious disease care plan (record artifact),,
d06b1af1-3b79-aa90-283c-7a89ef6b8e04,2021-09-08,2021-10-14,74bdc09b-bda5-629a-c224-fd37cdbbc98b,0052bb83-157d-2c12-7c44-8138d6c492a4,736376001,Infectious disease care plan (record artifact),,
d6c6bf5c-d18a-d2c7-a8df-03d752f3458e,1953-11-16,,24750b16-19e6-fd82-b3c1-ac69a80b500c,a2c492e0-837d-3bad-dee3-6226555a31f2,384758001,Self-care interventions (procedure),,
98f5b6a1-2f6d-b7c7-780b-8ca7d0d2001b,1975-06-19,,24750b16-19e6-fd82-b3c1-ac69a80b500c,502548ea-bdae-e65c-0ac9-16cce107e84f,443402002,Lifestyle education regarding hypertension,59621000,Essential hypertension (disorder)
1a932f7a-3ec9-bd48-108e-7090598d43e5,1996-10-17,,24750b16-19e6-fd82-b3c1-ac69a80b500c,4427001b-906a-7d24-fb74-cd81ed54059d,698360004,Diabetes self management plan,15777000,Prediabetes
502a770f-5ad7-f646-32b2-fa7602e7c72b,1999-11-04,,24750b16-19e6-fd82-b3c1-ac69a80b500c,698ddf48-c8e3-4caa-54bc-91798f855fe2,386257007,Dementia management,230265002,Familial Alzheimer's disease of early onset (disorder)
d13c0e8f-2bc1-d328-4d6c-4f1bd08d5189,2022-04-27,2022-11-23,74bdc09b-bda5-629a-c224-fd37cdbbc98b,d9fb2a9b-6748-24bb-d565-40ceec640cee,134435003,Routine antenatal care,,
b96052aa-21d3-055b-b76b-1bd5328d927f,2000-09-28,2000-11-09,24750b16-19e6-fd82-b3c1-ac69a80b500c,8bb3dd0a-3a1f-6c8b-976c-31b41cfd7e01,53950000,Respiratory therapy,,
44c930d1-58e9-ada6-c977-7c5793690352,1956-12-15,,3bbd0b79-e606-65b9-6f85-3b02d4c3d2a5,ec7989a4-6dca-0f42-b10f-03b7c08583b0,443402002,Lifestyle education regarding hypertension,59621000,Essential hypertension (disorder)
0e049fd2-8bc1-adc9-80b6-d088dfac2e42,1963-12-21,,3bbd0b79-e606-65b9-6f85-3b02d4c3d2a5,e399c55e-54dd-e0e3-497a-403adc296511,698360004,Diabetes self management plan,15777000,Prediabetes
482f543e-f6cf-961f-f750-c3962003d97d,1994-09-27,,3bbd0b79-e606-65b9-6f85-3b02d4c3d2a5,31379bbc-6ef2-1161-a2fa-2549a275b457,736690008,Dialysis care plan (record artifact),,
a70a8019-8fa2-e470-8f2f-75c7c8f96e97,1995-03-07,1995-03-21,3bbd0b79-e606-65b9-6f85-3b02d4c3d2a5,30369ead-9c7c-cc03-30b1-72a68deb0955,53950000,Respiratory therapy,,
3966ac6f-cacf-047d-2357-89dc2b9957ed,1996-06-15,1996-07-05,3bbd0b79-e606-65b9-6f85-3b02d4c3d2a5,6fcd27bc-66b1-8204-3b92-b8bce88de430,53950000,Respiratory therapy,,
f0d42579-a116-117e-38fe-a9d66417de8a,1996-11-02,1996-11-26,3bbd0b79-e606-65b9-6f85-3b02d4c3d2a5,321c3b0d-f583-25f4-0d7c-5b574a09b0be,225358003,Wound care,284551006,Laceration of foot
0bb43e21-b54e-4114-5e4c-007cab261ec3,1997-09-28,1997-11-21,3bbd0b79-e606-65b9-6f85-3b02d4c3d2a5,d4efa1ad-bf13-4501-4f2a-d8931a65da9d,385691007,Fracture care,58150001,Fracture of clavicle
df60064b-1834-1223-9681-c34eb063a203,2017-10-27,2018-05-25,f8a7e737-649b-b020-1e88-fa37cf0e4832,818463bf-dc23-6cfd-6ef1-891c105eb911,134435003,Routine antenatal care,,
ee4057ea-2fe9-8e68-9251-951ed9d5494b,2020-04-26,2021-12-24,f8a7e737-649b-b020-1e88-fa37cf0e4832,fd0c2693-fa06-fc57-a5ea-1880ed3967a7,53950000,Respiratory therapy,,
7e064660-f915-03b0-0a6c-a2078d9fe568,2024-03-15,,f8a7e737-649b-b020-1e88-fa37cf0e4832,9d491acc-e3ee-4667-e786-ad98b8a67342,134435003,Routine antenatal care,,
ddc2d9f2-877a-05c9-105c-f6328c7e022f,2004-08-25,,ace1cfbf-43f8-f979-9144-aecdfda68ff8,29cee8a1-a2c8-1c47-f859-3ba3ff50b12f,698360004,Diabetes self management plan,15777000,Prediabetes
a5ee30eb-3c11-2f82-5679-43ce54389ee4,2014-10-18,2015-01-15,ace1cfbf-43f8-f979-9144-aecdfda68ff8,8ae10d6f-ffce-4767-8c96-b4452645d812,773513001,Physiotherapy care plan (record artifact),,
69bc5e5f-fb29-6cfb-efed-4f21517e9853,1999-12-22,,3bbd0b79-e606-65b9-6f85-3b02d4c3d2a5,28c0ef44-33e8-7a2d-82ae-5d9af2989b28,734163000,Care plan (record artifact),,
06ba716d-f358-ddf8-5864-71710799d933,1955-01-15,,7a8b8c71-01dc-57b9-8b0b-2514a36fa764,12bc87d9-0399-9c54-0c75-5fc0d6af6f9a,384758001,Self-care interventions (procedure),,
e1cdbc37-d8a1-5aed-0b65-dc49a4ab5b23,1990-01-04,1994-01-18,7a8b8c71-01dc-57b9-8b0b-2514a36fa764,303923b4-8ed4-fc0f-3e71-3ac61d115c1f,170836005,Allergic disorder monitoring,,
ac0756ab-5c54-4146-cb61-8c1415f7a285,1999-01-19,,7a8b8c71-01dc-57b9-8b0b-2514a36fa764,a74fab65-696a-9a97-6864-2562a0c826d7,736376001,Infectious disease care plan (record artifact),86406008,Human immunodeficiency virus infection (disorder)
406e5807-7985-a0c7-7a8d-07c9447e45ce,2016-11-27,,73567c9f-2fa9-d125-4bda-1b74c8ff4462,31c441d5-ae11-4620-75e2-c835396d96e8,718361005,Weight management program,,
7e2f9373-92d4-b4c3-e2e9-4a0c7e8e44ce,2020-12-28,2020-12-28,73567c9f-2fa9-d125-4bda-1b74c8ff4462,a0d29274-4653-4313-5958-208345707114,736376001,Infectious disease care plan (record artifact),,
2b24ac89-a74c-21f7-e5b0-def73e91befa,2020-12-28,2021-01-13,73567c9f-2fa9-d125-4bda-1b74c8ff4462,a0d29274-4653-4313-5958-208345707114,736376001,Infectious disease care plan (record artifact),,
09e17a38-4c42-b42b-75a0-ac24c37f6da4,2024-01-18,2024-02-28,73567c9f-2fa9-d125-4bda-1b74c8ff4462,0f5ca262-15dd-5916-df9f-8fcccb6b7c0b,385691007,Fracture care,58150001,Fracture of clavicle
9eefb065-281d-9cef-3b22-e5514ae53feb,2024-03-23,2024-06-19,958b6240-97eb-1410-41ba-398a77e2e449,5f41b959-1422-f552-d23a-078cbebb6535,385691007,Fracture care,65966004,Fracture of forearm
32a157fc-40ba-ea93-f239-05ccecd81cfb,2018-06-13,2018-07-26,12c92546-2d69-5776-07ca-95f61292193d,99d7cf8c-238a-5a3b-33d5-62c6f44ffa79,47387005,Head injury rehabilitation,62564004,Concussion with loss of consciousness
47cc3217-c3e4-e6f5-a462-554f8ad7cc88,2019-06-11,2019-07-17,12c92546-2d69-5776-07ca-95f61292193d,cbb93e4e-db82-3996-1566-816f6392c3a3,47387005,Head injury rehabilitation,62106007,Concussion with no loss of consciousness
e55bb610-cc51-f52e-f733-7600e5a1f442,2022-04-19,2022-05-31,12c92546-2d69-5776-07ca-95f61292193d,c333f4d6-6df7-cd2d-70e6-914a7c2e7532,53950000,Respiratory therapy,,
7b9f384e-d399-48a3-863b-0342a6da7cc4,2008-12-09,,40218298-6a7c-643c-3d4b-15ce60c7f52a,337af831-839e-9622-54d1-cedf594a91b4,384758001,Self-care interventions (procedure),,
102d6458-038a-1ebf-83ae-ab8146133326,2010-05-03,,40218298-6a7c-643c-3d4b-15ce60c7f52a,c393161b-464f-f133-6ec0-c3946637ebdf,699728000,Asthma self management,233678006,Childhood asthma
0bfa8088-b92c-fea3-7944-ba138325ce3a,2010-05-18,,40218298-6a7c-643c-3d4b-15ce60c7f52a,22de7376-19cd-9963-ab2b-7607fd81f982,711282006,Skin condition care,24079001,Atopic dermatitis
1765f39b-7016-f304-2dd5-d90bfe2eb836,2016-07-16,2016-08-27,40218298-6a7c-643c-3d4b-15ce60c7f52a,694cc655-cd03-14a9-29a3-db0db6abfce1,53950000,Respiratory therapy,,
7ef5f6c5-4fa9-99f0-01bf-658d42902956,1955-05-19,1955-05-28,921b634c-d42f-95c4-2cbd-8de509b7e965,5855f6d4-9a57-4f31-b876-e6c9932ab6ca,53950000,Respiratory therapy,,
e57f1cb5-82f8-cb7b-d2c3-468095424f73,1958-04-06,1958-05-03,921b634c-d42f-95c4-2cbd-8de509b7e965,3ac6c1ac-1c79-77a1-d5e7-8337cf8889e9,225358003,Wound care,283371005,Laceration of forearm
0cf2eadb-93dc-186a-4ef6-2a166e37d592,1959-09-19,1960-04-30,921b634c-d42f-95c4-2cbd-8de509b7e965,bd522f9c-2ca5-58a3-210b-2af6a727e6df,134435003,Routine antenatal care,,
7e43ca84-6682-48ba-7043-4c8b987e54b2,1962-05-22,,921b634c-d42f-95c4-2cbd-8de509b7e965,34869a9f-ded3-12d6-4988-7acad00755d4,735984001,Heart failure self management plan,88805009,Chronic congestive heart failure (disorder)
1b2b6907-9755-f696-d1aa-fdd773a3305a,1962-11-18,1962-11-26,921b634c-d42f-95c4-2cbd-8de509b7e965,851eff60-45d7-3e46-6291-042cdb7277a7,736353004,Inpatient care plan (record artifact),88805009,Chronic congestive heart failure (disorder)
6d3a81f8-acbc-0e25-90ec-f3d18dfec624,1962-12-08,1963-07-13,921b634c-d42f-95c4-2cbd-8de509b7e965,5e6a1d1d-9cbe-55f5-0a1f-ed15aa7e1e04,134435003,Routine antenatal care,,
ba31523a-e43c-57b1-da24-1e570e5294de,1964-05-19,1964-05-23,921b634c-d42f-95c4-2cbd-8de509b7e965,c18eae7a-f70c-4199-60e5-6e7f389e8b60,736353004,Inpatient care plan (record artifact),88805009,Chronic congestive heart failure (disorder)
b2a6854e-4356-76dc-52c6-c64354e43258,2016-12-09,2018-08-07,c15fb1fb-e8de-6582-18ce-a5ca4b1daf5c,752d1c27-5b64-8dd8-b5a2-0fd41a080c9e,53950000,Respiratory therapy,,
45e86df5-bb36-ef2f-f398-a188a7c56dde,1998-10-26,,1e32f8d6-fc16-1ead-1e1b-289111a6a922,6eac1191-7f7a-9388-c367-3ca73bd18d6a,443402002,Lifestyle education regarding hypertension,59621000,Essential hypertension (disorder)
e9ebe7b1-fee8-7236-77a6-9cfcccca1e9b,2013-02-04,,1e32f8d6-fc16-1ead-1e1b-289111a6a922,5c3fccf9-9e8b-9ef5-ca8f-324b066d9d50,736285004,Hyperlipidemia clinical management plan,55822004,Hyperlipidemia
ae1c7620-f947-a51c-6466-e429c9cda8bc,2023-03-05,,1e32f8d6-fc16-1ead-1e1b-289111a6a922,7615cc4f-2ef6-e185-f15d-be278e45a8fa,735984001,Heart failure self management plan,88805009,Chronic congestive heart failure (disorder)
b82e4e61-6d6b-f8d9-7699-88899d1290e0,2023-09-01,2023-09-10,1e32f8d6-fc16-1ead-1e1b-289111a6a922,c06eea73-e10c-38cc-7f75-dcff431a11b5,736353004,Inpatient care plan (record artifact),88805009,Chronic congestive heart failure (disorder)
cffa7841-3ef8-375f-776b-ee9c3b9d0286,2024-03-25,2024-03-30,1e32f8d6-fc16-1ead-1e1b-289111a6a922,61d8acc3-23a3-675d-b6ed-f11d2e8fec4e,736353004,Inpatient care plan (record artifact),88805009,Chronic congestive heart failure (disorder)
bb7bd118-2d04-c928-05ae-14f6ee07b0f4,1990-04-19,,d0ee6fc3-e0bd-08aa-20a9-58eb69af4265,98e039dd-96ab-d211-1f11-4dcdc95641a8,698360004,Diabetes self management plan,15777000,Prediabetes
4b0b51fe-5d77-3fa7-0da6-e63837f8c21e,2000-05-04,,d0ee6fc3-e0bd-08aa-20a9-58eb69af4265,0eb42b8c-72ca-3f94-59cf-3500f1c4a4b8,736285004,Hyperlipidemia clinical management plan,55822004,Hyperlipidemia
409d5542-08ad-c00e-5ebc-76d0169e816a,2020-12-17,2020-12-27,d0ee6fc3-e0bd-08aa-20a9-58eb69af4265,9b1b316e-f2f0-3db7-e6c9-6de5b56cdab1,736376001,Infectious disease care plan (record artifact),,
9dbf1c11-f8ec-5980-b1fb-a83571570352,2021-08-28,2023-07-20,d0ee6fc3-e0bd-08aa-20a9-58eb69af4265,b5502f4d-cdd5-e601-337f-cc9a7c6ecab8,395082007,Cancer care plan,363406005,Malignant tumor of colon
d4deec8f-87dd-88d8-15ec-7e073d029ca6,2021-09-06,2021-09-23,d0ee6fc3-e0bd-08aa-20a9-58eb69af4265,48cd806f-4c26-dfb6-a988-c7ba1dfda42b,737567002,Major surgery care management (procedure),363406005,Malignant tumor of colon
7ecb624d-867b-2f66-6d2b-467acf32c1dd,2022-02-17,2022-08-18,d0ee6fc3-e0bd-08aa-20a9-58eb69af4265,36305331-5eac-68d9-59d3-ffc04c70b997,53950000,Respiratory therapy,,
25b83835-7e4f-0334-d761-212a95431565,2023-01-21,,d0ee6fc3-e0bd-08aa-20a9-58eb69af4265,20a3c716-34c3-f3e6-33f4-bd34ef58f6ab,736372004,Discharge care plan (record artifact),,
36edcecd-19a2-9995-6886-543c5973a393,1972-10-21,,95a4492f-85df-227e-88b0-4dd6804f45d8,34611017-9c16-32ab-a62e-9a44f3c9da0d,443402002,Lifestyle education regarding hypertension,59621000,Essential hypertension (disorder)
d814ebba-5d4a-7bb3-f055-e58a1a9ea56f,1979-12-01,,95a4492f-85df-227e-88b0-4dd6804f45d8,6755f8b6-a7b7-a23c-70ef-ec5a88b5734a,412776001,Chronic obstructive pulmonary disease clinical management plan,185086009,Chronic obstructive bronchitis (disorder)
35eead12-70d8-e881-3fd1-9b9795f55c11,2000-04-15,,95a4492f-85df-227e-88b0-4dd6804f45d8,0ad954df-1339-2bb6-dada-abc0ccc82598,386257007,Dementia management,26929004,Alzheimer's disease (disorder)
17811a0c-a703-e4f8-a8ef-a98e1346c7d8,2001-05-12,,95a4492f-85df-227e-88b0-4dd6804f45d8,5e2e28f2-8702-6350-1d03-92496e7aa725,736285004,Hyperlipidemia clinical management plan,55822004,Hyperlipidemia
31097660-878e-18dd-a9c6-329afd921141,1985-09-12,,a3595b16-f07f-02b6-4611-4243b4aa010b,d0b9587e-037e-fca1-d633-c1e1bfd0e8d0,718361005,Weight management program,,
64c74d3b-6df9-e4d1-1467-79d37d845b0f,2008-10-30,,a3595b16-f07f-02b6-4611-4243b4aa010b,d45bb64d-a8d6-a432-d09e-745d5fec0f58,698360004,Diabetes self management plan,44054006,Diabetes mellitus type 2 (disorder)
d6ea8ab3-0ebb-08f6-8280-c51a2ecae5a8,2009-11-05,,a3595b16-f07f-02b6-4611-4243b4aa010b,481c2b22-8dbc-1de1-f2c8-d1a72fc4ef47,443402002,Lifestyle education regarding hypertension,59621000,Essential hypertension (disorder)
6c4d45ad-2e1f-5743-f9ea-33d7a7e09d06,2015-03-17,2015-05-27,a3595b16-f07f-02b6-4611-4243b4aa010b,721e4dbe-0d84-3fa7-8fe3-f645fb9c0197,47387005,Head injury rehabilitation,62106007,Concussion with no loss of consciousness
42c8eac6-4aaa-5c6b-ee84-10bf957a3787,2020-07-16,2021-02-11,a3595b16-f07f-02b6-4611-4243b4aa010b,66208198-5a9d-37de-554e-25d123576ebc,134435003,Routine antenatal care,,
0b6cf2ce-6c5e-9390-7dce-7b7d0caee09e,2024-04-18,2024-05-26,a3595b16-f07f-02b6-4611-4243b4aa010b,a029dae5-0b72-15bc-cfb8-8363c5a12524,408869004,Musculoskeletal care,,
7f5d79d5-2e02-127f-4e0b-bb5c6cc0b13a,2003-09-04,,f5208685-e1ac-9fc4-244e-324201bc15ab,0f8caf20-6c10-1393-acef-8c8b710a5d62,698360004,Diabetes self management plan,15777000,Prediabetes
5379e815-2cc9-4297-b35d-21d7c3a4500e,2012-11-18,2012-12-13,f5208685-e1ac-9fc4-244e-324201bc15ab,fb74074c-3157-d1c7-2c77-a2295cf75ad5,225358003,Wound care,370247008,Facial laceration
0276150e-81fe-e453-0cf6-f7d4e3e45642,2008-03-03,,94aae635-9738-9b66-9b4f-35af0ac115b1,99f2280f-f440-3a5c-5d9d-dc738704ef6c,443402002,Lifestyle education regarding hypertension,59621000,Essential hypertension (disorder)
8126660e-dc8f-0f28-4bf7-9313d19c5a67,2008-03-03,,94aae635-9738-9b66-9b4f-35af0ac115b1,99f2280f-f440-3a5c-5d9d-dc738704ef6c,698360004,Diabetes self management plan,15777000,Prediabetes
c70cd113-80eb-6892-4214-f1d0fb6f839a,2021-09-13,2021-09-14,94aae635-9738-9b66-9b4f-35af0ac115b1,3ee974cc-4eeb-27a2-469b-02394dba28c4,736376001,Infectious disease care plan (record artifact),,
4542463e-b192-2639-9d66-ed30c9e72f65,2021-09-14,2021-10-03,94aae635-9738-9b66-9b4f-35af0ac115b1,3ee974cc-4eeb-27a2-469b-02394dba28c4,736376001,Infectious disease care plan (record artifact),,
778527dd-7d87-e872-fe6d-d4c27059cc01,2022-09-08,,94aae635-9738-9b66-9b4f-35af0ac115b1,12f049a2-3636-9d85-800f-78bdd7deda05,734163000,Care plan (record artifact),78275009,Obstructive sleep apnea syndrome (disorder)
0c638786-f8d0-b214-8473-f83d12fa7523,2023-07-03,2024-06-10,94aae635-9738-9b66-9b4f-35af0ac115b1,359d678d-cfaf-9d72-8445-50f0cd69831a,53950000,Respiratory therapy,,
065dd62b-0501-a804-de3f-3acc77fe3dbd,1953-12-12,,d6f65a81-bbd7-7cfa-198e-24566dc0563e,228f3205-6f52-ed29-f5fe-4bb18a3e98ef,698360004,Diabetes self management plan,15777000,Prediabetes
0b8d58ee-56f4-77ad-92db-fa36c2262fcd,1987-12-19,,d6f65a81-bbd7-7cfa-198e-24566dc0563e,3f45783f-c64e-f15a-48be-5f3c9c62bddc,736285004,Hyperlipidemia clinical management plan,55822004,Hyperlipidemia
d0e521f3-2edd-9481-80c0-7fcacbeab053,2015-01-10,2015-03-09,d6f65a81-bbd7-7cfa-198e-24566dc0563e,0b4a2107-cceb-6b6e-ca6d-49a410246f7b,47387005,Head injury rehabilitation,62106007,Concussion with no loss of consciousness
1fcad088-ab44-85eb-ffa1-11e5bece03a8,2021-04-30,2021-05-19,d6f65a81-bbd7-7cfa-198e-24566dc0563e,e66dc62b-f7a3-2af5-fb10-742790e41bb3,225358003,Wound care,283371005,Laceration of forearm
4f0b1a5f-09d1-25f2-6719-c9b3bd3e21ed,2020-01-09,2020-12-10,7e22b3e4-9777-bf14-4fc5-07d7bc446e04,0f842603-8b39-d57e-9be3-917886e04ff7,53950000,Respiratory therapy,,
93dd1bd5-0e5d-29c7-7908-34eb4475eb22,1981-03-21,,adcc55b4-a5f1-73ba-306c-9f555248df72,6030ee9c-2073-13f4-5959-111c8b3750c5,698360004,Diabetes self management plan,15777000,Prediabetes
9085838d-a614-3e93-1717-8f599b2dda42,2007-03-03,,adcc55b4-a5f1-73ba-306c-9f555248df72,1cd7479b-46f3-09a7-13a7-ec274b10b161,736285004,Hyperlipidemia clinical management plan,55822004,Hyperlipidemia
14373596-9383-4125-1a8c-7d44c2bcbb9b,2012-09-02,,adcc55b4-a5f1-73ba-306c-9f555248df72,63c984f8-083f-e473-26ef-e9a73a883455,408869004,Musculoskeletal care,239872002,Osteoarthritis of hip
e6e08a92-e477-b5fb-c46f-df52d434a614,2016-08-23,2016-09-08,adcc55b4-a5f1-73ba-306c-9f555248df72,6075f73b-d061-9605-045a-81783dc26ae4,53950000,Respiratory therapy,,
e7798cd4-8420-301e-0384-7c688f80dda6,2011-11-29,,bda9e339-df38-86fb-bd21-d0861e8617c2,0e3d6387-056c-09ae-e097-715053abe776,443402002,Lifestyle education regarding hypertension,59621000,Essential hypertension (disorder)
0567650a-4f2d-f07b-b89f-5b2e4beecd12,2015-12-15,2015-12-22,bda9e339-df38-86fb-bd21-d0861e8617c2,58f95c02-0263-e7f6-661f-cdba32818be0,53950000,Respiratory therapy,,
b4f1d88c-bd2c-76c1-137d-08bf9840a211,2020-09-26,2020-10-19,bda9e339-df38-86fb-bd21-d0861e8617c2,13611640-fa2a-fc0e-071e-6613d3890879,225358003,Wound care,283385000,Laceration of thigh
83fd836c-3dce-4a17-900c-ddecdda41d5b,2020-12-16,2020-12-16,bda9e339-df38-86fb-bd21-d0861e8617c2,3fb8cd41-64eb-8fdc-629a-bb19468fb78c,736376001,Infectious disease care plan (record artifact),,
cffaa8d8-87d4-bb6a-4401-1f38cef57f9a,2020-12-16,2021-01-20,bda9e339-df38-86fb-bd21-d0861e8617c2,3fb8cd41-64eb-8fdc-629a-bb19468fb78c,736376001,Infectious disease care plan (record artifact),,
d7adce2b-d041-8c85-e885-a7054d9fc7cf,2022-02-08,,bda9e339-df38-86fb-bd21-d0861e8617c2,fab6021b-8d06-faa1-2904-1f600cfae145,698360004,Diabetes self management plan,15777000,Prediabetes
5f9e3b31-46fd-3e1c-ecda-c4f4d4e7c689,2015-08-18,2015-09-22,85f04358-1752-4168-8a7e-fb6484ef21c8,d1d1aacd-8867-db96-8d78-9152a7cd77dd,773513001,Physiotherapy care plan (record artifact),44465007,Sprain of ankle
adb81550-77df-4db5-3b57-7fb95de24fd5,2022-07-27,2022-08-17,85f04358-1752-4168-8a7e-fb6484ef21c8,2abafa74-1b8a-82b9-0440-fe3092a58ff0,773513001,Physiotherapy care plan (record artifact),70704007,Sprain of wrist
d0cb128c-44b5-9e9c-7b92-d9ce3232c7eb,2022-11-19,2022-11-27,85f04358-1752-4168-8a7e-fb6484ef21c8,ee5d589b-6d0f-410c-cca2-27d0e1f5da88,53950000,Respiratory therapy,,
730006c1-172a-0341-8d6b-84554acf5bc2,2023-01-08,,85f04358-1752-4168-8a7e-fb6484ef21c8,5a161b65-bde0-4876-a16e-249a002edb2a,276239002,Therapy (regime/therapy),,
a89b3969-ae15-cb11-d7c0-8cad263d7fcc,2019-04-15,2019-05-04,6dc73593-6e68-f835-9802-c02b091f40d8,2074903b-922f-3b2f-7542-c9af0a0bf504,53950000,Respiratory therapy,,
15055612-5fbd-8072-5bdc-44275d574c15,2020-12-02,2020-12-02,6dc73593-6e68-f835-9802-c02b091f40d8,0af1d157-3030-286e-f027-aeb711b7bce2,736376001,Infectious disease care plan (record artifact),,
fbe2586b-4c03-3f65-d6dc-a7236cced968,2020-12-02,2021-01-01,6dc73593-6e68-f835-9802-c02b091f40d8,0af1d157-3030-286e-f027-aeb711b7bce2,736376001,Infectious disease care plan (record artifact),,
a96dc8ff-57e9-ffcb-2723-b00515f84790,1995-03-02,,dc11f00a-5272-a7b1-57c6-8cfd735508da,0ab87fde-9c61-6530-5def-53ebb77c9b9e,734163000,Care plan (record artifact),,
e7ecf54b-90fb-a123-c132-f7f0e6bd4651,2016-04-27,2016-08-14,dc11f00a-5272-a7b1-57c6-8cfd735508da,637c9de9-92c5-7f59-e715-d85dfc1195f8,773513001,Physiotherapy care plan (record artifact),444448004,Injury of medial collateral ligament of knee
029a5ee8-8eb9-174a-2db3-7d683e10b13f,2017-06-10,2017-06-25,dc11f00a-5272-a7b1-57c6-8cfd735508da,ce8b6e38-cfe1-da3b-b266-b9ec71ada1ca,773513001,Physiotherapy care plan (record artifact),44465007,Sprain of ankle
b801a662-857f-0ca1-3cfa-eb16190d4d25,2018-02-06,2018-02-15,dc11f00a-5272-a7b1-57c6-8cfd735508da,54c4f47b-588e-b5c3-6376-e6b4b90f86b3,53950000,Respiratory therapy,,
66523ca7-524b-9cc6-b008-408a790cc546,2019-04-25,,dc11f00a-5272-a7b1-57c6-8cfd735508da,fd1b4cb9-4737-8c7a-314e-1b5d27786a97,443402002,Lifestyle education regarding hypertension,59621000,Essential hypertension (disorder)
2b43fe6c-6348-6cad-cf76-8f9256c1e8e4,2023-05-04,2023-05-20,dc11f00a-5272-a7b1-57c6-8cfd735508da,21111abf-9f8e-c116-490b-be3b52571f66,53950000,Respiratory therapy,,
454cb7e2-f741-6b94-9494-ea6f6f7a8306,2023-08-24,2023-11-12,dc11f00a-5272-a7b1-57c6-8cfd735508da,99a56955-dadd-d1bf-afd8-45102df5d712,385691007,Fracture care,65966004,Fracture of forearm
b22fd8c6-f486-6a9c-bd48-91d00d12d8d7,1983-04-07,,6eed9f14-7b81-05b2-c7b1-559f29bb9fbc,bb04d62d-34ed-a0a0-f91e-e85dce0e3a8f,443402002,Lifestyle education regarding hypertension,59621000,Essential hypertension (disorder)
d4d1b2bf-f7c0-b8fa-bf39-a421e5082309,1993-06-03,,6eed9f14-7b81-05b2-c7b1-559f29bb9fbc,5958c61b-16c3-2f3f-47f9-37506f7e881d,698360004,Diabetes self management plan,15777000,Prediabetes
29cfc56b-9594-b86e-72fd-f206a1e3656a,2009-01-28,2009-09-03,6eed9f14-7b81-05b2-c7b1-559f29bb9fbc,0f4ab399-1405-3805-80fd-9b6a70296e28,53950000,Respiratory therapy,,
3aa90886-e1a6-63f0-3332-9c62845b98e0,2009-09-16,2009-10-05,6eed9f14-7b81-05b2-c7b1-559f29bb9fbc,6bca0235-518b-3f50-71bb-4eaa8e31c5ac,773513001,Physiotherapy care plan (record artifact),44465007,Sprain of ankle
b2f6081b-e931-5231-b828-3c98f15cfcc9,2014-02-01,2014-02-25,6eed9f14-7b81-05b2-c7b1-559f29bb9fbc,6593fd40-8a59-716c-bc77-dd2f75d50b3e,276239002,Therapy (regime/therapy),,
2b759325-f35c-20f4-2863-de93643d0730,2014-03-27,,6eed9f14-7b81-05b2-c7b1-559f29bb9fbc,e5bd739c-55e9-f93c-c29e-990babecd9ff,276239002,Therapy (regime/therapy),,
73b952a3-ec2f-a55a-8071-83363c4077ff,2014-04-24,2014-10-02,6eed9f14-7b81-05b2-c7b1-559f29bb9fbc,6d4973db-41f2-0d5f-9ab2-6f4cd623127a,53950000,Respiratory therapy,,
e0dfac35-0cfd-15a1-2f8d-dc8800464a0e,2015-09-12,,6eed9f14-7b81-05b2-c7b1-559f29bb9fbc,ece859ca-1659-14d7-3617-20124785f236,735984001,Heart failure self management plan,88805009,Chronic congestive heart failure (disorder)
654098e2-3bd3-2e17-9589-a194f090448f,2017-09-01,,6eed9f14-7b81-05b2-c7b1-559f29bb9fbc,6aa63bab-f5c7-0735-f0f1-c1a6a374d8e9,736353004,Inpatient care plan (record artifact),88805009,Chronic congestive heart failure (disorder)
a9b37397-2b90-462f-557f-75958ba6b307,1959-07-19,,41549c05-2e67-eccd-09b7-2e5908f3866f,1ea915d1-dee1-7be2-8b32-ac5b70f3989e,384758001,Self-care interventions (procedure),,
a2ef3165-640b-8a76-5d35-03641d96c37b,1976-11-01,,41549c05-2e67-eccd-09b7-2e5908f3866f,597a2524-8149-1beb-4d9d-81ec5e1701eb,698360004,Diabetes self management plan,15777000,Prediabetes
be3025c0-00f6-d4f4-5f8b-ef872396cde5,1994-08-16,,41549c05-2e67-eccd-09b7-2e5908f3866f,1d45fa76-cbbb-d02c-272b-6a2377850f3d,443402002,Lifestyle education regarding hypertension,59621000,Essential hypertension (disorder)
579a5cfa-02d1-c8d6-c6e6-43882a982fe9,2004-01-24,,41549c05-2e67-eccd-09b7-2e5908f3866f,0abcd4da-d4de-1b8a-b75c-7fec6680704a,734163000,Care plan (record artifact),,
a63bb5fc-0473-f447-7cdf-d68c382b6040,2012-04-20,2012-05-20,41549c05-2e67-eccd-09b7-2e5908f3866f,fa32497d-924f-1bdf-f874-b5e7e40f9b04,408869004,Musculoskeletal care,,
23172672-b2ac-269d-edd3-5b6f2fb6f673,2016-01-11,,41549c05-2e67-eccd-09b7-2e5908f3866f,a665c52b-b8ec-4c5b-dd64-fc409fb19020,736285004,Hyperlipidemia clinical management plan,55822004,Hyperlipidemia
2db2b1ae-c4c5-6343-7c02-d53e460029dc,2017-12-13,,41549c05-2e67-eccd-09b7-2e5908f3866f,3df9c961-5ce2-bb8b-dc07-52ab2be123b2,182964004,Terminal care,424132000,Non-small cell carcinoma of lung  TNM stage 1 (disorder)
5cbad3d3-c1f5-d168-a120-8fe126b01b0f,1987-02-27,,31d1963a-67f6-289c-8e5a-a3e48a470a2c,01992091-8a33-c4c3-29be-bdfc7f6971d8,384758001,Self-care interventions (procedure),,
0e57b602-a578-5d86-47c0-ee444e408f88,1989-02-23,,31d1963a-67f6-289c-8e5a-a3e48a470a2c,cbd215c0-54be-5b7a-d885-1ac3a338da8d,699728000,Asthma self management,233678006,Childhood asthma
4f7a26f7-14a2-83de-b961-cee823e1a8b4,2006-09-09,,31d1963a-67f6-289c-8e5a-a3e48a470a2c,c2a087ec-fa00-d2bc-382b-2fa51e6e98ed,443402002,Lifestyle education regarding hypertension,59621000,Essential hypertension (disorder)
33377f07-8dc5-31ff-8554-99f9c2da240c,2014-10-25,,31d1963a-67f6-289c-8e5a-a3e48a470a2c,8bc40b09-ae8a-cebd-01f5-cf5bd77bf8f1,698360004,Diabetes self management plan,15777000,Prediabetes
1fecef8d-d7bd-c0ea-fb0b-f9523d7ff7fb,2020-12-25,2021-01-07,31d1963a-67f6-289c-8e5a-a3e48a470a2c,28bcd4a2-a577-0700-3626-e5dbd038e3c0,53950000,Respiratory therapy,,
e9c21954-bf4a-fe5a-4af6-00bf2cb0de22,2023-03-09,2023-03-23,31d1963a-67f6-289c-8e5a-a3e48a470a2c,a658811b-7805-434f-1b5e-0d20d51fa472,225358003,Wound care,284551006,Laceration of foot
31e0af34-ec72-078e-8b1f-f20333a50819,2020-09-08,,41549c05-2e67-eccd-09b7-2e5908f3866f,eac1bf29-bdee-0df3-93ab-b5d11f9da13f,408869004,Musculoskeletal care,239873007,Osteoarthritis of knee
4c116489-98da-6611-4622-038bbafafbe4,1977-12-08,,d222c28e-5243-3e44-8865-1fea384e9e86,25c75655-c905-68d1-d9a2-1a327ab37457,698360004,Diabetes self management plan,15777000,Prediabetes
a6ce8098-7146-6289-4e15-0221e1cd8ac9,1983-12-15,,d222c28e-5243-3e44-8865-1fea384e9e86,5d1b582b-0233-f596-6b47-dc03b7058b83,734163000,Care Plan,,
49c28664-d9e5-da4f-0d6f-6ab084d236a3,1993-08-30,,d222c28e-5243-3e44-8865-1fea384e9e86,14f81c7b-ba2c-4ef2-cf08-85c125fb0846,408869004,Musculoskeletal care,239873007,Osteoarthritis of knee
df8f65c4-80d6-3527-cb8d-d7b8489d7287,1999-01-07,,d222c28e-5243-3e44-8865-1fea384e9e86,1b445bb4-6d02-1cca-a0f5-b05bacbd45f2,736254008,Psychiatry care plan,47505003,Posttraumatic stress disorder
32d9e1bf-1c54-5e3f-fd76-3c6c2619b278,1999-01-21,2001-04-26,d222c28e-5243-3e44-8865-1fea384e9e86,3d0b64e4-02a0-3fb7-0f0a-41ca1c9e3315,718347000,Mental health care plan (record artifact),47505003,Posttraumatic stress disorder
f8a8f768-ed69-7f7b-edd9-c896e1831c2e,2002-04-22,,d222c28e-5243-3e44-8865-1fea384e9e86,b89b1cfb-82f7-2fe0-8090-a7af45aec4bb,182964004,Terminal care,424132000,Non-small cell carcinoma of lung  TNM stage 1 (disorder)
ba1efe7a-984a-56f7-9e6e-c5795e837168,2006-11-02,,d222c28e-5243-3e44-8865-1fea384e9e86,6834cee9-3350-6871-d642-37661fd5f43d,53950000,Respiratory therapy,,
cb59841f-74ec-f25c-cffc-b198e86606f4,1980-04-03,,72ace43b-503f-ea81-b7ac-8b97e903f978,76158d68-dd1d-fa79-ed4c-859821aea5b1,698360004,Diabetes self management plan,15777000,Prediabetes
94a1e7ab-9800-2e03-13bf-9207261796d9,2010-10-09,,72ace43b-503f-ea81-b7ac-8b97e903f978,ce8e7052-1cee-1b5c-aed7-bf41524d71ce,408869004,Musculoskeletal care,239873007,Osteoarthritis of knee
69b8120b-8fb1-1f4c-0c8a-7b31d8feb735,2021-04-01,,72ace43b-503f-ea81-b7ac-8b97e903f978,dd26d156-7674-eb71-c570-44b988936156,443402002,Lifestyle education regarding hypertension,59621000,Essential hypertension (disorder)
15afa4eb-2f49-8794-e0ee-86faeaadc262,2011-02-04,,41a661d5-890c-8abf-d9a6-af8872a102bb,41356299-9203-8506-0ac1-a13d98467f77,443402002,Lifestyle education regarding hypertension,59621000,Essential hypertension (disorder)
36a5428a-0f55-1ba5-5123-3de8bd51d122,2020-12-02,,41a661d5-890c-8abf-d9a6-af8872a102bb,7a33d55e-ea60-698b-4367-c3b29158f34e,734163000,Care plan (record artifact),78275009,Obstructive sleep apnea syndrome (disorder)
8f4e12d5-df52-a7e1-4e36-427c143594d9,1980-12-11,,1c960d55-596c-0c8a-2dc6-3246e2ecf298,ce59a64a-1880-146b-977f-27fd8c6b8955,443402002,Lifestyle education regarding hypertension,59621000,Essential hypertension (disorder)
af74b5ec-e216-4ac6-8a2c-ab05b753ef0c,2007-05-31,,1c960d55-596c-0c8a-2dc6-3246e2ecf298,c3b1bd86-44d9-0f5b-e91e-b8c8110d7195,736285004,Hyperlipidemia clinical management plan,55822004,Hyperlipidemia
5b9eb475-955e-dea4-c793-61c6395e510b,2017-07-21,,1c960d55-596c-0c8a-2dc6-3246e2ecf298,921f4c5b-3db1-e266-279c-f09c97ae7e04,408869004,Musculoskeletal care,,
1e54372d-0143-899a-29f3-228efb9fe823,2017-11-30,2018-07-12,1c960d55-596c-0c8a-2dc6-3246e2ecf298,1903183c-972e-4f52-94f3-a4e4e69d64e4,53950000,Respiratory therapy,,
943b0213-b65f-9c36-0783-16ec21b423d5,1983-05-18,,8296782a-60c6-2b23-7b29-a5559a5ce249,8f799865-3eb7-0154-d0d3-22e2571f2935,443402002,Lifestyle education regarding hypertension,59621000,Essential hypertension (disorder)
e6d273e9-6ba9-577b-64d0-a05c2d15880c,2002-09-25,,8296782a-60c6-2b23-7b29-a5559a5ce249,3b65a9db-27ba-eea3-7f6b-4aacd1ead7e4,736285004,Hyperlipidemia clinical management plan,55822004,Hyperlipidemia
0e1ba444-453c-8815-fa04-397610e479d5,2011-11-30,,20394a5c-ec14-2758-b4ab-e4d44164929f,73accf5e-e547-fd7f-84b1-f95020c84282,698360004,Diabetes self management plan,15777000,Prediabetes
64778e76-213a-9376-e3b0-f112505e58f9,2014-09-13,2014-10-24,20394a5c-ec14-2758-b4ab-e4d44164929f,ee57b3f9-5660-88c6-c8a6-13dcd14263d1,773513001,Physiotherapy care plan (record artifact),70704007,Sprain of wrist
ecef37e1-de14-6acd-e6ab-963d8d523ba0,2014-09-24,2015-04-22,20394a5c-ec14-2758-b4ab-e4d44164929f,aac1fb1d-5e8a-d50a-fd26-a27a38199dd6,134435003,Routine antenatal care,,
9cba9adf-4054-1354-8633-5f86b7f20916,2017-06-20,2017-07-09,20394a5c-ec14-2758-b4ab-e4d44164929f,00ba0298-1e33-c2a8-1791-8de7dea64dc8,737471002,Minor surgery care management (procedure),,
4bc25a6e-b1af-93fa-0110-a92512c7f366,2015-09-22,2015-12-14,a4d8328c-b805-1ebf-57bd-151171fb6226,4259db7f-a69a-1fac-fec4-cae35a5e6930,773513001,Physiotherapy care plan (record artifact),,
05773e11-1ff0-7e3e-e2c6-93c6ff39ead5,2020-10-06,2021-09-18,a4d8328c-b805-1ebf-57bd-151171fb6226,584878a5-ba65-7a36-0817-404c0d93594d,53950000,Respiratory therapy,,
e8dd4464-6bff-0b60-9236-20c6072185ce,2021-03-28,2021-03-28,a4d8328c-b805-1ebf-57bd-151171fb6226,784ee906-7c7a-688f-575a-96eb42d7a111,736376001,Infectious disease care plan (record artifact),,
9051770d-e641-6eab-c5f5-49692eba9551,2021-03-28,2021-04-20,a4d8328c-b805-1ebf-57bd-151171fb6226,784ee906-7c7a-688f-575a-96eb42d7a111,736376001,Infectious disease care plan (record artifact),,
76b4ade7-fcc7-eecf-0e36-8f86e18408cb,2017-09-08,2018-04-13,ea384273-1e59-a46c-86b4-a131d0e93914,de8c2344-e60b-75bd-5515-f0328c8b732b,134435003,Routine antenatal care,,
5f073ee5-3133-a0b3-a4c1-fe2952ee0003,2018-08-31,2019-04-12,ea384273-1e59-a46c-86b4-a131d0e93914,2cf002b0-9445-14f7-6456-a954bb583b8e,134435003,Routine antenatal care,,
289862b5-a0a5-aecc-e065-08fefc6b4a15,2019-07-04,2019-07-19,ea384273-1e59-a46c-86b4-a131d0e93914,a809e503-8588-7874-df2f-d9dc728a2d25,737471002,Minor surgery care management (procedure),,
f55b22f6-6d24-4fd7-dc2d-110aa6fe5794,1994-11-24,,e1679118-20b6-cd9d-24c0-da0fb7b5440f,0ecb78bc-9804-c909-9f25-54934013883c,698360004,Diabetes self management plan,15777000,Prediabetes
f1bc297a-5b2e-6e40-7d65-27d1809be465,1995-08-29,,e1679118-20b6-cd9d-24c0-da0fb7b5440f,c19e3bfc-8b88-329a-376f-b33e796647c5,734163000,Care plan (record artifact),,
c08362d9-cdb3-bc89-0c55-478d711f9e05,1997-05-19,,e1679118-20b6-cd9d-24c0-da0fb7b5440f,38b7a88a-89be-8387-c42f-4582c8bacd77,408869004,Musculoskeletal care,239873007,Osteoarthritis of knee
a7a29c54-12bb-f2a4-0fdb-8f3752ef8950,2000-12-23,,e1679118-20b6-cd9d-24c0-da0fb7b5440f,cfa4d2e0-4cc8-7c13-fe78-c63165220936,736285004,Hyperlipidemia clinical management plan,55822004,Hyperlipidemia
965e444d-dbe2-4e36-ce16-a8bcd338d4c7,2016-03-29,2016-05-05,e1679118-20b6-cd9d-24c0-da0fb7b5440f,a22b9e33-e3c2-4416-da6b-5ea3bbefd2c1,773513001,Physiotherapy care plan (record artifact),,
3d1d39a4-8999-4665-fd5b-51e8a8b0411b,2007-05-13,,c74e0560-f65a-91cd-b94f-522df55018e6,47b717cc-49de-3bbb-a64f-b833bb3873fe,718361005,Weight management program,,
1977de9a-48bd-c895-7804-dfc36ad390e5,2011-06-05,,c74e0560-f65a-91cd-b94f-522df55018e6,d4eb0ff4-1fc2-1160-49d0-6b836f7bc6ad,698360004,Diabetes self management plan,15777000,Prediabetes
e4ab29ad-05ab-b6db-333b-c40f73f4a75f,2021-02-21,2021-05-10,dd977960-6942-a1dd-93a3-6bf87762061f,64a8057d-57b4-fccb-66a4-28d7a220dc44,773513001,Physiotherapy care plan (record artifact),444470001,Injury of anterior cruciate ligament
33a88ab0-201d-5bbf-05cb-174ad4202d9c,2015-03-02,2015-11-23,e81364eb-2d31-7a15-d0a0-82f77d5c7a7c,55a8a6b1-ae9f-7c0d-f6d7-0a56ca632f09,386522008,Overactivity/inattention behavior management,,
ae18975a-68f6-8b74-1f27-6cec6d79b4b8,2015-11-24,2016-03-03,e81364eb-2d31-7a15-d0a0-82f77d5c7a7c,9b490ae3-05c5-b9d3-e5bc-07135076319f,773513001,Physiotherapy care plan (record artifact),30832001,Rupture of patellar tendon
75d561fe-a27a-495c-3fda-ad354d84206f,2021-07-28,2021-10-19,38c505a5-8213-3be9-f00e-a5940fd2bb6b,1c84d37e-a333-901e-4a38-0ae2194cc984,47387005,Head injury rehabilitation,62106007,Concussion with no loss of consciousness
6747e95d-73ab-5571-715a-6f91e4342edc,2021-08-19,,38c505a5-8213-3be9-f00e-a5940fd2bb6b,f2226dae-e56d-e53b-8b3f-ecd79867af93,276239002,Therapy (regime/therapy),,
0c5b33fc-3e3d-5392-2c62-d26c5070d193,2013-09-18,2013-09-26,2dbbd0eb-0473-3da0-8c87-a334184a3f8a,c4c37f88-c451-9d1e-58a7-b581bcb71f8c,53950000,Respiratory therapy,,
2e61cbe3-9fee-3ccd-63e5-35e82e268345,2014-06-09,2014-07-16,2dbbd0eb-0473-3da0-8c87-a334184a3f8a,cda18303-5cee-a7cc-eecf-8ed28baa295a,47387005,Head injury rehabilitation,62106007,Concussion with no loss of consciousness
0efd9941-4bbd-5ad1-791b-d316348ff5a3,2019-09-03,,2dbbd0eb-0473-3da0-8c87-a334184a3f8a,a685ac55-2c49-2739-688c-967de2edd819,736372004,Discharge care plan (record artifact),,
de445b4b-b5bd-cd40-478b-58c205eb4cfe,2002-03-08,,c9960b06-8775-51b9-3fe9-8bd76fc5fbcb,bde3f2dc-6f78-82e1-9b3b-69c54ab9ec30,698360004,Diabetes self management plan,15777000,Prediabetes
9e80a290-73b6-24fa-ab89-a76509602355,2000-11-11,,e1ab30ba-5170-aea9-06bc-a4bdc85417fb,49c87e3e-ad32-e08a-6f89-55bdaedb9035,443402002,Lifestyle education regarding hypertension,59621000,Essential hypertension (disorder)
510379fb-31f4-69a5-16dc-b85dc595d43c,2000-11-11,,e1ab30ba-5170-aea9-06bc-a4bdc85417fb,49c87e3e-ad32-e08a-6f89-55bdaedb9035,698360004,Diabetes self management plan,44054006,Diabetes mellitus type 2 (disorder)
6d3752bc-7283-4538-fb64-4293fd97ef04,2018-03-10,,e1ab30ba-5170-aea9-06bc-a4bdc85417fb,fef6f3eb-6822-4260-e0ae-0ea44cc7ca11,736285004,Hyperlipidemia clinical management plan,55822004,Hyperlipidemia
e6abcafb-ea67-c551-acf3-52e6655e0f07,2021-05-05,,e1ab30ba-5170-aea9-06bc-a4bdc85417fb,47f164ad-8989-fa12-73c3-7b3c18338d31,408869004,Musculoskeletal care,201834006,Localized  primary osteoarthritis of the hand
3ae87d66-5733-cb1f-8d54-25088aaa4e4d,1988-05-12,,a88c786a-897d-6fac-cfb7-ba0497c94747,ae4d65ec-b188-a3f6-3810-027769682829,718347000,Mental health care plan,36923009,Major depression  single episode
443ceb2e-a8fe-81d9-84f6-937ef91e1465,1988-05-12,,a88c786a-897d-6fac-cfb7-ba0497c94747,9ff70bec-0dac-4d06-2095-ee7ff6234a41,736254008,Psychiatry care plan,370143000,Major depression disorder
b600a8a9-c879-aa13-5357-bd0b3204d3b8,1991-05-30,,a88c786a-897d-6fac-cfb7-ba0497c94747,9c3f0830-f9df-b553-ead2-79727157282d,734163000,Care Plan,,
705411e2-d4d7-a3fa-325a-87c3e2b649a2,1994-06-02,,a88c786a-897d-6fac-cfb7-ba0497c94747,f7a398a7-8851-004f-6061-3a8df77439b7,698360004,Diabetes self management plan,15777000,Prediabetes
43788055-c6dc-5070-1f0a-358b51860aed,2003-11-05,,a88c786a-897d-6fac-cfb7-ba0497c94747,de932d19-ea9d-1647-2ca5-902639d5e170,408869004,Musculoskeletal care,239873007,Osteoarthritis of knee
0fb452b6-b0d5-cdbf-ef23-903187dc9ac6,2011-04-07,,a88c786a-897d-6fac-cfb7-ba0497c94747,95d862f4-5219-a1c0-d215-9f11fcfac9be,443402002,Lifestyle education regarding hypertension,59621000,Essential hypertension (disorder)
bebc3212-54cd-c025-0243-6fb624e0fbe4,2014-09-25,2015-04-30,a88c786a-897d-6fac-cfb7-ba0497c94747,c1eda547-92ce-f469-bdab-8984d491d4d5,53950000,Respiratory therapy,,
e36b0737-67de-402d-447a-07999a804039,2020-08-27,2020-09-11,a88c786a-897d-6fac-cfb7-ba0497c94747,2f73d3f2-38b9-8d85-7f7f-c5afd9875235,225358003,Wound care,284549007,Laceration of hand
fd4d1cc8-daec-0d18-b264-3c46d809cf13,2023-05-20,2023-06-26,a88c786a-897d-6fac-cfb7-ba0497c94747,747f16f1-2037-720e-16db-4e5338748285,773513001,Physiotherapy care plan (record artifact),44465007,Sprain of ankle
26c403f8-5e3f-95e5-1ee8-cd60f22c768b,2015-02-14,2015-02-24,bb0a6cdb-d376-d68c-fada-9b97998d2cd7,e55439d5-1482-ddff-42da-67a62d15704e,53950000,Respiratory therapy,,
e8bd1972-f689-7ed9-27a5-28a8f2e0cfad,2015-09-07,2015-10-21,f4ec37c2-2940-82b8-bc16-8fb195a72f72,bfa0b74a-dc05-67d0-2a6d-1f7e4795a0d8,276239002,Therapy (regime/therapy),,
54d35827-522f-6a22-282e-38bf1c92866a,2016-02-14,2016-03-08,f4ec37c2-2940-82b8-bc16-8fb195a72f72,877ff807-131b-4273-b670-858b6d0f3a3e,225358003,Wound care,283371005,Laceration of forearm
961a40d7-2e2c-7b2b-09ba-4959e8ba57de,2019-12-09,2020-01-13,9685e81e-5fa8-e187-2e12-292f1cfe0c23,a3069b00-1a34-f93e-f06d-3c53618116bb,773513001,Physiotherapy care plan (record artifact),44465007,Sprain of ankle
d3c4943a-0dea-81ad-81ab-8372fb043101,2023-06-13,2023-10-18,9685e81e-5fa8-e187-2e12-292f1cfe0c23,3dab6518-a5bb-c85b-74e4-1b6839d587ac,53950000,Respiratory therapy,,
5e2868b5-bdb6-ba86-819d-1bf323a12967,2004-12-24,,2437ffa8-8193-3143-98f4-62e7851fa7f0,4a6228ed-d0da-be70-93c8-17e31868d0dc,443402002,Lifestyle education regarding hypertension,59621000,Essential hypertension (disorder)
74eebf91-f170-f6af-90a7-38a9e288a2a1,2020-07-26,2020-10-19,2437ffa8-8193-3143-98f4-62e7851fa7f0,6e386dcc-4aec-50f7-cd84-290c47105bd2,773513001,Physiotherapy care plan (record artifact),,
d90c8d62-9f53-a38c-2264-7e6377388e86,1972-10-09,,08c1d2d8-e3fc-9abd-3341-ab80e55a6e9d,a0df521a-656a-f048-4317-e861376a4b9b,698360004,Diabetes self management plan,15777000,Prediabetes
639dbf48-d3d7-8f89-8fef-02ceac81c007,1995-09-29,,08c1d2d8-e3fc-9abd-3341-ab80e55a6e9d,788e7da0-3eb6-5286-4ffc-0c4b5d17c024,734163000,Care plan (record artifact),,
8aad1dbb-50d1-cea3-6014-9aa92050b162,2000-09-04,,08c1d2d8-e3fc-9abd-3341-ab80e55a6e9d,99c19b69-65d5-e4b4-ab01-d8ebe8e2f552,443402002,Lifestyle education regarding hypertension,59621000,Essential hypertension (disorder)
3a676b5e-131d-9dbb-2a8a-9a30ee957b01,2010-02-22,,08c1d2d8-e3fc-9abd-3341-ab80e55a6e9d,7050371b-c133-7026-8d66-8dec20bfda70,736285004,Hyperlipidemia clinical management plan,55822004,Hyperlipidemia
d8dd1f5c-6cdd-2990-878d-27dc4ce21f3f,2020-12-14,2020-12-14,08c1d2d8-e3fc-9abd-3341-ab80e55a6e9d,9695aaeb-cc8d-ca81-b86f-d10d77d21733,736376001,Infectious disease care plan (record artifact),,
056c8be9-3c60-68eb-2978-54e477b0487c,2020-12-14,2021-01-15,08c1d2d8-e3fc-9abd-3341-ab80e55a6e9d,9695aaeb-cc8d-ca81-b86f-d10d77d21733,736376001,Infectious disease care plan (record artifact),,
b33f5c7c-6f9d-d230-84df-6b7e9de7a57f,1975-04-16,,baf03bd2-6a6e-c335-c8f0-48f1e99fdaad,5a6092fb-a2ea-f163-b0d9-48e33306716d,384758001,Self-care interventions (procedure),,
7475c2a2-e655-fc18-0e8d-cf004383c6ca,1999-06-18,,baf03bd2-6a6e-c335-c8f0-48f1e99fdaad,063357c0-228a-b44e-fb13-ecac8ff4830d,698360004,Diabetes self management plan,15777000,Prediabetes
b4b71476-7ca4-8238-07f9-a419fb05dce0,2005-05-27,,baf03bd2-6a6e-c335-c8f0-48f1e99fdaad,24866bc8-b29b-3216-9cb2-5c65da81a169,134435003,Routine antenatal care,,
d4e8d3f0-6ce6-61d2-7993-7adc5cfedbc9,2017-06-02,,baf03bd2-6a6e-c335-c8f0-48f1e99fdaad,d514dd9d-ce16-b338-d9fa-ae26ebfc05e3,736285004,Hyperlipidemia clinical management plan,55822004,Hyperlipidemia
3d3c5494-6018-396c-0a9e-c491f637b6b7,1996-11-19,,acbf1c0d-5041-7d36-75c2-ac07dce11a7d,9058ff8b-cfa0-e8cd-d2e1-5e87fb80949c,384758001,Self-care interventions (procedure),,
91845d66-b890-4874-f999-78a1494c786c,1999-07-13,,acbf1c0d-5041-7d36-75c2-ac07dce11a7d,fed372ee-49e4-4072-c42f-ce34635b4b91,699728000,Asthma self management,233678006,Childhood asthma
9ac3cc86-5cd6-9f62-f785-04174b7d28ce,2016-11-30,2017-06-14,acbf1c0d-5041-7d36-75c2-ac07dce11a7d,1ebb4393-a994-56b6-9aed-52123693374a,134435003,Routine antenatal care,,
4f06bedd-9c8b-0d77-c8e3-0916bbefa041,2019-09-21,2019-10-16,acbf1c0d-5041-7d36-75c2-ac07dce11a7d,7c2a2a5e-2a31-9744-925d-662aea71f7c4,225358003,Wound care,284551006,Laceration of foot
b7cfef6c-647d-89a6-b246-ba14ee6e8818,2023-05-06,2023-10-17,4d732e0b-8434-bf7d-007f-34f307fb587d,df11b084-9571-99c8-749d-3b6c0340816a,53950000,Respiratory therapy,,
734b233d-cd7d-eb29-7896-cea328f3825b,2017-08-19,2017-10-14,b7b4880a-502d-3d47-4653-8cd222eb00bc,754e3e28-718a-991b-7ebc-7a07f705fd41,385691007,Fracture care,65966004,Fracture of forearm
6465cce3-e252-7ce5-bd40-2f4fd46baaa2,2020-11-22,2020-11-22,b7b4880a-502d-3d47-4653-8cd222eb00bc,2ee2f2e6-a2dd-6a67-a814-97eda9637006,736376001,Infectious disease care plan (record artifact),,
32b61828-6aa7-1d95-2221-718685ba518f,2020-11-22,2020-12-22,b7b4880a-502d-3d47-4653-8cd222eb00bc,2ee2f2e6-a2dd-6a67-a814-97eda9637006,736376001,Infectious disease care plan (record artifact),,
be1d95a0-fe72-3dcd-aac4-909effb187a1,1985-08-27,,20ae52b7-9c76-8ded-6c83-5a0749c31220,e654f02c-a9cd-b639-2db0-a841e099d3ff,384758001,Self-care interventions (procedure),,
1d3de317-7cac-87a3-df69-54e7d6be58e5,1988-04-04,,20ae52b7-9c76-8ded-6c83-5a0749c31220,6150d476-c8da-9ef8-ec2e-e9d128485861,699728000,Asthma self management,233678006,Childhood asthma
a986cd53-be15-7921-deec-ad23adbeea60,2015-08-22,,20ae52b7-9c76-8ded-6c83-5a0749c31220,cd0740be-b7cf-1f95-9377-7d64829b99c3,698360004,Diabetes self management plan,15777000,Prediabetes
1bc70c0e-0115-4c77-4944-c7c12c90f79c,2017-09-08,2017-09-16,20ae52b7-9c76-8ded-6c83-5a0749c31220,5c2d1204-6769-3e91-5c7c-6b5bd80260e7,53950000,Respiratory therapy,,
6fa7a274-1dc2-8266-bebc-35bcb8c16bed,2018-11-29,2019-02-04,20ae52b7-9c76-8ded-6c83-5a0749c31220,0a76b044-0fae-bcf9-3541-5c24535ac122,385691007,Fracture care,263102004,Fracture subluxation of wrist
fb162624-b67d-9ee9-f952-5a0080b77ad7,2021-05-17,2021-05-17,20ae52b7-9c76-8ded-6c83-5a0749c31220,a45dab67-86c9-bbad-12af-16fad6927fca,736376001,Infectious disease care plan (record artifact),,
d7d29cf3-ad5e-8948-60c7-85369dcf49d4,2021-05-17,2021-06-13,20ae52b7-9c76-8ded-6c83-5a0749c31220,a45dab67-86c9-bbad-12af-16fad6927fca,736376001,Infectious disease care plan (record artifact),,
baa22b37-f2b0-0159-465d-438e8a49a1f8,2016-08-07,2016-10-30,a002effa-2186-328c-6632-b3878de84b6c,634786e5-e469-a47a-669a-4e416a056ac7,773513001,Physiotherapy care plan (record artifact),239720000,Tear of meniscus of knee
715ae773-021c-6e70-2f15-853fe2ef1e1d,2021-08-27,2021-09-12,a002effa-2186-328c-6632-b3878de84b6c,dc3ed63e-c973-6dd0-ef74-720bda441aa4,225358003,Wound care,370247008,Facial laceration
82ecdb70-89b7-3c23-3c9e-948af6d48e14,1983-12-26,,96f15bbb-5548-de2c-8fb0-72174184965b,b139b59c-ae71-71b1-cc3c-8c3c06848114,698360004,Diabetes self management plan,15777000,Prediabetes
768ca21d-fe73-1b1d-278d-66b130336b92,2006-11-13,,96f15bbb-5548-de2c-8fb0-72174184965b,312f3567-53db-da9a-a669-dd03653f3028,736285004,Hyperlipidemia clinical management plan,55822004,Hyperlipidemia
ff349081-9d78-81d5-a885-0b5f729f1028,2014-03-17,,96f15bbb-5548-de2c-8fb0-72174184965b,f6b2ae3e-f113-0bb9-6261-80f17d255006,276239002,Therapy (regime/therapy),,
8459b960-ed9b-6977-86db-f92bd45287f5,1987-05-13,,2347468c-c483-f9fc-694f-0b3d2d446447,ae814f0f-f975-73b6-e889-4304537c43d6,443402002,Lifestyle education regarding hypertension,59621000,Essential hypertension (disorder)
443f4d5b-ad9e-7584-c6d9-5fe8552637ba,2017-08-22,2017-12-18,2347468c-c483-f9fc-694f-0b3d2d446447,934cc6f1-1027-4cb7-dd16-f180af3f4470,385691007,Fracture care,263102004,Fracture subluxation of wrist
fabc5081-7cba-dc94-93a9-4dd269b9b2ca,2022-01-10,2022-01-24,2347468c-c483-f9fc-694f-0b3d2d446447,4e3e5eaf-09ca-de38-4770-d89953b13464,225358003,Wound care,370247008,Facial laceration
8d9bb4ef-0ff2-fe50-395c-03c81206cd0b,2022-11-21,2022-12-09,2347468c-c483-f9fc-694f-0b3d2d446447,869da301-656a-a98c-2ac9-0137d22b1f23,53950000,Respiratory therapy,,
aa2065fc-8155-00d7-ee1d-a3546ad80eaa,2016-03-09,2016-11-02,6a1699f8-e6c4-b5d9-5b29-c3faef367627,3d6c816c-5102-4061-8352-d60e20abe420,53950000,Respiratory therapy,,
fedb2ce8-1b11-8883-9e2c-a80adface29d,2017-04-12,2017-11-29,6a1699f8-e6c4-b5d9-5b29-c3faef367627,afa010c7-53f3-d782-39a4-b4b84d0e01ca,134435003,Routine antenatal care,,
5afdb6aa-23e1-dfaf-ade2-ca65db2a9556,2017-04-29,2017-05-28,6a1699f8-e6c4-b5d9-5b29-c3faef367627,c285fe9c-5fbd-c2a5-8f89-1f1f94e7d7fe,773513001,Physiotherapy care plan (record artifact),70704007,Sprain of wrist
4970fe92-6b2b-a39e-e012-e0c6b461fa76,2021-10-31,2021-12-08,6a1699f8-e6c4-b5d9-5b29-c3faef367627,54c276a0-6ab2-dec3-5ada-2b93d2c50a8e,773513001,Physiotherapy care plan (record artifact),44465007,Sprain of ankle
bd0facc4-a7c9-7aee-a941-1be936260a68,2023-10-13,2023-12-09,6a1699f8-e6c4-b5d9-5b29-c3faef367627,dac1f049-5155-c31d-458e-97de83b83d4d,385691007,Fracture care,58150001,Fracture of clavicle
3b0f7133-fd14-548f-4961-775cae9f0b9f,2022-12-18,2023-01-05,ba8793c4-fff4-5f3a-4e95-48fd73a88228,e868bd63-6676-92d3-ebd0-95736ada78af,225358003,Wound care,284549007,Laceration of hand
8c47a2c8-7323-c5c7-49f2-072c9a8dfef4,2017-08-07,,778f77fb-a4c5-babc-4063-4f98097d2db6,842fe625-08e9-81f0-3f8b-4c401882a698,443402002,Lifestyle education regarding hypertension,59621000,Essential hypertension (disorder)
13584750-7f5c-4662-efa7-1f9d24607909,2011-08-30,,ff2f4cb6-8a80-e190-fc98-869cd1909e54,772187d6-ecbd-c825-c03f-15a4fce98754,384758001,Self-care interventions (procedure),,
18dad96b-2d79-0507-330f-f90b3ca3d844,2015-08-16,2016-07-26,ff2f4cb6-8a80-e190-fc98-869cd1909e54,71fb9425-6b91-01cb-4b1e-d7f720889449,53950000,Respiratory therapy,,
621b9baf-e5ad-7a22-9128-cb689cfaece3,2017-03-26,2017-08-01,ff2f4cb6-8a80-e190-fc98-869cd1909e54,892f17f3-5119-674a-174d-d95d0fd1dc62,53950000,Respiratory therapy,,
44e76548-ce42-dac2-bcc0-be7adb383f54,2023-08-15,,ff2f4cb6-8a80-e190-fc98-869cd1909e54,a9afc7b7-f7f4-b85f-0b68-c590eee617ef,170836005,Allergic disorder monitoring,,
15193555-0aea-4c0e-de6d-dd88ab012ba5,2016-06-17,2016-08-09,9c3e32ff-65c4-8943-5058-b04271a3ee51,6039f7f2-ae9e-3012-db2a-f51227998e33,408869004,Musculoskeletal care,,
f51d3a87-6e8c-1697-82a9-b46e927244b8,2019-10-06,2020-05-10,9c3e32ff-65c4-8943-5058-b04271a3ee51,88bb8be2-d3a5-90a3-f2dc-e771378c8fc2,134435003,Routine antenatal care,,
2ee1f74a-f58b-ef51-878e-c5145ac06b60,2021-09-05,2022-04-10,9c3e32ff-65c4-8943-5058-b04271a3ee51,9155cb4f-e6a3-bb51-33c5-7b81580add12,134435003,Routine antenatal care,,
ee1fb93a-069a-77ae-4b6b-8ffceb0dc239,2022-07-06,2022-07-26,9c3e32ff-65c4-8943-5058-b04271a3ee51,497f2526-59e3-9b83-b058-cbe06725e648,737471002,Minor surgery care management (procedure),,
0ffd55ba-0d1c-cafc-46c7-42110d3b323b,2022-08-14,,9c3e32ff-65c4-8943-5058-b04271a3ee51,06a6d518-4f64-2eab-0180-79c876ebefe8,443402002,Lifestyle education regarding hypertension,59621000,Essential hypertension (disorder)
dd60ad2d-75a3-aff3-8a7b-3191d0033229,2014-04-01,,3e070142-691a-d19f-e99d-e7393ada271a,1c095ddc-5ed1-d13e-2cef-db48b4072bed,384758001,Self-care interventions (procedure),,
42db6508-a6e8-7be5-f899-08efa50ce363,2016-10-28,2017-02-02,3e070142-691a-d19f-e99d-e7393ada271a,9839d8e6-8484-1651-0f06-df326a23e3c2,773513001,Physiotherapy care plan (record artifact),444448004,Injury of medial collateral ligament of knee
d3489168-ba37-c95a-91a2-f2c3650b6f49,2020-08-09,2020-09-20,3e070142-691a-d19f-e99d-e7393ada271a,3b3567ec-1b88-6b8e-e0f0-b394d71d25a5,53950000,Respiratory therapy,,
d877b95f-2e3a-152d-7e09-540bf90b757f,2022-08-20,2022-11-16,3e070142-691a-d19f-e99d-e7393ada271a,e3e2d9a6-ece2-886b-20fb-60a1e2cfa8a0,385691007,Fracture care,263102004,Fracture subluxation of wrist
537930a9-1ab4-a814-f58a-4164293259ba,2023-10-08,,3e070142-691a-d19f-e99d-e7393ada271a,7088c3ad-453e-2c68-efea-45d3c0d1c0d1,718361005,Weight management program,,
4f559319-6abc-509d-ab01-8ba0d47e0d12,2019-04-14,,cbaa4937-0692-87ad-9b50-aaa1b58a1216,740f903d-c24c-8b7f-4bf1-515adb6d7a34,384758001,Self-care interventions (procedure),,
0737ad4f-d907-42c9-c6f7-43082cd6e92b,2020-01-22,2020-04-22,cbaa4937-0692-87ad-9b50-aaa1b58a1216,eb30c560-ec1b-07e1-b727-ae0a6f0c7b54,53950000,Respiratory therapy,,
f895aadc-4bb9-e9e1-b0d6-1aef9b1294e2,2022-06-02,,cbaa4937-0692-87ad-9b50-aaa1b58a1216,423553d2-d573-8713-d060-267859f97a83,699728000,Asthma self management,233678006,Childhood asthma
26fa6cb2-ca6e-4904-9598-285bb3d52d01,2002-07-10,,cb4c0c72-535b-6a8d-fb1a-a006385fb848,19a557b0-5697-a510-aabe-ab560e7c18cc,698360004,Diabetes self management plan,15777000,Prediabetes
db18aa16-a0b2-445e-1a2d-c82d422ab79d,2013-05-08,,cb4c0c72-535b-6a8d-fb1a-a006385fb848,fbde58a8-4893-ed3d-ee1b-55da681e7020,443402002,Lifestyle education regarding hypertension,59621000,Essential hypertension (disorder)
33c7733e-80e8-27f6-3508-5445dc4888cb,2016-06-13,2016-08-25,cb4c0c72-535b-6a8d-fb1a-a006385fb848,5ca225fe-6e7c-5feb-cfa1-fd5c0b7ae199,47387005,Head injury rehabilitation,62106007,Concussion with no loss of consciousness
01dd291b-456d-beed-6ed8-b0618789ea6f,2018-06-27,,cb4c0c72-535b-6a8d-fb1a-a006385fb848,e27a5097-c8c7-b40e-e662-bd2369e797f9,736285004,Hyperlipidemia clinical management plan,55822004,Hyperlipidemia
007e9b66-b522-6615-727e-e13815ea925e,1990-03-29,,0192f7ad-5477-d718-e83e-e2b4442b4239,a25a2b77-dae1-0584-3650-8e657cddc858,711282006,Skin condition care,24079001,Atopic dermatitis
f555e8e2-1b1e-a890-3bbf-48972cc84f3c,1990-09-25,,0192f7ad-5477-d718-e83e-e2b4442b4239,44a8dd11-6eed-d780-e7c8-01356e581792,384758001,Self-care interventions (procedure),,
dd9598ac-2b34-3f63-03db-d6cae7c7d406,2017-09-08,2018-04-06,0192f7ad-5477-d718-e83e-e2b4442b4239,d7895d87-303c-500c-aba4-abe6e3a30d52,134435003,Routine antenatal care,,
96e60e40-dae2-ecee-083f-4f5ac1563485,2013-09-14,2014-09-06,e29b2669-32e6-a59d-95d5-d28a64ad48c8,4f49073d-2307-2336-3d68-a702b32cadc1,53950000,Respiratory therapy,,
03aae379-a4ea-2670-f7fa-6244e2ba2f64,2019-12-08,2019-12-28,0192f7ad-5477-d718-e83e-e2b4442b4239,08fce556-d752-6a9e-b177-4ad77669869b,773513001,Physiotherapy care plan (record artifact),44465007,Sprain of ankle
13c797fc-ea7c-0b1a-1d00-28c8f9edc5c5,2017-12-18,,e29b2669-32e6-a59d-95d5-d28a64ad48c8,1e133aec-c846-e2a7-6588-9e6c12c4ca83,276239002,Therapy (regime/therapy),,
683ba80d-1ce2-4598-ce6c-21c4e56ffce8,2021-07-03,2021-07-22,e29b2669-32e6-a59d-95d5-d28a64ad48c8,2d145129-f28e-5caf-6130-1e00800ec146,53950000,Respiratory therapy,,
8e8a35cb-0829-be84-ca7b-3d1cfbc9a6ec,2022-01-14,2022-08-19,0192f7ad-5477-d718-e83e-e2b4442b4239,170f0e3e-5b43-d363-c005-509bde1a561d,134435003,Routine antenatal care,,
be5d3407-9806-9fd3-6c50-a55f01034cec,1963-01-03,,e76c0c2d-4201-b66f-f75a-f6b7b6e07546,0746134a-511d-2960-6612-3d732d1bb508,384758001,Self-care interventions (procedure),,
14f4f84b-e523-d9f8-9529-591a7698bbf9,2006-06-26,,e76c0c2d-4201-b66f-f75a-f6b7b6e07546,78b5f894-6713-4c1d-24d4-5b1fdffac936,443402002,Lifestyle education regarding hypertension,59621000,Essential hypertension (disorder)
7ea9ddf7-1258-4fa6-5eee-13bd4f9a3bbe,2006-06-26,,e76c0c2d-4201-b66f-f75a-f6b7b6e07546,78b5f894-6713-4c1d-24d4-5b1fdffac936,698360004,Diabetes self management plan,15777000,Prediabetes
00ff7e83-7d0e-4fad-7392-b5d175ac22ef,2014-03-28,,e76c0c2d-4201-b66f-f75a-f6b7b6e07546,a3b1ae72-181f-4463-467d-66e27efb93bc,276239002,Therapy (regime/therapy),,
f4a23c75-9edc-8762-2efa-61a6137bc1d1,2021-11-27,2022-02-06,e76c0c2d-4201-b66f-f75a-f6b7b6e07546,47f4f484-d29c-1dec-e27e-9d6e68fdbbf9,773513001,Physiotherapy care plan (record artifact),444448004,Injury of medial collateral ligament of knee
b8b86149-deb4-2351-b58c-015300c2d3f5,2016-04-30,2017-03-11,536d95ca-602e-f8c4-8cd6-a886c34463a9,75730f56-8fa6-0347-2e1e-25a6847333d4,53950000,Respiratory therapy,,
26cf6987-3dbe-8999-84d1-1652181e0936,2017-03-11,,536d95ca-602e-f8c4-8cd6-a886c34463a9,e6665b55-927d-3687-9909-96c60a6bc3b6,698360004,Diabetes self management plan,15777000,Prediabetes
