Id,START,STOP,PATIENT,ENCOUNTER,CODE,DESCRIPTION,REASONCODE,REASONDESCRIPTION
a90de060-62be-1fa7-6f18-dc89a34d1ab8,2009-06-30,,1403606b-d7d5-852d-157b-380b1392db8b,6a4ca5d5-211f-e565-3719-73144113358c,698360004,Diabetes self management plan,15777000,Prediabetes
a4057bf6-1c35-020f-69e2-7b5b87ef8c79,2014-11-26,2015-07-01,f6e01e50-e807-4934-c481-3e9282d90761,b54db24c-dd56-5351-42b9-7edab8fda713,134435003,Routine antenatal care,,
c7282bc2-78fd-51dc-d97d-4b49be5ef109,2019-11-22,2020-09-01,1403606b-d7d5-852d-157b-380b1392db8b,2d1f8797-a99a-eaf1-f4dd-7db1d312e71b,53950000,Respiratory therapy,,
aeb6d09b-ef93-5c98-8bb8-18ba80875e5e,2018-05-30,2018-12-26,f6e01e50-e807-4934-c481-3e9282d90761,3db49a52-a5f1-abc6-0b80-67faf35d030d,134435003,Routine antenatal care,,
11360101-5676-e038-7d01-ca12956e4bb1,2021-06-23,2022-01-26,f6e01e50-e807-4934-c481-3e9282d90761,8984d568-03d7-9b18-26e6-086d46bf2499,134435003,Routine antenatal care,,
b3aa4d3a-f9d6-1aca-04b1-260b743c8aa1,2024-01-03,,f6e01e50-e807-4934-c481-3e9282d90761,08796045-f518-d65a-1fe9-b07b15b008f4,134435003,Routine antenatal care,,
24794c1e-a91b-4784-b70a-83907c1d8b25,1960-04-16,,7d699108-2dcd-9341-d11a-be39c2d37380,ad9672f6-049d-eb7c-6c6e-68d783635b02,384758001,Self-care interventions (procedure),,
97801e38-4631-e6f7-61f4-2d0577fab311,1968-10-16,,7d699108-2dcd-9341-d11a-be39c2d37380,926b04d9-7ef0-cbd7-c2cd-2f22710e1d48,718361005,Weight management program,,
100a7829-74eb-8261-d1b0-58747ee531cc,1990-01-30,,7d699108-2dcd-9341-d11a-be39c2d37380,3f2243e0-8330-046f-e8c2-b2824d85dbd6,408869004,Musculoskeletal care,239872002,Osteoarthritis of hip
4b9ee622-705f-9524-c864-334393513464,1997-01-01,,7d699108-2dcd-9341-d11a-be39c2d37380,0cc02a30-0aef-2f90-713d-366eb7dc00ab,698360004,Diabetes self management plan,15777000,Prediabetes
dee61a84-bfd6-4b7b-b880-a359fcdde87d,2014-04-02,,7d699108-2dcd-9341-d11a-be39c2d37380,d3ac7591-1356-9527-3d14-412788a71955,276239002,Therapy (regime/therapy),,
835c75a6-d2b7-cf6e-1970-1839b2009006,2020-11-18,2020-11-18,7d699108-2dcd-9341-d11a-be39c2d37380,0c46616b-b934-28f4-1fc6-5d093cb2ceae,736376001,Infectious disease care plan (record artifact),,
74a1cd4c-a858-709f-40ad-8d6278086545,2020-11-18,2020-12-06,7d699108-2dcd-9341-d11a-be39c2d37380,0c46616b-b934-28f4-1fc6-5d093cb2ceae,736376001,Infectious disease care plan (record artifact),,
509e769a-b30f-b0bc-9da0-0cc4580a183b,2021-10-10,2021-12-29,7d699108-2dcd-9341-d11a-be39c2d37380,22e3b518-28e1-1896-c173-7126c07107a2,133901003,Burn care,403191005,Second degree burn
d425e76c-b755-497e-81dd-e8ccd564a081,2022-07-07,2022-11-28,dfaaab2c-82c0-2fde-7663-3ad53aec209b,4d580680-5d38-ed2b-8951-457fed9fed3a,53950000,Respiratory therapy,,
e852c675-98ad-8f46-5c16-79fc7629e130,2016-10-21,2016-12-24,5d107800-9bc3-8c37-d3af-49ee0acc5782,5f899a1e-52da-9acd-8f71-81985ad699be,53950000,Respiratory therapy,,
740de6de-2733-3ee0-9a9d-ff2cd01c9b99,2021-01-18,2021-01-18,5d107800-9bc3-8c37-d3af-49ee0acc5782,5ee97e80-3087-9a1c-1167-b097ac738061,736376001,Infectious disease care plan (record artifact),,
93d2e140-1e68-493d-b64e-06f96101f242,2021-01-18,2021-02-23,5d107800-9bc3-8c37-d3af-49ee0acc5782,5ee97e80-3087-9a1c-1167-b097ac738061,736376001,Infectious disease care plan (record artifact),,
8f538512-f22b-d638-00f8-0a83795c7ae3,2022-12-12,2023-01-19,5d107800-9bc3-8c37-d3af-49ee0acc5782,45d29a18-d2fe-1d1a-c065-04bb972ce6a8,385691007,Fracture care,263102004,Fracture subluxation of wrist
f6280aff-6934-cb8d-f94b-ec44085279b0,2023-03-25,2024-02-03,5d107800-9bc3-8c37-d3af-49ee0acc5782,815e890e-1f45-f48a-ce1c-a2fb171e2c39,53950000,Respiratory therapy,,
82d6afe4-0f39-330b-4fdb-b0ff636fb30e,2021-07-30,2021-08-30,5173099d-15ec-5a97-aaad-d06b34c40543,8354f7cf-6009-1e2a-067e-cebb4ea14163,773513001,Physiotherapy care plan (record artifact),70704007,Sprain of wrist
31d48be1-fc65-c3cd-58c3-698865b58db7,2022-08-17,2022-09-07,5173099d-15ec-5a97-aaad-d06b34c40543,e324dc0b-4781-34f6-2d83-5baadd38888d,225358003,Wound care,283385000,Laceration of thigh
67c42f73-30ad-8408-0086-29949ba6bc92,1988-04-28,,5d987308-f2bd-55aa-1d7d-310def847dea,72da5afe-8339-b0bc-1c5e-354538a1cd87,698360004,Diabetes self management plan,15777000,Prediabetes
3a4bf60f-b1fc-d819-5995-21dc2aaabe80,2005-02-12,,5d987308-f2bd-55aa-1d7d-310def847dea,dea2dfb0-8f85-fb46-6b98-38f5991f8a3c,408869004,Musculoskeletal care,201834006,Localized  primary osteoarthritis of the hand
b40759da-fe08-b679-2f4e-301ffdc82be4,2011-03-17,,5d987308-f2bd-55aa-1d7d-310def847dea,8e743381-72b0-20d4-033d-f2ac22ec748d,443402002,Lifestyle education regarding hypertension,59621000,Essential hypertension (disorder)
80eb5cd9-5448-69a9-b026-7f7e6b00e9e8,1982-12-11,,40a64f03-2cb7-7599-3bd0-116ed92fe338,d796737d-b9db-268b-153e-ef3314d48621,443402002,Lifestyle education regarding hypertension,59621000,Essential hypertension (disorder)
585c36c5-eac6-be84-643c-f631cfec9b14,2023-04-26,,40a64f03-2cb7-7599-3bd0-116ed92fe338,a292196b-dbfe-6c3c-f479-e9fc06de0445,735984001,Heart failure self management plan,88805009,Chronic congestive heart failure (disorder)
31e1fb4a-3d81-f566-acbc-e76863309d36,2023-10-23,2023-10-29,40a64f03-2cb7-7599-3bd0-116ed92fe338,cfe4aad9-0ce4-3cd5-37f0-bea8cf01de4d,736353004,Inpatient care plan (record artifact),88805009,Chronic congestive heart failure (disorder)
a6415caa-86b9-b1b1-f346-9f7d00fa3f2b,2024-04-08,,40a64f03-2cb7-7599-3bd0-116ed92fe338,e8cea761-53ce-5c32-8a8c-b3a295a0a231,385691007,Fracture care,263102004,Fracture subluxation of wrist
4156c007-7306-d93d-6c70-81601cfed5d3,2000-05-21,,e630425f-0482-afed-82e1-2aa90842488a,c41d9488-a6c9-33a9-e72c-7a7ae2c67182,698360004,Diabetes self management plan,15777000,Prediabetes
17e88962-addb-1822-f6fd-d0d59ec6668b,2003-10-12,,e630425f-0482-afed-82e1-2aa90842488a,ca7652e3-53b3-1a4b-f016-454e97ba6da0,443402002,Lifestyle education regarding hypertension,59621000,Essential hypertension (disorder)
09191dc4-c21d-b743-14c6-2492410ea69e,2014-03-07,2014-12-14,e630425f-0482-afed-82e1-2aa90842488a,a67d7c1c-4559-4831-7ff4-d00f3e379a57,53950000,Respiratory therapy,,
8c848bfd-93f1-b3a2-d984-c7c880b7b437,2015-07-17,,e630425f-0482-afed-82e1-2aa90842488a,f3705b58-2859-1d50-aeb0-93c98da66422,408869004,Musculoskeletal care,201834006,Localized  primary osteoarthritis of the hand
0183179c-d80e-c1c3-5b7b-404eec4ea7b5,2017-04-04,2017-12-31,e630425f-0482-afed-82e1-2aa90842488a,a064f0a9-f4fb-339b-e660-c24d5600b766,53950000,Respiratory therapy,,
88ccc1e7-5341-6e8a-26bd-3bfcd3101f74,2014-07-21,2014-10-20,8baaae7c-b81e-2e21-0578-fa0b24e0d7aa,207f2c46-b464-38e4-cd75-77d76bb609a3,385691007,Fracture care,263102004,Fracture subluxation of wrist
d2389c58-574b-7372-f213-ba7bf3f3f0cf,2018-12-25,2019-03-16,8baaae7c-b81e-2e21-0578-fa0b24e0d7aa,1ed96ac4-2fa0-163b-d35e-0743acad971a,385691007,Fracture care,263102004,Fracture subluxation of wrist
146de797-756e-1c6a-1055-89792b79009d,2015-02-10,2015-04-07,1cd4be47-c495-9bb9-8b41-9c377671bf09,5db658e1-0e73-a4dd-b940-840b7a97f704,385691007,Fracture care,65966004,Fracture of forearm
bd5847ec-30ec-a744-bc6e-9d77feb5511a,2024-07-03,2024-07-11,1cd4be47-c495-9bb9-8b41-9c377671bf09,f587c228-d9e7-9f77-c9fd-9fa5a4ba4964,53950000,Respiratory therapy,,
04612f79-eb2c-7206-7be0-63b8536c992f,2016-08-16,2016-08-30,f503f081-8143-5773-bd66-79480469b129,921800a0-bbb1-03dc-6779-6e2b724a1cc8,53950000,Respiratory therapy,,
68db3a18-4663-d546-0464-9eca9891f4d2,2019-01-20,2019-02-26,f503f081-8143-5773-bd66-79480469b129,1f6592b1-7882-f538-0be5-245bdd42e0ab,773513001,Physiotherapy care plan (record artifact),44465007,Sprain of ankle
b39f46bd-1e38-308a-4e5e-a271bde227cd,2010-01-04,,9e38058e-f3b3-ce14-8205-1950929620e2,a5fa215e-c85b-0bb8-00c0-106f06badcb6,698360004,Diabetes self management plan,44054006,Diabetes mellitus type 2 (disorder)
096b389a-51ef-d11f-e580-19b5dc6b8f8d,2021-03-22,2021-05-07,f503f081-8143-5773-bd66-79480469b129,9dcce027-e816-8645-a913-bae465ad2b0d,385691007,Fracture care,58150001,Fracture of clavicle
6414b519-e6b0-1cce-f8ae-9bb6c14e8960,2024-03-16,2024-04-29,f503f081-8143-5773-bd66-79480469b129,ebe62f20-bafb-3f88-7c51-d8606681af68,276239002,Therapy (regime/therapy),,
1ecf8450-82d4-c97d-3a51-7938183f3bff,2018-12-02,2019-09-12,9e38058e-f3b3-ce14-8205-1950929620e2,3cc0ab40-0296-2d36-97d7-f5d5926c38bb,711282006,Skin condition care,40275004,Contact dermatitis
ff2428fb-31a3-433f-5b15-834a3d6f6043,2018-12-20,,9e38058e-f3b3-ce14-8205-1950929620e2,4790e6ed-51aa-82ac-21f4-c0c1ab17153e,384758001,Self-care interventions (procedure),,
e2ecdf40-a465-530c-beeb-aecf403b2e4c,2018-12-20,2023-01-26,9e38058e-f3b3-ce14-8205-1950929620e2,aeb9230e-3f8d-9466-8229-8b9fd0abad65,170836005,Allergic disorder monitoring,,
bbb72ad8-04d9-18b3-7a83-9cb265feef87,2016-02-26,2016-03-06,39e28f75-f985-4053-4bb4-03cca9187826,ff0b8060-b47c-d6ba-b22a-0bc9fdfc28df,53950000,Respiratory therapy,,
96b719d3-17b7-b836-3494-6c2f13e00ff4,1999-10-31,,4e3f9519-870e-9edb-2332-f05677ac1c65,5c794f6d-a004-b615-1ddc-4d5155d605d2,698360004,Diabetes self management plan,15777000,Prediabetes
dc971180-7c34-01a6-02b7-b4b8a97d7761,2006-09-07,,4e3f9519-870e-9edb-2332-f05677ac1c65,a1577468-cf53-f2ec-add6-67fe1d994e66,734163000,Care plan (record artifact),78275009,Obstructive sleep apnea syndrome (disorder)
5166a23a-df38-19cb-7218-74475cf20155,2008-08-24,,4e3f9519-870e-9edb-2332-f05677ac1c65,eb529054-7c51-8c54-f37b-7ee1177e087e,443402002,Lifestyle education regarding hypertension,59621000,Essential hypertension (disorder)
7c4efb2c-f978-2485-dcca-3141b4b5d816,1973-02-24,,062cb3c7-850a-a95d-4daf-d9a925fdc8a0,118c1c5c-60ed-2e56-2590-d274892bd0d0,443402002,Lifestyle education regarding hypertension,59621000,Essential hypertension (disorder)
a92f646b-0ef9-3adc-e3ac-444732a6410b,1977-03-19,,062cb3c7-850a-a95d-4daf-d9a925fdc8a0,ac9751e2-bf82-c74a-54c1-e92c253d3b44,698360004,Diabetes self management plan,15777000,Prediabetes
3a184170-94b3-598c-0839-17388740f582,1955-05-05,,3e2bb968-53f8-8dfe-1a38-5c9fea0ff42e,f121dded-9054-1a8d-ca75-252743cced3a,384758001,Self-care interventions (procedure),,
43607109-a299-5017-0594-3bd7c10faab7,1958-11-02,,3e2bb968-53f8-8dfe-1a38-5c9fea0ff42e,6a6f7bac-90c5-4777-c78e-bfdea6b1977c,699728000,Asthma self management,233678006,Childhood asthma
390a41b0-0ebe-a040-aa6f-55a82a925908,1995-07-01,,3e2bb968-53f8-8dfe-1a38-5c9fea0ff42e,fcffc55a-bcb9-b7e8-ba19-386818dd5d33,698360004,Diabetes self management plan,15777000,Prediabetes
2ac223eb-41f2-33d9-31c0-0a614cae42df,2010-09-18,,3e2bb968-53f8-8dfe-1a38-5c9fea0ff42e,cba628d9-b455-6241-3d28-104b217d75cd,408869004,Musculoskeletal care,239872002,Osteoarthritis of hip
d80446a2-24ad-34d0-4c11-902f44d093ab,2021-03-20,2021-11-27,3e2bb968-53f8-8dfe-1a38-5c9fea0ff42e,4e48c780-86b9-72cb-1850-a93ff1e197bc,53950000,Respiratory therapy,,
46bc7a2b-0e76-8912-2f6c-c249b02f0b05,2013-09-14,,70f03007-5586-b124-fa6f-a162bc4b7a8b,c951cfa9-d84e-8d62-70f8-29e0a5173882,443402002,Lifestyle education regarding hypertension,59621000,Essential hypertension (disorder)
ad9667cd-a47f-5b39-a230-30620b74df06,2017-10-17,,70f03007-5586-b124-fa6f-a162bc4b7a8b,26197c94-95d7-ae0f-8b24-a7c1aedcbddd,182964004,Terminal care,424132000,Non-small cell carcinoma of lung  TNM stage 1 (disorder)
3f6b002c-0aa1-aa74-5fe9-022bad2e2599,2018-12-01,,70f03007-5586-b124-fa6f-a162bc4b7a8b,92bf0b71-c008-ab95-31f2-32d0bc07d55d,698360004,Diabetes self management plan,15777000,Prediabetes
76897d13-9592-e0fc-d83c-3f2aca284b11,2000-02-17,,c5ff245f-24fe-1a2c-d9fd-16d3eb04d7ac,360456f8-e903-af79-94bb-7cc0e8656731,443402002,Lifestyle education regarding hypertension,59621000,Essential hypertension (disorder)
1bbce5da-134e-98fc-6eba-ad2ce8c1f250,2009-04-09,,c5ff245f-24fe-1a2c-d9fd-16d3eb04d7ac,0a5d4114-a8e4-a9b9-b44f-34afbd57cbb7,698360004,Diabetes self management plan,15777000,Prediabetes
68141ddd-6e4b-4991-8496-87db45523739,2015-04-30,2015-05-15,c5ff245f-24fe-1a2c-d9fd-16d3eb04d7ac,ecf85ffe-52e8-ae84-a5e1-6ef348101085,53950000,Respiratory therapy,,
6b403ec5-9f0c-ffac-948c-dc2e6eeb5b80,2022-07-14,,c5ff245f-24fe-1a2c-d9fd-16d3eb04d7ac,41e7f908-b55e-7c93-ace1-e597a6e2fff9,736285004,Hyperlipidemia clinical management plan,55822004,Hyperlipidemia
cf3cb55e-d900-e6ee-cc11-d81d21c4990b,2003-10-05,,f9a512b1-92f2-bb7f-ddf2-f1f31a5c23e8,736a51da-bb68-7519-7122-941c20601719,408869004,Musculoskeletal care,239873007,Osteoarthritis of knee
d0116e31-7cb5-d25e-0256-b4babc7d527e,2006-11-18,,f9a512b1-92f2-bb7f-ddf2-f1f31a5c23e8,3d09a8ea-33f6-eb64-6d57-507e2a7dd879,443402002,Lifestyle education regarding hypertension,59621000,Essential hypertension (disorder)
fa892a2d-2c03-c115-86da-7f862859a14d,2019-05-30,2020-02-01,f9a512b1-92f2-bb7f-ddf2-f1f31a5c23e8,ee852a0a-8d72-41f8-a4b0-7f023560528a,53950000,Respiratory therapy,,
4dd3e2c5-295f-c595-eb43-14969019d495,2014-10-31,2014-11-08,c9c7ff5c-560c-6680-9543-951f14d3c953,b7acef95-b1a5-958c-1d1b-f3e654abedac,53950000,Respiratory therapy,,
a22a808c-7fd4-5b3e-bb58-e9074346ffa8,2015-01-31,2021-07-17,737dfdf3-83be-690f-4eaf-dd1fab975581,988bcfe8-2331-4130-6c7e-8889614386c9,134435003,Routine antenatal care,,
d0f5df0a-64d5-a26e-87ec-e998e6ff71fc,2023-11-25,2024-06-08,737dfdf3-83be-690f-4eaf-dd1fab975581,92e06439-bbc2-9668-7f56-d1db8eeae599,134435003,Routine antenatal care,,
4f9fa63f-c7f2-67e0-cb6d-bc614840bca2,2024-03-01,,737dfdf3-83be-690f-4eaf-dd1fab975581,d357f0d7-4cbb-8bf6-765f-8df4d4d2221d,53950000,Respiratory therapy,,
9391d539-0de1-ff08-1651-0c325ff133c9,2019-04-04,2019-09-22,1e1e5a5f-094f-339f-b957-3bbb4d50acb8,355c6e53-1bd4-0134-2807-4c569b169c32,53950000,Respiratory therapy,,
14a1af1a-074a-d9ea-63e2-fd836e9e360d,2022-04-02,2022-06-04,1e1e5a5f-094f-339f-b957-3bbb4d50acb8,86fc24d2-7921-88e6-15a5-0d5c1c653e3e,47387005,Head injury rehabilitation,62106007,Concussion with no loss of consciousness
0fd4e0b0-c3d0-0f7b-bebb-1d370ed9cf93,2005-09-21,,75c1c0e6-5046-e015-06aa-146f094f1a56,1db1177a-46a9-c3a4-836c-e43743337773,443402002,Lifestyle education regarding hypertension,59621000,Essential hypertension (disorder)
06de4e83-7723-a27d-b768-752d8cd74313,2019-12-11,,75c1c0e6-5046-e015-06aa-146f094f1a56,4b7b762e-94de-6b42-08e4-de90c2d676cc,698360004,Diabetes self management plan,15777000,Prediabetes
d667cdea-6c90-25f3-111e-32aab0a9a9eb,2021-03-15,2021-03-23,75c1c0e6-5046-e015-06aa-146f094f1a56,f583196d-1a87-cb5d-4630-3549314b0ff3,53950000,Respiratory therapy,,
77e88489-0d41-7a2a-52ea-7227804ff28f,1954-05-06,,8fada76f-0a7c-9408-84b5-d4d81c91628a,f1699a50-249b-1333-40cb-003abf039055,698360004,Diabetes self management plan,15777000,Prediabetes
72fa181b-51ed-ecd3-27a9-969ba7f318d6,1998-12-31,,8fada76f-0a7c-9408-84b5-d4d81c91628a,2b10012c-7da5-5b10-3553-584e6d8174ef,736372004,Discharge care plan (record artifact),,
077860ed-8569-a633-159b-50a5243cddeb,2016-09-08,,8fada76f-0a7c-9408-84b5-d4d81c91628a,08fb5359-791e-b9bf-cad9-24d9d1a6caf0,412776001,Chronic obstructive pulmonary disease clinical management plan,185086009,Chronic obstructive bronchitis (disorder)
37f8155c-7a6d-fe14-9972-4e2bb6fa2fb7,2016-10-06,2017-09-14,8fada76f-0a7c-9408-84b5-d4d81c91628a,eb7f0b1a-8ff2-7762-d21a-31ceb451a746,53950000,Respiratory therapy,,
a2e9dceb-59a6-24bb-a7fa-38d8462b11dd,2019-07-13,,0f5e7825-e3b9-d441-5f8a-1938141473f4,8533c2a6-e7ae-17a6-f078-e817780cc83e,384758001,Self-care interventions (procedure),,
af89a001-bec2-63ae-005f-8093b49bd8f0,2022-11-09,,0f5e7825-e3b9-d441-5f8a-1938141473f4,2c9dc0b5-d572-1274-92c7-f580398e2ff8,699728000,Asthma self management,233678006,Childhood asthma
d66cd3d9-9089-7b31-6ec3-b3ea84fefbcd,2023-10-08,,0f5e7825-e3b9-d441-5f8a-1938141473f4,cd2da4e9-6a7d-fa93-5f84-f7e06d7d9a67,53950000,Respiratory therapy,,
a601b7fe-b17a-9890-b1da-98d3b69b4f36,2023-10-08,2023-11-27,0f5e7825-e3b9-d441-5f8a-1938141473f4,8d63cc78-0d2c-5e6c-9e3c-50ced5d6023b,385691007,Fracture care,16114001,Fracture of ankle
2f5ea7a3-6497-dfb7-f89a-211dd911b5bb,1979-12-08,,065c84d4-644c-7a05-2ebc-b56c7d5847d9,ff7a5a67-a817-1ece-f870-318c758954fd,698360004,Diabetes self management plan,15777000,Prediabetes
5c15e13b-f23e-9eca-6267-1741aaa0519a,2005-10-29,,065c84d4-644c-7a05-2ebc-b56c7d5847d9,7f995b84-8242-99e8-54c1-f10c61aeb07c,443402002,Lifestyle education regarding hypertension,59621000,Essential hypertension (disorder)
a93ac58b-2375-5fbe-3a9e-9f4eb8bce463,2007-03-17,,065c84d4-644c-7a05-2ebc-b56c7d5847d9,43957c11-8677-a21b-6f90-9d984dafd246,386257007,Dementia management,230265002,Familial Alzheimer's disease of early onset (disorder)
b09b7119-b6ca-a9f8-faef-e0b9fb852cb3,2018-12-12,,065c84d4-644c-7a05-2ebc-b56c7d5847d9,36bceca6-e1f8-8528-a8af-a0623e4dfdb0,736690008,Dialysis care plan (record artifact),,
d2c8c400-c8a4-99a6-6476-ee10a6560a16,1970-04-11,,659f6859-d0d4-2f83-c8f5-084936b85a02,39f1223e-a2ec-a208-619d-b7600932392f,443402002,Lifestyle education regarding hypertension,59621000,Essential hypertension (disorder)
78ac28c7-90ef-ff5c-6aa5-e8153dda0630,1979-05-05,,659f6859-d0d4-2f83-c8f5-084936b85a02,7d8f9861-3b53-8edb-a23e-bf2271bf7c81,698360004,Diabetes self management plan,15777000,Prediabetes
69809eb3-4122-2849-aa01-808176424516,1984-08-28,,659f6859-d0d4-2f83-c8f5-084936b85a02,0ba6ccd6-75cf-8f24-21e2-586764a891fe,736690008,Dialysis care plan (record artifact),,
f1a4aa4b-fe5a-37d3-98f2-d47e6bb0db37,1991-10-23,,659f6859-d0d4-2f83-c8f5-084936b85a02,ac9d0d9b-682f-90ca-2562-1be0f54e44f0,734163000,Care plan (record artifact),,
e02a5f96-78ec-3680-5a75-aa1339ea2a16,2012-08-11,,659f6859-d0d4-2f83-c8f5-084936b85a02,ecb9639f-2d9e-2a4a-3519-517a558b5d14,736372004,Discharge care plan (record artifact),,
2817a21b-2d68-e9f7-7054-6dee850ef4ca,2014-09-05,2014-09-30,659f6859-d0d4-2f83-c8f5-084936b85a02,b130759e-d6cf-c8ff-4378-20e70e0f43ab,225358003,Wound care,370247008,Facial laceration
6b7b8c69-6c55-410c-cdbf-b8947924fa4e,2018-01-06,,659f6859-d0d4-2f83-c8f5-084936b85a02,7b2a3e3b-e490-f673-c648-111a835fc3f5,386257007,Dementia management,26929004,Alzheimer's disease (disorder)
203615b5-cf59-bdf8-c77e-28d0db1de8b8,2019-04-05,2019-04-18,659f6859-d0d4-2f83-c8f5-084936b85a02,d9da80e3-805c-5dc1-f4d5-54be1359cb95,53950000,Respiratory therapy,,
26c00cc9-c03b-53f8-964f-df3157db7d41,2019-09-22,2019-12-21,659f6859-d0d4-2f83-c8f5-084936b85a02,c3bf1373-b0a8-1122-2aee-12850bd1cecf,385691007,Fracture care,58150001,Fracture of clavicle
d6d996d3-b9b1-3d60-a2aa-6608c9d27763,2022-02-19,,659f6859-d0d4-2f83-c8f5-084936b85a02,8d38e268-9bc0-5f4b-c26e-c6f21166d27e,736285004,Hyperlipidemia clinical management plan,55822004,Hyperlipidemia
5b33c6a0-b506-9b6c-2b15-15b3bcfc9ca3,2022-02-19,,065c84d4-644c-7a05-2ebc-b56c7d5847d9,52d585bc-0c67-4e6c-5902-682506acb1c0,734163000,Care plan (record artifact),,
2d8f7927-c0f0-123a-dbac-7e2917b54859,2015-02-25,2015-06-22,d8b42d2a-76f3-d619-1593-717e13d7f0c9,832a749c-54e4-9a8d-4ac2-b74d69dbcfe5,385691007,Fracture care,263102004,Fracture subluxation of wrist
b36b28bc-99ce-a592-7354-0110ec45b5e8,2019-07-17,2019-08-27,d8b42d2a-76f3-d619-1593-717e13d7f0c9,169f9b55-cc81-1737-ee5b-88d5205c6c77,408869004,Musculoskeletal care,,
022321c4-235f-e3b6-a5a0-dfdf50218bb0,2020-08-15,2020-10-15,d8b42d2a-76f3-d619-1593-717e13d7f0c9,b963c4ba-2ac3-472f-02bc-dfef025de71c,385691007,Fracture care,359817006,Closed fracture of hip
79e7b931-47b1-8cc1-934c-5feacb315fd5,2023-07-12,2024-06-29,d8b42d2a-76f3-d619-1593-717e13d7f0c9,0bc5c90f-58a1-691b-4984-01a9a7eeca4c,53950000,Respiratory therapy,,
79b7379d-e674-7f34-8112-558d7207090f,2024-02-13,,d8b42d2a-76f3-d619-1593-717e13d7f0c9,2109616f-f4c1-4398-c37f-d5a5cea53bb8,386522008,Overactivity/inattention behavior management,,
de31cd94-065d-8c3c-d80d-04f1a11e6e82,1967-08-16,,e164ab55-3b33-1e33-002e-c32af13b6ef0,4c64fc75-0f45-c4bc-a04e-af83a15005fe,384758001,Self-care interventions (procedure),,
1d8c2dcc-5a76-4f16-d073-fe568adbc18e,1998-09-28,,e164ab55-3b33-1e33-002e-c32af13b6ef0,08df7513-cdcf-4047-d598-d4e1fc556d94,443402002,Lifestyle education regarding hypertension,59621000,Essential hypertension (disorder)
050030a3-7538-0a8b-9d49-5897a81a0b02,1998-12-12,,e164ab55-3b33-1e33-002e-c32af13b6ef0,8fff10f0-b908-95ef-71b7-e088f91bec95,408869004,Musculoskeletal care,239872002,Osteoarthritis of hip
68a97fc9-312e-24d7-a0bf-43bc048aaed2,2020-01-09,,e164ab55-3b33-1e33-002e-c32af13b6ef0,d8b858e7-a510-6225-e612-defbd306e2e4,736690008,Dialysis care plan (record artifact),,
5b9aba1c-6005-5497-9b59-da5037f14ac6,2010-10-22,,9a3aa122-31aa-07c3-bcca-47e692653c4c,baa4ba64-9748-19f3-ec30-f34c1b5fc49c,384758001,Self-care interventions (procedure),,
c3a8f68b-906a-b481-3d73-7c12c625e1ca,2022-05-19,2022-06-02,9a3aa122-31aa-07c3-bcca-47e692653c4c,b6f45fb9-9204-8d97-b00e-07fa814b9b84,53950000,Respiratory therapy,,
5bded676-c8ff-a294-9cfb-3fc558f9b15e,2022-06-15,2022-07-04,9a3aa122-31aa-07c3-bcca-47e692653c4c,58f5a4bc-f768-1233-c7ef-6a7534b65f07,773513001,Physiotherapy care plan (record artifact),44465007,Sprain of ankle
8a54b4ad-49e5-388a-b62d-d9b90f246511,2000-07-21,,4523467e-2e98-55b3-6569-40b339a817b1,a6f1138d-1e71-5549-955b-144396ed2bf6,443402002,Lifestyle education regarding hypertension,59621000,Essential hypertension (disorder)
23d05790-2c2e-f04d-54f8-1c1720b6e356,1978-04-30,,bd1a7216-8816-fec6-3b46-b3d925656928,d01d51c4-fdd9-d4da-73ef-4014ec0ec8e0,384758001,Self-care interventions (procedure),,
9d0cf420-e408-6766-4a89-4cb5f81975d7,2016-01-08,,bd1a7216-8816-fec6-3b46-b3d925656928,51070220-730f-2b65-be76-acb9bed31233,698360004,Diabetes self management plan,15777000,Prediabetes
ecf0ea95-986b-9e03-2e0b-a12eb63b4af4,2020-01-17,,bd1a7216-8816-fec6-3b46-b3d925656928,de60dc0f-a5ac-1584-2225-740226c7c765,443402002,Lifestyle education regarding hypertension,59621000,Essential hypertension (disorder)
1e96791a-9113-897a-525d-2e45c12bae88,2020-01-31,,bd1a7216-8816-fec6-3b46-b3d925656928,cb514691-6c53-fde3-e4e6-312ef3ec31c6,734163000,Care plan (record artifact),73430006,Sleep apnea (disorder)
89e30500-14d9-ad2e-b5fa-25bd8fc97f54,2020-04-06,2020-04-18,4523467e-2e98-55b3-6569-40b339a817b1,be4379d6-be63-9bb0-a3cb-7e8a4d074d66,736376001,Infectious disease care plan (record artifact),,
fa39b223-e545-80fc-97d6-3f73b9c9c878,2023-06-30,2023-07-14,4523467e-2e98-55b3-6569-40b339a817b1,1f5e6c98-7654-3a29-4ec0-fd55e1113981,53950000,Respiratory therapy,,
3eecc78f-42e2-e6c6-30e9-14f443a9b38e,2023-08-11,2023-08-18,bd1a7216-8816-fec6-3b46-b3d925656928,bedb48b3-c878-e9ee-19dd-8f57c85f0147,53950000,Respiratory therapy,,
c642582d-c597-3ff0-4531-8a804295c7c9,2014-06-21,2015-02-07,31b0f0a8-776f-9816-f0e8-924a8fb2da68,726ae235-e456-6e58-3494-98c85cb37dab,134435003,Routine antenatal care,,
c0f6b9f3-1c6a-57ec-2bd3-b3b491edd300,2015-07-18,2016-02-20,31b0f0a8-776f-9816-f0e8-924a8fb2da68,be94f979-9faa-cf77-619d-9b1130bf0afe,134435003,Routine antenatal care,,
f5a3c736-9472-fd6f-b178-89d76f101a47,2017-10-28,,31b0f0a8-776f-9816-f0e8-924a8fb2da68,a26079a1-b45a-9386-6139-ab2ed33f5020,698360004,Diabetes self management plan,15777000,Prediabetes
0c8a3cef-69f3-5d5d-fc89-81161ac704ab,2020-12-23,2021-11-20,31b0f0a8-776f-9816-f0e8-924a8fb2da68,c26b154c-9e44-69f0-6a04-2fcd72379e09,53950000,Respiratory therapy,,
e5e6e121-d8e1-7b28-7259-dc8231d0100f,2021-10-16,2022-05-21,31b0f0a8-776f-9816-f0e8-924a8fb2da68,ddf43fb3-5038-c471-e035-4c8270dfcc36,134435003,Routine antenatal care,,
7d7259c5-e2e2-8139-6a6e-f73d3ba83585,2023-11-04,2024-06-15,31b0f0a8-776f-9816-f0e8-924a8fb2da68,c82840ae-760b-361e-6ef3-64b46a66d2a0,134435003,Routine antenatal care,,
698452b1-bc64-f708-50a9-83c28569c242,1997-02-24,,2e8d17b6-336d-c795-ced7-cb86752c6c26,9838e827-28ed-9ee7-60b0-63b82881f3c2,384758001,Self-care interventions (procedure),,
d7f4b031-9d6a-486b-be26-698681b33f43,2016-08-06,2017-03-25,2e8d17b6-336d-c795-ced7-cb86752c6c26,a8f128c8-d6ef-7b74-aa7c-f434d421e78d,134435003,Routine antenatal care,,
5ba1432b-d1e3-28ca-3d61-9f2f0d8cd898,2018-11-10,2019-06-08,2e8d17b6-336d-c795-ced7-cb86752c6c26,c455f970-7bd0-222c-21c3-751fcf63f405,134435003,Routine antenatal care,,
8c5e6308-3d9d-5811-992d-37f5ce74d19f,2020-03-21,2020-10-24,2e8d17b6-336d-c795-ced7-cb86752c6c26,ee40fb8e-392f-0e61-7539-db29eb34d7b3,134435003,Routine antenatal care,,
cf4860cf-19fe-b701-66a8-cad6f043c741,2022-09-14,2022-10-03,2e8d17b6-336d-c795-ced7-cb86752c6c26,3adcd711-b07d-2b12-42d4-1fb4a4b68e12,225358003,Wound care,283371005,Laceration of forearm
e801afda-e00e-0c1b-5832-3fef6d1ae52d,2024-03-16,,2e8d17b6-336d-c795-ced7-cb86752c6c26,143e629c-aedc-7c27-e56a-47d08f1cddc2,443402002,Lifestyle education regarding hypertension,59621000,Essential hypertension (disorder)
7916d864-404a-a61d-cf56-f9469a8c34ff,2014-12-01,2015-10-26,a37041c9-5722-a004-4d6c-372351aa676f,eb771745-f681-6cea-dcb8-f45e38112814,53950000,Respiratory therapy,,
b04cefe0-c0a1-1e46-0d79-a48e4294764b,2020-02-17,2021-11-15,a37041c9-5722-a004-4d6c-372351aa676f,bb75b6f6-d253-327a-0188-e613f0d3a734,53950000,Respiratory therapy,,
39fff0e8-6495-d497-786f-bf8c6521c077,2014-05-25,2014-10-05,b008d35b-8a01-710b-5cf4-b408c94cf4df,65183bfe-6dd9-c49c-ba90-7a65f63bc15b,53950000,Respiratory therapy,,
bf40e9e4-c880-4f93-805d-1a5bd28772a7,1996-12-15,,a0b3bd52-2ca6-b65e-d12b-c71e34a3ef3e,0b380154-5847-dfc4-d7b7-291fa1bf48ab,384758001,Self-care interventions (procedure),,
5a3f9d71-7b96-6598-5a9f-7a4397b2b751,1999-04-26,,a0b3bd52-2ca6-b65e-d12b-c71e34a3ef3e,109f8086-fe1f-5ab2-8767-3ec2daf7f3c3,699728000,Asthma self management,233678006,Childhood asthma
a41048db-b583-db57-7743-5c5814862880,2006-09-03,,a0b3bd52-2ca6-b65e-d12b-c71e34a3ef3e,df632c1c-de4f-7534-dcf7-ea60baaa9756,718361005,Weight management program,,
0ee800b8-7abc-a261-1f79-594b5af5769d,2014-11-23,2015-06-21,a0b3bd52-2ca6-b65e-d12b-c71e34a3ef3e,80a9feb0-49b5-cdc9-5adf-7ba0f8faeaf7,134435003,Routine antenatal care,,
5ceabc71-f249-b815-e7d3-e53095f2c0e7,2016-05-19,2016-06-04,a0b3bd52-2ca6-b65e-d12b-c71e34a3ef3e,56c57bfd-bdda-5274-a179-73a30b53a946,225358003,Wound care,284549007,Laceration of hand
33d07dbb-5ae7-bd8c-ebfe-bf9aafd1dda9,2016-11-13,2017-06-11,a0b3bd52-2ca6-b65e-d12b-c71e34a3ef3e,02a4507b-52ea-1f4f-1fe2-1e6b363196f7,134435003,Routine antenatal care,,
3acc4db8-ca0c-3415-267d-c4eb2d5e3af2,2018-04-10,2018-05-21,a0b3bd52-2ca6-b65e-d12b-c71e34a3ef3e,eb670dc0-6f78-70e3-6d4b-5c0df5a79102,408869004,Musculoskeletal care,,
c022d377-d959-7f89-92e9-66e22911529a,2018-05-06,2018-12-02,a0b3bd52-2ca6-b65e-d12b-c71e34a3ef3e,8caa723a-1052-fad8-6eb2-604ee498cace,134435003,Routine antenatal care,,
73a1f48e-f230-dbca-9850-d411e9786f4b,2022-11-20,2023-06-04,a0b3bd52-2ca6-b65e-d12b-c71e34a3ef3e,66b3d7d5-33be-7f5b-605b-e677e52f61b9,134435003,Routine antenatal care,,
d98bea08-2c1c-cbb9-c22b-3622647315b6,1986-09-18,,9caa8139-8ab1-b958-2b4a-0952cc0b713e,3dc69c15-3d22-8c4b-cce6-1304cadde5c5,698360004,Diabetes self management plan,15777000,Prediabetes
84566c92-3a3b-30e6-b5d7-39d4df55c00d,2019-10-04,2020-05-08,b8e2f527-0b98-220e-68cb-f5ccb0381bc0,81830017-0ebe-7af5-7639-bbaa73d3cb1c,134435003,Routine antenatal care,,
96248d26-6acb-2f16-f85e-639b37510333,2020-11-07,2020-11-07,b8e2f527-0b98-220e-68cb-f5ccb0381bc0,deb82c27-f506-9402-1efb-81bfb1bfaf1d,736376001,Infectious disease care plan (record artifact),,
3a84773d-ee73-1fe8-cad0-796897206b70,2020-11-07,2020-12-02,b8e2f527-0b98-220e-68cb-f5ccb0381bc0,deb82c27-f506-9402-1efb-81bfb1bfaf1d,736376001,Infectious disease care plan (record artifact),,
6e86ffb8-5cf0-5cf2-c2f7-1968325b4363,2021-02-12,2021-09-18,b8e2f527-0b98-220e-68cb-f5ccb0381bc0,a8921827-9820-560c-fcce-f99b304e1135,134435003,Routine antenatal care,,
bd892889-3da8-273f-cce1-0b757fba8a9c,2024-05-10,,b8e2f527-0b98-220e-68cb-f5ccb0381bc0,956e6f13-860f-4ee3-39b0-3201ed7f2c8d,134435003,Routine antenatal care,,
7e0b8e74-a5b5-b93e-0ec3-8516dca7b36a,2020-11-12,2020-11-29,f9135d1e-4171-08ba-6734-9ab07d004793,618d5c03-a924-7efc-7597-72e648836d0f,773513001,Physiotherapy care plan (record artifact),44465007,Sprain of ankle
a54ce4a0-7b11-9650-7522-4eb16477c4fd,2009-03-24,,75802f20-2ee6-719e-4036-fd165b8e602a,50a42c0e-dbf4-c722-563f-b3078bbe95fe,443402002,Lifestyle education regarding hypertension,59621000,Essential hypertension (disorder)
e712b081-e66e-0043-389e-f2b19a7b301d,2014-04-07,,75802f20-2ee6-719e-4036-fd165b8e602a,e9013c8a-e131-2403-acbf-17ebc2dfdfd9,276239002,Therapy (regime/therapy),,
dbcbb3c7-182b-a7cc-2502-e403a3099fbc,2015-07-05,2015-08-01,75802f20-2ee6-719e-4036-fd165b8e602a,631fc92e-3332-54e1-eb6d-7bbd000ffc68,225358003,Wound care,284549007,Laceration of hand
4042a22e-5463-e3d6-bcc7-c7c237426410,2019-10-01,2019-10-30,676352c0-c0b0-75f7-3289-8a3249f74d2b,a6889693-b093-6960-ae41-a150450aea73,773513001,Physiotherapy care plan (record artifact),44465007,Sprain of ankle
26324b84-0031-bfef-c323-4ba334d90a2b,2021-01-20,2021-01-20,676352c0-c0b0-75f7-3289-8a3249f74d2b,6a1d8d2e-707e-7ba0-6a11-87c62c0e69fd,736376001,Infectious disease care plan (record artifact),,
eb6cb418-54ad-f4fc-6f12-938a23088a59,2021-01-20,2021-02-07,676352c0-c0b0-75f7-3289-8a3249f74d2b,6a1d8d2e-707e-7ba0-6a11-87c62c0e69fd,736376001,Infectious disease care plan (record artifact),,
c7e324bd-f890-ec50-f5d1-66cbb6cb11b9,2023-02-22,2023-10-04,676352c0-c0b0-75f7-3289-8a3249f74d2b,e06fef3c-a0cc-c0ac-fc48-8690edee299c,134435003,Routine antenatal care,,
c21c5c30-e540-4e34-a5d0-af19e2c335db,2015-10-19,2016-05-30,034d7e28-f666-8f10-1ed9-77ec3d46bfbf,4b523f29-d093-9b5a-e354-abbfe044bd85,134435003,Routine antenatal care,,
137a141a-83b3-8ddf-9ecc-33f3542d8456,2021-10-11,2022-05-30,034d7e28-f666-8f10-1ed9-77ec3d46bfbf,8208937b-4e09-3084-2ba2-af81e556766f,53950000,Respiratory therapy,,
d93c9505-8770-aef6-9c98-9cddbd8c74d2,2024-07-08,,034d7e28-f666-8f10-1ed9-77ec3d46bfbf,5f30f10f-4686-95c6-38e9-6754b4939cad,134435003,Routine antenatal care,,
a83a0077-3e27-9d8f-99fa-b94c5233bbc3,1978-08-29,,9cd3bc4d-bbb5-cb4d-83a7-0cc370f1c8ae,9d312e0d-250a-12c0-9446-e131da0470a7,443402002,Lifestyle education regarding hypertension,59621000,Essential hypertension (disorder)
4cb25a8d-cd96-b3b6-52ff-f4eda6de194f,1980-12-19,1981-09-15,9cd3bc4d-bbb5-cb4d-83a7-0cc370f1c8ae,a84d7fd8-65cc-52c7-5ac2-0b1c337e0bdc,53950000,Respiratory therapy,,
7338c219-d1f7-66a9-42a1-b1c3e6a4c1b0,1985-01-28,1985-10-08,9cd3bc4d-bbb5-cb4d-83a7-0cc370f1c8ae,cdbd2f9e-3dd6-6b06-fa25-36e4d417d944,53950000,Respiratory therapy,,
cf90e7a3-2b80-2296-159f-afea483592f9,1989-03-31,,9cd3bc4d-bbb5-cb4d-83a7-0cc370f1c8ae,c09f0571-2c22-8b11-46ba-40eb5fa100aa,736376001,Infectious disease care plan (record artifact),62479008,Acquired immune deficiency syndrome (disorder)
9fdb3b6a-6e39-10fd-2950-6007f98fa8d7,1973-10-03,,d2e56049-1c7c-45ac-5d87-1b81dc9db112,744f02ff-942b-500e-6890-e04334424531,384758001,Self-care interventions (procedure),,
e3f81726-a1bb-5e3a-162d-35110dbe38c6,2007-02-04,,d2e56049-1c7c-45ac-5d87-1b81dc9db112,b0539ead-6183-d3e3-9d23-0107104bbf7e,443402002,Lifestyle education regarding hypertension,59621000,Essential hypertension (disorder)
f697a33d-f4d2-7e40-e286-2e6f11f4dedd,2013-05-22,,224e8654-b929-34f8-65a4-bb92d50f06fc,9ddcc9f2-7934-1d26-6180-1e842f5cbe1e,698360004,Diabetes self management plan,15777000,Prediabetes
1549902a-3ace-d193-b1da-46422381122f,1963-12-04,,0c9d9118-2bea-6d29-0997-1198fc1ebb49,cbd01d8d-c7cc-ac74-fad8-0d3d8363c1df,698360004,Diabetes self management plan,15777000,Prediabetes
ff58a51d-8f16-b6be-a4ec-3721edaa3a0c,1991-09-29,,0c9d9118-2bea-6d29-0997-1198fc1ebb49,11655756-1a95-598a-3074-10964e06cc64,443402002,Lifestyle education regarding hypertension,59621000,Essential hypertension (disorder)
573ac6e9-9b90-26dc-b8a7-493245377b17,2013-09-17,,0c9d9118-2bea-6d29-0997-1198fc1ebb49,8e0995a6-4a34-9e3f-2668-ea1a773bac45,734163000,Care plan (record artifact),60573004,Aortic valve stenosis (disorder)
c70336dc-84a8-10ea-95a4-98825b3c08b1,2013-11-01,2013-11-02,0c9d9118-2bea-6d29-0997-1198fc1ebb49,051b509c-8a7b-ed6b-25f4-12dcb3a697e4,735321000,Surgical inpatient care plan (record artifact),1231000119100,History of aortic valve replacement (situation)
4a81207a-4bdc-65b8-81f5-a5ce3f2f8503,2013-11-02,,0c9d9118-2bea-6d29-0997-1198fc1ebb49,20ba380b-71e3-ee02-1214-3c0e18cc6818,736372004,Discharge care plan (record artifact),1231000119100,History of aortic valve replacement (situation)
e087cda5-6e27-c045-e805-0031f511b90a,2017-05-02,2018-02-28,0c9d9118-2bea-6d29-0997-1198fc1ebb49,4b4860e1-0c60-aaec-81b8-2d5cb66bd061,53950000,Respiratory therapy,,
f19ced47-e6e8-e86c-63db-c21b64ac5be4,2020-04-01,,0c9d9118-2bea-6d29-0997-1198fc1ebb49,1ecf1e54-2e76-11b9-ea0e-b63e4c2ba670,736285004,Hyperlipidemia clinical management plan,55822004,Hyperlipidemia
8bdf2bed-72f4-5394-d605-fbc91dc0d1e7,2022-09-02,,0c9d9118-2bea-6d29-0997-1198fc1ebb49,d0be05e2-b57e-b884-5a3d-387e35064b87,735984001,Heart failure self management plan,88805009,Chronic congestive heart failure (disorder)
7380a358-18dd-49c5-b452-37f820d4696a,2023-08-28,,0c9d9118-2bea-6d29-0997-1198fc1ebb49,e9bfa584-ea3e-8adf-9786-509274ca5040,736353004,Inpatient care plan (record artifact),88805009,Chronic congestive heart failure (disorder)
e8abd818-4574-0044-bcbe-929682c1fdf0,2016-07-12,2016-08-07,11353ce0-2262-c813-db60-8bdec03058c3,7aa9055e-d8e7-701d-9360-4e341139b457,773513001,Physiotherapy care plan (record artifact),70704007,Sprain of wrist
7809ca7d-9905-372f-a0cf-0eef0800adc8,2018-07-05,2018-07-26,11353ce0-2262-c813-db60-8bdec03058c3,65af4849-2a8e-13a9-86ba-73c6d7b5a215,225358003,Wound care,283385000,Laceration of thigh
ac3d2479-98d9-08d2-64be-f25dd1dbe272,2023-06-01,2023-08-17,11353ce0-2262-c813-db60-8bdec03058c3,cc580847-20d7-5c89-de54-26bd55c14f78,53950000,Respiratory therapy,,
d8d3563f-1b5d-a163-f304-8e08ea5fa440,1957-11-17,,de759327-7990-7a18-193d-95c2996739d7,6221927b-8982-b2b3-53da-9b989b71af41,384758001,Self-care interventions (procedure),,
e481d4da-7632-e446-b015-c049cfa29f24,1964-08-21,,de759327-7990-7a18-193d-95c2996739d7,b29216fd-180a-ae60-fd27-ced305606e9f,711282006,Skin condition care,24079001,Atopic dermatitis
9e724243-c3d6-90f1-de4c-13a29ab5b2da,1998-09-29,,de759327-7990-7a18-193d-95c2996739d7,6ab43b9b-bc7a-653b-f4b7-f21074505ae0,698360004,Diabetes self management plan,15777000,Prediabetes
caa91114-f009-4f86-2f04-5a38f7ae8cb2,2014-04-04,,de759327-7990-7a18-193d-95c2996739d7,b17f2f80-103a-0878-415f-4d9775610edc,276239002,Therapy (regime/therapy),,
3f9f5af8-a497-13ee-c605-776b29eb0905,2018-04-11,2018-06-08,de759327-7990-7a18-193d-95c2996739d7,bf5971ea-f0e5-9742-7795-343f2940daee,133901003,Burn care,403190006,Epidermal burn of skin (disorder)
08007117-07e5-ed55-e6ed-f189670a2b3a,2018-08-17,2018-09-06,de759327-7990-7a18-193d-95c2996739d7,99cb3a0b-1429-c13b-9350-86a484432bef,53950000,Respiratory therapy,,
8eed6ba5-cf14-d6a0-0dc3-20d695fefb74,2018-08-28,,de759327-7990-7a18-193d-95c2996739d7,054ae285-21dc-287a-a65b-f8e2d4443456,443402002,Lifestyle education regarding hypertension,59621000,Essential hypertension (disorder)
0f2a92f3-22d6-3f9c-6a30-5fce19aa3eaf,2019-08-04,2019-09-10,de759327-7990-7a18-193d-95c2996739d7,e6fe728e-861c-2541-4181-b2628f641e29,53950000,Respiratory therapy,,
25c9b02e-1b63-7c81-6283-029cfaf3fd13,2021-05-04,2021-05-04,de759327-7990-7a18-193d-95c2996739d7,51a3beb8-335b-9064-4d50-a6dd846f52ca,736376001,Infectious disease care plan (record artifact),,
30962d59-1ad3-6532-5521-2b8c87aace1a,2021-05-04,2021-06-03,de759327-7990-7a18-193d-95c2996739d7,51a3beb8-335b-9064-4d50-a6dd846f52ca,736376001,Infectious disease care plan (record artifact),,
b4cc76cb-cecf-e566-c88b-e2058aa61e96,2022-10-18,,de759327-7990-7a18-193d-95c2996739d7,82215587-c17f-aa64-adc3-ca6470e559d7,736285004,Hyperlipidemia clinical management plan,55822004,Hyperlipidemia
fee9b728-06e7-f736-6c10-5481fdb44fc4,2014-03-31,,2e0036ce-431a-3dea-0033-dd942fba1e5d,1e0c080f-fca1-28bd-8084-25b278648018,276239002,Therapy (regime/therapy),,
4682decf-1056-1cfc-0886-4547300151a6,2015-04-21,2015-11-17,2e0036ce-431a-3dea-0033-dd942fba1e5d,cedfdd9b-9c80-32c0-02e2-fcb01bf00ff8,134435003,Routine antenatal care,,
6a9b147b-eaa5-be21-7745-74ca74da1e73,2017-11-14,2018-03-13,2e0036ce-431a-3dea-0033-dd942fba1e5d,3dd32eca-9071-e229-2ecb-872bee611b1a,53950000,Respiratory therapy,,
a4466dd3-8024-8ff5-c192-0616b8c55652,2018-03-21,2018-04-04,2e0036ce-431a-3dea-0033-dd942fba1e5d,b70f3c71-7ac5-336a-948f-b99c0ebc9c4b,225358003,Wound care,283385000,Laceration of thigh
10dccee9-9cfb-3056-0141-9a6645be48fe,2020-12-08,2021-07-20,2e0036ce-431a-3dea-0033-dd942fba1e5d,dbcd0119-0378-3fb4-d844-72551c2aea01,134435003,Routine antenatal care,,
4f805113-ee4f-99eb-3777-4c7ad58b246a,2023-10-31,2024-04-16,2e0036ce-431a-3dea-0033-dd942fba1e5d,98c18549-48a5-e70a-f2df-d27138977a17,53950000,Respiratory therapy,,
23774a1a-12a0-2d51-5b69-afc10d490f6f,1951-11-03,,cdbbf9c3-c8f1-e4d9-b6b4-ca1c4f6bc2a3,088c5811-a59b-340c-8b2b-44369cb07ffc,698360004,Diabetes self management plan,15777000,Prediabetes
fce4a669-8835-0449-7dde-b4110867be93,1979-02-10,,cdbbf9c3-c8f1-e4d9-b6b4-ca1c4f6bc2a3,d171be54-f707-6cbc-9fb3-59480764c7bf,412776001,Chronic obstructive pulmonary disease clinical management plan,185086009,Chronic obstructive bronchitis (disorder)
ea4db4bf-e55e-4f1a-b8d9-6e75aa344b6b,1995-11-25,1996-06-01,cdbbf9c3-c8f1-e4d9-b6b4-ca1c4f6bc2a3,eeac3f43-cadb-9103-a72f-6e503412859f,53950000,Respiratory therapy,,
b0d2b72f-7b54-d807-b68d-967100a3c482,1999-11-25,,cdbbf9c3-c8f1-e4d9-b6b4-ca1c4f6bc2a3,2f58f897-974c-74d7-9d05-0893d7d84285,735984001,Heart failure self management plan,88805009,Chronic congestive heart failure (disorder)
b1d54cc5-a96d-75f2-f810-46b906696d26,2000-08-13,2000-09-12,cdbbf9c3-c8f1-e4d9-b6b4-ca1c4f6bc2a3,fea685ee-e0dd-efd4-c7f9-5859b6778bb9,773513001,Physiotherapy care plan (record artifact),70704007,Sprain of wrist
4cde7c9b-beb1-f87d-12ee-f0194bc3231a,2001-05-18,2001-05-20,cdbbf9c3-c8f1-e4d9-b6b4-ca1c4f6bc2a3,d2220cba-5665-6362-d57f-eaed22ed82ec,736353004,Inpatient care plan (record artifact),88805009,Chronic congestive heart failure (disorder)
add40b14-7cb4-f5ce-a142-ed9bf96d8e19,2001-11-16,,cdbbf9c3-c8f1-e4d9-b6b4-ca1c4f6bc2a3,b510d3c9-ce10-adfb-a89f-245588173037,736353004,Inpatient care plan (record artifact),88805009,Chronic congestive heart failure (disorder)
bbf12c60-f852-f900-4737-094f2366d987,1946-06-25,,11a5d214-9c8c-1648-1b78-87e222e592de,57fedcb5-36a8-9fee-9891-07cc786ba33d,384758001,Self-care interventions (procedure),,
e27d5fab-d9f4-8d3c-1a46-f1117f89495c,1981-10-01,,11a5d214-9c8c-1648-1b78-87e222e592de,9736679f-3124-c6b2-e25b-caae5c10400b,443402002,Lifestyle education regarding hypertension,59621000,Essential hypertension (disorder)
e7fea9e4-bb99-a13b-44fb-76999f73b08e,1989-06-07,,11a5d214-9c8c-1648-1b78-87e222e592de,c6774a42-6e3d-71f5-0cc2-44d354d32d5c,698360004,Diabetes self management plan,15777000,Prediabetes
522c73fe-08ba-04fb-a3da-c9e5306bfb2e,1994-01-05,,11a5d214-9c8c-1648-1b78-87e222e592de,a4cc89d4-198b-ab38-3dbd-36efcc24ceaf,736285004,Hyperlipidemia clinical management plan,55822004,Hyperlipidemia
8efd4a45-47aa-6126-a412-d481be2479d8,2021-02-03,,11a5d214-9c8c-1648-1b78-87e222e592de,030d4ad9-4f89-701d-55ea-74285311fdbc,736372004,Discharge care plan (record artifact),,
e1ebc23a-57f4-3a28-afad-4222e7b592c5,2021-10-02,,8b45dcc6-3f3d-b927-5030-c264dc8f53d3,488488f2-e9a7-f910-dbd9-eb183a4d26a6,384758001,Self-care interventions (procedure),,
8e781b79-36b5-8e03-06e1-937b8c1dade1,2022-02-06,,8b45dcc6-3f3d-b927-5030-c264dc8f53d3,2f7771cb-afdf-4ffd-caf4-9477d93cc618,699728000,Asthma self management,233678006,Childhood asthma
645b4d22-f488-ac84-d60f-022da728774d,2010-09-02,,ec18596f-0196-837f-60d9-87f9601cacc6,1a3313dd-0ffa-fcb3-41af-47580552fa8f,443402002,Lifestyle education regarding hypertension,59621000,Essential hypertension (disorder)
94ad7277-70fd-0a69-95ee-f024c3d5147a,2014-06-19,2014-09-25,ec18596f-0196-837f-60d9-87f9601cacc6,b76a4c4b-d197-c7f0-b03e-d0c251aa6c0c,53950000,Respiratory therapy,,
9209b95d-3a15-62ad-af30-d3524c23931d,2015-06-28,2015-08-17,ec18596f-0196-837f-60d9-87f9601cacc6,02b9e66a-8db1-682e-b99f-31819fa0532d,47387005,Head injury rehabilitation,62106007,Concussion with no loss of consciousness
bda7731c-00c4-0bae-6348-9829d77625b1,2016-07-06,2016-07-13,ec18596f-0196-837f-60d9-87f9601cacc6,1b60e4fa-7b46-357c-aa49-5d6a228d981e,737471002,Minor surgery care management (procedure),,
4d660853-1157-cde6-c866-2b1e3c97ddf9,2016-10-06,,ec18596f-0196-837f-60d9-87f9601cacc6,6a50209d-0894-5185-2a3e-f8ea73f16478,698360004,Diabetes self management plan,15777000,Prediabetes
9727975d-96ba-d06b-f3e3-0c92b9cfa235,2018-01-08,2018-10-18,ec18596f-0196-837f-60d9-87f9601cacc6,eee90142-f8f1-e3f0-d6c6-06ca0fbfcdd6,53950000,Respiratory therapy,,
3df0d244-02fb-6f0b-835f-aaa597942c35,2018-05-08,2018-06-05,ec18596f-0196-837f-60d9-87f9601cacc6,0de1d3d6-da9c-6c3f-b69d-5d4c706fb0c2,773513001,Physiotherapy care plan (record artifact),44465007,Sprain of ankle
fcc16950-3ce3-254f-a0d0-e494cf7dd62a,2019-01-31,2019-10-24,ec18596f-0196-837f-60d9-87f9601cacc6,1b7aaae2-a0e5-6039-08ab-f13d0c644648,53950000,Respiratory therapy,,
2792f81a-07ed-436c-f437-9e75596f9b48,2023-07-09,2024-02-11,b3584f95-47cc-e0e1-c1c4-fb8287b8d286,c9c9e196-35c1-c82b-dd80-d83869a4b530,134435003,Routine antenatal care,,
1b430016-7ba6-f550-d443-b167485adac7,2024-06-30,,b3584f95-47cc-e0e1-c1c4-fb8287b8d286,573f121f-c8c4-036e-999d-242805a0e122,134435003,Routine antenatal care,,
58103353-5535-3d03-5339-0d3a7d9ed94d,2017-05-15,2017-12-18,03d9e911-b111-d4c3-c61f-5efb3bf27696,a3b7d32f-00c4-ec09-67f5-d328c37d8b14,134435003,Routine antenatal care,,
447fe720-cddd-c61a-da68-7718e9dc5c70,2018-08-27,2019-03-26,03d9e911-b111-d4c3-c61f-5efb3bf27696,9d88e4e4-1e28-0232-87a1-5ff155792bf1,134435003,Routine antenatal care,,
dcb5c726-6358-c5e6-2560-493d28a8056f,2021-01-04,2021-08-02,03d9e911-b111-d4c3-c61f-5efb3bf27696,9a952d2e-6b9d-9262-1777-a8ad18137535,134435003,Routine antenatal care,,
22a28e68-ee14-83e4-b82f-5653b4d4d913,2023-11-27,,03d9e911-b111-d4c3-c61f-5efb3bf27696,65e07de0-a76e-f2a0-a452-2b81cd828c38,443402002,Lifestyle education regarding hypertension,59621000,Essential hypertension (disorder)
b9472b16-cf11-e924-20ae-e0d03693f098,2023-11-27,,03d9e911-b111-d4c3-c61f-5efb3bf27696,65e07de0-a76e-f2a0-a452-2b81cd828c38,698360004,Diabetes self management plan,15777000,Prediabetes
a408bc63-1c58-15f2-c97b-9ad21342b00d,1960-03-28,,46527684-5884-876f-a3ed-ce48961fc52a,d6347076-fe4c-6021-fa22-142e0300926f,384758001,Self-care interventions (procedure),,
fd9e2c1c-ce73-d555-59d8-6c1c392d45e3,2003-01-11,,46527684-5884-876f-a3ed-ce48961fc52a,3c0ac0c0-3630-3908-8994-e6dc5a4fa0c4,443402002,Lifestyle education regarding hypertension,59621000,Essential hypertension (disorder)
7e96d111-1baf-80b2-d21e-dec7e0254490,2012-03-03,,46527684-5884-876f-a3ed-ce48961fc52a,8d743b20-8824-4d30-0be3-d150d1a2a091,698360004,Diabetes self management plan,15777000,Prediabetes
5948ee43-60d5-6167-ccdf-96c8916a5706,2013-11-27,2013-12-05,46527684-5884-876f-a3ed-ce48961fc52a,ed3af7a1-ae2f-fd5a-cdf7-2a818bcce930,53950000,Respiratory therapy,,
0ef94681-45f6-b648-8998-8d18d9d9d664,2018-02-18,2018-04-14,46527684-5884-876f-a3ed-ce48961fc52a,559c2e81-00b8-ae72-e669-42bd33973f24,47387005,Head injury rehabilitation,62106007,Concussion with no loss of consciousness
b1b10b15-a579-0f33-39b4-53771734bc75,1954-09-14,,7357da67-9b49-b6d8-85d8-6c6a9bcb7782,3a4acf51-f7a3-5317-9486-67e66d9a9b8f,443402002,Lifestyle education regarding hypertension,59621000,Essential hypertension (disorder)
271a15f9-c8be-7332-1609-fd1955b84477,1963-07-23,,7357da67-9b49-b6d8-85d8-6c6a9bcb7782,5d59bc59-6763-8d46-7044-796a818e87e0,384758001,Self-care interventions (procedure),,
448ca2d3-7832-c197-a372-accc51c4f526,1986-01-25,,7357da67-9b49-b6d8-85d8-6c6a9bcb7782,10c59576-1209-b63a-167a-92bbfcb7e0b1,736285004,Hyperlipidemia clinical management plan,55822004,Hyperlipidemia
c5b1654c-ab2c-cbff-e6ce-0cda1dc6e90c,2015-02-20,2015-03-18,7357da67-9b49-b6d8-85d8-6c6a9bcb7782,66ada37f-3888-0927-171c-920672f5cce1,225358003,Wound care,284551006,Laceration of foot
57d5c289-d98b-18f4-c2b8-aef87685626f,2021-12-17,2022-01-06,7357da67-9b49-b6d8-85d8-6c6a9bcb7782,b32cc1be-32a2-a041-ba34-06670ac019c9,53950000,Respiratory therapy,,
62208104-248e-518f-fc06-59edf11053ea,1977-11-06,,0aca0980-9b50-373b-3c9d-04fff610cc65,029592de-3161-1a93-b446-541289b19791,698360004,Diabetes self management plan,15777000,Prediabetes
f413e2d4-3198-619c-b3b9-ece176bfec78,1998-09-14,,0aca0980-9b50-373b-3c9d-04fff610cc65,7f098165-12d0-09b3-83a6-b39e634e6140,408869004,Musculoskeletal care,,
c104697d-1ae0-1c44-fddb-06cbacf2d986,2019-05-04,2019-05-16,0aca0980-9b50-373b-3c9d-04fff610cc65,8501470b-fce3-9426-e94a-47506ef981d0,53950000,Respiratory therapy,,
1069c58a-30fa-37a3-c853-71e770ad6cb5,1980-11-01,,65856a68-4d23-7893-4546-a3e0c40a9caf,a7c9d8d9-0059-ca39-cfa9-87062fa6fb39,443402002,Lifestyle education regarding hypertension,59621000,Essential hypertension (disorder)
631d54bf-be47-1f19-5454-1c6a7d423659,2006-04-15,,65856a68-4d23-7893-4546-a3e0c40a9caf,bdae56db-c817-aa95-9ea5-c12c0159b404,736285004,Hyperlipidemia clinical management plan,55822004,Hyperlipidemia
be108379-7874-44d0-9ba4-e7f428d5bae0,2007-01-20,,ff41d739-6f35-6a41-153a-aa87344e82ee,c227393c-f448-8064-c0f4-0a1fa939aa0c,698360004,Diabetes self management plan,15777000,Prediabetes
a522188b-af46-8aea-8a00-2cb9b7b79ba0,2014-04-04,,ff41d739-6f35-6a41-153a-aa87344e82ee,77b3ab1a-2303-eb60-a8fb-99f19e59db08,276239002,Therapy (regime/therapy),,
d7e01105-2396-8f19-3224-fb1f5a3eba6b,2021-11-15,2021-12-22,ff41d739-6f35-6a41-153a-aa87344e82ee,a4f536b0-35d5-cdcd-17f1-9830bd9d6d8c,773513001,Physiotherapy care plan (record artifact),44465007,Sprain of ankle
aefb7f9b-51ff-1601-8a46-4cce6bc05315,1996-07-10,,f1046010-4ed2-3a19-bf9f-b2f075c1faae,ceccf954-d4dd-9259-6c42-baa2fc1e5c23,443402002,Lifestyle education regarding hypertension,59621000,Essential hypertension (disorder)
b5f3759a-53f3-fa6c-11e0-19b3709ff14d,2015-09-28,2015-11-13,f1046010-4ed2-3a19-bf9f-b2f075c1faae,deac35f3-5510-c223-a79c-89eb39556069,133901003,Burn care,403190006,Epidermal burn of skin (disorder)
5252ea62-be1b-8b39-e8fd-509448602778,2015-10-28,,f1046010-4ed2-3a19-bf9f-b2f075c1faae,2540dc8f-c0b7-b8a4-e5dd-ffafc5b2d84e,698360004,Diabetes self management plan,15777000,Prediabetes
ef9829da-cc65-c6a1-0df4-3fa4a240b8fc,2021-06-14,,f1046010-4ed2-3a19-bf9f-b2f075c1faae,58e16b65-59e7-8702-e9fe-2f9d9a2d176d,736372004,Discharge care plan (record artifact),,
d6d59067-efc6-66af-ea62-abf9a3a7ef0c,2022-03-01,,f1046010-4ed2-3a19-bf9f-b2f075c1faae,990d55d6-1b4a-0f36-aa07-ff6515bd8263,408869004,Musculoskeletal care,239872002,Osteoarthritis of hip
6b14ed52-a4ca-1e7a-9292-cc41deb1e7a7,2022-06-14,2022-07-19,f1046010-4ed2-3a19-bf9f-b2f075c1faae,446dfbd6-cbf2-7ee6-5a39-a125a1e38661,737567002,Major surgery care management (procedure),,
64026577-d1f4-c1b9-6c6d-38cc711def27,2014-01-03,,97982df8-2f13-bc52-30ed-2fd3e673a17e,bc0d0ff5-5e91-b979-04ce-6ac28fb7aa00,698360004,Diabetes self management plan,15777000,Prediabetes
df0bc9e5-7ba6-1d24-eaf7-2afc22d2a056,2016-03-18,2017-01-20,97982df8-2f13-bc52-30ed-2fd3e673a17e,e9b7e970-0830-b237-ad16-6589616d8cc9,53950000,Respiratory therapy,,
bfc503ef-0660-6dd3-1bbf-a97bcf38972c,2021-05-31,2022-02-18,97982df8-2f13-bc52-30ed-2fd3e673a17e,77154015-2a66-0389-c7dd-74fbe948f590,53950000,Respiratory therapy,,
f7063e5a-3008-a8b1-6088-6d69335fc93e,2019-09-28,,84089891-751a-4bc4-6595-985257b40a7d,af8c1ff2-5425-78e7-8071-6819f9765067,698360004,Diabetes self management plan,15777000,Prediabetes
f0702a81-99d4-42e9-3d98-10d7310da44d,1994-02-13,,86018bfb-5e35-6b09-a69b-6de6f72d551b,b2d95c5f-5c40-ed0d-0d02-76da1740f0e0,698360004,Diabetes self management plan,15777000,Prediabetes
084aa0e8-5459-32c9-9419-1e423060f287,1996-03-15,,19a416e8-d9d4-ecc4-5198-9bd5f9f4cc06,1724416c-9ffa-b9e2-771f-a903d2a7e270,443402002,Lifestyle education regarding hypertension,59621000,Essential hypertension (disorder)
dfabaeb0-6adf-0cda-0c4a-8464be50917c,2005-07-29,,19a416e8-d9d4-ecc4-5198-9bd5f9f4cc06,10f4cc66-e86f-4c67-c04b-25d81d93b089,384758001,Self-care interventions (procedure),,
6d80e10f-b54d-6f76-8683-d9a7e6070bb3,2017-06-09,2018-01-12,19a416e8-d9d4-ecc4-5198-9bd5f9f4cc06,9d665e88-5dbe-08cd-e436-7a2b89d56170,134435003,Routine antenatal care,,
ee480551-c169-539d-f09a-b1c793c66b1e,1999-10-31,,98e5259d-672f-22f7-a911-004336cc9297,813221af-c3fd-0c3e-41f9-b2ad8b3acc7c,698360004,Diabetes self management plan,15777000,Prediabetes
22549d93-d327-4266-b324-f085e4522ec9,2004-03-01,,98e5259d-672f-22f7-a911-004336cc9297,15c1ab68-5e14-7f20-1038-e845ba257453,408869004,Musculoskeletal care,239873007,Osteoarthritis of knee
05031abc-ccf8-bde9-0e92-d2479e526abb,1980-06-19,,f541dec4-6adc-5abe-13e7-5a3d24e2fb27,3f17e1f1-ad4a-8a4f-6fe3-cb433bacf717,698360004,Diabetes self management plan,15777000,Prediabetes
65653a1f-2a94-5339-2981-7d8dc62bfdc6,1995-02-24,,f541dec4-6adc-5abe-13e7-5a3d24e2fb27,1ca13650-93d9-2bd4-8029-322dd9c7bcf4,734163000,Care plan (record artifact),,
cba58a30-4d26-79df-5712-1beb175a59e1,2011-05-05,,f541dec4-6adc-5abe-13e7-5a3d24e2fb27,8aa7f547-bcb4-517e-7697-9843bca6a9c0,443402002,Lifestyle education regarding hypertension,59621000,Essential hypertension (disorder)
ae6fc8ae-6c61-b83d-4bbe-14e8b00ad8e5,2013-08-11,2015-04-07,f541dec4-6adc-5abe-13e7-5a3d24e2fb27,233c44f4-3231-7bab-2cd7-33d8b35d3819,408869004,Musculoskeletal care,239872002,Osteoarthritis of hip
acd949cc-5cf6-6212-763d-422e2f738dd3,2016-03-24,2016-06-18,f541dec4-6adc-5abe-13e7-5a3d24e2fb27,ce325362-fe0b-766e-69ab-e04faa1829d7,385691007,Fracture care,16114001,Fracture of ankle
7954fce3-349a-99cc-b664-1938038dcc9c,2017-04-18,2017-05-04,f541dec4-6adc-5abe-13e7-5a3d24e2fb27,e6a1a66a-9493-f51c-7872-3ff4b8038258,53950000,Respiratory therapy,,
cdb1e5fa-3cec-254d-fe9c-1eb1b86d1315,2006-12-18,,f959f8b9-f8f8-1f0d-3ce0-327aa07f6d7b,2de0b0cb-b284-5b14-7065-4fd6505faaed,734163000,Care plan (record artifact),,
92c13c5a-23e7-d321-5bfb-6cf29ef6a6bd,2014-04-24,2015-07-06,f959f8b9-f8f8-1f0d-3ce0-327aa07f6d7b,c3871ee2-bcdc-8ce8-4990-d4006766a4dd,53950000,Respiratory therapy,,
c9522781-ede6-1a4d-fd46-0fe59e361541,2020-01-06,2020-08-03,f959f8b9-f8f8-1f0d-3ce0-327aa07f6d7b,34c13b8e-ec85-6142-ad98-a8c67f578fda,134435003,Routine antenatal care,,
d457f50c-8f0d-fe65-4e2d-423faea17012,2023-12-04,2024-07-22,f959f8b9-f8f8-1f0d-3ce0-327aa07f6d7b,78083325-46e5-ee05-6a48-0a024dc25aa0,134435003,Routine antenatal care,,
b9987b7d-8ce1-b30a-4fe2-87073d5f8e57,2020-10-21,2021-02-27,d0238a42-5ada-f742-19f7-a1e3bcb4793b,75c5b39a-f7eb-4a01-bb38-17ed0a1211f6,53950000,Respiratory therapy,,
7497ab7a-ea0e-8f92-fe15-3bb4fcb2ba5f,2017-01-27,2017-02-10,e6cd4d8b-8396-3db4-b58b-a7a802e89062,8b664b88-8f36-c71b-dff8-e46b390a0c2c,773513001,Physiotherapy care plan (record artifact),44465007,Sprain of ankle
43ac0168-daea-6ea0-f4c3-299b251c549f,2022-01-03,2022-03-26,e6cd4d8b-8396-3db4-b58b-a7a802e89062,3fe34a26-cc66-a008-ca4e-ec380e62ab25,408869004,Musculoskeletal care,,
f1884ace-9f10-338d-f553-d3dfd820e1bd,2016-11-15,2017-11-07,7a304f11-c0ad-5c52-83b6-7975d8a945c7,9728bd6b-30fa-493d-117d-6f3017bcbfec,53950000,Respiratory therapy,,
4c9d5922-653c-8095-4275-b126dcad08b3,2017-12-09,2018-11-13,7a304f11-c0ad-5c52-83b6-7975d8a945c7,c7dbf33d-8b05-9fc1-f530-d3a06b79a85d,53950000,Respiratory therapy,,
606c8c03-6d4e-f0aa-87a9-1fc280d8373c,2018-11-13,,7a304f11-c0ad-5c52-83b6-7975d8a945c7,424a34b1-a0a6-be9d-db01-e40390670fc3,443402002,Lifestyle education regarding hypertension,59621000,Essential hypertension (disorder)
02017f51-2c39-f7dc-69fe-03dc6578cafc,2016-01-15,2016-01-22,7966cc94-5cd7-74a4-af14-c85d70c80d69,a610d87a-11bb-57ff-12d6-975f925a6407,53950000,Respiratory therapy,,
ab1068c7-40e9-4095-106f-dc3af5691d77,2020-03-03,2020-08-31,7966cc94-5cd7-74a4-af14-c85d70c80d69,9c476920-1571-c174-73bc-b2358c52266d,53950000,Respiratory therapy,,
270d6698-43ee-1f14-2301-29fb5593a519,2023-08-09,2023-09-19,7966cc94-5cd7-74a4-af14-c85d70c80d69,40c6325b-3b9c-ebe9-3332-d58fbca5e604,385691007,Fracture care,65966004,Fracture of forearm
65cc0d53-3b4e-1572-db7f-379358c695cb,2015-03-17,,786fb2d5-1320-8ad3-b1bb-effb11d7fda7,40140595-a99a-93a1-6b31-35ba9b2ce8cd,386522008,Overactivity/inattention behavior management,,
00bea03c-ba5d-fa07-86d9-4b8e745a172f,1993-03-17,,f151dcb0-5e3d-29ce-adfa-c5cf0a7d7c2c,bef91c3b-e164-7a57-1338-43467087b868,698360004,Diabetes self management plan,15777000,Prediabetes
e8a2b6c5-b126-16d5-dc7e-58890a822371,2014-03-31,,f151dcb0-5e3d-29ce-adfa-c5cf0a7d7c2c,3329f422-95fe-0a7e-0026-a888a562503a,276239002,Therapy (regime/therapy),,
a0bc942b-d442-cf22-ff46-d63a0762adfb,2016-03-16,,f151dcb0-5e3d-29ce-adfa-c5cf0a7d7c2c,3e6064bd-e743-84c7-c51b-ec5592baae79,736285004,Hyperlipidemia clinical management plan,55822004,Hyperlipidemia
57007597-4489-7735-430d-5b40126a6e18,2018-09-26,2019-05-01,2f2461d7-cca4-05a7-c5e9-4801509056fc,b7f01b04-d1e5-8b04-eb4c-61156c1d1c1f,134435003,Routine antenatal care,,
8a4a2c6a-5d4e-2e01-e9d2-92bb0d11723e,2019-11-27,2020-07-08,2f2461d7-cca4-05a7-c5e9-4801509056fc,30b8941c-ed51-36ea-3abd-d16383bbe936,134435003,Routine antenatal care,,
ff7ca39c-c5cc-ed3a-e485-c0325d19bbac,2015-07-23,2016-03-24,23ae57ad-ae5a-72aa-8082-21c7b5de7095,8b55d726-d3f3-fdbb-c221-4306396e5749,53950000,Respiratory therapy,,
db54e2b3-a2dd-e003-624a-7458a4e7fda4,2020-02-05,2020-04-16,23ae57ad-ae5a-72aa-8082-21c7b5de7095,7e71a2c1-746e-0d95-2fad-60091551706a,53950000,Respiratory therapy,,
7d356f46-830a-256d-ff45-a76a176c6eb6,2003-03-25,2003-10-14,926d1f26-9c63-5f56-756b-97efcb3894cc,7d706b51-a25f-de96-f342-6c9e0964678a,53950000,Respiratory therapy,,
404c9e60-089f-22bb-54fd-70db6c302da6,2004-08-11,2004-10-19,926d1f26-9c63-5f56-756b-97efcb3894cc,351b23fb-b765-15a4-4aab-1f30cb6cd82c,408869004,Musculoskeletal care,,
6d7a2bf2-2211-5bab-1665-915e57159107,2010-09-07,2010-10-22,926d1f26-9c63-5f56-756b-97efcb3894cc,a7e8c48e-db73-fb0d-f01a-499de6a622ea,133901003,Burn care,403191005,Second degree burn
3f3dc2e3-69fe-b68a-bb4a-b3171a0c928e,2017-06-17,2017-09-22,4df1f8ae-a7bb-2c49-b26d-d640e8ac6924,f94c1ad9-ef83-f964-e448-77ffd2642922,385691007,Fracture care,65966004,Fracture of forearm
8e104836-3ebe-2d87-c2e2-7fb11d64fc73,1992-06-17,,f9cdb21c-d648-6a2f-8e06-fc8326c6c2c2,7574f4ce-d743-7d56-4e66-c15088895709,443402002,Lifestyle education regarding hypertension,59621000,Essential hypertension (disorder)
faa7b875-9657-2f98-ba94-986fce2c6660,2010-09-29,,f9cdb21c-d648-6a2f-8e06-fc8326c6c2c2,6f5f96b6-534c-876c-c890-ff493997c4cd,698360004,Diabetes self management plan,15777000,Prediabetes
61de3e22-d95b-07e0-4e31-f8acc4097380,2011-10-26,,f9cdb21c-d648-6a2f-8e06-fc8326c6c2c2,4e11286c-1b8a-cc7f-ea15-3710f3c6a956,736285004,Hyperlipidemia clinical management plan,55822004,Hyperlipidemia
77cea7b1-cb9f-688d-0096-e53a589193f7,2016-11-30,2017-02-03,f9cdb21c-d648-6a2f-8e06-fc8326c6c2c2,5ba03c7f-8f82-db4c-ccdd-9a09dc6b2052,47387005,Head injury rehabilitation,62106007,Concussion with no loss of consciousness
f036ae8d-f161-550c-5fee-21c1974f25f5,2024-01-27,2024-02-05,f9cdb21c-d648-6a2f-8e06-fc8326c6c2c2,7c0f3352-cda6-ffa6-875e-070dcfb7df3d,53950000,Respiratory therapy,,
bf9bcc3c-2e50-30b6-ea40-f058585b45c8,1958-01-14,,aac26c18-8305-d242-cddb-6a90093c658d,3e43697e-4bd2-0372-8a05-bc7ab5c459e3,699728000,Asthma self management,233678006,Childhood asthma
ababb07c-1d01-3525-904d-c4cff2d98dd7,1979-09-22,,aac26c18-8305-d242-cddb-6a90093c658d,74409c53-34df-a174-10da-12edd7e07135,698360004,Diabetes self management plan,15777000,Prediabetes
a4c66cb5-2dd2-9c1e-fd1f-bdabcb0fa260,2014-10-18,,aac26c18-8305-d242-cddb-6a90093c658d,e88671e6-bf02-f9cd-3ee0-6ae1671e6f3c,443402002,Lifestyle education regarding hypertension,59621000,Essential hypertension (disorder)
44af92dd-0493-d98f-aad3-6820c93c5bd5,2019-02-08,2019-02-26,aac26c18-8305-d242-cddb-6a90093c658d,745aa72f-c753-42b6-26b1-666c9b1472e4,225358003,Wound care,283385000,Laceration of thigh
bd77cc75-2569-c14a-67e8-ce2e7eff70c1,1989-01-18,,b6afe2b1-28d5-a36b-d2ef-c30747bf8208,1b59b29d-0565-55ac-ea70-be6167d1e861,698360004,Diabetes self management plan,15777000,Prediabetes
fccf8893-4af2-2964-ea15-f6a7f0e04b3c,2014-12-08,2015-01-27,ef5276ec-a94e-720c-7a45-5a718027324d,6212c45f-ad37-fd26-2897-7f3f5fd1d097,133901003,Burn care,403191005,Second degree burn
4f44de12-1dfc-629c-7182-6d3ef06873d0,2019-12-15,2019-12-24,ef5276ec-a94e-720c-7a45-5a718027324d,fa90604b-c15a-b3ad-ad40-fa52bc6e4d7a,53950000,Respiratory therapy,,
420ab252-0dba-14a9-be25-2957ddd33eab,2019-12-22,,ef5276ec-a94e-720c-7a45-5a718027324d,6cf728de-57bc-3908-f18b-41654024b9f3,698360004,Diabetes self management plan,15777000,Prediabetes
8f2fb80a-7344-fbb3-1bf3-8fa4792c3a1f,2022-09-28,,ef5276ec-a94e-720c-7a45-5a718027324d,b8b316bb-e553-0cce-e257-f5e083069e1c,408869004,Musculoskeletal care,239873007,Osteoarthritis of knee
e09deb52-acc6-4638-deae-8eb195bf4218,1968-02-01,,8da966d6-0bb7-19ec-9617-d64a51b4d3ac,3e4c7ffa-44c3-eb5d-d230-ab1a9be76ebb,384758001,Self-care interventions (procedure),,
87160630-c4b7-5132-85b6-da09c439b213,1976-11-24,,8da966d6-0bb7-19ec-9617-d64a51b4d3ac,e72036bf-1a78-3c15-1701-d9dc8112306a,718361005,Weight management program,,
3c58ac1d-e5dc-2eb2-c261-eb54a40fd148,2019-12-04,,8da966d6-0bb7-19ec-9617-d64a51b4d3ac,8cc29715-6b78-cf08-19cf-6555094d22cb,698360004,Diabetes self management plan,15777000,Prediabetes
4dd927e3-4286-8592-0ff9-757fd28f7ab8,2003-07-15,2018-01-12,f0736a21-8d1e-7c3b-28b8-c65cbbce6da4,464247c1-d70d-a25b-beb0-35b8aec22eba,711282006,Skin condition care,24079001,Atopic dermatitis
01fd16d2-4152-198f-026f-b40ec6d3f42f,2019-07-30,2019-09-04,f0736a21-8d1e-7c3b-28b8-c65cbbce6da4,520861a3-71b0-a91b-8337-dd4190291016,408869004,Musculoskeletal care,,
6452d1ee-cbb8-a59d-aac2-561c3c82b02f,1961-03-20,,5cc9e0fd-f101-ea5f-dd14-732736c6605c,ba1b3ec0-f8c6-2edc-b116-e81e50545048,384758001,Self-care interventions (procedure),,
842d8dae-8381-1b82-764f-e8a2ee1057df,1987-02-13,,72b6a527-c8c1-c7aa-d8f3-242839b8c9e2,af5eb02b-202e-84c4-ddee-7a705406ebd5,384758001,Self-care interventions (procedure),,
bb9b3ba7-22f4-02e3-1c64-846df51ac411,2014-04-14,,72b6a527-c8c1-c7aa-d8f3-242839b8c9e2,2513434c-db06-e085-8611-b19c511b0871,276239002,Therapy (regime/therapy),,
eecd70e2-a220-2f00-ce4e-81006986c5bd,2015-08-09,2015-08-27,72b6a527-c8c1-c7aa-d8f3-242839b8c9e2,d965564d-53c7-98e2-0b9a-98ca48f7eeca,773513001,Physiotherapy care plan (record artifact),44465007,Sprain of ankle
ea56dee3-7b66-8e73-bea7-421ee1557085,2017-12-05,2018-07-10,72b6a527-c8c1-c7aa-d8f3-242839b8c9e2,6abfb5ca-1da6-4310-74f0-ac7303d075a2,134435003,Routine antenatal care,,
41e82899-a1eb-3bc8-19fe-929de12b9dd5,2018-12-09,2019-03-19,72b6a527-c8c1-c7aa-d8f3-242839b8c9e2,e98b9c09-4083-843a-5e7e-3228cccf5d8e,53950000,Respiratory therapy,,
041664ef-d0de-0f29-e2ae-7c1ce60a918a,2019-07-18,2019-08-09,72b6a527-c8c1-c7aa-d8f3-242839b8c9e2,49c4953e-83c1-561e-6866-dfafdd5c2de4,225358003,Wound care,284549007,Laceration of hand
d68e8fe5-85ae-a214-adbb-7d8f9cdd6c8e,2020-06-16,2021-01-12,72b6a527-c8c1-c7aa-d8f3-242839b8c9e2,851ec695-9da8-b499-9b2a-35d6e46f48db,134435003,Routine antenatal care,,
f09273e6-cccc-dc09-9152-aecc8b35dc7e,2016-11-22,2017-02-07,bd2ca808-8e10-9b8a-a34d-f24033280380,eb9b8fff-0c68-3556-5d67-910a79468316,385691007,Fracture care,263102004,Fracture subluxation of wrist
6fd4d74b-eb59-1feb-d1a5-f5c703afbda4,2017-08-26,2018-05-30,bd2ca808-8e10-9b8a-a34d-f24033280380,4a3854d6-4ac5-8798-12a0-ef4b773e4663,53950000,Respiratory therapy,,
51c385aa-fac4-b2d0-5f4d-d0624150728f,2020-06-10,,bd2ca808-8e10-9b8a-a34d-f24033280380,2f65b636-2883-d226-6f29-b8388497b322,443402002,Lifestyle education regarding hypertension,59621000,Essential hypertension (disorder)
18b65ddc-61c5-fddb-f170-4c2a2eb0f0d2,2021-06-16,,bd2ca808-8e10-9b8a-a34d-f24033280380,5200bd0b-22b5-a534-83ca-c2a25d33b957,698360004,Diabetes self management plan,15777000,Prediabetes
4aa00b20-6788-39e3-0ff9-734f6e9f71d2,2014-12-02,2014-12-09,2674750a-1e88-d5e7-1376-1d010a5d683a,c5224a2d-8d0e-35f3-f26f-0c6375818996,53950000,Respiratory therapy,,
a042e61a-09ac-c4f4-c795-5f02c5fde797,2017-04-28,2017-05-23,2674750a-1e88-d5e7-1376-1d010a5d683a,7197fc60-4665-63da-88f3-1fb27879ac2c,225358003,Wound care,283385000,Laceration of thigh
ee294306-470f-973b-a8bf-8fcbab37f5d9,2022-07-21,2022-09-04,2674750a-1e88-d5e7-1376-1d010a5d683a,9e2a4ffb-67ea-72d3-bd54-ca4dfe969a02,276239002,Therapy (regime/therapy),,
a21e413c-88b3-3db4-c3b1-11da4c1a28d7,2022-10-04,,2674750a-1e88-d5e7-1376-1d010a5d683a,525a6aff-e666-b68e-02bc-e7a70adf2baa,276239002,Therapy (regime/therapy),,
0a2b7e30-0015-fc32-6c6b-abc63377b685,1982-07-06,,cfe5776e-1184-1359-b040-1088c27ed1b5,378a23c0-689b-a549-a71e-3a6b5cbd58ba,699728000,Asthma self management,233678006,Childhood asthma
5c8e688c-b885-1392-46bb-447cdd1ed704,2002-08-27,,cfe5776e-1184-1359-b040-1088c27ed1b5,da90da76-6c70-5c71-ec65-5f53d0c1dfcb,698360004,Diabetes self management plan,15777000,Prediabetes
1a89f925-cbf5-53f2-0f11-80c1b346cb39,2015-07-07,2015-09-23,cfe5776e-1184-1359-b040-1088c27ed1b5,b5790f8b-47e7-df2f-23bb-94ef5a9a4aa8,47387005,Head injury rehabilitation,62106007,Concussion with no loss of consciousness
f71d7663-3e61-5649-2c68-d7e1facfbce4,2022-04-05,2022-12-20,cfe5776e-1184-1359-b040-1088c27ed1b5,249d923e-6c32-592c-b3ca-0acf5d319522,53950000,Respiratory therapy,,
90307935-57fa-c6b9-5778-0a7b63bd2cdd,1995-08-12,2012-08-03,e1b6ae55-f30c-cd3a-2cf7-f9f912fbdb6c,025cb99a-c9ad-d1c9-994e-8b247e94d125,711282006,Skin condition care,24079001,Atopic dermatitis
cab1713d-5dcf-2260-0963-b9178b609f99,1995-08-31,,e1b6ae55-f30c-cd3a-2cf7-f9f912fbdb6c,44c4de6a-e9ab-8247-c92d-33551f15285c,384758001,Self-care interventions (procedure),,
4f877ef3-1a1c-a558-f42c-45ddd22886c7,1998-04-05,,e1b6ae55-f30c-cd3a-2cf7-f9f912fbdb6c,7789289b-e71b-2890-19a4-801125383ffd,699728000,Asthma self management,233678006,Childhood asthma
4174a727-ef03-14d8-ae9b-4f7e19f894be,2008-06-22,2012-07-27,e1b6ae55-f30c-cd3a-2cf7-f9f912fbdb6c,2b995937-9a46-3014-1b27-34dec62f8628,170836005,Allergic disorder monitoring,,
4e7144b9-4c51-9929-1771-8ac50eee6212,2009-09-15,2010-05-30,e1b6ae55-f30c-cd3a-2cf7-f9f912fbdb6c,5c2bcb4a-e86b-9b23-a238-5b2bfd507131,386522008,Overactivity/inattention behavior management,,
bb8dddb4-cb98-f064-aa7e-bfb93adc0297,2014-05-21,2014-06-23,e1b6ae55-f30c-cd3a-2cf7-f9f912fbdb6c,f3e18e80-6b2b-dc37-da86-0bc551698b60,385691007,Fracture care,33737001,Fracture of rib
d4b8a1a1-1e66-fe02-b060-980c1e733f6e,2018-04-04,,e1b6ae55-f30c-cd3a-2cf7-f9f912fbdb6c,9d33c6da-50ae-585a-9d1e-adba2570d53d,735984001,Heart failure self management plan,88805009,Chronic congestive heart failure (disorder)
683fdd3d-3648-7695-4483-93f20827a115,2018-10-01,,e1b6ae55-f30c-cd3a-2cf7-f9f912fbdb6c,578f24d7-a126-78e5-752e-8b17dad9cf40,736353004,Inpatient care plan (record artifact),88805009,Chronic congestive heart failure (disorder)
33c44fce-f725-44e9-d95d-e9753de4ccf2,2010-05-11,,a67c6449-1d50-9c69-ea2b-28baae1d83bf,62255673-44a4-4bda-0f5e-f32d1af74021,384758001,Self-care interventions (procedure),,
e5ded75d-d39f-b771-d502-59cfab5d2fa7,2019-01-24,2019-02-11,a67c6449-1d50-9c69-ea2b-28baae1d83bf,e0914128-de44-d514-ab79-a0d6a689e024,773513001,Physiotherapy care plan (record artifact),70704007,Sprain of wrist
87104415-b9d9-28ae-a42c-4a8c279b5490,2022-05-24,,a67c6449-1d50-9c69-ea2b-28baae1d83bf,2d432f97-788a-6c61-6a36-9450c86d5d51,170836005,Allergic disorder monitoring,,
9056878c-c3f7-8557-3768-2b59b0cc9d8f,2024-04-02,2024-04-29,d46719ba-cd8b-08f0-3ed9-806282bec9a2,10615790-6ce9-8f00-6197-43304a53e91b,773513001,Physiotherapy care plan (record artifact),44465007,Sprain of ankle
121a804f-7914-b9ff-0603-3c9e3c6606a2,1987-12-27,,2984f00d-94e6-7761-d908-b7a2f743aca6,f0375cf2-aecc-d0e6-001b-43873010d5c5,698360004,Diabetes self management plan,15777000,Prediabetes
18a6026a-7621-0867-c832-c7e8b0234e9d,1980-06-20,,f3764e1b-2803-a1d2-c0fe-5ccbd1ce6db2,1fcd481e-34f1-cf87-90d6-1906eff05b54,698360004,Diabetes self management plan,15777000,Prediabetes
19192cd5-d6fc-9f8a-053f-188f191b688b,1989-05-02,,f3764e1b-2803-a1d2-c0fe-5ccbd1ce6db2,548f6351-1611-c7bd-1ef2-82222db75784,734163000,Care plan (record artifact),78275009,Obstructive sleep apnea syndrome (disorder)
a843fa5e-7d44-be50-dbb4-613e81f7d474,2000-03-24,,f3764e1b-2803-a1d2-c0fe-5ccbd1ce6db2,6f8ab823-a03d-e403-407b-0ffe95fd6033,134435003,Routine antenatal care,,
feab9ce6-972a-5eaf-3dd3-ec422f85144e,2021-02-14,2021-03-28,f3764e1b-2803-a1d2-c0fe-5ccbd1ce6db2,5ff6c733-33c2-e4b3-9b1b-f731407a7324,773513001,Physiotherapy care plan (record artifact),,
f65686c6-2846-c22a-2d0f-5e1905080339,2024-02-12,2024-03-02,f3764e1b-2803-a1d2-c0fe-5ccbd1ce6db2,8f873c4b-f94f-02c8-a339-e6f05b6b1544,53950000,Respiratory therapy,,
b474e60e-984f-2cec-1398-195cfc651a50,2009-03-01,,22f01daf-70a9-298e-e92f-faefb824b4e5,6f1083ff-d1e8-f7d2-a256-2d2fdfcf02a9,384758001,Self-care interventions (procedure),,
9ed2773a-b096-5200-00f1-f2e95aac7d98,2012-08-20,,22f01daf-70a9-298e-e92f-faefb824b4e5,eb6e0811-c29e-ce88-eff4-227747cccd8e,699728000,Asthma self management,233678006,Childhood asthma
97423b7d-6a25-d7cf-e26e-24c97340c8b6,2019-09-21,2019-11-14,22f01daf-70a9-298e-e92f-faefb824b4e5,e3837ea2-811f-79a9-334e-c0ef2ddd0680,773513001,Physiotherapy care plan (record artifact),,
b90dbd71-1b4a-123e-0c37-5d654d3a70a0,2020-10-22,,22f01daf-70a9-298e-e92f-faefb824b4e5,93c5030e-133d-3900-76e3-3a64f2fee935,170836005,Allergic disorder monitoring,,
fddb13a0-4e3d-005e-cab2-cc591a744d6d,2022-09-06,2022-12-08,22f01daf-70a9-298e-e92f-faefb824b4e5,4564494b-d54e-afee-ba6c-cc396ff1621d,385691007,Fracture care,58150001,Fracture of clavicle
680bc639-ac60-f598-0a81-ac217dde4b7a,2024-03-07,,22f01daf-70a9-298e-e92f-faefb824b4e5,d11da672-0043-bd69-656e-eeebf785919c,134435003,Routine antenatal care,,
a6e0903d-36b6-d75d-c597-cce5bcb3593a,1983-05-06,,8847651a-7899-d697-3359-f0aa4b550b4c,38df284f-39aa-b6f3-726b-be41f34ff56d,443402002,Lifestyle education regarding hypertension,59621000,Essential hypertension (disorder)
c60a6741-62a5-ead6-6d7c-2b0bc192f58f,2013-10-25,,8847651a-7899-d697-3359-f0aa4b550b4c,e62d6e15-e25b-05c6-efb9-aa21d206a372,698360004,Diabetes self management plan,15777000,Prediabetes
3aca2d76-3ebe-4e97-74e8-74a99f56f8b5,2018-10-20,2018-11-03,9399a3ae-e936-4e22-8b8e-55ea9c2800fe,b395d00a-6f2b-dfaf-90f6-101ed4cc5e4d,225358003,Wound care,283385000,Laceration of thigh
8ae28bc6-2168-32b5-c022-146ed1ffbe65,2019-03-04,2020-09-28,9399a3ae-e936-4e22-8b8e-55ea9c2800fe,3302754c-4280-7303-67b7-16fbfaeb3e6f,53950000,Respiratory therapy,,
cce70553-a44d-37cf-5231-026655870e55,2020-09-28,,9399a3ae-e936-4e22-8b8e-55ea9c2800fe,780395c2-391c-28ff-b9d6-eb8c74085e35,698360004,Diabetes self management plan,15777000,Prediabetes
ee2f67b9-792b-f285-391d-6f2a4b6e5aa4,1942-10-02,,f6d332b5-353d-6eb6-23ba-195b8b51ada4,b5f2d82d-a860-7421-eb03-e467df7b2d0d,443402002,Lifestyle education regarding hypertension,59621000,Essential hypertension (disorder)
bc97210e-6495-2dd4-c0a9-6d566d4432d0,1951-11-23,,f6d332b5-353d-6eb6-23ba-195b8b51ada4,d72444b7-8772-a4c7-5ab1-f12e3bd79111,734163000,Care Plan,,
646eabb3-eaf7-dd2f-319d-b25b42e43824,1966-09-26,,f6d332b5-353d-6eb6-23ba-195b8b51ada4,10226536-cc73-857c-0367-1e8d1c57e911,736690008,Dialysis care plan (record artifact),,
e6bec534-92c4-0750-8b9e-d46333dfb4b1,1983-05-27,,f6d332b5-353d-6eb6-23ba-195b8b51ada4,e5c4a965-0169-0471-f7c7-e241a7469452,736252007,Cancer care plan,126906006,Neoplasm of prostate
ec54304e-6198-8895-c39d-b63f041050b7,2000-11-02,,4febb6a4-a814-8061-1efa-80133ae0aae4,019a8944-7269-6a14-0e4a-e42a2f5452e4,384758001,Self-care interventions (procedure),,
ab8adfc5-7422-4872-2c01-47390ffd3be0,2012-07-16,2016-07-16,4febb6a4-a814-8061-1efa-80133ae0aae4,2c316942-e8b9-76b4-17bb-235e604a24dc,170836005,Allergic disorder monitoring,,
aef9f6c4-79d1-f4aa-35a9-ace97c78b90e,2016-01-25,2016-09-05,4febb6a4-a814-8061-1efa-80133ae0aae4,fe1bd586-81cf-b63a-17d8-94fd2f10f190,134435003,Routine antenatal care,,
d843dcdf-eb2b-56f5-dd4e-84ddf3e36224,2018-12-31,2019-07-29,4febb6a4-a814-8061-1efa-80133ae0aae4,e2dd9b6d-e537-340d-b54c-48ef9aed57c3,134435003,Routine antenatal care,,
370a7e59-3e41-c28e-8eeb-8aa2f9c4c31a,2023-03-27,2023-10-30,4febb6a4-a814-8061-1efa-80133ae0aae4,e3443c87-b517-4e86-9844-966423a34d42,134435003,Routine antenatal care,,
58df6ae1-9444-a635-5653-4071d82bdc4e,1941-04-18,,e8efe356-5a8d-f9f2-deba-061a0f16fe69,0722ba2c-f1d0-a919-c3b5-ffc061313e09,443402002,Lifestyle education regarding hypertension,59621000,Essential hypertension (disorder)
c42ee376-7bb4-745e-70bc-d32dfa1cafcf,1949-12-30,,e8efe356-5a8d-f9f2-deba-061a0f16fe69,e3b043ab-53c8-e18f-dbfb-5ffb69872320,698360004,Diabetes self management plan,15777000,Prediabetes
935b06bb-0f37-07ef-e2d6-2478ed391e8d,1965-10-04,,e8efe356-5a8d-f9f2-deba-061a0f16fe69,63df6a8b-ef67-cae0-6f96-1465346e598e,736690008,Dialysis care plan (record artifact),,
9b57a547-6969-9e7b-d94c-18f8625ba3bf,1966-10-15,1966-10-30,e8efe356-5a8d-f9f2-deba-061a0f16fe69,39c64dc6-025e-2f68-cc82-543a997e62b5,53950000,Respiratory therapy,,
a2d87f06-ec08-f2d4-3437-6f51f5c74297,1967-12-08,,e8efe356-5a8d-f9f2-deba-061a0f16fe69,7464a5bb-c85d-b97b-f46a-cd46cbf9552a,734163000,Care plan (record artifact),,
6c9408e7-6f5f-c3a8-4e2c-b1323e02ac5b,1946-08-09,,669ab31e-fba0-891f-901a-054c2d320a16,dba13d6c-2b63-813c-054d-a41299933f9d,412776001,Chronic obstructive pulmonary disease clinical management plan,87433001,Pulmonary emphysema (disorder)
90854328-331d-fbb8-c951-855bb820cd97,1962-04-13,,669ab31e-fba0-891f-901a-054c2d320a16,8f529f20-704b-1a2b-7643-6e74d83f5a0a,408869004,Musculoskeletal care,201834006,Localized  primary osteoarthritis of the hand
e3c22cb8-2d33-ffe8-7781-cb78a94f441d,1965-06-10,1965-06-22,669ab31e-fba0-891f-901a-054c2d320a16,51290ea4-87c1-5c58-d60c-6d955aaf1602,737471002,Minor surgery care management (procedure),,
7f8b4c3b-6470-60d0-eee1-a3a07bb25f3c,1946-03-19,,ce80625d-d293-9fc4-e694-eb2dcd921c25,13fc70bd-9236-4f70-fc23-3d96b0cfa842,443402002,Lifestyle education regarding hypertension,59621000,Essential hypertension (disorder)
a713901d-d6a0-a6b7-a51a-05ab6b8ab403,1972-09-12,,ce80625d-d293-9fc4-e694-eb2dcd921c25,13fb6950-d475-994b-f780-2471c0dcb43d,698360004,Diabetes self management plan,15777000,Prediabetes
c2face20-61c0-e625-db79-fb68fd8df10e,1975-02-23,,ce80625d-d293-9fc4-e694-eb2dcd921c25,5528d3ed-e044-cf7f-6f76-657123bcc0ab,734163000,Care plan (record artifact),78275009,Obstructive sleep apnea syndrome (disorder)
7433432c-28fe-b990-2ed5-7797ff4c1c3d,1996-10-01,,ce80625d-d293-9fc4-e694-eb2dcd921c25,f16bf0e3-d87e-a061-8915-424a77898983,736372004,Discharge care plan (record artifact),,
1f8cbef0-34f7-148b-29e3-cc64bed11a3a,2000-09-12,,ce80625d-d293-9fc4-e694-eb2dcd921c25,2878ce0f-b0bd-7120-912b-cf22a7b7fae8,736285004,Hyperlipidemia clinical management plan,55822004,Hyperlipidemia
cbd94eb3-2d16-a6ea-9758-08befef9bcfd,2009-05-29,,ce80625d-d293-9fc4-e694-eb2dcd921c25,27cf586a-6a3e-19cd-e583-e4f9757fb1e0,736690008,Dialysis care plan (record artifact),,
ba94a0cf-91df-e6af-1026-b85bcec5e97b,2009-12-14,2010-04-03,ce80625d-d293-9fc4-e694-eb2dcd921c25,35ecb9a0-dd4a-34f0-0479-45bb18c18196,385691007,Fracture care,58150001,Fracture of clavicle
a004b74c-d257-7a34-a208-f31cc1e07345,2011-03-22,2011-04-06,ce80625d-d293-9fc4-e694-eb2dcd921c25,96dfafe0-8a37-41a7-f162-d8caa248e7e8,225358003,Wound care,284549007,Laceration of hand
d9ce8d24-4248-036f-d07e-11e806ac285c,2011-09-13,2011-09-29,ce80625d-d293-9fc4-e694-eb2dcd921c25,736d09ce-bdc5-c92f-45a3-f68b5ecd5e53,53950000,Respiratory therapy,,
61882e45-bdf8-08c8-8554-c713a9a73d51,1948-10-08,,bb9e23f0-7be3-0651-c9ba-8a079eab856f,eee578ad-9930-7df6-164f-baae93923b54,443402002,Lifestyle education regarding hypertension,59621000,Essential hypertension (disorder)
603c39c5-0d35-53f2-8f39-d14871489d8e,1950-10-20,,bb9e23f0-7be3-0651-c9ba-8a079eab856f,0594d0bc-49e9-32aa-0fd7-9556b27a13ef,698360004,Diabetes self management plan,15777000,Prediabetes
95c41efa-b9c8-ffea-fd7a-246e93d5f123,1961-11-03,1961-12-29,bb9e23f0-7be3-0651-c9ba-8a079eab856f,9b29d062-dead-c750-e9a8-565953a70bed,385691007,Fracture care,33737001,Fracture of rib
61c56909-988e-3f3a-d0a1-ed00f6b43b07,1962-08-16,1962-08-26,bb9e23f0-7be3-0651-c9ba-8a079eab856f,bba48d31-22bc-6f5b-7d42-aa798116dc7a,53950000,Respiratory therapy,,
5512fc83-56c6-e78b-0ff3-2e50b800c9c6,1965-04-12,,bb9e23f0-7be3-0651-c9ba-8a079eab856f,a82acb5a-d142-fede-509c-60c11b35bae8,736690008,Dialysis care plan (record artifact),,
c299d846-d5c7-7360-37d5-e59a897c4e4a,1966-04-29,1967-01-20,bb9e23f0-7be3-0651-c9ba-8a079eab856f,dd343979-e424-6408-a7a2-4bd6af648ed6,53950000,Respiratory therapy,,
7506c887-0b41-c300-3731-670966eeabbe,1936-09-25,,1dc9e120-59a7-5f20-2b7b-6d46a36458e5,06d95e53-7bf7-188a-df4b-f4548a4426af,443402002,Lifestyle education regarding hypertension,59621000,Essential hypertension (disorder)
538908df-27ef-c10d-6bd8-a9cdd882f48c,1947-08-10,,1dc9e120-59a7-5f20-2b7b-6d46a36458e5,06fe92e8-9636-778c-252b-08ed64d57f47,734163000,Care plan (record artifact),73430006,Sleep apnea (disorder)
1acbd468-5f3a-0d58-bb19-930218c93f8e,1962-04-09,,1dc9e120-59a7-5f20-2b7b-6d46a36458e5,13930976-11c4-4ae1-bb8c-451b42d259d0,736690008,Dialysis care plan (record artifact),,
3d29238f-c88f-f7e1-af8c-56ad381f3fdc,1945-10-05,,583fd23e-59b8-fda9-9436-ea053e229f7d,a5ff1282-7453-bb3f-b1c2-aa01e3fb92e2,698360004,Diabetes self management plan,15777000,Prediabetes
58af09c5-86d7-2901-6aa3-b330e345d235,1946-03-27,,583fd23e-59b8-fda9-9436-ea053e229f7d,128206f0-59d8-a9d3-e2b0-b47829d59b86,735984001,Heart failure self management plan,88805009,Chronic congestive heart failure (disorder)
7b7b1495-0a9c-b534-6cc3-213421ffe0c1,1947-09-18,1947-10-03,583fd23e-59b8-fda9-9436-ea053e229f7d,a604cb7a-fe5f-cadb-4aff-464ce92c22ec,736353004,Inpatient care plan (record artifact),88805009,Chronic congestive heart failure (disorder)
3fd1e9fb-ca6b-1220-b3d8-a8c1686239c6,1950-09-17,1950-09-18,583fd23e-59b8-fda9-9436-ea053e229f7d,957a7697-42fc-75e4-9196-44ab830bc275,736353004,Inpatient care plan (record artifact),88805009,Chronic congestive heart failure (disorder)
b1d8e03e-f24e-d4b5-b89f-ffe9d70b241d,1951-03-17,1951-03-21,583fd23e-59b8-fda9-9436-ea053e229f7d,b29d11b5-c01d-b5c8-ce62-7f729ba916ba,736353004,Inpatient care plan (record artifact),88805009,Chronic congestive heart failure (disorder)
50dd0efe-bd73-750a-7000-859d3f079017,1952-04-13,1952-04-20,583fd23e-59b8-fda9-9436-ea053e229f7d,f8d907cd-6357-6796-ea86-c847a01b23df,53950000,Respiratory therapy,,
09476ef6-d620-8936-f9a6-365e0ada0666,1952-09-26,,583fd23e-59b8-fda9-9436-ea053e229f7d,92f4f016-2622-1446-a4f5-5c9c9a593435,736353004,Inpatient care plan (record artifact),88805009,Chronic congestive heart failure (disorder)
7ff281e3-f378-45ab-d1bc-38198518b799,1942-10-02,,4750b6b0-da7e-7e95-b383-4f1ff758e147,c42b79be-057a-e9ca-4ef4-41ffa87bcfaf,734163000,Care Plan,,
e8db69e8-d14c-bac1-2f2f-377925b91f05,1992-11-24,1992-12-28,4750b6b0-da7e-7e95-b383-4f1ff758e147,6e7b5e39-54a2-e7ba-c436-d06f68920be4,408869004,Musculoskeletal care,,
c54a1ac9-3de3-ad00-8043-defe2c5c51e1,1992-12-25,,4750b6b0-da7e-7e95-b383-4f1ff758e147,ec156883-07e9-ffbc-db75-6bdaf8233710,736252007,Cancer care plan,126906006,Neoplasm of prostate
bf3703f7-8b62-7de2-5e0a-ef2803b62e2e,1993-09-22,1993-12-24,4750b6b0-da7e-7e95-b383-4f1ff758e147,caf7e310-e1b6-f419-24a1-fa543226caa2,53950000,Respiratory therapy,,
dcd7b129-6303-45ab-9ec7-3759fbd8702c,1994-10-31,1994-12-22,4750b6b0-da7e-7e95-b383-4f1ff758e147,c9900dfa-9283-bd82-afb1-f897a940949d,385691007,Fracture care,16114001,Fracture of ankle
019f00be-2439-2685-0bf8-56aa3f65dcea,1948-04-13,,6d2dbdeb-564b-b78e-6d04-ad59bea9b440,c0164a96-03bf-961a-67f6-28161f4be7b0,698360004,Diabetes self management plan,15777000,Prediabetes
522531b2-f5b4-72e2-da60-e7d244f76f24,1970-09-01,,6d2dbdeb-564b-b78e-6d04-ad59bea9b440,27105efc-33f8-6ca2-cf17-6d8bb06a4330,734163000,Care Plan,,
22f1c2a9-7ff1-101e-f2ee-93af773e9c62,1972-06-20,,6d2dbdeb-564b-b78e-6d04-ad59bea9b440,0a101c72-3143-eb14-c323-d6e5ac6f11c9,386257007,Dementia management,230265002,Familial Alzheimer's disease of early onset (disorder)
2e5fe2ad-43dc-ee6f-7fe1-e47bc9410250,1986-03-04,,6d2dbdeb-564b-b78e-6d04-ad59bea9b440,dad34731-3bae-0ce5-70e1-fd53ce4b564e,736252007,Cancer care plan,126906006,Neoplasm of prostate
bc812f7b-77aa-fe73-b8e3-edde7067685e,1957-04-23,,3987bee2-773f-05b3-0383-85d8f4a9b5e3,3acf811e-b356-dc9e-37ee-0b33003d58b3,698360004,Diabetes self management plan,15777000,Prediabetes
ba22c43a-d7c5-62e1-c263-913675f9def2,1986-09-07,,3987bee2-773f-05b3-0383-85d8f4a9b5e3,7989a6d1-4244-6578-7159-b20f113fc10c,408869004,Musculoskeletal care,239873007,Osteoarthritis of knee
69066480-a9f0-50dd-5240-41b9508bc49f,1993-05-25,,3987bee2-773f-05b3-0383-85d8f4a9b5e3,bcd95679-182a-237f-6fa1-3700126f346f,736252007,Cancer care plan,126906006,Neoplasm of prostate
408c41d8-5df7-e5e1-2325-d3e356847fbe,1993-10-12,1994-05-24,3987bee2-773f-05b3-0383-85d8f4a9b5e3,520f3cb5-13a0-d0a5-414b-6fd4d2b5c866,53950000,Respiratory therapy,,
3f1ec84d-f7e8-ad70-453d-37f158fc14ed,1991-04-05,,57c494ef-0f34-691e-b8b5-e59f42c8ec14,3a167c32-80ff-f7fc-67d8-21b6aaf987e1,735984001,Heart failure self management plan,88805009,Chronic congestive heart failure (disorder)
2f8a1dda-0f07-f0b3-3229-3fff05f50d40,1992-06-02,,57c494ef-0f34-691e-b8b5-e59f42c8ec14,5e448845-3dbe-73cb-8c47-3119506081e1,736285004,Hyperlipidemia clinical management plan,55822004,Hyperlipidemia
4605d189-aa79-8fef-5009-39c3147d2ced,1993-03-25,,57c494ef-0f34-691e-b8b5-e59f42c8ec14,849bfbbd-45cf-226d-913e-3a9c0d421f5d,736353004,Inpatient care plan (record artifact),88805009,Chronic congestive heart failure (disorder)
2bb11b4b-423a-9ba0-0e0c-d968fd42635e,1935-09-20,,1ab677dd-e7d7-93ce-027c-d806dfa798ee,4a3a0d75-62c4-d99b-85f5-024d99f4292d,698360004,Diabetes self management plan,15777000,Prediabetes
c314789e-d696-06e0-a395-2dab8236ec75,1972-08-14,,1ab677dd-e7d7-93ce-027c-d806dfa798ee,a675f738-36d6-2fe0-393f-057e2043b499,408869004,Musculoskeletal care,201834006,Localized  primary osteoarthritis of the hand
9fc43129-396c-7d96-48ad-bfb6e82d8b7b,1977-10-14,,1ab677dd-e7d7-93ce-027c-d806dfa798ee,4b7c1936-03fa-fd59-0af2-e6ddd1deac80,736285004,Hyperlipidemia clinical management plan,55822004,Hyperlipidemia
ec844441-6e66-e20e-c339-d9ceccad9ad6,2004-10-09,,1ab677dd-e7d7-93ce-027c-d806dfa798ee,a4272b58-e733-4f9b-8349-284e4d3678a6,386257007,Dementia management,26929004,Alzheimer's disease (disorder)
beeaafa4-e355-3be6-22f6-70afd0bbe31a,2010-11-05,,1ab677dd-e7d7-93ce-027c-d806dfa798ee,9ed3b1ed-74f8-0247-07a0-6401850a1161,736690008,Dialysis care plan (record artifact),,
1854c501-dc39-fd37-7ec9-b151d40715ff,2013-10-11,2013-11-15,1ab677dd-e7d7-93ce-027c-d806dfa798ee,a75807ba-95c0-1690-f015-28092d72e232,53950000,Respiratory therapy,,
0eb8f196-b121-4167-0a30-7e24f630ea05,2013-10-18,2013-11-11,1ab677dd-e7d7-93ce-027c-d806dfa798ee,88acdb12-3549-9548-65c6-70994550bbcc,225358003,Wound care,283371005,Laceration of forearm
2d3727b8-c89e-e455-e87f-e48c05b4c2b8,2014-02-02,2014-05-01,1ab677dd-e7d7-93ce-027c-d806dfa798ee,7d112203-b8cb-e559-ac90-aa80aee5e7cc,276239002,Therapy (regime/therapy),,
c7296d9b-1343-07aa-099e-0dbbf9b11021,2015-01-23,,1ab677dd-e7d7-93ce-027c-d806dfa798ee,bae1cebf-96e3-b9de-17db-b908965ffb9d,734163000,Care plan (record artifact),,
916b7b75-14b2-3648-e543-a17d9523cc8d,2020-01-21,2020-05-23,1ab677dd-e7d7-93ce-027c-d806dfa798ee,c9281303-139b-5f8d-68a9-b865be14bf85,385691007,Fracture care,263102004,Fracture subluxation of wrist
d013e6c2-2007-3621-4c53-dadc5645e9bc,1945-10-05,,9dbb826d-0be6-e8f9-3254-dbac25d83be6,807c7dbe-c728-075d-bb81-4811080f59fd,734163000,Care Plan,,
ea848faf-af04-6f61-9fb0-f66254052bd0,1957-07-19,1957-08-01,9dbb826d-0be6-e8f9-3254-dbac25d83be6,449d43f7-735d-f2aa-740b-90f84c5ba1fe,53950000,Respiratory therapy,,
92998abd-37eb-f090-e00f-2ce1a8574f3f,1921-06-06,,ef597be2-db1c-47f6-8205-6618ededd192,972b0352-b94b-4a34-e5f9-68ca1e25135a,384758001,Self-care interventions (procedure),,
1c0656f4-029a-e148-e34c-7d1bf1326aa9,1954-10-15,,ef597be2-db1c-47f6-8205-6618ededd192,1f5cd9a4-67bd-923a-bd21-d356da7248e2,443402002,Lifestyle education regarding hypertension,59621000,Essential hypertension (disorder)
fcd59226-3732-d1f6-8cd2-443b182c9c4a,2014-04-03,,ef597be2-db1c-47f6-8205-6618ededd192,5abf6cd8-b7b8-77dd-d454-d14fe64a4407,276239002,Therapy (regime/therapy),,
0508631b-05ea-beae-31f6-c6ee7f3e173e,2015-07-09,2015-10-25,ef597be2-db1c-47f6-8205-6618ededd192,524c55e4-2dd0-780f-3f5f-2a0cbdbdcc44,385691007,Fracture care,65966004,Fracture of forearm
6ad8d9ce-c831-4de5-0add-104a0204c39f,2018-10-15,2018-11-11,ef597be2-db1c-47f6-8205-6618ededd192,5e53adea-cdc7-6adf-b615-c688da825750,225358003,Wound care,284549007,Laceration of hand
593ad989-4c43-ecea-1df4-5e838e070a31,1945-04-10,,df1411af-6e8f-93da-0631-24b7558cd06b,2a228ebb-cf36-3179-1dfa-150510809828,734163000,Care Plan,,
37fd8afe-849e-52c4-be0c-b4883bd1a9fe,1948-04-13,,df1411af-6e8f-93da-0631-24b7558cd06b,fc5664c7-a3a0-4d9f-b0bc-da314c6a124e,443402002,Lifestyle education regarding hypertension,59621000,Essential hypertension (disorder)
9b81110b-7288-ca2e-3f34-d7dabe19cbf7,1961-06-27,,df1411af-6e8f-93da-0631-24b7558cd06b,72f5d626-50ea-80f9-f7e8-8a34d89f9e9b,698360004,Diabetes self management plan,15777000,Prediabetes
ca6725c4-411d-c588-a9f0-f7cae5e271c1,1974-09-24,1974-10-05,df1411af-6e8f-93da-0631-24b7558cd06b,c966198a-e5ff-95c0-ead5-7951b71a4d95,737471002,Minor surgery care management (procedure),,
160fe434-24aa-6ac8-beea-d0610a431a99,1975-05-09,,df1411af-6e8f-93da-0631-24b7558cd06b,9ce016e2-4498-5bac-f3cf-14ee05bfa3a4,736690008,Dialysis care plan (record artifact),,
28f8f065-f885-5858-c17d-637a0df462ab,1948-04-13,,e64639b9-2564-5fee-ea3b-69d3467821d8,5b4535ae-7f88-222b-1435-8e668f03870c,443402002,Lifestyle education regarding hypertension,59621000,Essential hypertension (disorder)
7c495ec8-e0ab-6a9b-7737-6adf9acda649,1956-05-29,,e64639b9-2564-5fee-ea3b-69d3467821d8,5508b5f3-fc9c-f3af-dc71-e1f9c768042d,698360004,Diabetes self management plan,15777000,Prediabetes
c3580c6d-f884-1306-cd6e-f1cec5564cd4,1967-03-23,,e64639b9-2564-5fee-ea3b-69d3467821d8,500b77f8-1248-8d65-c300-bee9fd3452b8,408869004,Musculoskeletal care,239873007,Osteoarthritis of knee
b218cc7b-cffd-6314-ecea-22082fa08b62,1969-12-26,,e64639b9-2564-5fee-ea3b-69d3467821d8,828ff380-b379-66e1-5ffd-3d4b942fe4db,736690008,Dialysis care plan (record artifact),,
e85f221f-17e4-0ad2-d69b-42b2ca699399,1975-01-21,,e64639b9-2564-5fee-ea3b-69d3467821d8,8123b659-0c73-3bdd-6040-d6768e148f86,734163000,Care plan (record artifact),,
848191c1-25a7-926d-9aeb-a5e000d7c430,1976-12-24,1977-01-08,e64639b9-2564-5fee-ea3b-69d3467821d8,b71569ea-c017-7fa9-04bb-6db5659cb698,53950000,Respiratory therapy,,
2c8fccbc-0d48-1ac1-557b-e42d9e7d4fbd,1979-03-31,,e64639b9-2564-5fee-ea3b-69d3467821d8,724fcee0-72c2-0613-8b73-82c5bbaf4c5b,53950000,Respiratory therapy,,
d5bf7f3c-e8b8-d800-82ce-bc4c8bf1d59a,1954-04-20,,7679130b-a6ed-26fd-70b5-09a9b1c6c33d,c782c07c-1685-3dee-7537-23a07e2877b7,698360004,Diabetes self management plan,15777000,Prediabetes
5163af30-1698-9e13-0056-0f4f33cb0a52,1963-04-30,,7679130b-a6ed-26fd-70b5-09a9b1c6c33d,9b64df1e-89bf-f4fb-5fa2-b1e5eb571103,734163000,Care Plan,,
8bea5cc0-84f6-21ee-1735-629c7641ccb5,1989-05-02,,7679130b-a6ed-26fd-70b5-09a9b1c6c33d,0f518388-29c3-9ed7-83b0-568191f84591,736252007,Cancer care plan,126906006,Neoplasm of prostate
9f936f88-a3e0-08ab-27a6-b26a64bc80d0,1999-06-22,,7679130b-a6ed-26fd-70b5-09a9b1c6c33d,d0310986-9e32-4092-504b-112ea755ba39,443402002,Lifestyle education regarding hypertension,59621000,Essential hypertension (disorder)
fcb9a645-b670-2c5e-ff42-905d45efb178,2010-09-03,2010-09-17,7679130b-a6ed-26fd-70b5-09a9b1c6c33d,fa7f1379-4e73-9d2d-fcd4-827042560cbc,773513001,Physiotherapy care plan (record artifact),44465007,Sprain of ankle
76c17bbf-7b72-554e-eb50-4a6b828e9ee5,2010-12-27,2011-01-16,7679130b-a6ed-26fd-70b5-09a9b1c6c33d,adfa5e40-ef02-cde6-38ae-4c1384e63c93,53950000,Respiratory therapy,,
f7aabc6f-debf-e8f0-3e1e-868795ebf30a,2011-07-15,,7679130b-a6ed-26fd-70b5-09a9b1c6c33d,26f07050-3162-785e-73f4-24e990e875ec,736690008,Dialysis care plan (record artifact),,
f45513ed-a9e3-6175-9104-e1f4f29a4e8d,2013-11-19,2014-03-08,7679130b-a6ed-26fd-70b5-09a9b1c6c33d,0892dbbd-e65f-059a-56d8-5df7bf4c59bc,385691007,Fracture care,65966004,Fracture of forearm
ae3066c1-4fe0-1a59-3666-17d78f34acc6,2016-09-13,2016-09-28,7679130b-a6ed-26fd-70b5-09a9b1c6c33d,ab82d157-326f-33b0-30e5-9cf32a81561c,53950000,Respiratory therapy,,
851c43d0-54f2-f4d9-e226-066c43bd8e9e,2018-12-05,2019-03-17,7679130b-a6ed-26fd-70b5-09a9b1c6c33d,7273d550-4ebc-ff93-c8fa-9ed92598e959,385691007,Fracture care,263102004,Fracture subluxation of wrist
1c62bc90-2e30-bcac-b1ab-4d442dd249f0,1957-03-11,,bb49bf8f-c179-185e-9a46-879cd2e46293,d1145105-8647-f071-ab95-70813afe8bff,734163000,Care plan (record artifact),78275009,Obstructive sleep apnea syndrome (disorder)
48a81da9-3a0f-002e-e464-e943cc73187f,1957-04-23,,bb49bf8f-c179-185e-9a46-879cd2e46293,15a1cc6a-2858-efec-2a35-fcc935d0c24a,443402002,Lifestyle education regarding hypertension,59621000,Essential hypertension (disorder)
8c99f568-67f6-9fd4-5e05-c5b13702f4cd,1979-08-28,,bb49bf8f-c179-185e-9a46-879cd2e46293,4557fa5d-d998-8053-204f-5574ab9e1eb4,698360004,Diabetes self management plan,15777000,Prediabetes
b324dac0-f613-289d-3c82-47befad81144,1990-11-23,,bb49bf8f-c179-185e-9a46-879cd2e46293,6de54d3c-ba06-afaa-d7d7-dfabe7f278c1,736690008,Dialysis care plan (record artifact),,
e3a5c2aa-2ba0-75fe-b142-b300de87856c,1993-06-17,,bb49bf8f-c179-185e-9a46-879cd2e46293,aa6b9f35-c42b-3787-cef6-855d4cbf5df1,736372004,Discharge care plan (record artifact),,
a35095aa-dd5f-2c4d-1358-654fef417ea0,2014-11-26,2014-12-12,bb49bf8f-c179-185e-9a46-879cd2e46293,d276c0a7-bd55-2310-1fb9-b702f4bee8b8,225358003,Wound care,283371005,Laceration of forearm
