Id,START,STOP,PATIENT,ENCOUNTER,CODE,DESCRIPTION,REASONCODE,REASONDESCRIPTION
bb300c79-c321-e5db-593c-84771f22c70b,1979-07-31,,e27068d6-cdf3-2553-724c-80fe1e1ffd12,270af82a-6e4d-dc67-fc4d-1dc8f399c30c,698360004,Diabetes self management plan,15777000,Prediabetes
7710eafa-a989-1b8b-bfef-3c46565e4a2f,2010-02-13,2014-06-03,45a270f6-9a7f-a26e-ebd7-9786db29a4c4,fe65e31b-90b1-130e-3ad0-bf37507edb22,386522008,Overactivity/inattention behavior management,,
a9df123c-6cb0-9c6e-590f-abf86c6ba0cd,2006-11-02,,ed644283-e5d9-4f9c-5f1d-133afe3d71bd,c3ac9ff7-1597-5a3b-9d5e-9283084ab0ac,443402002,Lifestyle education regarding hypertension,59621000,Essential hypertension (disorder)
3d16998a-d6f7-9a1c-2217-4c7c9c61450c,2015-04-03,2015-05-16,45a270f6-9a7f-a26e-ebd7-9786db29a4c4,0138bede-de5e-c318-c8f1-c01561c12fce,276239002,Therapy (regime/therapy),,
9b1a33ec-28ad-0d35-c271-71defbeb0d88,2015-06-15,,45a270f6-9a7f-a26e-ebd7-9786db29a4c4,a9d3e331-091c-b536-69f0-55854f2517f7,276239002,Therapy (regime/therapy),,
f393a5ef-c6b1-8f73-23cd-78523ee39d32,2015-11-02,2015-12-31,ed644283-e5d9-4f9c-5f1d-133afe3d71bd,bd9a9a3e-3534-6af4-0b39-56723c27c1f1,385691007,Fracture care,263102004,Fracture subluxation of wrist
d69762b8-25ba-1943-808f-92bc85572aab,2017-08-24,2018-01-04,ed644283-e5d9-4f9c-5f1d-133afe3d71bd,a664e830-a3cd-28d5-fae2-e5238769f4b5,53950000,Respiratory therapy,,
e29ac153-61c6-03de-7309-c09c9dc16476,2020-07-01,2020-08-18,ed644283-e5d9-4f9c-5f1d-133afe3d71bd,bda9513a-af7b-6ded-1699-b986731c35da,133901003,Burn care,403192003,Third degree burn
826cb871-96e3-4ff0-9f81-67f10a0f6a87,1991-05-03,,8bc5e14b-20fe-c3ba-0b3b-8e5eeb57585e,9d3b001c-35c3-c009-d84e-b3b5fb511e7a,412776001,Chronic obstructive pulmonary disease clinical management plan,87433001,Pulmonary emphysema (disorder)
fbe1366c-d844-2b5c-4914-5033b6c7c42c,1993-07-02,,8bc5e14b-20fe-c3ba-0b3b-8e5eeb57585e,1f14ca35-7740-76c3-b82c-7c3b4aeb988f,698360004,Diabetes self management plan,15777000,Prediabetes
bad7d176-034c-f9e1-7695-1c8de78740b7,2000-02-18,2000-09-15,8bc5e14b-20fe-c3ba-0b3b-8e5eeb57585e,5dd36927-5584-5d09-8dc6-c3712195daf8,134435003,Routine antenatal care,,
eebfda07-2347-71db-99ec-87e46b5ba991,2007-12-21,2008-07-25,8bc5e14b-20fe-c3ba-0b3b-8e5eeb57585e,017e48c9-a289-ccb0-b09e-65b20074e9d2,134435003,Routine antenatal care,,
952e7744-ec68-ff78-9570-bf2c6fd8f76e,2008-06-17,2008-07-12,8bc5e14b-20fe-c3ba-0b3b-8e5eeb57585e,aaad02be-1a86-2050-cd7a-93f0e6b97fa8,225358003,Wound care,283385000,Laceration of thigh
65577b39-a87b-c60c-87b4-78f5cca6a300,2008-12-05,2009-07-10,8bc5e14b-20fe-c3ba-0b3b-8e5eeb57585e,2517ef7a-0f72-5ec4-e2a5-ad292afd9cae,134435003,Routine antenatal care,,
56027b5c-b598-efae-04e3-db1fcd989823,1995-09-13,,d7718037-7946-82a0-e6ad-81efce91f8b7,a1c06bf6-6215-455f-ef84-dd814b93960f,384758001,Self-care interventions (procedure),,
b8d415b3-d636-334f-e03d-abe82ced481d,2012-10-22,2012-11-23,d7718037-7946-82a0-e6ad-81efce91f8b7,819cd1d8-bfbb-77e1-8665-4d9eceb2dcef,408869004,Musculoskeletal care,,
612da306-5bb5-c31b-1099-3306a49e94e7,2020-09-15,2021-04-27,d7718037-7946-82a0-e6ad-81efce91f8b7,9fd9835b-72ab-5450-247e-6cd8dad31fde,134435003,Routine antenatal care,,
7d836634-6fa5-d2f4-d080-601108b79df5,2022-03-29,,d7718037-7946-82a0-e6ad-81efce91f8b7,8482b8dd-e6c2-05d9-5668-b93e61d84e2e,134435003,Routine antenatal care,,
a63f418b-74d0-c5c8-e797-be853039d194,2022-09-06,,d7718037-7946-82a0-e6ad-81efce91f8b7,d5777941-105f-803e-e0d2-4f2da020946e,412776001,Chronic obstructive pulmonary disease clinical management plan,87433001,Pulmonary emphysema (disorder)
05600469-17e5-f4c2-2cad-dbdd167b8c47,2014-07-01,2014-07-18,1b202f06-181c-59f8-8817-ea91bfd4d0ad,5e8dbc9c-c403-cad8-a08f-1aa288191110,53950000,Respiratory therapy,,
4bc96237-cc43-420f-21a4-80a40e63975e,2015-03-21,2015-10-31,1b202f06-181c-59f8-8817-ea91bfd4d0ad,16b7f398-2f3e-e7a7-089a-744ed3629bde,134435003,Routine antenatal care,,
44836992-e035-d369-e371-0e11491c575f,2017-08-05,,1b202f06-181c-59f8-8817-ea91bfd4d0ad,61373cd2-54f2-7773-f4b5-f5787186ab9f,443402002,Lifestyle education regarding hypertension,59621000,Essential hypertension (disorder)
8c5173fb-733a-68f4-fd9c-15ec0cb059bc,2022-11-26,2023-07-01,1b202f06-181c-59f8-8817-ea91bfd4d0ad,e70d7c46-eec9-139d-2f5d-f1730efb616e,134435003,Routine antenatal care,,
328ca03e-a2e3-427a-0ca3-05039742feef,1995-06-30,,8f10adc7-cdea-7c2d-83d5-a44ccb6fa92b,7a1698b5-aa2a-904b-a7b7-be68df986c9c,698360004,Diabetes self management plan,15777000,Prediabetes
2e3665f2-6b63-dac5-8a86-57a8fb612c5e,2014-02-02,2014-03-04,8f10adc7-cdea-7c2d-83d5-a44ccb6fa92b,a19442f5-5f79-f652-283b-e2fe59c56659,276239002,Therapy (regime/therapy),,
8865c528-ad2e-763d-8098-1142e5a351d6,2020-09-10,,8f10adc7-cdea-7c2d-83d5-a44ccb6fa92b,f1153f3e-c1d0-ba11-b36a-804ed5bb88b0,408869004,Musculoskeletal care,239873007,Osteoarthritis of knee
fa564081-e7c4-2dd3-a868-2a31c2104e8e,2022-07-08,2022-07-29,8f10adc7-cdea-7c2d-83d5-a44ccb6fa92b,f7714556-57ea-ab83-8cfc-2ca1ba743236,225358003,Wound care,283385000,Laceration of thigh
f954f973-d051-5606-73cc-72ae2b97cde4,2013-09-24,2014-04-29,8c1120e3-6193-8236-2a22-6fdd1ad8f5df,3529bb18-ff55-0a69-dcb3-4f50145c98c0,134435003,Routine antenatal care,,
6280c590-249f-6bfc-cc8e-cf68ed35024c,2018-04-10,2018-11-06,8c1120e3-6193-8236-2a22-6fdd1ad8f5df,8b13926d-a297-037e-cd14-e9b9876fbc62,134435003,Routine antenatal care,,
1ad12c20-50c8-a076-6c45-7be0d233caed,2021-02-09,2022-09-06,8c1120e3-6193-8236-2a22-6fdd1ad8f5df,9fd09883-f02d-d9c2-dc05-0678d039c78b,53950000,Respiratory therapy,,
ff13c986-f068-4b02-d2f3-aa3c5a2c0da1,2023-07-18,,8c1120e3-6193-8236-2a22-6fdd1ad8f5df,f268c526-ba43-b22d-d18e-8f2382d30303,53950000,Respiratory therapy,,
505562bc-d853-dcd0-103f-e211db0369a1,2015-09-28,2015-10-22,2a201754-8fbb-90c4-82b0-24af25653792,59a39e50-0a88-ef74-45f2-f018f70d461e,773513001,Physiotherapy care plan (record artifact),70704007,Sprain of wrist
66ad7d53-885b-5039-b2d0-82728b738656,2018-10-28,,2a201754-8fbb-90c4-82b0-24af25653792,64c7d277-8127-f996-6b1a-9b012f399f5c,386522008,Overactivity/inattention behavior management,,
56317f7f-0b0e-6dbd-31d1-69c08d589421,2020-12-04,2021-10-22,2a201754-8fbb-90c4-82b0-24af25653792,4a94ab9d-c814-fc87-6f81-f02438b0711f,53950000,Respiratory therapy,,
ece2c846-5218-19af-7e9c-b46cdbc7b3a8,2014-04-05,,0c4ab4dc-b42a-f13f-a069-17bbcfdd315f,36369c45-c627-ee4b-6d81-2f4f12ccd9d6,276239002,Therapy (regime/therapy),,
966a2b67-712a-3300-b5b3-85eca9b3bc6e,2014-08-28,2015-02-22,0c4ab4dc-b42a-f13f-a069-17bbcfdd315f,bcb48e78-5bce-a92c-e2f5-9c096674b2d1,53950000,Respiratory therapy,,
7c398834-1cf2-3b55-b29e-2c00a1d8cfe3,2016-02-28,,0c4ab4dc-b42a-f13f-a069-17bbcfdd315f,0cc88ba1-c2a8-c589-0f81-3e97b6c7fbf3,698360004,Diabetes self management plan,15777000,Prediabetes
7af0bfc2-74e7-7ec6-09bf-98cb69be43fc,2021-11-19,2022-04-03,0c4ab4dc-b42a-f13f-a069-17bbcfdd315f,9733d486-095e-f02c-e7fa-852cb8c65e50,53950000,Respiratory therapy,,
a1caa376-9da1-c65f-67d9-61dba0c4b0b5,2021-11-29,2022-01-16,0c4ab4dc-b42a-f13f-a069-17bbcfdd315f,a2158cda-0723-2159-17a7-6e7665585ea9,47387005,Head injury rehabilitation,62106007,Concussion with no loss of consciousness
3c5507db-0d1b-11f8-0037-44bd1d1750b4,1988-04-05,,57f725cf-c970-01b1-f937-8314ce4b851a,cdf5120f-112d-3e8e-66ee-c7fa939df750,443402002,Lifestyle education regarding hypertension,59621000,Essential hypertension (disorder)
1cd4e813-e47c-7aa2-9e38-9a2c3bfb8fab,2020-11-01,2020-11-09,57f725cf-c970-01b1-f937-8314ce4b851a,0d0e01d1-ba6d-e081-69f9-fc10a5b610a5,53950000,Respiratory therapy,,
7b34a4b6-69fc-e748-1a11-565ff3db49d2,2021-08-16,2021-08-16,57f725cf-c970-01b1-f937-8314ce4b851a,075126fd-fa24-c2f3-736a-b4cb206a304c,736376001,Infectious disease care plan (record artifact),,
df08e748-2aee-992b-fc26-6703384c7f4f,2021-08-16,2021-09-20,57f725cf-c970-01b1-f937-8314ce4b851a,075126fd-fa24-c2f3-736a-b4cb206a304c,736376001,Infectious disease care plan (record artifact),,
24178941-ebfc-b5de-df0c-0f807de1f63c,2023-06-29,2023-10-24,57f725cf-c970-01b1-f937-8314ce4b851a,5adea59e-2354-eeaa-3bf5-1d2db0b26ec9,53950000,Respiratory therapy,,
d42472ef-8733-3942-c55b-dd03e2fe3b5c,1997-02-02,,d5893c2e-420e-e532-32ac-22d982a6f268,fbf1c499-4b4a-8efc-4e30-bd1a2e67d455,698360004,Diabetes self management plan,15777000,Prediabetes
eecaec63-2f2e-465e-6303-3bf673d40e9b,2013-06-23,,d5893c2e-420e-e532-32ac-22d982a6f268,8bd047ca-4ac5-5e1a-8ad0-f99eb7ad591f,408869004,Musculoskeletal care,239873007,Osteoarthritis of knee
a91b167c-5dc9-97b9-02ba-53863f6549d8,2018-08-18,2019-03-17,d5893c2e-420e-e532-32ac-22d982a6f268,f323bf2b-5cae-9a92-4a4e-d1fd155fbc11,53950000,Respiratory therapy,,
652de563-b7b2-a475-368b-afa4ea14fb59,2023-04-16,,d5893c2e-420e-e532-32ac-22d982a6f268,6de36d31-b310-243b-b189-895957af0921,736285004,Hyperlipidemia clinical management plan,55822004,Hyperlipidemia
b6ef35ae-6a3f-06ef-56d5-3e0100f96d11,1951-01-07,1951-03-24,65ed47ff-a3d4-2ad8-eb4c-bc7c736013bf,98d5bb62-e5d5-3b8c-2aa1-a7828e64903b,53950000,Respiratory therapy,,
a6cd86f6-14f3-189b-aec7-5a5fcc3ffdf6,1953-07-18,1953-10-13,65ed47ff-a3d4-2ad8-eb4c-bc7c736013bf,c2bfef68-2df2-c1ef-0b72-e6d2376d4046,773513001,Physiotherapy care plan (record artifact),444448004,Injury of medial collateral ligament of knee
3bdfd466-ca9c-e1fd-6080-0f3f3854d4cc,1960-04-08,1960-04-15,65ed47ff-a3d4-2ad8-eb4c-bc7c736013bf,bdc13285-1d72-d40f-a9bf-0e827e287e57,53950000,Respiratory therapy,,
99a99765-d51c-3a98-e9ee-bf8824dadd4a,1986-03-06,1986-03-22,75d9eb32-8fc0-476b-c5d4-4a6fb1b5107e,0c90b2d4-1507-299a-e6f0-50b380b7e92c,225358003,Wound care,283385000,Laceration of thigh
72193250-9e43-6892-9c1f-96cad7c8d9af,1987-04-04,1987-06-03,75d9eb32-8fc0-476b-c5d4-4a6fb1b5107e,cf62b87a-89de-adc7-c039-de5714744dce,385691007,Fracture care,33737001,Fracture of rib
55372ad2-192c-7076-03e0-d76434d7b04c,1989-08-04,1989-10-24,75d9eb32-8fc0-476b-c5d4-4a6fb1b5107e,40a079b9-b519-e917-1168-0660296fdb0c,75162002,Spinal cord injury rehabilitation,15724005,Fracture of vertebral column without spinal cord injury
a9a2a0c4-283b-0a82-5671-8147bf488bf6,1999-03-12,,6fa9c6a8-64ee-cbcc-4947-24fb76404c4b,ac356ac4-2ceb-bf24-cd6d-7a2371d57902,443402002,Lifestyle education regarding hypertension,59621000,Essential hypertension (disorder)
fd0cd819-a1e8-2a4a-f181-d17f85e50b91,2001-03-23,,6fa9c6a8-64ee-cbcc-4947-24fb76404c4b,917244cd-cddc-9625-8769-3171c4a6d470,698360004,Diabetes self management plan,15777000,Prediabetes
9d90cb99-e345-56bc-43d5-7c88a41df39b,2015-01-14,,6fa9c6a8-64ee-cbcc-4947-24fb76404c4b,5acb23f2-062b-7c0b-7468-c9b411afdf46,734163000,Care plan (record artifact),73430006,Sleep apnea (disorder)
b8ef53b1-0c23-f17c-1f2c-827529df7c29,2015-06-24,2015-07-02,6fa9c6a8-64ee-cbcc-4947-24fb76404c4b,048415df-fb0d-ac63-9980-2ce638da42c7,53950000,Respiratory therapy,,
e065e0ba-3f9d-a474-2ea4-d6d67ad31560,2004-05-14,,b007515f-edfe-f544-8603-b571c5bd5c6f,65f07a88-28c9-ee0e-a9fc-b6c94ad198c1,698360004,Diabetes self management plan,15777000,Prediabetes
06fca54b-a00b-6be7-3d7d-50db72dca331,2014-02-02,2014-03-04,b007515f-edfe-f544-8603-b571c5bd5c6f,b5357515-0036-155f-62c0-bf792471ea44,276239002,Therapy (regime/therapy),,
6d4f4aed-6eb5-a628-4398-fca713ede9f2,2021-05-22,2021-05-22,b007515f-edfe-f544-8603-b571c5bd5c6f,7c47c4a9-331d-4908-d683-243539c84f0a,736376001,Infectious disease care plan (record artifact),,
68222d92-506a-9195-acc8-bdae33bb58dd,2021-05-22,2021-06-08,b007515f-edfe-f544-8603-b571c5bd5c6f,7c47c4a9-331d-4908-d683-243539c84f0a,736376001,Infectious disease care plan (record artifact),,
3c168428-1b61-ae42-3baf-6ab541700a1a,2022-07-15,,b007515f-edfe-f544-8603-b571c5bd5c6f,f99e3292-bf92-e737-d677-71e178159b96,443402002,Lifestyle education regarding hypertension,59621000,Essential hypertension (disorder)
127fca82-20f0-9353-9e11-98d9e154b39b,1976-03-13,,bd42301a-6d7c-0090-dd70-f14d1276466e,4718de4e-bb21-2a0d-1bc6-fd411d322e97,698360004,Diabetes self management plan,15777000,Prediabetes
2401d5ce-0054-03ee-7b31-a42a5d322a31,1996-11-02,1998-10-17,bd42301a-6d7c-0090-dd70-f14d1276466e,532851ff-aa6f-625e-73c0-77b3539469a4,53950000,Respiratory therapy,,
3012902b-2b32-7874-c787-89d4162c56eb,2018-09-07,2018-12-10,b7d0e5bf-2043-bfc7-b993-8b50317d2b74,a7d3aaf1-f047-19bf-e3b5-143619b0e3cf,385691007,Fracture care,65966004,Fracture of forearm
c8a72e35-97bc-f316-2b75-a8e8fb87f723,1979-12-29,,2c5a7e9e-864d-5ed4-fe3e-129f35e07689,42f0b346-2158-468a-d1fe-54b7c2a23c03,698360004,Diabetes self management plan,15777000,Prediabetes
950f3f6b-b333-5d86-a3d9-c771aa89b55f,2003-04-18,,2c5a7e9e-864d-5ed4-fe3e-129f35e07689,40898766-7e07-1d22-0bd0-e1b1dc2e2b3a,408869004,Musculoskeletal care,,
cc4f1590-c160-cf06-2020-394f6d392d62,2015-03-28,2016-01-23,2c5a7e9e-864d-5ed4-fe3e-129f35e07689,43506b2e-efba-c539-625e-fff5388f0493,53950000,Respiratory therapy,,
d4812242-55bd-79ab-c81e-b913fee00783,2021-10-16,2022-02-26,2c5a7e9e-864d-5ed4-fe3e-129f35e07689,e93b8241-92d3-76d0-1ccd-abc26461f01b,53950000,Respiratory therapy,,
b9e22b88-c97a-2d67-1d6c-0fe37b5a5f5b,2011-12-12,,160da087-f6c8-e1b5-661e-5f12d05f22a5,7142b832-ed3b-8038-5399-f27316f2caf7,698360004,Diabetes self management plan,15777000,Prediabetes
3ba103ac-d525-e43a-9670-9f0b728f1d83,2014-02-05,2014-03-07,160da087-f6c8-e1b5-661e-5f12d05f22a5,85e4ad1d-3b81-c379-0b1f-644258e8b516,276239002,Therapy (regime/therapy),,
e69c9260-3391-387a-9bf4-b1b8634cfe15,2015-05-14,2015-06-15,160da087-f6c8-e1b5-661e-5f12d05f22a5,4bcf9cb6-2dc3-4662-5a39-b66184e54968,385691007,Fracture care,65966004,Fracture of forearm
ce528f7b-ebe1-9a9a-ac5d-2a5f3fbe2836,2008-01-14,,4ff50af8-faa5-cd3b-48c2-97f2b3c99f45,3fff490d-61da-6d2f-47f3-2361f15d931b,698360004,Diabetes self management plan,15777000,Prediabetes
eb727fbb-c9fd-2540-ef98-fc19e9c32110,2010-11-01,,4ff50af8-faa5-cd3b-48c2-97f2b3c99f45,d4d3d710-0319-e605-97fc-ea1cf0fa9220,412776001,Chronic obstructive pulmonary disease clinical management plan,87433001,Pulmonary emphysema (disorder)
a47a9676-e94b-354e-7dc3-e4efb644b69a,2019-02-11,2019-09-09,4ff50af8-faa5-cd3b-48c2-97f2b3c99f45,f07f1198-d4cc-5767-1397-54acbd4db3d9,134435003,Routine antenatal care,,
74a6e879-d655-c4fb-6e53-9e36d4e916d1,1976-01-19,,74100511-48ae-260d-9204-91805d96e2d0,fb65dd2e-fc48-fd56-73d3-6a468aa3d50c,698360004,Diabetes self management plan,15777000,Prediabetes
6ee3c63f-0da2-d81e-ec32-c792ae71f48d,1987-11-23,,74100511-48ae-260d-9204-91805d96e2d0,f118557e-290d-117d-988f-f3fa61c1e9a9,443402002,Lifestyle education regarding hypertension,59621000,Essential hypertension (disorder)
c7deb4a5-d276-ead9-9926-e63d218fab5a,2007-02-01,,74100511-48ae-260d-9204-91805d96e2d0,30daae81-f9f9-d5e8-70d8-03bbb94b955d,736690008,Dialysis care plan (record artifact),,
405084d0-3d90-3048-8657-d97ca1c02fe8,1991-08-17,,347b9709-fdfa-8a01-45d5-062f94f227cc,25dfe260-0c5a-04e0-6a5e-5c469f8cd3c7,698360004,Diabetes self management plan,15777000,Prediabetes
16092300-3f7b-3a76-3e75-914b55e1671e,1997-08-23,,347b9709-fdfa-8a01-45d5-062f94f227cc,2a172f8f-b75c-ced9-6142-9c7706da7ffb,443402002,Lifestyle education regarding hypertension,59621000,Essential hypertension (disorder)
a2994b3a-9ecf-3e9c-aaf1-936108639ab9,2004-05-22,,347b9709-fdfa-8a01-45d5-062f94f227cc,10e6105e-0f4f-f4b1-b0c2-6e40fa05d672,736285004,Hyperlipidemia clinical management plan,55822004,Hyperlipidemia
6ab21513-585b-0bcf-17fb-61c07ea5383a,2011-08-06,,347b9709-fdfa-8a01-45d5-062f94f227cc,2aaaa796-5266-50ca-e317-d6a218cac74d,736690008,Dialysis care plan (record artifact),,
6ffef9d1-0e36-6146-f43f-f9eb98264613,2013-08-24,2014-05-03,347b9709-fdfa-8a01-45d5-062f94f227cc,95b61c90-5927-2c41-6a89-ae2c60fdf075,134435003,Routine antenatal care,,
899b534e-7464-c459-f08e-1b90c2486680,2010-09-02,2010-09-27,74100511-48ae-260d-9204-91805d96e2d0,071d01cb-e7a5-cc4f-ff38-898a0ffc10e1,225358003,Wound care,283371005,Laceration of forearm
c84cfffb-53d6-ceb8-6e24-1f0344846ee6,2014-07-14,2016-12-03,347b9709-fdfa-8a01-45d5-062f94f227cc,88e959c2-8cd6-3b2c-a556-a56b5483996f,395082007,Cancer care plan,363406005,Malignant tumor of colon
08680635-fcab-939e-4f5b-a4b1a5b573e6,2014-07-23,2014-08-11,347b9709-fdfa-8a01-45d5-062f94f227cc,d04c9dfb-f56c-460f-b748-a10aed8678ab,737567002,Major surgery care management (procedure),363406005,Malignant tumor of colon
2f33db3d-f72a-f01b-759e-9041c9eebdd7,2011-04-28,,74100511-48ae-260d-9204-91805d96e2d0,64410017-622b-c89f-ed18-f7d6fd39a184,734163000,Care plan (record artifact),,
737945f9-bec9-2d15-3a12-655dde35908a,1991-10-20,,532f85de-86b9-c75d-3bf7-3d486931533e,3dc37b1f-f118-cb2f-d036-0e0d6a3d07b2,698360004,Diabetes self management plan,15777000,Prediabetes
3aabc897-e4f0-752f-b213-72d55bb507a5,2000-02-24,,532f85de-86b9-c75d-3bf7-3d486931533e,f3849395-0b68-f390-c623-ace95d9f87e5,734163000,Care plan (record artifact),,
812d713e-60d1-0201-daa9-2723b46c4406,2014-01-17,,532f85de-86b9-c75d-3bf7-3d486931533e,c4efcfec-f0fe-8ea2-a356-0b117b715c04,408869004,Musculoskeletal care,201834006,Localized  primary osteoarthritis of the hand
1473d0cc-bdf7-d819-ccbf-b1269fc1c0b2,2018-10-11,2019-09-15,532f85de-86b9-c75d-3bf7-3d486931533e,cffe0c65-c2c6-57dd-ae32-2b563524b3ec,53950000,Respiratory therapy,,
80708f76-507e-ca95-523c-85eb9cf112d6,2015-11-21,,347b9709-fdfa-8a01-45d5-062f94f227cc,7565b832-bebd-f9da-f679-f04e5e57e7c8,734163000,Care plan (record artifact),,
f8800e7f-2729-0632-55c9-19e772911482,2016-10-26,2016-12-09,2ced6312-e7e8-83c6-7af8-88fcbf7ba13f,eabc4397-faff-381c-b4e1-aba1144b4040,276239002,Therapy (regime/therapy),,
5f62594f-1c07-db5d-f0c8-d026cbc0a7d9,2020-11-23,,2ced6312-e7e8-83c6-7af8-88fcbf7ba13f,ff49418c-f2a1-f25e-0d04-310714f27247,443402002,Lifestyle education regarding hypertension,59621000,Essential hypertension (disorder)
84db5e00-074b-5657-1de3-7ef8ca6fe256,2023-09-18,2023-10-17,2ced6312-e7e8-83c6-7af8-88fcbf7ba13f,48c2f45e-bc0f-8007-1307-49f40886ba1b,773513001,Physiotherapy care plan (record artifact),70704007,Sprain of wrist
40d0bafc-4e22-5aa5-0850-8921167a50c4,2023-03-14,,059b31e0-9b6f-e9f1-e577-6c9529bf6400,4dc0a0cf-79b3-f12c-aec2-6bef5c4f06fc,736690008,Dialysis care plan (record artifact),,
1cbe0e4b-ccd8-d51d-6d76-c39e89c0be37,2017-11-08,2018-02-07,4f39e434-f749-f61d-3f61-3cfb6da683db,9ab774f8-5323-a09b-c9d8-5de2d79d54e9,385691007,Fracture care,65966004,Fracture of forearm
645bae97-c7e4-1bff-4b97-e24997cd154d,1951-06-29,,b774d403-0acb-e07e-98bb-4c8f1adebcae,065c4bca-1fc8-4d99-ec68-622ce34e9b77,384758001,Self-care interventions (procedure),,
5c54a31c-277d-dafe-eada-961ad832acf1,1954-09-17,,b774d403-0acb-e07e-98bb-4c8f1adebcae,54f00f44-23b2-767e-d391-cf9146716de2,711282006,Skin condition care,24079001,Atopic dermatitis
e10e60ec-ecae-1895-4297-eeff7023919d,2008-02-09,,b774d403-0acb-e07e-98bb-4c8f1adebcae,1c854dae-f221-e7c1-951e-80082dddb9e1,734163000,Care plan (record artifact),,
c8d65904-08c2-8bcd-bd04-f5df42ae0ef0,2008-12-29,,b774d403-0acb-e07e-98bb-4c8f1adebcae,585a8295-33bc-93b7-c0d3-f733eedb2157,443402002,Lifestyle education regarding hypertension,59621000,Essential hypertension (disorder)
5acc0e36-eb60-7c8a-fb7c-8a8efd0aec01,2014-04-04,,b774d403-0acb-e07e-98bb-4c8f1adebcae,a7fc6551-e0bd-2788-065c-8be9c120aa92,276239002,Therapy (regime/therapy),,
0b28d631-062d-1182-f067-e532794c1b8c,2017-07-14,2023-06-23,f2b816e1-6216-704e-cd6f-843c94ec7a52,51ce3230-1d9b-b093-28d0-69d45daa028f,386522008,Overactivity/inattention behavior management,,
226078a4-9811-ea94-130b-6f818e2e888d,2020-11-13,2020-11-30,f2b816e1-6216-704e-cd6f-843c94ec7a52,93697d00-a512-5759-efe3-7df40a5a99b0,225358003,Wound care,283371005,Laceration of forearm
90ab971d-3c42-e90d-f299-21fb421dc16e,2023-08-18,,f2b816e1-6216-704e-cd6f-843c94ec7a52,168ac930-005a-0642-3d26-11546339ad54,134435003,Routine antenatal care,,
e7720511-6e00-1d03-d3d9-a46d5cef19ab,2014-02-03,2014-03-18,677ef4f8-3a9a-8241-f8a1-7ddaf43bdace,b07b87f0-63cf-e0cb-e15c-661d511e8100,276239002,Therapy (regime/therapy),,
6f2f62ed-fdc8-1a29-0f8b-b954290524ba,2015-03-14,,677ef4f8-3a9a-8241-f8a1-7ddaf43bdace,bbe4ff83-c187-37dc-1e90-389f392c393c,736285004,Hyperlipidemia clinical management plan,55822004,Hyperlipidemia
20187fb8-1aee-afd1-7a45-483dcad61154,2019-11-16,2020-06-13,677ef4f8-3a9a-8241-f8a1-7ddaf43bdace,1394cfdd-51d3-cbad-cc16-c063cfad0826,134435003,Routine antenatal care,,
d575a6d0-b366-7d9a-b9ee-d99f169fe0ad,2020-12-05,2020-12-24,677ef4f8-3a9a-8241-f8a1-7ddaf43bdace,faaa5e7e-c155-abb6-db2f-52b9ae7d111d,225358003,Wound care,370247008,Facial laceration
695438c4-c673-7942-84fe-e6c9256c7c4c,2021-03-27,,677ef4f8-3a9a-8241-f8a1-7ddaf43bdace,4334b5ab-54e5-4d5c-d828-1d9f1bb3501a,443402002,Lifestyle education regarding hypertension,59621000,Essential hypertension (disorder)
52c70f2a-3068-fe83-6222-a1c4e7bc1ce6,2022-11-30,2023-03-25,677ef4f8-3a9a-8241-f8a1-7ddaf43bdace,0f8c36cc-5208-f3f7-5324-be842d1030af,385691007,Fracture care,65966004,Fracture of forearm
1e6ad22c-6af0-6131-d248-0ec16859577c,1984-09-14,,236d0a3b-7679-5633-f1c9-2eac6a79c479,0d0fc766-04a9-5bd3-8bb2-f1cbc5a28839,443402002,Lifestyle education regarding hypertension,59621000,Essential hypertension (disorder)
7de8ff3c-a705-f3e9-68ea-b99afc545b35,1996-11-09,,236d0a3b-7679-5633-f1c9-2eac6a79c479,da7e7590-de3f-ec99-2e5f-5d0ad6fc2320,408869004,Musculoskeletal care,239873007,Osteoarthritis of knee
00db1c38-1c9f-aef9-5a43-994c44e6bd88,2014-02-15,2014-09-14,74e53330-0af6-61d5-349d-45e83c933f07,433f4ac6-6707-e79c-7dd5-5e3e4635968a,53950000,Respiratory therapy,,
3c9b6432-7527-f7b3-f4a1-177736720542,2016-05-29,2016-06-23,74e53330-0af6-61d5-349d-45e83c933f07,8ed8d369-4d9c-2876-8e93-f3a775b3c989,773513001,Physiotherapy care plan (record artifact),70704007,Sprain of wrist
860f5a26-e765-bab7-305a-4bcc6ff32d18,2016-07-17,2017-03-05,74e53330-0af6-61d5-349d-45e83c933f07,cdd52d25-0ae1-1429-4fe9-096949aaaefc,134435003,Routine antenatal care,,
d1d94ede-fc18-85e5-2270-85b53e5cfad8,2017-05-11,2017-05-27,74e53330-0af6-61d5-349d-45e83c933f07,3f039e2e-8153-2d92-ef3b-be1798ca6d14,737471002,Minor surgery care management (procedure),,
9812f183-4cb7-92bc-54cd-fd6f9c022b35,2014-04-01,2014-05-25,8d972376-d53f-81e4-db35-26bde09dd07e,7ac751e0-a0c9-bb2c-47f5-44893b481a97,47387005,Head injury rehabilitation,62106007,Concussion with no loss of consciousness
9d23f5ba-1951-106d-1dd2-12dd292d9106,2014-10-08,2015-05-20,8d972376-d53f-81e4-db35-26bde09dd07e,01801872-275a-4ebc-23ca-edbd687751c7,134435003,Routine antenatal care,,
ffad9bc6-00b5-b2d1-877d-3407a504d08e,2017-06-23,2017-08-06,8d972376-d53f-81e4-db35-26bde09dd07e,19b0f33f-10ad-6903-1b52-c380483b6bb9,276239002,Therapy (regime/therapy),,
0b1e8594-2324-db80-78d0-ba1fe6da5627,2023-02-07,2023-02-24,aad27ad6-21e0-cfbe-7a1e-2384b5028fc4,81565a01-22b6-0982-afee-062cec50d1a3,225358003,Wound care,283385000,Laceration of thigh
f9a59b84-8b14-16f9-d591-70d1074141c5,1972-08-09,,82365b4a-d1ca-e594-bacf-a6f6998a00ed,0236421c-73b7-fb90-6e93-691b5eeb9cf4,443402002,Lifestyle education regarding hypertension,59621000,Essential hypertension (disorder)
3b705c1f-2643-7d0c-0014-cfa92f8ea888,1991-06-26,,82365b4a-d1ca-e594-bacf-a6f6998a00ed,67b3a8bf-5e68-f9db-394e-ff8f5fe27b52,698360004,Diabetes self management plan,15777000,Prediabetes
b526cdf5-8bd0-16f8-dcd7-a5ac250a886b,1997-12-20,,82365b4a-d1ca-e594-bacf-a6f6998a00ed,e1282fcb-6b82-ce40-139e-85617e2d975a,736690008,Dialysis care plan (record artifact),,
87fc8198-69d8-d4eb-6047-1da4922965de,1992-09-15,,bae57ab1-8f33-25c2-5ee6-60c226884348,15a4fce1-3c95-1000-9310-747054a87d7e,698360004,Diabetes self management plan,15777000,Prediabetes
517dace0-b905-ef6b-6646-2fe3a81c6121,2014-02-06,2014-03-08,bae57ab1-8f33-25c2-5ee6-60c226884348,7fcd1b4e-4342-0b03-068e-d47baf9c2e71,276239002,Therapy (regime/therapy),,
24f2cd35-33ee-26a4-57eb-c37a04cb7680,2004-03-23,,82365b4a-d1ca-e594-bacf-a6f6998a00ed,fcddb642-aa6f-9ac0-7fa0-e29decf70fc8,734163000,Care plan (record artifact),,
c6ac3c9e-d86b-88b1-dcc5-4820ded4f56d,1957-11-09,,a452dec4-5600-45f2-6288-26814f4ba460,8dc53c18-fade-8cdf-22c0-e050871bbebd,718361005,Weight management program,,
730075f6-ed0f-13da-fac0-42799295f2dc,1977-01-15,,a452dec4-5600-45f2-6288-26814f4ba460,618cf2d8-2c4a-86d9-333f-d9b988769c29,698360004,Diabetes self management plan,15777000,Prediabetes
82e2c7b3-95fd-17aa-27ee-a5d7ddb3b929,2010-01-09,,a452dec4-5600-45f2-6288-26814f4ba460,8600c512-bce8-d71e-3bc6-13bfaa15ec66,443402002,Lifestyle education regarding hypertension,59621000,Essential hypertension (disorder)
c866ec23-8dca-40b6-9909-be9731ab79a8,2019-03-19,2019-04-07,a452dec4-5600-45f2-6288-26814f4ba460,e9a702fb-fa1a-bc74-cf2f-d3e9a193c9ee,53950000,Respiratory therapy,,
164fe433-ed06-c0be-9342-0e84f8a11737,2019-12-27,2021-12-28,a452dec4-5600-45f2-6288-26814f4ba460,b19c149a-3412-10b2-cd80-981395517815,395082007,Cancer care plan,109838007,Overlapping malignant neoplasm of colon
f9958817-56c9-0b76-ff57-0346c0ab9668,2020-01-08,2020-02-02,a452dec4-5600-45f2-6288-26814f4ba460,f27ac042-05a9-2bd9-62cd-b20683ecb275,737567002,Major surgery care management (procedure),109838007,Overlapping malignant neoplasm of colon
f5cf53ec-7909-691f-5460-380321fc078f,1979-08-22,,7bb82248-7f18-94aa-f43d-2bd18bea1794,c4f2ac4e-139d-c0e0-e69b-465f140cb032,698360004,Diabetes self management plan,15777000,Prediabetes
1fcce37a-710f-69ea-4f22-45e61b92d9be,1982-08-25,,7bb82248-7f18-94aa-f43d-2bd18bea1794,4b72d05d-be03-4af6-c830-adb9dba37608,443402002,Lifestyle education regarding hypertension,59621000,Essential hypertension (disorder)
4bcb1a61-717d-9339-8602-d9e4b78d5cd4,2005-01-19,,7bb82248-7f18-94aa-f43d-2bd18bea1794,ee469867-87f0-5a71-3690-68cb9f75b908,736285004,Hyperlipidemia clinical management plan,55822004,Hyperlipidemia
4b439705-551f-9dd6-13b9-78622bf12b56,2010-07-09,2010-08-15,7bb82248-7f18-94aa-f43d-2bd18bea1794,b6024fcc-d2af-2552-f762-012599085138,773513001,Physiotherapy care plan (record artifact),44465007,Sprain of ankle
f79e782d-de4a-d5fe-6d4f-80c9d54dfa3d,2013-09-25,2014-02-19,7bb82248-7f18-94aa-f43d-2bd18bea1794,22075f2c-9376-ed23-2030-4d11f9df85be,53950000,Respiratory therapy,,
8bf72ff6-6a9d-79bb-3245-0df929022cfb,2017-05-18,2017-06-13,7bb82248-7f18-94aa-f43d-2bd18bea1794,cdc9f561-b5ca-5967-08df-f1e0ccf1bcf0,133901003,Burn care,403191005,Second degree burn
1bb5f3e1-9ca2-bf1d-55ac-8b73cab7b0bd,2020-06-17,2020-06-17,7bb82248-7f18-94aa-f43d-2bd18bea1794,b37ea544-ff4a-0541-4600-3a54498bd284,736376001,Infectious disease care plan (record artifact),,
7d005f1a-7a33-60f0-7cc0-584253a6414c,2007-04-03,,4f4f1826-d6ab-e03e-a045-e426966fc1a2,b164b257-623a-1bf9-fb6e-93533e4710b1,443402002,Lifestyle education regarding hypertension,59621000,Essential hypertension (disorder)
42dd3e99-65ed-f052-2d57-70568b38c9ec,2012-10-21,2013-12-31,4f4f1826-d6ab-e03e-a045-e426966fc1a2,3f8cf51c-a58a-4412-8eab-78856a800ccb,711282006,Skin condition care,40275004,Contact dermatitis
5630cf9d-f20f-10cc-f4b0-7f49e58b2241,2012-11-13,,4f4f1826-d6ab-e03e-a045-e426966fc1a2,b50795ff-05f1-5bc7-5f76-7f7baf55468c,384758001,Self-care interventions (procedure),,
30b091ae-a866-5cd2-e9e4-c4090e79df63,2012-11-13,2016-11-09,4f4f1826-d6ab-e03e-a045-e426966fc1a2,4fb22e9e-3c1f-e8e7-7341-5af3a9ecba92,170836005,Allergic disorder monitoring,,
1f7f12b3-a86a-590f-2e85-75456f94a6ce,2014-01-28,2014-09-02,4f4f1826-d6ab-e03e-a045-e426966fc1a2,5af9a8f5-c3d6-f121-d3b4-ae8c72c19962,134435003,Routine antenatal care,,
27bb9699-990c-f6bf-76ca-5d9d20de4ccf,2014-01-29,2014-05-13,4f4f1826-d6ab-e03e-a045-e426966fc1a2,4825d58f-2076-486e-551c-c14cff1378a1,53950000,Respiratory therapy,,
63b5558f-b7aa-73e2-3a36-c3c1fa3e64dd,2018-10-30,2019-06-18,4f4f1826-d6ab-e03e-a045-e426966fc1a2,09c2936f-715d-bce6-5819-a1c8143eeda7,134435003,Routine antenatal care,,
6e39aea7-706e-654a-16e3-4aedfbb32ae4,2015-05-06,2015-05-16,e45848cb-009a-05a1-1ab6-c5dedd546c6f,50709aa0-e559-393b-2eef-5bc987081a8b,53950000,Respiratory therapy,,
3d561eb2-fdd7-5d86-9a6c-e83f4bae1ec4,2019-03-10,2019-09-01,e45848cb-009a-05a1-1ab6-c5dedd546c6f,673a0e8c-dc53-4773-cd1f-c45e30df3c84,53950000,Respiratory therapy,,
0459c559-cc2a-9668-8c8a-7930c1e9aa30,2008-01-06,,6b1e2cab-4bbb-8dc1-a56b-6ff42309f875,aefa219b-7267-da1d-e9b5-b79663274a97,698360004,Diabetes self management plan,44054006,Diabetes mellitus type 2 (disorder)
fa1899fa-e25a-c5fd-b420-ea9362bf7701,2008-09-27,,6b1e2cab-4bbb-8dc1-a56b-6ff42309f875,ca4154f0-1fdc-d559-260c-53af259e056a,408869004,Musculoskeletal care,239873007,Osteoarthritis of knee
06d5d14d-0e2f-784f-58fa-49b257cafa2e,1968-01-09,,40c102f3-3791-c457-3348-e3f278d11fa4,dab2f558-c34c-d1f8-7292-1b8980f4f369,384758001,Self-care interventions (procedure),,
c4eecac0-bc90-52e8-046d-c6065d4a8847,1985-08-06,,40c102f3-3791-c457-3348-e3f278d11fa4,76b63024-05ae-c3dd-3e2b-376f1046ab6e,698360004,Diabetes self management plan,15777000,Prediabetes
1b4fbe77-f8c2-c88c-9317-b838238aa214,1989-08-15,,40c102f3-3791-c457-3348-e3f278d11fa4,d4dce206-efc5-fa9b-8605-dc4ede66819d,443402002,Lifestyle education regarding hypertension,59621000,Essential hypertension (disorder)
9e3a5239-3bd0-12c9-bf8c-b9f198b568f0,2005-09-23,,40c102f3-3791-c457-3348-e3f278d11fa4,4b329f54-dcb5-a2d6-c3e3-24b93a9808c8,736690008,Dialysis care plan (record artifact),,
b2ee5ce8-28c0-c233-5901-ac7383697769,2010-12-14,,40c102f3-3791-c457-3348-e3f278d11fa4,ae5e8b88-5381-73a6-b1fc-c78b7a3cd6e4,734163000,Care plan (record artifact),,
d9c4b35b-70b8-ba9a-dd02-31076d33ef74,2013-05-25,2013-06-27,40c102f3-3791-c457-3348-e3f278d11fa4,e592343b-b55d-eedd-b4e7-6d54d86561b7,47387005,Head injury rehabilitation,62106007,Concussion with no loss of consciousness
ce1b164c-3736-e3e7-7ca8-d372746c9f39,1985-08-28,,956e56a0-ae05-c0c2-bb78-9b72447ad08a,ee352d5a-1059-3a3f-0aff-066cc5185947,698360004,Diabetes self management plan,15777000,Prediabetes
9f07a381-78c1-4f22-ddd8-8c1be09565fa,1995-06-25,,956e56a0-ae05-c0c2-bb78-9b72447ad08a,886fb7f9-4725-3a5c-05dd-b94f43c064c8,734163000,Care plan (record artifact),73430006,Sleep apnea (disorder)
c79be2f4-82a0-b0fe-fdbe-2faa477d733f,2008-07-09,,956e56a0-ae05-c0c2-bb78-9b72447ad08a,470d289f-f9e2-cf88-107f-b24971f60f17,443402002,Lifestyle education regarding hypertension,59621000,Essential hypertension (disorder)
0fcd78cf-e0bd-4b8c-76df-41bf62f2cdba,2012-09-10,,956e56a0-ae05-c0c2-bb78-9b72447ad08a,01938d94-e63e-6904-3f85-83224630789f,736372004,Discharge care plan (record artifact),,
c4bbb9ae-938e-862c-b542-525c90e02a59,1944-07-16,,30809a56-dffe-ea26-f414-bd73c41e349c,430e0c68-b9a0-5629-abf6-198449195fa0,384758001,Self-care interventions (procedure),,
03182c36-fcdb-8010-89f9-cc69ddf42d84,2014-10-26,2014-12-07,956e56a0-ae05-c0c2-bb78-9b72447ad08a,c94ef506-e82c-5403-f7dd-fcc6b35af51a,133901003,Burn care,403190006,Epidermal burn of skin (disorder)
f33aa0c1-3cfa-dcc3-13b3-0c64123900fb,1993-03-24,,30809a56-dffe-ea26-f414-bd73c41e349c,e24b7f4b-a715-e94b-098e-41e5ab215725,698360004,Diabetes self management plan,15777000,Prediabetes
ea23ea80-361c-b70b-be97-770523744f52,2014-11-08,2015-07-29,30809a56-dffe-ea26-f414-bd73c41e349c,6858bcc7-5481-0776-7957-fb57baaa476a,53950000,Respiratory therapy,,
347e7fe4-0dc8-2ee9-e45b-41880d26067c,2023-08-30,2023-09-06,30809a56-dffe-ea26-f414-bd73c41e349c,3f0e4b93-e293-d2ab-4682-1229751c2603,53950000,Respiratory therapy,,
9bcfd9c4-7b8c-70b5-f687-db176132e333,2020-12-10,2020-12-24,956e56a0-ae05-c0c2-bb78-9b72447ad08a,45ee25b2-049d-737e-0335-91bc5c82cd24,736376001,Infectious disease care plan (record artifact),,
68303553-0a98-c38f-ceb7-04cdbe1ecf84,2021-02-01,2021-04-21,956e56a0-ae05-c0c2-bb78-9b72447ad08a,7eca47fb-a1d0-9200-efb8-6371a8f18b19,385691007,Fracture care,16114001,Fracture of ankle
a0e5416d-2e73-8b19-e873-cc42b7b4f909,1989-03-14,,dbe06b01-b669-6718-3566-c1985c37cc87,f5e12217-efe9-c4e2-de18-943eed4db8c8,698360004,Diabetes self management plan,15777000,Prediabetes
cc7b226e-d247-9061-235c-9ab3a377421e,2011-06-28,,dbe06b01-b669-6718-3566-c1985c37cc87,48661e2f-c3d7-4295-a91f-5d8cd0b5f3e4,443402002,Lifestyle education regarding hypertension,59621000,Essential hypertension (disorder)
efe67b52-51a7-c4dc-80b4-3ee037337427,2023-02-07,2023-04-28,dbe06b01-b669-6718-3566-c1985c37cc87,f6a0196c-6af5-dc13-a46c-4f7d9c3c9c48,408869004,Musculoskeletal care,,
a7845314-3017-58ad-f365-6a3be185846a,2018-12-27,2019-02-28,a72dd20d-634a-aa93-4625-fe0d0fc4af06,1744b204-4ed7-381a-3537-b0e6fc8cef29,53950000,Respiratory therapy,,
ab84078a-6c25-9536-5778-ccb20f7c76dc,2020-03-31,,a72dd20d-634a-aa93-4625-fe0d0fc4af06,cdec08a2-79a7-a833-a994-9a367ef53333,276239002,Therapy (regime/therapy),,
51a91fdc-0369-04f6-3ab2-69c320ebbce6,2021-03-31,2021-03-31,a72dd20d-634a-aa93-4625-fe0d0fc4af06,15cf3f8e-5061-cdd4-a71a-c47e0289965e,736376001,Infectious disease care plan (record artifact),,
d5cf01a6-282d-a92a-2ea2-c2be56cd3495,2021-03-31,2021-04-17,a72dd20d-634a-aa93-4625-fe0d0fc4af06,15cf3f8e-5061-cdd4-a71a-c47e0289965e,736376001,Infectious disease care plan (record artifact),,
2a91ca81-7d7f-9660-2378-866f6705ec67,2023-11-09,,a72dd20d-634a-aa93-4625-fe0d0fc4af06,b2a7da26-b175-3f40-fb02-6658bcbd9a68,134435003,Routine antenatal care,,
2a6e2d27-9b38-0a28-8c5b-fd271863fbc9,2017-06-10,2017-08-09,8039aaee-e596-ea02-4944-145d56e8f5d9,dcfbb302-12d6-ba70-8ba9-cff988dde397,47387005,Head injury rehabilitation,62106007,Concussion with no loss of consciousness
dd7b1966-59c9-15fa-cded-e90cc02e0bae,2018-09-06,2018-10-02,8039aaee-e596-ea02-4944-145d56e8f5d9,de75dd74-d2ba-77e7-35d3-44b4c59b6120,773513001,Physiotherapy care plan (record artifact),44465007,Sprain of ankle
0289133c-ea78-2192-f9a2-0bbffe2a1cc5,2017-02-19,2017-03-13,bc2b27c1-afcb-e24d-03a6-8fe819e0aeb5,41c6b4c1-5d4f-f114-ad05-d016fefe65ba,225358003,Wound care,284551006,Laceration of foot
c68e22d4-ed89-e230-d179-5071219c96c0,2020-07-25,2020-07-25,bc2b27c1-afcb-e24d-03a6-8fe819e0aeb5,25733a84-9531-213b-b875-f1d7aa7483a8,736376001,Infectious disease care plan (record artifact),,
93f1a9f7-ad7f-df8e-0ea7-71ae19e702ea,2020-07-25,2020-08-29,bc2b27c1-afcb-e24d-03a6-8fe819e0aeb5,25733a84-9531-213b-b875-f1d7aa7483a8,736376001,Infectious disease care plan (record artifact),,
9a14fdd3-4d5f-a7ff-ace7-d7626783cc75,2023-03-17,2023-04-16,bc2b27c1-afcb-e24d-03a6-8fe819e0aeb5,e55ce6e9-7d91-afc6-ac34-e417da94b88e,773513001,Physiotherapy care plan (record artifact),70704007,Sprain of wrist
2a284b4b-33e3-e739-9d8b-a6473c297045,2016-06-14,2017-01-31,f02e0e62-2698-2eaf-bee7-a6031e62b1ee,f1b3ae53-6126-ea6a-3084-b690e63fd842,134435003,Routine antenatal care,,
7aaabff7-d2b6-5d8a-f8fa-1121e1762546,2021-03-30,2021-04-13,f02e0e62-2698-2eaf-bee7-a6031e62b1ee,95e1243a-a3e6-ee15-a99d-a664eeeb1dfd,737471002,Minor surgery care management (procedure),,
41b0b79c-2537-1372-8561-7d224ad9f12e,2022-12-06,,f02e0e62-2698-2eaf-bee7-a6031e62b1ee,d7c64ae6-e3eb-f6c5-8782-7011ebee8ec0,698360004,Diabetes self management plan,15777000,Prediabetes
f07aad12-4693-514e-4302-5f28282ea6a3,2017-02-12,2017-04-27,2744f9e4-ee1c-e16b-985b-5491bb09d2bf,b765b038-7b6d-24fb-d9b7-47ef797faf68,773513001,Physiotherapy care plan (record artifact),,
59de527b-7980-f7d9-17cc-9a87f0a5ec8b,1992-06-26,,474f201c-a3e2-fcc9-9100-7f90091152c7,3de8888c-18ae-0366-5077-d977f10bda93,384758001,Self-care interventions (procedure),,
cc71f60a-3c63-20fd-c247-3bf23a126d2e,2017-08-30,2019-03-14,474f201c-a3e2-fcc9-9100-7f90091152c7,c3a6cc8f-426f-edbc-d747-146db0b05706,53950000,Respiratory therapy,,
ef36b320-b939-a038-8b7c-bd76a32c03fb,2020-10-05,2020-10-13,474f201c-a3e2-fcc9-9100-7f90091152c7,c5483481-9f4c-8c7d-cd00-c206a74f6b07,53950000,Respiratory therapy,,
de407b09-c685-8e53-67d1-ee6d300883d0,2001-12-15,,14cb940f-21cf-7efd-00c6-792e1316076b,05a60e9b-e134-4d8b-437e-87ed67ff57c6,443402002,Lifestyle education regarding hypertension,59621000,Essential hypertension (disorder)
d76f826d-6cc6-4441-9279-43cfa24502f3,2014-02-03,2014-03-19,14cb940f-21cf-7efd-00c6-792e1316076b,b3fc7798-2897-643e-5d0d-b010ac792900,276239002,Therapy (regime/therapy),,
8ac89385-df08-d628-3de0-596ceed45454,2005-05-30,,2b31136b-ea04-a288-d1d6-c11746cbe396,ac517100-63cc-26c5-d58d-0cb8b23453f9,698360004,Diabetes self management plan,44054006,Diabetes mellitus type 2 (disorder)
5b039a7d-03b9-5e6b-78de-68f6d7993ebf,2015-01-08,,2b31136b-ea04-a288-d1d6-c11746cbe396,2af68f24-ed95-6a8f-1a7e-50f9da65da46,736690008,Dialysis care plan (record artifact),,
8a176c3e-506c-f572-974a-bf1e7dac261b,2019-04-15,,2b31136b-ea04-a288-d1d6-c11746cbe396,d105aafa-5c74-d414-21c8-e6bb9b004cb0,734163000,Care plan (record artifact),,
4af71245-36fb-7804-fcc1-472f464a1e26,2006-06-12,,6c32cce9-6891-b00f-5b40-0294d21a5d30,5e82a682-d831-f8cc-b0ea-9fc992dd6c72,718361005,Weight management program,,
838a3e99-07b4-c8bc-fcdd-bf5dab244f64,2015-07-20,,6c32cce9-6891-b00f-5b40-0294d21a5d30,b16690c7-1354-10cb-05af-26464dbeb468,443402002,Lifestyle education regarding hypertension,59621000,Essential hypertension (disorder)
c5bf96fe-ba36-0149-3401-78bfa08fe567,1986-06-24,,b4bc532f-4450-0a5c-f8fe-6b2b3f1cf3b4,6ab7107f-9e34-9b2d-af19-713b63af12ad,698360004,Diabetes self management plan,15777000,Prediabetes
1d9c9a08-ada4-bc76-9f62-604c39ceb744,1997-05-13,,b4bc532f-4450-0a5c-f8fe-6b2b3f1cf3b4,90c4e693-8bfe-8a3f-4270-e493376acf8e,736285004,Hyperlipidemia clinical management plan,55822004,Hyperlipidemia
87c75a54-354d-2d9a-6c4c-198ea29f81bc,2001-05-01,,b4bc532f-4450-0a5c-f8fe-6b2b3f1cf3b4,a4e28892-b1b6-18fc-3316-286cce1f21bc,443402002,Lifestyle education regarding hypertension,59621000,Essential hypertension (disorder)
1e6be5a0-a5ed-2320-0654-b25b5da772cb,2013-07-28,2014-07-15,b4bc532f-4450-0a5c-f8fe-6b2b3f1cf3b4,d7da4b9b-cc1d-fe0a-ba4a-858af9b9940b,53950000,Respiratory therapy,,
8f00137d-75f0-db90-9762-9812e1685705,2020-09-14,2020-09-23,dfab13de-8afb-76a8-8b06-fed700dc703b,263f0f23-db74-2fed-27b6-6f0796d0fa7b,53950000,Respiratory therapy,,
a7279619-4e30-5156-7be4-80913d083024,2007-09-19,,d505aa7d-e2ef-069b-d585-3d2b9d115e73,2db1fde8-319f-888d-d40e-f9d5fb4e7f03,698360004,Diabetes self management plan,15777000,Prediabetes
52bcb316-aeaf-278b-a0a1-1ab5ef719dfd,2018-08-10,2018-09-20,add37942-b7ca-cd9a-743b-4e6f52e7969f,8fddcc73-8b62-b947-e10c-5f8d15ed5bf6,385691007,Fracture care,359817006,Closed fracture of hip
db1f2538-33c6-4dc0-b825-a78cad074c6c,2021-01-08,,4c7fdf09-67b5-6129-f32c-aace75e46f01,72d8629f-8200-30dc-c072-7c70502df621,736285004,Hyperlipidemia clinical management plan,55822004,Hyperlipidemia
82c23258-ed87-7127-b434-06c336679a78,2015-07-02,2016-01-14,3660f536-b213-97bb-f5d3-682dfa8e17c1,88fec32a-c699-1295-6c43-bcda0e781d55,134435003,Routine antenatal care,,
3b87afbf-4120-076e-74f7-41eb182d4daf,2016-08-25,2017-04-06,3660f536-b213-97bb-f5d3-682dfa8e17c1,e0e990c9-b8ad-6981-e146-e44b8b61bcf3,134435003,Routine antenatal care,,
4d415970-5f51-8e0a-5536-daa5896e7bdb,2018-01-25,2018-08-30,3660f536-b213-97bb-f5d3-682dfa8e17c1,e0f573e5-4eb1-40f8-8c5c-72b6ad09a101,134435003,Routine antenatal care,,
07ecfd98-8ac3-e61d-6621-f8e907ef1685,2019-02-27,2019-03-07,3660f536-b213-97bb-f5d3-682dfa8e17c1,8058cbd3-aa96-fb51-d2c7-3e7ef4cf7f85,53950000,Respiratory therapy,,
a7c570ca-a137-0276-7b51-487b8193a84e,2021-04-29,2021-11-26,3660f536-b213-97bb-f5d3-682dfa8e17c1,75d88411-0e37-2bc2-4779-c345a6749764,134435003,Routine antenatal care,,
f3012af6-e64f-968f-6bc1-269c50c20f97,2021-09-08,2021-09-08,3660f536-b213-97bb-f5d3-682dfa8e17c1,d743d24d-3c9a-bb74-1dd4-30b00bf95a57,736376001,Infectious disease care plan (record artifact),,
cac72ded-a8c2-0766-98c9-15b902724a32,2021-12-02,2022-01-04,3660f536-b213-97bb-f5d3-682dfa8e17c1,47c4bdbd-5a11-07c1-92d2-be490d99786e,47387005,Head injury rehabilitation,62106007,Concussion with no loss of consciousness
4ddce1b8-2767-c74e-c425-f297991e8113,2023-05-04,2023-12-07,3660f536-b213-97bb-f5d3-682dfa8e17c1,484337aa-7ec3-eef2-cfe7-7a34e81561b6,134435003,Routine antenatal care,,
8698ece3-f336-53b7-e380-a81f7846fba5,2014-10-09,2014-12-06,07d55765-9316-7731-ef10-c5f93bd755d3,9f2a31cd-a748-c3fb-84f2-7aa267cb55af,385691007,Fracture care,16114001,Fracture of ankle
1e1b582d-727f-b96e-4885-4bc972275d42,2019-08-23,2021-08-09,07d55765-9316-7731-ef10-c5f93bd755d3,6ec485b2-b184-0030-136a-b033179de969,386522008,Overactivity/inattention behavior management,,
fdc30478-e740-878c-b9e9-a06d34ee46b5,2021-01-17,2021-01-17,07d55765-9316-7731-ef10-c5f93bd755d3,0bc2a9d0-7773-02a1-adce-595fbbef3848,736376001,Infectious disease care plan (record artifact),,
d4f1af5c-af9b-bea4-cb48-4a1a71ec4559,2021-01-17,2021-02-10,07d55765-9316-7731-ef10-c5f93bd755d3,0bc2a9d0-7773-02a1-adce-595fbbef3848,736376001,Infectious disease care plan (record artifact),,
60a2ef25-0d9e-3808-e729-b21f93472dd2,2022-05-07,2022-05-28,07d55765-9316-7731-ef10-c5f93bd755d3,e4326839-e719-dc8d-d912-3efe40ac5bdc,225358003,Wound care,283385000,Laceration of thigh
95a04d88-25ef-6dd0-8c6d-1bc38b16f99c,1991-10-16,,0ce0b168-118a-2a83-e6d0-8b299c5c30c1,b7d9e985-f06f-52da-81b5-814900614991,443402002,Lifestyle education regarding hypertension,59621000,Essential hypertension (disorder)
55341210-ec2e-fa47-87a1-ab514bd0ad0c,2014-01-31,2014-03-16,0ce0b168-118a-2a83-e6d0-8b299c5c30c1,8e98be68-5aad-0a6b-16ab-9b6eaf904cf0,276239002,Therapy (regime/therapy),,
a4e8490d-5b09-4646-eb3b-d50123925fdd,2016-05-04,2016-11-30,0ce0b168-118a-2a83-e6d0-8b299c5c30c1,95f687c5-9e80-f54c-52b4-0dce60ad4fc8,134435003,Routine antenatal care,,
663d5336-3310-5c4f-bc49-1e800df4dab9,2016-10-28,,d6e8cf2f-61f9-531d-b7b4-8a590767f84d,62421218-86db-c8f7-3ef3-7dd0ccc1e3ee,395082007,Cancer care plan,363406005,Malignant tumor of colon
f8b4d345-31a4-4997-e0f1-36d8f7a9fc15,2016-11-07,2016-11-24,d6e8cf2f-61f9-531d-b7b4-8a590767f84d,7e4052eb-252a-8991-b587-a489b4ce3ebc,737567002,Major surgery care management (procedure),363406005,Malignant tumor of colon
b285dbb5-2795-7831-13b2-1f0d34f8873b,2018-06-08,2018-08-10,d6e8cf2f-61f9-531d-b7b4-8a590767f84d,3cd783b6-1e6d-00ea-682d-d5acb6aeb0bc,53950000,Respiratory therapy,,
bc82a0a8-6889-8f69-13a0-9b42b99c8090,2014-05-19,2014-06-10,99e243fe-7b2f-2b79-4fc7-abb7cd1f67d9,47b061c6-aa50-a5d5-97d8-cfd426a87797,225358003,Wound care,284549007,Laceration of hand
53ccee11-2b40-b5b3-0d06-c4dc6d109274,2015-08-07,,99e243fe-7b2f-2b79-4fc7-abb7cd1f67d9,4459a581-84ba-7016-12b8-0e4b7529da80,698360004,Diabetes self management plan,15777000,Prediabetes
c319c32b-0d75-4ed1-7633-740b50faf5ea,2019-01-01,2021-05-28,99e243fe-7b2f-2b79-4fc7-abb7cd1f67d9,e6940a4f-46db-b79b-b19a-8fb94a127cd7,53950000,Respiratory therapy,,
8cf032d0-67d3-d949-9dd1-441fbe20e0fc,2022-09-14,2022-10-04,99e243fe-7b2f-2b79-4fc7-abb7cd1f67d9,0c398419-c785-3c42-3a7e-352d007defdd,225358003,Wound care,284549007,Laceration of hand
775a705a-3798-4b10-6129-6bf14081da2d,2023-08-09,2023-09-06,99e243fe-7b2f-2b79-4fc7-abb7cd1f67d9,b4e753a5-d44c-dc21-18f2-bc5e7abfdd85,773513001,Physiotherapy care plan (record artifact),70704007,Sprain of wrist
4ab16741-ef8c-0e08-0fd0-1a32436e1a1b,2004-11-14,,b9a63caf-8b6f-84a0-2b74-9eda74e6cd67,5befd9c4-c0a1-ec65-ee11-f3f3ddd385f4,698360004,Diabetes self management plan,15777000,Prediabetes
ad1569e7-8df9-5e12-a3c0-32bdbd3df7db,1993-07-19,,a3071ec8-e45f-0b03-36bd-bcfd8d4c3081,34dcb4a4-cb8a-93d5-237d-2ee3c98d82fe,698360004,Diabetes self management plan,15777000,Prediabetes
adff383f-4924-c990-6a60-87f439a44a8c,2008-09-26,,a3071ec8-e45f-0b03-36bd-bcfd8d4c3081,271a58da-4515-9ba5-70f1-b9ac05a31925,408869004,Musculoskeletal care,239873007,Osteoarthritis of knee
7c926571-5921-3f0c-23b9-8241df0c0ea7,2020-02-20,2020-03-12,a3071ec8-e45f-0b03-36bd-bcfd8d4c3081,21e22f5c-622d-6e69-3b79-24a502c00036,773513001,Physiotherapy care plan (record artifact),70704007,Sprain of wrist
4db2c506-ddf2-c533-853e-6e57bc95ac70,1929-06-11,,fad032f6-ec16-2610-343c-0f3419fbddb7,a85bd2f8-5872-1e39-2ec5-0f3ba81fabf4,384758001,Self-care interventions (procedure),,
be468172-e63f-9f57-067b-c4b136d17a3a,1950-06-27,,fad032f6-ec16-2610-343c-0f3419fbddb7,64407c23-dd30-f8f0-b67b-5c6b2653e2c5,443402002,Lifestyle education regarding hypertension,59621000,Essential hypertension (disorder)
59984f46-f863-e615-7721-45bf5edd9322,1985-04-01,1985-04-18,fad032f6-ec16-2610-343c-0f3419fbddb7,67fa71dc-ec4b-3ad0-5b6a-3a09aa6dfbd6,225358003,Wound care,284549007,Laceration of hand
6b98c963-e0fc-3bd7-36d9-5dd0c28eb6c0,1986-12-23,1987-01-20,fad032f6-ec16-2610-343c-0f3419fbddb7,7dd89fff-d0b4-c17f-c94c-c53c05ce92f6,53950000,Respiratory therapy,,
7f71aeb6-7da2-276a-9a0e-2ec0e10bd019,1987-05-31,,fad032f6-ec16-2610-343c-0f3419fbddb7,4da96700-99bd-f04b-6124-cab74a6929d1,735984001,Heart failure self management plan,88805009,Chronic congestive heart failure (disorder)
969cce35-4d39-4368-76b6-58db1272d202,1987-11-27,1987-12-01,fad032f6-ec16-2610-343c-0f3419fbddb7,9111e0d6-ee1f-3e41-c53e-75f52fd2aaea,736353004,Inpatient care plan (record artifact),88805009,Chronic congestive heart failure (disorder)
9f42fa2b-ba97-555d-8916-a452b80958bb,1989-06-26,1990-08-09,fad032f6-ec16-2610-343c-0f3419fbddb7,96dde4c8-5c5c-e674-890d-d00d7a65e1fd,395082007,Cancer care plan,109838007,Overlapping malignant neoplasm of colon
0c2fc3b9-0675-72de-5eb3-1e35e6427615,1989-07-08,1989-07-21,fad032f6-ec16-2610-343c-0f3419fbddb7,e5df9566-86ff-311c-b68b-2ddab68a1128,737567002,Major surgery care management (procedure),109838007,Overlapping malignant neoplasm of colon
6a70ad0e-d4a5-61f8-4daf-fe4699248a22,1989-11-20,1989-11-23,fad032f6-ec16-2610-343c-0f3419fbddb7,4a6212f1-aefb-fbd7-23cb-c7c5a00fefee,736353004,Inpatient care plan (record artifact),88805009,Chronic congestive heart failure (disorder)
48bb4508-52af-6cac-ff19-b9d20565bfb9,1990-01-02,,fad032f6-ec16-2610-343c-0f3419fbddb7,5b9ba1aa-3841-3d27-1102-80e0c186689d,170836005,Allergic disorder monitoring,,
76795ca5-82ad-b637-da03-bd51a3d3a7d6,1990-11-18,1990-11-28,fad032f6-ec16-2610-343c-0f3419fbddb7,54ac7948-a7d4-4f33-4d71-a0102cef629c,736353004,Inpatient care plan (record artifact),88805009,Chronic congestive heart failure (disorder)
6de838cb-f46a-4434-a805-6e593e8ebbb6,1991-05-27,,fad032f6-ec16-2610-343c-0f3419fbddb7,924af1a4-c3f9-31de-3c63-434517bf0fd2,736353004,Inpatient care plan (record artifact),88805009,Chronic congestive heart failure (disorder)
9b9e8be3-c24d-4568-cfee-31ad2c2e8525,2021-12-30,2022-02-20,05028a5a-9411-85f3-9a80-36a543c880fd,0e247521-dac1-a2f6-174e-59bad948c43e,385691007,Fracture care,16114001,Fracture of ankle
426c4e4e-0f71-3850-fba4-ba75910a02ca,2020-02-18,2020-04-23,e88a9a4f-db2f-0b53-9273-067b7b5c22d9,e04b76b8-0717-4337-4a20-3e4b6bf32ef1,47387005,Head injury rehabilitation,62106007,Concussion with no loss of consciousness
955d420e-ae43-1ad2-abe1-40659b39b206,2002-07-14,,906a0b98-6a3d-2600-5272-67a6e28c9149,abc4a06d-217f-4a5d-06d5-32108d5e41ab,443402002,Lifestyle education regarding hypertension,59621000,Essential hypertension (disorder)
c9e7716c-1bcb-f1b5-936c-5cbfa5495ce5,2015-08-05,,906a0b98-6a3d-2600-5272-67a6e28c9149,f66dd751-ca0e-7521-2624-4533231d6a86,736690008,Dialysis care plan (record artifact),,
34e38366-9e54-389b-7d60-d409029170b1,2020-07-27,2020-08-10,132b074a-8a8d-ef3c-4740-e4aa41fdb645,34002030-7bdc-660e-9af3-9fc551d819f6,53950000,Respiratory therapy,,
8f74fc7d-f9f5-fc91-3c4b-7f8b10a411bf,1996-10-01,,eb81787d-de18-7231-e7fe-cdd2399a59d0,1861a4ba-1bef-97f6-3e10-746a5ebe3956,443402002,Lifestyle education regarding hypertension,59621000,Essential hypertension (disorder)
eaaff67b-03df-d30a-01e6-a677a54a5f66,2005-11-22,,eb81787d-de18-7231-e7fe-cdd2399a59d0,a68e457b-addf-9edd-accf-1108568edae4,698360004,Diabetes self management plan,15777000,Prediabetes
be590ff3-0c8f-8113-38a0-f84c515fc75d,2017-07-11,2018-01-23,eb81787d-de18-7231-e7fe-cdd2399a59d0,752fdc06-a77b-c785-2ee1-f26ca96584e0,134435003,Routine antenatal care,,
21143e63-54e3-c3e2-a3f8-5f81aba4e985,2019-10-10,,906a0b98-6a3d-2600-5272-67a6e28c9149,42055949-c00f-ae1c-3d9a-dcf224a4a2a0,734163000,Care plan (record artifact),,
034157e3-a7ab-a5fe-ec40-a70b31e9a5b3,2010-10-11,,5db63a55-c609-3f46-b8ff-8653b08b9417,e308772a-a348-d4e3-a1d7-c211771a6430,711282006,Skin condition care,24079001,Atopic dermatitis
7823c09d-da87-e962-954b-25b1601c82b1,2010-10-29,,5db63a55-c609-3f46-b8ff-8653b08b9417,7363a5d3-8399-7ca6-03c3-0c7e78aa7693,384758001,Self-care interventions (procedure),,
4b84b701-232d-1434-7327-a6c533efe652,2017-10-25,2017-11-05,5db63a55-c609-3f46-b8ff-8653b08b9417,70a725c9-9d9d-c362-d497-4339e42a308e,53950000,Respiratory therapy,,
dfb2dffa-b6aa-cc9c-8f8b-b27cbc39d617,2021-05-20,2021-05-27,5db63a55-c609-3f46-b8ff-8653b08b9417,db2b049c-d604-f604-0075-16c728272c18,53950000,Respiratory therapy,,
433ddb48-12af-65ac-6c2c-addb029000c5,2023-03-26,,5db63a55-c609-3f46-b8ff-8653b08b9417,f8d6c2cd-914f-7d66-2879-fa3a7859e4ae,170836005,Allergic disorder monitoring,,
0b7b36a3-5167-6864-99c8-011ef01600fc,2023-11-02,,5db63a55-c609-3f46-b8ff-8653b08b9417,463c04f1-855b-32b7-6f71-9cb7c6e23d69,385691007,Fracture care,65966004,Fracture of forearm
4dbc2753-3896-4adc-65d9-e3126606996b,1959-08-12,1959-10-03,e2e81c1e-a961-836b-4bf6-d70a88382a3f,9fe3d9fa-ed61-689f-eeab-485412660e5d,385691007,Fracture care,58150001,Fracture of clavicle
7ed8af4f-d915-e001-4a33-0c4847f8ea97,1965-07-13,,e2e81c1e-a961-836b-4bf6-d70a88382a3f,853d96c9-28c3-7e14-84be-aea03431427e,412776001,Chronic obstructive pulmonary disease clinical management plan,185086009,Chronic obstructive bronchitis (disorder)
1475f9ff-5a40-cd93-19dc-7d8005a7deca,1965-07-13,,e2e81c1e-a961-836b-4bf6-d70a88382a3f,853d96c9-28c3-7e14-84be-aea03431427e,443402002,Lifestyle education regarding hypertension,59621000,Essential hypertension (disorder)
0e063933-b9ca-ae83-76fc-05f16a6aebb7,1967-09-26,1968-07-30,e2e81c1e-a961-836b-4bf6-d70a88382a3f,55499f1a-34ac-4110-572f-d4bf76975151,53950000,Respiratory therapy,,
44be7c30-8266-cf7b-4fc5-f1fcae0d42fa,2010-05-09,,aed3ce92-6f5b-d582-6573-7a80ad1a0910,d260eb95-8c2a-4b1d-868f-ea4647caeff3,443402002,Lifestyle education regarding hypertension,59621000,Essential hypertension (disorder)
a7bf61fa-2992-fbf0-10ca-472894058ca3,2015-08-26,2016-06-12,aed3ce92-6f5b-d582-6573-7a80ad1a0910,f9513ae7-dd32-b79e-242a-17bf56af4cb1,53950000,Respiratory therapy,,
d3209f22-64d4-e551-24c4-8ba7f27a91e4,2017-06-18,,aed3ce92-6f5b-d582-6573-7a80ad1a0910,8c0dc7f8-ac38-571d-3959-506171ceae19,698360004,Diabetes self management plan,44054006,Diabetes mellitus type 2 (disorder)
7c00d741-af9e-7c12-1e2b-b02d306bae6c,2018-09-02,2019-06-30,aed3ce92-6f5b-d582-6573-7a80ad1a0910,a1d70d47-7aaf-8e5a-a19d-dea58f30eaa6,53950000,Respiratory therapy,,
7c265748-71a8-111b-e8f3-56d3453676f1,1979-07-12,,19ae9f1a-6e97-dca7-48c1-6f288c396cb8,c0118510-a73e-ae10-bb5c-0d3a42c3f8fa,384758001,Self-care interventions (procedure),,
9fca2cee-104f-bfe1-56d3-81dcdb1f0e2c,2000-12-19,,19ae9f1a-6e97-dca7-48c1-6f288c396cb8,a2ceaff5-dbf8-679b-4925-e8d9c22a1375,698360004,Diabetes self management plan,15777000,Prediabetes
1407f826-ba4e-eadb-f0a2-1f97f256c67c,1975-01-16,,f4ad02fc-c770-a4f5-ebc0-72226af17eb6,938c7b32-49c7-a14f-8798-57f3204a1b18,698360004,Diabetes self management plan,15777000,Prediabetes
aa559676-b9f3-5a12-f8bf-ab9dc66be6cc,2009-01-15,,f4ad02fc-c770-a4f5-ebc0-72226af17eb6,2575c66d-5483-c481-d33a-913675c53d54,443402002,Lifestyle education regarding hypertension,59621000,Essential hypertension (disorder)
12233edd-cf4d-1a95-bb12-26f0e6bac0d5,2014-10-30,2015-02-19,f4ad02fc-c770-a4f5-ebc0-72226af17eb6,06bfa2d6-2794-6b59-db88-0e6254427e78,53950000,Respiratory therapy,,
4636df9b-09a8-77bb-7cc8-e78a6467931f,1941-10-27,,c10217c4-7e11-7206-8259-08cce6ee1498,79fa8f60-cfa7-300c-c230-8776e4ddeda0,443402002,Lifestyle education regarding hypertension,59621000,Essential hypertension (disorder)
190d2403-1ed7-154c-9607-8f1b51447e5e,1959-08-27,,c10217c4-7e11-7206-8259-08cce6ee1498,310414a9-4a71-fe7c-5aba-1adbf6b69237,736690008,Dialysis care plan (record artifact),,
8dd6c707-b108-ef1b-a312-d4c148df5d05,1962-11-21,,c10217c4-7e11-7206-8259-08cce6ee1498,775f304a-7d25-43c2-c0b9-83f2fe5a433b,734163000,Care plan (record artifact),,
337f996f-f5da-e37f-6350-8cf6ec6c512e,1966-03-14,,c10217c4-7e11-7206-8259-08cce6ee1498,6d3a2a8c-b89d-3ada-7597-c5dd02d0a30e,698360004,Diabetes self management plan,15777000,Prediabetes
0035f0e9-ff98-c3a9-8537-92fd1711b70e,1967-11-24,,c10217c4-7e11-7206-8259-08cce6ee1498,23f1445b-9950-fbc1-4a37-0edbf6e87793,736372004,Discharge care plan (record artifact),,
12b51913-a625-98d7-dbbc-61ec42b314b1,1977-05-16,,c10217c4-7e11-7206-8259-08cce6ee1498,4b78357b-febd-4ba7-41a3-99544b887655,736252007,Cancer care plan,126906006,Neoplasm of prostate
8cd28cb0-f792-cab5-cf97-abc49c1112d3,1965-07-13,,780000f8-55e4-2dc0-9719-c5c2a5d2803f,4f9a16c6-c0cc-1505-dd36-044082471f0d,734163000,Care Plan,,
134b3031-64a6-69bb-9bca-35d3a8812c60,1998-08-18,,780000f8-55e4-2dc0-9719-c5c2a5d2803f,e137ccab-9e52-b3f3-b96f-99f03eca2d22,736252007,Cancer care plan,126906006,Neoplasm of prostate
e1fe6048-6f15-d9bc-6727-833dca306aa7,2011-11-01,,780000f8-55e4-2dc0-9719-c5c2a5d2803f,5751dc9c-06c7-cb0c-9cb6-35d46d2a2ca5,386257007,Dementia management,26929004,Alzheimer's disease (disorder)
806a6a02-ec17-1a8e-bd63-d1abc88b3628,2020-12-12,2020-12-12,bae80bff-c4b7-d24c-193c-a149ef336e73,2a4e9850-83a4-3432-7bff-eea5b0200d6a,736376001,Infectious disease care plan (record artifact),,
61a01d06-db59-50e3-c4ef-800c022e93dd,2020-12-12,2021-01-15,bae80bff-c4b7-d24c-193c-a149ef336e73,2a4e9850-83a4-3432-7bff-eea5b0200d6a,736376001,Infectious disease care plan (record artifact),,
0f7f18b7-e196-5966-168c-da2371eaea32,2021-06-06,2022-01-09,bae80bff-c4b7-d24c-193c-a149ef336e73,a5f4e93e-63a7-dbb2-ee9e-707609047c12,134435003,Routine antenatal care,,
b4464b40-6aab-692f-3a87-6d7ef55f25a1,2022-06-19,2023-01-22,bae80bff-c4b7-d24c-193c-a149ef336e73,6794d6f7-faf6-e3e0-fc14-2152572a6981,134435003,Routine antenatal care,,
e2cb8ba1-6619-70d7-fdc3-b542fcd73980,2014-07-01,2015-01-27,b857497c-3ea7-d3c2-8510-fbd04e50dee7,f77746b9-30d0-efac-d622-9a5d8d0cf783,134435003,Routine antenatal care,,
c8482ca6-8336-1cd4-9c2d-72772291b494,2017-07-23,2019-01-22,b857497c-3ea7-d3c2-8510-fbd04e50dee7,f816dbe4-e839-2ad9-1e1c-a447488b0ee1,53950000,Respiratory therapy,,
7e5562a2-e07d-f807-89fd-8b3dc35d2f53,2015-07-19,2015-09-27,93f85045-9b96-db33-296e-9a1cccd15128,5d689b57-2422-41da-67dc-a1d0d1de65bb,53950000,Respiratory therapy,,
ce32a1a2-ff36-17bd-e846-68a67ab350c0,2016-03-30,,93f85045-9b96-db33-296e-9a1cccd15128,24e72c89-e19d-1a31-e307-63e98a36d2f9,384758001,Self-care interventions (procedure),,
8f1b48b6-9f96-5e41-e666-a5540d9079a3,2017-12-10,,e27b7b5c-0649-02bd-7395-6b5f231c9bdc,3790331f-fde4-2c49-f51a-97cadbac547a,698360004,Diabetes self management plan,15777000,Prediabetes
7ebf2a85-335c-02f8-bf0d-043b5160c307,2017-02-19,2019-12-10,530a672b-21b0-ec0d-7a45-bc36560ac481,fac17a3f-fa4a-5fa3-1a0e-1e38eb5ddd27,53950000,Respiratory therapy,,
af4da76e-fc67-32c8-4c7b-58ea875af3e8,2017-12-31,2018-01-25,530a672b-21b0-ec0d-7a45-bc36560ac481,256f3dd7-878a-33e1-a504-7b0476a72773,773513001,Physiotherapy care plan (record artifact),44465007,Sprain of ankle
0e55fb75-e0cc-297f-3af6-92125792663b,2022-12-27,2023-08-15,530a672b-21b0-ec0d-7a45-bc36560ac481,e504d9ba-7e11-65ed-6715-a82bc5915dce,134435003,Routine antenatal care,,
38bd2c59-65c5-6348-1383-73a273367f69,2023-02-16,2023-03-21,530a672b-21b0-ec0d-7a45-bc36560ac481,47a82696-00fe-19e7-e938-d1830baa4636,408869004,Musculoskeletal care,,
533c8750-96bc-bcff-c988-357382c5ad08,1967-05-01,,24e22661-e181-d878-d327-6dd3d38e4208,6cac17c0-998a-e26e-171d-6973e9dfff65,698360004,Diabetes self management plan,15777000,Prediabetes
36198370-fc33-05e1-75c2-280dfa4d64b2,2018-06-24,2018-07-12,24e22661-e181-d878-d327-6dd3d38e4208,7dd8dc96-626d-c20b-59b5-946325a321c7,53950000,Respiratory therapy,,
2866d53f-3300-1539-9227-d160f08b7691,2021-09-07,2021-12-14,24e22661-e181-d878-d327-6dd3d38e4208,0e4557d8-9256-7a4c-747d-162e0129eecc,385691007,Fracture care,16114001,Fracture of ankle
46744c86-8346-649e-2130-27b25a44e7a5,2013-12-15,2014-01-07,720537cc-16fd-7398-a2e3-be988f32bf4b,0c2b5d52-5d74-0657-9eea-bf0d29bb4d10,225358003,Wound care,284549007,Laceration of hand
431c5376-f342-05c7-95cf-69ff630582dc,2016-07-05,,720537cc-16fd-7398-a2e3-be988f32bf4b,7e7468f3-2caa-b60e-e9c6-eb039267b7fd,443402002,Lifestyle education regarding hypertension,59621000,Essential hypertension (disorder)
1a613312-d9af-afb9-7bea-660239f4a85d,2018-07-24,2018-08-16,720537cc-16fd-7398-a2e3-be988f32bf4b,a7111231-eb68-5228-d392-7a905bdcde5c,225358003,Wound care,284549007,Laceration of hand
10e7bff4-a99f-fe1a-f198-37bb4af890c9,2020-03-28,2020-03-28,720537cc-16fd-7398-a2e3-be988f32bf4b,de574498-c819-e93b-d5f9-85bab067540c,736376001,Infectious disease care plan (record artifact),,
c621bf29-438b-8b23-a6fc-5d8946a7db48,2020-03-28,2020-04-17,720537cc-16fd-7398-a2e3-be988f32bf4b,de574498-c819-e93b-d5f9-85bab067540c,736376001,Infectious disease care plan (record artifact),,
307786ac-cc3e-8a51-5302-5ff09f337b05,2021-03-02,2021-10-12,720537cc-16fd-7398-a2e3-be988f32bf4b,591b4a0e-d8f5-afc8-181e-2bb82fd3e1e9,134435003,Routine antenatal care,,
67469cf2-f5f0-377b-8921-c379c91a8ec2,2023-04-11,2023-11-07,720537cc-16fd-7398-a2e3-be988f32bf4b,8f3ed704-fb88-f53c-0439-bc887283c810,134435003,Routine antenatal care,,
a39258a9-6542-2024-09a7-214169e1b6d1,2016-07-03,,ecb331d2-2709-42eb-2715-c8206826217a,8ff79a34-0752-07f3-bf98-dc0a390745a7,736285004,Hyperlipidemia clinical management plan,55822004,Hyperlipidemia
93947512-45cb-ea75-e0ff-ed82fe8cfb09,2018-03-11,2018-04-20,ecb331d2-2709-42eb-2715-c8206826217a,6e6b893c-c20c-8ea0-fd9f-c55c495c4429,408869004,Musculoskeletal care,,
db7a8f3f-a994-2b93-9828-91faffdbcd33,2018-06-17,,ecb331d2-2709-42eb-2715-c8206826217a,a810351f-268a-1c41-948f-ed2c8d7899a0,443402002,Lifestyle education regarding hypertension,59621000,Essential hypertension (disorder)
b403e6f3-3c4a-9d35-7f83-86f05e4c3265,2016-06-01,2016-06-16,a293723a-2b68-119e-580f-5ed746f86bd8,117efc67-b3c8-6dfe-e854-b6158709ee81,53950000,Respiratory therapy,,
9bf8060f-1319-ede1-216f-9f7eb76a1606,2023-12-03,,a293723a-2b68-119e-580f-5ed746f86bd8,3124cc28-1a63-5a35-9f36-2bfaed845dea,773513001,Physiotherapy care plan (record artifact),44465007,Sprain of ankle
b5c799e2-2452-4839-0fd8-89e82b453ff8,2019-09-27,2019-12-23,ae3332ab-f6c2-9f99-8e48-cbbd25023f65,6ac521ff-3aae-9b88-43ca-1a846392a429,773513001,Physiotherapy care plan (record artifact),239720000,Tear of meniscus of knee
a088b687-0e27-a28b-d161-78b18d7443a7,2000-10-26,,8d5cc5fb-181b-0b70-20d9-922ace18b07b,449fe818-6685-3550-f794-466e21063fa3,698360004,Diabetes self management plan,15777000,Prediabetes
b981e3aa-efc5-34d9-b24c-2f42339f085d,2014-03-25,,8d5cc5fb-181b-0b70-20d9-922ace18b07b,6e8dda64-f178-8f90-9528-63bd82058884,276239002,Therapy (regime/therapy),,
bb3d5f34-d031-ac58-2dcb-15d4b1873047,2017-01-05,,8d5cc5fb-181b-0b70-20d9-922ace18b07b,38c09223-a744-f7d8-4fe2-2e5c0ff51de9,736372004,Discharge care plan (record artifact),,
c0e383c6-e3ee-a7a9-4d95-19db32487932,2017-03-14,2017-03-29,8d5cc5fb-181b-0b70-20d9-922ace18b07b,d311818e-657a-8cab-874b-b7b1d4805094,53950000,Respiratory therapy,,
b8caad4c-0956-46d0-b7a5-73cee3be14c1,2019-11-05,2019-11-30,3098e5ef-edcf-aa16-9eff-340c38fc02cb,4141f8f4-c474-af43-17d7-3bd34f58d9fa,225358003,Wound care,284549007,Laceration of hand
3421ed76-634f-a990-1068-98aefe92bfc3,2021-10-17,2021-12-16,3098e5ef-edcf-aa16-9eff-340c38fc02cb,6e15c33a-d7ce-173b-523e-4e8a6de72ce8,47387005,Head injury rehabilitation,62106007,Concussion with no loss of consciousness
2c82c457-77d2-cbcc-6473-d410aef3b23d,2022-05-31,,3098e5ef-edcf-aa16-9eff-340c38fc02cb,e92776f7-8b95-c9eb-ec37-9b54b838a3f4,443402002,Lifestyle education regarding hypertension,59621000,Essential hypertension (disorder)
03121a48-45c0-6077-c45d-2bb1098641f2,2023-08-22,,3098e5ef-edcf-aa16-9eff-340c38fc02cb,99d06d6b-926b-3e2b-caa3-6cd5d42a431e,53950000,Respiratory therapy,,
aa8b3d82-ebac-28e3-4f8e-e8f8c66fdfb3,2021-08-06,2021-08-06,bcb46541-f9dc-0e64-c675-855f06c325ae,810f4478-b492-690f-45bb-2a1efdb6f6c7,736376001,Infectious disease care plan (record artifact),,
997c6c85-32bd-7e8b-de75-c9d6611c2742,2021-08-06,2021-08-26,bcb46541-f9dc-0e64-c675-855f06c325ae,810f4478-b492-690f-45bb-2a1efdb6f6c7,736376001,Infectious disease care plan (record artifact),,
4f3465cb-6841-a14d-140f-1ae0aa0d9934,2023-04-05,2023-10-18,bcb46541-f9dc-0e64-c675-855f06c325ae,257e555f-7ac4-5544-6647-ba8fcb66ae07,134435003,Routine antenatal care,,
d9c7e0ae-bb24-9574-a9d9-e4bb05e6c590,2007-07-12,,c8bc3c96-5323-ba2d-4f81-1bf3456a2168,6c30a802-699b-bcc6-1d96-5ff33b075d5e,698360004,Diabetes self management plan,15777000,Prediabetes
0ec7d06c-e790-8ce4-8139-2daedc7863f6,2016-07-21,,c8bc3c96-5323-ba2d-4f81-1bf3456a2168,8600d5c3-cc51-21f0-cbb2-c8f04ad843cb,443402002,Lifestyle education regarding hypertension,59621000,Essential hypertension (disorder)
bbc1e728-1463-ccb3-c069-54937853f2ef,2017-02-21,2017-07-27,c8bc3c96-5323-ba2d-4f81-1bf3456a2168,cbf04b4b-b1ca-5915-e476-e64d155c440d,53950000,Respiratory therapy,,
cddfab49-45c7-f784-ab45-c6ad2a1d325a,1969-04-24,,a890d460-727c-40a4-6cd2-e79f913e7ba3,d229a6f5-490f-b3ae-4702-109372eb7ac8,384758001,Self-care interventions (procedure),,
01e140ca-fadb-5a27-aeb3-059c8859d169,1990-08-02,,a890d460-727c-40a4-6cd2-e79f913e7ba3,7981ba14-b2b0-6913-fa4d-c365c4ebacd3,698360004,Diabetes self management plan,15777000,Prediabetes
fbc183f8-4a61-44f4-5912-04d5744b9ff3,2008-07-13,,69328027-4a67-b0ba-b268-2a4a789d4718,71ff1995-df9e-0642-e45b-9e0b2bd0c34a,699728000,Asthma self management,233678006,Childhood asthma
a55873c7-a46e-ad4f-d28f-862b4f2d4e98,2002-08-15,,a890d460-727c-40a4-6cd2-e79f913e7ba3,5cfb3356-495e-fe49-ec6d-5ffb62b06de7,443402002,Lifestyle education regarding hypertension,59621000,Essential hypertension (disorder)
5359e5f7-f9ce-1005-b08e-4b2bee95194f,2008-06-13,,a890d460-727c-40a4-6cd2-e79f913e7ba3,2deb0633-eb0a-deed-a949-9b9cee9a2b93,734163000,Care plan (record artifact),73430006,Sleep apnea (disorder)
147a957d-fe4c-460b-f2f2-08835c12a633,2014-11-09,2015-10-29,a890d460-727c-40a4-6cd2-e79f913e7ba3,966bbb13-3ee3-2750-7a84-8b3c3970bf96,53950000,Respiratory therapy,,
0f62241a-78fb-da38-5c69-b00528c2fe4f,2019-09-09,2019-10-20,69328027-4a67-b0ba-b268-2a4a789d4718,7b07e428-9c23-2410-4d1b-a52604679e16,773513001,Physiotherapy care plan (record artifact),44465007,Sprain of ankle
c73d0583-8ac5-ff51-dc70-7c2e27b76860,2020-12-17,,a890d460-727c-40a4-6cd2-e79f913e7ba3,d94a2f36-7d94-041e-2327-87044c2d8514,736285004,Hyperlipidemia clinical management plan,55822004,Hyperlipidemia
539fcfb4-1ad7-d98a-81d2-c0ec69448f67,2022-11-27,2022-12-23,a890d460-727c-40a4-6cd2-e79f913e7ba3,ca6de38d-2d55-a8f5-e095-40622922e644,736372004,Discharge care plan (record artifact),,
91f3144f-0c85-2d95-50f2-fbc1e383b416,2023-12-06,,a890d460-727c-40a4-6cd2-e79f913e7ba3,662479ec-d193-9813-8e9e-76add7bda42d,735984001,Heart failure self management plan,88805009,Chronic congestive heart failure (disorder)
6379bfe9-f62a-78ff-123e-dcaad146c742,2021-09-23,,b3d52792-a9a1-84b6-6b58-d3e15d785f50,07041afc-7c9d-6476-f136-5b6c335d9418,384758001,Self-care interventions (procedure),,
74f3e649-67b8-f7fe-6df8-19f53efa596e,2022-06-08,2022-08-27,b3d52792-a9a1-84b6-6b58-d3e15d785f50,83043251-5b55-59d9-9dab-a3b342b6c051,773513001,Physiotherapy care plan (record artifact),239720000,Tear of meniscus of knee
5594a855-6990-3eb7-fda4-07888c70a046,1981-07-07,,b1b9e803-02ce-1c15-c30f-e5dcfdfa790f,72b7803b-137a-90da-896d-754df41a9994,718361005,Weight management program,,
8e2cd03a-113f-a753-cdff-9af02afe6fa4,2014-02-28,2014-03-14,b1b9e803-02ce-1c15-c30f-e5dcfdfa790f,76c95da2-1af9-6a4c-c2e2-965c23046a10,225358003,Wound care,283385000,Laceration of thigh
fe4b99fa-e9a6-6894-0209-1ebff0ecb5a5,2018-04-21,2018-05-09,b1b9e803-02ce-1c15-c30f-e5dcfdfa790f,1eab0dc2-c3e9-b646-9e09-03ec0b883739,225358003,Wound care,370247008,Facial laceration
1312da91-2dc8-1627-d2db-78786f5226ab,2023-07-11,,b1b9e803-02ce-1c15-c30f-e5dcfdfa790f,3f150749-d9cf-7ec9-a6a8-96062a34a401,386257007,Dementia management,230265002,Familial Alzheimer's disease of early onset (disorder)
81596317-bc2f-89b2-f070-897256bfaa83,2018-02-27,2018-08-07,62f42baf-cf29-8f1d-de32-e76d6a864a33,dcf97979-0ba5-bc97-3073-b417677adfe2,53950000,Respiratory therapy,,
71815404-375f-dd38-47f5-33170ebb3b20,2017-12-19,2018-03-14,e0868f70-8735-efc3-9e5e-a753426e1e76,6dc8ae2c-7458-d9a1-ee4a-393ed25296ef,47387005,Head injury rehabilitation,62564004,Concussion with loss of consciousness
e0f10e55-874a-4bdf-ff1f-c04061214594,2019-04-10,2019-07-04,e0868f70-8735-efc3-9e5e-a753426e1e76,747d6a00-58d3-c3b3-1e61-8d931f47d94d,385691007,Fracture care,263102004,Fracture subluxation of wrist
e4ccc32a-26a7-429f-f99c-95c73231ef7d,2019-12-07,2020-07-22,e0868f70-8735-efc3-9e5e-a753426e1e76,93d75007-b439-38b3-4775-ea008e49a811,53950000,Respiratory therapy,,
b837db5d-8b46-6799-c224-e9dde8c1665d,2020-07-03,2020-08-10,e0868f70-8735-efc3-9e5e-a753426e1e76,c22a78b3-9475-0cd6-8cc5-d50efb8cdc4f,276239002,Therapy (regime/therapy),,
cc3ae5ba-c0c1-44d6-9299-db998c541e62,2021-01-19,2021-07-28,e0868f70-8735-efc3-9e5e-a753426e1e76,f42dbe1f-f306-54df-61dd-fe76298c09b8,53950000,Respiratory therapy,,
d9374e74-03f2-3e39-1177-e5bb8fa74967,2021-04-03,2021-04-03,e0868f70-8735-efc3-9e5e-a753426e1e76,1668091e-92c3-1a76-e224-c7ff8894a60e,736376001,Infectious disease care plan (record artifact),,
501eb095-8883-a965-03f3-2f8739f9e01c,2021-04-03,2021-04-20,e0868f70-8735-efc3-9e5e-a753426e1e76,1668091e-92c3-1a76-e224-c7ff8894a60e,736376001,Infectious disease care plan (record artifact),,
c88c4810-20b8-c2df-dc3b-f6fd36ce6cea,1941-10-27,,6512a51e-eb6f-8594-1f22-07b22a5c7f1a,e47d896f-41c6-5c8f-9a41-1d9a39be55ef,443402002,Lifestyle education regarding hypertension,59621000,Essential hypertension (disorder)
46177c5c-1833-eb8e-48d2-92e3db1df395,1958-12-10,1999-08-15,6512a51e-eb6f-8594-1f22-07b22a5c7f1a,eed10868-7c69-bb6b-ac75-88383f08dcb7,408869004,Musculoskeletal care,239873007,Osteoarthritis of knee
9e338414-638e-5745-7489-43c4f33da236,1968-03-25,,6512a51e-eb6f-8594-1f22-07b22a5c7f1a,df103f74-8359-d20e-1f63-8fd8bcd2d54d,698360004,Diabetes self management plan,15777000,Prediabetes
5dd2a6e8-5ae4-ff2b-6977-cb9e1cd344da,1973-04-30,,6512a51e-eb6f-8594-1f22-07b22a5c7f1a,80643f68-59ed-41e7-80f8-c1fd53426841,736690008,Dialysis care plan (record artifact),,
eede4937-8236-cab3-180f-a9661729a98e,1976-06-14,,6512a51e-eb6f-8594-1f22-07b22a5c7f1a,24a487be-d6be-d331-2e52-0cc06823a69c,734163000,Care plan (record artifact),,
3a1cccfa-8f41-0290-2dd4-809291bcac0a,1989-08-14,,6512a51e-eb6f-8594-1f22-07b22a5c7f1a,a3ebac7f-dd59-4bf5-3748-b910de490c00,736252007,Cancer care plan,126906006,Neoplasm of prostate
6de0f571-b183-af81-80a4-12dd7453c497,1990-10-29,,6512a51e-eb6f-8594-1f22-07b22a5c7f1a,7b94ad76-3fa8-fab6-f474-e3dd73afb7d8,386257007,Dementia management,26929004,Alzheimer's disease (disorder)
77989c5f-0ba8-5413-5c3f-8e68586822a9,1994-04-17,1994-05-07,6512a51e-eb6f-8594-1f22-07b22a5c7f1a,dbeb2d7a-e3ef-f4e5-806f-684d84b78942,53950000,Respiratory therapy,,
1cd75ed9-a5bd-7dbe-b85c-2c31485ec80c,1995-02-17,1995-05-15,6512a51e-eb6f-8594-1f22-07b22a5c7f1a,6674a2b8-fc69-6d67-4a7a-24370934ab9b,385691007,Fracture care,16114001,Fracture of ankle
e6958396-adeb-3d93-a1b9-2488c80431ec,1968-10-06,,2eb9b5b8-651f-6559-8d64-0b32bd6f94c9,1fe81c24-a025-7f9e-b443-8f5d7846ea64,384758001,Self-care interventions (procedure),,
0b3ae008-779e-5b64-f578-9725b11cabd3,1998-08-14,,2eb9b5b8-651f-6559-8d64-0b32bd6f94c9,cc0b7882-46bc-49a8-fb4a-2934d1b9c547,443402002,Lifestyle education regarding hypertension,59621000,Essential hypertension (disorder)
28668f61-f03d-fe2f-1478-d8f35003a9f6,1998-08-14,,2eb9b5b8-651f-6559-8d64-0b32bd6f94c9,cc0b7882-46bc-49a8-fb4a-2934d1b9c547,698360004,Diabetes self management plan,15777000,Prediabetes
3d1da293-3266-9fb0-c4a6-11b11b441bf8,2007-10-13,,2eb9b5b8-651f-6559-8d64-0b32bd6f94c9,6e79b47e-bff6-4e79-1f68-a978d8d93985,408869004,Musculoskeletal care,239873007,Osteoarthritis of knee
e36970bc-2091-6af5-ca61-521bb7b72c51,2018-12-23,2019-01-19,2eb9b5b8-651f-6559-8d64-0b32bd6f94c9,280e806e-9a05-8a82-256e-fc8d1a5e433d,773513001,Physiotherapy care plan (record artifact),44465007,Sprain of ankle
2a90543e-919c-b5c6-f447-5622f5227ae7,2020-10-28,2020-12-10,2eb9b5b8-651f-6559-8d64-0b32bd6f94c9,f25e6067-33ba-edf1-a017-69eeb8dd2759,773513001,Physiotherapy care plan (record artifact),,
030dfef5-f85a-8880-0524-a22dd66e8141,1947-06-24,,3762f0f4-bef4-6575-26f6-94562521aefc,ff18d3bf-21dd-1115-66f9-998f26b4ab63,734163000,Care Plan,,
fbc54b30-3042-f610-3cec-caddc8dbccad,1950-06-27,,3762f0f4-bef4-6575-26f6-94562521aefc,ad87efa2-c1f0-c143-6b6c-7f85a3cf1bf7,443402002,Lifestyle education regarding hypertension,59621000,Essential hypertension (disorder)
8f679e0d-1cc3-b10e-80f3-c64cb55d443a,1977-02-25,,3762f0f4-bef4-6575-26f6-94562521aefc,dd698467-7c29-03c5-59b3-ac9b0b3bdb66,736690008,Dialysis care plan (record artifact),,
4a27c984-f2c9-9995-5aae-b024be4609cc,1995-03-07,,3762f0f4-bef4-6575-26f6-94562521aefc,e5fb08a7-c0f9-85b4-2668-5998749f81ed,736252007,Cancer care plan,126906006,Neoplasm of prostate
55918079-85f6-0ca1-a378-7fa455e5b0fc,1993-07-23,,0b7ebc5a-1787-7e2c-8b48-7ec455cd18ac,002d1993-ff4f-a6db-2ab9-68fae5e768fd,718347000,Mental health care plan,36923009,Major depression  single episode
aab7c090-c71b-117f-afda-1833b8a82e00,1993-07-23,,0b7ebc5a-1787-7e2c-8b48-7ec455cd18ac,563c63f8-58ae-1763-69a6-530fca28bde0,736254008,Psychiatry care plan,370143000,Major depression disorder
bbf81fab-c00e-95b7-def8-d4469264cca1,2014-02-14,,0b7ebc5a-1787-7e2c-8b48-7ec455cd18ac,de436f4a-3428-b255-a328-d8e0dea6a833,443402002,Lifestyle education regarding hypertension,59621000,Essential hypertension (disorder)
77e1b0c0-e5d1-ee24-f136-645a84ab1281,2020-09-24,2020-10-04,0b7ebc5a-1787-7e2c-8b48-7ec455cd18ac,e8865b70-b8f3-2264-a511-d00c4af595a0,53950000,Respiratory therapy,,
1d059de1-1596-97c2-b090-9c1eb091fc6e,2022-09-26,,0b7ebc5a-1787-7e2c-8b48-7ec455cd18ac,6b3401c4-fdd9-f806-9b23-b9ddeba316de,736690008,Dialysis care plan (record artifact),,
f2e5ab0a-ae3e-530a-e2d8-4bc52c223f01,2017-04-09,2017-05-24,7d10c431-4b29-8938-f497-9498c98a78ea,daf4ca49-693f-0d25-5ba0-d8a522be97ae,276239002,Therapy (regime/therapy),,
098a7d95-b44c-d0b8-109f-739ea52303e9,2017-06-23,,7d10c431-4b29-8938-f497-9498c98a78ea,7ae00465-df26-c622-ad07-79e2b76f35b0,276239002,Therapy (regime/therapy),,
b56268d1-e515-9eac-6462-276e11add53e,2014-02-04,2014-02-28,0ff97d01-5a33-728d-7033-86547868a231,ee470c7a-dc9f-f7e7-182f-1e1e64410f2b,276239002,Therapy (regime/therapy),,
e8743f5b-0365-84e0-01dc-612f982bc7b9,1981-09-19,,e18af8cc-7130-d261-9cd4-b8cd7b7cbae9,acab03e7-c6e1-75c4-df81-589d03999e76,443402002,Lifestyle education regarding hypertension,59621000,Essential hypertension (disorder)
a78a6d25-e5ee-b3a2-0808-f7ef275b1651,2003-12-30,,e18af8cc-7130-d261-9cd4-b8cd7b7cbae9,92a96d76-9fa8-df6e-d951-71698c410c74,736690008,Dialysis care plan (record artifact),,
1cdd10bd-a5f0-46ad-7a95-6a1371824aba,2004-01-24,,e18af8cc-7130-d261-9cd4-b8cd7b7cbae9,dc0385cf-a635-4b9b-024c-3cfe912c7fbc,698360004,Diabetes self management plan,15777000,Prediabetes
d554deb5-8bf9-f81d-1d9d-9dbe02d5e76a,2022-10-08,2023-01-21,b6738be5-f036-e4f9-f811-63f95cbb73c2,89f57961-80dd-53ca-3bbc-b6f60b52370d,53950000,Respiratory therapy,,
c8eaedc2-5b5c-9bf6-de58-1091be9bb47d,2023-12-15,,b6738be5-f036-e4f9-f811-63f95cbb73c2,7cc7d6a9-d10c-a26d-8277-7a400260010e,47387005,Head injury rehabilitation,62106007,Concussion with no loss of consciousness
159c1bb6-be54-13b4-5003-1421e90a6a07,2010-03-25,,e18af8cc-7130-d261-9cd4-b8cd7b7cbae9,a51d8c33-442d-0dc6-9511-fbaa9741081c,734163000,Care plan (record artifact),,
f68873c8-5297-62d7-ace1-6ca054907105,2011-12-17,2012-01-25,e18af8cc-7130-d261-9cd4-b8cd7b7cbae9,49e9ba01-7b28-eaa2-13a9-58d81798aa68,133901003,Burn care,403190006,Epidermal burn of skin (disorder)
b4caa064-fe7e-c0d4-04dc-4f1dfb131dee,1996-07-04,,089d34bb-05d7-92aa-c8c5-5412d89ef29b,aa974c10-f15a-22da-a063-528596a4fbb6,443402002,Lifestyle education regarding hypertension,59621000,Essential hypertension (disorder)
bb86302b-ee17-7e07-e7b5-b86e2e3712d8,1999-07-29,,089d34bb-05d7-92aa-c8c5-5412d89ef29b,4f9a162b-9fcd-aa96-f096-f3a22354ef57,698360004,Diabetes self management plan,15777000,Prediabetes
a1734fd4-f818-299b-d32b-784d5d8061d6,2014-02-01,2014-02-25,089d34bb-05d7-92aa-c8c5-5412d89ef29b,d3815a32-48e9-1d94-b958-6060dd2690b1,276239002,Therapy (regime/therapy),,
59719d7d-92ea-00b0-3703-b74e969ac366,2014-03-27,,089d34bb-05d7-92aa-c8c5-5412d89ef29b,09e8802a-ff6c-e09e-2393-c30801e3e51b,276239002,Therapy (regime/therapy),,
f01aefac-9fc2-03bd-6ff7-6b3ce3259c9e,2020-02-18,2020-02-26,089d34bb-05d7-92aa-c8c5-5412d89ef29b,8c7e461f-3a03-bb6a-e323-973535a7ea58,53950000,Respiratory therapy,,
7307ba22-f1e0-0dd3-ceed-32f7a11d2505,2023-04-09,2023-06-08,089d34bb-05d7-92aa-c8c5-5412d89ef29b,a9cae6d8-5d06-e34b-926c-0c8e73f7f88b,773513001,Physiotherapy care plan (record artifact),,
efc0b096-2cbc-7a37-f8d1-2734fdeb9821,1970-08-01,,190a430a-3bf3-31d2-c0f9-6e372fcab451,bec3b80c-a51b-785c-14a8-e08e6be25b8e,718361005,Weight management program,,
561d0c2c-705e-b5d6-7752-cdc0869b13bd,1987-09-26,,190a430a-3bf3-31d2-c0f9-6e372fcab451,9a38ab27-a1f3-7242-e59b-13964d5ca074,698360004,Diabetes self management plan,15777000,Prediabetes
5f604732-5e69-654c-2166-25b999740ebb,2007-08-11,,190a430a-3bf3-31d2-c0f9-6e372fcab451,95113faa-1b00-27de-816b-82e4eb57678c,443402002,Lifestyle education regarding hypertension,59621000,Essential hypertension (disorder)
057b4640-2e2a-e0b3-bfb1-bdc5c94ea672,2007-11-15,,190a430a-3bf3-31d2-c0f9-6e372fcab451,8e660fd1-da37-35df-55fc-c8d4e1f20982,736254008,Psychiatry care plan,47505003,Posttraumatic stress disorder
9fcdc493-031f-7dab-fd79-f5aee36c9a84,2014-02-06,2014-03-04,190a430a-3bf3-31d2-c0f9-6e372fcab451,468e86c7-6bdf-aaf6-e19a-5ee016e170c3,736372004,Discharge care plan (record artifact),,
8f0fb42a-0e14-a419-c14f-c60c78a0c4af,2018-07-23,,190a430a-3bf3-31d2-c0f9-6e372fcab451,16e2619d-b671-deb3-e5e4-c55d4f747de7,734163000,Care plan (record artifact),73430006,Sleep apnea (disorder)
e5b97767-fbf5-0483-4c1b-d031106ec693,2023-05-20,2023-06-05,190a430a-3bf3-31d2-c0f9-6e372fcab451,650a90bc-8a30-0a27-bf20-6255145fbdc0,225358003,Wound care,283385000,Laceration of thigh
f32c7a51-8056-5ad9-f159-0a2a0c2143a4,1991-10-10,,904f08d4-5a5b-66a0-d781-fd02943dcfdb,bfe5ce28-9539-f2c0-0541-603bd82310a8,698360004,Diabetes self management plan,15777000,Prediabetes
4e785b3d-28f5-1854-458a-e5f2573b79ca,2006-08-10,,904f08d4-5a5b-66a0-d781-fd02943dcfdb,4c919dd4-9b7d-7874-ea1f-ac52ad2bf03e,443402002,Lifestyle education regarding hypertension,59621000,Essential hypertension (disorder)
a3f2bbc6-f3c8-4672-644e-4259f9ce85e7,2019-11-25,2020-10-29,904f08d4-5a5b-66a0-d781-fd02943dcfdb,66753c62-bc4e-3703-bda4-d4716d20eea4,53950000,Respiratory therapy,,
beb595e3-e73f-ebaf-3a7f-a03aeadac473,2021-02-27,2021-06-26,904f08d4-5a5b-66a0-d781-fd02943dcfdb,7cd4180f-6159-dee4-5b9b-6af97a9e8edb,385691007,Fracture care,16114001,Fracture of ankle
8c572761-ab2f-2a39-ed57-c6432d77c454,1980-05-06,,b67ca6c5-d3d0-4e0b-8615-1853bbda4b0e,807a8689-8ca1-da2f-d838-f221a6d6b2b6,734163000,Care Plan,,
a8999613-d97c-7613-d060-11e526d98a48,1983-11-14,,b67ca6c5-d3d0-4e0b-8615-1853bbda4b0e,2379f9f0-0f98-a95d-9a56-3154a1c0623c,408869004,Musculoskeletal care,239872002,Osteoarthritis of hip
5e7423b8-056f-97c4-4c6d-a803deb42358,1992-07-14,,b67ca6c5-d3d0-4e0b-8615-1853bbda4b0e,e3bb0978-1220-7731-3f47-d5620e4f7333,736252007,Cancer care plan,126906006,Neoplasm of prostate
81040437-4856-7e21-db45-dd5d722942e5,1998-10-13,1999-02-08,b67ca6c5-d3d0-4e0b-8615-1853bbda4b0e,fcdb7fc1-7d9a-dad5-4889-039d72590250,75162002,Spinal cord injury rehabilitation,15724005,Fracture of vertebral column without spinal cord injury
12694ae7-16a6-80eb-e800-617d1f43a397,2001-10-08,,b67ca6c5-d3d0-4e0b-8615-1853bbda4b0e,84cfc695-caab-78cc-45e0-b9ef93a4c05c,182964004,Terminal care,424132000,Non-small cell carcinoma of lung  TNM stage 1 (disorder)
4507bbe3-f323-3a2a-d23f-c44300213b33,2003-12-16,2004-01-03,b67ca6c5-d3d0-4e0b-8615-1853bbda4b0e,48b6d536-4cc6-8e5c-4c3b-d4740dd835ca,773513001,Physiotherapy care plan (record artifact),44465007,Sprain of ankle
904b922a-d8a2-ad73-3b36-291a4257af3e,1995-05-19,,8c324d67-d7ba-fa4c-a771-df9abd04de5b,88925282-a0b3-ddff-2187-95d8f6c2ebc8,384758001,Self-care interventions (procedure),,
d7a3bc80-20ec-c866-33b9-41c9a7cd5262,2015-09-02,2016-03-30,8c324d67-d7ba-fa4c-a771-df9abd04de5b,92993fc6-262f-173c-e4e8-d0be7ca9ab1e,134435003,Routine antenatal care,,
a4bf925e-fcb8-5fdf-dfe8-c19ca8689e5c,2018-07-25,2019-02-20,8c324d67-d7ba-fa4c-a771-df9abd04de5b,2e0b334c-0b61-2257-bb46-6e5229d524d2,134435003,Routine antenatal care,,
3ea75687-31da-505a-e443-3d25a99c5440,2022-01-01,2022-01-26,8c324d67-d7ba-fa4c-a771-df9abd04de5b,c4a07715-27d4-ab6e-8802-95e8fa75ffad,225358003,Wound care,284551006,Laceration of foot
1cb92cbc-23c3-df34-9e28-10e475302b8e,2023-10-11,,8c324d67-d7ba-fa4c-a771-df9abd04de5b,c52bd403-eda9-1472-3992-2d51d8143f19,53950000,Respiratory therapy,,
79b1657f-717d-b059-b05c-d4de791ab029,2018-05-11,,20e3d506-253a-19b7-202d-d3d1c0d3ce06,b2388c32-1e75-abe7-72d3-ddfa0cdccdcf,386522008,Overactivity/inattention behavior management,,
015e88c5-bbd2-ad72-c1ea-f2f0a16429a4,2020-03-01,2020-03-26,20e3d506-253a-19b7-202d-d3d1c0d3ce06,00cebb8c-d3c7-a898-1f2a-9bc561ab85ef,773513001,Physiotherapy care plan (record artifact),44465007,Sprain of ankle
a3dc155c-a785-018c-0480-c5eeb9352e7d,2021-05-29,2022-05-07,20e3d506-253a-19b7-202d-d3d1c0d3ce06,9bd65082-d542-821e-f8ff-8c60354781ad,53950000,Respiratory therapy,,
c923adc5-c475-fa19-8b67-6f6df19ea61b,1989-09-23,,ebf87015-de14-7af0-94e4-b2027e0d4769,91c188dc-1af2-4080-a75e-8e987558f746,443402002,Lifestyle education regarding hypertension,59621000,Essential hypertension (disorder)
94e4deb8-1edf-da65-0355-40b403dee4b1,2004-12-18,,ebf87015-de14-7af0-94e4-b2027e0d4769,e4f34de4-14e8-bfb5-d0d0-c517dd9cf383,698360004,Diabetes self management plan,15777000,Prediabetes
6e7f7087-9784-311b-6350-7e15510c158e,2007-01-20,,ebf87015-de14-7af0-94e4-b2027e0d4769,0f22bf7a-6301-3847-c00d-0a30c1d2dba0,736285004,Hyperlipidemia clinical management plan,55822004,Hyperlipidemia
f6696852-1dc8-bec2-cb7a-36b07ba8330c,2014-06-26,2015-02-14,ebf87015-de14-7af0-94e4-b2027e0d4769,dcb79392-a94b-598b-e945-772087eaf983,53950000,Respiratory therapy,,
827b721d-031e-6496-7e19-0732c8576277,2021-03-27,2021-05-06,ebf87015-de14-7af0-94e4-b2027e0d4769,dfc1305a-8864-8dc3-de7e-0293ba8c68e9,773513001,Physiotherapy care plan (record artifact),44465007,Sprain of ankle
f4cb5e73-e9f7-30b0-2989-326976dd6c6d,2023-07-03,,ebf87015-de14-7af0-94e4-b2027e0d4769,697a6618-35b3-fe1c-bbdf-4ca1da746448,53950000,Respiratory therapy,,
6953c70a-442a-d6ad-cd0e-bd8901ad0344,1991-06-06,,54536fb4-04c1-dacd-422c-6751c164db18,730e80fa-8954-17af-4a63-9a6f326c9245,443402002,Lifestyle education regarding hypertension,59621000,Essential hypertension (disorder)
91d20a51-fd03-24d9-1c4a-fb919c487d8e,1991-06-06,,54536fb4-04c1-dacd-422c-6751c164db18,730e80fa-8954-17af-4a63-9a6f326c9245,698360004,Diabetes self management plan,15777000,Prediabetes
9cfc285d-509b-59a1-3f4b-f6573560a640,2000-08-17,,54536fb4-04c1-dacd-422c-6751c164db18,04f57b4a-d686-1846-706d-b0e087f47a86,736285004,Hyperlipidemia clinical management plan,55822004,Hyperlipidemia
1f1ecabe-c699-8f42-7311-efcde62bc979,2020-12-24,2021-01-12,54536fb4-04c1-dacd-422c-6751c164db18,728af080-66b0-ff50-2b6c-5c5d3a9d1165,225358003,Wound care,284551006,Laceration of foot
2287e388-e506-8832-90b0-8dffbda3a03b,2023-11-20,,54536fb4-04c1-dacd-422c-6751c164db18,5a43f7e9-98ff-de24-e508-56b2509c214c,385691007,Fracture care,58150001,Fracture of clavicle
3ac6f7bd-f810-1fd3-06b2-412779ac7668,1947-11-03,,eb7d9d65-8fa1-648c-cdce-bb04a3bc4b19,6ce8c1b9-c908-a7eb-aafd-554253fba703,698360004,Diabetes self management plan,15777000,Prediabetes
c00df11f-b821-7fe0-71db-3e47540c70ea,1953-11-09,,eb7d9d65-8fa1-648c-cdce-bb04a3bc4b19,fc845306-3b70-9537-e752-e53dce895960,443402002,Lifestyle education regarding hypertension,59621000,Essential hypertension (disorder)
3bb7d927-b2f5-57f2-8c8d-00bd96ec7152,1987-03-05,,eb7d9d65-8fa1-648c-cdce-bb04a3bc4b19,0036e4ce-9982-b59c-caaa-47942ca9447a,736690008,Dialysis care plan (record artifact),,
69aceb21-51d5-5274-1738-4575797b4a47,1992-04-29,,eb7d9d65-8fa1-648c-cdce-bb04a3bc4b19,bc81cf60-b684-c893-70f5-31acf5bef601,734163000,Care plan (record artifact),,
c72713b6-7ff3-b370-88bd-81c86fb0e0dc,1993-12-03,1993-12-22,eb7d9d65-8fa1-648c-cdce-bb04a3bc4b19,b2ad5c8d-d3e9-1e29-4c3f-67a891567b59,53950000,Respiratory therapy,,
da0fe19f-e3d9-9705-0c1a-6f2534556c2b,1950-06-27,,f89203f2-ac2c-b279-177c-35776d5641cc,e5f4bcc7-ce85-e488-9fb9-a129c35a1018,698360004,Diabetes self management plan,15777000,Prediabetes
ef2d016d-377e-01de-734c-aeb8b736ab7e,1985-06-25,,f89203f2-ac2c-b279-177c-35776d5641cc,d9dee328-258c-8574-6175-1142c201c555,736285004,Hyperlipidemia clinical management plan,55822004,Hyperlipidemia
15fb1ecf-5eca-8517-2346-ab28f05b4204,1990-03-05,,f89203f2-ac2c-b279-177c-35776d5641cc,1276d6f3-d467-741c-92bd-bad76e8e5894,408869004,Musculoskeletal care,239873007,Osteoarthritis of knee
da91c3db-4e83-0829-d43e-cb09d7237300,1998-08-18,,f89203f2-ac2c-b279-177c-35776d5641cc,5300b6ab-0aa4-3642-dc92-f1ac1f2a0c36,443402002,Lifestyle education regarding hypertension,59621000,Essential hypertension (disorder)
7ed40613-964e-ffdc-9fb3-9df738e5c714,2012-11-29,,f89203f2-ac2c-b279-177c-35776d5641cc,ae25f0bf-abe9-ba4e-640d-fd623c42247a,735984001,Heart failure self management plan,88805009,Chronic congestive heart failure (disorder)
02ebe4a2-c98a-488e-cc1e-8ba1601a6ebe,2013-05-28,2013-05-30,f89203f2-ac2c-b279-177c-35776d5641cc,c25397dc-e7da-143c-5a86-9f19f8287d44,736353004,Inpatient care plan (record artifact),88805009,Chronic congestive heart failure (disorder)
af3cc459-04fa-eb2a-6c20-aa075a5ab0e2,2014-06-06,2014-06-14,f89203f2-ac2c-b279-177c-35776d5641cc,f9d0a8ee-23b0-22ed-34f5-08efd6aa86dc,736353004,Inpatient care plan (record artifact),88805009,Chronic congestive heart failure (disorder)
b98794bd-1360-ead7-d68b-c76ac7809253,1970-05-05,,04b2ad08-7860-0538-8b3a-acf43ff6d418,c1367127-7bcc-59fd-212d-feb1b12c56d7,443402002,Lifestyle education regarding hypertension,59621000,Essential hypertension (disorder)
ba6169e3-80a4-3641-5e80-ba660f5e5ba3,1975-06-24,,04b2ad08-7860-0538-8b3a-acf43ff6d418,4cd2a1c7-2f35-771a-baa0-e458aa99c6ef,736285004,Hyperlipidemia clinical management plan,55822004,Hyperlipidemia
f64bcbe8-0e49-62eb-ee3e-1a79b9dabdf1,1990-04-14,1990-05-22,04b2ad08-7860-0538-8b3a-acf43ff6d418,ce2093a7-5cd5-4dc1-1e26-4b443b5d4a03,133901003,Burn care,403190006,Epidermal burn of skin (disorder)
0fee6e14-b37b-52d6-1dca-688c87e5b6eb,1956-07-10,,ab484212-a64b-c181-933f-d03a5c00e116,96ec194b-419a-793a-80cf-90b9dde39a7c,698360004,Diabetes self management plan,15777000,Prediabetes
4eccb7eb-3416-4485-89c9-095dca69f8ef,2018-12-11,,ab484212-a64b-c181-933f-d03a5c00e116,d2265487-89e7-472c-a1a9-d5ba385820e8,443402002,Lifestyle education regarding hypertension,59621000,Essential hypertension (disorder)
870ce7d1-09c3-ac93-36bf-bb68841b9b90,1935-10-07,,bf911bbc-7efd-f0ca-309f-bc3dee557168,2aa3586e-51bf-93cf-068f-6c592fb931c8,718347000,Mental health care plan,36923009,Major depression  single episode
ebca0a1c-2f04-94d2-0192-245109c1872f,1941-10-27,,bf911bbc-7efd-f0ca-309f-bc3dee557168,e1649514-a072-4181-f977-f8009e911213,698360004,Diabetes self management plan,15777000,Prediabetes
78bbef5b-d7da-eb0a-2c0a-2ddeed1babb1,1944-10-30,,bf911bbc-7efd-f0ca-309f-bc3dee557168,be074656-8586-9105-707c-4480b826e28d,443402002,Lifestyle education regarding hypertension,59621000,Essential hypertension (disorder)
67a9942f-fe2c-3db4-6b2e-015b1f6651c4,1962-12-10,,bf911bbc-7efd-f0ca-309f-bc3dee557168,cbfbda4d-1454-c248-ec42-a949a465f818,734163000,Care Plan,,
06cd9acd-6155-ca9b-729b-c13f34fbeda0,1978-09-04,1978-09-15,bf911bbc-7efd-f0ca-309f-bc3dee557168,b98ab1a0-3172-f7f3-3dad-4786a32eba0a,53950000,Respiratory therapy,,
3d745232-a63b-f5b1-56ef-2b8930d5700b,1980-04-03,,bf911bbc-7efd-f0ca-309f-bc3dee557168,c36831dc-5a56-b151-698a-9e1d938316ff,736690008,Dialysis care plan (record artifact),,
a99e0dda-b651-6a5b-8fc0-f9994f3f738a,1981-03-27,,bf911bbc-7efd-f0ca-309f-bc3dee557168,0141092a-1fb1-391c-1ca5-71b1010fac62,182964004,Terminal care,424132000,Non-small cell carcinoma of lung  TNM stage 1 (disorder)
ece043b7-61cf-d17d-02bb-20cf4e405306,1944-10-30,,822d7e34-c96f-0c32-3475-e6f919c0e4a0,0a334057-9a80-dcd4-9567-c1a75a8b5171,443402002,Lifestyle education regarding hypertension,59621000,Essential hypertension (disorder)
4f2073dd-c71a-df93-4509-6182a9612f20,1965-02-22,,822d7e34-c96f-0c32-3475-e6f919c0e4a0,b463184b-c33c-86da-e925-0ebe9f660b15,698360004,Diabetes self management plan,15777000,Prediabetes
d01d84da-874f-ed65-d4fa-6c62a394eee1,1998-12-17,,822d7e34-c96f-0c32-3475-e6f919c0e4a0,8dece864-ced8-9c73-8680-a97331fbce18,736690008,Dialysis care plan (record artifact),,
cfdc3de7-12f1-7363-af0e-a01a19b619a2,2004-03-12,,822d7e34-c96f-0c32-3475-e6f919c0e4a0,0167aed4-c73f-0d17-bd40-f6e9475121f7,734163000,Care plan (record artifact),,
78bd6503-0590-32fe-c24b-11e72f696cdb,2014-03-31,,822d7e34-c96f-0c32-3475-e6f919c0e4a0,5811e70a-e749-12f4-afee-1521e810649e,276239002,Therapy (regime/therapy),,
037f0c8e-4ad5-159a-3bb7-b9f84cfef8c3,2015-02-08,2015-02-20,822d7e34-c96f-0c32-3475-e6f919c0e4a0,c97f194d-317e-8515-1f55-134d399e4c91,53950000,Respiratory therapy,,
