Id,START,STOP,PATIENT,ENCOUNTER,CODE,DESCRIPTION,REASONCODE,REASONDESCRIPTION
4c66a0cc-30a0-c747-db06-cb281a193204,2018-06-12,2018-07-26,ea11f0b9-7adc-2ccd-5316-60d54a09637b,f92de967-b988-285f-1fd8-5fdd22d89791,276239002,Therapy (regime/therapy),,
cb9a8f74-d1d4-a7f1-88b3-44a775dca6fe,2019-10-24,,1a1eb9c4-b9e6-d95e-6250-a821ffad7dd2,f8561b0b-6805-dade-1b57-8d5ee20662fd,384758001,Self-care interventions (procedure),,
25b8abf9-4ed8-7bc5-4b54-99225106aa24,2021-08-30,,1a1eb9c4-b9e6-d95e-6250-a821ffad7dd2,d5c4b777-6ed2-6888-5392-8a814a595038,711282006,Skin condition care,24079001,Atopic dermatitis
ab3852ad-783f-8d25-ded8-adcabab685e0,2023-09-01,,1a1eb9c4-b9e6-d95e-6250-a821ffad7dd2,03b7cb41-38d3-67ea-b0cc-030057820fcc,699728000,Asthma self management,233678006,Childhood asthma
ff10a04e-f18d-4af1-8eb0-c6793b878a56,1981-08-25,,185ea7fb-84a2-f487-b54b-80db965b5856,43dc97cb-876d-f6a2-7466-3f2b7400b820,443402002,Lifestyle education regarding hypertension,59621000,Essential hypertension (disorder)
4d430e92-a332-af44-de1b-ce37bd6c68db,2012-02-14,,185ea7fb-84a2-f487-b54b-80db965b5856,b53ad14c-557a-a44d-127c-18ce5067f367,698360004,Diabetes self management plan,15777000,Prediabetes
e67152ef-5f8d-98ad-c3bf-54375cc6528d,2017-11-05,2017-11-18,185ea7fb-84a2-f487-b54b-80db965b5856,61c89596-ac3f-8d28-8806-52d801619f11,53950000,Respiratory therapy,,
a8b8b08e-5972-4cda-748b-c504c45cd719,2023-09-29,,185ea7fb-84a2-f487-b54b-80db965b5856,9830a667-572a-b451-d4b6-8815ece58dbb,385691007,Fracture care,58150001,Fracture of clavicle
f383c5b5-4e39-c52f-7615-7c0cd608f3eb,1986-08-28,,f9fc66da-04f8-f660-235e-b89dfdd206a4,d7eefd4a-6b95-8d15-b6b4-d82853fd4724,698360004,Diabetes self management plan,15777000,Prediabetes
a509a091-e2f6-ab25-cf32-6e5e29c120b4,1989-08-31,,f9fc66da-04f8-f660-235e-b89dfdd206a4,5dba9cbf-5af4-2a14-b927-7a2e4a45f2c0,443402002,Lifestyle education regarding hypertension,59621000,Essential hypertension (disorder)
2a3b564b-b467-b626-1c4a-096ea0241752,1996-01-30,,f9fc66da-04f8-f660-235e-b89dfdd206a4,c3802e9d-7c88-97ad-b509-3a52a49e6848,734163000,Care plan (record artifact),,
09c09d73-fbc6-eedb-e707-952e31da567a,2003-03-02,,f9fc66da-04f8-f660-235e-b89dfdd206a4,48d22b27-fb6c-2d24-8928-12b07e82ebd5,736690008,Dialysis care plan (record artifact),,
f24b27c7-fd47-ec9d-6ed4-613db9f19c94,2018-03-22,,f9fc66da-04f8-f660-235e-b89dfdd206a4,aeaafffc-bbb3-3531-aa27-d2abf48670cc,736285004,Hyperlipidemia clinical management plan,55822004,Hyperlipidemia
91cba023-4d99-599a-17da-9c3012f1c17e,2019-11-13,,72874bc4-a190-5aff-18d6-1b8d8fd3cbd1,4e923b89-0bff-52d2-c354-8c7877631bfc,699728000,Asthma self management,233678006,Childhood asthma
ad31ae4b-704f-f085-455f-9558b33df6a7,2021-04-05,2021-05-14,72874bc4-a190-5aff-18d6-1b8d8fd3cbd1,eb90c929-a899-b273-6fce-eb983378e1ed,408869004,Musculoskeletal care,,
b3954eb6-7c94-b24c-5b1a-89f83a351ac3,2015-06-13,2015-07-07,4a8c492f-aa75-3e74-2e60-6cdd2eedc154,5f52ad68-dbb1-7a5e-4bad-bb45b3d712c4,773513001,Physiotherapy care plan (record artifact),70704007,Sprain of wrist
f787d866-8937-7301-46ab-1dd005d2afeb,2022-06-02,2022-08-05,fe606b08-b95c-db9a-f895-96c3b0893c60,9f0c933b-0e60-8800-8cb1-14345f305439,385691007,Fracture care,263102004,Fracture subluxation of wrist
f8990a5e-5041-0d9a-060d-10f1dd727007,2017-01-29,,3cb97246-cf3c-265f-2be2-128c44c4fee1,b31bccf7-4a2b-9858-0f04-1e22b1c7c2a8,384758001,Self-care interventions (procedure),,
922f6f7b-048f-c518-f8be-670785a17443,2022-03-07,2022-03-15,3cb97246-cf3c-265f-2be2-128c44c4fee1,33a5096d-46df-fb99-f63f-77ccbd2f55c0,53950000,Respiratory therapy,,
defb9e93-1f22-826c-aa45-9232178c5329,2022-04-11,2022-06-18,3cb97246-cf3c-265f-2be2-128c44c4fee1,f792968b-e255-beb3-01fc-ea396926281b,773513001,Physiotherapy care plan (record artifact),444448004,Injury of medial collateral ligament of knee
b68a9c7b-4af7-566a-ffb5-d68d0eff5b7d,2014-08-24,2017-02-12,e14c77e0-1299-498e-bf48-4b4354fe7e60,188dec1a-d754-ea37-f12a-a9048d55c549,53950000,Respiratory therapy,,
734b86f4-6b81-83a3-a5eb-3b94436f5a0a,2015-03-01,2015-09-13,e14c77e0-1299-498e-bf48-4b4354fe7e60,4cf7fb6a-47f3-f0e4-b24e-147be32e601f,134435003,Routine antenatal care,,
cc353385-e2e8-b3f2-4733-4507b3694a17,2017-02-05,2017-09-17,e14c77e0-1299-498e-bf48-4b4354fe7e60,3c2cf038-77ec-8da1-6e2c-0e6caa70be62,134435003,Routine antenatal care,,
ebe6e909-09c5-083f-fd31-85755614e595,2018-05-23,2018-06-30,316f0ce8-120a-b133-7be1-3320294fc5e7,978610de-d9d0-8e64-d830-0cd29f038faf,773513001,Physiotherapy care plan (record artifact),44465007,Sprain of ankle
06e692c3-8c07-1d18-d901-601c9f7ca4e7,2019-09-15,2019-11-16,e14c77e0-1299-498e-bf48-4b4354fe7e60,92f910b3-b2fc-340e-ce2f-f0cd205220a6,408869004,Musculoskeletal care,,
a9a1ec3d-b1d5-9370-7bc4-e9c355ede777,2020-12-15,2021-02-18,e14c77e0-1299-498e-bf48-4b4354fe7e60,ea9f3896-6b63-efe4-b1fc-0a27324bc0be,47387005,Head injury rehabilitation,62564004,Concussion with loss of consciousness
a1a0a0a3-82d6-01e7-1e1b-e48331e2bcd5,2021-05-09,2021-12-12,e14c77e0-1299-498e-bf48-4b4354fe7e60,aa7ec7ef-5a1b-091b-0dd2-9bb9bb8bd438,134435003,Routine antenatal care,,
2440ba0b-1b38-3c7b-210f-bd97ceb8318f,2023-02-12,2023-10-01,e14c77e0-1299-498e-bf48-4b4354fe7e60,b04e22fe-2ed3-7635-f4fc-d9791dcef55e,134435003,Routine antenatal care,,
6272b405-80a3-4128-6e46-50f17161587f,2023-02-19,,e14c77e0-1299-498e-bf48-4b4354fe7e60,7ee4b234-3a40-2408-1cd6-9d33c4c8ec5e,698360004,Diabetes self management plan,15777000,Prediabetes
60cd06d7-201b-5c7d-2746-6759dcd723d7,2023-10-19,,e14c77e0-1299-498e-bf48-4b4354fe7e60,f1ed665c-df4a-7364-a477-3d8f61687019,408869004,Musculoskeletal care,239873007,Osteoarthritis of knee
3bba2795-7351-d2d8-f45f-febc5d084e9b,1995-05-17,,5aa0bdf6-6e5c-5524-df5c-535b3642d1c7,bda0700c-9868-17fb-b64e-a3a28470e556,698360004,Diabetes self management plan,15777000,Prediabetes
fdf6b69c-d3fa-f731-7486-5ca8e8d1cb83,2010-06-02,,5aa0bdf6-6e5c-5524-df5c-535b3642d1c7,bc19b171-019b-f005-05df-0ac2857a85cc,443402002,Lifestyle education regarding hypertension,59621000,Essential hypertension (disorder)
3c6f040c-f662-acc4-0bc3-f7bc86a2ad03,2013-10-13,2014-06-25,5aa0bdf6-6e5c-5524-df5c-535b3642d1c7,970122f1-1d91-f016-2ba2-45b335004a45,53950000,Respiratory therapy,,
1a24aa56-5a56-3fd8-b5bc-41cb7c1581e8,2014-01-15,2014-08-27,5aa0bdf6-6e5c-5524-df5c-535b3642d1c7,fb40256a-13bf-01ab-0ba3-6b125f6be2cd,134435003,Routine antenatal care,,
56e53c78-a475-ba61-8d04-142b253fcb91,2016-09-12,2016-09-19,5aa0bdf6-6e5c-5524-df5c-535b3642d1c7,a6ff0cc7-f938-af3a-42b0-e8b98cafdce6,773593000,Urology care plan (record artifact),301011002,Escherichia coli urinary tract infection
cf13af1c-af14-63ba-93d9-cdd56a225538,1989-08-16,,58640a29-6edf-9c3e-4cf9-55fb6c3890eb,616ea32a-b9d9-594e-a6c6-96ec0d2b7c29,384758001,Self-care interventions (procedure),,
0856601c-4b8d-96e1-f38c-a4fcd8c93e1a,2003-03-21,,58640a29-6edf-9c3e-4cf9-55fb6c3890eb,f2fc8748-3a20-8c31-aa8e-4735bd64d5ff,698360004,Diabetes self management plan,44054006,Diabetes mellitus type 2 (disorder)
becb31ca-d335-cc56-b4e0-579f0141fa3f,2004-03-26,,58640a29-6edf-9c3e-4cf9-55fb6c3890eb,fd5ecdbc-46a8-34ef-bae9-d4b0fa70755a,443402002,Lifestyle education regarding hypertension,59621000,Essential hypertension (disorder)
10a0baa9-ccee-0074-b350-87b8611e6125,2013-12-13,2014-07-11,58640a29-6edf-9c3e-4cf9-55fb6c3890eb,c3c001cd-dff1-eede-98fd-25ce9a71dfa5,134435003,Routine antenatal care,,
6a535572-d318-e19d-67c3-e46b0cd1b282,2015-03-03,2015-05-29,58640a29-6edf-9c3e-4cf9-55fb6c3890eb,7e4b202d-d4ca-b24b-d545-bf058dea5ece,53950000,Respiratory therapy,,
06643b2e-ea7a-c3b4-b582-2110814b76ac,2015-09-11,2016-04-08,58640a29-6edf-9c3e-4cf9-55fb6c3890eb,343acb6c-2d48-8456-1c8a-6370c4f804c2,134435003,Routine antenatal care,,
651cfead-cff6-dc0e-531e-16f4217d72d1,2017-03-17,2017-10-27,58640a29-6edf-9c3e-4cf9-55fb6c3890eb,dfdbc8fe-7269-e507-2403-700750ea1083,134435003,Routine antenatal care,,
411e91df-c944-6821-5f78-6fb6935f8550,2014-02-03,2014-03-05,6e31b8fb-46b9-960b-32bd-91e03f8e91d4,ab6602f5-4441-c52e-f76c-0af6da7ee706,276239002,Therapy (regime/therapy),,
f1f9774f-5bf7-de10-6af8-81e70e3da959,1989-04-17,,5c703dbd-f585-5ebf-f15e-3f9cc9b493ae,fce2bb38-708f-6eb5-cc40-386d33e0deeb,384758001,Self-care interventions (procedure),,
d0044133-8597-19a7-7911-1398551800f2,2013-11-07,2014-06-19,5c703dbd-f585-5ebf-f15e-3f9cc9b493ae,4898f750-9d0d-dfb7-25fc-3613db273afe,134435003,Routine antenatal care,,
cc418124-b826-a2bf-98db-b9aa47bafac7,2015-03-12,2015-10-08,5c703dbd-f585-5ebf-f15e-3f9cc9b493ae,80d7a1c5-b3ad-7599-112a-136047a309ad,134435003,Routine antenatal care,,
322c243e-7398-78a8-f995-7e4f55492185,2016-12-22,2017-07-20,5c703dbd-f585-5ebf-f15e-3f9cc9b493ae,ed6f2249-6984-49f1-8805-2ace68072a14,134435003,Routine antenatal care,,
fe1c941d-a3bb-2d92-18d8-9856c53dbd3c,2017-03-31,2017-05-11,5c703dbd-f585-5ebf-f15e-3f9cc9b493ae,f5c60cb8-3b8c-a0e8-9388-7367cde4d71b,408869004,Musculoskeletal care,,
e15bff3b-4558-ec69-6d32-5c0ab73b8c3c,2018-03-15,2018-10-25,5c703dbd-f585-5ebf-f15e-3f9cc9b493ae,4fde3e4b-af4f-c2e9-8890-f56a2b43d3e3,134435003,Routine antenatal care,,
96bbe94e-1f34-d9d0-fd70-80518d5c12a5,2019-10-01,2019-10-14,5c703dbd-f585-5ebf-f15e-3f9cc9b493ae,75e4c342-3fd3-5ba8-e162-42988da9a065,53950000,Respiratory therapy,,
421ba692-2dd2-2c6d-0b45-34dfba9ef9bc,2022-03-02,,5c703dbd-f585-5ebf-f15e-3f9cc9b493ae,b60a6826-fb27-d127-c47e-972c45e548f3,408869004,Musculoskeletal care,239873007,Osteoarthritis of knee
1fa3a0a1-9fd5-795f-af4a-6770cead2685,2022-03-31,,5c703dbd-f585-5ebf-f15e-3f9cc9b493ae,6f5ca3a3-f928-a683-5be7-7d5bc01be8d3,443402002,Lifestyle education regarding hypertension,59621000,Essential hypertension (disorder)
c5adef34-d3f0-f04e-ec83-444e67de99eb,2007-09-11,,a724d21f-0cee-d948-7d85-7a837e46cdba,9b4bdc39-0452-6631-db8b-95cfc9bbea49,718361005,Weight management program,,
d462bb30-eeb8-5e4f-de74-6647a7349ae9,2012-10-09,,a724d21f-0cee-d948-7d85-7a837e46cdba,2c6ce490-53fa-3c94-0da7-ded980e50309,698360004,Diabetes self management plan,15777000,Prediabetes
b8bdc9ec-b690-0c24-eebb-ddaba78b45cc,2022-07-21,2022-10-25,a724d21f-0cee-d948-7d85-7a837e46cdba,30421917-52ff-7075-9039-47238db8a197,53950000,Respiratory therapy,,
1573d471-016b-7211-5254-ae9da769d034,1996-01-30,,d26d8100-2379-d11b-4111-520b2d6520cb,dfce544c-a0e9-412b-f415-7e9eb51d44de,384758001,Self-care interventions (procedure),,
bca3a160-c505-a474-fab4-b02e78c48537,2018-05-30,2018-12-26,d26d8100-2379-d11b-4111-520b2d6520cb,5ff52cb3-b4e2-5527-c1d5-b907f223d1fa,134435003,Routine antenatal care,,
f30dcb6d-ef38-7a94-c9a3-e255dd3b38c6,2020-07-28,2020-08-08,d26d8100-2379-d11b-4111-520b2d6520cb,80c12037-3029-7eb9-3b64-8fb3aab062b8,53950000,Respiratory therapy,,
59ed1c69-7793-e07b-c1b2-84e384464dec,2021-02-22,2021-03-10,d26d8100-2379-d11b-4111-520b2d6520cb,e8f89881-589f-9e4f-4ec1-c82599477626,737471002,Minor surgery care management (procedure),,
02c8d995-a280-2451-4b9a-a847e15d6a79,2015-10-23,2016-12-30,55260f94-02eb-bee2-6abc-baf1d3c23548,e69211a2-1f51-fe5f-c95e-d811d368378b,53950000,Respiratory therapy,,
6fcf4ab5-5b80-b7ac-0940-d8d77c3d3f2a,2016-12-30,,55260f94-02eb-bee2-6abc-baf1d3c23548,f4a1a3b7-d2da-4c4d-29ca-feaca2b1eff0,443402002,Lifestyle education regarding hypertension,59621000,Essential hypertension (disorder)
787295b1-d032-ce53-e3b6-ef8630641f12,2021-08-16,2021-09-09,55260f94-02eb-bee2-6abc-baf1d3c23548,fa1e44f8-cbeb-3c37-02e5-2ae0c7c9e9d5,225358003,Wound care,284551006,Laceration of foot
7f902152-c881-f3ac-fc8b-698eab52e3b9,2023-05-29,2023-06-14,55260f94-02eb-bee2-6abc-baf1d3c23548,3cd83d7a-0470-c302-40bd-2ed3774e54c9,53950000,Respiratory therapy,,
c7389701-10db-a860-a57d-79e26d3d45d2,2023-08-13,,55260f94-02eb-bee2-6abc-baf1d3c23548,e5f7ec62-633e-59d0-dc3b-9b74d19b4832,773513001,Physiotherapy care plan (record artifact),444448004,Injury of medial collateral ligament of knee
4fd3bec2-3c77-2d58-4749-8717c8059be9,2012-12-25,,6a1652a5-7731-ccbc-ac6b-45d706187e2f,113c351c-5692-ffec-3a25-4c295044825c,718361005,Weight management program,,
733d440c-07ce-5925-93e6-ed2e93356647,2010-10-23,,a024fb40-65bb-fa6c-b9ca-04f5e1ff7e63,1a915438-fd6c-519a-b503-d5bd571b6787,698360004,Diabetes self management plan,15777000,Prediabetes
5efd9330-f1f7-9694-a1f8-93bee3e63462,2022-02-18,,a024fb40-65bb-fa6c-b9ca-04f5e1ff7e63,748ce4bd-632c-adb3-8d74-2c78f992aa77,735984001,Heart failure self management plan,88805009,Chronic congestive heart failure (disorder)
fbc55315-65bb-7c87-1140-9f7c9b96aed1,2020-02-11,2020-04-23,a8780559-702a-5ad1-1e4f-6956175aed40,43a15ba5-5d1e-fc92-a3b9-cee740baf0c0,385691007,Fracture care,263102004,Fracture subluxation of wrist
6bb118fa-0e15-9c64-603d-5f4ebc395504,2020-12-08,2020-12-08,cb0c4056-a4db-50c2-72ad-5ae2f877b6a2,9e278294-9646-0d34-2fdf-c004e4e67e20,736376001,Infectious disease care plan (record artifact),,
ddd2546e-eec6-5332-e094-e6c58fc9a1a1,2020-12-08,2021-01-09,cb0c4056-a4db-50c2-72ad-5ae2f877b6a2,9e278294-9646-0d34-2fdf-c004e4e67e20,736376001,Infectious disease care plan (record artifact),,
00f32b78-265e-5347-4fed-9b1ac61f0be0,2013-03-20,2014-02-28,ad5241da-ed5e-9ed6-1b9a-00a9a0dfe565,5d0ff55b-235c-984a-dcca-4327f4274c7f,53950000,Respiratory therapy,,
70bc137b-f32e-e6d6-8e8c-a2c9f52231ac,2019-09-07,2019-12-10,ad5241da-ed5e-9ed6-1b9a-00a9a0dfe565,3dcdff71-9270-40d2-ed4b-fc26bb9caba7,385691007,Fracture care,16114001,Fracture of ankle
a28750f8-f996-a613-4b39-f4208458167d,1975-05-03,,e66cf809-1dbb-f00d-3803-8fb2e98da987,c9ba3141-9f0e-cb5a-5266-dcbe5b809bec,698360004,Diabetes self management plan,15777000,Prediabetes
ba0fdfd1-0ebd-d7cd-4d8d-f63e994c0bbd,2018-02-04,2018-04-08,e66cf809-1dbb-f00d-3803-8fb2e98da987,42313f8a-70ef-059d-edf6-a0547cb22172,47387005,Head injury rehabilitation,62564004,Concussion with loss of consciousness
02173a4e-1307-50ca-b3d4-e4b57d0a3473,2018-05-30,2019-06-01,e66cf809-1dbb-f00d-3803-8fb2e98da987,6e2119ca-f87e-b655-a207-2be42d7df257,53950000,Respiratory therapy,,
9759e545-730b-1252-662f-d248402f71ab,2008-02-13,,f9dd8e30-fb89-7dea-1d00-c9355e851bc4,97fe1e25-19f0-b497-fa1d-ae4ded031144,734163000,Care plan (record artifact),,
39a79831-20af-00f4-1991-406d49a20c54,2013-03-01,,f9dd8e30-fb89-7dea-1d00-c9355e851bc4,aef9bb7e-aa68-d747-84e7-b47415b0e46e,698360004,Diabetes self management plan,15777000,Prediabetes
c908d575-5e5f-9385-07cd-5d3e7707c658,2017-08-04,2019-03-15,f9dd8e30-fb89-7dea-1d00-c9355e851bc4,c058a9f9-e575-edaf-a4bd-85752bd4a808,53950000,Respiratory therapy,,
c613dbfc-b83f-24a7-bd8a-ce49fa699e69,1998-06-16,,cc2a0acf-5854-5be5-3a75-0eb9d2a0e96a,b5833114-6c92-38ff-48ac-e2ea7b282174,408869004,Musculoskeletal care,239873007,Osteoarthritis of knee
663aa61a-6d8a-3029-49c8-380b5626f6a6,2006-02-23,,cc2a0acf-5854-5be5-3a75-0eb9d2a0e96a,7f460515-e943-db08-905c-13ba6a8239d3,698360004,Diabetes self management plan,15777000,Prediabetes
415b4db3-519c-2c3b-0ed3-f2cb11f58301,2009-03-12,,cc2a0acf-5854-5be5-3a75-0eb9d2a0e96a,a3fbb9ba-0bea-8e28-ab39-86b1dff24e2e,443402002,Lifestyle education regarding hypertension,59621000,Essential hypertension (disorder)
4087ccdc-fba3-30ef-8123-ac408289ac9f,2014-03-14,,cc2a0acf-5854-5be5-3a75-0eb9d2a0e96a,b59eb4f7-a8a9-576f-12dd-d577df2d7021,276239002,Therapy (regime/therapy),,
fb7a01e4-170e-11b0-9d2c-30610e40b6b0,2005-07-12,,1977da12-4f7d-6abf-bcaf-81bd3bb376eb,ea70ed8f-910c-386c-b28c-ea573408804f,443402002,Lifestyle education regarding hypertension,59621000,Essential hypertension (disorder)
a1db959c-363d-836c-13ca-37dec8ba01cc,2021-03-16,2021-04-03,cc2a0acf-5854-5be5-3a75-0eb9d2a0e96a,3b420ba9-b90a-b6f6-0c75-fa4f9764b182,773513001,Physiotherapy care plan (record artifact),44465007,Sprain of ankle
30a95a5c-dea1-a7d8-b8c2-cc26821c1358,2022-09-18,2022-09-28,1977da12-4f7d-6abf-bcaf-81bd3bb376eb,e5d5d6f8-5818-433e-c7ba-379bea5743ad,53950000,Respiratory therapy,,
74062032-2858-5d45-2596-e3d067294e05,2013-09-15,2014-04-27,eb97b63c-e9f3-9867-bb48-13e068bb1c7e,366e66a3-7c6c-88db-b6b0-c7f2e3fad789,134435003,Routine antenatal care,,
93ff7be4-222e-0f36-3b42-a6fee2972936,2016-03-06,,eb97b63c-e9f3-9867-bb48-13e068bb1c7e,955b62ab-215d-b709-a1fe-c981d5ed5589,698360004,Diabetes self management plan,15777000,Prediabetes
41a0e507-9b27-9a6d-df14-f3227596b05e,2013-10-29,,b1e5e503-88cb-52ad-e8bd-a9af8397c2b8,9d1a2843-12c6-607d-f306-0360ff018df6,711282006,Skin condition care,24079001,Atopic dermatitis
f8197f93-a1a5-c58b-8050-d3889441a1f1,2014-12-01,,b1e5e503-88cb-52ad-e8bd-a9af8397c2b8,f13b374e-bac2-af2e-9897-b33816d0244e,384758001,Self-care interventions (procedure),,
94250f86-db1c-7661-848d-1c5923905b7a,2014-12-15,2015-02-26,b1e5e503-88cb-52ad-e8bd-a9af8397c2b8,c610fef3-ab7c-a619-8a53-ae5a669fe568,53950000,Respiratory therapy,,
1920ab9f-1001-8c7c-8f74-07a9e2021c18,2019-03-27,2019-04-17,b1e5e503-88cb-52ad-e8bd-a9af8397c2b8,4d91824d-b838-0f4b-2fed-f46208eced80,225358003,Wound care,284549007,Laceration of hand
06abb0d2-5340-f237-6410-c7d5b8f737ef,2022-05-17,2022-05-31,b1e5e503-88cb-52ad-e8bd-a9af8397c2b8,bc848ae0-62ca-5c3c-9839-9d1ecbf10bc3,225358003,Wound care,284549007,Laceration of hand
2d563079-deac-b26c-9144-b0a1e44ceab0,1972-02-08,,160342f4-305a-6e95-1989-287023694483,f6d23083-72d9-51e5-ffe2-ad3746760e0f,384758001,Self-care interventions (procedure),,
a8f9c3d2-8c03-1978-5659-3b140e469f05,1993-08-30,,160342f4-305a-6e95-1989-287023694483,a1ef9b3f-f453-bbbf-6960-1ccbeedcdb8d,698360004,Diabetes self management plan,15777000,Prediabetes
29a7c130-77d3-6039-122b-bce0f9b6ecb0,2014-04-13,,160342f4-305a-6e95-1989-287023694483,0d59b327-4ac9-2d65-6398-4b9771b90ab9,276239002,Therapy (regime/therapy),,
a6250960-54e2-fc4a-b1d7-763f53633f52,2004-12-28,,93004878-7d1a-95cc-0a1c-e422c917a498,d181b175-c08e-b7ae-776f-889388180954,443402002,Lifestyle education regarding hypertension,59621000,Essential hypertension (disorder)
4e41ee61-5457-1c5e-3f6f-fd46d50b3b40,2013-09-03,2014-02-18,93004878-7d1a-95cc-0a1c-e422c917a498,f19c3583-0e1b-df56-b5ff-9bdb5bb44344,53950000,Respiratory therapy,,
dfe8281d-c41e-2ef4-7c18-57eaa2ac528c,2015-02-24,,93004878-7d1a-95cc-0a1c-e422c917a498,f28d12a6-5253-d022-a8ac-a850f4743b7a,698360004,Diabetes self management plan,15777000,Prediabetes
85c5b74d-19b1-9189-f8c0-035daf20bd06,2019-12-02,2020-01-15,93004878-7d1a-95cc-0a1c-e422c917a498,3e1935e5-7ad4-889c-3c43-38c7ebee2e87,408869004,Musculoskeletal care,,
5e1fdb8a-f5c1-5a6b-d38b-f96c944903b2,2023-09-24,,93004878-7d1a-95cc-0a1c-e422c917a498,3fe491ce-bb7c-bf58-e15f-3c11345a06f6,408869004,Musculoskeletal care,201834006,Localized  primary osteoarthritis of the hand
a5709ae8-3d7a-6874-b6a1-936f6144ed74,1970-11-19,,a269305d-ecef-3a43-d1b4-9a65eb5d10de,7b32a035-a611-03c9-7af5-73f474126744,384758001,Self-care interventions (procedure),,
608cc22d-226f-bbdd-7835-d0b53e8f839d,1973-01-22,,a269305d-ecef-3a43-d1b4-9a65eb5d10de,1588c3c8-6ac3-3b73-a646-a68de735d73f,699728000,Asthma self management,233678006,Childhood asthma
c22ec1bf-b289-0655-7f18-86f6708ff5cc,2004-03-24,,a269305d-ecef-3a43-d1b4-9a65eb5d10de,a788a1e1-e8b3-5d53-a904-10bc6754e436,412776001,Chronic obstructive pulmonary disease clinical management plan,185086009,Chronic obstructive bronchitis (disorder)
66ea9025-a4b1-723d-6ccf-923079f74c38,2014-01-15,,a269305d-ecef-3a43-d1b4-9a65eb5d10de,2221d9b1-8df2-742f-db13-bf3f959999b4,736254008,Psychiatry care plan,47505003,Posttraumatic stress disorder
d0a72ed3-2a6b-70ec-ae81-92cc8e18437d,2014-01-29,,a269305d-ecef-3a43-d1b4-9a65eb5d10de,901a2fa2-dda0-3c61-d93c-840b0a0d3bc8,718347000,Mental health care plan (record artifact),47505003,Posttraumatic stress disorder
36a8c57f-5b57-3d44-6022-05ae90584982,1973-01-02,,b0f7afa3-8f1e-b35e-9137-668561aacb6c,8fc37501-0d54-1fce-a78d-bac732cb53de,698360004,Diabetes self management plan,15777000,Prediabetes
1554d3ed-d381-e135-1df6-9459da3c25d5,1980-01-15,,b0f7afa3-8f1e-b35e-9137-668561aacb6c,12724300-061b-04c2-6d30-58012eac561e,443402002,Lifestyle education regarding hypertension,59621000,Essential hypertension (disorder)
aa9a5b09-fbd7-5d99-7a2b-ef264cf93bc1,1982-11-24,,9b8f2d40-5bbd-82cb-a1e7-fe2713b2d3fd,e2375cf1-0960-73b3-3f6a-56fd0a91fa22,718361005,Weight management program,,
f77a8be1-1789-d935-b64f-047106745180,2013-11-13,,9b8f2d40-5bbd-82cb-a1e7-fe2713b2d3fd,6f3dacf3-6a68-94a5-0bdd-5d5bb62a998d,443402002,Lifestyle education regarding hypertension,59621000,Essential hypertension (disorder)
c9e54199-2579-9b48-8387-1d014d172c06,2021-08-25,2021-12-29,9b8f2d40-5bbd-82cb-a1e7-fe2713b2d3fd,d553ba6e-54de-4c16-c829-2deca33bc014,53950000,Respiratory therapy,,
eca5c4e2-7169-d4fa-22cb-0254e176d6e7,1994-07-28,,b3bf3b47-1766-55e7-c1bb-577dd7397173,1f57e3b9-fc64-a508-90c9-fa92b598686d,736285004,Hyperlipidemia clinical management plan,55822004,Hyperlipidemia
a62e3dce-f7cc-1392-8f52-5c50b0823fb3,2005-07-14,,b3bf3b47-1766-55e7-c1bb-577dd7397173,ef09d2db-f535-1566-9639-a9c471a84d08,698360004,Diabetes self management plan,15777000,Prediabetes
ea67519b-9367-a82f-de12-e4e5666cb921,2014-02-01,2014-02-26,b3bf3b47-1766-55e7-c1bb-577dd7397173,87f4908b-074b-a464-ebc0-d7185506c97a,276239002,Therapy (regime/therapy),,
4ed6d459-df37-889b-f3a9-a11127ce7d2e,2014-03-28,,b3bf3b47-1766-55e7-c1bb-577dd7397173,0f298d67-5124-4e8c-deb5-8ee2308e6683,276239002,Therapy (regime/therapy),,
f683d568-f80b-7ef7-efe5-a6edfc4a3645,2019-10-03,,b3bf3b47-1766-55e7-c1bb-577dd7397173,a13923dd-4c9b-c4c5-0b3b-1cc604276175,386257007,Dementia management,230265002,Familial Alzheimer's disease of early onset (disorder)
312a4262-7772-99ea-90e4-84e595104075,2002-12-10,,3270f562-94ca-c7cf-93c8-e5ae6d3d61fd,a5b4a72d-7bf6-f88e-648d-e61ed3af923c,698360004,Diabetes self management plan,15777000,Prediabetes
7df01b2a-6ec5-5422-aa45-508a658c62cc,2004-11-09,,3270f562-94ca-c7cf-93c8-e5ae6d3d61fd,5b8e3ddc-3646-c614-30a0-56263b40f9ec,443402002,Lifestyle education regarding hypertension,59621000,Essential hypertension (disorder)
6fcb7ef3-640b-9bc4-82ba-638cd9ab5658,2014-12-23,2015-02-10,f7688066-bb48-2002-fda1-0a618adbf53e,7b7c3357-e3a2-4077-14e7-b226b8c483ee,47387005,Head injury rehabilitation,62564004,Concussion with loss of consciousness
e8dbfc77-13ed-dbb9-b9dc-d6fc65c47a0a,2018-04-19,2018-05-19,f7688066-bb48-2002-fda1-0a618adbf53e,bb5fddf0-571a-4331-600a-c23b27951222,773513001,Physiotherapy care plan (record artifact),44465007,Sprain of ankle
e6304323-28b3-bbd5-c14b-9ec05baac60d,2022-08-06,2023-03-11,f7688066-bb48-2002-fda1-0a618adbf53e,0f6f82f4-07eb-98d9-1303-1b6add7c2f2e,134435003,Routine antenatal care,,
ed4cba87-753b-66cf-5fdc-19bb7be67122,1998-03-26,,0d00e223-5171-8d34-a610-87f466edc83f,a522b608-e2b4-910f-ff2c-dfae3117edd9,698360004,Diabetes self management plan,15777000,Prediabetes
1f2d713a-35f6-c3bb-0063-932683fff0f9,2004-04-01,,0d00e223-5171-8d34-a610-87f466edc83f,2a2872d3-3cde-e5be-0bb8-d8be9ce80326,443402002,Lifestyle education regarding hypertension,59621000,Essential hypertension (disorder)
a79f1a66-3d3c-2565-0055-d860d83ed526,2019-02-13,2019-04-22,0d00e223-5171-8d34-a610-87f466edc83f,b61362cb-f6c1-d35f-6479-682a89c0fe4a,47387005,Head injury rehabilitation,62106007,Concussion with no loss of consciousness
15d16478-f003-168c-0834-5d863f8e08d2,2023-08-10,,0d00e223-5171-8d34-a610-87f466edc83f,5e5c3e16-4fc1-fbf4-b46d-d0cc8bc1b6a3,736285004,Hyperlipidemia clinical management plan,55822004,Hyperlipidemia
97da7571-a255-18ae-258a-2fd3429150a5,2014-03-18,,40c90385-1449-d179-a3a6-0f90216ce358,ca9d6474-79c2-2e3a-6cf5-4784392399a9,276239002,Therapy (regime/therapy),,
ed03b1b4-35aa-579f-12dd-d44ecb5fc6b0,2014-05-20,2014-06-15,40c90385-1449-d179-a3a6-0f90216ce358,24f9762d-cc12-cf47-e267-0985cb976e34,773513001,Physiotherapy care plan (record artifact),70704007,Sprain of wrist
151f33b3-192c-6b10-907c-3651cb5d4d69,2017-04-29,2023-09-02,40c90385-1449-d179-a3a6-0f90216ce358,67d959e6-ced9-37ab-57bb-c578b8c56b22,134435003,Routine antenatal care,,
1c391af2-0f28-2600-269f-317fe750dae7,2008-09-22,,64303fbf-9e60-5de4-b84a-5a48bd07c9a8,ef206704-70b5-6f63-ed2c-3e324eaa2707,384758001,Self-care interventions (procedure),,
b36dcd42-3576-cd24-0a70-1c44f22b1488,2013-01-11,2013-12-20,64303fbf-9e60-5de4-b84a-5a48bd07c9a8,26908dd1-ac7b-4d34-c005-0edfabe62618,53950000,Respiratory therapy,,
bc57fa35-db8b-4afd-6e01-b86e803872f0,2021-01-08,,64303fbf-9e60-5de4-b84a-5a48bd07c9a8,7badfbb5-517f-5a37-cdb5-291d5abfe5de,170836005,Allergic disorder monitoring,,
7f925380-7315-c2f9-d3a4-2efeafd46047,2022-07-05,2022-09-21,64303fbf-9e60-5de4-b84a-5a48bd07c9a8,8b26b658-d309-bf7d-c32e-9ad85efd8cc3,385691007,Fracture care,263102004,Fracture subluxation of wrist
7edf796f-9d62-679f-6ff0-7cec534d9b96,2019-11-05,2019-12-19,147e26cd-940d-13cd-5866-d8c56d5162fa,2f185395-02cd-8666-9458-3f18e1d03baf,276239002,Therapy (regime/therapy),,
aace26a5-b3d3-93be-1cfe-333346400267,2023-02-26,2023-10-01,147e26cd-940d-13cd-5866-d8c56d5162fa,0b1695bf-611a-8b25-acb8-f69bcc5393f0,134435003,Routine antenatal care,,
4c296c51-0157-33de-f198-8abbda0ee597,1980-05-04,,f420717d-8da5-e700-8047-0c4fc91eed59,df96712b-f13c-2243-788c-569655f8c603,698360004,Diabetes self management plan,15777000,Prediabetes
38e37ff2-fd83-9b18-9101-6f1117d7a7d4,1994-03-13,,f420717d-8da5-e700-8047-0c4fc91eed59,4fec4314-4fde-9c1a-1c54-c0edfbfe03de,443402002,Lifestyle education regarding hypertension,59621000,Essential hypertension (disorder)
c1d6fce7-65a7-a31d-d802-ce5438001a56,2011-06-19,,f420717d-8da5-e700-8047-0c4fc91eed59,b70e0708-9089-64e6-084a-52f5c08a89b2,386257007,Dementia management,230265002,Familial Alzheimer's disease of early onset (disorder)
d0680a2b-7609-84b7-b9d6-1f139540b2db,2016-06-01,2016-08-23,f420717d-8da5-e700-8047-0c4fc91eed59,3c4e7eba-5b75-811f-75e4-40d35fa17aeb,385691007,Fracture care,33737001,Fracture of rib
787153e2-4fb8-a123-2302-22488e35f537,2016-11-14,,f420717d-8da5-e700-8047-0c4fc91eed59,3987c1e4-8e77-69c0-c07a-d42ae97124f3,734163000,Care plan (record artifact),,
7d579ec9-99f2-b2fc-9dd7-60e5496a3832,2018-01-20,,f420717d-8da5-e700-8047-0c4fc91eed59,02958084-1e21-2d3f-f70b-24e78b8a5a3b,736372004,Discharge care plan (record artifact),,
fff621d6-a996-e58c-241f-2d3bb5e466ec,2023-03-23,,bced82ae-d562-db0b-70d3-ff18db8535e4,cc8bb143-3e5e-e8e3-bfae-f45c16e9b60c,53950000,Respiratory therapy,,
b21a92ec-d45a-4e7e-9584-84070522fd95,2005-12-12,,c97f0c6e-bac0-c2bb-6b0c-6c6c6fcd0657,c1963387-853e-1990-e83f-1181c02d6be1,412776001,Chronic obstructive pulmonary disease clinical management plan,87433001,Pulmonary emphysema (disorder)
d835b392-1fa9-8288-cd1f-862a4dccc412,2010-12-27,,c97f0c6e-bac0-c2bb-6b0c-6c6c6fcd0657,606bb33e-afb6-5358-7252-d613a3617c37,443402002,Lifestyle education regarding hypertension,59621000,Essential hypertension (disorder)
c31ea42a-e16c-0ca8-2ed0-963137f268c6,2013-05-27,2013-08-26,c97f0c6e-bac0-c2bb-6b0c-6c6c6fcd0657,f6bf600f-df51-f271-072e-275d45503ebb,53950000,Respiratory therapy,,
c4582fb6-4011-7083-04f7-b3ad9833e374,2018-02-25,2018-04-01,c97f0c6e-bac0-c2bb-6b0c-6c6c6fcd0657,ec1cae9b-9509-b37e-cc15-caf03f7270c7,773513001,Physiotherapy care plan (record artifact),44465007,Sprain of ankle
36152e50-78f6-9168-87a6-e7d1ebf1029a,1977-05-01,,8ef15754-e918-cc09-cf0a-9bf55c692ea4,365001e4-22a3-cbe7-cf99-dee58e8fbf26,698360004,Diabetes self management plan,15777000,Prediabetes
a6281604-041d-7b24-90a0-1a2f992eaf7a,1986-05-11,,8ef15754-e918-cc09-cf0a-9bf55c692ea4,9f2b7cc0-2c61-0204-d6f3-d35081cc9ca3,412776001,Chronic obstructive pulmonary disease clinical management plan,87433001,Pulmonary emphysema (disorder)
acac02c8-fe8f-5ea1-f42b-f4320c1b3023,2002-05-12,,8ef15754-e918-cc09-cf0a-9bf55c692ea4,be443b47-84e3-12d0-a019-ae7d1d8fb44a,443402002,Lifestyle education regarding hypertension,59621000,Essential hypertension (disorder)
73c4199a-0090-3cad-f156-54c3e012ea49,2003-08-24,,a517932c-0c76-b4ca-e25f-9bb761024e36,a828976a-4a56-1757-ab15-fce3854001b6,698360004,Diabetes self management plan,15777000,Prediabetes
add7c040-117b-48d7-762c-dc996ff363a8,2013-10-10,2015-06-21,a517932c-0c76-b4ca-e25f-9bb761024e36,f4fde516-0788-1665-192a-d2b396a36999,53950000,Respiratory therapy,,
bea3a2bf-8857-5f41-54ab-964ea64f2e3f,2014-03-08,2014-04-17,a517932c-0c76-b4ca-e25f-9bb761024e36,bfc5e0bf-8e3a-b4fb-2b79-471bc4d9920a,385691007,Fracture care,263102004,Fracture subluxation of wrist
b3f5b985-9db3-ee45-ceda-110b1ba4f441,2018-05-22,2018-08-05,a517932c-0c76-b4ca-e25f-9bb761024e36,faac1ae5-7db0-9f6d-6fe5-4d7d02326599,47387005,Head injury rehabilitation,62106007,Concussion with no loss of consciousness
ad6415e7-8d74-862d-f6e6-6b52b0b8b8c4,2011-11-04,,8ef15754-e918-cc09-cf0a-9bf55c692ea4,832b41b4-cfac-0f8a-a1bc-56f030aa25a1,734163000,Care plan (record artifact),60234000,Aortic valve regurgitation (disorder)
d3336b2e-9bfd-8f58-d536-2447ddd94221,1981-07-04,,4b2459f5-4fc4-eca5-782e-8dbb9edc02a0,62b5e60e-2d1f-42b0-8ae3-a6dfa4d8b9d0,384758001,Self-care interventions (procedure),,
6740a42f-ef0d-ad28-84dd-63b982c86331,1998-11-30,,4b2459f5-4fc4-eca5-782e-8dbb9edc02a0,1137bd04-9c05-1780-6cb1-6ace291e1b5c,698360004,Diabetes self management plan,15777000,Prediabetes
d744b335-95db-9bb2-de31-a9bf2b770f04,2019-03-12,2019-10-30,e90ee1c5-1076-bb28-990d-100d0a3bc2a2,fe4a98ec-e60e-4585-7343-9f2914fdaa92,53950000,Respiratory therapy,,
d7fbea5e-e9f9-3157-574c-c87b67aa549d,2023-08-07,2023-09-30,e90ee1c5-1076-bb28-990d-100d0a3bc2a2,6dd135b5-0c2b-9b53-996f-874c7d2fa2c0,385691007,Fracture care,263102004,Fracture subluxation of wrist
4b9d3d6b-dddc-9a97-8342-87509ce6fdd4,2018-01-28,2018-04-29,ab7da75e-a10b-7542-1a2c-254297761907,c7b012a1-55e8-0047-8844-c0c45261dee4,385691007,Fracture care,65966004,Fracture of forearm
2a79b817-cf4e-0ec4-6782-7ec9f35712f3,2020-02-04,2020-03-31,ab7da75e-a10b-7542-1a2c-254297761907,b639a847-334d-572d-9105-3af04833cdc1,47387005,Head injury rehabilitation,62106007,Concussion with no loss of consciousness
e76387ce-373b-0daf-3649-c6b81074afd4,1995-03-12,,4ffe144c-462c-19e1-d3d3-ffc42832c5f7,1ef98e20-6650-9d1a-a519-ce55f6b9e7e8,443402002,Lifestyle education regarding hypertension,59621000,Essential hypertension (disorder)
d3cbc8f2-023e-5061-bcb4-1755c3f9a7aa,2005-05-15,2005-06-09,4ffe144c-462c-19e1-d3d3-ffc42832c5f7,245b7beb-53f4-f792-6d1d-3f9fb6a80883,773513001,Physiotherapy care plan (record artifact),70704007,Sprain of wrist
8ddb852d-1cb5-df3c-3132-32c831db7e1a,1987-09-29,,966b7264-5105-56c3-0cbb-1b8ee3e42585,87b2503c-db7e-4ea9-3cea-ebf60f04218e,384758001,Self-care interventions (procedure),,
93380ae7-5191-df55-35b7-a630b0bfc953,2014-02-16,2014-03-29,966b7264-5105-56c3-0cbb-1b8ee3e42585,24cd143e-8ccd-3023-71e7-f9b2daa30366,276239002,Therapy (regime/therapy),,
24f955c9-b484-8a82-1564-2c39040f4025,2016-03-06,,966b7264-5105-56c3-0cbb-1b8ee3e42585,854448ea-13a5-7e54-5378-1aff2c7a9ad3,698360004,Diabetes self management plan,44054006,Diabetes mellitus type 2 (disorder)
96c80d8a-da37-1897-518e-859e6ea8a75f,2017-04-23,2017-12-03,966b7264-5105-56c3-0cbb-1b8ee3e42585,5f7c24ca-462f-fa58-7551-5b71df7d4185,134435003,Routine antenatal care,,
428adae1-c8d9-4b8c-1467-f846d83555fb,2018-03-18,,966b7264-5105-56c3-0cbb-1b8ee3e42585,818b3244-ceb5-e247-345c-5cb2bab4cbb9,443402002,Lifestyle education regarding hypertension,59621000,Essential hypertension (disorder)
504b4350-5db5-2a48-1e03-9af8ee6cd332,2021-10-17,2021-12-29,966b7264-5105-56c3-0cbb-1b8ee3e42585,fbad5f55-335e-2a9f-7f7b-532b8cfea7ac,773513001,Physiotherapy care plan (record artifact),30832001,Rupture of patellar tendon
8a94bd6b-2276-d71a-f12f-5bfdb4c7f372,1990-11-27,,b217f735-db0d-ece0-e7bf-870e7ea24e93,30f75b5a-b1ad-a8d6-c069-b084b0bf3643,408869004,Musculoskeletal care,239873007,Osteoarthritis of knee
cc1c766c-af8e-5cf0-ddeb-5475c7d004f6,1991-11-13,1992-05-27,b217f735-db0d-ece0-e7bf-870e7ea24e93,af8779a1-ac36-6fb1-75c8-054fd451e5ca,134435003,Routine antenatal care,,
781640a1-196d-efe1-1baa-97246d26d321,1975-04-13,,8de39638-e49e-b92f-9e6c-7ee91b4c4adb,d993f770-27b6-1c07-31c9-3b2029c9e0bf,698360004,Diabetes self management plan,15777000,Prediabetes
85812b79-aaab-b5bb-4e61-2199c3128efd,1983-03-13,,8de39638-e49e-b92f-9e6c-7ee91b4c4adb,77d1b5d6-0274-1ca6-0fe7-d34902f3e5ed,734163000,Care plan (record artifact),78275009,Obstructive sleep apnea syndrome (disorder)
669670f3-740a-37fc-1828-b75d6a8386fb,1983-05-08,,8de39638-e49e-b92f-9e6c-7ee91b4c4adb,73e752ae-307e-c3ed-d3b9-d52a6d8a7b56,443402002,Lifestyle education regarding hypertension,59621000,Essential hypertension (disorder)
63fbe3d9-a6c4-f131-d894-c3a874b55647,1995-10-26,1995-11-05,8de39638-e49e-b92f-9e6c-7ee91b4c4adb,592793e6-7e4d-cae5-ca53-e2799f01d005,53950000,Respiratory therapy,,
1c0d377d-6857-bb72-e6c4-859abde17b98,1988-08-07,,95e30151-66f5-9008-f349-cfa8c28dada0,cf9bce78-c7d3-04e1-49f5-a0afb1bfdfbf,443402002,Lifestyle education regarding hypertension,59621000,Essential hypertension (disorder)
a5a17dd7-119e-26be-6773-4103675360f8,2006-11-19,,95e30151-66f5-9008-f349-cfa8c28dada0,a536c179-075f-68a1-b8cb-7e364380c0ca,698360004,Diabetes self management plan,15777000,Prediabetes
1836a7bf-ad29-aab4-b871-778890a2fef9,2014-04-27,2014-06-29,95e30151-66f5-9008-f349-cfa8c28dada0,4a30d19f-efbe-1a0e-9b7b-0dab2727ffee,276239002,Therapy (regime/therapy),,
d8ad5b03-a35c-4c19-9de3-b9b7f942bf0b,1993-04-07,,07ceb044-3b1b-cc62-e1b7-79846bf701d1,9dbc11fc-0657-df94-8096-9105474ce208,698360004,Diabetes self management plan,15777000,Prediabetes
1a7d1731-2331-7d3a-f369-8f3d049cf4d8,2019-12-30,2020-04-18,07ceb044-3b1b-cc62-e1b7-79846bf701d1,ae36a710-af59-3b50-f720-ccb2f9e5f0ef,385691007,Fracture care,33737001,Fracture of rib
0db6841c-7f5c-c378-5108-c9b6625a51c2,2016-04-30,2016-06-06,95e30151-66f5-9008-f349-cfa8c28dada0,1a81c201-1f3c-b9f7-7b74-aaab8835988a,385691007,Fracture care,263102004,Fracture subluxation of wrist
75a7355a-f6e0-03b0-c214-0793cd105a25,1981-09-11,,b1e8ce80-b9a5-4775-e774-dafb169ec045,481ae48a-c830-5327-695a-f2a87638dc8a,384758001,Self-care interventions (procedure),,
be4baa2b-acd5-0b4f-f9b0-492d77e92d61,2001-01-31,,b1e8ce80-b9a5-4775-e774-dafb169ec045,1f5f73ea-64b5-760e-dc85-4ff4e1072233,443402002,Lifestyle education regarding hypertension,59621000,Essential hypertension (disorder)
ad4d6adf-69f4-ccb2-8183-a0cd0c43598d,2013-12-08,2014-04-16,b1e8ce80-b9a5-4775-e774-dafb169ec045,6f75b7ee-2dd0-b541-dcbc-65c749086290,53950000,Respiratory therapy,,
e5fe859d-7c06-e407-7374-cd1caeca8b57,2015-04-22,,b1e8ce80-b9a5-4775-e774-dafb169ec045,3c4e4abd-0a69-dd2d-34e1-654aa1719b73,698360004,Diabetes self management plan,15777000,Prediabetes
ea8c6a9f-71ca-8e5b-dea4-79f35398f941,2023-05-29,,b1e8ce80-b9a5-4775-e774-dafb169ec045,55181b3b-1284-128a-c315-abe05f0e67f5,408869004,Musculoskeletal care,239873007,Osteoarthritis of knee
1297a1a3-1f34-6863-ae91-7ccacc2f82f0,2019-04-26,2019-05-30,95e30151-66f5-9008-f349-cfa8c28dada0,5217c07f-5da6-44ca-3f9b-ca76e33100e5,773513001,Physiotherapy care plan (record artifact),44465007,Sprain of ankle
e858aabc-9a10-24d6-8955-79b3b2668bd1,2019-07-04,,95e30151-66f5-9008-f349-cfa8c28dada0,97cbe9fd-2eda-cd89-4e04-9a25900e76af,736690008,Dialysis care plan (record artifact),,
7d23decf-19cc-6a80-4996-53efa7502f54,2005-03-20,,b8fc6e13-d067-75e3-5887-13994a1c8ccf,7e10430f-1141-3e25-f427-4ad6a088369d,698360004,Diabetes self management plan,15777000,Prediabetes
023bd478-9266-d127-2984-bd57e8cdac38,2015-11-26,2016-01-14,b8fc6e13-d067-75e3-5887-13994a1c8ccf,5dd21dc3-9266-b08f-95f2-81feb3fb84cf,385691007,Fracture care,263102004,Fracture subluxation of wrist
6170627e-81e3-c957-ad14-ae3f19655fb6,2018-09-28,2018-10-14,b8fc6e13-d067-75e3-5887-13994a1c8ccf,d6323029-4cb8-6241-aee1-94842fc85b9f,53950000,Respiratory therapy,,
c0130ddc-bb16-28d7-1b2b-372e9cb950a6,2019-09-23,2019-12-21,b8fc6e13-d067-75e3-5887-13994a1c8ccf,0adaeb05-24ec-bc3c-24a3-03977a3c9ac2,47387005,Head injury rehabilitation,62106007,Concussion with no loss of consciousness
627b8090-a341-1dab-9cbe-e95f2f1c1d24,2015-11-28,,18b3d2df-93fe-6323-16eb-237ac25923b1,bf584c6c-5b28-38af-196b-f2822ecb4733,698360004,Diabetes self management plan,15777000,Prediabetes
eab06b26-1ab2-c9ef-b9c0-02510c5adb94,2020-05-19,2020-06-02,18b3d2df-93fe-6323-16eb-237ac25923b1,bab52a0b-944b-17db-b078-b1af1313fdc2,225358003,Wound care,370247008,Facial laceration
88f48205-ee53-4a5c-3415-b2d5dde4d3bc,1997-02-09,,c23133d9-e92c-530a-6577-46fe36d4759f,7846c0f8-db71-1684-18e9-f1c08a80f678,698360004,Diabetes self management plan,15777000,Prediabetes
c83cf71a-17aa-bcb9-5982-274ee0e52c63,2014-02-04,2014-03-06,c23133d9-e92c-530a-6577-46fe36d4759f,86ded876-4422-899d-d3e6-cd682993fbe5,276239002,Therapy (regime/therapy),,
6aa2205b-2e4d-bc16-3831-66a8cda2b01e,2017-11-26,2017-12-03,c23133d9-e92c-530a-6577-46fe36d4759f,5af90382-9452-714f-66d5-d2e8c880a4ae,773593000,Urology care plan (record artifact),301011002,Escherichia coli urinary tract infection
0ba98136-e676-0d3b-794c-cddb183a8084,2022-12-18,,c23133d9-e92c-530a-6577-46fe36d4759f,a1cca5ef-3838-95e7-f1b9-b177f159a1d4,443402002,Lifestyle education regarding hypertension,59621000,Essential hypertension (disorder)
3ca9088f-0a32-dfb1-8a8f-096031ac91d0,2015-10-31,2015-12-07,887906c5-c559-d775-dd1a-3492936072bf,d315a264-0e6a-64f6-66d8-9a3b62aa26e1,773513001,Physiotherapy care plan (record artifact),70704007,Sprain of wrist
540c51f9-64a5-1ed1-0dbb-78407c5b8913,2013-05-02,,243cc757-b159-e4af-ff76-a3f60f24bdbd,edb84b9e-e389-fc01-162d-6cd24e034cce,408869004,Musculoskeletal care,,
bb5eafdb-b172-c0b3-f3e5-0d1a9075090d,2014-02-02,2014-03-05,243cc757-b159-e4af-ff76-a3f60f24bdbd,8d5c9015-479a-9978-4666-e297000b874f,276239002,Therapy (regime/therapy),,
fefb29d7-2010-4e80-8355-1de6cb08cd8a,2014-04-04,,243cc757-b159-e4af-ff76-a3f60f24bdbd,511dc12a-ec0e-8bb7-874e-e9e9c8a70438,276239002,Therapy (regime/therapy),,
aa5651d7-e8ff-94e2-3ff0-596a90a339d9,2022-12-09,,243cc757-b159-e4af-ff76-a3f60f24bdbd,5051ba02-8dc8-d883-3efd-b8a14f3d13e3,698360004,Diabetes self management plan,15777000,Prediabetes
8902822e-48a3-ef79-8fa1-25538bacf48f,1961-08-13,,a1aa6307-1c2d-117b-9f71-63cbf45c4ce2,461325cc-bb1f-b9a4-58de-e621cf196d4f,384758001,Self-care interventions (procedure),,
c17e2e00-539f-68a9-c2d4-32ac3e63b3e8,1997-05-18,,a1aa6307-1c2d-117b-9f71-63cbf45c4ce2,3f0e9f1b-4f48-42da-3143-d5377f172ffa,698360004,Diabetes self management plan,15777000,Prediabetes
5733df5c-51f2-0e36-f7ba-c90c06f02832,2006-03-19,,a1aa6307-1c2d-117b-9f71-63cbf45c4ce2,7366b372-79e3-1440-6716-c778f1ab0edd,443402002,Lifestyle education regarding hypertension,59621000,Essential hypertension (disorder)
e902f54d-fa54-54cd-8a13-738640584bac,2010-12-16,,a1aa6307-1c2d-117b-9f71-63cbf45c4ce2,2f4b52c0-629d-2133-e6f8-148002c23f0e,408869004,Musculoskeletal care,239872002,Osteoarthritis of hip
c38396bd-a18e-475c-81e7-fa83c406c0db,2018-01-05,2018-02-13,a1aa6307-1c2d-117b-9f71-63cbf45c4ce2,d30cbda7-00f2-7d89-53a1-19d5f139384c,47387005,Head injury rehabilitation,62106007,Concussion with no loss of consciousness
bd1744d6-db3f-6b48-6370-efd3be3e75dd,2022-02-15,2022-04-05,a1aa6307-1c2d-117b-9f71-63cbf45c4ce2,62dfd20b-3e7e-32da-9fb1-d719bcdbc97f,385691007,Fracture care,16114001,Fracture of ankle
fed3be03-6d91-2dd7-250f-ccf1115e5dbe,1965-11-28,,30d296d1-a74e-f4df-6d2b-e437a2ee4cb7,dd714770-f487-14aa-f5ea-ba600eafdcd3,384758001,Self-care interventions (procedure),,
8075300c-319e-f394-ad6c-900de855451b,2015-02-07,,30d296d1-a74e-f4df-6d2b-e437a2ee4cb7,5a1866d2-cb89-4b06-ba55-9ef00dc9fd03,443402002,Lifestyle education regarding hypertension,59621000,Essential hypertension (disorder)
179e8e36-0389-06e1-0028-f47718dd80cd,2017-03-04,2018-02-24,30d296d1-a74e-f4df-6d2b-e437a2ee4cb7,d4decf9d-7e35-3b1e-4590-3af4971beb60,53950000,Respiratory therapy,,
96847f89-d4da-04ff-7092-8b5459043b9d,2019-08-22,2019-09-08,30d296d1-a74e-f4df-6d2b-e437a2ee4cb7,b2cc2d2a-4d12-0841-0cdf-f577933a6bd7,225358003,Wound care,284551006,Laceration of foot
3c81160d-9e8d-3655-dcea-a31d06b19fce,2020-07-14,2020-07-24,30d296d1-a74e-f4df-6d2b-e437a2ee4cb7,8af162df-896c-3da7-5f5f-64c3c6997e56,53950000,Respiratory therapy,,
037c82fd-edf8-675b-fdc3-f2cf502ca1ce,1993-08-12,,5035c835-506c-76db-562d-617ff3364587,e3208e82-4d3c-2ed0-2821-80f6973f2c4e,698360004,Diabetes self management plan,15777000,Prediabetes
bf9fa8e2-c196-b5f4-a30d-dcf69b93a445,2000-06-08,,5035c835-506c-76db-562d-617ff3364587,ad373dab-499d-7189-c7fe-78238729e50e,443402002,Lifestyle education regarding hypertension,59621000,Essential hypertension (disorder)
0d54c23d-c986-9d7b-bbe8-3f335278b60d,2013-08-15,2014-08-28,5035c835-506c-76db-562d-617ff3364587,281abe6f-23ee-0af8-f7e9-87d16dd87ecf,53950000,Respiratory therapy,,
9c21f2f7-caf6-a2ac-a890-675217c2ff18,2022-05-24,2022-07-06,5035c835-506c-76db-562d-617ff3364587,ff633e0e-183c-57bb-221d-5a628adcc03c,385691007,Fracture care,58150001,Fracture of clavicle
1679ec00-5cc6-8a1c-5adf-80b944e42557,2014-02-02,2014-03-05,d7573390-bb21-b108-18cc-0ad6280c31c7,836780d7-886a-fcb5-fae6-b1e6c96ce978,276239002,Therapy (regime/therapy),,
6a2da8a8-7bb2-27b5-e783-7a67ddaf794b,2016-12-30,2017-08-04,d7573390-bb21-b108-18cc-0ad6280c31c7,bb7014b8-e998-7a19-7dba-eda13d656d00,134435003,Routine antenatal care,,
b83a412c-b619-8b24-2e9e-71649329f5bc,2018-01-19,2018-08-31,d7573390-bb21-b108-18cc-0ad6280c31c7,ac638ad4-f961-4963-ba1f-3ac07098f5f4,134435003,Routine antenatal care,,
15c54356-50cd-2e6b-649b-71b650996c74,2019-05-24,2020-01-03,d7573390-bb21-b108-18cc-0ad6280c31c7,d255b1ef-3432-26c9-dd25-e6e61d5a08f1,134435003,Routine antenatal care,,
3c8de3d7-4e76-7cf9-7c80-d300333dac71,2021-01-07,2021-01-07,d7573390-bb21-b108-18cc-0ad6280c31c7,0df2d730-0a8d-7a0d-e759-f4cd6753904c,736376001,Infectious disease care plan (record artifact),,
913a3c0f-74ae-5690-8f55-eeb14fee230d,2021-01-07,2021-02-11,d7573390-bb21-b108-18cc-0ad6280c31c7,0df2d730-0a8d-7a0d-e759-f4cd6753904c,736376001,Infectious disease care plan (record artifact),,
ac933ad1-61ba-ab92-4b2a-98ce369c980e,2021-10-26,,d7573390-bb21-b108-18cc-0ad6280c31c7,f0f6be6e-0a6c-01ff-d935-1bbaa4834a00,734163000,Care plan (record artifact),,
6fbf9d71-267e-53f2-d30b-7006edaebdc9,2022-04-29,2022-11-25,d7573390-bb21-b108-18cc-0ad6280c31c7,742eb37e-b45c-117a-1c3f-d8e73e190c83,134435003,Routine antenatal care,,
9b20db8c-49d5-4100-aa9f-f90b02eca129,2023-04-07,2023-11-17,d7573390-bb21-b108-18cc-0ad6280c31c7,ee12ce02-59b7-6a58-5258-5bb898b2fe45,134435003,Routine antenatal care,,
7ae0c5c3-5e00-5310-0dd1-24144d8c2541,2023-09-12,2023-09-20,d7573390-bb21-b108-18cc-0ad6280c31c7,8c220b09-c6c0-232c-d8e5-cb407bcb957a,53950000,Respiratory therapy,,
d5096ea3-45c6-c762-f79f-64b89d5027df,2016-04-27,,4320bb87-e3a9-c36e-528e-040c2352d56c,96a6cbff-b830-8911-cf1b-3e82bf334260,443402002,Lifestyle education regarding hypertension,59621000,Essential hypertension (disorder)
6def194b-24d6-9f49-12c3-ff72e623b4ee,2020-11-01,,4320bb87-e3a9-c36e-528e-040c2352d56c,cdeecaeb-0435-e279-7f98-3040938e054f,408869004,Musculoskeletal care,239873007,Osteoarthritis of knee
ad106ce9-9cf8-d1f8-c611-f3ead637fa6b,2022-08-26,2023-06-07,4320bb87-e3a9-c36e-528e-040c2352d56c,6befcc2b-9ff3-11a6-8d67-ad6c53b5eada,53950000,Respiratory therapy,,
5b1056f4-e13b-a0f9-a942-aeadf45b0653,2014-02-01,2014-03-04,22cbd755-8cab-bce9-ea30-d6aa095969a7,3f0abfd5-7e3e-1197-5bd0-bbf7407365d2,276239002,Therapy (regime/therapy),,
e45620d8-85df-7611-28e7-1b71479bb933,2019-12-02,2020-07-13,5996196f-a86d-9db3-96a0-3100820c1c95,a2517eac-edae-d4fb-5c32-774bfa54383c,134435003,Routine antenatal care,,
a2239eaf-7765-8eba-a196-2088b7c53af7,2020-06-15,,5996196f-a86d-9db3-96a0-3100820c1c95,d080377b-abdd-fc4c-5218-a597e7ea6feb,698360004,Diabetes self management plan,15777000,Prediabetes
f16464f4-d973-af15-51e7-b010e22dea7e,2021-04-05,2022-04-04,5996196f-a86d-9db3-96a0-3100820c1c95,b51b1761-6ec3-cb14-7586-f636787bb7f3,53950000,Respiratory therapy,,
e995a5c9-3699-9c05-8fe4-4b3e1f558026,1980-08-08,,1bb8ccc8-6649-067b-26ef-ad8381759541,d290b7aa-de63-67d6-6c78-decc6d8ac73d,698360004,Diabetes self management plan,15777000,Prediabetes
97292cbc-bf83-ed96-be7c-13aad529a7e7,2006-01-13,2006-03-24,1bb8ccc8-6649-067b-26ef-ad8381759541,9008cbce-93d8-b80e-98d2-b83102d5ada3,53950000,Respiratory therapy,,
28728e47-4a18-41a8-b771-c3ba79e3a8b0,2007-03-15,,1bb8ccc8-6649-067b-26ef-ad8381759541,566096a1-e68f-7db4-1719-5bda958b5360,735984001,Heart failure self management plan,88805009,Chronic congestive heart failure (disorder)
a3a39e92-e1c8-0b5b-7f0d-24413bf7f21f,2008-03-09,,1bb8ccc8-6649-067b-26ef-ad8381759541,06cec1c7-9623-6889-6d4a-772887c61d94,736353004,Inpatient care plan (record artifact),88805009,Chronic congestive heart failure (disorder)
c917759f-a83c-f3ba-5fdd-9f0c8baef2bc,1996-04-11,,3dfe27e4-f067-87a5-d37d-83bb93d5b0bd,0ca8bdca-8d4b-a98b-a530-ddbe4de38d98,718361005,Weight management program,,
887e4fbe-6629-24dc-79fa-51ff8cc2b1e8,2014-03-12,,3dfe27e4-f067-87a5-d37d-83bb93d5b0bd,c0dfa402-73d8-4aef-05af-135d27d62802,276239002,Therapy (regime/therapy),,
250d9325-96f7-f541-e3cb-06a671860f66,2015-11-12,2016-06-23,3dfe27e4-f067-87a5-d37d-83bb93d5b0bd,3002f000-47c7-7de1-0315-61c22c44e668,134435003,Routine antenatal care,,
a5d7bbdc-19d8-fe90-1e60-9bdf63028529,2017-09-12,2017-10-23,3dfe27e4-f067-87a5-d37d-83bb93d5b0bd,240b573c-af04-0930-ea39-ab00f053aec2,773513001,Physiotherapy care plan (record artifact),44465007,Sprain of ankle
f0b94081-ce65-5cf5-a44f-c67bc62a7c51,2017-11-08,2018-06-14,3dfe27e4-f067-87a5-d37d-83bb93d5b0bd,2cbd1efd-7061-bfc9-21df-d3120e835e51,53950000,Respiratory therapy,,
f0cee61b-84e2-03b1-1c7a-2ca7cb94aeec,2019-08-09,2019-12-01,3dfe27e4-f067-87a5-d37d-83bb93d5b0bd,3df1c024-8b71-8cde-05df-4ebc4fe96b2d,385691007,Fracture care,16114001,Fracture of ankle
19f4fa90-1025-c3c8-1f52-7d11f92e08ba,2021-01-07,2021-08-12,3dfe27e4-f067-87a5-d37d-83bb93d5b0bd,190a2fa0-be4c-7005-a19d-f86e3fc9ff6f,134435003,Routine antenatal care,,
2fa43086-4344-7881-4464-b724952da5c8,2013-12-24,2014-01-22,0c439c65-d42d-b5fb-b427-b0abd726da5c,b040c472-5d08-e8cf-fca1-7c9cbeab2660,133901003,Burn care,403191005,Second degree burn
dbdc3696-e8b6-f2e0-d423-cd988d9acb05,2018-01-01,2018-01-22,0c439c65-d42d-b5fb-b427-b0abd726da5c,2d6b0424-bf58-ac6a-923e-80d2a81e5588,225358003,Wound care,283371005,Laceration of forearm
34c0b76b-d11c-66ce-6034-fd4c39bee563,2020-04-21,2020-05-11,0c439c65-d42d-b5fb-b427-b0abd726da5c,fd7c9810-1bcf-4928-71ef-a57c2c4080d5,53950000,Respiratory therapy,,
f59bb8d1-75d2-4954-251c-05a8c0c00375,2020-11-10,2021-01-16,0c439c65-d42d-b5fb-b427-b0abd726da5c,e6d7b2dd-b3ef-83da-7a33-806db5a43c5a,53950000,Respiratory therapy,,
23c298bf-ce88-2722-dbc8-c12f623e0570,1979-12-03,1979-12-12,9d039647-db65-9870-9473-d8ee765fb73a,74bb4202-e6dd-bdf0-1e25-94650b7f5767,53950000,Respiratory therapy,,
27a48ec4-35ef-9a5a-b214-583ddd6d08f5,2020-05-20,2020-06-26,5b3d1065-2db1-b08f-9970-73f723d710cb,d87b5c38-1ebc-61e1-8dd4-b43f9649c718,773513001,Physiotherapy care plan (record artifact),70704007,Sprain of wrist
2ee6cb02-5393-2bc1-3fb2-a45693c7fcb7,2020-12-08,2020-12-19,5b3d1065-2db1-b08f-9970-73f723d710cb,e77126e5-9a83-889b-ba49-85fd74d6b69e,736376001,Infectious disease care plan (record artifact),,
4923215c-51fa-3915-71c3-4e4ee01d274d,1990-05-04,,94401eb3-e503-815c-d12b-f97c96bd406d,60919b20-d313-6649-2055-1b54276c249d,443402002,Lifestyle education regarding hypertension,59621000,Essential hypertension (disorder)
bca54e60-fcfb-c3aa-b9b8-3377375d1e74,2001-07-06,,94401eb3-e503-815c-d12b-f97c96bd406d,204c47c4-43d2-872e-8dac-846c3e7fc652,698360004,Diabetes self management plan,15777000,Prediabetes
d00dc67a-872f-2a7c-2385-658bfa2022a8,2015-01-15,2015-06-08,94401eb3-e503-815c-d12b-f97c96bd406d,566d0b4d-ff88-eb73-67a8-77242dcda387,773513001,Physiotherapy care plan (record artifact),30832001,Rupture of patellar tendon
9b788171-7e96-5b9c-94ee-13c88f7ec2af,2020-04-28,2020-05-06,94401eb3-e503-815c-d12b-f97c96bd406d,a66f20c3-4750-5157-b297-bf87c91064ee,53950000,Respiratory therapy,,
87422193-14e4-60a0-8910-b7cb398e3bf2,2021-06-28,2021-07-17,94401eb3-e503-815c-d12b-f97c96bd406d,17d25c35-367f-99dc-725f-29a256be651e,225358003,Wound care,370247008,Facial laceration
b7b7fc7b-bbb0-63e3-cd80-f2761d70d081,2021-08-31,2021-10-29,94401eb3-e503-815c-d12b-f97c96bd406d,17e4d88a-98be-4f25-e8a3-5d04c6f1b026,53950000,Respiratory therapy,,
a9a92600-2b22-070f-48ff-62ff601594ec,2010-01-18,,a08905c2-f312-3733-7772-fe82d4630cb8,703f91de-99c1-0fd4-7649-742ba27262b8,711282006,Skin condition care,24079001,Atopic dermatitis
a959d5ca-8b45-1998-e6fc-91eadba0b53a,2011-04-18,,a08905c2-f312-3733-7772-fe82d4630cb8,66d23a42-b34f-8805-04e9-dbaffdb754f8,384758001,Self-care interventions (procedure),,
34c6fd4c-c3c2-dff3-e5b4-371c3d6736b1,2021-01-03,2021-01-03,a08905c2-f312-3733-7772-fe82d4630cb8,03b98d86-b9ee-41ac-4969-cda0f392b78b,736376001,Infectious disease care plan (record artifact),,
e5671960-d20f-a83d-cf24-aa57d33bd09c,2021-01-03,2021-02-04,a08905c2-f312-3733-7772-fe82d4630cb8,03b98d86-b9ee-41ac-4969-cda0f392b78b,736376001,Infectious disease care plan (record artifact),,
706d9741-6586-db38-2287-184b7733970f,2023-01-14,,a08905c2-f312-3733-7772-fe82d4630cb8,33ee1ca4-7f78-ba31-f4b6-3ef3428bc0a7,170836005,Allergic disorder monitoring,,
c343f7ca-72ad-e932-4de6-d6fc5828a770,2014-07-15,2019-01-02,452e008f-4a8e-8f7b-6cca-8d3e1c87b519,9cc23047-73a7-b5cc-64b6-e8551c766c9f,386522008,Overactivity/inattention behavior management,,
90b4619c-1949-abcb-e556-8710585cb892,2017-04-12,2017-10-25,452e008f-4a8e-8f7b-6cca-8d3e1c87b519,689d5f33-5892-ea29-6e13-95803a6f85e5,134435003,Routine antenatal care,,
9537a8a0-ebc8-c16b-7f57-4ef577aebd06,1979-05-18,,131a088c-fe96-3275-3dc3-4e2464f326f4,c4e5bfeb-e886-dae2-b2ed-25e64a92d19c,698360004,Diabetes self management plan,15777000,Prediabetes
0476ff5d-4b1b-e593-1989-0650cffe87d5,2008-05-02,,131a088c-fe96-3275-3dc3-4e2464f326f4,126ce598-c88d-6d31-85c5-a1a7c0045fe6,443402002,Lifestyle education regarding hypertension,59621000,Essential hypertension (disorder)
d48b0926-69cf-4fe9-a004-6e97a4b6719e,2008-05-23,,131a088c-fe96-3275-3dc3-4e2464f326f4,aa75b8ad-cacf-ca91-35d3-bd28297a31be,736285004,Hyperlipidemia clinical management plan,55822004,Hyperlipidemia
9e8f5b48-5923-eb99-558d-39743c06fe26,2010-02-09,,131a088c-fe96-3275-3dc3-4e2464f326f4,2876cf2a-c0b9-a693-17c4-db48b8839786,736372004,Discharge care plan (record artifact),,
57cef7fa-2f2e-f63b-af4d-eb8edad441c1,2014-02-02,2014-03-04,131a088c-fe96-3275-3dc3-4e2464f326f4,26508ea9-0864-5280-7467-0c37901b173a,276239002,Therapy (regime/therapy),,
31027931-cc4c-8b8c-c149-a6dbe0789b79,2003-04-21,,126e5078-c99b-f882-a2d3-51b072ec5af3,d212b559-8c2c-3745-e697-70d3e0747dd8,698360004,Diabetes self management plan,15777000,Prediabetes
685864f0-ce92-8c38-56e4-7e2b32eecb9b,2006-04-24,,126e5078-c99b-f882-a2d3-51b072ec5af3,7fdefc01-c1bd-2c1a-02d8-3dd89b4baf00,443402002,Lifestyle education regarding hypertension,59621000,Essential hypertension (disorder)
3bfd8331-f65c-9cf0-55f6-aaac13ed628d,2016-01-04,2016-06-20,126e5078-c99b-f882-a2d3-51b072ec5af3,0e79f338-cead-d16a-352f-9ef14c06ebcc,53950000,Respiratory therapy,,
fa285349-a39b-8b74-32b6-d63ecc774983,2022-05-07,2022-08-24,126e5078-c99b-f882-a2d3-51b072ec5af3,62f0223b-6b08-0c41-59ba-4e34e5732808,385691007,Fracture care,65966004,Fracture of forearm
26a15659-5f06-5ffc-daea-651d597e0cd1,2004-02-27,,1d86d5a7-2b0b-3092-f30d-bd10e8a305e3,d98b1cfe-e41d-0844-7cc1-4d2186828768,443402002,Lifestyle education regarding hypertension,59621000,Essential hypertension (disorder)
5cda29f6-9f69-5524-edf4-a8828e0ba3d3,2014-02-02,2014-03-04,1d86d5a7-2b0b-3092-f30d-bd10e8a305e3,847289c9-472b-b0cb-1c77-025ea9f4688f,276239002,Therapy (regime/therapy),,
ed1159d9-6747-a36e-4e28-49765459eaf7,2016-11-18,2017-06-30,1d86d5a7-2b0b-3092-f30d-bd10e8a305e3,11a9ca8e-ed95-c8df-a24f-fd501088b0e0,134435003,Routine antenatal care,,
6a761fbf-9be0-de24-2f81-f5cce5e32c9a,2020-11-04,2020-11-04,1d86d5a7-2b0b-3092-f30d-bd10e8a305e3,35de18c0-7ee9-6254-3f13-7504ca07a6ab,736376001,Infectious disease care plan (record artifact),,
c0c0de95-ccf0-81e6-cd86-c0a2008f5917,2020-11-04,2020-12-02,1d86d5a7-2b0b-3092-f30d-bd10e8a305e3,35de18c0-7ee9-6254-3f13-7504ca07a6ab,736376001,Infectious disease care plan (record artifact),,
bb359e20-cf98-5d94-bf9e-bf507a9bfffe,2014-10-01,2015-01-15,f8809dc4-eb4c-e76e-58af-605eed441bb7,a88495b4-6392-32b3-4162-1c2517d280d0,385691007,Fracture care,16114001,Fracture of ankle
8b2c7b93-1659-5e9b-4a35-e66ca5121a1b,2016-03-04,2016-04-30,f8809dc4-eb4c-e76e-58af-605eed441bb7,110d41ee-11dd-0bbc-1d34-7ec83fb7f57e,385691007,Fracture care,65966004,Fracture of forearm
58b70f80-7ba5-3a68-89f2-bb9dc52df6f2,1989-08-23,,749cc125-0c99-cbac-d5d4-34ba4953f0f7,bb6926a2-5c72-8397-4e12-d202b657a2e1,384758001,Self-care interventions (procedure),,
7ac20ffa-c7d4-ed1e-3d87-8180b240d6d7,1991-06-07,,749cc125-0c99-cbac-d5d4-34ba4953f0f7,4ac09589-fd6b-64da-be23-0b4237a9754d,699728000,Asthma self management,233678006,Childhood asthma
5998b389-328a-d959-9231-fa155bd7a8fe,2021-03-12,2021-03-23,749cc125-0c99-cbac-d5d4-34ba4953f0f7,1fd9bf2b-7692-5b65-57c2-4b03f5f4b1e6,53950000,Respiratory therapy,,
88fbf307-7c6c-4ccc-6685-349d292e3bf8,1956-02-03,,1893d8d9-6c1d-5874-217e-bb37ab816bdc,7d1a74e1-46fc-f1cc-4cac-918d435e8022,718361005,Weight management program,,
c0b4dab7-4719-1d4e-a126-dfbf89463d50,1965-02-26,,1893d8d9-6c1d-5874-217e-bb37ab816bdc,9b153ade-f541-9166-1dff-11762ebaf04d,698360004,Diabetes self management plan,15777000,Prediabetes
6395587c-18b6-2f78-fd1e-91de4ac3553a,1988-11-15,,1893d8d9-6c1d-5874-217e-bb37ab816bdc,dfe58dfb-d5fa-90a4-c02c-77a77f816580,408869004,Musculoskeletal care,239872002,Osteoarthritis of hip
7ee7541c-b98a-dff9-82eb-48dc6c07ce05,2014-03-28,2014-04-12,1893d8d9-6c1d-5874-217e-bb37ab816bdc,6d83ea50-d47f-d5d7-b2f9-b6c6fb481b69,53950000,Respiratory therapy,,
39612424-d4d0-ca19-f918-a0f7cf3323fa,2015-04-10,2015-07-16,1893d8d9-6c1d-5874-217e-bb37ab816bdc,c709ef46-5871-14f6-64c9-62abb9b3edef,385691007,Fracture care,58150001,Fracture of clavicle
994899c8-991f-b1c8-26e3-b01e39f05951,2019-04-10,2019-07-23,1893d8d9-6c1d-5874-217e-bb37ab816bdc,41ce86a2-ab49-539e-513a-a69832c670c6,385691007,Fracture care,359817006,Closed fracture of hip
5c3a943a-6e1c-b33d-2495-424d92993a8b,2022-11-06,,1893d8d9-6c1d-5874-217e-bb37ab816bdc,a978a327-7114-05b8-8517-c5aa346253d1,735984001,Heart failure self management plan,88805009,Chronic congestive heart failure (disorder)
d42b409e-96ed-f54a-aa6e-4f8da4b8e4b6,2023-05-05,2023-05-15,1893d8d9-6c1d-5874-217e-bb37ab816bdc,d110249a-1ed4-303d-3e7d-6d90df9e0a3d,736353004,Inpatient care plan (record artifact),88805009,Chronic congestive heart failure (disorder)
b7957b70-a1c4-00a6-2cc9-72b17bf9bb5d,2020-07-17,2020-08-14,72987e68-5d91-28f0-11e0-59c18881ae58,2d2a664c-e93e-1647-ace1-5ecdc4063c77,53950000,Respiratory therapy,,
e546a918-2814-75bd-7bcd-4e9848f6bcc8,2014-05-31,2014-06-27,0af29084-cb31-a318-9a14-0ea79246834b,dfa7340d-c287-a7d4-1d96-08dc6995ed9b,773513001,Physiotherapy care plan (record artifact),44465007,Sprain of ankle
de739168-89d0-7b30-409e-5e28fffca478,2021-04-01,,0af29084-cb31-a318-9a14-0ea79246834b,bb1cc79c-337e-f43a-4bc0-7f135e3bd081,718361005,Weight management program,,
736307ff-7ffe-db81-3882-d890ac576017,1976-06-28,,ffea0a9e-b928-a725-9277-ca2872c9a1a4,e4176128-1da7-5116-7101-25c3217a3d0c,698360004,Diabetes self management plan,15777000,Prediabetes
b6752861-5801-9ba6-1fcf-cdbc0af12977,2002-06-10,,ffea0a9e-b928-a725-9277-ca2872c9a1a4,15e5f06c-e937-b950-7b63-6c751b831bd1,736285004,Hyperlipidemia clinical management plan,55822004,Hyperlipidemia
6d4a57d7-efdb-10a0-68c9-4ef2fe8f82b1,1994-01-08,,190d55f7-db10-7e65-1754-7526a88521f0,ea501666-c2b2-ab46-e580-20bc89fb00f2,698360004,Diabetes self management plan,15777000,Prediabetes
ee13329e-e1bd-54d1-2d1a-07501cb329e1,1995-06-03,,190d55f7-db10-7e65-1754-7526a88521f0,00b3c72c-a3fc-71c5-4cee-d04e1f0b7d98,734163000,Care plan (record artifact),,
3bd20cc0-b25a-7f47-29b9-b0e37d5e8d50,2012-11-17,,190d55f7-db10-7e65-1754-7526a88521f0,d4b4e5f7-615e-321e-110a-4d8cf6c73096,443402002,Lifestyle education regarding hypertension,59621000,Essential hypertension (disorder)
024a69e4-2c1b-ba7f-f48a-bcb2f5e33487,2014-02-03,2014-02-27,190d55f7-db10-7e65-1754-7526a88521f0,469d821d-8d11-3712-0e3c-821e1c66d12a,276239002,Therapy (regime/therapy),,
99cd3833-889c-1768-5411-2467ac584355,2018-11-10,2020-11-16,190d55f7-db10-7e65-1754-7526a88521f0,2e6629af-9a99-fe62-fe93-88404a13994f,395082007,Cancer care plan,109838007,Overlapping malignant neoplasm of colon
5447bee8-24f3-b224-9577-4a2c8ed4a6cf,2018-11-18,2018-12-10,190d55f7-db10-7e65-1754-7526a88521f0,f7bf8833-6700-3bbf-db78-6c86af5aa895,737567002,Major surgery care management (procedure),109838007,Overlapping malignant neoplasm of colon
ddc6251e-db4a-0598-3c2e-abb4a3c507d8,2021-01-20,2021-01-20,190d55f7-db10-7e65-1754-7526a88521f0,5188c520-3cbe-f408-d912-f83882d5d5a2,736376001,Infectious disease care plan (record artifact),,
4adc015e-fd95-fb5a-f264-b9b153554628,2021-01-20,2021-02-14,190d55f7-db10-7e65-1754-7526a88521f0,5188c520-3cbe-f408-d912-f83882d5d5a2,736376001,Infectious disease care plan (record artifact),,
c9ac29f4-8de3-eba6-a3c5-eb724fd98a98,2021-03-23,2021-05-04,190d55f7-db10-7e65-1754-7526a88521f0,1730a427-d716-9025-96c7-076b171388bd,385691007,Fracture care,58150001,Fracture of clavicle
532fbc97-8509-576a-b9e0-aa600818b5ba,2002-10-05,,67f5594d-2eaa-6ec5-7571-ea40434b9444,a726b9a4-4e7a-3f16-25ac-e743bef03808,384758001,Self-care interventions (procedure),,
8c69ff9c-1a3c-aa5a-1782-1424dd944fac,2016-03-11,,67f5594d-2eaa-6ec5-7571-ea40434b9444,4af326bc-cd62-e203-d318-2e39c02bc14f,443402002,Lifestyle education regarding hypertension,59621000,Essential hypertension (disorder)
7c638564-1f6d-03b5-0675-b3ec2bd9e28f,1988-08-14,,6cbbd171-0083-5a19-2b67-4e6d51060076,16412bf6-60f4-747b-008d-d812758863dc,443402002,Lifestyle education regarding hypertension,59621000,Essential hypertension (disorder)
064822d8-8e6b-9b97-9664-0d4aa433ade2,2020-10-26,2020-11-11,6cbbd171-0083-5a19-2b67-4e6d51060076,97e7ef35-90cf-4719-ec1d-e94cf5ab4533,225358003,Wound care,370247008,Facial laceration
f508c77e-dd57-913e-b2e3-313c3ef424aa,2020-12-13,2020-12-13,6cbbd171-0083-5a19-2b67-4e6d51060076,3ae8bc86-9906-0ed5-263c-dd4a8ae56a48,736376001,Infectious disease care plan (record artifact),,
e67163ba-ba91-239d-e3e2-2cdfdfdefe35,2020-12-13,2021-01-06,6cbbd171-0083-5a19-2b67-4e6d51060076,3ae8bc86-9906-0ed5-263c-dd4a8ae56a48,736376001,Infectious disease care plan (record artifact),,
295c5616-46fd-2bdc-0f7f-9cb47668c413,2021-10-03,2021-10-10,6cbbd171-0083-5a19-2b67-4e6d51060076,b763b3fe-3980-c202-e04d-c3ee06b863c5,53950000,Respiratory therapy,,
94f7dd3e-f5b4-daf8-0b01-80ba8e4c1b8c,2021-12-22,2022-01-25,6cbbd171-0083-5a19-2b67-4e6d51060076,d4aef1b9-7f0c-8a1b-c66c-0a0ea1a137c3,133901003,Burn care,403191005,Second degree burn
a3a159b7-6f59-d5a3-0236-d4101482e43a,2016-12-08,2016-12-27,c8436f34-eedb-3100-d5d5-97abf3890fc8,03fc8185-dec6-76d0-864b-ea5b360b721f,225358003,Wound care,284549007,Laceration of hand
954167fd-64ee-bf64-dba6-6ee636de0a50,1998-02-17,,a1edb03b-52a2-c470-c73a-63f422475e1e,6da4aea9-bff9-580d-ceaa-0c550a178d5a,698360004,Diabetes self management plan,15777000,Prediabetes
bc96e0ee-6ac3-06d5-e207-d8f58017953c,1999-01-05,,a1edb03b-52a2-c470-c73a-63f422475e1e,39d1f799-920c-0d91-6ef9-8c0dca6d3de6,736254008,Psychiatry care plan,47505003,Posttraumatic stress disorder
02fe5016-f489-2d82-c804-1b7f94325f91,2012-10-01,2015-01-06,a1edb03b-52a2-c470-c73a-63f422475e1e,2c8414f4-4ac9-ccb8-da44-de72fe5b625b,395082007,Cancer care plan,94260004,Secondary malignant neoplasm of colon
6774b7fa-f442-727e-9f4a-18c2e22f6773,2014-04-05,,a1edb03b-52a2-c470-c73a-63f422475e1e,749d9676-f4ec-dbe7-ee57-770f28dcccb0,276239002,Therapy (regime/therapy),,
94d6afef-2a51-b552-e420-bdec231f423b,2014-10-20,2014-11-23,a1edb03b-52a2-c470-c73a-63f422475e1e,c09378ce-8d43-0ae3-017c-71a867fdff0f,773513001,Physiotherapy care plan (record artifact),44465007,Sprain of ankle
147ffb5d-73e0-90a6-0945-79e52585c543,2023-02-07,,a1edb03b-52a2-c470-c73a-63f422475e1e,e07ee3e8-2204-cb6c-787d-e354a6cc3257,736252007,Cancer care plan,126906006,Neoplasm of prostate
1f49cf85-a891-b8fe-1c4d-373b8127de7c,2014-12-16,2015-08-04,fcbc3796-7e46-eded-ee44-f541d533e674,ef42741e-adc5-d171-e966-23b25f5d3625,134435003,Routine antenatal care,,
70318655-41f9-39d5-9dd9-9553aa890735,2015-12-22,2016-08-02,fcbc3796-7e46-eded-ee44-f541d533e674,5f665794-b200-8a59-7ebe-14533f8ec923,134435003,Routine antenatal care,,
a00fafee-a468-c8a5-c228-db9c02996bde,2017-09-16,2017-09-30,fcbc3796-7e46-eded-ee44-f541d533e674,e32d6639-e3c3-9d7d-7ebc-908553c2aebf,773513001,Physiotherapy care plan (record artifact),44465007,Sprain of ankle
b35cb681-8ba4-662f-71cf-1f7654f617e6,2019-02-19,2020-05-05,fcbc3796-7e46-eded-ee44-f541d533e674,7aee3c03-ecc7-fd75-d757-ce1c98970a12,53950000,Respiratory therapy,,
58a90135-1408-80b2-fc07-04d7c6101721,2020-03-31,2020-11-10,fcbc3796-7e46-eded-ee44-f541d533e674,4db39efd-4dd6-720b-436d-91005a597092,134435003,Routine antenatal care,,
63941d9e-1d00-ce4e-f7f4-f26e721855a8,2005-01-29,,a06b8d48-a696-7be3-9290-c9364c8a341c,8b860766-c0a1-4c32-ecbb-4ed74ba6b04c,443402002,Lifestyle education regarding hypertension,59621000,Essential hypertension (disorder)
a023862d-3763-e4f9-0fc1-76ca39c07153,2010-11-29,,a06b8d48-a696-7be3-9290-c9364c8a341c,d3b2bff2-5054-8778-106f-b3e5c45dcb3d,734163000,Care plan (record artifact),73430006,Sleep apnea (disorder)
3d14c253-edab-3971-0c0c-530ca2eca585,2014-02-03,2014-03-05,a06b8d48-a696-7be3-9290-c9364c8a341c,28e05415-1b28-89cb-766f-b25520d713d7,276239002,Therapy (regime/therapy),,
e4c1abb3-2be5-b93f-1148-6cb988cab957,2014-04-04,,a06b8d48-a696-7be3-9290-c9364c8a341c,311876d6-75b1-18a1-de9c-9683fe5da8b1,276239002,Therapy (regime/therapy),,
9a92bd10-bc07-d748-ce3d-56a225b13bed,2016-03-21,2016-03-28,a06b8d48-a696-7be3-9290-c9364c8a341c,981902fd-2918-e0f8-278d-ab9842cf22e4,773593000,Urology care plan (record artifact),301011002,Escherichia coli urinary tract infection
7f6c7957-f75f-9366-8a3c-f10f16622ad9,2017-06-05,2018-04-14,a06b8d48-a696-7be3-9290-c9364c8a341c,63874172-12f2-b74f-d28f-0df48c6db28d,53950000,Respiratory therapy,,
dfe27521-66a5-6c57-ce6d-27919569a78a,2019-11-07,2020-04-25,a06b8d48-a696-7be3-9290-c9364c8a341c,a7b65630-b43a-07da-f4d4-685c33808b19,53950000,Respiratory therapy,,
18c7b0c5-a1c5-1b74-0799-83c412794aaa,2022-08-04,,a06b8d48-a696-7be3-9290-c9364c8a341c,e2b7ac58-5da4-4d0e-3301-74d1c79982b8,408869004,Musculoskeletal care,239873007,Osteoarthritis of knee
1329192a-6819-d361-921a-538741c432aa,2002-11-15,,9ce56234-b960-37e8-10aa-82c990d1b837,4b5fb245-b21b-a889-3869-a26eec811635,698360004,Diabetes self management plan,44054006,Diabetes mellitus type 2 (disorder)
0b48ce39-275e-b20a-6754-a8a78860e16d,2009-01-09,,9ce56234-b960-37e8-10aa-82c990d1b837,608b8220-afd6-e229-cb2c-93ee17426ef0,736285004,Hyperlipidemia clinical management plan,55822004,Hyperlipidemia
a78d8da6-fb3b-57b1-fb02-a07e32473bab,2013-06-17,,9ce56234-b960-37e8-10aa-82c990d1b837,14fa707c-8ba5-4e3b-90a0-73a5a5033d92,736690008,Dialysis care plan (record artifact),,
bde93f0a-2cdf-7143-d0b4-73c667f5441f,2014-03-06,,9ce56234-b960-37e8-10aa-82c990d1b837,3c46c771-f98b-1512-a076-c72c2056e71c,276239002,Therapy (regime/therapy),,
f00460f5-510d-e893-dc5f-29b34645cb78,2016-09-11,,9ce56234-b960-37e8-10aa-82c990d1b837,31f82fea-0f27-effd-0d5f-eb810d9de04f,734163000,Care plan (record artifact),,
73d5df66-b640-1399-25f9-90d0db213619,1974-05-19,,ea62ace8-cbb3-0eef-5269-8c11dcb7d467,49bfbf21-1071-6c10-b2a2-260e4046622b,698360004,Diabetes self management plan,15777000,Prediabetes
b0fec050-e8e5-29fd-eea5-cf4fbc82fbd8,2015-12-25,2016-02-09,ea62ace8-cbb3-0eef-5269-8c11dcb7d467,ed336b5f-8e02-e5d5-0e0a-941dfd611e65,47387005,Head injury rehabilitation,62564004,Concussion with loss of consciousness
3d8c580d-4820-f057-96f8-993492abb3f2,2022-01-08,2022-03-16,9ce56234-b960-37e8-10aa-82c990d1b837,b2fd7d2b-d7ae-7ffb-1811-6dc4f49a1f2e,385691007,Fracture care,65966004,Fracture of forearm
42fd1d06-9162-fe42-cf6e-35bb82b96017,2017-06-25,,ea62ace8-cbb3-0eef-5269-8c11dcb7d467,95fb4075-4f74-a218-d49e-09dcdd2f2043,443402002,Lifestyle education regarding hypertension,59621000,Essential hypertension (disorder)
25ddd524-cf2d-1096-75f9-55f98f614f38,2020-11-07,2020-11-24,ea62ace8-cbb3-0eef-5269-8c11dcb7d467,f4d49d01-39d8-73ad-2119-6d89a151223c,773513001,Physiotherapy care plan (record artifact),44465007,Sprain of ankle
de4a46c2-c0cc-f694-7ace-dcb192d98576,2015-01-22,2015-02-22,752ff43e-4984-69b8-5f4f-785f86cc6d3d,02adb4b4-1ee6-c2ff-9675-15cb501c6ea2,773513001,Physiotherapy care plan (record artifact),70704007,Sprain of wrist
c05c2639-0b8e-3012-fc9d-f91ca97b2ca3,2015-10-09,2020-07-24,752ff43e-4984-69b8-5f4f-785f86cc6d3d,30c0af94-248c-9197-d818-c27c530fe4b2,386522008,Overactivity/inattention behavior management,,
c1ccb0ff-4b74-e8cc-07e3-3ecf06e20e2b,2017-01-06,2017-02-12,752ff43e-4984-69b8-5f4f-785f86cc6d3d,cab764d0-0b4a-28e9-3443-0b5141ce0f96,408869004,Musculoskeletal care,,
b203ec77-3562-be9e-c91f-8060d800ec5d,2018-02-11,2018-03-03,752ff43e-4984-69b8-5f4f-785f86cc6d3d,22f283c9-4568-ccfe-22a4-346212b27814,773513001,Physiotherapy care plan (record artifact),44465007,Sprain of ankle
ca3f9e73-931d-e5f7-5e90-dfe27d342ece,1985-11-06,,64226144-1e87-2b7f-883a-523091e11863,6ac95b75-0561-0471-b019-773ccea16bc1,443402002,Lifestyle education regarding hypertension,59621000,Essential hypertension (disorder)
fccf4526-cd69-d446-bc40-b2950a51ad47,2002-06-23,,5c25e28f-1e18-32a2-1137-263102e9fe0b,9d3fd953-8d09-c4b6-5f06-21d280c86e54,384758001,Self-care interventions (procedure),,
52758ba3-c54b-b26b-ceb5-ed8693697c9d,2007-12-29,,bc96bce1-776b-ce85-5cfa-c21089f4e7a4,0814db56-a834-298d-319f-51a5df823a77,698360004,Diabetes self management plan,15777000,Prediabetes
0001d29a-1f37-30cd-4e21-75bc7144bc57,2014-02-03,2014-03-06,bc96bce1-776b-ce85-5cfa-c21089f4e7a4,ec97d56f-be51-839e-4aca-fa1acd3dccad,276239002,Therapy (regime/therapy),,
0e53df85-60b1-0a2c-69cc-a8e2a2eb3739,2014-04-05,,bc96bce1-776b-ce85-5cfa-c21089f4e7a4,40c5df9f-1145-3145-fa92-7d1de3f24195,276239002,Therapy (regime/therapy),,
2393ecd2-2a7d-ab9f-fc63-8fb438fa15ff,1997-05-18,,38916cbf-beb2-1fb6-5e62-56d0cbee3d43,5c4a908f-d1b8-4eaa-f44d-2805613ace95,384758001,Self-care interventions (procedure),,
e1ae5d58-9793-fb44-7a63-0a6fbefdf145,2016-06-09,,38916cbf-beb2-1fb6-5e62-56d0cbee3d43,ef01b5e9-4612-7956-c98a-2440775da6c7,698360004,Diabetes self management plan,15777000,Prediabetes
16990533-a4b6-ac68-960d-315a9d0e81fa,2018-04-05,2018-06-16,38916cbf-beb2-1fb6-5e62-56d0cbee3d43,ec0c63ec-7aa8-322f-5c93-52eb41629ff3,47387005,Head injury rehabilitation,62106007,Concussion with no loss of consciousness
cb8c77e4-b9e2-7fd3-a574-ab3876db1b4c,2013-11-09,2014-06-07,964a3e54-eddc-abe8-9fd7-c6b7f75b063c,60236d0e-d2f0-c1ed-f75d-45639c7128ad,134435003,Routine antenatal care,,
3190377d-0317-73c1-fad0-4e299db2be26,2014-11-01,,964a3e54-eddc-abe8-9fd7-c6b7f75b063c,ef5ce4eb-3283-9abc-17e6-7487e2c21911,443402002,Lifestyle education regarding hypertension,59621000,Essential hypertension (disorder)
692c51c9-17a5-8448-2ff6-5a6c7e1a0854,2015-03-28,2015-10-24,964a3e54-eddc-abe8-9fd7-c6b7f75b063c,1329ddf9-f2ad-be99-eb1d-db0ded217e0a,134435003,Routine antenatal care,,
629e4be3-5504-94d1-29e3-d1d6ca6162db,2016-12-12,2016-12-19,964a3e54-eddc-abe8-9fd7-c6b7f75b063c,fe1c3763-c421-0df2-2986-0ae3cf8653dd,773593000,Urology care plan (record artifact),301011002,Escherichia coli urinary tract infection
8803cb8e-24da-ca7e-43ba-4b238d1a7f7f,2006-08-27,,1e904621-2bbe-3aa0-77cd-f02dc817cecd,15ae7955-2551-b9a8-d1f9-775f2a424afc,698360004,Diabetes self management plan,15777000,Prediabetes
0d9032a4-a43e-c4a6-4570-693530931516,2012-09-30,,1e904621-2bbe-3aa0-77cd-f02dc817cecd,3ff08c66-e3f3-f923-e769-f45b4b3a79d7,443402002,Lifestyle education regarding hypertension,59621000,Essential hypertension (disorder)
eb4d7bd7-0657-0d24-b372-dfd3723b3413,2017-06-03,2018-01-13,964a3e54-eddc-abe8-9fd7-c6b7f75b063c,0eca06ce-dd3b-0388-be70-5290c7e2398b,134435003,Routine antenatal care,,
13002561-fca6-f49a-dfd8-28e827c077a0,2019-04-20,2019-11-16,964a3e54-eddc-abe8-9fd7-c6b7f75b063c,0ce4f7cc-4189-17d9-169c-159afe6b582e,134435003,Routine antenatal care,,
2535ccd8-ba73-3a3d-02e7-c689768a5879,2019-09-11,2019-11-30,964a3e54-eddc-abe8-9fd7-c6b7f75b063c,15686247-36fc-3f8e-db43-835ab231aaf2,53950000,Respiratory therapy,,
ed27cad7-8cd3-c781-3f74-12005dece8f1,2019-11-08,2020-01-26,964a3e54-eddc-abe8-9fd7-c6b7f75b063c,30826d00-7139-00f2-d823-d4926320adaf,47387005,Head injury rehabilitation,62106007,Concussion with no loss of consciousness
6a90b73d-6a66-1632-abf8-a773e7a9b23a,2008-09-16,,aea59487-a042-3ef3-bebf-455c441464e3,ec22d878-7a4d-f8d4-6f74-a7bb63dd1e29,698360004,Diabetes self management plan,15777000,Prediabetes
9cba9666-18b1-0c01-f50b-06b16d83a6c0,2015-05-23,2015-10-11,aea59487-a042-3ef3-bebf-455c441464e3,fe46fb8f-e3b3-5d7b-b3b8-675336f1d706,773513001,Physiotherapy care plan (record artifact),444470001,Injury of anterior cruciate ligament
25bf17aa-83f1-3bd4-5161-9dc3b55e8b0c,2021-08-30,2021-09-24,1e904621-2bbe-3aa0-77cd-f02dc817cecd,64739176-ae83-f304-f232-cec0b480cef7,225358003,Wound care,283385000,Laceration of thigh
f991f509-8d80-82bb-a50e-36d0cc408020,2018-03-17,2019-08-27,aea59487-a042-3ef3-bebf-455c441464e3,dac796af-3c80-2010-940d-45abecff62ab,53950000,Respiratory therapy,,
eb4b8d69-8070-966c-7d68-1a22de29641e,2021-01-17,2021-01-17,aea59487-a042-3ef3-bebf-455c441464e3,9ca6d1e9-a8c0-8a2d-7498-beaa6f24a5f6,736376001,Infectious disease care plan (record artifact),,
50e9b764-3489-1443-6157-8c5f8ccb5428,2021-01-17,2021-02-19,aea59487-a042-3ef3-bebf-455c441464e3,9ca6d1e9-a8c0-8a2d-7498-beaa6f24a5f6,736376001,Infectious disease care plan (record artifact),,
b91b06ad-432a-b21d-ccf5-18c932b63591,2021-07-20,,aea59487-a042-3ef3-bebf-455c441464e3,561dde95-b75b-d218-04be-efe9d2707865,736285004,Hyperlipidemia clinical management plan,55822004,Hyperlipidemia
7b06dde9-e267-99f4-4e9e-53999a2ab166,2022-02-14,2022-03-07,495b59ae-1e9f-a417-19eb-f32d9b0aa2f2,e01f7291-9240-f540-3db2-f83beddccc22,225358003,Wound care,283371005,Laceration of forearm
eef2d08f-40f2-9b90-5278-b64e6f030f1b,2018-03-31,2018-04-11,4aa68e79-b1fa-aeed-0a6b-01510e15cd56,6b9b5039-ec9d-b74e-30ad-ab42d62f04c0,53950000,Respiratory therapy,,
0780421c-e775-b170-ecab-16a01b59cb0b,2022-04-25,,4aa68e79-b1fa-aeed-0a6b-01510e15cd56,c92b5d3c-c109-09a0-0162-87b54116e360,718361005,Weight management program,,
2f1776e0-4444-d532-01c3-64f39ea9590a,2020-11-01,2020-11-16,d718c506-ab70-8f0b-c2c5-541db7dc39f9,be604254-c51a-1fd8-d6c0-2770899a5d1e,53950000,Respiratory therapy,,
7163cc7b-8f69-1b57-410a-e9eca4796b0d,2023-02-25,2023-04-06,d718c506-ab70-8f0b-c2c5-541db7dc39f9,b5e0b164-c4fe-afbe-ed64-90d28e7d1529,47387005,Head injury rehabilitation,62106007,Concussion with no loss of consciousness
e9657dd7-93e6-6ba2-3eb2-816640628429,1982-04-25,,88bf2f0c-838c-6baf-f405-acc6c73b1069,28c50783-0e93-3958-d6af-37ae24e233c5,734163000,Care Plan,73430006,Sleep apnea (disorder)
98b8d1ce-c025-b8c3-19ae-7ea6fad030e0,1985-02-10,,88bf2f0c-838c-6baf-f405-acc6c73b1069,fa0ccef8-dc4d-aa45-ae62-f5e05f3103a8,443402002,Lifestyle education regarding hypertension,59621000,Essential hypertension (disorder)
cdf9925f-202f-6642-a975-814d6f78d5f6,1990-09-09,,88bf2f0c-838c-6baf-f405-acc6c73b1069,a39eb66b-5753-d003-8c4a-36f4e773472d,698360004,Diabetes self management plan,15777000,Prediabetes
79bc33c3-60c0-b9ba-47ab-914fe707705c,2012-12-14,,88bf2f0c-838c-6baf-f405-acc6c73b1069,83ea3257-1eef-9ce1-55be-4ff5cba33516,736690008,Dialysis care plan (record artifact),,
cf38dc6d-9a7b-6c3a-ee35-69552403dd44,2020-08-30,2020-10-11,88bf2f0c-838c-6baf-f405-acc6c73b1069,6eb2e9b7-4da6-2828-6128-07f1a4fa55c9,47387005,Head injury rehabilitation,62106007,Concussion with no loss of consciousness
3ca157e9-e3a0-d38a-c7c6-0456c03c2afe,2022-11-14,2023-01-24,88bf2f0c-838c-6baf-f405-acc6c73b1069,b927a9f6-dd5f-9e67-1483-186313ffe72e,385691007,Fracture care,33737001,Fracture of rib
f1fc43ee-41c7-853a-0550-c77e3ebf5b1b,2023-10-08,,88bf2f0c-838c-6baf-f405-acc6c73b1069,a5a74cd4-64dc-0878-2844-0af1b90e8308,736285004,Hyperlipidemia clinical management plan,55822004,Hyperlipidemia
