Id,START,STOP,PATIENT,ENCOUNTER,CODE,DESCRIPTION,REASONCODE,REASONDESCRIPTION
c78cbdf7-72ab-0803-73d4-13f31ca429f7,2004-08-17,,22de1482-f277-8ace-08b1-c917c5234246,690a4601-2bda-e6b2-4f17-be0e5690f950,718361005,Weight management program,,
e1340ac8-9a52-d4e3-9542-1ee1113a0e93,2014-04-06,,22de1482-f277-8ace-08b1-c917c5234246,d8e72b96-1097-4e5c-74c3-fe2d3b5b2186,276239002,Therapy (regime/therapy),,
a77e0663-f0bd-740a-9aed-6a1ddf20135d,2014-12-16,2015-07-21,22de1482-f277-8ace-08b1-c917c5234246,1d8823a6-92cf-c2b1-a170-d7523b623bb0,134435003,Routine antenatal care,,
655f4a8b-ea91-2767-5e86-8bb0333c4965,2020-10-27,2021-05-25,22de1482-f277-8ace-08b1-c917c5234246,7c341bd0-0367-6005-05f6-9b70b9287ec5,134435003,Routine antenatal care,,
f37438af-8397-f49a-be17-71eb1f5f33c2,1992-02-12,,0e74cc7f-a22f-3945-8d8f-f1db9ff24e08,5a306fac-b0c5-2050-b4ed-127f76df1818,443402002,Lifestyle education regarding hypertension,59621000,Essential hypertension (disorder)
8d0d1a79-6746-506c-9d4c-0552f86fd6a9,1992-02-12,,0e74cc7f-a22f-3945-8d8f-f1db9ff24e08,5a306fac-b0c5-2050-b4ed-127f76df1818,698360004,Diabetes self management plan,15777000,Prediabetes
30ea6f84-841d-c6bf-73b9-a4085d4aa36a,2015-12-29,2016-06-29,0e74cc7f-a22f-3945-8d8f-f1db9ff24e08,e6c2ce4d-ca2a-59e0-f9cd-e8a9739945c5,53950000,Respiratory therapy,,
818cabc2-0a5f-9409-a818-188ddefa840f,2016-07-23,,0e74cc7f-a22f-3945-8d8f-f1db9ff24e08,e73a8b89-fb86-9afa-30b2-34b8914418ca,408869004,Musculoskeletal care,239873007,Osteoarthritis of knee
48825aeb-3697-688a-a6d2-edca671ccaaa,2019-03-18,2019-07-17,0e74cc7f-a22f-3945-8d8f-f1db9ff24e08,4e1788f6-e92d-a097-9e4e-92e241f58e7a,53950000,Respiratory therapy,,
00492a58-0feb-b9b6-71c4-424934c65621,2022-11-29,2023-08-09,0e74cc7f-a22f-3945-8d8f-f1db9ff24e08,6cda5c5c-89c8-ef4b-8628-f0d061032b17,53950000,Respiratory therapy,,
c9054216-757d-c4d9-b487-718bedfc873c,1976-09-27,,08f588d5-7ddb-4a35-4797-527cc449f472,7413c4c4-f60e-9545-80ee-48a30770ecaf,384758001,Self-care interventions (procedure),,
dd89b369-1208-6389-246c-17c3380e2095,2014-04-03,,08f588d5-7ddb-4a35-4797-527cc449f472,a8b10974-ebd7-a2ff-5579-5fbd1199bae1,276239002,Therapy (regime/therapy),,
75f0638e-e996-28bd-eabd-84c809d357d6,2016-07-07,2017-04-27,08f588d5-7ddb-4a35-4797-527cc449f472,4e243ceb-9f76-c621-4851-1e59afb907cd,53950000,Respiratory therapy,,
54042b3e-9be6-fb11-33a5-7c566804fabc,2018-07-20,,08f588d5-7ddb-4a35-4797-527cc449f472,07366dd6-2d4d-b130-39c8-c15a5dc8b7fa,734163000,Care plan (record artifact),73430006,Sleep apnea (disorder)
f0831b0f-9278-c374-c006-21c452c86971,2019-05-09,,08f588d5-7ddb-4a35-4797-527cc449f472,cab1eb24-8924-a128-702b-207a625b30f8,443402002,Lifestyle education regarding hypertension,59621000,Essential hypertension (disorder)
dfb1a19a-8488-0287-3a46-b5e10fc1a81a,2021-02-24,2021-03-11,08f588d5-7ddb-4a35-4797-527cc449f472,3818eaf8-4b8b-1c10-e71a-36c167ed3a14,225358003,Wound care,284551006,Laceration of foot
ca538834-df88-29b1-fd94-e9748304b662,1974-03-05,,3ef58350-933a-f193-5ad3-0cfa81e14adc,6b37434e-c951-f667-3479-0a6b6fca8c75,384758001,Self-care interventions (procedure),,
fd309761-4df2-15ff-ee9f-4dfdd40c5b5d,2007-03-06,,3ef58350-933a-f193-5ad3-0cfa81e14adc,12cfc73e-dc94-4b4d-168d-fa6426dca581,443402002,Lifestyle education regarding hypertension,59621000,Essential hypertension (disorder)
2fc73220-f99f-e9f5-5295-ec1dac5ed2ee,2007-03-06,,3ef58350-933a-f193-5ad3-0cfa81e14adc,12cfc73e-dc94-4b4d-168d-fa6426dca581,698360004,Diabetes self management plan,15777000,Prediabetes
48b6ccb7-26e1-bd94-86f6-99b224126f97,2024-03-23,2024-04-02,3ef58350-933a-f193-5ad3-0cfa81e14adc,b4fd7996-6e91-f17b-237f-abc7e966f258,53950000,Respiratory therapy,,
2748ac25-c216-f423-d81a-770b406e135a,2014-04-03,,56990fb0-2be8-8ab1-1f87-3da07f36ce85,3731a89a-4b46-fff6-dc4e-448ab79bf83e,276239002,Therapy (regime/therapy),,
96a897d4-e923-26ae-82cc-25d24df0aacc,2021-07-26,2021-08-11,56990fb0-2be8-8ab1-1f87-3da07f36ce85,e7474bd6-0ead-bde2-54e5-6d04dc3bccc8,773513001,Physiotherapy care plan (record artifact),44465007,Sprain of ankle
d90f9576-7b29-b5f6-59da-7fb94edc00b8,2012-04-19,,53c02890-e27f-866a-91c1-5b55ce0213af,78f05327-153a-33d6-1d18-aea2ff2540d8,734163000,Care plan (record artifact),,
28a778d5-7169-29c3-6ea2-405db8e2bde4,2013-10-04,2016-07-13,53c02890-e27f-866a-91c1-5b55ce0213af,464f6505-539b-427b-ab01-4eb4f79f908f,711282006,Skin condition care,40275004,Contact dermatitis
177e9497-30df-15f6-a285-c99bb5bbddfb,2013-10-21,,53c02890-e27f-866a-91c1-5b55ce0213af,b33f18e7-fb0d-72aa-af45-05f13e7a0dcd,384758001,Self-care interventions (procedure),,
f32f6967-4970-169c-34df-ab62b3d24c81,2020-10-21,2020-10-22,53c02890-e27f-866a-91c1-5b55ce0213af,639d470a-1d9e-c310-9eef-56d2f08aec8d,736376001,Infectious disease care plan (record artifact),,
c2c851b2-d22a-bd51-733d-51923f1099ce,2020-10-22,2020-11-21,53c02890-e27f-866a-91c1-5b55ce0213af,639d470a-1d9e-c310-9eef-56d2f08aec8d,736376001,Infectious disease care plan (record artifact),,
7ff8d4bc-d457-c4da-fb9f-6673fd1cf20f,2019-04-14,2019-05-25,0e2584b0-8fc1-6652-aa1b-324b88fdf3ad,d390e1db-99f1-7e53-7e27-dc5e45796569,408869004,Musculoskeletal care,,
49f02460-e04c-a6ec-4d0c-4b8ea3e47118,2011-10-26,,145b6726-459c-08dc-62a7-92f7e7d2358b,a3af6ea5-290d-d5ca-ede7-533332448cfe,698360004,Diabetes self management plan,15777000,Prediabetes
fdd928ad-3864-0dee-a718-2a6fb5eadb48,2015-12-02,2016-06-29,145b6726-459c-08dc-62a7-92f7e7d2358b,ca9225fe-9386-aaf8-d1a4-1bdbeaa317f8,134435003,Routine antenatal care,,
ab35b002-add9-830e-c0f5-7770f17de844,2017-02-12,2017-03-01,145b6726-459c-08dc-62a7-92f7e7d2358b,f0f0e550-abcf-22c4-7df7-61a345dd847c,225358003,Wound care,283371005,Laceration of forearm
b3a82b47-99b0-dcae-05ad-500105ec8b4c,2023-09-27,,145b6726-459c-08dc-62a7-92f7e7d2358b,9c0fbb4e-9149-e247-ad67-f6e75359fc9d,736372004,Discharge care plan (record artifact),,
fe2eda69-d691-f6ed-3964-aa73eee86c03,1997-06-16,,6e5e8785-d698-a872-cd75-3e8407467329,002fffed-c4f0-c2a2-5919-ad24358677e2,698360004,Diabetes self management plan,15777000,Prediabetes
3cb2122d-f829-3817-510c-37afbe4622c6,2019-09-09,,6e5e8785-d698-a872-cd75-3e8407467329,96dd60e9-ea03-2d30-5865-07391a09c832,736285004,Hyperlipidemia clinical management plan,55822004,Hyperlipidemia
47ba3da9-0c8a-b647-6bb9-a53541891240,2023-03-14,2023-09-11,6e5e8785-d698-a872-cd75-3e8407467329,41aa640f-e185-f087-8366-15a7af17ba70,53950000,Respiratory therapy,,
173a942b-b8f4-2ef2-bc54-7c98136839a3,1995-02-03,,ada02824-5ec9-4f79-8247-4e5f7c6158b6,069c5e17-00e5-b792-6fbb-b4220fa27dc8,718361005,Weight management program,,
d3434cf6-65d5-0e74-4f58-2db9518d896b,2011-04-22,,ada02824-5ec9-4f79-8247-4e5f7c6158b6,0e694378-9cfc-f258-9473-69edf1cf6a09,698360004,Diabetes self management plan,15777000,Prediabetes
77421c28-7993-88e7-e0fb-f4ec697d5f55,2018-09-25,2018-10-10,ada02824-5ec9-4f79-8247-4e5f7c6158b6,463b68ea-b32c-0d3e-66c7-11b2c09c9158,225358003,Wound care,284549007,Laceration of hand
06c23297-d54e-70d0-9d19-93b1a5cd2db0,1981-01-19,,dbab7030-ef37-0916-ba04-cbf42b6e2dd3,5c064ef7-2a99-f38a-019d-ab7b831119cc,443402002,Lifestyle education regarding hypertension,59621000,Essential hypertension (disorder)
38347bf9-5abb-7cec-b77b-7703feca6dd9,1984-02-12,,dbab7030-ef37-0916-ba04-cbf42b6e2dd3,e4374528-0ca1-2211-8443-0ed7abe1c998,698360004,Diabetes self management plan,15777000,Prediabetes
c865e042-01fb-0f8a-c55a-005112f899da,1992-02-14,,dbab7030-ef37-0916-ba04-cbf42b6e2dd3,6d6c21fa-4574-3807-0f5a-a7ea338b76ac,408869004,Musculoskeletal care,239872002,Osteoarthritis of hip
bf4b179d-7eb7-4b95-84d3-8724afacf24f,2014-04-06,,dbab7030-ef37-0916-ba04-cbf42b6e2dd3,0948f3ec-d699-6436-5b20-47a8a6baeea8,276239002,Therapy (regime/therapy),,
7e6b09f5-45c5-a76d-2526-282984b5b609,2014-12-15,2015-02-03,dbab7030-ef37-0916-ba04-cbf42b6e2dd3,2889659d-a12a-9eb0-99fc-e662e691655a,133901003,Burn care,403190006,Epidermal burn of skin (disorder)
2601b9d3-e372-14a4-04cd-f913c37b2b77,2018-07-27,2018-10-10,dbab7030-ef37-0916-ba04-cbf42b6e2dd3,653770d1-bc03-cfd3-398b-c7129a42f371,47387005,Head injury rehabilitation,110030002,Concussion injury of brain (disorder)
67f49260-f0b5-ad7f-9da1-3f4004e737d9,2022-08-22,,dbab7030-ef37-0916-ba04-cbf42b6e2dd3,10adbf11-6a3b-34f6-016b-b55d0cc9e616,735984001,Heart failure self management plan,88805009,Chronic congestive heart failure (disorder)
7e0d260b-ab64-1b21-35b8-ec6ae18d00a4,1969-10-14,,9f531c56-f15a-0158-d214-95f14e8082db,5245404b-8c97-434a-016a-b28f78c88e37,698360004,Diabetes self management plan,15777000,Prediabetes
40587246-bc2d-961f-8c13-0b5e4ccb19c8,1976-05-11,,9f531c56-f15a-0158-d214-95f14e8082db,e39ad018-5b9a-58cf-39d8-8c98d8d1630f,134435003,Routine antenatal care,,
11b29364-9d42-c226-5a83-9960a97a2bf0,1992-05-26,,9f531c56-f15a-0158-d214-95f14e8082db,6d84d4cd-f9de-f782-32a2-b0d09bb6c53e,443402002,Lifestyle education regarding hypertension,59621000,Essential hypertension (disorder)
74608927-8e88-d544-0bae-2fd4fbf674de,2017-11-23,2018-01-29,9f531c56-f15a-0158-d214-95f14e8082db,67ecfeff-08f6-cd10-6ffe-767d8bd15361,47387005,Head injury rehabilitation,62106007,Concussion with no loss of consciousness
27affdc1-cad7-8e17-45c7-5ddfd11babe0,2023-07-18,,9f531c56-f15a-0158-d214-95f14e8082db,176c8d95-70f0-6fa3-e269-0dce9edb7eb7,395082007,Cancer care plan,109838007,Overlapping malignant neoplasm of colon
707cfeaa-00c4-6588-bcc1-b0ec2685b47c,2023-07-29,2023-08-12,9f531c56-f15a-0158-d214-95f14e8082db,7b9eaf47-8d8c-469e-6595-745b785c0d60,737567002,Major surgery care management (procedure),109838007,Overlapping malignant neoplasm of colon
9d8aa74b-adcd-260b-1410-2f1046e178ce,1999-12-26,,d83e113b-4113-3376-1f00-bd65d61604ac,bea1d68e-57d2-d075-438b-19755b5f54a3,384758001,Self-care interventions (procedure),,
aace5042-7472-a003-3fd3-0af45cebefb8,2011-11-18,2016-02-18,d83e113b-4113-3376-1f00-bd65d61604ac,d3ce42cc-0ad4-c2b4-683e-5a12fa6b4d93,170836005,Allergic disorder monitoring,,
fcc067cd-bb6a-32ea-283e-14a34b8df301,2014-11-05,2015-03-17,d83e113b-4113-3376-1f00-bd65d61604ac,1537eda0-2bf0-41c2-14bd-4416c97575ec,408869004,Musculoskeletal care,,
8af11b8e-e7b3-504c-de3e-3097a1a35f12,2024-03-15,,d83e113b-4113-3376-1f00-bd65d61604ac,86bfa59c-1bbc-b0ea-6020-d4d99583c038,698360004,Diabetes self management plan,15777000,Prediabetes
4010e271-56d8-6e09-f2d5-8068245a5dc9,1987-03-28,,94d47cc1-fb23-69fa-b434-b981bdce0d1b,53a127a0-3c39-eeeb-51de-200a19156078,718361005,Weight management program,,
bd24eb76-5a37-ebe7-aa68-ed4563702715,1999-01-30,,94d47cc1-fb23-69fa-b434-b981bdce0d1b,ffe55b3c-e941-366e-22ef-19c46d0879b0,698360004,Diabetes self management plan,15777000,Prediabetes
b86a6bd2-51c3-300e-b49d-7321b47a44b9,2019-03-10,2019-04-12,8f8e8760-5656-b357-a01f-0d0baa80b4a1,b952b574-8927-938f-1034-70e369336946,47387005,Head injury rehabilitation,62106007,Concussion with no loss of consciousness
fec00352-036d-7d9b-268c-19b74250cfd2,2021-04-10,2023-06-24,8f8e8760-5656-b357-a01f-0d0baa80b4a1,76fac147-47c6-5936-4ce3-4033af0ee647,53950000,Respiratory therapy,,
ad7d1b2a-8ef6-af85-39b6-50e7f8b87702,1979-04-26,,50e2632b-8238-69cb-8da0-54221860cb8d,2fd5a6bc-77e7-2ab5-e658-b5a0a416ed4e,443402002,Lifestyle education regarding hypertension,59621000,Essential hypertension (disorder)
fb632638-6192-20d8-3c9b-42394cb26789,1985-05-30,,50e2632b-8238-69cb-8da0-54221860cb8d,e019eec6-2e67-af6e-0a4e-5ae3f1950b7d,698360004,Diabetes self management plan,15777000,Prediabetes
2121f059-7d99-8d3c-5c66-c64f2d09ee91,1985-05-30,,50e2632b-8238-69cb-8da0-54221860cb8d,e019eec6-2e67-af6e-0a4e-5ae3f1950b7d,734163000,Care Plan,,
7b474f6d-fa3f-7bcf-977c-afd0c0a9ed64,1998-11-22,,50e2632b-8238-69cb-8da0-54221860cb8d,ff8a90aa-051d-9652-43f0-d2f7d65fe60f,736690008,Dialysis care plan (record artifact),,
73d8e626-d1eb-4917-2860-cbab52321fb9,2008-10-30,,50e2632b-8238-69cb-8da0-54221860cb8d,41b58fb9-a0e1-920b-d891-5a56d0a4324b,736285004,Hyperlipidemia clinical management plan,55822004,Hyperlipidemia
73130782-ff80-dd41-2cb9-637188eb3573,2011-06-30,,50e2632b-8238-69cb-8da0-54221860cb8d,11be0c1f-8593-2f2d-2a41-4c44df68c8aa,736252007,Cancer care plan,126906006,Neoplasm of prostate
bf200342-07f8-a2ef-73be-ef88acf8fc54,2012-08-08,2012-09-16,50e2632b-8238-69cb-8da0-54221860cb8d,aee90733-05e1-0d3f-6ab1-6ab27e25137d,773513001,Physiotherapy care plan (record artifact),239720000,Tear of meniscus of knee
86a27c68-54df-99c8-9be5-4504c12187be,2014-02-01,2014-02-25,50e2632b-8238-69cb-8da0-54221860cb8d,f4a4dddb-46a7-41de-c997-0b80bd8a36c7,276239002,Therapy (regime/therapy),,
4463cd33-1094-b545-e662-a8cfbbe0ffc5,1987-10-23,,8cf8cb90-04df-dec4-c658-190643ec2f0e,15e94626-8c3f-898c-3634-5073e83bb134,699728000,Asthma self management,233678006,Childhood asthma
4d8382ad-7ff2-97c3-855d-421caac51fd9,2014-07-16,2014-07-31,8cf8cb90-04df-dec4-c658-190643ec2f0e,d12b5d97-5a96-bb47-52ce-9c25f21ca760,53950000,Respiratory therapy,,
40d3a1e5-cd1e-02b9-c0e2-5c5ce352190a,2014-11-01,2015-05-30,8cf8cb90-04df-dec4-c658-190643ec2f0e,cf2884a3-8e6b-5f0d-fdb3-91fe9744d2ae,134435003,Routine antenatal care,,
98530013-52a2-ae38-a730-b5970f2cba4b,2015-01-31,2015-03-08,8cf8cb90-04df-dec4-c658-190643ec2f0e,9b7151d0-343e-0b19-c763-7ff1328c7791,773513001,Physiotherapy care plan (record artifact),44465007,Sprain of ankle
076a3b70-4f19-bb58-140f-c8dc16b2c9a7,2016-08-13,,8cf8cb90-04df-dec4-c658-190643ec2f0e,141babcc-0f87-e640-cf0b-c4b2f90b4852,443402002,Lifestyle education regarding hypertension,59621000,Essential hypertension (disorder)
7532eed5-5397-fc61-038b-92b8cef60cd2,2018-06-12,2018-07-14,8cf8cb90-04df-dec4-c658-190643ec2f0e,b2d5dc20-4319-c088-ffc6-ccd2b0561e90,408869004,Musculoskeletal care,,
1c86cc07-82fd-eae0-c0ce-03241b790b95,2018-07-12,2018-08-25,8cf8cb90-04df-dec4-c658-190643ec2f0e,9f039d5b-0e45-a4cc-5f66-17385f3c3c02,53950000,Respiratory therapy,,
5e910105-e6b3-417d-26e1-bb3022dc77a7,2020-07-16,2020-08-03,8cf8cb90-04df-dec4-c658-190643ec2f0e,424e88cd-5c54-4915-83a8-c4ff531459cc,737471002,Minor surgery care management (procedure),,
96c7c70f-dc8d-bd83-2918-703b06a2ab31,2016-01-28,,ec2a7e6a-be0c-38e1-26fd-f5db85b32ae0,8f70c004-5dbd-4172-1af6-0ceb5148303e,443402002,Lifestyle education regarding hypertension,59621000,Essential hypertension (disorder)
47d34706-8c7c-1a5e-5413-c33c75fff05e,2021-01-30,2021-01-30,ec2a7e6a-be0c-38e1-26fd-f5db85b32ae0,e6c9b7d7-fbe9-9707-f172-af0c16da2d24,736376001,Infectious disease care plan (record artifact),,
bb122e9f-d337-0503-b268-12dcf115e61b,2021-01-30,2021-02-15,ec2a7e6a-be0c-38e1-26fd-f5db85b32ae0,e6c9b7d7-fbe9-9707-f172-af0c16da2d24,736376001,Infectious disease care plan (record artifact),,
50296aca-1614-dfa8-be88-0cbde4cf8f27,2016-11-24,2017-07-06,1ea5ca2b-1883-2a05-fb2c-8b721d428778,3218694b-f569-5347-a45f-a7be4901aafe,134435003,Routine antenatal care,,
30109a70-0843-5952-0b85-c92914e48af1,2022-10-13,2023-05-18,1ea5ca2b-1883-2a05-fb2c-8b721d428778,7a18e37e-3998-4bd0-3c8f-f7e275b7d71d,134435003,Routine antenatal care,,
3ccd6d69-39e4-0a49-9714-9a28f536d667,2023-05-26,2023-06-21,40918eb7-b7f7-1fcb-5ba1-dcf520548fe0,1e74d4f7-942b-2591-0318-eff4ba4ce3b1,225358003,Wound care,284549007,Laceration of hand
fe5466b9-e877-8c0f-4e9d-5737349dc5fc,2023-07-21,,40918eb7-b7f7-1fcb-5ba1-dcf520548fe0,af2f600a-a586-139f-f80b-47246ce59b9e,443402002,Lifestyle education regarding hypertension,59621000,Essential hypertension (disorder)
600c6c83-39ac-0b75-e172-0671812fd4dc,1991-02-21,,ab3af78e-97a3-14ed-64a0-ec956735ff1b,97c95063-e269-9c8f-75c2-15148573ce62,443402002,Lifestyle education regarding hypertension,59621000,Essential hypertension (disorder)
6280dcd7-9775-01b7-701f-72ff30bd5dd7,2000-05-28,,ab3af78e-97a3-14ed-64a0-ec956735ff1b,c6a3900a-b62e-0985-3631-e8e13bbd8bdf,408869004,Musculoskeletal care,239872002,Osteoarthritis of hip
7fb288d6-fbd8-5cf3-5a2b-e5a66f350b3b,2006-08-11,2007-05-24,ab3af78e-97a3-14ed-64a0-ec956735ff1b,1e2d4a6b-f379-c2cd-dd23-7fda55b131bf,53950000,Respiratory therapy,,
638a96c9-a649-9f3f-f56d-66f132e7028f,2009-03-16,2009-06-04,ab3af78e-97a3-14ed-64a0-ec956735ff1b,43283d6c-f735-c9ec-6418-2886e578f5dc,53950000,Respiratory therapy,,
0ab89741-1188-14ed-3904-dc61399626be,2011-11-08,2011-11-23,ab3af78e-97a3-14ed-64a0-ec956735ff1b,e8bd6e41-86ca-70b9-8851-f5a0a2682ef4,225358003,Wound care,284549007,Laceration of hand
5cec5c8c-4cb7-399c-f78e-f3a8fdb1a3c2,2013-04-29,,ab3af78e-97a3-14ed-64a0-ec956735ff1b,267d4c49-0498-aa1f-1081-52002a0c479b,735984001,Heart failure self management plan,88805009,Chronic congestive heart failure (disorder)
9a7a7361-b998-7deb-6a97-93fa145d3168,2013-10-26,2013-10-28,ab3af78e-97a3-14ed-64a0-ec956735ff1b,fafeb072-9994-4246-58e4-1a00de3729a1,736353004,Inpatient care plan (record artifact),88805009,Chronic congestive heart failure (disorder)
efa73916-815e-f688-1532-db4479d65349,2020-09-26,2020-09-26,65b169f5-ecae-ba06-7c46-30d750fd0b40,4bcc3f4d-4016-d99d-7117-84bec0fc50a6,736376001,Infectious disease care plan (record artifact),,
770b3961-aeb7-94f6-e42a-9871b8c0e711,2020-09-26,2020-10-29,65b169f5-ecae-ba06-7c46-30d750fd0b40,4bcc3f4d-4016-d99d-7117-84bec0fc50a6,736376001,Infectious disease care plan (record artifact),,
a45eae1f-021a-ab3e-634b-5c395ab1ce5b,2020-11-09,2020-12-14,65b169f5-ecae-ba06-7c46-30d750fd0b40,8ed7f662-64f9-9958-6f65-ee8ce46f443c,53950000,Respiratory therapy,,
dc707084-fb3b-0237-416c-8eac31ae990c,2011-06-28,,14bb2bfb-117a-dc2a-72c9-5dfd5adb5a45,2abc443a-9a7b-daf1-1abb-fa51c59b4d23,443402002,Lifestyle education regarding hypertension,59621000,Essential hypertension (disorder)
275a106d-90ec-9b95-9867-74933ea0e04e,2014-04-06,,14bb2bfb-117a-dc2a-72c9-5dfd5adb5a45,7999c19e-2728-762c-fdba-961f4f0c806a,276239002,Therapy (regime/therapy),,
e23fe949-5926-0fa9-5069-26a53fcbff09,2020-01-24,2020-02-05,14bb2bfb-117a-dc2a-72c9-5dfd5adb5a45,a9abefbe-545f-d632-5b99-4781ba4f7596,737471002,Minor surgery care management (procedure),,
19701e12-6a63-94b6-0bf9-4a42b836da75,2022-08-30,,14bb2bfb-117a-dc2a-72c9-5dfd5adb5a45,e8098dfc-3172-cdd9-3bbb-90261b394e1d,698360004,Diabetes self management plan,44054006,Diabetes mellitus type 2 (disorder)
cd743839-7794-3fe2-0c58-e2dbda5ae569,2016-08-27,2016-09-11,d84a7dcd-f1fe-7343-c27c-d33641345b4c,795bf4f8-fcc5-b614-e69d-b16e556995f2,225358003,Wound care,284551006,Laceration of foot
7229115b-d967-d3b0-670b-a659eb030945,2018-08-10,,d84a7dcd-f1fe-7343-c27c-d33641345b4c,aee88a2f-5553-23cb-111d-e93a1a17e765,698360004,Diabetes self management plan,15777000,Prediabetes
27a4ff9b-6d6b-6406-bf0f-620d15903986,2020-05-08,2020-05-25,d84a7dcd-f1fe-7343-c27c-d33641345b4c,5fcf2b0f-cd59-9a2c-d9a6-0cfb24122ca9,225358003,Wound care,370247008,Facial laceration
91d1cb1a-acb2-a408-ec88-2d2a3ed33f26,2020-09-11,,d84a7dcd-f1fe-7343-c27c-d33641345b4c,5cf41d9d-140a-4eee-2051-c25ad735b5ae,736285004,Hyperlipidemia clinical management plan,55822004,Hyperlipidemia
45b2038a-606b-469a-9c64-1398b60da03a,2021-12-08,2022-09-02,d84a7dcd-f1fe-7343-c27c-d33641345b4c,6e7d836d-7f13-e176-ad24-3b1c663f7b97,53950000,Respiratory therapy,,
253d317f-b14a-ecfa-ea63-c665b3704672,2014-07-24,2015-12-08,8cc3657f-527a-5490-4b5c-1bd4203bbc03,7ca38787-a358-b5c7-3202-4283dc6709b7,53950000,Respiratory therapy,,
c755d114-17b4-9c68-3475-de06cb5b9028,2015-02-25,2015-03-19,2615e549-6f98-05a8-fcb3-34ca1a9d3ce8,a7c51153-79fe-b2aa-064d-79327d1cd8bd,225358003,Wound care,284549007,Laceration of hand
df2cd199-4455-c6f2-5ea9-cadc56e2ad43,2018-05-13,2020-04-27,2615e549-6f98-05a8-fcb3-34ca1a9d3ce8,6bb29f52-0360-4c8f-8c19-81bbe22a14b5,53950000,Respiratory therapy,,
21b4ecf9-9ee5-655d-150a-808e05919c1e,2019-04-22,2019-06-19,2615e549-6f98-05a8-fcb3-34ca1a9d3ce8,0d4dcae7-8642-2ac6-2107-637f612e786f,133901003,Burn care,403191005,Second degree burn
27535457-2e39-4f9d-7ff1-486b87529609,2022-05-16,2022-12-19,2615e549-6f98-05a8-fcb3-34ca1a9d3ce8,4d4bf04d-ffc3-6121-b761-513c7a9587ac,134435003,Routine antenatal care,,
1a9657e6-5cd3-97ac-20bb-129751648244,2022-07-07,2022-07-28,2615e549-6f98-05a8-fcb3-34ca1a9d3ce8,30340129-84bc-1605-42fd-7f080ac7a1b2,773513001,Physiotherapy care plan (record artifact),44465007,Sprain of ankle
c39604ed-9c53-7bd4-cd77-3c0e8fede7ce,2016-10-16,2016-11-08,2be75dcf-5712-20a0-8c55-9be159786790,8e61e6b3-76ce-e224-ebe6-01155a7c9af5,773513001,Physiotherapy care plan (record artifact),44465007,Sprain of ankle
f0113002-8a3c-e87f-81ad-112966465ce1,2017-05-02,2017-06-27,2be75dcf-5712-20a0-8c55-9be159786790,2b57c6a8-eb2b-40a2-9bc4-d920c8ed8bd7,53950000,Respiratory therapy,,
106d38bd-ec3b-cc5e-2f9d-361065c5b12f,2018-04-30,,2be75dcf-5712-20a0-8c55-9be159786790,3a65327f-018a-27a3-4690-d990ba4d4d7b,408869004,Musculoskeletal care,201834006,Localized  primary osteoarthritis of the hand
47214763-fadf-30a8-bab9-8a350f2074b6,2018-11-27,2019-07-02,2be75dcf-5712-20a0-8c55-9be159786790,6f704837-9242-51bc-9ca1-a78d407f0291,134435003,Routine antenatal care,,
53a05f00-0bfc-65fb-aaaf-ec07513fe035,1951-08-30,,d78d97ff-cb67-7ba3-7e4a-f32d6defe3c4,8909a189-6204-cb98-0999-87a889609ede,384758001,Self-care interventions (procedure),,
fced4ea1-dd95-3b3c-86c1-24956a4f816f,1951-09-09,,d78d97ff-cb67-7ba3-7e4a-f32d6defe3c4,8643eaa1-447e-afe3-cdb4-d30739d1a964,711282006,Skin condition care,24079001,Atopic dermatitis
89153151-2af7-db30-7425-68c50a2531c0,1982-04-29,,d78d97ff-cb67-7ba3-7e4a-f32d6defe3c4,9b0df964-91ac-29ba-4aa7-76b98d108f7a,443402002,Lifestyle education regarding hypertension,59621000,Essential hypertension (disorder)
ea3769cb-f91a-1cbe-3fc0-3d02626caf14,2009-12-06,,d78d97ff-cb67-7ba3-7e4a-f32d6defe3c4,cb57379d-6351-b261-4e70-90475005586f,736690008,Dialysis care plan (record artifact),,
283a0752-e128-1f16-114c-2a3cbd43ceb1,2014-01-31,,d78d97ff-cb67-7ba3-7e4a-f32d6defe3c4,29aa24f6-3433-c61e-19f8-af44f5bccb9b,734163000,Care plan (record artifact),,
b9ee56c4-7fee-b261-a102-61ed70e6e037,2020-05-21,2020-12-17,d78d97ff-cb67-7ba3-7e4a-f32d6defe3c4,edb9ffe9-0a90-d530-ab6c-9b4f695d99e9,53950000,Respiratory therapy,,
6ef3d866-34b4-095e-296c-9713d0138dfb,2023-05-11,,d78d97ff-cb67-7ba3-7e4a-f32d6defe3c4,5d36dda7-343d-23e9-5dd9-cdfbed1b3fda,735984001,Heart failure self management plan,88805009,Chronic congestive heart failure (disorder)
1a85d7e6-f2a4-4b3a-c44e-e3eee6353618,2023-11-07,2023-11-08,d78d97ff-cb67-7ba3-7e4a-f32d6defe3c4,9da1e2f3-3857-5401-927d-f92838d8ebfb,736353004,Inpatient care plan (record artifact),88805009,Chronic congestive heart failure (disorder)
79240904-addb-38a6-5a82-f4592da26622,2023-12-25,2024-01-07,d78d97ff-cb67-7ba3-7e4a-f32d6defe3c4,0cfd67cd-b07b-0428-7f98-1c0ed01e2b10,736353004,Inpatient care plan (record artifact),88805009,Chronic congestive heart failure (disorder)
22acea73-80b3-aedd-d43b-a19b8576513d,2018-03-16,2018-10-12,d9738f9b-a3d1-eae8-4025-5ae7760ddd7e,4c6123d2-6a0c-7b70-2c68-687f79878d96,134435003,Routine antenatal care,,
7e78a1a2-58c6-2cab-1cd9-32fc8cd218e1,2021-07-09,2022-02-04,d9738f9b-a3d1-eae8-4025-5ae7760ddd7e,7185d30f-25ae-73d8-1c9d-2b40f87ab27e,134435003,Routine antenatal care,,
765c3f03-41f6-89ae-c482-72205f48093f,2022-04-15,,d9738f9b-a3d1-eae8-4025-5ae7760ddd7e,3820572f-4fff-6075-ead3-b29b92e9f1f7,698360004,Diabetes self management plan,15777000,Prediabetes
51ee08e9-7cab-cf46-d9dc-fd684b23d89f,2012-12-12,,1c2475d6-7e72-46cb-4101-c73d34321dac,f309fe0f-0f5f-dcb6-5e3d-2dee79e5d4db,698360004,Diabetes self management plan,15777000,Prediabetes
a2dbf941-1146-96b5-99bf-845b7f3516f1,2014-02-12,,1c2475d6-7e72-46cb-4101-c73d34321dac,10ef59fa-f2c2-abcc-a9e9-b764abf4fb96,443402002,Lifestyle education regarding hypertension,59621000,Essential hypertension (disorder)
19c29438-2034-19af-0763-c09be7346662,2014-03-19,,1c2475d6-7e72-46cb-4101-c73d34321dac,ba892094-13ac-91db-90c3-d0dc2ac9611c,276239002,Therapy (regime/therapy),,
ebeca82e-edad-a248-babb-09f1fda2b2d4,2018-11-20,2019-03-06,a945dc6a-2744-09f2-b51c-1640b4e53e61,a90edfdc-5ccb-c0a6-ac2e-0cf034cec3fe,385691007,Fracture care,58150001,Fracture of clavicle
883700e8-576e-9b33-c17c-378f958e4ba3,2015-01-05,2016-12-07,fd8f05b5-337c-67f4-c8b1-4eaf68233295,c8330b05-a361-0e44-f092-288a26a882e3,711282006,Skin condition care,40275004,Contact dermatitis
129c2d5e-366f-35d4-621b-aa12e2c2cf1d,2015-01-22,,fd8f05b5-337c-67f4-c8b1-4eaf68233295,c820cf88-98b7-8c5d-41d0-809f318246cf,384758001,Self-care interventions (procedure),,
725f7274-d048-a94c-554b-6eac60840737,2015-01-22,2019-02-10,fd8f05b5-337c-67f4-c8b1-4eaf68233295,c13948e1-c847-7010-0663-39a28f2dd27e,170836005,Allergic disorder monitoring,,
0a15fa96-b758-82f6-85d1-f647ef08da7a,2006-11-01,,81b4f81b-318a-5acc-98f2-be6dda90d68c,ee2a6579-52c6-94d1-5081-c9341a126184,384758001,Self-care interventions (procedure),,
f21364af-9f12-6ced-7155-0843dcad59c6,2008-06-17,,81b4f81b-318a-5acc-98f2-be6dda90d68c,82e36694-458e-eab1-660c-9b08078053f6,699728000,Asthma self management,233678006,Childhood asthma
edc9ecad-f100-e53a-758f-c18592bf73d6,2019-07-09,,fd8f05b5-337c-67f4-c8b1-4eaf68233295,8173aa39-b47d-c89d-5773-f00cba30453d,698360004,Diabetes self management plan,15777000,Prediabetes
1171a9ff-90a1-71aa-0717-314cf17a0cdf,2019-07-16,2020-10-20,fd8f05b5-337c-67f4-c8b1-4eaf68233295,0c7a29e5-7ea0-9ee5-0c2c-6ee376af663e,53950000,Respiratory therapy,,
12787756-1d32-815b-ea93-33d378420299,2019-05-04,2023-05-16,81b4f81b-318a-5acc-98f2-be6dda90d68c,7c82d021-538a-b6f0-eb9b-01b6224b0f14,170836005,Allergic disorder monitoring,,
14ca9662-22ba-31e8-8dc8-fe3ec912db30,2021-01-04,2021-01-04,81b4f81b-318a-5acc-98f2-be6dda90d68c,8251e64a-59d3-7306-c4e7-5815d039ada7,736376001,Infectious disease care plan (record artifact),,
e8e7fe0e-4426-937c-3992-48dcc6ad0001,2021-01-04,2021-01-28,81b4f81b-318a-5acc-98f2-be6dda90d68c,8251e64a-59d3-7306-c4e7-5815d039ada7,736376001,Infectious disease care plan (record artifact),,
28e228e9-3800-c302-a4b0-9a3958b18c71,1946-09-24,,0db4abd5-5aaf-09fa-65c4-83c023d55d4e,ae180e94-9a85-ae08-20e4-c548151c302e,699728000,Asthma self management,233678006,Childhood asthma
04d4bcf0-639e-16c8-3b5f-31d533f102f0,1981-11-07,,0db4abd5-5aaf-09fa-65c4-83c023d55d4e,e950fc40-2d17-7990-6afa-6cc6dca33150,698360004,Diabetes self management plan,15777000,Prediabetes
11ac4b91-c7d6-636e-857c-53a92bc5e248,1986-12-06,,0db4abd5-5aaf-09fa-65c4-83c023d55d4e,ddab8e0d-dbd3-089b-200d-ae4c8678ebe6,443402002,Lifestyle education regarding hypertension,59621000,Essential hypertension (disorder)
2aa7c02b-42c2-fd5f-22b0-b6e78ec274f6,2007-04-21,,0db4abd5-5aaf-09fa-65c4-83c023d55d4e,1605e656-1ab7-9403-d237-b7a664ba12a6,736285004,Hyperlipidemia clinical management plan,55822004,Hyperlipidemia
e939d382-4e16-12d1-25c1-5bf2e1b2de32,2020-04-21,2020-06-27,0db4abd5-5aaf-09fa-65c4-83c023d55d4e,2eb841ee-5512-eff4-8b37-dcd34e924b85,53950000,Respiratory therapy,,
9083f5a1-4f8d-2f9b-1730-8c38bdd449e7,2021-09-01,2021-09-01,60c70c88-3fe6-4c05-8a93-322dbb83a697,f0187ef3-8112-620a-f6cb-82fb4937853b,736376001,Infectious disease care plan (record artifact),,
7d45f50a-b832-48e5-efb6-c58b1843292a,2021-09-01,2021-10-02,60c70c88-3fe6-4c05-8a93-322dbb83a697,f0187ef3-8112-620a-f6cb-82fb4937853b,736376001,Infectious disease care plan (record artifact),,
067fa5d9-4456-e033-7620-7fc16cf106f4,2023-11-14,2023-11-30,60c70c88-3fe6-4c05-8a93-322dbb83a697,912265f1-eef5-3513-1ff7-9e53ce35caaa,225358003,Wound care,283385000,Laceration of thigh
332855e2-d5ca-20aa-5471-6b2521004e12,2004-10-23,,d2d46a20-8dd7-1757-03b9-24d57abfd610,586fa48e-cc5d-c98f-0b38-dee763d4067a,698360004,Diabetes self management plan,15777000,Prediabetes
7b25cba3-2010-2232-29bc-ebe9a0f6e77e,2007-08-11,,d2d46a20-8dd7-1757-03b9-24d57abfd610,0216ac78-d36f-52dd-29a8-1a884b6db798,443402002,Lifestyle education regarding hypertension,59621000,Essential hypertension (disorder)
8317c233-fb53-9165-3f0a-ab9a4c09f4ff,2014-09-27,2015-01-21,d2d46a20-8dd7-1757-03b9-24d57abfd610,01d92973-2e73-b770-4d42-2a08d5c005e4,385691007,Fracture care,16114001,Fracture of ankle
353d75ef-8b0c-46f3-7d78-7071f9e29aa2,2019-12-24,2020-02-08,d2d46a20-8dd7-1757-03b9-24d57abfd610,3cda85aa-00c3-0516-1542-846a4edcf353,47387005,Head injury rehabilitation,62564004,Concussion with loss of consciousness
1b4c6fc8-838a-c53e-f69a-8ed0e7468f90,2021-10-20,,d2d46a20-8dd7-1757-03b9-24d57abfd610,3a765235-847f-cc61-4a0c-e86b3bce6fc5,736372004,Discharge care plan (record artifact),,
1a06cca6-91a7-6548-5c02-f7e25fe0c94e,2014-10-23,2015-05-21,13629f89-d0fa-2e56-32a5-219875c72a91,3aeef7c1-4616-c563-2494-6b6784ed2e11,134435003,Routine antenatal care,,
f64fcebc-c657-521b-f2f3-5d5584c90f78,2021-02-25,2021-09-23,13629f89-d0fa-2e56-32a5-219875c72a91,96a7d389-1e4e-7d60-ea4e-9c0a0443292c,134435003,Routine antenatal care,,
7c8e944c-f226-c372-794f-66e7c2e5c214,1982-03-14,,4e5ccee9-65a7-3676-309e-307ddd3d4ab2,56e052d8-37a9-4672-b91d-5837a35547cc,412776001,Chronic obstructive pulmonary disease clinical management plan,185086009,Chronic obstructive bronchitis (disorder)
ab608b9a-ab92-6415-1b83-08b91a511e71,1988-05-29,,4e5ccee9-65a7-3676-309e-307ddd3d4ab2,5b984b65-ed12-0115-966a-c90189715e74,698360004,Diabetes self management plan,15777000,Prediabetes
36c4372c-dd78-baec-da91-e35c175c8bd2,2008-08-17,,7d9d6f23-7dbd-e8c0-c145-661d285efff5,c25f3f0c-03dd-8042-e7e8-bbffe920636f,443402002,Lifestyle education regarding hypertension,59621000,Essential hypertension (disorder)
c07cc6aa-33bd-ab7e-7ba0-86e9fbf203b1,2019-06-09,,7d9d6f23-7dbd-e8c0-c145-661d285efff5,11ebb30a-e13f-5c26-043d-4e0c700e087c,698360004,Diabetes self management plan,15777000,Prediabetes
b02ec615-7ac1-56a9-b730-7de3308d6c8d,2018-03-25,,8f471daf-7c1d-2107-6451-1eecf27e3192,825594d9-7b97-d15c-0037-c9441067e6ff,698360004,Diabetes self management plan,15777000,Prediabetes
403266d3-04ec-c45b-6dff-ddea0a7f385c,2018-08-27,,8f471daf-7c1d-2107-6451-1eecf27e3192,8d5bc550-8b7a-2ae0-2301-95ad7b5b2935,408869004,Musculoskeletal care,201834006,Localized  primary osteoarthritis of the hand
0282055e-e14e-3f01-c1fc-df96a48f7503,2020-08-30,2021-01-14,76a73e6e-36b2-5d12-af81-d8508723f9bd,9a527c74-77cd-2d05-0f83-ac5427a22f14,773513001,Physiotherapy care plan (record artifact),444470001,Injury of anterior cruciate ligament
21baa58c-a270-21a9-95be-7468b2bb503b,2024-04-25,,76a73e6e-36b2-5d12-af81-d8508723f9bd,fe5f71f8-1e16-d606-d730-fb522286ab8c,53950000,Respiratory therapy,,
3599eca2-11b3-bda3-b449-f3c57bde4a2d,1996-10-04,,343c0ef9-2dc6-0465-02ee-4c3e1ba2b649,ded57559-e9e9-8d51-7274-3a1a8e4bb056,408869004,Musculoskeletal care,201834006,Localized  primary osteoarthritis of the hand
d8bd0c57-b326-dc45-c495-e7f324789934,2002-06-17,,343c0ef9-2dc6-0465-02ee-4c3e1ba2b649,1b2a45ed-9ef5-a709-9d02-b66e103469cb,698360004,Diabetes self management plan,15777000,Prediabetes
20c4a7ca-72a0-f12e-8f6e-010704d33e57,1980-09-01,,68b8997a-abf8-7227-5318-e62a135f29ad,73982567-2ae1-2e1c-f646-b3ad43ae3794,443402002,Lifestyle education regarding hypertension,59621000,Essential hypertension (disorder)
4863778e-a145-fd27-20d2-fa69186e1839,1991-05-25,,68b8997a-abf8-7227-5318-e62a135f29ad,4dab7c5e-b825-09fb-5574-87e05e7f13a5,408869004,Musculoskeletal care,239872002,Osteoarthritis of hip
e879432d-3cb1-61c9-16fb-c7b5c6b09e22,1993-12-06,,68b8997a-abf8-7227-5318-e62a135f29ad,d8567e7f-e511-15bf-f68e-f99433e118e6,736285004,Hyperlipidemia clinical management plan,55822004,Hyperlipidemia
a72f983e-fc7b-8c1e-6851-8ede02d3792e,1994-11-21,,68b8997a-abf8-7227-5318-e62a135f29ad,a2509977-3e3c-83ab-ffc2-95b786027ea2,698360004,Diabetes self management plan,15777000,Prediabetes
2a313724-afd3-dcf9-4c3f-2100ad940cfa,2018-08-26,2018-10-30,68b8997a-abf8-7227-5318-e62a135f29ad,384f2731-05e3-2ac8-4798-ea6ba6c16a93,385691007,Fracture care,65966004,Fracture of forearm
b8540801-d768-8256-8aed-2a88e9d5d08e,1986-01-11,,dfdcaeba-30a5-c97a-d553-77807dd5ad77,b5d4925d-1297-0a48-f417-b449279b88ed,384758001,Self-care interventions (procedure),,
b6b9cff7-7973-17ec-5816-ce3bbc614fdd,2000-10-20,,dfdcaeba-30a5-c97a-d553-77807dd5ad77,d9b0947e-1568-0b42-5a8d-dcc7c6a9208f,443402002,Lifestyle education regarding hypertension,59621000,Essential hypertension (disorder)
867a7bee-3dd0-9084-ce5b-eec5ed3eb858,2003-11-07,,dfdcaeba-30a5-c97a-d553-77807dd5ad77,4d1cd189-6a96-2fe8-086d-7983d10d5ce1,698360004,Diabetes self management plan,15777000,Prediabetes
60699571-4527-6a23-e38c-40c34409515c,2014-04-03,,dfdcaeba-30a5-c97a-d553-77807dd5ad77,76859c99-be97-0b1c-a401-dd47e89c354e,276239002,Therapy (regime/therapy),,
fd4250a4-590d-d2eb-b2e5-1cdc08f9f2ac,1996-07-24,,32b49d0a-6578-74bd-84ac-dde470ea188f,1c5a3afa-76a5-4e35-17c1-5371b8e23189,698360004,Diabetes self management plan,15777000,Prediabetes
d69778fd-0f86-b4c3-e9a2-c07f27ea74d3,2014-10-08,2015-05-06,32b49d0a-6578-74bd-84ac-dde470ea188f,d9c3beb4-9cee-ca12-e5b4-a8801f648b0d,134435003,Routine antenatal care,,
b91c2274-9349-a16e-d25e-4f1bd8a59bf7,1990-11-06,,8254a59b-b1b6-b668-368b-108a7054a4d7,8aff5cfb-5a18-21d2-d636-70e237644122,698360004,Diabetes self management plan,15777000,Prediabetes
69017af5-1e52-54e8-845d-f703affb25eb,2016-09-22,,8254a59b-b1b6-b668-368b-108a7054a4d7,d195009d-f9f1-d51a-de22-8fc8dcf55793,734163000,Care plan (record artifact),,
84cc3cfe-c1ed-32a5-66c2-3897a53f995b,2020-10-26,2020-11-04,8254a59b-b1b6-b668-368b-108a7054a4d7,d8b7f712-edad-1ce0-c83a-5dc36d0e11d9,53950000,Respiratory therapy,,
c90dbf0b-13d6-6c01-bda2-2baa629c884a,2023-03-15,2023-06-03,ab55e7fd-7d74-a5ef-6b54-a91cc2f0da9a,5842a6c0-f78f-69ae-3447-97e96a3e706a,53950000,Respiratory therapy,,
fabb3950-08f9-498b-6322-bd0f1a9c488d,1995-05-08,1995-06-12,b417b4e7-b8b4-5595-e66b-425e1fd6c21d,06abb3ef-8f24-6eca-ec1f-24ceb28890b7,773513001,Physiotherapy care plan (record artifact),44465007,Sprain of ankle
55d33140-62d3-d694-6c1a-100d7161a509,1996-03-01,1997-07-25,b417b4e7-b8b4-5595-e66b-425e1fd6c21d,5d7419e8-75fa-1de3-c269-4d3eac5b0e5a,53950000,Respiratory therapy,,
25c1485a-c14a-fc17-c42a-a2a7751afd8b,2001-01-27,,b417b4e7-b8b4-5595-e66b-425e1fd6c21d,19a0d47a-b43d-73e0-f05c-e0d34c90d81d,408869004,Musculoskeletal care,201834006,Localized  primary osteoarthritis of the hand
cb961ba6-09a5-4386-7e50-65384f4f9412,2014-08-30,2014-12-10,be7bc200-6e9f-4614-3d04-3b59449f2797,05fcb0d3-7823-ed0e-7caf-fe6c7631fd96,385691007,Fracture care,58150001,Fracture of clavicle
0cf5599f-fe40-c095-8b72-a8898a40b09c,2017-07-14,2018-06-15,be7bc200-6e9f-4614-3d04-3b59449f2797,0aa70576-5c4b-cdcf-5af6-ee77609cacb1,53950000,Respiratory therapy,,
63c1fa29-5af9-3c4a-47af-19d4d92a4d45,2018-05-27,2018-07-11,be7bc200-6e9f-4614-3d04-3b59449f2797,109ae128-dc8f-22d9-8f9f-bba12207769f,276239002,Therapy (regime/therapy),,
61c23ee8-ddaf-289d-5ab3-b0373b8e394e,2019-11-08,,be7bc200-6e9f-4614-3d04-3b59449f2797,30cfe2d3-e4b1-9fe3-9086-938902fd7af1,134435003,Routine antenatal care,,
b6d7c7bf-6aff-2960-73b2-8629dbbf1621,2007-05-25,,e9126c87-6541-a3ff-4748-353adaadc4b7,ffef4dbb-8b90-3d7b-ca5b-177f1f3f5e72,698360004,Diabetes self management plan,15777000,Prediabetes
601fb87e-d0df-d1be-dc95-e66a81e42407,2014-03-14,,e9126c87-6541-a3ff-4748-353adaadc4b7,7f067593-5e60-ee3f-5be4-f7afa812e917,276239002,Therapy (regime/therapy),,
605a11b5-40c8-02c7-496a-49f9f191173a,2014-06-19,2015-05-22,e9126c87-6541-a3ff-4748-353adaadc4b7,664c0128-a021-c6d6-2447-b93ebdcdbc9e,53950000,Respiratory therapy,,
dde18989-779b-afc1-57a9-592ce365a6ad,2001-03-01,,cf0875af-2225-d9ff-c494-1aae94127b1a,9b2acdd2-000e-623e-bb03-05be7178e888,384758001,Self-care interventions (procedure),,
c1a4d070-6394-b42e-2d14-fe0d33fb32fc,2002-05-24,2017-05-19,cf0875af-2225-d9ff-c494-1aae94127b1a,5f18d3bd-baba-1261-8596-9dea93b6be58,711282006,Skin condition care,24079001,Atopic dermatitis
753bbe60-32f0-ba82-96f8-d7922c121bce,2012-11-27,2017-01-17,cf0875af-2225-d9ff-c494-1aae94127b1a,4b78f0de-4855-9377-edc1-a08a82f795b2,170836005,Allergic disorder monitoring,,
7e7d7e04-649b-aebd-02c2-c18cf6bb0694,2017-12-28,2018-02-04,cf0875af-2225-d9ff-c494-1aae94127b1a,a13adfac-9bfc-41e9-b592-18ec48bbe5fa,276239002,Therapy (regime/therapy),,
ee909c0d-69c6-cb13-3efd-37711c31df80,2019-03-12,2019-10-15,cf0875af-2225-d9ff-c494-1aae94127b1a,3b9494e1-9b55-a7b1-b5bf-c2fed3d4f590,134435003,Routine antenatal care,,
01ee8986-7d53-3b34-e0fd-ccff20b0c138,2020-05-12,2020-11-24,cf0875af-2225-d9ff-c494-1aae94127b1a,69bab437-4fb2-0007-43df-3c4a1954df53,134435003,Routine antenatal care,,
4caa3a3d-0eb0-1ee3-50d0-b0fe52b3d43f,2022-01-25,,cf0875af-2225-d9ff-c494-1aae94127b1a,782fce40-3e4e-bf84-0f27-32e03ed8ec9b,443402002,Lifestyle education regarding hypertension,59621000,Essential hypertension (disorder)
cf85113a-24b9-b06f-cc71-a78d93e12307,2023-01-24,2024-02-06,cf0875af-2225-d9ff-c494-1aae94127b1a,9259292d-967f-d32d-a210-7af300d75ae4,53950000,Respiratory therapy,,
7020d133-4a4d-d27c-e4b2-c3ce65a875ab,1939-09-09,,79d2937c-201b-692a-e007-187ec3e0f79d,c5cec308-47e6-46bd-74dc-2e1300103f63,384758001,Self-care interventions (procedure),,
3c9b53d5-75da-e224-11d8-b6d9ded32326,1957-02-01,,79d2937c-201b-692a-e007-187ec3e0f79d,584a5521-e6e0-7439-46d9-50ca64f0967e,443402002,Lifestyle education regarding hypertension,59621000,Essential hypertension (disorder)
33d5a3e3-10eb-fb45-5d8e-13fbf989fe77,2010-06-07,,79d2937c-201b-692a-e007-187ec3e0f79d,9fef74ef-03e3-01cc-13cc-6f1a915a176d,736690008,Dialysis care plan (record artifact),,
c4c1cda4-1a6e-2d7a-e1ea-45bf4f467251,2013-08-02,,79d2937c-201b-692a-e007-187ec3e0f79d,35310a8e-3410-1f01-4c81-12393000cd7c,734163000,Care plan (record artifact),,
f37c7b83-80d3-1383-6dbd-300ca3358bc5,2018-01-12,,79d2937c-201b-692a-e007-187ec3e0f79d,19241885-7926-4075-f4ff-6b94d3c9cc41,386257007,Dementia management,26929004,Alzheimer's disease (disorder)
ba074906-7bec-902c-f89b-e5ae4722ca24,2018-10-12,2019-01-18,79d2937c-201b-692a-e007-187ec3e0f79d,694e9172-ea14-44c2-45f6-131cd3f9a280,53950000,Respiratory therapy,,
7f5a67f7-5839-eb32-13e6-1afa7eb81c08,2019-09-20,2020-01-24,79d2937c-201b-692a-e007-187ec3e0f79d,b0a9e593-818c-5fc9-6720-da8c72670f08,53950000,Respiratory therapy,,
cc7480eb-300f-7c83-d93d-366e6f6edbdb,2020-02-27,2020-04-10,79d2937c-201b-692a-e007-187ec3e0f79d,c5c89bec-6e0a-ffd2-7bd2-754eba8b3a62,133901003,Burn care,403191005,Second degree burn
97dae922-1c09-f293-e280-0994612bd8c7,2023-04-19,2023-07-11,79d2937c-201b-692a-e007-187ec3e0f79d,2ae8eea6-2233-7d8b-7be6-dd3a7d5c504c,385691007,Fracture care,16114001,Fracture of ankle
23fda405-3438-45ee-b7f6-4e35a6d15509,2015-08-29,2017-02-20,7e469aa2-70b0-6da4-3ea8-e91bf3698fe0,389f644d-3868-1191-17e4-9e09dd84e375,53950000,Respiratory therapy,,
ef4df468-5d63-2abd-e497-b46ff5df4541,2019-02-25,2020-07-20,7e469aa2-70b0-6da4-3ea8-e91bf3698fe0,e05f43bd-2bc4-75c6-a669-48fdf2b0366d,53950000,Respiratory therapy,,
eac37801-01d0-c7a6-ff0b-85f758e76a33,2021-05-31,2022-01-10,7e469aa2-70b0-6da4-3ea8-e91bf3698fe0,6c7e5e2c-39d1-7a50-5da4-99f47e7f31df,134435003,Routine antenatal care,,
5464c96a-04c6-8685-c80f-95272816f338,2023-07-24,,7e469aa2-70b0-6da4-3ea8-e91bf3698fe0,22970050-edd2-ad9f-6ec4-7cc6aebe07a0,443402002,Lifestyle education regarding hypertension,59621000,Essential hypertension (disorder)
64e9ddd2-5df0-9010-e78b-a99e4c6a99e6,1991-06-05,,c0e76be9-417e-85e0-d40e-212be8a196e5,79f6514a-970e-5209-d377-fc5a1ce73111,443402002,Lifestyle education regarding hypertension,59621000,Essential hypertension (disorder)
3c210bff-03fc-adeb-94da-cb95ae003e2a,2003-05-21,,c0e76be9-417e-85e0-d40e-212be8a196e5,373cd189-8a84-ea50-fdb6-5dbc649a8845,412776001,Chronic obstructive pulmonary disease clinical management plan,87433001,Pulmonary emphysema (disorder)
f42d0b03-480d-b7a1-d849-9a7926547a68,2006-04-25,,c0e76be9-417e-85e0-d40e-212be8a196e5,b2ec323c-c5c8-3be1-20a0-1e17b731881a,182964004,Terminal care,424132000,Non-small cell carcinoma of lung  TNM stage 1 (disorder)
3ac32516-dd49-3408-ff76-8a6a55fe33b7,2014-03-23,,c225e6a6-fc88-5796-7104-072540e65fb0,591bf54e-3eb7-dbb4-a66c-726f0bf45d73,276239002,Therapy (regime/therapy),,
388aaa86-39ab-c871-37ef-c20ae5b2f7b3,2017-08-10,,c225e6a6-fc88-5796-7104-072540e65fb0,a9c03963-e01a-ae70-880d-a34d69cfb281,734163000,Care plan (record artifact),78275009,Obstructive sleep apnea syndrome (disorder)
2f0fa120-969e-8284-73e0-cd0cad1c9a8f,2018-03-05,,c225e6a6-fc88-5796-7104-072540e65fb0,1bda5847-bb21-8961-2583-d2114d02cde8,443402002,Lifestyle education regarding hypertension,59621000,Essential hypertension (disorder)
af865c6e-72d1-7027-acda-741e64e20347,2022-09-12,,c225e6a6-fc88-5796-7104-072540e65fb0,0465fb84-32c2-71b4-8278-d5a2ac334e96,698360004,Diabetes self management plan,15777000,Prediabetes
4197b1c6-2257-5211-4bed-5c56ca82201b,1995-02-01,,fdd3ea26-c4dd-7fb7-07bb-f618fecc86c7,7b7691e1-c97d-9982-4aec-33765b32ca97,734163000,Care plan (record artifact),,
a4c13262-1bde-e672-97e4-49a850c61d65,1997-01-31,,fdd3ea26-c4dd-7fb7-07bb-f618fecc86c7,48b06845-d77e-9cf2-2eb7-dba4740ed6b7,698360004,Diabetes self management plan,15777000,Prediabetes
50e8c308-6660-46af-bc32-65b90dc3fc77,2002-05-25,,fdd3ea26-c4dd-7fb7-07bb-f618fecc86c7,4ac452e7-d712-f067-f478-db832db34a85,408869004,Musculoskeletal care,239872002,Osteoarthritis of hip
e1c25824-0fc6-6ab9-c384-b43694850aa5,2007-12-28,,fdd3ea26-c4dd-7fb7-07bb-f618fecc86c7,1bff4b6a-661c-9a6a-4838-b2c7d80bfb7a,443402002,Lifestyle education regarding hypertension,59621000,Essential hypertension (disorder)
87efcdd0-b0ad-2ce2-a667-97718286949e,2017-11-27,2017-12-28,fdd3ea26-c4dd-7fb7-07bb-f618fecc86c7,23677d65-cc6d-8657-a68b-e0ba38736849,773513001,Physiotherapy care plan (record artifact),44465007,Sprain of ankle
d4a30863-1d9d-816e-f6e8-2ce1224d211c,2019-11-19,2019-12-22,fdd3ea26-c4dd-7fb7-07bb-f618fecc86c7,948b15cb-4271-8b69-1e14-eb25e4658d52,47387005,Head injury rehabilitation,62106007,Concussion with no loss of consciousness
50cc5df0-2024-75f4-6b3b-06c02357ad26,2024-02-11,,fdd3ea26-c4dd-7fb7-07bb-f618fecc86c7,916f8cad-ff0d-bd67-4c92-20933a74e668,736372004,Discharge care plan (record artifact),,
39b490f9-f8cb-61b1-98f2-60a1ca29ad94,1993-03-31,,be2dd8d1-4203-aa16-385c-818c0b8df4f8,0b4f6ecd-fcba-313c-f231-c3736072a61d,408869004,Musculoskeletal care,239872002,Osteoarthritis of hip
2fc9066a-09df-4db5-bc35-dd3df2e8a4d5,1995-01-14,,be2dd8d1-4203-aa16-385c-818c0b8df4f8,eb53bf50-1482-9d7b-59e0-95e726c6e6d4,698360004,Diabetes self management plan,15777000,Prediabetes
058fcec6-2a92-5c72-08b7-f11f8b8054c3,2018-06-05,2018-12-15,be2dd8d1-4203-aa16-385c-818c0b8df4f8,cd93b6cc-eb4f-163a-2a2f-a6621c8b5b0c,53950000,Respiratory therapy,,
d918aa7c-df83-13d0-bedf-1205def42078,1991-06-05,,0e88163b-03ac-87ab-6b27-4d27271bee86,5ec78ab7-2db5-169c-28ac-175cc3521dbd,698360004,Diabetes self management plan,15777000,Prediabetes
ff0e98de-127a-6687-fb5e-5fae3141e57b,1993-06-09,,0e88163b-03ac-87ab-6b27-4d27271bee86,43bc0a86-e92b-a30b-e4dd-530c29817031,443402002,Lifestyle education regarding hypertension,59621000,Essential hypertension (disorder)
33eecdbb-f196-74fc-bae0-5046f8541270,2012-04-30,,0e88163b-03ac-87ab-6b27-4d27271bee86,097d1101-e416-9cf8-0835-94214c09750b,734163000,Care plan (record artifact),60234000,Aortic valve regurgitation (disorder)
8a3c34d5-e8f3-9d3e-09fe-069c9ca36762,2012-05-27,,0e88163b-03ac-87ab-6b27-4d27271bee86,67ec07f0-937e-e5d0-4a0f-eac42d9635a5,736372004,Discharge care plan (record artifact),1231000119100,History of aortic valve replacement (situation)
e58c4ce0-f154-8184-b039-3ebf7815136b,2014-01-31,2014-03-02,0e88163b-03ac-87ab-6b27-4d27271bee86,d6d31cf6-40b9-7c76-074a-354b81c39957,276239002,Therapy (regime/therapy),,
2de2bb07-2f75-5d77-31cb-24d3d0b892e8,2019-01-05,2019-01-17,0e88163b-03ac-87ab-6b27-4d27271bee86,7d69aba0-6fab-6b1d-e505-cc60af289f03,53950000,Respiratory therapy,,
9641ae1f-072c-ff8f-30b8-729ed17283a5,2023-03-05,,0e88163b-03ac-87ab-6b27-4d27271bee86,9e3aeedc-6158-bf8d-e0e0-54eb8d4b3be4,735984001,Heart failure self management plan,88805009,Chronic congestive heart failure (disorder)
53d78bcf-271f-1c15-cc97-81ed6d888f40,2023-09-01,,0e88163b-03ac-87ab-6b27-4d27271bee86,470d54b1-dce0-807c-33b4-03198ed5d894,736353004,Inpatient care plan (record artifact),88805009,Chronic congestive heart failure (disorder)
f7bdb32a-c51f-e2d4-2c98-b2af211d749d,1940-11-05,,48754e39-a95e-48ab-28cb-650bb600c110,febb34fa-b677-e5eb-9331-94287b3e90ee,384758001,Self-care interventions (procedure),,
31640a41-2239-b1f7-929b-23edca63f319,1970-12-09,,48754e39-a95e-48ab-28cb-650bb600c110,512c80b8-6134-d922-4eb3-df45e3a1a7a3,698360004,Diabetes self management plan,15777000,Prediabetes
6ac86fad-17a1-8f45-a1c0-b42b949175d8,1984-08-01,,48754e39-a95e-48ab-28cb-650bb600c110,2a3aae44-a489-bb4d-90ec-3bb3596606d6,408869004,Musculoskeletal care,239873007,Osteoarthritis of knee
47b1e450-ca47-2724-d25b-98de63550046,1991-10-09,,48754e39-a95e-48ab-28cb-650bb600c110,29a9c9fa-ec96-536b-ce72-6446000f584f,443402002,Lifestyle education regarding hypertension,59621000,Essential hypertension (disorder)
a9314831-8f4e-e015-5e3c-04b12135ee88,1994-11-16,,48754e39-a95e-48ab-28cb-650bb600c110,df4c2c1a-fa52-d65a-e9cf-bf03ed802a31,736285004,Hyperlipidemia clinical management plan,55822004,Hyperlipidemia
81d905c5-487c-e877-adc0-9f8cc7f247c7,1996-07-21,,48754e39-a95e-48ab-28cb-650bb600c110,a930cfc8-8751-9c08-65f5-b7be0d2d6c43,734163000,Care plan (record artifact),,
0ab9dcbe-5588-28e2-1a1b-60394548b420,2015-10-07,,48754e39-a95e-48ab-28cb-650bb600c110,f202e181-832b-d344-fdda-75f3ec6a4d5a,736690008,Dialysis care plan (record artifact),,
4d157070-673b-1a25-70f3-0139fd8864b5,2019-09-11,,48754e39-a95e-48ab-28cb-650bb600c110,8668ed8d-14b0-867b-c4fc-df2eb78e36a7,386257007,Dementia management,26929004,Alzheimer's disease (disorder)
bbefb37e-4a92-013e-c501-b88531a40d2e,2020-03-11,2020-04-05,48754e39-a95e-48ab-28cb-650bb600c110,3e9a28db-7c16-1dc4-3f79-361215170fdb,773513001,Physiotherapy care plan (record artifact),44465007,Sprain of ankle
c1812e4c-a2de-6bbc-91a6-f72d34e9696e,2014-08-01,2014-09-05,20791001-7df5-229f-a876-7d8bcca266b2,cf46ad24-a4cd-2025-1103-dfcd77be7564,773513001,Physiotherapy care plan (record artifact),44465007,Sprain of ankle
44ee1a14-de4d-3b5b-05db-2e6d69e3f65d,2017-04-17,2017-08-08,20791001-7df5-229f-a876-7d8bcca266b2,09666707-6dc0-535c-6c8a-189ced895d25,53950000,Respiratory therapy,,
35a039b2-c366-bb9b-444b-a4d4433bcb91,1971-07-29,,48ac7acd-88fb-56fb-3fd5-4eaabb2f0b55,db2a1e6a-79b5-64b2-5879-8e498366c581,698360004,Diabetes self management plan,15777000,Prediabetes
3211cd20-d11d-6f66-6929-d177a07888cb,1980-06-06,,48ac7acd-88fb-56fb-3fd5-4eaabb2f0b55,e5a84733-76a5-09e2-7420-b416511c57b2,736285004,Hyperlipidemia clinical management plan,55822004,Hyperlipidemia
10a1fc90-23d9-3da7-bb0a-c5d03f46fcde,1981-04-24,,48ac7acd-88fb-56fb-3fd5-4eaabb2f0b55,4f2bd939-1896-7391-7c5a-8e5a8cf924e5,408869004,Musculoskeletal care,239873007,Osteoarthritis of knee
f50504d5-de0c-dcb5-e6fc-c41e4f3c3c6d,2005-06-23,,48ac7acd-88fb-56fb-3fd5-4eaabb2f0b55,78eb2fd7-9eb2-c331-ed01-b8da6a837787,443402002,Lifestyle education regarding hypertension,59621000,Essential hypertension (disorder)
cc946d45-0559-38f4-e366-c0a3530e8539,2019-08-10,2019-09-05,48ac7acd-88fb-56fb-3fd5-4eaabb2f0b55,3cc6d2d5-6ab1-cec2-bf99-b48c0c8f0977,225358003,Wound care,284551006,Laceration of foot
935b212d-903a-082f-7c59-2a1e62014721,2023-07-13,,48ac7acd-88fb-56fb-3fd5-4eaabb2f0b55,b70aea70-f940-22f6-241d-7d50f4952946,735984001,Heart failure self management plan,88805009,Chronic congestive heart failure (disorder)
7bff2ff5-aae9-0b19-a40f-ab80f172e224,2023-10-22,2023-11-05,48ac7acd-88fb-56fb-3fd5-4eaabb2f0b55,c433d92b-1c8a-2117-84c6-e1df3f62bc15,225358003,Wound care,283385000,Laceration of thigh
64168c1b-4301-c51f-2eaf-7e2416cc3dc6,2016-01-24,2016-02-12,04c35be2-e090-cc09-bbc7-862ce93d11be,eaf70f16-b170-2907-6d21-161f1b6a169a,53950000,Respiratory therapy,,
7b3159c5-997d-007a-f264-d671fec136ed,2017-11-12,,04c35be2-e090-cc09-bbc7-862ce93d11be,9ffe6020-b907-c013-d6fa-ce3851b451a9,384758001,Self-care interventions (procedure),,
d8e8a5b8-3e56-66ef-3d75-49b02e778883,2022-03-06,2022-03-28,04c35be2-e090-cc09-bbc7-862ce93d11be,8db7f02c-42ed-b6ef-38a8-4b58397e6573,225358003,Wound care,284549007,Laceration of hand
08e3ac9b-6124-094a-6b01-cc46f91fabc7,2023-05-15,,04c35be2-e090-cc09-bbc7-862ce93d11be,06f35de5-b466-87be-e9a8-cced683d8ee0,386522008,Overactivity/inattention behavior management,,
2f391b73-af95-9467-e49b-eb68fc7ddaf6,2022-03-23,,22747805-4161-d589-379f-0e969f9f281a,c0ad26eb-574e-b5fc-145f-26620f83831e,384758001,Self-care interventions (procedure),,
d05a161a-3ea8-9b37-bdd6-9234fe0a3f2c,2023-01-29,2023-06-13,22747805-4161-d589-379f-0e969f9f281a,8f945deb-7832-8666-ef0b-209ce6e794ee,53950000,Respiratory therapy,,
7c688ea2-2acb-44ba-c557-26f798c21a99,2023-12-27,,22747805-4161-d589-379f-0e969f9f281a,7287b43a-f369-41f0-4bd3-8a81c6e2a400,699728000,Asthma self management,233678006,Childhood asthma
4bcdbf07-2c3a-f8d5-f427-e4ff72e162db,2022-01-31,2022-02-11,bdeee041-da6a-e5ac-b9d4-2985473de39d,0c2786e7-b40f-4065-30ea-0626f4d0cf0d,53950000,Respiratory therapy,,
5f2df770-65d8-9072-1e85-d7fec055d8f2,1972-11-03,,dda50031-9ef4-ad01-0d37-ce4ec4281bd9,1579d607-1ec5-6c2a-7f73-25c1a0811efb,384758001,Self-care interventions (procedure),,
9d32dedc-3d35-807c-60ce-928a9cc1084a,1990-05-05,,dda50031-9ef4-ad01-0d37-ce4ec4281bd9,a6652357-8e5c-a932-c4e1-c4c558619add,698360004,Diabetes self management plan,15777000,Prediabetes
4ff57863-b325-c9bf-af24-5b098b998ded,1999-08-13,2002-05-18,dda50031-9ef4-ad01-0d37-ce4ec4281bd9,e65b8697-6b44-19b4-b89b-647b472f3efc,53950000,Respiratory therapy,,
8b463923-f0da-772a-93e7-0291bf6ac11c,2005-05-21,,dda50031-9ef4-ad01-0d37-ce4ec4281bd9,b3ade798-ceb3-dcc9-9dec-890198c99ae4,412776001,Chronic obstructive pulmonary disease clinical management plan,87433001,Pulmonary emphysema (disorder)
72270509-ad12-1f87-aa45-a061d33997fb,2008-03-08,,54d03fee-9d56-b856-4102-583022c67321,b0cdd25d-8870-6294-f2eb-e046698168a7,698360004,Diabetes self management plan,15777000,Prediabetes
13876b0c-f187-c980-d502-85efcdd465ec,2016-04-16,,54d03fee-9d56-b856-4102-583022c67321,4b8a1d74-ed9b-4827-0fa7-8be429518639,736285004,Hyperlipidemia clinical management plan,55822004,Hyperlipidemia
be7ceb49-b9de-b989-3d1e-16df59ac09c8,2017-10-10,2018-03-03,54d03fee-9d56-b856-4102-583022c67321,e17ad08b-222c-3ac1-a7d7-e4a7576754b0,53950000,Respiratory therapy,,
dd021279-2eb6-de8e-63b3-d4c4e8016e2d,2019-08-10,2020-03-14,54d03fee-9d56-b856-4102-583022c67321,2ff5c844-a351-6f25-da74-2ec397d2048b,53950000,Respiratory therapy,,
af35251b-3e59-ab49-a06f-1b632ffb7c42,1993-07-12,,6b716d5c-48b5-3103-450c-7f785459e1aa,2aa37f11-6906-f5de-a19a-1d5f15a001cf,443402002,Lifestyle education regarding hypertension,59621000,Essential hypertension (disorder)
6311fe34-083b-28a6-d299-d1fd55040a34,1995-07-24,,6b716d5c-48b5-3103-450c-7f785459e1aa,412192ba-a5f4-14f6-898b-712993de06fb,698360004,Diabetes self management plan,15777000,Prediabetes
26bde529-d14d-a7a5-5aba-de808c869882,1998-05-30,,dd235386-37ef-4cd6-1742-4218e9fa084f,4bb82257-ae18-5b41-90c3-30bad087dd11,698360004,Diabetes self management plan,15777000,Prediabetes
df2b94c9-c1cd-60d8-888a-fe9407af5b4d,2008-03-05,2008-03-25,dd235386-37ef-4cd6-1742-4218e9fa084f,c3e7ea2d-2b68-0535-d050-c02d48ae42f6,53950000,Respiratory therapy,,
786d1e9d-1e72-56fa-801c-743586eff617,2014-03-15,,dd235386-37ef-4cd6-1742-4218e9fa084f,cc7a3203-f7f7-1403-0351-027f98fbe1ea,443402002,Lifestyle education regarding hypertension,59621000,Essential hypertension (disorder)
e29c3091-ac4c-f9a9-c72d-3cc6c6bcf383,2017-12-01,,dd235386-37ef-4cd6-1742-4218e9fa084f,ea66ad4f-bedc-0609-1992-7ac6a5ddcac3,736372004,Discharge care plan (record artifact),,
a334ce48-8e6e-97f8-4f36-c89a02af1573,1924-06-18,,850bc101-5c14-b031-4c52-8864ca5f9c6e,183e9cc6-6b8a-6073-dc1b-1d927f4d7b6f,384758001,Self-care interventions (procedure),,
fa7eabd4-25f5-7734-d082-e5c7c7635804,1948-08-13,,850bc101-5c14-b031-4c52-8864ca5f9c6e,52f442c3-364f-b76d-bae7-41a0d1db5269,698360004,Diabetes self management plan,15777000,Prediabetes
4c54e4a3-9620-6b11-cb2d-b456341b5bfc,1959-06-23,,850bc101-5c14-b031-4c52-8864ca5f9c6e,b868f55b-8445-291d-5778-f2fa1e3361ae,734163000,Care plan (record artifact),73430006,Sleep apnea (disorder)
836c4092-b6d2-5b28-046b-82de43e37747,1960-08-26,,850bc101-5c14-b031-4c52-8864ca5f9c6e,881c55b7-59ad-c017-9dd1-591ad3e4b025,443402002,Lifestyle education regarding hypertension,59621000,Essential hypertension (disorder)
d152fe36-0713-806d-dbc3-67ac95378594,1986-05-26,,850bc101-5c14-b031-4c52-8864ca5f9c6e,dd33058b-a075-c0ba-b33e-94fd910558e2,736690008,Dialysis care plan (record artifact),,
88a83d27-0501-8ec4-76cf-0b6ebdb6f9c3,1951-05-20,,9df6014e-6b23-7e9c-5c1b-c1305864db3f,fb3230e6-ea35-82c7-a952-66913a0be27f,718361005,Weight management program,,
e4b870bb-bffb-4b2b-4c25-4326e3df1c48,1980-05-05,,9df6014e-6b23-7e9c-5c1b-c1305864db3f,37b42831-48c5-8110-06f4-15b59204fa26,443402002,Lifestyle education regarding hypertension,59621000,Essential hypertension (disorder)
b4aee46f-2e3f-26f2-aacf-6856cbab3625,1990-07-08,,9df6014e-6b23-7e9c-5c1b-c1305864db3f,36cd76ce-a7cb-228b-8dac-b42002eed187,412776001,Chronic obstructive pulmonary disease clinical management plan,185086009,Chronic obstructive bronchitis (disorder)
77a2a39c-a467-c3fd-ade7-e77c3db5f9cf,2004-05-03,,9df6014e-6b23-7e9c-5c1b-c1305864db3f,bda53ad7-2ce6-69e9-a061-565ddbf459be,735984001,Heart failure self management plan,88805009,Chronic congestive heart failure (disorder)
66929dda-7399-5db3-37a0-e90bd2c33dd6,2004-10-30,2004-11-06,9df6014e-6b23-7e9c-5c1b-c1305864db3f,596f5ea1-bcf2-ff3b-cf8d-77650c35a543,736353004,Inpatient care plan (record artifact),88805009,Chronic congestive heart failure (disorder)
18befc7c-6634-013b-b195-4cda35cb8065,1990-01-05,,850bc101-5c14-b031-4c52-8864ca5f9c6e,0b6c3526-f215-0a62-ceb6-a3b7c072e4dc,170836005,Allergic disorder monitoring,,
5d7fe00c-1a5e-3b03-1a6a-b7ee3effb629,1990-10-11,1990-10-27,850bc101-5c14-b031-4c52-8864ca5f9c6e,5b14475b-180b-f93d-5c84-d173a0e8b04e,53950000,Respiratory therapy,,
0dd83aa3-90f3-043b-0878-04c191ab4b39,1991-04-12,1991-05-08,850bc101-5c14-b031-4c52-8864ca5f9c6e,aa77a5d9-b085-c114-12eb-f17f664a5b72,225358003,Wound care,284551006,Laceration of foot
e4ad542f-db2b-bc35-9dca-13e4fd6168ff,1994-03-26,,96876a32-f8c9-3269-8bf0-0c179a4b9840,512b477a-8971-3dbc-dce3-f2f817cd9507,412776001,Chronic obstructive pulmonary disease clinical management plan,87433001,Pulmonary emphysema (disorder)
b5cd5d98-8510-53d1-82a8-58083fd41899,2006-07-29,,96876a32-f8c9-3269-8bf0-0c179a4b9840,53f7f303-d3a1-ab22-3f4a-73c10b98e5e3,443402002,Lifestyle education regarding hypertension,59621000,Essential hypertension (disorder)
6f68b8de-137d-9aed-7ea8-59b019cde955,2008-08-09,,96876a32-f8c9-3269-8bf0-0c179a4b9840,a93b8cee-a6bc-2998-be65-6ebe339b2193,698360004,Diabetes self management plan,15777000,Prediabetes
ee91ca1e-7352-16fc-f59d-e4513143c01e,1992-04-24,1992-07-19,850bc101-5c14-b031-4c52-8864ca5f9c6e,2ae652d2-8eed-3295-19ad-f41d91850249,385691007,Fracture care,263102004,Fracture subluxation of wrist
f11caee8-7db9-1962-347b-1b33a869c08d,1985-05-22,,2f2fef3d-a9ab-04dc-5ce3-1c568e4df409,e0fa97f2-cc51-4dca-4374-0b64dff18279,443402002,Lifestyle education regarding hypertension,59621000,Essential hypertension (disorder)
db510046-8c48-4de1-f1e5-206ab8fa5e72,1991-06-18,1991-07-31,2f2fef3d-a9ab-04dc-5ce3-1c568e4df409,2444ead1-3a4a-133f-4022-10d1b33154bb,47387005,Head injury rehabilitation,62106007,Concussion with no loss of consciousness
6af105ab-65ae-2fd4-be0a-786a037896c7,1993-10-06,,2f2fef3d-a9ab-04dc-5ce3-1c568e4df409,484e5247-fb4f-7232-93c8-d37ada225267,698360004,Diabetes self management plan,15777000,Prediabetes
5239e461-ef92-585f-8d58-c64ff81641e6,1994-03-30,,2f2fef3d-a9ab-04dc-5ce3-1c568e4df409,3322319a-f9e2-46cc-2e8f-ff8ba39d1bea,736690008,Dialysis care plan (record artifact),,
d77e0561-668d-3c5a-d967-88f2d711521e,1994-06-17,1994-07-09,2f2fef3d-a9ab-04dc-5ce3-1c568e4df409,56e32655-da62-849a-3dd5-c330c737c7c9,225358003,Wound care,284549007,Laceration of hand
1f2de612-5559-af57-3cba-2be12dfc7ef8,1998-05-30,,2f2fef3d-a9ab-04dc-5ce3-1c568e4df409,bb25aefa-1afb-d6af-3b1c-af6946e09cfc,734163000,Care plan (record artifact),,
457b03dd-8c03-fb1c-bedb-8736f603fe32,2021-04-04,,db9f4586-b36e-864c-922b-caf7b21f1a4f,bfa292a0-b76d-2176-4217-e768998bcc08,276239002,Therapy (regime/therapy),,
724687d9-c574-a79d-d6d2-9d88bb79e19d,2023-05-17,2024-03-20,db9f4586-b36e-864c-922b-caf7b21f1a4f,e103c202-8ea4-8ad5-cc72-8148a716e96a,53950000,Respiratory therapy,,
873a9857-1a7d-4c2d-9f38-48ecb9177788,1995-06-04,,98cdc3f3-b5d2-5b7f-a2c8-6c6f9ccadc6f,6564754a-1395-756a-88a9-7718ff3ac2c9,698360004,Diabetes self management plan,15777000,Prediabetes
41dee210-f56f-9a53-066e-d6f225e80ad5,2017-10-29,,98cdc3f3-b5d2-5b7f-a2c8-6c6f9ccadc6f,35d8db7d-ef64-7c6c-0a88-ddb46ba4a60e,736285004,Hyperlipidemia clinical management plan,55822004,Hyperlipidemia
7f4b2370-0f44-d587-50a2-ab18e2d553f1,2020-02-19,2020-06-04,98cdc3f3-b5d2-5b7f-a2c8-6c6f9ccadc6f,ddfec7cb-8be7-b88d-ed41-2b05c920931e,385691007,Fracture care,65966004,Fracture of forearm
f34ca6f3-12aa-8136-ce03-0606f79f3e3a,2022-08-07,2022-11-06,98cdc3f3-b5d2-5b7f-a2c8-6c6f9ccadc6f,52c1fe5d-6b26-d56b-d821-8fb92cac0b72,53950000,Respiratory therapy,,
6d427440-0f00-e2be-2d7f-51d87dbe7a14,1977-01-08,,2f468cc0-b059-4acb-dd9b-f46ab9806f4a,5b386f85-b29e-dfed-1134-e87b5e3dc614,699728000,Asthma self management,195967001,Asthma
7c8694c9-16b2-049d-ca6f-deb7067c4704,2001-11-18,,2f468cc0-b059-4acb-dd9b-f46ab9806f4a,8d8fbdb3-7b66-1bb4-b9bc-c4cbe80dae9f,736372004,Discharge care plan (record artifact),,
5e367bf9-9a78-ad37-975e-15b0373085e4,2010-02-24,,2f468cc0-b059-4acb-dd9b-f46ab9806f4a,2b3d1a24-895d-9c76-bb9e-eacb184ccfff,736285004,Hyperlipidemia clinical management plan,55822004,Hyperlipidemia
198a8832-7631-d68b-4cb1-4bf55c9316d0,2015-10-23,2015-12-07,2f468cc0-b059-4acb-dd9b-f46ab9806f4a,68f60c9c-0c06-bf19-dd3a-1dcd31f889ef,385691007,Fracture care,263102004,Fracture subluxation of wrist
a25699f5-e2c8-4793-3384-66c852424273,2020-08-04,2020-08-04,16d8e60a-535a-4637-363f-ea9a7e46a851,6f924525-a202-f5d2-be53-0715f90a0bdb,736376001,Infectious disease care plan (record artifact),,
671b9efe-344c-aa56-dfc7-72c29798cd5c,1960-08-26,,2d3b2e7f-1c87-1bdd-ee05-da796faa5cc6,53ffb305-6139-66ad-9552-b8a18bb39b98,443402002,Lifestyle education regarding hypertension,59621000,Essential hypertension (disorder)
e92803ce-d342-547a-8951-3f1d23b072e8,1969-11-07,,2d3b2e7f-1c87-1bdd-ee05-da796faa5cc6,bf4c4660-670a-7d6c-3af5-f60062c02968,736285004,Hyperlipidemia clinical management plan,55822004,Hyperlipidemia
75e8cdbd-6fa9-ee4d-8fa1-72c66ee00c5b,1975-03-07,,2d3b2e7f-1c87-1bdd-ee05-da796faa5cc6,eae993c8-c469-bd65-745f-09bbfa5bec75,698360004,Diabetes self management plan,15777000,Prediabetes
2e62b864-98ee-1086-bf45-22733aef7416,1984-07-16,,2d3b2e7f-1c87-1bdd-ee05-da796faa5cc6,a852ea3d-67de-9269-ac4c-dc5bcf739baa,736690008,Dialysis care plan (record artifact),,
f626128e-e412-92fe-0908-e64d0e42178e,1989-09-10,,2d3b2e7f-1c87-1bdd-ee05-da796faa5cc6,bec20125-f9cf-ffc2-87f1-b349e5241085,734163000,Care plan (record artifact),,
d2dd4146-7e67-2120-fbdc-027855d8d97e,2002-10-04,2003-05-02,2d3b2e7f-1c87-1bdd-ee05-da796faa5cc6,c8203b41-40fb-23ae-e4b9-f9d3741be627,53950000,Respiratory therapy,,
c0c74ae2-9603-e04e-d2bf-a6eeab5ffa9e,2004-04-29,2004-05-14,2d3b2e7f-1c87-1bdd-ee05-da796faa5cc6,f679cf17-cb47-4e45-818e-93824363db3f,53950000,Respiratory therapy,,
d9a42983-4b51-c3a5-f55b-cb0e48a7d170,2006-05-26,,2d3b2e7f-1c87-1bdd-ee05-da796faa5cc6,3c50f83a-fdb7-6fbb-46f1-42f70e479c16,735984001,Heart failure self management plan,88805009,Chronic congestive heart failure (disorder)
b0e9cdc5-bad3-27d2-fa23-0ee24aa499a1,1995-05-19,,2484ec1a-74bd-7aed-4756-f1631781e5f9,36cbd7c7-2496-d80e-1f43-6ed709102682,698360004,Diabetes self management plan,15777000,Prediabetes
1d580f9d-b28a-d9ee-c2b6-e35f4d0c4cda,2003-01-03,,2484ec1a-74bd-7aed-4756-f1631781e5f9,673a6755-96d8-790e-d410-01e5b5113d16,735984001,Heart failure self management plan,88805009,Chronic congestive heart failure (disorder)
0721b907-43ba-05d2-52cc-f7070e5934a6,2003-07-02,2003-07-25,2484ec1a-74bd-7aed-4756-f1631781e5f9,45e47dcc-93b0-a959-dae0-95b378a3cac6,736353004,Inpatient care plan (record artifact),88805009,Chronic congestive heart failure (disorder)
26ffadfc-e03c-3b32-0710-b204b71cb49c,2005-08-03,2005-08-06,2484ec1a-74bd-7aed-4756-f1631781e5f9,e47f48d0-3768-078b-7c56-cc3ae73b8e46,736353004,Inpatient care plan (record artifact),88805009,Chronic congestive heart failure (disorder)
a7f8c675-b64f-b2b0-7064-73f48e27bb81,2005-10-13,2006-02-03,2484ec1a-74bd-7aed-4756-f1631781e5f9,90344a8f-8110-0e57-4303-8cf870cd5132,53950000,Respiratory therapy,,
b46570ba-6067-0723-d985-d35daf308346,1962-02-19,,06adbb6b-b91f-4faf-2fb2-db2caeb721a2,aad6628d-9580-772a-b11f-be497d0369db,384758001,Self-care interventions (procedure),,
6e657596-ff48-7b45-b509-818c183c8876,2003-06-13,,06adbb6b-b91f-4faf-2fb2-db2caeb721a2,0c4a50f3-4f13-8bce-f76f-487c4874a09e,736285004,Hyperlipidemia clinical management plan,55822004,Hyperlipidemia
dc643977-11cf-b36c-aa89-1a28ee6feafc,2014-10-31,2015-06-05,06adbb6b-b91f-4faf-2fb2-db2caeb721a2,433af931-a067-7783-dfec-37edf93fcc07,53950000,Respiratory therapy,,
33b749cf-21fe-f3f8-0807-56e863cfb786,2021-01-07,2021-07-09,06adbb6b-b91f-4faf-2fb2-db2caeb721a2,492b6d46-d892-d632-4d8c-6111d1161dea,53950000,Respiratory therapy,,
654aa644-00af-5325-0c39-f6f580b6bec5,1990-07-27,,69867d9b-d727-e0f4-394b-ecb5c1707f25,3168e715-2cce-9f9a-f712-53fd0e3f1a12,698360004,Diabetes self management plan,15777000,Prediabetes
0c66b8f6-25fa-ab56-379f-c55501d2611d,2006-06-16,,69867d9b-d727-e0f4-394b-ecb5c1707f25,4ad397c7-a989-a5c2-417e-6b2d5d502b8f,736285004,Hyperlipidemia clinical management plan,55822004,Hyperlipidemia
5c0836eb-f4bf-cc75-738c-9d85da6ca94c,2013-05-27,2014-10-20,69867d9b-d727-e0f4-394b-ecb5c1707f25,c0ca66ad-cef9-15e7-eca6-01983b2692e7,395082007,Cancer care plan,93761005,Primary malignant neoplasm of colon
97d86a77-39cc-e842-5c53-16c518ff0857,2022-11-10,2023-09-01,69867d9b-d727-e0f4-394b-ecb5c1707f25,ab357202-2677-0b45-ab8a-8a537722716c,53950000,Respiratory therapy,,
2ade5ae4-9cf8-6da5-0940-01853e69fd83,2023-09-01,,69867d9b-d727-e0f4-394b-ecb5c1707f25,e828d4a8-3d31-0b02-b197-9c818e873719,443402002,Lifestyle education regarding hypertension,59621000,Essential hypertension (disorder)
52179c25-7b41-d24a-5dd2-2c2d665a6cb3,1960-08-26,,0b8affce-61b1-fddc-3af7-7b3c37b1777f,e7912940-7d38-0033-5dc9-23cd264d30c5,698360004,Diabetes self management plan,15777000,Prediabetes
75b2d93b-4876-4625-f82e-b8e78214f00a,1961-11-06,,0b8affce-61b1-fddc-3af7-7b3c37b1777f,0cbb69e1-936e-d22d-6345-84f69a50fb54,408869004,Musculoskeletal care,239872002,Osteoarthritis of hip
4ba9b93d-7bfc-d470-e7a8-57d43b83a3b3,1976-06-25,,0b8affce-61b1-fddc-3af7-7b3c37b1777f,315cf1f6-c61b-4185-2af6-3ec6312ad634,443402002,Lifestyle education regarding hypertension,59621000,Essential hypertension (disorder)
6108cee9-bbef-f27f-bcf3-2780250f434b,1976-07-02,,0b8affce-61b1-fddc-3af7-7b3c37b1777f,5c8ef68b-c4d0-cd5b-b3f4-15f0db713a37,734163000,Care plan (record artifact),78275009,Obstructive sleep apnea syndrome (disorder)
3e5d52a6-9783-83db-133a-061d38f4eaf6,1985-02-07,1985-08-16,0b8affce-61b1-fddc-3af7-7b3c37b1777f,a99ce413-e2f7-31b6-eb78-4aeffadcf945,53950000,Respiratory therapy,,
38dcae7d-3b13-fcf1-9bc9-42c045c523f7,1988-06-23,1988-07-18,0b8affce-61b1-fddc-3af7-7b3c37b1777f,04b49ca9-4182-7185-ef85-890e080f7ab3,225358003,Wound care,284551006,Laceration of foot
c9688425-148a-36e9-e0d8-dff1453bc316,1991-11-08,,0b8affce-61b1-fddc-3af7-7b3c37b1777f,7a5d97c2-4307-283d-1e8a-f87b3712cb5a,736372004,Discharge care plan (record artifact),,
7b8d5af3-2e7e-a998-2feb-ad86a15b2b23,2002-05-14,,d3e991ff-b24b-556d-4c07-d73f706eb61b,f77e9dfa-9dc1-9d31-895d-d28307f3d0f3,698360004,Diabetes self management plan,15777000,Prediabetes
8a511659-1c48-fe59-028a-5c63f91429d2,2004-02-08,,d3e991ff-b24b-556d-4c07-d73f706eb61b,e4a458f4-b175-7882-b99e-1d9f2f744a62,408869004,Musculoskeletal care,239873007,Osteoarthritis of knee
26f5fe5b-1831-f945-2cb6-df2ce7673894,2014-03-31,,d3e991ff-b24b-556d-4c07-d73f706eb61b,a512ecca-2417-c8d5-98d2-73eadca0c860,276239002,Therapy (regime/therapy),,
cb46ff15-a80f-7f1c-1fd9-6da5108a4b2f,2021-02-24,2021-02-24,d3e991ff-b24b-556d-4c07-d73f706eb61b,a54aad60-e967-73d2-c51a-424cbbe8cf2d,736376001,Infectious disease care plan (record artifact),,
f1bbdcbd-aa3d-3716-7ee8-e5ede0f25ef6,2021-02-24,2021-03-23,d3e991ff-b24b-556d-4c07-d73f706eb61b,a54aad60-e967-73d2-c51a-424cbbe8cf2d,736376001,Infectious disease care plan (record artifact),,
85b82b7e-0d9c-3473-71db-5cbdf3a5ddb3,2022-07-12,,d3e991ff-b24b-556d-4c07-d73f706eb61b,fdb43b0b-7660-6f8b-29dd-369f56c80e1d,443402002,Lifestyle education regarding hypertension,59621000,Essential hypertension (disorder)
25c98a35-ff10-20a7-5210-e7a6c28fad64,2021-07-28,2021-08-20,19720144-dfa8-8452-91c1-6cdfc5d2d3c1,9e0d1ea9-c56a-c714-115a-1892832dabd2,225358003,Wound care,283371005,Laceration of forearm
582b7cf3-9f70-3b19-2105-d087f45527b2,2019-07-09,,07fe4fe6-cd06-2057-eb22-fd6b93b6d543,7a568e29-945c-0944-bcc5-86aea002cbeb,384758001,Self-care interventions (procedure),,
0c8da208-56c6-e395-c3ee-c5db18991385,2020-12-02,2021-01-06,07fe4fe6-cd06-2057-eb22-fd6b93b6d543,9bab2376-b489-51e9-c49a-071d6370b2a4,773513001,Physiotherapy care plan (record artifact),44465007,Sprain of ankle
bf7d093f-d39d-00df-dd31-91d91b89f0c8,2021-10-16,,07fe4fe6-cd06-2057-eb22-fd6b93b6d543,6d9bea64-0867-7b0b-9b83-cf4b2efad9b6,699728000,Asthma self management,233678006,Childhood asthma
26af123b-39fd-d91e-afb2-dca683bdd4f1,1979-09-18,,db9a6193-8362-2cbb-e510-9785c386999d,3d0532ea-c509-9c8d-096e-bf40818126d9,698360004,Diabetes self management plan,15777000,Prediabetes
b76cf364-2c13-0133-57c7-b9e1b3137d46,2020-06-27,2020-06-27,db9a6193-8362-2cbb-e510-9785c386999d,e1831817-c59b-b696-97c0-f193da440c06,736376001,Infectious disease care plan (record artifact),,
b1d4d86a-d8b7-a70b-ff82-ed3906f1bcb3,2006-03-02,,0842fe06-0609-da13-ecf2-de84717c0b91,1fe10f95-9a9e-d1c5-0cb9-17c5b7b254c7,443402002,Lifestyle education regarding hypertension,59621000,Essential hypertension (disorder)
3e566d16-e521-e742-586e-23ff1da35aca,2023-06-08,,0842fe06-0609-da13-ecf2-de84717c0b91,73ffafe4-9ed8-9421-302f-db64d8ae2039,698360004,Diabetes self management plan,15777000,Prediabetes
efd4b625-0d44-c037-9a2c-8e91f80c2738,2023-09-12,2023-09-22,0842fe06-0609-da13-ecf2-de84717c0b91,97accf60-8b47-2c60-beb9-b5a7cd2027a8,53950000,Respiratory therapy,,
64c86bb9-521f-8b6a-405e-6ff45257dbf0,1993-07-27,,9d392883-6aa4-c56f-b886-55e2a4305005,a3b2d74a-5116-4f48-d2cb-f1aeacd40292,698360004,Diabetes self management plan,15777000,Prediabetes
33501193-5131-b571-4148-be5a181d2660,2015-12-01,,9d392883-6aa4-c56f-b886-55e2a4305005,f187548a-c3a0-d9c1-ca05-b0e3e05781e8,386257007,Dementia management,26929004,Alzheimer's disease (disorder)
353e95f4-6838-ea56-9388-39f43cdf0afb,2016-06-22,2016-08-03,9d392883-6aa4-c56f-b886-55e2a4305005,10cc16ba-dc88-0f63-98c1-d30e9d42f3f9,385691007,Fracture care,359817006,Closed fracture of hip
b5234753-f210-f71b-5767-3e506059cb71,2019-10-04,,9d392883-6aa4-c56f-b886-55e2a4305005,babf257d-0ab8-910c-f0c5-c9e00f9dceaa,736372004,Discharge care plan (record artifact),,
88c9a7ca-10a1-473c-a1cc-abdcd857b812,1992-06-03,,e3e0e009-c3b9-9ded-60a4-052dcd3e2eeb,380de1e3-91a3-5c10-ac79-e8b0b9178fe2,384758001,Self-care interventions (procedure),,
8b191763-387b-6e9b-e4b7-2978a92ef269,1995-01-07,,e3e0e009-c3b9-9ded-60a4-052dcd3e2eeb,062358d3-4c09-8728-279d-dd0def93994f,699728000,Asthma self management,233678006,Childhood asthma
eed45e72-dd8d-562d-697c-5c577cc846cc,2016-06-01,,e3e0e009-c3b9-9ded-60a4-052dcd3e2eeb,41ebc2af-41bc-76b3-8ae2-b651ce185a17,698360004,Diabetes self management plan,15777000,Prediabetes
6a582817-5e18-caa3-d929-9af1919eb7d4,2016-12-28,2017-08-02,e3e0e009-c3b9-9ded-60a4-052dcd3e2eeb,e87c1a10-2da3-a5b5-da16-ff8a8b132ddb,134435003,Routine antenatal care,,
1b56d796-c58d-baa1-7784-b00b2b416b6e,2019-01-02,2019-08-28,e3e0e009-c3b9-9ded-60a4-052dcd3e2eeb,a69d6908-d8e7-1cb2-1ac2-43f6aff81c57,134435003,Routine antenatal care,,
cbf780a6-6d8b-5f3b-e06e-e6038d7f012f,2020-10-21,2021-05-26,e3e0e009-c3b9-9ded-60a4-052dcd3e2eeb,0a947558-c0a5-4b5d-b445-c9816b88beba,134435003,Routine antenatal care,,
b93a9aea-e2ef-9f22-20a3-5d29993df46c,2021-12-20,2021-12-28,e3e0e009-c3b9-9ded-60a4-052dcd3e2eeb,164180eb-bf7d-f5c8-ee96-584564c972e2,53950000,Respiratory therapy,,
0d990e03-26e6-6ca5-1b6b-fa05c3380897,2022-02-09,2022-09-14,e3e0e009-c3b9-9ded-60a4-052dcd3e2eeb,6e6fa86a-256b-83f7-2588-22eaa3b648d9,134435003,Routine antenatal care,,
f89913c6-4d8b-b1da-c386-ecabf41b68e2,1973-10-27,,b5329d46-63fc-ec4b-0ed4-ee71852d06e2,03cbb92a-c67c-bd46-9ab6-a92dd20bea6f,718361005,Weight management program,,
8e93bab7-ae0c-2dab-a94c-807978925cae,1979-12-01,,b5329d46-63fc-ec4b-0ed4-ee71852d06e2,e9c7381b-1c84-527b-4d6d-2cbef67b54be,698360004,Diabetes self management plan,15777000,Prediabetes
9df23d79-09a0-f56b-8fc4-9a4677d3dfc3,1990-03-29,,b5329d46-63fc-ec4b-0ed4-ee71852d06e2,33132bf3-d6ee-f748-e9b5-91ea6350db25,384758001,Self-care interventions (procedure),,
893858e7-02b2-f616-9231-fd6026adc536,2017-12-22,2018-11-17,b5329d46-63fc-ec4b-0ed4-ee71852d06e2,f8819981-364a-ec6e-ab3c-ca334e4b76d7,53950000,Respiratory therapy,,
1ff48510-95e0-5604-c0f4-d76da0e91c44,2022-02-01,2022-02-13,b5329d46-63fc-ec4b-0ed4-ee71852d06e2,5e03db2c-6325-3198-ebeb-008897995b8a,53950000,Respiratory therapy,,
bbb5b947-1141-e654-6b9f-adaee8660ae0,2023-01-03,2023-02-09,b5329d46-63fc-ec4b-0ed4-ee71852d06e2,dae4aa01-8d9e-0acd-7603-071790755103,133901003,Burn care,403191005,Second degree burn
3043ca7b-6910-9155-b5b2-de7064196612,2023-03-06,,b5329d46-63fc-ec4b-0ed4-ee71852d06e2,3c870fcb-60e1-df59-adc5-de23ef72c24c,736372004,Discharge care plan (record artifact),,
9a0e2249-0da8-9d57-e29f-3cdfb86d5af0,2024-03-03,2024-04-21,b5329d46-63fc-ec4b-0ed4-ee71852d06e2,ee7b6383-b6b6-ea5e-a052-5c2cfc55646e,773513001,Physiotherapy care plan (record artifact),,
4eda76de-b040-f42d-61d1-f13b7465dbdf,2002-07-18,,df95c558-c849-4857-a371-4239bdd1cdde,774f2b83-728c-88c7-cd1e-847bf444604e,698360004,Diabetes self management plan,15777000,Prediabetes
9610fb5d-88f2-54d8-b7cf-a1ac11ea140f,2005-04-29,,df95c558-c849-4857-a371-4239bdd1cdde,e1d32732-abaf-3b9a-ca08-739b2f11b2b7,443402002,Lifestyle education regarding hypertension,59621000,Essential hypertension (disorder)
928a9eea-80cb-7bb7-21c7-ff24d3eb3bc0,2010-10-28,,df95c558-c849-4857-a371-4239bdd1cdde,85562975-40c6-4c38-da94-e258f25f2e3b,408869004,Musculoskeletal care,201834006,Localized  primary osteoarthritis of the hand
03a80609-7fcd-e5f7-5eee-a8b34276f273,2014-05-05,,df95c558-c849-4857-a371-4239bdd1cdde,3a45ef79-4592-a8a5-959c-9635cdb0516a,276239002,Therapy (regime/therapy),,
f1214083-89db-1507-b6cc-cb943daab7b0,2014-07-22,2014-10-31,df95c558-c849-4857-a371-4239bdd1cdde,99ced744-e861-934b-2181-1587cda56f99,773513001,Physiotherapy care plan (record artifact),444470001,Injury of anterior cruciate ligament
2fd2e0d2-8b50-985a-9889-7593f8ba58f8,2017-04-04,2017-04-13,df95c558-c849-4857-a371-4239bdd1cdde,3150758c-9da9-727f-522f-68f9e443261d,53950000,Respiratory therapy,,
964a4da5-2ef3-bd91-4714-1c762443e8f0,1933-03-23,,b5bbcedb-5e0c-5150-b595-12e5ac1b726d,ac7ac0d1-08d2-5049-944e-96d365c21fd1,443402002,Lifestyle education regarding hypertension,59621000,Essential hypertension (disorder)
402091ab-0d9b-b709-60aa-b0adfcaa3bff,1965-01-31,,b5bbcedb-5e0c-5150-b595-12e5ac1b726d,37c574a2-93b7-34e8-b9c3-452927c905d0,736690008,Dialysis care plan (record artifact),,
d1e48e9a-634b-9801-539f-b8b86143c254,1968-02-15,,c04cf99f-c4ff-9730-5edb-20ffbc5c88e9,463dbbe4-7f27-ab80-d0c4-c027c1e731cd,698360004,Diabetes self management plan,15777000,Prediabetes
bbddb9f9-9a9b-00a7-a4b3-e07f73399541,1976-10-25,1977-04-07,c04cf99f-c4ff-9730-5edb-20ffbc5c88e9,18f3fd40-3f54-af86-687b-ff3f6b8700e6,53950000,Respiratory therapy,,
abfafa01-2e4d-7aa4-52da-eebcc0300f7e,1941-08-01,,60aac42f-aecf-a46c-d15d-957300b4ba1c,9000913b-74be-a8ff-905c-9ec71fc0e14a,698360004,Diabetes self management plan,15777000,Prediabetes
cde7cfc2-f01a-bc8f-9f4c-825b24b634ad,1945-08-10,,60aac42f-aecf-a46c-d15d-957300b4ba1c,a2a7c52e-793c-a145-08be-a6fda7245e46,443402002,Lifestyle education regarding hypertension,59621000,Essential hypertension (disorder)
9a1a4473-df18-32ea-89c2-775afec72122,1989-10-30,,60aac42f-aecf-a46c-d15d-957300b4ba1c,470dfeb6-7aa7-a77e-204f-9318979fb69f,736690008,Dialysis care plan (record artifact),,
545c5baa-49da-c5be-b9ed-071b54a5db9c,2001-02-02,,8a9571dc-9e27-6660-ffc0-a49d50f6139f,eb9120ef-d817-9f09-0df1-b6dd16570956,698360004,Diabetes self management plan,15777000,Prediabetes
7cc51436-67e7-ea35-0b8f-98829f3ac2ac,2013-02-15,,8a9571dc-9e27-6660-ffc0-a49d50f6139f,0c914482-0b9d-0af4-a0f5-1dbb78b525e0,443402002,Lifestyle education regarding hypertension,59621000,Essential hypertension (disorder)
72f04b5d-98a8-7a58-b62f-ec2c135e6396,2014-07-23,2014-08-06,8a9571dc-9e27-6660-ffc0-a49d50f6139f,4f60d5b1-8e1d-6699-6628-db847525a8e1,53950000,Respiratory therapy,,
7cb9b116-2c74-d6b0-4826-c194a6c57ffb,2020-07-08,2020-07-21,8a9571dc-9e27-6660-ffc0-a49d50f6139f,838fd1d2-06d7-a277-1af7-2ef6db1fc173,53950000,Respiratory therapy,,
1e8e0c6a-049a-ef0c-a901-2991515d5de2,1993-11-25,,60aac42f-aecf-a46c-d15d-957300b4ba1c,0138c420-f405-7483-5775-5f97d3463b85,734163000,Care plan (record artifact),,
6dc98a81-3d3c-3ac3-d7be-59d9f69ff3e9,1998-03-10,,47f8a5e9-f836-9a65-f0b0-874740b8f905,1d9d099b-ecd9-13c7-149c-f16ef9c9cac1,698360004,Diabetes self management plan,15777000,Prediabetes
368525e5-fefc-5c93-a7a4-955f319a5bd2,2018-10-23,,47f8a5e9-f836-9a65-f0b0-874740b8f905,c61a5581-b84f-f7ba-3c8d-a6f48e79c166,736285004,Hyperlipidemia clinical management plan,55822004,Hyperlipidemia
d0e61617-e7bd-045f-a3e7-6a192b322f7f,2017-05-03,2018-03-07,e46bcf94-c569-5c33-ea6f-174ac71b5c81,6086a765-a277-3e02-f2c1-2bfee0aeb9cf,53950000,Respiratory therapy,,
3e2b253d-aec3-d0dd-a833-1ef1fed93710,2023-12-30,,e46bcf94-c569-5c33-ea6f-174ac71b5c81,028f4f82-721f-6155-798f-c9d3a6a0a763,734163000,Care plan (record artifact),78275009,Obstructive sleep apnea syndrome (disorder)
a3f34d92-97d6-b771-8f2b-329b79cf863e,2024-04-10,,e46bcf94-c569-5c33-ea6f-174ac71b5c81,1d47651a-bc0d-4176-9421-57173c92d48f,443402002,Lifestyle education regarding hypertension,59621000,Essential hypertension (disorder)
6132019d-8b79-6574-c40d-d59c94714291,2005-04-30,,1c2a3874-d1a6-e46e-26aa-d73a435ca5c9,dec27dc1-5208-f670-1289-7f5b4c764098,443402002,Lifestyle education regarding hypertension,59621000,Essential hypertension (disorder)
3bf40d82-848c-debb-bc6a-f1a9654fb5c6,2016-12-10,2016-12-28,1c2a3874-d1a6-e46e-26aa-d73a435ca5c9,e263bae5-59bd-90c3-a461-5a12fcdd7375,53950000,Respiratory therapy,,
8af20b3a-75aa-4d3f-c513-e953931579d9,2018-04-16,2021-01-04,edeaf92f-fb37-4a29-3619-59fbb77556f3,b8d8c158-709d-0cc9-6559-b585a30c0af1,53950000,Respiratory therapy,,
0e2789a5-c195-ea56-95fe-170d139b2214,2019-07-15,2020-02-17,edeaf92f-fb37-4a29-3619-59fbb77556f3,0acafdd3-3c7b-63c9-6b81-d05624cd5f34,134435003,Routine antenatal care,,
08a628fd-d7dd-59c9-730c-29bbb6deb172,2021-11-22,2022-07-11,edeaf92f-fb37-4a29-3619-59fbb77556f3,3547ee36-53b3-23c7-f5f7-4a3bcfe877ef,134435003,Routine antenatal care,,
e9786ade-2638-e398-fc0e-e124de160a8b,1989-07-18,,098c62f4-f105-0af4-2dce-55e593fa52ec,3387c77a-873c-adb7-2bbc-73fe38032165,698360004,Diabetes self management plan,44054006,Diabetes mellitus type 2 (disorder)
1158cc52-24ea-0374-dc44-2b8f37c92ab5,1991-07-23,,098c62f4-f105-0af4-2dce-55e593fa52ec,b9222f24-533b-e3c8-285d-da437f654b5f,443402002,Lifestyle education regarding hypertension,59621000,Essential hypertension (disorder)
1af60490-0849-813e-c781-ce5d50819910,1994-05-20,,098c62f4-f105-0af4-2dce-55e593fa52ec,bc81e104-c88b-4f54-1dff-59c002e6bf81,408869004,Musculoskeletal care,239872002,Osteoarthritis of hip
cbdd42fa-ff42-627e-95cf-11da93f675cc,2008-01-29,,098c62f4-f105-0af4-2dce-55e593fa52ec,5190ce90-30da-fc3e-d383-e071239cb378,781087000,Medical care (regime/therapy),,
ccf9f1a1-e3ae-0525-b8aa-636900958f1f,2016-11-05,2016-11-18,098c62f4-f105-0af4-2dce-55e593fa52ec,61c399fa-b86c-67f3-5dbe-20aa056ec145,53950000,Respiratory therapy,,
e14fdfa2-05b2-9ec7-a161-6ee10824a0e7,1975-04-22,,9798984b-e6d2-7ccf-846a-ca2fe0590c13,bdef624f-e765-dff4-4bbb-d90eada3b425,698360004,Diabetes self management plan,15777000,Prediabetes
4e12e0ed-44a4-dc4d-17ca-ecd5239431cc,1986-04-08,,9798984b-e6d2-7ccf-846a-ca2fe0590c13,5e2faf31-9bc2-bb22-f4ee-0c0b199f0474,443402002,Lifestyle education regarding hypertension,59621000,Essential hypertension (disorder)
560f5517-45a2-3393-f83f-9e81e71b775c,2017-02-08,2017-05-26,9798984b-e6d2-7ccf-846a-ca2fe0590c13,0dbe4250-87f6-2c32-cca5-45e38fe397b0,385691007,Fracture care,16114001,Fracture of ankle
503c5413-51c9-1441-d817-afe42591a43c,2014-12-22,2015-01-22,4e7e5fd9-5207-da41-e79d-1a6ef880ef28,ed060ed3-47f3-88e7-00cd-984c9ab4e31e,773513001,Physiotherapy care plan (record artifact),44465007,Sprain of ankle
e995ebf0-33d1-0c28-e1a9-f814322eebe5,2018-01-03,2018-01-20,4e7e5fd9-5207-da41-e79d-1a6ef880ef28,00c67661-d62a-5d88-79ca-f5448cc4000a,225358003,Wound care,370247008,Facial laceration
3268733f-cd66-43a2-a681-d86dd8e02b8d,2019-04-04,2019-10-17,4e7e5fd9-5207-da41-e79d-1a6ef880ef28,68034ab5-a562-b84a-48af-82228b1bd225,134435003,Routine antenatal care,,
505b324b-cfbe-8087-fca1-5b7c0a482a88,2020-03-16,2020-05-07,4e7e5fd9-5207-da41-e79d-1a6ef880ef28,d19b2a5f-8ce2-7951-8ff6-2f162c7497ef,53950000,Respiratory therapy,,
6f14e283-41e8-5c36-beb6-4556271d2c6d,2024-01-19,2024-02-02,4e7e5fd9-5207-da41-e79d-1a6ef880ef28,13afd644-7b15-14c0-2dfe-c79f34b18f96,737471002,Minor surgery care management (procedure),,
969d2899-86ab-8c43-e766-5cc2d21895de,2024-03-21,,4e7e5fd9-5207-da41-e79d-1a6ef880ef28,ac36877f-cb56-902e-2189-495f050f3052,412776001,Chronic obstructive pulmonary disease clinical management plan,87433001,Pulmonary emphysema (disorder)
bd4e51ba-8999-9f8c-92c4-f0425fad8763,2022-09-28,,02610dde-e27f-bed3-d899-872881420ed6,50f0f964-0419-d48f-283d-7924c0f0fa15,736285004,Hyperlipidemia clinical management plan,55822004,Hyperlipidemia
987031a9-1813-fc29-b44c-8f88cfdc21f7,2023-06-18,,02610dde-e27f-bed3-d899-872881420ed6,f79a056c-d786-6f95-20c0-b0579deb5adb,53950000,Respiratory therapy,,
7e9c10f3-55bb-a6bb-abee-e964b5690347,2019-02-24,2019-05-25,7bf0bf8b-d0bd-b455-7b3e-e7775b8badd6,7b9029ab-00e9-9bfb-879e-ebd4deb72329,53950000,Respiratory therapy,,
c00ed27c-56b6-4129-f4c9-d2c273c772d3,2019-04-16,2019-05-18,7bf0bf8b-d0bd-b455-7b3e-e7775b8badd6,dfdee1a6-03b4-754f-0b20-2959e6ef4f57,773513001,Physiotherapy care plan (record artifact),44465007,Sprain of ankle
36fc6dc4-f059-9276-8374-0ae72a060a0c,2020-07-06,2020-08-19,7bf0bf8b-d0bd-b455-7b3e-e7775b8badd6,3898f3a9-232a-26cc-01a0-941f107276ea,276239002,Therapy (regime/therapy),,
ce226ea9-8e91-c26d-f0bd-86096a47b50f,2020-09-18,,7bf0bf8b-d0bd-b455-7b3e-e7775b8badd6,9d47475a-0277-e010-49f2-8d011b2a8da5,276239002,Therapy (regime/therapy),,
3d6ec377-0387-37ad-747b-a66d7aa82d16,2014-06-22,2014-07-18,53325b0d-9450-7478-6d2b-a405653d4730,8c78b3e6-6cc2-7266-b075-50fc7359b060,773513001,Physiotherapy care plan (record artifact),70704007,Sprain of wrist
88975f47-8b7c-5444-3905-87eef39cb311,2015-10-15,2016-05-26,53325b0d-9450-7478-6d2b-a405653d4730,c5736749-6fc2-1e3e-ec8d-7e53a3261b37,134435003,Routine antenatal care,,
896a5f5d-a7d3-8001-0112-363cc34b7bfe,2021-02-11,,53325b0d-9450-7478-6d2b-a405653d4730,e20a48ce-6365-7131-c3b0-2d544ed0cbab,698360004,Diabetes self management plan,15777000,Prediabetes
f7c4e3c3-e419-658d-349a-662276ac749a,1983-08-24,,3e1dc925-9f8f-6fad-16cd-68edd3eaa30e,a361faa9-e624-b8cf-92c4-ddb395edec6f,698360004,Diabetes self management plan,15777000,Prediabetes
32729bc3-7bb2-4e5d-d42e-ef82e5f7531a,1992-09-02,,3e1dc925-9f8f-6fad-16cd-68edd3eaa30e,b51ab0d6-dbcf-0fcb-e6a4-832275455531,443402002,Lifestyle education regarding hypertension,59621000,Essential hypertension (disorder)
d783eb87-9709-c03d-990a-36b303545bd2,1994-09-05,,3e1dc925-9f8f-6fad-16cd-68edd3eaa30e,016b5bea-2153-2ce2-55fc-3e49f54e2c52,408869004,Musculoskeletal care,,
25bd5495-ce20-a598-0a40-9ab9cac94a43,2013-06-27,,3e1dc925-9f8f-6fad-16cd-68edd3eaa30e,296f4021-f6a5-8a97-1f99-94f19d351dd8,734163000,Care plan (record artifact),73430006,Sleep apnea (disorder)
f7f98352-c4d5-347f-01e3-51c9b86dcb21,2014-05-27,2014-06-15,3e1dc925-9f8f-6fad-16cd-68edd3eaa30e,af7c5ba2-dc21-c549-15af-f2c8cfe1de2d,53950000,Respiratory therapy,,
971e7637-15f6-2437-aee7-640b96aa585a,2017-05-22,2017-08-09,3e1dc925-9f8f-6fad-16cd-68edd3eaa30e,c62f6b03-10ac-1ca2-4124-db1c86f0864f,773513001,Physiotherapy care plan (record artifact),30832001,Rupture of patellar tendon
e8ff9af0-705c-a469-4eac-3b86969a0092,2017-05-24,2017-06-01,3fa7ee04-0ac5-676b-715e-b38cd745eb52,5f936aee-781e-6796-33d6-5ae1d81da89e,53950000,Respiratory therapy,,
9103a7c5-fb16-ad18-0164-55fdaa9de3c6,2012-01-04,,f37579b8-8d1a-c344-59cf-6a2c390d5668,bfd6a5e2-eb1e-624d-fdb0-ded620dd6bf6,384758001,Self-care interventions (procedure),,
df72c9b9-ab52-cc71-90b4-b9a100e4a4a9,2020-10-11,2020-11-10,f37579b8-8d1a-c344-59cf-6a2c390d5668,5163f88b-1407-5f52-48f6-e1e84c2713cc,773513001,Physiotherapy care plan (record artifact),70704007,Sprain of wrist
325a92c5-08a0-4b94-1f39-e95ccab2642a,2021-01-27,,f37579b8-8d1a-c344-59cf-6a2c390d5668,b0a21ee4-f8a0-6e96-799d-f1acfa1b17e6,170836005,Allergic disorder monitoring,,
a84395f6-cfa6-4fc0-73e2-1f9cbf3e7fbd,2022-01-01,2022-01-16,f37579b8-8d1a-c344-59cf-6a2c390d5668,34488d0f-3593-81c5-0b2a-352cfe9c5453,773513001,Physiotherapy care plan (record artifact),70704007,Sprain of wrist
b282f750-b97b-3d2a-bf8b-3adf528d7f36,1960-08-26,,57e0efc9-f75d-4f67-2a0c-f61589c198ca,fedf1398-658a-3e34-6c1f-0fca8ea26892,443402002,Lifestyle education regarding hypertension,59621000,Essential hypertension (disorder)
ea2b52ed-3604-5fe6-e7b9-d2aa778d52c4,1978-02-08,,1668185d-4de7-a6a9-855f-13859a157799,be95a8be-f9bc-0286-ef18-4165601e1757,443402002,Lifestyle education regarding hypertension,59621000,Essential hypertension (disorder)
b3b90763-aeb5-9330-49c4-bd8e94d0f7bd,1997-05-28,,1668185d-4de7-a6a9-855f-13859a157799,3940abc3-7fcc-ab77-77b9-64b9532af243,698360004,Diabetes self management plan,15777000,Prediabetes
ca7893c0-7c4a-1ce6-b3a5-eb0645693d72,2000-12-04,,1668185d-4de7-a6a9-855f-13859a157799,1be5bb26-837c-5107-2800-975629926cb7,734163000,Care plan (record artifact),78275009,Obstructive sleep apnea syndrome (disorder)
2ab1ede7-12cc-c1a7-fe81-740e5dde9c7b,2015-04-21,2015-05-26,1668185d-4de7-a6a9-855f-13859a157799,f07d909c-f4ee-b962-5e30-2164984c258b,133901003,Burn care,403190006,Epidermal burn of skin (disorder)
bd463e93-3faa-9a91-505d-c04de678fe6e,1982-06-11,,57e0efc9-f75d-4f67-2a0c-f61589c198ca,9e237fa7-cff7-a059-934d-fc1527b2f14e,698360004,Diabetes self management plan,44054006,Diabetes mellitus type 2 (disorder)
416272e9-1f2f-d2db-ac2b-bd03e53e0939,1982-06-18,1982-07-02,57e0efc9-f75d-4f67-2a0c-f61589c198ca,acc68079-2640-35d6-438f-105553a2615e,53950000,Respiratory therapy,,
8763ec79-3975-f998-889e-4a72e98c6acf,1983-04-18,,57e0efc9-f75d-4f67-2a0c-f61589c198ca,eeb8ef91-e734-bb1b-6cbe-2beae8b3ddc0,736690008,Dialysis care plan (record artifact),,
dc71655c-7473-1670-c6da-44cf4bed518f,1948-04-08,,d9962560-75dc-2ff8-4646-69862041b00a,c53ecb8e-c739-3564-d7de-95be35e66a38,443402002,Lifestyle education regarding hypertension,59621000,Essential hypertension (disorder)
3520c60a-e59b-5bb7-ce3a-dbef651f97e6,1970-09-03,,d9962560-75dc-2ff8-4646-69862041b00a,f8a9a3a6-4c35-daac-66e3-1badb5f186ed,736285004,Hyperlipidemia clinical management plan,55822004,Hyperlipidemia
73ea01e7-4d3f-40e2-4b6a-3afc94b73d5e,1997-07-06,,d9962560-75dc-2ff8-4646-69862041b00a,f7f64ff3-ae37-4b59-d6b3-d6e74789e37b,736690008,Dialysis care plan (record artifact),,
4f22901b-2f3a-c1de-b1ec-c3bbefb76c57,2010-02-25,,aeead171-ad85-f594-2fc7-d2909125dbf4,e7c280b3-72e5-152b-e14b-405cd7aa015d,443402002,Lifestyle education regarding hypertension,59621000,Essential hypertension (disorder)
45737d40-a545-c7aa-e31b-a42fb98cdc38,2012-03-08,,aeead171-ad85-f594-2fc7-d2909125dbf4,d0d93847-9ecf-2bc1-c043-bf82ab7a20eb,698360004,Diabetes self management plan,15777000,Prediabetes
b0f98309-568a-9983-96ac-20ab67714d5b,2014-04-03,2014-06-12,aeead171-ad85-f594-2fc7-d2909125dbf4,ad5445d8-f785-e4ec-5039-328b20509a19,53950000,Respiratory therapy,,
88a13af1-202b-b3f1-7d53-f7af163c1a0e,1986-12-19,,57e0efc9-f75d-4f67-2a0c-f61589c198ca,12c3c324-e692-b08b-0cce-91155bd275a5,736252007,Cancer care plan,126906006,Neoplasm of prostate
1977600b-25fe-d031-1950-642afa5f5429,1987-07-21,,57e0efc9-f75d-4f67-2a0c-f61589c198ca,5fc40907-22bb-bae8-b1c4-a648818c3ab6,734163000,Care plan (record artifact),,
6dc8b051-ebac-b3d0-fd3a-20c8fb5f05d0,1987-09-07,1987-09-15,57e0efc9-f75d-4f67-2a0c-f61589c198ca,d0e00d40-e82e-b6fe-cbeb-d95f0dfca65e,53950000,Respiratory therapy,,
3e51f84f-3f4f-b9f9-40ad-d63bfe607d8b,1988-10-24,,57e0efc9-f75d-4f67-2a0c-f61589c198ca,4c65b1b6-c79a-a917-a8e3-020b03240d72,736372004,Discharge care plan (record artifact),,
f1153836-b743-6a12-54c2-8d7e05adf73c,2002-05-16,,d9962560-75dc-2ff8-4646-69862041b00a,94fa78ab-f7ca-433e-e810-12adc3d92b78,386257007,Dementia management,26929004,Alzheimer's disease (disorder)
a3581234-460f-beef-7d17-d601d107fc26,2002-12-04,2003-03-13,d9962560-75dc-2ff8-4646-69862041b00a,1606e9ba-6516-2f91-2899-642fba055ef9,385691007,Fracture care,58150001,Fracture of clavicle
e4433a6b-bb39-b111-fb4c-a0a810defbd6,2003-08-21,,d9962560-75dc-2ff8-4646-69862041b00a,e5440b1a-bd68-5468-6b61-6412138b8e6e,734163000,Care plan (record artifact),,
d1d1b155-ae3e-7039-9f2b-ab923e8c0a41,2001-02-03,,bb27fb71-1518-f931-7705-e20e8f7680df,ebe4d882-31de-ad59-15a6-39f2dce1ee2e,443402002,Lifestyle education regarding hypertension,59621000,Essential hypertension (disorder)
87da78d4-7271-5370-4f1e-d9ef28a789e5,2003-02-15,,bb27fb71-1518-f931-7705-e20e8f7680df,b312f6f9-03f3-80de-d54c-f08b95194396,698360004,Diabetes self management plan,15777000,Prediabetes
91560e75-2e98-0a5b-ff85-fb7aadb6b42e,2018-11-21,,bb27fb71-1518-f931-7705-e20e8f7680df,87a564c0-6422-3dd8-21fa-3e70de20e2a5,734163000,Care plan (record artifact),78275009,Obstructive sleep apnea syndrome (disorder)
7c2f5bfd-e8a3-dc0c-24b2-b393d6f1ef86,1950-08-25,,51bea6cb-caca-5736-32de-0b4acc935762,fb5382d4-7143-1fe1-5e43-47e8e31b697e,443402002,Lifestyle education regarding hypertension,59621000,Essential hypertension (disorder)
3fa4a6b0-50f3-c499-7880-3ba31c9f0802,1966-05-28,,51bea6cb-caca-5736-32de-0b4acc935762,18ae47a4-344d-e439-9ccf-25672bc1bbcf,408869004,Musculoskeletal care,201834006,Localized  primary osteoarthritis of the hand
29bd0b6e-098c-37f2-15ba-3f9756e1bd03,1974-01-31,,51bea6cb-caca-5736-32de-0b4acc935762,4f34a30d-025d-8b2d-4a85-73535e68fe62,781087000,Medical care (regime/therapy),,
3e2b6a12-c927-f8cc-d492-c9b8813b2f9b,1975-09-26,1976-01-23,51bea6cb-caca-5736-32de-0b4acc935762,3d7e93be-e32e-76f9-71b5-501eae8eb752,53950000,Respiratory therapy,,
ac54640e-e08f-0bb7-cd4e-f27ef012f2e4,1976-03-02,,51bea6cb-caca-5736-32de-0b4acc935762,81b01731-735b-990a-e14e-793847b6b04b,735984001,Heart failure self management plan,88805009,Chronic congestive heart failure (disorder)
766afd82-955a-5fa9-cd7c-b45a2cdd47fb,1976-08-29,,51bea6cb-caca-5736-32de-0b4acc935762,7c857a7e-100b-645a-8caa-ab8ed85304e7,736353004,Inpatient care plan (record artifact),88805009,Chronic congestive heart failure (disorder)
9b4f212d-8c49-ca5e-6c37-cc2c944dbb8d,1980-02-06,,78b9f93d-2871-41ab-cf78-b2002b743b93,4c4275e3-822a-9517-3e8c-67ef71a584de,736372004,Discharge care plan (record artifact),,
24bda23a-659b-0af1-f12b-68a00339695d,2017-02-02,2017-05-16,78b9f93d-2871-41ab-cf78-b2002b743b93,1b8be49d-b00a-8d9a-cd52-91c521288022,385691007,Fracture care,359817006,Closed fracture of hip
81709266-6e7f-b8bf-b04a-be7eacc16cf1,2017-11-30,2018-11-29,78b9f93d-2871-41ab-cf78-b2002b743b93,e9647d5a-899c-dcc5-731d-127da74e98b4,53950000,Respiratory therapy,,
778c02be-4d4b-fcda-1022-91c8ae6e7b24,1942-08-07,,b1ad4f8c-2e47-a0f9-311b-0b165cd0c4fa,e0a111bd-069a-45dd-4be6-9cddcaf004e2,443402002,Lifestyle education regarding hypertension,59621000,Essential hypertension (disorder)
80c02aba-c691-fc7d-2293-9106ccab0b52,1965-06-18,,b1ad4f8c-2e47-a0f9-311b-0b165cd0c4fa,74bb7f2a-98f8-3c1c-2fd4-731707c667c2,412776001,Chronic obstructive pulmonary disease clinical management plan,87433001,Pulmonary emphysema (disorder)
1d6e6d5b-61a2-4192-bde2-73afd90b3c94,1972-05-22,,b1ad4f8c-2e47-a0f9-311b-0b165cd0c4fa,d6707941-de94-c6ea-5e58-cfddda877d8e,736690008,Dialysis care plan (record artifact),,
5db9dd88-e2fc-fcb5-a454-7bb7a4d5eb11,1976-08-16,,b1ad4f8c-2e47-a0f9-311b-0b165cd0c4fa,235fc1b3-b986-faa1-5a0e-807f459044a2,734163000,Care plan (record artifact),,
d7dffac6-13b0-3c58-2577-330a515bfe0d,1988-05-07,,b1ad4f8c-2e47-a0f9-311b-0b165cd0c4fa,7701a8a3-2c80-d8f5-4d4a-335aa5bf7863,781087000,Medical care (regime/therapy),,
7cd6aa97-91b6-c501-cc18-823a6a317b61,1993-04-04,1993-06-23,b1ad4f8c-2e47-a0f9-311b-0b165cd0c4fa,2c9ccf6e-4e60-3aa7-50bd-a85c5fefbd4e,47387005,Head injury rehabilitation,62106007,Concussion with no loss of consciousness
7c0f8c07-e62a-25b6-e6f0-6030fbe9458e,1999-07-02,,b1ad4f8c-2e47-a0f9-311b-0b165cd0c4fa,76024d32-63eb-f05f-0c7d-8c1c354533df,386257007,Dementia management,26929004,Alzheimer's disease (disorder)
03deda5a-6d8e-e3b0-e10b-27a833146bbf,1957-08-23,,f85c5f2c-854b-fb87-99d9-a4a303fd637e,9058ce7e-8b62-51c7-f89d-3d080926dc4f,443402002,Lifestyle education regarding hypertension,59621000,Essential hypertension (disorder)
ce8dfc31-623f-a8f3-0915-60daddfa413c,1971-11-12,,f85c5f2c-854b-fb87-99d9-a4a303fd637e,06cf4a45-8b9a-c878-e43c-25b4503b6e91,734163000,Care Plan,,
111a20cc-8da6-df64-3074-9372f401b32f,1977-03-14,,f85c5f2c-854b-fb87-99d9-a4a303fd637e,1add41e0-18f7-be1b-80b1-8083ce0fbcdb,736690008,Dialysis care plan (record artifact),,
dc5856e4-619b-bd01-e50a-d1ad783123ce,1978-10-14,1978-11-02,f85c5f2c-854b-fb87-99d9-a4a303fd637e,e4f988e3-df22-32f7-6b4f-4dab1fb9e42f,225358003,Wound care,283371005,Laceration of forearm
1fc7bf13-f89d-2b9c-8474-8b5d8de548ba,1924-02-07,,748e57be-04c5-f0a0-7724-d5f597347a14,94c13dd1-9873-f77a-a389-1997cce8d17f,384758001,Self-care interventions (procedure),,
38a380e7-66eb-67f2-4ea2-f6efc103e4eb,1960-08-05,,748e57be-04c5-f0a0-7724-d5f597347a14,263bd677-c6e7-5887-5c4f-3d7faf2b1b24,698360004,Diabetes self management plan,15777000,Prediabetes
f28331dc-325e-d5f5-6d55-b79c6b047fea,2023-10-27,2024-03-22,748e57be-04c5-f0a0-7724-d5f597347a14,ca302e9e-bc98-8c33-e4e5-aca4750ed09c,53950000,Respiratory therapy,,
39df9fcd-1403-500e-6e4f-d0a52e8dce1a,2023-10-27,2023-12-09,748e57be-04c5-f0a0-7724-d5f597347a14,8f93f814-7465-9081-d568-20a84ae07448,385691007,Fracture care,65966004,Fracture of forearm
