Id,START,STOP,PATIENT,ENCOUNTER,CODE,DESCRIPTION,REASONCODE,REASONDESCRIPTION
53e68817-af6c-bf30-3026-9bffede74016,1979-11-02,,4cf6f11d-af98-c39e-0147-c98b0fa943ea,07dbd9e7-7154-7f0a-c755-6457437762b5,384758001,Self-care interventions (procedure),,
ac747ee1-6026-e41f-17bf-5c8f079b5ffe,2015-01-29,2015-04-12,4cf6f11d-af98-c39e-0147-c98b0fa943ea,248b99be-09ae-cf58-b791-d9709ad60a1c,47387005,Head injury rehabilitation,110030002,Concussion injury of brain (disorder)
538b4192-1df4-2177-b171-ddff8df10a77,2017-04-12,2017-04-25,7d4819eb-cad1-d36b-1e44-84e165f3e55f,c9cd66d6-2c84-e6f9-2b31-0a3b32492a16,53950000,Respiratory therapy,,
761a1289-313f-2d6f-0250-e5ca913ee57f,2022-12-31,,4cf6f11d-af98-c39e-0147-c98b0fa943ea,e0aa95fb-08e1-d79f-b26c-d101b51a5624,698360004,Diabetes self management plan,15777000,Prediabetes
16d2916f-e6d2-3aef-09ae-b0c95723fef7,2023-06-24,,4cf6f11d-af98-c39e-0147-c98b0fa943ea,b2208fbd-7067-9a60-636d-1739e269e89e,53950000,Respiratory therapy,,
8c1dc9b8-6a1e-e10c-1512-3d3b2c739292,2021-08-16,,7d4819eb-cad1-d36b-1e44-84e165f3e55f,11f8f632-b234-75c0-d20d-fcda1c761493,276239002,Therapy (regime/therapy),,
4f890649-cc03-40cd-526e-e3d0d0f73585,2021-10-10,2021-11-05,3c6da9e4-a436-4424-fb21-f1828605c96b,9125f75b-9aa7-9588-9eb1-d42f7daae546,225358003,Wound care,370247008,Facial laceration
18a64b99-a7e4-f103-b13b-406c39f0def5,2017-01-27,2017-02-14,d1306f3e-5c3a-1fa9-a7b6-5283e79350eb,0d691493-9b9d-090f-ab3f-7bfd7d5b1483,53950000,Respiratory therapy,,
0cad36ef-4031-9a01-453d-9cca94ae72c1,1998-08-23,,68d8821e-4a46-60a8-21bf-21e51f089eb1,6600511f-c6ff-7142-f5ca-2a225d23b327,698360004,Diabetes self management plan,15777000,Prediabetes
5c074b29-af3a-b37f-afc9-c3a315828383,2010-03-25,2010-11-04,a3314ac4-f374-1937-41dd-b9e8eeb012f4,45949e36-e02a-cd06-c304-c7723309e05d,134435003,Routine antenatal care,,
da7704c8-e1ed-2010-9c14-ceb93a47e1c0,2012-10-13,2013-10-24,a3314ac4-f374-1937-41dd-b9e8eeb012f4,37ea46e5-2a9b-2bc7-4bad-40c272d756b1,53950000,Respiratory therapy,,
02a7e67f-5f3d-5fa9-c7c1-dc549119c834,2014-04-21,,a3314ac4-f374-1937-41dd-b9e8eeb012f4,824d092b-70ab-983c-19be-5925a16cc80c,276239002,Therapy (regime/therapy),,
f0e26b59-24ad-2e48-0e43-0f1283028cf9,2012-12-06,,0a54d05c-2f18-53ef-8886-3b894d1f74e2,6ced2445-85ea-029c-fdba-78885f448c9a,384758001,Self-care interventions (procedure),,
75666c4d-4d34-1761-f5e8-50d4b72d1e47,2014-09-25,,0a54d05c-2f18-53ef-8886-3b894d1f74e2,e2916da5-38c8-c1b3-f0ac-5bf8c83bf636,699728000,Asthma self management,233678006,Childhood asthma
2eb377c3-800f-3cd2-02a9-50dc58a7edd3,2004-10-14,,c5b003c3-757b-96ee-89e5-dc4d71951b2d,4d96198f-c504-97ef-9520-92b0f18c4f65,698360004,Diabetes self management plan,15777000,Prediabetes
8afa6160-162a-8215-9b97-c460132abad8,2015-12-17,2016-01-13,3c1302a0-5187-e9d8-3beb-edf79ffdf2e5,835d9180-b1aa-33c6-d8e6-a65c5550bc9e,133901003,Burn care,403190006,Epidermal burn of skin (disorder)
d706c709-d5c4-d829-808b-9b468ff91071,2016-03-22,,3c1302a0-5187-e9d8-3beb-edf79ffdf2e5,19433d73-b738-d993-de40-0f913fd896ee,443402002,Lifestyle education regarding hypertension,59621000,Essential hypertension (disorder)
95eda64f-c960-ebfe-fce0-7f74161631f8,2019-10-17,2019-11-10,3c1302a0-5187-e9d8-3beb-edf79ffdf2e5,7e4f0361-ea48-5983-5a90-c745349521ee,225358003,Wound care,284551006,Laceration of foot
269a6c27-ef61-cc1c-cd91-4f32ea00177e,2020-02-22,2020-04-14,3c1302a0-5187-e9d8-3beb-edf79ffdf2e5,77c40d41-cb4e-5d5d-278d-6fb8e91d954c,53950000,Respiratory therapy,,
5e4ad6a9-a3d8-d1d1-89b4-dc49120274b3,2019-06-20,,c5b003c3-757b-96ee-89e5-dc4d71951b2d,77b9fb54-3c47-4975-b0e7-f0febba6cbbb,134435003,Routine antenatal care,,
939c0554-9e8d-6395-26d0-2a87ea0341cd,2022-01-27,2022-02-06,c5b003c3-757b-96ee-89e5-dc4d71951b2d,ac620d0e-dd1f-e240-d6ef-2c21653122e5,53950000,Respiratory therapy,,
3df38b0e-996a-bf64-c232-79ac60b5c421,2012-09-22,,da3dae49-af9a-9ae2-8f8e-8ee337a945a3,a2e74ba9-b65f-6ad2-cc39-5a165d9f89ab,698360004,Diabetes self management plan,15777000,Prediabetes
ece62c9b-4d56-f89d-dcbd-3ce1176d8df3,2014-03-16,,da3dae49-af9a-9ae2-8f8e-8ee337a945a3,86fabfb9-19bb-0212-fa03-7b9cfc13c51f,276239002,Therapy (regime/therapy),,
a7fb3ee2-5f61-07c0-e09d-eb2acd9f602a,2016-07-08,2016-08-24,da3dae49-af9a-9ae2-8f8e-8ee337a945a3,f1dd43ae-d760-9520-ccfc-85731869014c,408869004,Musculoskeletal care,,
5a134d02-3775-e928-380e-56471387811a,2018-04-26,2019-03-16,da3dae49-af9a-9ae2-8f8e-8ee337a945a3,6e80544b-6b6c-89f0-4ac0-2da4b8f1523e,53950000,Respiratory therapy,,
2748e3b3-a642-5ad9-a7cf-1ba9af17205d,2024-05-05,,c7a7c1e2-0772-dfd5-0a12-de8425e73743,6a5dc8c1-8f70-8e4e-6fe5-ad0ae973ff4c,53950000,Respiratory therapy,,
c55061ac-36d1-ea88-21ea-e4642ce1adab,2000-10-27,,3768d733-fbac-1200-8c83-c9d74fdac5f6,453f6440-0bc7-5a74-1aba-1d4c91a0f043,384758001,Self-care interventions (procedure),,
f5458b50-0219-56da-4bf7-33b2f9904e57,2012-12-14,2017-02-28,3768d733-fbac-1200-8c83-c9d74fdac5f6,fc41d90a-16a5-02dd-a3f4-79bb32478eda,170836005,Allergic disorder monitoring,,
46cee438-b13f-ecf1-e245-900cc942b802,2021-03-12,2021-10-29,3768d733-fbac-1200-8c83-c9d74fdac5f6,9fcdef4f-a74b-83ca-3b5a-a4ba62e48c32,134435003,Routine antenatal care,,
aa32559c-fff1-7288-39aa-86bc138d3cc0,2021-03-21,2021-03-21,3768d733-fbac-1200-8c83-c9d74fdac5f6,bd0e4503-2a99-ef8c-c2aa-de10ca92756a,736376001,Infectious disease care plan (record artifact),,
0aa66a97-3075-ea54-d7fc-31b57a195e77,2021-03-21,2021-04-14,3768d733-fbac-1200-8c83-c9d74fdac5f6,bd0e4503-2a99-ef8c-c2aa-de10ca92756a,736376001,Infectious disease care plan (record artifact),,
21f059ee-4652-a4c8-7d91-7176869d6926,2022-02-11,,3768d733-fbac-1200-8c83-c9d74fdac5f6,a614a89f-f753-d9fe-90d3-9b37a90ed6cf,698360004,Diabetes self management plan,15777000,Prediabetes
5bcfd8e5-c9c7-411a-0aea-ab4380248fce,2014-10-13,2016-06-06,5c2e6042-6224-65b1-6aa8-c600c3aca50b,e2af1d9d-8b7c-8713-a228-6f1350985270,53950000,Respiratory therapy,,
d729fcca-7f34-3402-3a28-5dce55a45b14,2015-04-02,2015-07-07,5c2e6042-6224-65b1-6aa8-c600c3aca50b,9858e0dc-ed92-e33c-d938-8896f82dce5b,385691007,Fracture care,58150001,Fracture of clavicle
4a505d18-b3e1-56cf-a71e-3195ffcff969,2016-06-06,,5c2e6042-6224-65b1-6aa8-c600c3aca50b,6c0a9448-edd8-37f9-e420-434d9b568b89,698360004,Diabetes self management plan,15777000,Prediabetes
344fc3c1-c1d3-3248-0ada-4836babd1397,2001-12-11,,ae6e0100-3722-224a-b896-ad456e59a5e9,87d1c6e6-e79b-b8bf-9b57-d9adecb458d6,443402002,Lifestyle education regarding hypertension,59621000,Essential hypertension (disorder)
a38f1f8c-60e7-fd82-e4af-1a1dbee9f58d,2014-04-14,,ae6e0100-3722-224a-b896-ad456e59a5e9,3c49a95e-2f22-fb64-f059-696920bbb7ea,276239002,Therapy (regime/therapy),,
c1cc9d18-4aa3-3dca-df1f-0b43c233a554,2017-02-07,2017-02-15,ae6e0100-3722-224a-b896-ad456e59a5e9,5cc64bff-2f2f-644a-e452-fa73cecc567c,53950000,Respiratory therapy,,
5725edcf-d2a6-d2a5-117d-fe9dd3fb31e6,2018-12-14,2019-03-11,ae6e0100-3722-224a-b896-ad456e59a5e9,42d5b9ae-d42d-da97-7435-959ddeb97578,47387005,Head injury rehabilitation,62564004,Concussion with loss of consciousness
55f4ba97-91e1-11f0-9a1c-5f91571176db,2020-08-21,,ae6e0100-3722-224a-b896-ad456e59a5e9,0e096a29-1a0f-9b94-0b6d-6d2b9452ef6f,736690008,Dialysis care plan (record artifact),,
ac94ddeb-4d32-028b-38fa-cc811a4e5eec,1962-06-07,,e57f67f3-0d3d-1c91-27d0-52f348da4e0c,8b5aa948-95c7-46c9-9bb2-1568cbca9bb0,384758001,Self-care interventions (procedure),,
ab966fac-1aa7-5741-7fe7-ad1d07fbd90f,1986-11-01,,e57f67f3-0d3d-1c91-27d0-52f348da4e0c,a0310a42-d843-96e6-e3ea-672e0a84008e,698360004,Diabetes self management plan,15777000,Prediabetes
1e40da95-f3ea-66dd-b591-6dd60d293068,1989-11-04,,e57f67f3-0d3d-1c91-27d0-52f348da4e0c,457515e5-5adf-07e9-6eb7-87f32b12fb91,443402002,Lifestyle education regarding hypertension,59621000,Essential hypertension (disorder)
63a56a1e-801a-6f29-49e8-790e67cd8e5a,2007-03-03,,e57f67f3-0d3d-1c91-27d0-52f348da4e0c,7f59ca99-8572-ee14-5482-0d021f6551ab,736285004,Hyperlipidemia clinical management plan,55822004,Hyperlipidemia
0cf187a5-730c-e36f-0377-628de47dabce,2011-12-29,,e57f67f3-0d3d-1c91-27d0-52f348da4e0c,fcc8a76d-d28e-b79f-1ac0-7521ab989fb7,735984001,Heart failure self management plan,88805009,Chronic congestive heart failure (disorder)
98bfc0a9-3113-84a1-e51b-1d5a137a08dd,2013-06-21,2013-06-23,e57f67f3-0d3d-1c91-27d0-52f348da4e0c,cdf068ea-87a9-6eb9-27f1-fc4b2beaa5c3,736353004,Inpatient care plan (record artifact),88805009,Chronic congestive heart failure (disorder)
97725472-76af-a8b0-9bb0-9676b59dc892,2021-01-18,2021-01-18,0c1d9e95-962e-51d1-c986-be21793b2e37,ea6d07a6-3592-3108-8271-daf568d290d8,736376001,Infectious disease care plan (record artifact),,
f01b3ac1-8eb6-3385-870a-3795f943ba86,2021-11-02,2022-01-06,0c1d9e95-962e-51d1-c986-be21793b2e37,72cfa195-5bee-2999-2746-2ddc5e19b990,773513001,Physiotherapy care plan (record artifact),,
47625d56-ba9b-4903-12ad-803bc4c4ad6d,2014-03-14,,e57f67f3-0d3d-1c91-27d0-52f348da4e0c,f5eda5ab-869e-2b98-d14f-f22e90a98c78,736353004,Inpatient care plan (record artifact),88805009,Chronic congestive heart failure (disorder)
603f2f03-1f72-d3a8-b2b6-caf99aef3325,2023-11-16,,ae6e0100-3722-224a-b896-ad456e59a5e9,15d47ea3-45cf-12e4-20da-2cac8c725919,734163000,Care plan (record artifact),,
4cd1e9ca-3ad3-6624-0174-9fcd9f078c7f,1993-01-24,,5dd5226a-f6c7-0d10-5283-a7dece8761c5,acde2745-9973-27e4-7832-e1f76a947b83,736376001,Infectious disease care plan (record artifact),62479008,Acquired immune deficiency syndrome (disorder)
f57afcfa-908b-77da-8e09-7dec463e0c51,2008-05-29,2009-01-01,5dd5226a-f6c7-0d10-5283-a7dece8761c5,a484e65c-7183-5db3-46f2-6c499e1dfaa8,134435003,Routine antenatal care,,
32f32e12-5352-87c4-8fad-f0aec58eb7ac,2009-07-16,2009-09-03,5dd5226a-f6c7-0d10-5283-a7dece8761c5,de443253-6f6c-7656-a704-632bcbf141b0,53950000,Respiratory therapy,,
7908b5fc-a910-73e7-e47d-688621a05617,2012-03-08,2012-09-20,5dd5226a-f6c7-0d10-5283-a7dece8761c5,b1da8ca0-fdb3-6b2e-d9cf-39d633c5c37a,53950000,Respiratory therapy,,
5b453ba7-030a-af75-b4e1-2a560f5381bb,2018-03-16,2018-04-29,691c07d6-2ea8-7c50-0b23-b202186c982d,cd5509fd-b23c-346e-9075-7b5874c2113e,276239002,Therapy (regime/therapy),,
47bee960-4db4-bbbc-8eda-adb0f54f268d,1978-09-09,,944cca1d-bfff-6067-fe92-8c2f46833943,826cf5d0-19ea-8b18-6440-c8bd2f49c073,412776001,Chronic obstructive pulmonary disease clinical management plan,87433001,Pulmonary emphysema (disorder)
95eec349-f115-4f3d-a2a9-88f70dfccec1,1984-06-26,1984-08-06,944cca1d-bfff-6067-fe92-8c2f46833943,84bacd19-e4b1-7a90-25a3-87674d12aa5f,47387005,Head injury rehabilitation,62106007,Concussion with no loss of consciousness
20b1ef1a-0733-2bc2-9752-e14c0fb28287,1986-08-17,1986-11-09,944cca1d-bfff-6067-fe92-8c2f46833943,401d5be7-4ce5-fb8d-f245-df0bce1439f3,47387005,Head injury rehabilitation,62106007,Concussion with no loss of consciousness
8e0c6c8e-8712-cbf6-a518-c0e4dbc656ee,1988-11-26,1988-12-03,944cca1d-bfff-6067-fe92-8c2f46833943,adf65b0c-4d54-1767-c6b0-2c5c638612dc,53950000,Respiratory therapy,,
fbe03754-f0c7-a95b-a486-988d922b6ffc,1998-01-03,,2e376030-1560-7aa4-c5e7-aa3d6b830235,32de5bd0-bd12-8141-bbe2-6909b96d8053,384758001,Self-care interventions (procedure),,
2ab10b99-1039-2bed-a584-734095970eaa,2020-09-05,2022-02-05,2e376030-1560-7aa4-c5e7-aa3d6b830235,cfbbb41f-04cb-9479-3d5b-d5daf3b0807f,53950000,Respiratory therapy,,
3d7363d3-0c85-13f5-29c7-bdea01743491,1999-06-10,,7035b31f-3364-4683-f8c2-c17d0fb99141,6f5ec479-020b-3646-6ad8-f9e6c31372fe,698360004,Diabetes self management plan,15777000,Prediabetes
e944352c-a90f-6a34-6354-62f56faa0524,1967-12-21,,bcc4dde7-d679-ac07-03ec-f327e803e506,ca892d4e-a5bb-7ad3-4212-a1d407415d1a,384758001,Self-care interventions (procedure),,
78a9ea0a-521a-38eb-7518-3d7a3f81c385,1969-12-07,,bcc4dde7-d679-ac07-03ec-f327e803e506,40ffbac4-fcbd-509a-d9a6-d5b65d457917,699728000,Asthma self management,233678006,Childhood asthma
3d9e0d1e-5301-fbd7-d904-b3b114decaa7,2013-03-31,,bcc4dde7-d679-ac07-03ec-f327e803e506,ea78a68f-38e8-d5f8-18b0-87b896fab2c7,736285004,Hyperlipidemia clinical management plan,55822004,Hyperlipidemia
1947c2ec-5334-bc20-c2c6-99f9c9d06d74,1993-10-04,,bf5c2414-47be-32a6-343a-8d23e262eda5,62f44ee8-08f9-338b-0766-bff9d632b793,384758001,Self-care interventions (procedure),,
b0551d40-1c49-6bac-1047-08992a1887fc,2017-03-30,2017-11-02,bf5c2414-47be-32a6-343a-8d23e262eda5,b62a0d8a-8dc5-fddd-9468-e9f6ad4daa81,134435003,Routine antenatal care,,
6adfde90-4835-14a0-5fd4-2e7d0aed10ef,2018-03-22,,bf5c2414-47be-32a6-343a-8d23e262eda5,849817af-86ae-1c56-7a21-4a118371afad,698360004,Diabetes self management plan,15777000,Prediabetes
2942b9f3-cf09-72cc-6c89-8bef18d05735,2023-02-16,2023-09-21,bf5c2414-47be-32a6-343a-8d23e262eda5,62cc6eae-2d3b-26ef-273a-fe47e29b2cc3,134435003,Routine antenatal care,,
f2d1efe3-209f-cd5c-44d2-84ee43522b71,2021-10-25,2022-05-27,76890dc2-91b4-9351-175a-52aa11f85fcf,ff1f2154-952f-51b0-6a93-1e83aa121f57,53950000,Respiratory therapy,,
d3743bc2-afbe-b6a9-51d2-44b63110f37a,2020-12-11,2021-01-16,e4c1a7b2-62b3-9868-a5fc-502411d6233b,7d49233e-1d89-a975-67c4-bfefe37ce69d,773513001,Physiotherapy care plan (record artifact),44465007,Sprain of ankle
c63f95d4-28e4-e220-c5d0-d048c0be61bd,2001-06-04,,934e3411-bdeb-e7c6-1599-44eb17a1b970,9a1ecc9c-0a4c-3e97-946b-11f955a4e2a4,384758001,Self-care interventions (procedure),,
e239f68e-c94d-6459-5d54-de781dd4c13f,2013-03-03,2017-04-23,934e3411-bdeb-e7c6-1599-44eb17a1b970,2bd4a8bb-4911-5870-2d72-3539b41ac3c8,170836005,Allergic disorder monitoring,,
b2c815ee-a7e4-3a88-6a41-c636c90d8a0c,2014-05-21,2014-06-04,934e3411-bdeb-e7c6-1599-44eb17a1b970,f09bf200-dad5-ee57-499f-e8ef470152eb,773513001,Physiotherapy care plan (record artifact),44465007,Sprain of ankle
c5aa4a58-b6e2-8135-f9b2-ae17736fbadc,2022-03-06,2022-04-10,934e3411-bdeb-e7c6-1599-44eb17a1b970,9c03c88b-ca79-502a-51a5-c99ef228e270,133901003,Burn care,403190006,Epidermal burn of skin (disorder)
3f3e92a9-69eb-daaf-ba35-7fe5c29a8d8f,1957-01-28,,66bedeb3-0229-4736-b22a-74e080de4221,f7fec385-9099-603d-92b1-1f22d98d540f,384758001,Self-care interventions (procedure),,
bf0cea8c-5759-fd67-402b-866483805ec4,1996-03-16,,66bedeb3-0229-4736-b22a-74e080de4221,898d26b6-9591-d16d-cfc9-91c10d1211b4,443402002,Lifestyle education regarding hypertension,59621000,Essential hypertension (disorder)
e30cd697-e14c-e442-bf2c-4dbf4345ba68,2001-04-14,,66bedeb3-0229-4736-b22a-74e080de4221,d3dfafe1-bc3e-1238-39e5-e9001cf79001,698360004,Diabetes self management plan,15777000,Prediabetes
1be1078d-d3fd-7a9a-d8ef-d317128ecd29,2003-05-17,,66bedeb3-0229-4736-b22a-74e080de4221,f56b0752-4388-7460-74b1-fe42d933bcb7,736285004,Hyperlipidemia clinical management plan,55822004,Hyperlipidemia
f5d461e6-1199-587b-78c1-1f65ff0ebb7b,1986-11-01,,cd94590d-8ab4-4888-2eda-15d5c619c0c0,a89f05de-a8ea-f6ce-8b5e-b1fb70aa2e26,443402002,Lifestyle education regarding hypertension,59621000,Essential hypertension (disorder)
14240e19-a701-d848-3884-a19b1d41147b,2010-03-13,,cd94590d-8ab4-4888-2eda-15d5c619c0c0,82f50b13-b2e7-7183-8dff-22f40f4c7248,698360004,Diabetes self management plan,15777000,Prediabetes
08cd6693-743d-f2fe-c534-2a189cedfb8a,2014-06-28,2014-09-29,cd94590d-8ab4-4888-2eda-15d5c619c0c0,dc736a8f-f04a-b212-7357-cc5c8207189e,385691007,Fracture care,263102004,Fracture subluxation of wrist
7d06e938-732a-8404-cdd5-bdfb9f69a93f,1997-02-25,,c7e782ad-a4c6-86ec-6045-0f586b0614ea,0824cb04-e786-3584-8a2b-e1fd95e8349e,384758001,Self-care interventions (procedure),,
412ffe81-0097-75e1-8a9c-30fe1282a31d,2014-08-19,2014-10-02,c7e782ad-a4c6-86ec-6045-0f586b0614ea,3da898a9-0df1-57c1-3b97-567000d84383,276239002,Therapy (regime/therapy),,
76d57df2-eb53-ec5a-ce6d-48c36f067426,2017-10-11,2018-09-16,c7e782ad-a4c6-86ec-6045-0f586b0614ea,f033b9ad-2291-b69c-bdcc-47cd1b10cc77,53950000,Respiratory therapy,,
06bc8222-df38-f78b-22d6-9bd756b2c5da,2020-12-17,2021-03-08,c7e782ad-a4c6-86ec-6045-0f586b0614ea,1b62c0f3-7290-615b-d6cb-f2763605cdf3,408869004,Musculoskeletal care,,
0456e86b-92a2-554b-0775-cf01e1e28275,2020-10-06,2020-12-12,cd94590d-8ab4-4888-2eda-15d5c619c0c0,a235cf82-2c16-04fc-35da-e5891a623ed8,47387005,Head injury rehabilitation,62106007,Concussion with no loss of consciousness
dd31a8c1-d0f3-c87a-b73a-f85d54bba1f6,2020-02-28,,8255c2ed-57dc-2a8f-0718-71f3fcc633f8,93bd1701-e491-b439-f485-7f12a45b3c35,698360004,Diabetes self management plan,15777000,Prediabetes
9f85985f-3135-d904-58f9-4a956ca3d146,2020-05-15,2020-12-18,8255c2ed-57dc-2a8f-0718-71f3fcc633f8,89a3359f-2055-8a6f-bf83-b6751697e6a4,134435003,Routine antenatal care,,
092c4484-41e1-7b99-574c-05ec559a4b16,2017-03-22,,1a3ff46b-1e4a-4478-16b5-850a2bf75693,67734a7c-942e-2a2c-40f0-a3834c20dd19,443402002,Lifestyle education regarding hypertension,59621000,Essential hypertension (disorder)
564dedfb-cd0c-eeab-bbce-3b038bdf8f98,2022-04-11,2022-04-20,1a3ff46b-1e4a-4478-16b5-850a2bf75693,53c43ce0-0586-f0b0-97b8-667f5637263e,53950000,Respiratory therapy,,
1fa80b54-ea36-3b8f-6552-c57eda6958fc,2023-06-25,2023-09-09,1a3ff46b-1e4a-4478-16b5-850a2bf75693,65946011-0d75-ef1b-9b1a-3389ff0175e2,47387005,Head injury rehabilitation,62106007,Concussion with no loss of consciousness
32278b5c-383a-1cea-e9ad-b25ae16f10ad,2024-05-11,2024-05-19,1a3ff46b-1e4a-4478-16b5-850a2bf75693,5f1d7ca4-87cf-7cf1-9068-52512d2b80dd,53950000,Respiratory therapy,,
c78cb965-5656-a015-46d6-ad4a1d94b1ea,1969-01-31,,ef2edc05-f7e3-295c-acf7-5530f71b2f10,96efcf0e-91d8-71fd-147b-15602c5de52a,443402002,Lifestyle education regarding hypertension,59621000,Essential hypertension (disorder)
f4d25bae-9eec-7388-9bce-c16480f5b3c4,1987-05-15,,ef2edc05-f7e3-295c-acf7-5530f71b2f10,1dbad160-71a1-3c05-b414-1deac18c3faa,698360004,Diabetes self management plan,15777000,Prediabetes
dc3343be-e592-fee7-fa66-e780555d66f6,2007-09-28,,ef2edc05-f7e3-295c-acf7-5530f71b2f10,e00b3074-6578-bb29-581c-1abff9909f24,736285004,Hyperlipidemia clinical management plan,55822004,Hyperlipidemia
b9c3fc06-60dd-2320-a769-bf17dc6e3ec5,2017-04-23,2017-11-03,ef2edc05-f7e3-295c-acf7-5530f71b2f10,3e1551d7-9a09-67e7-4a82-999ce6067088,53950000,Respiratory therapy,,
383b6c32-1648-d407-89ec-8fa57a842859,2015-03-10,2015-10-20,cad21c5e-adda-76c5-9dc9-6f7058637722,202ab67a-1e4d-314b-0ede-f5f6d87eac61,134435003,Routine antenatal care,,
d2da9b38-1b46-fff8-be06-10dfe4809fae,2017-01-17,2017-02-12,cad21c5e-adda-76c5-9dc9-6f7058637722,892583e3-a394-681f-821b-acfc3112b36c,225358003,Wound care,284549007,Laceration of hand
95417c2b-dc39-a409-0188-1bbb1e115dd8,2020-09-05,2020-09-12,cad21c5e-adda-76c5-9dc9-6f7058637722,51c21730-d6bf-f83f-5262-9a4cebc4b1b5,53950000,Respiratory therapy,,
ea69e43f-25b1-441f-2294-f9285fb4250b,2022-11-16,2022-12-02,cad21c5e-adda-76c5-9dc9-6f7058637722,80a3978a-90e0-a329-06e7-79d4836a1e16,737471002,Minor surgery care management (procedure),,
5882b2c7-f7f8-0d3f-4d67-f0db2175274b,2019-09-13,2019-12-04,2014d4ed-fa46-0bed-aee1-5511f5e59d9f,bb83a252-4761-c1e0-883a-253bde164a2a,53950000,Respiratory therapy,,
4de28807-cecf-aa7c-e454-5f77dd913b61,2020-11-30,2020-12-07,2014d4ed-fa46-0bed-aee1-5511f5e59d9f,e095ca7f-d6bf-8271-16bb-8725b7e00fd2,53950000,Respiratory therapy,,
72987e13-8cc7-00d2-638e-bce482e856c2,2021-09-20,2021-12-03,2014d4ed-fa46-0bed-aee1-5511f5e59d9f,7c518925-8909-02c3-672e-ea1df0ea2e14,385691007,Fracture care,16114001,Fracture of ankle
a0f33718-86f7-9a04-17ff-f1d15884120a,1999-08-07,,b00cac40-a2b5-a8a5-f671-be960c47f5ae,10a28037-fff4-ac93-f0f3-782a1a6691fa,736285004,Hyperlipidemia clinical management plan,55822004,Hyperlipidemia
b05a3501-205f-6437-4663-32738464de3d,2016-06-09,2016-07-08,b00cac40-a2b5-a8a5-f671-be960c47f5ae,606f52fd-c18e-3579-21e0-f441ee876785,773513001,Physiotherapy care plan (record artifact),70704007,Sprain of wrist
59b53ce9-c909-8eb7-29cc-313450813dee,2017-07-21,2017-08-21,b00cac40-a2b5-a8a5-f671-be960c47f5ae,c36cd938-1466-2dbb-54b3-6cfda54b231f,47387005,Head injury rehabilitation,62106007,Concussion with no loss of consciousness
aa8d232e-7971-6c62-dd92-4a82c38c5192,2021-09-14,2021-11-09,b00cac40-a2b5-a8a5-f671-be960c47f5ae,6b822e15-0d8e-12c2-0f16-dfdee7fe028c,385691007,Fracture care,16114001,Fracture of ankle
2bbf13f0-9e05-0bae-5a85-53f2fd62bacd,2021-10-16,,b00cac40-a2b5-a8a5-f671-be960c47f5ae,c9f931fc-b09b-f484-47ab-26a613c4a016,386257007,Dementia management,26929004,Alzheimer's disease (disorder)
fc209710-aea5-475f-a45c-0620fd2fb0bf,2006-08-09,,4a936d09-8620-e9b8-9c10-9385ca1362f3,4b209123-9fd0-f35d-96f1-4a5ea0ab0376,408869004,Musculoskeletal care,239873007,Osteoarthritis of knee
7dec605d-5df7-cbd4-3098-26c2725d5834,2016-10-31,2017-01-04,4a936d09-8620-e9b8-9c10-9385ca1362f3,310a17b4-358c-6b9b-a490-0608c2cee66d,47387005,Head injury rehabilitation,62106007,Concussion with no loss of consciousness
54441bd9-b393-6522-6cb0-797447b83e0d,2022-07-10,2022-07-18,4a936d09-8620-e9b8-9c10-9385ca1362f3,4943f4ee-8014-7c8f-c509-0dc9db6c415e,53950000,Respiratory therapy,,
a38d3ec5-ddeb-46c6-05e0-4e80aae6a76d,2014-04-28,,bcd542a3-7092-7292-edb7-3508e8265948,c05ce335-5419-e290-6f1c-a65d134f0bae,443402002,Lifestyle education regarding hypertension,59621000,Essential hypertension (disorder)
5e7a23d4-e0b3-7359-6cbe-9e8562c0c8ff,2014-07-03,,bcd542a3-7092-7292-edb7-3508e8265948,5e846ad5-3d31-22db-9088-c714f9e8714e,276239002,Therapy (regime/therapy),,
48ea90f0-4295-8090-b29d-c161354b08b0,2016-05-09,,bcd542a3-7092-7292-edb7-3508e8265948,6441d297-c43b-dd6c-4d7f-711854273e4b,698360004,Diabetes self management plan,15777000,Prediabetes
9d183bc1-381f-24f8-019c-f5132926acc5,2021-11-23,2022-01-07,bcd542a3-7092-7292-edb7-3508e8265948,765c53a2-501b-4920-14cf-c9ee7211352c,47387005,Head injury rehabilitation,62564004,Concussion with loss of consciousness
c67eba3e-29a8-6f6e-a9ae-557e2ed41392,2015-08-19,2015-08-27,5b99199a-b458-2387-3408-cb3d27ef57bd,7867822e-ba1d-3eb7-06a0-175010dd0c93,53950000,Respiratory therapy,,
8c12c6ec-1ab6-0c3a-8dca-f0fbcb6169fc,2018-10-06,2019-04-20,5b99199a-b458-2387-3408-cb3d27ef57bd,5affdfa4-742a-aae8-35ca-d3ae28d1da4d,134435003,Routine antenatal care,,
c12b357a-4aff-c6fb-81a7-b81016047610,2014-08-29,,c240b2db-6a3d-107c-44dd-6f6ee596ab51,1354488b-82d2-09df-4665-0db52f6ef21f,443402002,Lifestyle education regarding hypertension,59621000,Essential hypertension (disorder)
4f3d1456-2ac7-f4be-151b-9b92258d8927,2013-09-13,,9e2a6b15-ad46-2210-0e0d-da8616d5a8f7,e8068274-f2ab-3c29-c366-d289b5cbba44,698360004,Diabetes self management plan,15777000,Prediabetes
7e7fae41-cb99-aa59-3b78-361b6a095013,2015-10-30,2016-05-27,9e2a6b15-ad46-2210-0e0d-da8616d5a8f7,75279c2c-022e-bdd2-e29a-671998821362,134435003,Routine antenatal care,,
1d94d753-1e59-89f5-5ff9-c87c70409a17,2021-11-05,,9e2a6b15-ad46-2210-0e0d-da8616d5a8f7,61073cf5-1dc0-88c6-5c35-1e615cb066f1,736285004,Hyperlipidemia clinical management plan,55822004,Hyperlipidemia
8b3a78c2-70e3-ff4a-b82b-908504ac1c6b,2022-02-18,2022-05-24,8c6299f9-bbe9-7dcd-e871-532ca8e7fdd9,c31473cb-68b8-2dcc-c4c7-c7055a480494,53950000,Respiratory therapy,,
63f432a8-2d63-88e7-bf32-93ef35350579,2009-08-03,,2a931ffe-6482-73c5-9db3-3445a6a52f52,1bf3f645-6854-4e7c-7b99-737b506056a0,736285004,Hyperlipidemia clinical management plan,55822004,Hyperlipidemia
d0ddf750-0052-91a8-90a0-5b6f289d8760,2013-12-31,,2a931ffe-6482-73c5-9db3-3445a6a52f52,9a5f4ce1-e1bc-fc9e-c9ed-f655aa2834ac,736372004,Discharge care plan (record artifact),,
1462e957-3acc-4557-7099-fffd1e40a39d,2017-09-04,,2a931ffe-6482-73c5-9db3-3445a6a52f52,818d1a07-59d1-c382-7960-35f88824d31e,736252007,Cancer care plan,126906006,Neoplasm of prostate
9da9374b-1022-f4d5-f8fc-0ddd75636747,2020-05-21,2020-09-14,2a931ffe-6482-73c5-9db3-3445a6a52f52,fe5df425-7ab1-a7b9-7df4-88ce0712d032,53950000,Respiratory therapy,,
7a1f9688-9bbb-9d8c-efd8-77a3b7e23ad1,1986-11-27,,27069f02-583c-53e2-5bae-89b01eaeb9a2,5ac3c503-4bc0-1c8b-26d4-7009de255bd3,384758001,Self-care interventions (procedure),,
c6e44ef3-8110-7c71-7664-173f517d7152,2007-01-05,,27069f02-583c-53e2-5bae-89b01eaeb9a2,e81f3f3d-b4de-cb18-0dcd-7d68740fff39,443402002,Lifestyle education regarding hypertension,59621000,Essential hypertension (disorder)
07c40756-dbdc-320c-96f5-42a712ffe131,2013-06-28,2023-08-04,27069f02-583c-53e2-5bae-89b01eaeb9a2,3ed265c7-dfbc-8c7d-9a7b-48b3bd9ff3be,134435003,Routine antenatal care,,
eae714bd-c5ff-bcc5-9fbd-aecf89aecd5d,2021-01-01,2021-01-01,27069f02-583c-53e2-5bae-89b01eaeb9a2,6c40730b-53be-b6b5-7049-c62b6e4a3f84,736376001,Infectious disease care plan (record artifact),,
0844f7b0-25ea-1a7f-27f6-5bee5fa4ae2a,2021-01-01,2021-01-26,27069f02-583c-53e2-5bae-89b01eaeb9a2,6c40730b-53be-b6b5-7049-c62b6e4a3f84,736376001,Infectious disease care plan (record artifact),,
a02ca10c-7e2f-18d2-5335-bed32ec51d61,2018-12-27,2019-07-25,47c0d919-cd4c-586e-bec3-9df1b59c67ea,a1457c86-a5a9-e385-a11c-47da5faec286,134435003,Routine antenatal care,,
49993da1-6583-7ed8-8d87-cff7bfa40c69,2022-04-23,2022-06-08,c5f26d6e-a2d7-d667-551c-715f3e049a2f,8e0a8e02-c1fb-b042-e0d6-9cd7836b7e97,408869004,Musculoskeletal care,,
78ab745a-b29b-bd3e-cad0-871f5351e283,1987-10-21,,104db464-c213-a892-d184-dae6c53540a4,4bc27ef9-0bfe-066e-b5cb-c8f7a6586fd9,384758001,Self-care interventions (procedure),,
9c97a63d-85af-d136-583a-9e6f3c3bffd6,2013-11-15,2014-06-27,104db464-c213-a892-d184-dae6c53540a4,be0d9739-3b74-ba00-5f33-c47d0a20d239,134435003,Routine antenatal care,,
c5f80d62-0fdb-0d4b-3b0b-6d3d7f10dc04,2015-09-08,2015-09-16,104db464-c213-a892-d184-dae6c53540a4,601a93ec-6c75-933f-3e1e-ee6bc6386ae3,53950000,Respiratory therapy,,
1af56814-0731-4b04-d3cd-13c7c1e59a93,2018-04-20,,104db464-c213-a892-d184-dae6c53540a4,74758593-c578-5e68-6c25-77936b1ad1eb,443402002,Lifestyle education regarding hypertension,59621000,Essential hypertension (disorder)
106c5eb5-d5be-fb76-c4e8-a392d99ab4a1,2018-09-28,2019-05-10,104db464-c213-a892-d184-dae6c53540a4,f0837f98-e450-e9b7-c134-3cdaac636b24,134435003,Routine antenatal care,,
10fb302d-60c0-cde7-4778-0c580b340f41,2020-07-17,2021-03-05,104db464-c213-a892-d184-dae6c53540a4,2ce84783-5e72-1505-56f7-227811b3e393,134435003,Routine antenatal care,,
32ec3591-2aab-6454-3e54-4c0386f88437,1976-10-10,,5d73b491-f4ad-5f12-a647-95cc4a8d2f9e,fcf11f08-7354-aef5-e1a7-11e1269b63e9,698360004,Diabetes self management plan,15777000,Prediabetes
a7b72da8-bdbe-ae39-023e-71564aa9b296,2002-09-01,,5d73b491-f4ad-5f12-a647-95cc4a8d2f9e,7008d84b-cd30-b6d1-e645-e17184f52a60,443402002,Lifestyle education regarding hypertension,59621000,Essential hypertension (disorder)
366be7a9-8d8d-de0a-b495-02334a8475fd,2019-12-15,2020-03-12,5d73b491-f4ad-5f12-a647-95cc4a8d2f9e,9a7a5e24-0f71-da18-4a00-2529985cea34,385691007,Fracture care,33737001,Fracture of rib
e4d2ded1-c5a8-82da-a3c2-7b2de177909d,2021-02-04,2021-02-14,5d73b491-f4ad-5f12-a647-95cc4a8d2f9e,49cfe502-f29e-6dea-c089-eb08275a4e15,53950000,Respiratory therapy,,
ca84558d-d5e8-2916-1f18-9441ffd005ba,2023-11-30,,5d73b491-f4ad-5f12-a647-95cc4a8d2f9e,a7cad576-f9fc-001f-02b1-a6fe71bcc9f2,408869004,Musculoskeletal care,,
a75ba606-8d66-f80a-299e-23439e2ae1ac,2008-09-13,,91952dbc-3048-c689-9a37-623325aa3d69,66601ff0-4234-555b-22bf-7ed3127e88d5,698360004,Diabetes self management plan,15777000,Prediabetes
c4e56da5-e225-f2b4-1231-a541db776704,2017-05-19,2018-07-14,91952dbc-3048-c689-9a37-623325aa3d69,5f65c787-4c9e-567d-ea17-964c5d62d26d,53950000,Respiratory therapy,,
4b1988fa-3e4d-2200-8ddc-3be7adfbb8e8,2024-05-05,,91952dbc-3048-c689-9a37-623325aa3d69,ec56232a-69a6-bbe1-298d-3e2a1c047c3d,47387005,Head injury rehabilitation,62106007,Concussion with no loss of consciousness
f9d49a2b-a3fd-aea4-637a-a3dfea9826fb,2020-10-18,2020-11-10,98bbbe44-363d-4a6c-f38c-4d1ace4cfb1b,3793fcc1-8808-6c5d-2636-1e329adae304,773513001,Physiotherapy care plan (record artifact),44465007,Sprain of ankle
350bc2ce-ef8a-f841-ba84-26a9fc2f1eb7,2019-02-23,2019-03-27,ae5912a2-843a-871f-fb46-0de9290103ab,cd837065-f5a6-f9eb-74e1-87870eae1a09,773513001,Physiotherapy care plan (record artifact),70704007,Sprain of wrist
2c8e8ec3-ee27-e08e-b3fb-4e195ec8c935,2020-11-28,2020-11-28,ae5912a2-843a-871f-fb46-0de9290103ab,8991d2df-d409-2a4a-2f85-2ffea96f1e30,736376001,Infectious disease care plan (record artifact),,
e927e683-ca64-67c6-2bdc-5d9de724701a,2020-11-28,2020-12-25,ae5912a2-843a-871f-fb46-0de9290103ab,8991d2df-d409-2a4a-2f85-2ffea96f1e30,736376001,Infectious disease care plan (record artifact),,
b2d30c36-089f-ffd4-8d90-c8242184ed78,2023-10-27,2023-11-05,ae5912a2-843a-871f-fb46-0de9290103ab,d5d417f5-ff0c-3a02-dc4d-d51d0788778b,53950000,Respiratory therapy,,
68003cef-d4d5-2d76-bbe6-1d0a9b54d9d2,2014-04-16,,da1c55e7-f2d4-e049-8735-9daf178862a7,81c1070d-a85b-010c-92d9-c32c85cf8109,443402002,Lifestyle education regarding hypertension,59621000,Essential hypertension (disorder)
d815e820-519f-fa76-bc1e-daf3f01d8046,2014-05-23,,da1c55e7-f2d4-e049-8735-9daf178862a7,5874aab2-336c-7419-1861-63db89016ed3,276239002,Therapy (regime/therapy),,
3f017e4a-68fa-c33b-c4ec-f22b638a254c,2015-01-30,2015-03-23,da1c55e7-f2d4-e049-8735-9daf178862a7,59be3a83-541c-0171-6541-77834aabbc4c,385691007,Fracture care,263102004,Fracture subluxation of wrist
b3234661-ea47-4f21-73f2-8841c1a28a56,2017-06-20,2018-05-09,da1c55e7-f2d4-e049-8735-9daf178862a7,c836f821-bbce-c9d0-60a6-57e945d461c6,53950000,Respiratory therapy,,
34ec247c-524a-010c-6a38-9fe7c1d850bc,1999-02-01,,73d631ba-6625-cbad-93f5-9c0613f1c95b,f48e87ed-6a12-9236-a6fa-47565707f034,698360004,Diabetes self management plan,15777000,Prediabetes
0728093d-0914-1978-2dac-eb8a4e2dbd61,2009-01-26,,73d631ba-6625-cbad-93f5-9c0613f1c95b,eec912fa-1ac7-58f1-405e-4401f28aa1a7,412776001,Chronic obstructive pulmonary disease clinical management plan,87433001,Pulmonary emphysema (disorder)
3af78b7e-a512-b81c-0320-869c03166983,2013-03-18,,73d631ba-6625-cbad-93f5-9c0613f1c95b,a21b1b2d-01c2-bb6a-5a55-dbab4090534a,736285004,Hyperlipidemia clinical management plan,55822004,Hyperlipidemia
2769a70b-bbd0-7306-3b44-5854107f4055,2014-06-09,2014-09-02,73d631ba-6625-cbad-93f5-9c0613f1c95b,a8ed6ed7-38b9-fdec-329e-bdb8ed8fdfed,47387005,Head injury rehabilitation,62106007,Concussion with no loss of consciousness
edd1d0d2-df8c-11fa-194d-eeaf83237517,2019-04-27,2019-05-08,bc8c49eb-9cd4-22b2-3865-0ca2995cc6c9,f0d9c3f2-aa5a-b246-a9cb-0f2612634904,53950000,Respiratory therapy,,
b3bded43-e226-2e8d-0193-89794967aa80,2020-11-24,2021-05-04,bc8c49eb-9cd4-22b2-3865-0ca2995cc6c9,b59ef7e0-5421-fbd9-861c-b5101905921f,53950000,Respiratory therapy,,
22d732cc-e6c0-4679-7495-8eea66ee22df,1951-01-14,,5976c412-cf42-860c-b07f-e599067e916c,269f0bf0-b0ed-5c15-1f9d-413198acd278,699728000,Asthma self management,233678006,Childhood asthma
3e2d42d0-cd22-de68-6971-0c0e877bff15,1994-11-03,,c631d66e-d78f-025a-17a5-034a1a0c89ab,8bb9a655-ea8e-b454-94ef-cb3c5b61b41c,698360004,Diabetes self management plan,15777000,Prediabetes
f998116f-d03c-a724-f775-11c0fc1e0104,1990-11-28,,daff738b-f5a6-4c56-cf2e-da98f6a2ee5f,2ab007b9-127e-8675-3c68-779f44a2872c,443402002,Lifestyle education regarding hypertension,59621000,Essential hypertension (disorder)
c6d52975-180e-aee5-74f0-084b2572afc9,2005-11-16,,daff738b-f5a6-4c56-cf2e-da98f6a2ee5f,153a0ebf-271f-1a3a-760b-d25a280345c7,134435003,Routine antenatal care,,
6c1e92b2-6274-0b84-ebf9-52524ef2860e,2018-03-16,,daff738b-f5a6-4c56-cf2e-da98f6a2ee5f,1732f02c-5557-0d07-d253-9a848ca0195d,408869004,Musculoskeletal care,239872002,Osteoarthritis of hip
12258f4c-068c-f6b1-9a47-189121c8eb60,2022-05-25,,daff738b-f5a6-4c56-cf2e-da98f6a2ee5f,334b3f9a-0036-4b97-4ee6-957a61cc9fa3,698360004,Diabetes self management plan,15777000,Prediabetes
a6a934bf-6b95-4493-5a17-8a1c4201a96a,2017-02-04,,7ab19881-ab95-d979-e03d-f8b41e68702e,b56975f0-f28e-5200-d1d3-77dde7ea86d4,384758001,Self-care interventions (procedure),,
65cf80c5-11a2-a0ac-f649-4332c6a83e75,1967-03-03,,3c4057da-81e6-6e93-ec47-8a715606f147,8d262bf6-f43b-c8f1-365b-2383653ed92f,734163000,Care plan (record artifact),73430006,Sleep apnea (disorder)
8f1269ca-ef85-6330-2750-61b2d5842dd6,1987-06-09,,3c4057da-81e6-6e93-ec47-8a715606f147,1487633d-1210-d7de-bac4-aefedfbee163,443402002,Lifestyle education regarding hypertension,59621000,Essential hypertension (disorder)
e910870e-bef9-7dec-b7a3-0ce8b7af53df,1995-05-05,,3c4057da-81e6-6e93-ec47-8a715606f147,22fa6fc1-806b-e13c-add5-22ba5fa15aae,735984001,Heart failure self management plan,88805009,Chronic congestive heart failure (disorder)
c4e54926-c40d-3cfe-546e-d0f166716c6e,1996-04-29,1996-04-30,3c4057da-81e6-6e93-ec47-8a715606f147,0316040f-acb3-e320-2dc0-eda2fbf65865,736353004,Inpatient care plan (record artifact),88805009,Chronic congestive heart failure (disorder)
a5fcb8f5-4b80-77ac-2d19-86f6b0d77eba,1998-10-17,1998-10-26,3c4057da-81e6-6e93-ec47-8a715606f147,493c0a21-a924-4e36-05d4-9b6d8420cb89,736353004,Inpatient care plan (record artifact),88805009,Chronic congestive heart failure (disorder)
e5aa7c2a-1efe-e501-9676-28bd629600b9,2008-08-31,,c46e9c04-1159-a4f1-96aa-41884f4bd783,bfb7106b-9cdb-f715-638f-83b0e13b6d1c,698360004,Diabetes self management plan,15777000,Prediabetes
6f412bdf-ae25-056f-ea39-f3fb5f801ac1,2011-11-06,2014-09-07,c46e9c04-1159-a4f1-96aa-41884f4bd783,92854dc9-d54f-5726-abd3-7c5e21d0c33f,53950000,Respiratory therapy,,
c3ed66ec-1586-8a2c-8e01-ee33cdcec29c,2016-08-21,2017-03-19,c46e9c04-1159-a4f1-96aa-41884f4bd783,dd1fdcc8-616e-185e-44a6-1e134265b3e8,134435003,Routine antenatal care,,
aad5fd46-8ce3-7d5a-4b26-95c53cc3f647,2018-05-08,2018-05-22,c46e9c04-1159-a4f1-96aa-41884f4bd783,c58f2f4f-0403-d019-fa2a-d943f5331287,773513001,Physiotherapy care plan (record artifact),44465007,Sprain of ankle
5e2776c8-e2b2-32cd-9a95-893b0fe107c5,2022-01-09,2022-08-07,c46e9c04-1159-a4f1-96aa-41884f4bd783,fa675458-62a7-b28f-e0b0-5fa6781c2d86,134435003,Routine antenatal care,,
000f3fdb-04c4-236c-f345-adfb7526b123,2016-05-31,2016-07-14,1f5b84ea-2769-51c9-54ee-b08d18637724,93964885-07cb-1b71-3180-0b2ef9ea440e,276239002,Therapy (regime/therapy),,
1089435f-559b-c318-9453-c13ed18a3230,2017-09-18,2017-10-05,b9d8b298-8c66-7daf-744a-91c3fdef1e5f,ec3e8653-9796-a213-008d-3fa3e0d8e1c1,773513001,Physiotherapy care plan (record artifact),44465007,Sprain of ankle
15658cb2-6f8b-fce8-584a-306739caf0c5,2021-02-18,,b62cc3b5-85e3-3144-b522-5e16cb1d3a37,a97d66e2-6146-a744-1d0d-0ea5a7b357c8,384758001,Self-care interventions (procedure),,
745ec01d-3274-6398-099f-932c502cf5f5,1991-02-27,,bfbb0b4e-4b2a-525e-003e-38e9c03949a8,efee1f8d-507b-c732-5760-760df47661a8,698360004,Diabetes self management plan,15777000,Prediabetes
26834404-46a9-054d-a7a1-140d9599d213,2009-01-07,,bfbb0b4e-4b2a-525e-003e-38e9c03949a8,2c56501e-cbd6-e15b-8df8-d0b2ce5fa25a,443402002,Lifestyle education regarding hypertension,59621000,Essential hypertension (disorder)
053c5d21-1431-a4ec-03c8-a02feff6ea7c,2013-02-20,,bfbb0b4e-4b2a-525e-003e-38e9c03949a8,cd370230-4441-e281-6f31-af6bb8c512a7,736285004,Hyperlipidemia clinical management plan,55822004,Hyperlipidemia
a19eabe5-b6e8-15f8-243e-7642c7019bca,2015-08-12,2016-02-17,bfbb0b4e-4b2a-525e-003e-38e9c03949a8,5be8742c-ca07-44f0-0287-5afb25a8664c,53950000,Respiratory therapy,,
6a57d122-5afc-1972-54c2-5349ca14b68f,2020-09-06,2020-09-24,bfbb0b4e-4b2a-525e-003e-38e9c03949a8,98b4261e-9a1a-8bde-3246-b6cab18ecdff,225358003,Wound care,284549007,Laceration of hand
5271a0ed-f769-37b5-f0cf-e0c40722919d,2019-07-02,,d175674f-b30a-2511-80b6-35da58790ed3,9158a8c1-1452-ba72-5afe-18f9105f59fd,384758001,Self-care interventions (procedure),,
1c3fd0e3-58ff-6169-11f3-116ed157951f,2020-03-28,2020-05-13,d175674f-b30a-2511-80b6-35da58790ed3,36b03a0e-5f18-78a3-af4c-f0d86e95000d,53950000,Respiratory therapy,,
bb058a0b-8b7e-d7e1-7460-386664e56220,1971-05-31,,e53fa151-58d5-3244-8d62-c2fd3a753acc,9c7be4b5-b254-2fe5-fd8e-0fdadefee2e9,443402002,Lifestyle education regarding hypertension,59621000,Essential hypertension (disorder)
6c4d7a7b-7d09-0e9e-e512-61a838936820,2015-05-22,,e53fa151-58d5-3244-8d62-c2fd3a753acc,9a826f11-476f-3e34-dc71-aaccf6c80d16,736372004,Discharge care plan (record artifact),,
f004b90e-ea86-7b2c-9c68-ebb160b8a492,2017-01-27,2017-02-12,e53fa151-58d5-3244-8d62-c2fd3a753acc,e815d754-ec73-068f-0fdf-ed345db28895,53950000,Respiratory therapy,,
391d719a-e379-763f-de18-a7a5d8a229b4,2017-06-13,2017-08-08,e53fa151-58d5-3244-8d62-c2fd3a753acc,d0939734-6995-d741-b265-8f2aab3fe4c2,385691007,Fracture care,58150001,Fracture of clavicle
a99cd73a-1b0b-c157-fb26-4e3d1a6af6f4,2019-08-03,2019-08-27,e53fa151-58d5-3244-8d62-c2fd3a753acc,d277c2ea-46a4-ec46-2500-90b4221e46d4,225358003,Wound care,370247008,Facial laceration
2b861bc5-ab35-d15d-8bd5-49c54d726d95,2020-08-31,2020-08-31,e53fa151-58d5-3244-8d62-c2fd3a753acc,1623a102-3f15-72b2-ba61-e804d0b91b20,736376001,Infectious disease care plan (record artifact),,
c7d0f26c-b9a3-9a88-1bba-ea91e8e62623,2020-08-31,2020-10-04,e53fa151-58d5-3244-8d62-c2fd3a753acc,1623a102-3f15-72b2-ba61-e804d0b91b20,736376001,Infectious disease care plan (record artifact),,
08e6899f-ba6d-2397-1607-322fedba6ba7,2021-12-31,2022-01-17,758ed5bf-3b68-7b90-2186-544f4d221ee7,c9a7b446-81fd-ae6c-b6c0-911e23f9298a,225358003,Wound care,283385000,Laceration of thigh
e7c3d9fc-0705-14e5-3fcd-fe939fbd91e7,2023-02-20,2023-03-09,758ed5bf-3b68-7b90-2186-544f4d221ee7,f99c9ee3-d110-a11d-3ef3-f84dd70165c9,53950000,Respiratory therapy,,
aa7fe385-e2c5-3278-35d4-a06a8e052c29,2023-11-21,,d51f094a-654e-7150-3c03-c2adea7a5384,6a34ce96-ba24-de98-c575-c0f16238b101,698360004,Diabetes self management plan,15777000,Prediabetes
d2647ff4-1003-51aa-82ec-0708c2ac15f6,1960-01-24,,f988322d-892b-532c-ef2b-876bbb68eb45,8d0d091e-49bc-5ec0-f9ab-17ba090087ad,384758001,Self-care interventions (procedure),,
baddc9ba-2edf-1cac-4191-8d3e91dafe27,1978-08-22,,f988322d-892b-532c-ef2b-876bbb68eb45,91a1e792-fc1f-4128-51b7-862ca5911213,443402002,Lifestyle education regarding hypertension,59621000,Essential hypertension (disorder)
e7b29c2a-a45e-9baa-9077-c59fd6064a88,2022-04-26,,f988322d-892b-532c-ef2b-876bbb68eb45,d8c166bf-5957-9109-31b5-0b52c8523958,698360004,Diabetes self management plan,44054006,Diabetes mellitus type 2 (disorder)
4d903dfc-b28c-3d9d-8d40-2351e41c83f9,1970-03-11,,cb2272fe-52ce-2bb3-304e-6cef2feeab6c,1f3a81b3-c3ca-f3d6-d3ef-b3add5256738,384758001,Self-care interventions (procedure),,
2cf3ef8a-72bc-ca86-c6d5-d27a06c0854c,1987-02-06,,cb2272fe-52ce-2bb3-304e-6cef2feeab6c,dc567c45-f509-82b2-d336-71176d74df1f,443402002,Lifestyle education regarding hypertension,59621000,Essential hypertension (disorder)
29ee31c5-d55a-868a-13e0-f4cbac683564,2011-06-24,,cb2272fe-52ce-2bb3-304e-6cef2feeab6c,210f146f-c67a-c876-baa7-7a370902a415,698360004,Diabetes self management plan,15777000,Prediabetes
15015581-003c-82d1-fb10-0df99bedfd7f,2014-04-23,2014-08-15,39369141-1c31-1cef-2e65-c3c9251059bd,88b84d2e-a796-be86-a547-b06ddafa445b,385691007,Fracture care,65966004,Fracture of forearm
d0844ec8-3080-4924-253d-8b69b1ee457c,1979-11-18,,8495507f-1dc3-0d5c-46c3-9ef3e30ba940,5a8e6608-554f-5123-7818-b0df8262bb9c,443402002,Lifestyle education regarding hypertension,59621000,Essential hypertension (disorder)
a63926c8-e8b5-b761-708e-08c63e09e5d2,1998-03-01,,8495507f-1dc3-0d5c-46c3-9ef3e30ba940,73d7cd64-2d4b-02cd-3ef8-346c1d319ffb,698360004,Diabetes self management plan,15777000,Prediabetes
76f9bed7-d3d8-b48c-5f76-1313b3203617,2010-10-08,,9cbd34cc-7822-bf82-6a3d-7fdbc892f6f8,59ff960a-9806-b20e-aa52-60facaf7b3cc,698360004,Diabetes self management plan,15777000,Prediabetes
16057749-b5d7-036c-1414-b4ff6015cf28,2012-10-12,,9cbd34cc-7822-bf82-6a3d-7fdbc892f6f8,2e1ad7e7-788a-265b-cf4b-f064fa087011,443402002,Lifestyle education regarding hypertension,59621000,Essential hypertension (disorder)
e744f357-6ea4-96a6-246f-75e1350517ca,2017-10-26,2017-11-06,9cbd34cc-7822-bf82-6a3d-7fdbc892f6f8,f7e54b95-6c17-4498-6500-d32c77fa8e21,53950000,Respiratory therapy,,
e84a88e2-3166-9be6-fbd1-a7d53140a01b,1974-10-07,,f739aa60-89cd-7f68-1f11-496d4175b9bf,d722104d-d76f-218b-4546-12e7f36674c2,384758001,Self-care interventions (procedure),,
a75122a7-2485-eb6f-0fce-b8b8628d17b6,1985-12-27,,f739aa60-89cd-7f68-1f11-496d4175b9bf,9eff3d7f-59c9-8923-6cef-6a63a1b2783b,718361005,Weight management program,,
ba36a8d8-338c-2404-257f-e562be64c737,2005-02-18,,f739aa60-89cd-7f68-1f11-496d4175b9bf,83cfcdf4-e1f1-6682-a596-7fc8af681340,443402002,Lifestyle education regarding hypertension,59621000,Essential hypertension (disorder)
9c2ad5dd-8197-06a3-f001-0f651f8429b2,2016-01-29,2016-02-19,f739aa60-89cd-7f68-1f11-496d4175b9bf,474fee5a-5a8f-e165-1fd6-3e58fb3530ea,773513001,Physiotherapy care plan (record artifact),44465007,Sprain of ankle
dfcb549c-b26d-b905-71da-a9593e663cf5,2020-01-10,2020-08-14,f739aa60-89cd-7f68-1f11-496d4175b9bf,30d75d47-ab03-6aca-90c2-100a20e8acbc,134435003,Routine antenatal care,,
733c6749-892f-0a03-1ac1-96e8dc2fcbd1,1977-08-08,,55e82ed8-f167-9879-ca9b-f821db7affbd,8ef220ce-6e6c-85a7-5dd2-354163232c40,698360004,Diabetes self management plan,15777000,Prediabetes
6c7e084b-dc61-17b2-134c-0768c009eb1b,1987-08-24,,55e82ed8-f167-9879-ca9b-f821db7affbd,7754a4c3-eb26-3f88-8965-7d1828d44745,443402002,Lifestyle education regarding hypertension,59621000,Essential hypertension (disorder)
75325efa-009f-def9-c3e9-03b544f6ccae,1955-05-10,,2205a181-0d78-13de-baaa-1a2cbacc849b,49a571dd-6db4-afc9-bd85-f02a4d1d640f,734163000,Care Plan,,
a363b565-784c-0eb9-b8a6-d7a83038cb20,1966-03-15,,2205a181-0d78-13de-baaa-1a2cbacc849b,94a3a954-ca7c-0e68-3086-ba7d0597df92,443402002,Lifestyle education regarding hypertension,59621000,Essential hypertension (disorder)
631dd6fa-d1e0-34bb-515e-6d73aeb4fd51,1975-03-14,,2205a181-0d78-13de-baaa-1a2cbacc849b,9efd3f4d-d224-d1d7-4f3f-2ac1adecf7a2,736690008,Dialysis care plan (record artifact),,
08b58982-aabf-830e-9ca6-13d832f05a26,1956-01-19,,2a39b0a1-c9f4-75b0-e182-78a95c50014a,a00f2814-0900-4d3f-a619-178f386e44e0,384758001,Self-care interventions (procedure),,
e8665312-7880-150d-8dfe-e6300dd862b5,1958-05-23,,2a39b0a1-c9f4-75b0-e182-78a95c50014a,3e03d032-3ea9-af35-8ee5-ba05e5c853f8,699728000,Asthma self management,233678006,Childhood asthma
b9fa4ac3-77a4-45a1-f854-25de7bf60d94,2004-06-21,,2a39b0a1-c9f4-75b0-e182-78a95c50014a,229df6bb-f3db-67cd-e81a-3273a32cf52d,408869004,Musculoskeletal care,239873007,Osteoarthritis of knee
885c55d5-3ab7-7a9a-20bd-67d48cb302db,2006-07-02,,2a39b0a1-c9f4-75b0-e182-78a95c50014a,47cad4a7-e244-b8b2-c8a4-d13d3985fd84,443402002,Lifestyle education regarding hypertension,59621000,Essential hypertension (disorder)
b320ec30-3037-0aa9-7ad3-51d9c33e3c2b,2009-04-05,2009-07-10,2a39b0a1-c9f4-75b0-e182-78a95c50014a,61e797cb-a122-c1f1-3a3e-deac1a2e4a19,385691007,Fracture care,263102004,Fracture subluxation of wrist
e223e86c-cef0-ed6c-3fc6-3b4fb5518c5d,1976-06-27,1976-07-08,2205a181-0d78-13de-baaa-1a2cbacc849b,96c1f58a-b54f-c034-b922-84bf0dc7cc6c,53950000,Respiratory therapy,,
8e20d691-0abf-ca31-5b34-9070e1f5b8e0,2011-01-03,,2a39b0a1-c9f4-75b0-e182-78a95c50014a,325abf49-4ae3-9d12-65b1-7ab724c084fa,735984001,Heart failure self management plan,88805009,Chronic congestive heart failure (disorder)
0669c22d-b8ad-317b-9618-144d3c8aa047,2011-07-02,2011-07-04,2a39b0a1-c9f4-75b0-e182-78a95c50014a,9650132f-8383-9e13-0d3b-5d57bf64f1bc,736353004,Inpatient care plan (record artifact),88805009,Chronic congestive heart failure (disorder)
88e1858f-818a-5a56-c390-a3c8439ada40,2017-12-29,2018-08-10,203eab3e-ad2b-5709-2501-bceb24cdfd75,59ee4e7d-10d7-3351-6e44-5963f2fc5db9,134435003,Routine antenatal care,,
d864c709-51ab-9053-ce38-27433e1fcba8,2018-01-18,2018-12-07,203eab3e-ad2b-5709-2501-bceb24cdfd75,6cedb886-6e3e-f257-0298-258ccc859e90,53950000,Respiratory therapy,,
f9c90742-fccf-7758-2603-a81aca879c0d,2020-01-03,2020-08-07,203eab3e-ad2b-5709-2501-bceb24cdfd75,bb62d074-99f0-93eb-7f04-e29a5c325a86,134435003,Routine antenatal care,,
dfa1db4b-012f-ed3a-68e6-74d4c68525a7,2021-07-09,2022-02-11,203eab3e-ad2b-5709-2501-bceb24cdfd75,57d7016e-ef01-1f41-3545-560a06206fdd,134435003,Routine antenatal care,,
9c15447d-032f-8424-8ba1-cef5bb992549,2022-01-06,2022-01-25,203eab3e-ad2b-5709-2501-bceb24cdfd75,23744b72-9b3b-2c43-ecdb-c33caad1157a,225358003,Wound care,284549007,Laceration of hand
7adc5077-3d59-5a3e-6324-1c3a30cab7fb,2023-04-18,2023-04-25,203eab3e-ad2b-5709-2501-bceb24cdfd75,227d6902-4570-fe44-dcbe-99f5143257ab,53950000,Respiratory therapy,,
e43fcdea-0079-fa41-e675-be96de59a225,2011-12-28,2012-01-20,2a39b0a1-c9f4-75b0-e182-78a95c50014a,b5949abe-660e-ff54-df52-fbce77790968,736353004,Inpatient care plan (record artifact),88805009,Chronic congestive heart failure (disorder)
d4c957f3-cf26-8337-d17c-d94914ed3c36,2009-05-31,,b3a4a694-bd1e-cacb-eade-9eb8858ef9d8,c2e0d46a-7591-cdf5-b232-2cc0b9264faa,711282006,Skin condition care,24079001,Atopic dermatitis
accaf22a-0e13-4ac4-5634-ed8da98d136d,2009-06-20,,b3a4a694-bd1e-cacb-eade-9eb8858ef9d8,2eed6d22-5e49-3068-2c77-6a4424afebc4,384758001,Self-care interventions (procedure),,
dc41f994-455e-c5d8-ac40-c8695f6f4495,2015-05-23,2015-09-26,b3a4a694-bd1e-cacb-eade-9eb8858ef9d8,2095cd62-3264-101f-03d4-8aec816c593b,53950000,Respiratory therapy,,
b6b7aa13-6b38-83a4-6e98-c6fc187bb300,1968-11-07,,2185151b-3823-ddcd-06a9-52f46adba51d,a0ab7ac7-989b-0cd4-9dc2-53eda06ae4bc,698360004,Diabetes self management plan,15777000,Prediabetes
764dbc52-0e0f-973c-627a-90283a154c4c,1996-12-20,,2185151b-3823-ddcd-06a9-52f46adba51d,7cd1ac2f-0d92-30dd-1008-61520b526980,408869004,Musculoskeletal care,239872002,Osteoarthritis of hip
e37e8719-6225-dc87-df3c-61a5f0928a29,2022-09-19,2022-11-21,be163cb1-d2e4-73f3-c6e7-ccaa53a4528d,0dd357a1-cd11-2392-dd34-abe74e67597c,53950000,Respiratory therapy,,
97b77a5f-c36e-10bc-eb4a-72e7e2976f8c,2023-06-05,2023-11-20,be163cb1-d2e4-73f3-c6e7-ccaa53a4528d,7f751326-c818-96a2-21f6-fc87788a6b26,53950000,Respiratory therapy,,
3e429a9d-6771-ff06-c3af-59793d9b992e,2012-01-21,,9e818913-f2e2-fa3e-29a8-ed686d28e11e,22f4e601-9ebb-ce24-693b-d4a89b2b93e0,443402002,Lifestyle education regarding hypertension,59621000,Essential hypertension (disorder)
e310c72d-8b9f-1b5c-193e-099d14ec96cd,2021-11-17,,9e818913-f2e2-fa3e-29a8-ed686d28e11e,32ac3b7f-8e22-6a6f-2bbd-9cc477d69c96,734163000,Care plan (record artifact),78275009,Obstructive sleep apnea syndrome (disorder)
5c2913d5-8480-df04-6b3c-f3d2741b9025,2024-01-25,2024-03-30,9e818913-f2e2-fa3e-29a8-ed686d28e11e,bc5eda59-ab84-dd93-99c7-4a32b5f7bb75,53950000,Respiratory therapy,,
e221e004-7840-5877-d659-3659c6d8de5f,1955-09-08,,f8bd963b-96ef-0746-3352-147b18d18e95,66312e7b-f68e-d66f-e77b-2a6af8758c5b,384758001,Self-care interventions (procedure),,
6f6555ce-95c2-23b6-671e-04f68a2625df,1990-11-05,,f8bd963b-96ef-0746-3352-147b18d18e95,ba3ba72e-12e2-ab93-4182-d43b143de326,734163000,Care plan (record artifact),78275009,Obstructive sleep apnea syndrome (disorder)
70f158b3-5178-36c6-995e-ffff49b97fa5,1992-01-19,,f8bd963b-96ef-0746-3352-147b18d18e95,bd409ddf-a02d-5366-c1d4-f4a86c3c17d1,443402002,Lifestyle education regarding hypertension,59621000,Essential hypertension (disorder)
1e43d045-90fa-6a4a-4cd2-54991cc527a3,1992-01-19,,f8bd963b-96ef-0746-3352-147b18d18e95,bd409ddf-a02d-5366-c1d4-f4a86c3c17d1,698360004,Diabetes self management plan,15777000,Prediabetes
23e977fb-7d75-44d8-a2b5-314bb7e9510a,1999-03-21,,f8bd963b-96ef-0746-3352-147b18d18e95,296611e5-dc36-40bc-29a2-66aecfe0754a,736285004,Hyperlipidemia clinical management plan,55822004,Hyperlipidemia
9257574f-4d4d-0037-667e-274ef204239e,2011-12-11,,f8bd963b-96ef-0746-3352-147b18d18e95,4e5958c8-f335-7b05-af97-811a8cc59554,408869004,Musculoskeletal care,239873007,Osteoarthritis of knee
20937aa6-43e8-c569-1120-a0d6727dd9e7,2018-10-12,2019-06-23,f8bd963b-96ef-0746-3352-147b18d18e95,a65b7697-54bf-7dd6-1e88-b7e09f37fcf9,53950000,Respiratory therapy,,
deeaa70d-957f-92d5-d69e-52fd22343923,2021-04-13,,f8bd963b-96ef-0746-3352-147b18d18e95,ebd31942-8120-d799-a6e8-bf2ed53bd9fa,736372004,Discharge care plan (record artifact),,
a4848288-0928-9217-fda2-c01b4fc2ddb1,2015-03-27,2016-11-14,089b68c5-f385-57a9-a81f-921d76afd8a9,39e8fd72-1d87-7b8e-69ed-cdd85fca757a,53950000,Respiratory therapy,,
793b77f0-3d5b-3658-bc10-979e7912f5a3,2016-08-08,2017-03-13,089b68c5-f385-57a9-a81f-921d76afd8a9,20a15555-9888-1f73-bce4-c50c4973de0a,134435003,Routine antenatal care,,
bf9f53be-6a87-833f-68bd-db3dc3e6bda9,2018-06-04,2019-01-07,089b68c5-f385-57a9-a81f-921d76afd8a9,6faed6f5-77ed-c188-727a-cfb558d537c8,134435003,Routine antenatal care,,
97fa3897-d906-c96d-b5b6-2a1ff00174f1,2019-11-11,2020-06-08,089b68c5-f385-57a9-a81f-921d76afd8a9,baa4318b-a2b2-5477-0f28-85e73480ebc2,134435003,Routine antenatal care,,
760bb3b0-306b-472e-c2a1-fbd49a756e90,2020-11-30,2021-06-14,089b68c5-f385-57a9-a81f-921d76afd8a9,1343d6d5-bd9b-2136-9351-f47e0692fc05,134435003,Routine antenatal care,,
a1d80c65-def4-c946-0bc8-6fe8093d1ee5,2023-03-27,2023-10-23,089b68c5-f385-57a9-a81f-921d76afd8a9,84ec071e-0369-2bf9-0410-e4fcff3cb6c2,134435003,Routine antenatal care,,
57a47ca3-7d12-aaa3-baa0-a6265f404d04,2024-03-25,,089b68c5-f385-57a9-a81f-921d76afd8a9,fb9f6d89-6087-ed13-d481-5ae37409399d,134435003,Routine antenatal care,,
08187133-355a-0e79-e291-5f79b5b46b4e,2017-04-09,,62e195e0-5bac-169e-3486-bb8b07503343,7b677f2f-fda8-cf32-8eae-75e870766482,699728000,Asthma self management,233678006,Childhood asthma
54e10fa9-bd9e-1bf2-6650-8de6612c91e9,2023-06-24,2023-07-29,62e195e0-5bac-169e-3486-bb8b07503343,ff8daed5-5dcf-cf16-edd0-c71c2632637a,773513001,Physiotherapy care plan (record artifact),44465007,Sprain of ankle
cb865422-1193-1834-3d64-ebc1336fbc72,2007-06-28,,b294c34e-bb5c-a566-00f1-b95c36c35a37,d6ef6d53-d02d-1857-60c2-2baface5a8e3,734163000,Care plan (record artifact),,
6aef0d78-a7c7-0aae-e151-163abd211b9b,2016-09-14,,b294c34e-bb5c-a566-00f1-b95c36c35a37,eb1e0574-602a-7508-047c-af7376ab0fcf,698360004,Diabetes self management plan,15777000,Prediabetes
ba8f0731-5854-53c5-82ad-d089502c3f50,2020-03-23,2020-04-06,b294c34e-bb5c-a566-00f1-b95c36c35a37,353ed494-73c9-0b4c-95b3-dc150900e785,53950000,Respiratory therapy,,
cb00ba9d-868c-cd40-c5fd-44809dc779df,2021-02-23,2021-03-06,b294c34e-bb5c-a566-00f1-b95c36c35a37,0c53d6e3-4945-bfd9-5d23-7f138ec3fc9d,736376001,Infectious disease care plan (record artifact),,
adc8709d-189b-6c8f-b202-011dacea3952,2021-10-31,2021-11-12,b294c34e-bb5c-a566-00f1-b95c36c35a37,2fec61a1-093e-5c4c-3768-9aef928f5536,53950000,Respiratory therapy,,
8f682a6d-b158-54a0-5073-484d1907d12e,1975-11-28,,c47467d0-03f9-f41a-3a11-4f7d771a6be5,ed6b49fa-90ed-d7af-d59d-0070168c2e53,698360004,Diabetes self management plan,15777000,Prediabetes
d87e3d7e-356e-dd72-cf53-b191d27b862d,2016-09-10,2016-11-21,c47467d0-03f9-f41a-3a11-4f7d771a6be5,f601eb4d-6fa0-6e5c-1fed-9c5cb198c0ba,385691007,Fracture care,65966004,Fracture of forearm
fb82b9fe-1e6b-3af9-3c1a-d75d344c8c7b,2020-08-12,2020-09-18,c47467d0-03f9-f41a-3a11-4f7d771a6be5,0f40f655-413f-0f1e-688b-2c4a8b8f5491,385691007,Fracture care,16114001,Fracture of ankle
73967999-d52f-5ea0-a590-b9fe56020492,2023-02-10,,c47467d0-03f9-f41a-3a11-4f7d771a6be5,bcc1e873-fed7-835e-0707-3fa7ce728c44,443402002,Lifestyle education regarding hypertension,59621000,Essential hypertension (disorder)
cf1060da-880b-ff42-c2f2-0789e0674b31,1969-12-21,,4006233c-c364-09c3-875a-ef83322fbf56,fd648dd8-7ee7-1318-a75c-1b9b70448b08,718361005,Weight management program,,
22b9900d-d523-b5d2-b39c-f634462caf82,1983-02-20,,4006233c-c364-09c3-875a-ef83322fbf56,e70292f7-6474-33e7-a905-6afab159c88a,443402002,Lifestyle education regarding hypertension,59621000,Essential hypertension (disorder)
0a055f0c-06bb-0d81-aa1c-031b137b19de,1992-12-28,,4006233c-c364-09c3-875a-ef83322fbf56,d562666f-f078-66d4-1ade-7330d95854dc,734163000,Care plan (record artifact),78275009,Obstructive sleep apnea syndrome (disorder)
b96a7cb9-7267-a94a-2aec-03f302b9c6c7,1998-05-19,,4006233c-c364-09c3-875a-ef83322fbf56,0626f7ae-30f5-fc4d-6ac6-4883c4c2b285,408869004,Musculoskeletal care,239873007,Osteoarthritis of knee
9208eadb-d377-c367-8466-293cb200e03e,2009-12-20,,4006233c-c364-09c3-875a-ef83322fbf56,b8a1681d-f792-05e5-843d-16232076c968,698360004,Diabetes self management plan,15777000,Prediabetes
00616be4-c8f1-2c0c-6d6a-616ba05f06f7,2002-02-10,,e11bc259-952f-34f4-1054-e89d5db905a7,41d941d2-0fac-0ee2-8ded-1600d2bd7893,412776001,Chronic obstructive pulmonary disease clinical management plan,87433001,Pulmonary emphysema (disorder)
82b2b1e8-0157-e5a3-8e73-2d5ed9d8a9ff,2016-04-24,,e11bc259-952f-34f4-1054-e89d5db905a7,847fb0df-6157-5d2b-1770-f793742a14b7,443402002,Lifestyle education regarding hypertension,59621000,Essential hypertension (disorder)
108ac7f1-a1d5-a384-6beb-049c6af1887d,2017-04-30,,e11bc259-952f-34f4-1054-e89d5db905a7,92a7b9bd-d4e4-a5c8-bdb5-5236deb2cc98,698360004,Diabetes self management plan,15777000,Prediabetes
b0f487c0-e072-bbf4-927e-cd08a6ecc9fb,2017-07-29,,e11bc259-952f-34f4-1054-e89d5db905a7,b809e023-b4b8-74a1-b420-272b5d565cf5,408869004,Musculoskeletal care,239872002,Osteoarthritis of hip
80347ba7-5d63-b21a-4571-2bdb1a97a7b4,2018-08-26,2018-12-29,4006233c-c364-09c3-875a-ef83322fbf56,63ab68fc-274f-177a-fe6e-534b6d43c9f6,225358003,Wound care,,
6816a38e-b502-b15c-fba4-b92ff3552b20,1980-11-05,,92cfe243-458e-21c8-50f7-4f92afa40dbc,fc72e460-2166-145d-1b4f-3ab4123aca5a,698360004,Diabetes self management plan,15777000,Prediabetes
48af5803-a191-8c66-9fc9-a1ac1c884916,2003-10-15,,92cfe243-458e-21c8-50f7-4f92afa40dbc,dfbfbf0c-29ee-a020-f0cf-ba449d8f34e2,736285004,Hyperlipidemia clinical management plan,55822004,Hyperlipidemia
84059aa8-95b7-8070-7a4c-9d5339a4657d,2012-10-10,,92cfe243-458e-21c8-50f7-4f92afa40dbc,0a065691-e854-061e-ba77-76bf2e12aba0,443402002,Lifestyle education regarding hypertension,59621000,Essential hypertension (disorder)
57794525-3df2-2e3e-4fec-86fa630ea14e,2020-02-19,2020-05-30,92cfe243-458e-21c8-50f7-4f92afa40dbc,19d57383-401d-5203-0d2c-4d5173a06405,385691007,Fracture care,65966004,Fracture of forearm
2fe7511c-f723-5590-99a6-b2bf3cf16051,2018-07-14,,30f84954-38f4-fbaf-b4e4-fd18d60bfbc5,64109edb-90aa-c25c-46e9-262b0a68d861,384758001,Self-care interventions (procedure),,
db7c4d04-4d49-5dab-1540-cb376a68adbd,2021-03-08,2021-04-15,30f84954-38f4-fbaf-b4e4-fd18d60bfbc5,faefc6ea-037b-1751-b909-225085b54a6b,133901003,Burn care,403191005,Second degree burn
4963dbe9-4e5f-43a9-cce6-7f9a9d9f2a63,2021-07-08,2021-10-18,92cfe243-458e-21c8-50f7-4f92afa40dbc,42bba046-7aa4-0acf-9ee4-fc00f3521fae,225358003,Wound care,,
560fa5ee-043f-e955-711d-a03019952cd7,2024-03-13,2024-03-23,92cfe243-458e-21c8-50f7-4f92afa40dbc,a0a93c4e-49e7-50a8-1258-5b1a3b1f4d4b,53950000,Respiratory therapy,,
00d29bb0-a08e-f3ea-294a-fe50658fc9bc,2004-12-18,,14fa999f-a6be-89c2-d37a-0d475c183e19,afb4521f-a6a4-c0ef-ab16-eec34083455f,384758001,Self-care interventions (procedure),,
34b2b4e6-50c4-0a3a-4f92-f99da285f2f4,2014-05-22,2015-01-28,14fa999f-a6be-89c2-d37a-0d475c183e19,a92d84c9-f485-5d4d-bebe-e4ed12a0b781,386522008,Overactivity/inattention behavior management,,
7973efcb-3034-f253-99ac-a41031324902,2016-03-08,2016-03-16,14fa999f-a6be-89c2-d37a-0d475c183e19,cdbcdb23-b59d-393b-260a-1a099c9d12b6,53950000,Respiratory therapy,,
23fae119-58ec-19fd-8a56-ce9b7cc68ca5,2016-11-15,2020-12-02,14fa999f-a6be-89c2-d37a-0d475c183e19,30f0b0c5-cbe4-439e-a5b8-ce5154aa66aa,170836005,Allergic disorder monitoring,,
eb3ba7e4-259a-565e-9a20-aa0e93efa444,2021-12-16,2022-01-29,14fa999f-a6be-89c2-d37a-0d475c183e19,a67e51db-71c6-731c-3626-0924c825b41e,276239002,Therapy (regime/therapy),,
f27b6473-bfad-1237-dc7b-cb828ef19294,2022-06-06,2022-08-05,14fa999f-a6be-89c2-d37a-0d475c183e19,d54f42ca-713f-652d-e4c7-ca7acaf76f03,408869004,Musculoskeletal care,,
0aea5cb2-03aa-9e56-00f0-784a20a87d39,2012-10-05,,e688f8b2-133e-b8d4-1df9-1ca4aa9b8e39,4c6315ae-07cf-2d6a-ad8e-243fd7daa8fc,734163000,Care Plan,,
e76413ea-9902-c326-4578-0827791e7165,2017-10-13,,e688f8b2-133e-b8d4-1df9-1ca4aa9b8e39,cb162320-4063-a785-5478-8cc69e3fb66e,443402002,Lifestyle education regarding hypertension,59621000,Essential hypertension (disorder)
83083254-377a-ba26-6751-b913c2c1964f,2017-12-01,2018-10-26,e688f8b2-133e-b8d4-1df9-1ca4aa9b8e39,e253adf1-b01a-79cb-c10c-7b1a0b49a6de,53950000,Respiratory therapy,,
268f34e3-ea63-3bff-48a2-85c015b6ddd8,2021-11-12,,e688f8b2-133e-b8d4-1df9-1ca4aa9b8e39,1d268363-d12c-3be1-4f9f-c4eb29c997f2,698360004,Diabetes self management plan,15777000,Prediabetes
a0b1b141-2d8a-23b8-9b90-3835f1a5bfde,2018-03-16,2018-06-23,c3c47390-a671-33e0-631d-cc88d49c37bc,7af37a66-dbd3-6be0-c38f-40d3d12e1871,385691007,Fracture care,58150001,Fracture of clavicle
1073e37d-0e79-1d03-f9fc-ef97be321da9,2018-08-19,,c3c47390-a671-33e0-631d-cc88d49c37bc,2aef6fca-2470-9f80-a152-0a82a22c26a2,698360004,Diabetes self management plan,15777000,Prediabetes
9009514c-05f8-c405-0742-7e3075ea14cd,2020-03-19,2020-04-25,c3c47390-a671-33e0-631d-cc88d49c37bc,f556f870-b061-770a-5aa3-a20a228437e3,47387005,Head injury rehabilitation,62106007,Concussion with no loss of consciousness
1ec5b0af-8afd-60bb-720e-e6ee0f5fc6d3,2020-11-01,2021-06-13,c3c47390-a671-33e0-631d-cc88d49c37bc,feb16520-c9b3-ad8d-226b-6e0cdf76c84c,134435003,Routine antenatal care,,
767d679e-2271-1ff1-dfaf-344bd99ac296,2021-08-22,,c3c47390-a671-33e0-631d-cc88d49c37bc,8f67c022-d3f1-89a2-a97e-a97d58760234,443402002,Lifestyle education regarding hypertension,59621000,Essential hypertension (disorder)
bc266434-e844-1928-1622-48ebed00d403,2023-10-22,,c3c47390-a671-33e0-631d-cc88d49c37bc,7d4338fb-420a-b6e3-748c-b923c1485356,134435003,Routine antenatal care,,
2951f525-1a5f-ee14-d1bd-2955e913b08f,1937-04-20,,d405b0c2-9e37-8299-0409-dd75b65a27ee,dbbd71f3-569c-b15f-bb60-c8f51802ae01,698360004,Diabetes self management plan,15777000,Prediabetes
ad2817ec-907f-d9a9-698e-faff48010b6f,1946-04-30,,d405b0c2-9e37-8299-0409-dd75b65a27ee,4ac589e8-e570-22d2-6a9c-fcf0980b869f,443402002,Lifestyle education regarding hypertension,59621000,Essential hypertension (disorder)
56bb36b3-6bf4-7787-2077-b1c1460be564,1954-03-02,,d405b0c2-9e37-8299-0409-dd75b65a27ee,8064d2e9-73f0-856c-d6a5-148038aa1d03,734163000,Care Plan,,
2e809543-8708-22f9-bd40-36a198b3dd47,1956-04-13,,d405b0c2-9e37-8299-0409-dd75b65a27ee,e8405035-d884-4b3b-af9b-bfd59d5ae110,736690008,Dialysis care plan (record artifact),,
12f30432-a800-798e-42b5-b124dee256d2,1961-12-22,1962-01-04,d405b0c2-9e37-8299-0409-dd75b65a27ee,8b7c218f-3056-abf3-cede-5849d04cb66a,53950000,Respiratory therapy,,
72aa8c5c-caf6-f142-f448-58413a3ca32a,1986-07-17,,c0f12be2-f7eb-fe50-071d-ef27727b5636,dc58cc35-4894-04b8-bb7a-ea407a619ab2,698360004,Diabetes self management plan,15777000,Prediabetes
e88800a7-2c2b-684d-5264-6cf3dc80c774,2014-03-27,,c0f12be2-f7eb-fe50-071d-ef27727b5636,9aaa0c50-7117-294e-aba6-f695835290ad,276239002,Therapy (regime/therapy),,
e9c54a23-945b-74c2-66b8-a2152c072624,2019-02-07,2019-03-13,c0f12be2-f7eb-fe50-071d-ef27727b5636,2839c024-fe6f-e78a-12a1-dccb8a234696,773513001,Physiotherapy care plan (record artifact),70704007,Sprain of wrist
2faf05d0-9788-6eec-32b7-968b43200e87,1988-03-25,,512a22d1-b95d-924c-f2f5-fa3d36f65ba4,55a87607-0e37-a712-2b9a-6b93fc148eb9,698360004,Diabetes self management plan,15777000,Prediabetes
8a460cf5-a411-5780-60dc-08f57989a6eb,2010-01-15,,512a22d1-b95d-924c-f2f5-fa3d36f65ba4,bf6fbe81-1c81-107c-2996-2c3a44ef3e8b,443402002,Lifestyle education regarding hypertension,59621000,Essential hypertension (disorder)
6df4f1ec-3148-9dfd-d165-70aea0f7f9dd,2016-09-13,2016-10-06,512a22d1-b95d-924c-f2f5-fa3d36f65ba4,82ed98a8-d34f-eff9-fa05-c41006e01334,225358003,Wound care,283371005,Laceration of forearm
df91c560-bc6d-6a08-aca9-02bf9cc99e57,1992-07-18,,f3f1ac9f-c744-ac3e-3edf-a8152baa6abe,aecaaa1a-3741-4ffc-6e4a-7fc2bba09b34,443402002,Lifestyle education regarding hypertension,59621000,Essential hypertension (disorder)
0ee662f3-5bdb-02a5-86dd-20dd1e239559,2020-05-16,2020-06-02,f3f1ac9f-c744-ac3e-3edf-a8152baa6abe,94e78896-b630-2adb-1c83-96309a3b4cf1,225358003,Wound care,284551006,Laceration of foot
8f163b74-79d5-af12-1911-f316c0da0374,2021-02-10,,f3f1ac9f-c744-ac3e-3edf-a8152baa6abe,7632c9a0-6b78-458d-262e-c6e2feee0766,735984001,Heart failure self management plan,88805009,Chronic congestive heart failure (disorder)
1af5d1a4-3218-e405-0ea2-957cab8fe0a2,2021-08-09,2021-08-11,f3f1ac9f-c744-ac3e-3edf-a8152baa6abe,520b66e5-a855-3509-f7bb-dfefb52cc2cb,736353004,Inpatient care plan (record artifact),88805009,Chronic congestive heart failure (disorder)
eb109d4f-3295-0c36-38dd-456a8e498013,2023-02-02,,f3f1ac9f-c744-ac3e-3edf-a8152baa6abe,683a5400-5d96-c13e-4194-11c77f4380f1,736353004,Inpatient care plan (record artifact),88805009,Chronic congestive heart failure (disorder)
99547c60-5bda-96c2-7d81-99410d580738,2014-08-14,2015-03-26,702ce7f2-e935-d48e-16d2-8a751fcd920c,5ea8b34e-0c79-23a9-5719-1b98fc03c385,134435003,Routine antenatal care,,
41827830-d2d8-a6d9-bf17-029b833de9b7,1946-04-30,,8b2fd4bc-5690-9f4e-b693-a4f322802d6b,7f49bb63-3230-3523-9741-768cbc95b5cd,698360004,Diabetes self management plan,15777000,Prediabetes
fe74d0dd-88f3-6a70-95b6-81cb7a0bd9a0,1964-03-10,,8b2fd4bc-5690-9f4e-b693-a4f322802d6b,ff2115d5-b86d-2364-2376-cc4a0cdf07b1,443402002,Lifestyle education regarding hypertension,59621000,Essential hypertension (disorder)
24eaefd1-eb03-e3a0-495b-f56127209451,1965-09-10,,8b2fd4bc-5690-9f4e-b693-a4f322802d6b,5a1ff92c-52c8-2604-a03a-dc5dd28b7685,736372004,Discharge care plan (record artifact),1231000119100,History of aortic valve replacement (situation)
108532be-49b4-633f-4fb7-7b4b0cf5193f,1990-08-28,,8b2fd4bc-5690-9f4e-b693-a4f322802d6b,f4dc805e-9b99-d363-0425-39b04eaa2a11,736285004,Hyperlipidemia clinical management plan,55822004,Hyperlipidemia
c3de2267-dfd0-b85a-15d6-879f8b4317f2,1995-02-02,,8b2fd4bc-5690-9f4e-b693-a4f322802d6b,05569acd-3007-b1b8-3cbb-8309adfc5b04,734163000,Care plan (record artifact),60573004,Aortic valve stenosis (disorder)
c6cd35ca-0d25-29d5-5177-5cdcd8e4b304,2023-04-26,2023-05-23,8b2fd4bc-5690-9f4e-b693-a4f322802d6b,bd7920c8-b317-9ee6-cf8d-9a74e846a00a,225358003,Wound care,283371005,Laceration of forearm
12466a33-7a4a-4857-4c40-eb21e6ea3936,2013-05-03,,bd36ec2c-9a98-9818-acfc-f450381390fd,9db33a5d-918d-f501-9c2a-35c89f63b402,734163000,Care plan (record artifact),78275009,Obstructive sleep apnea syndrome (disorder)
b6c1e704-80d2-3d5b-4cd8-2c26464edd88,2017-10-25,2018-01-05,bd36ec2c-9a98-9818-acfc-f450381390fd,196e989d-637b-936d-c6bc-0fe6e04a1ce9,47387005,Head injury rehabilitation,62106007,Concussion with no loss of consciousness
f0149ef9-7803-56b4-ecd8-3577864d8acc,2020-12-04,2020-12-15,bd36ec2c-9a98-9818-acfc-f450381390fd,e7c7b32b-e160-7126-c130-62a0ba00f0fb,736376001,Infectious disease care plan (record artifact),,
