Id,NAME,ADDRESS,CITY,STATE,ZIP,LAT,LON,PHONE,REVENUE,UTILIZATION
74ab949d-17ac-3309-83a0-13b4405c66aa,Fitchburg Outpatient Clinic,881 Main Street,Fitchburg,MA,01420,42.586487,-71.80521,978-342-9781 Or 978-342-9781,0.0,262
17a4bae5-8b64-34d7-8144-b428be027bd0,NURSE ON CALL,512 MAIN STREET  SUITE 211,SHREWSBURY,MA,015456406,42.295109499999995,-71.71808471110307,5088451232,0.0,15
ef5390b4-cba5-3d83-96db-af783a7adb43,MERRIMACK VALLEY HOSPICE INC,360 MERRIMACK ST,MALDEN,MA,021482329,42.4250964,-71.066163,9785524000,0.0,1
6fafb5d4-ecca-37ab-8d24-53036a8cbf1e,GUARDIAN HOME HEALTH CARE  LLC,320 WEST CENTER STREET  2ND FLOOR,WEST BRIDGEWATER,MA,02379,42.016080599999995,-71.02601589317304,5085885811,0.0,1
03d0392a-7361-32b3-81c9-8c8ac985be00,AMERICAN CHINESE MEDICAL CENTER PC,280 WASHINGTON ST STE 204,BROOKLINE,MA,024451922,42.33302785,-71.1193506756953,6177837333,0.0,37
a418cf76-2ee3-3736-a752-29ee33e86015,COMMUNITY NURSE HOME CARE  INC.,62 CENTER STREET,FAIRHAVEN,MA,027193823,41.63663425,-70.90101829397507,5089926278,0.0,2
2936ca90-6594-357d-be14-53fe0ab84dd1,KINGSBURY PRIMARY CARE PC,11 TREMONT ST,KINGSTON,MA,023641231,42.00823215,-70.72984043580247,7815855518,0.0,32
ab701a70-a658-340e-8f69-ee196a7d40c6,CAREWELL URGENT CARE CENTERS OF MA  PC,484 RTE 134,WORCESTER,MA,016071728,42.2625621,-71.8018877,5086947901,0.0,4
11ba6a26-59b4-3728-a268-6dc9929962b4,COURTYARD NURSING CARE CENTER,200 GOVERNORS AVENUE,MEDFORD,MA,021551644,42.42711615,-71.1121606632448,7813915400,0.0,11
f736c0f5-6d39-3e26-8ac1-39e1fc60dfbe,COMMUNITY HEALTH PROGRAMS INC,11 QUARRY HILL ROAD,LEE,MA,012389645,42.2816564,-73.25307843923315,4132430536,0.0,61
88e28a1c-aad9-36d0-832b-b579ecb95c3d,LEOMINSTER COMUNITY HEALTH CENTER,14 MANNING AVENUE,LEOMINSTER,MA,014535768,42.5253035,-71.7584413,9788470110,0.0,28
4cf79e95-2815-3a4c-a3b8-951fe548dd27,BERKSHIRE FAMILY PRACTICE ASSOCIATES PC,20 ELM ST,PITTSFIELD,MA,012016502,42.4458896,-73.2448206979669,4134453131,0.0,62
30ff462c-c7a9-3b0e-9e41-a6af0433996e,HOLDEN HEALTHCARE SERVICES INC.,1188 PARKER ST,SPRINGFIELD,MA,01129,42.1166398,-72.4991848,4137820002,0.0,17
4bf8af75-4da2-331d-b94e-9975a887face,NANTUCKET COTTAGE HOSPITAL,57 PROSPECT ST,NANTUCKET,MA,025542799,41.27514065,-70.10108985970798,5088258100,0.0,14
a4af40b8-0ddb-34bb-ae4a-95a17e9ad6f3,COMPASSIONATE CARE HOSPICE OF SOUTHEASTERN MASS LL,100 MYLES STANDISH BOULEVARD  SUITE 103,TAUNTON,MA,027807340,41.948930849999996,-71.14141318475193,5083995900,0.0,6
f945589f-88aa-366b-9e9d-2418d091112d,CENTER FOR DIGESTIVE WELLNESS PC,105 ERDMAN WAY,LEOMINSTER,MA,014531805,42.54685255,-71.75737313871981,9785377552,0.0,61
5fcff9db-16e4-3e56-aa78-abbc16338097,THE LOWELL GENERAL HOSPITAL,295 VARNUM AVE,WESTFORD,MA,018863513,42.5792583,-71.4378411,9789376000,0.0,36
fa09396a-2926-3b21-ad0c-9f6cabbce0eb,WOONSOCKET URGENT CARE PC,1210 BOSTON PROVIDENCE TPKE,NORWOOD,MA,020625061,42.1714075,-71.1951186,4017662700,0.0,1
c272e12f-e154-3fee-b05d-b7c0cab2657d,STEWARD NORWOOD HOSPITAL INC,800 WASHINGTON ST,NORWOOD,MA,020623487,42.1886973,-71.2005241,7817692950,0.0,78
8d0f0e66-b1dc-37fd-8b4e-0dcb6b3b446e,Edith Nourse Rogers Memorial Veterans Hospital (Bedford VA),200 Springs Rd.,Bedford,MA,01730,42.503376,-71.272644,781-687-2000,0.0,852
b66db758-a205-3227-9cfb-bf19d2c1962d,ART OF CARE INC,121 HARVARD AVENUE  2ND FL,ALLSTON,MA,021342702,42.35241825,-71.13220132573996,6177877799,0.0,3
32fcdfba-8c93-30f4-b15b-dd3b65c29deb,ELAINE CENTER AT HADLEY,20 NORTH MAPLE STREET,HADLEY,MA,010359715,42.3615107,-72.55261320852942,4135845057,0.0,7
0ddb0329-b59d-3187-874c-602c649249c8,BAYSTATE NOBLE HOSPITAL CORPORATION,115 W SILVER ST,WESTFIELD,MA,010853678,42.1178811,-72.75935246865802,4135682811,0.0,7
02c936e2-3aee-38b2-88a4-81f3689b7bb7,BENJAMIN HEALTHCARE CENTER,120 FISHER AVENUE,BOSTON,MA,021203320,42.3276141,-71.1051603,6177381500,0.0,14
609ec9f1-e806-3427-b912-9e3b2915521d,HOLYOKE VISITING NURSE ASSOC,575 BEECH STREET,HOLYOKE,MA,010406604,42.20105435,-72.628169560868,4135345691,0.0,7
bf556284-7513-3620-a10e-5393183a9a87,STEWARD ST. ANNES HOSPITAL CORPORATION,795 MIDDLE ST,FALL RIVER,MA,027211733,41.6924092,-71.16345107025307,5086745600,0.0,153
365eae93-6352-3d48-9a8d-dc9fa4b917be,WACHUSETT REHABILITATION AND NURSING CENTER LLC,32 HOSPITAL HILL RD,GARDNER,MA,014402302,42.572366450000004,-71.97690789055164,9786325477,0.0,2
05137a62-1a8f-34ff-8baf-a0c35c238ea0,BAYADA HOME HEALTH CARE   INC,750  ATTUCKS LANE,HYANNIS,MA,026011950,41.676027500000004,-70.29727035,5087788800,0.0,12
a14e698d-a9ba-3eae-9c8b-682ec726433d,LYNN URGENT CARE LLC,776 WESTERN AVE,LYNN,MA,019052408,42.466763,-70.9494939,6178939901,0.0,187
d4b9a3f0-210d-3e46-a2c7-e099658ac543,NEWBRIDGE ON THE CHARLES SKILLED NURSING FACILITY,7000 GREAT MEADOW ROAD,DEDHAM,MA,020264090,42.266408549999994,-71.19518435636284,7812349660,0.0,1
7f26da64-69ab-3db4-b285-c48c9836a653,BEAR MT LOWELL LLC,500 WENTWORTH AVE,LOWELL,MA,018524937,42.631409,-71.283668,9784581271,0.0,1
4c1a8ea6-b690-3c28-a02e-ebd82190ee65,SOUTH COVE COMMUNITY HEALTH CENTER  INC,885 WASHINGTON ST,BOSTON,MA,021111415,42.3479909,-71.064924,6174827555,0.0,143
5ba6765a-f335-36b0-9c6a-6bb494c5330d,URGENT CARE MEDICAL ASSOCIATES  LLC,31 OLD ROUTE 7,WESTWOOD,MA,020902333,42.2139873,-71.2244987,2038850808,0.0,7
b6eeaaf7-1683-3bcb-b6ee-81ce304636ef,MELROSEWAKEFIELD HEALTHCARE  INC,170 GOVERNORS AVE,MELROSE,MA,021763225,42.4564323,-71.064182,7819793050,0.0,19
de29a374-221b-3cb4-8051-a02c1a35e5b7,FAMILY MEDICINE ASSOCIATES OF SOUTH ATTLEBORO  P.C.,562 WASHINGTON ST,SOUTH ATTLEBORO,MA,027036942,41.912892049999996,-71.36135809627689,5087615650,0.0,44
b0b89e26-30e3-35d4-af87-29fb529579cf,CLIFTON HOSPICE SERVICES  LLC,391 HANOVER ST,FALL RIVER,MA,027205432,41.71019285,-71.14377103194548,5086757583,0.0,1
ea153d0a-9ccc-3769-9a25-934b417071b7,NEW ENGLAND FAMILY HEALTH LLC,463 WORCESTER RD,FRAMINGHAM,MA,017015354,42.3095704,-71.4413097,5082150015,0.0,141
d3085315-9893-34c7-8889-3a31dc17c2b0,WALPOLE MEDICAL CENTER  PC,1428 MAIN ST STE 7,WALPOLE,MA,020811729,42.1325911,-71.2618886,5086686600,0.0,188
18061fd5-fda8-3e2d-87f0-0f3c87211bcc,CAMBRIDGE PUBLIC HEALTH COMMISSION,1493 CAMBRIDGE ST,SOMERVILLE,MA,021431408,42.3875968,-71.0994968,6176651000,0.0,393
1faab3d1-2ae5-3110-8e5f-c65b92ca906d,FAIRVIEW HOSPITAL,29 LEWIS AVE,GREAT BARRINGTON,MA,012301713,42.19093125,-73.3715000043024,4135280790,0.0,669
76281d34-caff-30e0-8545-bcdf33182109,CLIFTON REHABILITATION NURSING CENTER,500 WILBUR AVENUE,SOMERSET,MA,027252051,41.72075205,-71.16843052114558,5086757589,0.0,34
b3ada130-6443-3a8e-98c7-4ec127a2b0c4,LIFE CARE CENTER OF ACTON,ONE GREAT ROAD,ACTON,MA,017205601,42.4850931,-71.43284,9782639101,0.0,2
7489f6e0-fee6-3fff-90b6-444868eb907c,ABBOTT HOME HEALTH CARE  INC,1 KIDDIE DRIVE  SUITE 106,AVON,MA,023221182,42.130150349999994,-71.05720685110387,7813440344,0.0,12
1e11392b-1278-3e70-93cd-f396cbd0c265,VHS ACQUISITION SUBSIDIARY NUMBER 9  INC.,115 LINCOLN ST,NATICK,MA,017607700,42.2843753,-71.3441395,5086507000,0.0,5
fe30f2b4-9bc8-346e-afba-4455d1766545,KATZMAN FAMILY CENTER FOR LIVING,17 LAFAYETTE AVENUE,CHELSEA,MA,021502010,42.40019115,-71.03050082480353,6178846766,0.0,7
0fedae9f-701f-3317-9b2f-69aea2202cdc,BOSTON MEDICAL CENTER CORPORATION-,88 EAST NEWTON STREET,WINTHROP,MA,021522715,42.3750976,-70.982827,6176388000,0.0,133
ccb716b1-277f-3eff-999f-3ac0df45713a,LAFAYETTE REHABILITATION AND SKILLED NURSING FACILITY  INC.,25 LAFAYETTE ST,MARBLEHEAD,MA,019451939,42.4938348,-70.87382362834484,7816314535,0.0,3
aade280a-3b90-3e48-9648-91109a964a63,AP MEDICAL LLC,909 SUMNER ST,DARTMOUTH,MA,027473826,41.6332267,-70.9879928,5089715190,0.0,1029
7a3b8310-02eb-3c47-aa1b-3f55b3ed9de9,ON CALL URGENT CARE  LLC,6 HATFIELD ST,NORTHAMPTON,MA,010602545,42.333172950000005,-72.6566355591273,4135847425,0.0,8
f480acd0-7ef1-350d-aae6-d8e7d53ace57,MANET COMMUNITY HEALTH CENTER  INC.,1193 SEA ST,QUINCY,MA,021693544,42.26883395,-70.95264075087945,6174718683,0.0,53
794b1cc2-97be-30a4-83a0-4bf6add43c74,ST JOSEPH MANOR HEALTH CARE INC,215 THATCHER STREET,BROCKTON,MA,023023949,42.0740963,-70.99660306096918,5085835834,0.0,4
440fa4b8-c731-3cf5-81d9-aa3f30a37b95,LAHEY HOSPITAL & MEDICAL CENTER  BURLINGTON,41 & 45 MALL ROAD,PEABODY,MA,019602901,42.5278731,-70.9286609,7817445100,0.0,96
0fab3c4e-a028-39a6-b15a-be5a88b6aa2a,ENCOMPASS HEALTH REHAB HOSPITAL OF WESTERN MASS,222 STATE STREET,LUDLOW,MA,010563437,42.15547415,-72.47222226666076,4135897581,0.0,554
ce53c877-0290-390a-b4b4-2462001a1713,CIRCLE HOME,847 ROGERS STREET  SUITE 201,LOWELL,MA,018524345,42.6275246,-71.27673639687623,9784599343,0.0,15
34f0b10a-5e29-31de-a75e-e0bb03c0c0d4,WESTON PRIMARY CARE  PC,56 COLPITTS RD,WESTON,MA,024931568,42.36610065,-71.3036759,7818910906,0.0,47
e9a24be5-b0a3-3fd2-a606-dd13498024ea,NORTON HEALTH CARE PC,85 E MAIN ST STE A,NORTON,MA,027662307,41.971697,-71.17689334021827,5089301927,0.0,89
57e4e5fa-d68d-3caa-a5ad-37beb1b51207,STEWARD NORWOOD HOSPITAL INC,800 WASHINGTON ST,NORWOOD,MA,020623487,42.1886973,-71.2005241,7812784120,0.0,68
c92cc255-6778-3307-8092-987d667be4ce,SALEM FAMILY HEALTH CENTER,89 FOSTER ST,PEABODY,MA,019608925,42.5278731,-70.9286609,9785324903,0.0,16
00ffb204-07b4-3c72-a678-fa252e6cf86c,BEDFORD-LEXINGTON INTERNAL MEDICINE  PC,450 BEDFORD ST,LEXINGTON,MA,02420,42.47370735,-71.25090005,7812746274,0.0,42
b8421363-9807-3b16-a146-95336eea5cfb,COOLEY DICKINSON HOSPITAL INC,30 LOCUST ST,NORTHAMPTON,MA,010602052,42.33032115,-72.65330802608176,4135822000,0.0,763
8424b5ec-ba0a-32e9-94ae-a9d397884093,GENTLE HOME CARE SERVICES,49 BLANCHARD STREET  SUITE 101,LAWRENCE,MA,018431456,42.69651155,-71.1612176954981,9782588479,0.0,11
7567027f-af4e-3cd6-b1bf-e764ca3a5866,BEAR MT SPRINGFIELD LLC,215 BICENTENNIAL HWY,SPRINGFIELD,MA,011181962,42.095480800000004,-72.50509214731676,4137967511,0.0,2
3076e02a-deac-3e81-96a9-1d32cbda6fca,GARDNER REHABILITATION AND NURSING CENTER,59 EASTWOOD CIRCLE,GARDNER,MA,014403901,42.567006649999996,-71.97817904424542,9786328776,0.0,5
fbd4ccdf-2fdb-3652-9bbe-1ccff886bd34,CROWN HOME HEALTHCARE MA  INC,320 CENTRAL STREET  UNIT A2,SAUGUS,MA,019062372,42.4632069,-71.0093761,7812153815,0.0,11
b8e724d5-b999-3029-8a2d-ad30fbd0b9ce,BROCKTON NEIGHBORHOOD HEALTH CENTER  INC,63 MAIN ST,BROCKTON,MA,023014042,42.084598840000005,-71.01995972,5085596699,0.0,50
e6cc6043-299a-3581-8f6b-b3b5d62c46ae,CARING HEALTH CENTER  INC,532 SUMNER AVE,SPRINGFIELD,MA,011082458,42.08631583333334,-72.55792579166666,4137391100,0.0,120
06988693-a9d8-392b-a2ce-a07de8a931ad,BEAR MT SUDBURY LLC,136 BOSTON POST RD,SUDBURY,MA,017762406,42.3638568,-71.39664274207772,9784432722,0.0,1
2f735290-1603-31b5-b561-7c8e0d413170,BL HEALTHCARE INC DELEWARE,100 FOXBOROUGH BLVD STE 230,FOXBOROUGH,MA,020352878,42.041851949999995,-71.23486657070565,5085434150,0.0,35
328f813e-4de8-3ec2-a113-43f3ddfb0b2a,DILIGENCEHEALTHCARE,30-40 WESTPARK STREET,BROCKTON,MA,023015241,42.0834335,-71.0183787,8574539843,0.0,39
dd3307db-114c-3f11-be44-a9eef6bb3fc5,LYNN COMMUNITY HEALTH,269 UNION STREET,LYNN,MA,019011201,42.4652772,-70.94362420273097,7815962502,0.0,29
66505876-04a4-3f6e-9aa8-7232ee43ab76,548 ELM STREET OPERATING COMPANY  LLC,548 ELM STREET,NORTHAMPTON,MA,010602832,42.327755,-72.657308,4135863150,0.0,2
5018c664-e283-30eb-932a-529d9a19b3b5,FIRST PSYCHIATRIC PLANNERS  INC,300 SOUTH ST,WOBURN,MA,018014979,42.473347,-71.144086,6174690300,0.0,11
2e8b42f8-4300-30a9-a576-d513d1021a0a,GREATER LOWELL FAMILY PRACTICE PC,600 CLARK RD,TEWKSBURY,MA,018761699,42.63120935,-71.27023603178071,9784538446,0.0,102
d140ed3f-2696-3e78-bd77-1c959ec4fc4d,HATHAWAY MANOR EXTENDED CARE,863 HATHAWAY ROAD,NEW BEDFORD,MA,027401916,41.6512968,-70.9669902070805,5089966763,0.0,42
d4e48a16-0a60-3e90-81e5-c35b22ffe6af,GREEN MOUNTAIN URGENT CARE LLC,856 STATE RD,NORTH ADAMS,MA,012473027,42.69967208677275,-73.16330754755236,6035264635,0.0,2
4ff8b164-4cf5-3ab4-b0f2-7ce8fda920e5,CARDIOVASCULAR CENTER AT TUFTS MEDICAL CENTER INC,800 WASHINGTON ST,WORCESTER,MA,016550002,42.180483,-71.867782,6176365000,0.0,70
8f22037a-070f-3fcf-8f39-fa879f0ae107,DARTMOUTH HOUSE NURSING HOME INC,567 DARTMOUTH ST,S DARTMOUTH,MA,027481826,41.61112,-70.93937914285715,5089977787,0.0,2
bccd7d67-203c-3d93-b6b0-bff5a146cd1d,CARECENTRAL URGENT CARE MEDICAL GROUP PC,286 WASHINGTON ST,STOUGHTON,MA,020721763,42.1384306,-71.1022598,7813412800,0.0,56
63cb4d95-04a9-3a35-b5d9-f89e0377a48d,STURDY MEMORIAL HOSPITAL INC,211 PARK ST,ATTLEBORO,MA,027033143,41.9419187,-71.2752081695297,5082368110,0.0,285
4e880cb9-1ca0-3582-b8cf-8a59b0d2b878,BERKSHIRE INTERNAL MEDICINE LLC,51 S CHURCH ST,PITTSFIELD,MA,012016178,42.44648205,-73.25863241543368,4137688217,0.0,39
a2a41caf-758f-3962-8e5f-e6e603f93d17,VIBRA HOSPITAL OF WESTERN MASSACHUSETTS LLC,111 HUNTOON MEMORIAL HWY,ROCHDALE,MA,015421305,42.2020225,-71.89891616754682,5088926000,0.0,226
0d24cc89-3256-330c-b36d-d8de8babef84,CAPE COD HEALTHCARE PHYSICIANS,1030 FALMOUTH RD,SOUTH YARMOUTH,MA,026641218,41.6667779,-70.1847414,5087784777,0.0,35
db28cc9a-fdfb-35a6-aef7-ab9b933ef244,CAMBRIDGE REHABILITATION & NURSING CENTER,8 DANA STREET,CAMBRIDGE,MA,021385402,42.3694992,-71.11011030010101,6178644267,0.0,52
9d0e702d-50a0-3f4c-9126-0951d560fd4b,NEW ENGLAND REHABILITATION SERVICES OF CENTRAL MASSACHUSETTS INC,189 MAY ST,WORCESTER,MA,016024339,42.25986305,-71.83597786023279,5087916351,0.0,439
ea8d287f-b3a9-3800-8798-788e334ee406,NORTH SHORE MEDICAL CENTER INC,81 HIGHLAND AVE,SWAMPSCOTT,MA,019072928,42.4699241,-70.9171507,9783542065,0.0,12
c7542447-e06e-32cb-b6db-243c23a0dbc2,FRANCISCAN HOSPITAL FOR CHILDREN INC,30 WARREN ST,BOSTON,MA,021353602,42.3501483,-71.14393324457691,6172543800,0.0,40
d9fe2c9c-135e-3da3-8de8-1a0ff165d886,JEWISH FAMILY & CHILDREN'S SERVICE,1430 MAIN ST,WORCESTER,MA,016091121,42.2492003,-71.92931780325071,7816475327,0.0,31
50c47685-8125-3c50-8311-8bd7ba9e9108,BOSTON MEDICAL CENTER CORPORATION-,4199 WASHINGTON ST,ROSLINDALE,MA,021311733,42.2871447,-71.1277526,6173234440,0.0,105
0b2738b6-7911-3aa4-8b6e-7e1df7c14fe1,GUARDIAN OP 1 LLC,888 N MAIN ST,BROCKTON,MA,023011668,42.1061239,-71.02807965450519,5085876556,0.0,1
9d2a1656-0f4d-30d1-bc63-eb365a05529c,STEWARD GOOD SAMARITAN MEDICAL CENTER  INC.,235 N PEARL ST,BROCKTON,MA,023011794,42.09805395,-71.0609587194362,5084272841,0.0,6
a4b91172-69e7-3895-bd89-b9a0868de5c2,DARTMOUTH PRIMARY MEDICINE  LLC,651 ORCHARD ST,NEW BEDFORD,MA,027441052,41.6149879,-70.93113851963673,5089945300,0.0,76
72f50aa0-d8c9-34dc-ac58-c428323f3bcd,BOSTON HEALTH CARE FOR THE HOMELESS PROGRAM INC,55 FRUIT ST,BOSTON,MA,021142696,42.36286045,-71.06875296664998,6177262707,0.0,49
eee00932-ca82-36bc-b7e8-e3fff6dbaeaa,DANA FARBER CANCER INSTITUTE,450 BROOKLINE AVE,WEYMOUTH,MA,021893141,42.2212188,-70.9391625,6176323000,0.0,84
a194e94a-dd16-347e-95ea-8d00052c14d1,BASS RIVER HEALTHCARE ASSOCIATES INC,833 MAIN ST,S YARMOUTH,MA,026645254,41.65171785,-70.21464095380932,5083941353,0.0,13
be509ccb-bfb7-3b87-8945-8426b689ef9d,BOSTON HOME  INC (THE),2049 DORCHESTER AVENUE,BOSTON,MA,021244742,42.3554334,-71.060511,6178253905,0.0,1
bce5b907-584b-345d-bbcf-912cf56cb6c3,RENAISSANCE PRIMARY CARE LLC,11-15 SANDERSDALE ROAD,WORCESTER,MA,016032467,42.0667952,-72.0084995,7744202311,0.0,49
9cec3b3c-fe3f-344e-b9c3-e414dafcd19f,120 MAIN STREET OPERATOR LLC,120 MAIN ST,MALDEN,MA,021486904,42.41918695,-71.06618960434116,7813245600,0.0,1
3ff0f58b-7a1f-3334-9449-ff15f68b7d86,BETH ISRAEL DEACONESS HOSPITAL PLYMOUTH INC,275 SANDWICH ST,PLYMOUTH,MA,023607761,41.94186605,-70.6455366462985,5087462000,0.0,13
70e3ad4f-b9ff-3f3e-9990-2cd7e23a9d1c,HEALTH-MD URGENT CARE,1238 RIVERDALE ST,WEST SPRINGFIELD,MA,010894675,42.1373438,-72.62624707492338,4135043507,0.0,91
09434cf4-ae0d-32ad-bc16-5ce7b0e5c12b,Brockton Vet Center,1041L Pearl St.,Brockton,MA,02301,42.055134,-71.06661,508-580-2730 Or 508-580-2730,0.0,33
a6964d47-8af0-3df2-b99d-d8414eb1cfa3,ARBOUR-FULLER HOSPITAL,200 MAY ST,SOUTH ATTLEBORO,MA,027035520,41.924394750000005,-71.36076410900014,5087618500,0.0,91
b7488009-cd48-3a0d-87c4-6c47d1ceb3c8,ROYAL BRAINTREE NURSING AND REHABILITATION CENTER,95 COMMERCIAL STREET,BRAINTREE,MA,021844301,42.22110375,-70.97097247044559,7818483678,0.0,2
f82ff162-c689-3682-876c-220cf96eb97b,MIDDLESEX FAMILY PRACTICE PC,74 MAIN ST,FRAMINGHAM,MA,017022952,42.2976266,-71.42605348361442,5082708844,0.0,93
9d989fcf-4ad9-3972-ada3-f275d967781e,FALMOUTH HOSPITAL ASSOCIATION INC,100 TER HEUN DR,SANDWICH,MA,025632377,41.7579043,-70.4968152,5084573528,0.0,2
87472bc2-7c23-37cc-8355-7f3e88614b6b,EAST LONGMEADOW SKILLED NURSING CENTER,305 MAPLE STREET,EAST LONGMEADOW,MA,010282765,42.059258494749486,-72.53388585052694,4135256361,0.0,24
b69bccdc-5ad3-3ded-a018-3cd8f369c9d2,CAPE REGENCY REHABILITATION & HEALTH CARE CENTER,120 S MAIN STREET,CENTERVILLE,MA,026323246,41.649898300000004,-70.34309844876677,5087781835,0.0,108
a2cc09de-c1e2-3126-8c09-d49f95225281,CHILDREN'S HOSPITAL CORPORATION,300 LONGWOOD AVE,WALTHAM,MA,024532741,42.3756401,-71.2358004,6173554831,0.0,28
9f2f60a6-87a4-3f45-b753-b63b5b7e9993,NORTH END COMMUNITY HEALTH COMMITTEE INC,332 HANOVER STREET,BOSTON,MA,021131901,42.3647421,-71.0536619,6176438000,0.0,93
1de1aeee-4088-391b-af7a-95d7cfaeaf32,NANTUCKET COTTAGE HOSPITAL,57 PROSPECT ST,NANTUCKET,MA,025542799,41.27514065,-70.10108985970798,5088258100,0.0,5
8fede172-e8ad-3a42-ba59-5d63b0fdc670,CAPE COD HEALTHCARE  INC.,460 W MAIN ST,HYANNIS,MA,026013855,41.64987207007028,-70.31279933758786,5087903360,0.0,39
389323ef-b127-3a06-a22d-e24aef033e5d,GREATER BOSTON INTERNAL MEDICINE PC,200 PROVIDENCE HWY,DEDHAM,MA,020261881,42.22214545274341,-71.18159060546684,7813261464,0.0,28
afc661fd-71d9-3fc3-adf2-3fc3b5e8a140,BROCKTON HOSPITAL  INC.,680 CENTRE ST,RAYNHAM,MA,02767,41.9487118,-71.0731008,5089417000,0.0,36
06cc2462-430f-3322-9c87-7e971125f510,EMERSON HOSPITAL,133 OLD ROAD TO 9 ACRE COR,WESTFORD,MA,018863198,42.5792583,-71.4378411,9782873226,0.0,12
759de184-595f-3131-ba20-6a412553496d,49 THOMAS PATTEN DRIVE OPERATING COMPANY  LLC,49 THOMAS PATTEN DR,RANDOLPH,MA,023683901,42.1594587,-71.06112167252701,7819611160,0.0,1
dfc0bac0-55a9-3f25-b0e3-78f9f586560c,COMMUNITY HEALTH PROGRAMS  INC,444 STOCKBRIDGE ROAD,GREAT BARRINGTON,MA,012301295,42.22088152406833,-73.34280352682327,4135289311,0.0,46
ee7fab6f-6438-394f-b1f2-3e452f8f055a,BLUEBERRY HILL REHABILITATION AND HEALTHCARE CTR,75 BRIMBAL AVENUE,BEVERLY,MA,019156009,42.570099299999995,-70.87108224250409,9789272020,0.0,9
79508e39-d0b0-3613-9d54-168f6e1c3a18,NASHOBA VALLEY MEDICAL CENTER,200 GROTON ROAD,GROTON,MA,014502056,42.577352149999996,-71.57414587343038,9787849000,0.0,2
907b1d2f-2bf8-31b5-abc2-14d6b75faa96,ASSABET FAMILY PODIATRY  INC,340 MAPLE ST,MARLBOROUGH,MA,017523200,42.3358161,-71.54106510218209,5084813659,0.0,94
352f2e3b-0708-3eb4-9f7e-e73a685bf379,MARLBOROUGH HOSPITAL CORP,157 UNION ST,SOUTHBOROUGH,MA,017721215,42.3056501,-71.5245087,5084815000,0.0,224
a2d45ee8-b930-3169-b612-f602961ad212,SUNRISE HEALTHCARE LLC,37 MINUTEMAN WAY,SHREWSBURY,MA,015452229,42.288207,-71.73443816915585,6176509959,0.0,92
0fa1cab9-83c1-3c85-b7bc-53d8b922e2f7,METROWEST MEDICAL CENTER,115 LINCOLN STREET,WORCESTER,MA,016081216,42.2768165,-71.795274,5083831000,0.0,73
4887dc20-9ef6-3cc2-9c56-858388049a50,ELIOT CENTER FOR HEALTH & REHABILITATION,168 WEST CENTRAL STREET,NATICK,MA,017604122,42.282113100000004,-71.37898579435048,5086551000,0.0,1
fa34d205-5ac2-3ba2-80a4-bef345dc57f5,MEDFORD VISITING NURSING ASSOCIATION,37 BROADWAY,ARLINGTON,MA,024745552,42.408086,-71.135914,7816436090,0.0,3
fb4a08b8-57ee-382b-b3cb-43d94f1bb4c0,STANLEY STREET TREATMENT AND RESOURCES  INC,1010 SOUTH MAIN STREET,FALL RIVER,MA,027242855,41.690775450000004,-71.16515282264554,5086751054,0.0,96
2b97893e-dc50-378b-a266-f089b8450329,HARBOR HEALTH SERVICES INC,250 MOUNT VERNON ST,DORCHESTER,MA,021253120,42.3194571,-71.04610844302991,6172881140,0.0,88
d0894f6b-78d7-338d-82ad-b63de4d40014,MOUNT AUBURN HOSPITAL,330 MOUNT AUBURN STREET,WALTHAM,MA,02452,42.3756401,-71.2358004,6174923500,0.0,1
2513c728-9d3e-376d-aedd-0f00fde719b2,WALPOLE AREA VISITING NURSE ASSOCIATION  INC.,55 WEST ST,WALPOLE,MA,020811837,42.1442924,-71.2579691,5086681066,0.0,30
3d5fbf38-c781-3e04-8c7e-5a402611b7d4,DAVIS SQUARE FAMILY PRACTICE,260 ELM ST,SOMERVILLE,MA,021442951,42.3955992,-71.1227391,6176669577,0.0,74
f43f97f2-af04-3ed0-a42e-3681718cc9b2,BERKSHIRE MEDICAL CENTER INC,725 NORTH ST,PITTSFIELD,MA,012014109,42.4600752,-73.2492795834909,4134472000,0.0,67
7ac466c6-7968-33fd-882c-6d5418f88c8a,CHELMSFORD PRIMARY CARE LLC,2 MEETING HOUSE RD,CHELMSFORD,MA,018242700,42.60140085,-71.35097894451894,9782565522,0.0,33
0d19a52f-6f9b-32aa-9aad-6b7027cc668e,BERKSHIRE REHABILITATION & SKILLED CARE CENTER,7 SANDISFIELD ROAD BOX 216,SANDISFIELD,MA,012559621,42.1131485,-73.1299243,4132584731,0.0,33
88975fd9-b47e-3af6-af78-c58e1ecf0d5e,BAYSTATE NOBLE HOSPITAL CORPORATION,115 W SILVER ST,WESTFIELD,MA,010853628,42.1178811,-72.75935246865802,4135682811,0.0,114
52efa2e5-007f-3396-a83a-28ca015f0595,BAYADA HOME HEALTH CARE INC,20 N PARK AVE STE 2200A,PLYMOUTH,MA,023604090,41.960434631488596,-70.67007876763536,5088300999,0.0,1
ba5db88e-396b-39a6-9a0a-e9791bc709b7,BEAR MT ANDOVER LLC,80 ANDOVER ST,ANDOVER,MA,018105606,42.6390425,-71.15835003183432,9784703434,0.0,1
edd58f69-ad5f-346b-b1f9-530ccdc895f6,RISE ABOVE WELLNESS HEALTH SERVICES LLC,52 CARPENTER ST,ATTLEBORO,MA,027032472,41.9369576,-71.27996091755344,8572473180,0.0,98
94ac48ba-e215-3ab9-ba88-a0b926d29cef,MEDFORD REHABILITATION AND NURSING CENTER,300 WINTHROP STREET,MEDFORD,MA,021552311,42.421527,-71.11834,7813964400,0.0,11
069b90f9-309b-35e4-b990-d1dbacb962cc,MONT MARIE REHABILITATION & HEALTHCARE CENTER,36 LOWER WESTFIELD ROAD,HOLYOKE,MA,010402749,42.16975305,-72.63488031242107,4135386050,0.0,2
d087a353-12da-3785-b121-fb1291f8a721,CARE4US WELLNESS CENTER LLC,17 CLARENCE ST,WORCESTER,MA,016052430,42.287673653061226,-71.80890779591836,5083456983,0.0,34
e5ce3b83-f5e6-308d-aa64-82539fc2d906,FIRST CHOICE HEALTHCARE  INC.,1842 BEACON ST,BROOKLINE,MA,024451922,42.33728028715071,-71.14536064081996,6172934594,0.0,1
a2047ff6-62f2-34d7-beb9-7e164d989c75,RECUPERATIVE SERVICES UNIT-HEBREW REHAB CENTER,1200 CENTRE STREET,ROSLINDALE,MA,021311011,42.29768,-71.130463,6173258000,0.0,10
936ceb96-2b12-371f-aa68-ee02a9c06f4c,PRIMARY CARE NORTH PC,225 BOSTON ST,LYNN,MA,019043124,42.470497449999996,-70.96003668151566,7815959581,0.0,91
51759ecf-0948-3f61-b8fc-09dd8f2b90a1,FAIRVIEW COMMONS NURSING & REHABILITATION CENTER,CHRISTIAN HILL ROAD,GREAT BARRINGTON,MA,012301108,42.207865,-73.360405,4135284560,0.0,2
48a6d3ab-50ef-349e-8945-2558a78f378e,SAINT ANNE'S HOSPITAL,795 MIDDLE ST,SWANSEA,MA,027774114,41.730919,-71.208117,5086745600,0.0,262
0a8a4b11-d0b8-3cd2-92cd-983de5189cfa,LIFE CARE CENTER OF THE NORTH SHORE,111 BIRCH STREET,LYNN,MA,019021574,42.47859105,-70.93458444045801,7815929667,0.0,1
95b01a7c-e16a-37d4-b354-c404baa00203,BERKSHIRE PLACE,290 SOUTH STREET,PITTSFIELD,MA,012016824,42.440485002637104,-73.25677853480586,4134454056,0.0,8
df852cb2-9fe0-3c90-87ac-46e5f980ee3b,HOSPICE OF NASHOBA NURSING SERVICE,3 PATTERSON ROAD  SUITE 3,SHIRLEY,MA,014642907,42.552462649999995,-71.62383665745185,9784256675,0.0,8
281525ef-5743-34a8-9339-66c8b4be6668,NOTRE DAME HOSPICE,555 PLANTATION STREET,WORCESTER,MA,016052376,42.2907683,-71.7649752,5088525505,0.0,1
3e97ce4f-3ad7-3cea-883f-e2bb4ca89d83,HALLMARK HEALTH URGENT CARE PHYSICIANS LLC,30 NEW CROSSING RD,READING,MA,018673270,42.51809619399502,-71.0959083715027,7812801699,0.0,26
e982819a-87b3-3124-a0f2-85f8afcc7731,DANVERS FAMILY DOCTORS PC,140 COMMONWEALTH AVE STE 202,DANVERS,MA,019233625,42.5524742,-70.94443165548033,9787626262,0.0,40
d5920b72-ac1a-3ec4-81ca-e3b75cb7aadd,Causeway OPC,251 Causeway St.,Boston,MA,02114,42.3665,-71.05931,800-865-3384,0.0,88
c4e5b33c-17b8-3f51-a8ba-a327d54e642a,PRIMARY CARE MEDICINE AND PEDIATRICS  LLC,94 N ELM ST,WESTFIELD,MA,010852917,42.1322823,-72.7436679,4135621650,0.0,71
6d6ef57e-b2ce-3a69-bacf-4305c51834b0,VISITING NURSE AT HIGHLAND INC,186 HIGHLAND AVE,SOMERVILLE,MA,021431507,42.38845955,-71.10666839512322,6177764420,0.0,1
0f2c58ec-5323-3c0f-9bdf-af0df7eb2a2b,MARIAN MANOR,130 DORCHESTER STREET,SOUTH BOSTON,MA,021272642,42.3334312,-71.0494949,6172683333,0.0,17
cc400ddc-c38d-3604-8d89-cea21555719f,NEEDHAM FAMILY PRACTICE ASSOC. P.C.,87 CHESTNUT ST,NATICK,MA,017603644,42.293559188306446,-71.35158050924959,7814445515,0.0,14
51370692-6296-3150-8672-559fc73f964f,BRIGHAM & WOMENS HOSPITAL INC,75 FRANCIS ST,WEST BRIDGEWATER,MA,023791542,42.0219112,-71.019004,6177325500,0.0,45
10dcd91e-6eda-385b-bafb-d5e1ae92dc34,INTEGRATIVE MEDICINE AND HOLISTIC WELLNESS CENTERS LLC,677 W MAIN ST,HYANNIS,MA,026013493,41.652312699999996,-70.32027525205335,5087900606,0.0,101
c6b019eb-28ec-36f6-abf3-bcc4d1d58966,DUTTON FAMILY CARE ASSOCIATES LLP,33 AVON ST,WAKEFIELD,MA,018802310,42.50403445,-71.07462951514611,7812450402,0.0,16
b5b380d2-df21-3389-abf0-08551c7e1f2d,DEVENS TREATMENT & RECOVERY CENTER LLC,85 PATTON RD,DEVENS,MA,014344401,42.5304204,-71.61505519305638,9786155200,0.0,126
31e00f85-6909-3d9f-afc6-5ae507ab0c06,BRAINTREE FAMILY PHYSICIAN INC,382 GROVE STREET,BRAINTREE,MA,021847324,42.189369400000004,-70.98451984814267,7818481555,0.0,152
06376cbe-4880-384b-b459-7ce3eef36ced,HEALTHFIRST FAMILY CARE CENTER INC,387 QUARRY ST,FALL RIVER,MA,027231026,41.6932713,-71.1402431739568,5086798111,0.0,54
2836d9ac-c6a6-39d1-8f13-fdf0fc8928f4,TEWKSBURY HOSPITAL,365 EAST ST,TEWKSBURY,MA,018761950,42.6069472,-71.2180803,9788517321,0.0,331
a2f8d8fe-665e-390f-8b9b-efdc0b14a77c,LOWELL COMMUNITY HEALTH CENTER,161 JACKSON ST,LOWELL,MA,018522103,42.6425382,-71.3093946,9783228590,0.0,2
82c72223-f521-3a34-9b9b-4ff366365399,CARNEY HOSPITAL,2100 DORCHESTER AVENUE,QUINCY,MA,021691870,42.2509914,-71.0037374,6175062000,0.0,10
7c625dc4-2593-31eb-95fd-6a912832b8bb,BAYADA HOME HEALTH CARE  INC,980 WASHINGTON STREET  SUITE 124,DEDHAM,MA,020266704,42.228918,-71.18501264023513,6179692600,0.0,8
f22bc2ac-f8bd-3f9f-9a40-93db37639d3f,HARBOR HEALTH SERVICES INC,735 ATTUCKS LN,HYANNIS,MA,026011867,41.6747631,-70.29768515601289,5087780300,0.0,64
04b252db-4231-3cb5-963d-6f096fb4b97c,DEDHAM MEDICAL ASSOCIATES URGENT CARE CENTER LLC,1177 PROVIDENCE HIGHWAY,NORWOOD,MA,020625019,42.194543,-71.1994976,7813291400,0.0,17
83579123-f29c-39b8-9f5f-8f79e91683c7,NASH HEALTH CARE PRACTICES LLC,100 CENTURY DR,WORCESTER,MA,016061244,42.3138278,-71.7707002,5083457129,0.0,25
e2eab39c-5195-34aa-b35f-e89e37cfed01,SOUTH SHORE HOSPITAL INC.,55 FOGG ROAD,WEYMOUTH,MA,021893141,42.175539799999996,-70.9539153674405,7813408000,0.0,32
4fa8411f-42f8-3353-8947-bf15254c9dee,GREENWOOD NURSING & REHABILITATION CENTER,90 GREENWOOD STREET,WAKEFIELD,MA,018804039,42.476321150000004,-71.06922169005762,7812460211,0.0,2
a977feef-f585-3fa8-8deb-7e60fc2cab30,HORIZON HOME CARE  LLC,2314 MAIN STREET,TEWKSBURY,MA,018763128,42.58023655,-71.19367180835906,9788517775,0.0,13
3f75cc55-b046-3d03-b4ff-ec338624ce10,PREMIER HEALTHCARE SERVICES LLC,77 WOLCOTT AVE,NEW BEDFORD,MA,027451033,41.6362152,-70.934205,7742027049,0.0,45
1de7e7d9-9a7a-3a3f-bf4c-b4de450711f2,CIRCLE HEALTH URGENT CARE LLC,198 LITTLETON RD,WESTFORD,MA,018863429,42.564282,-71.42620615382347,9783230302,0.0,2
4705a8fd-19cd-32c1-8b3e-34bcfe84d0bd,WELLNESS ON WHEELS PC,55 N WASHINGTON ST,NORTH ATTLEBORO,MA,027601607,41.983529,-71.332241,5083164141,0.0,44
497f39dd-280e-3d58-af5b-c5e3a3a09b10,CAPE COD HOSPITAL INC,27 PARK ST,HYANNIS,MA,026015230,41.65363635,-70.27352219234834,5087711800,0.0,1382
f2a6c4f7-f5b2-361a-95c4-3d635b352a46,LIFE CARE CENTER OF RAYNHAM,546 SOUTH STREET EAST,RAYNHAM,MA,027671079,41.8984957,-71.03751432894776,5088215700,0.0,5
b0762027-dc86-335b-8310-f4f031c1caca,LIFE CARE CENTER OF WEST BRIDGEWATER,765 WEST CENTER STREET,WEST BRIDGEWATER,MA,023791517,42.01302315,-71.05345585281756,5085804400,0.0,1
0d7fd824-1c7b-3f8b-a662-f6c2005e82e1,OVERLOOK MASONIC HEALTH CENTER,88 MASONIC HOME ROAD,CHARLTON,MA,015071394,42.1389039,-71.9782681,5082487344,0.0,21
ed0c5b98-dc8a-3fc9-9856-61f1a1c75b11,SHREWSBURY NURSING & REHABILITATION CENTER INC,40 JULIO DR,SHREWSBURY,MA,015453010,42.29191827853838,-71.70343631978118,5088456786,0.0,3
a525d084-5a8f-3859-a048-2130a4092ec8,BAYADA HOME HEALTH CARE  INC,2 MOUNT ROYAL AVENUE  SUITE 350,MARLBOROUGH,MA,017521976,42.34042135,-71.57841367654626,5088534100,0.0,25
accb8cdd-6560-3fef-b0a6-f12c3295026a,LIFE CARE CENTER OF ATTLEBORO,969 PARK STREET,ATTLEBORO,MA,027035115,41.9266899,-71.2611303145582,5082224182,0.0,28
83445caa-116b-3a1e-a75e-8104d321c4c3,LIGHTHOUSE PRIMARY CARE PC,315 MAIN ST STE 101,NORTH READING,MA,018641326,42.596733799999996,-71.11988300141903,9782760100,0.0,49
1ab2b5f9-cb95-3236-beec-9b9d4a407c61,BERKSHIRE MEDICAL CENTER INC,725 NORTH ST,PITTSFIELD,MA,012014109,42.4600752,-73.2492795834909,4134472000,0.0,26
07ae483b-b351-3add-8b05-afba832b88ea,STONEHEDGE HEALTH CARE CENTER,5 REDLANDS ROAD,WEST ROXBURY,MA,021321506,42.2879347,-71.15108161583282,6173276325,0.0,12
41e2a44c-477c-3511-96f9-12c476aa3b6a,DR SOLOMON CARTER FULLER MENTAL HEALTH CENTER,85 E NEWTON ST,BOSTON,MA,021183553,42.336277100000004,-71.07085295687423,6176268860,0.0,42
6df069d9-5273-32df-bee8-b6a5a20c2ece,Cape Cod Vet Center,474 West Main Street,Hyannis,MA,02601,41.650307,-70.313515,508-778-0124 Or 508-778-0124,0.0,87
9d41e4fc-9507-3ddb-82ad-966046fca031,ODD FELLOWS HOME OF MASSACHUSETTS,104 RANDOLPH ROAD,WORCESTER,MA,016062465,42.29955605000001,-71.79838133819244,5088536687,0.0,4
5b0cd0a0-f277-3a66-bee6-d64b5be4a3f5,BERKSHIRE MEDICAL CENTER INC - 1,725 NORTH ST,PITTSFIELD,MA,012015493,42.4600752,-73.2492795834909,4134472000,0.0,12
b44955d1-f0e2-3beb-a013-708a81dbe430,SIGNATURE HEALTHCARE MEDICAL GROUP INC,680 CENTRE ST,WEST BRIDGEWATER,MA,023791600,42.0219112,-71.019004,5089417000,0.0,53
c0e23859-5a95-3aa0-8c3b-0143df64f507,ROYAL WAYLAND NURSING HOME LLC,188 COMMONWEALTH RD,WAYLAND,MA,017785027,42.318727100000004,-71.36211489369597,5086538500,0.0,1
81bf8321-f3b9-329d-8c7d-e50fc1141351,RELIEF HOME HEALTH SERVICES INC,35 WINTER ST STE 301,HYANNIS,MA,026013893,41.6528525,-70.28654323707113,6174453900,0.0,15
ad2dab07-4f85-3950-baaa-7c7cd2aa770c,UNIVERSITY OF MA MED CTR-ESRD,55 LAKE AVENUE NORTH,WORCESTER,MA,016550002,42.2774799,-71.76166994969458,5088560011,0.0,206
67d2f85b-ddc7-3ed0-b90b-6fa5b7b8358a,CHARLES RIVER COMMUNITY HEALTH  INC,43 FOUNDRY AVE,WALTHAM,MA,024538313,42.37050535,-71.21908334877376,6177830500,0.0,28
0d1570ab-371c-3898-9397-95905d8c5166,TUFTS MEDICAL CENTER  INC,750 WASHINGTON ST,BOSTON,MA,021111552,42.3499038,-71.0631836,6176365442,0.0,462
1853aeef-5897-326a-80d6-aa4b0459eb6d,BARRINGTON URGENT CARE PC,381 WICKENDEN ST,ATTLEBORO,MA,027032247,41.9438129,-71.2806515,4014337550,0.0,197
4b7e26e6-e5b1-38c9-b4ac-fde9a0f93177,FATHER BILL'S PLACE,38 BROAD STREET,QUINCY,MA,021694604,42.2560352,-70.99469254391217,8576541706,0.0,6
01bb7b5c-f850-3c4e-a3f1-442d8273559a,NORTHAMPTON WELLNESS ASSOCIATES LLC,395 PLEASANT ST,NORTHAMPTON,MA,010603914,42.3150543,-72.62555561349089,4135847787,0.0,73
2ca615f3-87f7-3283-a447-d919a883b676,HANOVER FAMILY HEALTH & URGENT CARE PC,1399 WASHINGTON ST,HANOVER,MA,023391653,42.1441354,-70.8440854,7818290895,0.0,3
c0a33465-d309-3d2a-932e-9d554a7cc19c,T MASSACHUSETTS  LLC,100 CENTURY DR,WORCESTER,MA,016061244,42.3138278,-71.7707002,7743667000,0.0,31
7f32dd7d-5c35-3ddb-839b-8fbbb930d412,ST PATRICK'S MANOR,863 CENTRAL STREET,FRAMINGHAM,MA,017014813,42.30758060362541,-71.42846215724606,5088798000,0.0,12
0a689d33-2b0d-3942-8de8-e28812e91c69,MEASURED WELLNESS LLC,47 SEAVERNS AVE # 5,BROOKLINE,MA,024463806,42.3317642,-71.1211635,5137482498,0.0,8
d36eba4a-0dfb-3a26-b9fe-eb74594bbe3c,PARSONS HILL MA SNF LLC,1350 MAIN ST,WORCESTER,MA,016031550,42.2416259,-71.85047518091996,5087914200,0.0,1
1b3fe590-8793-3f08-865d-01fc425a84d4,FENWAY COMMUNITY HEALTH CENTER  INC,1340 BOYLSTON ST,BOSTON,MA,022154302,42.34392675,-71.09888049065322,6179274880,0.0,150
3f12ebb4-e03c-3453-88d2-4fc9682383df,NEW BEDFORD INTERNAL MEDICINE & GERIATRICS  LLC,726 COUNTY ST,NORTH DARTMOUTH,MA,027473603,41.6389926,-70.9703171,5089845671,0.0,114
8af3b144-0e1a-3c90-937d-81a4ed026080,NORWOOD HOSPITAL,800 WASHINGTON STREET,NORWOOD,MA,020623489,42.1886973,-71.2005241,7817694000,0.0,131
125eccb3-d003-34ea-9bd8-360dff059782,NEW ENGLAND BAPTIST HOSPITAL,125 PARKER HILL AVENUE,DEDHAM,MA,020266146,42.2489143,-71.1755732,6177545800,0.0,13
b242f971-3c74-3778-b148-81366c1e6a3f,WALDEN BEHAVIORAL CARE LLC,10 CAREMATRIX DR,DEDHAM,MA,020266149,42.2270762,-71.17237295563174,7816476700,0.0,115
36c8b677-a6ce-3266-b71e-ed86d778d0fa,WESTBOROUGH BEHAVIORAL HEALTHCARE HOSPITAL  LLC,300 FRIBERG PKWY,WESTBOROUGH,MA,015813900,42.28350315,-71.58027718702151,5083296300,0.0,201
2e73956a-942f-36f3-b88c-f88e782e578f,COMPASSUS - SOUTHERN MASSACHUSETTS,790 TURNPIKE STREET  SUITE 202,NORTH ANDOVER,MA,018456138,42.661547049999996,-71.10774565195425,9787778222,0.0,4
2987ddf5-7ff2-3e4a-9e25-d654a10313fd,THOMAS UPHAM HOUSE,519 MAIN STREET,MEDFIELD,MA,020522522,42.186209649999995,-71.30745495273302,5083596050,0.0,36
ce3b504c-f15c-3bcf-ba6e-dcb551cc7d7f,BOSTON HEALTH CARE FOR THE HOMELESS PROGRAM INC,112 SOUTHAMPTON ST,BOSTON,MA,021182711,42.33240995,-71.06915010706255,6175342881,0.0,51
19a3afba-b409-3650-a0ab-f3faf6e391ef,ASSOCIATED PHYSICIANS OF HARVARD MEDICAL FACULTY PHYSICIANS AT BETH IS,199 REEDSDALE RD,WALTHAM,MA,024511433,42.3756401,-71.2358004,6176964600,0.0,22
562176c7-c337-3bd1-b8f4-89853772589b,HOSPICECARE IN THE BERKSHIRES  INC.,877 SOUTH ST,PITTSFIELD,MA,012018243,42.417399950000004,-73.25836946569122,4134432994,0.0,1
6ff4bb75-c014-3f73-a574-620cf1538d85,MERCY FAMILY PRACTICE PC,250 GREEN ST,GARDNER,MA,01440,42.586896550000006,-71.98672640006858,9786326445,0.0,35
1cec4304-9757-3a10-ad4f-7e2090c56131,UMASS MEMORIAL MEDICAL CENTER INC,55 LAKE AVE N,WORCESTER,MA,016550002,42.2774799,-71.76166994969458,5083340254,0.0,3
5862e05c-9533-3f7a-8f73-215d50f5ee2f,HEBREW REHABILITATION CENTER,1200 CENTRE ST,ROSLINDALE,MA,021311000,42.29768,-71.130463,6173258000,0.0,82
ec7e487e-7e78-3eac-a9ee-37f8de98a0f9,COLONY CENTER FOR HEALTH & REHABILITATION,277 WASHINGTON STREET,ABINGTON,MA,023512489,42.10060947239023,-70.94967338146704,7818710200,0.0,4
411f14a5-de79-3e08-81d6-301270cc2275,RHEUMATOLOGY AND INTERNAL MEDICINE ASSOCIATES PC,64 CONCORD STREET,WILMINGTON,MA,018872179,42.55962465,-71.13772203658047,9786641606,0.0,28
471f7ca2-38f8-3080-8109-187c73ec0b1f,SALEM FAMILY HEALTH CENTER,27 CONGRESS ST,SALEM,MA,019707308,42.518722068313224,-70.88940635956651,9787448388,0.0,62
20df65a4-7567-3066-b680-0f71b0c31d38,HENRY HEYWOOD MEMORIAL HOSPITAL,242 GREEN ST,GARDNER,MA,014401336,42.58685735,-71.98748072431209,9786323420,0.0,68
5581e43d-0463-3a0b-afc7-a60aea5ac96c,GREATER LAWRENCE FAMILY HEALTH CENTER INC,57 RIVER RD,ANDOVER,MA,018101144,42.69112645,-71.19636086287642,9786868521,0.0,60
7dcab1ad-0e13-3700-9eb0-70767c5e2b55,URGENT CARE PHYSICIANS PC,1515 ALLEN ST,SPRINGFIELD,MA,011181803,42.095299499999996,-72.50943136142334,4137839114,0.0,52
ce9c1582-994d-32bf-835c-474a249d2804,KINDRED AT HOME,275 MARTINE STREET  SUITE 104,FALL RIVER,MA,027231500,41.68393816525316,-71.1220830626733,5086720675,0.0,13
e7722de2-0e62-3dc9-a163-a7003956673b,SEASONS HOSPICE & PALLIATIVE CARE OF MASS LLC,1 EDGEWATER DRIVE  SUITE 103,NORWOOD,MA,020624669,42.16153305,-71.20162617190071,8666709449,0.0,1
62b55e5b-b58f-354d-8f2d-f2a330bc619e,UMASS MEMORIAL HEALTHALLIANCE CLINTON HOSPITAL INC,201 HIGHLAND ST,CLINTON,MA,015101037,42.42738865,-71.69329092351188,9783683000,0.0,5
9dbd44ba-59b2-3d1d-ac91-3880af8081d2,INTEGRATIVE FAMILY MEDICINE ASSOCIATES,529 MAIN ST STE B,ACTON,MA,017203965,42.4878132338563,-71.43046999422496,9786351800,0.0,33
35eba9db-902f-32e6-b302-0e5ef8fa5c68,THE NORTHEAST HEALTH GROUP  INC,66 BROAD ST,WESTFIELD,MA,010852927,42.1165587,-72.74727440058362,4135625464,0.0,2
b7866c75-5e56-36b0-b9c5-c63051677b69,PLYMOUTH BAY INTERNAL MEDICINE,45 RESNIK RD,SANDWICH,MA,02563,41.7579043,-70.4968152,5087462696,0.0,9
9656a864-3b93-356f-9fa6-d7988e249977,ENRICH WELLNESS HEALTH CENTER LLC,950 N MAIN ST STE 203,RANDOLPH,MA,023683064,42.1871612,-71.0568102,5088120706,0.0,103
bac9dc0c-cb0f-3fa6-aa12-819dd0fb922a,CAMBRIDGE PUBLIC HEALTH COMMISSION,1493 CAMBRIDGE ST,SOMERVILLE,MA,021452935,42.3875968,-71.0994968,6176651000,0.0,109
9ce6072b-d039-3cde-8eaf-950211b8ae88,MIDDLETON FAMILY MEDICINE URGENT CARE  LLC,147 S MAIN ST,MIDDLETON,MA,019492446,42.585787222720036,-71.00861442427218,9787742555,0.0,1
af8566eb-8918-3ec7-ba44-92b6a2cf8097,NORTH SHORE MEDICAL CENTER INC,81 HIGHLAND AVE,SALEM,MA,019702714,42.5112107,-70.90516241826194,9787410522,0.0,92
a036cdf2-bbc5-3ffd-987f-56e437fd8b74,WINDSOR NURSING & RETIREMENT HOME,265 N MAIN ST,SOUTH YARMOUTH,MA,026642083,41.680980000000005,-70.18292625685085,5083943514,0.0,13
69cb2157-b620-3c51-9c94-f516462d2d55,FAMILY PRACTICE GROUP PC,11 WATER ST,ARLINGTON,MA,02476,42.41642055,-71.15424293038585,7816489700,0.0,24
615416de-5217-3c11-9828-2d4bacd1d9cb,VISITING NURSE ASSOCIATION OF CAPE COD  INC.,434 ROUTE 134,HYANNIS,MA,026011854,41.6753274,-70.309939,5089577710,0.0,4
a25107f7-f4f5-36fc-98e4-f3e1b5875c91,MASS GENERAL BRIGHAM URGENT CARE LLC,1285 BEACON ST,WOBURN,MA,018012157,42.4979478,-71.1684508,6177516205,0.0,41
0e6c3ad1-24c1-34cb-bb6d-e8438fa319e2,URGENT CARE OPERATIONS PC,50 DODGE ST,SWAMPSCOTT,MA,019071300,42.4699241,-70.9171507,9789222171,0.0,1
43ee6bb5-8efa-3bfc-8ca8-1579a5267753,STEWARD GOOD SAMARITAN MEDICAL CENTER  INC.,235 N PEARL ST,BROCKTON,MA,023011794,42.09805395,-71.0609587194362,5084273000,0.0,22
05fcf001-ab24-3d7d-85f7-f64942d82738,ENCOMPASS HEALTH BRAINTREE HOSPITAL OF BRAINTREE,250 POND STREET,FRAMINGHAM,MA,017014592,42.2838619,-71.4093719,7818485353,0.0,274
7e6db51f-7c1b-3555-9e1c-6269ba6d704d,ACCLAIM HOME HEALTH CARE  INC,120 STAFFORD STREET SUITE 206,WORCESTER,MA,016031461,42.239638,-71.8443785891577,5084596937,0.0,11
83769f98-fff3-3535-8781-6ace5957136f,SOUTHSHORE HEALTH CARE CENTER,115 NORTH AVENUE,ROCKLAND,MA,023702129,42.13496385,-70.92237824494691,7818783308,0.0,5
1b26464f-ebe5-3045-b976-40f9979418c6,COMPASSUS - GREATER BOSTON,243 KING ST,NORTHAMPTON,MA,010602367,42.331161,-72.634183,7814872201,0.0,1
0e3a24c3-b772-3059-b3fd-8a4710068a82,LAKESIDE FAMILY PRACTICE,416 BROADWAY,RAYNHAM,MA,027671737,41.940680799999996,-71.07864352196617,5088285020,0.0,22
7d43f2a3-b6a3-3613-bae4-3b8b869e79e3,BETHEL HEALTH SYSTEM LLC,1485 DORCHESTER AVE STE 205,BOSTON,MA,021221301,42.3554334,-71.060511,6178885875,0.0,18
b8d40f5c-9e4d-3639-89ef-8bf375cb3184,NEW ENGLAND HOSPICE II LLC,190 OLD DERBY STREET,HINGHAM,MA,020434065,42.1807101,-70.9170852970031,7817492900,0.0,1
9adfae03-673d-365d-9052-f705098fa3e4,THE SHRINERS HOSPITAL FOR CHILDREN,51 BLOSSOM ST,BOSTON,MA,021142699,42.36305545,-71.06643399281765,1617722300,0.0,203
a130ed39-d3a2-3b2a-91fe-0c14f5e26eb2,OUR ISLAND HOME,EAST CREEK ROAD,NANTUCKET,MA,025544015,41.273999,-70.091114,5082280462,0.0,2
89171335-b9c0-3326-98d6-a837d432b9fd,WHITTIER REHABILTATION HOSPITAL,150 FLANDERS ROAD,LYNN,MA,019042915,42.466763,-70.9494939,5088712063,0.0,218
01bde980-bf89-3138-8912-7360dff33247,LE & CHANG FAMILY URGENT CARE PC,456 PARK AVE,WORCESTER,MA,016101254,42.25512735,-71.82580924803523,5086851517,0.0,17
e2a8b444-9b8f-36ff-84c4-05ee98589482,WHITLEY WELLNESS LLC,8 SHIPWAY PL # C-8,CHARLESTOWN,MA,021294301,42.3778749,-71.0619957,3254399799,0.0,173
65dac97b-bb0c-38ae-94bc-bf29ac9687ea,CRANEVILLE PLACE REHABILITATION & SKILLED  CARE CT,265 MAIN STREET,DALTON,MA,012261614,42.472932099999994,-73.17745071097283,4136843212,0.0,7
05f80ed8-6a7a-3728-8b5c-c5c995c8244a,VA Boston Healthcare System  Jamaica Plain Campus,150 South Huntington Avenue,Jamaica Plain,MA,02130,42.32809,-71.11076,617-232-9500,0.0,91
18d2c9c2-4b92-3664-9b8e-419aff3ce942,ALLIANCE HEALTH AT BRAINTREE,175 GROVE STREET,BRAINTREE,MA,021847253,42.19127375,-70.99279579751581,7818482050,0.0,11
121b0ad1-1beb-3caa-9271-3d3f726bb727,PATRIOT URGENT CARE PROFESSIONALS PC,1030 MAIN STREET,WALTHAM,MA,024517447,42.375828,-71.2527956,7818946900,0.0,10
9ba25035-53e5-344b-9b9e-94331a58d1d4,BOSTON HEALTH CARE INC,420 MAIN ST,WALPOLE,MA,020812553,42.161882199999994,-71.2388707178431,5086607949,0.0,44
4f029aea-a3f7-3429-a477-45cfe183c3f9,RIVER TERRACE REHABILITATION AND HEALTHCARE CTR,1675 NORTH MAIN STREET,LANCASTER,MA,015232405,42.4761132,-71.6873032,9783654537,0.0,3
67cade01-dcfe-37b7-8e2c-b712d9e6fbba,RUTLAND FAMILY HEALTH CENTER,694 MAIN ST,HOLDEN,MA,015201862,42.3406819,-71.8390289,5088866500,0.0,29
11a40a26-a5a3-331d-aef0-d06dd90e2b4e,CAPE COD PRIMARY CARE LLC,10 OSTERVILLE WEST BARNSTABLE RD,YARMOUTH PORT,MA,026752000,41.7020544,-70.249465,5084282620,0.0,64
b954c464-11ea-312b-a3f8-1350775bfa54,CHELSEA JEWISH HOSPICE AND PALLIATIVE CARE,123 CAPTAIN'S ROW,CHELSEA,MA,021504019,42.3917638,-71.0328284,6178890779,0.0,9
9f368e75-397f-3d77-a317-9a005512a4e2,EASTERN & WESTERN MEDICAL CENTER PC,381 PARK AVE,WORCESTER,MA,016101026,42.2583962,-71.82204240042036,5087923200,0.0,60
4d3ec6c2-f6aa-3d7b-adcc-e7107dac8530,LIFE CARE CENTER OF AUBURN,14 MASONIC CIRCLE,AUBURN,MA,015011341,42.181923125,-71.86839612499999,5088324800,0.0,5
19f958ef-57cf-33c1-b068-14b32a980813,DRACUT FAMILY HEALTHCARE,155 BROADWAY RD,DRACUT,MA,018262754,42.67578279999999,-71.29320171860073,9784580475,0.0,43
47602b5b-f4aa-3c73-aa26-2268ccf7a83c,HUNT NURSING & REHAB CENTER,90 LINDALL STREET,DANVERS,MA,019232125,42.574712149999996,-70.94359556912616,9787773740,0.0,5
6d16a8e3-3569-38ab-afac-a2f8c1125085,BROOKHAVEN AT LEXINGTON,1010 WALTHAM STREET,LEXINGTON,MA,024218052,42.4139392,-71.22929265883278,7818639660,0.0,7
91808f17-7583-32a3-aa55-23b131b327c7,SOUTH SHORE CENTER FOR WELLNESS LTD,200 CORDWAINER DR,NORWELL,MA,020611671,42.16352995,-70.8846291501739,7818788340,0.0,54
76baa51d-0d0f-359d-a07b-7b999a43d42e,PATHWAYS HEALTHCARE LLC,101 STATION DR STE 240,WESTWOOD,MA,020902336,42.20728361922244,-71.15698168263435,6174819077,0.0,55
53f086de-2fc7-3d35-92c2-aca4ed944e7f,LAWRENCE GENERAL HOSPITAL,1 GENERAL ST,LAWRENCE,MA,018412961,42.7097143,-71.15007700778098,9786834000,0.0,12
b636c344-0fda-3eea-96cf-1190f8d1d8fc,COMMUNITY HEALTH PROGRAMS INC,780 MAIN STREET,GREAT BARRINGTON,MA,012302148,42.17823835,-73.36310566431717,4135281470,0.0,56
c709c5eb-ddd7-3778-84f7-0931a4d1c718,HEBREW SENIORLIFE AFFILIATED MEDICAL GROUP INC,1200 CENTRE ST,ROSLINDALE,MA,021311000,42.29768,-71.130463,6179715766,0.0,131
c05d73d0-b348-32ce-9fe5-13a720950f37,URGENT HELP CHELMSFORD PC,45 DRUM HILL RD,CHELMSFORD,MA,018241503,42.6255635,-71.3615131,9784467515,0.0,26
ac0fde88-b0ad-3388-a4a8-b8fc2a4f4af2,NEW ENGLAND SINAI HOSPITAL,150 YORK STREET,STOUGHTON,MA,020729105,42.144646800000004,-71.09875876961266,7813644850,0.0,110
e2d88cfd-5294-39cb-8580-4661141bfaa1,193 PLEASANT STREET OPERATOR LLC,195 PLEASANT ST,ATTLEBORO,MA,027032419,41.9502721,-71.27325564751882,5082224950,0.0,1
0592d4e5-a0fb-3143-83cd-8e5a6b066a96,SOUTH SHORE PRIMARY AND URGENT CARE LLC,20 EAST ST,HANOVER,MA,023391638,42.1278249,-70.82664947485381,7815610460,0.0,25
7b5bf0fc-c5c0-3f22-980b-fdfff326a9b4,WOONSOCKET URGENT CARE PC,40 CUMBERLAND AVE,NORTH ATTLEBORO,MA,027604445,41.9316677,-71.35407469790115,7812550500,0.0,2
ba07b31b-bf14-39b8-be95-4c5ca5062daa,SPAULDING HOSPITAL FOR CONTINUING MED CARE-CAMB,1575 CAMBRIDGE ST,CAMBRIDGE,MA,021384308,42.375209549999994,-71.10711344152975,6178764344,0.0,234
064ba8c8-f6f7-3582-8f41-c963ceedfee4,BROCKTON VISITING NURSE ASSOCIATION,500 BELMONT STREET,BROCKTON,MA,023014985,42.07465845,-71.03975419622803,5088945256,0.0,1
6aae7a31-90df-3455-ad8d-81f8cf2d21e8,BROCKTON HOSPITAL  INC.,680 CENTRE ST,BROCKTON,MA,023023308,42.0872752,-70.9910738855076,5089417000,0.0,239
