Id,NAME,ADDRESS,CITY,STATE,ZIP,LAT,LON,PHONE,REVENUE,UTILIZATION
74ab949d-17ac-3309-83a0-13b4405c66aa,Fitchburg Outpatient Clinic,881 Main Street,Fitchburg,MA,01420,42.586487,-71.80521,978-342-9781 Or 978-342-9781,0.0,86
faffaf6a-ee1a-3673-b0b0-421a9c249244,ACTIVATED BY WELLNESS LLC,66 WASHINGTON ST,STOUGHTON,MA,020722571,42.14415820061801,-71.10378319512402,6178719807,0.0,30
17a4bae5-8b64-34d7-8144-b428be027bd0,NURSE ON CALL,512 MAIN STREET  SUITE 211,SHREWSBURY,MA,015456406,42.295109499999995,-71.71808471110307,5088451232,0.0,7
03d0392a-7361-32b3-81c9-8c8ac985be00,AMERICAN CHINESE MEDICAL CENTER PC,280 WASHINGTON ST STE 204,BROOKLINE,MA,024451922,42.33302785,-71.1193506756953,6177837333,0.0,39
42d4b607-f14d-370a-818e-40965685776c,TRINITY FAMILY MEDICINE,3 WASHINGTON ST STE 220,NORTH EASTON,MA,023561034,42.0667665,-71.1036592,5082300155,0.0,45
ab701a70-a658-340e-8f69-ee196a7d40c6,CAREWELL URGENT CARE CENTERS OF MA  PC,484 RTE 134,WORCESTER,MA,016071728,42.2625621,-71.8018877,5086947901,0.0,33
fa564970-fde4-332c-91d9-c0747b032d3e,RIVERBEND OF SOUTH NATICK,34 SOUTH LINCOLN STREET,NATICK,MA,017606049,42.2731232,-71.3105334275248,5086538330,0.0,6
4bf8af75-4da2-331d-b94e-9975a887face,NANTUCKET COTTAGE HOSPITAL,57 PROSPECT ST,NANTUCKET,MA,025542799,41.27514065,-70.10108985970798,5088258100,0.0,73
b4359169-6bc8-3e93-9e0c-19c6bf518e58,HDH CORPORATION,126 MONUMENT ST,HAVERHILL,MA,018322527,42.78715445,-71.10946686154523,9783731747,0.0,2
667b46fe-0afa-3f70-a311-bbe3d52db050,URGENT CARE CENTERS OF CENTRAL MASSACHUSETTS LLC,757 BOSTON POST RD,WORCESTER,MA,016071728,42.231371,-72.165386,6173024194,0.0,67
fe675917-7b09-3afd-a6e6-128cc4de4734,INTERNATIONAL HEALTH SOLUTIONS,319A ALLSTON STREET,BRIGHTON,MA,021357652,42.345093,-71.139804,9786891907,0.0,2
8e3ca57f-6f74-3d61-9803-ab1424290216,ACADEMY MANOR,89 MORTON STREET,ANDOVER,MA,018102036,42.6551409,-71.12857340697036,9784750944,0.0,5
5fcff9db-16e4-3e56-aa78-abbc16338097,THE LOWELL GENERAL HOSPITAL,295 VARNUM AVE,WESTFORD,MA,018863513,42.5792583,-71.4378411,9789376000,0.0,63
84abfbd5-41c1-3df4-9b31-7ca93cb2309a,SKIN WELLNESS PHYSICIANS LLC,85 HERRICK ST,BEVERLY,MA,019151790,42.56415055,-70.8751357650672,9785247933,0.0,60
1ddd51d1-7297-3c3b-bad5-98aecd5e4a79,BAYADA HOME HEALTH CARE  INC,127 CAMBRIDGE STREET  SUTIE #2B,BURLINGTON,MA,018033735,42.50188325,-71.19559351572005,6174721333,0.0,3
02c936e2-3aee-38b2-88a4-81f3689b7bb7,BENJAMIN HEALTHCARE CENTER,120 FISHER AVENUE,BOSTON,MA,021203320,42.3276141,-71.1051603,6177381500,0.0,19
5f7663da-4b19-3629-b8f2-fb07d75421d9,ESSEX COUNTY PRIMARY CARE,42 ASBURY ST,SOUTH HAMILTON,MA,019821808,42.61322825,-70.87300675048934,9782338120,0.0,28
9fd71acd-3535-353d-975f-ed7dbf5f9961,CORNERSTONE FAMILY MEDICINE  INC.,250 GREEN ST,GARDNER,MA,01440,42.586896550000006,-71.98672640006858,9786690199,0.0,29
365eae93-6352-3d48-9a8d-dc9fa4b917be,WACHUSETT REHABILITATION AND NURSING CENTER LLC,32 HOSPITAL HILL RD,GARDNER,MA,014402302,42.572366450000004,-71.97690789055164,9786325477,0.0,1
2b84e56e-08b4-3078-b3ea-4d159208e065,HORIZONS HEALTH & WELLNESS LLC,1029 PLEASANT ST,BRIDGEWATER,MA,023242301,41.9718173,-71.00937893001648,7815859522,0.0,52
7b9a19b2-d900-3f93-a47b-4b88491fb57b,BANE BAY PATH LLC,308 KINGSTOWN WAY,DUXBURY,MA,023324647,42.030389650000004,-70.73959947632582,7815855561,0.0,1
4ffa4412-1493-3beb-b8f0-6614dde953a4,SOUTHCOAST HOSPITAL GROUP  INC,363 HIGHLAND AVENUE,WAREHAM,MA,025715011,41.745636,-70.658192,5086793131,0.0,22
a14e698d-a9ba-3eae-9c8b-682ec726433d,LYNN URGENT CARE LLC,776 WESTERN AVE,LYNN,MA,019052408,42.466763,-70.9494939,6178939901,0.0,189
c3a898a1-c269-39b4-80d7-accb96a03bbc,BEAR MT EAST LONGMEADOW LLC,32 CHESTNUT ST,EAST LONGMEADOW,MA,010282803,42.0532618,-72.50214900582449,4135251893,0.0,1
5ba6765a-f335-36b0-9c6a-6bb494c5330d,URGENT CARE MEDICAL ASSOCIATES  LLC,31 OLD ROUTE 7,WESTWOOD,MA,020902333,42.2139873,-71.2244987,2038850808,0.0,1
b6eeaaf7-1683-3bcb-b6ee-81ce304636ef,MELROSEWAKEFIELD HEALTHCARE  INC,170 GOVERNORS AVE,MELROSE,MA,021763225,42.4564323,-71.064182,7819793050,0.0,96
12dc66ee-e2c7-3d5a-892e-157ff1d47f32,HENRY HEYWOOD MEMORIAL HOSPITAL,242 GREEN ST,WINCHENDON,MA,014751820,42.68061,-72.060691,9786323420,0.0,26
d613e441-68e8-3502-8adb-3f770a1276bf,PALMER FAMILY SERVICES LLC,114 WATER ST,MILFORD,MA,017573007,42.13661855,-71.53474614336832,5084782008,0.0,50
ea153d0a-9ccc-3769-9a25-934b417071b7,NEW ENGLAND FAMILY HEALTH LLC,463 WORCESTER RD,FRAMINGHAM,MA,017015354,42.3095704,-71.4413097,5082150015,0.0,42
d3085315-9893-34c7-8889-3a31dc17c2b0,WALPOLE MEDICAL CENTER  PC,1428 MAIN ST STE 7,WALPOLE,MA,020811729,42.1325911,-71.2618886,5086686600,0.0,46
ace1ac31-036a-38fd-b451-b3b87157c717,BOSTON HEALTH CARE FOR THE HOMELESS PROGRAM INC,170 MORTON ST,BOSTON,MA,021303735,42.299067750000006,-71.10124351911541,6179830351,0.0,30
469171e3-f6ec-3258-8e16-7038f6a439c0,COUNTRYSIDE HEALTH CARE OF MILFORD,COUNTRYSIDE DRIVE,MILFORD,MA,017571252,42.1413353,-71.5192019,5084730435,0.0,2
18061fd5-fda8-3e2d-87f0-0f3c87211bcc,CAMBRIDGE PUBLIC HEALTH COMMISSION,1493 CAMBRIDGE ST,SOMERVILLE,MA,021431408,42.3875968,-71.0994968,6176651000,0.0,34
76281d34-caff-30e0-8545-bcdf33182109,CLIFTON REHABILITATION NURSING CENTER,500 WILBUR AVENUE,SOMERSET,MA,027252051,41.72075205,-71.16843052114558,5086757589,0.0,16
7e97f720-f99d-3402-98a4-a144aaa5bd01,COMMUNITY HEALTH CENTER OF CAPE COD  INC.,210 JONES RD,FALMOUTH,MA,025402974,41.5614958,-70.6117407224321,5084777090,0.0,27
b3ada130-6443-3a8e-98c7-4ec127a2b0c4,LIFE CARE CENTER OF ACTON,ONE GREAT ROAD,ACTON,MA,017205601,42.4850931,-71.43284,9782639101,0.0,21
545dcda5-7471-374e-9251-b4b685197d3c,COMMUNITY HEALTH CONNECTIONS  INC,175 CONNORS STREET,GARDNER,MA,014402637,42.5730593,-71.99713285,9784106100,0.0,62
45ce6eff-535b-37e2-bed3-1946200aa03f,WORCESTER RECOVERY CENTER AND HOSPITAL,309 BELMONT STREET,WORCESTER,MA,016041059,42.280233499999994,-71.7694812367883,5087524681,0.0,54
1e11392b-1278-3e70-93cd-f396cbd0c265,VHS ACQUISITION SUBSIDIARY NUMBER 9  INC.,115 LINCOLN ST,NATICK,MA,017607700,42.2843753,-71.3441395,5086507000,0.0,473
fe30f2b4-9bc8-346e-afba-4455d1766545,KATZMAN FAMILY CENTER FOR LIVING,17 LAFAYETTE AVENUE,CHELSEA,MA,021502010,42.40019115,-71.03050082480353,6178846766,0.0,9
00fde0ed-5951-3b9f-8413-0f25f85a8d4f,NAUSET FAMILY PRACTICE LLC,81 OLD COLONY WAY STE D,ORLEANS,MA,026533278,41.78403385,-70.00060868097228,5082401141,0.0,39
6cf8a214-8d57-3267-85e5-7719e15cd63e,LEMUEL SHATTUCK HOSPITAL,170 MORTON STREET,JAMAICA PLAIN,MA,021303735,42.299067750000006,-71.10124351911541,6175228110,0.0,337
4bc0cc09-77e5-37f5-844d-64a6637cae54,WESTERN MASSACHUSETTS HOSPITAL,91 EAST MOUNTAIN ROAD,WESTFIELD,MA,010851801,42.110743549999995,-72.70066160206358,4135624131,0.0,30
0cc04ba5-137a-3ef8-acda-e79b25960b2a,WILLIAMSTOWN COMMONS NURSING & REHAB,25 ADAMS ROAD,WILLIAMSTOWN,MA,012672928,42.7009605,-73.18515951851253,4134582111,0.0,8
21fa25b9-6842-3a3c-bef2-2eb383ad525e,CONSTELLATION HOSPICE MA LLC,180 LOW ST,NEWBURYPORT,MA,019503519,42.815683050000004,-70.89666045994463,9789043059,0.0,1
4b7c1695-a178-3e03-8651-51acfd3b8372,DOCTORS JAMES AND KELLY HOYE PARTNERS IN FAMILY CARE,600 OLD SOMERSET AVE,NORTH DIGHTON,MA,027641824,41.86399,-71.1244904,5088247557,0.0,50
5c2e4b0c-fb84-3f95-bbec-a96c18600bf5,HERITAGE HALL WEST,61 COOPER ST,AGAWAM,MA,010012149,42.0804485,-72.61914987322373,4137868000,0.0,9
a3327df4-d092-350b-b551-e60c82076c9a,WEST BROOKFIELD FAMILY PRACTICE,46 NORTH MAIN ST,W BROOKFIELD,MA,015853232,42.23754835,-72.13791547215251,5088678977,0.0,76
aade280a-3b90-3e48-9648-91109a964a63,AP MEDICAL LLC,909 SUMNER ST,DARTMOUTH,MA,027473826,41.6332267,-70.9879928,5089715190,0.0,11
981338c4-287c-3621-bc45-8b0b9f1b8922,DR. HE'S PRIMARY CARE FOR ADULTS INC,640 BOLTON ST,MARLBOROUGH,MA,017523999,42.3658183,-71.55914630258509,5084810200,0.0,28
e59fb2d5-508c-38c6-af2e-21d8216dd2b0,BAYSTATE MEDICAL CENTER,759 CHESTNUT ST,WARE,MA,010821625,42.256476,-72.237482,4137940000,0.0,8
ecadbc11-930c-3903-b706-f8ef4bc9089e,PRIMARY CARE ASSOCIATES LLC,780 CHESTNUT ST,SPRINGFIELD,MA,011031109,42.1211633,-72.60614164702717,4137872800,0.0,91
980d9bfa-a344-3bff-8c02-232dd0e8fd34,EDEN HOME HEALTH CARE LLC,100 TRADE CENTER SUITE G-700,WOBURN,MA,018011851,42.4792618,-71.1522766,7812025401,0.0,75
440fa4b8-c731-3cf5-81d9-aa3f30a37b95,LAHEY HOSPITAL & MEDICAL CENTER  BURLINGTON,41 & 45 MALL ROAD,PEABODY,MA,019602901,42.5278731,-70.9286609,7817445100,0.0,78
a1434ca1-a1ac-3884-abc7-fc4c35cc8b68,LIBERTY COMMONS,390 ORLEANS ROAD,NORTH CHATHAM,MA,026501154,41.700306363636365,-69.96549390909091,5089454611,0.0,4
0fab3c4e-a028-39a6-b15a-be5a88b6aa2a,ENCOMPASS HEALTH REHAB HOSPITAL OF WESTERN MASS,222 STATE STREET,LUDLOW,MA,010563437,42.15547415,-72.47222226666076,4135897581,0.0,10
b0016371-afcb-37a6-8f90-5e3786e7806f,JEWISH HEALTHCARE CENTER INC,629 SALISBURY ST,WORCESTER,MA,016091120,42.2932691,-71.8390048,5087988653,0.0,1
aaa7ebaf-b1a0-38c1-ba89-a16712cf431c,BRIDGEWATER NURSING HOME,16 PLEASANT STREET,BRIDGEWATER,MA,023242420,41.98625885,-70.97978204646246,5086974616,0.0,31
ce53c877-0290-390a-b4b4-2462001a1713,CIRCLE HOME,847 ROGERS STREET  SUITE 201,LOWELL,MA,018524345,42.6275246,-71.27673639687623,9784599343,0.0,10
36705572-6b8a-337d-9d01-be1087ce4650,INTERNAL MEDICINE AND PREVENTIVE CARE PC,233 WINTHROP ST,TAUNTON,MA,027804428,41.89112605,-71.11254102062864,5088800070,0.0,50
34f0b10a-5e29-31de-a75e-e0bb03c0c0d4,WESTON PRIMARY CARE  PC,56 COLPITTS RD,WESTON,MA,024931568,42.36610065,-71.3036759,7818910906,0.0,85
b20a0fe1-53b3-33fc-8acb-bc9a2df64e57,NASHOBA NURSING SERVICE,3 PATTERSON ROAD  SUITE 3,SHIRLEY,MA,014642907,42.552462649999995,-71.62383665745185,9784256675,0.0,8
00ffb204-07b4-3c72-a678-fa252e6cf86c,BEDFORD-LEXINGTON INTERNAL MEDICINE  PC,450 BEDFORD ST,LEXINGTON,MA,02420,42.47370735,-71.25090005,7812746274,0.0,27
b8421363-9807-3b16-a146-95336eea5cfb,COOLEY DICKINSON HOSPITAL INC,30 LOCUST ST,NORTHAMPTON,MA,010602052,42.33032115,-72.65330802608176,4135822000,0.0,95
3076e02a-deac-3e81-96a9-1d32cbda6fca,GARDNER REHABILITATION AND NURSING CENTER,59 EASTWOOD CIRCLE,GARDNER,MA,014403901,42.567006649999996,-71.97817904424542,9786328776,0.0,20
e6cc6043-299a-3581-8f6b-b3b5d62c46ae,CARING HEALTH CENTER  INC,532 SUMNER AVE,SPRINGFIELD,MA,011082458,42.08631583333334,-72.55792579166666,4137391100,0.0,30
b9e35b8a-9831-32d8-a6dc-d7a546c126b0,VIBRA HOSPITAL OF WESTERN MASS - CENTRAL CAMPUS,111 HUNTOON MEMORIAL HIGHWAY  1ST FLOOR,SPRINGFIELD,MA,011092550,42.1018764,-72.5886727,4137876700,0.0,217
70d5bbef-3c05-3318-b9d7-003dc8fbb8cf,MARIAN MANOR  INC.,33 SUMMER ST,TAUNTON,MA,027803479,41.9005416,-71.08895606814966,5088224885,0.0,1
22249c0a-8ce9-3726-a3bb-b037c773ce5c,BOSTONIAN NURSING CARE & REHABILITATION CTR  THE,337 NEPONSET AVENUE,DORCHESTER,MA,021223103,42.2875144,-71.0470691675753,6172652350,0.0,6
b1965e0b-9ef4-3e96-bad6-cb88ea7e7324,MARTHA'S VINEYARD HOSPITAL INC,1 HOSPITAL RD,OAK BLUFFS,MA,025571406,41.46063105,-70.57989080295974,5086930410,0.0,152
38508743-50d1-3429-8fe2-37e42ddaf20e,BAYSTATE FRANKLIN MEDICAL CENTER,164 HIGH ST,GREENFIELD,MA,013012778,42.595268700000005,-72.59288632376354,4137730211,0.0,195
328f813e-4de8-3ec2-a113-43f3ddfb0b2a,DILIGENCEHEALTHCARE,30-40 WESTPARK STREET,BROCKTON,MA,023015241,42.0834335,-71.0183787,8574539843,0.0,61
8d110f42-6f75-3751-b0c5-b45ab08333a1,MORTON HOSPITAL,88 WASHINGTON ST,TAUNTON,MA,027802465,41.9062805,-71.09518121351795,5088287000,0.0,49
15d4c950-4691-3996-b4c4-bf06bfb58ff7,HOLY FAMILY HOSPITAL,70 EAST ST,METHUEN,MA,018445883,42.7285558,-71.16833738237946,9786870151,0.0,56
5018c664-e283-30eb-932a-529d9a19b3b5,FIRST PSYCHIATRIC PLANNERS  INC,300 SOUTH ST,WOBURN,MA,018014979,42.473347,-71.144086,6174690300,0.0,48
2e8b42f8-4300-30a9-a576-d513d1021a0a,GREATER LOWELL FAMILY PRACTICE PC,600 CLARK RD,TEWKSBURY,MA,018761699,42.63120935,-71.27023603178071,9784538446,0.0,109
1cff30ba-b91f-3ea2-b80b-770d67856358,ROYAL NURSING CENTER  LLC,359 JONES RD,FALMOUTH,MA,025403341,41.5591273,-70.60352436630029,7743450220,0.0,1
d4e48a16-0a60-3e90-81e5-c35b22ffe6af,GREEN MOUNTAIN URGENT CARE LLC,856 STATE RD,NORTH ADAMS,MA,012473027,42.69967208677275,-73.16330754755236,6035264635,0.0,1
4ff8b164-4cf5-3ab4-b0f2-7ce8fda920e5,CARDIOVASCULAR CENTER AT TUFTS MEDICAL CENTER INC,800 WASHINGTON ST,WORCESTER,MA,016550002,42.180483,-71.867782,6176365000,0.0,36
bccd7d67-203c-3d93-b6b0-bff5a146cd1d,CARECENTRAL URGENT CARE MEDICAL GROUP PC,286 WASHINGTON ST,STOUGHTON,MA,020721763,42.1384306,-71.1022598,7813412800,0.0,18
63cb4d95-04a9-3a35-b5d9-f89e0377a48d,STURDY MEMORIAL HOSPITAL INC,211 PARK ST,ATTLEBORO,MA,027033143,41.9419187,-71.2752081695297,5082368110,0.0,211
45e64170-207e-3786-b970-76fca7a5691b,50 INDIAN NECK ROAD OPERATOR LLC,50 INDIAN NECK RD,WAREHAM,MA,025712174,41.7539753,-70.69890130810117,(508) 295-6264,0.0,3
263d1b03-1560-3fc3-b93d-c33a0cbd5837,HOSPICE SERVICES OF MASSACHUSETTS,10 RIVERSIDE DRIVE  STE 201,LAKEVILLE,MA,023471689,41.8771119,-70.92344635,5082910049,0.0,2
a2a41caf-758f-3962-8e5f-e6e603f93d17,VIBRA HOSPITAL OF WESTERN MASSACHUSETTS LLC,111 HUNTOON MEMORIAL HWY,ROCHDALE,MA,015421305,42.2020225,-71.89891616754682,5088926000,0.0,16
ca62a361-9c79-32d1-92cc-ffc0d5d19679,IDEAL HEALTHCARE SOLUTIONS LLC,19 HENRY ST,SHARON,MA,020671714,42.109147300000004,-71.20768205338297,7817840141,0.0,65
db28cc9a-fdfb-35a6-aef7-ab9b933ef244,CAMBRIDGE REHABILITATION & NURSING CENTER,8 DANA STREET,CAMBRIDGE,MA,021385402,42.3694992,-71.11011030010101,6178644267,0.0,6
19a65317-5d32-355e-8f82-88933d48366d,LAKEVILLE FAMILY MEDICINE PC,5 PRECINCT ST,LAKEVILLE,MA,023471468,41.8455651,-70.95195924208448,5089476666,0.0,76
844a8cb2-4164-35b2-88b8-dffa2889a738,CENTER FOR EXTENDED CARE AT AMHERST,150 UNIVERSITY DRIVE,AMHERST,MA,010022232,42.368937,-72.53247107203978,4132568185,0.0,5
9d0e702d-50a0-3f4c-9126-0951d560fd4b,NEW ENGLAND REHABILITATION SERVICES OF CENTRAL MASSACHUSETTS INC,189 MAY ST,WORCESTER,MA,016024339,42.25986305,-71.83597786023279,5087916351,0.0,47
ea8d287f-b3a9-3800-8798-788e334ee406,NORTH SHORE MEDICAL CENTER INC,81 HIGHLAND AVE,SWAMPSCOTT,MA,019072928,42.4699241,-70.9171507,9783542065,0.0,2
c7542447-e06e-32cb-b6db-243c23a0dbc2,FRANCISCAN HOSPITAL FOR CHILDREN INC,30 WARREN ST,BOSTON,MA,021353602,42.3501483,-71.14393324457691,6172543800,0.0,24
aba3e6f6-4562-342e-b90f-dd61b117f394,MEDICAL EXPRESS URGENT CARE CENTER CO INC,438 CHESTNUT STREET,SPRINGFIELD,MA,011072008,42.11291091861002,-72.59692685125127,4137811100,0.0,9
47fb5a56-bee5-3ecd-9958-706b20831c82,BETH ISRAEL LAHEY HEALTH AT HOME,600 CUMMINGS CENTER  SUITE 270X,WOBURN,MA,018016356,42.4792618,-71.1522766,9789212615,0.0,7
ca8a919a-05f9-3687-bfb6-42800a70031e,LIFE LINE COMMUNITY HEALTHCARE,6111 OAK TREE BLVD STE 301,FRAMINGHAM,MA,017014613,42.3095704,-71.4413097,2165816556,0.0,10
eee00932-ca82-36bc-b7e8-e3fff6dbaeaa,DANA FARBER CANCER INSTITUTE,450 BROOKLINE AVE,WEYMOUTH,MA,021893141,42.2212188,-70.9391625,6176323000,0.0,27
a06b1a97-d6ce-3ea1-ba4a-2ef85a8114ab,APPLE VALLEY CENTER,400 GROTON ROAD,AYER,MA,014321171,42.57821195,-71.5733060441645,9787721704,0.0,13
6873525f-1680-3ceb-b536-270d44b46e2e,UPHAMS CORNER HEALTH COMMITTEE INC,500 COLUMBIA RD,DORCHESTER,MA,021252322,42.3147979,-71.067633,6172878000,0.0,29
6c7fe370-02c4-3537-8f5e-373b2168b933,HEALTH ALLIANCE HOME HEALTH AND HOSPICE,60 HOSPITAL ROAD,LEOMINSTER,MA,014533791,42.54031915,-71.76312990486304,9783426013,0.0,3
f99f149d-87f2-3900-b433-d2d87144e34e,WNR INC,1 HOSPITAL RD,OAK BLUFFS,MA,025572747,41.46063105,-70.57989080295974,5086930410,0.0,3
3ff0f58b-7a1f-3334-9449-ff15f68b7d86,BETH ISRAEL DEACONESS HOSPITAL PLYMOUTH INC,275 SANDWICH ST,PLYMOUTH,MA,023607761,41.94186605,-70.6455366462985,5087462000,0.0,1
dd280187-8662-3732-af81-595d10572911,4499 ACUSHNET AVENUE OPERATING COMPANY  LLC,4499 ACUSHNET AVE,NEW BEDFORD,MA,027454707,41.74026055,-70.9450945705336,5089956900,0.0,181
a6964d47-8af0-3df2-b99d-d8414eb1cfa3,ARBOUR-FULLER HOSPITAL,200 MAY ST,SOUTH ATTLEBORO,MA,027035520,41.924394750000005,-71.36076410900014,5087618500,0.0,11
a7b047dd-186a-32de-8187-b0853c05aed6,COUNTRY CENTER FOR HEALTH & REHABILITATION,180 LOW STREET,NEWBURYPORT,MA,019503519,42.815683050000004,-70.89666045994463,9784655361,0.0,15
dac75bc1-cbfa-306b-9a0a-88d5edf3638d,BRIGHTON HOUSE REHABILITATION & NURSING CENTER,170 COREY ROAD,BRIGHTON,MA,021358244,42.3433093,-71.14003855124017,6177310515,0.0,2
679a8e99-0f35-3eec-94ed-d8341e9fe33c,POPE NURSING HOME,140 WEBB STREET,WEYMOUTH,MA,021882736,42.22281125,-70.96226691624932,7813354352,0.0,5
87472bc2-7c23-37cc-8355-7f3e88614b6b,EAST LONGMEADOW SKILLED NURSING CENTER,305 MAPLE STREET,EAST LONGMEADOW,MA,010282765,42.059258494749486,-72.53388585052694,4135256361,0.0,6
af3871c3-2098-3051-bcb7-8a919e194a16,HEALTHCARE SOUTH PC,97 LIBBEY PKWY,WEYMOUTH,MA,021893110,42.19322885,-70.94589987654936,7818032786,0.0,28
a2cc09de-c1e2-3126-8c09-d49f95225281,CHILDREN'S HOSPITAL CORPORATION,300 LONGWOOD AVE,WALTHAM,MA,024532741,42.3756401,-71.2358004,6173554831,0.0,12
ab16be57-62ea-39a5-8f7a-ee1285cf6934,THE MCLEAN HOSPITAL CORPORATION,115 MILL ST,PETERSHAM,MA,013669503,42.4865962,-72.1893057,6178553316,0.0,139
f341c366-8313-3790-ab26-d8d27b116ff5,WAYSIDE YOUTH & FAMILY SUPPORT NETWORK,80 LINCOLN STREET,WALTHAM,MA,024535465,42.39322121170625,-71.24104146434591,5086200010,0.0,29
1de1aeee-4088-391b-af7a-95d7cfaeaf32,NANTUCKET COTTAGE HOSPITAL,57 PROSPECT ST,NANTUCKET,MA,025542799,41.27514065,-70.10108985970798,5088258100,0.0,149
4ffc4e4b-9d8d-3c30-ad84-fc9a7209da94,OAKS  THE,4525 ACUSHNET AVENUE,NEW BEDFORD,MA,027454727,41.74080975,-70.94731021257817,5089987807,0.0,3
389323ef-b127-3a06-a22d-e24aef033e5d,GREATER BOSTON INTERNAL MEDICINE PC,200 PROVIDENCE HWY,DEDHAM,MA,020261881,42.22214545274341,-71.18159060546684,7813261464,0.0,28
bebc1dac-6c42-3225-b0ba-23278cdf2a62,MEMORY SUPPORT OF HERITAGE HALL,464 MAIN STREET,AGAWAM,MA,010011826,42.07695165,-72.62026217030348,4137868000,0.0,2
82248deb-13cc-31b2-8764-0233e159a93a,COMMUNITY HEALTH PROGRAMS INC,19 DEPOT STREET,ADAMS,MA,012201856,42.623644600000006,-73.11852130252683,4137431080,0.0,39
ce4d0501-49eb-396a-bc56-545fdfc624b0,MARTHA'S VINEYARD HOSPITAL INC,1 HOSPITAL RD,OAK BLUFFS,MA,025571406,41.46063105,-70.57989080295974,5086930410,0.0,121
06cc2462-430f-3322-9c87-7e971125f510,EMERSON HOSPITAL,133 OLD ROAD TO 9 ACRE COR,WESTFORD,MA,018863198,42.5792583,-71.4378411,9782873226,0.0,105
ee7fab6f-6438-394f-b1f2-3e452f8f055a,BLUEBERRY HILL REHABILITATION AND HEALTHCARE CTR,75 BRIMBAL AVENUE,BEVERLY,MA,019156009,42.570099299999995,-70.87108224250409,9789272020,0.0,12
79508e39-d0b0-3613-9d54-168f6e1c3a18,NASHOBA VALLEY MEDICAL CENTER,200 GROTON ROAD,GROTON,MA,014502056,42.577352149999996,-71.57414587343038,9787849000,0.0,253
1ce0d1a3-b507-3ad1-afc5-b25bfe48b8dc,STOUGHTON PUBLIC HEALTH ASSOCIATION,10 PEARL STREET,STOUGHTON,MA,020722364,42.125716800000006,-71.1025481568314,7813447011,0.0,6
352f2e3b-0708-3eb4-9f7e-e73a685bf379,MARLBOROUGH HOSPITAL CORP,157 UNION ST,SOUTHBOROUGH,MA,017721215,42.3056501,-71.5245087,5084815000,0.0,47
a2d45ee8-b930-3169-b612-f602961ad212,SUNRISE HEALTHCARE LLC,37 MINUTEMAN WAY,SHREWSBURY,MA,015452229,42.288207,-71.73443816915585,6176509959,0.0,37
0fa1cab9-83c1-3c85-b7bc-53d8b922e2f7,METROWEST MEDICAL CENTER,115 LINCOLN STREET,WORCESTER,MA,016081216,42.2768165,-71.795274,5083831000,0.0,214
4887dc20-9ef6-3cc2-9c56-858388049a50,ELIOT CENTER FOR HEALTH & REHABILITATION,168 WEST CENTRAL STREET,NATICK,MA,017604122,42.282113100000004,-71.37898579435048,5086551000,0.0,8
4fa643ae-1f58-3c2e-9f33-0ba56345ad10,COMPASSIONATE HEALTH CARE GROUP LLC,361 MAIN ST,WAREHAM,MA,025712153,41.761384899999996,-70.71911431737183,7746787319,0.0,49
e98ef46c-e94c-34bc-9cf5-134d8ddcbac5,COMMUNITY VISITING NURSE AGENCY  INC.,10 EMORY ST,ATTLEBORO,MA,027033002,41.9447388,-71.27972821642685,5082220118,0.0,1
d0894f6b-78d7-338d-82ad-b63de4d40014,MOUNT AUBURN HOSPITAL,330 MOUNT AUBURN STREET,WALTHAM,MA,02452,42.3756401,-71.2358004,6174923500,0.0,6
3d5fbf38-c781-3e04-8c7e-5a402611b7d4,DAVIS SQUARE FAMILY PRACTICE,260 ELM ST,SOMERVILLE,MA,021442951,42.3955992,-71.1227391,6176669577,0.0,88
d6b03647-983f-3162-af9e-b12aea026f13,HOLISTIC FAMILY PRACTICE  INC.,65 NEWBURYPORT TPKE,NEWBURY,MA,019501199,42.7891081,-70.87774011339009,9784659770,0.0,55
f43f97f2-af04-3ed0-a42e-3681718cc9b2,BERKSHIRE MEDICAL CENTER INC,725 NORTH ST,PITTSFIELD,MA,012014109,42.4600752,-73.2492795834909,4134472000,0.0,55
19439108-9835-38fe-8ee2-1226a355cfba,NEWTON WELLESLEY CENTER FOR ALZHEIMER'S CARE,694 WORCESTER RD,WELLESLEY,MA,024822837,42.2964859,-71.2925571,7812376400,0.0,17
b5789b71-fc8e-3b7e-9eb2-3fc577943117,ATHOL MEMORIAL HOSPITAL INCORPORATED,81 RESERVOIR DRIVE,ATHOL,MA,013314901,42.581152349999996,-72.18775715069674,9782485135,0.0,39
edd58f69-ad5f-346b-b1f9-530ccdc895f6,RISE ABOVE WELLNESS HEALTH SERVICES LLC,52 CARPENTER ST,ATTLEBORO,MA,027032472,41.9369576,-71.27996091755344,8572473180,0.0,70
94ac48ba-e215-3ab9-ba88-a0b926d29cef,MEDFORD REHABILITATION AND NURSING CENTER,300 WINTHROP STREET,MEDFORD,MA,021552311,42.421527,-71.11834,7813964400,0.0,6
0334ad53-5d57-384e-a411-63b075139c06,SACHEM CENTER FOR HEALTH & REHABILITATION,66 CENTRAL STREET,EAST BRIDGEWATER,MA,023331913,42.03160525,-70.9572577506426,5083787227,0.0,3
b3f4de6b-901d-3856-ba81-35dc48a63d17,BLUEPRINT HEALTHCARE LLC,451 ANDOVER ST STE 205,NORTH ANDOVER,MA,018455079,42.6734518,-71.1268776,9789832435,0.0,46
a2047ff6-62f2-34d7-beb9-7e164d989c75,RECUPERATIVE SERVICES UNIT-HEBREW REHAB CENTER,1200 CENTRE STREET,ROSLINDALE,MA,021311011,42.29768,-71.130463,6173258000,0.0,4
936ceb96-2b12-371f-aa68-ee02a9c06f4c,PRIMARY CARE NORTH PC,225 BOSTON ST,LYNN,MA,019043124,42.470497449999996,-70.96003668151566,7815959581,0.0,158
5d0d1d11-dd8a-3d28-b029-93062b6798a5,BEAUMONT AT UNIVERSITY CAMPUS,378 PLANTATION STREET,WORCESTER,MA,016052324,42.27966095,-71.7626143755108,5087557300,0.0,4
686dbc4c-72c6-37b9-a8a8-46839da327a2,GVNA HEALTHCARE INC,34 PEARLY LN,GREENFIELD,MA,01301,42.6097476,-72.5979752,9786321230,0.0,1
a855314b-4fb5-37fc-8015-5caa96c928b1,BAYSTATE MEDICAL CENTER INC.,759 CHESTNUT ST,SPRINGFIELD,MA,011991001,42.121522049999996,-72.60300615153007,4137940000,0.0,50
48a6d3ab-50ef-349e-8945-2558a78f378e,SAINT ANNE'S HOSPITAL,795 MIDDLE ST,SWANSEA,MA,027774114,41.730919,-71.208117,5086745600,0.0,174
0a8a4b11-d0b8-3cd2-92cd-983de5189cfa,LIFE CARE CENTER OF THE NORTH SHORE,111 BIRCH STREET,LYNN,MA,019021574,42.47859105,-70.93458444045801,7815929667,0.0,1
cabc0f0d-dcca-34a2-bc6b-519ed1cc7f74,ACHIEVE WELLNESS  LLC,191 MERRIMACK ST STE 712,HAVERHILL,MA,018306199,42.7742236,-71.08181133783422,9788914928,0.0,62
7b7ce654-a413-37d1-9d34-97240c0ac580,WOONSOCKET URGENT CARE PC,1 WRENTHAM ST,BELLINGHAM,MA,020192532,42.025037350000005,-71.48945118224057,5083184466,0.0,7
7b20d1c4-c56b-3647-801c-5e4e13679073,BETH ISRAEL DEACONESS HOSPITAL PLYMOUTH INC,275 SANDWICH ST,PLYMOUTH,MA,023602183,41.94186605,-70.6455366462985,5087462000,0.0,151
df852cb2-9fe0-3c90-87ac-46e5f980ee3b,HOSPICE OF NASHOBA NURSING SERVICE,3 PATTERSON ROAD  SUITE 3,SHIRLEY,MA,014642907,42.552462649999995,-71.62383665745185,9784256675,0.0,15
2399f9b0-28d7-3355-ae52-474326a3b021,FAMILY HEALTH CENTER OF WORCESTER  INC.,23 N ASHLAND ST,WORCESTER,MA,016093041,42.26901755,-71.80739730766234,5087542860,0.0,57
3e97ce4f-3ad7-3cea-883f-e2bb4ca89d83,HALLMARK HEALTH URGENT CARE PHYSICIANS LLC,30 NEW CROSSING RD,READING,MA,018673270,42.51809619399502,-71.0959083715027,7812801699,0.0,7
46daa26f-fda5-38a9-9c45-fda430d28fa6,FIDELIS HOSPICE,25 RAILROAD SQUARE  SUITE 501,HAVERHILL,MA,018325721,42.7736752,-71.08561759491305,9789127842,0.0,9
4f59f709-8b84-3d27-a04b-c6b7b5544413,HILLTOWN COMMUNITY HEALTH CENTERS INC,70 BOLTWOOD WALK,AMHERST,MA,010022271,42.3768779,-72.51840280783739,4132385511,0.0,28
6d6ef57e-b2ce-3a69-bacf-4305c51834b0,VISITING NURSE AT HIGHLAND INC,186 HIGHLAND AVE,SOMERVILLE,MA,021431507,42.38845955,-71.10666839512322,6177764420,0.0,1
cc400ddc-c38d-3604-8d89-cea21555719f,NEEDHAM FAMILY PRACTICE ASSOC. P.C.,87 CHESTNUT ST,NATICK,MA,017603644,42.293559188306446,-71.35158050924959,7814445515,0.0,39
51370692-6296-3150-8672-559fc73f964f,BRIGHAM & WOMENS HOSPITAL INC,75 FRANCIS ST,WEST BRIDGEWATER,MA,023791542,42.0219112,-71.019004,6177325500,0.0,845
b5b380d2-df21-3389-abf0-08551c7e1f2d,DEVENS TREATMENT & RECOVERY CENTER LLC,85 PATTON RD,DEVENS,MA,014344401,42.5304204,-71.61505519305638,9786155200,0.0,120
b3312a2d-37e9-35a8-b50d-6c165c437baa,DIMOCK COMMUNITY HEALTH CENTER  INC,45 DIMOCK ST,ROXBURY,MA,021191029,42.32030665,-71.09721114916246,6174428800,0.0,81
2836d9ac-c6a6-39d1-8f13-fdf0fc8928f4,TEWKSBURY HOSPITAL,365 EAST ST,TEWKSBURY,MA,018761950,42.6069472,-71.2180803,9788517321,0.0,288
a2f8d8fe-665e-390f-8b9b-efdc0b14a77c,LOWELL COMMUNITY HEALTH CENTER,161 JACKSON ST,LOWELL,MA,018522103,42.6425382,-71.3093946,9783228590,0.0,10
7c625dc4-2593-31eb-95fd-6a912832b8bb,BAYADA HOME HEALTH CARE  INC,980 WASHINGTON STREET  SUITE 124,DEDHAM,MA,020266704,42.228918,-71.18501264023513,6179692600,0.0,6
e2eab39c-5195-34aa-b35f-e89e37cfed01,SOUTH SHORE HOSPITAL INC.,55 FOGG ROAD,WEYMOUTH,MA,021893141,42.175539799999996,-70.9539153674405,7813408000,0.0,534
a977feef-f585-3fa8-8deb-7e60fc2cab30,HORIZON HOME CARE  LLC,2314 MAIN STREET,TEWKSBURY,MA,018763128,42.58023655,-71.19367180835906,9788517775,0.0,1
1de7e7d9-9a7a-3a3f-bf4c-b4de450711f2,CIRCLE HEALTH URGENT CARE LLC,198 LITTLETON RD,WESTFORD,MA,018863429,42.564282,-71.42620615382347,9783230302,0.0,13
4705a8fd-19cd-32c1-8b3e-34bcfe84d0bd,WELLNESS ON WHEELS PC,55 N WASHINGTON ST,NORTH ATTLEBORO,MA,027601607,41.983529,-71.332241,5083164141,0.0,36
497f39dd-280e-3d58-af5b-c5e3a3a09b10,CAPE COD HOSPITAL INC,27 PARK ST,HYANNIS,MA,026015230,41.65363635,-70.27352219234834,5087711800,0.0,987
f2a6c4f7-f5b2-361a-95c4-3d635b352a46,LIFE CARE CENTER OF RAYNHAM,546 SOUTH STREET EAST,RAYNHAM,MA,027671079,41.8984957,-71.03751432894776,5088215700,0.0,14
eaaf102d-0188-3a69-a751-030645e2a7b0,TREMONT HEALTH CARE CENTER,605 MAIN STREET,WAREHAM,MA,025711031,41.76766153042966,-70.73096212925822,5082951040,0.0,7
accb8cdd-6560-3fef-b0a6-f12c3295026a,LIFE CARE CENTER OF ATTLEBORO,969 PARK STREET,ATTLEBORO,MA,027035115,41.9266899,-71.2611303145582,5082224182,0.0,20
390a2aa4-70b4-3a64-a12f-9bd777834c8d,OUTER CAPE HEALTH SERVICES INC,710 MAIN STREET,HARWICH PORT,MA,026461931,41.669654699920855,-70.06169919459835,5084321400,0.0,97
18a96051-91f4-3cba-af96-056ea14dfee0,ANNA JAQUES HOSPITAL SUBACUTE UNIT,25 HIGHLAND AVENUE,NEWBURYPORT,MA,019503872,42.81369325,-70.89091645747592,9784631056,0.0,499
ec509895-6196-36d1-b91e-272bed7e6196,CHARLES RIVER COMMUNITY HEALTH  INC,40 ARMINGTON ST,ALLSTON,MA,021342406,42.3521617,-71.1375176,6177830500,0.0,48
1bed5229-19d7-3168-94a2-f1f2abb00270,MORTON HOSPITAL  A STEWARD FAMILY HOSPITAL  INC.,88 WASHINGTON ST,TAUNTON,MA,027802465,41.9062805,-71.09518121351795,5088287881,0.0,155
41e2a44c-477c-3511-96f9-12c476aa3b6a,DR SOLOMON CARTER FULLER MENTAL HEALTH CENTER,85 E NEWTON ST,BOSTON,MA,021183553,42.336277100000004,-71.07085295687423,6176268860,0.0,35
f00601d0-d49e-30ed-bc3e-314379f2103e,MELROSE FAMILY OPTICIANS LLC,490 MAIN ST,MELROSE,MA,021763841,42.4550741,-71.0654799,7816650897,0.0,37
9d41e4fc-9507-3ddb-82ad-966046fca031,ODD FELLOWS HOME OF MASSACHUSETTS,104 RANDOLPH ROAD,WORCESTER,MA,016062465,42.29955605000001,-71.79838133819244,5088536687,0.0,5
5b0cd0a0-f277-3a66-bee6-d64b5be4a3f5,BERKSHIRE MEDICAL CENTER INC - 1,725 NORTH ST,PITTSFIELD,MA,012015493,42.4600752,-73.2492795834909,4134472000,0.0,54
363631be-d437-3548-98c2-d10b909c1721,SEA VIEW CONVALESCENT AND NURSING HOME,50 MANSION DRIVE,ROWLEY,MA,019691026,42.73718535100735,-70.88053187301136,9789482552,0.0,4
c0e23859-5a95-3aa0-8c3b-0143df64f507,ROYAL WAYLAND NURSING HOME LLC,188 COMMONWEALTH RD,WAYLAND,MA,017785027,42.318727100000004,-71.36211489369597,5086538500,0.0,3
c1986c0c-f756-3596-8f90-08adacf220fe,CHESTNUT WOODS REHABILITATION AND HEALTHCARE CTR,73 CHESTNUT STREET,SAUGUS,MA,019061605,42.4573919,-70.9918055,7812338123,0.0,35
81bf8321-f3b9-329d-8c7d-e50fc1141351,RELIEF HOME HEALTH SERVICES INC,35 WINTER ST STE 301,HYANNIS,MA,026013893,41.6528525,-70.28654323707113,6174453900,0.0,5
ad2dab07-4f85-3950-baaa-7c7cd2aa770c,UNIVERSITY OF MA MED CTR-ESRD,55 LAKE AVENUE NORTH,WORCESTER,MA,016550002,42.2774799,-71.76166994969458,5088560011,0.0,27
1d45436f-15a9-326e-a452-2e9ffc9fc5e5,FAMILY MEDICINE ASSOCIATES,75 SPRINGFIELD RD,WESTFIELD,MA,010851832,42.111428849999996,-72.71189899299209,4135625173,0.0,72
a69c3469-9552-3474-9928-20350c16191b,64 PERFORMANCE DRIVE OPERATING COMPANY  LLC,64 PERFORMANCE DR.,WEYMOUTH,MA,021893104,42.196492899999996,-70.94257445685295,7813409800,0.0,2
1853aeef-5897-326a-80d6-aa4b0459eb6d,BARRINGTON URGENT CARE PC,381 WICKENDEN ST,ATTLEBORO,MA,027032247,41.9438129,-71.2806515,4014337550,0.0,44
f3030ee3-dfa5-3595-b684-9769e52a580a,OVERLOOK HOSPICE SERVICES,88 MASONIC HOME ROAD  DAVENPORT BLDG  2ND FL,WEST SPRINGFIELD,MA,010891357,42.105237,-72.6213712,5087651515,0.0,3
22fa6d28-92b6-3446-a388-f5aba50debaf,CHELSEA JEWISH VISITING NURSE AGENCY,123 CAPTAIN'S ROW,CHELSEA,MA,021504019,42.3917638,-71.0328284,6178870826,0.0,4
2ca615f3-87f7-3283-a447-d919a883b676,HANOVER FAMILY HEALTH & URGENT CARE PC,1399 WASHINGTON ST,HANOVER,MA,023391653,42.1441354,-70.8440854,7818290895,0.0,1
7f32dd7d-5c35-3ddb-839b-8fbbb930d412,ST PATRICK'S MANOR,863 CENTRAL STREET,FRAMINGHAM,MA,017014813,42.30758060362541,-71.42846215724606,5088798000,0.0,6
51d38e67-9350-39b8-bbb3-91cc879ae415,HIGHLANDS  THE,335 NICHOLS ROAD,FITCHBURG,MA,014201932,42.598254850000004,-71.80841914533654,9783434411,0.0,2
80646050-1c76-3046-bbc8-fd5f0b7c34e6,COMMUNITY HEALTH CONNECTIONS  INC,140 ARNHOW FARM ROAD,FITCHBURG,MA,014201369,42.5903661,-71.8119837,9788788100,0.0,40
1b3fe590-8793-3f08-865d-01fc425a84d4,FENWAY COMMUNITY HEALTH CENTER  INC,1340 BOYLSTON ST,BOSTON,MA,022154302,42.34392675,-71.09888049065322,6179274880,0.0,43
3f12ebb4-e03c-3453-88d2-4fc9682383df,NEW BEDFORD INTERNAL MEDICINE & GERIATRICS  LLC,726 COUNTY ST,NORTH DARTMOUTH,MA,027473603,41.6389926,-70.9703171,5089845671,0.0,28
a9fc7aa5-d3b3-314d-9cf7-af29051d3dd9,MANET COMMUNITY HEALTH CENTER  INC AT HOUGHS NECK,1193 SEA STREET,TAUNTON,MA,027803960,41.8946107,-71.11113,6174718683,0.0,12
9fdce5d5-d4d0-3156-a8d5-8757bfe4e9b3,ONE CALL HEALTHCARE PLLC,1 FARMER CIR,ARLINGTON,MA,024742866,42.42405225,-71.16792616556859,6178660789,0.0,51
b014aec7-7bd8-351f-8808-3e280cbc5be6,STEWARD HOLY FAMILY HOSPITAL INC,70 EAST ST,HAVERHILL,MA,018306700,42.7777829,-71.0767724,9786870151,0.0,451
b3b56527-d366-3353-bca9-266a12f23051,LYDIA TAFT HOUSE,60 QUAKER HIGHWAY,UXBRIDGE,MA,015691628,42.06100105,-71.62352848737622,5082789500,0.0,3
125eccb3-d003-34ea-9bd8-360dff059782,NEW ENGLAND BAPTIST HOSPITAL,125 PARKER HILL AVENUE,DEDHAM,MA,020266146,42.2489143,-71.1755732,6177545800,0.0,88
b242f971-3c74-3778-b148-81366c1e6a3f,WALDEN BEHAVIORAL CARE LLC,10 CAREMATRIX DR,DEDHAM,MA,020266149,42.2270762,-71.17237295563174,7816476700,0.0,10
e8d0fea4-45cb-32d3-8798-0fe6156c4409,265 ESSEX STREET OPERATING COMPANY  LLC,265 ESSEX STREET,BEVERLY,MA,019151958,42.56513015,-70.86168781456092,9789273260,0.0,2
6929d249-cc27-33aa-a871-b6f26059615d,MARTHA'S VINEYARD HOSPITAL INC,ONE HOSPITAL ROAD  FIRST FL  WING 5   PO BOX 1477,OAK BLUFFS,MA,025571406,41.4538523,-70.5684713,5086930410,0.0,136
aad05540-c9cb-3805-b3c4-f9b9d9b42b2e,RIVER'S EDGE PRIMARY CARE LLC,821 E MAIN ST STE 3,CHICOPEE,MA,010206306,42.155774795300516,-72.55672263289513,4136956774,0.0,28
19a3afba-b409-3650-a0ab-f3faf6e391ef,ASSOCIATED PHYSICIANS OF HARVARD MEDICAL FACULTY PHYSICIANS AT BETH IS,199 REEDSDALE RD,WALTHAM,MA,024511433,42.3756401,-71.2358004,6176964600,0.0,17
76b7dbb5-0a02-32a4-9a01-3511f7e45016,CARDIGAN NURSING & REHABILITATION CENTER,59 COUNTRY WAY,SCITUATE,MA,020663746,42.1806871,-70.74862935148246,7815459477,0.0,15
d9b71ccf-6649-3555-9e99-44eac0af257f,SERENITY HILL NURSING CENTER,655 DEDHAM ST,WRENTHAM,MA,020931135,42.084901,-71.30689224201797,5083843400,0.0,19
6ff4bb75-c014-3f73-a574-620cf1538d85,MERCY FAMILY PRACTICE PC,250 GREEN ST,GARDNER,MA,01440,42.586896550000006,-71.98672640006858,9786326445,0.0,59
e68de1a0-767e-3466-b9a6-43948ee073d3,GOOD SHEPHERD COMMUNITY CARE,160 WELLS AVENUE,NEWTON,MA,024593302,42.29337605,-71.19806353028767,6179696130,0.0,1
2fb77691-5353-358a-bc94-90af77dd654b,NASHOBA VALLEY MEDICAL CENTER  A STEWARD FAMILY HOSPITAL INC,200 GROTON RD,AYER,MA,014321168,42.577352149999996,-71.57414587343038,9787849000,0.0,129
1cec4304-9757-3a10-ad4f-7e2090c56131,UMASS MEMORIAL MEDICAL CENTER INC,55 LAKE AVE N,WORCESTER,MA,016550002,42.2774799,-71.76166994969458,5083340254,0.0,154
ec7e487e-7e78-3eac-a9ee-37f8de98a0f9,COLONY CENTER FOR HEALTH & REHABILITATION,277 WASHINGTON STREET,ABINGTON,MA,023512489,42.10060947239023,-70.94967338146704,7818710200,0.0,14
ad482681-b4c4-3fce-ac59-78c83d31b0ba,BEAR MT FRANKLIN LLC,130 CHESTNUT ST,FRANKLIN,MA,020383903,42.08345955,-71.38413379825735,5085284600,0.0,2
a8f1424c-00bc-3403-8db5-cd600978f3a4,CONNECTICUT RIVER INTERNISTS. LLP,8 BURNHAM ST,TURNERS FALLS,MA,013761816,42.6042523,-72.5564777,4137745554,0.0,75
a5577e5c-b886-37a0-8eee-8ff6feb7ea6b,MOUNT AUBURN HOSPITAL,330 MOUNT AUBURN ST,CAMBRIDGE,MA,021385502,42.3741033,-71.13417575971958,6174923500,0.0,30
20df65a4-7567-3066-b680-0f71b0c31d38,HENRY HEYWOOD MEMORIAL HOSPITAL,242 GREEN ST,GARDNER,MA,014401336,42.58685735,-71.98748072431209,9786323420,0.0,156
5581e43d-0463-3a0b-afc7-a60aea5ac96c,GREATER LAWRENCE FAMILY HEALTH CENTER INC,57 RIVER RD,ANDOVER,MA,018101144,42.69112645,-71.19636086287642,9786868521,0.0,39
7dcab1ad-0e13-3700-9eb0-70767c5e2b55,URGENT CARE PHYSICIANS PC,1515 ALLEN ST,SPRINGFIELD,MA,011181803,42.095299499999996,-72.50943136142334,4137839114,0.0,2
c630c98b-cbfb-3260-a984-4bbf511de98d,SHERRILL HOUSE  INC,135 S HUNTINGTON AVE,BOSTON,MA,021304885,42.328899,-71.110855,6177312400,0.0,1
b574fc4f-313c-38a4-9baf-7e12e431a499,SAVARD & MOSKOS EYE HEALTH CARE  LLC,511 W GROVE ST,MIDDLEBORO,MA,023461479,41.90036455,-70.9535889372234,5089477321,0.0,68
9dbd44ba-59b2-3d1d-ac91-3880af8081d2,INTEGRATIVE FAMILY MEDICINE ASSOCIATES,529 MAIN ST STE B,ACTON,MA,017203965,42.4878132338563,-71.43046999422496,9786351800,0.0,105
af45b6a5-7289-300a-8e98-afa85eefd92e,DEPENDABLE HEALTHCARE SERVICES INC.,270 BROADWAY UNIT 1,SAUGUS,MA,019064510,42.4648183,-71.010051,7812860303,0.0,24
2bde75a8-708f-3930-8d57-100ab365d413,WELLESLEY FAMILY CARE ASSOCIATES  PC,173 WORCESTER ST,WELLESLEY,MA,024815521,42.2964859,-71.2925571,7812357900,0.0,36
9656a864-3b93-356f-9fa6-d7988e249977,ENRICH WELLNESS HEALTH CENTER LLC,950 N MAIN ST STE 203,RANDOLPH,MA,023683064,42.1871612,-71.0568102,5088120706,0.0,23
845fbd9b-2d1c-39a8-8261-28ae40e4fab2,MILFORD REGIONAL MEDICAL CENTER,14 PROSPECT STREET,UPTON,MA,015681431,42.1700209025178,-71.59409308099494,5084731190,0.0,19
bac9dc0c-cb0f-3fa6-aa12-819dd0fb922a,CAMBRIDGE PUBLIC HEALTH COMMISSION,1493 CAMBRIDGE ST,SOMERVILLE,MA,021452935,42.3875968,-71.0994968,6176651000,0.0,6
9ce6072b-d039-3cde-8eaf-950211b8ae88,MIDDLETON FAMILY MEDICINE URGENT CARE  LLC,147 S MAIN ST,MIDDLETON,MA,019492446,42.585787222720036,-71.00861442427218,9787742555,0.0,40
af8566eb-8918-3ec7-ba44-92b6a2cf8097,NORTH SHORE MEDICAL CENTER INC,81 HIGHLAND AVE,SALEM,MA,019702714,42.5112107,-70.90516241826194,9787410522,0.0,92
d1d4d104-68cb-356b-9086-888de7d2826f,Framingham Outpatient Clinic,61 Lincoln Street  Suite 112,Framingham,MA,01702,42.28348,-71.41845,800-865-3384,0.0,39
ecd3b321-0a8a-3ce6-81f0-982dd77fce43,ANNA JAQUES HOSPITAL SUBACUTE UNIT,25 HIGHLAND AVE,NEWBURYPORT,MA,019503867,42.81369325,-70.89091645747592,9784631000,0.0,8
eb2596c3-8814-3add-8516-474214bf5c62,WATERVIEW LODGE LLC,250 W UNION ST,ASHLAND,MA,017211420,42.24214015,-71.48110671819278,5088796420,0.0,3
058176fd-cbb0-328b-8411-c19f5045032d,EXCEL CENTER FOR NURSING AND REHAB AT LEXINGTON,840 EMERSON GARDENS ROAD,LEXINGTON,MA,02420,42.43761961817366,-71.19888753880475,7818618630,0.0,4
9a20d707-68e4-32c0-b2b2-2f5d5c2012cd,CLARITY HEALTH & WELLNESS LLC,131 CAMBRIDGE ST STE 1,BURLINGTON,MA,018033711,42.50284395,-71.19574553661971,7812652572,0.0,32
071a898d-3535-39fd-bf61-d33301aacd04,TRANQUIL MIND & WELLNESS,104 CHARLES ELDRIDGE RD,LAKEVILLE,MA,023471370,41.8459353,-70.9494854,5089471683,0.0,44
41f66e18-8eb7-32f2-9371-7df5bf2b8d21,AMBULATORY EMPLOYEE INDUSTRIAL OCCUPATIONAL AND URGENT HEALTHCARE,170 UNIVERSITY DRIVE,GREENFIELD,MA,013011238,42.6097476,-72.5979752,4133874556,0.0,3
a25107f7-f4f5-36fc-98e4-f3e1b5875c91,MASS GENERAL BRIGHAM URGENT CARE LLC,1285 BEACON ST,WOBURN,MA,018012157,42.4979478,-71.1684508,6177516205,0.0,4
0e6c3ad1-24c1-34cb-bb6d-e8438fa319e2,URGENT CARE OPERATIONS PC,50 DODGE ST,SWAMPSCOTT,MA,019071300,42.4699241,-70.9171507,9789222171,0.0,2
bdd9ad72-443a-3563-a626-4c45f6d058b2,COMFORT HOME CARE  LLC,147 PELHAM STREET,WORCESTER,MA,016072105,42.265209,-71.814005,9786854700,0.0,73
7e6db51f-7c1b-3555-9e1c-6269ba6d704d,ACCLAIM HOME HEALTH CARE  INC,120 STAFFORD STREET SUITE 206,WORCESTER,MA,016031461,42.239638,-71.8443785891577,5084596937,0.0,3
a537b406-fdfa-36b4-84da-12512e7e6c63,STEWARD ST. ANNES HOSPITAL CORPORATION,795 MIDDLE ST,STOUGHTON,MA,020721829,42.1252079,-71.1022015,5086745600,0.0,202
e5d50afe-8c7d-35f5-96f5-fb8941403b0f,VMD PRIMARY PROVIDERS MASSACHUSETTS PLLC,125 S CLARK ST STE 900,FALL RIVER,MA,02722,41.74223,-71.129706,3124657900,0.0,88
9adfae03-673d-365d-9052-f705098fa3e4,THE SHRINERS HOSPITAL FOR CHILDREN,51 BLOSSOM ST,BOSTON,MA,021142699,42.36305545,-71.06643399281765,1617722300,0.0,32
46912be1-43b9-3c0c-9fbd-3d123f2eacc6,BLUPOINT HEALTHCARE LLC,821 DANIEL SHAYS HWY,ATHOL,MA,013316903,42.572540548950265,-72.2674105528448,9782493717,0.0,3
a130ed39-d3a2-3b2a-91fe-0c14f5e26eb2,OUR ISLAND HOME,EAST CREEK ROAD,NANTUCKET,MA,025544015,41.273999,-70.091114,5082280462,0.0,14
89171335-b9c0-3326-98d6-a837d432b9fd,WHITTIER REHABILTATION HOSPITAL,150 FLANDERS ROAD,LYNN,MA,019042915,42.466763,-70.9494939,5088712063,0.0,705
01bde980-bf89-3138-8912-7360dff33247,LE & CHANG FAMILY URGENT CARE PC,456 PARK AVE,WORCESTER,MA,016101254,42.25512735,-71.82580924803523,5086851517,0.0,13
1484fc69-2eb0-3bba-8656-d5ead4973895,INTEGRATED FAMILY WELLNESS PC,260 MERRIMAC ST,NEWBURYPORT,MA,019502192,42.817380099999994,-70.88125573659471,9784999355,0.0,70
217cb6f6-e822-3831-9d9d-ffa104971042,ENCOMPASS HEALTH REHABILITATION HOSP OF NEW ENGLAN,2 REHABILITATION WAY,WOBURN,MA,018016003,42.46352265,-71.161925472006,7819355050,0.0,109
4e56c7ec-99e5-3023-8e4f-95ad18a03f06,UNITED MEDICAL CARE LLC,28 RIVERSIDE DR STE 101,PEMBROKE,MA,023594947,42.11004715,-70.77534154695786,5089715500,0.0,83
e2a8b444-9b8f-36ff-84c4-05ee98589482,WHITLEY WELLNESS LLC,8 SHIPWAY PL # C-8,CHARLESTOWN,MA,021294301,42.3778749,-71.0619957,3254399799,0.0,22
9f061925-3642-3352-815e-8c3b2fcfbfaa,ORCHARD COVE  INC.,1 DEL POND DR,CANTON,MA,020212759,42.172339,-71.112632,7818210820,0.0,1
e0cc7e8e-e1a4-3a02-b589-0a35741d39fe,SUNSHINE WELLNESS INC,990 PARADISE RD,SWAMPSCOTT,MA,019071831,42.48374535000001,-70.90120467000462,6179353609,0.0,6
121b0ad1-1beb-3caa-9271-3d3f726bb727,PATRIOT URGENT CARE PROFESSIONALS PC,1030 MAIN STREET,WALTHAM,MA,024517447,42.375828,-71.2527956,7818946900,0.0,40
e1892a2c-6dca-3c4c-93b7-0e00a9eb8b61,PRIMARY & PREVENTIVE CARE  INC.,20 EAST ST,HANOVER,MA,023391638,42.1278249,-70.82664947485381,7818263146,0.0,34
67cade01-dcfe-37b7-8e2c-b712d9e6fbba,RUTLAND FAMILY HEALTH CENTER,694 MAIN ST,HOLDEN,MA,015201862,42.3406819,-71.8390289,5088866500,0.0,50
95f6c328-96dd-3fb8-a56e-9aad566094b4,EXCEL HOME CARE SERVICES INC,4 STONY HILL ROAD,WILBRAHAM,MA,010951027,42.1552861,-72.48384800788648,4135832005,0.0,1
19f958ef-57cf-33c1-b068-14b32a980813,DRACUT FAMILY HEALTHCARE,155 BROADWAY RD,DRACUT,MA,018262754,42.67578279999999,-71.29320171860073,9784580475,0.0,59
6d16a8e3-3569-38ab-afac-a2f8c1125085,BROOKHAVEN AT LEXINGTON,1010 WALTHAM STREET,LEXINGTON,MA,024218052,42.4139392,-71.22929265883278,7818639660,0.0,5
91808f17-7583-32a3-aa55-23b131b327c7,SOUTH SHORE CENTER FOR WELLNESS LTD,200 CORDWAINER DR,NORWELL,MA,020611671,42.16352995,-70.8846291501739,7818788340,0.0,18
76baa51d-0d0f-359d-a07b-7b999a43d42e,PATHWAYS HEALTHCARE LLC,101 STATION DR STE 240,WESTWOOD,MA,020902336,42.20728361922244,-71.15698168263435,6174819077,0.0,32
53f086de-2fc7-3d35-92c2-aca4ed944e7f,LAWRENCE GENERAL HOSPITAL,1 GENERAL ST,LAWRENCE,MA,018412961,42.7097143,-71.15007700778098,9786834000,0.0,27
20f63278-6709-3195-b767-782d2a10bd5c,NEVILLE CENTER AT FRESH POND FOR NURSING & REHAB,640 CONCORD AVENUE,CAMBRIDGE,MA,021381116,42.389222000000004,-71.14799280677965,6174970600,0.0,3
5c9dea98-c535-36fe-8a7b-778b991a7b2c,Springfield Vet Center,95 Ashley Avenue  Suite A,West Springfield,MA,01089,42.139397,-72.62382,413-737-5167 Or 413-737-5167,0.0,11
c05d73d0-b348-32ce-9fe5-13a720950f37,URGENT HELP CHELMSFORD PC,45 DRUM HILL RD,CHELMSFORD,MA,018241503,42.6255635,-71.3615131,9784467515,0.0,14
ac0fde88-b0ad-3388-a4a8-b8fc2a4f4af2,NEW ENGLAND SINAI HOSPITAL,150 YORK STREET,STOUGHTON,MA,020729105,42.144646800000004,-71.09875876961266,7813644850,0.0,14
d70d47dc-b40c-3a04-8342-35cbfe716409,SENIOR HEALTHCARE ASSOCIATES INC,83 LITTLEFIELD RD,NEWTON,MA,024593010,42.3104327,-71.18883283411856,7816421859,0.0,6
de3cc142-803a-3ed4-8945-75ec88a84784,ALLIANCE HEALTH AT BALDWINVILLE,51 HOSPITAL ROAD,BALDWINVILLE,MA,014361215,42.6108483,-72.0608364,9789392196,0.0,12
0592d4e5-a0fb-3143-83cd-8e5a6b066a96,SOUTH SHORE PRIMARY AND URGENT CARE LLC,20 EAST ST,HANOVER,MA,023391638,42.1278249,-70.82664947485381,7815610460,0.0,97
6b9c5830-a278-38ff-887f-ccefd74cf8e8,SOUTHEAST HEALTH CARE CENTER,184 LINCOLN STREET,NORTH EASTON,MA,023561799,42.06665855,-71.11947646404934,5082387053,0.0,16
ba07b31b-bf14-39b8-be95-4c5ca5062daa,SPAULDING HOSPITAL FOR CONTINUING MED CARE-CAMB,1575 CAMBRIDGE ST,CAMBRIDGE,MA,021384308,42.375209549999994,-71.10711344152975,6178764344,0.0,50
6aae7a31-90df-3455-ad8d-81f8cf2d21e8,BROCKTON HOSPITAL  INC.,680 CENTRE ST,BROCKTON,MA,023023308,42.0872752,-70.9910738855076,5089417000,0.0,146
