Id,NAME,ADDRESS,CITY,STATE,ZIP,LAT,LON,PHONE,REVENUE,UTILIZATION
74ab949d-17ac-3309-83a0-13b4405c66aa,Fitchburg Outpatient Clinic,881 Main Street,Fitchburg,MA,01420,42.586487,-71.80521,978-342-9781 Or 978-342-9781,0.0,231
17a4bae5-8b64-34d7-8144-b428be027bd0,NURSE ON CALL,512 MAIN STREET  SUITE 211,SHREWSBURY,MA,015456406,42.295109499999995,-71.71808471110307,5088451232,0.0,3
4112b8b1-59df-3255-a7ca-f42ee0a4cb2e,CAPE HERITAGE REHABILITATION & HEALTH CARE CENTER,37 ROUTE 6A,SANDWICH,MA,025631801,41.766329400000004,-70.5147600346998,5088888222,0.0,13
e09d4c49-c2ef-3b0f-9a46-3719d9219306,UMASS MEMORIAL HEALTHALLIANCE CLINTON HOSPITAL INC,60 HOSPITAL RD,LEOMINSTER,MA,014533290,42.54031915,-71.76312990486304,9784662000,0.0,349
ef5390b4-cba5-3d83-96db-af783a7adb43,MERRIMACK VALLEY HOSPICE INC,360 MERRIMACK ST,MALDEN,MA,021482329,42.4250964,-71.066163,9785524000,0.0,1
aa682136-a4df-3942-9f50-e6fcee6c0b73,SOUTHWOOD AT NORWELL NURSING CTR,501 CORDWAINER DRIVE,NORWELL,MA,020611630,42.1647071,-70.88149077838713,7819827450,0.0,14
5becf220-2978-3f33-bd38-9326947f85de,JEFFREY & SUSAN BRUDNICK CENTER FOR LIVING,240 LYNNFIELD STREET,PEABODY,MA,019605055,42.5141736,-70.97106354209534,7815985310,0.0,1
ae88fd02-4911-3625-9e97-85b626ed3b0b,FAIRHAVEN HEALTHCARE CENTER INC.,476 VARNUM AVE,LOWELL,MA,018542122,42.6443795,-71.34721987550876,9784583388,0.0,1
a58ec72a-cf43-3de5-88c1-de2fbec976a5,EASTPOINTE REHAB CENTER LLC,255 CENTRAL AVE,CHELSEA,MA,021503508,42.38804035,-71.02650270378646,6178845700,0.0,1
ab701a70-a658-340e-8f69-ee196a7d40c6,CAREWELL URGENT CARE CENTERS OF MA  PC,484 RTE 134,WORCESTER,MA,016071728,42.2625621,-71.8018877,5086947901,0.0,24
41e77ca4-b0d7-3c1d-ac88-4ae5a705913d,CLAFLIN HILL CORPORATION,20 CLAFLIN STREET,MILFORD,MA,017573356,42.137601149999995,-71.51680334935877,5084731272,0.0,2
11ba6a26-59b4-3728-a268-6dc9929962b4,COURTYARD NURSING CARE CENTER,200 GOVERNORS AVENUE,MEDFORD,MA,021551644,42.42711615,-71.1121606632448,7813915400,0.0,10
f736c0f5-6d39-3e26-8ac1-39e1fc60dfbe,COMMUNITY HEALTH PROGRAMS INC,11 QUARRY HILL ROAD,LEE,MA,012389645,42.2816564,-73.25307843923315,4132430536,0.0,46
52ecddd8-42f6-35cc-88a5-cf474c02fb49,LIFE CARE CENTER OF PLYMOUTH,94 OBERY STREET,PLYMOUTH,MA,023602130,41.93725,-70.65503160208334,5087479800,0.0,2
75f0d4cd-dbbb-3037-b6ad-2e99665728c7,HIGUCHI MEDICAL CARE  PLLC,70 FULTON ST,BOSTON,MA,021091402,42.362439499999994,-71.05377386223965,6178435001,0.0,32
39104cad-5228-3e07-9b3e-3ad736b33d5d,GREATER BOSTON WELLNESS PRIMARY CARE PC,200 PROVIDENCE HWY,DEDHAM,MA,020261881,42.22214545274341,-71.18159060546684,7814610660,0.0,67
4846e68f-845b-38e6-aa40-48196bf9ff0e,CHARLENE MANOR NURSING  LLC,130 COLRAIN RD,GREENFIELD,MA,013019625,42.59140995,-72.62336230812821,4137743724,0.0,1
667b46fe-0afa-3f70-a311-bbe3d52db050,URGENT CARE CENTERS OF CENTRAL MASSACHUSETTS LLC,757 BOSTON POST RD,WORCESTER,MA,016071728,42.231371,-72.165386,6173024194,0.0,28
0ff7cb48-0c93-31cf-9442-0b034084d588,MERCURY OPERATOR LLC,2 BEAUMONT AVE,BROCKTON,MA,023023302,42.0835203,-70.98856021035954,5085888550,0.0,1
8e3ca57f-6f74-3d61-9803-ab1424290216,ACADEMY MANOR,89 MORTON STREET,ANDOVER,MA,018102036,42.6551409,-71.12857340697036,9784750944,0.0,1
5fcff9db-16e4-3e56-aa78-abbc16338097,THE LOWELL GENERAL HOSPITAL,295 VARNUM AVE,WESTFORD,MA,018863513,42.5792583,-71.4378411,9789376000,0.0,1
40c01d75-1542-3e0b-8e5f-78d3031beba1,PIONEER MEDICAL CENTER,505 PARADISE RD,SALEM,MA,019704267,42.485927,-70.900301,9787459449,0.0,88
c272e12f-e154-3fee-b05d-b7c0cab2657d,STEWARD NORWOOD HOSPITAL INC,800 WASHINGTON ST,NORWOOD,MA,020623487,42.1886973,-71.2005241,7817692950,0.0,23
0ddb0329-b59d-3187-874c-602c649249c8,BAYSTATE NOBLE HOSPITAL CORPORATION,115 W SILVER ST,WESTFIELD,MA,010853678,42.1178811,-72.75935246865802,4135682811,0.0,45
02c936e2-3aee-38b2-88a4-81f3689b7bb7,BENJAMIN HEALTHCARE CENTER,120 FISHER AVENUE,BOSTON,MA,021203320,42.3276141,-71.1051603,6177381500,0.0,3
609ec9f1-e806-3427-b912-9e3b2915521d,HOLYOKE VISITING NURSE ASSOC,575 BEECH STREET,HOLYOKE,MA,010406604,42.20105435,-72.628169560868,4135345691,0.0,3
5fa5e611-be3d-3ebb-8f71-124325f6005f,LEAP INTO WELLNESS LLC,480 ROUTE 6A,EAST SANDWICH,MA,025371438,41.742172,-70.45251,5082748222,0.0,53
e93b27a8-6507-3595-84a5-f899ce23a72d,HOLY FAMILY MEDICAL SPECIALTY PRACTICE PLLC,70 EAST STREET,NORTH ANDOVER,MA,018456144,42.6839894,-71.1127065,9786872273,0.0,48
2b84e56e-08b4-3078-b3ea-4d159208e065,HORIZONS HEALTH & WELLNESS LLC,1029 PLEASANT ST,BRIDGEWATER,MA,023242301,41.9718173,-71.00937893001648,7815859522,0.0,30
05137a62-1a8f-34ff-8baf-a0c35c238ea0,BAYADA HOME HEALTH CARE   INC,750  ATTUCKS LANE,HYANNIS,MA,026011950,41.676027500000004,-70.29727035,5087788800,0.0,3
4ffa4412-1493-3beb-b8f0-6614dde953a4,SOUTHCOAST HOSPITAL GROUP  INC,363 HIGHLAND AVENUE,WAREHAM,MA,025715011,41.745636,-70.658192,5086793131,0.0,193
ede4a423-6258-3ef5-b5ba-0fa6bb579563,COMMUNITY HEALTH CONNECTIONS,326 NICHOLS ROAD,FITCHBURG,MA,014205478,42.5974358,-71.80761197366103,9788788100,0.0,7
a14e698d-a9ba-3eae-9c8b-682ec726433d,LYNN URGENT CARE LLC,776 WESTERN AVE,LYNN,MA,019052408,42.466763,-70.9494939,6178939901,0.0,10
dd9914b0-9491-3330-a890-d34e95e497ea,CHILD & FAMILY SERVICES  INC.,1061 PLEASANT ST,NEW BEDFORD,MA,027406728,41.64280275,-70.92865004309593,5089968572,0.0,76
a7147477-c4dd-3018-b921-2707d7e098ee,HANCOCK PARK REHABILITATION AND NURSING CENTER,164 PARKINGWAY,QUINCY,MA,021695020,42.245070088637796,-71.00313070924581,6177734222,0.0,14
b6eeaaf7-1683-3bcb-b6ee-81ce304636ef,MELROSEWAKEFIELD HEALTHCARE  INC,170 GOVERNORS AVE,MELROSE,MA,021763225,42.4564323,-71.064182,7819793050,0.0,827
65eda534-1bdc-3192-8d02-1c3764447790,PERSONAL PHYSICIANS HEALTHCARE PC,1244 BOYLSTON ST,CHESTNUT HILL,MA,024672115,42.3214927,-71.1711481,6177310058,0.0,43
d613e441-68e8-3502-8adb-3f770a1276bf,PALMER FAMILY SERVICES LLC,114 WATER ST,MILFORD,MA,017573007,42.13661855,-71.53474614336832,5084782008,0.0,82
d3085315-9893-34c7-8889-3a31dc17c2b0,WALPOLE MEDICAL CENTER  PC,1428 MAIN ST STE 7,WALPOLE,MA,020811729,42.1325911,-71.2618886,5086686600,0.0,46
469171e3-f6ec-3258-8e16-7038f6a439c0,COUNTRYSIDE HEALTH CARE OF MILFORD,COUNTRYSIDE DRIVE,MILFORD,MA,017571252,42.1413353,-71.5192019,5084730435,0.0,12
18061fd5-fda8-3e2d-87f0-0f3c87211bcc,CAMBRIDGE PUBLIC HEALTH COMMISSION,1493 CAMBRIDGE ST,SOMERVILLE,MA,021431408,42.3875968,-71.0994968,6176651000,0.0,633
1faab3d1-2ae5-3110-8e5f-c65b92ca906d,FAIRVIEW HOSPITAL,29 LEWIS AVE,GREAT BARRINGTON,MA,012301713,42.19093125,-73.3715000043024,4135280790,0.0,34
1e11392b-1278-3e70-93cd-f396cbd0c265,VHS ACQUISITION SUBSIDIARY NUMBER 9  INC.,115 LINCOLN ST,NATICK,MA,017607700,42.2843753,-71.3441395,5086507000,0.0,39
fe30f2b4-9bc8-346e-afba-4455d1766545,KATZMAN FAMILY CENTER FOR LIVING,17 LAFAYETTE AVENUE,CHELSEA,MA,021502010,42.40019115,-71.03050082480353,6178846766,0.0,3
6cf8a214-8d57-3267-85e5-7719e15cd63e,LEMUEL SHATTUCK HOSPITAL,170 MORTON STREET,JAMAICA PLAIN,MA,021303735,42.299067750000006,-71.10124351911541,6175228110,0.0,127
0fedae9f-701f-3317-9b2f-69aea2202cdc,BOSTON MEDICAL CENTER CORPORATION-,88 EAST NEWTON STREET,WINTHROP,MA,021522715,42.3750976,-70.982827,6176388000,0.0,26
9043e647-568d-3e87-9fc0-756a416392d3,INTERNAL MEDICINE PHYSICIANS OF THE NORTH SHORE,27 CENTENNIAL DR,PEABODY,MA,01960,42.52388415,-70.9519832,9785317677,0.0,32
9ab139f5-d278-31b4-b44e-feffdea65613,KINDRED AT HOME,88 ROUTE 6A 101,SANDWICH,MA,025631866,41.764922,-70.502215,5088882932,0.0,7
6adc9d34-9b73-3285-abb7-56e567f1ba26,WELLESLEY HEALTHCARE SOLUTIONS LLC,271 NAHANT RD,NAHANT,MA,019081341,42.42554385,-70.91995214383596,7815810420,0.0,1
980d9bfa-a344-3bff-8c02-232dd0e8fd34,EDEN HOME HEALTH CARE LLC,100 TRADE CENTER SUITE G-700,WOBURN,MA,018011851,42.4792618,-71.1522766,7812025401,0.0,29
f480acd0-7ef1-350d-aae6-d8e7d53ace57,MANET COMMUNITY HEALTH CENTER  INC.,1193 SEA ST,QUINCY,MA,021693544,42.26883395,-70.95264075087945,6174718683,0.0,29
794b1cc2-97be-30a4-83a0-4bf6add43c74,ST JOSEPH MANOR HEALTH CARE INC,215 THATCHER STREET,BROCKTON,MA,023023949,42.0740963,-70.99660306096918,5085835834,0.0,7
440fa4b8-c731-3cf5-81d9-aa3f30a37b95,LAHEY HOSPITAL & MEDICAL CENTER  BURLINGTON,41 & 45 MALL ROAD,PEABODY,MA,019602901,42.5278731,-70.9286609,7817445100,0.0,63
b0016371-afcb-37a6-8f90-5e3786e7806f,JEWISH HEALTHCARE CENTER INC,629 SALISBURY ST,WORCESTER,MA,016091120,42.2932691,-71.8390048,5087988653,0.0,1
aaa7ebaf-b1a0-38c1-ba89-a16712cf431c,BRIDGEWATER NURSING HOME,16 PLEASANT STREET,BRIDGEWATER,MA,023242420,41.98625885,-70.97978204646246,5086974616,0.0,2
ce53c877-0290-390a-b4b4-2462001a1713,CIRCLE HOME,847 ROGERS STREET  SUITE 201,LOWELL,MA,018524345,42.6275246,-71.27673639687623,9784599343,0.0,3
57e4e5fa-d68d-3caa-a5ad-37beb1b51207,STEWARD NORWOOD HOSPITAL INC,800 WASHINGTON ST,NORWOOD,MA,020623487,42.1886973,-71.2005241,7812784120,0.0,82
2c1eda9d-6d75-3c4e-86f1-d850d4ccfcdf,BEAUMONT WHITNEY PLACE NORTHBOROUGH,238 W MAIN ST,NORTHBOROUGH,MA,015321804,42.31181264999999,-71.65685612428547,5083932368,0.0,1
ad82d624-72eb-3c7d-a76d-79f2668d1390,WOODLAND INTERNISTS  P.C.,3 WOODLAND RD,STONEHAM,MA,021801711,42.452443099999996,-71.08939988105112,7816627990,0.0,187
3498e7d3-90fd-366b-bc6a-6f41dad6bae6,COLEMAN HOUSE,112 WEST MAIN STREET,NORTHBOROUGH,MA,015321824,42.318559050000005,-71.65097281611972,5083519355,0.0,6
37111f41-8bc5-35d3-9cd9-5b447a11ffd1,NEVINS NURSING & REHABILITATION CENTER,TEN INGALLS COURT,METHUEN,MA,018443712,42.7262016,-71.1908924,9786827611,0.0,35
68ea50ba-275f-3f6c-ad1f-0aefae7144eb,25 ARMORY STREET OPERATOR LLC,25 ARMORY ST,WEST NEWTON,MA,024652110,42.3504314,-71.21988040449209,6179692300,0.0,1
fbd4ccdf-2fdb-3652-9bbe-1ccff886bd34,CROWN HOME HEALTHCARE MA  INC,320 CENTRAL STREET  UNIT A2,SAUGUS,MA,019062372,42.4632069,-71.0093761,7812153815,0.0,55
901c2d40-1ca3-3879-9a20-c663b8adc0a9,TUFTS MEDICAL CENTER,800 WASHINGTON STREET,STONEHAM,MA,021802445,42.4863168,-71.0928919,6176365000,0.0,25
b9e35b8a-9831-32d8-a6dc-d7a546c126b0,VIBRA HOSPITAL OF WESTERN MASS - CENTRAL CAMPUS,111 HUNTOON MEMORIAL HIGHWAY  1ST FLOOR,SPRINGFIELD,MA,011092550,42.1018764,-72.5886727,4137876700,0.0,198
38508743-50d1-3429-8fe2-37e42ddaf20e,BAYSTATE FRANKLIN MEDICAL CENTER,164 HIGH ST,GREENFIELD,MA,013012778,42.595268700000005,-72.59288632376354,4137730211,0.0,152
27bf2e46-7445-35e7-9106-3ce1b074db47,LIFE CARE CENTER OF MERRIMACK VALLEY,80 BOSTON RD,NORTH BILLERICA,MA,018621034,42.5871093,-71.2948553,9786672166,0.0,1
328f813e-4de8-3ec2-a113-43f3ddfb0b2a,DILIGENCEHEALTHCARE,30-40 WESTPARK STREET,BROCKTON,MA,023015241,42.0834335,-71.0183787,8574539843,0.0,79
810c33cd-83fe-36e9-8fe6-ef78eb2c6fb9,WHITNEY PLACE AT NATICK LIMITED,3 VISION DR,NATICK,MA,017602059,42.3026972,-71.35370110550767,5086553344,0.0,1
15d4c950-4691-3996-b4c4-bf06bfb58ff7,HOLY FAMILY HOSPITAL,70 EAST ST,METHUEN,MA,018445883,42.7285558,-71.16833738237946,9786870151,0.0,57
5ba77f2c-8ce5-3dde-bb46-3ffcceb3bfbf,188 FLORENCE STREET OPERATOR LLC,188 FLORENCE ST,CHESTNUT HILL,MA,024672641,42.31835025,-71.17401686317635,6173324730,0.0,1
d4e48a16-0a60-3e90-81e5-c35b22ffe6af,GREEN MOUNTAIN URGENT CARE LLC,856 STATE RD,NORTH ADAMS,MA,012473027,42.69967208677275,-73.16330754755236,6035264635,0.0,1
bccd7d67-203c-3d93-b6b0-bff5a146cd1d,CARECENTRAL URGENT CARE MEDICAL GROUP PC,286 WASHINGTON ST,STOUGHTON,MA,020721763,42.1384306,-71.1022598,7813412800,0.0,6
432821fe-58ed-33eb-823c-b4447a52c7e9,DYOUVILLE TRANSITIONAL CARE INC,1071 VARNUM AVE,LOWELL,MA,018541131,42.64497212195122,-71.36843231707317,9785691071,0.0,1
a2a41caf-758f-3962-8e5f-e6e603f93d17,VIBRA HOSPITAL OF WESTERN MASSACHUSETTS LLC,111 HUNTOON MEMORIAL HWY,ROCHDALE,MA,015421305,42.2020225,-71.89891616754682,5088926000,0.0,1335
3d09dd1a-257d-3eee-977d-1b076002cf2d,620 LAUREL STREET OPERATOR LLC,620 LAUREL ST,LEE,MA,012389181,42.325270573922175,-73.26123519130739,(413) 243-2010,0.0,1
db28cc9a-fdfb-35a6-aef7-ab9b933ef244,CAMBRIDGE REHABILITATION & NURSING CENTER,8 DANA STREET,CAMBRIDGE,MA,021385402,42.3694992,-71.11011030010101,6178644267,0.0,55
a6fb79e7-4abb-3a68-b62d-e501427fdca4,AUBURN PRIMARY CARE AND AESTHETICS,489 WASHINGTON ST STE 202,AUBURN,MA,015015709,42.187836,-71.83104,5087969211,0.0,39
9d0e702d-50a0-3f4c-9126-0951d560fd4b,NEW ENGLAND REHABILITATION SERVICES OF CENTRAL MASSACHUSETTS INC,189 MAY ST,WORCESTER,MA,016024339,42.25986305,-71.83597786023279,5087916351,0.0,104
f0e3e152-0b08-3819-b962-b043f63f6dc1,NORTHWOOD REHABILITATION & HEALTHCARE CENTER,1010 VARNUM AVENUE,LOWELL,MA,018541915,42.6422606,-71.36626685573418,9784588773,0.0,2
81b1ef2b-8d3c-3923-859d-ae56099e037a,19 VARNUM STREET OPERATING COMPANY  LLC,19 VARNUM STREET,LOWELL,MA,018502132,42.6520846,-71.29979019978185,9784545644,0.0,1
ea8d287f-b3a9-3800-8798-788e334ee406,NORTH SHORE MEDICAL CENTER INC,81 HIGHLAND AVE,SWAMPSCOTT,MA,019072928,42.4699241,-70.9171507,9783542065,0.0,729
c7542447-e06e-32cb-b6db-243c23a0dbc2,FRANCISCAN HOSPITAL FOR CHILDREN INC,30 WARREN ST,BOSTON,MA,021353602,42.3501483,-71.14393324457691,6172543800,0.0,153
50c47685-8125-3c50-8311-8bd7ba9e9108,BOSTON MEDICAL CENTER CORPORATION-,4199 WASHINGTON ST,ROSLINDALE,MA,021311733,42.2871447,-71.1277526,6173234440,0.0,21
aba3e6f6-4562-342e-b90f-dd61b117f394,MEDICAL EXPRESS URGENT CARE CENTER CO INC,438 CHESTNUT STREET,SPRINGFIELD,MA,011072008,42.11291091861002,-72.59692685125127,4137811100,0.0,1
47fb5a56-bee5-3ecd-9958-706b20831c82,BETH ISRAEL LAHEY HEALTH AT HOME,600 CUMMINGS CENTER  SUITE 270X,WOBURN,MA,018016356,42.4792618,-71.1522766,9789212615,0.0,4
be509ccb-bfb7-3b87-8945-8426b689ef9d,BOSTON HOME  INC (THE),2049 DORCHESTER AVENUE,BOSTON,MA,021244742,42.3554334,-71.060511,6178253905,0.0,1
5573074b-edf7-31cd-a5f4-6e118c6f602d,ASSOCIATES IN INTERNAL MEDICINE INC,825 WASHINGTON ST,NORWOOD,MA,020623449,42.18864775,-71.20380467780485,7817624255,0.0,71
6873525f-1680-3ceb-b536-270d44b46e2e,UPHAMS CORNER HEALTH COMMITTEE INC,500 COLUMBIA RD,DORCHESTER,MA,021252322,42.3147979,-71.067633,6172878000,0.0,110
8d5880eb-1dd8-31ea-b7c5-21709f3bb341,MELROSE INTERNAL MEDICINE ASSOC PC,50 ROWE ST,MELROSE,MA,021763201,42.4592093,-71.06078096379728,7819793800,0.0,103
70e3ad4f-b9ff-3f3e-9990-2cd7e23a9d1c,HEALTH-MD URGENT CARE,1238 RIVERDALE ST,WEST SPRINGFIELD,MA,010894675,42.1373438,-72.62624707492338,4135043507,0.0,48
75846b1f-d0ec-3255-9bdd-d09eb0a9dd0d,HOLYOKE MEDICAL CENTER INC,575 BEECH ST,HOLYOKE,MA,010402296,42.20105435,-72.628169560868,4135342845,0.0,38
7e8bd0f2-2746-355e-92ef-9473818c58a2,BLISSFUL HOMECARE  LLC,90 SUTTON STREET  SUITE 3-4,NORTH ANDOVER,MA,018451655,42.705281049999996,-71.13643624887442,9787255505,0.0,21
dd280187-8662-3732-af81-595d10572911,4499 ACUSHNET AVENUE OPERATING COMPANY  LLC,4499 ACUSHNET AVE,NEW BEDFORD,MA,027454707,41.74026055,-70.9450945705336,5089956900,0.0,510
a6964d47-8af0-3df2-b99d-d8414eb1cfa3,ARBOUR-FULLER HOSPITAL,200 MAY ST,SOUTH ATTLEBORO,MA,027035520,41.924394750000005,-71.36076410900014,5087618500,0.0,10
dae3ee01-f383-366e-9ad6-dc92963064ea,MERCY MEDICAL CTR,1233 MAIN ST,HOLYOKE,MA,010405381,42.16578055,-72.63389634691956,4135365111,0.0,261
dac75bc1-cbfa-306b-9a0a-88d5edf3638d,BRIGHTON HOUSE REHABILITATION & NURSING CENTER,170 COREY ROAD,BRIGHTON,MA,021358244,42.3433093,-71.14003855124017,6177310515,0.0,16
63b4f233-fb49-3b1e-a17c-2d572367b131,GERMAN CENTER FOR EXTENDED CARE,2222 CENTRE STREET,WEST ROXBURY,MA,021324034,42.27370345,-71.15856364656862,6173251230,0.0,26
9d989fcf-4ad9-3972-ada3-f275d967781e,FALMOUTH HOSPITAL ASSOCIATION INC,100 TER HEUN DR,SANDWICH,MA,025632377,41.7579043,-70.4968152,5084573528,0.0,197
7a5f7ae1-8437-3f5e-b788-5c2ad57f0a0b,FAMILY HEALTH CENTER OF WORCESTER  INC.,29 ORCHARD ST,SOUTHBRIDGE,MA,015504003,42.076356200000006,-72.04167805,7743181445,0.0,215
b69bccdc-5ad3-3ded-a018-3cd8f369c9d2,CAPE REGENCY REHABILITATION & HEALTH CARE CENTER,120 S MAIN STREET,CENTERVILLE,MA,026323246,41.649898300000004,-70.34309844876677,5087781835,0.0,1
af3871c3-2098-3051-bcb7-8a919e194a16,HEALTHCARE SOUTH PC,97 LIBBEY PKWY,WEYMOUTH,MA,021893110,42.19322885,-70.94589987654936,7818032786,0.0,32
542185c1-943a-30f4-aba0-0efaa92488a4,EVEREST HEALTH CARE SPECIALISTS PLLC,142 LAKE ST,ARLINGTON,MA,024764738,42.40328885,-71.15140830652837,7817772320,0.0,84
a2cc09de-c1e2-3126-8c09-d49f95225281,CHILDREN'S HOSPITAL CORPORATION,300 LONGWOOD AVE,WALTHAM,MA,024532741,42.3756401,-71.2358004,6173554831,0.0,117
9f2f60a6-87a4-3f45-b753-b63b5b7e9993,NORTH END COMMUNITY HEALTH COMMITTEE INC,332 HANOVER STREET,BOSTON,MA,021131901,42.3647421,-71.0536619,6176438000,0.0,35
ab16be57-62ea-39a5-8f7a-ee1285cf6934,THE MCLEAN HOSPITAL CORPORATION,115 MILL ST,PETERSHAM,MA,013669503,42.4865962,-72.1893057,6178553316,0.0,67
f312977e-8f41-3816-84cc-e5b12ba36955,BRIGHAM AND WOMEN'S FAULKNER HOSPITAL  INC.,1153 CENTRE ST,JAMAICA PLAIN,MA,021303446,42.3017598,-71.12855793387442,6179837470,0.0,35
4ffc4e4b-9d8d-3c30-ad84-fc9a7209da94,OAKS  THE,4525 ACUSHNET AVENUE,NEW BEDFORD,MA,027454727,41.74080975,-70.94731021257817,5089987807,0.0,66
bebc1dac-6c42-3225-b0ba-23278cdf2a62,MEMORY SUPPORT OF HERITAGE HALL,464 MAIN STREET,AGAWAM,MA,010011826,42.07695165,-72.62026217030348,4137868000,0.0,16
82248deb-13cc-31b2-8764-0233e159a93a,COMMUNITY HEALTH PROGRAMS INC,19 DEPOT STREET,ADAMS,MA,012201856,42.623644600000006,-73.11852130252683,4137431080,0.0,11
e69e7cbb-8362-30d1-83f2-3a0c492fe2b1,PLYMOUTH CARVER PRIMARY CARE  P.C.,110 LONG POND RD,PLYMOUTH,MA,023602642,41.9255829,-70.65514326847389,5087467272,0.0,28
afc661fd-71d9-3fc3-adf2-3fc3b5e8a140,BROCKTON HOSPITAL  INC.,680 CENTRE ST,RAYNHAM,MA,02767,41.9487118,-71.0731008,5089417000,0.0,24
06cc2462-430f-3322-9c87-7e971125f510,EMERSON HOSPITAL,133 OLD ROAD TO 9 ACRE COR,WESTFORD,MA,018863198,42.5792583,-71.4378411,9782873226,0.0,345
759de184-595f-3131-ba20-6a412553496d,49 THOMAS PATTEN DRIVE OPERATING COMPANY  LLC,49 THOMAS PATTEN DR,RANDOLPH,MA,023683901,42.1594587,-71.06112167252701,7819611160,0.0,1
db106514-f254-3402-b6a4-6d210c78c7e2,JOHN ADAMS HEALTHCARE CENTER,211 FRANKLIN STREET,QUINCY,MA,021697833,42.23691085,-71.00237199954586,6174790837,0.0,8
ee7fab6f-6438-394f-b1f2-3e452f8f055a,BLUEBERRY HILL REHABILITATION AND HEALTHCARE CTR,75 BRIMBAL AVENUE,BEVERLY,MA,019156009,42.570099299999995,-70.87108224250409,9789272020,0.0,62
79508e39-d0b0-3613-9d54-168f6e1c3a18,NASHOBA VALLEY MEDICAL CENTER,200 GROTON ROAD,GROTON,MA,014502056,42.577352149999996,-71.57414587343038,9787849000,0.0,77
907b1d2f-2bf8-31b5-abc2-14d6b75faa96,ASSABET FAMILY PODIATRY  INC,340 MAPLE ST,MARLBOROUGH,MA,017523200,42.3358161,-71.54106510218209,5084813659,0.0,20
880fad59-9c38-3a21-a39f-ccc801502ab3,SANCTA MARIA NURSING FACILITY,799 CONCORD AVENUE,CAMBRIDGE,MA,021381048,42.390849395521705,-71.1556550001627,6178682200,0.0,22
352f2e3b-0708-3eb4-9f7e-e73a685bf379,MARLBOROUGH HOSPITAL CORP,157 UNION ST,SOUTHBOROUGH,MA,017721215,42.3056501,-71.5245087,5084815000,0.0,21
ef95a6b4-cf95-32c2-b6e5-0488faaa3ac4,VISITING NURSE ASSN OF EASTERN MASS,259 LOWELL ST,SOMERVILLE,MA,021442666,42.3922293,-71.1061564,6177769800,0.0,49
2164ee72-e9d8-312a-8bf4-a4abc55771b7,SOUTHBRIDGE MA SNF LLC,84 CHAPIN ST,SOUTHBRIDGE,MA,015502408,42.073771750000006,-72.03709326666669,5088794050,0.0,4
a2d45ee8-b930-3169-b612-f602961ad212,SUNRISE HEALTHCARE LLC,37 MINUTEMAN WAY,SHREWSBURY,MA,015452229,42.288207,-71.73443816915585,6176509959,0.0,84
4fa643ae-1f58-3c2e-9f33-0ba56345ad10,COMPASSIONATE HEALTH CARE GROUP LLC,361 MAIN ST,WAREHAM,MA,025712153,41.761384899999996,-70.71911431737183,7746787319,0.0,112
fa34d205-5ac2-3ba2-80a4-bef345dc57f5,MEDFORD VISITING NURSING ASSOCIATION,37 BROADWAY,ARLINGTON,MA,024745552,42.408086,-71.135914,7816436090,0.0,1
fb4a08b8-57ee-382b-b3cb-43d94f1bb4c0,STANLEY STREET TREATMENT AND RESOURCES  INC,1010 SOUTH MAIN STREET,FALL RIVER,MA,027242855,41.690775450000004,-71.16515282264554,5086751054,0.0,29
d0894f6b-78d7-338d-82ad-b63de4d40014,MOUNT AUBURN HOSPITAL,330 MOUNT AUBURN STREET,WALTHAM,MA,02452,42.3756401,-71.2358004,6174923500,0.0,1
3d5fbf38-c781-3e04-8c7e-5a402611b7d4,DAVIS SQUARE FAMILY PRACTICE,260 ELM ST,SOMERVILLE,MA,021442951,42.3955992,-71.1227391,6176669577,0.0,196
f43f97f2-af04-3ed0-a42e-3681718cc9b2,BERKSHIRE MEDICAL CENTER INC,725 NORTH ST,PITTSFIELD,MA,012014109,42.4600752,-73.2492795834909,4134472000,0.0,1
fd5342f0-10c0-3f48-9c7e-7100a64db139,WILLOW MANOR,30 PRINCETON BOULEVARD,LOWELL,MA,018512405,42.6353691,-71.3322833,9789548086,0.0,81
e119dcbb-0c33-3ec1-bf97-5f477799e5cb,312 MILLBURY AVENUE OPERATING COMPANY  LLC,312 MILLBURY AVENUE,MILLBURY,MA,015273622,42.22515325,-71.75735371350069,5087930088,0.0,2
7ac466c6-7968-33fd-882c-6d5418f88c8a,CHELMSFORD PRIMARY CARE LLC,2 MEETING HOUSE RD,CHELMSFORD,MA,018242700,42.60140085,-71.35097894451894,9782565522,0.0,113
2f67494e-f17e-3248-ba68-3ca42913cca1,ROYAL OF FAIRHAVEN NURSING CENTER,184 MAIN STREET,FAIRHAVEN,MA,027193259,41.646106,-70.90865208079187,5089973193,0.0,5
88975fd9-b47e-3af6-af78-c58e1ecf0d5e,BAYSTATE NOBLE HOSPITAL CORPORATION,115 W SILVER ST,WESTFIELD,MA,010853628,42.1178811,-72.75935246865802,4135682811,0.0,245
19439108-9835-38fe-8ee2-1226a355cfba,NEWTON WELLESLEY CENTER FOR ALZHEIMER'S CARE,694 WORCESTER RD,WELLESLEY,MA,024822837,42.2964859,-71.2925571,7812376400,0.0,4
b5789b71-fc8e-3b7e-9eb2-3fc577943117,ATHOL MEMORIAL HOSPITAL INCORPORATED,81 RESERVOIR DRIVE,ATHOL,MA,013314901,42.581152349999996,-72.18775715069674,9782485135,0.0,46
94ac48ba-e215-3ab9-ba88-a0b926d29cef,MEDFORD REHABILITATION AND NURSING CENTER,300 WINTHROP STREET,MEDFORD,MA,021552311,42.421527,-71.11834,7813964400,0.0,23
069b90f9-309b-35e4-b990-d1dbacb962cc,MONT MARIE REHABILITATION & HEALTHCARE CENTER,36 LOWER WESTFIELD ROAD,HOLYOKE,MA,010402749,42.16975305,-72.63488031242107,4135386050,0.0,81
b3f4de6b-901d-3856-ba81-35dc48a63d17,BLUEPRINT HEALTHCARE LLC,451 ANDOVER ST STE 205,NORTH ANDOVER,MA,018455079,42.6734518,-71.1268776,9789832435,0.0,13
e5ce3b83-f5e6-308d-aa64-82539fc2d906,FIRST CHOICE HEALTHCARE  INC.,1842 BEACON ST,BROOKLINE,MA,024451922,42.33728028715071,-71.14536064081996,6172934594,0.0,1
f438b8e0-d856-328a-b193-2b014fc4cb97,D'YOUVILLE SENIOR CARE,981 VARNUM AVENUE,LOWELL,MA,018541913,42.64591185,-71.36487149058269,9784545681,0.0,10
a2047ff6-62f2-34d7-beb9-7e164d989c75,RECUPERATIVE SERVICES UNIT-HEBREW REHAB CENTER,1200 CENTRE STREET,ROSLINDALE,MA,021311011,42.29768,-71.130463,6173258000,0.0,5
936ceb96-2b12-371f-aa68-ee02a9c06f4c,PRIMARY CARE NORTH PC,225 BOSTON ST,LYNN,MA,019043124,42.470497449999996,-70.96003668151566,7815959581,0.0,52
48a6d3ab-50ef-349e-8945-2558a78f378e,SAINT ANNE'S HOSPITAL,795 MIDDLE ST,SWANSEA,MA,027774114,41.730919,-71.208117,5086745600,0.0,40
0a8a4b11-d0b8-3cd2-92cd-983de5189cfa,LIFE CARE CENTER OF THE NORTH SHORE,111 BIRCH STREET,LYNN,MA,019021574,42.47859105,-70.93458444045801,7815929667,0.0,14
cabc0f0d-dcca-34a2-bc6b-519ed1cc7f74,ACHIEVE WELLNESS  LLC,191 MERRIMACK ST STE 712,HAVERHILL,MA,018306199,42.7742236,-71.08181133783422,9788914928,0.0,16
7b7ce654-a413-37d1-9d34-97240c0ac580,WOONSOCKET URGENT CARE PC,1 WRENTHAM ST,BELLINGHAM,MA,020192532,42.025037350000005,-71.48945118224057,5083184466,0.0,2
929528f5-8239-36c7-aacb-39424ede9cc5,KIMBALL FARMS NURSING CARE CENTER,40 SUNSET AVENUE,LENOX,MA,012402018,42.35951405,-73.28778674276077,4136375011,0.0,5
7b20d1c4-c56b-3647-801c-5e4e13679073,BETH ISRAEL DEACONESS HOSPITAL PLYMOUTH INC,275 SANDWICH ST,PLYMOUTH,MA,023602183,41.94186605,-70.6455366462985,5087462000,0.0,31
df852cb2-9fe0-3c90-87ac-46e5f980ee3b,HOSPICE OF NASHOBA NURSING SERVICE,3 PATTERSON ROAD  SUITE 3,SHIRLEY,MA,014642907,42.552462649999995,-71.62383665745185,9784256675,0.0,7
281525ef-5743-34a8-9339-66c8b4be6668,NOTRE DAME HOSPICE,555 PLANTATION STREET,WORCESTER,MA,016052376,42.2907683,-71.7649752,5088525505,0.0,7
2399f9b0-28d7-3355-ae52-474326a3b021,FAMILY HEALTH CENTER OF WORCESTER  INC.,23 N ASHLAND ST,WORCESTER,MA,016093041,42.26901755,-71.80739730766234,5087542860,0.0,59
3e97ce4f-3ad7-3cea-883f-e2bb4ca89d83,HALLMARK HEALTH URGENT CARE PHYSICIANS LLC,30 NEW CROSSING RD,READING,MA,018673270,42.51809619399502,-71.0959083715027,7812801699,0.0,216
c0132cf6-1703-3aad-89b4-cc2f2bbc123e,MARISTHILL NURSING & REHABILITATION CENTER,66 NEWTON STREET,WALTHAM,MA,024536058,42.3746705,-71.22789736306842,7818930240,0.0,2
d5920b72-ac1a-3ec4-81ca-e3b75cb7aadd,Causeway OPC,251 Causeway St.,Boston,MA,02114,42.3665,-71.05931,800-865-3384,0.0,1311
c4e5b33c-17b8-3f51-a8ba-a327d54e642a,PRIMARY CARE MEDICINE AND PEDIATRICS  LLC,94 N ELM ST,WESTFIELD,MA,010852917,42.1322823,-72.7436679,4135621650,0.0,102
0f2c58ec-5323-3c0f-9bdf-af0df7eb2a2b,MARIAN MANOR,130 DORCHESTER STREET,SOUTH BOSTON,MA,021272642,42.3334312,-71.0494949,6172683333,0.0,9
cc400ddc-c38d-3604-8d89-cea21555719f,NEEDHAM FAMILY PRACTICE ASSOC. P.C.,87 CHESTNUT ST,NATICK,MA,017603644,42.293559188306446,-71.35158050924959,7814445515,0.0,45
10dcd91e-6eda-385b-bafb-d5e1ae92dc34,INTEGRATIVE MEDICINE AND HOLISTIC WELLNESS CENTERS LLC,677 W MAIN ST,HYANNIS,MA,026013493,41.652312699999996,-70.32027525205335,5087900606,0.0,28
cdc87240-38e9-36f8-959b-706642e01e11,MASSACHUSETTS EYE AND EAR INFIRMARY -,243 CHARLES ST,STONEHAM,MA,021803559,42.4814675,-71.0924311,6175733089,0.0,46
c6b019eb-28ec-36f6-abf3-bcc4d1d58966,DUTTON FAMILY CARE ASSOCIATES LLP,33 AVON ST,WAKEFIELD,MA,018802310,42.50403445,-71.07462951514611,7812450402,0.0,24
b3312a2d-37e9-35a8-b50d-6c165c437baa,DIMOCK COMMUNITY HEALTH CENTER  INC,45 DIMOCK ST,ROXBURY,MA,021191029,42.32030665,-71.09721114916246,6174428800,0.0,52
2836d9ac-c6a6-39d1-8f13-fdf0fc8928f4,TEWKSBURY HOSPITAL,365 EAST ST,TEWKSBURY,MA,018761950,42.6069472,-71.2180803,9788517321,0.0,971
a2f8d8fe-665e-390f-8b9b-efdc0b14a77c,LOWELL COMMUNITY HEALTH CENTER,161 JACKSON ST,LOWELL,MA,018522103,42.6425382,-71.3093946,9783228590,0.0,2
7dddc0c2-9f1d-3e4e-b2f2-fc7e6abbed31,ALTERNATIVE HOME HEALTH CARE  LLC,160 MERRIMACK STREET  SUITE 1,METHUEN,MA,018446117,42.7334079,-71.13599310716302,9786577444,0.0,2
82c72223-f521-3a34-9b9b-4ff366365399,CARNEY HOSPITAL,2100 DORCHESTER AVENUE,QUINCY,MA,021691870,42.2509914,-71.0037374,6175062000,0.0,206
423ee6a6-6928-3a01-a49d-9687361747a4,SALEM REHAB CENTER LLC,7 LORING HILLS AVE,SALEM,MA,019704267,42.48646565,-70.90338797731044,9787415700,0.0,1
04b252db-4231-3cb5-963d-6f096fb4b97c,DEDHAM MEDICAL ASSOCIATES URGENT CARE CENTER LLC,1177 PROVIDENCE HIGHWAY,NORWOOD,MA,020625019,42.194543,-71.1994976,7813291400,0.0,146
83579123-f29c-39b8-9f5f-8f79e91683c7,NASH HEALTH CARE PRACTICES LLC,100 CENTURY DR,WORCESTER,MA,016061244,42.3138278,-71.7707002,5083457129,0.0,51
e2eab39c-5195-34aa-b35f-e89e37cfed01,SOUTH SHORE HOSPITAL INC.,55 FOGG ROAD,WEYMOUTH,MA,021893141,42.175539799999996,-70.9539153674405,7813408000,0.0,1016
a977feef-f585-3fa8-8deb-7e60fc2cab30,HORIZON HOME CARE  LLC,2314 MAIN STREET,TEWKSBURY,MA,018763128,42.58023655,-71.19367180835906,9788517775,0.0,11
1de7e7d9-9a7a-3a3f-bf4c-b4de450711f2,CIRCLE HEALTH URGENT CARE LLC,198 LITTLETON RD,WESTFORD,MA,018863429,42.564282,-71.42620615382347,9783230302,0.0,4
497f39dd-280e-3d58-af5b-c5e3a3a09b10,CAPE COD HOSPITAL INC,27 PARK ST,HYANNIS,MA,026015230,41.65363635,-70.27352219234834,5087711800,0.0,93
eaaf102d-0188-3a69-a751-030645e2a7b0,TREMONT HEALTH CARE CENTER,605 MAIN STREET,WAREHAM,MA,025711031,41.76766153042966,-70.73096212925822,5082951040,0.0,16
0d7fd824-1c7b-3f8b-a662-f6c2005e82e1,OVERLOOK MASONIC HEALTH CENTER,88 MASONIC HOME ROAD,CHARLTON,MA,015071394,42.1389039,-71.9782681,5082487344,0.0,42
6618f4ef-656a-347f-b61e-ed4d6c21763a,ZAHEEN MEDICAL CENTER LLC,231 SUTTON ST STE 1A,NORTH ANDOVER,MA,018451620,42.70554405,-71.12856345,9786551042,0.0,41
7445ae34-b648-3d3a-b8cf-0eb630061b6e,CARING HOSPICE SERVICES OF MASSACHUSETTS  LLC,34 CEDAR ST STE 4,WEST ROXBURY,MA,021324338,42.2792649,-71.1494972,7329016600,0.0,3
a2df2aea-9c53-31f4-baea-02ea5ea1e553,BUCKLEY-GREENFIELD HEALTHCARE CENTER,95 LAUREL STREET,GREENFIELD,MA,013013106,42.58163075,-72.61795013515538,4137743143,0.0,13
18a96051-91f4-3cba-af96-056ea14dfee0,ANNA JAQUES HOSPITAL SUBACUTE UNIT,25 HIGHLAND AVENUE,NEWBURYPORT,MA,019503872,42.81369325,-70.89091645747592,9784631056,0.0,16
41e2a44c-477c-3511-96f9-12c476aa3b6a,DR SOLOMON CARTER FULLER MENTAL HEALTH CENTER,85 E NEWTON ST,BOSTON,MA,021183553,42.336277100000004,-71.07085295687423,6176268860,0.0,141
6df069d9-5273-32df-bee8-b6a5a20c2ece,Cape Cod Vet Center,474 West Main Street,Hyannis,MA,02601,41.650307,-70.313515,508-778-0124 Or 508-778-0124,0.0,87
9d41e4fc-9507-3ddb-82ad-966046fca031,ODD FELLOWS HOME OF MASSACHUSETTS,104 RANDOLPH ROAD,WORCESTER,MA,016062465,42.29955605000001,-71.79838133819244,5088536687,0.0,88
71a1e089-024e-3255-a536-9204586fa4fc,MAPLEWOOD MAYFLOWER PLACE SNF LLC,1 GORHAM IS,WEST YARMOUTH,MA,026733200,41.6501114,-70.2411312,2035574777,0.0,1
5b0cd0a0-f277-3a66-bee6-d64b5be4a3f5,BERKSHIRE MEDICAL CENTER INC - 1,725 NORTH ST,PITTSFIELD,MA,012015493,42.4600752,-73.2492795834909,4134472000,0.0,2
c1986c0c-f756-3596-8f90-08adacf220fe,CHESTNUT WOODS REHABILITATION AND HEALTHCARE CTR,73 CHESTNUT STREET,SAUGUS,MA,019061605,42.4573919,-70.9918055,7812338123,0.0,3
ad2dab07-4f85-3950-baaa-7c7cd2aa770c,UNIVERSITY OF MA MED CTR-ESRD,55 LAKE AVENUE NORTH,WORCESTER,MA,016550002,42.2774799,-71.76166994969458,5088560011,0.0,57
67d2f85b-ddc7-3ed0-b90b-6fa5b7b8358a,CHARLES RIVER COMMUNITY HEALTH  INC,43 FOUNDRY AVE,WALTHAM,MA,024538313,42.37050535,-71.21908334877376,6177830500,0.0,61
e4dbbb2f-5a51-341d-b5a5-dd91b968b217,ROYAL NORWELL NURSING & REHABILITATION CENTER LLC,329 WASHINGTON ST,NORWELL,MA,020611737,42.16319935,-70.86354427737673,7816594901,0.0,4
d3335d07-2a2c-35d7-9b87-c022393b6793,VICTORIA HAVEN NURSING FACILITY,137 NICHOLS STREET,NORWOOD,MA,020622009,42.1930792,-71.20868232395514,7817620858,0.0,12
0d1570ab-371c-3898-9397-95905d8c5166,TUFTS MEDICAL CENTER  INC,750 WASHINGTON ST,BOSTON,MA,021111552,42.3499038,-71.0631836,6176365442,0.0,44
1853aeef-5897-326a-80d6-aa4b0459eb6d,BARRINGTON URGENT CARE PC,381 WICKENDEN ST,ATTLEBORO,MA,027032247,41.9438129,-71.2806515,4014337550,0.0,6
4b7e26e6-e5b1-38c9-b4ac-fde9a0f93177,FATHER BILL'S PLACE,38 BROAD STREET,QUINCY,MA,021694604,42.2560352,-70.99469254391217,8576541706,0.0,4
f3030ee3-dfa5-3595-b684-9769e52a580a,OVERLOOK HOSPICE SERVICES,88 MASONIC HOME ROAD  DAVENPORT BLDG  2ND FL,WEST SPRINGFIELD,MA,010891357,42.105237,-72.6213712,5087651515,0.0,1
94dda4e1-7476-367a-b1f8-37ea7f61a1b7,WHITTIER REHABILITATION HOSPITAL - BRADFORD,145 WARD HILL AVENUE,WESTBOROUGH,MA,015811017,42.2694308,-71.6129907,9783728000,0.0,52
c56fe86b-652f-3359-ad8e-4b8502d94cb9,BEAR MT WEST ROXBURY LLC,5060 WASHINGTON ST,WEST ROXBURY,MA,021324738,42.2649902,-71.15254191018812,6173235440,0.0,2
2ca615f3-87f7-3283-a447-d919a883b676,HANOVER FAMILY HEALTH & URGENT CARE PC,1399 WASHINGTON ST,HANOVER,MA,023391653,42.1441354,-70.8440854,7818290895,0.0,12
c0a33465-d309-3d2a-932e-9d554a7cc19c,T MASSACHUSETTS  LLC,100 CENTURY DR,WORCESTER,MA,016061244,42.3138278,-71.7707002,7743667000,0.0,103
51d38e67-9350-39b8-bbb3-91cc879ae415,HIGHLANDS  THE,335 NICHOLS ROAD,FITCHBURG,MA,014201932,42.598254850000004,-71.80841914533654,9783434411,0.0,20
80646050-1c76-3046-bbc8-fd5f0b7c34e6,COMMUNITY HEALTH CONNECTIONS  INC,140 ARNHOW FARM ROAD,FITCHBURG,MA,014201369,42.5903661,-71.8119837,9788788100,0.0,70
0a689d33-2b0d-3942-8de8-e28812e91c69,MEASURED WELLNESS LLC,47 SEAVERNS AVE # 5,BROOKLINE,MA,024463806,42.3317642,-71.1211635,5137482498,0.0,44
cac6f8b3-eafd-31b3-9fa3-8015752ccc2c,VHS ACQUISITION SUBSIDIARY NUMBER 7 INC,123 SUMMER ST,WORCESTER,MA,016081216,42.26496835,-71.79655403681465,5083636211,0.0,271
6e517750-a29e-3170-a02b-5733ff523458,TREE OF LIFE HEALTHCARE ASSOCIATES,101 BARRY RD,WORCESTER,MA,016091275,42.3030701,-71.8333408960994,5087677931,0.0,8
0be0e035-8dad-387e-bbdd-a5a469c4311f,PODIATRY HEALTHCARE P.C.,480 MAPLE ST,DANVERS,MA,019234065,42.584178050000006,-70.97197467750539,9783048403,0.0,53
8ec2ca51-abb4-35dd-b90f-6c6aad6d2124,ALLIANCE HEALTH AT ROSEWOOD,22 JOHNSON STREET,PEABODY,MA,019602311,42.54644385,-70.99288129112277,9785358700,0.0,9
8af3b144-0e1a-3c90-937d-81a4ed026080,NORWOOD HOSPITAL,800 WASHINGTON STREET,NORWOOD,MA,020623489,42.1886973,-71.2005241,7817694000,0.0,81
86f41096-d81f-3e26-b770-b26adc017d3e,SOUTH COVE MANOR NURSING & REHABILITATION CENTER,288 WASHINGTON STREET,QUINCY,MA,021695523,42.24983615,-70.9902487341626,6174230590,0.0,1
b014aec7-7bd8-351f-8808-3e280cbc5be6,STEWARD HOLY FAMILY HOSPITAL INC,70 EAST ST,HAVERHILL,MA,018306700,42.7777829,-71.0767724,9786870151,0.0,11
125eccb3-d003-34ea-9bd8-360dff059782,NEW ENGLAND BAPTIST HOSPITAL,125 PARKER HILL AVENUE,DEDHAM,MA,020266146,42.2489143,-71.1755732,6177545800,0.0,518
51e96f40-2058-378a-b3bd-d83c50d5cbcb,TENDER LOVING CARE HEALTH CARE SERVICES OF NEW ENGLAND  LLC,200 NICKERSON RD STE 110,PLYMOUTH,MA,023602480,41.75001,-70.632075,5083837000,0.0,28
aad05540-c9cb-3805-b3c4-f9b9d9b42b2e,RIVER'S EDGE PRIMARY CARE LLC,821 E MAIN ST STE 3,CHICOPEE,MA,010206306,42.155774795300516,-72.55672263289513,4136956774,0.0,28
eea92149-820f-301f-911e-b170e8312842,ST VINCENT HOSPITAL,123 SUMMER STREET,WORCESTER,MA,016102177,42.26496835,-71.79655403681465,5083635000,0.0,1
19a3afba-b409-3650-a0ab-f3faf6e391ef,ASSOCIATED PHYSICIANS OF HARVARD MEDICAL FACULTY PHYSICIANS AT BETH IS,199 REEDSDALE RD,WALTHAM,MA,024511433,42.3756401,-71.2358004,6176964600,0.0,8
0e9d0119-1157-35a0-8bb5-7e0aa3041928,CARING HEALTH CENTER  INC,1049 MAIN STREET,SPRINGFIELD,MA,011032114,42.09977055,-72.58470990760483,4136931007,0.0,72
76b7dbb5-0a02-32a4-9a01-3511f7e45016,CARDIGAN NURSING & REHABILITATION CENTER,59 COUNTRY WAY,SCITUATE,MA,020663746,42.1806871,-70.74862935148246,7815459477,0.0,12
25c85bcc-7e25-36bc-89e8-08e0d473db23,A&A HEALTHCARE LLC,138 S MAIN ST STE 14,MILFORD,MA,017573272,42.1270746,-71.51639128815474,5082414877,0.0,47
d9b71ccf-6649-3555-9e99-44eac0af257f,SERENITY HILL NURSING CENTER,655 DEDHAM ST,WRENTHAM,MA,020931135,42.084901,-71.30689224201797,5083843400,0.0,2
2fb77691-5353-358a-bc94-90af77dd654b,NASHOBA VALLEY MEDICAL CENTER  A STEWARD FAMILY HOSPITAL INC,200 GROTON RD,AYER,MA,014321168,42.577352149999996,-71.57414587343038,9787849000,0.0,4
d6c165ec-d9ca-35a5-9bc8-2061cbfb83a2,CHELMSFORD FAMILY PRACTICE  PC,10 ADAMS ST,NORTH CHELMSFORD,MA,018631780,42.6389249,-71.3840196,9782513159,0.0,27
cbebae9e-f95e-3d2c-9712-289ea8d6aeec,ARBOUR HOSPITAL  THE,49 ROBINWOOD AVENUE,QUINCY,MA,021698130,42.2509914,-71.0037374,6175224400,0.0,105
1cec4304-9757-3a10-ad4f-7e2090c56131,UMASS MEMORIAL MEDICAL CENTER INC,55 LAKE AVE N,WORCESTER,MA,016550002,42.2774799,-71.76166994969458,5083340254,0.0,11
5862e05c-9533-3f7a-8f73-215d50f5ee2f,HEBREW REHABILITATION CENTER,1200 CENTRE ST,ROSLINDALE,MA,021311000,42.29768,-71.130463,6173258000,0.0,73
ec7e487e-7e78-3eac-a9ee-37f8de98a0f9,COLONY CENTER FOR HEALTH & REHABILITATION,277 WASHINGTON STREET,ABINGTON,MA,023512489,42.10060947239023,-70.94967338146704,7818710200,0.0,6
471f7ca2-38f8-3080-8109-187c73ec0b1f,SALEM FAMILY HEALTH CENTER,27 CONGRESS ST,SALEM,MA,019707308,42.518722068313224,-70.88940635956651,9787448388,0.0,47
a5577e5c-b886-37a0-8eee-8ff6feb7ea6b,MOUNT AUBURN HOSPITAL,330 MOUNT AUBURN ST,CAMBRIDGE,MA,021385502,42.3741033,-71.13417575971958,6174923500,0.0,333
20df65a4-7567-3066-b680-0f71b0c31d38,HENRY HEYWOOD MEMORIAL HOSPITAL,242 GREEN ST,GARDNER,MA,014401336,42.58685735,-71.98748072431209,9786323420,0.0,47
5581e43d-0463-3a0b-afc7-a60aea5ac96c,GREATER LAWRENCE FAMILY HEALTH CENTER INC,57 RIVER RD,ANDOVER,MA,018101144,42.69112645,-71.19636086287642,9786868521,0.0,32
8269bd00-d9ff-3bda-a585-9587bc1d330b,WINCHESTER NURSING CENTER  INC,223 SWANTON ST,WINCHESTER,MA,018901968,42.4616579,-71.13927131946744,7817299595,0.0,1
9485907a-9f9c-3c19-a424-b402ee8f99c2,ST FRANCIS REHABILITATION & NURSING CENTER,101 PLANTATION STREET,WORCESTER,MA,016043025,42.258026400000006,-71.78384882397785,5087558605,0.0,4
b7866c75-5e56-36b0-b9c5-c63051677b69,PLYMOUTH BAY INTERNAL MEDICINE,45 RESNIK RD,SANDWICH,MA,02563,41.7579043,-70.4968152,5087462696,0.0,53
9656a864-3b93-356f-9fa6-d7988e249977,ENRICH WELLNESS HEALTH CENTER LLC,950 N MAIN ST STE 203,RANDOLPH,MA,023683064,42.1871612,-71.0568102,5088120706,0.0,33
845fbd9b-2d1c-39a8-8261-28ae40e4fab2,MILFORD REGIONAL MEDICAL CENTER,14 PROSPECT STREET,UPTON,MA,015681431,42.1700209025178,-71.59409308099494,5084731190,0.0,275
946ec45f-5c4a-361f-b158-927144864133,COMPASSUS - GREATER WESTERN MASSACHUSETTS,19 MIDSTATE DRIVE  SUITE 130,AUBURN,MA,015011856,42.1894693,-71.85604765,5088452379,0.0,2
bac9dc0c-cb0f-3fa6-aa12-819dd0fb922a,CAMBRIDGE PUBLIC HEALTH COMMISSION,1493 CAMBRIDGE ST,SOMERVILLE,MA,021452935,42.3875968,-71.0994968,6176651000,0.0,89
84d5768f-3a21-3da9-aad2-bbf7a3ae2700,LOWELL FAMILY MEDICAL CARE PC,817 MERRIMACK ST,LOWELL,MA,018543548,42.650296999999995,-71.32263756223612,9784530550,0.0,113
9ce6072b-d039-3cde-8eaf-950211b8ae88,MIDDLETON FAMILY MEDICINE URGENT CARE  LLC,147 S MAIN ST,MIDDLETON,MA,019492446,42.585787222720036,-71.00861442427218,9787742555,0.0,51
af8566eb-8918-3ec7-ba44-92b6a2cf8097,NORTH SHORE MEDICAL CENTER INC,81 HIGHLAND AVE,SALEM,MA,019702714,42.5112107,-70.90516241826194,9787410522,0.0,38
d4a03501-69f6-3a89-ac27-ed25976fdb6f,LIFE CARE CENTER OF STONEHAM,25 WOODLAND ROAD,STONEHAM,MA,021801705,42.450448800000004,-71.09076944938434,7816622545,0.0,27
ecd3b321-0a8a-3ce6-81f0-982dd77fce43,ANNA JAQUES HOSPITAL SUBACUTE UNIT,25 HIGHLAND AVE,NEWBURYPORT,MA,019503867,42.81369325,-70.89091645747592,9784631000,0.0,87
4f5e8f16-a31b-3071-8556-d7188ede313d,HOLYOKE MEDICAL CENTER INC,575 BEECH ST,HOLYOKE,MA,010402223,42.20105435,-72.628169560868,4135342805,0.0,30
9a20d707-68e4-32c0-b2b2-2f5d5c2012cd,CLARITY HEALTH & WELLNESS LLC,131 CAMBRIDGE ST STE 1,BURLINGTON,MA,018033711,42.50284395,-71.19574553661971,7812652572,0.0,44
f90ef475-defe-363d-a926-573b38f804a2,PRIMARY CARE FOR ADULTS PLLC,54 HOPEDALE ST,HOPKINTON,MA,017481672,42.2288875,-71.5196439,5084738373,0.0,20
071a898d-3535-39fd-bf61-d33301aacd04,TRANQUIL MIND & WELLNESS,104 CHARLES ELDRIDGE RD,LAKEVILLE,MA,023471370,41.8459353,-70.9494854,5089471683,0.0,35
41f66e18-8eb7-32f2-9371-7df5bf2b8d21,AMBULATORY EMPLOYEE INDUSTRIAL OCCUPATIONAL AND URGENT HEALTHCARE,170 UNIVERSITY DRIVE,GREENFIELD,MA,013011238,42.6097476,-72.5979752,4133874556,0.0,2
a25107f7-f4f5-36fc-98e4-f3e1b5875c91,MASS GENERAL BRIGHAM URGENT CARE LLC,1285 BEACON ST,WOBURN,MA,018012157,42.4979478,-71.1684508,6177516205,0.0,32
0e6c3ad1-24c1-34cb-bb6d-e8438fa319e2,URGENT CARE OPERATIONS PC,50 DODGE ST,SWAMPSCOTT,MA,019071300,42.4699241,-70.9171507,9789222171,0.0,34
b4ca31a9-9d34-3ea1-93c4-443941622304,COMMUNITY HEALTH CENTER OF FRANKLIN COUNTY INCORPORATED,102 MAIN ST,GREENFIELD,MA,013013224,42.5879173,-72.6055828841603,4133258500,0.0,73
3662bcd2-07cc-364c-bd86-161bb738aacf,ALLIANCE HOSPICE CARE LLC,1340 CENTRE ST STE 208,NEWTON,MA,024611900,42.3281027,-71.19582114345262,6176634881,0.0,1
bdd9ad72-443a-3563-a626-4c45f6d058b2,COMFORT HOME CARE  LLC,147 PELHAM STREET,WORCESTER,MA,016072105,42.265209,-71.814005,9786854700,0.0,6
e87cda4c-1ad8-3a9e-b55f-7bfe987610ce,COMMUNITY HEALTH CONNECTIONS,326 NICHOLS RD,FITCHBURG,MA,014201914,42.5974358,-71.80761197366103,9788788100,0.0,81
62ccfb55-1f60-3450-a607-706bedc9ef4e,120 MURRAY STREET OPERATIONS LLC,120 MURRAY STREET,MEDFORD,MA,021551300,42.42974035,-71.08853906104483,7813910800,0.0,2
f68ebf98-ba5b-35af-b2bd-da56cc5b13be,SERENITY HOSPICE LLC,270 LITTLETON RD STE 22,WESTFORD,MA,018863524,42.5569148,-71.4366336131239,9787712619,0.0,1
9adfae03-673d-365d-9052-f705098fa3e4,THE SHRINERS HOSPITAL FOR CHILDREN,51 BLOSSOM ST,BOSTON,MA,021142699,42.36305545,-71.06643399281765,1617722300,0.0,179
48a07866-e8d7-3268-aa3c-ca3237c8e6f3,BOSTON PAIN CLINIC & PRIMARY CARE PC,188 PROVIDENCE ST,HYDE PARK,MA,021361861,42.2682551,-71.12174592925336,6173612166,0.0,109
89171335-b9c0-3326-98d6-a837d432b9fd,WHITTIER REHABILTATION HOSPITAL,150 FLANDERS ROAD,LYNN,MA,019042915,42.466763,-70.9494939,5088712063,0.0,37
01bde980-bf89-3138-8912-7360dff33247,LE & CHANG FAMILY URGENT CARE PC,456 PARK AVE,WORCESTER,MA,016101254,42.25512735,-71.82580924803523,5086851517,0.0,9
217cb6f6-e822-3831-9d9d-ffa104971042,ENCOMPASS HEALTH REHABILITATION HOSP OF NEW ENGLAN,2 REHABILITATION WAY,WOBURN,MA,018016003,42.46352265,-71.161925472006,7819355050,0.0,44
e2a8b444-9b8f-36ff-84c4-05ee98589482,WHITLEY WELLNESS LLC,8 SHIPWAY PL # C-8,CHARLESTOWN,MA,021294301,42.3778749,-71.0619957,3254399799,0.0,40
71f4c23f-7559-31ff-8f42-a672e80b85a2,SPAULDING REHABILITATION HOSPITAL,300 FIRST AVENUE,WESTBOROUGH,MA,015812831,42.2694308,-71.6129907,6177206400,0.0,12
3517aff1-b163-3cd5-8fff-19710fcdc1b7,KINDRED HOSPICE,400 HEMENWAY STREET,MARLBOROUGH,MA,017526762,42.36006255767826,-71.5077613040944,5082290912,0.0,1
a1e6fb9c-542a-3e6f-a830-2a9e87769075,UPHAMS CORNER HEALTH COMMITTEE INC,500 COLUMBIA ROAD,DORCHESTER,MA,021252424,42.3147979,-71.067633,6178259206,0.0,23
18d2c9c2-4b92-3664-9b8e-419aff3ce942,ALLIANCE HEALTH AT BRAINTREE,175 GROVE STREET,BRAINTREE,MA,021847253,42.19127375,-70.99279579751581,7818482050,0.0,6
121b0ad1-1beb-3caa-9271-3d3f726bb727,PATRIOT URGENT CARE PROFESSIONALS PC,1030 MAIN STREET,WALTHAM,MA,024517447,42.375828,-71.2527956,7818946900,0.0,17
f6ba791e-fe68-3596-bef4-60751db6a60e,VNA & HOSPICE OF GREATER MILFORD,37 BIRCH STREET,MILFORD,MA,017575501,42.1424349,-71.48943173357203,5084730862,0.0,5
2fc3d86d-4194-3ad1-bb8a-99d5d34119a1,QUINCY PRIMARY HEALTHCARE PC,300 CONGRESS ST STE 203,QUINCY,MA,021690907,42.2345525,-71.01493330273374,6174811771,0.0,95
e1892a2c-6dca-3c4c-93b7-0e00a9eb8b61,PRIMARY & PREVENTIVE CARE  INC.,20 EAST ST,HANOVER,MA,023391638,42.1278249,-70.82664947485381,7818263146,0.0,175
67cade01-dcfe-37b7-8e2c-b712d9e6fbba,RUTLAND FAMILY HEALTH CENTER,694 MAIN ST,HOLDEN,MA,015201862,42.3406819,-71.8390289,5088866500,0.0,39
11a40a26-a5a3-331d-aef0-d06dd90e2b4e,CAPE COD PRIMARY CARE LLC,10 OSTERVILLE WEST BARNSTABLE RD,YARMOUTH PORT,MA,026752000,41.7020544,-70.249465,5084282620,0.0,54
b954c464-11ea-312b-a3f8-1350775bfa54,CHELSEA JEWISH HOSPICE AND PALLIATIVE CARE,123 CAPTAIN'S ROW,CHELSEA,MA,021504019,42.3917638,-71.0328284,6178890779,0.0,15
19f958ef-57cf-33c1-b068-14b32a980813,DRACUT FAMILY HEALTHCARE,155 BROADWAY RD,DRACUT,MA,018262754,42.67578279999999,-71.29320171860073,9784580475,0.0,52
f0214766-e2d0-3793-b2b6-4e1ea5df2a87,HOLYOKE RETIREMENT COMMUNITY  INC.,298 JARVIS AVE,HOLYOKE,MA,010401288,42.2087949,-72.6430892731527,4134472652,0.0,1
1676f96e-65fc-350d-918b-453697bf07ff,NORWELL VISITING NURSE ASSOCIATION INC,120 LONGWATER DRIVE,NORWELL,MA,020611653,42.15682485,-70.8792143504961,7816592342,0.0,2
486bf543-9696-3d51-aa70-28a3044ce490,COMMUNITY HEALTH PROGRAMS INC,777 NORTH STREET,PITTSFIELD,MA,012014147,42.46054825,-73.24880457390918,4134998531,0.0,9
53f086de-2fc7-3d35-92c2-aca4ed944e7f,LAWRENCE GENERAL HOSPITAL,1 GENERAL ST,LAWRENCE,MA,018412961,42.7097143,-71.15007700778098,9786834000,0.0,260
20f63278-6709-3195-b767-782d2a10bd5c,NEVILLE CENTER AT FRESH POND FOR NURSING & REHAB,640 CONCORD AVENUE,CAMBRIDGE,MA,021381116,42.389222000000004,-71.14799280677965,6174970600,0.0,4
c709c5eb-ddd7-3778-84f7-0931a4d1c718,HEBREW SENIORLIFE AFFILIATED MEDICAL GROUP INC,1200 CENTRE ST,ROSLINDALE,MA,021311000,42.29768,-71.130463,6179715766,0.0,938
c05d73d0-b348-32ce-9fe5-13a720950f37,URGENT HELP CHELMSFORD PC,45 DRUM HILL RD,CHELMSFORD,MA,018241503,42.6255635,-71.3615131,9784467515,0.0,54
0e061004-bcc0-3e99-a237-d700823e817b,MOUNTAIN VIEW FAMILY PRACTICE PC,570 BALDWINVILLE RD,BALDWINVILLE,MA,014361351,42.5953045,-72.07447782689232,9789392133,0.0,56
de3cc142-803a-3ed4-8945-75ec88a84784,ALLIANCE HEALTH AT BALDWINVILLE,51 HOSPITAL ROAD,BALDWINVILLE,MA,014361215,42.6108483,-72.0608364,9789392196,0.0,7
0592d4e5-a0fb-3143-83cd-8e5a6b066a96,SOUTH SHORE PRIMARY AND URGENT CARE LLC,20 EAST ST,HANOVER,MA,023391638,42.1278249,-70.82664947485381,7815610460,0.0,25
c67ca7ed-4769-3b6c-a0a9-993f1227ff10,CAPE ANN MEDICAL CENTER LLC,1 BLACKBURN DR,GLOUCESTER,MA,019302237,42.6269312,-70.65555242413386,9782811500,0.0,40
6aae7a31-90df-3455-ad8d-81f8cf2d21e8,BROCKTON HOSPITAL  INC.,680 CENTRE ST,BROCKTON,MA,023023308,42.0872752,-70.9910738855076,5089417000,0.0,155
14036728-b721-3e4b-8755-8ee8ab6ed15e,LONGFELLOW PRIMARY CARE  PC,625 MOUNT AUBURN ST,CAMBRIDGE,MA,021384518,42.375351,-71.1468628,6174924545,0.0,41
