Id,BIRTHDATE,DEATHDATE,SSN,DRIVERS,PASSPORT,PREFIX,FIRST,MIDDLE,LAST,SUFFIX,MAIDEN,MARITAL,RACE,ETHNICITY,GENDER,BIRTHPLACE,ADDRESS,CITY,STATE,COUNTY,FIPS,ZIP,LAT,LON,HEALTHCARE_EXPENSES,HEALTHCARE_COVERAGE,INCOME
052b9dd1-0e8c-f17d-598c-37915ffdbe3e,2012-06-17,,999-41-1291,,,,Elizebeth108,Mira443,Toy286,,,,white,nonhispanic,F,Worcester  Massachusetts  US,688 Brekke Haven Suite 63,Stockbridge,Massachusetts,Berkshire County,,00000,42.280456328212104,-73.33088418908812,34546.07,508.77,137786
20b379fd-4a13-0fbb-7b12-b3db331eea70,2015-06-10,,999-42-6593,,,,Ollie731,Brynn361,Sanford861,,,,asian,nonhispanic,F,Melrose  Massachusetts  US,474 Kemmer Lock Apt 85,Malden,Massachusetts,Middlesex County,25017,02148,42.441032455636346,-71.11905472061814,13996.88,14439.30,71076
396e9c69-3923-ef41-6374-922cd0a495dc,1956-09-19,2012-06-03,999-98-8636,S99946472,X66667269X,Mrs.,Pamella8,,Bruen238,,Cole117,D,white,nonhispanic,F,Ocean Bluff-Brant Rock  Massachusetts  US,825 Kertzmann Throughway,Berlin,Massachusetts,Worcester County,,00000,42.34290212964252,-71.64463262795664,364827.24,132220.41,47086
e3be23a1-3755-dba6-de87-3648fd501f6c,1996-03-15,,999-50-5462,S99918495,X61482619X,Mrs.,Leta870,Carri827,Swaniawski813,,Boyer713,M,white,nonhispanic,F,Lowell  Massachusetts  US,692 Waelchi Row,Bellingham,Massachusetts,Norfolk County,25021,02019,42.03813071664912,-71.49592164042926,77759.55,136895.78,61714
1a3c5735-430e-b53e-0abb-9d7dddb3bd69,2015-04-09,,999-20-7685,,,,Maura912,Candance389,Boehm581,,,,white,nonhispanic,F,Groveland  Massachusetts  US,439 Ankunding Walk Suite 76,Somerville,Massachusetts,Middlesex County,25017,02140,42.347755724101965,-71.1282877569061,11651.27,6799.55,159120
b204a4d0-b1d6-008c-cd03-bb831eb58dcb,2017-10-10,,999-54-4303,,,,Velma961,Tamra871,Turner526,,,,black,nonhispanic,F,Boston  Massachusetts  US,877 Gorczany Lock,Bellingham,Massachusetts,Norfolk County,25021,02019,42.067412786967125,-71.50952121810586,11597.80,9965.78,110969
8fd5ac44-4e98-35e9-a63c-6fc13ec48c3f,1961-05-07,,999-92-8908,S99952662,X36371976X,Mr.,Gerald181,Jacob959,Auer97,,,W,white,nonhispanic,M,Amherst Center  Massachusetts  US,424 Berge Trace Apt 80,Weymouth,Massachusetts,Norfolk County,25021,02189,42.19067938137462,-70.96422211215126,285053.14,221578.18,139092
6093c8f4-9a0c-388b-a7b8-309bf32e76c1,1982-05-22,,999-91-9993,S99960492,X5289605X,Mr.,Terrance440,Burl285,Davis923,,,M,white,nonhispanic,M,Mansfield  Massachusetts  US,999 Gottlieb Lane Apt 37,Amherst,Massachusetts,Hampshire County,,00000,42.31626692605003,-72.47267550788536,7039.49,88061.49,3307
703074d3-9fd5-7ee6-ebf8-e713e390a188,1986-11-07,,999-73-5590,S99983036,X76735083X,Mrs.,Hulda44,Haydee844,Willms744,,Abshire638,M,white,nonhispanic,F,Dedham  Massachusetts  US,404 Leffler Mill Suite 88,Dartmouth,Massachusetts,Bristol County,,00000,41.53189469942374,-70.93338679029978,11367.33,613579.36,15428
e2b370cd-f4a6-0265-9dcf-a5c4ccf849ed,1958-09-26,,999-98-3316,S99931612,X68256241X,Mrs.,Daniell603,,Donnelly343,,Littel644,D,black,nonhispanic,F,New Bedford  Massachusetts  US,663 Mohr Loaf Apt 18,Somerville,Massachusetts,Middlesex County,25017,02143,42.43244357208809,-71.11388764989519,18882.44,978071.94,12063
c26a046f-ff54-fa35-3f03-e27ebbef088a,1956-09-19,2022-09-09,999-56-6464,S99912592,X10111447X,Mrs.,Delmy607,Jeneva675,McCullough561,,Baumbach677,M,white,nonhispanic,F,Boston  Massachusetts  US,616 Klein Bridge Apt 51,Berlin,Massachusetts,Worcester County,,00000,42.40332256623309,-71.65810596304257,998670.89,355535.50,47086
14f96679-5760-5f96-ddaa-7dbb2c1f34f5,1968-12-16,,999-74-9908,S99917844,X80339298X,Ms.,Mickie472,Patricia625,Metz686,,,S,white,nonhispanic,F,Attleboro  Massachusetts  US,611 Cassin Parade,Hingham,Massachusetts,Plymouth County,25023,02043,42.2345262769137,-70.92366252084072,544407.30,43426.52,61510
a69c9ba6-9af1-ffcc-edbe-40bf258326d8,1966-01-01,,999-55-2831,S99957553,X63967784X,Mr.,Ed239,,Goodwin327,,,M,white,nonhispanic,M,Boston  Massachusetts  US,890 Wyman Mission,Norton,Massachusetts,Bristol County,,00000,41.98261409575751,-71.20517414806393,96309.07,123488.01,74490
bf2fa085-4f25-ae8c-922a-5b063eef176f,1943-07-30,1998-05-11,999-87-5137,S99984002,X55049196X,Mr.,Carmen818,Burton124,Tromp100,,,S,asian,nonhispanic,M,Hyderabad  Andhra Pradesh  IN,442 Smitham Bypass,Worcester,Massachusetts,Worcester County,25027,01545,42.24427670432602,-71.85315772897009,12434.23,318475.90,14624
a8dd7486-3007-2d4b-6e20-d3ae06996572,1974-04-05,,999-71-7125,S99943572,X20813834X,Mr.,Leland44,Benton624,Dooley940,,,M,white,nonhispanic,M,Billerica  Massachusetts  US,547 Kemmer Lock,Mashpee,Massachusetts,Barnstable County,,00000,41.60810514506188,-70.50412151985475,8510.98,107163.56,19334
4fec217c-9293-a62d-2d10-fd30d3823f6b,1956-09-19,,999-69-4189,S99952350,X52368334X,Ms.,Tamatha836,Adelia946,Leuschke194,,,S,white,nonhispanic,F,Lynn  Massachusetts  US,141 Blick Vale Apt 6,Berlin,Massachusetts,Worcester County,,00000,42.38425231755038,-71.60298184451239,1281021.48,1004089.50,47086
f551e629-c9bd-e27b-f39c-6ebcac49710e,1943-07-30,2013-12-04,999-92-8424,S99938756,X72199734X,Mr.,Gabriel934,Cesar434,Batz141,,,M,asian,nonhispanic,M,Hyderabad  Andhra Pradesh  IN,1093 Effertz Highlands,Worcester,Massachusetts,Worcester County,25027,01583,42.253624023819086,-71.75168355558502,16239.95,294042.24,14624
2c098123-c856-c1a0-8dab-adb714ae3074,1964-11-17,,999-76-2728,S99973574,X85678980X,Mrs.,Keiko299,Latashia561,McClure239,,Kemmer137,M,asian,nonhispanic,F,Northborough  Massachusetts  US,490 Leannon Mill,Westford,Massachusetts,Middlesex County,,00000,42.622937090141235,-71.4823441582455,196408.45,1180882.14,321605
0c169b86-35ab-59e7-22bf-0a6b491a2371,1953-12-28,,999-29-4515,S99914000,X45761963X,Mrs.,Florentina22,Fairy757,Hoppe518,,Morissette863,D,white,nonhispanic,F,Lynn  Massachusetts  US,257 Roberts Mews,Plymouth,Massachusetts,Plymouth County,25023,02360,41.84646109906758,-70.61889074726875,916443.11,378810.26,64635
1c31b083-d881-fa1d-3f54-47a486d3b44a,1977-10-17,,999-99-6647,S99981186,X77267059X,Mrs.,Kiera822,September423,Borer986,,Hyatt152,M,white,nonhispanic,F,Naples  Campania  IT,759 McLaughlin Alley,Brewster,Massachusetts,Barnstable County,25001,02631,41.718258654094186,-70.09211656119389,15107.07,837781.13,15722
b13a7902-77b8-1ba4-7567-d2cb64506ca8,1988-02-05,1991-12-13,999-16-9683,,,,Vera718,Olympia319,Abernathy524,,,,white,nonhispanic,F,Everett  Massachusetts  US,211 Mayer Row,Sturbridge,Massachusetts,Worcester County,25027,01566,42.14182781728499,-71.9244965223428,11875.98,2840.42,726688
9c944414-3075-c6fc-d9be-d32d32c47d1f,2013-02-28,,999-56-9293,,,,Jewel43,,Kemmer137,,,,white,nonhispanic,M,Springfield  Massachusetts  US,906 Roberts Bridge,Greenfield,Massachusetts,Franklin County,25011,01301,42.64535269193819,-72.56322804049898,31131.82,3901.25,87816
85622633-b851-a66a-ac8d-a3937faaa049,2004-06-22,,999-93-9688,S99912799,X69329895X,Mr.,Elijah719,Lorenzo669,Flatley871,,,,white,nonhispanic,M,Westfield  Massachusetts  US,997 Rowe Bypass,Westborough,Massachusetts,Worcester County,25027,01581,42.25763131908151,-71.66222695499802,82814.69,7940.37,142591
fa37c773-44c2-8e16-655e-2343753d3841,1966-11-30,,999-10-6279,S99958292,X6373641X,Mr.,Nathaniel596,Mohammed454,Monahan736,,,M,asian,nonhispanic,M,Newton  Massachusetts  US,129 Dare Wynd Apt 9,Milton,Massachusetts,Norfolk County,25021,02186,42.21400819081875,-71.06882571521906,183519.34,0.00,48100
097eda2b-d0f0-ac29-c461-a991bbfede23,1943-07-30,2008-02-23,999-22-4348,S99936262,X61905192X,Mr.,Lester513,Loren192,Walsh511,,,M,asian,nonhispanic,M,Bangalore  Karnataka  IN,311 Braun Orchard,Worcester,Massachusetts,Worcester County,25027,01605,42.24562229226917,-71.78135352796612,14123.47,260527.62,14624
eae952cf-094a-043f-11e1-ba1c61d905c9,1988-02-05,,999-58-9208,S99975371,X9675134X,Mrs.,Cherry401,Tarra676,Brekke496,,Padberg411,M,white,nonhispanic,F,Beverly  Massachusetts  US,1081 Dach Village,Sturbridge,Massachusetts,Worcester County,25027,01507,42.115695552828164,-72.07858863458165,177652.54,1173563.37,726688
ab6f12ff-0412-792b-050e-d060256e27bf,1961-08-09,,999-21-6273,S99919894,X11872121X,Mr.,Dwayne786,,Sauer652,,,M,white,nonhispanic,M,West Springfield  Massachusetts  US,107 Wisoky Trailer Suite 31,Hanson,Massachusetts,Plymouth County,25023,02341,42.08583925615981,-70.90793364589186,165951.55,55525.86,76076
ab4b995a-3b27-a486-3d0e-2da987d8dbba,1954-10-13,,999-64-3340,S99913919,X53469844X,Mrs.,Janyce124,Brandi2,Waelchi213,,McGlynn426,D,white,nonhispanic,F,Wareham  Massachusetts  US,1003 Will Crossroad,Cambridge,Massachusetts,Middlesex County,25017,02139,42.3474247325715,-71.08258306723373,326806.97,126263.29,46233
479b45f1-6096-26f3-5348-c18c29a06e52,2002-01-07,,999-93-6892,S99955585,X14668602X,Mr.,Weldon459,Mario764,Gutmann970,,,,white,nonhispanic,M,Worcester  Massachusetts  US,601 Kihn Harbor,Wakefield,Massachusetts,Middlesex County,25017,01880,42.5062715691248,-71.04325740412295,47694.47,12562.87,26460
72b54509-93c6-9893-4c1f-65e310ca291f,2011-03-08,,999-30-4569,,,,Jenniffer979,Mayola305,Daniel959,,,,white,nonhispanic,F,Framingham  Massachusetts  US,1007 Murphy Wall Apt 26,Cambridge,Massachusetts,Middlesex County,25017,02142,42.34969783181391,-71.15169180606841,27668.31,11640.74,685202
f33dea14-6d2a-7c87-2651-dc05867a55aa,1958-05-20,2021-03-12,999-64-7599,S99961601,X26985892X,Ms.,Anastasia959,Shirlee202,Moore224,,,S,black,nonhispanic,F,Ludlow  Massachusetts  US,669 Strosin Well Unit 34,Middleborough,Massachusetts,Plymouth County,,00000,41.87818070919841,-70.83073579982714,697551.34,171727.17,40745
2bdbeb40-e871-bf2a-6db5-81685330553b,2014-04-19,,999-18-1668,,,,Deedee112,Nila48,Effertz744,,,,hawaiian,nonhispanic,F,Boston  Massachusetts  US,226 Rau Rue Apt 81,Vineyard Haven,Massachusetts,Dukes County,25007,02568,41.42129464578886,-70.60965263437227,20761.85,11745.43,28114
d37b77ec-6f4a-3d77-ef54-8d6344dc2b90,1967-04-04,,999-41-8840,S99935614,X7931724X,Mrs.,Jacquetta148,Miranda712,Volkman526,,Goodwin327,M,white,nonhispanic,F,Kingston  Massachusetts  US,726 Thiel Parade,Somerville,Massachusetts,Middlesex County,25017,02138,42.443631099819235,-71.14585280746886,276879.23,757456.97,30153
d13d49be-6535-48af-0f5a-1bdc5346d90b,1968-11-11,,999-19-9757,S99919262,X36873386X,Mrs.,Gwenn701,Miki234,Bogisich202,,Osinski784,M,white,nonhispanic,F,Shrewsbury  Massachusetts  US,312 Grimes Street,Newton,Massachusetts,Middlesex County,25017,02464,42.39681186453759,-71.26317906313317,215809.43,528788.56,662107
e9ba0ff3-00cb-55f4-90b4-b26d779ea9bc,1954-10-08,,999-40-4039,S99911675,X31901569X,Mrs.,Sherrie396,Mickey576,Kohler843,,Gusikowski974,M,white,nonhispanic,F,Brookline  Massachusetts  US,226 Schowalter Dam,Northbridge,Massachusetts,Worcester County,,00000,42.136430531590804,-71.68052368036253,308396.10,946154.70,194895
4f08033c-a6a9-6a38-825b-18396c1d223c,1958-05-20,,999-89-3084,S99950882,X61722871X,Ms.,Sarah635,Rachel885,Schaefer657,,,S,black,nonhispanic,F,Haverhill  Massachusetts  US,664 O'Connell Junction,Middleborough,Massachusetts,Plymouth County,,00000,41.9050887000108,-70.90908430629221,779054.63,441663.30,40745
df3b537e-09db-94ff-b2cb-4b702dcb2f82,1996-12-27,,999-48-6452,S99957556,X20080856X,Mr.,Kristofer887,Odis959,Mosciski958,,,M,white,nonhispanic,M,Arlington  Massachusetts  US,1092 Steuber Rest Suite 99,Wrentham,Massachusetts,Norfolk County,,00000,42.04151980163524,-71.32983388264985,67897.13,7598.43,100548
3be0511c-26f1-3974-c800-fad57bb534c8,1974-02-09,,999-30-3767,S99936116,X35954026X,Mrs.,Dennis979,,Schoen8,,O'Kon634,M,white,nonhispanic,F,Watertown  Massachusetts  US,764 Klein Brook Unit 88,Lawrence,Massachusetts,Essex County,25009,01840,42.68386850044022,-71.13166017432641,459362.74,434719.01,73086
77aec700-0c2b-5b01-3bda-26544dff0010,1991-08-24,,999-88-1057,S99939609,X72398896X,Mr.,Henry768,,Bahringer146,,,M,white,nonhispanic,M,Boxford  Massachusetts  US,980 Boyer Ville,Greenfield,Massachusetts,Franklin County,25011,01301,42.632522095358574,-72.644316960863,227405.14,279171.79,51585
3e123825-1989-c0e9-1f42-4ac22de45bbd,1943-07-30,,999-77-4810,S99939678,X73088070X,Mr.,Manuel446,Erwin847,Mills423,,,S,asian,nonhispanic,M,Hyderabad  Andhra Pradesh  IN,485 Nitzsche Flat,Worcester,Massachusetts,Worcester County,25027,01609,42.280826066164096,-71.83426000385846,31674.44,651398.14,14624
37197857-5bbf-d77c-1644-3921325160c2,2007-10-19,,999-49-6254,S99920415,,,Leland44,,Quigley282,,,,black,nonhispanic,M,Fairhaven  Massachusetts  US,1041 Baumbach Flat,Lawrence,Massachusetts,Essex County,25009,01840,42.68034099004059,-71.18546104976708,9789.82,709544.08,14635
1c982ce3-bdb8-febd-d6bf-74897f9d3653,1970-10-15,1972-02-16,999-42-7755,,,,Ronnie7,Karl184,Feeney44,,,,white,hispanic,M,Boxford  Massachusetts  US,400 Hills Ramp,Leverett,Massachusetts,Franklin County,,00000,42.460172301998924,-72.49977629557134,10099.25,11605.11,110081
407024fb-55a8-e45f-6d61-cd27976b3026,2016-03-05,,999-22-1572,,,,Eduardo902,Mauricio81,Metz686,,,,black,nonhispanic,M,Hanover  Massachusetts  US,399 Boehm Fork,Randolph,Massachusetts,Norfolk County,25021,02368,42.16937345893126,-71.0944888175655,16900.12,3449.49,160329
c77aaf6b-be97-4262-934c-6976d7ee54dd,1969-08-04,,999-44-5072,S99931420,X30785201X,Mrs.,Emely698,Nikita578,Wiegand701,,Corkery305,M,white,hispanic,F,Lunenburg  Massachusetts  US,914 Grant Terrace,Worcester,Massachusetts,Worcester County,25027,01605,42.30670341065431,-71.83842806434876,798517.95,429261.95,58787
1a8e7371-54b9-8763-6435-efb3ad5c4fb3,1959-06-04,,999-89-4917,S99966157,X82924210X,Mr.,Boyd728,,Lynch190,,,M,white,nonhispanic,M,Natick  Massachusetts  US,407 Kilback Crossroad Apt 8,Becket,Massachusetts,Berkshire County,,00000,42.27087717415511,-73.0990250020526,141974.06,712980.54,26130
657291a9-82a0-32fd-4a0c-d50686dcf76a,2010-06-05,,999-33-1443,,,,Eliz744,Celestina960,Mills423,,,,white,nonhispanic,F,Fitchburg  Massachusetts  US,782 Schulist Grove,Sharon,Massachusetts,Norfolk County,25021,02067,42.11554973589542,-71.22458107359115,26453.14,26726.79,185327
74add57e-5569-31ee-f563-27fad9516c8f,1970-10-15,,999-86-6226,S99993551,X32985819X,Mr.,Elmo857,Elijah719,Haag279,,,M,white,hispanic,M,Chicopee  Massachusetts  US,923 Wilkinson Common Suite 95,Leverett,Massachusetts,Franklin County,,00000,42.48309953989372,-72.44108270708482,75281.62,205581.10,110081
33bd5671-3601-dc83-f440-7330704a1de4,1989-08-14,2015-09-08,999-68-8668,S99996976,X18367562X,Mr.,Javier97,,Gleichner915,,,,white,nonhispanic,M,West Concord  Massachusetts  US,533 Marks Ranch,New Bedford,Massachusetts,Bristol County,25005,02747,41.661511739961746,-70.8907849161915,7047.48,95847.23,5933
63049ee7-9d78-4a61-0d69-3c0f0ff2595e,1991-11-30,,999-65-5776,S99926835,X12718938X,Mr.,Claude750,Lyman173,Kub800,,,M,white,nonhispanic,M,Fitchburg  Massachusetts  US,1082 Jacobi Key,Boston,Massachusetts,Suffolk County,25025,02108,42.365018491673844,-71.02157023525194,122664.30,73958.03,138329
68016b91-e4c8-7344-a02a-755342c72a47,1966-06-06,,999-16-7819,S99959929,X2325750X,Ms.,Joi660,Eulalia351,Lind531,,,S,white,nonhispanic,F,Auburn  Massachusetts  US,872 Sporer Gateway Suite 18,Pittsfield,Massachusetts,Berkshire County,25003,01201,42.477721723834044,-73.29399401386151,684804.37,42290.62,70521
ee40381a-fbd5-1f26-6c60-f5479750654d,1989-08-14,,999-79-2060,S99986428,X7579136X,Mr.,Willie882,Les282,Rodriguez71,,,M,white,nonhispanic,M,Acton  Massachusetts  US,799 Strosin Course,New Bedford,Massachusetts,Bristol County,25005,02748,41.725946591064094,-70.9174463262841,6437.58,80856.68,5933
0ab5b9cc-4e92-231f-fb72-865ad93ad476,2016-01-01,,999-79-2282,,,,Kieth891,,Jaskolski867,,,,white,nonhispanic,M,Brockton  Massachusetts  US,226 Jones Fort,Chelmsford,Massachusetts,Middlesex County,,00000,42.64663506406465,-71.36585239663282,39631.76,12277.46,42699
39633d62-7e1a-d8f1-c9c7-ccc52e1bd02d,1973-12-18,,999-43-1847,S99937316,X12241447X,Mr.,Rolf983,Charlie254,Huel628,,,M,asian,nonhispanic,M,West Brookfield  Massachusetts  US,311 Cruickshank Trace,Wellesley,Massachusetts,Norfolk County,25021,02492,42.35665627315697,-71.26640973308447,77594.07,184690.26,127678
25704cba-7c0b-c927-f25e-064f6c83cbf3,1963-02-04,,999-51-1423,S99913631,X80416812X,Mrs.,Melda993,Vera718,Dicki44,MD,Hickle134,W,white,nonhispanic,F,Bridgewater  Massachusetts  US,820 Wilkinson Run Unit 51,Westhampton,Massachusetts,Hampshire County,,00000,42.30662487491965,-72.77216117968118,1051774.79,289955.00,89338
3f508c5a-fdcc-55c6-7540-04e433722055,1974-05-02,,999-84-4188,S99988980,X55992334X,Mrs.,Melva551,Lisabeth458,Schaefer657,,Brekke496,M,black,nonhispanic,F,White Island Shores  Massachusetts  US,855 Kunze Port Apt 99,Boston,Massachusetts,Suffolk County,25025,02199,42.27715375369788,-71.03571861252993,166708.80,274480.55,147855
2729f405-4e7c-7c57-10c8-b7d7f156fb2a,1951-11-04,,999-42-4025,S99944743,X81011004X,Mrs.,Shani239,Heidy529,Krajcik437,,Durgan499,M,asian,nonhispanic,F,Springfield  Massachusetts  US,691 Satterfield Route,Lynnfield,Massachusetts,Essex County,25009,01940,42.52331126227007,-71.06177331932324,448920.41,1879152.08,140364
fd57d384-0c6f-1603-c1ef-5cdb7b9b0cfc,2022-04-23,,999-13-6241,,,,Silas208,Darrin898,Dietrich576,,,,black,nonhispanic,M,Pittsfield  Massachusetts  US,540 Bergnaum Junction,Brockton,Massachusetts,Plymouth County,25023,02351,42.12074569710937,-70.9773650946664,868.48,24093.41,20184
4712d061-e38e-18c2-82fe-166bfd135caa,1996-12-20,,999-89-4054,S99943932,X8020973X,Ms.,Valarie790,Aileen250,McKenzie376,,,S,white,nonhispanic,F,Bridgewater  Massachusetts  US,469 Conn Terrace Unit 1,Woburn,Massachusetts,Middlesex County,25017,01890,42.46208544987634,-71.10560468130274,40684.99,188726.69,26317
fbc38773-51c5-65fa-ac78-78243c12695b,2025-01-13,,999-23-1594,,,,Shera199,Maybell872,Tromp100,,,,white,nonhispanic,F,Clarksburg  Massachusetts  US,1029 Mayer Gardens,Lawrence,Massachusetts,Essex County,25009,01843,42.662823832703054,-71.16078921498318,4234.63,0.00,50237
cec19b5f-3f4f-aed5-fe9b-afadc8662b16,1979-11-02,,999-13-1746,S99947517,X4080903X,Mrs.,Judi176,Asha251,Weissnat378,,Durgan499,M,white,nonhispanic,F,Stockbridge  Massachusetts  US,395 Kuhic Lane Apt 22,Westfield,Massachusetts,Hampden County,25013,01085,42.19724223360376,-72.79920265895882,552971.83,866058.34,53163
ce55ea76-829a-dae9-a2e6-1ee054fa8aa7,1970-11-14,,999-65-7652,S99981728,X18671317X,Ms.,Devora529,,O'Conner199,,,S,asian,hispanic,F,Fiskdale  Massachusetts  US,380 Hirthe Well Apt 27,West Springfield,Massachusetts,Hampden County,25013,01089,42.13214064411455,-72.61722262994651,509992.21,225040.26,44927
b8741c9c-84d9-fa35-d4ca-4a9633e42904,1975-02-26,,999-31-4417,S99912124,X62962327X,Ms.,Lissette621,Portia383,Mraz590,,,S,white,nonhispanic,F,Swampscott  Massachusetts  US,820 Parker Rue,Canton,Massachusetts,Norfolk County,,00000,42.132350227728274,-71.0873078813152,268374.87,489161.69,140996
c0dcf335-d739-2032-799b-f708ae714c52,2021-06-11,,999-98-7718,,,,Tressa150,,Crona259,,,,black,nonhispanic,F,Holyoke  Massachusetts  US,1098 Runte Club Apt 99,Chelsea,Massachusetts,Suffolk County,25017,02149,42.3954774911646,-71.04503739073616,20549.64,0.00,55610
b0cd5547-29fa-e277-d014-bc516a68c61b,1956-11-13,,999-82-4979,S99964303,X76390708X,Mrs.,Eloisa55,Lanell756,Williamson769,,Kerluke267,M,white,nonhispanic,F,Somerville  Massachusetts  US,1037 Bosco Stravenue,Pittsfield,Massachusetts,Berkshire County,25003,01201,42.415564691518995,-73.27943766661775,181368.84,810646.96,23765
8a27f6ed-acce-a94f-c710-008abf0c37c4,1958-09-18,2013-06-01,999-84-3868,S99980834,X89432966X,Mr.,Horace32,Ezequiel972,Kreiger457,,,M,white,nonhispanic,M,Brookline  Massachusetts  US,1065 Ruecker Divide,Georgetown,Massachusetts,Essex County,,00000,42.73350036148228,-71.03283120427517,412119.70,259880.92,86077
d4f4d80d-e79a-5832-1c4f-317c64b1fb98,1958-09-18,,999-92-3946,S99975067,X43147547X,Mr.,Don899,Reyes140,Hagenes547,,,S,white,nonhispanic,M,Cambridge  Massachusetts  US,627 O'Conner Camp,Georgetown,Massachusetts,Essex County,,00000,42.725749714479804,-70.96478585917733,187224.09,104723.41,86077
3f62e3c9-62e3-7a14-2f5b-7430faebaffc,1939-11-05,,999-42-7358,S99993898,X67935985X,Mr.,Gonzalo160,,Garza151,,,M,asian,hispanic,M,San Salvador  El Salvador  SV,281 Abshire Overpass Apt 13,Falmouth,Massachusetts,Barnstable County,25001,02540,41.56769443541652,-70.56271569380027,60735.23,1430478.09,16067
2f50ea50-0d44-db5a-0981-076c1e447a26,1948-01-10,2016-12-03,999-77-1158,S99966912,X66823835X,Mr.,Devin82,Gaylord332,Pollich983,,,S,asian,nonhispanic,M,Abington  Massachusetts  US,405 Ernser Underpass Apt 43,Boston,Massachusetts,Suffolk County,25025,02130,42.36019421922104,-71.16121755056776,199071.27,2539629.80,58191
8333b11c-3783-7225-7c16-16925b7ddea0,2023-10-01,,999-37-4600,,,,Felice694,Miyoko154,Feeney44,,,,white,nonhispanic,F,Taunton  Massachusetts  US,685 Fahey Ferry,Lawrence,Massachusetts,Essex County,25009,01843,42.71066970813907,-71.1488718176663,6505.25,0.00,53850
a7590f5d-d5bf-fbfa-bcf8-989f1a2329a9,1953-08-31,,999-72-5830,S99955994,X75395798X,Mr.,Jody426,,Wiza601,,,M,white,nonhispanic,M,Concord  Massachusetts  US,715 Schimmel Ferry,Cambridge,Massachusetts,Middlesex County,25017,02138,42.382820683163416,-71.11797778735352,250838.05,155337.27,64016
16ceb989-dbf3-d8a3-4f4a-7a5e26c50952,1965-01-03,,999-87-1163,S99997043,X45302969X,Ms.,Hermelinda327,Junie167,Schmidt332,,,S,white,nonhispanic,F,Hamilton  Massachusetts  US,831 O'Kon Wall Suite 48,Greenfield,Massachusetts,Franklin County,25011,01301,42.652462139321344,-72.64632984282083,27613.07,1046744.55,13355
e48e60ac-695c-3dcb-8fa9-7ed9968a55c6,2002-08-19,,999-12-4389,S99927622,X697398X,Ms.,Rose199,Angelique249,Mraz590,,,,asian,nonhispanic,F,Springfield  Massachusetts  US,519 Simonis Flat,Shrewsbury,Massachusetts,Worcester County,,00000,42.24165442597809,-71.69988169746053,85172.28,88775.72,79993
20684409-22ab-bcfc-73a1-2fb3e1a0d4d9,2001-05-25,,999-65-8988,S99955276,X65143545X,Ms.,Edie35,Susann104,Bechtelar572,,,,white,nonhispanic,F,Holden  Massachusetts  US,792 Yundt Promenade,Worcester,Massachusetts,Worcester County,25027,01607,42.27864576901345,-71.88519824817348,71230.68,342296.63,44003
3abc76ab-2414-0536-8653-7ecda83d42b0,1948-01-10,2003-03-27,999-72-2391,S99951076,X6254042X,Mr.,Juan88,,Goodwin327,,,S,asian,nonhispanic,M,Newton  Massachusetts  US,901 Orn Plaza,Boston,Massachusetts,Suffolk County,25025,02136,42.39694058070897,-71.01161434867873,213410.68,0.00,58191
c363baa5-a870-cf65-5c99-97cf56487775,2001-01-07,,999-23-7801,S99990961,X16878660X,Mr.,Joe656,Lonnie913,Hilpert278,,,,white,nonhispanic,M,Medford  Massachusetts  US,130 Streich Gateway,Weymouth,Massachusetts,Norfolk County,25021,02191,42.29091996480848,-70.89969652609541,35509.80,34067.93,565475
4838c337-8df4-7ebd-fb80-8bc8b1e35745,2004-12-11,,999-42-7466,S99948249,X37871515X,Mr.,Jeffery551,Maximo817,Padberg411,,,,white,nonhispanic,M,Newton  Massachusetts  US,889 Ankunding Village,South Hadley,Massachusetts,Hampshire County,,00000,42.25788289096606,-72.53207381453365,32905.04,24082.84,39155
f10c3263-bb29-eee2-0ff3-2be0372ba23f,1988-04-02,,999-84-4086,S99979104,X701997X,Mr.,Domingo513,Warren653,Purdy2,,,M,white,nonhispanic,M,Kingston  Massachusetts  US,490 Considine Row Suite 36,Groveland,Massachusetts,Essex County,,00000,42.727398635622095,-71.02064634653044,82696.88,8683.34,148123
c2789399-9bb4-bda8-7eb3-45c2c74f1fe4,2019-04-07,,999-40-7472,,,,Van763,Roy364,Gerhold939,,,,white,nonhispanic,M,Greenfield  Massachusetts  US,382 O'Reilly Meadow Apt 6,Boston,Massachusetts,Suffolk County,25025,02126,42.370091437255006,-70.9840071866316,9127.60,10172.40,27542
14040c3c-f0c8-a7ea-8f86-6774a130fb48,1982-01-15,,999-74-3079,S99936783,X14675479X,Ms.,Joan322,Georgianne697,Wehner319,,,S,white,nonhispanic,F,Royalston  Massachusetts  US,148 Kautzer Heights Suite 2,Boston,Massachusetts,Suffolk County,25025,02114,42.37456044940265,-71.04427834048715,126638.28,526979.62,185186
b7756f03-ac1d-6290-c14d-fd9761b65f87,1981-05-18,,999-45-3257,S99982252,X7343834X,Mr.,Brooks264,Dominique369,Klocko335,,,M,white,nonhispanic,M,Lawrence  Massachusetts  US,966 Stamm Wall Suite 51,Randolph,Massachusetts,Norfolk County,25021,02368,42.13997769392158,-71.01496548505952,158422.49,0.00,85230
2b281c67-61a8-6909-f47a-9c7caedd1869,1990-07-10,,999-16-8707,S99941112,X13531976X,Ms.,Lyndia317,Rosario163,Murazik203,,,S,white,nonhispanic,F,Springfield  Massachusetts  US,1039 Watsica Lock Unit 38,Norton,Massachusetts,Bristol County,,00000,41.94767179520034,-71.17903908032491,397081.62,46613.44,36256
5c26196a-827e-3373-12ca-7f03c7a85a69,1981-06-15,,999-15-8327,S99951334,X67546261X,Mrs.,Diann220,Marvel321,Macejkovic424,,Emmerich580,M,white,nonhispanic,F,Boston  Massachusetts  US,319 Pfannerstill Route,Norwell,Massachusetts,Plymouth County,,00000,42.11949765106724,-70.79253243020872,148011.70,683406.18,435899
88385f9d-157d-e917-c761-8c5a13e01577,1938-04-09,2023-04-23,999-61-1288,S99920259,X24229998X,Mrs.,Dalila583,Nam74,Okuneva707,,Marks830,M,white,nonhispanic,F,Northwest Harwich  Massachusetts  US,151 Blick Spur,Tisbury,Massachusetts,Dukes County,,00000,41.443920689246696,-70.60544673667674,323954.87,1461107.23,32127
682f8b59-a5cb-54f5-9329-bf501bfa98f7,1969-03-15,,999-26-2878,S99950496,X15092977X,Mr.,Jeffrey461,Isaias604,Pouros728,,,M,white,nonhispanic,M,Ludlow  Massachusetts  US,353 Konopelski Way,Woburn,Massachusetts,Middlesex County,25017,01801,42.45887975204163,-71.14995110149894,68979.27,114665.65,159264
b83605bc-08bf-3e03-97e9-f3483f943b34,1983-01-19,,999-30-7016,S99965266,X15233077X,Ms.,Linn541,,McCullough561,,,S,white,hispanic,F,Cambridge  Massachusetts  US,717 Wiza Parade,Berlin,Massachusetts,Worcester County,,00000,42.36329164076057,-71.67324489246265,597718.56,58517.80,36255
88b699cb-ac63-2f59-6935-4531f1b6e675,1958-01-25,2020-02-21,999-68-8865,S99969915,X32413332X,Mr.,Emmanuel930,,Keeling57,,,M,asian,nonhispanic,M,Chongqing  Chongqing Municipality  CN,938 Heidenreich Glen,East Bridgewater,Massachusetts,Plymouth County,,00000,42.079967697387666,-70.90737830297772,144487.70,182319.09,372280
768a9692-ef58-ca25-b2ac-75eb4dd1eec7,1958-01-25,,999-37-5319,S99963655,X45271307X,Mr.,Lewis216,Haywood675,Rath779,,,M,asian,nonhispanic,M,Beijing  Beijing Municipality  CN,377 O'Reilly Trail Apt 35,East Bridgewater,Massachusetts,Plymouth County,,00000,42.086170990665956,-70.98209949285345,176054.99,90389.58,372280
3fb46550-f387-54bc-befc-5689e6b829a8,1991-09-21,,999-55-8863,S99941311,X70507129X,Mr.,Octavio643,Warner493,Treutel973,,,M,white,nonhispanic,M,Falmouth  Massachusetts  US,400 Hintz Fort,Lakeville,Massachusetts,Plymouth County,,00000,41.841525391500106,-70.92810358752851,129370.96,31059.81,30011
59bbfbdb-1e08-112d-a9e9-c4f62d16cd38,2006-11-03,,999-92-9297,S99954526,,Ms.,Edda876,Penny812,Pagac496,,,,asian,nonhispanic,F,Macau  Macao Special Administrative Region of the People's Republic of China  CN,1027 Carter Forge Apt 11,Sandwich,Massachusetts,Barnstable County,25001,02563,41.683669327258194,-70.50405546965062,51813.45,892.37,132072
9848720b-651c-19a4-b082-a010884296e5,2020-05-15,,999-85-9533,,,,Larue605,,Lemke654,,,,white,nonhispanic,F,Pittsfield  Massachusetts  US,254 Mraz Underpass Suite 42,Stoneham,Massachusetts,Middlesex County,25017,02180,42.51952129256997,-71.09666450715281,7054.21,4017.59,196486
426f19e8-f635-ea7d-d497-002ab92641e6,1998-02-08,,999-10-1984,S99984678,X9503058X,Mr.,Jeremy766,Oren284,Towne435,,,,black,nonhispanic,M,Ashland  Massachusetts  US,212 Jerde Grove Unit 0,Boston,Massachusetts,Suffolk County,25025,02109,42.26058417629356,-71.114385650688,90851.75,0.00,107868
fe496b41-ab8c-f25a-438c-410a33cc279c,1973-04-03,,999-27-5054,S99994077,X4026757X,Mrs.,Kathaleen265,Maire384,Stark857,,Murphy561,M,white,nonhispanic,F,Weymouth  Massachusetts  US,421 Friesen Gardens,Sturbridge,Massachusetts,Worcester County,25027,01507,42.056273118342986,-72.12463559675487,210743.68,1828472.42,31937
9d9fe716-5052-710d-a888-bca6ebf2451a,2020-04-01,,999-71-7811,,,,Alberto639,Alec433,Bergnaum523,,,,white,nonhispanic,M,Quincy  Massachusetts  US,991 Schinner Path Apt 2,Boston,Massachusetts,Suffolk County,25025,02152,42.28820191322001,-71.11766604498496,9776.49,11652.62,97074
c486cd4d-3f30-2241-d310-fb62f841977f,1987-03-05,,999-36-9520,S99988655,X75455879X,Mrs.,Kareen958,Arlean815,Koch169,,Bogisich202,D,white,nonhispanic,F,Boston  Massachusetts  US,903 Turner Stravenue Unit 61,Plainville,Massachusetts,Norfolk County,,00000,41.999169195398096,-71.31893764873912,252512.52,524855.89,132901
e3ea4f16-4842-21b5-f204-57050c0647a7,1994-03-25,,999-41-4176,S99948218,X43141352X,Mr.,Octavio643,Emmanuel930,Wehner319,,,S,black,nonhispanic,M,Taunton  Massachusetts  US,820 Kemmer Neck Suite 8,Boston,Massachusetts,Suffolk County,25025,02215,42.321572805431856,-71.1170641555729,77971.52,7245.82,82625
382cce70-11a0-3ca0-4148-7f7a72bcb4bd,1979-11-28,,999-34-5426,S99931302,X32210457X,Mrs.,Kristin64,Kevin729,Abshire638,,Ankunding277,D,white,nonhispanic,F,North Attleborough  Massachusetts  US,971 Hilpert Gardens Suite 57,Lowell,Massachusetts,Middlesex County,25017,01851,42.60091829752029,-71.37512557031201,210984.62,95425.89,37642
ba4b752c-85c9-b50f-e247-094ce1ad5715,1945-01-26,,999-74-1017,S99911515,X51564444X,Mrs.,Tula326,Briana139,Monahan736,,Quitzon246,M,white,nonhispanic,F,Needham  Massachusetts  US,423 Swaniawski Highlands,Conway,Massachusetts,Franklin County,,00000,42.523632912866645,-72.66681806438392,807865.52,748588.73,38347
b55e9f6f-7e9d-2e88-64fb-28df57b76358,1938-04-09,,999-29-1862,S99978109,X43940620X,Ms.,Carli641,Contessa946,Swaniawski813,,,S,white,nonhispanic,F,Uxbridge  Massachusetts  US,1023 Conn Ranch Suite 51,Tisbury,Massachusetts,Dukes County,,00000,41.4720918895342,-70.64791649572868,274940.35,1160098.77,32127
76179868-0e98-4456-e097-708897443693,1973-12-16,,999-52-5013,S99938671,X30960095X,Mrs.,Rolande819,Karan473,Trantow673,,Keeling57,M,white,nonhispanic,F,Boston  Massachusetts  US,816 Tillman Terrace,Peabody,Massachusetts,Essex County,25009,01960,42.54481048752629,-71.0682383639811,18932.60,1498183.68,16218
25e05f47-86a8-807d-97c7-9c75e6a5c0ba,1994-11-11,,999-42-7456,S99911973,X66288720X,Mr.,Irwin931,Junior695,Rempel203,,,S,white,nonhispanic,M,Millville  Massachusetts  US,670 Daniel Fork Suite 89,Worcester,Massachusetts,Worcester County,25027,01607,42.2897299663636,-71.79458293902428,81204.82,11558.23,46019
2e34a515-6af9-60b5-7375-ce1e908e7898,1964-11-18,,999-21-2890,S99941745,X36111413X,Mr.,Gilbert263,Numbers230,Metz686,,,S,white,nonhispanic,M,Salem  Massachusetts  US,152 Farrell Union,Leominster,Massachusetts,Worcester County,25027,01420,42.538351762323536,-71.81326433097576,161867.07,148686.55,34331
ebc90f41-c8b7-c425-09ce-d8abac83acee,1945-12-26,,999-62-1705,S99960557,X25619669X,Mr.,Alfredo17,,Córdova800,,,S,white,hispanic,M,Marigot  Saint Andrew Parish  DM,811 Mraz Parade Suite 99,Beverly,Massachusetts,Essex County,25009,01915,42.542920542179594,-70.89909847564488,277604.67,209924.00,121569
26e87035-c9ab-7cba-d074-8e66078eed84,1948-01-10,2014-09-06,999-24-2163,S99963944,X57786862X,Mr.,Arthur650,Osvaldo336,Beatty507,,,M,asian,nonhispanic,M,Lynn  Massachusetts  US,1085 Kozey Lock,Boston,Massachusetts,Suffolk County,25025,02110,42.34852683323366,-71.01612895924242,367791.16,732219.37,58191
a324e8ea-7f9d-57f5-d641-083e3cb041c9,1974-11-06,,999-59-7490,S99971008,X63940299X,Mr.,Noble66,Alphonso102,Rutherford999,,,D,white,hispanic,M,Worcester  Massachusetts  US,181 Wiza Gardens Apt 65,Monson,Massachusetts,Hampden County,,00000,42.127409859444256,-72.31009220906398,147890.25,31211.16,111202
14da5da4-0239-c2e4-a154-0383f658d409,1964-10-14,,999-76-7320,S99916928,X76240277X,Mrs.,Bev675,Agueda283,Mosciski958,,Emmerich580,M,white,nonhispanic,F,Taunton  Massachusetts  US,829 Ryan Stravenue Unit 71,Norton,Massachusetts,Bristol County,,00000,42.00831886791135,-71.22942187773056,306965.25,418864.33,178810
73054269-1b45-4c2d-37e7-27f82bf418ed,1957-08-02,,999-70-7091,S99942317,X67822554X,Mr.,Lenny728,Fernando603,Prohaska837,,,M,white,hispanic,M,Lenox  Massachusetts  US,863 Brekke Passage Suite 55,Lynnfield,Massachusetts,Essex County,25009,01940,42.52875750852779,-71.0687441968281,183665.01,89639.49,128137
c97ec221-d20b-c7e1-bb8e-1ca612e1d0b4,1948-01-10,1997-09-07,999-32-8980,S99978989,X5689075X,Mr.,Sidney996,Ignacio928,Botsford977,,,S,asian,nonhispanic,M,Canton  Massachusetts  US,289 Stanton Promenade Suite 61,Boston,Massachusetts,Suffolk County,25025,02128,42.3639997810759,-71.08015391271375,181750.60,963859.74,58191
1b20c738-1137-c06d-1278-76452d5cfbee,1958-06-23,,999-79-9825,S99988952,X52334415X,Mr.,Earnest658,Santos184,Adams676,,,M,white,nonhispanic,M,Orleans  Massachusetts  US,435 Stamm Rue,Gloucester,Massachusetts,Essex County,25009,01930,42.585023303585075,-70.7030954423463,151213.27,194229.61,109844
82ff6797-4170-ac9d-ebdf-7dfe121d7e73,1960-05-17,,999-13-8890,S99926119,X64894052X,Ms.,Codi873,Asuncion264,Haag279,,,S,white,nonhispanic,F,Springfield  Massachusetts  US,736 Klein Spur,Quincy,Massachusetts,Norfolk County,25021,02169,42.24400458237144,-71.02388714174926,290969.29,693518.96,30941
57f04dc4-c0c0-a709-f2ab-3036e8e6952b,1969-12-21,,999-29-2572,S99972233,X42006640X,Mr.,Quinn173,,Rolfson709,,,M,white,nonhispanic,M,Smith Mills  Massachusetts  US,1064 Monahan Overpass,Medford,Massachusetts,Middlesex County,25017,02155,42.42264727627111,-71.13323829864783,81632.02,76236.26,49314
bcd35cff-c7dc-71bf-db34-72f4555f7dbc,1973-12-28,,999-79-6919,S99950833,X47060355X,Ms.,Patrick786,Mahalia897,Stanton715,,,S,white,nonhispanic,F,Bridgewater  Massachusetts  US,720 Johns Green,Marlborough,Massachusetts,Middlesex County,25017,01752,42.30904783941265,-71.53487206116831,586991.72,789894.24,73307
a0cdc258-e159-ea98-05a7-ecde33502f4a,1948-01-10,,999-59-7292,S99937567,X84951718X,Mr.,Dallas143,Derek111,O'Keefe54,,,M,asian,nonhispanic,M,Boston  Massachusetts  US,844 McKenzie Walk Apt 66,Boston,Massachusetts,Suffolk County,25025,02110,42.34667761626748,-71.13499611638012,239760.40,291163.34,58191
a16a7982-5c2b-ade3-0e49-7fd668337122,1989-02-24,,999-72-1725,S99929321,X74200698X,Ms.,Earleen680,Merry217,Kiehn525,,,S,white,nonhispanic,F,Weweantic  Massachusetts  US,345 Trantow Fork,Boston,Massachusetts,Suffolk County,25025,02151,42.36543809794728,-71.14644862223423,171853.73,636570.07,457231
d504a996-cc4d-2dfc-9fa2-3e29688ba8c4,1975-05-29,,999-54-4571,S99924816,X72590132X,Ms.,Drema139,,O'Keefe54,,,S,white,nonhispanic,F,Boston  Massachusetts  US,190 Davis Harbor Unit 49,Middleborough,Massachusetts,Plymouth County,,00000,41.90031428749193,-70.8844772543165,281998.82,432743.68,135536
dc2c670d-46da-8749-7ff7-d1c072e12a06,1966-07-23,,999-47-6308,S99926009,X79197096X,Mr.,Jorge Luis88,Gonzalo160,Carrasquillo418,,,M,white,hispanic,M,Puebla  Puebla  MX,166 Legros Common Suite 69,Salem,Massachusetts,Essex County,25009,01907,42.52236200860347,-70.94040204623731,240980.89,53347.94,96187
a46bf781-4ed6-d579-b75c-976057811728,1919-04-01,,999-78-1902,S99942644,X33545144X,Mr.,Jasper743,Greg949,Hagenes547,,,M,white,nonhispanic,M,Cambridge  Massachusetts  US,795 Ernser Glen,Worcester,Massachusetts,Worcester County,25027,01609,42.241834730931494,-71.75883893395492,139850.80,894579.66,5408
