Id,BIRTHDATE,DEATHDATE,SSN,DRIVERS,PASSPORT,PREFIX,FIRST,LAST,SUFFIX,MAIDEN,MARITAL,RACE,ETHNICITY,GENDER,BIRTHPLACE,ADDRESS,CITY,STATE,COUNTY,FIPS,ZIP,LAT,LON,HEALTHCARE_EXPENSES,HEALTHCARE_COVERAGE,INCOME
d08d19b2-95c0-792a-5ecc-12cc03912e53,2020-09-06,,999-41-5159,,,,Ezra452,Lemke654,,,,white,nonhispanic,M,North Attleborough  Massachusetts  US,466 Jakubowski Well,Boston,Massachusetts,Suffolk County,25025,02109,42.247534045854046,-71.05471664161179,19451.46,0.00,62597
c26a5f0b-e01f-1102-1ba5-b3d4e7fd9b81,2003-02-17,,999-52-7809,S99991608,X69087087X,Mr.,Thurman577,Doyle959,,,,white,nonhispanic,M,Novosibirsk  Novosibirsk Oblast  RU,1037 Heathcote Vista Apt 19,Westport,Massachusetts,Bristol County,,00000,41.57565577893444,-71.07435581396032,28163.32,0.00,92304
65e178e3-f716-7793-8ab4-18057257f0bf,1987-03-19,,999-26-6936,S99929755,X30975965X,Mrs.,Felica690,Hyatt152,,Monahan736,M,asian,nonhispanic,F,Melrose  Massachusetts  US,749 Satterfield Bay,Milford,Massachusetts,Worcester County,25027,01757,42.15432266024564,-71.50333644241688,150145.60,346566.09,113456
12539caf-5356-d131-b17c-224e66596991,1947-02-15,2015-10-03,999-69-9816,S99971758,X64975642X,Mrs.,Jasmin506,Veum823,,Romaguera67,M,white,nonhispanic,F,West Falmouth  Massachusetts  US,621 Moore Lodge Suite 45,Fitchburg,Massachusetts,Worcester County,25027,01420,42.6155585075616,-71.84501264409047,277347.19,1286204.46,33289
2015ba1e-3485-01be-91c8-5464f81e0892,2017-06-18,2023-11-29,999-35-1783,,,,Van763,Emard19,,,,white,nonhispanic,M,Newton  Massachusetts  US,448 Stark Crossing,Marshfield,Massachusetts,Plymouth County,25023,02050,42.098448275269284,-70.6955281223339,18346.21,33352.08,105266
8dd3c050-90f0-0248-0f84-38da201e9a11,2017-06-18,,999-53-3604,,,,Leonardo412,Will178,,,,white,nonhispanic,M,Abington  Massachusetts  US,647 Bergstrom Ramp Apt 39,Marshfield,Massachusetts,Plymouth County,25023,02050,42.07749737257139,-70.75655255432342,12738.79,878.03,105266
64b4d53b-a431-6cf3-3369-4601dd0a331d,1971-03-03,,999-67-2538,S99989700,X61326430X,Mrs.,Cecily421,Robel940,,Stracke611,D,white,hispanic,F,Worcester  Massachusetts  US,545 Langosh Neck,Methuen,Massachusetts,Essex County,25009,01841,42.69998547001516,-71.12277610262457,14767.19,144906.36,19955
ea4e0839-7723-c253-d774-3318075737b4,1947-02-15,1996-01-25,999-97-4301,S99943749,X19831727X,Ms.,Glayds212,Fisher429,,,S,white,nonhispanic,F,Boston  Massachusetts  US,438 Hickle Path,Fitchburg,Massachusetts,Worcester County,25027,01420,42.57314964277285,-71.8002370575315,86784.06,397736.30,33289
3f82e384-d3fb-52c9-d1f6-718b870c0c1f,2023-07-27,,999-44-9563,,,,Kurtis994,Gerhold939,,,,white,nonhispanic,M,Bedford  Massachusetts  US,733 Huel Fork,Chelmsford,Massachusetts,Middlesex County,,00000,42.61650423086343,-71.39121857991846,2984.10,0.00,230865
06d9e1bc-6e04-46d8-f085-f62718d52fc5,1964-10-25,,999-57-6242,S99970341,X86616241X,Mr.,Vince741,Leffler128,JD,,M,white,nonhispanic,M,Quincy  Massachusetts  US,580 Hackett Park Suite 69,Berkley,Massachusetts,Bristol County,,00000,41.87245232345529,-71.04025361549822,162212.08,681158.81,128290
ff9eea55-e403-793d-00eb-1b20c6c5c48d,2009-03-18,,999-49-5516,,,,Hilton264,Stoltenberg489,,,,white,hispanic,M,Lunenburg  Massachusetts  US,387 Adams Flat,Westfield,Massachusetts,Hampden County,25013,01086,42.13224212644247,-72.78598258106338,27893.85,5367.79,145138
f4421e84-425c-53ab-d3f3-45316c3bf32c,1960-08-16,,999-98-7057,S99971553,X39966746X,Mrs.,Lannie207,Howe413,,Boyer713,D,white,nonhispanic,F,West Concord  Massachusetts  US,705 O'Connell Mall Suite 95,Medford,Massachusetts,Middlesex County,25017,02155,42.42908438283667,-71.14305407295717,19966.90,1505007.41,1486
a69d4bbb-0ddb-e8fc-0984-0ba9a27d961f,1975-08-07,,999-17-9610,S99939789,X58748926X,Mr.,Adalberto916,Bernier607,,,M,white,nonhispanic,M,Saugus  Massachusetts  US,228 Rohan Meadow Unit 82,Boston,Massachusetts,Suffolk County,25025,02125,42.29057523609176,-71.0820935020631,133501.40,100308.97,121879
808b6cdc-5088-805b-56a0-7be18c930bcd,1947-02-15,,999-82-7010,S99915562,X65008377X,Ms.,Bobbye345,Stehr398,,,S,white,nonhispanic,F,Brookline  Massachusetts  US,386 Pollich Row,Fitchburg,Massachusetts,Worcester County,25027,01420,42.53757768683248,-71.81163284701636,250919.06,1921940.58,33289
da6d17d7-9c0c-a48f-4e5f-e81a7ba3467b,1992-08-11,,999-10-4203,S99931457,X54445147X,Mrs.,Jerry654,Rodriguez71,,Konopelski743,M,white,nonhispanic,F,West Boylston  Massachusetts  US,245 Wilkinson Dale Suite 25,Grafton,Massachusetts,Worcester County,,00000,42.169245702682865,-71.70765892458728,195358.58,429994.42,587595
2764c73f-361a-396a-d422-b9cad9652626,1931-02-04,1936-01-21,999-86-4705,,,,Cristi782,McGlynn426,,,,white,nonhispanic,F,Wilbraham  Massachusetts  US,239 Rutherford Knoll Unit 32,Orleans,Massachusetts,Barnstable County,25001,02653,41.7893448765679,-70.01168082537521,8457.77,0.00,742963
2b88abd7-1828-77f3-1575-1a8a09a4e83b,1988-01-08,,999-74-7920,S99970606,X32339953X,Mr.,Lorenzo669,Jaramillo133,,,M,white,hispanic,M,Portsmouth  Saint John Parish  DM,256 Stokes Track,Methuen,Massachusetts,Essex County,25009,01844,42.75659505941162,-71.19434955779174,33459.23,7406.50,155021
bec166b4-610f-4203-169f-8955bfd53538,2022-09-16,,999-57-1023,,,,Warren653,Yost751,,,,white,nonhispanic,M,Rockland  Massachusetts  US,669 Jast Walk Suite 60,Westford,Massachusetts,Middlesex County,,00000,42.5793670179597,-71.41948716367402,3537.28,3958.73,552792
cef15586-9965-fa5c-e077-1091960e8d6b,1991-12-24,,999-73-6207,S99962966,X79249121X,Mr.,Johnathon489,Wiza601,,,M,white,nonhispanic,M,Marlborough  Massachusetts  US,487 Adams Tunnel Apt 75,Haverhill,Massachusetts,Essex County,25009,01832,42.83950178504159,-71.09603640732662,69123.25,10002.93,44183
66242fa0-6c45-9c22-b271-7c421e3b873e,1931-02-04,1959-08-20,999-50-7340,S99916391,X61373854X,Mrs.,Naoma512,Blick895,,Wisoky380,M,white,nonhispanic,F,Brockton  Massachusetts  US,311 Stiedemann Walk Suite 86,Orleans,Massachusetts,Barnstable County,25001,02653,41.80822970927077,-69.97722317959298,60311.70,655316.47,742963
94c56820-97d9-a2cb-c114-6267e998d510,1980-07-05,,999-63-5508,S99985327,X19343795X,Mrs.,Maira380,Pollich983,,Nikolaus26,M,white,nonhispanic,F,Montgomery  Massachusetts  US,229 Gerlach Rapid,Everett,Massachusetts,Middlesex County,25017,02149,42.45563694459519,-71.07552154200863,12528.50,1547551.66,16273
13f9fffc-feb9-ee4b-f16a-4eb040259936,1981-01-08,,999-24-8320,S99919833,X63375727X,Ms.,Shery223,Harvey63,PhD,,S,black,nonhispanic,F,Waltham  Massachusetts  US,814 Bradtke Branch,Boston,Massachusetts,Suffolk County,25025,02131,42.35077813160118,-71.10258863611537,228058.12,458401.66,68906
e23e3d7d-82ed-efaf-96c4-158d34e639e7,2016-06-05,,999-55-3903,,,,Jere230,Spinka232,,,,white,nonhispanic,M,Salem  Massachusetts  US,556 Parisian Trail,Framingham,Massachusetts,Middlesex County,25017,01702,42.28048247965981,-71.47765753335975,17549.16,11738.74,52944
6d4522d1-6797-3066-5d31-ffe666b0c72f,1964-08-20,1980-03-04,999-46-7993,,,,Earnest658,Sipes176,,,,white,nonhispanic,M,Westfield  Massachusetts  US,815 Zulauf Approach Apt 49,Andover,Massachusetts,Essex County,25009,01810,42.6598332953645,-71.18719179498736,37122.23,30475.62,77180
009557a2-0f3a-43da-c71b-4410d466b696,1979-10-18,,999-15-9805,S99942066,X18109908X,Ms.,Arianne988,Grant908,,,S,black,nonhispanic,F,Worcester  Massachusetts  US,119 Greenholt Landing Unit 44,Bridgewater,Massachusetts,Plymouth County,25023,02324,41.98712599556498,-70.96876238320385,370990.57,101106.57,64195
29921f33-6765-0328-969d-d01c9123f134,1964-08-20,,999-75-2018,S99966224,X65189978X,Mr.,Claud279,Cole117,,,M,white,nonhispanic,M,Plymouth  Massachusetts  US,690 Kulas Parade,Andover,Massachusetts,Essex County,25009,01810,42.666344690820885,-71.1894705387726,87946.44,2590.13,77180
a354f2e2-3a71-322f-1450-b5334c589a52,1987-04-08,,999-66-9331,S99951620,X38497301X,Ms.,Jammie261,O'Hara248,,,S,white,nonhispanic,F,Lowell  Massachusetts  US,1038 Schiller Station,Newton,Massachusetts,Middlesex County,25017,02462,42.295281244069244,-71.19879311210116,8950.00,301598.81,14825
7dd2724f-7108-d053-5468-6663262b170b,1931-02-04,,999-97-1851,S99982376,X63044834X,Ms.,Ardith914,Graham902,,,S,white,nonhispanic,F,Merrimac  Massachusetts  US,1032 Eichmann Path,Orleans,Massachusetts,Barnstable County,25001,02653,41.73606374976396,-69.96649667231821,280648.64,3212060.99,742963
3bd50d47-de6e-6356-a406-3888f7b8e17d,1976-02-14,,999-71-8344,S99977242,X79876809X,Mr.,Todd315,Jaskolski867,,,M,white,nonhispanic,M,Norwood  Massachusetts  US,708 Schmeler Rapid Suite 41,Revere,Massachusetts,Suffolk County,25025,02151,42.378711490209966,-70.95330453265227,53609.35,0.00,76395
104e5f04-388a-1e89-8324-9870803785e3,2013-11-30,,999-60-5688,,,,Steven797,Reynolds644,,,,black,nonhispanic,F,Framingham  Massachusetts  US,811 Cremin Wall Unit 19,West Bridgewater,Massachusetts,Plymouth County,,00000,42.004301649080006,-70.99439137688064,24820.01,409.70,69588
11c4097f-e1f9-9f9b-7452-54f783e1a6ea,1958-09-11,,999-67-5013,S99945108,X13633370X,Mrs.,Janna498,Dare640,,Berge125,D,hawaiian,nonhispanic,F,Haverhill  Massachusetts  US,122 Jacobi Wynd Unit 31,Holbrook,Massachusetts,Norfolk County,25021,02368,42.12586654351192,-71.01580885562832,460215.89,1541579.07,140097
444f66f1-69c2-d951-6f20-60d3121d2218,1988-03-30,,999-97-6251,S99970597,X66956951X,Ms.,My508,Casper496,,,S,white,nonhispanic,F,Boxford  Massachusetts  US,1016 Klocko Camp,Medford,Massachusetts,Middlesex County,25017,02155,42.3749232488858,-71.13483520203367,570116.37,884006.96,71322
1dd35712-6049-f54b-8977-bb3348f185cb,2013-01-28,,999-46-3001,,,,Maud851,Dickens475,,,,white,nonhispanic,F,Worcester  Massachusetts  US,599 Durgan Divide,Dartmouth,Massachusetts,Bristol County,,00000,41.61526986514082,-70.93328371710278,13192.89,4584.42,145465
d0d9bbbc-cd3e-f376-c55f-c6ed5f70fd3e,1989-08-01,,999-53-4507,S99961624,X33357274X,Mr.,Alexis664,Schaefer657,,,M,white,nonhispanic,M,Worcester  Massachusetts  US,803 Donnelly Highlands,Billerica,Massachusetts,Middlesex County,,00000,42.56984432261792,-71.2728292628641,61052.68,0.00,116148
9e268182-732d-0b41-2946-73d8212f8445,1951-12-12,,999-64-7811,S99973129,X33841190X,Mr.,Stefan297,Fadel536,,,M,white,nonhispanic,M,Whitman  Massachusetts  US,812 Franecki Forge,Hanson,Massachusetts,Plymouth County,25023,02341,42.03587262150624,-70.84796858247142,11278.77,173058.40,14403
904c6514-61e9-07ae-e120-773068220ea9,1952-10-25,2013-03-09,999-98-3093,S99934056,X25498226X,Mr.,Noe500,Lindgren255,,,M,white,nonhispanic,M,Dedham  Massachusetts  US,302 Kemmer Port Apt 69,Wilbraham,Massachusetts,Hampden County,25013,01095,42.18013195108212,-72.39880191158811,181073.40,34839.13,76675
01e4dc4f-0fa5-3c2e-e05d-50a323ca53a4,1959-09-11,,999-54-1651,S99936543,X22599952X,Mr.,Carmelo33,Reichert620,,,W,white,nonhispanic,M,Harwich  Massachusetts  US,530 Romaguera Ville,Mansfield,Massachusetts,Bristol County,,00000,42.003003805134064,-71.16721836614799,171180.90,49723.66,100716
49ac47ae-d241-3ded-c1cc-676a49676f03,1988-06-01,,999-23-8157,S99952060,X5014095X,Mr.,Morton637,Nicolas769,,,S,white,nonhispanic,M,Chelmsford  Massachusetts  US,325 Osinski Trailer,Newton,Massachusetts,Middlesex County,25017,02465,42.34151674656087,-71.21614888513972,38778.20,1689.21,504997
4bbf466b-1258-0b57-805d-c069170287ad,2017-05-23,,999-93-6321,,,,Charity776,Armstrong51,,,,white,nonhispanic,F,Boston  Massachusetts  US,166 Lowe Gate Apt 13,West Concord,Massachusetts,Middlesex County,,00000,42.403751904919226,-71.4161056342085,14838.67,5011.00,192385
a1b1db06-f106-e5cc-7861-c9d46c670631,1952-10-25,,999-12-1108,S99919693,X2194008X,Mr.,Kendrick479,Wisozk929,,,M,white,nonhispanic,M,Revere  Massachusetts  US,624 Olson Road Suite 94,Wilbraham,Massachusetts,Hampden County,25013,01095,42.146523306466946,-72.41688240603635,249528.40,57139.58,76675
8d95a73e-2a7e-9236-a583-9ec9b82d6fef,2021-08-25,,999-84-3568,,,,Eldon28,Russel238,,,,white,nonhispanic,M,Canton  Massachusetts  US,522 Flatley Glen Suite 54,Walpole,Massachusetts,Norfolk County,25021,02081,42.135287978141555,-71.28876715061759,5851.46,0.00,78395
a5e6db0c-3e59-2cff-3c0d-5dddffb073d6,1947-02-25,1973-09-06,999-84-3207,S99946825,X36416570X,Ms.,Ivy932,Paucek755,,,,white,nonhispanic,F,Boston  Massachusetts  US,113 Deckow Grove,Cambridge,Massachusetts,Middlesex County,25017,02140,42.37122249919397,-71.13434233571134,413325.42,957432.94,59482
4773a714-330c-91c9-04a1-093ca407f7f3,1949-03-06,1995-06-04,999-90-5896,S99974144,X48925637X,Ms.,Kim439,Goodwin327,,,S,black,nonhispanic,F,Brockton  Massachusetts  US,731 Gulgowski Passage,Boston,Massachusetts,Suffolk County,25025,02210,42.38470397218111,-71.03987077110845,199727.15,1269901.03,191171
12aa3bd7-0b53-8521-0a00-8d04022513bd,1947-02-25,,999-51-6794,S99949213,X9432318X,Mrs.,Sherell789,Luettgen772,,Bins636,M,white,nonhispanic,F,Millis  Massachusetts  US,244 Purdy Parade Apt 68,Cambridge,Massachusetts,Middlesex County,25017,02138,42.35220511764452,-71.1563193854587,1040302.24,674945.98,59482
0168079e-95eb-82d0-40fb-41b2a51c9150,1949-03-06,,999-25-2014,S99984101,X83160102X,Mrs.,Alona471,Wuckert783,,Schamberger479,M,black,nonhispanic,F,Fall River  Massachusetts  US,864 Predovic Rapid Unit 72,Boston,Massachusetts,Suffolk County,25025,02115,42.247430133779396,-71.19552248030617,167961.50,871156.35,191171
f5efc5da-4930-9328-51c3-e16b60a84ace,2011-05-16,,999-10-4057,,,,Eric487,Jacobson885,,,,black,nonhispanic,M,Falmouth  Massachusetts  US,1019 Senger Gardens Apt 36,Amherst,Massachusetts,Hampshire County,,00000,42.37172226639702,-72.46735272224998,17339.36,0.00,141526
cba97924-7871-42db-bedc-cb07692cd76e,1993-06-09,,999-23-8803,S99998638,X24429165X,Mr.,Cortez851,Weber641,,,M,white,hispanic,M,Methuen  Massachusetts  US,571 Renner Orchard,Malden,Massachusetts,Middlesex County,25017,02148,42.44243797131753,-71.03512223425405,35863.57,3998.88,45576
5a4b6d84-a7b7-fd1c-5da1-9813033038b7,1978-05-08,,999-23-5595,S99971176,X86821163X,Mr.,Rhett759,Bruen238,,,S,white,nonhispanic,M,Brockton  Massachusetts  US,456 Abshire Fork Apt 14,Arlington,Massachusetts,Middlesex County,25017,02474,42.37848845361942,-71.20398141951158,89446.76,18168.30,876589
3ca9ef16-e1c6-459a-3d5c-dad879420f2d,2017-12-01,,999-61-3874,,,,Russell422,Shanahan202,,,,asian,nonhispanic,F,Lynnfield  Massachusetts  US,317 Mann Parade,Boston,Massachusetts,Suffolk County,25025,02129,42.3733143357463,-71.05956395964267,3746.96,31610.92,108164
3df71768-02c1-7953-9156-73a4750bd8f2,1947-03-25,2015-05-03,999-87-4041,S99950254,X74954012X,Mrs.,Katharina121,Keebler762,,Orn563,W,white,nonhispanic,F,Hudson  Massachusetts  US,688 Schimmel Mews Apt 92,Haverhill,Massachusetts,Essex County,25009,01832,42.76530611809496,-71.10034040793857,1391172.15,869395.36,100908
c5b6445c-53a8-dc2b-13e7-04d2c1ae31cf,1993-10-12,,999-16-3603,S99982089,X64735603X,Mr.,Landon622,Wehner319,,,S,white,hispanic,M,Framingham  Massachusetts  US,153 Gibson Junction Unit 81,Newton,Massachusetts,Middlesex County,25017,02466,42.36025309280628,-71.22073874516327,43320.96,0.00,921740
57cf8f45-4855-1709-2884-6da3fa8ca996,2016-10-23,,999-54-6030,,,,Jenise920,Kautzer186,,,,white,nonhispanic,F,Saugus  Massachusetts  US,403 Renner Haven Apt 32,Salem,Massachusetts,Essex County,25009,01970,42.46012008093168,-70.92267286915808,12080.75,1190.09,43869
a36404bc-7162-85cd-bcd8-e979c50bf5b6,1971-01-18,,999-31-3687,S99929366,X54895046X,Mr.,James276,Hilll811,,,M,white,nonhispanic,M,Boston  Massachusetts  US,511 Welch Key,Quincy,Massachusetts,Norfolk County,25021,02171,42.26771463739194,-71.01423698641237,77212.98,17458.78,51542
bf058217-ef4d-9057-654d-1ae1e2b4d08f,1996-01-09,,999-31-4585,S99975487,X61018051X,Mrs.,Royce974,Weber641,,Berge125,M,white,nonhispanic,F,Wellesley  Massachusetts  US,995 Goldner Vista Suite 3,Dracut,Massachusetts,Middlesex County,,00000,42.70779380207508,-71.32746160813227,80600.30,131195.87,173237
070efc33-0c43-d04d-6df1-4e5cd35ab494,1958-07-12,2024-02-03,999-56-2224,S99964829,X37505143X,Mr.,Reinaldo138,Bauch723,,,M,white,nonhispanic,M,Yarmouth  Massachusetts  US,400 Balistreri Flat Suite 68,Dracut,Massachusetts,Middlesex County,,00000,42.706065270566256,-71.2805917593315,58562.03,642149.93,114702
4f4a3081-ff78-7bc6-15ea-3ca7294815b6,1947-03-25,,999-42-3506,S99931869,X76128164X,Mrs.,Amy965,O'Kon634,,Muller251,D,white,nonhispanic,F,Boston  Massachusetts  US,1008 Cremin Passage Unit 48,Haverhill,Massachusetts,Essex County,25009,01835,42.79062063691485,-71.0170023113149,1321764.83,284861.73,100908
cd0a0a2c-e879-3154-829a-4012da3a195b,2002-06-13,,999-54-9698,S99992429,X87224276X,Ms.,Yuette836,Schiller186,,,,white,hispanic,F,Boston  Massachusetts  US,533 Prohaska Corner Unit 83,Pinehurst,Massachusetts,Middlesex County,25017,01866,42.49889727431092,-71.25528477099905,33468.36,0.00,106022
6f117e18-cdc8-2191-6a49-be2bd2ea12b1,1970-08-21,1992-01-04,999-66-5480,S99952166,X25985499X,Mr.,Devin82,Nienow652,,,,white,nonhispanic,M,Natick  Massachusetts  US,1097 Lebsack Junction,Rockland,Massachusetts,Plymouth County,,00000,42.13628653593419,-70.87624529874611,26172.27,5687.07,29523
af19596d-365e-9e91-2069-0c69acf07f59,1945-10-11,2022-04-27,999-78-3563,S99960094,X72786688X,Ms.,Shellie908,Kub800,,,S,white,nonhispanic,F,Cambridge  Massachusetts  US,735 Smith Path,Northwest Harwich,Massachusetts,Barnstable County,,00000,41.71244959385224,-70.10549297231711,1364708.78,1216435.70,90521
46d19dbd-2270-43cc-ac55-43b2b9d7df81,1991-02-02,,999-85-8647,S99990522,X68350238X,Mrs.,Alina705,Sauer652,,Larkin917,M,white,nonhispanic,F,Ipswich  Massachusetts  US,201 Terry Throughway,Wilbraham,Massachusetts,Hampden County,25013,01095,42.159477611961705,-72.47743486770771,8855.67,405521.21,16418
d213b52f-5ebc-9dc9-1170-b98990dced6b,1970-08-21,,999-54-5516,S99951352,X67771656X,Mr.,Garfield38,Carter549,,,M,white,nonhispanic,M,Lawrence  Massachusetts  US,723 Connelly Walk,Rockland,Massachusetts,Plymouth County,,00000,42.09508511554244,-70.91152223747433,85517.16,37570.30,29523
f8b2658a-7401-013c-3793-a78852d7ce9f,1996-10-01,,999-39-2703,S99915918,X41167198X,Ms.,Fatimah228,Ratke343,,,,white,nonhispanic,F,Brockton  Massachusetts  US,460 Crona Ranch Suite 37,Middleborough,Massachusetts,Plymouth County,,00000,41.84768151623819,-70.89783748839076,72345.19,35605.02,64977
1aa66638-60ee-7b9a-ba8d-fa863ec4fe8e,1974-01-24,,999-25-9529,S99946470,X43874150X,Mrs.,Han309,Schaefer657,,Pollich983,D,white,nonhispanic,F,Springfield  Massachusetts  US,243 Klocko Mews,Holyoke,Massachusetts,Hampden County,25013,01040,42.17957655962499,-72.68796522282034,508091.07,222136.84,93752
c19bd924-4ff0-ccb3-e36d-b72f620097e3,1958-07-12,2022-02-01,999-26-3581,S99929544,X25324618X,Mr.,Donnell534,Schuppe920,,,M,white,nonhispanic,M,Wilbraham  Massachusetts  US,880 Ernser Tunnel,Dracut,Massachusetts,Middlesex County,,00000,42.71123680023117,-71.30500923644573,40164.26,275492.84,114702
65c22a87-512c-9c10-bb15-d95d81cba446,1945-10-11,,999-10-5806,S99994987,X66348374X,Mrs.,Michaele314,Von197,,McClure239,M,white,nonhispanic,F,Springfield  Massachusetts  US,586 Pouros Street Apt 49,Northwest Harwich,Massachusetts,Barnstable County,,00000,41.70941962182394,-70.07174901364536,995440.80,335193.81,90521
de08ab4a-7258-d0e3-e282-8d97e06e1dc7,1952-01-19,1964-11-02,999-11-9805,,,,Alejandra902,Murillo232,,,,black,nonhispanic,F,Caracas  Capital District  VE,942 Beahan Throughway Suite 15,Boston,Massachusetts,Suffolk County,25025,02152,42.29086322007476,-71.04336116146303,32358.90,12365.04,89427
32edcc84-55fd-d8dc-22bd-82c1c552a40d,1958-07-12,,999-21-4906,S99929208,X87929398X,Mr.,Fidel864,Witting912,,,S,white,nonhispanic,M,Westford  Massachusetts  US,1001 Johnston Ville,Dracut,Massachusetts,Middlesex County,,00000,42.63771798485516,-71.27087997557604,81934.85,105115.86,114702
65c155aa-8c73-5eed-5c06-c93e41621f7a,1984-12-26,,999-49-4473,S99950323,X36862484X,Ms.,Roselia779,Ledner144,,,S,asian,hispanic,F,Medford  Massachusetts  US,782 Crona Crossing Unit 97,Shrewsbury,Massachusetts,Worcester County,,00000,42.27964403840355,-71.72946614164034,309348.20,207960.82,96764
3f8fd3bf-4e47-e610-88fe-24388f85fae2,1952-01-19,2011-12-01,999-64-7665,S99969703,X22935279X,Mrs.,María Luisa888,Zavala169,,Alcala54,M,black,nonhispanic,F,Santiago de los Caballeros  Santiago  DO,631 Berge Key Unit 14,Boston,Massachusetts,Suffolk County,25025,02108,42.36279818240955,-70.9572359299566,1078371.59,308149.11,89427
5a9cabbf-bf1f-e3b1-0625-d82a64c2f623,1972-01-14,,999-42-5897,S99969675,X19408701X,Mr.,Wilber603,Hand679,,,M,white,nonhispanic,M,Boston  Massachusetts  US,547 Ernser Fort Suite 59,Holden,Massachusetts,Worcester County,,00000,42.399122566136654,-71.89124927142349,136411.89,122420.17,29337
92583ca8-b154-d055-c22f-cc7a532657c5,1953-02-25,,999-84-1227,S99931399,X31623615X,Mr.,Emmitt44,Marquardt819,,,D,white,nonhispanic,M,Cambridge  Massachusetts  US,920 Bosco Underpass Unit 45,Halifax,Massachusetts,Plymouth County,,00000,42.02106588856891,-70.86103269620777,101852.61,91495.75,149290
6b67d101-1f4f-b442-3adc-7acda9fa6615,1947-04-01,1967-10-08,999-69-7104,S99961899,X38874916X,Mr.,Kyle55,Kozey370,,,,hawaiian,nonhispanic,M,Boston  Massachusetts  US,1073 Dooley Corner Apt 22,Malden,Massachusetts,Middlesex County,25017,02155,42.39967851299804,-71.07098409539685,3417.22,32061.92,9599
ae192ba3-3123-7f55-6b9c-8f1fe42cae9e,1947-04-01,,999-13-4720,S99927137,X2285621X,Mr.,Roman389,Sporer811,,,S,hawaiian,nonhispanic,M,Ashland  Massachusetts  US,632 Hintz Center,Malden,Massachusetts,Middlesex County,25017,02155,42.38244429807106,-71.07688717456092,12274.89,205092.86,9599
44fae5d0-2f5b-6b77-553c-4e4023d79138,1994-06-16,,999-83-7766,S99952476,X88551095X,Mr.,Deandre599,O'Keefe54,,,M,white,nonhispanic,M,Stoughton  Massachusetts  US,790 Russel Tunnel Unit 55,Boston,Massachusetts,Suffolk County,25025,02119,42.21004217501247,-71.17012450427532,8021.03,806014.50,18744
dc546b0a-7c51-3468-9b24-470c80e67c16,1983-06-13,,999-34-5999,S99930492,X53494318X,Mr.,Cleo27,Tillman293,,,M,white,nonhispanic,M,Wareham  Massachusetts  US,595 Prosacco Village,Grafton,Massachusetts,Worcester County,,00000,42.257961017701284,-71.65470475686969,420540.82,364617.34,39035
4dd91b33-523e-7ce3-0fef-9eb8001d697c,2024-03-19,,999-97-1476,,,,Herma433,O'Connell601,,,,white,nonhispanic,F,Boston  Massachusetts  US,166 Bayer Boulevard,Cambridge,Massachusetts,Middlesex County,25017,02142,42.36883752556182,-71.13941694150535,347.38,0.00,189095
88a93a04-382e-ec44-f603-f0898798fa9f,1974-01-26,,999-52-1070,S99989321,X55728630X,Mrs.,Kasha638,Stroman228,,Schuster709,M,white,nonhispanic,F,Fitchburg  Massachusetts  US,695 Dach Bay Suite 23,Boston,Massachusetts,Suffolk County,25025,02110,42.30654795834173,-71.15269489210647,378560.34,1456535.03,697122
52e02ff7-b439-0b9f-df31-5b0272d776a5,1929-05-17,,999-14-1356,S99964548,X50230182X,Mrs.,Dimple273,Boyer713,,Medhurst46,D,white,nonhispanic,F,Lexington  Massachusetts  US,726 Fay Forge Unit 72,Hanson,Massachusetts,Plymouth County,25023,02341,42.00336028927174,-70.82039679209619,815431.26,950265.71,91081
9a844c05-f1b1-ef41-36c9-eb447fc47d2b,1965-07-14,,999-26-8119,S99994684,X88469730X,Mr.,Franklin857,Smith67,,,W,white,nonhispanic,M,Wareham  Massachusetts  US,333 Mante Mission,Southborough,Massachusetts,Worcester County,,00000,42.34440987461386,-71.53050523931151,76370.09,20256.98,885949
981d046d-fffa-d477-045a-78643dffa257,2015-08-03,,999-85-3908,,,,Babara869,Cruickshank494,,,,white,nonhispanic,F,Newbury  Massachusetts  US,241 Huel Grove Apt 7,Williamsburg,Massachusetts,Hampshire County,,00000,42.42919140948037,-72.6823329754495,7672.84,9156.66,76410
f0f46a74-c38f-97c8-6e5c-3d919eeb81b0,1998-09-08,,999-56-8086,S99943600,X27547031X,Ms.,Iesha760,Jerde200,,,,asian,hispanic,F,Boston  Massachusetts  US,514 Kuvalis Parade,Gloucester,Massachusetts,Essex County,25009,01930,42.65437671546967,-70.63857195842851,7969.55,213876.96,19123
c3d1123c-cdf3-f814-c3db-6307e8fd6c46,1971-05-30,,999-80-5800,S99982499,X10577360X,Mrs.,Damaris45,Cummerata161,,Moen819,M,white,nonhispanic,F,Southbridge  Massachusetts  US,910 Goyette Brook Unit 39,Lakeville,Massachusetts,Plymouth County,,00000,41.85023478644418,-70.97574467612964,286605.22,1057762.15,170113
df479d55-bb06-eadf-b6d0-aadc82eb905f,2020-02-11,,999-54-8115,,,,Alonso270,Hyatt152,,,,white,nonhispanic,M,South Yarmouth  Massachusetts  US,510 Rowe Dale Apt 42,Holden,Massachusetts,Worcester County,,00000,42.35045213948798,-71.83215701804329,11765.16,0.00,106261
188c50cf-41d0-e6d2-b8c5-ccd5436e345c,2014-11-21,,999-86-1035,,,,Viola977,Medhurst46,,,,white,nonhispanic,F,Swansea  Massachusetts  US,388 Thiel Ranch,Boston,Massachusetts,Suffolk County,25025,02131,42.24640129559836,-71.1013018525181,1350.00,16386.31,11180
2ca32ff8-6ed3-b1a2-93c8-93619368d289,1984-02-01,,999-79-2106,S99918644,X39836850X,Mrs.,Risa429,Beahan375,,Stamm704,M,white,nonhispanic,F,Webster  Massachusetts  US,146 Gleichner Spur,Upton,Massachusetts,Worcester County,25027,01568,42.19006618312223,-71.61396374219615,652207.51,1002857.03,56536
0b730c8b-4420-d06a-ca23-aba640c9657d,2007-10-31,,999-80-8954,S99988229,,,Terina405,Braun514,,,,white,nonhispanic,F,Worcester  Massachusetts  US,1026 Leffler Knoll Unit 11,Dedham,Massachusetts,Norfolk County,25021,02026,42.2268433848461,-71.18658059038685,71913.64,551352.42,234396
75216e6a-a433-08b2-66a5-1bc7a590e966,1949-02-25,,999-37-7588,S99964045,X73254103X,Mrs.,Julia241,Ceballos171,,Espinoza81,M,white,hispanic,F,Havana  Havana  CU,506 Herzog Divide Apt 7,Springfield,Massachusetts,Hampden County,25013,01118,42.110767907046615,-72.5677175782228,20258.43,1373788.62,21721
457544c4-9ab1-08fe-1564-b0bf2c958081,2003-09-15,,999-80-7531,S99989103,X28471095X,Mr.,William805,Altenwerth646,,,,white,nonhispanic,M,Westfield  Massachusetts  US,816 Jaskolski Bay Apt 52,Hudson,Massachusetts,Middlesex County,25017,01749,42.3452595799644,-71.52926655822627,73298.80,693829.56,61768
624e59f1-357f-7d7c-1b1a-08da88f4a4a5,1969-02-10,,999-93-1621,S99965002,X72244410X,Mrs.,Gabriel934,Conn188,,Kris249,M,white,nonhispanic,F,Rowley  Massachusetts  US,666 Langosh Passage Apt 27,Leominster,Massachusetts,Worcester County,25027,01453,42.56695871380572,-71.82586936183603,23568.88,1287824.74,12016
77330cea-4117-a27b-d117-16c825e41b2f,2014-10-06,,999-35-5109,,,,Sammy219,Fritsch593,,,,white,nonhispanic,M,Stow  Massachusetts  US,719 Koepp Alley Apt 54,Everett,Massachusetts,Middlesex County,25017,02148,42.47537530607842,-71.06809501998893,27507.98,4496.32,273496
12334f14-7815-8dbd-23df-762cbd760dea,1976-12-30,,999-50-4265,S99943366,X81084622X,Mrs.,Evie333,Schinner682,,Schroeder447,M,white,nonhispanic,F,Attleboro  Massachusetts  US,195 Jaskolski Highlands,Warwick,Massachusetts,Franklin County,,00000,42.642752448909256,-72.36729374531996,1090577.96,605598.91,79059
914e6889-fd9d-178f-2b4c-3c4ccfc47fbe,1973-06-27,,999-35-2593,S99988066,X77105893X,Ms.,Danita413,Howell947,,,S,black,hispanic,F,Tolland  Massachusetts  US,814 Crist Mall Unit 35,Wilbraham,Massachusetts,Hampden County,25013,01095,42.16802240467579,-72.42846099582223,802670.79,754061.65,59764
c5a744d9-b3d2-e96d-3644-8255cd04947d,1952-01-19,2021-03-01,999-26-6477,S99959303,X53537522X,Mrs.,Cecilia788,Moreno82,,Agosto501,M,black,nonhispanic,F,Tegucigalpa  Francisco Morazán  HN,189 Feil Highlands Suite 10,Boston,Massachusetts,Suffolk County,25025,02124,42.35841600671847,-71.0630614023613,1231716.88,4481075.10,89427
920d0c0c-4f64-37c6-c6a1-4df91a95b807,1973-10-16,,999-45-2948,S99965067,X16011652X,Ms.,Apryl870,Hahn503,,,S,white,nonhispanic,F,Wakefield  Massachusetts  US,675 Predovic Ranch,Williamstown,Massachusetts,Berkshire County,25003,01267,42.716712215431215,-73.25013813254142,277837.24,600773.53,65890
f9424f9e-bb40-dddc-a01a-29148b716d0e,1967-04-22,,999-51-1928,S99950824,X81839852X,Mr.,Walton167,O'Hara248,,,M,white,nonhispanic,M,Falmouth  Massachusetts  US,944 Hirthe Bridge Unit 78,Beverly,Massachusetts,Essex County,25009,01915,42.58801791638443,-70.89223597732256,75557.09,5700.19,148401
4c551302-17f0-6920-6b6f-cb7f7233489c,1965-12-20,,999-99-1042,S99917730,X19104444X,Mrs.,Synthia172,Larson43,,Little434,M,white,nonhispanic,F,Westfield  Massachusetts  US,754 Fadel Extension Suite 93,Brockton,Massachusetts,Plymouth County,25023,02351,42.035818670468466,-71.05724792795338,474112.12,245307.30,56062
8e07cd90-ac74-5a6b-0821-0d71784aa074,2004-08-05,,999-90-7353,S99961204,,Mr.,Monty345,Paucek755,,,,black,nonhispanic,M,Littleton  Massachusetts  US,816 Schamberger Quay Apt 25,North Andover,Massachusetts,Essex County,,00000,42.673302087945295,-71.05127340116373,2900.00,23579.36,21472
ce75b591-3f21-65d4-6d0e-9816285dbe77,2004-02-04,,999-63-5577,S99989635,X18314911X,Mr.,Virgil85,Little434,,,,white,nonhispanic,M,Newton  Massachusetts  US,287 Reynolds Frontage road,Quincy,Massachusetts,Norfolk County,25021,02186,42.23866334818525,-71.01349978190459,16266.58,749744.54,87983
42b5b1b7-af84-02ad-5f9f-ad2720bce199,2006-07-02,,999-18-9906,S99943995,,,Peg114,Bahringer146,,,,black,nonhispanic,F,Dartmouth  Massachusetts  US,811 Franecki Junction Apt 74,Stoughton,Massachusetts,Norfolk County,,00000,42.13946255242665,-71.07345277563637,77232.27,28928.50,155807
02b17969-72c2-ab4e-5a50-1f707073cfb9,2020-03-24,,999-30-4293,,,,Joe656,Braun514,,,,white,nonhispanic,M,Wareham  Massachusetts  US,627 Becker Ramp Unit 19,Boston,Massachusetts,Suffolk County,25025,02125,42.36426174921811,-71.03597054126823,18597.16,23473.51,50947
f48a4185-564f-fac4-f63f-bd7ec3a7c523,1943-09-07,,999-37-6237,S99957738,X18267333X,Mrs.,Antionette825,Wiza601,,Harvey63,M,white,nonhispanic,F,Billerica  Massachusetts  US,435 Dach Esplanade Unit 17,Sutton,Massachusetts,Worcester County,,00000,42.12587440829904,-71.73675876501405,418596.72,1364207.67,127648
9d8f8194-a7a5-b8a5-8d7b-a14e5fa7ba3c,1952-01-19,,999-51-2430,S99911804,X76998033X,Ms.,Adela471,Escalante498,,,S,black,nonhispanic,F,Caguas  Puerto Rico  PR,910 Lindgren Ferry,Boston,Massachusetts,Suffolk County,25025,02152,42.3252132474472,-71.08349573215263,499704.92,261334.60,89427
3da78799-b1bb-4d39-561b-5ddef078075b,1981-02-23,,999-46-4993,S99929579,X46696165X,Ms.,Barbar976,D'Amore443,,,S,black,nonhispanic,F,Lynn  Massachusetts  US,656 Bogan Trail,Weymouth,Massachusetts,Norfolk County,25021,02188,42.22323634142736,-70.98082708615073,428657.62,833649.96,81712
ab326c78-7b3a-35de-c095-84ea88fcea98,2016-07-03,,999-92-3942,,,,Athena83,Kuhn96,,,,white,nonhispanic,F,Lexington  Massachusetts  US,1090 Schoen Viaduct,Holbrook,Massachusetts,Norfolk County,25021,02343,42.09435614422579,-71.03876156007645,7459.77,9566.71,26692
ff8b984d-7727-92f0-0995-ae25d0eb774f,1970-01-21,,999-42-1177,S99971032,X53784324X,Mr.,Antone63,Kessler503,,,M,white,nonhispanic,M,Marblehead  Massachusetts  US,973 Nikolaus Viaduct,Plymouth,Massachusetts,Plymouth County,25023,02360,41.838473340172314,-70.60777990745558,94219.63,768069.70,190331
f25de2b7-e356-2894-4847-f91c4d44c9e8,1991-07-09,,999-66-8021,S99948764,X9539690X,Mrs.,Asia282,Collier206,,Jerde200,M,white,nonhispanic,F,Randolph  Massachusetts  US,185 Dare Byway,Billerica,Massachusetts,Middlesex County,,00000,42.60384933375149,-71.28090999274094,82174.25,57084.26,167657
276d98d6-cfa0-0eb3-d848-0cc8c86f9b4c,1966-02-20,,999-72-9241,S99939775,X68366600X,Mrs.,Tess185,Nitzsche158,,Harvey63,D,white,nonhispanic,F,Lynn  Massachusetts  US,878 Rogahn Port Apt 52,Agawam,Massachusetts,Hampden County,25013,01030,42.095155783957175,-72.71076981027808,257923.21,1376377.79,27197
d8be6932-de5d-9146-8830-5bda68eee53e,2008-08-23,,999-26-9308,,,,Gilbert263,Runolfsson901,,,,white,nonhispanic,M,Lynn  Massachusetts  US,914 Runolfsdottir Plaza,Shrewsbury,Massachusetts,Worcester County,,00000,42.285159233249274,-71.7598951726676,23229.22,142.20,116141
048a74d9-b2b0-faa1-0929-594e2dcb2314,1973-04-24,,999-95-6855,S99980560,X72019304X,Mr.,Kirk871,Kris249,,,M,white,nonhispanic,M,Wilmington  Massachusetts  US,784 Renner Fort Suite 10,Quincy,Massachusetts,Norfolk County,25021,02171,42.29307169925122,-71.0518501037433,500658.63,320644.38,92498
98800136-fb58-13ff-e2e2-4342d2bb224f,1978-11-27,,999-48-7711,S99997741,X67739545X,Mr.,Winston220,Schmeler639,,,M,white,nonhispanic,M,New Bedford  Massachusetts  US,465 Legros Burg,Falmouth,Massachusetts,Barnstable County,25001,02540,41.5830267718515,-70.59611856671359,6372.56,54369.37,22129
2d43deaf-4b1b-5f87-4db0-24a663e4a761,1996-04-22,,999-85-2448,S99985249,X85649917X,Ms.,Velva240,Ziemann98,,,,white,nonhispanic,F,Winchendon  Massachusetts  US,384 D'Amore Orchard Apt 25,Tewksbury,Massachusetts,Middlesex County,,00000,42.638840773025855,-71.24720155195354,89209.63,384863.30,86267
b931bb7d-0ac4-6d4d-3ef1-5797ef992835,1968-05-30,,999-77-5162,S99982741,X20440134X,Mr.,Clemente531,Heredia716,,,M,white,hispanic,M,Tegucigalpa  Francisco Morazán  HN,555 Hermann Fort,Lawrence,Massachusetts,Essex County,25009,01843,42.65435482615089,-71.12774748197886,103128.28,28329.66,49723
6ec0fd58-012e-1f9f-a4f9-c7eab3172d12,1949-01-09,,999-80-5255,S99990699,X26652724X,Mr.,Bert917,Beier427,,,D,white,nonhispanic,M,New Bedford  Massachusetts  US,782 Feest Green Suite 66,Dennis,Massachusetts,Barnstable County,25001,02638,41.698672887449305,-70.1555281032716,100238.86,77777.21,500867
0a683a5c-17cf-3c53-99d8-4f165d97c5b0,2019-10-06,,999-95-1654,,,,Gaston250,Marvin195,,,,black,nonhispanic,M,Watertown  Massachusetts  US,965 Considine Path,West Concord,Massachusetts,Middlesex County,,00000,42.45247891850211,-71.37606858878418,3449.68,10037.71,559443
e7b0beb8-aa0e-5286-e1c5-57522ef3f2f0,2009-02-16,,999-10-1962,,,,Gregory545,Brakus656,,,,white,nonhispanic,M,Medford  Massachusetts  US,1099 Kuvalis Rapid,Brookline,Massachusetts,Norfolk County,25017,02467,42.32474736072314,-71.10450069578864,23064.12,31758.32,177415
ca4f2504-c3d4-e4b8-217f-36945b42a501,1977-07-11,,999-67-1381,S99925199,X41672785X,Mr.,Ellsworth48,Will178,,,D,white,nonhispanic,M,Newton  Massachusetts  US,820 Ryan Bay Apt 14,Peabody,Massachusetts,Essex County,25009,01940,42.583927308700794,-71.05805616846193,14704.83,233713.51,11408
0be993f7-fca9-69e8-fb56-71018fc479a6,1988-02-27,,999-63-2146,S99958058,X22822808X,Mr.,Nicholas495,Hansen121,PhD,,M,white,nonhispanic,M,Weston  Massachusetts  US,617 Feest Crossroad Apt 73,Newton,Massachusetts,Middlesex County,25017,02464,42.30995131855256,-71.12079564945981,31616.04,0.00,120095
6dca6972-abe5-f107-141d-318c1189a427,1956-12-09,,999-58-3021,S99983972,X38022635X,Mr.,Jack927,Reichel38,,,S,white,nonhispanic,M,Gardner  Massachusetts  US,640 Lang Road,Reading,Massachusetts,Middlesex County,25017,01867,42.506799247017234,-71.1461630366118,429449.84,285553.82,52069
