Id,BIRTHDATE,DEATHDATE,SSN,DRIVERS,PASSPORT,PREFIX,FIRST,MIDDLE,LAST,SUFFIX,MAIDEN,MARITAL,RACE,ETHNICITY,GENDER,BIRTHPLACE,ADDRESS,CITY,STATE,COUNTY,FIPS,ZIP,LAT,LON,HEALTHCARE_EXPENSES,HEALTHCARE_COVERAGE,INCOME
30a6452c-4297-a1ac-977a-6a23237c7b46,1994-02-06,,999-52-8591,S99996852,X47758697X,Mr.,Joshua658,Alvin56,Kunde533,,,M,white,nonhispanic,M,Boston  Massachusetts  US,811 Kihn Viaduct,Braintree,Massachusetts,Norfolk County,25021,02184,42.21114202874998,-71.0458021760648,56904.96,18019.99,100511
34a4dcc4-35fb-6ad5-ab98-be285c586a4f,1968-08-06,2009-12-11,999-75-3953,S99993577,X28173268X,Mr.,Bennie663,,Ebert178,,,D,white,nonhispanic,M,Chicopee  Massachusetts  US,975 Pfannerstill Throughway,Braintree,Massachusetts,Norfolk County,25021,02184,42.25542018011528,-70.97101636805553,124024.12,1075.06,49737
7179458e-d6e3-c723-2530-d4acfe1c2668,2008-12-21,,999-70-1925,,,,Hunter736,Mckinley734,Gerlach374,,,,white,nonhispanic,M,Spencer  Massachusetts  US,548 Heller Lane,Mattapoisett,Massachusetts,Plymouth County,,00000,41.64829218941842,-70.8506191004423,45645.06,6154.94,133816
37c177ea-4398-fb7a-29fa-70eb3d673876,1994-01-27,,999-27-9779,S99995100,X83694889X,Mrs.,Carlyn477,Florencia449,Williamson769,,Rogahn59,M,asian,nonhispanic,F,Franklin  Massachusetts  US,160 Fadel Crossroad Apt 65,Wareham,Massachusetts,Plymouth County,,00000,41.7890962055039,-70.71161606226767,12895.15,659951.61,17382
0fef2411-21f0-a269-82fb-c42b55471405,2019-07-27,,999-50-8977,,,,Robin66,Jeramy610,Gleichner915,,,,white,nonhispanic,M,Brockton  Massachusetts  US,766 Grant Loaf Unit 15,Groveland,Massachusetts,Essex County,,00000,42.73418302409162,-70.97640964142548,18500.02,5493.57,52159
ec1a6cad-8825-7b5c-4e14-257c696d5f11,2019-04-18,,999-13-4533,,,,Arthur650,,Roberts511,,,,white,nonhispanic,M,Plymouth  Massachusetts  US,866 Kulas Harbor,Cambridge,Massachusetts,Middlesex County,25017,02138,42.377780869730564,-71.04411184775073,14478.23,693.39,75767
4569671e-ed39-055f-8e78-422b96c9896b,2013-08-10,,999-40-7708,,,,Caryl47,Lelia627,Kassulke119,,,,white,nonhispanic,F,East Falmouth  Massachusetts  US,578 Dickens Camp,Arlington,Massachusetts,Middlesex County,25017,02476,42.412276413669126,-71.2028590194357,9821.14,27142.51,58294
c1acd7ba-dacf-36d2-6010-db8934400000,1968-08-06,,999-97-4087,S99911538,X37637991X,Mr.,Willian804,Shelton25,Keeling57,,,M,white,nonhispanic,M,Methuen  Massachusetts  US,848 Ebert Knoll Unit 7,Braintree,Massachusetts,Norfolk County,25021,02184,42.21400861949399,-71.00489563008034,175817.63,55473.97,49737
3648fb36-1cd1-3641-0b1c-1f00d1e7e7de,2006-07-02,,999-78-1635,S99943171,,Ms.,Domenica436,,Rau926,,,,white,hispanic,F,Maynard  Massachusetts  US,963 Senger Fort,Haverhill,Massachusetts,Essex County,25009,01835,42.81604282499672,-71.05150262767259,52933.16,11941.44,77756
50ca7edb-0dee-35e6-5d8f-66fbcb0b37c1,1948-05-28,,999-27-5104,S99941458,X59458953X,Mr.,Arnulfo253,Jordan900,Jaskolski867,,,D,white,nonhispanic,M,Boston  Massachusetts  US,757 Lockman Annex Apt 10,Georgetown,Massachusetts,Essex County,,00000,42.695601709077486,-70.97251048814276,242013.44,322768.97,35255
778f10bc-09e5-8e86-64e8-bffa36d47246,1980-04-27,,999-92-8141,S99947055,X55687474X,Mrs.,Signe792,Salley758,Waters156,,Lubowitz58,M,white,nonhispanic,F,Framingham  Massachusetts  US,342 Feest Bridge,Taunton,Massachusetts,Bristol County,25005,02718,41.92616093697324,-71.06820016720498,243499.48,862721.48,24026
33828cb4-a2f6-3a66-fe02-c990fa88af61,1974-12-06,,999-45-8615,S99941595,X14417836X,Mrs.,Princess223,Bobbi508,Schmeler639,,Romaguera67,M,white,nonhispanic,F,Wayland  Massachusetts  US,627 Howe Overpass,Dartmouth,Massachusetts,Bristol County,,00000,41.53862264573369,-70.95566876867451,248786.39,732131.46,127119
00732e11-5e4d-37b7-01f8-929a25536862,1975-12-24,,999-34-7979,S99924333,X43662835X,Mr.,Antonia30,Giovanni385,Schuster709,,,W,white,nonhispanic,M,Toulouse  Occitanie  FR,808 Wiza Fork Apt 53,Pittsfield,Massachusetts,Berkshire County,25003,01201,42.4143060231535,-73.23778524011395,235654.66,753044.17,30550
45b89342-dc05-8e57-8eee-9ed68ec42378,1984-08-24,,999-40-3433,S99985178,X27670495X,Mr.,Dwight645,Marlin805,Hilll811,,,M,white,nonhispanic,M,Framingham  Massachusetts  US,810 Wolf Pathway,Malden,Massachusetts,Middlesex County,25017,02148,42.43609707786766,-71.14327919610912,36010.63,472861.90,25909
9e24368b-f85b-f38f-ae0b-db191e224335,1964-03-14,,999-78-2115,S99976472,X57524913X,Mrs.,Khadijah960,Maryalice613,Veum823,,Langosh790,M,white,nonhispanic,F,Lynn  Massachusetts  US,631 Bartoletti Estate,Beverly,Massachusetts,Essex County,25009,01915,42.57629662192952,-70.88806034174604,91358.12,614267.70,25887
4804956b-3c8f-baa7-9a42-87518e486055,1991-08-13,,999-63-1144,S99959101,X31272602X,Mrs.,Dahlia209,,Ferry570,,Wolf938,M,white,nonhispanic,F,Lowell  Massachusetts  US,946 Bashirian Frontage road,Billerica,Massachusetts,Middlesex County,,00000,42.52041002457152,-71.28396864537628,175538.30,681949.23,29192
8935bc21-92f0-a4ad-d8b4-bcdd5b92204a,1979-02-22,,999-23-2995,S99925657,X43083836X,Mr.,Herbert830,Osvaldo336,Klocko335,,,M,white,nonhispanic,M,Milford  Massachusetts  US,430 Bashirian Ramp Apt 22,Athol,Massachusetts,Worcester County,25027,01331,42.55851957263701,-72.22429313568736,150844.39,0.00,75521
d8638449-e632-1ac7-6695-eb60c8773813,2013-08-18,,999-39-1650,,,,Ettie537,Vernetta697,Farrell962,,,,white,nonhispanic,F,Concord  Massachusetts  US,1057 Carter Route Apt 38,Needham,Massachusetts,Norfolk County,25021,02492,42.30741962954753,-71.22299246842655,14195.99,7958.30,80475
f20c093a-ec77-3358-b0a5-3c298f82ea1f,1987-02-20,,999-63-3716,S99935684,X84060430X,Ms.,Elsa29,Rosalia943,Chapa957,,,S,white,hispanic,F,San Salvador  El Salvador  SV,150 Wyman Brook,Canton,Massachusetts,Norfolk County,,00000,42.163002628071865,-71.095545028198,209212.74,560210.84,135334
0689b59f-0721-5384-9294-def3c13db427,1995-09-07,,999-99-1204,S99957259,X3793997X,Mr.,Tomás404,Javier97,Benavides239,,,M,white,hispanic,M,Santiago de los Caballeros  Santiago  DO,154 Torp Lock,Chicopee,Massachusetts,Hampden County,25013,01020,42.16433418287259,-72.5667618555095,68232.69,0.00,82840
2ce5c76d-8d65-1347-33c5-7d0cbf3f1b2b,2014-12-28,,999-56-9262,,,,Kimbery217,Krissy321,Schuppe920,,,,white,nonhispanic,F,Somerville  Massachusetts  US,1039 Lockman Bay,Dracut,Massachusetts,Middlesex County,,00000,42.719125242896894,-71.29878499927098,31061.17,640.19,68873
d5635f98-2461-70a1-5916-f854efa27fc0,1914-03-03,,999-67-4493,S99957069,X10952633X,Mrs.,Jolyn4,Kattie846,Ortiz186,,Kshlerin58,M,white,nonhispanic,F,Milford  Massachusetts  US,174 O'Keefe Way Unit 17,Blackstone,Massachusetts,Worcester County,,00000,42.067816693370965,-71.56382698839069,934784.64,432468.96,97499
f07fac6b-0a84-7874-f0d2-e1a1e1cffa09,1955-05-23,,999-94-2622,S99993326,X11620374X,Mr.,Nathanael908,Eduardo902,Wisozk929,,,M,white,nonhispanic,M,Orange  Massachusetts  US,823 Hintz Trail,Whitinsville,Massachusetts,Worcester County,25027,01588,42.103089584096864,-71.63416759310832,217144.14,190127.82,83045
18d9f8cb-b3b2-5e9f-4c62-5a82a90c0141,2012-09-15,,999-86-9285,,,,Trinidad33,Fletcher87,King743,,,,other,nonhispanic,M,Lynn  Massachusetts  US,516 Koch Crossing,Lowell,Massachusetts,Middlesex County,25017,01854,42.65765376348634,-71.32287927797684,35605.63,0.00,61926
da7b1f55-c782-544f-ba8c-fe69d519dc85,2008-10-04,,999-91-9353,S99975158,,,Dolly486,Magali989,Franecki195,,,,white,nonhispanic,F,Grafton  Massachusetts  US,852 Schaefer Rapid,Shrewsbury,Massachusetts,Worcester County,,00000,42.243679528825155,-71.68456653968985,75452.19,422515.93,188023
8d2a62f2-d630-6288-93ee-0fea3f859560,1960-06-08,,999-19-2698,S99950818,X66933241X,Mrs.,Elvera717,,Koepp521,,Durgan499,W,white,nonhispanic,F,Danvers  Massachusetts  US,691 Jacobson Quay,Stoneham,Massachusetts,Middlesex County,25017,02180,42.51626510232211,-71.0607120586343,134469.80,1015294.53,26516
87cb7301-9d12-b048-416d-2b290eed1bde,1971-01-01,,999-31-8213,S99969306,X59998518X,Mrs.,Eva64,Gloria696,Gurule738,,Abreu185,M,white,hispanic,F,Santiago de los Caballeros  Santiago  DO,443 Nicolas Overpass,Stoneham,Massachusetts,Middlesex County,25017,02180,42.449625818549954,-71.12021589239998,351795.32,242319.50,86024
99d3b9b2-46c1-ef9e-da70-81ac3d365f52,1939-06-16,,999-77-9788,S99986314,X51003385X,Mrs.,Adrianne466,Jonnie215,Glover433,,Hagenes547,M,white,nonhispanic,F,Hanover  Massachusetts  US,203 Marvin Parade Suite 80,North Westport,Massachusetts,Bristol County,,00000,41.69123281318341,-71.13397137931028,23577.54,1106488.24,10682
97df0b48-a67b-9b95-31c0-99bd722fd28e,2000-07-07,,999-86-5958,S99977203,X10307238X,Ms.,Marylee823,Georgeann302,Trantow673,,,,white,nonhispanic,F,Dighton  Massachusetts  US,475 Murazik Esplanade,Amherst,Massachusetts,Hampshire County,,00000,42.34916574536999,-72.53663768396554,104968.25,139848.33,56444
2d799deb-df07-0c4a-8692-42cce7595251,2006-02-13,,999-99-6229,S99921913,,Ms.,Aleisha941,Lesha323,Treutel973,,,,white,nonhispanic,F,West Springfield  Massachusetts  US,1095 Will Ville,Springfield,Massachusetts,Hampden County,25013,01108,42.12169706912768,-72.59872630118807,4416.06,73077.68,12128
898a6256-7ffb-dbe2-e24d-12fda2fedcfd,1966-06-23,,999-98-5513,S99971131,X62454905X,Mrs.,Maris768,,Lindgren255,,Dach178,D,white,nonhispanic,F,Oxford  Massachusetts  US,962 Stiedemann Vista,Aquinnah,Massachusetts,Dukes County,,00000,41.296176838673844,-70.77457862655254,343608.18,884243.46,178323
bad5a231-3709-952a-cf44-f8d6a52cc214,1961-11-15,,999-77-4825,S99987790,X35857365X,Mr.,German382,Lonnie913,Ebert178,,,M,white,nonhispanic,M,North Pembroke  Massachusetts  US,544 Morissette Esplanade Unit 30,Tisbury,Massachusetts,Dukes County,,00000,41.490983357629275,-70.61376021276003,976441.28,521994.74,118047
36ecae05-0060-b555-716f-303a8c34e914,2009-01-22,,999-69-5930,,,,Chana895,Danita413,Schinner682,,,,asian,nonhispanic,F,Ahmedabad  Gujarat  IN,565 Kreiger Forge,Boston,Massachusetts,Suffolk County,25025,02136,42.28793168158579,-71.10712468164671,2460.22,37975.76,7873
24a8f8bc-f502-5f0e-0dd7-27d64a15ed9e,2010-08-05,,999-51-1779,,,,Hershel911,,Labadie908,,,,white,nonhispanic,M,Peabody  Massachusetts  US,459 Schaefer Brook Unit 18,Southborough,Massachusetts,Worcester County,,00000,42.28898870390169,-71.57314441916614,19307.63,254188.72,136997
081abe99-9641-1098-8903-61de9e66d9fa,2014-07-30,,999-31-7333,,,,Kieth891,Humberto482,McKenzie376,,,,asian,nonhispanic,M,Carlisle  Massachusetts  US,1059 Gutkowski Rapid,West Concord,Massachusetts,Middlesex County,,00000,42.4488483076724,-71.41092753036908,16466.36,15385.46,127881
bf40c2b4-4f0d-10cf-a2bb-cbb235e4e437,1983-05-07,,999-57-8287,S99975616,X17801036X,Mrs.,Berta524,Ester635,Alemán808,,Banda20,M,black,hispanic,F,Port-au-Prince  Haiti  HT,793 Reichel Extension Unit 71,Boston,Massachusetts,Suffolk County,25017,02467,42.39941768449879,-71.03839909409565,134192.06,216856.57,28551
be3fe2c4-52da-02bb-e656-00e303e48a42,1955-03-21,,999-27-2946,S99952745,X34913849X,Mr.,Faustino767,Timmy68,Robel940,,,M,black,nonhispanic,M,North Attleborough  Massachusetts  US,981 Towne Bypass,Needham,Massachusetts,Norfolk County,25021,02492,42.236409083069944,-71.20502705203117,174408.44,789328.63,816851
f3884e8a-8b36-1e93-66dd-e910dfab2ef5,1978-08-24,,999-76-2430,S99945856,X47513897X,Mr.,Boyd728,Karl184,Bosco882,,,M,white,nonhispanic,M,Tisbury  Massachusetts  US,725 Legros Underpass,Northbridge,Massachusetts,Worcester County,,00000,42.17194718953116,-71.65453180857232,599556.80,129273.89,35860
bcd4d6cd-0c79-a19e-5b9e-64816e3fd72d,1955-10-26,2017-06-07,999-30-3282,S99989552,X69987146X,Mr.,Ramiro608,Samuel331,Moreno82,,,D,white,hispanic,M,Ponce  Puerto Rico  PR,514 Gorczany Dam,Agawam,Massachusetts,Hampden County,25013,01030,42.03782595936663,-72.63252115767492,13773.19,300566.52,7361
17e0bdef-4558-cc1d-2d44-90868cad827b,1983-11-14,,999-60-1723,S99973719,X19786794X,Mrs.,Laurie826,Tisa11,Bechtelar572,,Ondricka197,M,white,nonhispanic,F,Westport  Massachusetts  US,370 Cremin Course,Walpole,Massachusetts,Norfolk County,25021,02081,42.186956258262974,-71.23785404385853,143050.40,710376.20,742063
60fc807a-de74-7722-b431-a63362670472,1984-03-30,,999-23-5491,S99911833,X75313753X,Mr.,Hershel911,Johnson679,Grant908,,,D,white,nonhispanic,M,Amherst  Massachusetts  US,347 Hintz Landing Unit 87,Somerville,Massachusetts,Middlesex County,25017,02144,42.39950993102977,-71.09569682220284,8531.67,86526.34,18374
dc323bce-e583-d903-303e-9c865bc87e67,2012-09-02,,999-90-3605,,,,Carson894,Raphael767,Littel644,,,,white,nonhispanic,M,Plymouth  Massachusetts  US,467 Collier Stravenue Unit 12,Attleboro,Massachusetts,Bristol County,44007,02861,41.94870303349951,-71.30420119704972,45972.75,0.00,71169
5c779b5a-b6f0-2954-0c1c-9855c010d4d0,1955-10-26,,999-54-6238,S99943017,X80652924X,Mr.,Homero668,Jorge203,Quiñones183,,,M,white,hispanic,M,Havana  Havana  CU,1055 Konopelski Harbor,Agawam,Massachusetts,Hampden County,25013,01030,42.01877334730339,-72.62755690792407,11447.07,232656.08,7361
5032b4e1-c68e-b135-30ac-ad7e386b619b,1972-09-01,,999-12-8428,S99938679,X70978289X,Mr.,Ulysses632,Malik994,Schiller186,,,M,white,nonhispanic,M,Boston  Massachusetts  US,293 Aufderhar Ferry,Dennis,Massachusetts,Barnstable County,25001,02638,41.725245670981586,-70.17711054445101,423120.92,340229.49,38286
b05fba34-1719-c0de-ac25-16e65de3d26a,2014-12-03,,999-69-5195,,,,Dan465,Antwan357,Brakus656,,,,white,nonhispanic,M,Fall River  Massachusetts  US,442 Ondricka Bypass Unit 32,Pinehurst,Massachusetts,Middlesex County,25017,01866,42.4882236045668,-71.21097818669101,10815.88,6781.18,110733
8635f76c-d1ee-89fe-9051-b90c16afd70c,2012-08-05,,999-31-2376,,,,Leigh689,Mel236,White193,,,,white,nonhispanic,M,Boston  Massachusetts  US,410 Mann Trafficway Suite 50,Whitman,Massachusetts,Plymouth County,,00000,42.03909108642794,-70.94495407410976,34484.56,6101.98,95075
a0b3ad14-4bd2-3abd-b02e-9116247d9fea,1988-06-17,,999-83-1371,S99977090,X85642716X,Mr.,Todd315,Hank686,Abernathy524,,,S,white,hispanic,M,Westfield  Massachusetts  US,738 Medhurst Common Apt 1,Brewster,Massachusetts,Barnstable County,25001,02631,41.715291423247926,-70.10736269429712,52633.05,0.00,92411
dbc4a3f7-9c69-4435-3ce3-4e1988ab6b91,1959-08-01,,999-90-6273,S99943196,X74265284X,Mrs.,Ada662,Sari509,Balistreri607,,D'Amore443,M,white,nonhispanic,F,Orleans  Massachusetts  US,315 Simonis Parade,Somerville,Massachusetts,Middlesex County,25017,02138,42.38579955468066,-71.05781519988905,677634.54,243697.19,37098
f07e12ed-dff4-6161-3d23-8f043c4e316d,1980-01-31,,999-92-5113,S99978922,X40021464X,Mrs.,Sunday568,Lavonne167,Mitchell808,,Boehm581,D,white,nonhispanic,F,Bellingham  Massachusetts  US,782 Abbott Center Apt 25,Auburn,Massachusetts,Worcester County,,00000,42.168619411698145,-71.86877512613704,195830.78,252755.04,124361
12696753-a126-88f4-da66-a87c70d2cad7,2003-11-12,,999-74-6285,S99947206,X17586296X,Ms.,Aurea194,Angelo118,Weissnat378,,,,white,nonhispanic,F,Worcester  Massachusetts  US,749 Labadie Road,Worcester,Massachusetts,Worcester County,25027,01606,42.212945814749844,-71.8375116469486,5238.06,253645.30,8752
e335de09-0994-4111-3c15-6edcc17ae4bc,2005-04-25,,999-48-3846,S99958413,,Ms.,Jimmie93,Towanda270,Doyle959,,,,white,nonhispanic,F,Boston  Massachusetts  US,493 Cruickshank Mission,Holliston,Massachusetts,Middlesex County,,00000,42.24196479880921,-71.46440140556076,64178.99,5906.14,198522
3ec070e8-7f78-6a8b-12d7-9ee9808012e0,1963-01-05,,999-97-7674,S99986750,X13335074X,Mr.,Lorenzo669,Arthur650,Hartmann983,,,D,black,nonhispanic,M,Woburn  Massachusetts  US,571 Daugherty Vale,West Bridgewater,Massachusetts,Plymouth County,,00000,42.02675615256183,-70.98229438469599,74285.04,160945.98,198442
6c602779-9775-f512-2724-fa4e0d0788f5,1944-05-29,,999-36-7379,S99988645,X6398480X,Mr.,Lon587,Keith571,Kuhic920,,,S,white,nonhispanic,M,Brookline  Massachusetts  US,984 Roberts Ramp,Medford,Massachusetts,Middlesex County,25017,02145,42.40504312632774,-71.1110158624318,175672.72,233959.98,179090
5279920f-e303-9dca-844d-82ed5485f5da,1981-06-24,,999-75-5285,S99943758,X61694803X,Ms.,Vivien121,,Brakus656,,,S,asian,nonhispanic,F,Waltham  Massachusetts  US,682 Flatley Alley Unit 46,Malden,Massachusetts,Middlesex County,25017,02155,42.39084132243507,-71.11449453817326,346413.62,441614.20,92007
4c9a07e5-1e1c-00a5-2841-2b1e0fce61e3,2023-03-01,,999-24-9748,,,,Darwin703,Blaine377,Cruickshank494,,,,white,nonhispanic,M,Attleboro  Massachusetts  US,958 Block Bridge,Adams,Massachusetts,Berkshire County,25003,01220,42.63517761590894,-73.1192494105389,527.54,8988.43,10135
8a25981a-eb31-cb7c-047d-8249f6111a3e,1996-04-23,,999-73-3713,S99962778,X65438175X,Mr.,Clair921,,O'Reilly797,,,S,asian,nonhispanic,M,South Deerfield  Massachusetts  US,118 Dare Trace Suite 55,Middleborough Center,Massachusetts,Plymouth County,,00000,41.93348353807558,-70.87794901954182,91153.02,169109.90,33949
b0f6cc39-6dfd-4ac2-84c7-e7478723d563,1969-06-26,,999-23-6684,S99972764,X57766855X,Mrs.,Leonor133,Silvia880,Colunga237,,Corral791,D,white,hispanic,F,Bayamon  Puerto Rico  PR,620 Flatley Corner,Springfield,Massachusetts,Hampden County,25013,01199,42.131225536422356,-72.61762463513959,349405.27,153655.72,44636
c1ce8dfc-3c0d-de97-ce0e-5dc0460da340,1997-05-12,,999-88-2277,S99964975,X56995079X,Mr.,Truman805,Nicholas495,Hermiston71,,,,black,nonhispanic,M,Boston  Massachusetts  US,746 Wisozk Row,Hudson,Massachusetts,Middlesex County,25017,01749,42.39836672331241,-71.54140230317314,13354.75,290590.06,20158
8656f713-282f-e5f6-cc7e-346a573ef3b5,2003-12-02,,999-57-6333,S99992847,X18641941X,Mr.,Gilbert263,Isaac321,Marvin195,,,,white,nonhispanic,M,Wellesley  Massachusetts  US,844 Spencer Landing,Hatfield,Massachusetts,Hampshire County,25015,01038,42.420914908334304,-72.65371343895221,65721.22,7698.83,67906
355f70c7-b1f4-b1db-8843-56b8b193a30c,1999-03-08,,999-77-9888,S99939910,X71615350X,Ms.,Yolanda648,Andrea7,Baca589,,,,white,hispanic,F,Santo Domingo  National District  DO,221 Witting Spur Suite 88,Reading,Massachusetts,Middlesex County,25017,01867,42.52367011494195,-71.14881389990734,89732.66,405470.53,116503
65016a46-14f4-d19a-f82f-10299aba4c14,1956-09-20,,999-48-1113,S99932634,X81533091X,Ms.,Pauletta164,Brooke250,Spencer878,,,S,white,nonhispanic,F,Oak Bluffs  Massachusetts  US,524 Brekke Promenade,Lowell,Massachusetts,Middlesex County,25017,01852,42.63166141489058,-71.24977663205246,592752.49,332554.01,69926
d27273f0-f62d-7d7f-746d-4565f35cf176,1946-01-24,,999-94-6931,S99945569,X88227027X,Mr.,Aubrey96,Herschel574,Schmidt332,,,M,white,nonhispanic,M,Lowell  Massachusetts  US,957 Rohan Vista,Greenfield,Massachusetts,Franklin County,25011,01301,42.60866322091554,-72.54947692414748,580721.05,900011.77,82922
ba459391-501f-22f5-3446-7defd52e5fab,1962-09-02,1972-06-01,999-71-2141,,,,Maryjane289,Carlotta746,Murazik203,,,,white,nonhispanic,F,Winchester  Massachusetts  US,1061 Mayer Road,Boston,Massachusetts,Suffolk County,25025,02215,42.331582160702666,-71.06753997040518,65678.91,47471.44,58212
9e9b5929-6880-fd20-f386-026109e24028,1975-12-16,,999-95-2901,S99947128,X46498741X,Mrs.,Britteny287,Brigida296,Carter549,,Raynor401,M,white,nonhispanic,F,Barre  Massachusetts  US,354 Jakubowski Mall,West Yarmouth,Massachusetts,Barnstable County,25001,02673,41.68058211988881,-70.28956236074912,15637.97,1009957.09,16969
4f7a6432-3814-be2f-eb8a-1db4fe90e12d,2018-03-13,,999-62-9739,,,,Delilah659,Jamey282,Sanford861,,,,white,nonhispanic,F,North Lakeville  Massachusetts  US,123 Ziemann Lane,Dracut,Massachusetts,Middlesex County,,00000,42.67748594127815,-71.26161074652323,14393.25,539.02,138174
488e5395-0a2a-f2da-0389-e0e8062b009d,1962-09-02,,999-53-2490,S99934324,X58776222X,Mrs.,Sylvia544,Margherita470,Langworth352,,Haag279,W,white,nonhispanic,F,Fairhaven  Massachusetts  US,424 Cartwright Well Unit 68,Boston,Massachusetts,Suffolk County,25025,02199,42.29012812312178,-71.17251494512595,849950.23,232590.14,58212
916b1ac8-56c8-ec1b-3b9a-721336a74912,1953-05-10,,999-16-3735,S99968840,X83646024X,Ms.,Tambra47,Brittni468,Balistreri607,,,S,white,nonhispanic,F,Lexington  Massachusetts  US,146 Rowe Village Suite 3,New Bedford,Massachusetts,Bristol County,25005,02743,41.69575949466138,-71.0139075773327,281198.90,310261.21,140772
c3deeb5b-66ef-b1bf-0202-0e5ce485d30f,2004-04-21,,999-54-8844,S99994553,X44136485X,Ms.,Tamara8,Daniela614,Schinner682,,,,white,nonhispanic,F,Hopkinton  Massachusetts  US,514 Walter Frontage road Suite 33,Ocean Bluff-Brant Rock,Massachusetts,Plymouth County,,00000,42.103018569848636,-70.63130157339351,78968.58,98412.59,71078
32d7e67e-d2f7-8e45-a332-a763e004976b,1996-06-30,,999-56-9247,S99979945,X64481951X,Mr.,Alonzo487,Jose871,Friesen796,,,S,white,nonhispanic,M,Rochester  Massachusetts  US,691 Beier Row,Mansfield,Massachusetts,Bristol County,,00000,42.06228920279349,-71.22774025945637,94905.92,3414.68,124698
fb164202-4e38-04a0-470a-b7229db13c04,1969-12-09,,999-17-8864,S99911135,X87296700X,Mr.,Homero668,,Vigil207,,,D,white,hispanic,M,Guatemala City  Guatemala  GT,198 Baumbach Glen,Lowell,Massachusetts,Middlesex County,25017,01850,42.688166683338885,-71.3680668983018,179297.40,77976.38,39370
3d46defd-463f-a34b-4551-f9bbe96575bd,1963-12-08,,999-41-5328,S99948125,X47148021X,Mr.,Tyree261,Earnest658,Champlin946,,,D,white,nonhispanic,M,Rockland  Massachusetts  US,376 Fadel Gardens Suite 1,North Andover,Massachusetts,Essex County,,00000,42.67584334723591,-71.12465934196571,7617.33,190525.37,18258
bd277bc3-11ad-a0bd-7057-4ec1b705610f,1999-08-21,,999-53-5003,S99910543,X18782573X,Ms.,Aracelis412,Susann104,Greenholt190,,,,white,nonhispanic,F,Webster  Massachusetts  US,967 Hamill Track,Watertown,Massachusetts,Middlesex County,25017,02472,42.38325936873067,-71.18393312345711,122824.89,230741.10,83325
03bde354-de87-a404-4ab3-00edf0b184a7,2004-10-30,,999-72-1151,S99931142,,Ms.,Lahoma872,Chasidy481,Greenholt190,,,,white,hispanic,F,Brockton  Massachusetts  US,954 Boyer Dale Suite 47,Andover,Massachusetts,Essex County,25009,01810,42.64079353873826,-71.19480069514408,29383.72,26025.55,550030
699d2e19-7af4-de30-b430-ae854f5f690d,2003-07-11,,999-99-6945,S99912026,X80735265X,Mr.,Harley673,Toby274,Goldner995,,,,white,nonhispanic,M,Belchertown  Massachusetts  US,521 Borer Street,Winchester,Massachusetts,Middlesex County,25017,01890,42.498322631245124,-71.1649127382345,56148.86,119973.56,64743
d3526c15-a6eb-ec69-d2ce-7f4dfac7fc5e,2008-03-02,,999-29-1152,S99971706,,,Nichol11,Eveline832,Stiedemann542,,,,black,nonhispanic,F,Gloucester  Massachusetts  US,236 Beer Corner,Newton,Massachusetts,Middlesex County,25017,02468,42.315040615083404,-71.26451276607256,53399.02,3361.88,163299
de480ca4-19a6-f2e0-7922-1c51e7c8dcb8,2017-01-08,,999-34-5848,,,,Fabian647,,Hayes766,,,,white,nonhispanic,M,Boston  Massachusetts  US,896 Jerde Stravenue Suite 72,Waltham,Massachusetts,Middlesex County,25017,02453,42.342899587918424,-71.24213987981395,7380.74,12883.79,33617
2bd4d47d-5e00-3b67-cdd7-03f4b811b711,1962-07-02,,999-10-4511,S99966856,X36607749X,Mrs.,Jeana169,,Weimann465,,Gibson10,D,white,nonhispanic,F,North Andover  Massachusetts  US,289 Powlowski Fort Apt 42,Newton,Massachusetts,Middlesex County,25017,02458,42.26609789672663,-71.25377121649466,494686.66,9394.81,62332
e73d2c53-6e7e-13b9-d296-460e42e6014a,1968-01-22,,999-50-3586,S99979027,X10326074X,Mrs.,Lauralee67,Taren286,Sauer652,,Hilll811,D,white,nonhispanic,F,Boston  Massachusetts  US,727 Moore Trafficway,Springfield,Massachusetts,Hampden County,25013,01129,42.17984283413696,-72.52245378331897,754029.94,185658.80,110873
5e0a6984-38d7-c604-f55f-f1de5e933768,1986-07-04,,999-58-5560,S99931679,X61479569X,Mrs.,Hattie299,Reatha769,Nader710,,Harber290,M,white,nonhispanic,F,North Reading  Massachusetts  US,720 O'Keefe Arcade,Newton,Massachusetts,Middlesex County,25017,02468,42.29179724665822,-71.14929621689147,169293.06,801407.90,86384
13cc1678-474c-7932-a719-c64f3a7adc9f,2022-09-21,,999-90-5038,,,,Wade235,Austin578,Emmerich580,,,,white,nonhispanic,M,Haverhill  Massachusetts  US,220 Sporer Crossing,Middleton,Massachusetts,Essex County,,00000,42.56545371189631,-70.99739142909526,10394.18,4560.98,170535
3e96ffd1-e286-f5ac-1606-539e37c7c46a,1962-01-02,,999-12-8492,S99940053,X78800987X,Mr.,Erasmo545,,Connelly992,,,D,white,nonhispanic,M,Andover  Massachusetts  US,791 Lakin Brook Apt 87,Yarmouth Port,Massachusetts,Barnstable County,25001,02675,41.65747489119117,-70.2328342779473,173434.41,106558.23,36061
27eb7bda-3896-d2f9-47a7-4d739283e770,2008-01-08,,999-21-2495,S99920681,,,Leo278,,Franecki195,,,,white,nonhispanic,M,Woburn  Massachusetts  US,384 Weissnat Rue Unit 43,Somerville,Massachusetts,Middlesex County,25017,02155,42.40057531808693,-71.11981137126885,44973.24,0.00,762068
655baba7-47ed-22ac-2093-1196ebb44928,1927-03-20,2011-01-28,999-61-7485,S99993051,X72765472X,Mrs.,Zenia843,Genesis248,Weimann465,,Kuhic920,M,other,nonhispanic,F,Greenfield  Massachusetts  US,161 Hammes Union Unit 6,West Tisbury,Massachusetts,Dukes County,,00000,41.35420569335007,-70.65792862409191,1068387.92,526259.59,90297
74ad71cb-f64d-efce-02c9-ae3bc917c4a2,1994-07-24,2022-01-17,999-16-5935,S99989927,X6467602X,Ms.,Teresa94,,Pichardo350,,,,white,hispanic,F,Portsmouth  Saint John Parish  DM,242 Jerde Street,West Brookfield,Massachusetts,Worcester County,25027,01585,42.27816896092641,-72.15031527712499,160028.37,169911.73,95344
116916b1-0b2b-e099-1b72-e8935f3bea0f,2007-02-24,,999-56-5183,S99935827,,,Dominick530,Pedro316,Schiller186,,,,white,nonhispanic,M,Randolph  Massachusetts  US,284 Erdman Grove,Winthrop,Massachusetts,Suffolk County,25025,02152,42.360127903114105,-71.0424774589407,33278.97,34825.95,148206
1c6c9d07-b38f-8fe5-fac9-0edd06a64f85,1994-07-24,,999-49-8425,S99971732,X56100467X,Mrs.,Leticia253,María Luisa888,Torres807,,Zarate81,M,white,hispanic,F,Wesley  Saint Andrew Parish  DM,287 Wisozk Green,West Brookfield,Massachusetts,Worcester County,25027,01585,42.217430157901106,-72.18214824824331,195579.25,540391.56,95344
5358446e-e631-c640-5880-c6cf99dc8bed,1973-10-11,,999-17-6364,S99967934,X64209034X,Mrs.,Aleen595,Alanna27,Rogahn59,,Yundt842,M,white,nonhispanic,F,Boston  Massachusetts  US,848 Okuneva Skyway Suite 61,Worcester,Massachusetts,Worcester County,25027,01604,42.26219687302075,-71.7541499571944,317350.84,878644.32,148000
81df73ed-e648-6a5d-22af-7f24d5fdb4cb,1976-12-11,,999-87-8692,S99932393,X40817106X,Ms.,Bernetta267,Danita413,Rutherford999,,,S,white,nonhispanic,F,Quincy  Massachusetts  US,298 Russel Track,Chelmsford,Massachusetts,Middlesex County,,00000,42.62114083583974,-71.39444170435827,804184.27,164485.47,112954
4f159375-4ee4-36ab-b464-6d38f6ff2dae,1950-04-28,,999-83-8671,S99947678,X25427399X,Mr.,Dudley365,,Blick895,,,M,white,nonhispanic,M,Scituate  Massachusetts  US,486 Greenfelder Trace,Groveland,Massachusetts,Essex County,,00000,42.74496938783189,-70.99465610219997,260074.13,787575.59,189277
21d26e56-f4e6-779d-e0d1-bdd371d8e4aa,2001-08-18,,999-74-2047,S99939062,X5139923X,Ms.,Pei116,Yer774,Anderson154,,,,native,nonhispanic,F,Spencer  Massachusetts  US,811 Corwin Trailer,North Brookfield,Massachusetts,Worcester County,25027,01535,42.30305127652608,-72.0966777642271,61044.44,15353.28,36480
bd2a8021-2868-6dd2-c17f-bfd7c36fe247,1927-03-20,,999-16-5553,S99998808,X26994367X,Mrs.,Alena861,Danna372,Gusikowski974,,Bahringer146,M,other,nonhispanic,F,Chelmsford  Massachusetts  US,672 Quigley Dale,West Tisbury,Massachusetts,Dukes County,,00000,41.43371898695365,-70.66515525033135,1157946.95,1267791.20,90297
9933f4bd-106c-b41d-467a-94ec42baeb81,1990-12-28,,999-44-6753,S99951706,X71101002X,Mr.,Christopher407,Carey440,Brakus656,,,M,white,nonhispanic,M,Marblehead  Massachusetts  US,310 Toy Arcade Unit 47,Wilmington,Massachusetts,Middlesex County,25017,01887,42.55418124532767,-71.14725027476446,65711.00,1941.56,92885
5a3a689b-77d6-6c1a-7a86-a9c1b9b6847c,1977-01-13,,999-68-8032,S99943881,X20976043X,Ms.,Carolina179,Maricarmen445,Otero621,,,S,white,hispanic,F,Bayamon  Puerto Rico  PR,234 Considine Trafficway,Wales,Massachusetts,Hampden County,,00000,42.06588659808313,-72.25779487482973,442640.29,289687.14,96411
0bc53e6a-8820-ded4-57c5-7ccc6355354c,1976-09-21,,999-83-2319,S99917166,X77212138X,Ms.,Marisha663,Linda558,Carter549,,,S,white,nonhispanic,F,Lawrence  Massachusetts  US,873 Strosin Rapid Apt 42,Whitman,Massachusetts,Plymouth County,,00000,42.11271885905125,-70.98132688873395,226219.18,522194.56,29352
14dc5e57-1b84-3305-c042-86c9fc7e4996,1983-09-03,,999-48-1463,S99966116,X82183230X,Mrs.,Cathy455,Lanita675,Wolff180,,Brekke496,M,asian,nonhispanic,F,Marshfield  Massachusetts  US,295 Mills Alley Unit 71,Lynn,Massachusetts,Essex County,25009,01940,42.48040618547314,-70.89706290148865,306535.33,379288.43,72413
c055bc9e-ce1a-b116-287a-be9162e35a2f,1999-02-24,,999-70-3034,S99963737,X49455357X,Ms.,Nicki254,Cherly215,Jacobi462,,,,black,nonhispanic,F,Salem  Massachusetts  US,798 Stanton Esplanade,Boston,Massachusetts,Suffolk County,25025,02113,42.34024487370793,-71.08674318037184,143573.39,331662.12,119795
98cbb02b-c16a-60e4-1ff0-37c0e45e0e9f,2011-09-30,,999-74-6516,,,,Moses679,,Friesen796,,,,white,nonhispanic,M,Boston  Massachusetts  US,689 Bailey Plaza Apt 88,Brockton,Massachusetts,Plymouth County,25023,02351,42.046132156024434,-71.00135889341736,3895.86,285495.20,8615
d6cc7569-5f31-9648-ec6a-e1162b32b183,2008-06-07,,999-59-4941,S99999666,,,Diamond340,Mirtha993,Keebler762,,,,white,nonhispanic,F,North Attleborough  Massachusetts  US,905 Smitham Bay,Braintree,Massachusetts,Norfolk County,25021,02184,42.23763485989078,-71.01856199572187,56729.23,13905.95,94205
780fe740-20fb-07ee-1fbd-3fafa9f5df91,2009-08-20,,999-71-1449,,,,Stanton715,Dion244,Kassulke119,,,,white,nonhispanic,M,Taunton  Massachusetts  US,539 Grady Fork Suite 43,Leominster,Massachusetts,Worcester County,25027,01453,42.58333186214607,-71.81775391413706,3969.77,55724.98,24218
cca2c7f0-a2aa-94e5-ccea-cb78a7d38652,1972-01-25,,999-36-7955,S99988067,X10446987X,Mrs.,Margarette462,Britt177,West559,,Heidenreich818,D,white,nonhispanic,F,Chelmsford  Massachusetts  US,756 Schaefer Row Apt 84,Yarmouth,Massachusetts,Barnstable County,,00000,41.66687013330817,-70.21884616593829,119874.42,921478.76,124775
3c7e37b0-c610-bc9a-d75a-f782e5dc7598,2023-01-18,,999-74-5035,,,,Lael572,Anitra287,Schuppe920,,,,white,nonhispanic,F,Boston  Massachusetts  US,752 Simonis Gate Suite 16,Holyoke,Massachusetts,Hampden County,25013,01040,42.238972527131395,-72.61396083967448,4871.79,0.00,545255
37713015-cfb5-bf1a-70eb-970101f32341,2018-04-09,,999-80-8977,,,,Yun266,Norah104,Ernser583,,,,white,nonhispanic,F,Holliston  Massachusetts  US,376 Ullrich Knoll Unit 86,Fairhaven,Massachusetts,Bristol County,,00000,41.66850728829945,-70.89735592991482,15979.43,4193.28,35486
d426334c-a982-3a31-7e0f-ca3c7fe01310,1960-05-07,,999-80-9251,S99966941,X9157439X,Mrs.,Anita473,Berta524,Sánchez310,,Rodarte647,W,white,hispanic,F,Santiago de los Caballeros  Santiago  DO,977 White Row,Beverly,Massachusetts,Essex County,25009,01915,42.52092525310356,-70.87359962405826,955755.57,1280069.64,61016
cb1b46a1-9cb5-1187-ccc5-9fb7b98aa957,1982-12-09,,999-83-1974,S99951357,X10229924X,Mr.,Grady603,Delmar187,Swaniawski813,,,M,white,nonhispanic,M,Springfield  Massachusetts  US,623 Crooks Street,Sharon,Massachusetts,Norfolk County,25021,02067,42.143164212405836,-71.1705288770304,302685.62,87202.01,63727
d1622e8b-d26b-ec81-ffcb-ec4bf2af385b,1951-11-22,2017-08-18,999-55-3884,S99996090,X31384759X,Mrs.,Elna874,Dian810,Prohaska837,,Bogisich202,D,asian,nonhispanic,F,Fitchburg  Massachusetts  US,574 Stanton Stravenue,Boston,Massachusetts,Suffolk County,25025,02129,42.32229019631251,-71.02502461458621,100734.69,1441488.68,92537
f339a5f7-0b09-3072-2b01-7c8e8ca2c1fc,1951-11-22,,999-66-2146,S99975537,X26025438X,Ms.,Blanca837,Allyn942,Reinger292,,,S,asian,nonhispanic,F,Millis-Clicquot  Massachusetts  US,698 Hagenes Annex,Boston,Massachusetts,Suffolk County,25025,02116,42.4217635057772,-71.00480708754442,655129.70,381212.81,92537
