Id,BIRTHDATE,DEATHDATE,SSN,DRIVERS,PASSPORT,PREFIX,FIRST,MIDDLE,LAST,SUFFIX,MAIDEN,MARITAL,RACE,ETHNICITY,GENDER,BIRTHPLACE,ADDRESS,CITY,STATE,COUNTY,FIPS,ZIP,LAT,LON,HEALTHCARE_EXPENSES,HEALTHCARE_COVERAGE,INCOME
a63e50ca-76f5-71bd-b8e2-34d41fe191b1,2000-06-09,,999-24-5733,S99971473,X59816762X,Ms.,Emogene884,,Hauck852,,,,white,nonhispanic,F,Easthampton  Massachusetts  US,297 Boehm Bay Suite 71,Lexington,Massachusetts,Middlesex County,25017,02421,42.4087740244986,-71.25787496478753,40432.11,15066.92,39304
5be99fef-1f93-da2a-8a47-08b3fe0cfed3,1957-08-07,,999-30-1283,S99915569,X72899100X,Mrs.,Adrianne466,Regena252,Romaguera67,,Kohler843,M,white,nonhispanic,F,Winchester  Massachusetts  US,648 Schinner Mission,Acton,Massachusetts,Middlesex County,,00000,42.50906618412687,-71.42946079473954,1204569.67,228629.08,108908
4e17efb4-5c7c-f3ed-3820-2633fa6e17dc,1973-04-14,,999-14-3672,S99953900,X30971642X,Mr.,Paul232,Colin861,Dach178,,,M,white,hispanic,M,Wrentham  Massachusetts  US,1081 Hickle Branch Suite 8,Newburyport,Massachusetts,Essex County,25009,01950,42.76480375144132,-70.89990959892614,109192.36,0.00,95153
c84752fd-a074-f9c5-7188-d5fd5e41cd83,2002-01-17,,999-52-2490,S99989675,X9176691X,Ms.,Loria303,,Littel644,,,,white,nonhispanic,F,Longmeadow  Massachusetts  US,854 Ondricka Route,Winchester,Massachusetts,Middlesex County,25017,01890,42.41875210558107,-71.17591403070497,9000.00,1074239.87,7743
c72c18e0-02a5-9116-b4e4-e5ac4b32460b,2012-05-02,,999-28-6040,,,,Teresa94,Magdalena964,Raya927,,,,other,hispanic,F,Portsmouth  Saint John Parish  DM,520 Dooley Quay,Springfield,Massachusetts,Hampden County,25013,01128,42.105538749283,-72.62876840464891,13903.89,8462.27,44470
caa2c929-db01-5063-aeb3-039344e83c06,2016-06-27,,999-89-4437,,,,Alesia841,,Feest103,,,,white,nonhispanic,F,Berlin  Massachusetts  US,583 Funk Divide Unit 49,Millville,Massachusetts,Worcester County,,00000,42.05588901205332,-71.62872041393116,3783.69,36242.12,59968
2a4a9e3d-6b3f-1560-14f5-0913b52dd6e4,2000-02-09,,999-70-8252,S99978981,X14121561X,Mr.,Ned189,Kristofer887,Heidenreich818,,,,white,nonhispanic,M,Newton  Massachusetts  US,965 Osinski Boulevard Unit 63,Manchester-by-the-Sea,Massachusetts,Essex County,,00000,42.534898037068395,-70.78471290236924,93903.50,765948.20,128327
20f37814-ff5a-d5c5-3b3a-ba70ae79d8f4,1993-05-04,,999-11-4423,S99915199,X83531724X,Mr.,Orlando897,Andres25,Harris789,,,M,white,nonhispanic,M,Ashfield  Massachusetts  US,814 Zemlak Pathway,Quincy,Massachusetts,Norfolk County,25021,02186,42.19921050914192,-71.13102212138973,4650.00,44826.28,14057
1fa9400d-4df8-433a-d60d-39e3628e83b4,1968-06-16,,999-56-7395,S99970240,X46005493X,Mr.,Dexter530,,Upton904,,,M,white,nonhispanic,M,Boston  Massachusetts  US,346 Weimann Road,Mendon,Massachusetts,Worcester County,,00000,42.13275698343401,-71.53398340600364,68523.34,53077.35,132171
71272571-cb42-2bd7-3184-9b9367371c62,2001-04-16,,999-99-9170,S99996440,X42171310X,Ms.,Reina25,,Amador986,,,,white,hispanic,F,Santiago de los Caballeros  Santiago  DO,1076 Davis Walk,Tewksbury,Massachusetts,Middlesex County,,00000,42.56290199506172,-71.22466477677222,46596.93,8922.32,122012
17e64316-60be-7f32-b27e-3b5b9d09efbf,1996-10-16,,999-66-6877,S99998393,X80431062X,Mr.,Devin82,,Medhurst46,,,,white,nonhispanic,M,Malden  Massachusetts  US,722 Zboncak Center Suite 66,Norfolk,Massachusetts,Norfolk County,,00000,42.08457679647329,-71.37435132928735,32197.08,0.00,154876
2a83f006-aa73-c39a-cfd8-5a2cb8e36cda,1989-02-06,,999-59-8542,S99926498,X40986006X,Mr.,Ira784,Thurman577,Schultz619,,,D,white,nonhispanic,M,Wrentham  Massachusetts  US,456 Hammes Village Apt 25,Worcester,Massachusetts,Worcester County,25027,01606,42.23285610287596,-71.87703070943623,5755.46,55502.54,5364
87b001ee-957e-4403-29fd-139bf38e53b8,2004-01-13,,999-15-4130,S99935634,X68903447X,Ms.,Usha71,Taunya970,Carroll471,,,,asian,nonhispanic,F,Chelmsford  Massachusetts  US,703 Ferry Passage,Wellesley,Massachusetts,Norfolk County,25021,02492,42.23497520951733,-71.20548746060003,411444.95,363483.43,91414
0513be32-be7c-128c-57be-a947b0e0ca9c,2021-12-11,,999-70-5571,,,,Macie339,Roxy374,Carroll471,,,,white,nonhispanic,F,Waltham  Massachusetts  US,329 Collins Frontage road,Framingham,Massachusetts,Middlesex County,25017,01701,42.313401588804,-71.46940163747209,8257.90,0.00,936742
c5610495-1f6f-f34a-6709-c60c3fdd9d05,1991-10-17,,999-49-5473,S99922353,X41071077X,Mrs.,Cinda869,Annabelle638,Gerlach374,,Beier427,M,white,nonhispanic,F,Boston  Massachusetts  US,783 Lebsack Parade,Natick,Massachusetts,Middlesex County,,00000,42.323270464450765,-71.37000760151744,157985.04,464784.53,57966
b17444ab-b982-0d3e-bcc0-910eb1c83990,1979-12-22,,999-53-8321,S99934152,X70818641X,Mr.,Calvin845,,Mitchell808,,,S,black,hispanic,M,Duxbury  Massachusetts  US,859 Schaden Skyway Apt 68,Boston,Massachusetts,Suffolk County,25025,02113,42.35071260097476,-71.10707050286607,70275.43,8796.52,82210
b43e5e9c-7dc9-da5f-1e2f-7869c518fd6b,1960-11-02,,999-57-6691,S99980227,X26656443X,Mrs.,Sue491,,Hagenes547,,Zboncak558,M,white,nonhispanic,F,Peabody  Massachusetts  US,164 Luettgen Landing Suite 7,Brewster,Massachusetts,Barnstable County,25001,02631,41.70538814181357,-70.05931968310442,478604.25,2530842.03,122092
86112e72-281d-306c-633b-dcc9ce8d48a5,1986-12-04,,999-71-8722,S99992272,X62902261X,Mr.,Marty115,Erick204,Baumbach677,,,M,white,nonhispanic,M,North Westport  Massachusetts  US,375 Huel Bypass Apt 84,Whitman,Massachusetts,Plymouth County,,00000,42.054702033199156,-70.8997371733779,45243.92,6652.58,74877
48363f7a-1526-af95-126f-6bb59f496575,2015-02-21,,999-35-7601,,,,Junita557,Ruthann382,Spinka232,,,,white,nonhispanic,F,Bellingham  Massachusetts  US,109 Satterfield Trailer,Rockland,Massachusetts,Plymouth County,,00000,42.11755484222221,-70.90446026956083,12010.16,0.00,174722
035fce6f-47f0-f659-c431-31e2d997f180,1956-01-04,,999-96-1732,S99954155,X60612579X,Mr.,Ramiro608,Frankie174,Hand679,,,D,white,nonhispanic,M,North Andover  Massachusetts  US,729 Douglas Rapid Unit 1,Haverhill,Massachusetts,Essex County,25009,01835,42.77367705147443,-71.10433290406125,189432.38,444166.89,71517
803bddfd-b113-7c69-f81f-f0a4071f7288,1978-11-27,,999-19-2157,S99912914,X18877078X,Ms.,Sofia418,,Preciado125,,,S,white,hispanic,F,Salisbury  Saint Joseph Parish  DM,637 Pollich Gardens Apt 40,Everett,Massachusetts,Middlesex County,25017,02148,42.42747366774923,-71.05216642787622,283005.98,737088.26,429055
c2f8cf67-7e11-facf-a39f-bae221095159,2004-11-12,,999-90-1462,S99944239,,Mr.,Jacques50,Darrel772,McCullough561,,,,white,nonhispanic,M,Boston  Massachusetts  US,159 Nolan Walk Suite 63,Somerville,Massachusetts,Middlesex County,25017,02138,42.39676598716809,-71.12687906393201,45560.35,0.00,73901
f9e56be7-fdbd-0a1a-3aa3-f7eee98a9fbd,1997-03-02,,999-22-1874,S99984323,X68404099X,Ms.,Marquitta546,Debra128,Jaskolski867,,,,black,nonhispanic,F,Shrewsbury  Massachusetts  US,625 Armstrong Light Apt 76,Natick,Massachusetts,Middlesex County,,00000,42.27271643945566,-71.30289124647919,121062.00,482914.38,776476
b72fcf61-b513-62d6-bc9c-fa23550632e9,1949-02-12,,999-34-5083,S99988294,X9217687X,Mrs.,Chang901,Macie339,Lind531,,VonRueden376,D,white,nonhispanic,F,Arlington  Massachusetts  US,170 Hilll View,Weston,Massachusetts,Middlesex County,,00000,42.346356780183925,-71.33990390514153,16945.55,1725273.43,4885
5bbabfcb-f7fd-e57c-7ab9-b9cc75cf7d8f,2005-10-04,,999-89-1305,S99958184,,Ms.,Kati243,Trudie215,Zulauf375,,,,white,nonhispanic,F,Middleborough  Massachusetts  US,942 Nienow Skyway,Billerica,Massachusetts,Middlesex County,,00000,42.52053054404902,-71.26280054871388,48430.72,0.00,76355
a1e40676-b97b-a691-e486-81b912fe6537,1970-02-14,,999-15-2733,S99959512,X3464392X,Mr.,Kurtis994,Garry927,Kihn564,,,D,white,nonhispanic,M,Ware  Massachusetts  US,165 Frami Corner Suite 95,Worcester,Massachusetts,Worcester County,25027,01606,42.3290491995937,-71.84541059895166,194544.55,5883.38,58439
6f3117f0-8650-1bdf-bc00-00914e57ea44,1975-03-21,,999-20-8988,S99969610,X23468240X,Mr.,Gil594,Julio255,Murazik203,,,S,white,nonhispanic,M,Franklin  Massachusetts  US,993 Rodriguez Station Suite 98,Concord,Massachusetts,Middlesex County,,00000,42.48965463694754,-71.40274054015245,8661.16,76779.21,9063
feeaba36-ab89-50c4-5852-d8f7cfe4b918,1969-04-21,,999-26-1763,S99921571,X26894512X,Mr.,Britt177,Maximo817,Stamm704,,,D,white,nonhispanic,M,Falmouth  Massachusetts  US,228 Barrows Road Apt 23,Easton,Massachusetts,Bristol County,,00000,42.07728461918325,-71.1561265020113,92263.66,52606.26,148835
e1addc35-4a6a-3dfd-33f3-b9981187cf86,1983-04-21,,999-60-7683,S99969807,X5061335X,Mrs.,Exie255,Somer38,Gerlach374,,Collins926,M,black,nonhispanic,F,Worcester  Massachusetts  US,1087 Heller Gardens,Worcester,Massachusetts,Worcester County,25027,01604,42.29637039277738,-71.69190527263598,658752.02,716594.10,86227
eb7b501d-7ae3-ba79-dbbf-5770e4ec01f4,2004-05-16,,999-34-1643,S99938506,X30243867X,Ms.,Lacie818,Meri607,Weber641,,,,white,nonhispanic,F,Wellfleet  Massachusetts  US,450 Prosacco Key,Amherst,Massachusetts,Hampshire County,,00000,42.33242061328368,-72.48455681709581,8354.27,784737.62,11167
db8cf453-e1c5-d795-d58a-d9c086049a9e,1992-06-29,,999-37-2770,S99952545,X40890783X,Mrs.,Theola421,,Stiedemann542,,Luettgen772,M,white,nonhispanic,F,Springfield  Massachusetts  US,523 Cronin Rapid Unit 88,West Springfield,Massachusetts,Hampden County,25013,01089,42.09193961237173,-72.62176176678481,14050.00,481853.42,11044
63ee035b-0a3f-6013-a268-61aabe14c1db,1953-02-21,,999-34-5091,S99960112,X73977976X,Mr.,Toby274,Everett935,Brekke496,,,M,black,hispanic,M,Hingham  Massachusetts  US,859 Hane Branch,Hubbardston,Massachusetts,Worcester County,,00000,42.52399015713719,-72.02389893621516,263229.96,127778.05,82950
d805d121-f8bd-0968-5d8e-d3fb0639917b,1948-11-12,,999-41-3149,S99978109,X5756306X,Mrs.,Anja508,Hermelinda327,Gutkowski940,,Kessler503,D,white,nonhispanic,F,Boston  Massachusetts  US,196 Torphy Path,Bridgewater,Massachusetts,Plymouth County,25023,02324,41.947485770063345,-70.94231658939245,1275415.00,857851.81,35152
ba498298-92e6-af1a-c580-bec52cf42155,1981-07-03,,999-10-7495,S99949441,X20556745X,Mr.,Dane516,Adrian111,Swift555,,,M,white,nonhispanic,M,Bourne  Massachusetts  US,894 Koepp Camp Suite 48,Marion,Massachusetts,Plymouth County,,00000,41.72077565482867,-70.72008643900269,124686.17,0.00,90223
4edec8bf-3334-df38-dfae-614b8fd792d2,1948-05-24,,999-41-1303,S99974780,X72220619X,Mrs.,Katharyn928,,O'Reilly797,,Witting912,M,black,nonhispanic,F,Dalton  Massachusetts  US,136 Hyatt Vale Unit 60,Mansfield Center,Massachusetts,Bristol County,,00000,42.07020720232655,-71.17193564417796,384517.53,106156.72,72910
c5863964-1048-bebb-c30a-e85b7a971d77,2000-03-26,,999-91-3052,S99935040,X78468146X,Ms.,Emerita401,Porsha375,Mante251,,,,white,nonhispanic,F,Quincy  Massachusetts  US,943 Rohan Lock Suite 15,Winchendon,Massachusetts,Worcester County,25027,01475,42.66455541939225,-72.00985786969954,55910.26,58353.52,51695
18753197-9fd4-cf3b-1777-5ae68e5a9082,1978-08-25,,999-67-7457,S99977943,X57697792X,Mr.,Russel238,Ken316,Heathcote539,,,D,white,nonhispanic,M,Chelsea  Massachusetts  US,938 Hessel Haven,Taunton,Massachusetts,Bristol County,25005,02718,41.85904077850113,-71.09914460834702,69489.81,71.64,89043
7173b426-cf87-1bf3-5a51-417b08c5f597,2003-04-29,,999-50-9567,S99957847,X12033054X,Mr.,Elbert916,Marquis364,Johnston597,,,,black,nonhispanic,M,Norwood  Massachusetts  US,473 Feest Ranch,Billerica,Massachusetts,Middlesex County,,00000,42.576296787083784,-71.27562821741476,440390.68,383974.02,76274
fd115915-5e03-ac14-ba9d-038588fd9713,1967-07-28,2015-01-10,999-78-4529,S99914727,X58324461X,Mrs.,Agnes294,Lorna458,Weber641,,Robel940,M,white,nonhispanic,F,Pittsfield  Massachusetts  US,104 Simonis Route,Ayer,Massachusetts,Middlesex County,25017,01432,42.57810876997581,-71.55586127349396,532323.24,541180.83,65010
bbe638f7-0d92-393d-c606-13b102da71cb,1967-07-28,,999-47-9053,S99912361,X39202238X,Mrs.,Deedra511,Adele475,Hansen121,,Toy286,W,white,nonhispanic,F,Revere  Massachusetts  US,613 Blick Orchard,Ayer,Massachusetts,Middlesex County,25027,01434,42.56187859105308,-71.60987759907661,739204.47,384295.92,65010
e08dd51f-fe74-7ff7-4cf4-4ad934b4c116,1972-05-29,,999-49-9692,S99956681,X11856726X,Mrs.,Tawny381,Lester513,Huel628,,Durgan499,D,white,nonhispanic,F,Boston  Massachusetts  US,880 Rutherford Extension Suite 20,Franklin,Massachusetts,Norfolk County,25021,02038,42.12760106870047,-71.37152800766948,268364.87,1793950.27,173984
e2f42371-b351-7aaa-d7d4-61c2c61c9b8c,2003-12-06,,999-14-6674,S99968244,X69536467X,Mr.,Teodoro374,Dee580,Watsica258,,,,white,nonhispanic,M,Newton  Massachusetts  US,338 Gutmann Course,Dartmouth,Massachusetts,Bristol County,,00000,41.605418750249946,-71.00359786620713,22712.61,0.00,162465
fd09d651-cb6a-54be-eee3-1997d142a621,1968-04-24,2012-02-06,999-91-9995,S99988482,X9741194X,Ms.,Brigitte394,,Simonis280,,,S,hawaiian,nonhispanic,F,Marion Center  Massachusetts  US,503 West Village,Oak Bluffs,Massachusetts,Dukes County,,00000,41.46676578572387,-70.58915158241307,19655.09,128373.54,12113
17acf601-652d-3645-bf48-f2b071ddb7d3,1944-10-09,,999-94-6957,S99947435,X8659443X,Mr.,Kelvin159,Nestor901,Bernier607,,,D,white,nonhispanic,M,Lawrence  Massachusetts  US,966 Senger Parade,Brookline,Massachusetts,Norfolk County,25021,02445,42.32020132726761,-71.11107247772863,80264.26,378303.95,657136
6a078d69-2f11-67bc-9ea1-9b06659f6934,1961-11-05,,999-60-5660,S99989931,X49834272X,Mrs.,Ignacia942,,Dietrich576,,Klocko335,M,white,nonhispanic,F,Lynn  Massachusetts  US,642 Schulist Arcade,East Bridgewater,Massachusetts,Plymouth County,,00000,41.99267400317806,-70.95739978313082,186485.30,6354907.49,124289
aa74bdbf-7ca7-670c-e32a-fecc61f55cdd,1968-04-24,,999-52-5350,S99982541,X20305777X,Mrs.,Pamila110,Cassi819,Tromp100,,Raynor401,M,hawaiian,nonhispanic,F,Springfield  Massachusetts  US,579 Marvin Mission Unit 88,Oak Bluffs,Massachusetts,Dukes County,,00000,41.47721718144615,-70.53163786706658,18885.75,776276.02,12113
b46a7fc3-f660-ef31-5622-e964adaecd96,1954-08-06,,999-50-2462,S99911820,X26758455X,Mrs.,Myrna889,Sharika71,Osinski784,,Skiles927,M,other,nonhispanic,F,Taunton  Massachusetts  US,625 Hammes Rapid Unit 12,Attleboro,Massachusetts,Bristol County,44007,02861,41.89380279170663,-71.24743327935987,21045.20,922932.85,21463
338e51dc-b46c-08b2-f05a-d13d1c76eb05,1999-06-01,,999-52-3721,S99987785,X70729579X,Mr.,Jude172,,Hodkiewicz467,,,,asian,nonhispanic,M,Braintree  Massachusetts  US,888 Kemmer Course Suite 83,Somerville,Massachusetts,Middlesex County,25017,02145,42.39347713885435,-71.10862272137638,59537.90,0.00,62307
1f8d9134-0c92-69cd-25ff-c457f668e3d5,1976-01-19,,999-60-9971,S99980479,X33448879X,Mrs.,Melony418,,Cronin387,,DuBuque211,M,white,hispanic,F,Revere  Massachusetts  US,839 Ryan Viaduct Apt 76,Brewster,Massachusetts,Barnstable County,25001,02631,41.77037706585203,-70.02572279303484,208556.13,663563.85,33484
2eff4c57-a184-240c-c938-51291a47d990,2017-10-12,,999-39-9562,,,,Juan88,,Armijo730,,,,black,hispanic,M,Panama City  Panama  PA,569 Stracke Ville Suite 48,North Brookfield,Massachusetts,Worcester County,25027,01535,42.305221496668544,-72.10987876848414,1429.27,12028.56,26185
22841e91-a0a2-7149-e483-472da86bb3cd,1994-12-26,,999-71-9539,S99981524,X44865023X,Mr.,Wilbert25,,Reichert620,,,M,white,hispanic,M,Worcester  Massachusetts  US,1066 Roob Light Apt 96,Tewksbury,Massachusetts,Middlesex County,,00000,42.6187709113199,-71.26575334934454,55685.39,0.00,73757
c97bda5b-bc1a-a060-22de-73d47d8af8d1,1998-08-09,,999-55-4830,S99980712,X63078075X,Ms.,Nathalie366,,Aufderhar910,,,,black,nonhispanic,F,Milford  Massachusetts  US,735 Smitham Esplanade Apt 69,West Springfield,Massachusetts,Hampden County,25013,01089,42.09704146337799,-72.64849229956573,21689.00,257560.66,24726
5f52c8fd-34a7-1015-567e-ba7afb4a53dc,1969-10-20,,999-72-6026,S99914237,X40787386X,Mr.,Zachery872,Donny470,Stanton715,,,S,white,nonhispanic,M,Arlington  Massachusetts  US,752 Bashirian View Suite 28,Worcester,Massachusetts,Worcester County,25027,01610,42.27275386973652,-71.80909324545708,25835.66,1177950.52,2622
3aca001d-35ec-cb97-a207-6fe107ef27c9,1952-03-30,,999-45-2911,S99954457,X80315677X,Mr.,Clinton763,,Hettinger594,,,M,black,nonhispanic,M,Salem  Massachusetts  US,884 Weimann Bay Unit 89,Lakeville,Massachusetts,Plymouth County,,00000,41.86811847337022,-70.98422221188775,208472.54,59545.54,48436
69c55961-5330-f4df-3c50-90fdb4a0e87d,1982-06-12,,999-86-1718,S99955652,X11749986X,Mr.,Emilio417,Sterling124,White193,,,M,white,nonhispanic,M,Cohasset  Massachusetts  US,936 Glover Extension,Lawrence,Massachusetts,Essex County,25009,01840,42.66821354173598,-71.13398349002003,34470.55,33133.66,23972
32d42538-7b9f-0d6a-cec0-8991eb230f4d,1998-09-21,,999-31-5775,S99976739,X44905331X,Ms.,Alishia395,,Hermann103,,,,white,nonhispanic,F,Quincy  Massachusetts  US,403 Baumbach Orchard Apt 61,Boston,Massachusetts,Suffolk County,25025,02127,42.305041672830555,-71.11157414878589,283127.98,76776.17,85983
a46fccb7-1402-9d97-924b-003d8c04db3b,2011-03-06,,999-63-5109,,,,Gaston250,Larry532,Murray856,,,,white,nonhispanic,M,Harwich  Massachusetts  US,638 Stamm Ranch,Everett,Massachusetts,Middlesex County,25017,02148,42.39353735562338,-71.06938668944862,5344.54,111995.99,11918
540b888d-b573-fb98-47ff-aa5bd32aeeb6,1991-12-28,,999-30-5786,S99918517,X71805789X,Mr.,Harland508,Manual570,Cummings51,,,M,black,nonhispanic,M,Bridgewater  Massachusetts  US,776 Lubowitz Lane,Tewksbury,Massachusetts,Middlesex County,,00000,42.62719638593979,-71.20086627275144,35569.13,1045.54,67854
48630e78-6297-304b-ba20-ff22fa792d52,1963-02-11,,999-37-3639,S99946940,X24721362X,Mr.,Julian715,Nick779,Botsford977,,,M,white,nonhispanic,M,Weymouth  Massachusetts  US,356 O'Keefe Passage Suite 38,Somerset,Massachusetts,Bristol County,25005,02726,41.77830352885125,-71.18437157615558,123397.18,22633.94,66039
648b7d22-6611-084c-ade5-aca6200ffaaa,2012-08-21,,999-36-5789,,,,Chauncey770,,Lehner980,,,,asian,nonhispanic,M,Milford  Massachusetts  US,156 Wisoky Mall,Weston,Massachusetts,Middlesex County,,00000,42.409148358494875,-71.29220953261513,11865.77,5311.32,165776
ea48af87-997d-b09b-ba53-0ea0876b128e,1952-02-06,,999-94-3110,S99966472,X28442285X,Mrs.,Petronila724,Loan904,Schoen8,,Boyle917,M,white,nonhispanic,F,Belchertown  Massachusetts  US,642 Klocko Path Suite 32,Amesbury,Massachusetts,Essex County,25009,01913,42.89611637008576,-70.90936137937578,228932.54,629301.36,967164
8f37f898-8dbd-0106-a53a-f883ea6a9bde,1980-07-04,,999-52-9236,S99953614,X316194X,Mrs.,Ilene33,Fiona703,Borer986,,Oberbrunner298,M,white,nonhispanic,F,Bernardston  Massachusetts  US,1080 Goldner Mission Apt 45,Berkley,Massachusetts,Bristol County,,00000,41.877999532529714,-71.11632677781857,12786.96,1035556.54,5227
9cb18576-4d38-274f-a829-6faab33060c3,1960-09-13,,999-29-8615,S99932139,X28194850X,Mrs.,Kimber624,Kim439,Bashirian201,,Bradtke547,M,white,nonhispanic,F,Brockton  Massachusetts  US,583 Abshire Common Unit 9,Shirley,Massachusetts,Middlesex County,25017,01464,42.57158583496345,-71.60730594045252,841581.91,288774.72,92686
8c9a2b10-60c4-8619-1a4e-44066d30475f,1968-10-09,,999-42-7138,S99940198,X19612027X,Mr.,Alex454,Adolph80,King743,,,M,white,nonhispanic,M,Agawam  Massachusetts  US,863 Spencer Esplanade,Marshfield Hills,Massachusetts,Plymouth County,25023,02051,42.122105972844004,-70.75724442262313,45416.01,682767.15,13496
e2377633-72de-6fe3-7d47-cb9c7dbcde7d,2004-05-19,,999-14-7133,S99985433,X29703232X,Ms.,Malinda718,,Hodkiewicz467,,,,white,nonhispanic,F,Ayer  Massachusetts  US,233 Skiles Mission,Marlborough,Massachusetts,Middlesex County,25017,01752,42.36456802903303,-71.55737383465971,35572.85,8407.50,61141
c818dc85-a48d-70a8-072c-181edb335a51,2006-02-02,,999-34-8546,S99983549,,Ms.,Karie712,Kristine579,D'Amore443,,,,white,nonhispanic,F,Stoughton  Massachusetts  US,960 Trantow Mall Unit 48,Falmouth,Massachusetts,Barnstable County,25001,02540,41.56866001430084,-70.63148836568304,33543.77,2323.02,144001
962fb921-f0e2-f684-fb63-25e0894ce553,1988-05-30,,999-12-3267,S99969181,X26656672X,Mr.,Wesley533,Cliff504,Fisher429,,,M,white,nonhispanic,M,Wayland  Massachusetts  US,854 Lakin Ranch Unit 11,Barre,Massachusetts,Worcester County,25027,01005,42.38050032809713,-72.13467207350216,39784.21,11602.79,28264
41cc3acc-c88c-a97e-6fe7-ac4aef9d2c13,1974-08-11,,999-18-9537,S99962643,X2349418X,Mrs.,Sherly665,Raguel228,Dietrich576,,Frami345,M,white,nonhispanic,F,Swampscott  Massachusetts  US,1055 Murphy Rue Suite 1,Adams,Massachusetts,Berkshire County,25003,01220,42.62679640463404,-73.16427107249507,13149.74,839811.15,22967
054ed2a9-7847-f674-cdd3-f5fd715ccbf5,1914-11-27,,999-17-6794,S99951440,X70723728X,Ms.,Alberta625,Ammie189,Baumbach677,,,S,white,nonhispanic,F,Salisbury  Massachusetts  US,137 O'Hara Brook Apt 94,Lynn,Massachusetts,Essex County,25009,01901,42.486380821334016,-70.9899314192663,822167.87,1235671.17,55780
cd12963b-a3da-48c3-88e0-01c74c3e1ea0,1993-07-21,,999-21-2159,S99935196,X58078417X,Ms.,Julianna856,,O'Keefe54,,,S,white,nonhispanic,F,Lunenburg  Massachusetts  US,105 Glover Crossing,Worcester,Massachusetts,Worcester County,25027,01607,42.27474522923139,-71.77392060133991,9650.00,292467.95,14449
2ba7941d-de4f-c92f-8b1d-ba9bce63d163,1984-10-06,,999-19-8296,S99929062,X48606615X,Mrs.,Sherie778,,Jacobi462,,Gutmann970,D,asian,nonhispanic,F,Shanghai  Shanghai Municipality  CN,516 Tillman Gateway,Framingham,Massachusetts,Middlesex County,25017,01702,42.28320895362978,-71.4804319159026,77921.54,143957.54,471827
6bd535c3-0e82-d49f-96b9-fe6464607785,1957-02-20,,999-45-8385,S99966298,X41100885X,Mrs.,Maryetta775,Awilda854,VonRueden376,,Von197,M,white,nonhispanic,F,Swampscott  Massachusetts  US,730 Farrell Well,Nantucket,Massachusetts,Nantucket County,25019,02554,41.254232075446744,-70.10957570007263,954284.52,343205.68,84304
acc7bc75-4236-5213-7d6c-a22bf23ce526,1965-06-08,,999-48-4987,S99984791,X20792870X,Mrs.,Idalia306,,Balistreri607,,Rowe323,M,white,nonhispanic,F,Worcester  Massachusetts  US,790 Lesch Rapid,Lowell,Massachusetts,Middlesex County,25017,01852,42.62403925271569,-71.27476159751927,10021.10,439353.40,13890
96bba8ba-ce55-9fe4-2617-caef2dd24414,1963-07-13,,999-91-5837,S99994286,X20345411X,Mr.,Tobias236,Shane235,Wunsch504,,,M,white,nonhispanic,M,Nantucket  Massachusetts  US,464 Roberts Walk,Oak Bluffs,Massachusetts,Dukes County,,00000,41.50001418028793,-70.60462013765134,80551.87,0.00,80490
53937cc3-918f-9f1d-0091-1cfb5d3cab41,1985-02-20,,999-74-8600,S99973654,X31841126X,Mrs.,Renata373,,Casper496,,Willms744,M,white,nonhispanic,F,Medford  Massachusetts  US,805 O'Connell Esplanade,Acushnet,Massachusetts,Bristol County,,00000,41.76147748784009,-70.89995602225137,125645.73,408342.92,47887
410d389d-4aee-65c8-7be3-9035d06aa7ef,1998-03-14,,999-21-5815,S99977071,X74531005X,Ms.,Emilia403,Blanca837,Armendáriz135,,,,white,hispanic,F,Carolina  Puerto Rico  PR,130 Heathcote Camp,East Longmeadow,Massachusetts,Hampden County,,00000,42.055005261007764,-72.51636834647424,125656.98,1137280.85,80856
43685d77-b629-2f5d-b133-256a363f8c86,1994-07-24,,999-38-3517,S99966785,X57152931X,Mrs.,Treva754,Nichole96,Kemmer137,,Kessler503,M,white,nonhispanic,F,Lenox  Massachusetts  US,1036 Waters Gate,Lowell,Massachusetts,Middlesex County,25017,01854,42.65687595605972,-71.2874018480113,8300.00,588052.01,6089
396bb66c-4697-6967-7eac-fbc127bf628c,1997-08-30,,999-29-1177,S99960287,X6838464X,Ms.,Gracie337,Santos184,Torp761,,,,white,nonhispanic,F,Springfield  Massachusetts  US,1023 Halvorson Vale Unit 67,Stoughton,Massachusetts,Norfolk County,,00000,42.11423327973837,-71.1239136928619,93747.12,490437.13,187007
649d2b24-280d-4d47-64f0-f3db52557ba5,2005-12-24,,999-36-1687,S99942804,,Ms.,Roseanne877,,Weimann465,,,,hawaiian,nonhispanic,F,Freetown  Massachusetts  US,525 VonRueden Way,Boston,Massachusetts,Suffolk County,25025,02130,42.39947372597307,-71.09439304884056,3350.00,44346.29,5861
b5a609f8-3ec0-3aab-a0a5-41e8c1355595,2001-12-06,,999-99-1787,S99996751,X20429721X,Mr.,Ariel183,Tad831,Turcotte120,,,,white,nonhispanic,M,Winchester  Massachusetts  US,952 Hodkiewicz Union Suite 20,Beverly,Massachusetts,Essex County,25009,01915,42.53671878556979,-70.8281499690897,52535.75,25630.42,51034
885d509e-5dbb-427c-2d44-476f71e08778,1976-07-02,,999-63-1439,S99987541,X22036922X,Ms.,Magali989,Lacey714,Block661,,,S,black,nonhispanic,F,Hudson  Massachusetts  US,503 Donnelly Parade,Newton,Massachusetts,Middlesex County,25017,02468,42.32800241115905,-71.11049860882648,234799.27,1130598.50,185770
fc9d4f89-22f5-6f23-1ebb-8bba41b8fe2b,2003-07-22,,999-51-4854,S99990521,X63648224X,Ms.,Timika369,Birdie301,Schiller186,,,,white,hispanic,F,Springfield  Massachusetts  US,737 Hessel Annex Suite 2,Barre,Massachusetts,Worcester County,25027,01005,42.386993745482116,-72.10130950696237,80970.12,742658.66,68014
619900ca-35c9-a912-9f1a-b1325a65aabb,1987-06-19,,999-90-9376,S99919840,X80516742X,Mrs.,Yi864,Amparo58,Green467,,Wehner319,M,white,nonhispanic,F,Newburyport  Massachusetts  US,335 Hand Stravenue,Marshfield,Massachusetts,Plymouth County,25023,02050,42.08683571433457,-70.74732075459272,142534.92,1477523.26,162211
15b4e4f1-b3ec-1766-fca1-0f17af5827c9,1968-11-25,1976-10-30,999-76-5788,,,,Alecia465,Lili474,Moore224,,,,white,nonhispanic,F,Middleborough  Massachusetts  US,849 Heathcote Mission Apt 0,Bernardston,Massachusetts,Franklin County,,00000,42.690831873809636,-72.5173154709102,11977.67,27057.33,275192
f3b0cff5-b59e-4d20-ee8a-d46c10494c63,1972-11-14,,999-99-3460,S99979618,X82237100X,Mr.,Nathaniel596,Alexis664,Halvorson124,,,M,white,nonhispanic,M,Leverett  Massachusetts  US,852 Klein Trail,Boston,Massachusetts,Suffolk County,25025,02118,42.344840292994185,-71.1338579607967,96735.25,18520.68,116684
274fcbcd-3bd0-70e5-1c36-a6c49696b023,1947-01-16,,999-78-1734,S99956543,X25406260X,Mr.,Mickey576,Francisco472,Feil794,,,M,black,nonhispanic,M,Hopkinton  Massachusetts  US,596 Hintz Bypass Unit 74,Winchester,Massachusetts,Middlesex County,25017,01890,42.49049735538638,-71.14594934481168,144344.59,219204.51,689842
f6d267ae-7ae3-b731-7fd7-4332a9cb2ea6,1955-03-04,,999-80-8964,S99935185,X55285175X,Mrs.,Elene949,Judi176,Hagenes547,,Schuppe920,M,white,nonhispanic,F,Sterling  Massachusetts  US,187 Braun Esplanade Suite 11,Abington,Massachusetts,Plymouth County,25023,02351,42.10181772472537,-70.94990796893462,248171.02,853794.62,185971
01ed97e8-01a1-8180-80f7-2da37e9e189e,2023-10-24,,999-19-7426,,,,Victoria535,Buffy238,Huel628,,,,white,hispanic,F,Tewksbury  Massachusetts  US,594 Shields Passage Suite 89,Milford,Massachusetts,Worcester County,25027,01757,42.12344069606921,-71.56869877134145,3947.66,0.00,37154
de149fcc-b751-ab10-2902-5e152bb3d526,1968-11-25,,999-17-7939,S99920580,X89019620X,Mrs.,Cinderella355,,Rempel203,MD,Upton904,W,white,nonhispanic,F,Springfield  Massachusetts  US,234 Tillman Road,Bernardston,Massachusetts,Franklin County,,00000,42.71531879843708,-72.53419861382014,330197.46,816873.55,275192
b187ff34-039f-bea6-cac9-dd574a2bfb3f,2023-07-11,,999-35-7613,,,,Simon598,Wilmer32,Kling921,,,,white,hispanic,M,Springfield  Massachusetts  US,606 Hegmann Manor,Swampscott,Massachusetts,Essex County,25009,01907,42.43157222514291,-70.85752214073862,7820.24,0.00,45896
93cd74ed-c31c-895e-5f63-9d89b8b1d922,1991-11-12,,999-59-3009,S99970650,X78635553X,Mr.,Lane844,Erin498,Mante251,,,M,white,nonhispanic,M,Ayer  Massachusetts  US,960 Ziemann Hollow,Ludlow,Massachusetts,Hampden County,,00000,42.22173145776393,-72.50422087811538,27464.12,6279.77,70897
b881f2f2-b5f0-2e3b-b2fa-f169e111598b,2010-06-21,,999-30-9942,,,,Georgia502,Zulma701,Halvorson124,,,,white,nonhispanic,F,Amherst Center  Massachusetts  US,361 Crona Esplanade Apt 28,Canton,Massachusetts,Norfolk County,,00000,42.185352630886115,-71.08778381638533,19386.25,13346.73,31564
cb9f2970-d3a8-7d40-cfd7-b71b1c734498,1981-09-20,,999-81-5465,S99930977,X1138334X,Mr.,Emanuel231,,Labadie908,,,S,white,nonhispanic,M,Springfield  Massachusetts  US,406 Block Grove,Barre,Massachusetts,Worcester County,25027,01005,42.452539217096245,-72.16189692577838,116801.27,16336.22,52124
07bf1823-bda3-4711-4295-f71dd8b1c4ad,1958-09-02,,999-22-7027,S99940357,X82388071X,Mr.,Abdul218,Jeffrey461,Smitham825,,,S,asian,hispanic,M,Plymouth  Massachusetts  US,115 Douglas Trace,Agawam,Massachusetts,Hampden County,25013,01001,42.060522955695774,-72.66105691480942,107270.47,52660.20,63782
ad9ac1ab-6683-593f-20cc-a57a37f122ab,2010-07-28,,999-49-6204,,,,Jean712,Aron520,Christiansen251,,,,white,nonhispanic,M,Winthrop  Massachusetts  US,456 Bauch Bridge,Waltham,Massachusetts,Middlesex County,25017,02451,42.40398901648568,-71.19300488828785,19952.91,0.00,55323
53ec2ab5-4a04-5335-11c1-21bc4ae947b1,1979-01-27,,999-85-9285,S99928659,X59754152X,Mrs.,Verlene883,Melody728,Tillman293,,Bernhard322,M,white,nonhispanic,F,North Andover  Massachusetts  US,144 Stanton View Suite 93,Swansea,Massachusetts,Bristol County,,00000,41.7696685351203,-71.19037624536114,337770.47,1025813.96,122331
f9db9ba9-0243-2982-074e-009c83f13a48,2023-07-20,,999-47-9566,,,,Manda751,Lyda594,Kertzmann286,,,,asian,nonhispanic,F,Somerville  Massachusetts  US,408 Russel Knoll Apt 17,Newton,Massachusetts,Middlesex County,25017,02461,42.29582296509146,-71.19090890718657,4808.54,719.94,912578
8dba6156-fb92-1f63-2c1b-d810939fc75c,2003-05-08,,999-16-6500,S99923141,X28726036X,Mr.,Roman389,,White193,,,,white,nonhispanic,M,West Concord  Massachusetts  US,673 Kling Trailer Apt 46,Beverly,Massachusetts,Essex County,25009,01915,42.59521765465904,-70.8785414148641,72512.84,657160.22,32886
8fe7e50f-7121-dc1b-75f8-4596787a4de4,2002-08-23,,999-74-2736,S99983229,X82787682X,Ms.,Ena816,Amanda238,Herzog843,,,,white,nonhispanic,F,Chelsea  Massachusetts  US,398 Shanahan Boulevard Suite 48,Dracut,Massachusetts,Middlesex County,,00000,42.70464085959661,-71.27996980792184,62935.84,257802.57,492653
760be4fd-ff02-ec90-5c75-fb4e1decd7f5,1973-05-22,2022-12-14,999-41-3953,S99910308,X65450491X,Mr.,Eduardo902,Germán350,Olivárez848,,,W,white,hispanic,M,La Paz  Baja California  MX,500 Adams Throughway Suite 20,Ashburnham,Massachusetts,Worcester County,,00000,42.611245802028954,-71.88439174987069,121570.59,1524113.13,90038
8010be63-b47f-f128-bd3f-d3b50bdc573e,2003-06-15,,999-27-9284,S99993260,X42355095X,Ms.,Simona661,,O'Connell601,,,,asian,nonhispanic,F,Ashland  Massachusetts  US,274 Stark Terrace Apt 40,Quincy,Massachusetts,Norfolk County,25021,02169,42.20530475137705,-70.95475384393784,69553.04,255908.07,189405
9cb7e8cd-6cab-6a0a-cab9-e4be0f174297,2001-10-31,,999-59-7304,S99931885,X60755243X,Ms.,Ilse197,Wendy149,Batz141,,,,white,nonhispanic,F,Revere  Massachusetts  US,669 Kohler Common Apt 55,Boston,Massachusetts,Suffolk County,25017,02467,42.30420933494194,-71.05689062576542,167554.00,56193.52,113006
51fd1ce2-d099-0acb-ad19-4296d0c13ed1,1976-08-12,,999-72-9664,S99969587,X1920404X,Mrs.,Jerrica452,Donna446,Reilly981,,Champlin946,W,white,nonhispanic,F,Boston  Massachusetts  US,273 Lueilwitz Viaduct,Saugus,Massachusetts,Essex County,25009,01906,42.46521110313645,-70.96808219972215,206689.82,207837.33,58158
0f2c7af0-de13-e402-a763-418d7a35f384,1973-05-22,,999-72-5758,S99930849,X59768426X,Mr.,Benjamín452,Clemente531,Holguín308,,,M,white,hispanic,M,Santiago  Santiago Province  CL,825 Tillman Extension,Ashburnham,Massachusetts,Worcester County,,00000,42.67913294742939,-71.9354051729878,91467.32,31376.93,90038
