Id,BIRTHDATE,DEATHDATE,SSN,DRIVERS,PASSPORT,PREFIX,FIRST,MIDDLE,LAST,SUFFIX,MAIDEN,MARITAL,RACE,ETHNICITY,GENDER,BIRTHPLACE,ADDRESS,CITY,STATE,COUNTY,FIPS,ZIP,LAT,LON,HEALTHCARE_EXPENSES,HEALTHCARE_COVERAGE,INCOME
6b3d3c0b-f9b9-33b9-fb47-a87f7916ecf0,2010-11-21,,999-67-8048,,,,Cary869,Basil991,Murray856,,,,white,nonhispanic,M,Fall River  Massachusetts  US,226 Monahan Flat,Forestdale,Massachusetts,Barnstable County,25001,02644,41.70621808468766,-70.50413491619861,16736.66,0.00,162846
e71bc455-838d-e6ba-0775-fa3693ed336d,2003-09-06,,999-28-9112,S99962049,X65544037X,Mr.,Chong355,Leslie90,Torp761,,,,white,nonhispanic,M,Haverhill  Massachusetts  US,780 O'Conner Crossroad,Northampton,Massachusetts,Hampshire County,25015,01063,42.36879492793492,-72.697258133784,70802.99,0.00,74895
bd202caa-5ec1-3e58-f247-d01fbf66b646,1926-09-17,2001-05-26,999-17-6320,S99997846,X67948828X,Mr.,Israel728,,Bergnaum523,,,W,white,nonhispanic,M,Yarmouth  Massachusetts  US,324 Pouros Forge,Boston,Massachusetts,Suffolk County,25025,02151,42.2382011900906,-71.11407235924362,5211297.70,382992.08,41426
f765bec4-4286-9e5d-6a41-76d7ca3f16f5,1952-09-05,,999-16-5788,S99955209,X4906508X,Mr.,Fletcher87,Shannon293,Swift555,,,M,white,hispanic,M,Worcester  Massachusetts  US,565 Klocko Branch Unit 87,North Andover,Massachusetts,Essex County,,00000,42.628216711376254,-71.09739504982703,114003.49,227570.89,808708
e0cb6a54-d9a9-b123-cdfb-a8bb51a26878,1978-05-01,,999-70-4664,S99955638,X23281981X,Mr.,Jewell855,Rudy520,Block661,,,D,white,nonhispanic,M,Richmond  Massachusetts  US,740 Kshlerin Forge,New Bedford,Massachusetts,Bristol County,25005,02744,41.747758868476886,-70.93169929855009,8821.10,69801.56,18589
8173bb47-e153-19e5-5e71-a2ef78a85045,1983-10-05,,999-61-4446,S99991838,X26876197X,Mrs.,Evelyn437,Miguelina323,Quigley282,,Thompson596,W,white,nonhispanic,F,Buckland  Massachusetts  US,484 McLaughlin Neck Suite 38,Brockton,Massachusetts,Plymouth County,25023,02351,42.12805670805485,-71.00045301532093,314831.81,1688341.35,44993
7eef2f98-9e89-8758-6a2a-e0c33c0325f1,1971-03-14,,999-25-4838,S99923187,X72411344X,Mr.,Herb645,Maurice742,Koelpin146,,,D,white,nonhispanic,M,Quincy  Massachusetts  US,340 Herzog Glen Suite 48,Oak Bluffs,Massachusetts,Dukes County,,00000,41.48866724349517,-70.51316012351951,72435.12,23891.89,94428
3156f150-5506-83ad-34f6-379a0125e678,1991-07-25,,999-75-6886,S99913096,X76701995X,Ms.,Sheri207,Anjanette878,Krajcik437,,,S,white,nonhispanic,F,Lynn  Massachusetts  US,1029 Reichel Orchard,Brockton,Massachusetts,Plymouth County,25023,02301,42.14883742756482,-70.9501072798142,125677.29,172586.32,57312
519aed56-1db6-35cc-614b-0226c80815f3,1997-10-24,,999-84-3578,S99997537,X29351552X,Mr.,Brendan864,Bernard308,Lubowitz58,,,,white,nonhispanic,M,Northborough  Massachusetts  US,523 Ullrich Union Apt 8,Fall River,Massachusetts,Bristol County,25005,02724,41.641232478813,-71.15342396666831,8085.55,731837.76,3117
cb736604-5a56-fa6f-707e-92c45639902c,1976-02-17,,999-15-8289,S99964404,X57483590X,Mr.,Damian46,Julius90,Kulas532,,,S,other,nonhispanic,M,Abington  Massachusetts  US,975 Kemmer Harbor Apt 24,Holden,Massachusetts,Worcester County,,00000,42.37050647334082,-71.83070773738478,71806.64,4239.19,158192
a9ee011d-bcdc-d8d2-2705-ad98f9a0f9f7,1970-06-03,,999-25-1647,S99946130,X81309052X,Mrs.,Mireya881,Virginia437,Harvey63,,Toy286,M,white,nonhispanic,F,Methuen  Massachusetts  US,1043 Gorczany Harbor,Pelham,Massachusetts,Hampshire County,,00000,42.32663035004209,-72.42891554558034,178838.94,731752.09,681712
0b42ede8-d0df-53b3-3e4c-4aebaf430794,1945-03-28,1997-04-18,999-67-8128,S99991172,X24288524X,Mrs.,Daisy746,Cathrine584,Morissette863,,Lowe577,M,white,nonhispanic,F,Stoneham  Massachusetts  US,877 Nikolaus Glen,Cambridge,Massachusetts,Middlesex County,25017,02139,42.34357861178213,-71.1666921550089,303909.29,1050454.51,125835
6263fb1b-a107-3133-9ef8-f7b352d1307f,2003-08-26,,999-53-2453,S99965197,X19147153X,Ms.,Natalie960,Bethann490,Ryan260,,,,white,nonhispanic,F,Medway  Massachusetts  US,180 Dickens Road,Northborough,Massachusetts,Worcester County,25027,01532,42.36691235237434,-71.59725993367935,85463.66,252305.56,47154
419d9915-cb31-e6ad-c534-7c0e668236e0,1983-09-22,,999-98-6702,S99981853,X61440846X,Mrs.,Consuelo468,Brook779,McDermott739,,Nader710,M,white,nonhispanic,F,Cambridge  Massachusetts  US,147 Kutch Passage,Wayland,Massachusetts,Middlesex County,,00000,42.33950974926997,-71.3126672108131,834323.44,37216.51,118823
5f38db18-a9da-a9de-f87e-16399ac7e173,1960-02-04,,999-39-2968,S99933475,X83680216X,Mr.,Scotty190,Coy949,Sauer652,,,S,white,nonhispanic,M,Milford  Massachusetts  US,372 Considine Fork,Greenfield,Massachusetts,Franklin County,25011,01301,42.596250009548676,-72.61901312856888,114467.44,116834.40,133769
984ac2f9-402c-5240-3922-6c90cc25f376,2012-06-08,,999-96-4677,,,,Maryland870,Ossie995,Bode78,,,,white,nonhispanic,F,Scituate  Massachusetts  US,247 Lang Gate,Waltham,Massachusetts,Middlesex County,25017,02472,42.38824735294278,-71.28622622336647,29659.05,27191.46,54817
cf983388-d84a-4d43-d0f7-97e5589e5fbd,1945-03-28,,999-42-1245,S99945960,X16887971X,Ms.,Bette450,,Kovacek682,,,S,white,nonhispanic,F,Williamstown  Massachusetts  US,489 Leannon Trailer Suite 23,Cambridge,Massachusetts,Middlesex County,25017,02141,42.35517094267305,-71.0894027563815,298745.87,1149047.99,125835
47bd35ae-e00c-b79a-edd3-bd9b422a0de7,1994-06-10,,999-20-6444,S99927328,X14111431X,Mrs.,Roseanne877,Arlean815,Upton904,,Wintheiser220,M,white,nonhispanic,F,Shrewsbury  Massachusetts  US,731 Stokes Rest Suite 4,Oxford,Massachusetts,Worcester County,25027,01540,42.08686861549841,-71.85530608132635,358224.29,14752.06,87053
13379f6a-ab6e-62f3-375a-c8dbc71d1419,2002-09-15,,999-13-8601,S99941531,X77418540X,Mr.,Cordell41,Connie24,Padberg411,,,,white,nonhispanic,M,Brockton  Massachusetts  US,509 Connelly Loaf,Worcester,Massachusetts,Worcester County,25027,01608,42.35746859043058,-71.77649101774855,3800.00,32933.21,21477
9582f9ce-1c24-7ac0-a220-ac11ae58959b,1980-06-16,,999-22-4740,S99985622,X82049104X,Mrs.,Ricarda574,,Hirthe744,,Ebert178,M,white,nonhispanic,F,Holyoke  Massachusetts  US,715 Lynch Mall Unit 37,Leverett,Massachusetts,Franklin County,,00000,42.50863616858115,-72.47825472130785,422985.52,587414.16,62800
e274ef4f-5b60-57d3-dbf6-46e4608835cd,2015-05-17,,999-72-8255,,,,Julio255,Arlyne429,Gusikowski974,,,,white,nonhispanic,F,Burlington  Massachusetts  US,532 Frami Alley,Arlington,Massachusetts,Middlesex County,25017,02474,42.37994768150424,-71.20892541988783,9490.49,7273.95,30925
eefaf6d6-d94b-0a46-226b-a080b9b0a819,2013-08-13,,999-15-1249,,,,Arielle168,,Robel940,,,,white,nonhispanic,F,New Bedford  Massachusetts  US,512 Schmidt Ferry,Easton,Massachusetts,Bristol County,,00000,42.01340105361113,-71.11607798661672,11712.60,0.00,874825
84c22f3d-c450-d662-a388-e78c8d6bfaa5,1972-03-09,,999-90-2891,S99950399,X17920240X,Mr.,Chet188,,Blanda868,,,M,black,nonhispanic,M,Essex  Massachusetts  US,701 Zemlak Lodge Unit 15,Boston,Massachusetts,Suffolk County,25025,02215,42.33203491881843,-71.0598739382181,87199.13,233113.30,477237
244b7ddd-9ffb-f3a4-897a-130abf59b932,2009-08-27,,999-29-4253,,,,Lucio648,Robbie31,Hickle134,,,,white,nonhispanic,M,Somerville  Massachusetts  US,460 Nicolas Street Suite 25,Hull,Massachusetts,Plymouth County,25023,02045,42.32258755072599,-70.87277306009035,16317.16,0.00,104418
26f8ec32-5b88-bbe7-cc13-7a165f3b0d17,2003-02-18,,999-37-2972,S99972862,X66847448X,Ms.,Elda564,Gwen761,Klocko335,,,,white,nonhispanic,F,Greenfield  Massachusetts  US,737 Corwin Frontage road,Salisbury,Massachusetts,Essex County,25009,01952,42.83774137425369,-70.82889202336506,88861.86,201270.40,83090
c3840eb3-bb32-aef0-7393-0e9e43c7f4af,2003-03-22,,999-23-9922,S99922193,X3917532X,Ms.,Hollie21,Sheilah526,Kub800,,,,white,nonhispanic,F,Waltham  Massachusetts  US,275 Gerlach Rest Unit 17,Randolph,Massachusetts,Norfolk County,25021,02368,42.21827108134981,-71.08266133248381,51545.96,145174.78,74966
3c1503bf-1bcf-b9ff-39cd-c58f30a8fc89,1926-09-17,1998-08-04,999-54-2045,S99924356,X33520316X,Mr.,Herschel574,Fernando603,Feil794,,,M,white,nonhispanic,M,Chesterfield  Massachusetts  US,1001 Reichert Ville Apt 21,Boston,Massachusetts,Suffolk County,25025,02125,42.34574686676806,-71.13246751975248,418573.99,734917.52,41426
974eeff3-191e-056d-7d29-f3144f26c789,1967-10-04,,999-39-3945,S99925212,X34178554X,Mrs.,Madaline59,,Reichel38,,Rice937,D,white,nonhispanic,F,Greenfield  Massachusetts  US,981 Blanda Walk Unit 24,Boston,Massachusetts,Suffolk County,25025,02109,42.35995700039602,-71.12060362302901,1223038.90,453228.36,76355
d349d222-7df6-e710-a261-6ae84ab03e78,1978-11-13,,999-58-3448,S99997896,X59336087X,Mrs.,Carola944,Toshia520,Schuster709,,Jaskolski867,M,white,nonhispanic,F,Lawrence  Massachusetts  US,548 Lowe Overpass,Worcester,Massachusetts,Worcester County,25027,01607,42.27942204022828,-71.80791183794092,1158338.34,859534.81,107051
a3529d2e-0c04-725b-20f8-f09cd2c6e308,2009-11-11,,999-38-1795,,,,Junie167,Yen770,Smith67,,,,white,hispanic,F,Wakefield  Massachusetts  US,233 Wintheiser Spur Apt 49,Boston,Massachusetts,Suffolk County,25025,02129,42.30019100500402,-71.1571500419958,2907.86,70050.28,3585
18e8dace-d894-050e-7d44-77a33f224c06,1949-07-07,2020-04-17,999-74-7685,S99942744,X44858336X,Mr.,Ivory697,,Shanahan202,,,S,white,nonhispanic,M,Marlborough  Massachusetts  US,1021 Crona Viaduct Unit 39,Ayer,Massachusetts,Middlesex County,25027,01434,42.554083653686575,-71.6613706517548,101065.20,351875.48,63647
760f3130-613e-9dd6-7e7d-3f4e9c7cc1a7,1926-09-17,2013-02-20,999-83-2251,S99974899,X24383944X,Mr.,Ferdinand55,Korey682,Marquardt819,,,W,white,nonhispanic,M,Westford  Massachusetts  US,1028 Mayer Divide Unit 88,Boston,Massachusetts,Suffolk County,25025,02135,42.29663012689066,-71.07297066666641,312366.96,137099.04,41426
d8b783fe-b11f-c9f0-63de-2938da4bcda3,1981-05-08,,999-30-4568,S99941875,X42311968X,Mrs.,Vanesa40,Shu104,Satterfield305,,Lynch190,D,black,nonhispanic,F,Salem  Massachusetts  US,998 Homenick Fort Apt 64,Boston,Massachusetts,Suffolk County,25025,02132,42.308495093806926,-71.00118350384612,183415.27,899391.30,119524
ac720ca9-cb6b-47b5-df17-0055ace343c0,1926-09-17,1952-12-30,999-37-6216,S99919294,X86938632X,Mr.,Neal874,Emil691,Zieme486,,,,white,nonhispanic,M,Stoughton  Massachusetts  US,823 Heidenreich Burg Apt 29,Boston,Massachusetts,Suffolk County,25025,02118,42.30531560460254,-71.05815169946894,55458.71,31376.56,41426
c94e6d30-ec77-abbe-7845-f6f52eff4f39,1978-08-13,,999-24-6588,S99999569,X89876736X,Mr.,Cedrick207,Jospeh459,Walsh511,,,W,white,nonhispanic,M,Boston  Massachusetts  US,1063 Bode Corner,Brockton,Massachusetts,Plymouth County,25023,02351,42.10209976502094,-70.95035442901145,470485.68,359303.03,87946
47476f9b-7d33-51ad-4198-f317042f3c50,1971-04-17,,999-81-2315,S99959492,X11235346X,Mrs.,Lynetta635,Reena181,Nikolaus26,,Altenwerth646,M,white,nonhispanic,F,Medford  Massachusetts  US,417 Schaden Landing Unit 26,Somerville,Massachusetts,Middlesex County,25017,02138,42.401219070048626,-71.04889320686082,14325.68,1427002.21,3411
450c77be-ef97-13d7-1a9e-dda8f10e2ea3,1994-10-30,,999-53-7316,S99963225,X25033074X,Mr.,Josef103,Harrison106,Glover433,,,M,white,nonhispanic,M,Fall River  Massachusetts  US,723 Adams Club,Housatonic,Massachusetts,Berkshire County,25003,01236,42.26230286088437,-73.3703852262726,55300.43,14004.33,194922
58bb56cd-7a04-a6ca-90a2-16ac57bb848b,2004-11-24,,999-68-1811,S99911973,,Ms.,Jacquelin132,Mertie42,Emard19,,,,white,nonhispanic,F,Worcester  Massachusetts  US,158 Barton Route,Everett,Massachusetts,Middlesex County,25017,02148,42.45409789571042,-71.06665041873019,35724.68,12339.51,451808
e5b20771-408f-b087-c604-159fa5a45106,1972-06-26,,999-98-4167,S99962275,X41548124X,Mrs.,Ling534,,Terry864,,Conroy74,M,white,nonhispanic,F,Watertown  Massachusetts  US,666 Lehner Branch,Waltham,Massachusetts,Middlesex County,25017,02451,42.39144828865866,-71.27011487175845,210387.62,599357.13,127685
7271f9b0-900a-27de-6f68-751c2f02f91d,1984-02-09,,999-97-9199,S99970475,X4566589X,Mr.,Russell422,Gilbert263,Mills423,,,M,white,nonhispanic,M,Boston  Massachusetts  US,1018 Runte Landing,Pittsfield,Massachusetts,Berkshire County,25003,01201,42.41879782600443,-73.27956295801047,26080.09,48494.22,191989
82a1da21-5f9a-419a-2308-184dd7b1de91,1959-08-14,,999-48-8982,S99963437,X84717951X,Mr.,Mervin111,Ivory697,Barrows492,,,M,white,nonhispanic,M,Boston  Massachusetts  US,1079 Herzog Station,Andover,Massachusetts,Essex County,25009,01810,42.60368408472342,-71.20402842154841,72173.33,68745.62,180116
839febea-735d-9c4f-8f45-722bf242f7f2,1998-09-08,,999-95-2972,S99943780,X77006573X,Mr.,Paris331,,Satterfield305,,,,white,nonhispanic,M,Randolph  Massachusetts  US,264 Buckridge Dale Apt 69,Holliston,Massachusetts,Middlesex County,,00000,42.17678166558474,-71.44857247992621,47696.66,68095.53,117895
b76c3368-3b83-29e0-ce18-8f984f3d8983,1949-07-07,2020-12-24,999-42-6705,S99938453,X84392388X,Mr.,Lance203,,Herman763,,,D,white,nonhispanic,M,Sandwich  Massachusetts  US,351 Ferry Vale Suite 91,Ayer,Massachusetts,Middlesex County,25017,01432,42.54589623465088,-71.56443132048662,234435.18,425375.04,63647
29f2071d-8f5b-6d61-786a-899b456fd26e,1926-09-17,,999-81-2669,S99973766,X87644314X,Mr.,Diego848,Jeremy766,Wintheiser220,,,M,white,nonhispanic,M,Westminster  Massachusetts  US,280 Collier Light,Boston,Massachusetts,Suffolk County,25025,02109,42.35605833430246,-71.01038068823095,314615.09,1209037.40,41426
da98167a-12bb-70dc-3f05-fe4742a8b22f,1975-09-22,,999-69-6303,S99958638,X68136815X,Mr.,Keenan632,Jayson808,Christiansen251,,,S,white,nonhispanic,M,Southwick  Massachusetts  US,180 O'Reilly Passage Apt 74,Braintree,Massachusetts,Norfolk County,25021,02184,42.15976779771881,-71.03549400976196,47483.78,0.00,52475
7f7f6e67-9ac1-5d47-a7e2-cac18f6e38b7,1991-05-11,,999-43-3239,S99939084,X51925037X,Mr.,Vernon254,Richard937,Pfeffer420,,,M,white,nonhispanic,M,Cordaville  Massachusetts  US,226 Stiedemann Dam,Revere,Massachusetts,Suffolk County,25025,02151,42.46303256402091,-71.0084660411751,26592.68,114326.47,99455
b88b6c08-2d04-c13d-4d06-e16563726e0d,1999-02-16,,999-25-6223,S99912959,X5718355X,Ms.,Angelena945,Jamie386,Lockman863,,,,asian,nonhispanic,F,Boston  Massachusetts  US,849 Flatley Wall,Revere,Massachusetts,Suffolk County,25025,02151,42.44103560801532,-70.96470296638485,85603.43,74971.77,39370
ec1a3e2c-264b-4a99-e946-6802c76f140f,1992-08-16,,999-79-1700,S99956760,X35187386X,Mrs.,Kathi607,Ginette140,Hane680,,McClure239,M,white,nonhispanic,F,Newton  Massachusetts  US,223 Mitchell Vista Unit 19,Boston,Massachusetts,Suffolk County,25025,02134,42.389833355844154,-70.99250253296589,29044.16,315065.81,31695
f57aae9b-e237-673f-9a0f-dc7636998497,1998-01-18,,999-90-3065,S99925461,X46844256X,Mr.,Guy979,,Glover433,,,,white,nonhispanic,M,Chicopee  Massachusetts  US,507 Walker Village Unit 26,Plymouth,Massachusetts,Plymouth County,25023,02360,41.92972165516466,-70.64635435485712,33495.72,0.00,100842
4d182383-8eac-452e-ae78-9283b66c1a0a,1990-11-09,,999-33-3583,S99914107,X937843X,Mrs.,Vi771,Carolyne559,Gutkowski940,,Crist667,M,white,nonhispanic,F,Concord  Massachusetts  US,304 Douglas Mall Apt 14,Boston,Massachusetts,Suffolk County,25025,02114,42.2881224515415,-71.12565215844074,145899.79,679185.62,44603
3001f2c7-47cc-f8b6-7ac7-9534284bb64a,2004-08-25,,999-24-9900,S99930065,,Mr.,Elden718,Alfonzo975,Hagenes547,,,,white,nonhispanic,M,Lowell  Massachusetts  US,852 O'Reilly Walk,Dartmouth,Massachusetts,Bristol County,,00000,41.612346275286455,-70.96010637017434,27694.87,0.00,125657
f460f764-af63-d94f-c179-b5338edfea43,1949-07-07,2017-05-18,999-50-1598,S99999007,X67835072X,Mr.,Pierre431,Clement78,Morar593,,,M,white,nonhispanic,M,Orange  Massachusetts  US,850 Treutel Junction,Ayer,Massachusetts,Middlesex County,25017,01432,42.60307278876553,-71.51784602503622,145838.29,91746.53,63647
26b4cbf6-0762-c75b-1373-f3ec5b53f1c5,2004-11-06,,999-37-8746,S99971201,,Ms.,Shanon591,Frankie174,Kirlin939,,,,white,nonhispanic,F,Ayer  Massachusetts  US,673 Reichel Walk Suite 0,Waltham,Massachusetts,Middlesex County,25017,02453,42.39221192204215,-71.2146849593829,60319.20,129892.82,127245
59211873-c4c3-0223-c810-4ec7b335afda,1962-11-20,,999-55-1481,S99921716,X70634485X,Ms.,Shizue554,Alesha810,Lesch175,,,S,white,nonhispanic,F,Chicopee  Massachusetts  US,393 Grady Ferry Unit 93,Chelmsford,Massachusetts,Middlesex County,,00000,42.560588700065715,-71.38198873305852,1329218.30,164550.56,47176
8a7de332-abfa-1271-d0e1-1eb56fb74dc2,1998-09-22,,999-22-1970,S99950203,X28665155X,Ms.,Senaida415,Karol905,Dickens475,,,,white,nonhispanic,F,Boston  Massachusetts  US,734 Nolan Mall Suite 90,Lowell,Massachusetts,Middlesex County,25017,01852,42.60732361888845,-71.28687585485163,82427.13,29874.89,100666
9de181c7-ae32-1f02-9479-1d328e24f013,1994-02-22,,999-61-6108,S99962882,X67706065X,Mrs.,India495,,Leannon79,,Treutel973,M,white,nonhispanic,F,Bridgewater  Massachusetts  US,731 Fisher Junction Suite 89,Watertown,Massachusetts,Middlesex County,25017,02472,42.34915800799213,-71.1741877334468,6018.79,517177.21,16226
c09fa724-5295-efe5-fa0b-c2190e39a5c0,1949-07-07,,999-10-5766,S99997180,X19480541X,Mr.,Desmond566,Garrett899,Grimes165,,,W,white,nonhispanic,M,Grafton  Massachusetts  US,922 Langworth Crossroad,Ayer,Massachusetts,Middlesex County,25027,01434,42.59263499986936,-71.55963113775427,504913.20,498056.43,63647
2757fb5e-c55d-e4ed-e6e5-6660f858864f,2003-06-06,,999-58-5875,S99958137,X58451719X,Mr.,Sherman440,Jacinto644,Reichert620,,,,white,nonhispanic,M,Bourne  Massachusetts  US,378 Hoeger Annex Suite 12,Walpole,Massachusetts,Norfolk County,25021,02081,42.127372890179686,-71.2960770098821,21960.14,0.00,118770
c676bb36-dff4-327e-b491-019152c937c7,1969-03-19,,999-93-9122,S99969722,X11541394X,Mr.,Jeff859,Sebastian508,McLaughlin530,,,M,white,nonhispanic,M,Springfield  Massachusetts  US,934 Feil Stravenue,Needham,Massachusetts,Norfolk County,25021,02494,42.252483895530865,-71.22361613272662,66256.50,8020.48,78486
653e1997-5a4e-7ad1-b6a3-0c1cb36a8b82,1977-05-14,,999-91-5228,S99946002,X20344414X,Ms.,Jamie386,Alejandrina481,Wolf938,,,S,white,nonhispanic,F,West Springfield  Massachusetts  US,702 Kilback Flat,Weymouth,Massachusetts,Norfolk County,25021,02191,42.151596975400324,-70.99515117042696,332486.02,881177.77,197217
35081714-1bed-2880-57b6-96fd1da3fe13,1962-02-14,,999-28-5852,S99910841,X7530619X,Ms.,Clementine778,Pandora807,Halvorson124,,,S,white,nonhispanic,F,Southborough  Massachusetts  US,568 Kuphal Mall Unit 16,Lawrence,Massachusetts,Essex County,25009,01840,42.693412314808846,-71.12958583164999,20069.39,872009.63,22586
4b5b5111-e9ad-eb7f-a7e8-0e880d329dd3,1977-12-02,,999-31-6411,S99956907,X29896771X,Mr.,Edmundo94,Major265,Romaguera67,,,W,white,nonhispanic,M,Taunton  Massachusetts  US,673 Gorczany Skyway Apt 88,Milton,Massachusetts,Norfolk County,25021,02186,42.254689792616475,-71.05228441828287,77202.15,24978.19,147107
84690592-37d9-8e38-92a9-b93cab38a3fe,1972-08-03,,999-96-8279,S99947312,X5812224X,Mrs.,Robin66,Samuel331,Dooley940,,Ziemann98,M,white,nonhispanic,F,Springfield  Massachusetts  US,291 Veum Brook,New Bedford,Massachusetts,Bristol County,25005,02740,41.69599223573407,-70.98410786210948,14648.62,770771.60,19274
a6d2bc69-27f3-9d71-2354-13e01bafd7f5,1999-01-12,,999-86-6346,S99979134,X40240087X,Ms.,Bernarda685,Marhta321,Tillman293,,,,black,nonhispanic,F,Billerica  Massachusetts  US,995 Kozey Manor Unit 45,Boston,Massachusetts,Suffolk County,25025,02130,42.40250710909496,-71.09363819567422,40187.94,113311.99,169108
db0a89f5-f2d5-42ae-3bc9-806b285d48c6,1929-08-09,1997-12-10,999-28-6853,S99928549,X3019843X,Mrs.,Clementina782,Jeanie708,Schulist381,,Kutch271,M,white,nonhispanic,F,The Pinehills  Massachusetts  US,766 Swift Skyway Suite 22,New Bedford,Massachusetts,Bristol County,25005,02744,41.64313120198327,-70.90929410548166,1770345.68,1229487.43,42906
8d1f8f13-3e45-d15b-a6c1-e88d1e09c6c8,1993-06-02,,999-45-1426,S99990294,X58280209X,Mr.,Ben667,Lawerence6,Murray856,,,M,white,nonhispanic,M,Worcester  Massachusetts  US,750 Murray Vale,Hingham,Massachusetts,Plymouth County,25023,02043,42.24661156419428,-70.85646232404133,866044.34,645.11,9
b01bddc3-e539-f44f-8e79-bb1765c5d0a2,2004-02-28,,999-89-9528,S99996780,X14210284X,Mr.,Kurtis994,Fabian647,Schimmel440,,,,white,nonhispanic,M,Topsfield  Massachusetts  US,461 Marquardt Extension Apt 43,Fitchburg,Massachusetts,Worcester County,25027,01420,42.54665787915377,-71.8495851108502,27031.25,10782.02,83465
dac36d70-182a-3312-0645-599c8bbd7feb,1961-09-10,,999-95-6644,S99953617,X17565985X,Mrs.,Shana231,,Nolan344,,Bosco882,M,white,nonhispanic,F,Braintree  Massachusetts  US,1057 Bogan Road Suite 90,Lowell,Massachusetts,Middlesex County,25017,01850,42.626722516987385,-71.28502352788779,17963.71,1616194.36,19402
aa4dda1d-66ae-5b23-785c-83bfd5eee268,1942-03-13,2006-04-06,999-76-3720,S99953010,X83548046X,Mrs.,Enda486,Syreeta495,Bauch723,,Nader710,M,white,nonhispanic,F,Mansfield Center  Massachusetts  US,205 Tillman Loaf,Worcester,Massachusetts,Worcester County,25027,01583,42.26021073078169,-71.80103251116151,335173.64,1525142.89,186705
1808557e-5b7a-2f89-b0aa-fb98d658b69e,1962-06-27,,999-75-7578,S99929601,X7922539X,Mrs.,Denese626,Alex454,Gaylord332,,Haley279,D,white,nonhispanic,F,Peabody  Massachusetts  US,473 Barton Meadow,Adams,Massachusetts,Berkshire County,25003,01220,42.583050072798336,-73.15111115336278,721514.29,399869.80,70285
305b0ab5-ceb4-f464-0f7b-9b8725eb0d98,1929-08-09,2007-09-19,999-59-3162,S99917624,X77222368X,Mrs.,Jame231,,Gutmann970,,Braun514,M,white,nonhispanic,F,Hubbardston  Massachusetts  US,402 Swift Ville Apt 72,New Bedford,Massachusetts,Bristol County,25005,02747,41.63599782625869,-70.9732958214795,255817.15,1055112.98,42906
11cb4138-cb7b-300e-091f-bf976424f0c2,1952-07-23,,999-42-4677,S99940693,X37908798X,Mrs.,Kassie598,Cecelia952,Gutmann970,,Ullrich385,M,white,hispanic,F,Mendon  Massachusetts  US,526 Steuber Drive Suite 77,Taunton,Massachusetts,Bristol County,25005,02767,41.91352304297667,-71.1634342312424,114828.40,756730.84,26014
09e431b0-d94b-5838-7378-61c849514f4a,1981-01-23,,999-45-4728,S99924175,X75687104X,Mr.,Ernie189,Arnoldo445,Walker122,,,M,white,nonhispanic,M,Stow  Massachusetts  US,343 Stracke Heights,Sturbridge,Massachusetts,Worcester County,25027,01566,42.14303925579755,-72.07491497470393,50808.86,3369.11,364596
aea5b987-a27d-0c00-dc10-140e31590cf8,1942-03-13,1970-06-09,999-37-9804,S99927172,X44594844X,Mrs.,Eula461,Krissy321,Reichel38,,Aufderhar910,M,white,nonhispanic,F,Amherst Center  Massachusetts  US,157 Shanahan Overpass,Worcester,Massachusetts,Worcester County,25027,01545,42.31004092577022,-71.7508706574782,52053.47,372000.72,186705
992fd433-e800-d19f-7fe6-19846f7dad0e,1955-06-06,,999-85-8240,S99988780,X48746585X,Mr.,Cortez851,Rolland302,Kautzer186,,,M,other,nonhispanic,M,Jeddah  Tihamah  SA,704 Zieme Annex Suite 15,Gardner,Massachusetts,Worcester County,25027,01440,42.62192179087135,-72.00935860052046,449697.36,426372.80,59123
af5236c7-ed87-5de1-39ab-329f668a4e0c,1942-03-13,,999-82-9959,S99922847,X41257088X,Mrs.,Jeffie441,Anja508,McCullough561,,Robel940,M,white,nonhispanic,F,Chelmsford  Massachusetts  US,560 Cassin Track Unit 87,Worcester,Massachusetts,Worcester County,25027,01609,42.22968243005892,-71.82419444809003,293782.23,1114161.99,186705
a49c4362-fbf1-b0fd-b680-541945803306,1997-08-01,,999-75-8653,S99971374,X73916953X,Ms.,Cindie288,Mistie167,Kuphal363,,,,white,nonhispanic,F,Gardner  Massachusetts  US,138 Greenfelder Vale,Medway,Massachusetts,Norfolk County,,00000,42.164069925828436,-71.38184392303752,58062.94,117054.24,998847
28d32c23-43aa-3765-5151-183513451f05,1929-08-09,,999-44-7938,S99965110,X50185211X,Mrs.,Jenell974,Elizabet136,Upton904,,Halvorson124,M,white,nonhispanic,F,Wellesley  Massachusetts  US,876 Wintheiser Way,New Bedford,Massachusetts,Bristol County,25005,02743,41.712638903376366,-70.99355183475024,1137157.60,800894.30,42906
28924a38-9a7f-c23b-5e37-76c06116808e,1949-03-13,,999-13-2945,S99932936,X77635596X,Mr.,Colin861,Blake449,Rutherford999,,,M,white,nonhispanic,M,North Plymouth  Massachusetts  US,482 Satterfield Parade Suite 4,Concord,Massachusetts,Middlesex County,,00000,42.45509839454218,-71.33429088956372,98658.02,226493.17,524546
c82a85a8-a1b2-6e2a-748e-1b2763303696,2000-08-01,,999-56-2971,S99930282,X80588575X,Mr.,Víctor493,Germán350,Candelaria844,,,,other,hispanic,M,La Paz  Baja California  MX,894 Lockman Common Apt 73,Lexington,Massachusetts,Middlesex County,25017,02420,42.41853325267522,-71.22047543748685,42192.95,88203.05,426190
c7837169-d98b-d8b4-43aa-be9e44189d19,1995-10-24,,999-64-3259,S99917267,X50254998X,Mrs.,Gala823,Johnsie484,Bogan287,,Hodkiewicz467,M,white,nonhispanic,F,Brockton  Massachusetts  US,799 O'Hara Arcade Unit 87,Taunton,Massachusetts,Bristol County,25005,02767,41.864986558091275,-71.0816855255162,70844.39,47295.50,189873
49a9c48b-74c5-29c0-6248-cc595e8acaa2,1995-12-26,,999-67-9648,S99971741,X45841295X,Mr.,Jewel43,Tracy345,Thiel172,,,M,white,nonhispanic,M,Merrimac  Massachusetts  US,697 Kemmer Annex,Fitchburg,Massachusetts,Worcester County,25027,01420,42.5677023689665,-71.86623686727259,5400.00,33701.87,3549
a933fd22-9197-37f9-ccc6-5f3db91822b3,1975-05-07,,999-82-5932,S99955211,X17504741X,Mr.,Robin66,Aubrey96,Durgan499,,,M,white,nonhispanic,M,Weston  Massachusetts  US,364 Mertz Wall Unit 48,Williamstown,Massachusetts,Berkshire County,25003,01267,42.68874882157628,-73.17360417201672,6981.75,100507.83,8392
b2bb4ccd-83a7-2a28-7783-d7f11b3935b9,1979-01-19,,999-87-8256,S99983884,X77096053X,Mr.,Sid118,Norberto865,Jacobi462,,,S,white,nonhispanic,M,Boston  Massachusetts  US,275 Beatty Knoll,Somerset,Massachusetts,Bristol County,25005,02726,41.712103717148835,-71.14752811793441,10724.25,828174.34,12981
1d61fdd2-1463-26dc-485c-8b0472d26f49,1956-02-22,,999-86-6332,S99924720,X56894916X,Mrs.,Hilaria948,Cherly215,Green467,,Sanford861,M,white,hispanic,F,Hingham  Massachusetts  US,559 Nicolas Well Apt 96,West Springfield,Massachusetts,Hampden County,25013,01089,42.11052823899905,-72.61913243170918,690434.80,383244.67,56692
a34b7d40-6043-f984-f3fa-928925230728,1986-03-16,,999-56-2714,S99983672,X87941723X,Mrs.,Bernadette714,Otha286,Dare640,,Pacocha935,D,white,nonhispanic,F,Westfield  Massachusetts  US,656 Kilback Street Suite 43,Hingham,Massachusetts,Plymouth County,25023,02043,42.22784041692165,-70.84624873165843,158556.71,289027.60,42989
00768c22-b53f-bbb9-83b4-48587115c968,1975-01-20,,999-15-2084,S99978458,X58935488X,Mrs.,Vashti163,Christa452,Bergnaum523,,Fay398,W,asian,nonhispanic,F,Delhi  Delhi  IN,213 Ankunding Spur Apt 8,Hopkinton,Massachusetts,Middlesex County,25017,01748,42.24121660696746,-71.50932403517272,389183.45,1131553.37,130613
721e6a05-3f50-0652-3f9e-f1c7abb1ae11,1936-03-01,2010-07-21,999-35-1882,S99952701,X28632141X,Mr.,Benito209,José Eduardo181,Tejada731,,,M,white,hispanic,M,Guatemala City  Guatemala  GT,627 McClure Run,Springfield,Massachusetts,Hampden County,25013,01129,42.201202011495496,-72.56262251850856,11922.72,376059.85,3647
cf8fc5ea-f696-0dbd-2e1e-9995ec806140,1987-12-29,,999-10-8720,S99936346,X76400151X,Mr.,Sang383,,Cassin499,,,M,white,nonhispanic,M,Lowell  Massachusetts  US,382 Powlowski Club,North Adams,Massachusetts,Berkshire County,25003,01247,42.69344682723533,-73.04332289818402,6342.53,102331.88,5257
120c8301-9270-f545-f37e-8dc4637f1585,1966-10-29,,999-10-6274,S99986511,X43355669X,Mrs.,Darcel357,Jill895,Huels583,MD,Harber290,D,white,nonhispanic,F,Hanson  Massachusetts  US,1021 Morissette Avenue,Littleton,Massachusetts,Middlesex County,,00000,42.50117321486722,-71.51343401926448,911619.59,410338.34,58358
14798028-ea3b-6ea6-7281-f24dc0418b7a,2020-01-16,,999-95-5220,,,,Latanya388,Chrissy459,Little434,,,,white,nonhispanic,F,Fitchburg  Massachusetts  US,766 Mann Meadow Apt 76,Dedham,Massachusetts,Norfolk County,25021,02090,42.29394383550593,-71.20550263038922,8829.15,396.59,50910
c07ba5d3-4b33-a01b-7715-a346a07bc3c4,1966-07-03,,999-20-3440,S99978162,X50202265X,Mrs.,Detra426,Joann92,Ferry570,,Harvey63,M,white,nonhispanic,F,Norton  Massachusetts  US,858 Kerluke Parade Unit 98,Rockland,Massachusetts,Plymouth County,,00000,42.124849243920636,-70.95445401212825,600038.73,557638.78,49558
64e6c21a-07ef-be93-c3b5-41e68e149e6e,2022-10-26,,999-98-9803,,,,Barton704,Stephen891,Howe413,,,,white,hispanic,M,New Bedford  Massachusetts  US,711 Price Union Suite 83,Springfield,Massachusetts,Hampden County,25013,01104,42.12158083739451,-72.58712357856787,300.00,6705.44,29815
5630a9ec-1dd3-1ad6-9cba-5be3c9e6a672,1976-02-02,,999-85-3692,S99978496,X7978814X,Mrs.,Yang129,Raeann749,Gibson10,,Shields502,M,white,nonhispanic,F,Rockland  Massachusetts  US,281 Shields Avenue Suite 12,Fairhaven,Massachusetts,Bristol County,,00000,41.637607524072486,-70.91361476173036,14550.97,1280401.51,13882
267c065f-6946-8423-cfc7-bceae834ef7a,2010-03-25,,999-30-3356,,,,Arnoldo445,Johnathan55,Block661,,,,white,nonhispanic,M,North Pembroke  Massachusetts  US,970 Bartell Gardens Suite 97,Salisbury,Massachusetts,Essex County,25009,01952,42.8386234012179,-70.85353210332453,51171.20,164801.43,44869
ba1ddbc8-d02d-29a2-8ea4-ba2c33b28625,1936-03-01,,999-56-9446,S99980401,X87704180X,Mr.,Germán350,,Olivares593,,,S,white,hispanic,M,Gaudalajara  Jalisco  MX,966 Fahey Green Suite 22,Springfield,Massachusetts,Hampden County,25013,01118,42.12946946020229,-72.52036939631255,14412.25,344000.48,3647
42fd23ba-3707-927b-0138-38f0e296e906,1996-03-10,,999-62-8132,S99956718,X7555231X,Mrs.,Phylicia571,Charles364,Bahringer146,,Koelpin146,M,white,nonhispanic,F,Malden  Massachusetts  US,493 Von Well Suite 99,Worcester,Massachusetts,Worcester County,25027,01602,42.26189971448173,-71.87856785862472,140492.75,311654.50,27237
470012f6-3163-26f6-eb3f-f3737f410ad3,2010-02-08,,999-10-3559,,,,Catalina187,Leticia253,Cortés936,,,,white,hispanic,F,Portsmouth  Saint John Parish  DM,654 Mosciski Track,East Bridgewater,Massachusetts,Plymouth County,,00000,42.01507049070478,-70.92197023236125,53721.62,230378.44,93566
6299860a-edf8-0835-c07a-103e54b3eb5e,1968-12-24,,999-29-7945,S99975163,X80017324X,Mrs.,Cindi877,Fatimah228,Cummerata161,,Yundt842,M,white,nonhispanic,F,Cheshire  Massachusetts  US,745 Reichel Throughway,Forestdale,Massachusetts,Barnstable County,25001,02644,41.67186832103954,-70.47071841785555,617243.39,648844.80,95407
8b5ed754-0d7d-49be-ceea-66bf3406b2de,1958-06-22,,999-49-7911,S99997489,X80046898X,Mrs.,Sueann178,Chu728,Fahey393,,Jakubowski832,M,white,nonhispanic,F,Chelmsford  Massachusetts  US,871 Daugherty Corner Suite 74,Dunstable,Massachusetts,Middlesex County,,00000,42.66537104506663,-71.46473659388106,786162.45,213168.82,74242
78dae5a3-10b8-7094-187b-0f3dd4cf637a,1945-10-16,,999-68-3689,S99937616,X42962616X,Mrs.,Vinita997,Shawna986,Doyle959,,McKenzie376,W,white,nonhispanic,F,Merrimac  Massachusetts  US,1016 Schoen Manor Apt 20,Springfield,Massachusetts,Hampden County,25013,01118,42.1411444919029,-72.56966573743561,932281.92,436914.49,79786
e0c34a91-7cfd-4954-ca8d-a44d3ad969bb,1960-01-21,,999-15-6454,S99963674,X11536160X,Mr.,Jason347,Renato359,Collins926,,,M,white,nonhispanic,M,Dracut  Massachusetts  US,901 Goodwin Trailer Unit 29,Southbridge,Massachusetts,Worcester County,25027,01550,42.05607958271655,-72.07894160292702,43793.30,84116.14,45438
60937464-418e-60f9-3676-7454030f8bd9,1978-04-23,,999-78-7755,S99951143,X42265691X,Mr.,Milo271,Laurence43,Gorczany269,,,D,white,nonhispanic,M,Taunton  Massachusetts  US,826 Kautzer Mews,Leominster,Massachusetts,Worcester County,25027,01453,42.495050877815345,-71.77810847694225,14002.29,105916.59,10526
df9c7003-e1c7-d36a-73eb-d6d98cdada85,1985-01-12,,999-76-4375,S99920651,X77213393X,Mr.,Danny396,Jamar151,Labadie908,,,D,white,nonhispanic,M,Plainville  Massachusetts  US,186 Rosenbaum Byway,Lowell,Massachusetts,Middlesex County,25017,01851,42.622257765251405,-71.36180576291045,64062.07,9183.15,36130
d8a7c1cd-8c21-7953-f402-0980497308d6,1973-09-25,,999-68-3358,S99954119,X1112519X,Mr.,Rudolph554,Wally311,Rolfson709,,,D,black,hispanic,M,Gloucester  Massachusetts  US,970 Schmitt Parade,Boston,Massachusetts,Suffolk County,25025,02215,42.27709243744022,-71.13439211667006,239816.92,69974.00,94189
a0a1781f-fa22-5ec9-f6c8-aa6ffa17d41c,2012-05-19,,999-68-3738,,,,Mathew182,Dan465,Kling921,,,,white,nonhispanic,M,Reading  Massachusetts  US,153 Heaney Viaduct Unit 50,Wellesley,Massachusetts,Norfolk County,25021,02492,42.29663995001918,-71.27642180087051,15465.09,0.00,631216
e3bbb207-1df0-1dd0-7c52-2747a3c0b108,1985-08-25,,999-18-9755,S99981895,X32463764X,Mrs.,Madie300,Torie475,Hettinger594,,Feest103,M,black,nonhispanic,F,Woburn  Massachusetts  US,796 Grant Dale,Boston,Massachusetts,Suffolk County,25025,02120,42.26554247125525,-71.0535929883995,342885.22,99375.04,57824
e5b11cc3-9d74-4f4c-9c91-432c7e031c03,2014-01-10,,999-23-4756,,,,Liz413,Cinda869,Ebert178,,,,black,nonhispanic,F,Framingham  Massachusetts  US,178 MacGyver Wynd Apt 52,Boston,Massachusetts,Suffolk County,25025,02111,42.355627579299565,-71.01982875437523,1150.00,13725.91,24479
05a14e20-5157-ef4b-e19e-c38057866463,1999-10-20,,999-39-3309,S99920331,X23948116X,Ms.,Luz785,Vertie683,Cummings51,,,,white,nonhispanic,F,Boston  Massachusetts  US,116 Mosciski Path,Sutton,Massachusetts,Worcester County,,00000,42.1809128724664,-71.73986966992808,112599.47,350517.68,53948
7372b35a-b5c5-803b-e9f3-bb75fd6da296,2017-10-02,,999-83-1777,,,,Sam879,Stephan15,Lemke654,,,,white,nonhispanic,M,Boston  Massachusetts  US,726 Russel Trafficway,Acton,Massachusetts,Middlesex County,,00000,42.531754671309805,-71.44399239533298,10948.75,0.00,36340
2c9805f6-3893-dd83-e6e4-c923155f49d0,1980-12-01,,999-21-5199,S99922629,X21173266X,Ms.,April374,Felicita351,Feest103,,,S,white,nonhispanic,F,Amherst  Massachusetts  US,602 O'Connell Underpass Suite 20,Pittsfield,Massachusetts,Berkshire County,25003,01201,42.43036919793291,-73.26121870705309,14991.12,1071808.45,18157
d0e174a0-188b-6e01-ca47-b4bdb31163eb,1948-03-23,2015-02-05,999-16-8114,S99987620,X39214638X,Mr.,Toney527,Clayton230,Wunsch504,,,M,white,nonhispanic,M,Chelmsford  Massachusetts  US,362 Olson Heights Apt 81,Westwood,Massachusetts,Norfolk County,,00000,42.218614320594554,-71.22336377467926,125198.32,213706.42,161411
7b9add70-ef88-734c-218e-d0770e846392,1957-03-03,2012-01-09,999-65-7835,S99935099,X89148223X,Mr.,Elias404,Wilmer32,Herzog843,,,D,white,nonhispanic,M,Melrose  Massachusetts  US,306 Fadel Walk Suite 36,Ashland,Massachusetts,Middlesex County,,00000,42.267353152289544,-71.49787705885548,341143.05,382216.90,38231
25525fcc-3b64-6e94-6067-7feae5e2a0e4,1948-03-23,,999-22-9397,S99968183,X76864027X,Mr.,Paris331,Emilio417,Fritsch593,,,M,white,nonhispanic,M,Arlington  Massachusetts  US,879 Rempel Esplanade,Westwood,Massachusetts,Norfolk County,,00000,42.22484799531839,-71.22519334781941,101995.30,133152.24,161411
922f5eb9-eace-0235-097c-2c9d13df3699,1957-03-03,2014-05-21,999-12-4422,S99974512,X33905508X,Mr.,Seth414,Jacinto644,Mitchell808,,,M,white,nonhispanic,M,Marlborough  Massachusetts  US,1022 Trantow Plaza,Ashland,Massachusetts,Middlesex County,,00000,42.26453410636135,-71.43022888033263,556053.37,491760.82,38231
821477a1-a703-3cdf-3550-c2db9848235b,1957-03-03,,999-45-7006,S99976965,X3598709X,Mr.,Carroll471,Enoch803,Mosciski958,,,W,white,nonhispanic,M,Arlington  Massachusetts  US,573 Muller Gardens Suite 41,Ashland,Massachusetts,Middlesex County,,00000,42.266752885768604,-71.4451020677122,180005.82,363690.70,38231
