Id,BIRTHDATE,DEATHDATE,SSN,DRIVERS,PASSPORT,PREFIX,FIRST,LAST,SUFFIX,MAIDEN,MARITAL,RACE,ETHNICITY,GENDER,BIRTHPLACE,ADDRESS,CITY,STATE,COUNTY,FIPS,ZIP,LAT,LON,HEALTHCARE_EXPENSES,HEALTHCARE_COVERAGE,INCOME
4a86661a-ad6a-fbbf-a745-fc3ad236d170,1969-10-08,,999-84-9991,S99984824,X89215438X,Ms.,Ona426,Jacobson885,,,S,white,nonhispanic,F,Randolph  Massachusetts  US,631 Kris Grove,Dalton,Massachusetts,Berkshire County,,00000,42.433045698763436,-73.12175685344813,926924.77,652537.78,37638
acd69e10-ce06-19f3-fb1b-4034023ef931,2022-09-18,,999-19-2966,,,,Quincy153,MacGyver246,,,,asian,nonhispanic,M,Acton  Massachusetts  US,739 Runte Route Apt 6,Everett,Massachusetts,Middlesex County,25017,02149,42.40622346380301,-71.0689090475265,200.00,5279.22,12444
67323934-59d6-e03f-e5ef-72a4e2f41f6c,1977-10-26,,999-52-4012,S99959369,X21509457X,Mr.,Russel238,Cremin516,,,D,white,nonhispanic,M,Worcester  Massachusetts  US,438 Boehm Vista,Sharon,Massachusetts,Norfolk County,25021,02067,42.15459481044157,-71.1820074024936,80495.71,39507.61,96002
15e76f7d-f65f-64fb-c0e6-ef1dca91cbb8,1970-02-04,,999-74-4341,S99997721,X68683379X,Mrs.,Janessa317,West559,,Spinka232,M,asian,nonhispanic,F,Macau  Macao Special Administrative Region of the People's Republic of China  CN,554 Carter Meadow,Fall River,Massachusetts,Bristol County,25005,02747,41.6966672631328,-71.01512443564106,19092.71,251157.84,14678
9cc29aad-b0bf-2c63-b262-f2a47b690c13,1989-04-25,,999-23-6056,S99971291,X15779604X,Mrs.,Angelena945,Kassulke119,,Schamberger479,M,white,nonhispanic,F,Quincy  Massachusetts  US,675 Frami Track,Middleton,Massachusetts,Essex County,,00000,42.56764733927667,-71.04287111281282,538099.94,772605.90,105861
5f1fb224-6c53-9987-2b21-b698119b4f69,1996-12-18,,999-13-3316,S99910979,X27522505X,Ms.,Karmen270,Runte676,,,,white,nonhispanic,F,Boston  Massachusetts  US,1057 O'Hara Rue,Rutland,Massachusetts,Worcester County,25027,01543,42.36639989582215,-71.99070880205606,115587.61,480526.98,145306
af05ac0d-ee98-94e1-ff57-b05bf3269975,1979-09-22,,999-13-2830,S99931518,X32060053X,Mr.,Edmund685,Boyer713,,,S,white,nonhispanic,M,Westborough  Massachusetts  US,469 Maggio Frontage road,Boston,Massachusetts,Suffolk County,25025,02109,42.39031715951404,-71.14864648368213,32010.32,4808.74,27296
51fc61e2-6bc8-766e-214c-dc0e7830d55f,2021-12-05,,999-51-3648,,,,Reagan466,Stoltenberg489,,,,white,nonhispanic,F,Hampden  Massachusetts  US,1059 Morissette Haven,Woburn,Massachusetts,Middlesex County,25017,01890,42.4503687822939,-71.12277181907103,350.00,7198.96,15610
efa50159-a7e9-e464-3f4f-9098c8d2f64e,2023-10-13,,999-96-6905,,,,Jada948,Heidenreich818,,,,white,hispanic,F,Winchendon  Massachusetts  US,955 Kerluke Lane,Framingham,Massachusetts,Middlesex County,25017,01702,42.277874713930196,-71.40962900440712,1188.10,0.00,172624
cfea17a5-bcdc-a6fb-7f99-7ea89e51d11b,1995-09-15,,999-11-6973,S99943783,X78964871X,Mrs.,Crissy767,Hegmann834,,Wilderman619,M,hawaiian,nonhispanic,F,Raynham  Massachusetts  US,256 Goyette Skyway,Lawrence,Massachusetts,Essex County,25009,01843,42.64459269673273,-71.20684643431441,10277.89,594117.10,6286
001287d1-562d-32e8-7f49-c37169b4a780,2011-08-03,,999-89-9717,,,,Blair400,Harber290,,,,black,nonhispanic,M,Pinehurst  Massachusetts  US,606 Dietrich Glen Apt 59,Revere,Massachusetts,Suffolk County,25025,02151,42.403866729930506,-70.94725262859144,15814.02,0.00,62803
eb773b4d-f424-d82a-3a6e-c5fa7379b1f1,2007-11-22,,999-80-9965,S99989385,,,Shizue554,Ullrich385,,,,white,nonhispanic,F,Hampden  Massachusetts  US,199 Denesik Junction,Saugus,Massachusetts,Essex County,25009,01906,42.49653121226838,-71.06024680541186,20116.63,2882.00,42165
a5a601ba-e8bc-37c0-984a-e0fd65b7b938,1984-10-01,2022-06-03,999-43-6744,S99992746,X21237253X,Mr.,Trinidad33,Brown30,,,M,white,nonhispanic,M,Pittsfield  Massachusetts  US,453 Metz Byway Suite 26,Brockton,Massachusetts,Plymouth County,25023,02301,42.06467446437888,-70.95246844523945,273399.49,1035321.51,42513
5ddbc122-e552-d05a-1bac-2d9248292fa9,1984-12-01,,999-10-5095,S99982633,X958096X,Mrs.,Coretta598,Kreiger457,,Moen819,M,white,nonhispanic,F,Brookline  Massachusetts  US,519 Erdman Walk Unit 4,Peabody,Massachusetts,Essex County,25009,01960,42.56479822074235,-70.96720753792373,263890.15,692888.28,160422
4515fa63-3219-fdf2-2a6d-89a26fdc5d6b,1961-08-04,,999-19-6666,S99973393,X75752020X,Mrs.,Joya53,Goodwin327,,Lesch175,W,asian,nonhispanic,F,Worcester  Massachusetts  US,830 Murphy Trace,Boston,Massachusetts,Suffolk County,25025,02124,42.366073857538915,-71.10650797831939,18957.01,828796.45,10231
af1d3b8e-3552-3d76-3a76-3bde41f5a860,1990-09-19,,999-96-2520,S99931339,X61573697X,Mr.,Darrel772,Christiansen251,,,M,white,nonhispanic,M,Barnstable  Massachusetts  US,446 Schroeder Trafficway Apt 5,Acushnet,Massachusetts,Bristol County,,00000,41.725024220320684,-70.9154662180771,59930.84,7464.36,144166
4b8679eb-0aaf-ad62-4aff-48930f59c224,1962-11-12,,999-95-7031,S99931773,X78440386X,Mrs.,Constance642,Boyle917,,Dickens475,M,white,nonhispanic,F,Oxford  Massachusetts  US,773 Williamson Meadow Suite 43,Foxborough,Massachusetts,Norfolk County,25021,02035,42.08484989139459,-71.26708320289872,133090.55,202190.90,589644
93930e43-53ca-ffdb-cc64-5085bc8f8e33,1984-10-01,,999-34-4566,S99917265,X69735425X,Mr.,Ty725,Kris249,,,M,white,nonhispanic,M,Lynn  Massachusetts  US,830 Kutch Viaduct,Brockton,Massachusetts,Plymouth County,25023,02351,42.11972281511573,-71.00479841925768,24376.99,61361.36,42513
d2868257-fb3b-5360-45d8-ffa70d138b48,1955-03-09,,999-11-7945,S99976642,X18013469X,Mrs.,Myrtie622,Ferry570,,Predovic534,M,white,nonhispanic,F,Southwick  Massachusetts  US,954 Dickinson Boulevard,Orleans,Massachusetts,Barnstable County,25001,02653,41.79131758668634,-69.98642227040078,14868.50,475358.52,20417
d877069d-5273-0eb9-aa0c-5f578c1dbd54,1991-11-17,,999-57-8488,S99949855,X1348094X,Ms.,Latashia561,Terry864,,,S,white,nonhispanic,F,Wrentham  Massachusetts  US,613 Breitenberg Tunnel Suite 69,Boston,Massachusetts,Suffolk County,25025,02130,42.32858930260021,-71.13477108983544,456237.11,814.78,116347
c98604db-4479-7a11-dbc1-37601d6880f1,2002-10-11,,999-82-3861,S99935877,X32109564X,Mr.,Winford225,Hoeger474,,,,white,nonhispanic,M,Boston  Massachusetts  US,341 Lakin Orchard Apt 52,Amherst,Massachusetts,Hampshire County,,00000,42.38802939859226,-72.52565642436859,7919.70,762931.96,2515
5b6a5458-0f05-32b1-f792-9ed81860792c,2011-06-20,,999-10-3113,,,,Theo630,Mitchell808,,,,white,nonhispanic,M,Methuen  Massachusetts  US,1098 Ryan Flat Suite 0,Barre,Massachusetts,Worcester County,25027,01005,42.40341420097105,-72.09797634341766,35362.06,32710.19,27091
6a5da149-b8f6-ce35-4dbf-bcb57a6a5758,1998-08-14,,999-10-2754,S99916953,X47635011X,Ms.,Maryln219,Grant908,,,,white,nonhispanic,F,Middleborough  Massachusetts  US,1050 Skiles Trafficway,Maynard,Massachusetts,Middlesex County,25017,01754,42.46880176676236,-71.47270843818089,6376.28,273727.16,7534
0eaf64a1-1f38-2542-afb3-b268ee521165,1972-03-02,,999-27-7081,S99925731,X1321570X,Mrs.,Cristen212,Gerlach374,,Ullrich385,M,white,nonhispanic,F,Somerville  Massachusetts  US,165 Erdman Trailer Suite 74,Hudson,Massachusetts,Middlesex County,25017,01749,42.404478793654874,-71.50381367103455,148757.12,697064.19,23810
c04a1838-f7ed-f2ec-dfa4-5cc1a6f7e07f,2016-11-25,,999-24-3960,,,,Raleigh478,Stark857,,,,white,nonhispanic,M,Falmouth  Massachusetts  US,147 Gleason View,Acushnet,Massachusetts,Bristol County,,00000,41.71494616834785,-70.9095419999662,10589.92,0.00,59485
967f3f04-352e-32b8-9bad-ee80c039db23,1985-03-08,,999-24-3290,S99994804,X36889888X,Mrs.,Margene509,Windler79,,Kuhlman484,M,white,nonhispanic,F,Norwood  Massachusetts  US,408 Hansen Boulevard,Malden,Massachusetts,Middlesex County,25017,02155,42.44144281866101,-71.08889694533896,194647.46,651971.62,162365
75435ccd-3dfa-0da3-cdec-07ef48ab097c,1976-05-05,,999-66-4072,S99927842,X86724372X,Mr.,Jeffery551,Doyle959,,,S,white,nonhispanic,M,Hatfield  Massachusetts  US,880 Adams Gardens Suite 18,Brookline,Massachusetts,Norfolk County,25017,02467,42.29647997122968,-71.19596794254875,161867.95,1315776.12,149752
442ef1e8-757b-c6ff-000a-898c2cfb6158,1960-10-03,,999-18-5672,S99912262,X83959054X,Mr.,Berry486,Lockman863,,,D,white,nonhispanic,M,Acton  Massachusetts  US,820 O'Connell Walk Suite 89,Bliss Corner,Massachusetts,Bristol County,,00000,41.634300174797325,-70.98036251730855,14825.91,958663.12,13546
bc490b30-f552-325f-6257-45807427fb1a,2000-04-22,,999-78-3192,S99979487,X77488789X,Ms.,Lavette209,Wilkinson796,,,,white,nonhispanic,F,Sturbridge  Massachusetts  US,495 Huels Branch Suite 40,Norwood,Massachusetts,Norfolk County,25021,02062,42.18707160773512,-71.1615233770528,33137.22,14546.16,67649
1f5577d3-0f70-6c4f-c458-76f875feec61,1996-09-28,,999-32-7099,S99955452,X70849624X,Ms.,Marvella276,Wilderman619,,,,white,nonhispanic,F,Springfield  Massachusetts  US,573 Herman Corner,Westford,Massachusetts,Middlesex County,,00000,42.59019770839743,-71.46481693749337,108581.69,598753.11,91300
6cef256c-c14e-8a85-e619-2ee131745356,1942-12-16,2002-07-12,999-28-6365,S99919631,X43586328X,Mr.,Erasmo545,Cronin387,,,D,white,nonhispanic,M,Winthrop  Massachusetts  US,758 Hirthe Frontage road,Newton,Massachusetts,Middlesex County,25017,02466,42.282886078295036,-71.22706428589792,49426.98,66338.76,840311
c69ea5cc-ec9c-1766-afbb-272ef95e4eb0,1989-01-28,,999-25-5780,S99923887,X12689902X,Mrs.,Thomasine260,Cummerata161,,Parisian75,M,black,nonhispanic,F,Marblehead  Massachusetts  US,186 Hintz Manor Suite 56,Boston,Massachusetts,Suffolk County,25017,02467,42.34638458636769,-71.04691355823093,160058.39,853811.52,30641
ecc86c5b-00b4-3e33-5c47-c2344ec0022d,1942-12-16,,999-37-5174,S99988533,X48647439X,Mr.,Edmond919,Bernier607,,,S,white,nonhispanic,M,Amherst  Massachusetts  US,244 Borer Alley Suite 88,Newton,Massachusetts,Middlesex County,25017,02467,42.31680849581505,-71.16713185703114,80196.65,192272.22,840311
c54bcd43-01b7-665e-0bc8-fae89483e5c3,2009-07-02,,999-99-8646,,,,Caroline183,VonRueden376,,,,white,nonhispanic,F,Wareham Center  Massachusetts  US,304 Johnston Fork,Dedham,Massachusetts,Norfolk County,25021,02090,42.20301282854041,-71.20861164164897,27478.21,3626.99,70746
d3a29140-cf1f-f349-ea51-9b7e477b3091,1987-07-29,,999-94-3541,S99910065,X80978881X,Mrs.,Rosana394,Jast432,,Harris789,W,white,nonhispanic,F,Northbridge  Massachusetts  US,659 Tillman Trace,Boston,Massachusetts,Suffolk County,25025,02210,42.3005504754971,-71.15421501957809,301740.64,543708.73,54642
9fc79f60-0216-d570-9405-e2a8178c65d1,1982-10-04,,999-67-9685,S99942965,X22716110X,Mrs.,Gracie337,Kertzmann286,,D'Amore443,M,white,nonhispanic,F,Marshfield  Massachusetts  US,1030 Frami Knoll Apt 13,Fairhaven,Massachusetts,Bristol County,,00000,41.586240905719706,-70.86434611889499,430565.30,204865.54,70217
ba9bc815-650a-342e-2be0-1d1935ca999e,1974-02-25,,999-41-3798,S99954766,X30644771X,Mr.,Sylvester827,Koch169,,,S,white,nonhispanic,M,Maynard  Massachusetts  US,352 Donnelly Viaduct Apt 86,Ludlow,Massachusetts,Hampden County,,00000,42.17263555128862,-72.4357698957877,165394.34,500283.64,121990
7f2230fa-a90c-9e57-3fe8-adc927146066,1968-10-04,,999-14-6379,S99970164,X56517271X,Mr.,Tobias236,Miller503,,,M,white,nonhispanic,M,Shrewsbury  Massachusetts  US,1024 Gerhold Burg Unit 18,Salem,Massachusetts,Essex County,25009,01907,42.5594781111396,-70.83369950547112,10475.23,168224.04,19858
c973cb84-c613-6583-31c5-7150467f7045,1951-06-12,2016-09-16,999-97-8888,S99991254,X25139122X,Mr.,Ahmad985,Murray856,,,S,white,nonhispanic,M,Fitchburg  Massachusetts  US,839 Watsica Neck Unit 23,Cambridge,Massachusetts,Middlesex County,25017,02142,42.3923329981581,-71.1789723136242,99154.21,1667696.71,20969
fddb6b51-1dd8-0a57-9515-a18537cbeaed,1977-12-30,,999-73-8431,S99942215,X36949702X,Mrs.,Edra310,Gusikowski974,,McKenzie376,M,white,nonhispanic,F,Springfield  Massachusetts  US,387 Hammes Skyway Unit 93,Randolph,Massachusetts,Norfolk County,25021,02368,42.158824294777894,-71.07833840037813,187052.24,413065.21,888991
27596b1a-7edd-b166-2500-cab57249ce36,1992-09-19,,999-26-4252,S99931266,X35001938X,Mrs.,Sybil495,Parisian75,,Kuphal363,M,black,nonhispanic,F,Quincy  Massachusetts  US,252 Dach Fort Unit 38,Chelsea,Massachusetts,Suffolk County,25025,02151,42.35894638836299,-71.04611471297683,12952.39,776840.76,1475
27ceba98-0716-ab4c-3455-d4cfde9ab971,1974-08-12,,999-99-9633,S99945443,X36068839X,Mr.,Jerold208,Krajcik437,,,M,white,nonhispanic,M,Everett  Massachusetts  US,555 Wunsch Lane,Boston,Massachusetts,Suffolk County,25025,02120,42.39345358473977,-71.06693697100101,253043.68,457214.40,280127
39de72fa-f3a2-d01b-3e8b-a77ab1d7b439,2022-06-19,,999-87-9744,,,,Domingo513,Wiegand701,,,,white,nonhispanic,M,Methuen  Massachusetts  US,214 Reichel Road,Pembroke,Massachusetts,Plymouth County,,00000,42.11385298166206,-70.7816884596153,5992.70,0.00,498197
d5f1c887-d14e-c563-f1d8-88f103c124a0,1951-06-12,,999-88-1285,S99983153,X85558233X,Mr.,Rodrick370,Lowe577,,,D,white,nonhispanic,M,Swansea  Massachusetts  US,773 Bauch Fort Suite 10,Cambridge,Massachusetts,Middlesex County,25017,02141,42.37536962057462,-71.11879472567676,13018.76,214826.18,20969
38f7df26-dac4-51bc-a625-6710a144b712,1958-03-31,2023-04-02,999-60-7150,S99957670,X15543810X,Mrs.,Barbar976,Johnston597,,Turner526,M,white,nonhispanic,F,South Yarmouth  Massachusetts  US,473 Howe Stravenue,Oxford,Massachusetts,Worcester County,25027,01540,42.16545909312596,-71.86970644894237,1048350.25,415713.96,55614
6dc94db2-ecab-050a-a5f2-d13d51ad5711,1958-07-06,,999-85-1066,S99947702,X15897786X,Mr.,Mitchell808,Lemke654,,,S,white,nonhispanic,M,Weymouth  Massachusetts  US,670 Yost Branch Suite 48,Worcester,Massachusetts,Worcester County,25027,01602,42.194217334387375,-71.80520087039167,113385.08,117142.66,52917
3e78dacb-bdde-5e2f-662c-1d7ac482b15c,1970-02-18,,999-17-3399,S99941962,X954632X,Mr.,Columbus656,Ernser583,,,M,white,hispanic,M,Somerset  Massachusetts  US,971 Rath Ramp Unit 54,Revere,Massachusetts,Suffolk County,25025,02151,42.4271970935637,-70.950884739612,80708.70,35793.94,124814
ac5e7ac5-5609-46b7-7d5f-af46feba48aa,1958-03-31,,999-80-8809,S99924156,X19306418X,Mrs.,Saturnina961,Weissnat378,,Purdy2,M,white,nonhispanic,F,Brookline  Massachusetts  US,940 Feil Pathway Unit 32,Oxford,Massachusetts,Worcester County,25027,01540,42.111997253679405,-71.85554239623401,280755.40,544645.67,55614
b16e107c-8013-a0b1-cca2-4ef9670af2c8,1949-08-19,2005-02-18,999-43-4688,S99993730,X21777508X,Mr.,Nestor901,Bartell116,,,M,white,nonhispanic,M,Northampton  Massachusetts  US,124 Boyle Grove Unit 46,Framingham,Massachusetts,Middlesex County,25017,01701,42.28777760425146,-71.44882283902717,23525.87,668137.90,143556
b7c2ab70-d669-81e7-672b-08e2cdf60da1,1972-12-04,,999-88-2734,S99977791,X25974984X,Mr.,Van763,Labadie908,,,M,white,hispanic,M,Bellingham  Massachusetts  US,593 Conroy Knoll Apt 6,Brockton,Massachusetts,Plymouth County,25023,02302,42.065579801732554,-71.07418339597294,9342.96,317909.65,15206
9a7826c7-eb7e-a102-a16c-1f3b5c414d6e,1963-11-13,,999-35-1870,S99927239,X22460015X,Mrs.,Socorro465,Corkery305,,Runolfsson901,D,white,nonhispanic,F,Bellingham  Massachusetts  US,176 Becker Pathway Unit 50,Uxbridge,Massachusetts,Worcester County,,00000,42.0389220000832,-71.63262205350252,13656.17,540489.44,17469
6f832fca-0c5b-541b-5255-67662e2aa619,1970-11-13,,999-63-7983,S99958202,X19583977X,Mr.,Howard613,Rutherford999,,,M,white,nonhispanic,M,Westfield  Massachusetts  US,896 Quitzon Neck,Newbury,Massachusetts,Essex County,,00000,42.77728757084703,-70.88309481686176,111271.74,686241.99,162404
29c40f9e-0486-9e12-de1c-3b4525a39169,1949-08-19,,999-98-8027,S99922969,X73281323X,Mr.,Bernardo699,Hauck852,,,M,white,nonhispanic,M,Hamilton  Massachusetts  US,930 Haley Knoll,Framingham,Massachusetts,Middlesex County,25017,01701,42.29171969393427,-71.39800473931756,165255.93,877854.56,143556
d596964b-0041-510b-63d4-e2523dd1e880,1968-10-07,,999-31-3401,S99935606,X24152400X,Mr.,Monty345,Robel940,,,D,white,nonhispanic,M,Boston  Massachusetts  US,907 Hickle Mission Suite 58,Falmouth,Massachusetts,Barnstable County,25001,02540,41.61010467774845,-70.56475917546057,114426.92,49319.85,120752
577aacec-f1e3-96dc-e1e1-05cfcb66edba,1969-06-13,,999-85-4555,S99967494,X36405581X,Mrs.,Shantae970,Ward668,,Prosacco716,M,white,nonhispanic,F,Acton  Massachusetts  US,175 Ziemann Bay,Easthampton,Massachusetts,Hampshire County,25015,01027,42.30927041407056,-72.70575163164445,784219.41,333264.37,35176
f1e9148a-b47d-0963-dbe3-7cafbb81ae40,1978-06-19,,999-83-8554,S99990053,X77437535X,Mr.,Myles862,Dare640,,,M,white,nonhispanic,M,Arlington  Massachusetts  US,450 Lehner Knoll Suite 28,Chicopee,Massachusetts,Hampden County,25013,01020,42.15066597977617,-72.56184823993004,62499.28,8399.76,144907
eb846eaf-ad89-06d1-4ffd-c6b365de5fbe,1989-09-30,,999-29-4029,S99966920,X37875673X,Mr.,Lyman173,Willms744,,,M,asian,hispanic,M,Weymouth  Massachusetts  US,870 Christiansen Vista Unit 85,Lexington,Massachusetts,Middlesex County,25017,02420,42.44662643505114,-71.19755609275502,56665.55,6183.27,139599
fbecd33d-c070-2783-d253-19f7a689745f,1956-01-29,,999-44-9841,S99963118,X10062804X,Mrs.,Evangelina20,Murray856,,O'Conner199,M,white,nonhispanic,F,Westminster  Massachusetts  US,236 Schumm Glen Apt 45,East Longmeadow,Massachusetts,Hampden County,,00000,42.044951324741895,-72.48253892936071,1011776.87,366283.63,64139
345703ee-7db2-a2cf-4670-0129921106a2,2004-08-22,,999-17-2578,S99961533,,Mr.,Johnny786,Schimmel440,,,,black,hispanic,M,Lexington  Massachusetts  US,482 Marks Mission Suite 41,Boston,Massachusetts,Suffolk County,25025,02128,42.27524746011652,-71.15461280324277,4927.96,874641.79,8395
43559f95-3750-dc71-9a4b-1f0124773023,1975-10-04,,999-80-3809,S99916629,X72940980X,Mrs.,Lakeisha206,Tromp100,,Eichmann909,M,asian,nonhispanic,F,Barnstable  Massachusetts  US,143 White Knoll,Millville,Massachusetts,Worcester County,,00000,42.0020384831796,-71.5298406244368,341683.24,1060939.02,172534
5bc06e5a-21ec-07c3-ba6f-7df3cc733132,1914-02-18,2022-01-29,999-78-7150,S99993987,X18618864X,Mr.,Ernest565,Labadie908,,,D,black,nonhispanic,M,Lowell  Massachusetts  US,297 Stokes Trace Suite 66,Boston,Massachusetts,Suffolk County,25025,02199,42.319024624452126,-71.10047361069209,260522.54,836117.09,51918
4d27b806-22dc-95a1-0308-f0f7844740e0,2011-05-07,,999-52-6142,,,,Domenic627,Yundt842,,,,white,nonhispanic,M,Watertown  Massachusetts  US,766 Abbott Burg Apt 88,Attleboro,Massachusetts,Bristol County,25005,02703,41.873697915363806,-71.3990572493839,22397.37,0.00,82177
532c8efa-25ea-1053-5370-61cfe5c90113,1985-07-18,,999-23-5876,S99940130,X63986145X,Mr.,Ernie189,Thiel172,,,M,white,nonhispanic,M,Weymouth  Massachusetts  US,113 Ryan Run Apt 14,Fall River,Massachusetts,Bristol County,25005,02721,41.62892566519434,-70.97959061933415,88042.97,82201.51,41360
6ab2a144-c211-b5dc-7a93-8df022212ec0,2015-07-07,,999-45-8732,,,,Annis955,Lebsack687,,,,asian,nonhispanic,F,Worcester  Massachusetts  US,509 Tromp Ranch,Newton,Massachusetts,Middlesex County,25017,02465,42.34060650424809,-71.16566089716449,12007.11,0.00,184762
95b97167-f9f9-d354-d43e-fd0cbe49e866,1964-06-18,,999-25-5111,S99946446,X60584402X,Mr.,Christoper325,Funk324,,,M,white,nonhispanic,M,Boston  Massachusetts  US,399 Ratke Branch Unit 39,Chelmsford,Massachusetts,Middlesex County,,00000,42.617612876560266,-71.41163229295707,23851.50,252227.41,22526
ff30e990-2c4b-67e1-2faf-316abd1f66a5,1990-12-20,,999-62-2689,S99941436,X16903474X,Mr.,Brice635,Cremin516,,,M,white,nonhispanic,M,Peabody  Massachusetts  US,854 Jast Branch,Greenfield,Massachusetts,Franklin County,25011,01301,42.56580936033981,-72.63780511869423,444768.96,356452.17,71864
ec5ebeb9-27d9-9a99-68d4-fa2b4f9ff63c,1936-05-11,2019-06-27,999-89-1612,S99993123,X42301351X,Ms.,Kimberly627,O'Keefe54,,,S,asian,nonhispanic,F,Norwell  Massachusetts  US,377 Leuschke Hollow Suite 57,Hamilton,Massachusetts,Essex County,,00000,42.58572514834182,-70.82723231510651,983798.09,623898.20,38231
f84de234-5718-392e-7d80-5121b1f7be10,1999-04-09,,999-75-6653,S99999623,X30373387X,Ms.,Beatriz277,VonRueden376,,,,white,nonhispanic,F,Brockton  Massachusetts  US,218 Hermann Way Apt 20,Boston,Massachusetts,Suffolk County,25025,02120,42.28025194696971,-71.09496346711843,48110.93,367943.61,26095
b94da4d1-5b50-3609-1f29-cf76fd7de1ae,1999-12-01,,999-95-8743,S99948302,X54749404X,Ms.,Yevette778,Ondricka197,,,,white,nonhispanic,F,Lowell  Massachusetts  US,997 Lebsack View Apt 65,Somerville,Massachusetts,Middlesex County,25017,02143,42.394232528747835,-71.15954870963012,50251.68,0.00,97084
932104c4-d0f6-69cc-8d61-0fd43c0857d0,1954-02-14,,999-44-7901,S99945055,X21283003X,Mr.,Davis923,Krajcik437,,,M,white,nonhispanic,M,Saugus  Massachusetts  US,267 Stokes Way,Arlington,Massachusetts,Middlesex County,25017,02476,42.42062303500071,-71.21248200862594,132642.64,173934.90,373087
afa40366-0fb5-0ebc-5f1f-dc2d18e92777,1963-04-05,,999-86-2707,S99977016,X2940692X,Mrs.,Stacie105,Murazik203,,Koepp521,M,white,nonhispanic,F,Melrose  Massachusetts  US,245 Prohaska Divide,Pembroke,Massachusetts,Plymouth County,,00000,42.03650375889066,-70.83338392327636,419306.58,852279.54,159574
5476eb3d-eaf4-5395-9833-9217667efd3e,1995-09-28,,999-48-8726,S99967064,X12794879X,Mr.,Raúl937,Guzmán14,,,M,white,hispanic,M,Marigot  Saint Andrew Parish  DM,838 Grimes Crossing Suite 29,Dartmouth,Massachusetts,Bristol County,,00000,41.53511772859384,-70.90832789131215,51815.64,12298.06,131093
02d8eb85-e296-fd19-80fa-0db291fff2d3,2011-03-27,,999-81-9532,,,,Paul232,Berge125,,,,black,nonhispanic,M,West Concord  Massachusetts  US,1028 Parisian Junction Unit 2,Watertown,Massachusetts,Middlesex County,25017,02472,42.40686134316045,-71.19797734827199,17574.55,201.12,50557
ddf90fd6-ed09-553d-0847-193880ce4e19,1936-05-11,2005-12-05,999-62-9225,S99963183,X80359978X,Mrs.,Rebekah348,King743,,Cronin387,M,asian,nonhispanic,F,Lee  Massachusetts  US,321 Leuschke Rapid,Hamilton,Massachusetts,Essex County,,00000,42.6295219466274,-70.89402664948139,1038774.40,413054.68,38231
9237e02e-f44d-61e3-bd0e-23b2243073f0,2008-10-10,,999-45-2330,,,,Noel608,O'Conner199,,,,asian,nonhispanic,M,Tewksbury  Massachusetts  US,604 Johnston Passage Suite 49,Springfield,Massachusetts,Hampden County,25013,01108,42.06959466365974,-72.5339486077199,21179.41,0.00,114689
26e1036e-4059-0af2-3a26-c79010837ef7,1954-03-16,,999-41-2140,S99919623,X15591200X,Mr.,Tyron580,Hilll811,,,M,black,nonhispanic,M,Boston  Massachusetts  US,122 Tromp Village Unit 53,Boston,Massachusetts,Suffolk County,25017,02467,42.31292943097574,-71.11782014938157,60324.87,116811.24,31871
5790c53f-1bbf-ff13-337e-0c595fc0e1ef,1975-05-31,,999-69-1649,S99941880,X78731127X,Mr.,Son314,Little434,,,S,white,nonhispanic,M,Natick  Massachusetts  US,827 Towne Dale Unit 1,Taunton,Massachusetts,Bristol County,25005,02718,41.9238223739216,-71.02216695241725,33548.47,7864.17,64116
e33370a9-9fd1-62ca-372d-78c958b213bb,2005-12-08,,999-10-8077,S99928747,,Ms.,Glenn0,Upton904,,,,white,nonhispanic,F,Norwood  Massachusetts  US,843 Botsford Key,Framingham,Massachusetts,Middlesex County,25017,01701,42.25961418973846,-71.42034538464169,3050.00,31336.84,13128
8861703f-315b-11e5-6e63-76334a868eef,2000-01-06,,999-58-1098,S99976044,X88595289X,Ms.,Mirian768,Thiel172,,,,white,nonhispanic,F,North Lakeville  Massachusetts  US,260 Weber Orchard Suite 87,Granville,Massachusetts,Hampden County,,00000,42.13105169866432,-72.90409463290463,209356.87,1993.63,93176
e472adb8-cba4-cfdc-0c0e-562e57cdcdaa,1960-10-27,,999-62-8901,S99922523,X25134730X,Mr.,Bret7,Bauch723,,,M,white,nonhispanic,M,North Scituate  Massachusetts  US,320 Heathcote Vale,Winchester,Massachusetts,Middlesex County,25017,01890,42.47420560131551,-71.17130556668532,18807.83,368200.66,6099
15a17745-d556-8868-4080-20731e0f3dbb,1984-06-10,,999-96-2425,S99929769,X66430757X,Ms.,Felipa93,Dickinson688,,,S,white,nonhispanic,F,Boston  Massachusetts  US,583 Wiegand Flat Suite 50,Springfield,Massachusetts,Hampden County,25013,01151,42.046927074109526,-72.51468479482428,253127.57,498999.80,55359
63d71e72-a1a6-fc1f-fc8f-eace15e81887,1976-12-29,,999-76-1780,S99911152,X86635393X,Mrs.,Carina240,Hodkiewicz467,,Roob72,M,black,nonhispanic,F,Lanesborough  Massachusetts  US,481 Armstrong Estate,Boston,Massachusetts,Suffolk County,25025,02116,42.354073759566745,-71.06411315482555,9611.24,433009.34,3846
8849139b-cf1a-26f2-eb74-c2a61f2fd922,2002-02-16,,999-21-8157,S99940405,X1039398X,Mr.,Ed239,Torphy630,,,,white,hispanic,M,Leominster  Massachusetts  US,332 Nicolas Harbor Apt 42,Essex,Massachusetts,Essex County,25009,01929,42.59137199299679,-70.79402311750275,27168.36,0.00,139222
8b49c7dc-70eb-ae2b-4c83-a6e414a0b7d8,1914-02-18,,999-32-3552,S99913345,X74399720X,Mr.,Dick869,Rempel203,,,M,black,nonhispanic,M,Amherst Center  Massachusetts  US,387 Murphy Fork Apt 64,Boston,Massachusetts,Suffolk County,25025,02122,42.36062673410373,-71.09184521288483,684342.65,1358199.78,51918
55816936-6cb8-c137-f0b0-519226f80edb,1958-10-12,,999-75-1251,S99913881,X36480518X,Mr.,Dexter530,Balistreri607,PhD,,M,asian,hispanic,M,Springfield  Massachusetts  US,558 Runolfsdottir Trail Unit 33,Somerville,Massachusetts,Middlesex County,25017,02145,42.371328258447654,-71.07653284982206,43462.58,286964.91,34966
00599fa6-3400-860a-66e6-8df845868d19,2020-08-18,,999-82-1934,,,,Maria750,Kohler843,,,,white,nonhispanic,F,Quincy  Massachusetts  US,339 O'Keefe Route,Marion,Massachusetts,Plymouth County,,00000,41.7072658518417,-70.74088286724363,600.00,9924.80,25390
af9d2bef-9b9c-e9af-4bc8-9ca2732e2ea9,2021-06-20,,999-79-6261,,,,Marlo857,Conroy74,,,,white,nonhispanic,F,Lowell  Massachusetts  US,212 Heaney Boulevard,Worcester,Massachusetts,Worcester County,25027,01604,42.287592838283324,-71.84615115070908,554.53,8894.40,23295
9c2521d3-0bf2-7efb-ae05-a909c58ef7e7,1936-05-11,2022-11-08,999-94-6127,S99982452,X43409402X,Ms.,Hermila490,Rodriguez71,,,S,asian,nonhispanic,F,Weymouth  Massachusetts  US,707 McClure Trafficway,Hamilton,Massachusetts,Essex County,,00000,42.64489820337119,-70.88197885939861,722688.60,1013352.03,38231
5ad652f9-70da-9c21-cdd4-4a50863ab1c6,1966-10-05,,999-40-3741,S99965523,X76845390X,Mr.,Johnnie679,Langworth352,,,D,white,nonhispanic,M,Tyngsborough  Massachusetts  US,1094 Medhurst Forge,Attleboro,Massachusetts,Bristol County,44007,02861,41.92771870217397,-71.2840361660128,102216.89,153169.57,95850
b80f6408-70c6-9f11-0ac6-f31004f5e7ca,1977-09-03,2012-02-25,999-91-3001,S99958219,X15705832X,Mr.,Reggie481,Schaden604,,,M,white,nonhispanic,M,Hamburg  Hamburg  DE,948 Rempel Lodge Apt 58,Peabody,Massachusetts,Essex County,25009,01940,42.4855719970306,-71.00894006476999,50333.21,0.00,80466
b3aa76f1-e698-7e3e-cbf4-260aebd1fd4d,1993-11-20,,999-73-2394,S99955848,X2955473X,Mr.,Ellis535,Feil794,,,M,white,nonhispanic,M,Sterling  Massachusetts  US,580 Osinski Rapid,Lowell,Massachusetts,Middlesex County,25017,01851,42.63838223728806,-71.35190360780857,56817.82,68631.21,35987
ebb6573f-e447-bc41-bcde-0cad3fc8e133,1977-01-10,,999-66-1046,S99992530,X55957496X,Mrs.,Fairy757,Johnson679,,Crona259,D,white,nonhispanic,F,Lynn  Massachusetts  US,246 Eichmann Dale,Bliss Corner,Massachusetts,Bristol County,,00000,41.591472871640256,-70.94734396506807,513751.72,711546.61,43828
5fd635dd-2604-371f-4aee-2a7c7437731c,2021-04-10,,999-22-3206,,,,Jeana169,Murray856,,,,white,nonhispanic,F,Chicopee  Massachusetts  US,1040 Cole Boulevard,Chelsea,Massachusetts,Suffolk County,25025,02150,42.446596739163695,-70.99060320610685,6853.88,0.00,50542
d2b639a0-390c-737f-e20c-6db947291d1c,1957-12-08,,999-63-9248,S99977558,X34797767X,Mrs.,Lesa839,Pollich983,,Weissnat378,M,white,nonhispanic,F,Haverhill  Massachusetts  US,808 Shanahan Union Suite 19,Lowell,Massachusetts,Middlesex County,25017,01850,42.631181913659624,-71.37111986152775,345114.41,1013349.88,126897
523d9fc2-00a3-706d-b2a1-b130a73531df,1936-05-11,2008-03-10,999-20-9978,S99973904,X88534828X,Mrs.,Carlyn477,Hilpert278,,Moen819,W,asian,nonhispanic,F,Manchester-by-the-Sea  Massachusetts  US,687 Casper Fort,Hamilton,Massachusetts,Essex County,,00000,42.612781611173446,-70.89780125054654,1292493.91,1132202.48,38231
b94503e0-3a80-8709-a637-244efce7904b,2005-08-10,,999-48-1776,S99981952,,Mr.,Alex454,Blick895,,,,white,nonhispanic,M,Worcester  Massachusetts  US,389 Cremin Common,East Longmeadow,Massachusetts,Hampden County,,00000,42.03384503815204,-72.49022219472536,37098.72,0.00,98344
6384ac97-5941-9a0f-479f-62908323c971,1999-02-27,,999-10-1321,S99983606,X67621941X,Ms.,Arica110,Yost751,,,,white,nonhispanic,F,Ashland  Massachusetts  US,1021 Stanton Esplanade,Boston,Massachusetts,Suffolk County,25025,02151,42.322145118676,-71.05121783903073,6350.15,390109.54,22467
83fd7339-bfcc-568b-e6db-e2740a62baa5,1972-08-26,,999-96-8384,S99974064,X58764327X,Mrs.,Towanda270,Blanda868,,Johnston597,M,white,nonhispanic,F,Douglas  Massachusetts  US,1053 Stanton Crossing Apt 81,Raynham,Massachusetts,Bristol County,,00000,41.896392978410255,-71.03052198752931,364641.27,1069103.63,405604
0b4b739c-c3e4-e837-139f-f844bb418c2a,1978-09-18,,999-10-2516,S99951023,X57061550X,Mr.,Drew592,Jones311,,,M,white,nonhispanic,M,Springfield  Massachusetts  US,337 O'Hara Junction,Natick,Massachusetts,Middlesex County,,00000,42.28236978168286,-71.38991570335793,75244.22,2752.87,79687
9d023881-9933-32bd-8698-308f28b45e66,2011-04-07,,999-80-4519,,,,Terry864,Towne435,,,,white,nonhispanic,M,Lynn  Massachusetts  US,877 Hills Trace Suite 19,Middleborough,Massachusetts,Plymouth County,,00000,41.89877665753425,-70.85433294206464,14897.14,6315.86,905492
e7c25cdd-a6da-a3be-b8ef-ab5da13e12a4,1977-09-03,,999-22-3608,S99957092,X16171457X,Mr.,Adan632,Cummings51,,,M,white,nonhispanic,M,Munich  Bavaria  DE,202 Schoen Track Unit 39,Peabody,Massachusetts,Essex County,25009,01960,42.511018337594535,-70.93350977905645,83563.86,63349.69,80466
f9adfe96-7a3b-bbfd-21f6-8859bd9f8d31,1970-05-17,,999-64-6525,S99982378,X12032168X,Mrs.,María Eugenia578,Garrido242,,Solorio55,M,white,hispanic,F,Salisbury  Saint Joseph Parish  DM,794 Larkin Bridge Suite 88,Chelmsford,Massachusetts,Middlesex County,,00000,42.590318052105744,-71.35470073154019,234697.71,638470.45,27185
8f4785aa-9e97-8649-7d1b-fcf9cae5836f,1977-03-06,,999-63-9963,S99988004,X84214800X,Ms.,Jeannetta566,Stiedemann542,,,S,asian,nonhispanic,F,Revere  Massachusetts  US,474 Kling Common,Somerville,Massachusetts,Middlesex County,25017,02144,42.37887945085005,-71.11911059108826,745775.64,62811.18,39116
10e6557d-793f-4fd5-81d6-b03f19ad5526,1999-01-12,,999-55-5985,S99968012,X36570533X,Mr.,Orlando897,Predovic534,,,,white,nonhispanic,M,Lynn  Massachusetts  US,460 Rippin Skyway Unit 88,Dudley,Massachusetts,Worcester County,,00000,42.082091925151914,-71.92060974624489,32750.61,12368.68,110059
5ef6b6f2-649c-3aca-f46b-4f8271376a3d,1996-07-19,,999-87-1262,S99955982,X60195459X,Ms.,Isobel140,Halvorson124,,,,white,nonhispanic,F,Southampton  Massachusetts  US,510 Ward Rest Suite 24,Brockton,Massachusetts,Plymouth County,25023,02301,42.073045736573434,-71.03133795360606,5485.55,70786.47,16536
6757fa9d-690b-7b15-3d34-644b59d97783,2015-08-29,,999-64-6757,,,,Woodrow571,Larkin917,,,,white,nonhispanic,M,Medway  Massachusetts  US,619 Haag Center,North Amherst,Massachusetts,Hampshire County,25015,01059,42.44826384763806,-72.5667804980759,16301.22,0.00,115807
b830b202-9630-2735-cd3f-4a695f2ae9f9,1973-10-05,,999-41-2322,S99911140,X1932304X,Mrs.,Glendora96,Kuphal363,,Klein929,D,white,nonhispanic,F,Marshfield  Massachusetts  US,1055 Hettinger Approach,Walpole,Massachusetts,Norfolk County,25021,02081,42.12548207861996,-71.27801447151201,365487.86,487821.14,50130
2bc8c9fc-3e47-d925-79b9-138a30c2e5b8,2005-08-22,,999-51-8246,S99980558,,Mr.,Horacio317,Conn188,,,,white,nonhispanic,M,Worcester  Massachusetts  US,373 Okuneva Well,Cordaville,Massachusetts,Worcester County,,00000,42.266414406511586,-71.56847725307215,34256.73,0.00,111481
0ba43215-e7f0-2c38-b02a-5b21d2661f94,1991-07-15,,999-48-8082,S99945865,X35436466X,Mr.,Tomás404,Figueroa648,,,M,white,hispanic,M,Port-au-Prince  Haiti  HT,643 Rohan Brook Unit 73,Revere,Massachusetts,Suffolk County,25025,02151,42.46943885995012,-70.97069354544486,38278.45,21058.62,85050
7a70cd0c-5491-5c71-47b9-3482a2cabca5,1962-10-13,,999-29-4030,S99988695,X16654941X,Mr.,Elisha578,Mraz590,,,M,white,nonhispanic,M,Springfield  Massachusetts  US,699 Schuppe Promenade Apt 91,Foxborough,Massachusetts,Norfolk County,25021,02035,42.06182614305316,-71.19997899731572,118593.67,69986.93,123152
26c7c109-8694-ef1c-b3e9-8fa7d8cea132,1936-05-11,,999-99-1987,S99928266,X75854734X,Mrs.,Merna69,Gutkowski940,,Weimann465,M,asian,nonhispanic,F,Milford  Massachusetts  US,960 Weber Flat,Hamilton,Massachusetts,Essex County,,00000,42.59025638331862,-70.81639956998023,576770.57,551373.92,38231
