Id,BIRTHDATE,DEATHDATE,SSN,DRIVERS,PASSPORT,PREFIX,FIRST,LAST,SUFFIX,MAIDEN,MARITAL,RACE,ETHNICITY,GENDER,BIRTHPLACE,ADDRESS,CITY,STATE,COUNTY,FIPS,ZIP,LAT,LON,HEALTHCARE_EXPENSES,HEALTHCARE_COVERAGE,INCOME
9496e458-ca96-f45e-4be8-157b343222bc,1999-05-30,,999-30-9605,S99919421,X76355540X,Mr.,Demarcus108,McGlynn426,,,,white,nonhispanic,M,Easton  Massachusetts  US,566 Auer Ferry Suite 29,Raynham,Massachusetts,Bristol County,,00000,41.93544211338112,-71.03742347349939,16163.09,770225.02,86453
574873f0-72fb-317c-2cbf-21e99f8bd3c5,1979-09-16,,999-16-6998,S99925908,X81784212X,Mrs.,Sara501,Madrigal893,,Alanis890,M,white,hispanic,F,Caracas  Capital District  VE,1069 Goyette Ramp,Beverly,Massachusetts,Essex County,25009,01915,42.562168359305595,-70.89368823996688,144016.54,749756.15,936639
6aa49e72-2419-3935-1371-f5383bbebf99,1965-11-15,,999-88-3003,S99926622,X51743896X,Mrs.,Yaeko585,Yost751,,White193,M,white,nonhispanic,F,Duxbury  Massachusetts  US,665 Bernier Highlands,Fitchburg,Massachusetts,Worcester County,25027,01420,42.58933276751371,-71.85701005300707,588538.57,253864.58,82623
80251b73-b7ba-c409-e56a-e0215cdafd21,1978-05-15,,999-86-5906,S99982057,X82355398X,Mrs.,Liberty95,Luettgen772,,Monahan736,M,black,nonhispanic,F,South Hadley  Massachusetts  US,409 Swaniawski Gardens Apt 39,Billerica,Massachusetts,Middlesex County,,00000,42.56722679501283,-71.288088522103,154172.12,485982.34,76702
1ddd9c8e-7960-3dcf-fe74-232088711295,1974-07-29,,999-42-7578,S99974765,X64723452X,Mr.,Royal919,Schowalter414,,,M,white,nonhispanic,M,Braintree  Massachusetts  US,854 Dietrich Dam Suite 30,Lowell,Massachusetts,Middlesex County,25017,01852,42.65710897794495,-71.34472525796242,59016.93,7282.97,31599
6f3f7049-4a93-8346-a796-242927e3e03c,1980-04-21,,999-83-8727,S99973678,X21361110X,Mr.,Cristian531,Rangel145,,,D,white,hispanic,M,Santiago de los Caballeros  Santiago  DO,557 Runte Branch Unit 64,Norwell,Massachusetts,Plymouth County,,00000,42.118521509548124,-70.7933036872888,54169.28,0.00,130855
22e00622-788a-485c-5e0a-441694d46831,1973-06-17,,999-79-6843,S99989176,X5212804X,Mr.,Alton320,Willms744,,,S,white,nonhispanic,M,Salisbury  Massachusetts  US,1093 Schoen Walk Suite 48,Medford,Massachusetts,Middlesex County,25017,02155,42.344995269066146,-71.13473091558592,98333.03,2169.03,109150
40a381fd-c3ff-42f8-7863-21e633405762,2011-01-15,,999-14-9296,,,,Len277,Cormier289,,,,white,nonhispanic,M,Middleborough  Massachusetts  US,289 Schinner Crossing Unit 41,Fall River,Massachusetts,Bristol County,25005,02724,41.67928525064078,-71.11237739473488,1900.00,23832.90,11540
e07e5e57-7dbc-0235-8e24-7334bc1cfbb4,1992-10-11,,999-25-3388,S99951985,X25675528X,Mr.,Coy949,Lueilwitz711,,,M,white,nonhispanic,M,Cambridge  Massachusetts  US,337 Jakubowski Hollow Apt 82,Brockton,Massachusetts,Plymouth County,25023,02302,42.136022703148555,-70.96377406722699,12239.81,56613.11,24565
d5a34d2d-6379-e5ee-ffac-151c90b94608,1969-09-11,,999-52-2796,S99989161,X62095841X,Mr.,Reuben327,Witting912,,,M,white,nonhispanic,M,Pittsfield  Massachusetts  US,793 Kunde Approach Apt 38,Shrewsbury,Massachusetts,Worcester County,,00000,42.32577010135351,-71.73408345462227,82582.44,24575.45,31191
a24858a1-3be2-bf7d-9939-8fc91947308d,1987-05-30,,999-81-8795,S99916931,X50034317X,Mrs.,Adrianne466,Hegmann834,,Goodwin327,D,white,nonhispanic,F,Longmeadow  Massachusetts  US,946 Breitenberg Meadow,Framingham,Massachusetts,Middlesex County,25017,01701,42.33657563881845,-71.43226278594027,155842.44,385618.27,177241
54f8cdc0-512c-e56c-9e1c-bd072c7841f1,1989-09-11,,999-94-2431,S99921418,X19716140X,Mrs.,Miranda712,Doyle959,,Huels583,M,white,nonhispanic,F,Boston  Massachusetts  US,730 Dare Light Suite 70,Malden,Massachusetts,Middlesex County,25017,02148,42.391230429341654,-71.02137996252641,271197.25,826921.91,125405
12b51977-62c3-e2e9-9d0d-acfba27ba5e1,1965-04-02,1968-03-29,999-93-2830,,,,Cassie490,Kuphal363,,,,white,nonhispanic,F,Belmont  Massachusetts  US,327 Fritsch Viaduct Apt 24,Rockland,Massachusetts,Plymouth County,,00000,42.151912047066695,-70.92643512595299,10834.40,18299.43,119176
eddf0898-667e-2d2e-4564-e54454ec45d6,2006-09-10,,999-71-4077,S99955354,,,Mitchell808,Deckow585,,,,white,nonhispanic,F,Taunton  Massachusetts  US,522 Zulauf Bypass Apt 36,Marlborough,Massachusetts,Middlesex County,25017,01752,42.35783211919173,-71.52168953390112,36013.83,25682.41,44345
108bc0e0-2e81-a11c-0f51-bf4023f81897,1935-12-02,2007-10-28,999-60-7377,S99970548,X42609073X,Mrs.,Veola813,Bechtelar572,,Weissnat378,M,white,nonhispanic,F,Hanover  Massachusetts  US,765 Wilkinson Lodge Apt 75,Woburn,Massachusetts,Middlesex County,25017,01801,42.519860987348366,-71.14181701752932,627398.29,321588.47,59146
11672f00-b241-e195-f216-9f3b9ac1af54,1965-04-02,,999-51-2221,S99943945,X79328436X,Ms.,Devin82,Beier427,,,S,white,nonhispanic,F,Randolph  Massachusetts  US,778 Kling Harbor,Rockland,Massachusetts,Plymouth County,,00000,42.17223374967595,-70.89156963927678,797477.21,5725378.16,119176
315e20f2-84de-4f9a-6f88-7c8234af92f8,1934-03-28,,999-42-5995,S99925138,X23508065X,Mrs.,Deandra603,Lubowitz58,,Gleason633,W,white,nonhispanic,F,Newton  Massachusetts  US,388 Doyle Annex Suite 56,Ashland,Massachusetts,Middlesex County,,00000,42.21920049875551,-71.49933494015949,1032921.04,541474.14,94646
6cafd6ca-d909-e5fc-1f73-f562ff4265dc,1998-02-16,,999-88-3665,S99916243,X88316569X,Ms.,Melanie283,Roberts511,,,,white,nonhispanic,F,Nantucket  Massachusetts  US,382 Orn Light Suite 30,Lenox,Massachusetts,Berkshire County,25003,01240,42.38359751031514,-73.25166204362647,137065.59,805241.37,57670
7674862a-304b-f38e-9757-1e412ad174bb,1935-12-02,,999-40-8315,S99988981,X87768905X,Mrs.,Leona665,Ruecker817,,Vandervort697,M,white,nonhispanic,F,Westfield  Massachusetts  US,571 Kub Vista Suite 75,Woburn,Massachusetts,Middlesex County,25017,01801,42.44135350950582,-71.17809557199635,1150588.58,1051263.83,59146
757df0a1-3c0b-7b13-dfbf-450a552a8e93,1989-07-28,,999-62-6176,S99961222,X61292286X,Mrs.,Toshia520,Considine820,,Weimann465,M,asian,nonhispanic,F,North Andover  Massachusetts  US,276 Mraz Trafficway,Wellesley,Massachusetts,Norfolk County,25021,02492,42.32918883758664,-71.31656028732034,237092.05,527237.30,152796
4eee777c-f171-13be-02c8-3eb1e5bcdcaf,2000-12-18,,999-72-9726,S99973564,X5705798X,Mr.,Rickey821,Bednar518,,,,white,nonhispanic,M,Weymouth  Massachusetts  US,933 Schneider Village Apt 16,Boston,Massachusetts,Suffolk County,25025,02127,42.35733932643006,-71.05635666874554,65290.03,9178.07,75226
68a12205-51d2-513c-f749-72e5722c23fc,1952-01-16,,999-86-9035,S99951656,X54244236X,Mrs.,Dara636,Adams676,,Quitzon246,M,white,nonhispanic,F,Worcester  Massachusetts  US,418 Haag Frontage road,Plympton,Massachusetts,Plymouth County,,00000,41.91088806369653,-70.77040210697601,336995.48,966079.71,151726
464f8339-2c92-ed12-8589-795c2c7c4974,2007-06-25,,999-94-1512,S99974639,,,Elmer371,Walsh511,,,,white,nonhispanic,M,Millbury  Massachusetts  US,365 Stracke Spur Unit 85,Goshen,Massachusetts,Hampshire County,,00000,42.48588646728827,-72.79994325938871,22422.55,0.00,104569
f4828f1a-10c4-06f6-8234-11746f3cec77,2005-11-20,,999-27-3755,S99958842,,Mr.,Domingo513,Bradtke547,,,,white,nonhispanic,M,Middleton  Massachusetts  US,415 Mertz Extension,East Bridgewater,Massachusetts,Plymouth County,,00000,42.06224851279888,-70.91040533180856,21456.23,296.99,45076
d17d9dd5-12e1-75df-2bca-5c3e6a661bbe,2003-10-10,,999-69-3171,S99987243,X30923000X,Ms.,Janett802,Nitzsche158,,,,asian,nonhispanic,F,Medfield  Massachusetts  US,372 Little Branch,Lexington,Massachusetts,Middlesex County,25017,02421,42.454879020692914,-71.26784849466915,3520.70,48206.50,3649
88249fad-64a5-ac97-0bca-bce115b7a679,1955-09-22,2020-12-27,999-52-7931,S99999668,X7244209X,Mrs.,Angeles319,Bradtke547,,Ernser583,M,white,nonhispanic,F,Faro  Algarve  PT,311 Shanahan Path Apt 24,Acushnet,Massachusetts,Bristol County,,00000,41.66897764285574,-70.93239564653973,1740683.67,873681.98,56774
806d394b-7d80-9507-3bcf-4b3d2e20d478,1943-02-23,1979-02-01,999-79-2014,S99942271,X22697500X,Mr.,Julius90,Stehr398,,,M,white,nonhispanic,M,Longmeadow  Massachusetts  US,680 Kozey Rue,Hinsdale,Massachusetts,Berkshire County,,00000,42.42599326606993,-73.1408026637118,369381.68,250383.25,53383
4be2ed89-5c95-0e6c-05e4-d30e128d2838,1978-11-29,,999-64-7156,S99910503,X5760571X,Mrs.,Selina302,Prosacco716,,Larson43,D,white,nonhispanic,F,New Bedford  Massachusetts  US,401 Oberbrunner Green Unit 20,Dighton,Massachusetts,Bristol County,,00000,41.78233801792052,-71.11250939854617,400735.38,203015.37,42007
1c4f5d6f-9198-a066-68f2-23eb8c7b287d,1955-09-22,,999-75-6350,S99958272,X64923363X,Ms.,Edward499,Rath779,,,S,white,nonhispanic,F,Sao Paulo  Sao Paulo  BR,804 Hickle Crossroad,Acushnet,Massachusetts,Bristol County,,00000,41.68255530095707,-70.94113566337299,658015.96,349965.29,56774
0319ee88-194b-3da6-53df-e64cd4537bd8,1943-02-23,1956-01-10,999-68-9501,,,,Jeffrey461,Romaguera67,,,,white,nonhispanic,M,Revere  Massachusetts  US,503 Roberts Rue Unit 53,Hinsdale,Massachusetts,Berkshire County,,00000,42.41440215997932,-73.08999941064411,23709.90,26108.06,53383
dbb4d9e8-6e74-4693-1add-4f288aef21b1,1969-03-15,,999-81-4628,S99982045,X63132159X,Mrs.,Kristina583,Wisoky380,,Heaney114,M,white,nonhispanic,F,Ayer  Massachusetts  US,698 Bartell Bypass,Westborough,Massachusetts,Worcester County,25027,01581,42.310885325622124,-71.56467495373764,15223.82,927323.37,15982
6eb635f7-c106-02da-13f0-00a24437a7f6,1967-10-14,,999-11-5771,S99969197,X37996838X,Mrs.,Kitty323,Klein929,,Block661,W,white,nonhispanic,F,Natick  Massachusetts  US,595 Runte Bypass,Charlton,Massachusetts,Worcester County,,00000,42.18222499977483,-71.94963782694087,260954.34,728722.59,557743
33875374-667e-bd66-d52f-29febd846824,1970-09-28,,999-89-6424,S99985228,X41198751X,Mr.,Erick204,Bartell116,,,M,white,nonhispanic,M,Boston  Massachusetts  US,471 Mayert Spur Apt 77,Cambridge,Massachusetts,Middlesex County,25017,02138,42.387310244793234,-71.03801890109212,506653.04,352668.45,53548
2f7e353b-83ee-f8ad-b656-33f304d89803,1943-02-23,,999-47-5685,S99928596,X9283892X,Mr.,Chi716,Grant908,,,M,white,nonhispanic,M,North Attleborough  Massachusetts  US,509 Bauch Bridge,Hinsdale,Massachusetts,Berkshire County,,00000,42.402980665474416,-73.09668793511959,156323.99,124178.79,53383
22c0fc91-184b-6fba-8e5c-a4c9a30cdad8,2001-02-25,,999-24-3745,S99924573,X17014208X,Ms.,Adrianna470,Howell947,,,,white,nonhispanic,F,Charlton  Massachusetts  US,443 Mohr Landing Suite 91,Upton,Massachusetts,Worcester County,25027,01568,42.20318194391828,-71.61271869262454,71274.85,159512.75,41758
56405403-df4d-00b2-a388-5941883b4861,1970-09-21,,999-93-4201,S99945936,X25019986X,Mr.,Perry780,Johns824,,,D,white,nonhispanic,M,Worthington  Massachusetts  US,785 Blick Center Apt 40,Randolph,Massachusetts,Norfolk County,25021,02368,42.169640602238616,-71.07143169764639,445258.35,449947.47,50791
2d308960-5e87-54b0-c263-851ca8c72c11,1954-07-29,,999-41-5452,S99912014,X22356131X,Mrs.,Gayla444,Batz141,,Miller503,D,white,nonhispanic,F,Holyoke  Massachusetts  US,1055 Ratke Dale Suite 64,Gardner,Massachusetts,Worcester County,25027,01440,42.615403537796,-71.9836098585701,1292977.59,331934.02,87116
b8bffb6d-ce2b-3842-78f7-f286668607eb,2017-08-08,,999-16-1723,,,,Jenni670,Olson653,,,,black,nonhispanic,F,Dennis  Massachusetts  US,716 Green Harbor Unit 13,Plymouth,Massachusetts,Plymouth County,25023,02360,41.93434482161311,-70.61600225080649,18734.50,5511.63,153969
5dde115e-92bc-fae4-6ea5-d1b7beae3b37,1965-08-02,,999-97-8162,S99911502,X17323953X,Mr.,Faustino767,Okuneva707,,,S,white,nonhispanic,M,Lawrence  Massachusetts  US,757 Smith Lane,Medford,Massachusetts,Middlesex County,25017,02155,42.40829982294748,-71.13257027561036,8721.10,80407.39,11609
91caddeb-dcda-ef0e-1b1a-d031944cb274,2009-05-25,,999-88-8514,,,,Garnet389,Durgan499,,,,white,nonhispanic,F,Brockton  Massachusetts  US,1066 Moore Mission,Brockton,Massachusetts,Plymouth County,25023,02351,42.11071708584857,-70.99465903984049,3602.66,359017.15,20544
56a8f7a6-d9c2-c8ed-11f2-3d41b9549e58,1998-07-27,,999-29-4210,S99956352,X89388512X,Mr.,Heriberto162,Beahan375,,,,asian,nonhispanic,M,Lowell  Massachusetts  US,438 Raynor Meadow Suite 91,Boston,Massachusetts,Suffolk County,25025,02116,42.381582115776375,-71.10494243307252,97820.51,1012880.03,144637
5007a0b1-39f6-1c7b-c793-76f5f046376a,2012-03-01,,999-30-2202,,,,Elmira442,Robel940,,,,white,nonhispanic,F,Stoneham  Massachusetts  US,191 Kreiger Gardens Suite 14,Barnstable,Massachusetts,Barnstable County,25001,02655,41.66536016885948,-70.20599421810046,14019.02,4148.55,495621
c25bfe42-17e6-c63c-1e11-5dcd67c52500,1992-10-05,,999-53-4539,S99915819,X70595939X,Mr.,Zachery872,Wunsch504,,,M,asian,nonhispanic,M,Busan  Busan  KR,271 Hettinger Mill,Burlington,Massachusetts,Middlesex County,25017,01730,42.46507689254384,-71.24294868563129,61058.78,144415.27,533561
1ea45ce7-a368-e05a-419e-4c4e50509186,2005-02-23,,999-57-1647,S99943097,,Ms.,Eura647,Jacobson885,,,,white,nonhispanic,F,Saugus  Massachusetts  US,955 Breitenberg Common,New Bedford,Massachusetts,Bristol County,25005,02743,41.525264543512634,-70.96444768292908,6205.22,730202.62,15221
2af5d85f-0266-702e-e7f1-0411f9127b08,1943-08-25,2007-02-06,999-74-5007,S99964771,X12434652X,Mr.,Otto672,Daniel959,,,M,white,nonhispanic,M,Salem  Massachusetts  US,682 Keeling Neck,Harwich,Massachusetts,Barnstable County,,00000,41.66298324262773,-70.10276317583859,664647.68,3208656.90,69257
940b6055-79bf-2449-63c7-752710eaea5d,1954-04-23,,999-14-1209,S99966722,X89002015X,Mr.,Lyndon118,Parisian75,,,M,white,nonhispanic,M,Chicopee  Massachusetts  US,692 Ruecker Trail,Lynn,Massachusetts,Essex County,25009,01901,42.47934496990083,-70.90330300249792,112692.20,35173.93,76762
38429d4c-3927-b99e-8a52-c12b166d5087,1980-01-18,,999-47-6111,S99997682,X66480847X,Mrs.,Maragaret140,Swift555,,Blick895,M,white,hispanic,F,Fall River  Massachusetts  US,676 White Trace,Cambridge,Massachusetts,Middlesex County,25017,02472,42.39275682196721,-71.06569766073078,162766.43,758335.40,61321
5b8efd79-b3bb-9219-bf42-30d70d0c3293,1954-08-21,,999-25-1258,S99969208,X51139245X,Mrs.,Jonie421,Yundt842,,Steuber698,M,white,nonhispanic,F,Uxbridge  Massachusetts  US,790 Braun Park Suite 7,Worcester,Massachusetts,Worcester County,25027,01583,42.40440280029615,-71.75344868480535,995655.16,603326.91,62837
110d3098-08c0-9bd9-1799-b4abbba8a568,2010-06-20,,999-58-7554,,,,Daniela614,Stracke611,,,,white,hispanic,F,North Falmouth  Massachusetts  US,400 Homenick Quay Unit 40,East Longmeadow,Massachusetts,Hampden County,,00000,42.06356628362145,-72.48103813387102,1931.93,19455.68,19936
67b320e1-dae3-81b1-26c0-8f94735708b6,1962-06-11,,999-99-2741,S99953439,X24499258X,Mr.,Karl184,Sporer811,,,M,white,nonhispanic,M,Revere  Massachusetts  US,861 Runte Heights,Waltham,Massachusetts,Middlesex County,25017,02451,42.3554809534165,-71.24117772217636,111141.71,117946.97,36166
a334b27f-0e5c-a05a-8ebc-24ef9949d183,1966-09-20,,999-24-6160,S99911442,X79772058X,Mr.,Rickie717,Lind531,,,M,white,nonhispanic,M,Methuen  Massachusetts  US,833 Mohr Rest,Boston,Massachusetts,Suffolk County,25025,02134,42.36473955172902,-71.00427992339038,140903.32,17795.30,71970
051e13af-a853-fd7f-7054-f30b27f9db38,1944-12-09,,999-32-5576,S99985362,X3063720X,Mrs.,Jacklyn830,Gerhold939,,Lemke654,W,black,nonhispanic,F,Marion  Massachusetts  US,525 Bashirian Tunnel,Winthrop,Massachusetts,Suffolk County,25025,02128,42.37503796089681,-70.92629609986744,17300.99,1098706.92,21658
0ecd02d7-5740-db7b-005e-97993afa23a1,1982-11-23,,999-75-2157,S99995129,X21231004X,Mr.,Albert312,Okuneva707,,,M,white,nonhispanic,M,Nizhny Novgorod  Nizhny Novgorod Oblast  RU,392 Stamm Trafficway Unit 31,Westport,Massachusetts,Bristol County,,00000,41.5912800059971,-71.08688404191906,425421.32,391321.61,62375
9387a83d-7461-6cd2-44b6-d539c7a0657f,1943-08-25,,999-70-8173,S99924397,X54351752X,Mr.,Santiago500,Beer512,,,W,white,nonhispanic,M,Franklin  Massachusetts  US,248 Green Burg,Harwich,Massachusetts,Barnstable County,,00000,41.715271087207505,-70.11453612007415,191644.29,115230.60,69257
e909830d-3c36-d0f1-8043-ac408a0565e8,1977-04-04,,999-70-2375,S99974195,X67831597X,Mrs.,Amalia471,Wuckert783,,Keebler762,D,white,nonhispanic,F,Middleton  Massachusetts  US,588 Torp Dale Apt 73,Bellingham,Massachusetts,Norfolk County,25021,02019,42.10917692227,-71.44061312386381,256362.29,577991.38,147994
6137fe27-0d43-0742-f9ef-77a293319f4b,1973-02-18,,999-91-1983,S99921186,X25595545X,Mr.,Mike230,Weimann465,,,M,black,nonhispanic,M,Burlington  Massachusetts  US,288 Doyle Port Suite 37,Marlborough,Massachusetts,Middlesex County,25017,01752,42.3301285828022,-71.55262996933328,66684.34,49982.82,83581
46280f74-5dc8-674f-67cc-79cc48f78cc6,1978-10-06,,999-48-7133,S99956304,X65702600X,Mrs.,María José279,Valle770,,Feliciano160,M,white,hispanic,F,Juarez  Chihuahua  MX,258 DuBuque Haven,Woburn,Massachusetts,Middlesex County,25017,01890,42.43882566495246,-71.13111922632253,74152.38,74839.59,168715
735e991d-fdf1-77bf-8841-f5897bfaac72,2007-02-04,,999-31-4632,S99920113,,,Rodrigo242,Powlowski563,,,,black,hispanic,M,Watertown  Massachusetts  US,915 Blanda Center,Lawrence,Massachusetts,Essex County,25009,01840,42.72116904073098,-71.20526008618778,6350.00,742930.22,16007
6eac5644-41e4-f6f9-6464-812b2b97b6f4,1939-08-20,2023-08-29,999-68-8351,S99946151,X13691355X,Mr.,Simon598,Runte676,,,M,white,hispanic,M,Oxford  Massachusetts  US,640 Moen Avenue Suite 10,Lynn,Massachusetts,Essex County,25009,01904,42.456762019104936,-71.01429135393707,170830.44,635799.25,73032
7425ec82-b261-b323-fe3c-38bb765d952c,1963-02-03,,999-73-3592,S99924552,X21372817X,Mrs.,Janyce124,Friesen796,,Sawayn19,W,black,nonhispanic,F,Danvers  Massachusetts  US,671 Streich Forge Suite 36,Brockton,Massachusetts,Plymouth County,25023,02301,42.09121147473279,-70.93665394295473,329413.03,382882.66,28124
92bb1a3a-dc1d-941d-da2d-b65cbbeeedd3,1981-03-18,,999-94-1806,S99932477,X9859236X,Mrs.,Bambi5,Zieme486,,Harvey63,W,black,nonhispanic,F,Paris  Ile-de-France  FR,608 Carter Hollow Unit 23,Boston,Massachusetts,Suffolk County,25025,02128,42.32080905687369,-71.07190911499306,13993.45,924993.83,14995
d5de299e-3c2b-6fd1-f4b0-73d148a81aad,1939-08-20,2010-05-09,999-75-3663,S99978595,X77526109X,Mr.,Kenny207,Batz141,,,M,white,hispanic,M,Gardner  Massachusetts  US,1008 Wiegand Mall Unit 16,Lynn,Massachusetts,Essex County,25009,01902,42.48109468009639,-70.9369148131001,145927.26,220803.49,73032
7a43a51a-d9c1-bbf3-a493-f226b05048ac,1969-07-06,,999-95-6630,S99915199,X53457174X,Mrs.,Ali918,Green467,,Cummings51,M,white,nonhispanic,F,Wareham  Massachusetts  US,377 Howe Divide Unit 87,Beverly,Massachusetts,Essex County,25009,01915,42.53418254879281,-70.84425474936145,206205.07,421246.39,329561
f952f8f5-f309-73b5-9b1e-b671d112f004,2002-01-10,,999-12-5577,S99989687,X41886151X,Ms.,Suzette512,O'Keefe54,,,,white,nonhispanic,F,Westfield  Massachusetts  US,811 Wilkinson Village,Easthampton,Massachusetts,Hampshire County,25015,01027,42.26938150335859,-72.78405217226518,34112.94,14041.19,71991
7c226b55-dcc8-2e93-e05a-27fbba185873,1939-08-20,1999-08-18,999-47-1021,S99969733,X28881295X,Mr.,Dong972,Crist667,,,S,white,hispanic,M,Boston  Massachusetts  US,175 Dare Rapid,Lynn,Massachusetts,Essex County,25009,01902,42.48764952219576,-71.01879408899703,169017.05,14936.27,73032
7818f950-2e55-25a1-726b-41bdd56b8401,1965-09-12,,999-10-5552,S99942688,X8798283X,Mrs.,Toccara373,Rosenbaum794,,Langosh790,M,white,nonhispanic,F,Lincoln  Massachusetts  US,1092 Bergstrom Quay,Northampton,Massachusetts,Hampshire County,25015,01053,42.29265264052232,-72.63020508381274,130307.39,264593.22,25307
72f8db63-9528-2d60-1dad-6d6b994a0cc3,1961-01-02,,999-24-1923,S99923759,X7137122X,Mr.,Hosea56,Mayer370,,,M,black,hispanic,M,Boston  Massachusetts  US,268 Mitchell Alley Apt 45,Westborough,Massachusetts,Worcester County,25027,01581,42.25723454104408,-71.64157175371874,270743.00,629404.37,26547
55b0c1cd-2bd7-461d-7222-13d942e1295a,1996-03-28,,999-42-1572,S99931316,X63653304X,Mr.,Gabriel934,Henríquez109,,,S,white,hispanic,M,Guatemala City  Guatemala  GT,552 Torphy Landing Apt 81,Boston,Massachusetts,Suffolk County,25025,02110,42.31745285460199,-71.1286318715282,39581.87,9125.28,315712
c82fef1a-7622-38fe-9ab9-9a5462136603,1982-08-02,,999-72-6300,S99988775,X5043405X,Mrs.,Opal236,Wisozk929,,Hoeger474,D,white,nonhispanic,F,Beverly  Massachusetts  US,808 Durgan Row,Natick,Massachusetts,Middlesex County,,00000,42.240228621832394,-71.37875355824195,248419.04,1600.43,50314
b8d20df8-6edc-adb6-11c2-2629786220ca,1982-10-15,,999-15-1951,S99918090,X53768443X,Mr.,Shelby741,Collier206,,,S,asian,nonhispanic,M,Bangalore  Karnataka  IN,940 Bernhard Orchard,Holyoke,Massachusetts,Hampden County,25013,01040,42.22845619881047,-72.6500292460113,75744.72,798.78,40445
a9a19843-448e-a01e-de26-6051dfb99eb2,2010-11-14,,999-64-6270,,,,Cornelius968,Sanford861,,,,black,hispanic,M,Rehoboth  Massachusetts  US,904 Gusikowski Key,Boston,Massachusetts,Suffolk County,25025,02136,42.327047363770184,-71.06999795843876,8028.13,19180.26,70808
3147e59e-aea8-f851-cd24-789f2875d0b8,1939-08-20,2010-07-04,999-72-2682,S99923328,X6204829X,Mr.,Octavio643,Armstrong51,,,M,white,hispanic,M,Boston  Massachusetts  US,495 Predovic Track,Lynn,Massachusetts,Essex County,25009,01902,42.516426629430924,-70.8986151249511,174319.19,129345.42,73032
4063f743-97b3-741a-ff21-54dbf4eea107,1948-03-27,,999-65-4551,S99946992,X28689105X,Mr.,Albert312,Goyette777,PhD,,M,white,nonhispanic,M,Braintree  Massachusetts  US,175 Hermiston Rest Suite 16,Reading,Massachusetts,Middlesex County,25017,01801,42.50191848193835,-71.15327645826974,119353.45,163005.59,143226
e5e1c6f8-4d6d-3a33-205a-1a944d94db3b,1972-01-06,,999-39-4701,S99999883,X58588442X,Mr.,Seth414,Graham902,,,D,white,hispanic,M,Sagamore  Massachusetts  US,754 Keeling Orchard,Winthrop,Massachusetts,Suffolk County,25025,02128,42.333244177316786,-71.00936619636094,98721.05,190725.94,38351
a50c2710-7727-c8b2-6c55-333e90ba4d24,2001-04-23,,999-10-3393,S99982865,X77571912X,Ms.,Allie437,Volkman526,,,,white,nonhispanic,F,Northampton  Massachusetts  US,868 Bergnaum Trafficway Suite 94,Brookline,Massachusetts,Norfolk County,25021,02445,42.30747594733767,-71.10046423312275,59892.85,169296.60,189599
d6a79398-f684-b6a2-4753-c04c11d813e0,1962-05-17,,999-12-6803,S99997424,X15111477X,Mrs.,Shea825,Langosh790,,Murazik203,M,white,nonhispanic,F,Chicopee  Massachusetts  US,344 Rogahn Viaduct,Carver,Massachusetts,Plymouth County,,00000,41.85485490104377,-70.72577101215218,440932.70,1558742.25,125918
aef4d8f6-1aab-c416-86ea-c30a0c05baf6,1979-12-21,,999-39-7370,S99953352,X68675602X,Mrs.,Eleonora961,Lubowitz58,,Jerde200,M,black,nonhispanic,F,Danvers  Massachusetts  US,834 Schinner Quay Suite 12,Worcester,Massachusetts,Worcester County,25027,01609,42.21428353810113,-71.85695750449379,605689.86,34805.47,90574
e21fe751-8f41-e95e-2933-38a51b3307ce,1951-11-18,2015-03-16,999-20-8569,S99966798,X67786595X,Mrs.,Katharina121,Jaskolski867,,Kunde533,M,white,nonhispanic,F,Turners Falls  Massachusetts  US,986 Nitzsche Track Apt 8,Wareham,Massachusetts,Plymouth County,,00000,41.75390992199818,-70.74415191606941,1253292.74,748262.13,88948
d9d3a19f-6d9a-7396-ed2d-bcdf720cdbf8,1970-01-29,,999-81-9324,S99969327,X40862115X,Mr.,Phillip440,Cormier289,,,M,white,nonhispanic,M,Westminster  Massachusetts  US,470 Kohler Haven,Ashburnham,Massachusetts,Worcester County,,00000,42.60027912242642,-71.9317892119271,86420.33,11089.93,66185
a9d72516-fe83-6b22-b712-8d2528174c13,1994-01-18,,999-20-6439,S99927970,X22356554X,Mr.,Murray856,Schiller186,,,M,white,nonhispanic,M,Boston  Massachusetts  US,153 Prohaska Annex,West Bridgewater,Massachusetts,Plymouth County,,00000,42.011424533007926,-71.05731319348456,4071.10,30187.09,17495
90a26b92-004a-3c4b-ac90-8b2732a99086,1989-09-03,,999-69-5539,S99933657,X612897X,Mr.,Kieth891,Klein929,,,M,white,nonhispanic,M,Lowell  Massachusetts  US,214 Smitham Rest Suite 88,Quincy,Massachusetts,Norfolk County,25021,02186,42.21404037490388,-71.08351159573847,35955.89,24873.38,27054
f918c16e-3c2d-8bf0-173b-36112c1f1d73,1951-11-18,1983-08-11,999-99-2306,S99949090,X47609722X,Ms.,Casimira119,Hoeger474,,,S,white,nonhispanic,F,Methuen  Massachusetts  US,1016 Carter Highlands,Wareham,Massachusetts,Plymouth County,,00000,41.7295759512294,-70.74193919261138,58247.38,397638.81,88948
121f2926-d6f9-963f-9844-0db4629c47bb,1929-12-03,2003-05-09,999-10-6513,S99950886,X56318633X,Mr.,Carlos172,Atencio773,,,M,white,hispanic,M,La Paz  Baja California  MX,218 Ward Heights Apt 28,Marshfield,Massachusetts,Plymouth County,25023,02050,42.08800335452303,-70.72201248234636,28111.37,443242.99,138019
c3e9baa2-db08-6a91-3bd2-af937b25942f,1969-02-06,,999-23-1569,S99937565,X14433382X,Mrs.,Katharine125,Jast432,,Rolfson709,D,white,nonhispanic,F,Boston  Massachusetts  US,146 Witting Orchard,Pepperell,Massachusetts,Middlesex County,25017,01463,42.69988711600949,-71.61526763371299,18642.59,1851693.18,5256
bbe6678a-a03f-73d9-a839-0b31989e9f95,1939-08-20,2017-09-25,999-68-3099,S99944321,X42294660X,Mr.,Michale231,Smith67,,,M,white,hispanic,M,Worcester  Massachusetts  US,174 O'Keefe Alley,Lynn,Massachusetts,Essex County,25009,01940,42.50634852418049,-70.97615258073714,369015.22,670602.09,73032
8b7fd60d-f718-7214-565d-35465392b6dd,1929-12-03,1988-02-02,999-86-5427,S99949957,X81782927X,Mr.,Gregorio366,Hidalgo930,,,M,white,hispanic,M,Carolina  Puerto Rico  PR,465 Heaney Trail Suite 9,Marshfield,Massachusetts,Plymouth County,25023,02050,42.15585028260147,-70.69216813328191,106254.50,76297.49,138019
d556b90a-f98f-413d-c753-603ad620f332,1984-02-27,,999-16-5840,S99973312,X77054624X,Mrs.,Ute382,Littel644,,Kling921,D,white,nonhispanic,F,Boston  Massachusetts  US,666 Swaniawski Ferry,Watertown,Massachusetts,Middlesex County,25017,02472,42.32214080579181,-71.22649747564809,334735.46,1395882.03,54942
e9395a32-53b9-83e2-59a1-e43c44865b2a,1939-08-20,1990-04-24,999-91-2029,S99947675,X42813454X,Mr.,Bennett146,Reinger292,,,M,white,hispanic,M,Plymouth  Massachusetts  US,225 Weber Trafficway Apt 56,Lynn,Massachusetts,Essex County,25009,01902,42.462986023102324,-70.95490611131012,129380.87,0.00,73032
7cd56181-ec9a-a1fd-0eef-07a732f9f835,1984-01-12,,999-35-1895,S99963651,X64073676X,Mr.,Bud153,Daugherty69,,,M,white,nonhispanic,M,Bridgewater  Massachusetts  US,345 Welch Port,Seekonk,Massachusetts,Bristol County,,00000,41.88791210213205,-71.34931564659603,44277.47,3702.15,298624
4b257e9c-67b5-caf4-04ad-2b91ed053b45,1929-12-03,1986-10-14,999-43-3129,S99950986,X63382390X,Mr.,Antonio44,Vargas494,,,M,white,hispanic,M,Havana  Havana  CU,142 Romaguera Ranch Unit 92,Marshfield,Massachusetts,Plymouth County,25023,02050,42.13097639353766,-70.68832689286407,77188.73,74482.53,138019
47178e75-b2e5-e8a9-01b7-c3c665088136,1950-06-01,,999-18-5779,S99992980,X77138804X,Mr.,Kenny207,Langosh790,,,D,white,nonhispanic,M,Cochituate  Massachusetts  US,561 Hackett Lodge Unit 43,Fairhaven,Massachusetts,Bristol County,,00000,41.63542826404282,-70.91984762183017,632200.71,464281.04,58322
7cf22d79-e7e9-9096-41b9-cbbb69f24a7a,1929-12-03,2004-04-03,999-53-8991,S99966410,X25029221X,Mr.,Jacobo456,Mojica921,,,M,white,hispanic,M,San Jose  San Jose  CR,1091 Franecki Union,Marshfield,Massachusetts,Plymouth County,25023,02050,42.1151416359669,-70.66397325973121,127218.18,131722.04,138019
9480094e-d80a-7d09-3ad7-1a05dbf34b92,1952-04-02,,999-77-5072,S99985158,X68425323X,Mrs.,Sherron201,Price929,,Lesch175,M,white,nonhispanic,F,Charlton  Massachusetts  US,462 Rempel Overpass Apt 24,Carver,Massachusetts,Plymouth County,,00000,41.86221263967055,-70.71247964979177,1222853.32,1132842.97,37258
19578c65-00ad-8c46-fdb8-90113e5ecef5,1950-12-15,,999-57-9121,S99955742,X63672933X,Mrs.,Evette961,Aufderhar910,PhD,Lind531,M,white,nonhispanic,F,Wilmington  Massachusetts  US,303 Spinka Port Suite 17,Chatham,Massachusetts,Barnstable County,25001,02633,41.72516999062979,-69.99483825758539,592155.49,153034.99,99664
6d6783ec-1100-ad00-9ad2-0056d31f7fbc,1929-12-03,,999-79-2391,S99923745,X3290298X,Mr.,Antonio44,Rocha983,,,M,white,hispanic,M,Bayamon  Puerto Rico  PR,1097 Konopelski Road,Marshfield,Massachusetts,Plymouth County,25023,02050,42.09916299052961,-70.7557421601456,197702.87,430978.55,138019
a3b23b10-067a-580e-df77-8255b1f0a033,1931-05-20,,999-59-9667,S99931252,X56791540X,Ms.,Vonnie403,Emard19,,,S,white,nonhispanic,F,Boston  Massachusetts  US,891 Oberbrunner Boulevard Apt 30,East Dennis,Massachusetts,Barnstable County,25001,02641,41.70192220339502,-70.20083503502201,618231.07,306429.20,86806
914071d7-5a4d-27a4-d479-f1298f1d4f06,1975-04-17,,999-67-3591,S99918627,X74724551X,Mrs.,David908,Beier427,,Bergstrom287,D,white,nonhispanic,F,Westborough  Massachusetts  US,607 Huel Neck,Worcester,Massachusetts,Worcester County,25027,01602,42.20662354593773,-71.76470725512408,14840.38,1406057.94,10548
d70d329b-dc52-bae4-64c0-d2d8a5726148,1988-11-22,,999-86-1316,S99973039,X20544084X,Ms.,Ester635,Altenwerth646,,,S,white,nonhispanic,F,Watertown  Massachusetts  US,531 Shields Vista,Cambridge,Massachusetts,Middlesex County,25017,02138,42.41419394203566,-71.04478827268773,190767.66,357666.81,73729
ce41282f-5e43-3e4a-72eb-05f2878939ea,1939-08-20,,999-58-6517,S99949660,X55999485X,Mr.,Javier97,Smith67,,,M,white,hispanic,M,Acton  Massachusetts  US,647 Nader Passage,Lynn,Massachusetts,Essex County,25009,01907,42.49903643356314,-71.07841280967679,167262.28,293516.95,73032
4a7601cb-7994-8243-0a4c-0cd5e65134b5,1973-09-30,,999-41-2222,S99915988,X40323259X,Ms.,Lyndia317,Jacobs452,,,S,native,nonhispanic,F,Haverhill  Massachusetts  US,860 Brakus Dale,Newburyport,Massachusetts,Essex County,25009,01951,42.78795970700348,-70.92153197900821,1385217.38,605817.02,120221
706f172d-3736-3e80-8a9b-16628b578ee9,2002-07-31,,999-47-1207,S99999092,X53043555X,Ms.,Karisa693,Mraz590,,,,white,nonhispanic,F,Needham  Massachusetts  US,252 Bode Glen Suite 58,Westwood,Massachusetts,Norfolk County,,00000,42.19247994364498,-71.25245468384352,39843.87,1469.16,150917
c9dcc1ac-86b5-9e58-41a8-3f93ca817185,1971-08-15,,999-46-1507,S99957620,X26973969X,Mrs.,Jacqulyn231,Mueller846,,Wunsch504,D,white,nonhispanic,F,Sudbury  Massachusetts  US,924 Hegmann Ranch,Norwood,Massachusetts,Norfolk County,25021,02090,42.20042234378942,-71.24873774998203,26877.43,1538462.11,9123
fd18f97d-7680-81c9-b70c-11a10ebd9a7f,1952-09-16,2014-02-25,999-85-1087,S99979605,X86619335X,Mrs.,Robbyn526,Cruickshank494,,Ullrich385,M,white,nonhispanic,F,Sharon  Massachusetts  US,618 Sanford Fort Apt 42,Mansfield Center,Massachusetts,Bristol County,,00000,41.9955342778886,-71.21585499674366,336957.26,64870.78,42684
ac62aa64-ff56-1cc6-7f26-1179e3a55fa9,1965-05-26,,999-59-9705,S99999529,X37416322X,Mr.,Mel236,Abbott774,,,S,white,nonhispanic,M,Newton  Massachusetts  US,193 Lueilwitz Route,Hampden,Massachusetts,Hampden County,,00000,42.092609033519615,-72.39621988818922,8385.55,84914.61,19720
18392b43-e12d-50a3-a854-4b762bca04b3,1939-10-04,1991-10-26,999-25-3105,S99946230,X66517255X,Mr.,Andreas188,Monahan736,,,S,white,nonhispanic,M,Cambridge  Massachusetts  US,536 Rice Meadow,North Adams,Massachusetts,Berkshire County,25003,01247,42.66328897394365,-73.11829965362982,108780.65,0.00,38864
492e8985-1419-c929-1c3a-1ef74c87aa8b,1951-11-18,,999-43-2215,S99965421,X85705522X,Mrs.,Sydney660,Breitenberg711,,Shanahan202,M,white,nonhispanic,F,Westport  Massachusetts  US,272 Lesch Corner Suite 2,Wareham,Massachusetts,Plymouth County,,00000,41.79471184162464,-70.67029978520758,1935839.71,1397811.67,88948
1cbc86b7-7d98-674f-c372-5f705f853884,1942-10-15,,999-13-6976,S99999632,X41545230X,Mr.,Chung121,Douglas31,,,S,white,nonhispanic,M,Somerset  Massachusetts  US,166 Dare Station Apt 89,Millis,Massachusetts,Norfolk County,,00000,42.14286657223825,-71.37670160778053,112437.63,909214.20,166016
210edd66-e5c5-3f75-9084-3a5f53c02685,2012-07-26,,999-68-6363,,,,Omer483,Gulgowski816,,,,black,nonhispanic,M,Yarmouth  Massachusetts  US,912 Kub Gateway Suite 60,Pittsfield,Massachusetts,Berkshire County,25003,01201,42.474949661575856,-73.29913089566202,1550.00,21416.84,25592
96b0af00-eca9-1d0d-71e9-c9ed6b66208c,1939-10-04,,999-75-3122,S99976165,X84422419X,Mr.,Robert854,Stehr398,,,M,white,nonhispanic,M,Webster  Massachusetts  US,1098 Hirthe Frontage road Suite 43,North Adams,Massachusetts,Berkshire County,25003,01247,42.670421039356626,-73.04788410342303,97736.23,211229.46,38864
2b3a96d2-1418-c445-b832-2a5a3cf62a80,2003-05-17,,999-49-4724,S99957568,X47019534X,Ms.,Miriam769,Schultz619,,,,white,nonhispanic,F,Pittsfield  Massachusetts  US,932 Carroll Corner Unit 63,Chelmsford,Massachusetts,Middlesex County,,00000,42.61465117621913,-71.40304191928058,35414.78,10099.93,112230
9df1793d-e272-e91e-d321-7d2678cf1d69,1952-09-16,,999-28-8054,S99996147,X87493155X,Mrs.,Toshia520,Schowalter414,,Johns824,M,white,nonhispanic,F,New Bedford  Massachusetts  US,1095 Konopelski Meadow,Mansfield Center,Massachusetts,Bristol County,,00000,42.04116542668721,-71.21293230294972,342296.54,1090652.52,42684
04fa52cd-5143-6d04-62cc-c2bfa70ac03e,2018-03-17,,999-80-9125,,,,Janyce124,Walsh511,,,,white,nonhispanic,F,Littleton  Massachusetts  US,573 Gerlach Skyway Suite 16,Barnstable,Massachusetts,Barnstable County,25001,02637,41.652770895924554,-70.40516168856206,2849.26,16965.80,3618
76366a23-0c01-acd2-1b3c-c7987fcb3e71,2012-04-23,,999-62-9419,,,,Ethel888,Emard19,,,,white,nonhispanic,F,North Adams  Massachusetts  US,671 Balistreri Skyway Apt 66,Lawrence,Massachusetts,Essex County,25009,01843,42.754773074981834,-71.16452823648903,22236.69,0.00,74280
884b0663-5d73-2d7e-a0b1-9e23f992b8d3,2003-07-08,,999-71-8044,S99957180,X49388855X,Ms.,Genevie117,Lueilwitz711,,,,white,hispanic,F,North Andover  Massachusetts  US,1096 Lockman Promenade,Boston,Massachusetts,Suffolk County,25025,02152,42.294838537418215,-71.0694055442967,43442.63,2588.47,50462
ef9c1a7c-ee51-b413-5677-3a10b51e458c,2009-05-23,,999-79-7836,,,,Germaine912,Bashirian201,,,,black,nonhispanic,F,Rehoboth  Massachusetts  US,378 Crona Underpass,Brookline,Massachusetts,Norfolk County,25017,02467,42.31883599816604,-71.17195135106444,20943.83,1861.71,47079
babd49e3-6767-7cae-ee57-31e7e3cc01b5,1949-04-03,,999-25-6824,S99922009,X48451097X,Ms.,January966,Hilpert278,,,S,white,nonhispanic,F,Springfield  Massachusetts  US,956 Barton Manor,North Attleborough,Massachusetts,Bristol County,,00000,41.94638669421695,-71.34843356210094,78733.55,205423.29,444852
d7500748-2693-cd85-b85d-f4fb91ec68f2,1951-02-20,1990-10-11,999-22-5483,S99989639,X21874106X,Mr.,Jarod376,Stoltenberg489,,,D,black,nonhispanic,M,Quincy  Massachusetts  US,995 Nolan Port Apt 78,Norwood,Massachusetts,Norfolk County,25021,02062,42.1965488916588,-71.24579115687753,60213.21,0.00,117763
f5424235-db89-ac85-b6ba-2882a8fa2c19,1951-02-20,,999-20-7553,S99943818,X10797835X,Mr.,Elbert916,Beer512,,,M,black,nonhispanic,M,Sudbury  Massachusetts  US,932 Olson Branch Unit 43,Norwood,Massachusetts,Norfolk County,25021,02090,42.23493965997935,-71.15435141004657,108925.22,224349.34,117763
1a88a8b5-8793-03dc-af6c-ab9635c1eb4f,1952-10-12,2010-10-17,999-94-7441,S99973730,X55447539X,Mr.,Adán600,Olivárez848,,,M,asian,hispanic,M,Kingston  Kingston  JM,903 Volkman Key Unit 3,Needham,Massachusetts,Norfolk County,25021,02492,42.3145303988842,-71.20581948564873,59742.55,620624.15,52997
1c753b0b-56cb-f3eb-c850-adcd85388e51,1949-01-16,2017-02-13,999-66-4051,S99922142,X25299417X,Mr.,Isaias604,Lubowitz58,,,M,white,nonhispanic,M,Peabody  Massachusetts  US,634 Rempel Approach,Amherst,Massachusetts,Hampshire County,,00000,42.339067592620296,-72.51353103146569,219085.97,205380.61,142172
90a221e2-0ac5-9321-4f76-51e42b4b46a4,1949-01-16,,999-70-3372,S99945361,X79486283X,Mr.,Raymundo71,Kuhlman484,,,M,white,nonhispanic,M,Quincy  Massachusetts  US,404 Davis Promenade Apt 52,Amherst,Massachusetts,Hampshire County,,00000,42.38901662511501,-72.53923602671102,94283.61,105274.64,142172
5774c95d-daf1-e4a3-7027-836f5e7ba6e3,1972-12-02,,999-13-7595,S99934426,X3913025X,Mr.,Broderick767,Bins636,,,S,white,nonhispanic,M,Cheshire  Massachusetts  US,504 Cruickshank Key,Wellesley,Massachusetts,Norfolk County,25021,02457,42.32241268024257,-71.30046733515273,510460.43,1075070.25,106843
e381e9e5-50f0-36ff-cdda-62b89f40a18a,1952-10-12,2010-04-03,999-71-6910,S99999157,X10383003X,Mr.,José María211,Robles531,,,M,asian,hispanic,M,Caracas  Capital District  VE,455 Blick Fork,Needham,Massachusetts,Norfolk County,25021,02492,42.252560710115105,-71.22405546571015,616646.49,436348.46,52997
c86a9d71-1287-81e7-5cf2-bcac1d8a672d,1952-10-12,,999-82-6326,S99939497,X51050142X,Mr.,Lorenzo669,Zambrano764,,,M,asian,hispanic,M,Buenos Aires  Ciudad de Buenos Aires  AR,433 Emmerich Alley Apt 54,Needham,Massachusetts,Norfolk County,25021,02494,42.307460443328104,-71.20235468853326,55063.94,144016.94,52997
