Id,NAME,OWNERSHIP,ADDRESS,CITY,STATE_HEADQUARTERED,ZIP,PHONE,AMOUNT_COVERED,AMOUNT_UNCOVERED,REVENUE,COVERED_ENCOUNTERS,UNCOVERED_ENCOUNTERS,COVERED_MEDICATIONS,UNCOVERED_MEDICATIONS,COVERED_PROCEDURES,UNCOVERED_PROCEDURES,COVERED_IMMUNIZATIONS,UNCOVERED_IMMUNIZATIONS,UNIQUE_CUSTOMERS,QOLS_AVG,MEMBER_MONTHS
a735bf55-83e9-331a-899d-a82a60b9f60c,Medicare,GOVERNMENT,,,,,,7593060.85,256016.41,1001378.70,3732,0,3625,0,5202,0,582,0,31,0.6624498322440049,6060
df166300-5a78-3502-a46a-832842197811,Medicaid,GOVERNMENT,,,,,,10568825.26,290728.69,127910.00,3282,0,1699,0,4773,0,1522,0,49,0.9283160271652182,12864
d18ef2e6-ef40-324c-be54-34a5ee865625,Dual Eligible,GOVERNMENT,,,,,,4606942.12,44563.51,16410.00,681,0,1268,0,1614,0,128,0,9,0.7187335269495031,1680
26aab0cd-6aba-3e1b-ac5b-05c8867e762c,Humana,PRIVATE,,,,,,8001448.50,3135167.31,3034566.00,2331,0,1737,0,3650,0,966,0,24,0.9407247365581407,8976
b046940f-1664-3047-bca7-dfa76be352a4,Blue Cross Blue Shield,PRIVATE,,,,,,4532607.83,1712333.59,3483831.00,1867,0,1854,0,2420,0,548,0,35,0.5101340348558399,10944
d31fccc3-1767-390d-966a-22a5156f4219,UnitedHealthcare,PRIVATE,,,,,,1402088.20,482733.23,1793195.00,654,0,442,0,826,0,473,0,13,0.9332778106781184,3636
0133f751-9229-3cfd-815f-b6d4979bdd6a,Aetna,PRIVATE,,,,,,1156902.74,607422.63,299314.37,569,0,383,0,772,0,232,0,21,0.8994754324803896,2568
8fa6c185-e44e-3e34-8bd8-39be8694f4ce,Cigna Health,PRIVATE,,,,,,1304507.33,535457.56,308922.52,520,0,507,0,743,0,215,0,19,0.8820745519535583,1824
734afbd6-4794-363b-9bc0-6a3981533ed5,Anthem,PRIVATE,,,,,,1258823.97,256495.48,306219.26,328,0,118,0,422,0,205,0,15,0.8973529636125991,1488
e03e23c9-4df1-3eb6-a62d-f70f02301496,NO_INSURANCE,NO_INSURANCE,,,,,,0.00,9110025.39,0.00,0,2605,0,1073,0,3677,0,1389,40,0.9819528920237408,13356
