Id,NAME,OWNERSHIP,ADDRESS,CITY,STATE_HEADQUARTERED,ZIP,PHONE,AMOUNT_COVERED,AMOUNT_UNCOVERED,REVENUE,COVERED_ENCOUNTERS,UNCOVERED_ENCOUNTERS,COVERED_MEDICATIONS,UNCOVERED_MEDICATIONS,COVERED_PROCEDURES,UNCOVERED_PROCEDURES,COVERED_IMMUNIZATIONS,UNCOVERED_IMMUNIZATIONS,UNIQUE_CUSTOMERS,QOLS_AVG,MEMBER_MONTHS
a735bf55-83e9-331a-899d-a82a60b9f60c,Medicare,GOVERNMENT,,,,,,4078672.61,193096.71,612019.80,1968,0,2736,0,2780,0,426,0,33,0.7375762769264402,3792
df166300-5a78-3502-a46a-832842197811,Medicaid,GOVERNMENT,,,,,,20559723.63,401740.81,125500.00,4920,0,2649,0,7621,0,1443,0,53,0.9136351911545602,12612
d18ef2e6-ef40-324c-be54-34a5ee865625,Dual Eligible,GOVERNMENT,,,,,,847454.66,23212.46,9050.00,529,0,259,0,603,0,82,0,6,0.738347407165119,924
26aab0cd-6aba-3e1b-ac5b-05c8867e762c,Humana,PRIVATE,,,,,,6417722.03,3237531.16,3947706.00,3159,0,1351,0,4074,0,1243,0,28,0.9426089053090523,11616
b046940f-1664-3047-bca7-dfa76be352a4,Blue Cross Blue Shield,PRIVATE,,,,,,2783161.90,686206.27,1638759.00,1076,0,419,0,1427,0,292,0,36,0.4160906752215007,5772
d31fccc3-1767-390d-966a-22a5156f4219,UnitedHealthcare,PRIVATE,,,,,,209631.40,146361.08,597061.00,283,0,192,0,298,0,163,0,7,0.817583281944661,1212
0133f751-9229-3cfd-815f-b6d4979bdd6a,Aetna,PRIVATE,,,,,,3271219.74,1720958.13,499769.51,1583,0,888,0,2170,0,573,0,35,0.8656687692636746,4944
8fa6c185-e44e-3e34-8bd8-39be8694f4ce,Cigna Health,PRIVATE,,,,,,5328501.85,1697213.80,576130.07,2687,0,2748,0,3362,0,447,0,31,0.8570713517146739,4704
734afbd6-4794-363b-9bc0-6a3981533ed5,Anthem,PRIVATE,,,,,,1588896.03,450660.18,478936.30,704,0,854,0,964,0,208,0,25,0.8330274550772272,1932
e03e23c9-4df1-3eb6-a62d-f70f02301496,NO_INSURANCE,NO_INSURANCE,,,,,,0.00,9412772.55,0.00,0,2997,0,918,0,4277,0,1483,47,0.9868455790540269,14592
