Id,NAME,OWNERSHIP,ADDRESS,CITY,STATE_HEADQUARTERED,ZIP,PHONE,AMOUNT_COVERED,AMOUNT_UNCOVERED,REVENUE,COVERED_ENCOUNTERS,UNCOVERED_ENCOUNTERS,COVERED_MEDICATIONS,UNCOVERED_MEDICATIONS,COVERED_PROCEDURES,UNCOVERED_PROCEDURES,COVERED_IMMUNIZATIONS,UNCOVERED_IMMUNIZATIONS,UNIQUE_CUSTOMERS,QOLS_AVG,MEMBER_MONTHS
a735bf55-83e9-331a-899d-a82a60b9f60c,Medicare,GOVERNMENT,,,,,,15265469.08,801590.73,1898826.30,6597,0,7389,0,15706,0,1055,0,51,0.7296324125928082,11436
df166300-5a78-3502-a46a-832842197811,Medicaid,GOVERNMENT,,,,,,7943567.69,235036.86,117420.00,2719,0,1159,0,5843,0,1259,0,53,0.9629168310008689,11820
d18ef2e6-ef40-324c-be54-34a5ee865625,Dual Eligible,GOVERNMENT,,,,,,2426772.45,72491.61,11280.00,1489,0,940,0,2189,0,120,0,12,0.7131131909049522,1140
26aab0cd-6aba-3e1b-ac5b-05c8867e762c,Humana,PRIVATE,,,,,,3016499.73,2475390.56,2621772.00,1702,0,596,0,4056,0,772,0,16,0.9731437584473338,7716
b046940f-1664-3047-bca7-dfa76be352a4,Blue Cross Blue Shield,PRIVATE,,,,,,4538411.01,1059346.72,3000876.00,933,0,390,0,1935,0,569,0,56,0.2794486014026825,12732
d31fccc3-1767-390d-966a-22a5156f4219,UnitedHealthcare,PRIVATE,,,,,,2702886.17,892097.69,2434520.00,1120,0,490,0,2723,0,555,0,16,0.9591536637695434,4920
0133f751-9229-3cfd-815f-b6d4979bdd6a,Aetna,PRIVATE,,,,,,960542.62,674736.30,315021.77,524,0,191,0,1310,0,266,0,24,0.9282091025365831,1968
8fa6c185-e44e-3e34-8bd8-39be8694f4ce,Cigna Health,PRIVATE,,,,,,1027599.85,510031.91,316966.27,411,0,138,0,1124,0,169,0,23,0.9148273719051421,1872
734afbd6-4794-363b-9bc0-6a3981533ed5,Anthem,PRIVATE,,,,,,960964.16,347617.59,558689.33,452,0,166,0,994,0,251,0,23,0.9244263327265981,1896
e03e23c9-4df1-3eb6-a62d-f70f02301496,NO_INSURANCE,NO_INSURANCE,,,,,,0.00,16577746.64,0.00,0,5918,0,2536,0,13906,0,1991,65,0.979584189836605,26940
