Id,NAME,OWNERSHIP,ADDRESS,CITY,STATE_HEADQUARTERED,ZIP,PHONE,AMOUNT_COVERED,AMOUNT_UNCOVERED,REVENUE,COVERED_ENCOUNTERS,UNCOVERED_ENCOUNTERS,COVERED_MEDICATIONS,UNCOVERED_MEDICATIONS,COVERED_PROCEDURES,UNCOVERED_PROCEDURES,COVERED_IMMUNIZATIONS,UNCOVERED_IMMUNIZATIONS,UNIQUE_CUSTOMERS,QOLS_AVG,MEMBER_MONTHS
a735bf55-83e9-331a-899d-a82a60b9f60c,Medicare,GOVERNMENT,,,,,,3563211.89,156366.66,627498.90,1655,0,1314,0,2237,0,377,0,25,0.7510667206616276,3768
df166300-5a78-3502-a46a-832842197811,Medicaid,GOVERNMENT,,,,,,10863698.32,278777.04,116950.00,3207,0,1972,0,4593,0,1085,0,49,0.9348908615699583,11724
d18ef2e6-ef40-324c-be54-34a5ee865625,Dual Eligible,GOVERNMENT,,,,,,1014995.78,21754.26,8810.00,371,0,692,0,672,0,101,0,7,0.7577353093999266,924
26aab0cd-6aba-3e1b-ac5b-05c8867e762c,Humana,PRIVATE,,,,,,5137335.87,2190851.54,2465478.00,2017,0,1194,0,3089,0,907,0,24,0.9222300771524435,7296
b046940f-1664-3047-bca7-dfa76be352a4,Blue Cross Blue Shield,PRIVATE,,,,,,2955143.63,972365.28,2226921.00,747,0,307,0,1443,0,350,0,32,0.5203714936091007,6972
d31fccc3-1767-390d-966a-22a5156f4219,UnitedHealthcare,PRIVATE,,,,,,5347722.04,1287885.99,3844932.00,2113,0,1561,0,2934,0,798,0,20,0.9129098334631612,7680
0133f751-9229-3cfd-815f-b6d4979bdd6a,Aetna,PRIVATE,,,,,,1615954.85,698153.34,325242.04,583,0,297,0,789,0,299,0,20,0.9535091825470252,2928
8fa6c185-e44e-3e34-8bd8-39be8694f4ce,Cigna Health,PRIVATE,,,,,,2423461.84,821520.80,535570.32,641,0,280,0,1065,0,295,0,20,0.9662873595623869,2892
734afbd6-4794-363b-9bc0-6a3981533ed5,Anthem,PRIVATE,,,,,,591797.44,147064.74,285305.72,170,0,82,0,350,0,107,0,19,0.8631690951750549,960
e03e23c9-4df1-3eb6-a62d-f70f02301496,NO_INSURANCE,NO_INSURANCE,,,,,,0.00,12406823.85,0.00,0,3202,0,821,0,4990,0,1591,45,0.9740225109728659,14388
