Id,NAME,OWNERSHIP,ADDRESS,CITY,STATE_HEADQUARTERED,ZIP,PHONE,AMOUNT_COVERED,AMOUNT_UNCOVERED,REVENUE,COVERED_ENCOUNTERS,UNCOVERED_ENCOUNTERS,COVERED_MEDICATIONS,UNCOVERED_MEDICATIONS,COVERED_PROCEDURES,UNCOVERED_PROCEDURES,COVERED_IMMUNIZATIONS,UNCOVERED_IMMUNIZATIONS,UNIQUE_CUSTOMERS,QOLS_AVG,MEMBER_MONTHS
a735bf55-83e9-331a-899d-a82a60b9f60c,Medicare,GOVERNMENT,,,,,,9211890.34,327234.25,1252276.20,4256,0,4649,0,9643,0,702,0,41,0.719229259095115,7584
df166300-5a78-3502-a46a-832842197811,Medicaid,GOVERNMENT,,,,,,15341809.62,279276.94,93240.00,3631,0,1091,0,7829,0,1150,0,51,0.8803011785337498,9648
d18ef2e6-ef40-324c-be54-34a5ee865625,Dual Eligible,GOVERNMENT,,,,,,1295769.50,38887.72,8750.00,546,0,1175,0,1481,0,87,0,6,0.7532520488398249,900
26aab0cd-6aba-3e1b-ac5b-05c8867e762c,Humana,PRIVATE,,,,,,6681464.96,4310549.25,3945312.00,2961,0,1140,0,7692,0,1137,0,23,0.9526100119431359,11628
b046940f-1664-3047-bca7-dfa76be352a4,Blue Cross Blue Shield,PRIVATE,,,,,,4078512.35,1325750.98,2663730.00,1040,0,353,0,2715,0,410,0,46,0.3544324691106271,10320
d31fccc3-1767-390d-966a-22a5156f4219,UnitedHealthcare,PRIVATE,,,,,,3953249.85,912550.52,1941580.00,1155,0,455,0,2864,0,485,0,15,0.9698137452491035,3912
0133f751-9229-3cfd-815f-b6d4979bdd6a,Aetna,PRIVATE,,,,,,2221211.74,1029768.98,302095.63,691,0,214,0,1846,0,236,0,23,0.9416484917078298,2424
8fa6c185-e44e-3e34-8bd8-39be8694f4ce,Cigna Health,PRIVATE,,,,,,2033198.05,955567.02,446158.61,773,0,357,0,1898,0,307,0,27,0.9641952096279696,2880
734afbd6-4794-363b-9bc0-6a3981533ed5,Anthem,PRIVATE,,,,,,1835541.26,373249.70,421856.18,513,0,234,0,1209,0,156,0,23,0.9636050843657407,1644
e03e23c9-4df1-3eb6-a62d-f70f02301496,NO_INSURANCE,NO_INSURANCE,,,,,,0.00,19769339.69,0.00,0,5320,0,1824,0,12501,0,1712,49,0.991502642458297,18372
