Id,NAME,OWNERSHIP,ADDRESS,CITY,STATE_HEADQUARTERED,ZIP,PHONE,AMOUNT_COVERED,AMOUNT_UNCOVERED,REVENUE,COVERED_ENCOUNTERS,UNCOVERED_ENCOUNTERS,COVERED_MEDICATIONS,UNCOVERED_MEDICATIONS,COVERED_PROCEDURES,UNCOVERED_PROCEDURES,COVERED_IMMUNIZATIONS,UNCOVERED_IMMUNIZATIONS,UNIQUE_CUSTOMERS,QOLS_AVG,MEMBER_MONTHS
a735bf55-83e9-331a-899d-a82a60b9f60c,Medicare,GOVERNMENT,,,,,,14740217.15,843204.23,1671912.90,6769,0,7741,0,15976,0,965,0,49,0.774689996551865,10128
df166300-5a78-3502-a46a-832842197811,Medicaid,GOVERNMENT,,,,,,11158961.51,266770.98,80470.00,3398,0,1338,0,6614,0,964,0,58,0.9185441717586947,8076
d18ef2e6-ef40-324c-be54-34a5ee865625,Dual Eligible,GOVERNMENT,,,,,,1135543.67,11502.42,6570.00,304,0,48,0,580,0,56,0,3,0.7739259939900852,660
26aab0cd-6aba-3e1b-ac5b-05c8867e762c,Humana,PRIVATE,,,,,,7140887.65,3032912.43,2823210.00,2712,0,1091,0,5383,0,801,0,19,0.9691803446045814,8328
b046940f-1664-3047-bca7-dfa76be352a4,Blue Cross Blue Shield,PRIVATE,,,,,,4490866.01,1100691.34,2666607.00,831,0,385,0,2381,0,353,0,47,0.3107737062421472,10776
d31fccc3-1767-390d-966a-22a5156f4219,UnitedHealthcare,PRIVATE,,,,,,3105279.24,918198.89,2254446.00,1202,0,366,0,2792,0,533,0,19,0.9606681597068438,4536
0133f751-9229-3cfd-815f-b6d4979bdd6a,Aetna,PRIVATE,,,,,,2303755.68,1959820.25,408400.63,1579,0,798,0,3733,0,425,0,32,0.9316398351186105,5580
8fa6c185-e44e-3e34-8bd8-39be8694f4ce,Cigna Health,PRIVATE,,,,,,2455189.60,1782386.50,683525.66,1672,0,765,0,3485,0,462,0,34,0.9646095353077403,6804
734afbd6-4794-363b-9bc0-6a3981533ed5,Anthem,PRIVATE,,,,,,548127.57,228809.74,327371.76,318,0,209,0,746,0,187,0,20,0.9322909178603481,1428
e03e23c9-4df1-3eb6-a62d-f70f02301496,NO_INSURANCE,NO_INSURANCE,,,,,,0.00,16765121.23,0.00,0,5705,0,2494,0,13201,0,1837,57,0.9807341954098777,22908
