Id,NAME,OWNERSHIP,ADDRESS,CITY,STATE_HEADQUARTERED,ZIP,PHONE,AMOUNT_COVERED,AMOUNT_UNCOVERED,REVENUE,COVERED_ENCOUNTERS,UNCOVERED_ENCOUNTERS,COVERED_MEDICATIONS,UNCOVERED_MEDICATIONS,COVERED_PROCEDURES,UNCOVERED_PROCEDURES,COVERED_IMMUNIZATIONS,UNCOVERED_IMMUNIZATIONS,UNIQUE_CUSTOMERS,QOLS_AVG,MEMBER_MONTHS
a735bf55-83e9-331a-899d-a82a60b9f60c,Medicare,GOVERNMENT,,,,,,11375229.94,825692.33,1100206.80,3989,0,4792,0,9040,0,653,0,41,0.7645019080985689,6672
df166300-5a78-3502-a46a-832842197811,Medicaid,GOVERNMENT,,,,,,9384070.65,222569.13,95140.00,2740,0,759,0,6072,0,884,0,53,0.9326056010992043,9528
d18ef2e6-ef40-324c-be54-34a5ee865625,Dual Eligible,GOVERNMENT,,,,,,2266701.83,41137.60,7980.00,664,0,1369,0,2258,0,90,0,9,0.7162165895626961,816
26aab0cd-6aba-3e1b-ac5b-05c8867e762c,Humana,PRIVATE,,,,,,4729409.86,2903088.13,2771568.00,2174,0,708,0,5256,0,872,0,22,0.9718058158566015,8196
b046940f-1664-3047-bca7-dfa76be352a4,Blue Cross Blue Shield,PRIVATE,,,,,,1619336.39,566538.22,1323918.00,554,0,403,0,1298,0,324,0,39,0.27015453386579413,5484
d31fccc3-1767-390d-966a-22a5156f4219,UnitedHealthcare,PRIVATE,,,,,,1210977.78,362019.09,911436.00,478,0,221,0,1210,0,323,0,11,0.9221243101827361,1848
0133f751-9229-3cfd-815f-b6d4979bdd6a,Aetna,PRIVATE,,,,,,3951203.09,1877545.72,318735.36,1189,0,377,0,2958,0,403,0,32,0.9039002820834138,3708
8fa6c185-e44e-3e34-8bd8-39be8694f4ce,Cigna Health,PRIVATE,,,,,,1691654.50,1251126.72,478628.37,900,0,250,0,2330,0,415,0,33,0.9702041193116293,3972
734afbd6-4794-363b-9bc0-6a3981533ed5,Anthem,PRIVATE,,,,,,4730254.92,722411.99,441440.14,942,0,229,0,2118,0,251,0,27,0.9445086624051883,2700
e03e23c9-4df1-3eb6-a62d-f70f02301496,NO_INSURANCE,NO_INSURANCE,,,,,,0.00,20653201.03,0.00,0,6146,0,2535,0,14583,0,2032,61,0.9786873452314384,24528
