Id,NAME,OWNERSHIP,ADDRESS,CITY,STATE_HEADQUARTERED,ZIP,PHONE,AMOUNT_COVERED,AMOUNT_UNCOVERED,REVENUE,COVERED_ENCOUNTERS,UNCOVERED_ENCOUNTERS,COVERED_MEDICATIONS,UNCOVERED_MEDICATIONS,COVERED_PROCEDURES,UNCOVERED_PROCEDURES,COVERED_IMMUNIZATIONS,UNCOVERED_IMMUNIZATIONS,UNIQUE_CUSTOMERS,QOLS_AVG,MEMBER_MONTHS
a735bf55-83e9-331a-899d-a82a60b9f60c,Medicare,GOVERNMENT,,,,,,9674844.34,463925.26,899658.90,2606,0,2927,0,4147,0,537,0,42,0.7302724255612485,5472
df166300-5a78-3502-a46a-832842197811,Medicaid,GOVERNMENT,,,,,,20661696.54,351636.24,116780.00,4593,0,1755,0,7447,0,1164,0,52,0.9321295786908593,11736
d18ef2e6-ef40-324c-be54-34a5ee865625,Dual Eligible,GOVERNMENT,,,,,,5274855.32,75469.47,20220.00,1265,0,1566,0,2416,0,195,0,14,0.6154445148219644,2064
26aab0cd-6aba-3e1b-ac5b-05c8867e762c,Humana,PRIVATE,,,,,,5869667.33,2762645.99,3491136.00,2114,0,599,0,3591,0,1157,0,26,0.9625458833653154,10344
b046940f-1664-3047-bca7-dfa76be352a4,Blue Cross Blue Shield,PRIVATE,,,,,,4496882.24,645440.97,1693140.00,735,0,348,0,1084,0,354,0,42,0.3864815986098418,6300
d31fccc3-1767-390d-966a-22a5156f4219,UnitedHealthcare,PRIVATE,,,,,,2750834.73,608216.22,1593001.00,757,0,311,0,1055,0,507,0,17,0.9433716054282868,3240
0133f751-9229-3cfd-815f-b6d4979bdd6a,Aetna,PRIVATE,,,,,,1763805.98,997867.76,393280.76,649,0,310,0,1087,0,274,0,24,0.9363706696327725,3432
8fa6c185-e44e-3e34-8bd8-39be8694f4ce,Cigna Health,PRIVATE,,,,,,2223954.15,862152.31,391905.73,640,0,325,0,1086,0,277,0,24,0.9580517588328346,3264
734afbd6-4794-363b-9bc0-6a3981533ed5,Anthem,PRIVATE,,,,,,554668.86,191563.43,311478.54,176,0,106,0,276,0,120,0,17,0.9307515644226472,1032
e03e23c9-4df1-3eb6-a62d-f70f02301496,NO_INSURANCE,NO_INSURANCE,,,,,,0.00,16378814.54,0.00,0,3714,0,1449,0,6392,0,1739,52,0.9703605239105836,17376
