Id,NAME,OWNERSHIP,ADDRESS,CITY,STATE_HEADQUARTERED,ZIP,PHONE,AMOUNT_COVERED,AMOUNT_UNCOVERED,REVENUE,COVERED_ENCOUNTERS,UNCOVERED_ENCOUNTERS,COVERED_MEDICATIONS,UNCOVERED_MEDICATIONS,COVERED_PROCEDURES,UNCOVERED_PROCEDURES,COVERED_IMMUNIZATIONS,UNCOVERED_IMMUNIZATIONS,UNIQUE_CUSTOMERS,QOLS_AVG,MEMBER_MONTHS
a735bf55-83e9-331a-899d-a82a60b9f60c,Medicare,GOVERNMENT,,,,,,10979042.85,389745.12,1347702.30,7156,0,9283,0,9607,0,762,0,40,0.6984655419702416,8136
df166300-5a78-3502-a46a-832842197811,Medicaid,GOVERNMENT,,,,,,11261685.26,202493.38,80000.00,2444,0,1042,0,3703,0,851,0,44,0.9576965741730548,8052
d18ef2e6-ef40-324c-be54-34a5ee865625,Dual Eligible,GOVERNMENT,,,,,,1867621.50,13382.26,10520.00,271,0,317,0,801,0,103,0,7,0.8823988522397532,1080
26aab0cd-6aba-3e1b-ac5b-05c8867e762c,Humana,PRIVATE,,,,,,9051654.20,3934282.00,4347504.00,5106,0,2839,0,6113,0,1099,0,34,0.8961749685092084,12852
b046940f-1664-3047-bca7-dfa76be352a4,Blue Cross Blue Shield,PRIVATE,,,,,,5759887.61,1208387.36,2744361.00,941,0,538,0,1553,0,424,0,48,0.32525041129903753,10896
d31fccc3-1767-390d-966a-22a5156f4219,UnitedHealthcare,PRIVATE,,,,,,3544610.19,783545.13,2167930.00,852,0,299,0,1372,0,537,0,16,0.9434352674962403,4368
0133f751-9229-3cfd-815f-b6d4979bdd6a,Aetna,PRIVATE,,,,,,2212979.75,729265.29,260790.98,487,0,290,0,904,0,231,0,18,0.9124610754031369,2400
8fa6c185-e44e-3e34-8bd8-39be8694f4ce,Cigna Health,PRIVATE,,,,,,1275606.19,553242.06,352546.27,456,0,144,0,595,0,245,0,22,0.9213173533870433,2472
734afbd6-4794-363b-9bc0-6a3981533ed5,Anthem,PRIVATE,,,,,,710741.48,222444.98,324865.59,275,0,151,0,376,0,183,0,18,0.8829857751576293,1188
e03e23c9-4df1-3eb6-a62d-f70f02301496,NO_INSURANCE,NO_INSURANCE,,,,,,0.00,14414634.78,0.00,0,5447,0,3148,0,6708,0,2221,63,0.9466134219761642,23316
