Id,NAME,OWNERSHIP,ADDRESS,CITY,STATE_HEADQUARTERED,ZIP,PHONE,AMOUNT_COVERED,AMOUNT_UNCOVERED,REVENUE,COVERED_ENCOUNTERS,UNCOVERED_ENCOUNTERS,COVERED_MEDICATIONS,UNCOVERED_MEDICATIONS,COVERED_PROCEDURES,UNCOVERED_PROCEDURES,COVERED_IMMUNIZATIONS,UNCOVERED_IMMUNIZATIONS,UNIQUE_CUSTOMERS,QOLS_AVG,MEMBER_MONTHS
a735bf55-83e9-331a-899d-a82a60b9f60c,Medicare,GOVERNMENT,,,,,,14059725.01,837687.53,1611357.30,7478,0,6841,0,13507,0,862,0,40,0.6651619782851949,9672
df166300-5a78-3502-a46a-832842197811,Medicaid,GOVERNMENT,,,,,,17096575.52,386895.47,126400.00,4917,0,2282,0,9826,0,1460,0,68,0.908448481878381,12744
d18ef2e6-ef40-324c-be54-34a5ee865625,Dual Eligible,GOVERNMENT,,,,,,955756.81,16183.30,7530.00,329,0,290,0,727,0,78,0,7,0.6838323775274853,780
26aab0cd-6aba-3e1b-ac5b-05c8867e762c,Humana,PRIVATE,,,,,,3846482.40,2378743.08,2142288.00,2413,0,1706,0,4518,0,641,0,17,0.933762018785335,6336
b046940f-1664-3047-bca7-dfa76be352a4,Blue Cross Blue Shield,PRIVATE,,,,,,4098405.66,1125049.89,2859546.00,1007,0,450,0,2137,0,614,0,52,0.36540933714751317,10788
d31fccc3-1767-390d-966a-22a5156f4219,UnitedHealthcare,PRIVATE,,,,,,3891536.70,815060.80,1664427.00,1941,0,2313,0,3842,0,319,0,11,0.8778991478669306,3348
0133f751-9229-3cfd-815f-b6d4979bdd6a,Aetna,PRIVATE,,,,,,972293.29,1146780.12,294822.99,742,0,309,0,1923,0,284,0,21,0.9247689430966712,3816
8fa6c185-e44e-3e34-8bd8-39be8694f4ce,Cigna Health,PRIVATE,,,,,,377274.37,657827.34,382220.77,525,0,214,0,1305,0,205,0,19,0.9561129683123092,2604
734afbd6-4794-363b-9bc0-6a3981533ed5,Anthem,PRIVATE,,,,,,478148.89,176266.81,168026.01,215,0,86,0,430,0,133,0,13,0.9005668061753843,888
e03e23c9-4df1-3eb6-a62d-f70f02301496,NO_INSURANCE,NO_INSURANCE,,,,,,0.00,24882259.84,0.00,0,6739,0,2749,0,16386,0,1950,61,0.9618393911803917,22464
