Id,ORGANIZATION,NAME,GENDER,SPECIALITY,ADDRESS,CITY,STATE,ZIP,LAT,LON,ENCOUNTERS,PROCEDURES
07fec10a-0a8e-3517-ac14-6c26511c870a,74ab949d-17ac-3309-83a0-13b4405c66aa,Gabriel934 Reilly981,F,GENERAL PRACTICE,881 Main Street,Fitchburg,MA,01420,42.586487,-71.80521,253,0
f622b388-984a-3024-8875-34c47539366e,588f6ce6-b8db-3588-8189-29db2680a313,Terence292 Brakus656,M,GENERAL PRACTICE,461 WALNUT AVE,JAMAICA PLAIN,MA,021302331,42.311587599999996,-71.09800136347226,30,0
830553b6-54b7-3c2c-9bd0-1166a9f36e5c,4112b8b1-59df-3255-a7ca-f42ee0a4cb2e,María Teresa440 Pérez790,F,GENERAL PRACTICE,37 ROUTE 6A,SANDWICH,MA,025631801,41.766329400000004,-70.5147600346998,1,0
d11d0183-4fd8-3860-ad9c-ca38b0282f31,e09d4c49-c2ef-3b0f-9a46-3719d9219306,Ronald408 Emard19,F,GENERAL PRACTICE,60 HOSPITAL RD,LEOMINSTER,MA,014533290,42.54031915,-71.76312990486304,35,0
5c1d44f7-95f4-3252-b31c-72ab0b7ed88c,c241b977-4131-32e4-9957-e0a00b2a1e5f,Kip442 Krajcik437,M,GENERAL PRACTICE,94 MAIN STREET,HYANNIS,MA,026013146,41.6562802,-70.27448000204822,5,0
a80422f2-f7ec-3338-8ff9-e2a8f2046902,77645e49-3f69-3d1d-bb93-dc65210e2fac,Vella930 Ankunding277,F,GENERAL PRACTICE,363 HIGHLAND AVE,FALL RIVER,MA,027205246,41.7093779,-71.1460783680883,13,0
bf514dec-0e65-37a7-b83e-42386e8d6c40,aa682136-a4df-3942-9f50-e6fcee6c0b73,Bradley693 Runolfsson901,M,GENERAL PRACTICE,501 CORDWAINER DRIVE,NORWELL,MA,020611630,42.1647071,-70.88149077838713,14,0
18b51e1a-6536-3f63-bc46-f6010a041bee,d2284f74-b6da-3a15-9791-84cdf2db18fb,Donnell534 Mosciski958,M,GENERAL PRACTICE,331 E FALMOUTH HWY,E FALMOUTH,MA,025366039,41.57853245,-70.5617374807812,45,0
cb81fea0-a6e3-3490-8ded-83872f18db82,03d0392a-7361-32b3-81c9-8c8ac985be00,Cameron381 Daniel959,F,GENERAL PRACTICE,280 WASHINGTON ST STE 204,BROOKLINE,MA,024451922,42.33302785,-71.1193506756953,28,0
f16ce6c2-238a-3975-bf14-ab66ca20b1b6,2936ca90-6594-357d-be14-53fe0ab84dd1,Daniel959 Ankunding277,M,GENERAL PRACTICE,11 TREMONT ST,KINGSTON,MA,023641231,42.00823215,-70.72984043580247,37,0
ca5655e8-608d-3776-8fd6-c9b0ea6aed8b,42d4b607-f14d-370a-818e-40965685776c,Marchelle563 Hettinger594,F,GENERAL PRACTICE,3 WASHINGTON ST STE 220,NORTH EASTON,MA,023561034,42.0667665,-71.1036592,30,0
73f0eee3-2726-361f-a15a-247edddff18d,ab701a70-a658-340e-8f69-ee196a7d40c6,Jolie499 Parisian75,F,GENERAL PRACTICE,484 RTE 134,WORCESTER,MA,016071728,42.2625621,-71.8018877,35,0
fceeec39-0d97-3eba-a0cd-c9a8335c70ea,11ba6a26-59b4-3728-a268-6dc9929962b4,Archie818 McCullough561,M,GENERAL PRACTICE,200 GOVERNORS AVENUE,MEDFORD,MA,021551644,42.42711615,-71.1121606632448,21,0
a41b95eb-ddb6-3330-8a7c-d246f8cacb1b,f736c0f5-6d39-3e26-8ac1-39e1fc60dfbe,Joe656 Jakubowski832,M,GENERAL PRACTICE,11 QUARRY HILL ROAD,LEE,MA,012389645,42.2816564,-73.25307843923315,32,0
54087bc1-1d2c-30a6-bd7d-296dfd034578,af2d050e-91a7-3acb-8b27-0bf6a259645e,Ronny764 Bernhard322,M,GENERAL PRACTICE,57 CITY HALL AVE,GARDNER,MA,014402614,42.5760669,-71.9934081,49,0
e4ad4711-994c-3c3c-94d4-fb8c93cef6ec,71472d9b-aa5c-3b49-a5c3-d0eee8859015,Cuc113 Kutch271,F,GENERAL PRACTICE,118 WATERHOUSE RD STE C,BOURNE,MA,025328305,41.7281115,-70.5861571324252,28,0
2678a50d-635d-3cb4-ad15-cbb4c1712324,8a2e2731-3240-39d1-b4f0-cad14200937d,Randa356 Ritchie586,F,GENERAL PRACTICE,88 WASHINGTON ST,TAUNTON,MA,027802465,41.9062805,-71.09518121351795,45,0
ff061776-c4a0-342b-b5eb-317587056651,88e28a1c-aad9-36d0-832b-b579ecb95c3d,Anthony633 Toy286,M,GENERAL PRACTICE,14 MANNING AVENUE,LEOMINSTER,MA,014535768,42.5253035,-71.7584413,90,0
78ed35d3-0a75-3232-ade0-58149f96fd4e,52ecddd8-42f6-35cc-88a5-cf474c02fb49,Maxima831 Fahey393,F,GENERAL PRACTICE,94 OBERY STREET,PLYMOUTH,MA,023602130,41.93725,-70.65503160208334,4,0
fd539994-174b-3c73-9ada-dad98eaf32c9,59d1f454-5701-3f71-8fe7-94f785e15062,Wilton999 Lesch175,M,GENERAL PRACTICE,57 OLD ROAD TO 9 ACRE CORNER,WEST CONCORD,MA,017423317,42.4566859,-71.3942316,1,0
21653180-4691-361a-93b3-c19979c102ba,4bf8af75-4da2-331d-b94e-9975a887face,Gussie514 Mosciski958,F,GENERAL PRACTICE,57 PROSPECT ST,NANTUCKET,MA,025542799,41.27514065,-70.10108985970798,72,0
42a8ae6d-b299-3db1-8da9-33c3d8b9cef0,b4359169-6bc8-3e93-9e0c-19c6bf518e58,Hallie315 Auer97,F,GENERAL PRACTICE,126 MONUMENT ST,HAVERHILL,MA,018322527,42.78715445,-71.10946686154523,1,0
fddc6570-2098-3130-a06d-33a0936435f7,a4af40b8-0ddb-34bb-ae4a-95a17e9ad6f3,Tambra47 Heaney114,F,GENERAL PRACTICE,100 MYLES STANDISH BOULEVARD  SUITE 103,TAUNTON,MA,027807340,41.948930849999996,-71.14141318475193,14,0
4382633f-0935-3cc7-8159-43efca10f587,f945589f-88aa-366b-9e9d-2418d091112d,Azzie965 Ziemann98,F,GENERAL PRACTICE,105 ERDMAN WAY,LEOMINSTER,MA,014531805,42.54685255,-71.75737313871981,7,0
74dab296-576b-3757-8aa1-e1734a8df685,fe675917-7b09-3afd-a6e6-128cc4de4734,Rod343 Kohler843,M,GENERAL PRACTICE,319A ALLSTON STREET,BRIGHTON,MA,021357652,42.345093,-71.139804,38,0
7ee23fd1-a71a-3f0f-9fab-f7fc4855fd98,fa09396a-2926-3b21-ad0c-9f6cabbce0eb,Brigitte394 Bartoletti50,F,GENERAL PRACTICE,1210 BOSTON PROVIDENCE TPKE,NORWOOD,MA,020625061,42.1714075,-71.1951186,35,0
5b41988a-d944-3941-b7a4-83310d56d41a,2e1eaaf1-ebb0-332c-8921-f48e15b91879,Delmer311 Nolan344,M,GENERAL PRACTICE,2 SEAPORT DRIVE,QUINCY,MA,021711599,42.29287335,-71.03019020136307,4,0
c9772148-c67e-3cf1-8a15-100105ae6bec,c272e12f-e154-3fee-b05d-b7c0cab2657d,Shasta644 King743,F,GENERAL PRACTICE,800 WASHINGTON ST,NORWOOD,MA,020623487,42.1886973,-71.2005241,78,0
185fc03e-7ff8-3a5e-86a3-6668beb42fe5,2cf06ddc-4c55-3c91-98f1-fb0188079c27,Alena861 Rolfson709,F,GENERAL PRACTICE,10 VETERANS MEMORIAL DRIVE,MILFORD,MA,017572900,42.14682295,-71.50153080894427,4,0
9f369d65-338d-3711-b673-02758abce9c6,02c936e2-3aee-38b2-88a4-81f3689b7bb7,Royce974 Kohler843,F,GENERAL PRACTICE,120 FISHER AVENUE,BOSTON,MA,021203320,42.3276141,-71.1051603,9,0
e4196564-e959-3687-8cc6-b1fc7ca94c06,5f7663da-4b19-3629-b8f2-fb07d75421d9,Savanna736 Johnson679,F,GENERAL PRACTICE,42 ASBURY ST,SOUTH HAMILTON,MA,019821808,42.61322825,-70.87300675048934,23,0
872a871c-56a9-33cf-94b2-de4db3e35864,609ec9f1-e806-3427-b912-9e3b2915521d,Rodrigo242 Rico947,M,GENERAL PRACTICE,575 BEECH STREET,HOLYOKE,MA,010406604,42.20105435,-72.628169560868,17,0
c9222a5f-ec77-3277-a1b2-2be440077c61,9fd71acd-3535-353d-975f-ed7dbf5f9961,Denny560 Herzog843,M,GENERAL PRACTICE,250 GREEN ST,GARDNER,MA,01440,42.586896550000006,-71.98672640006858,32,0
ba4ab912-ff89-3072-954a-6e15aad5e568,4ffa4412-1493-3beb-b8f0-6614dde953a4,Harland508 Ryan260,M,GENERAL PRACTICE,363 HIGHLAND AVENUE,WAREHAM,MA,025715011,41.745636,-70.658192,17,0
46da4b6e-b516-3f08-bf01-a511cc6b6afc,a14e698d-a9ba-3eae-9c8b-682ec726433d,Karla801 Cummerata161,F,GENERAL PRACTICE,776 WESTERN AVE,LYNN,MA,019052408,42.466763,-70.9494939,7,0
9d15f955-6a95-39af-90cb-1937c9ce8bd6,5ba6765a-f335-36b0-9c6a-6bb494c5330d,Clemente531 Schamberger479,M,GENERAL PRACTICE,31 OLD ROUTE 7,WESTWOOD,MA,020902333,42.2139873,-71.2244987,2,0
e30295ad-373d-3f8f-822f-428c1875e7e2,b6eeaaf7-1683-3bcb-b6ee-81ce304636ef,Ariane992 Pagac496,F,GENERAL PRACTICE,170 GOVERNORS AVE,MELROSE,MA,021763225,42.4564323,-71.064182,126,0
30816786-e312-3dad-9564-cfb5aa5323a1,65eda534-1bdc-3192-8d02-1c3764447790,Shanell37 Hand679,F,GENERAL PRACTICE,1244 BOYLSTON ST,CHESTNUT HILL,MA,024672115,42.3214927,-71.1711481,95,0
8dabf862-dcc5-31d7-a1e3-caed1c50bf4b,d3085315-9893-34c7-8889-3a31dc17c2b0,Zachery872 Rau926,M,GENERAL PRACTICE,1428 MAIN ST STE 7,WALPOLE,MA,020811729,42.1325911,-71.2618886,73,0
91161c11-d1d4-3582-b303-3223495ceb6c,1faab3d1-2ae5-3110-8e5f-c65b92ca906d,Ester635 Méndez913,F,GENERAL PRACTICE,29 LEWIS AVE,GREAT BARRINGTON,MA,012301713,42.19093125,-73.3715000043024,90,0
6d2da716-245a-30c4-bb7d-654146edc347,b3ada130-6443-3a8e-98c7-4ec127a2b0c4,Natalya468 Haley279,F,GENERAL PRACTICE,ONE GREAT ROAD,ACTON,MA,017205601,42.4850931,-71.43284,2,0
f5613965-62d8-37b5-9580-c596a9c4f858,acffdfa8-1383-3929-8c99-e73969491439,Iva908 O'Keefe54,F,GENERAL PRACTICE,1153 CENTRE ST,BOSTON,MA,021303446,42.3017598,-71.12855793387442,99,0
8f33534c-f644-30da-af89-3d6fb8ba10c7,e6c2cb55-ff8b-34be-bf04-bcc49ea71557,Lawerence6 Welch179,M,GENERAL PRACTICE,217 LINCOLN ST,WINTHROP,MA,021523034,42.37949545,-70.98409828217132,7,0
36dfae35-6d78-36d0-beec-c0937f336260,1e11392b-1278-3e70-93cd-f396cbd0c265,Gerry91 Block661,F,GENERAL PRACTICE,115 LINCOLN ST,NATICK,MA,017607700,42.2843753,-71.3441395,135,0
b8747975-5eb3-3ee3-883c-93c04661ae12,fe30f2b4-9bc8-346e-afba-4455d1766545,Georgetta870 Turner526,F,GENERAL PRACTICE,17 LAFAYETTE AVENUE,CHELSEA,MA,021502010,42.40019115,-71.03050082480353,7,0
96410b93-e922-31af-857d-e185818ff1e6,6cf8a214-8d57-3267-85e5-7719e15cd63e,Cindie288 Zulauf375,F,GENERAL PRACTICE,170 MORTON STREET,JAMAICA PLAIN,MA,021303735,42.299067750000006,-71.10124351911541,42,0
80d9776e-24a5-3c09-a5b6-43af1f5f558d,0fedae9f-701f-3317-9b2f-69aea2202cdc,Sharron285 Batz141,F,GENERAL PRACTICE,88 EAST NEWTON STREET,WINTHROP,MA,021522715,42.3750976,-70.982827,101,0
b416ef8a-3569-39b8-9dc2-b19b608307e7,c7b63332-fdc7-3ab3-936b-284b931a9f6a,Víctor493 Cuellar188,M,GENERAL PRACTICE,55 COOPER STREET,AGAWAM,MA,010012149,42.080218599999995,-72.61816103207964,2,0
01ca5f63-dbf4-3890-bbba-71e3f1a89712,ccb716b1-277f-3eff-999f-3ac0df45713a,Genaro214 Boehm581,M,GENERAL PRACTICE,25 LAFAYETTE ST,MARBLEHEAD,MA,019451939,42.4938348,-70.87382362834484,1,0
0ce19e6e-37d8-3670-b854-5a1c33d76d51,86bbc3aa-e927-3d56-9d77-ab701b4b2926,Tynisha348 Howe413,F,GENERAL PRACTICE,538 ROBESON STREET,FALL RIVER,MA,027205496,41.707225,-71.1432141111111,13,0
e2712f71-2b8b-318a-ac70-cc88575da59b,9ab139f5-d278-31b4-b44e-feffdea65613,Luis923 Cepeda588,M,GENERAL PRACTICE,88 ROUTE 6A 101,SANDWICH,MA,025631866,41.764922,-70.502215,10,0
16dc3d5e-cfa9-3575-8f3f-1ab02ad3ed7b,4b7c1695-a178-3e03-8651-51acfd3b8372,Juan88 O'Keefe54,M,GENERAL PRACTICE,600 OLD SOMERSET AVE,NORTH DIGHTON,MA,027641824,41.86399,-71.1244904,31,0
61976ce8-138a-3ed1-bbeb-ab972a035cd0,0b5f4cda-f9ae-36a8-a94c-ffbf56f45236,Guadalupe206 Hodkiewicz467,M,GENERAL PRACTICE,210 MARKET ST,NORTH ANDOVER,MA,018451656,42.6839894,-71.1127065,2,0
6a6e8f71-c4be-3039-84b8-0e7419534b16,aade280a-3b90-3e48-9648-91109a964a63,Johna806 Klein929,F,GENERAL PRACTICE,909 SUMNER ST,DARTMOUTH,MA,027473826,41.6332267,-70.9879928,44,0
75afa7da-9565-30ca-8d88-f1e34bcf9190,7a3b8310-02eb-3c47-aa1b-3f55b3ed9de9,Leif534 Dare640,M,GENERAL PRACTICE,6 HATFIELD ST,NORTHAMPTON,MA,010602545,42.333172950000005,-72.6566355591273,7,0
7a7f7783-139d-3db9-b70d-caed303d56f2,0f9d1260-db33-3483-b2b6-5483cfcb739c,Felipe97 Lebsack687,M,GENERAL PRACTICE,361 WOODWARD ST,WABAN,MA,024682027,42.326011949999994,-71.2254251580706,46,0
b1c59196-9718-333a-a823-d41cb598f2a4,794b1cc2-97be-30a4-83a0-4bf6add43c74,Lillia547 Gutmann970,F,GENERAL PRACTICE,215 THATCHER STREET,BROCKTON,MA,023023949,42.0740963,-70.99660306096918,108,0
41ca0db3-f368-385e-9af9-f594f7f123d0,440fa4b8-c731-3cf5-81d9-aa3f30a37b95,Bennie663 Abbott774,M,GENERAL PRACTICE,41 & 45 MALL ROAD,PEABODY,MA,019602901,42.5278731,-70.9286609,345,0
09d17a65-6d06-36d0-848b-24401cb27711,0fab3c4e-a028-39a6-b15a-be5a88b6aa2a,Miyoko154 Paucek755,F,GENERAL PRACTICE,222 STATE STREET,LUDLOW,MA,010563437,42.15547415,-72.47222226666076,124,0
56fe4505-1eb3-3b3d-ab63-b9e1306c5c01,3b021cb6-4745-3d9d-8436-230055f770bd,Dusty207 Franecki195,M,GENERAL PRACTICE,148 CHESTNUT ST,NEEDHAM,MA,024943238,42.27728075,-71.23665362814043,62,0
9f4772a4-a1e5-3ae9-af2d-1b27d5f32757,86880e58-8753-3c63-b057-33781df70528,Glenn0 Keeling57,F,GENERAL PRACTICE,49 SAMOSET AVE,HULL,MA,020452512,42.2810432,-70.8703157542509,73,0
dc5fc5fc-e61f-3f82-b659-692e168ac9cf,34f0b10a-5e29-31de-a75e-e0bb03c0c0d4,Dierdre747 Leuschke194,F,GENERAL PRACTICE,56 COLPITTS RD,WESTON,MA,024931568,42.36610065,-71.3036759,43,0
53d9905c-b023-392c-9fd2-5a82cca29f10,e9a24be5-b0a3-3fd2-a606-dd13498024ea,Darwin703 O'Hara248,M,GENERAL PRACTICE,85 E MAIN ST STE A,NORTON,MA,027662307,41.971697,-71.17689334021827,51,0
8c0d4903-9703-35d9-ac75-699b4529ec28,57e4e5fa-d68d-3caa-a5ad-37beb1b51207,Latrina689 White193,F,GENERAL PRACTICE,800 WASHINGTON ST,NORWOOD,MA,020623487,42.1886973,-71.2005241,240,0
0b21194d-d266-3019-987b-22a2b72d5124,2befa435-3070-3350-a15c-e43ac1e84b24,Teressa589 Schuster709,F,GENERAL PRACTICE,575 BEECH STREET,HOLYOKE,MA,010406604,42.20105435,-72.628169560868,20,0
556ae325-e511-3993-92be-37c41455b735,ad82d624-72eb-3c7d-a76d-79f2668d1390,Mathew182 Howe413,M,GENERAL PRACTICE,3 WOODLAND RD,STONEHAM,MA,021801711,42.452443099999996,-71.08939988105112,105,0
89aff75a-b3d1-3023-abdc-4b46472f106e,b8421363-9807-3b16-a146-95336eea5cfb,Cleveland582 Kuphal363,M,GENERAL PRACTICE,30 LOCUST ST,NORTHAMPTON,MA,010602052,42.33032115,-72.65330802608176,286,0
0735a1bc-17f8-3fc0-b17f-55ee403d6ed7,8424b5ec-ba0a-32e9-94ae-a9d397884093,Ileen763 Casper496,F,GENERAL PRACTICE,49 BLANCHARD STREET  SUITE 101,LAWRENCE,MA,018431456,42.69651155,-71.1612176954981,2,0
7c8a88a8-5fa0-32e1-a2c6-22b2bee3e7c2,3498e7d3-90fd-366b-bc6a-6f41dad6bae6,Pat3 Bradtke547,M,GENERAL PRACTICE,112 WEST MAIN STREET,NORTHBOROUGH,MA,015321824,42.318559050000005,-71.65097281611972,4,0
7b68217b-7346-356c-813e-da4b547ac908,37111f41-8bc5-35d3-9cd9-5b447a11ffd1,Derek111 Greenholt190,M,GENERAL PRACTICE,TEN INGALLS COURT,METHUEN,MA,018443712,42.7262016,-71.1908924,16,0
ae3488d6-f1a1-325d-92a9-e68fd20f35f5,cf188e5a-8e03-39fa-9b64-542d64aff1eb,Clyde817 Schroeder447,M,GENERAL PRACTICE,300 BARBER AVE,WORCESTER,MA,016062476,42.295748599999996,-71.7982883685108,1,0
ded0c543-39d9-3977-a19f-5edf6f2de2eb,3076e02a-deac-3e81-96a9-1d32cbda6fca,Randy380 Kilback373,F,GENERAL PRACTICE,59 EASTWOOD CIRCLE,GARDNER,MA,014403901,42.567006649999996,-71.97817904424542,25,0
c81e6c49-fa9c-3350-a7ae-ee275430799c,fbd4ccdf-2fdb-3652-9bbe-1ccff886bd34,Alberto639 Adame662,M,GENERAL PRACTICE,320 CENTRAL STREET  UNIT A2,SAUGUS,MA,019062372,42.4632069,-71.0093761,3,0
8bd14328-0f94-31f7-9a21-cc593f491884,901c2d40-1ca3-3879-9a20-c663b8adc0a9,Chanelle850 Schuster709,F,GENERAL PRACTICE,800 WASHINGTON STREET,STONEHAM,MA,021802445,42.4863168,-71.0928919,9,0
9fc5e084-c6e1-3fb1-aa85-e5ec1c452f76,b9e35b8a-9831-32d8-a6dc-d7a546c126b0,Domenic627 Blick895,M,GENERAL PRACTICE,111 HUNTOON MEMORIAL HIGHWAY  1ST FLOOR,SPRINGFIELD,MA,011092550,42.1018764,-72.5886727,170,0
9a0750c4-5317-3288-ac52-dbe78f8ca0ce,06988693-a9d8-392b-a2ce-a07de8a931ad,Jimmie93 Reinger292,M,GENERAL PRACTICE,136 BOSTON POST RD,SUDBURY,MA,017762406,42.3638568,-71.39664274207772,1,0
ee87ca3e-a810-3d39-946a-552794208bf9,22249c0a-8ce9-3726-a3bb-b037c773ce5c,Thaddeus38 Sauer652,M,GENERAL PRACTICE,337 NEPONSET AVENUE,DORCHESTER,MA,021223103,42.2875144,-71.0470691675753,6,0
02e5aad3-c84d-334c-9e92-e47583404e95,2f735290-1603-31b5-b561-7c8e0d413170,Jolynn62 Adams676,F,GENERAL PRACTICE,100 FOXBOROUGH BLVD STE 230,FOXBOROUGH,MA,020352878,42.041851949999995,-71.23486657070565,71,0
845b1aa9-a92e-3b47-b36c-9e3605ab7337,328f813e-4de8-3ec2-a113-43f3ddfb0b2a,Eldridge510 Roob72,M,GENERAL PRACTICE,30-40 WESTPARK STREET,BROCKTON,MA,023015241,42.0834335,-71.0183787,66,0
bfd2b7d3-60e9-31b2-b243-cfdfbc099e3b,8d110f42-6f75-3751-b0c5-b45ab08333a1,Shonna561 Feest103,F,GENERAL PRACTICE,88 WASHINGTON ST,TAUNTON,MA,027802465,41.9062805,-71.09518121351795,34,0
2a6e86bc-cba6-3f0c-949b-67a6f26d55fe,954e01a8-3b27-314e-9c77-254f1ac9c917,Graciela518 Lehner980,F,GENERAL PRACTICE,116 Long Pond Road,Plymouth,MA,02360,41.924313,-70.656654,70,0
bffea485-f07f-37c2-93a5-3e57ea23ce89,dd3307db-114c-3f11-be44-a9eef6bb3fc5,Evelin941 Ratke343,F,GENERAL PRACTICE,269 UNION STREET,LYNN,MA,019011201,42.4652772,-70.94362420273097,32,0
d7121997-aa09-35bd-a5ef-d651884a9fd9,9b1f8cd0-2246-3f4f-82df-23ea314c7665,Verdie59 Bruen238,F,GENERAL PRACTICE,800 ESSEX ST,LAWRENCE,MA,018414617,42.70162725,-71.1755487945157,1,0
a677dc48-3185-30e9-81a8-fdea9cea9f1d,15d4c950-4691-3996-b4c4-bf06bfb58ff7,Alvin56 Crona259,M,GENERAL PRACTICE,70 EAST ST,METHUEN,MA,018445883,42.7285558,-71.16833738237946,1424,0
8400c5ac-7c41-3d6d-b064-a9e39df232fe,5018c664-e283-30eb-932a-529d9a19b3b5,Rochell365 Stehr398,F,GENERAL PRACTICE,300 SOUTH ST,WOBURN,MA,018014979,42.473347,-71.144086,138,0
7fee38ac-fae2-35fb-8a27-076c57e82305,d140ed3f-2696-3e78-bd77-1c959ec4fc4d,Mariano761 Saiz247,M,GENERAL PRACTICE,863 HATHAWAY ROAD,NEW BEDFORD,MA,027401916,41.6512968,-70.9669902070805,2,0
2e436283-d466-3ad8-9dd4-45f9137a3108,1cff30ba-b91f-3ea2-b80b-770d67856358,Duncan491 Halvorson124,M,GENERAL PRACTICE,359 JONES RD,FALMOUTH,MA,025403341,41.5591273,-70.60352436630029,2,0
6bba0270-2335-3319-9d8e-a0fd9ae67f82,b53dc1b7-43b0-3c43-a73f-304165633a59,Junior695 Leffler128,M,GENERAL PRACTICE,63 MAIN ST,HYANNIS,MA,026013202,41.6562005,-70.27336188244256,69,0
91828f7f-27a4-34c3-8e96-b6023e888604,f7171d7c-0d92-33cf-98dc-abd628d79750,Malissa448 Schmidt332,F,GENERAL PRACTICE,431 POND ST,JAMAICA PLAIN,MA,021303402,42.310128500000005,-71.1321602569144,4,0
8a19ee1a-914f-3940-b301-cbe2dd48e29c,bccd7d67-203c-3d93-b6b0-bff5a146cd1d,Courtney281 Kihn564,M,GENERAL PRACTICE,286 WASHINGTON ST,STOUGHTON,MA,020721763,42.1384306,-71.1022598,16,0
e1588789-49de-393c-8716-421cf2120327,63cb4d95-04a9-3a35-b5d9-f89e0377a48d,Chu728 Weber641,F,GENERAL PRACTICE,211 PARK ST,ATTLEBORO,MA,027033143,41.9419187,-71.2752081695297,390,0
510eb206-f55e-36c3-b3a5-c6a6d8fb9fd6,13f83225-b984-345a-a353-11237d5aadfb,Zonia753 Schroeder447,F,GENERAL PRACTICE,450 W RIVER ST,ORANGE,MA,013641408,42.5928702,-72.32953998953418,29,0
cadc1980-9776-3acd-ae34-dbe96e59664f,6e290541-eba3-37fc-a3e2-e58f77e84c7e,Christeen33 Toy286,F,GENERAL PRACTICE,15 LENOX ST.,SPRINGFIELD,MA,011083122,42.085779,-72.55846414285715,8,0
c1f5bb36-90a3-3e04-8ba9-f9a344d48893,a2a41caf-758f-3962-8e5f-e6e603f93d17,Noelle559 Padberg411,F,GENERAL PRACTICE,111 HUNTOON MEMORIAL HWY,ROCHDALE,MA,015421305,42.2020225,-71.89891616754682,15,0
4c300b8d-bd8a-3761-aab9-d4d32f5b4ee2,0d24cc89-3256-330c-b36d-d8de8babef84,Will178 Bernhard322,M,GENERAL PRACTICE,1030 FALMOUTH RD,SOUTH YARMOUTH,MA,026641218,41.6667779,-70.1847414,52,0
bc9d7a49-98b4-3820-b374-1df99b4888e4,19a65317-5d32-355e-8f82-88933d48366d,Wes853 King743,M,GENERAL PRACTICE,5 PRECINCT ST,LAKEVILLE,MA,023471468,41.8455651,-70.95195924208448,41,0
30bd9dbf-be25-3986-99ed-2c54f101e604,844a8cb2-4164-35b2-88b8-dffa2889a738,Shemeka786 Conn188,F,GENERAL PRACTICE,150 UNIVERSITY DRIVE,AMHERST,MA,010022232,42.368937,-72.53247107203978,8,0
6c8c6d26-9a47-3f1b-b594-9a63bf9aaa9b,fcad54de-c1cb-3039-8e22-1d2d28134044,Cleveland582 Lesch175,M,GENERAL PRACTICE,70 EAST ST,METHUEN,MA,018444597,42.7285558,-71.16833738237946,47,0
8d0051bd-181a-3c36-8955-e8741c548dd4,ea8d287f-b3a9-3800-8798-788e334ee406,Palmer257 Kuphal363,M,GENERAL PRACTICE,81 HIGHLAND AVE,SWAMPSCOTT,MA,019072928,42.4699241,-70.9171507,220,0
4f7bac2c-6131-3386-9233-db6901163664,c7542447-e06e-32cb-b6db-243c23a0dbc2,Carson894 Krajcik437,M,GENERAL PRACTICE,30 WARREN ST,BOSTON,MA,021353602,42.3501483,-71.14393324457691,99,0
5bf50cfa-3b1d-3a35-8199-ede8efa12d2e,8bf5325a-c11b-35c4-b07d-17a5aeba8353,Rueben647 Okuneva707,M,GENERAL PRACTICE,815 WORCESTER STREET,SPRINGFIELD,MA,011511001,42.1018764,-72.5886727,17,0
165e6259-d842-3b71-a271-4cffb23e7023,43e22208-dae0-3196-b30b-17b3c50679c2,Shayne60 O'Kon634,F,GENERAL PRACTICE,147 PELHAM ST,METHUEN,MA,018442060,42.7288158,-71.20222773774655,53,0
eff34859-94cb-3eb8-bade-02ee2f172b92,aba3e6f6-4562-342e-b90f-dd61b117f394,Maryjane289 White193,F,GENERAL PRACTICE,438 CHESTNUT STREET,SPRINGFIELD,MA,011072008,42.11291091861002,-72.59692685125127,4,0
c23f29b0-4f7d-32eb-9543-a68c5cb5fe37,a4b91172-69e7-3895-bd89-b9a0868de5c2,Salvador46 Wolff180,M,GENERAL PRACTICE,651 ORCHARD ST,NEW BEDFORD,MA,027441052,41.6149879,-70.93113851963673,57,0
28fea4c7-acc7-3dfe-8603-bbd5e08695fe,eee00932-ca82-36bc-b7e8-e3fff6dbaeaa,Leif534 Hane680,M,GENERAL PRACTICE,450 BROOKLINE AVE,WEYMOUTH,MA,021893141,42.2212188,-70.9391625,27,0
17b18be5-236f-3720-8e84-25807a0d0e11,50c7f768-9138-3dae-a67d-953bdf9ad754,Evelia928 Bogisich202,F,GENERAL PRACTICE,125 COUNTY STREET,TAUNTON,MA,027803561,41.8960599,-71.07799243944345,3,0
dd7e9653-e2b6-300f-bcf0-aafcb134ac73,be509ccb-bfb7-3b87-8945-8426b689ef9d,Chong355 Balistreri607,F,GENERAL PRACTICE,2049 DORCHESTER AVENUE,BOSTON,MA,021244742,42.3554334,-71.060511,4,0
98ed905b-c2dd-3d69-aa5b-d1a0382858b1,065eba51-cef7-3976-8654-ba8e7df887ce,Lyndon118 Block661,M,GENERAL PRACTICE,1165 NORTH PLEASANT STREET,AMHERST,MA,01002,42.40927615,-72.52971238527101,8,0
a736baef-0c3c-3d34-a663-e4314fbb019d,73c7eaf8-f8b3-383f-b3e1-4d8ff5ca255d,Nicki254 Bartell116,F,GENERAL PRACTICE,161 FALMOUTH RD,MASHPEE,MA,026492662,41.6314877,-70.46769809885944,1,0
b615ff32-c2de-3bce-bcf7-e8800fbc14c5,71455c27-ff31-3c99-a1ac-9773f7bcba96,Lewis216 Walsh511,M,GENERAL PRACTICE,6 MORRILL PL,AMESBURY,MA,019133502,42.84870445,-70.9320636014072,1,0
c641692f-45bc-3995-ba93-454f371aef19,9fbf3c5e-5f22-3b9f-9032-39d6de320874,Delois358 Langosh790,F,GENERAL PRACTICE,150 FLANDERS RD,WESTBOROUGH,MA,015811017,42.2770724,-71.5679154706427,154,0
d9589a6d-e258-3ed8-97a3-dfe605a3c1ef,f8918a95-31e8-3ac4-8d12-29ca6080ebda,Rudolf736 Vandervort697,M,GENERAL PRACTICE,199 REEDSDALE RD,MILTON,MA,021863926,42.251368299999996,-71.0768393856917,148,0
8d7ac006-41ca-3cd8-b678-1b4668a6d701,bce5b907-584b-345d-bbcf-912cf56cb6c3,Monte325 Parisian75,M,GENERAL PRACTICE,11-15 SANDERSDALE ROAD,WORCESTER,MA,016032467,42.0667952,-72.0084995,20,0
41b3f912-ceef-3b80-ae4c-9a0f2b6551f8,3ff0f58b-7a1f-3334-9449-ff15f68b7d86,Winston220 McCullough561,M,GENERAL PRACTICE,275 SANDWICH ST,PLYMOUTH,MA,023607761,41.94186605,-70.6455366462985,98,0
ad908667-9efd-30f8-b1e7-7682f8ed9acd,70e3ad4f-b9ff-3f3e-9990-2cd7e23a9d1c,Tambra47 Bosco882,F,GENERAL PRACTICE,1238 RIVERDALE ST,WEST SPRINGFIELD,MA,010894675,42.1373438,-72.62624707492338,3,0
4b015c34-04a3-3142-940b-b53a456f277b,dbe1e521-57da-3855-9aa0-aabadbd17e32,Joline447 Stark857,F,GENERAL PRACTICE,454 WASHINGTON ST,NORWELL,MA,020612050,42.1592792,-70.85480698781902,1,0
0bbc0b7d-5981-348f-9104-4aa771645fcc,8ddbad9e-b5fc-3895-8a1c-17f32197a865,Barrie587 Nicolas769,F,GENERAL PRACTICE,1455 MAIN STREET,CHATHAM,MA,026332083,41.6827332,-69.98755685244114,1,0
8c542c3d-db20-385b-8bf4-7d39a824b643,7e8bd0f2-2746-355e-92ef-9473818c58a2,Suanne858 Okuneva707,F,GENERAL PRACTICE,90 SUTTON STREET  SUITE 3-4,NORTH ANDOVER,MA,018451655,42.705281049999996,-71.13643624887442,12,0
2da77798-7ebe-30b7-a2cc-078d163f6be5,dd280187-8662-3732-af81-595d10572911,Clifton91 Lakin515,M,GENERAL PRACTICE,4499 ACUSHNET AVE,NEW BEDFORD,MA,027454707,41.74026055,-70.9450945705336,131,0
02bc453c-9c4a-3982-bd2a-cf68c55ab26a,a7b047dd-186a-32de-8187-b0853c05aed6,Melida518 Mayert710,F,GENERAL PRACTICE,180 LOW STREET,NEWBURYPORT,MA,019503519,42.815683050000004,-70.89666045994463,12,0
e08260e9-8746-3f61-9e5c-5472e09d1b6a,dac75bc1-cbfa-306b-9a0a-88d5edf3638d,Henry768 Ebert178,M,GENERAL PRACTICE,170 COREY ROAD,BRIGHTON,MA,021358244,42.3433093,-71.14003855124017,12,0
7121349c-6fc2-36aa-8773-6d2380b6ff40,b7488009-cd48-3a0d-87c4-6c47d1ceb3c8,Marielle507 Hayes766,F,GENERAL PRACTICE,95 COMMERCIAL STREET,BRAINTREE,MA,021844301,42.22110375,-70.97097247044559,3,0
5074bb42-5346-3adc-b488-66eb08d366a0,089bceb2-0ecb-3650-95e9-e7260248b809,Estella474 Reynolds644,F,GENERAL PRACTICE,50 W MAIN ST,HOPKINTON,MA,017481672,42.22029125,-71.53814854921914,34,0
05ee3532-c87b-3cf2-ab3d-256a24c8de1a,f82ff162-c689-3682-876c-220cf96eb97b,Janey243 Schoen8,F,GENERAL PRACTICE,74 MAIN ST,FRAMINGHAM,MA,017022952,42.2976266,-71.42605348361442,50,0
91d695a8-246c-3cba-bf20-e9d79ba67e19,9d989fcf-4ad9-3972-ada3-f275d967781e,Dominic463 Miller503,M,GENERAL PRACTICE,100 TER HEUN DR,SANDWICH,MA,025632377,41.7579043,-70.4968152,289,0
2c1db8be-6c37-3801-94e1-ddb1d61b77d6,0319f6d9-60a3-36ac-9f26-b782d7997b1c,Maybell872 Quitzon246,F,GENERAL PRACTICE,22 MILL ST,ARLINGTON,MA,024764738,42.4177455,-71.1579688,59,0
1f3e14e1-0581-3ca1-b0d4-77d3a2f51717,a2cc09de-c1e2-3126-8c09-d49f95225281,Cristi782 Leannon79,F,GENERAL PRACTICE,300 LONGWOOD AVE,WALTHAM,MA,024532741,42.3756401,-71.2358004,58,0
f0de6857-1c58-3ea7-be7b-99dd24d2bd4c,9f2f60a6-87a4-3f45-b753-b63b5b7e9993,Luis Miguel102 Gamboa193,M,GENERAL PRACTICE,332 HANOVER STREET,BOSTON,MA,021131901,42.3647421,-71.0536619,39,0
e9d6d6d5-877d-30c8-b833-89f9568fe58d,44cb1162-a345-3477-8723-c202a3c8cdcd,Shaquita282 Graham902,F,GENERAL PRACTICE,73 W MAIN ST,HOPKINTON,MA,017481619,42.21799145,-71.54005509979045,99,0
552c6e52-34d8-35ee-aaf2-0febb5091ce1,f341c366-8313-3790-ab26-d8d27b116ff5,Augustine565 Greenholt190,M,GENERAL PRACTICE,80 LINCOLN STREET,WALTHAM,MA,024535465,42.39322121170625,-71.24104146434591,77,0
4b323a76-667f-3d24-b67c-71f6c32604a4,1de1aeee-4088-391b-af7a-95d7cfaeaf32,Elayne206 Denesik803,F,GENERAL PRACTICE,57 PROSPECT ST,NANTUCKET,MA,025542799,41.27514065,-70.10108985970798,124,0
f44abd37-4e06-3315-a7df-353bb97f8369,f312977e-8f41-3816-84cc-e5b12ba36955,Harlan808 Langosh790,M,GENERAL PRACTICE,1153 CENTRE ST,JAMAICA PLAIN,MA,021303446,42.3017598,-71.12855793387442,9,0
9b8240b1-de7b-3931-bfc9-34494c472cb3,4ffc4e4b-9d8d-3c30-ad84-fc9a7209da94,Madelyn308 Carter549,F,GENERAL PRACTICE,4525 ACUSHNET AVENUE,NEW BEDFORD,MA,027454727,41.74080975,-70.94731021257817,11,0
48b3db32-5537-32ac-a708-2e30baad4f41,ce4d0501-49eb-396a-bc56-545fdfc624b0,Bea654 Daniel959,F,GENERAL PRACTICE,1 HOSPITAL RD,OAK BLUFFS,MA,025571406,41.46063105,-70.57989080295974,31,0
25e79e7d-50af-34a6-8741-185b69aed864,e69e7cbb-8362-30d1-83f2-3a0c492fe2b1,Isaac321 Kub800,M,GENERAL PRACTICE,110 LONG POND RD,PLYMOUTH,MA,023602642,41.9255829,-70.65514326847389,58,0
ef675b78-8a48-3c92-a67c-5d05c225dd35,4932efc0-a23f-3f57-803e-554caa6ae7a8,Nathalie366 Nitzsche158,F,GENERAL PRACTICE,2446 HIGHLAND AVE,FALL RIVER,MA,027204504,41.73521465,-71.12778915697172,1,0
3bd8bec9-cb1c-331a-b11f-9816647132a0,2b3f6816-b774-3bb5-8654-915e5f712f9c,Dante562 White193,M,GENERAL PRACTICE,1650 WASHINGTON ST,WEST NEWTON,MA,024652241,42.34253672934744,-71.23694527065257,1,0
8c70ae3e-5b0d-32d7-a25b-9fa04c0f2669,ee7fab6f-6438-394f-b1f2-3e452f8f055a,Domonique463 Satterfield305,F,GENERAL PRACTICE,75 BRIMBAL AVENUE,BEVERLY,MA,019156009,42.570099299999995,-70.87108224250409,31,0
6776bf72-8712-3e1e-ae69-861a8c5ca39b,907b1d2f-2bf8-31b5-abc2-14d6b75faa96,Ellis535 Ernser583,M,GENERAL PRACTICE,340 MAPLE ST,MARLBOROUGH,MA,017523200,42.3358161,-71.54106510218209,29,0
3b97bd75-05e9-3ef5-b041-f94bd3fa28aa,880fad59-9c38-3a21-a39f-ccc801502ab3,Maurice742 Pollich983,M,GENERAL PRACTICE,799 CONCORD AVENUE,CAMBRIDGE,MA,021381048,42.390849395521705,-71.1556550001627,7,0
db7ff264-80d1-347b-830e-664713fcd1ce,e34d8448-8b98-3f91-9fe7-faeb8a78e1db,Jill895 Monahan736,F,GENERAL PRACTICE,NEW ENGLAND SINAI HOSPITAL,MILTON,MA,021862377,42.2501425,-71.065573,63,0
eb2b3950-9363-395a-8ae4-568d7c4619db,0fa1cab9-83c1-3c85-b7bc-53d8b922e2f7,María José279 Rodríquez611,F,GENERAL PRACTICE,115 LINCOLN STREET,WORCESTER,MA,016081216,42.2768165,-71.795274,114,0
70d938a6-2eff-3795-a653-31a1c3be6bc9,e98ef46c-e94c-34bc-9cf5-134d8ddcbac5,Mercedes82 Montalvo564,F,GENERAL PRACTICE,10 EMORY ST,ATTLEBORO,MA,027033002,41.9447388,-71.27972821642685,1,0
caae247d-825a-3d56-873f-4c37f60f85ac,2b97893e-dc50-378b-a266-f089b8450329,Gary33 Torphy630,M,GENERAL PRACTICE,250 MOUNT VERNON ST,DORCHESTER,MA,021253120,42.3194571,-71.04610844302991,30,0
11a2fe41-d8d1-34cf-96a1-8e36733e6d02,d0894f6b-78d7-338d-82ad-b63de4d40014,Dewayne363 Lemke654,M,GENERAL PRACTICE,330 MOUNT AUBURN STREET,WALTHAM,MA,02452,42.3756401,-71.2358004,63,0
8f54f19e-482b-3e45-9388-8408d8162c9d,0d19a52f-6f9b-32aa-9aad-6b7027cc668e,Indira327 Mills423,F,GENERAL PRACTICE,7 SANDISFIELD ROAD BOX 216,SANDISFIELD,MA,012559621,42.1131485,-73.1299243,94,0
f115f93b-0ac9-36f7-b1c7-7e770e1d4a0c,52efa2e5-007f-3396-a83a-28ca015f0595,Walton167 Turner526,M,GENERAL PRACTICE,20 N PARK AVE STE 2200A,PLYMOUTH,MA,023604090,41.960434631488596,-70.67007876763536,3,0
260b2bd6-782f-3fcc-a320-1366ec950942,19439108-9835-38fe-8ee2-1226a355cfba,Anderson154 Kunze215,M,GENERAL PRACTICE,694 WORCESTER RD,WELLESLEY,MA,024822837,42.2964859,-71.2925571,3,0
f6bcbd17-2621-3227-916f-2649ccd26654,edd58f69-ad5f-346b-b1f9-530ccdc895f6,Shawn523 Padberg411,F,GENERAL PRACTICE,52 CARPENTER ST,ATTLEBORO,MA,027032472,41.9369576,-71.27996091755344,8,0
4266581f-bab3-3fed-b42c-a7101923975e,0334ad53-5d57-384e-a411-63b075139c06,Silas208 Stamm704,M,GENERAL PRACTICE,66 CENTRAL STREET,EAST BRIDGEWATER,MA,023331913,42.03160525,-70.9572577506426,13,0
1cabe0cf-402e-36bb-8184-3a02d5bcbd87,4ba48ef6-19f2-3177-bfaf-096daaebf26a,Gerald181 Wunsch504,M,GENERAL PRACTICE,275 TURNPIKE ST,BRAINTREE,MA,021845328,42.2064195,-71.005067,31,0
633d6195-fb97-32a5-b598-81db1f21572d,0a8a4b11-d0b8-3cd2-92cd-983de5189cfa,Angelena945 Nicolas769,F,GENERAL PRACTICE,111 BIRCH STREET,LYNN,MA,019021574,42.47859105,-70.93458444045801,25,0
9694bfe1-8eb9-3190-a000-8734e2a3d509,7b7ce654-a413-37d1-9d34-97240c0ac580,Liberty95 Kihn564,F,GENERAL PRACTICE,1 WRENTHAM ST,BELLINGHAM,MA,020192532,42.025037350000005,-71.48945118224057,2,0
b9621d12-d319-37c5-86c5-26e7402d8e22,7b20d1c4-c56b-3647-801c-5e4e13679073,Riley817 Prohaska837,M,GENERAL PRACTICE,275 SANDWICH ST,PLYMOUTH,MA,023602183,41.94186605,-70.6455366462985,39,0
03b8aa10-19b8-3556-b299-c98f79ecb628,2399f9b0-28d7-3355-ae52-474326a3b021,Vicente970 Estrada938,M,GENERAL PRACTICE,23 N ASHLAND ST,WORCESTER,MA,016093041,42.26901755,-71.80739730766234,30,0
57467c1a-7de0-323e-9ffb-56988c39432d,3e97ce4f-3ad7-3cea-883f-e2bb4ca89d83,Dan465 Swift555,F,GENERAL PRACTICE,30 NEW CROSSING RD,READING,MA,018673270,42.51809619399502,-71.0959083715027,1,0
c1a5c06a-6e65-3413-8e7d-dbd9d81238e9,e982819a-87b3-3124-a0f2-85f8afcc7731,Heather971 Goldner995,F,GENERAL PRACTICE,140 COMMONWEALTH AVE STE 202,DANVERS,MA,019233625,42.5524742,-70.94443165548033,66,0
252d5cfe-62a1-34ea-8187-ba9e5621b017,c60fc3df-9dbd-3f31-a456-41c84490266f,Booker670 Johnson679,M,GENERAL PRACTICE,146 MAC ARTHUR BOULEVARD,BOURNE,MA,025323902,41.7412166,-70.5989196,3,0
e2bc59da-78f9-31c1-929c-bd174e8e4fd6,46daa26f-fda5-38a9-9c45-fda430d28fa6,Trenton748 Bernier607,M,GENERAL PRACTICE,25 RAILROAD SQUARE  SUITE 501,HAVERHILL,MA,018325721,42.7736752,-71.08561759491305,2,0
4057c0e1-a534-3c1b-b966-7516c6a14068,c0132cf6-1703-3aad-89b4-cc2f2bbc123e,Lovie151 Schoen8,F,GENERAL PRACTICE,66 NEWTON STREET,WALTHAM,MA,024536058,42.3746705,-71.22789736306842,7,0
4f7393cf-e766-36b6-a37e-e87a903bdfa5,d5920b72-ac1a-3ec4-81ca-e3b75cb7aadd,Merrilee429 Daugherty69,F,GENERAL PRACTICE,251 Causeway St.,Boston,MA,02114,42.3665,-71.05931,145,0
4057c060-7f41-32e0-83c6-9551427f067a,4f59f709-8b84-3d27-a04b-c6b7b5544413,Natividad796 Davis923,F,GENERAL PRACTICE,70 BOLTWOOD WALK,AMHERST,MA,010022271,42.3768779,-72.51840280783739,107,0
7b46b47a-7dea-3fac-85ea-835ada7bcc64,79d49935-bcc0-36ca-920b-45365c367438,Sherita708 Hudson301,F,GENERAL PRACTICE,409 W BROADWAY,SOUTH BOSTON,MA,021272245,42.336831,-71.047958,26,0
e44c2b81-7942-3bd2-82ca-68c93b2c18f2,0f2c58ec-5323-3c0f-9bdf-af0df7eb2a2b,Owen89 Boehm581,M,GENERAL PRACTICE,130 DORCHESTER STREET,SOUTH BOSTON,MA,021272642,42.3334312,-71.0494949,3,0
58ef96c1-8287-3204-9b19-94db8af08073,51370692-6296-3150-8672-559fc73f964f,Almeda560 Okuneva707,F,GENERAL PRACTICE,75 FRANCIS ST,WEST BRIDGEWATER,MA,023791542,42.0219112,-71.019004,33,0
f32c686e-f880-394b-a2e2-5e7c75ab651a,c6b019eb-28ec-36f6-abf3-bcc4d1d58966,Adela471 Ocampo729,F,GENERAL PRACTICE,33 AVON ST,WAKEFIELD,MA,018802310,42.50403445,-71.07462951514611,44,0
d1c2b0c9-0128-37bd-83b9-abed7d486acc,b3312a2d-37e9-35a8-b50d-6c165c437baa,Lorretta561 Reinger292,F,GENERAL PRACTICE,45 DIMOCK ST,ROXBURY,MA,021191029,42.32030665,-71.09721114916246,2,0
66c566a8-583d-3ef0-bbf2-898353b0114a,2836d9ac-c6a6-39d1-8f13-fdf0fc8928f4,Carlton317 Koch169,M,GENERAL PRACTICE,365 EAST ST,TEWKSBURY,MA,018761950,42.6069472,-71.2180803,54,0
4c92c9ec-14ae-36fc-864f-0673422d06b7,126b88f5-592a-3099-a433-c8b933f96d04,Charles364 Rempel203,M,GENERAL PRACTICE,573 GRANBY RD,SOUTH HADLEY,MA,010752122,42.23920485,-72.5586160752016,1,0
bfd23dc6-92e8-33c4-ba00-6b72249860e3,7dddc0c2-9f1d-3e4e-b2f2-fc7e6abbed31,Genevie117 Gibson10,F,GENERAL PRACTICE,160 MERRIMACK STREET  SUITE 1,METHUEN,MA,018446117,42.7334079,-71.13599310716302,1,0
2a63f809-da43-39fb-b613-5397d20e4983,82c72223-f521-3a34-9b9b-4ff366365399,Shon148 Reinger292,M,GENERAL PRACTICE,2100 DORCHESTER AVENUE,QUINCY,MA,021691870,42.2509914,-71.0037374,13,0
d44ac64a-2dd1-3437-80a0-918d4b3f76af,b1cbaecc-a62b-3f8f-8791-e090f947a41c,Benjamín452 Castillo397,M,GENERAL PRACTICE,150 BERKELEY STREET,LAWRENCE,MA,018411224,42.72074925,-71.16392537985021,2,0
d3858d89-23c8-3941-b3ee-f8cc617831f4,b5e6f1bd-c744-3556-9775-5ff8399eea33,Whitney250 Wiza601,M,GENERAL PRACTICE,2284 MAIN ST,CONCORD,MA,017423829,42.44300895,-71.42458458423982,61,0
dd948244-0183-3c78-8b1f-ecdc8f73eb43,04b252db-4231-3cb5-963d-6f096fb4b97c,Lorie307 Grady603,F,GENERAL PRACTICE,1177 PROVIDENCE HIGHWAY,NORWOOD,MA,020625019,42.194543,-71.1994976,5,0
effb9d3a-af7d-3258-847d-13aa427038c7,94f6a3ae-7d8d-3cbc-a788-e400732da7e5,Ammie189 Kuvalis369,F,GENERAL PRACTICE,450 WEST RIVER ST,ORANGE,MA,013649603,42.5928702,-72.32953998953418,3,0
0b5333c9-eff0-382e-a847-6645e0df0ae2,e2eab39c-5195-34aa-b35f-e89e37cfed01,Miguel815 Roberts511,M,GENERAL PRACTICE,55 FOGG ROAD,WEYMOUTH,MA,021893141,42.175539799999996,-70.9539153674405,64,0
3127efb4-a0ec-3aa3-b3d0-e50433538f8e,b411fd60-9bd5-30f1-99b4-c24a409964a1,Wanetta360 Schumm995,F,GENERAL PRACTICE,42 ASBURY ST,SOUTH HAMILTON,MA,019821808,42.61322825,-70.87300675048934,50,0
d146f55a-154a-3f56-bd2e-eb423cd873bd,f52777bd-7313-3b27-8dd5-cd3f87bd3275,Larraine124 Torphy630,F,GENERAL PRACTICE,9 HOPE AVE,WESTWOOD,MA,020902914,42.2139873,-71.2244987,38,0
47aaf819-ef5a-34b3-be96-fa8f8e98ac75,4705a8fd-19cd-32c1-8b3e-34bcfe84d0bd,Jimmie93 Mayert710,M,GENERAL PRACTICE,55 N WASHINGTON ST,NORTH ATTLEBORO,MA,027601607,41.983529,-71.332241,37,0
e8ef9967-a2ab-34c5-8fca-ec331f680e13,f5ccbb53-e4a0-32e5-a693-02150497a8f4,Tyrone215 Huels583,M,GENERAL PRACTICE,100 HIGHLAND ST,MILTON,MA,021863881,42.250705749999995,-71.07724199194602,50,0
d6c3bc93-6872-337a-956b-78c91db9f5d9,497f39dd-280e-3d58-af5b-c5e3a3a09b10,Randy380 Bergstrom287,F,GENERAL PRACTICE,27 PARK ST,HYANNIS,MA,026015230,41.65363635,-70.27352219234834,112,0
51996024-f498-3e4f-9f49-f64469ade48a,0d7fd824-1c7b-3f8b-a662-f6c2005e82e1,Arminda86 Trantow673,F,GENERAL PRACTICE,88 MASONIC HOME ROAD,CHARLTON,MA,015071394,42.1389039,-71.9782681,3,0
6ff9be0a-8f11-30b8-b034-e8b60cb3f57d,a525d084-5a8f-3859-a048-2130a4092ec8,Samuel331 Runte676,M,GENERAL PRACTICE,2 MOUNT ROYAL AVENUE  SUITE 350,MARLBOROUGH,MA,017521976,42.34042135,-71.57841367654626,3,0
2b1d236f-44d8-373a-bb80-d933c25af3f8,accb8cdd-6560-3fef-b0a6-f12c3295026a,Kerrie266 Bergstrom287,F,GENERAL PRACTICE,969 PARK STREET,ATTLEBORO,MA,027035115,41.9266899,-71.2611303145582,3,0
befb90bf-1a64-312c-8009-1f156b391bbf,18a96051-91f4-3cba-af96-056ea14dfee0,Silva841 Grimes165,F,GENERAL PRACTICE,25 HIGHLAND AVENUE,NEWBURYPORT,MA,019503872,42.81369325,-70.89091645747592,192,0
79b080bd-e09f-3a48-be86-5df3b2fdc728,f00601d0-d49e-30ed-bc3e-314379f2103e,Elijah719 White193,M,GENERAL PRACTICE,490 MAIN ST,MELROSE,MA,021763841,42.4550741,-71.0654799,28,0
160001f8-8246-3ba8-916b-7fe227d6dbc2,9d41e4fc-9507-3ddb-82ad-966046fca031,Esteban536 Torres807,M,GENERAL PRACTICE,104 RANDOLPH ROAD,WORCESTER,MA,016062465,42.29955605000001,-71.79838133819244,6,0
459492cf-2ff3-3d96-aec1-4c2c08bc09e6,18b1bb7e-2f93-3253-a7ae-d19c13ffeaa1,Patty600 Bashirian201,F,GENERAL PRACTICE,29 E 29TH ST,WEST NEWBURY,MA,019854201,42.8014795,-70.989778,54,0
1c79bbe3-4dd3-3b55-b2c4-bda367847645,67d2f85b-ddc7-3ed0-b90b-6fa5b7b8358a,Marshall526 Jenkins714,M,GENERAL PRACTICE,43 FOUNDRY AVE,WALTHAM,MA,024538313,42.37050535,-71.21908334877376,53,0
ebaf3f16-598b-38b1-9737-c398ada442fb,ce89d7ed-54eb-3eae-881a-15df8e631c47,Silvia880 Howe413,F,GENERAL PRACTICE,36 WILLIAM STREET,LEOMINSTER,MA,014533276,42.5267443,-71.7614891,1,0
a026340e-0dd0-39cd-b155-66125dcf8676,0d9b0d22-585e-3fd8-ab02-26b5be7915d1,Jean712 Koelpin146,F,GENERAL PRACTICE,516 CAREW ST,SPRINGFIELD,MA,011042330,42.12133575,-72.59217953646302,7,0
d7ee3d66-8442-384a-a890-848dffc148ed,e4dbbb2f-5a51-341d-b5a5-dd91b968b217,Errol226 Gaylord332,M,GENERAL PRACTICE,329 WASHINGTON ST,NORWELL,MA,020611737,42.16319935,-70.86354427737673,5,0
8a2ecbde-d371-357b-b158-c7add8f4fa69,0d1570ab-371c-3898-9397-95905d8c5166,Jose871 Dicki44,M,GENERAL PRACTICE,750 WASHINGTON ST,BOSTON,MA,021111552,42.3499038,-71.0631836,85,0
be4ef185-fb94-3678-bad3-6f4e35cccfaa,1853aeef-5897-326a-80d6-aa4b0459eb6d,Kendra609 Kassulke119,F,GENERAL PRACTICE,381 WICKENDEN ST,ATTLEBORO,MA,027032247,41.9438129,-71.2806515,19,0
44ab6b85-e408-3b07-b0bf-5e9be600a714,4b7e26e6-e5b1-38c9-b4ac-fde9a0f93177,Edmundo94 Eichmann909,M,GENERAL PRACTICE,38 BROAD STREET,QUINCY,MA,021694604,42.2560352,-70.99469254391217,40,0
f87a43a8-3c40-3d39-ad5a-810a0cee2a28,94dda4e1-7476-367a-b1f8-37ea7f61a1b7,Chanell45 Robel940,F,GENERAL PRACTICE,145 WARD HILL AVENUE,WESTBOROUGH,MA,015811017,42.2694308,-71.6129907,50,0
21352ac2-7471-3ee0-962e-5da59a027382,2ca615f3-87f7-3283-a447-d919a883b676,Isaias604 Dickinson688,M,GENERAL PRACTICE,1399 WASHINGTON ST,HANOVER,MA,023391653,42.1441354,-70.8440854,1,0
05faeff1-280e-3298-8709-4745e82054c2,7f32dd7d-5c35-3ddb-839b-8fbbb930d412,Tyron580 Littel644,M,GENERAL PRACTICE,863 CENTRAL STREET,FRAMINGHAM,MA,017014813,42.30758060362541,-71.42846215724606,16,0
bb7b5c51-1844-3bb1-96e7-0df50df28b39,65bd3883-56ee-3eea-8e86-b7e677a30727,Wilhelmina724 Block661,F,GENERAL PRACTICE,150 FLANDERS RD,WESTBOROUGH,MA,015811017,42.2770724,-71.5679154706427,1,0
9bb999b8-4e56-3279-a945-fd38111c4b2c,80646050-1c76-3046-bbc8-fd5f0b7c34e6,Raleigh478 Hauck852,M,GENERAL PRACTICE,140 ARNHOW FARM ROAD,FITCHBURG,MA,014201369,42.5903661,-71.8119837,95,0
88c14458-32be-3cef-9493-cb6b2385ea81,cac6f8b3-eafd-31b3-9fa3-8015752ccc2c,Celine582 Pagac496,F,GENERAL PRACTICE,123 SUMMER ST,WORCESTER,MA,016081216,42.26496835,-71.79655403681465,2,0
bd81d95d-b924-3aff-9fa3-fbb431c9feb3,e02d9c87-52cb-3f3c-9f97-fe95f260c437,Sheldon401 Hoeger474,M,GENERAL PRACTICE,321 MANLEY STREET,WEST BRIDGEWATER,MA,023791022,42.0338457,-71.05496436428572,2,0
545ff7ad-54fe-3025-a9be-458fbfcffbec,9c9d017c-0a4d-3e03-9802-4d310ea05c71,Essie785 Schaefer657,F,GENERAL PRACTICE,70 FULTON ST,BOSTON,MA,021091402,42.362439499999994,-71.05377386223965,1,0
7ffeb6d9-d6e2-34df-a91f-64f442842cd1,8af3b144-0e1a-3c90-937d-81a4ed026080,Guillermo498 Fay398,M,GENERAL PRACTICE,800 WASHINGTON STREET,NORWOOD,MA,020623489,42.1886973,-71.2005241,33,0
a2254b57-e48d-3843-b37f-26a077279f8b,9fdce5d5-d4d0-3156-a8d5-8757bfe4e9b3,Pamelia915 Kilback373,F,GENERAL PRACTICE,1 FARMER CIR,ARLINGTON,MA,024742866,42.42405225,-71.16792616556859,28,0
96267fcb-4105-3a58-89f8-707419983706,a35fd733-dc1a-33f0-a308-292ff5581287,Julianne852 Schaefer657,F,GENERAL PRACTICE,15 STRAW AVE,FLORENCE,MA,010621491,42.335654,-72.663286,53,0
f9c1ca0b-c17a-3204-a73d-d0a0bc06148e,b014aec7-7bd8-351f-8808-3e280cbc5be6,Rosaria177 Volkman526,F,GENERAL PRACTICE,70 EAST ST,HAVERHILL,MA,018306700,42.7777829,-71.0767724,17,0
e22c5878-c0dd-3738-ad6b-04013733034e,36c8b677-a6ce-3266-b71e-ed86d778d0fa,Rebekah348 Rippin620,F,GENERAL PRACTICE,300 FRIBERG PKWY,WESTBOROUGH,MA,015813900,42.28350315,-71.58027718702151,84,0
20b7fa2b-a297-3769-9f60-bf2b01a28447,aad05540-c9cb-3805-b3c4-f9b9d9b42b2e,Arla414 Fritsch593,F,GENERAL PRACTICE,821 E MAIN ST STE 3,CHICOPEE,MA,010206306,42.155774795300516,-72.55672263289513,75,0
02eac3f5-d2ca-39a8-8936-9e3314ae359a,2987ddf5-7ff2-3e4a-9e25-d654a10313fd,Ted955 O'Connell601,M,GENERAL PRACTICE,519 MAIN STREET,MEDFIELD,MA,020522522,42.186209649999995,-71.30745495273302,15,0
8ec0a9cf-187b-34cc-83dd-e217f6b123df,eea92149-820f-301f-911e-b170e8312842,Rosa195 Laureano185,F,GENERAL PRACTICE,123 SUMMER STREET,WORCESTER,MA,016102177,42.26496835,-71.79655403681465,3,0
9da399e6-a8c8-36a1-a8b2-12666d19917e,19a3afba-b409-3650-a0ab-f3faf6e391ef,Patrina117 Strosin214,F,GENERAL PRACTICE,199 REEDSDALE RD,WALTHAM,MA,024511433,42.3756401,-71.2358004,28,0
d8223520-02a1-3167-8baf-48ba1f5cc39d,0e9d0119-1157-35a0-8bb5-7e0aa3041928,Gino587 Trantow673,M,GENERAL PRACTICE,1049 MAIN STREET,SPRINGFIELD,MA,011032114,42.09977055,-72.58470990760483,60,0
d1f85abc-904a-3602-a6ff-78ad3f6fe203,76b7dbb5-0a02-32a4-9a01-3511f7e45016,Jerrold404 Satterfield305,M,GENERAL PRACTICE,59 COUNTRY WAY,SCITUATE,MA,020663746,42.1806871,-70.74862935148246,2,0
f1c4e4a6-939b-319b-9230-390a2d81682d,83a08dcf-7ed6-3d2e-afc0-a72c05d2563c,Jerri638 Stiedemann542,F,GENERAL PRACTICE,755 MAIN ST,HAVERHILL,MA,018302166,42.797835,-71.0878121,36,0
1650383d-fdf8-3469-bdbd-06e8b86edf5e,25c85bcc-7e25-36bc-89e8-08e0d473db23,Stephen891 Okuneva707,M,GENERAL PRACTICE,138 S MAIN ST STE 14,MILFORD,MA,017573272,42.1270746,-71.51639128815474,18,0
0fa34219-ed31-3451-ad06-054846d16851,d9b71ccf-6649-3555-9e99-44eac0af257f,Javier97 Collier206,M,GENERAL PRACTICE,655 DEDHAM ST,WRENTHAM,MA,020931135,42.084901,-71.30689224201797,10,0
7db756af-c110-3ce3-a5cb-45ec710b78c1,cbebae9e-f95e-3d2c-9712-289ea8d6aeec,Xochitl483 Haley279,F,GENERAL PRACTICE,49 ROBINWOOD AVENUE,QUINCY,MA,021698130,42.2509914,-71.0037374,44,0
bdeb456b-1dcd-3757-833c-3eae2a615cbc,82ed13dd-9643-31e1-a56c-ff9a28a9d671,Camila223 Cartwright189,F,GENERAL PRACTICE,290 ROUTE 130,FORESTDALE,MA,02644,41.713592,-70.4889162,6,0
a6219d7b-769b-3ddd-b84d-a8f35af77bcd,ec7e487e-7e78-3eac-a9ee-37f8de98a0f9,Marlene554 Hammes673,F,GENERAL PRACTICE,277 WASHINGTON STREET,ABINGTON,MA,023512489,42.10060947239023,-70.94967338146704,5,0
f4f87d59-d80c-3e30-a8a5-2c324d46331b,471f7ca2-38f8-3080-8109-187c73ec0b1f,Reginia455 Johnson679,F,GENERAL PRACTICE,27 CONGRESS ST,SALEM,MA,019707308,42.518722068313224,-70.88940635956651,34,0
cdd3ae93-b9cc-319a-b020-e6b23e788293,a5577e5c-b886-37a0-8eee-8ff6feb7ea6b,Leopoldo762 Keebler762,M,GENERAL PRACTICE,330 MOUNT AUBURN ST,CAMBRIDGE,MA,021385502,42.3741033,-71.13417575971958,119,0
0e89f334-deee-3707-b739-7e22f19e4349,20df65a4-7567-3066-b680-0f71b0c31d38,Rayford811 Bashirian201,M,GENERAL PRACTICE,242 GREEN ST,GARDNER,MA,014401336,42.58685735,-71.98748072431209,280,0
b15c47d3-ef42-3212-831c-b9e735cbca49,5581e43d-0463-3a0b-afc7-a60aea5ac96c,Brock407 VonRueden376,M,GENERAL PRACTICE,57 RIVER RD,ANDOVER,MA,018101144,42.69112645,-71.19636086287642,55,0
76b88289-62f0-3222-8c05-340f5dd68cab,6ea4d3d6-d820-387a-a3d1-ed5944ad47a2,Fabian647 Larkin917,M,GENERAL PRACTICE,232 PLEASANT ST,METHUEN,MA,018447152,42.7397562,-71.17113575205717,153,0
258fda5d-80e4-3cac-a43d-898deada95da,e7722de2-0e62-3dc9-a163-a7003956673b,Weldon459 Lockman863,M,GENERAL PRACTICE,1 EDGEWATER DRIVE  SUITE 103,NORWOOD,MA,020624669,42.16153305,-71.20162617190071,34,0
177b7204-edab-3400-adea-44a4e165a64f,c630c98b-cbfb-3260-a984-4bbf511de98d,Selma398 Beier427,F,GENERAL PRACTICE,135 S HUNTINGTON AVE,BOSTON,MA,021304885,42.328899,-71.110855,1,0
6950a535-a96b-31cb-b701-b5d9011445f4,62b55e5b-b58f-354d-8f2d-f2a330bc619e,Brandon214 Gerlach374,M,GENERAL PRACTICE,201 HIGHLAND ST,CLINTON,MA,015101037,42.42738865,-71.69329092351188,152,0
7329ae9e-ce96-3768-a1d9-ea8faa71a989,966245ce-e84d-36b0-a838-2e0b5bb2e668,Refugio197 Crooks415,M,GENERAL PRACTICE,1425 BLUE HILL AVENUE,MATTAPAN,MA,021262122,42.2754929,-71.09384131587021,47,0
bfe0e25d-6160-31c5-b3f2-cc2ff6edd5c3,2bde75a8-708f-3930-8d57-100ab365d413,Cedrick207 Gleason633,M,GENERAL PRACTICE,173 WORCESTER ST,WELLESLEY,MA,024815521,42.2964859,-71.2925571,31,0
51df3ef4-b53c-3460-879d-aa673119269b,b7866c75-5e56-36b0-b9c5-c63051677b69,Elias404 Skiles927,M,GENERAL PRACTICE,45 RESNIK RD,SANDWICH,MA,02563,41.7579043,-70.4968152,79,0
868dd32b-af60-35a2-8247-43ddc4f54647,4eddfa13-f996-3048-9bbc-541b0a29038a,Vince741 Schmidt332,M,GENERAL PRACTICE,736 CAMBRIDGE ST,BRIGHTON,MA,021353601,42.348649949999995,-71.14799584850206,34,0
f0ca046e-93ad-338e-b6af-9c3adec5f741,845fbd9b-2d1c-39a8-8261-28ae40e4fab2,Bennett146 Rippin620,M,GENERAL PRACTICE,14 PROSPECT STREET,UPTON,MA,015681431,42.1700209025178,-71.59409308099494,98,0
14851962-3b66-3503-a044-cc7ae2cc1f3c,bac9dc0c-cb0f-3fa6-aa12-819dd0fb922a,Floy720 Greenfelder433,F,GENERAL PRACTICE,1493 CAMBRIDGE ST,SOMERVILLE,MA,021452935,42.3875968,-71.0994968,1,0
22b6af97-e2be-3530-8be1-c09eb9aebea8,9ce6072b-d039-3cde-8eaf-950211b8ae88,Saul605 Ratke343,M,GENERAL PRACTICE,147 S MAIN ST,MIDDLETON,MA,019492446,42.585787222720036,-71.00861442427218,33,0
4a9ddca0-65ae-3673-97c9-e2415f568a3e,af8566eb-8918-3ec7-ba44-92b6a2cf8097,Trevor374 Walker122,M,GENERAL PRACTICE,81 HIGHLAND AVE,SALEM,MA,019702714,42.5112107,-70.90516241826194,72,0
a2d77c55-65d1-37fd-a35e-cec1fbc743fc,d4a03501-69f6-3a89-ac27-ed25976fdb6f,Clarence5 Hyatt152,M,GENERAL PRACTICE,25 WOODLAND ROAD,STONEHAM,MA,021801705,42.450448800000004,-71.09076944938434,12,0
f2dfb362-a8c2-3c9a-8a16-1f70c1ef84b2,c762a0ef-bfba-3261-b90c-4059f7bcc87d,Jerrod232 Cormier289,M,GENERAL PRACTICE,160 MAIN STREET,WALPOLE,MA,020814037,42.168752850000004,-71.23027591232932,2,0
c46493d8-e6e3-37dd-8c64-c5fa755dede9,42c13743-f36f-370a-a5ca-3e3c9795e02d,Tiffani287 Toy286,F,GENERAL PRACTICE,17 CHIPMAN WAY,KINGSTON,MA,023641039,42.0115267956362,-70.78988939618995,1,0
d2928291-1319-3e94-bcb3-811e0bdd3954,058176fd-cbb0-328b-8411-c19f5045032d,Breana975 Sanford861,F,GENERAL PRACTICE,840 EMERSON GARDENS ROAD,LEXINGTON,MA,02420,42.43761961817366,-71.19888753880475,4,0
d2441ebe-5931-3f25-aa8b-2bc4e01dbdd7,a036cdf2-bbc5-3ffd-987f-56e437fd8b74,Shayne60 Gutmann970,M,GENERAL PRACTICE,265 N MAIN ST,SOUTH YARMOUTH,MA,026642083,41.680980000000005,-70.18292625685085,4,0
74cfc726-a7cc-3e39-8bca-dbf684b9a044,4f5e8f16-a31b-3071-8556-d7188ede313d,Kala987 Wolf938,F,GENERAL PRACTICE,575 BEECH ST,HOLYOKE,MA,010402223,42.20105435,-72.628169560868,116,0
b69a0ddd-d109-3d87-83d6-81966abbb42e,ae3eab22-8868-37bb-9a59-2b8bfe14bf34,Minh326 Smitham825,M,GENERAL PRACTICE,2033 MAIN STREET,ATHOL,MA,01331,42.58522105,-72.20868129339888,43,0
86fb2ca5-6e32-3255-a681-a449ade1ffe3,615416de-5217-3c11-9828-2d4bacd1d9cb,David908 Correa904,M,GENERAL PRACTICE,434 ROUTE 134,HYANNIS,MA,026011854,41.6753274,-70.309939,1,0
451be15e-0187-39f8-9936-d7586db03625,f90ef475-defe-363d-a926-573b38f804a2,Bea654 Schiller186,F,GENERAL PRACTICE,54 HOPEDALE ST,HOPKINTON,MA,017481672,42.2288875,-71.5196439,52,0
81f6de9d-c11b-3235-8b71-50f7115bc2eb,41f66e18-8eb7-32f2-9371-7df5bf2b8d21,Lonnie913 Mraz590,M,GENERAL PRACTICE,170 UNIVERSITY DRIVE,GREENFIELD,MA,013011238,42.6097476,-72.5979752,1,0
9fd67495-9d8e-31bc-a451-afe69921f898,0e6c3ad1-24c1-34cb-bb6d-e8438fa319e2,Vern731 Casper496,M,GENERAL PRACTICE,50 DODGE ST,SWAMPSCOTT,MA,019071300,42.4699241,-70.9171507,22,0
3115e550-fe90-3e4c-b025-1adbd062cfef,3695125c-c052-3ece-898a-2a6448987ae5,Sean831 DuBuque211,M,GENERAL PRACTICE,2040 BOSTON RD STE 5,WILBRAHAM,MA,010951380,42.150295650000004,-72.47288272264812,2,0
c24388a0-cb6b-34c5-98cb-76b69632f26f,05fcf001-ab24-3d7d-85f7-f64942d82738,Leonarda398 Schumm995,F,GENERAL PRACTICE,250 POND STREET,FRAMINGHAM,MA,017014592,42.2838619,-71.4093719,55,0
94c4ea07-405c-35e0-8c30-021be937a914,28d71598-85eb-3a0e-90c1-22e0be1af57c,Sammie902 Hermann103,M,GENERAL PRACTICE,38 MULBERRY ST STE 204,NORTHAMPTON,MA,010602832,42.35436315,-72.70256804599192,57,0
c985ef94-68f6-350d-afa1-860f8400448e,7d627533-adbd-320a-9054-db91a2811597,Rachell479 Schroeder447,F,GENERAL PRACTICE,480 JACKSON ST,METHUEN,MA,018444020,42.7327291,-71.16807304424162,3,0
c4f16752-3535-38e5-8f8e-60a8f05764e5,e5d50afe-8c7d-35f5-96f5-fb8941403b0f,Justin359 Hayes766,M,GENERAL PRACTICE,125 S CLARK ST STE 900,FALL RIVER,MA,02722,41.74223,-71.129706,34,0
70ee1d02-95b9-3083-978e-5dcd7464a3cc,9adfae03-673d-365d-9052-f705098fa3e4,Sharilyn202 Wolff180,F,GENERAL PRACTICE,51 BLOSSOM ST,BOSTON,MA,021142699,42.36305545,-71.06643399281765,28,0
709f7e86-2554-3e70-aec0-541eb864dc96,25431f9a-00e4-36d8-9810-4125328eec50,Paris331 Ruecker817,M,GENERAL PRACTICE,55 FRUIT ST,WALTHAM,MA,02451,42.3756401,-71.2358004,37,0
3469951f-2c14-3737-a5d3-8faa3c7e1442,a130ed39-d3a2-3b2a-91fe-0c14f5e26eb2,Walker122 Nicolas769,M,GENERAL PRACTICE,EAST CREEK ROAD,NANTUCKET,MA,025544015,41.273999,-70.091114,13,0
d0183d1f-14b8-31a0-af99-234935ba6778,01bde980-bf89-3138-8912-7360dff33247,Bradly656 Lang846,M,GENERAL PRACTICE,456 PARK AVE,WORCESTER,MA,016101254,42.25512735,-71.82580924803523,19,0
fc896508-8d66-33dc-bac0-7c1ebc18c173,979d5316-97f4-335d-af9d-d0afba85dc6a,Bernie827 Borer986,M,GENERAL PRACTICE,57 PROSPECT ST,NANTUCKET,MA,025542799,41.27514065,-70.10108985970798,1,0
ccf5b39b-989e-3fec-b18d-6e4b014a30f0,217cb6f6-e822-3831-9d9d-ffa104971042,Luther918 Jakubowski832,M,GENERAL PRACTICE,2 REHABILITATION WAY,WOBURN,MA,018016003,42.46352265,-71.161925472006,29,0
fba652cd-0192-36af-bc15-9720d72f34d6,4e56c7ec-99e5-3023-8e4f-95ad18a03f06,Regenia619 Bosco882,F,GENERAL PRACTICE,28 RIVERSIDE DR STE 101,PEMBROKE,MA,023594947,42.11004715,-70.77534154695786,64,0
c1c99d27-d312-3e8b-b926-db18e931bbc9,e2a8b444-9b8f-36ff-84c4-05ee98589482,Francisco472 Gusikowski974,F,GENERAL PRACTICE,8 SHIPWAY PL # C-8,CHARLESTOWN,MA,021294301,42.3778749,-71.0619957,12,0
eb621215-9f40-3031-bd2a-a99e096ed24b,05f80ed8-6a7a-3728-8b5c-c5c995c8244a,Vernita491 Cartwright189,F,GENERAL PRACTICE,150 South Huntington Avenue,Jamaica Plain,MA,02130,42.32809,-71.11076,158,0
7fe82592-3e4f-37ab-8924-a3c5c62b2dc8,121b0ad1-1beb-3caa-9271-3d3f726bb727,Carlos172 Salas880,M,GENERAL PRACTICE,1030 MAIN STREET,WALTHAM,MA,024517447,42.375828,-71.2527956,19,0
49b652bc-9893-3e07-966a-6686e2ff828c,db60692f-cbef-315b-9fce-38a7f015c482,Aurelio227 Hilpert278,M,GENERAL PRACTICE,72 SHARPE STREET,SCITUATE,MA,020664534,42.1939754,-70.7697128,38,0
b6d9761d-47e5-3f72-9d4b-287929c4c83c,883f57b8-89c6-3dc4-b6da-047705c88623,Blanche121 Bailey598,F,GENERAL PRACTICE,363 HIGHLAND AVE,FALL RIVER,MA,027203703,41.7093779,-71.1460783680883,78,0
f529433c-c733-3617-b3bc-20908f976afb,9ba25035-53e5-344b-9b9e-94331a58d1d4,Lucilla742 Schultz619,F,GENERAL PRACTICE,420 MAIN ST,WALPOLE,MA,020812553,42.161882199999994,-71.2388707178431,53,0
a968f19b-498c-3ec3-bf67-513c5d452184,f3a64526-e8aa-36bb-ac9a-4a6b9fd7d0f6,Greg949 Corkery305,M,GENERAL PRACTICE,385 GROVE ST,WORCESTER,MA,016062726,42.286333299999995,-71.80745147942015,40,0
a8943e6a-5bb5-3d7f-9d7a-3edf7c0b7cb2,4f029aea-a3f7-3429-a477-45cfe183c3f9,Curtis94 Lesch175,M,GENERAL PRACTICE,1675 NORTH MAIN STREET,LANCASTER,MA,015232405,42.4761132,-71.6873032,42,0
68b44074-4f4e-357e-ab62-8a11236cfddd,5aa5bbc8-a339-300d-abc2-3c85bf4b5068,Jared66 Prosacco716,M,GENERAL PRACTICE,8 COLONIAL DR,WESTBOROUGH,MA,015811407,42.2727712,-71.60893826083459,2,0
9566b0e2-30e8-3c8b-88d3-a623d156aff0,e1892a2c-6dca-3c4c-93b7-0e00a9eb8b61,Derek111 Erdman779,M,GENERAL PRACTICE,20 EAST ST,HANOVER,MA,023391638,42.1278249,-70.82664947485381,184,0
c7b2acaa-97a0-326a-be6c-cd22445072c2,95f6c328-96dd-3fb8-a56e-9aad566094b4,Marcos263 Montez99,M,GENERAL PRACTICE,4 STONY HILL ROAD,WILBRAHAM,MA,010951027,42.1552861,-72.48384800788648,2,0
c5a57f24-d1c9-3587-9754-123a18653bb4,941fb26d-4d24-30af-9c1b-fe0aa8e70cfa,Lauryn321 Veum823,F,GENERAL PRACTICE,1 GENERAL ST,LAWRENCE,MA,018412884,42.7097143,-71.15007700778098,49,0
4a42912f-c8c4-3b91-9d44-1dddd8d12105,6d16a8e3-3569-38ab-afac-a2f8c1125085,Miguelina323 Crona259,F,GENERAL PRACTICE,1010 WALTHAM STREET,LEXINGTON,MA,024218052,42.4139392,-71.22929265883278,6,0
134aa5a3-23e6-30d1-ae74-3f59eec4dc45,91808f17-7583-32a3-aa55-23b131b327c7,Jospeh459 Wunsch504,M,GENERAL PRACTICE,200 CORDWAINER DR,NORWELL,MA,020611671,42.16352995,-70.8846291501739,44,0
6488d216-68af-34f8-9563-cd70a04ca43b,02d7b144-352f-3eac-97db-6fc4a95bf1fa,Greta919 Reinger292,F,GENERAL PRACTICE,120 SEMINARY AVENUE,AUBURNDALE,MA,024662650,42.34002614299451,-71.24911543639162,6,0
e44f6004-dbf9-31e7-830a-86f89ad0ad08,53f086de-2fc7-3d35-92c2-aca4ed944e7f,Carisa395 Kutch271,F,GENERAL PRACTICE,1 GENERAL ST,LAWRENCE,MA,018412961,42.7097143,-71.15007700778098,69,0
299d6468-eed6-397c-b2dc-e356f3d51ceb,c05d73d0-b348-32ce-9fe5-13a720950f37,Rema399 McDermott739,F,GENERAL PRACTICE,45 DRUM HILL RD,CHELMSFORD,MA,018241503,42.6255635,-71.3615131,68,0
abf573d1-f1d2-3df8-81a4-1b28ff7fcdcc,0592d4e5-a0fb-3143-83cd-8e5a6b066a96,Ana Luisa894 Gallardo890,F,GENERAL PRACTICE,20 EAST ST,HANOVER,MA,023391638,42.1278249,-70.82664947485381,27,0
b44f79eb-8118-37f9-9a8c-894352f32a7e,c67ca7ed-4769-3b6c-a0a9-993f1227ff10,Allen322 Veum823,M,GENERAL PRACTICE,1 BLACKBURN DR,GLOUCESTER,MA,019302237,42.6269312,-70.65555242413386,8,0
c146b7ba-d9a4-39bc-b13b-3e6a7f6cd781,6b9c5830-a278-38ff-887f-ccefd74cf8e8,Fawn386 Hettinger594,F,GENERAL PRACTICE,184 LINCOLN STREET,NORTH EASTON,MA,023561799,42.06665855,-71.11947646404934,1,0
15ccae83-aae8-3248-870c-82a436759aa8,6aae7a31-90df-3455-ad8d-81f8cf2d21e8,Damaris45 Funk324,F,GENERAL PRACTICE,680 CENTRE ST,BROCKTON,MA,023023308,42.0872752,-70.9910738855076,212,0
11adc5b3-c872-3b92-a066-30b0e03e67f9,104079d4-560e-3eb8-9a48-d495835a3997,Elsa29 Gallardo890,F,GENERAL PRACTICE,68 CAMP ST,MASHPEE,MA,026493465,41.6484421,-70.4811383,78,0
