Id,ORGANIZATION,NAME,GENDER,SPECIALITY,ADDRESS,CITY,STATE,ZIP,LAT,LON,ENCOUNTERS,PROCEDURES
22695def-2dc9-3a04-8e5e-1e6ad8a8e1b7,74ab949d-17ac-3309-83a0-13b4405c66aa,Gabriel934 Reilly981,F,GENERAL PRACTICE,881 Main Street,Fitchburg,MA,01420,42.586487,-71.80521,249,0
a20ebeb9-0b10-3480-8162-879fd4a4651f,e09d4c49-c2ef-3b0f-9a46-3719d9219306,Jules135 Emard19,M,GENERAL PRACTICE,60 HOSPITAL RD,LEOMINSTER,MA,014533290,42.54031915,-71.76312990486304,105,0
a8e73900-e769-3d1e-b763-433e624ea3cd,77645e49-3f69-3d1d-bb93-dc65210e2fac,Vella930 Ankunding277,F,GENERAL PRACTICE,363 HIGHLAND AVE,FALL RIVER,MA,027205246,41.7093779,-71.1460783680883,9,0
29ac402b-11dd-36d9-9578-4b81ffce350c,aa682136-a4df-3942-9f50-e6fcee6c0b73,Bradley693 Runolfsson901,M,GENERAL PRACTICE,501 CORDWAINER DRIVE,NORWELL,MA,020611630,42.1647071,-70.88149077838713,3,0
a8ff7089-ec23-3b01-94e6-2acf646631c4,5becf220-2978-3f33-bd38-9326947f85de,Tijuana228 Leannon79,F,GENERAL PRACTICE,240 LYNNFIELD STREET,PEABODY,MA,019605055,42.5141736,-70.97106354209534,138,0
3e6347d6-fca7-3642-8a4c-1e508c3113fc,ab701a70-a658-340e-8f69-ee196a7d40c6,Bud153 Parisian75,M,GENERAL PRACTICE,484 RTE 134,WORCESTER,MA,016071728,42.2625621,-71.8018877,7,0
4e28904f-bcad-31aa-a9f8-47327ec523ed,11ba6a26-59b4-3728-a268-6dc9929962b4,Angelic427 McCullough561,F,GENERAL PRACTICE,200 GOVERNORS AVENUE,MEDFORD,MA,021551644,42.42711615,-71.1121606632448,7,0
0bf35562-d21e-383b-8373-9961da23c8dc,8a2e2731-3240-39d1-b4f0-cad14200937d,Randa356 Ritchie586,F,GENERAL PRACTICE,88 WASHINGTON ST,TAUNTON,MA,027802465,41.9062805,-71.09518121351795,2,0
4bf0d01d-2bae-34ea-845b-f837ed6c09cc,52ecddd8-42f6-35cc-88a5-cf474c02fb49,Cecil300 Fahey393,M,GENERAL PRACTICE,94 OBERY STREET,PLYMOUTH,MA,023602130,41.93725,-70.65503160208334,17,0
b0f79a2b-686b-31f6-a632-d5d8d00930a0,fa564970-fde4-332c-91d9-c0747b032d3e,Jennefer743 Hudson301,F,GENERAL PRACTICE,34 SOUTH LINCOLN STREET,NATICK,MA,017606049,42.2731232,-71.3105334275248,8,0
2d925f3f-270b-3da8-8bac-ef420672e5ac,667b46fe-0afa-3f70-a311-bbe3d52db050,Joshua658 Borer986,M,GENERAL PRACTICE,757 BOSTON POST RD,WORCESTER,MA,016071728,42.231371,-72.165386,16,0
bcf14ad5-3eb9-3312-ba77-aff2fc8abaa9,a4af40b8-0ddb-34bb-ae4a-95a17e9ad6f3,Cristopher265 Heaney114,M,GENERAL PRACTICE,100 MYLES STANDISH BOULEVARD  SUITE 103,TAUNTON,MA,027807340,41.948930849999996,-71.14141318475193,8,0
7742a791-7ece-396f-bdb3-7b96a6ee7f5d,fe675917-7b09-3afd-a6e6-128cc4de4734,Chery887 Kohler843,F,GENERAL PRACTICE,319A ALLSTON STREET,BRIGHTON,MA,021357652,42.345093,-71.139804,24,0
7d69aab3-1e3a-3472-969f-294345b81c3d,643eac8e-1620-3b6a-b9f3-664b003d22cd,Lasonya941 Kiehn525,F,GENERAL PRACTICE,34 GIFFORD ST,NEW BEDFORD,MA,027442610,41.6177929,-70.91890087055067,41,0
99a1eb13-4e31-30c8-9c4b-903a06969d94,8e3ca57f-6f74-3d61-9803-ab1424290216,Concha418 Mann644,F,GENERAL PRACTICE,89 MORTON STREET,ANDOVER,MA,018102036,42.6551409,-71.12857340697036,2,0
826b2126-b593-3746-86a0-d3cf29131700,5fcff9db-16e4-3e56-aa78-abbc16338097,Marcus77 Schamberger479,M,GENERAL PRACTICE,295 VARNUM AVE,WESTFORD,MA,018863513,42.5792583,-71.4378411,47,0
89762a6a-ac91-36b2-af98-0e020ec8f159,fa09396a-2926-3b21-ad0c-9f6cabbce0eb,Brigitte394 Bartoletti50,F,GENERAL PRACTICE,1210 BOSTON PROVIDENCE TPKE,NORWOOD,MA,020625061,42.1714075,-71.1951186,15,0
3b2143f1-b3e0-3834-8f7a-8e8a11dbf094,c272e12f-e154-3fee-b05d-b7c0cab2657d,Trinidad33 King743,M,GENERAL PRACTICE,800 WASHINGTON ST,NORWOOD,MA,020623487,42.1886973,-71.2005241,627,0
7ea76a48-e8ac-3943-b90b-0c1b7bb58588,f6a306cf-7bd6-35f4-a6b7-2d07d273914c,Ariel183 Von197,M,GENERAL PRACTICE,63 FOUNTAIN ST STE 402,FRAMINGHAM,MA,017026280,42.27595495,-71.42631150114194,21,0
09250a3b-caad-3838-bb8c-47aa85fd47ef,32fcdfba-8c93-30f4-b15b-dd3b65c29deb,Sparkle906 Bernhard322,F,GENERAL PRACTICE,20 NORTH MAPLE STREET,HADLEY,MA,010359715,42.3615107,-72.55261320852942,8,0
ddb3623b-d032-37b6-9275-0db093474791,0ddb0329-b59d-3187-874c-602c649249c8,Carmen818 Lebrón484,F,GENERAL PRACTICE,115 W SILVER ST,WESTFIELD,MA,010853678,42.1178811,-72.75935246865802,19,0
0b6d6261-f05e-3d5b-86e4-ff3eaae17fd8,764bf964-6ab7-30eb-885b-3d713ca43265,Carrol931 Wilderman619,F,GENERAL PRACTICE,ROUTE 6   P O BOX 1430,WELLFLEET,MA,026677402,41.936423,-70.021074,56,0
c53e0138-0bc6-359a-9ac8-d2eb6ec63b90,609ec9f1-e806-3427-b912-9e3b2915521d,Terence292 Conn188,M,GENERAL PRACTICE,575 BEECH STREET,HOLYOKE,MA,010406604,42.20105435,-72.628169560868,9,0
066ca06f-479e-3686-8677-8054d1961d29,bff65303-97b4-3841-950a-1c9e9e735de0,Alline927 Schimmel440,F,GENERAL PRACTICE,100 AMITY ST,FALL RIVER,MA,027212202,41.6737661,-71.16934217317342,3,0
d7d54295-53f9-34cf-99bb-82987105f55a,bf556284-7513-3620-a10e-5393183a9a87,Jesus702 Roob72,M,GENERAL PRACTICE,795 MIDDLE ST,FALL RIVER,MA,027211733,41.6924092,-71.16345107025307,925,0
88e1d90c-5ad6-354e-8288-37d772700afb,4ffa4412-1493-3beb-b8f0-6614dde953a4,Sulema841 Ryan260,F,GENERAL PRACTICE,363 HIGHLAND AVENUE,WAREHAM,MA,025715011,41.745636,-70.658192,269,0
19793444-3548-3125-81bc-f7e96daa1302,a14e698d-a9ba-3eae-9c8b-682ec726433d,Germán350 Dueñas839,M,GENERAL PRACTICE,776 WESTERN AVE,LYNN,MA,019052408,42.466763,-70.9494939,7,0
fc1a550c-d683-345f-88a6-1de06beba0e4,69eae27b-7445-3652-bd34-b535abe0b011,Sidney996 Schneider199,M,GENERAL PRACTICE,9 BICKNELL ST,QUINCY,MA,021696003,42.252227399999995,-70.96584679278924,47,0
dce06f97-ed85-3ae6-9097-59b92d845053,4c1a8ea6-b690-3c28-a02e-ebd82190ee65,Hui924 Cronin387,F,GENERAL PRACTICE,885 WASHINGTON ST,BOSTON,MA,021111415,42.3479909,-71.064924,3,0
09fd580f-1363-3827-aea9-19e755debda5,5ba6765a-f335-36b0-9c6a-6bb494c5330d,Sasha806 Schamberger479,F,GENERAL PRACTICE,31 OLD ROUTE 7,WESTWOOD,MA,020902333,42.2139873,-71.2244987,22,0
c0bf935d-9f8a-3504-8d6d-fcc144a84496,b6eeaaf7-1683-3bcb-b6ee-81ce304636ef,Ariane992 Pagac496,F,GENERAL PRACTICE,170 GOVERNORS AVE,MELROSE,MA,021763225,42.4564323,-71.064182,86,0
a2213cc6-b646-3c63-a5ed-279ed5fcc35d,12dc66ee-e2c7-3d5a-892e-157ff1d47f32,Felix524 Rogahn59,M,GENERAL PRACTICE,242 GREEN ST,WINCHENDON,MA,014751820,42.68061,-72.060691,37,0
2c6fe8b4-ad2f-352f-a07a-712d693d28a4,65eda534-1bdc-3192-8d02-1c3764447790,Alonso270 Hand679,M,GENERAL PRACTICE,1244 BOYLSTON ST,CHESTNUT HILL,MA,024672115,42.3214927,-71.1711481,32,0
eb9a9d13-06b5-38ef-a729-170653f31240,d3085315-9893-34c7-8889-3a31dc17c2b0,Zachery872 Rau926,M,GENERAL PRACTICE,1428 MAIN ST STE 7,WALPOLE,MA,020811729,42.1325911,-71.2618886,97,0
40f9a3bb-3309-3aa9-997a-16ca1a44e319,18061fd5-fda8-3e2d-87f0-0f3c87211bcc,Omer483 Koepp521,M,GENERAL PRACTICE,1493 CAMBRIDGE ST,SOMERVILLE,MA,021431408,42.3875968,-71.0994968,206,0
a9f2d2e8-f7f1-3801-8094-194997073032,1faab3d1-2ae5-3110-8e5f-c65b92ca906d,Theodore876 Ankunding277,M,GENERAL PRACTICE,29 LEWIS AVE,GREAT BARRINGTON,MA,012301713,42.19093125,-73.3715000043024,54,0
1b400529-896d-3ea8-a280-a3466f4b38c8,76281d34-caff-30e0-8545-bcdf33182109,Jane262 Schmeler639,F,GENERAL PRACTICE,500 WILBUR AVENUE,SOMERSET,MA,027252051,41.72075205,-71.16843052114558,13,0
47dad47e-af90-355a-a10d-5121c3e16707,7e97f720-f99d-3402-98a4-a144aaa5bd01,Karl184 Hansen121,F,GENERAL PRACTICE,210 JONES RD,FALMOUTH,MA,025402974,41.5614958,-70.6117407224321,10,0
83255ab8-84ce-3377-8dbe-ffd2d9f829b3,b3ada130-6443-3a8e-98c7-4ec127a2b0c4,Ned189 Haley279,M,GENERAL PRACTICE,ONE GREAT ROAD,ACTON,MA,017205601,42.4850931,-71.43284,2,0
989cb7c1-1b17-3c0b-8504-a1872044758b,a36dcb53-a762-38d4-ae84-40f46195a6dd,Virgina372 Reilly981,F,GENERAL PRACTICE,260 EASTHAMPTON ROAD,HOLYOKE,MA,010401213,42.226424,-72.646798,1,0
99a2b543-c69e-3bce-8acb-383ee5a95040,45ce6eff-535b-37e2-bed3-1946200aa03f,Mora209 Blanda868,F,GENERAL PRACTICE,309 BELMONT STREET,WORCESTER,MA,016041059,42.280233499999994,-71.7694812367883,117,0
7c66ab46-0905-3b3e-aa5d-defe858e6f36,1e11392b-1278-3e70-93cd-f396cbd0c265,Gino587 Block661,M,GENERAL PRACTICE,115 LINCOLN ST,NATICK,MA,017607700,42.2843753,-71.3441395,230,0
f1861a7e-6bbf-3aac-9c32-ec93ebf6e3a3,0fedae9f-701f-3317-9b2f-69aea2202cdc,Sharron285 Batz141,F,GENERAL PRACTICE,88 EAST NEWTON STREET,WINTHROP,MA,021522715,42.3750976,-70.982827,35,0
2960fe61-9230-3f48-91c9-d38d1168c2f3,733fc7d0-7cf3-3995-82ef-a9883b807273,Melissa844 Yundt842,F,GENERAL PRACTICE,175 FRANKLIN STREET,NORTH ADAMS,MA,012472712,42.70707,-73.10094536747326,4,0
5f641ded-5e62-3191-a003-6598e954de0e,86bbc3aa-e927-3d56-9d77-ab701b4b2926,Tynisha348 Howe413,F,GENERAL PRACTICE,538 ROBESON STREET,FALL RIVER,MA,027205496,41.707225,-71.1432141111111,71,0
c14d6953-7d21-3392-8a65-8b8aef6446f6,4b7c1695-a178-3e03-8651-51acfd3b8372,Hugo693 Fuentes250,M,GENERAL PRACTICE,600 OLD SOMERSET AVE,NORTH DIGHTON,MA,027641824,41.86399,-71.1244904,13,0
5e55d0ad-b2fb-36f0-a106-63b09441a0e3,a3327df4-d092-350b-b551-e60c82076c9a,King743 Predovic534,M,GENERAL PRACTICE,46 NORTH MAIN ST,W BROOKFIELD,MA,015853232,42.23754835,-72.13791547215251,98,0
4f478d28-acf5-301f-8543-d824fce96269,aade280a-3b90-3e48-9648-91109a964a63,Johna806 Klein929,F,GENERAL PRACTICE,909 SUMNER ST,DARTMOUTH,MA,027473826,41.6332267,-70.9879928,433,0
c8ef9d23-9c81-318a-b4fb-d7a0bbc108a0,18764c6a-31fe-391c-80ac-6a5b761e06d6,Eleonor544 Doyle959,F,GENERAL PRACTICE,19 OBERY ST,PLYMOUTH,MA,023602129,41.94456995,-70.64966444737888,1,0
95a886c3-055a-3073-b0b0-c830f9f14bc7,981338c4-287c-3621-bc45-8b0b9f1b8922,Denis399 Kohler843,M,GENERAL PRACTICE,640 BOLTON ST,MARLBOROUGH,MA,017523999,42.3658183,-71.55914630258509,44,0
97985ccd-c42d-37d2-bfb2-361f38795b07,e59fb2d5-508c-38c6-af2e-21d8216dd2b0,Nicholle822 Fisher429,F,GENERAL PRACTICE,759 CHESTNUT ST,WARE,MA,010821625,42.256476,-72.237482,136,0
380e2f4e-418a-35a2-af25-8c24dd21dee3,7a3b8310-02eb-3c47-aa1b-3f55b3ed9de9,Jesús825 Benítez559,M,GENERAL PRACTICE,6 HATFIELD ST,NORTHAMPTON,MA,010602545,42.333172950000005,-72.6566355591273,4,0
5176aae4-c9db-3390-89f8-f3fb0daad390,794b1cc2-97be-30a4-83a0-4bf6add43c74,Hugo693 Gutmann970,M,GENERAL PRACTICE,215 THATCHER STREET,BROCKTON,MA,023023949,42.0740963,-70.99660306096918,7,0
19d9e52c-7ce3-3f6c-891e-c69d121b5451,440fa4b8-c731-3cf5-81d9-aa3f30a37b95,Joanna347 Abbott774,F,GENERAL PRACTICE,41 & 45 MALL ROAD,PEABODY,MA,019602901,42.5278731,-70.9286609,231,0
378d3116-3a42-38e1-a310-48256bb86b7e,0fab3c4e-a028-39a6-b15a-be5a88b6aa2a,Miyoko154 Paucek755,F,GENERAL PRACTICE,222 STATE STREET,LUDLOW,MA,010563437,42.15547415,-72.47222226666076,203,0
6616ef6a-e349-3925-98ce-2a11198b0736,b0016371-afcb-37a6-8f90-5e3786e7806f,Claudio955 Toy286,M,GENERAL PRACTICE,629 SALISBURY ST,WORCESTER,MA,016091120,42.2932691,-71.8390048,2,0
b9b6497b-ff6c-323f-9077-cbcf26a884ea,3b021cb6-4745-3d9d-8436-230055f770bd,Eleni953 Franecki195,F,GENERAL PRACTICE,148 CHESTNUT ST,NEEDHAM,MA,024943238,42.27728075,-71.23665362814043,41,0
d4c54c7e-cc74-34b1-b585-7043f6cd9649,e9a24be5-b0a3-3fd2-a606-dd13498024ea,Estella474 O'Hara248,F,GENERAL PRACTICE,85 E MAIN ST STE A,NORTON,MA,027662307,41.971697,-71.17689334021827,67,0
bbf51a7c-35db-33eb-aeff-7d7d852a7572,57e4e5fa-d68d-3caa-a5ad-37beb1b51207,Latrina689 White193,F,GENERAL PRACTICE,800 WASHINGTON ST,NORWOOD,MA,020623487,42.1886973,-71.2005241,215,0
0305ddcc-823c-3213-b8eb-24c9b5346131,195620ae-835c-3da6-8600-3bd89fe8292d,Major265 Auer97,M,GENERAL PRACTICE,125 OAKLAND ST,WELLESLEY HILLS,MA,024815338,42.308723900000004,-71.26421651568413,1,0
e1760a71-c8df-3bb8-ab0c-b6f8cf66c5d3,c92cc255-6778-3307-8092-987d667be4ce,Merle11 Bogisich202,M,GENERAL PRACTICE,89 FOSTER ST,PEABODY,MA,019608925,42.5278731,-70.9286609,41,0
55844c2c-fe72-3980-b58e-dba987bbc7cd,00ffb204-07b4-3c72-a678-fa252e6cf86c,Alex454 Satterfield305,M,GENERAL PRACTICE,450 BEDFORD ST,LEXINGTON,MA,02420,42.47370735,-71.25090005,31,0
a1012493-7bcd-3119-8a0f-c2a76ee0a418,ad82d624-72eb-3c7d-a76d-79f2668d1390,Mathew182 Howe413,M,GENERAL PRACTICE,3 WOODLAND RD,STONEHAM,MA,021801711,42.452443099999996,-71.08939988105112,16,0
791339a2-6b89-3b9a-9836-28ea68a94a6d,b8421363-9807-3b16-a146-95336eea5cfb,Saundra460 Kuphal363,F,GENERAL PRACTICE,30 LOCUST ST,NORTHAMPTON,MA,010602052,42.33032115,-72.65330802608176,205,0
c5309594-5bc2-31a3-bcc9-75047609f8b8,8424b5ec-ba0a-32e9-94ae-a9d397884093,Ileen763 Casper496,F,GENERAL PRACTICE,49 BLANCHARD STREET  SUITE 101,LAWRENCE,MA,018431456,42.69651155,-71.1612176954981,1,0
197598ec-31e8-3910-9816-9de02fe1cd7b,3498e7d3-90fd-366b-bc6a-6f41dad6bae6,Olympia319 Bradtke547,F,GENERAL PRACTICE,112 WEST MAIN STREET,NORTHBOROUGH,MA,015321824,42.318559050000005,-71.65097281611972,5,0
97e27404-505c-3e15-9683-cda5c097527a,37111f41-8bc5-35d3-9cd9-5b447a11ffd1,Ilene33 Greenholt190,F,GENERAL PRACTICE,TEN INGALLS COURT,METHUEN,MA,018443712,42.7262016,-71.1908924,3,0
f576eb7d-73c8-3740-8bd4-428335b4cf7f,fbd4ccdf-2fdb-3652-9bbe-1ccff886bd34,Jermaine675 Collins926,M,GENERAL PRACTICE,320 CENTRAL STREET  UNIT A2,SAUGUS,MA,019062372,42.4632069,-71.0093761,7,0
ae72fdd9-1dde-303e-9411-418fbbae3b20,65f0254a-73a3-3b06-bced-54d511445535,Elbert916 Carter549,M,GENERAL PRACTICE,720 BOSTON POST ROAD,MARLBOROUGH,MA,017523766,42.355106,-71.47654,1,0
3c36ef1c-85df-3b03-835a-4e046fe5a0f4,901c2d40-1ca3-3879-9a20-c663b8adc0a9,Chanelle850 Schuster709,F,GENERAL PRACTICE,800 WASHINGTON STREET,STONEHAM,MA,021802445,42.4863168,-71.0928919,503,0
837d50ed-edaf-3e21-ae0d-34f5f0e951ce,6170552c-4d27-3e64-8068-64a380f1837d,Leo278 Pacocha935,M,GENERAL PRACTICE,76 SUMMER ST,HAVERHILL,MA,018305814,42.7786873,-71.07306505177553,36,0
1bd8c3ec-94d0-312a-9e8a-8f25427926b7,e6cc6043-299a-3581-8f6b-b3b5d62c46ae,Fritz267 Farrell962,M,GENERAL PRACTICE,532 SUMNER AVE,SPRINGFIELD,MA,011082458,42.08631583333334,-72.55792579166666,10,0
1c184a74-a1d4-3dc7-b358-e8cc9ba5e567,b9e35b8a-9831-32d8-a6dc-d7a546c126b0,Venus149 Blick895,F,GENERAL PRACTICE,111 HUNTOON MEMORIAL HIGHWAY  1ST FLOOR,SPRINGFIELD,MA,011092550,42.1018764,-72.5886727,13,0
d9e2bcf9-3714-3ae9-afc7-e327f104e928,22249c0a-8ce9-3726-a3bb-b037c773ce5c,Alberto639 Jurado563,M,GENERAL PRACTICE,337 NEPONSET AVENUE,DORCHESTER,MA,021223103,42.2875144,-71.0470691675753,6,0
d17dbbb6-270e-3033-8597-559bf70e9ad7,7a75decf-7d3f-3b0d-8c2b-3abf0a8c7f58,Afton574 Kulas532,F,GENERAL PRACTICE,169 LIBERTY ST,MIDDLETON,MA,019491003,42.615226050000004,-71.0144865346162,13,0
d20519d3-f132-3dc7-b327-1970ebee6bf1,2f735290-1603-31b5-b561-7c8e0d413170,Amado512 Adams676,M,GENERAL PRACTICE,100 FOXBOROUGH BLVD STE 230,FOXBOROUGH,MA,020352878,42.041851949999995,-71.23486657070565,44,0
568a0b18-c3fe-31af-ab0b-d384328a041c,e1818b21-4458-3b9c-b2b8-7ed6f57ae078,María Soledad68 Rosas160,F,GENERAL PRACTICE,2399 BOSTON ROAD,WILBRAHAM,MA,010951185,42.14668485,-72.45048427046072,8,0
e35a83f1-5581-351e-8205-e29e8b4fbd27,104e9a82-1eed-365e-9ffb-a8c9ef749888,Coretta598 Schuster709,F,GENERAL PRACTICE,725 ALBANY STREET,NORWOOD,MA,02062,42.194543,-71.1994976,15,0
d6c5c66c-cc39-326e-8d8d-7f365c4a53f6,200746fc-5d0f-3ec7-a2a9-3d9a219ee139,Arlen68 Rippin620,M,GENERAL PRACTICE,800 CUMMINGS PARK  SUITE 3100,WOBURN,MA,018016355,42.4977745,-71.1237712,104,0
37b38647-d602-390c-b7dd-0d6ea2149ce4,15d4c950-4691-3996-b4c4-bf06bfb58ff7,Emilia403 Carreón894,F,GENERAL PRACTICE,70 EAST ST,METHUEN,MA,018445883,42.7285558,-71.16833738237946,36,0
c98d9999-5b6b-3d15-8528-24f4a410911f,655f2a4f-419c-39d3-8ed6-6c4117eb7e32,Gerardo48 Herzog843,M,GENERAL PRACTICE,21 MAIN ST,NORTH READING,MA,018641326,42.566971949999996,-71.10799861135133,74,0
9bf9529d-4143-3183-9c2d-7cac85b193a1,118e081c-c2f2-35cd-b9c3-ef534f1b7830,Brooks264 Ziemann98,M,GENERAL PRACTICE,1364 MAIN ST,READING,MA,018671137,42.55581805,-71.10585713492983,3,0
89d43483-1d7a-353b-abd4-f7e8a33fb677,5018c664-e283-30eb-932a-529d9a19b3b5,Rochell365 Stehr398,F,GENERAL PRACTICE,300 SOUTH ST,WOBURN,MA,018014979,42.473347,-71.144086,169,0
31401304-bd9b-3cf8-8ed1-c92a90c07224,0caa0116-ef9a-3d4c-bcff-9c405a9d2bda,Yasmin241 Emard19,F,GENERAL PRACTICE,105 CHESTNUT ST STE 35,PLYMOUTH,MA,023604054,41.884685,-70.847219,87,0
27df446b-27f7-32ca-8dc7-fa1fd392250e,d140ed3f-2696-3e78-bd77-1c959ec4fc4d,Orpha286 Marks830,F,GENERAL PRACTICE,863 HATHAWAY ROAD,NEW BEDFORD,MA,027401916,41.6512968,-70.9669902070805,21,0
7b067b0b-8583-377e-8fb7-abe6a9e60347,1cff30ba-b91f-3ea2-b80b-770d67856358,Duncan491 Halvorson124,M,GENERAL PRACTICE,359 JONES RD,FALMOUTH,MA,025403341,41.5591273,-70.60352436630029,14,0
66c484c5-0587-3b38-acac-02030a3b721a,d4e48a16-0a60-3e90-81e5-c35b22ffe6af,Elmer371 Kutch271,F,GENERAL PRACTICE,856 STATE RD,NORTH ADAMS,MA,012473027,42.69967208677275,-73.16330754755236,5,0
b8de66ad-c3e6-3379-bc12-d718fdd689ce,f7171d7c-0d92-33cf-98dc-abd628d79750,Malissa448 Schmidt332,F,GENERAL PRACTICE,431 POND ST,JAMAICA PLAIN,MA,021303402,42.310128500000005,-71.1321602569144,1,0
c9eb44e0-c5b4-3c18-a989-4bafeff72f57,8f22037a-070f-3fcf-8f39-fa879f0ae107,Ina660 Hermann103,F,GENERAL PRACTICE,567 DARTMOUTH ST,S DARTMOUTH,MA,027481826,41.61112,-70.93937914285715,1,0
01317b55-aa40-32d0-a99c-02e6037a9842,bccd7d67-203c-3d93-b6b0-bff5a146cd1d,Paulene52 Kihn564,F,GENERAL PRACTICE,286 WASHINGTON ST,STOUGHTON,MA,020721763,42.1384306,-71.1022598,66,0
da4ab4a7-fe03-36e7-8216-73f2a68e2d23,63cb4d95-04a9-3a35-b5d9-f89e0377a48d,Thanh759 Weber641,M,GENERAL PRACTICE,211 PARK ST,ATTLEBORO,MA,027033143,41.9419187,-71.2752081695297,332,0
52dd3b62-17bc-3375-b6b1-6067a06c82fb,6e290541-eba3-37fc-a3e2-e58f77e84c7e,Christeen33 Toy286,F,GENERAL PRACTICE,15 LENOX ST.,SPRINGFIELD,MA,011083122,42.085779,-72.55846414285715,16,0
41766cdc-82be-3dbd-bfbc-f46f1db63b01,a2a41caf-758f-3962-8e5f-e6e603f93d17,Rhett759 Padberg411,M,GENERAL PRACTICE,111 HUNTOON MEMORIAL HWY,ROCHDALE,MA,015421305,42.2020225,-71.89891616754682,321,0
66aece09-7f41-3686-a0db-d5f2a492c0d8,db28cc9a-fdfb-35a6-aef7-ab9b933ef244,Clement78 Gleason633,M,GENERAL PRACTICE,8 DANA STREET,CAMBRIDGE,MA,021385402,42.3694992,-71.11011030010101,9,0
1108612e-55f7-311a-8925-3a4d47f90cd8,a6fb79e7-4abb-3a68-b62d-e501427fdca4,Ricky354 Renner328,M,GENERAL PRACTICE,489 WASHINGTON ST STE 202,AUBURN,MA,015015709,42.187836,-71.83104,72,0
f0ed344c-61b7-3cf1-9795-2f04667a3d56,756ed90d-15f4-377d-b99f-ca1de5633481,Denver542 Runte676,M,GENERAL PRACTICE,115 HOLLISTON ST,MEDWAY,MA,020531954,42.158983899999996,-71.41067830029175,2,0
754a412d-8a66-3943-a8e7-046308cf27d2,81b1ef2b-8d3c-3923-859d-ae56099e037a,Maryrose226 Bradtke547,F,GENERAL PRACTICE,19 VARNUM STREET,LOWELL,MA,018502132,42.6520846,-71.29979019978185,2,0
a2214d97-954f-37e7-956b-5d1f92bc44fe,ea8d287f-b3a9-3800-8798-788e334ee406,Palmer257 Kuphal363,M,GENERAL PRACTICE,81 HIGHLAND AVE,SWAMPSCOTT,MA,019072928,42.4699241,-70.9171507,53,0
1f98181e-8acf-3c37-b94f-2ee2b7692a35,c7542447-e06e-32cb-b6db-243c23a0dbc2,Carson894 Krajcik437,M,GENERAL PRACTICE,30 WARREN ST,BOSTON,MA,021353602,42.3501483,-71.14393324457691,446,0
bc03b90f-d204-3a89-8831-cd576daf9320,d9fe2c9c-135e-3da3-8de8-1a0ff165d886,Eldridge510 Marquardt819,M,GENERAL PRACTICE,1430 MAIN ST,WORCESTER,MA,016091121,42.2492003,-71.92931780325071,47,0
cfdd4446-b8ed-33fe-802e-9b0f6414bab8,6dafa732-cdaa-37ab-a33c-b14878e841d7,September423 Howe413,F,GENERAL PRACTICE,400 BROOKSBY VILLAGE DRIVE,PEABODY,MA,019601488,42.55186794282506,-70.97276672693852,9,0
b00d6c07-072d-3919-ac86-afb6183aed05,87f3b181-1c52-3161-a15a-ea2d9a04b35f,Frederick289 Gerhold939,M,GENERAL PRACTICE,565 TURNPIKE ST STE 71,NORTH ANDOVER,MA,018455936,42.664934200000005,-71.11635234067887,28,0
9a2bd6ce-7988-3a5f-a0e9-b0ba65217406,43e22208-dae0-3196-b30b-17b3c50679c2,Diego848 O'Kon634,M,GENERAL PRACTICE,147 PELHAM ST,METHUEN,MA,018442060,42.7288158,-71.20222773774655,34,0
8d593bf2-6e4d-3c79-b408-1908460ef765,46375470-1e20-3ddc-8dc5-010ba53826b6,Clara183 Reynolds644,F,GENERAL PRACTICE,40 WRIGHT ST,PALMER,MA,010691138,42.16934095,-72.34120457065711,69,0
08483de4-c1c1-30c6-bc0a-65566be5eb3d,a4b91172-69e7-3895-bd89-b9a0868de5c2,Shanita956 Wolff180,F,GENERAL PRACTICE,651 ORCHARD ST,NEW BEDFORD,MA,027441052,41.6149879,-70.93113851963673,102,0
78a563c6-4ad9-3b32-ac74-547615212e3d,47fb5a56-bee5-3ecd-9958-706b20831c82,Karey608 Torp761,F,GENERAL PRACTICE,600 CUMMINGS CENTER  SUITE 270X,WOBURN,MA,018016356,42.4792618,-71.1522766,26,0
73dbec7a-fb97-31a9-b42b-b288d057f650,eee00932-ca82-36bc-b7e8-e3fff6dbaeaa,Leif534 Hane680,M,GENERAL PRACTICE,450 BROOKLINE AVE,WEYMOUTH,MA,021893141,42.2212188,-70.9391625,56,0
315de12a-0eee-31a4-927e-df8186f98b77,be509ccb-bfb7-3b87-8945-8426b689ef9d,José3 Amaya149,M,GENERAL PRACTICE,2049 DORCHESTER AVENUE,BOSTON,MA,021244742,42.3554334,-71.060511,1,0
7f18e537-8d07-3851-be64-85d1bceec8c2,f8918a95-31e8-3ac4-8d12-29ca6080ebda,Rudolf736 Vandervort697,M,GENERAL PRACTICE,199 REEDSDALE RD,MILTON,MA,021863926,42.251368299999996,-71.0768393856917,140,0
8a7f11fb-fe0e-3fd1-806b-d4501950c9d7,9cec3b3c-fe3f-344e-b9c3-e414dafcd19f,Otis335 Dickens475,M,GENERAL PRACTICE,120 MAIN ST,MALDEN,MA,021486904,42.41918695,-71.06618960434116,1,0
9615fff5-ffe6-3daf-899c-683ea3f10a3a,8d5880eb-1dd8-31ea-b7c5-21709f3bb341,Jared66 Satterfield305,M,GENERAL PRACTICE,50 ROWE ST,MELROSE,MA,021763201,42.4592093,-71.06078096379728,37,0
05c74bee-5246-3537-ac8e-9b392e843a28,3ff0f58b-7a1f-3334-9449-ff15f68b7d86,Winston220 McCullough561,M,GENERAL PRACTICE,275 SANDWICH ST,PLYMOUTH,MA,023607761,41.94186605,-70.6455366462985,185,0
f01f3e54-5f2c-3fc4-9c21-e9826bb7aeb1,70e3ad4f-b9ff-3f3e-9990-2cd7e23a9d1c,Zane918 Bosco882,M,GENERAL PRACTICE,1238 RIVERDALE ST,WEST SPRINGFIELD,MA,010894675,42.1373438,-72.62624707492338,1,0
3a85617d-47a1-389b-a0cf-2ec84ed01d4f,171254da-957c-304a-b3fc-51a2d3ebee43,Brittney657 Schmitt836,F,GENERAL PRACTICE,108 Merrimack St.,Haverhill,MA,01830,42.77449,-71.07901,193,0
3192be74-b30c-338a-a543-c36b7998a987,dd280187-8662-3732-af81-595d10572911,Clifton91 Lakin515,M,GENERAL PRACTICE,4499 ACUSHNET AVE,NEW BEDFORD,MA,027454707,41.74026055,-70.9450945705336,156,0
9cdecb9e-8624-34d3-92bd-cb697a385abe,a6964d47-8af0-3df2-b99d-d8414eb1cfa3,Reggie481 Schiller186,M,GENERAL PRACTICE,200 MAY ST,SOUTH ATTLEBORO,MA,027035520,41.924394750000005,-71.36076410900014,67,0
30799f40-b2e1-36f8-ac3e-ee31ea13d6e7,b7b02632-03e1-330a-aa40-fdee22899633,Corie618 Cormier289,F,GENERAL PRACTICE,840 HARRISON AVE,ROXBURY,MA,021203432,42.3279605,-71.0830607,67,0
0cabbad2-f68e-30ff-80f7-24288c26a3ff,9d989fcf-4ad9-3972-ada3-f275d967781e,Dominic463 Miller503,M,GENERAL PRACTICE,100 TER HEUN DR,SANDWICH,MA,025632377,41.7579043,-70.4968152,46,0
daaf58a3-1dc3-3d53-9632-f84e317b48c8,92d919ab-8380-3fda-a5f1-838e69b819c1,Velda682 Gutmann970,F,GENERAL PRACTICE,300 TRADECENTER STE 4750,WOBURN,MA,018017420,42.4994143,-71.161659,31,0
1d32aaf1-d40b-3102-88b0-4bf981648981,af3871c3-2098-3051-bcb7-8a919e194a16,Stephane228 O'Conner199,F,GENERAL PRACTICE,97 LIBBEY PKWY,WEYMOUTH,MA,021893110,42.19322885,-70.94589987654936,26,0
8c1b3768-5f3a-3d09-9ec0-b14c70de2738,ab16be57-62ea-39a5-8f7a-ee1285cf6934,Ciara810 Gibson10,F,GENERAL PRACTICE,115 MILL ST,PETERSHAM,MA,013669503,42.4865962,-72.1893057,536,0
fcf09251-198f-31ae-b1c0-37988e257e55,5c896155-eb9a-383e-9162-a43ebb7f1cc5,Sammy219 Mayert710,M,GENERAL PRACTICE,400 LINDEN PONDS WAY,HINGHAM,MA,020433784,42.1972249,-70.91712645007524,6,0
636eda47-d849-354f-976a-71618b87eba8,a730c5e6-a15f-3e36-8112-8579e507d330,Drew592 Ankunding277,M,GENERAL PRACTICE,28 LORD RD,MARLBOROUGH,MA,017524549,42.34718040987546,-71.57283065352654,30,0
e26209c2-6dd5-3d7f-b49b-885a2dfe5945,ce4d0501-49eb-396a-bc56-545fdfc624b0,Mauricio81 Daniel959,M,GENERAL PRACTICE,1 HOSPITAL RD,OAK BLUFFS,MA,025571406,41.46063105,-70.57989080295974,4,0
15dde7d8-40c5-3729-bad5-0a813835d9e9,e69e7cbb-8362-30d1-83f2-3a0c492fe2b1,Isaac321 Kub800,M,GENERAL PRACTICE,110 LONG POND RD,PLYMOUTH,MA,023602642,41.9255829,-70.65514326847389,108,0
a52db881-2965-3bd0-8b8d-cee9092a2c8c,154cc5db-4906-3411-8aa3-39902c6b3af2,María Eugenia578 Serrano248,F,GENERAL PRACTICE,12 VICTORIA LN,STONEHAM,MA,021802221,42.4916624,-71.10288588889674,74,0
c2af9a64-52f7-3cdc-b107-c8a842aef41a,d13ac855-c068-3b57-8d65-fc3c90f32558,Mertie42 Orn563,F,GENERAL PRACTICE,383 SOUTH ORLEANS ROAD,BREWSTER,MA,026312870,41.738964949999996,-70.00124453922743,1,0
b01e1f2b-6913-3de1-a416-1adfb2b015e0,be9a14c1-72a6-3186-b199-fdb070768458,Lisabeth458 Roob72,F,GENERAL PRACTICE,18 FRANCES ST,WOBURN,MA,018013006,42.488288600000004,-71.15015700746171,2,0
2feba61e-dd78-3766-ae1d-157412e80f00,4932efc0-a23f-3f57-803e-554caa6ae7a8,Nathalie366 Nitzsche158,F,GENERAL PRACTICE,2446 HIGHLAND AVE,FALL RIVER,MA,027204504,41.73521465,-71.12778915697172,2,0
cabea232-df0a-3159-bfc6-00fe2c21e1c4,db106514-f254-3402-b6a4-6d210c78c7e2,Kimbra238 Runolfsdottir785,F,GENERAL PRACTICE,211 FRANKLIN STREET,QUINCY,MA,021697833,42.23691085,-71.00237199954586,7,0
55d1cb52-cfc8-3314-8295-2ece1374d23b,af570aee-a397-372c-8eba-5c2b18662b0f,Samella245 Runolfsdottir785,F,GENERAL PRACTICE,800 W CUMMINGS PARK STE 2250,WOBURN,MA,018016372,42.4961562,-71.1258904921298,122,0
ca059608-18b0-3643-b0e4-8468ebcfbb99,907b1d2f-2bf8-31b5-abc2-14d6b75faa96,Ellis535 Ernser583,M,GENERAL PRACTICE,340 MAPLE ST,MARLBOROUGH,MA,017523200,42.3358161,-71.54106510218209,50,0
7a30c7df-dec5-3f26-bddd-ed0a7c17e013,880fad59-9c38-3a21-a39f-ccc801502ab3,Halina47 Pollich983,F,GENERAL PRACTICE,799 CONCORD AVENUE,CAMBRIDGE,MA,021381048,42.390849395521705,-71.1556550001627,15,0
d3f3fd80-b283-3cfb-ac93-4ee379fb5449,352f2e3b-0708-3eb4-9f7e-e73a685bf379,Gregg522 Willms744,M,GENERAL PRACTICE,157 UNION ST,SOUTHBOROUGH,MA,017721215,42.3056501,-71.5245087,203,0
b29cdb59-fa00-3d61-b564-201b21a13467,e34d8448-8b98-3f91-9fe7-faeb8a78e1db,Jill895 Monahan736,F,GENERAL PRACTICE,NEW ENGLAND SINAI HOSPITAL,MILTON,MA,021862377,42.2501425,-71.065573,48,0
e2f33880-4d65-3f24-8cb4-40377ad0fb44,a2d45ee8-b930-3169-b612-f602961ad212,Florance664 Leannon79,F,GENERAL PRACTICE,37 MINUTEMAN WAY,SHREWSBURY,MA,015452229,42.288207,-71.73443816915585,31,0
c2762389-1c3c-360b-a735-40bf25ff6f74,4fa643ae-1f58-3c2e-9f33-0ba56345ad10,Trevor374 Williamson769,M,GENERAL PRACTICE,361 MAIN ST,WAREHAM,MA,025712153,41.761384899999996,-70.71911431737183,49,0
075fbae1-4189-32cd-b1b1-8876532bf573,fa34d205-5ac2-3ba2-80a4-bef345dc57f5,Shawnna218 Daniel959,F,GENERAL PRACTICE,37 BROADWAY,ARLINGTON,MA,024745552,42.408086,-71.135914,1,0
4ce20445-21ee-38bc-af42-85913db95bed,a73a3693-57ac-367e-b29e-f0f834cbaf66,Mariano761 Duarte203,M,GENERAL PRACTICE,10 CORDAGE PARK CIR,PLYMOUTH,MA,023607318,41.9788991,-70.6879608,39,0
66c97a8e-bf3e-3cd0-9209-a95d5b55523e,fb4a08b8-57ee-382b-b3cb-43d94f1bb4c0,Theo630 Hammes673,F,GENERAL PRACTICE,1010 SOUTH MAIN STREET,FALL RIVER,MA,027242855,41.690775450000004,-71.16515282264554,110,0
6cc9da6c-7956-33f2-a1f3-1e194a851211,2b97893e-dc50-378b-a266-f089b8450329,Magdalena964 Torphy630,F,GENERAL PRACTICE,250 MOUNT VERNON ST,DORCHESTER,MA,021253120,42.3194571,-71.04610844302991,157,0
ec349f6b-33c8-3cac-81a0-8487fd8cfeeb,d0894f6b-78d7-338d-82ad-b63de4d40014,Dewayne363 Lemke654,M,GENERAL PRACTICE,330 MOUNT AUBURN STREET,WALTHAM,MA,02452,42.3756401,-71.2358004,5,0
13751804-59a5-3d65-ad2a-a2f8a70a791b,3d5fbf38-c781-3e04-8c7e-5a402611b7d4,Vito638 Barton704,M,GENERAL PRACTICE,260 ELM ST,SOMERVILLE,MA,021442951,42.3955992,-71.1227391,119,0
348a67b7-5724-3575-8ea0-a9a616e4c53b,2f67494e-f17e-3248-ba68-3ca42913cca1,Brock407 Bergstrom287,M,GENERAL PRACTICE,184 MAIN STREET,FAIRHAVEN,MA,027193259,41.646106,-70.90865208079187,15,0
eaabd3a8-4f61-3a96-b88a-a43a7aa14896,326bc5bc-8da8-3337-a76a-7d44202dae3d,Charley358 Hermiston71,M,GENERAL PRACTICE,184 SWANTON ST,WINCHESTER,MA,018901921,42.4606573,-71.13806547771736,3,0
f0108d2e-ed59-3902-aa1f-ac409f86878f,46e66051-c061-3c31-b439-1d71df92db1c,Damion480 Denesik803,M,GENERAL PRACTICE,11 NORTH ST,STONEHAM,MA,021801040,42.50329135,-71.10023035268328,5,0
af8544d5-ffaf-3337-aa23-858c014339fa,52efa2e5-007f-3396-a83a-28ca015f0595,Ranee391 Turner526,F,GENERAL PRACTICE,20 N PARK AVE STE 2200A,PLYMOUTH,MA,023604090,41.960434631488596,-70.67007876763536,21,0
d96f640d-2c17-37ca-958f-9c24da65237b,19439108-9835-38fe-8ee2-1226a355cfba,Anderson154 Kunze215,M,GENERAL PRACTICE,694 WORCESTER RD,WELLESLEY,MA,024822837,42.2964859,-71.2925571,12,0
804b7bdb-075b-3619-bb2d-cfd87c2827d0,cf3467b5-7d92-3bbc-b7c1-358e4a12cccf,Carl856 Cremin516,M,GENERAL PRACTICE,413 NEPONSET AVE,DORCHESTER,MA,021223131,42.2861758,-71.0437453,28,0
18c2581d-23e0-3787-92ad-1024190f6119,fd938c9f-a355-3ec7-96f8-516240ea1ba2,Kandi717 Beahan375,F,GENERAL PRACTICE,529 MAIN ST STE 126,PLYMOUTH,MA,023604842,41.7664657,-70.7266525,1,0
b6f6a6cf-e3d9-3f92-852b-3e30c1f58900,edd58f69-ad5f-346b-b1f9-530ccdc895f6,Johnathan55 Padberg411,M,GENERAL PRACTICE,52 CARPENTER ST,ATTLEBORO,MA,027032472,41.9369576,-71.27996091755344,89,0
6436edf7-640e-3f20-9036-0a2240e335b2,94ac48ba-e215-3ab9-ba88-a0b926d29cef,Barton704 Hahn503,M,GENERAL PRACTICE,300 WINTHROP STREET,MEDFORD,MA,021552311,42.421527,-71.11834,17,0
b509ff58-aa28-3913-8ce7-e7990932bdb3,e5ce3b83-f5e6-308d-aa64-82539fc2d906,Kyong970 Dach178,F,GENERAL PRACTICE,1842 BEACON ST,BROOKLINE,MA,024451922,42.33728028715071,-71.14536064081996,2,0
ffabdd89-5ec7-30e0-adb6-bb1f453593bd,936ceb96-2b12-371f-aa68-ee02a9c06f4c,Alan320 Keeling57,M,GENERAL PRACTICE,225 BOSTON ST,LYNN,MA,019043124,42.470497449999996,-70.96003668151566,43,0
09c7b68e-bccc-3334-a126-9696f16021ca,dfcd78f1-f67e-321d-84e3-f658c482c474,Sacha430 Wisoky380,F,GENERAL PRACTICE,64 WOODLANDS WAY,BREWSTER,MA,026312550,41.737807,-70.0036669,1,0
76c836d5-5f76-3dff-8aaa-a0ab9d431d9b,51759ecf-0948-3f61-b8fc-09dd8f2b90a1,Damon455 Schultz619,M,GENERAL PRACTICE,CHRISTIAN HILL ROAD,GREAT BARRINGTON,MA,012301108,42.207865,-73.360405,7,0
3122455c-f6a3-367c-84de-1e2fac8f46c4,0a8a4b11-d0b8-3cd2-92cd-983de5189cfa,Angelena945 Nicolas769,F,GENERAL PRACTICE,111 BIRCH STREET,LYNN,MA,019021574,42.47859105,-70.93458444045801,18,0
25ebd97b-01d4-3092-a6bb-5864bd20b88a,7b7ce654-a413-37d1-9d34-97240c0ac580,Liberty95 Kihn564,F,GENERAL PRACTICE,1 WRENTHAM ST,BELLINGHAM,MA,020192532,42.025037350000005,-71.48945118224057,3,0
e7965db1-ddba-30ac-a16c-6b79156b627f,7b20d1c4-c56b-3647-801c-5e4e13679073,Mozell819 Prohaska837,F,GENERAL PRACTICE,275 SANDWICH ST,PLYMOUTH,MA,023602183,41.94186605,-70.6455366462985,233,0
70102e83-f89b-33c2-ae2c-a12c72f64751,880c8804-deb0-35b0-9132-06950118b8b3,Sherron201 Flatley871,F,GENERAL PRACTICE,150 LINCOLN STREET,NEEDHAM,MA,024922914,42.2743931,-71.23662905222776,2,0
d1a462a5-41fd-33cb-839f-399cd5bbddab,281525ef-5743-34a8-9339-66c8b4be6668,Jacobo456 Quintana711,M,GENERAL PRACTICE,555 PLANTATION STREET,WORCESTER,MA,016052376,42.2907683,-71.7649752,5,0
ede63719-0a76-3d1e-85ea-081c401a4aa8,fc22de59-ee81-3c32-98c4-911b8d416110,Cyrstal592 Mosciski958,F,GENERAL PRACTICE,27 GEORGE ST,ATTLEBORO,MA,027033105,41.9404181,-71.27282167023935,2,0
575fcd30-061e-3651-b953-cd76fea7d4de,3e97ce4f-3ad7-3cea-883f-e2bb4ca89d83,Dan465 Swift555,F,GENERAL PRACTICE,30 NEW CROSSING RD,READING,MA,018673270,42.51809619399502,-71.0959083715027,157,0
afd84436-fde9-3596-9d65-7936d1fa3196,c60fc3df-9dbd-3f31-a456-41c84490266f,Lavonna163 Johnson679,F,GENERAL PRACTICE,146 MAC ARTHUR BOULEVARD,BOURNE,MA,025323902,41.7412166,-70.5989196,7,0
f8ea9c09-acfe-3d10-8b2e-b9747b80ae6d,c4e5b33c-17b8-3f51-a8ba-a327d54e642a,Kaila152 Dibbert990,F,GENERAL PRACTICE,94 N ELM ST,WESTFIELD,MA,010852917,42.1322823,-72.7436679,31,0
34839dda-dc5d-3b6f-b82c-f531c7e53897,552ede7f-2ba4-39ef-9217-29d27b89b8a7,Shameka870 Reichert620,F,GENERAL PRACTICE,87 SHATTUCK STREET,HAVERHILL,MA,018302319,42.796917699999995,-71.05216081525802,12,0
b36ea735-27f5-3b81-9c97-3c35e8c0a1a0,79d49935-bcc0-36ca-920b-45365c367438,Jamel269 Hudson301,M,GENERAL PRACTICE,409 W BROADWAY,SOUTH BOSTON,MA,021272245,42.336831,-71.047958,30,0
5c2ad890-3c16-3b5c-b281-bfce6f257314,0f2c58ec-5323-3c0f-9bdf-af0df7eb2a2b,Mana631 Boehm581,F,GENERAL PRACTICE,130 DORCHESTER STREET,SOUTH BOSTON,MA,021272642,42.3334312,-71.0494949,2,0
47bb2713-21ff-3e92-a06c-4a44d3415da7,cc400ddc-c38d-3604-8d89-cea21555719f,Irene779 Kirlin939,F,GENERAL PRACTICE,87 CHESTNUT ST,NATICK,MA,017603644,42.293559188306446,-71.35158050924959,45,0
3d19d877-e6b2-3bc0-be5e-ea2e329dd3a3,51370692-6296-3150-8672-559fc73f964f,Jeromy156 Okuneva707,M,GENERAL PRACTICE,75 FRANCIS ST,WEST BRIDGEWATER,MA,023791542,42.0219112,-71.019004,243,0
5e963d34-f322-35f3-88c8-b9123bbc7401,cdc87240-38e9-36f8-959b-706642e01e11,Vicente970 Armstrong51,M,GENERAL PRACTICE,243 CHARLES ST,STONEHAM,MA,021803559,42.4814675,-71.0924311,164,0
35ce15d0-293f-3a7b-a86a-c041a22c18e5,06376cbe-4880-384b-b459-7ce3eef36ced,Lynwood354 Ratke343,M,GENERAL PRACTICE,387 QUARRY ST,FALL RIVER,MA,027231026,41.6932713,-71.1402431739568,90,0
b09d3c58-1432-3a0c-a0e2-42d5a149801f,b3312a2d-37e9-35a8-b50d-6c165c437baa,Eliseo499 Reinger292,M,GENERAL PRACTICE,45 DIMOCK ST,ROXBURY,MA,021191029,42.32030665,-71.09721114916246,12,0
90495cc9-3325-3c0e-8047-61ff04d88a72,2836d9ac-c6a6-39d1-8f13-fdf0fc8928f4,Barbara209 Gaitán874,F,GENERAL PRACTICE,365 EAST ST,TEWKSBURY,MA,018761950,42.6069472,-71.2180803,187,0
0311e963-5ac2-3362-a95b-9d85eccfdeab,a2f8d8fe-665e-390f-8b9b-efdc0b14a77c,Pearlene638 Towne435,F,GENERAL PRACTICE,161 JACKSON ST,LOWELL,MA,018522103,42.6425382,-71.3093946,43,0
877315ea-436d-3133-ba3b-7d81e0fbb5f7,470e2fc6-33df-31c6-a448-ac918dcc19d9,Tonita173 Swaniawski813,F,GENERAL PRACTICE,34 MAIN ST,HAMPDEN,MA,010369642,42.1226047,-72.2062130792683,1,0
4c24e39c-4cc8-3dee-b6d2-91eef7f529ee,01516bed-cf23-30da-ad4f-967d65529743,Tena12 Davis923,F,GENERAL PRACTICE,67 BRIGHAM ST,NEW BEDFORD,MA,027402211,41.62716045,-70.9414201572985,33,0
61fdf7b5-14dd-34fc-945f-80b150ab103b,15e26ce3-9006-3ce2-9327-493180a15ec1,Elisa944 Casanova632,F,GENERAL PRACTICE,6 GROVE ST,NORWELL,MA,020611534,42.172231693916025,-70.87836493029226,29,0
98adfba2-5c56-3c81-9a65-4b89c671686b,adf66683-c158-3efa-8e6c-7b2a273aa4ba,Eden920 Lebsack687,F,GENERAL PRACTICE,15 MILL ST,MARION,MA,027381546,41.71414569747417,-70.7725958636297,1,0
32c260a5-ac50-3743-bfd7-c5c15e0cad38,1de7e7d9-9a7a-3a3f-bf4c-b4de450711f2,Clelia416 Morissette863,F,GENERAL PRACTICE,198 LITTLETON RD,WESTFORD,MA,018863429,42.564282,-71.42620615382347,2,0
d2a65bae-8882-3d52-95e5-1532e912fcb8,68503514-203a-3202-ac09-ea411c96caec,Teodoro374 Kovacek682,M,GENERAL PRACTICE,309 TEATICKET HWY,TEATICKET,MA,025365625,41.568302200000005,-70.59404025373951,49,0
fdbd9585-9007-38b9-baf5-26e1c5961edb,f52777bd-7313-3b27-8dd5-cd3f87bd3275,Shane235 Torphy630,M,GENERAL PRACTICE,9 HOPE AVE,WESTWOOD,MA,020902914,42.2139873,-71.2244987,38,0
f61bfe20-e311-3fc0-bab3-11a445c8d3b9,df3f566c-97e5-31ed-b0fe-4b452666f736,Mckinley734 Rodriguez71,M,GENERAL PRACTICE,300 CHESTNUT ST,NEEDHAM,MA,024922477,42.27522125,-71.23743483674366,28,0
2a267b0b-2b16-36f6-a7be-0c3d3be06e6e,4705a8fd-19cd-32c1-8b3e-34bcfe84d0bd,Jimmie93 Mayert710,M,GENERAL PRACTICE,55 N WASHINGTON ST,NORTH ATTLEBORO,MA,027601607,41.983529,-71.332241,32,0
cd548b80-3cce-3cf6-b0ae-bdc1e528e42c,4f4fffcb-94bb-347f-8b11-c69730e73d9b,Denver542 McCullough561,M,GENERAL PRACTICE,10 TOWER OFFICE PARK STE 306,WOBURN,MA,018012120,42.5022739,-71.1239764,9,0
12e58b56-1792-3612-9468-f47caa4ae187,497f39dd-280e-3d58-af5b-c5e3a3a09b10,Randy380 Bergstrom287,F,GENERAL PRACTICE,27 PARK ST,HYANNIS,MA,026015230,41.65363635,-70.27352219234834,96,0
48f00783-39e1-39fe-8e0e-7eeaf5732891,eaaf102d-0188-3a69-a751-030645e2a7b0,Errol226 Kiehn525,M,GENERAL PRACTICE,605 MAIN STREET,WAREHAM,MA,025711031,41.76766153042966,-70.73096212925822,18,0
87da5ad9-8676-36dc-bbd3-90f31d28506c,0d7fd824-1c7b-3f8b-a662-f6c2005e82e1,Arminda86 Trantow673,F,GENERAL PRACTICE,88 MASONIC HOME ROAD,CHARLTON,MA,015071394,42.1389039,-71.9782681,3,0
2f9fc306-cfd7-3910-9dc7-972daf41df63,accb8cdd-6560-3fef-b0a6-f12c3295026a,Kerrie266 Bergstrom287,F,GENERAL PRACTICE,969 PARK STREET,ATTLEBORO,MA,027035115,41.9266899,-71.2611303145582,12,0
5cfde8c9-437a-33b0-9ebb-dae66aace436,792f1ce2-3420-3f91-bd8c-ce680ef4c5d2,Cecilia788 Casárez469,F,GENERAL PRACTICE,309 DRIFTWAY,SCITUATE,MA,020661905,42.1766448,-70.74318482072749,3,0
082d6d1c-7d2a-3089-82fd-275ee78df259,c2e93fb4-abf2-3210-b6ec-4d1ecb2b76f0,Francene766 Halvorson124,F,GENERAL PRACTICE,62 BROWN ST,HAVERHILL,MA,01830,42.76512700000001,-71.04617174286321,28,0
4cf933e0-346b-3c96-b498-d1d3c178bc8d,1ab2b5f9-cb95-3236-beec-9b9d4a407c61,Carroll471 Eichmann909,M,GENERAL PRACTICE,725 NORTH ST,PITTSFIELD,MA,012014109,42.4600752,-73.2492795834909,83,0
8c97c16f-453d-34ae-96b9-d968ee41d807,07ae483b-b351-3add-8b05-afba832b88ea,Lanette41 Murray856,F,GENERAL PRACTICE,5 REDLANDS ROAD,WEST ROXBURY,MA,021321506,42.2879347,-71.15108161583282,5,0
b42ead80-f895-3696-9eea-65552095d968,aebbaa5c-2d54-3002-8042-83f6513ccbd2,Kellee902 Buckridge80,F,GENERAL PRACTICE,14 TOWNSIDE LN,WALPOLE,MA,020813541,42.1528227,-71.24396289112357,93,0
3f96b875-50eb-395a-bddd-6d81050efddb,41e2a44c-477c-3511-96f9-12c476aa3b6a,Latoyia537 Lindgren255,F,GENERAL PRACTICE,85 E NEWTON ST,BOSTON,MA,021183553,42.336277100000004,-71.07085295687423,790,0
3b352921-8c59-3fd5-823d-677c56c09d1c,5b0cd0a0-f277-3a66-bee6-d64b5be4a3f5,Waldo53 Hintz995,M,GENERAL PRACTICE,725 NORTH ST,PITTSFIELD,MA,012015493,42.4600752,-73.2492795834909,9,0
b56bff1a-b831-33de-af65-1a6f98b006f6,79a06fd6-9f2b-35e3-9b11-0bc5ff89e17c,Lady554 Kovacek682,F,GENERAL PRACTICE,225 Boston Road  Suite 107,Lynn,MA,01904,42.470093,-70.95994,77,0
5660ad62-8992-3558-b325-f040ebdad61c,0a42bb03-b1a7-347d-82f3-4ba02080e55c,Dallas143 Friesen796,M,GENERAL PRACTICE,332 WASHINGTON STREET,WELLESLEY,MA,024816217,42.310362049999995,-71.27601802190625,24,0
c5560614-0d89-30af-adfc-053232bd724a,f5b88e0f-3f0a-3400-b56f-26247e2a35ac,Archie818 O'Keefe54,M,GENERAL PRACTICE,585 LINCOLN ST,WORCESTER,MA,016051906,42.2962766,-71.7688972944814,43,0
a4b84fb5-d3db-3848-b3d3-34a3c78ceb4c,b44955d1-f0e2-3beb-a013-708a81dbe430,Idella49 Runte676,F,GENERAL PRACTICE,680 CENTRE ST,WEST BRIDGEWATER,MA,023791600,42.0219112,-71.019004,17,0
ffc9768f-d6ce-31d8-ab99-140ad111ce91,e4dbbb2f-5a51-341d-b5a5-dd91b968b217,Errol226 Gaylord332,M,GENERAL PRACTICE,329 WASHINGTON ST,NORWELL,MA,020611737,42.16319935,-70.86354427737673,1,0
a00aba94-f952-3ca1-80f2-47fdb02c63f9,d3335d07-2a2c-35d7-9b87-c022393b6793,Xavier983 Lubowitz58,M,GENERAL PRACTICE,137 NICHOLS STREET,NORWOOD,MA,020622009,42.1930792,-71.20868232395514,7,0
6abc35d5-a94f-33b2-aefd-1dd8e0ff7d4a,1853aeef-5897-326a-80d6-aa4b0459eb6d,Kendra609 Kassulke119,F,GENERAL PRACTICE,381 WICKENDEN ST,ATTLEBORO,MA,027032247,41.9438129,-71.2806515,185,0
4c5429b1-0d50-330d-b56c-43c2133aa5b4,94dda4e1-7476-367a-b1f8-37ea7f61a1b7,Chanell45 Robel940,F,GENERAL PRACTICE,145 WARD HILL AVENUE,WESTBOROUGH,MA,015811017,42.2694308,-71.6129907,24,0
6ff2f2ac-a1ac-39b4-b0c5-8bfcd5bc2802,01bb7b5c-f850-3c4e-a3f1-442d8273559a,Charley358 Effertz744,M,GENERAL PRACTICE,395 PLEASANT ST,NORTHAMPTON,MA,010603914,42.3150543,-72.62555561349089,122,0
c36da926-7f0b-3563-a0db-cedeac2f6db0,2ca615f3-87f7-3283-a447-d919a883b676,Isaias604 Dickinson688,M,GENERAL PRACTICE,1399 WASHINGTON ST,HANOVER,MA,023391653,42.1441354,-70.8440854,2,0
f7fc6104-4f4d-34b5-a084-4f0e0b8a10df,c0a33465-d309-3d2a-932e-9d554a7cc19c,Nathanael908 Rogahn59,M,GENERAL PRACTICE,100 CENTURY DR,WORCESTER,MA,016061244,42.3138278,-71.7707002,26,0
2479a9f4-18ac-30ec-8ebd-dbea2580880e,94c70730-f430-3878-972c-d06d65cfce1d,Tracy345 Runolfsson901,M,GENERAL PRACTICE,71 HOSPITAL AVENUE,NORTH ADAMS,MA,012472504,42.70714585,-73.10965876407255,33,0
aaa38ccb-86bd-3815-9688-459a8de721b5,0583e4f7-f1c2-3100-8e0c-d0decc7ef261,Dusti191 Howe413,F,GENERAL PRACTICE,123 WATERHOUSE ROAD,BOURNE,MA,025323890,41.72840155,-70.58506829999999,35,0
4e36ffc7-043c-3a03-86a4-799dc953cb7f,51d38e67-9350-39b8-bbb3-91cc879ae415,Darrick836 Hoppe518,M,GENERAL PRACTICE,335 NICHOLS ROAD,FITCHBURG,MA,014201932,42.598254850000004,-71.80841914533654,4,0
32eb9dc5-7b76-3057-8e2f-2ac1d162787c,80646050-1c76-3046-bbc8-fd5f0b7c34e6,Raleigh478 Hauck852,M,GENERAL PRACTICE,140 ARNHOW FARM ROAD,FITCHBURG,MA,014201369,42.5903661,-71.8119837,18,0
d1b44bbd-7782-315b-b1fd-6637511551b7,1b3fe590-8793-3f08-865d-01fc425a84d4,Fredrick998 Wintheiser220,M,GENERAL PRACTICE,1340 BOYLSTON ST,BOSTON,MA,022154302,42.34392675,-71.09888049065322,98,0
afe430b1-b6a1-36c8-b666-4a85cec388c2,0be0e035-8dad-387e-bbdd-a5a469c4311f,María Elena653 Hernandes724,F,GENERAL PRACTICE,480 MAPLE ST,DANVERS,MA,019234065,42.584178050000006,-70.97197467750539,75,0
fd71c21e-34af-3d1c-ba10-51702a95967f,3f12ebb4-e03c-3453-88d2-4fc9682383df,Irina619 Stiedemann542,F,GENERAL PRACTICE,726 COUNTY ST,NORTH DARTMOUTH,MA,027473603,41.6389926,-70.9703171,30,0
c175476e-2ca6-3bb4-a8f8-1d9013e046b4,9fdce5d5-d4d0-3156-a8d5-8757bfe4e9b3,Pamelia915 Kilback373,F,GENERAL PRACTICE,1 FARMER CIR,ARLINGTON,MA,024742866,42.42405225,-71.16792616556859,129,0
eb9f50dd-cc16-3210-a8bb-c2566e9099a9,86f41096-d81f-3e26-b770-b26adc017d3e,Ka422 Prohaska837,F,GENERAL PRACTICE,288 WASHINGTON STREET,QUINCY,MA,021695523,42.24983615,-70.9902487341626,10,0
30fc1086-4496-30fd-a29a-a0ccc23bf191,125eccb3-d003-34ea-9bd8-360dff059782,Mickey576 Gerlach374,M,GENERAL PRACTICE,125 PARKER HILL AVENUE,DEDHAM,MA,020266146,42.2489143,-71.1755732,48,0
34c3e492-7412-36f7-9bc5-217fa95c3ef6,e92dad8b-f485-315a-8fc4-1d7adfdc9c00,Teodoro374 Rosas160,M,GENERAL PRACTICE,581 FAUNCE CORNER RD,DARTMOUTH,MA,027471242,41.676111381167445,-70.98788528176077,23,0
bf7e21d5-7d63-37c5-a501-86899474a274,a1a024f0-95e2-3db4-a771-e2f17c5da162,Emilio417 Reyna401,M,GENERAL PRACTICE,18 NEWTON ST,BROCKTON,MA,023015115,42.0785392,-71.02602473630952,56,0
1d32c8cf-93f8-3901-9177-07f75423b59c,aad05540-c9cb-3805-b3c4-f9b9d9b42b2e,Víctor493 Maya972,M,GENERAL PRACTICE,821 E MAIN ST STE 3,CHICOPEE,MA,010206306,42.155774795300516,-72.55672263289513,60,0
5ce1ffd1-7a0d-3500-a54f-a064898677e1,2987ddf5-7ff2-3e4a-9e25-d654a10313fd,Ted955 O'Connell601,M,GENERAL PRACTICE,519 MAIN STREET,MEDFIELD,MA,020522522,42.186209649999995,-71.30745495273302,23,0
0c2b95e3-56ae-38b7-a88e-a45b4a13dab1,5de0661c-5943-365b-93c7-8ab84e1df09c,Randa356 Carter549,F,GENERAL PRACTICE,28 LINWOOD RD,LYNN,MA,019051638,42.4703546,-70.964796190519,1,0
08922e7c-f111-3e87-b4dc-78dcf1060c85,76b7dbb5-0a02-32a4-9a01-3511f7e45016,Jerrold404 Satterfield305,M,GENERAL PRACTICE,59 COUNTRY WAY,SCITUATE,MA,020663746,42.1806871,-70.74862935148246,5,0
a683bcd9-9b3d-3728-859e-c3e841639ad8,83a08dcf-7ed6-3d2e-afc0-a72c05d2563c,Jerri638 Stiedemann542,F,GENERAL PRACTICE,755 MAIN ST,HAVERHILL,MA,018302166,42.797835,-71.0878121,28,0
910b9d57-b9db-3a96-bf73-f3308c5a0855,25c85bcc-7e25-36bc-89e8-08e0d473db23,Sharron285 Okuneva707,F,GENERAL PRACTICE,138 S MAIN ST STE 14,MILFORD,MA,017573272,42.1270746,-71.51639128815474,45,0
3b99b9c2-de0d-361c-8317-9344ee2eed03,d9b71ccf-6649-3555-9e99-44eac0af257f,Darlene91 Collier206,F,GENERAL PRACTICE,655 DEDHAM ST,WRENTHAM,MA,020931135,42.084901,-71.30689224201797,20,0
8f892a10-f16d-3bab-a30b-b5d93a3d191e,e68de1a0-767e-3466-b9a6-43948ee073d3,Gene733 Ratke343,M,GENERAL PRACTICE,160 WELLS AVENUE,NEWTON,MA,024593302,42.29337605,-71.19806353028767,7,0
f5551aac-3ba9-3ded-a7e2-6813ebc28786,cbebae9e-f95e-3d2c-9712-289ea8d6aeec,George991 Haley279,M,GENERAL PRACTICE,49 ROBINWOOD AVENUE,QUINCY,MA,021698130,42.2509914,-71.0037374,267,0
9eb0f102-8b7c-3134-ae58-025d7b5e2605,5862e05c-9533-3f7a-8f73-215d50f5ee2f,Estell607 Barton704,F,GENERAL PRACTICE,1200 CENTRE ST,ROSLINDALE,MA,021311000,42.29768,-71.130463,73,0
a6fb4f82-2a2b-3b6a-a19e-04abb0a42d38,ad482681-b4c4-3fce-ac59-78c83d31b0ba,Jeanie708 Turner526,F,GENERAL PRACTICE,130 CHESTNUT ST,FRANKLIN,MA,020383903,42.08345955,-71.38413379825735,2,0
5de48edb-a498-3cf2-80ba-9110ddbe62ed,a5577e5c-b886-37a0-8eee-8ff6feb7ea6b,Leopoldo762 Keebler762,M,GENERAL PRACTICE,330 MOUNT AUBURN ST,CAMBRIDGE,MA,021385502,42.3741033,-71.13417575971958,149,0
35098b6f-fdf4-345b-acc8-e5eb1a94856f,5581e43d-0463-3a0b-afc7-a60aea5ac96c,Lourdes258 Nava670,F,GENERAL PRACTICE,57 RIVER RD,ANDOVER,MA,018101144,42.69112645,-71.19636086287642,37,0
5d0ee782-0a86-34e0-a691-11cb53245841,8269bd00-d9ff-3bda-a585-9587bc1d330b,Arlie183 Jacobson885,M,GENERAL PRACTICE,223 SWANTON ST,WINCHESTER,MA,018901968,42.4616579,-71.13927131946744,5,0
de407031-14fc-3abd-92e2-7c31512005c5,e7722de2-0e62-3dc9-a163-a7003956673b,Charlena802 Lockman863,F,GENERAL PRACTICE,1 EDGEWATER DRIVE  SUITE 103,NORWOOD,MA,020624669,42.16153305,-71.20162617190071,2,0
5d5bdd56-dd14-33c3-aede-816ebb1c5bbc,966245ce-e84d-36b0-a838-2e0b5bb2e668,Pei116 Crooks415,F,GENERAL PRACTICE,1425 BLUE HILL AVENUE,MATTAPAN,MA,021262122,42.2754929,-71.09384131587021,7,0
7e4d4a76-e654-3dd7-bbfe-112ddd160e68,9dbd44ba-59b2-3d1d-ac91-3880af8081d2,Tori754 Larson43,F,GENERAL PRACTICE,529 MAIN ST STE B,ACTON,MA,017203965,42.4878132338563,-71.43046999422496,59,0
e888753d-6a94-3259-bcec-9485ca98ed8a,2bde75a8-708f-3930-8d57-100ab365d413,Cedrick207 Gleason633,M,GENERAL PRACTICE,173 WORCESTER ST,WELLESLEY,MA,024815521,42.2964859,-71.2925571,56,0
cf8a54d5-5f9b-3817-b438-ed2d8f6a5ffd,4eddfa13-f996-3048-9bbc-541b0a29038a,Annelle169 Schmidt332,F,GENERAL PRACTICE,736 CAMBRIDGE ST,BRIGHTON,MA,021353601,42.348649949999995,-71.14799584850206,52,0
736d3306-ef08-339b-8e90-ed35ab7cb492,845fbd9b-2d1c-39a8-8261-28ae40e4fab2,Bennett146 Rippin620,M,GENERAL PRACTICE,14 PROSPECT STREET,UPTON,MA,015681431,42.1700209025178,-71.59409308099494,123,0
b93d273e-228e-3f01-b44c-00b821c14d08,946ec45f-5c4a-361f-b158-927144864133,Glynda607 Harvey63,F,GENERAL PRACTICE,19 MIDSTATE DRIVE  SUITE 130,AUBURN,MA,015011856,42.1894693,-71.85604765,14,0
5c7ee819-59f4-384b-950e-7b2d3110ee76,bac9dc0c-cb0f-3fa6-aa12-819dd0fb922a,Nicholas495 Greenfelder433,M,GENERAL PRACTICE,1493 CAMBRIDGE ST,SOMERVILLE,MA,021452935,42.3875968,-71.0994968,249,0
3f5b58f7-d031-32e6-916c-f8eff4671173,9ce6072b-d039-3cde-8eaf-950211b8ae88,Saul605 Ratke343,M,GENERAL PRACTICE,147 S MAIN ST,MIDDLETON,MA,019492446,42.585787222720036,-71.00861442427218,2,0
b8b5e94a-fbdf-35ce-bc00-08064c404b73,058176fd-cbb0-328b-8411-c19f5045032d,Breana975 Sanford861,F,GENERAL PRACTICE,840 EMERSON GARDENS ROAD,LEXINGTON,MA,02420,42.43761961817366,-71.19888753880475,3,0
a3e83232-5f7b-3327-93f3-8ab9ea31e31c,a25107f7-f4f5-36fc-98e4-f3e1b5875c91,Tracy345 Wilderman619,M,GENERAL PRACTICE,1285 BEACON ST,WOBURN,MA,018012157,42.4979478,-71.1684508,24,0
b272a57e-20d8-3201-87e3-36fe9868a6a4,0e6c3ad1-24c1-34cb-bb6d-e8438fa319e2,Vern731 Casper496,M,GENERAL PRACTICE,50 DODGE ST,SWAMPSCOTT,MA,019071300,42.4699241,-70.9171507,3,0
cec14398-f715-312c-adce-6640e1087512,4f9dd195-07b8-3a81-8b7a-58852a0e6cdf,Aaron697 Goyette777,M,GENERAL PRACTICE,47 E MAIN ST,WEST BROOKFIELD,MA,015852906,42.2355113,-72.1381676,1,0
feb2e0e1-03ca-3117-bce8-0008ec3a2a2d,3695125c-c052-3ece-898a-2a6448987ae5,Rosanna866 DuBuque211,F,GENERAL PRACTICE,2040 BOSTON RD STE 5,WILBRAHAM,MA,010951380,42.150295650000004,-72.47288272264812,3,0
cc88f0ce-f054-37c7-be4a-d90508d2daa0,05fcf001-ab24-3d7d-85f7-f64942d82738,Nickolas58 Schumm995,M,GENERAL PRACTICE,250 POND STREET,FRAMINGHAM,MA,017014592,42.2838619,-71.4093719,17,0
a2db07ec-6bba-33a4-bb18-bc11c89b8242,7e6db51f-7c1b-3555-9e1c-6269ba6d704d,Jacque955 Streich926,F,GENERAL PRACTICE,120 STAFFORD STREET SUITE 206,WORCESTER,MA,016031461,42.239638,-71.8443785891577,14,0
1ba1c864-6d8a-33e4-9689-afb427822f93,e87cda4c-1ad8-3a9e-b55f-7bfe987610ce,Josephina269 Bechtelar572,F,GENERAL PRACTICE,326 NICHOLS RD,FITCHBURG,MA,014201914,42.5974358,-71.80761197366103,34,0
8ec55c52-cd62-31b2-9afe-fe17f7ae9594,28d71598-85eb-3a0e-90c1-22e0be1af57c,Sammie902 Hermann103,M,GENERAL PRACTICE,38 MULBERRY ST STE 204,NORTHAMPTON,MA,010602832,42.35436315,-72.70256804599192,11,0
cb7c9c3c-3de4-3e80-a385-62a780f818f3,f5c6acf1-d209-3ba2-9fec-f70dda7001f0,Chantal971 Lehner980,F,GENERAL PRACTICE,320 MAPLE AVE,GREAT BARRINGTON,MA,012301951,42.18317635,-73.37707900285446,1,0
b59664cf-7075-3ed1-a115-cad9377d41f8,e5d50afe-8c7d-35f5-96f5-fb8941403b0f,Justin359 Hayes766,M,GENERAL PRACTICE,125 S CLARK ST STE 900,FALL RIVER,MA,02722,41.74223,-71.129706,67,0
855c1d91-2357-31a4-82a9-5db6398844a9,9adfae03-673d-365d-9052-f705098fa3e4,Daniel959 Wolff180,M,GENERAL PRACTICE,51 BLOSSOM ST,BOSTON,MA,021142699,42.36305545,-71.06643399281765,154,0
0e2a0d1e-ddd8-3e74-9504-0800abd32286,25431f9a-00e4-36d8-9810-4125328eec50,Kati243 Ruecker817,F,GENERAL PRACTICE,55 FRUIT ST,WALTHAM,MA,02451,42.3756401,-71.2358004,87,0
afd6c6b4-8b1f-3afd-8121-93fc482e46b6,89171335-b9c0-3326-98d6-a837d432b9fd,Louis204 Hauck852,M,GENERAL PRACTICE,150 FLANDERS ROAD,LYNN,MA,019042915,42.466763,-70.9494939,151,0
d42941a1-9aa4-3350-bff8-d2b151a5a4d3,01bde980-bf89-3138-8912-7360dff33247,Caroline183 Lang846,F,GENERAL PRACTICE,456 PARK AVE,WORCESTER,MA,016101254,42.25512735,-71.82580924803523,6,0
ae5c18a4-6054-36a1-b41c-2dfa37eec315,217cb6f6-e822-3831-9d9d-ffa104971042,Luther918 Jakubowski832,M,GENERAL PRACTICE,2 REHABILITATION WAY,WOBURN,MA,018016003,42.46352265,-71.161925472006,198,0
71dea4d4-5f8b-343e-9858-2ffdbdae7b19,8a6e21d0-da20-3378-8176-4e5ad2b51983,Wes853 Torphy630,M,GENERAL PRACTICE,84 ELM STREET,HOLLISTON,MA,017462138,42.20234485,-71.42493275079366,1,0
bf61d9c5-9d7a-3705-8097-07dffb7919eb,4e56c7ec-99e5-3023-8e4f-95ad18a03f06,Regenia619 Bosco882,F,GENERAL PRACTICE,28 RIVERSIDE DR STE 101,PEMBROKE,MA,023594947,42.11004715,-70.77534154695786,30,0
2c34be09-a1f5-3b65-bf0c-a8ab6089cfcf,e2a8b444-9b8f-36ff-84c4-05ee98589482,Francisco472 Gusikowski974,F,GENERAL PRACTICE,8 SHIPWAY PL # C-8,CHARLESTOWN,MA,021294301,42.3778749,-71.0619957,98,0
bd916be6-c4db-3d4d-8e91-55b2c5471ece,3517aff1-b163-3cd5-8fff-19710fcdc1b7,Ladawn167 Cremin516,F,GENERAL PRACTICE,400 HEMENWAY STREET,MARLBOROUGH,MA,017526762,42.36006255767826,-71.5077613040944,13,0
db7800ec-1f78-3094-b088-591219976b94,121b0ad1-1beb-3caa-9271-3d3f726bb727,Cortez851 Price929,M,GENERAL PRACTICE,1030 MAIN STREET,WALTHAM,MA,024517447,42.375828,-71.2527956,93,0
8e94d6aa-529c-3ebb-809e-113c4a619763,883f57b8-89c6-3dc4-b6da-047705c88623,Blanche121 Bailey598,F,GENERAL PRACTICE,363 HIGHLAND AVE,FALL RIVER,MA,027203703,41.7093779,-71.1460783680883,149,0
2258b943-e77f-33c4-b70f-7de2b2b3f9a8,f6ba791e-fe68-3596-bef4-60751db6a60e,Cleo27 Crooks415,M,GENERAL PRACTICE,37 BIRCH STREET,MILFORD,MA,017575501,42.1424349,-71.48943173357203,8,0
62c43bc3-4158-3ca5-b192-ab06a1569df7,2fc3d86d-4194-3ad1-bb8a-99d5d34119a1,Trent525 Krajcik437,M,GENERAL PRACTICE,300 CONGRESS ST STE 203,QUINCY,MA,021690907,42.2345525,-71.01493330273374,52,0
075c01c2-5796-3071-ba48-822969bb223c,b954c464-11ea-312b-a3f8-1350775bfa54,Hortensia953 Walker122,F,GENERAL PRACTICE,123 CAPTAIN'S ROW,CHELSEA,MA,021504019,42.3917638,-71.0328284,4,0
da9fd8e2-1623-362e-b515-7d1092d16b86,4d3ec6c2-f6aa-3d7b-adcc-e7107dac8530,Elsa29 Schultz619,F,GENERAL PRACTICE,14 MASONIC CIRCLE,AUBURN,MA,015011341,42.181923125,-71.86839612499999,1,0
ef90ef51-fa51-374b-9a1c-67cfc7752842,95f6c328-96dd-3fb8-a56e-9aad566094b4,Burton124 Schoen8,M,GENERAL PRACTICE,4 STONY HILL ROAD,WILBRAHAM,MA,010951027,42.1552861,-72.48384800788648,5,0
4ee2a268-af16-3012-a645-802279b96414,485ae27b-c5ba-3fd0-9a16-c9eea20be185,Lael572 Kris249,F,GENERAL PRACTICE,275 MARTINE STREET  SUITE 202,FALL RIVER,MA,027231518,41.68393816525316,-71.1220830626733,112,0
a7d1c427-ae01-3d75-9fb9-a8960e0f8979,19f958ef-57cf-33c1-b068-14b32a980813,Aura483 Bruen238,F,GENERAL PRACTICE,155 BROADWAY RD,DRACUT,MA,018262754,42.67578279999999,-71.29320171860073,49,0
d7ccbd4e-2d34-3cfd-b91a-e6f546091e1f,6d16a8e3-3569-38ab-afac-a2f8c1125085,Miguelina323 Crona259,F,GENERAL PRACTICE,1010 WALTHAM STREET,LEXINGTON,MA,024218052,42.4139392,-71.22929265883278,4,0
fc5c82fd-f454-3803-85c1-09ab7d825430,486bf543-9696-3d51-aa70-28a3044ce490,Ping698 Weissnat378,F,GENERAL PRACTICE,777 NORTH STREET,PITTSFIELD,MA,012014147,42.46054825,-73.24880457390918,57,0
92980724-046c-3584-9bf7-8f54edcc2f7f,76baa51d-0d0f-359d-a07b-7b999a43d42e,Lincoln623 Gibson10,M,GENERAL PRACTICE,101 STATION DR STE 240,WESTWOOD,MA,020902336,42.20728361922244,-71.15698168263435,28,0
4cc07b9f-7ea8-3039-9dde-5f522170f21e,53f086de-2fc7-3d35-92c2-aca4ed944e7f,Chang901 Kutch271,M,GENERAL PRACTICE,1 GENERAL ST,LAWRENCE,MA,018412961,42.7097143,-71.15007700778098,31,0
968ed5b5-b856-3194-bd62-3df2b2f46806,20f63278-6709-3195-b767-782d2a10bd5c,Stacee229 Krajcik437,F,GENERAL PRACTICE,640 CONCORD AVENUE,CAMBRIDGE,MA,021381116,42.389222000000004,-71.14799280677965,9,0
c4fdfcbe-723e-3913-8729-5ac58d9d5f75,e498871e-3c3d-3ea1-a79d-4bc09679de84,Gricelda41 Collins926,F,GENERAL PRACTICE,221 FITZGERALD DRIVE,NEW BEDFORD,MA,027453426,41.6995448,-70.92972651619661,1,0
3a371cb9-2e1f-31e2-8689-b884f647efc9,b636c344-0fda-3eea-96cf-1190f8d1d8fc,Tobias236 Ondricka197,M,GENERAL PRACTICE,780 MAIN STREET,GREAT BARRINGTON,MA,012302148,42.17823835,-73.36310566431717,47,0
a1586e7f-35d7-368a-b553-c88ed968ddb5,c05d73d0-b348-32ce-9fe5-13a720950f37,Abraham100 McDermott739,M,GENERAL PRACTICE,45 DRUM HILL RD,CHELMSFORD,MA,018241503,42.6255635,-71.3615131,4,0
f4039b1d-ed69-34c6-b11d-a3785e0c48e3,0e061004-bcc0-3e99-a237-d700823e817b,Kizzie166 Lehner980,F,GENERAL PRACTICE,570 BALDWINVILLE RD,BALDWINVILLE,MA,014361351,42.5953045,-72.07447782689232,33,0
5fb28828-5c5b-3dd1-a08e-30ab1363dbe6,d70d47dc-b40c-3a04-8342-35cbfe716409,Marcelino726 Hilpert278,M,GENERAL PRACTICE,83 LITTLEFIELD RD,NEWTON,MA,024593010,42.3104327,-71.18883283411856,37,0
98c61f3a-6fc9-3b0c-888e-66dab76ad8f8,de3cc142-803a-3ed4-8945-75ec88a84784,Julio255 Rivas297,M,GENERAL PRACTICE,51 HOSPITAL ROAD,BALDWINVILLE,MA,014361215,42.6108483,-72.0608364,10,0
0ea9bfe7-2dd7-3d74-b587-bf77f8d7ec42,0592d4e5-a0fb-3143-83cd-8e5a6b066a96,Mica978 Lemke654,F,GENERAL PRACTICE,20 EAST ST,HANOVER,MA,023391638,42.1278249,-70.82664947485381,27,0
d8c4c35d-2aee-39fb-b3f7-58e7f405d351,ba07b31b-bf14-39b8-be95-4c5ca5062daa,Hermelinda327 Hyatt152,F,GENERAL PRACTICE,1575 CAMBRIDGE ST,CAMBRIDGE,MA,021384308,42.375209549999994,-71.10711344152975,83,0
872f6fc6-4399-3ccd-adfd-ffddd36e9b63,14036728-b721-3e4b-8755-8ee8ab6ed15e,Rocky100 Schmeler639,M,GENERAL PRACTICE,625 MOUNT AUBURN ST,CAMBRIDGE,MA,021384518,42.375351,-71.1468628,81,0
