Id,ORGANIZATION,NAME,GENDER,SPECIALITY,ADDRESS,CITY,STATE,ZIP,LAT,LON,ENCOUNTERS,PROCEDURES
763b7cc1-0f03-348b-be2b-1da75ac153a6,74ab949d-17ac-3309-83a0-13b4405c66aa,Ted955 Reilly981,M,GENERAL PRACTICE,881 Main Street,Fitchburg,MA,01420,42.586487,-71.80521,59,0
cd91fcaf-2e90-327a-a87d-2936223eac84,faffaf6a-ee1a-3673-b0b0-421a9c249244,Jaunita130 Armstrong51,F,GENERAL PRACTICE,66 WASHINGTON ST,STOUGHTON,MA,020722571,42.14415820061801,-71.10378319512402,37,0
40656a5d-617e-381f-a7ca-6b1bf23d7f7f,17a4bae5-8b64-34d7-8144-b428be027bd0,Lindsay928 Ward668,M,GENERAL PRACTICE,512 MAIN STREET  SUITE 211,SHREWSBURY,MA,015456406,42.295109499999995,-71.71808471110307,6,0
e8e27df2-54da-3d3d-84ec-de76875fb612,77645e49-3f69-3d1d-bb93-dc65210e2fac,Vella930 Ankunding277,F,GENERAL PRACTICE,363 HIGHLAND AVE,FALL RIVER,MA,027205246,41.7093779,-71.1460783680883,67,0
70ca36b3-aa3f-3076-8dd0-2a7850875c4e,aa682136-a4df-3942-9f50-e6fcee6c0b73,Bradley693 Runolfsson901,M,GENERAL PRACTICE,501 CORDWAINER DRIVE,NORWELL,MA,020611630,42.1647071,-70.88149077838713,12,0
7afb0048-9bd7-3216-b675-ca355def06f1,2936ca90-6594-357d-be14-53fe0ab84dd1,Avis183 Ankunding277,F,GENERAL PRACTICE,11 TREMONT ST,KINGSTON,MA,023641231,42.00823215,-70.72984043580247,80,0
13bbf068-0201-3101-bb21-9ad91f0ac1b5,42d4b607-f14d-370a-818e-40965685776c,Marchelle563 Hettinger594,F,GENERAL PRACTICE,3 WASHINGTON ST STE 220,NORTH EASTON,MA,023561034,42.0667665,-71.1036592,66,0
e5b80ead-8467-3492-ae7d-26ebbdba5f2d,ab701a70-a658-340e-8f69-ee196a7d40c6,Bud153 Parisian75,M,GENERAL PRACTICE,484 RTE 134,WORCESTER,MA,016071728,42.2625621,-71.8018877,19,0
a1a6a219-b5bb-3a71-a025-ae16aed967b6,41e77ca4-b0d7-3c1d-ac88-4ae5a705913d,Johnson679 Pfeffer420,M,GENERAL PRACTICE,20 CLAFLIN STREET,MILFORD,MA,017573356,42.137601149999995,-71.51680334935877,1,0
56aeffd1-775f-3b70-b07e-04fd650c7953,11ba6a26-59b4-3728-a268-6dc9929962b4,Archie818 McCullough561,M,GENERAL PRACTICE,200 GOVERNORS AVENUE,MEDFORD,MA,021551644,42.42711615,-71.1121606632448,12,0
b25ed3f3-5da2-3655-a51f-b6750a5b52e5,65450d34-6d61-3601-b325-9d471587b016,Leopoldo762 Moore224,M,GENERAL PRACTICE,4 COURTHOUSE LN,CHELMSFORD,MA,018241731,42.62439345,-71.35881000636567,29,0
ffc839ad-9718-3c42-b6bb-a64810fc8f73,fa564970-fde4-332c-91d9-c0747b032d3e,Jennefer743 Hudson301,F,GENERAL PRACTICE,34 SOUTH LINCOLN STREET,NATICK,MA,017606049,42.2731232,-71.3105334275248,4,0
2a7e5490-538d-375d-80ac-fe72bd667770,39104cad-5228-3e07-9b3e-3ad736b33d5d,Hilda552 Muller251,F,GENERAL PRACTICE,200 PROVIDENCE HWY,DEDHAM,MA,020261881,42.22214545274341,-71.18159060546684,30,0
be450e80-af74-3653-9d1b-d1abee3fe0fe,b4359169-6bc8-3e93-9e0c-19c6bf518e58,Hallie315 Auer97,F,GENERAL PRACTICE,126 MONUMENT ST,HAVERHILL,MA,018322527,42.78715445,-71.10946686154523,1,0
846a1d74-57c1-38ca-8231-a7d67329e32f,667b46fe-0afa-3f70-a311-bbe3d52db050,Vicente970 Caballero789,M,GENERAL PRACTICE,757 BOSTON POST RD,WORCESTER,MA,016071728,42.231371,-72.165386,1,0
47dfce34-b44f-333c-8317-ea1206a13815,bdc3ee76-9cf3-316d-b202-a8da1ea3fa20,Rubén780 Leiva147,M,GENERAL PRACTICE,130 RUMFORD AVENUE  SUITE 211,AUBURNDALE,MA,024661370,42.35853505,-71.24125521214887,1,0
1180fe8a-0935-3abb-9f38-c04886568a92,5d4da50c-8593-304f-b266-57d8f7d634a2,Clemente531 Palomino953,M,GENERAL PRACTICE,250 SHEARER ST,PALMER,MA,010691428,42.168634600000004,-72.33353526811578,1,0
ab7291b2-45e6-33ac-bb34-d4f92c8fcbb9,5fcff9db-16e4-3e56-aa78-abbc16338097,Margene509 Schamberger479,F,GENERAL PRACTICE,295 VARNUM AVE,WESTFORD,MA,018863513,42.5792583,-71.4378411,110,0
756d7f07-29d8-39fe-a81e-12bc84dfb34b,84abfbd5-41c1-3df4-9b31-7ca93cb2309a,Cole117 Block661,M,GENERAL PRACTICE,85 HERRICK ST,BEVERLY,MA,019151790,42.56415055,-70.8751357650672,42,0
f4cf71ec-3a1b-31ec-96b6-dd51983914e9,1ddd51d1-7297-3c3b-bad5-98aecd5e4a79,Dinah304 Kub800,F,GENERAL PRACTICE,127 CAMBRIDGE STREET  SUTIE #2B,BURLINGTON,MA,018033735,42.50188325,-71.19559351572005,8,0
22dbdf1f-b88f-3678-b69f-0385391a06d2,4cb90b5f-734d-322f-a2f2-776824e1ce35,Irvin970 Emard19,M,GENERAL PRACTICE,770 CONVERSE STREET,LONGMEADOW,MA,011061719,42.0639853,-72.5521444,1,0
8d68638c-5ae0-32a7-90ec-3004dc6a0b5f,c272e12f-e154-3fee-b05d-b7c0cab2657d,Trinidad33 King743,M,GENERAL PRACTICE,800 WASHINGTON ST,NORWOOD,MA,020623487,42.1886973,-71.2005241,7,0
e6a68905-14f2-3dc0-88f6-30056ff9d3a0,0ddb0329-b59d-3187-874c-602c649249c8,Eldon28 Cassin499,M,GENERAL PRACTICE,115 W SILVER ST,WESTFIELD,MA,010853678,42.1178811,-72.75935246865802,29,0
704ebd46-dd3f-3386-a0f7-aeefc22d8902,2cf06ddc-4c55-3c91-98f1-fb0188079c27,Shelby741 Rolfson709,M,GENERAL PRACTICE,10 VETERANS MEMORIAL DRIVE,MILFORD,MA,017572900,42.14682295,-71.50153080894427,5,0
ec2d8780-a42d-3d4e-8a37-b9632956041a,02c936e2-3aee-38b2-88a4-81f3689b7bb7,Aaron697 Kohler843,M,GENERAL PRACTICE,120 FISHER AVENUE,BOSTON,MA,021203320,42.3276141,-71.1051603,1,0
4ce9a995-898c-353e-9554-e27e1cb1b812,609ec9f1-e806-3427-b912-9e3b2915521d,Rodrigo242 Rico947,M,GENERAL PRACTICE,575 BEECH STREET,HOLYOKE,MA,010406604,42.20105435,-72.628169560868,2,0
ead8d4fd-713b-3ddd-af60-c22134652bff,7b9a19b2-d900-3f93-a47b-4b88491fb57b,Tommy814 Witting912,F,GENERAL PRACTICE,308 KINGSTOWN WAY,DUXBURY,MA,023324647,42.030389650000004,-70.73959947632582,1,0
9831981b-672f-3c8b-939c-cc3e27d1226f,a14e698d-a9ba-3eae-9c8b-682ec726433d,Karla801 Cummerata161,F,GENERAL PRACTICE,776 WESTERN AVE,LYNN,MA,019052408,42.466763,-70.9494939,23,0
95725885-28ce-3ebb-ac54-7aeda359486d,4c1a8ea6-b690-3c28-a02e-ebd82190ee65,Hui924 Cronin387,F,GENERAL PRACTICE,885 WASHINGTON ST,BOSTON,MA,021111415,42.3479909,-71.064924,17,0
4b2bac81-cee0-3bfd-836f-7ebf68cf52a6,5ba6765a-f335-36b0-9c6a-6bb494c5330d,Clemente531 Schamberger479,M,GENERAL PRACTICE,31 OLD ROUTE 7,WESTWOOD,MA,020902333,42.2139873,-71.2244987,5,0
f0ae4c14-5b4b-31a1-9672-31848af45998,65eda534-1bdc-3192-8d02-1c3764447790,Alonso270 Hand679,M,GENERAL PRACTICE,1244 BOYLSTON ST,CHESTNUT HILL,MA,024672115,42.3214927,-71.1711481,54,0
cca9e075-141b-3a8c-8618-72bca6e30e66,d613e441-68e8-3502-8adb-3f770a1276bf,Colin861 Witting912,M,GENERAL PRACTICE,114 WATER ST,MILFORD,MA,017573007,42.13661855,-71.53474614336832,75,0
61cf544c-7d30-35a8-b138-ea4f12495e74,de29a374-221b-3cb4-8051-a02c1a35e5b7,Gwyneth692 Marvin195,F,GENERAL PRACTICE,562 WASHINGTON ST,SOUTH ATTLEBORO,MA,027036942,41.912892049999996,-71.36135809627689,31,0
c830270d-8781-3e82-8a35-c9b3861cbf71,469171e3-f6ec-3258-8e16-7038f6a439c0,Rodger755 Brakus656,M,GENERAL PRACTICE,COUNTRYSIDE DRIVE,MILFORD,MA,017571252,42.1413353,-71.5192019,6,0
8c087565-ede2-3e32-9816-fcb99f65a6d2,18061fd5-fda8-3e2d-87f0-0f3c87211bcc,Margarite168 Koepp521,F,GENERAL PRACTICE,1493 CAMBRIDGE ST,SOMERVILLE,MA,021431408,42.3875968,-71.0994968,204,0
6189c286-adf1-3247-b95d-05a288666823,c64c848c-0315-3115-87fa-80c360bb6a73,Mitchel812 Zieme486,M,GENERAL PRACTICE,142 BERKELEY ST,BOSTON,MA,021164608,42.3489076,-71.0721378,88,0
8e889629-6bbe-3ae2-9639-46e1c1aa4d51,b3ada130-6443-3a8e-98c7-4ec127a2b0c4,Natalya468 Haley279,F,GENERAL PRACTICE,ONE GREAT ROAD,ACTON,MA,017205601,42.4850931,-71.43284,10,0
3217c5cb-1a0b-343e-8350-4394033eb12b,7489f6e0-fee6-3fff-90b6-444868eb907c,Kasey569 Rau926,M,GENERAL PRACTICE,1 KIDDIE DRIVE  SUITE 106,AVON,MA,023221182,42.130150349999994,-71.05720685110387,2,0
5eaf9766-c396-3db4-ba02-350ed0b4570a,06f1d816-dd54-3409-bd94-8dc2745f807c,Yulanda554 Hand679,F,GENERAL PRACTICE,12 KENT WAY  SUITE 210,BYFIELD,MA,019221221,42.75468625,-70.9451078257969,10,0
431d73f8-40f0-3817-b7d7-fb9f4d50f149,acffdfa8-1383-3929-8c99-e73969491439,Warren653 O'Keefe54,M,GENERAL PRACTICE,1153 CENTRE ST,BOSTON,MA,021303446,42.3017598,-71.12855793387442,32,0
56353bff-3f46-321c-b23c-b3925c6a9dbb,1e11392b-1278-3e70-93cd-f396cbd0c265,Gerry91 Block661,F,GENERAL PRACTICE,115 LINCOLN ST,NATICK,MA,017607700,42.2843753,-71.3441395,18,0
6a382371-2ef9-3dd9-8914-79487db6cee3,fe30f2b4-9bc8-346e-afba-4455d1766545,Georgetta870 Turner526,F,GENERAL PRACTICE,17 LAFAYETTE AVENUE,CHELSEA,MA,021502010,42.40019115,-71.03050082480353,7,0
5fc69d56-93f4-3b16-b644-cbf52c9ace78,2fd34be1-9720-3dad-b8bd-815e173b92fb,Nikki942 Orn563,F,GENERAL PRACTICE,87 HERRICK ST,BEVERLY,MA,019152773,42.56523335,-70.87472842494441,1,0
a63b1911-5bf2-3cc0-b245-33366dd0277f,0fedae9f-701f-3317-9b2f-69aea2202cdc,Willian804 Batz141,M,GENERAL PRACTICE,88 EAST NEWTON STREET,WINTHROP,MA,021522715,42.3750976,-70.982827,68,0
d13c2fc7-a15c-316e-9264-9dd87943311c,ccb716b1-277f-3eff-999f-3ac0df45713a,Mahalia897 Boehm581,F,GENERAL PRACTICE,25 LAFAYETTE ST,MARBLEHEAD,MA,019451939,42.4938348,-70.87382362834484,1,0
df85133e-b54d-3094-a3b6-117ba9e7f356,733fc7d0-7cf3-3995-82ef-a9883b807273,Melissa844 Yundt842,F,GENERAL PRACTICE,175 FRANKLIN STREET,NORTH ADAMS,MA,012472712,42.70707,-73.10094536747326,9,0
bd212a6e-53b7-39e3-9cc1-d3732509bba8,4b7c1695-a178-3e03-8651-51acfd3b8372,Jesusita936 O'Keefe54,F,GENERAL PRACTICE,600 OLD SOMERSET AVE,NORTH DIGHTON,MA,027641824,41.86399,-71.1244904,38,0
3db5ddb2-dbd5-3a34-8e7c-cbe870d0ab53,aade280a-3b90-3e48-9648-91109a964a63,Josef103 Klein929,M,GENERAL PRACTICE,909 SUMNER ST,DARTMOUTH,MA,027473826,41.6332267,-70.9879928,22,0
982ff61f-afea-3586-aa78-07ec47794e6f,6adc9d34-9b73-3285-abb7-56e567f1ba26,Keven605 Wunsch504,M,GENERAL PRACTICE,271 NAHANT RD,NAHANT,MA,019081341,42.42554385,-70.91995214383596,1,0
72e7f7c2-9ac8-300b-98a3-9b7bbaa3572a,96e9e829-0b71-3ad3-8b41-60e25b5d47d7,Doyle959 Crooks415,M,GENERAL PRACTICE,111 ORIENT AVE,EAST BOSTON,MA,021281006,42.39055278090538,-71.00587148689957,1,0
825286b6-4ee2-3f29-81a2-9ef959041c65,e59fb2d5-508c-38c6-af2e-21d8216dd2b0,Logan497 Fisher429,M,GENERAL PRACTICE,759 CHESTNUT ST,WARE,MA,010821625,42.256476,-72.237482,37,0
40f70982-2ea1-3c80-b99a-7749972d3587,ecadbc11-930c-3903-b706-f8ef4bc9089e,Erwin847 Baumbach677,M,GENERAL PRACTICE,780 CHESTNUT ST,SPRINGFIELD,MA,011031109,42.1211633,-72.60614164702717,62,0
000ea26e-60a6-3ca0-af94-ccc999270b55,ad007cc5-a3df-3aa7-886d-5123ab59d189,Tiesha180 Maggio310,F,GENERAL PRACTICE,85 N WASHINGTON ST,NORTH ATTLEBORO,MA,027601634,41.98443775,-71.33190349847027,3,0
1eea6962-249b-37c6-827c-edf55541f13f,794b1cc2-97be-30a4-83a0-4bf6add43c74,Lillia547 Gutmann970,F,GENERAL PRACTICE,215 THATCHER STREET,BROCKTON,MA,023023949,42.0740963,-70.99660306096918,2,0
20ffaf38-3e0b-33c4-ac66-0c887b3ef7cf,0fab3c4e-a028-39a6-b15a-be5a88b6aa2a,Cletus494 Paucek755,M,GENERAL PRACTICE,222 STATE STREET,LUDLOW,MA,010563437,42.15547415,-72.47222226666076,9,0
91177da5-a8ef-3963-8ddf-00ee9df17d6a,b0016371-afcb-37a6-8f90-5e3786e7806f,Claudio955 Toy286,M,GENERAL PRACTICE,629 SALISBURY ST,WORCESTER,MA,016091120,42.2932691,-71.8390048,1,0
dd230d45-0a33-3d29-8c62-7290dd8aa963,3b021cb6-4745-3d9d-8436-230055f770bd,Eleni953 Franecki195,F,GENERAL PRACTICE,148 CHESTNUT ST,NEEDHAM,MA,024943238,42.27728075,-71.23665362814043,79,0
56e08dc7-ef61-3eee-a929-30bff450001d,7b95b4ab-5bb6-3abc-b0e5-02689f84228d,Audra143 Beatty507,F,GENERAL PRACTICE,20 POND MEADOW DR,READING,MA,018673261,42.516645499999996,-71.09917578750729,31,0
05088ae4-fbbf-3771-8a68-6466e2ff7cd9,ce53c877-0290-390a-b4b4-2462001a1713,Greg949 Hilll811,M,GENERAL PRACTICE,847 ROGERS STREET  SUITE 201,LOWELL,MA,018524345,42.6275246,-71.27673639687623,3,0
f9e786ab-b059-38b5-ad32-cc21864bd47e,57e4e5fa-d68d-3caa-a5ad-37beb1b51207,Latrina689 White193,F,GENERAL PRACTICE,800 WASHINGTON ST,NORWOOD,MA,020623487,42.1886973,-71.2005241,8,0
fb3ff1cc-0d90-310d-b35d-2fbeba667607,05b2593e-1bc1-32ee-8d9f-0aad4fa74ff0,Desmond566 Schaefer657,M,GENERAL PRACTICE,940 Belmont Street,Brockton,MA,02301,42.065655,-71.05398,52,0
e5c9e65a-8f99-36ac-8c16-a01354ee3fb5,00ffb204-07b4-3c72-a678-fa252e6cf86c,Kathlene786 Satterfield305,F,GENERAL PRACTICE,450 BEDFORD ST,LEXINGTON,MA,02420,42.47370735,-71.25090005,118,0
dfe9d4e4-ce5b-35f6-98ea-09f7ef4f2b30,3498e7d3-90fd-366b-bc6a-6f41dad6bae6,Pat3 Bradtke547,M,GENERAL PRACTICE,112 WEST MAIN STREET,NORTHBOROUGH,MA,015321824,42.318559050000005,-71.65097281611972,7,0
a7103b2a-bc3c-3e97-b113-dfb1d3c58c55,37111f41-8bc5-35d3-9cd9-5b447a11ffd1,Ilene33 Greenholt190,F,GENERAL PRACTICE,TEN INGALLS COURT,METHUEN,MA,018443712,42.7262016,-71.1908924,18,0
40279434-7c64-3ffb-8cf2-3840178f9f50,3076e02a-deac-3e81-96a9-1d32cbda6fca,Randy380 Kilback373,F,GENERAL PRACTICE,59 EASTWOOD CIRCLE,GARDNER,MA,014403901,42.567006649999996,-71.97817904424542,3,0
05e04920-d237-3e9c-9f22-0db3c9d5d306,136e0049-9edf-355f-9d7c-aabc5c74761d,Marry53 Schiller186,F,GENERAL PRACTICE,255 LEBANON AVE,PITTSFIELD,MA,012017828,42.4320582,-73.3065210384207,2,0
e9258c27-e61b-3145-8c03-33fcba6e0d71,901c2d40-1ca3-3879-9a20-c663b8adc0a9,Chanelle850 Schuster709,F,GENERAL PRACTICE,800 WASHINGTON STREET,STONEHAM,MA,021802445,42.4863168,-71.0928919,164,0
c41dc89d-b5fb-3600-adf3-108979b3f158,6170552c-4d27-3e64-8068-64a380f1837d,Jackelyn13 Pacocha935,F,GENERAL PRACTICE,76 SUMMER ST,HAVERHILL,MA,018305814,42.7786873,-71.07306505177553,258,0
a94a65b5-78c2-3add-88a0-8a4b39eaa83e,b9e35b8a-9831-32d8-a6dc-d7a546c126b0,Venus149 Blick895,F,GENERAL PRACTICE,111 HUNTOON MEMORIAL HIGHWAY  1ST FLOOR,SPRINGFIELD,MA,011092550,42.1018764,-72.5886727,30,0
ac5e8438-0b94-3562-bd3c-ff0d5429adf5,22249c0a-8ce9-3726-a3bb-b037c773ce5c,Thaddeus38 Sauer652,M,GENERAL PRACTICE,337 NEPONSET AVENUE,DORCHESTER,MA,021223103,42.2875144,-71.0470691675753,7,0
500fc584-11b6-35b9-879c-99f35a8c8630,18df2721-3f76-3f83-94d5-63597cedd298,Victoria535 Delvalle807,F,GENERAL PRACTICE,909 SUMNER ST,STOUGHTON,MA,020723396,42.1005097,-71.0830269025407,182,0
85cd818a-90d9-3e42-8a9b-16b3fba52819,46a09a29-4bda-3572-89dd-5def154669ed,Julian715 Kiehn525,M,GENERAL PRACTICE,4901 N MAIN ST,FALL RIVER,MA,027202080,41.758923100000004,-71.11356439219409,1,0
2dbfaff8-d5b2-3045-af88-401dd992b876,27bf2e46-7445-35e7-9106-3ce1b074db47,José3 Lebrón484,M,GENERAL PRACTICE,80 BOSTON RD,NORTH BILLERICA,MA,018621034,42.5871093,-71.2948553,1,0
216a0be1-6f7a-3eae-b93c-c97a2a07e9c6,e1818b21-4458-3b9c-b2b8-7ed6f57ae078,María Soledad68 Rosas160,F,GENERAL PRACTICE,2399 BOSTON ROAD,WILBRAHAM,MA,010951185,42.14668485,-72.45048427046072,3,0
53d7890c-f072-35bd-8b32-8d25815f18b0,328f813e-4de8-3ec2-a113-43f3ddfb0b2a,Victoria535 Roob72,F,GENERAL PRACTICE,30-40 WESTPARK STREET,BROCKTON,MA,023015241,42.0834335,-71.0183787,64,0
2ea80894-0e76-3361-92fe-75407c1dbd6e,200746fc-5d0f-3ec7-a2a9-3d9a219ee139,Arlen68 Rippin620,M,GENERAL PRACTICE,800 CUMMINGS PARK  SUITE 3100,WOBURN,MA,018016355,42.4977745,-71.1237712,1,0
66171545-616f-3812-ae76-6c2b115bfcd8,dd3307db-114c-3f11-be44-a9eef6bb3fc5,Evelin941 Ratke343,F,GENERAL PRACTICE,269 UNION STREET,LYNN,MA,019011201,42.4652772,-70.94362420273097,55,0
ce2d5da7-d450-398a-9456-487be5bd0c26,1d87bbfa-19aa-3128-adca-420ff8d5a12a,Junior695 Pacocha935,M,GENERAL PRACTICE,771 CHURCH ST,NORTH ADAMS,MA,012474109,42.680927100000005,-73.09950699822534,40,0
54cbed75-4ccf-31d2-8825-779e8bbdcbd4,f2068cee-c75c-321d-9b2c-c33535db89c9,Charles364 Prosacco716,F,GENERAL PRACTICE,32 BOSSI AVE,RANDOLPH,MA,023682002,42.20017865,-71.0582074,33,0
d7a48387-9680-389e-9762-033aba92bb3d,15d4c950-4691-3996-b4c4-bf06bfb58ff7,Alvin56 Crona259,M,GENERAL PRACTICE,70 EAST ST,METHUEN,MA,018445883,42.7285558,-71.16833738237946,131,0
8b11e22c-c5f9-3fa7-89e0-71051b71be99,5018c664-e283-30eb-932a-529d9a19b3b5,Numbers230 Stehr398,M,GENERAL PRACTICE,300 SOUTH ST,WOBURN,MA,018014979,42.473347,-71.144086,31,0
76839dc5-394b-32b2-9630-3ce5d12668ed,5ba77f2c-8ce5-3dde-bb46-3ffcceb3bfbf,Cedric746 Quitzon246,M,GENERAL PRACTICE,188 FLORENCE ST,CHESTNUT HILL,MA,024672641,42.31835025,-71.17401686317635,1,0
635d9910-0530-3aab-ae0b-e12af7365fae,d140ed3f-2696-3e78-bd77-1c959ec4fc4d,Orpha286 Marks830,F,GENERAL PRACTICE,863 HATHAWAY ROAD,NEW BEDFORD,MA,027401916,41.6512968,-70.9669902070805,2,0
6de566eb-1579-3cd7-a29d-cc21a0e22e57,d4e48a16-0a60-3e90-81e5-c35b22ffe6af,Alfredo17 Venegas795,M,GENERAL PRACTICE,856 STATE RD,NORTH ADAMS,MA,012473027,42.69967208677275,-73.16330754755236,4,0
15c794bd-ed2f-3be0-a7de-a3dbf2bf1ca4,4ff8b164-4cf5-3ab4-b0f2-7ce8fda920e5,Theo630 Mante251,M,GENERAL PRACTICE,800 WASHINGTON ST,WORCESTER,MA,016550002,42.180483,-71.867782,112,0
844675e6-7106-3df8-9295-9491224da805,bccd7d67-203c-3d93-b6b0-bff5a146cd1d,Paulene52 Kihn564,F,GENERAL PRACTICE,286 WASHINGTON ST,STOUGHTON,MA,020721763,42.1384306,-71.1022598,9,0
9ef24d17-8d70-3e42-8baa-143f819a77ce,63cb4d95-04a9-3a35-b5d9-f89e0377a48d,Chu728 Weber641,F,GENERAL PRACTICE,211 PARK ST,ATTLEBORO,MA,027033143,41.9419187,-71.2752081695297,58,0
4a7e6a27-19a5-3db3-8689-1dec4d77778f,6e290541-eba3-37fc-a3e2-e58f77e84c7e,Christeen33 Toy286,F,GENERAL PRACTICE,15 LENOX ST.,SPRINGFIELD,MA,011083122,42.085779,-72.55846414285715,51,0
04d623db-705e-3aed-9463-cecde6d54c49,4e880cb9-1ca0-3582-b8cf-8a59b0d2b878,Haywood675 Bednar518,M,GENERAL PRACTICE,51 S CHURCH ST,PITTSFIELD,MA,012016178,42.44648205,-73.25863241543368,47,0
b2f40e24-4429-3241-b77e-21685da379eb,a2a41caf-758f-3962-8e5f-e6e603f93d17,Rhett759 Padberg411,M,GENERAL PRACTICE,111 HUNTOON MEMORIAL HWY,ROCHDALE,MA,015421305,42.2020225,-71.89891616754682,99,0
bc89932e-1a02-3bb7-9580-fb37342ba528,db28cc9a-fdfb-35a6-aef7-ab9b933ef244,Clement78 Gleason633,M,GENERAL PRACTICE,8 DANA STREET,CAMBRIDGE,MA,021385402,42.3694992,-71.11011030010101,15,0
9aced024-03f3-3226-a7a1-d9d27614018d,a6fb79e7-4abb-3a68-b62d-e501427fdca4,Ricky354 Renner328,M,GENERAL PRACTICE,489 WASHINGTON ST STE 202,AUBURN,MA,015015709,42.187836,-71.83104,45,0
4a037da6-8c42-3ec2-a683-365423f909da,756ed90d-15f4-377d-b99f-ca1de5633481,Cristian531 Mesa630,M,GENERAL PRACTICE,115 HOLLISTON ST,MEDWAY,MA,020531954,42.158983899999996,-71.41067830029175,1,0
bd8d6525-71df-322f-86b3-afdb374aa8de,9d0e702d-50a0-3f4c-9126-0951d560fd4b,Otha286 Roberts511,M,GENERAL PRACTICE,189 MAY ST,WORCESTER,MA,016024339,42.25986305,-71.83597786023279,424,0
a047459c-81d1-3ea0-84ce-c3cb785083c1,ea8d287f-b3a9-3800-8798-788e334ee406,Palmer257 Kuphal363,M,GENERAL PRACTICE,81 HIGHLAND AVE,SWAMPSCOTT,MA,019072928,42.4699241,-70.9171507,140,0
a8f4bc96-5a96-370a-b217-fae05a1b3b45,c7542447-e06e-32cb-b6db-243c23a0dbc2,Carson894 Krajcik437,M,GENERAL PRACTICE,30 WARREN ST,BOSTON,MA,021353602,42.3501483,-71.14393324457691,276,0
d2bf630d-64c6-3b43-9e3f-2e650f7d9a06,43e22208-dae0-3196-b30b-17b3c50679c2,Diego848 O'Kon634,M,GENERAL PRACTICE,147 PELHAM ST,METHUEN,MA,018442060,42.7288158,-71.20222773774655,53,0
113cab41-a49f-3997-b779-503843a3c0ea,46375470-1e20-3ddc-8dc5-010ba53826b6,Clara183 Reynolds644,F,GENERAL PRACTICE,40 WRIGHT ST,PALMER,MA,010691138,42.16934095,-72.34120457065711,18,0
8d7e12ba-e10c-3949-80b7-59bac658bb14,aba3e6f6-4562-342e-b90f-dd61b117f394,Norbert530 White193,M,GENERAL PRACTICE,438 CHESTNUT STREET,SPRINGFIELD,MA,011072008,42.11291091861002,-72.59692685125127,4,0
35b8dd05-095e-32ee-9f1b-7e73a9d89332,a194e94a-dd16-347e-95ea-8d00052c14d1,Elvera717 Gusikowski974,F,GENERAL PRACTICE,833 MAIN ST,S YARMOUTH,MA,026645254,41.65171785,-70.21464095380932,41,0
54aa2b01-e0d1-32a0-928f-5c9be3aa01d6,be509ccb-bfb7-3b87-8945-8426b689ef9d,Chong355 Balistreri607,F,GENERAL PRACTICE,2049 DORCHESTER AVENUE,BOSTON,MA,021244742,42.3554334,-71.060511,7,0
2c151d88-c52b-3bbd-91fc-8787e7bb82da,c0719377-d40a-3e9c-9f7c-af47c93b3f40,Rodrigo242 Campos61,M,GENERAL PRACTICE,80 SUMMER ST STE 1,BOSTON,MA,021101218,42.35403315,-71.05809515865283,21,0
1ae3ec12-8660-308a-9743-8b65157de43c,71455c27-ff31-3c99-a1ac-9773f7bcba96,Lewis216 Walsh511,M,GENERAL PRACTICE,6 MORRILL PL,AMESBURY,MA,019133502,42.84870445,-70.9320636014072,1,0
dbf6e399-77c8-3b50-8da4-4ea4284fa13e,f8918a95-31e8-3ac4-8d12-29ca6080ebda,Domitila545 Vandervort697,F,GENERAL PRACTICE,199 REEDSDALE RD,MILTON,MA,021863926,42.251368299999996,-71.0768393856917,165,0
1935a719-7cad-34b6-832a-33c1fd3dc7af,0ec04450-c150-322d-b2c3-1449d672a23c,Yolando662 Huels583,F,GENERAL PRACTICE,110 W SQUANTUM ST,NORTH QUINCY,MA,021712122,42.27259075,-71.03082765,47,0
9b3cf6cd-0bb7-3611-a0c7-e4771418de7b,3ff0f58b-7a1f-3334-9449-ff15f68b7d86,Winston220 McCullough561,M,GENERAL PRACTICE,275 SANDWICH ST,PLYMOUTH,MA,023607761,41.94186605,-70.6455366462985,45,0
99c88554-ff24-3a40-92f3-b1d7b910a374,70e3ad4f-b9ff-3f3e-9990-2cd7e23a9d1c,Zane918 Bosco882,M,GENERAL PRACTICE,1238 RIVERDALE ST,WEST SPRINGFIELD,MA,010894675,42.1373438,-72.62624707492338,6,0
4319e507-f866-316b-ae61-6e651e73bd01,80458ace-5754-39b0-807a-1a5b119cb5bb,Carlene772 Nolan344,F,GENERAL PRACTICE,11 PONTIAC AVE,WEBSTER,MA,015701629,42.06282535,-71.87016198711046,2,0
8035812f-c559-3425-b2a2-4efdb9fac306,9cfdd210-a2ed-34d6-9381-2f5d999011ca,Edith654 Beier427,F,GENERAL PRACTICE,21 HIGHLAND AVE,NEWBURYPORT,MA,019503873,42.814341671166744,-70.88998002772408,63,0
fbc1d46b-6213-36c9-8d73-72efa0a9612b,7e8bd0f2-2746-355e-92ef-9473818c58a2,Ivory697 Okuneva707,M,GENERAL PRACTICE,90 SUTTON STREET  SUITE 3-4,NORTH ANDOVER,MA,018451655,42.705281049999996,-71.13643624887442,79,0
6f65727d-7756-36bc-acdc-9a1141dcfa32,a6964d47-8af0-3df2-b99d-d8414eb1cfa3,Reggie481 Schiller186,M,GENERAL PRACTICE,200 MAY ST,SOUTH ATTLEBORO,MA,027035520,41.924394750000005,-71.36076410900014,12,0
11a51c4d-6a2b-3871-9157-b965ef01c2db,dae3ee01-f383-366e-9ad6-dc92963064ea,Kristin64 Will178,F,GENERAL PRACTICE,1233 MAIN ST,HOLYOKE,MA,010405381,42.16578055,-72.63389634691956,86,0
ee1033cd-e55b-3bba-89ee-b3bc9e56715b,a7b047dd-186a-32de-8187-b0853c05aed6,Melida518 Mayert710,F,GENERAL PRACTICE,180 LOW STREET,NEWBURYPORT,MA,019503519,42.815683050000004,-70.89666045994463,3,0
1930ea89-5c55-3a2b-9769-774e2eb2082c,2c708a72-2e25-36a1-8209-d2a708874eff,Eusebio566 Strosin214,M,GENERAL PRACTICE,1324 BELMONT STREET #202,BROCKTON,MA,023014435,42.057156895761736,-71.06994368825448,13,0
a8ffd254-f631-3fc5-8cae-8cfe5bbcc965,dac75bc1-cbfa-306b-9a0a-88d5edf3638d,Henry768 Ebert178,M,GENERAL PRACTICE,170 COREY ROAD,BRIGHTON,MA,021358244,42.3433093,-71.14003855124017,35,0
8547b33d-35eb-39e5-a4c3-0752b48ce8f5,9d283097-e706-3421-8b98-948b1fdadf30,Shaun461 Jast432,M,GENERAL PRACTICE,42 PROSPECT AVE,WEST SPRINGFIELD,MA,010894510,42.157666846720865,-72.63485704670578,1,0
89188aa7-c21b-3fbb-87d8-d6c547e68d0e,92d919ab-8380-3fda-a5f1-838e69b819c1,Jarrett354 Gutmann970,M,GENERAL PRACTICE,300 TRADECENTER STE 4750,WOBURN,MA,018017420,42.4994143,-71.161659,27,0
c9d0e288-8a94-32cd-b338-0431645aa6f1,b69bccdc-5ad3-3ded-a018-3cd8f369c9d2,Wendell199 Ziemann98,M,GENERAL PRACTICE,120 S MAIN STREET,CENTERVILLE,MA,026323246,41.649898300000004,-70.34309844876677,2,0
f8823d44-1353-3157-b30c-23503228ac66,542185c1-943a-30f4-aba0-0efaa92488a4,Wilbur107 Rau926,M,GENERAL PRACTICE,142 LAKE ST,ARLINGTON,MA,024764738,42.40328885,-71.15140830652837,54,0
e13f4cd8-84b1-3f53-82ff-2b6b35923745,a2cc09de-c1e2-3126-8c09-d49f95225281,Cristi782 Leannon79,F,GENERAL PRACTICE,300 LONGWOOD AVE,WALTHAM,MA,024532741,42.3756401,-71.2358004,7,0
9c248b0d-5803-30a3-9504-42981101ae48,9f2f60a6-87a4-3f45-b753-b63b5b7e9993,Maricruz991 Considine820,F,GENERAL PRACTICE,332 HANOVER STREET,BOSTON,MA,021131901,42.3647421,-71.0536619,56,0
d63837c7-74ca-3851-b8ad-a9e21a41bc4c,44cb1162-a345-3477-8723-c202a3c8cdcd,Jamey282 Graham902,M,GENERAL PRACTICE,73 W MAIN ST,HOPKINTON,MA,017481619,42.21799145,-71.54005509979045,96,0
446d9069-608b-33fd-b2dd-c95bfb98de5d,ab16be57-62ea-39a5-8f7a-ee1285cf6934,Rogelio17 Gibson10,M,GENERAL PRACTICE,115 MILL ST,PETERSHAM,MA,013669503,42.4865962,-72.1893057,15,0
ac77d32e-83e1-3c53-a962-f9ebe12ba2d3,f341c366-8313-3790-ab26-d8d27b116ff5,Odell776 Greenholt190,F,GENERAL PRACTICE,80 LINCOLN STREET,WALTHAM,MA,024535465,42.39322121170625,-71.24104146434591,105,0
3cdb3e74-3e66-318a-ac21-58d15eda9460,f312977e-8f41-3816-84cc-e5b12ba36955,Harlan808 Langosh790,M,GENERAL PRACTICE,1153 CENTRE ST,JAMAICA PLAIN,MA,021303446,42.3017598,-71.12855793387442,1,0
e5965163-3773-3f7e-b9a3-b32709df2d0e,0519b293-2e92-3eb3-aeef-233da0babc93,Joslyn677 Friesen796,F,GENERAL PRACTICE,40 PARKHURST ROAD,CHELMSFORD,MA,018241511,42.6198215,-71.36189212971482,3,0
508117b4-d2f8-3870-84b9-eb4ea1f754bd,a730c5e6-a15f-3e36-8112-8579e507d330,Drew592 Ankunding277,M,GENERAL PRACTICE,28 LORD RD,MARLBOROUGH,MA,017524549,42.34718040987546,-71.57283065352654,9,0
76eae99d-c70c-3218-95a8-959391c0f32d,bebc1dac-6c42-3225-b0ba-23278cdf2a62,Cherry401 Hackett68,F,GENERAL PRACTICE,464 MAIN STREET,AGAWAM,MA,010011826,42.07695165,-72.62026217030348,2,0
26b735ff-b0d9-3e2f-8f6b-3bf713ac63d6,1ef8d603-bec1-35f5-a830-2a0b919cf47f,Thresa531 Kutch271,F,GENERAL PRACTICE,1801 TURNPIKE STREET,NORTH ANDOVER,MA,018456322,42.6355548,-71.0761760490546,17,0
50793353-ac82-38bb-b362-f292c1a365ef,afc661fd-71d9-3fc3-adf2-3fc3b5e8a140,Leontine92 Schmeler639,F,GENERAL PRACTICE,680 CENTRE ST,RAYNHAM,MA,02767,41.9487118,-71.0731008,30,0
68d0b3e8-613d-3922-894e-682e27c614b9,be9a14c1-72a6-3186-b199-fdb070768458,Tanner110 Roob72,M,GENERAL PRACTICE,18 FRANCES ST,WOBURN,MA,018013006,42.488288600000004,-71.15015700746171,2,0
4b0d7bf2-c189-3164-90b8-8a8c711f2043,06cc2462-430f-3322-9c87-7e971125f510,Bryon392 Mann644,M,GENERAL PRACTICE,133 OLD ROAD TO 9 ACRE COR,WESTFORD,MA,018863198,42.5792583,-71.4378411,52,0
7679ee36-4f74-340d-bed4-dc5258f34bd9,db106514-f254-3402-b6a4-6d210c78c7e2,Olivia294 Anguiano812,F,GENERAL PRACTICE,211 FRANKLIN STREET,QUINCY,MA,021697833,42.23691085,-71.00237199954586,3,0
3a067511-976c-3309-a95d-635eaf25d548,ee7fab6f-6438-394f-b1f2-3e452f8f055a,Trey250 Satterfield305,M,GENERAL PRACTICE,75 BRIMBAL AVENUE,BEVERLY,MA,019156009,42.570099299999995,-70.87108224250409,4,0
32fd2925-7c0b-300c-a8b3-3caae49e2538,907b1d2f-2bf8-31b5-abc2-14d6b75faa96,Lizeth852 Ernser583,F,GENERAL PRACTICE,340 MAPLE ST,MARLBOROUGH,MA,017523200,42.3358161,-71.54106510218209,32,0
000c1905-87ed-390a-af2e-40a2047770e9,880fad59-9c38-3a21-a39f-ccc801502ab3,Maurice742 Pollich983,M,GENERAL PRACTICE,799 CONCORD AVENUE,CAMBRIDGE,MA,021381048,42.390849395521705,-71.1556550001627,3,0
29e6b20f-fc13-37f8-8795-35aebf4ebfb0,352f2e3b-0708-3eb4-9f7e-e73a685bf379,Araceli695 Willms744,F,GENERAL PRACTICE,157 UNION ST,SOUTHBOROUGH,MA,017721215,42.3056501,-71.5245087,11,0
6c9c9a6f-883c-3668-9ca1-1ffb78fd0341,a2d45ee8-b930-3169-b612-f602961ad212,Valentine262 Leannon79,M,GENERAL PRACTICE,37 MINUTEMAN WAY,SHREWSBURY,MA,015452229,42.288207,-71.73443816915585,113,0
e7f63f81-5421-3583-90f6-384c36feb993,4887dc20-9ef6-3cc2-9c56-858388049a50,Renato359 Kertzmann286,M,GENERAL PRACTICE,168 WEST CENTRAL STREET,NATICK,MA,017604122,42.282113100000004,-71.37898579435048,12,0
4853b6ec-4c1b-3c7b-9bf8-6401234a0993,a73a3693-57ac-367e-b29e-f0f834cbaf66,Drew592 Simonis280,M,GENERAL PRACTICE,10 CORDAGE PARK CIR,PLYMOUTH,MA,023607318,41.9788991,-70.6879608,30,0
351f9260-4777-33ba-a72b-86cffed455e7,d0894f6b-78d7-338d-82ad-b63de4d40014,Dewayne363 Lemke654,M,GENERAL PRACTICE,330 MOUNT AUBURN STREET,WALTHAM,MA,02452,42.3756401,-71.2358004,134,0
7f2af3a8-7f0f-3331-b9d3-4e54c7568a7e,5d1b509e-a048-357f-807e-6b863006e337,Celestina960 Reichert620,F,GENERAL PRACTICE,65 WALNUT ST,WELLESLEY HILLS,MA,024812118,42.3213892,-71.2586343,37,0
df588322-1999-3320-b32a-33fa7459f238,3d5fbf38-c781-3e04-8c7e-5a402611b7d4,Vito638 Barton704,M,GENERAL PRACTICE,260 ELM ST,SOMERVILLE,MA,021442951,42.3955992,-71.1227391,128,0
2fa5c0c9-1cfb-38be-bea8-fdd93ad37ccf,f202fe9c-c1dd-30d5-805e-6a26904dbbce,Christy428 Fahey393,F,GENERAL PRACTICE,256 GEORGETOWN RD,BOXFORD,MA,019211642,42.697599999999994,-70.98887494259449,136,0
af0cbb72-4535-37ed-8501-af34aea2cc63,88975fd9-b47e-3af6-af78-c58e1ecf0d5e,Barry322 Feil794,M,GENERAL PRACTICE,115 W SILVER ST,WESTFIELD,MA,010853628,42.1178811,-72.75935246865802,104,0
e6b8aa7e-842f-39d5-ae29-ca9bb9c15d6e,52efa2e5-007f-3396-a83a-28ca015f0595,Ranee391 Turner526,F,GENERAL PRACTICE,20 N PARK AVE STE 2200A,PLYMOUTH,MA,023604090,41.960434631488596,-70.67007876763536,13,0
356b76e2-0bc8-3219-90ad-a47b136175fb,069b90f9-309b-35e4-b990-d1dbacb962cc,Leo278 Strosin214,F,GENERAL PRACTICE,36 LOWER WESTFIELD ROAD,HOLYOKE,MA,010402749,42.16975305,-72.63488031242107,10,0
28d5d58e-ca30-3c38-a06a-78e5bf1472bb,e5ce3b83-f5e6-308d-aa64-82539fc2d906,Kyong970 Dach178,F,GENERAL PRACTICE,1842 BEACON ST,BROOKLINE,MA,024451922,42.33728028715071,-71.14536064081996,1,0
55eac847-d615-31ef-909f-481336dd10f4,a2047ff6-62f2-34d7-beb9-7e164d989c75,Emma804 Larkin917,F,GENERAL PRACTICE,1200 CENTRE STREET,ROSLINDALE,MA,021311011,42.29768,-71.130463,4,0
893ed5b7-c446-3a2d-b90e-baa87489668e,936ceb96-2b12-371f-aa68-ee02a9c06f4c,Eddie505 Keeling57,F,GENERAL PRACTICE,225 BOSTON ST,LYNN,MA,019043124,42.470497449999996,-70.96003668151566,72,0
4d35a8ac-b8b1-359c-b571-747d662613e6,0a8a4b11-d0b8-3cd2-92cd-983de5189cfa,Del587 Nicolas769,M,GENERAL PRACTICE,111 BIRCH STREET,LYNN,MA,019021574,42.47859105,-70.93458444045801,11,0
1d930d92-4727-39d8-bcbd-3ce8d62d6493,335fe080-43f9-3219-84bd-031c4fcfe9d5,Nikki942 Hilll811,F,GENERAL PRACTICE,146 PARK AVE,ARLINGTON,MA,024765829,42.421350950000004,-71.18224816367342,1,0
a5326e60-ef49-3e96-b100-752a7e0756b8,7b7ce654-a413-37d1-9d34-97240c0ac580,Landon622 Kihn564,M,GENERAL PRACTICE,1 WRENTHAM ST,BELLINGHAM,MA,020192532,42.025037350000005,-71.48945118224057,46,0
3a288418-846f-3d26-a17e-c014b1a94064,7b20d1c4-c56b-3647-801c-5e4e13679073,Mozell819 Prohaska837,F,GENERAL PRACTICE,275 SANDWICH ST,PLYMOUTH,MA,023602183,41.94186605,-70.6455366462985,94,0
9b2a37ca-1e5b-3b25-a465-2a43ee4f018f,880c8804-deb0-35b0-9132-06950118b8b3,Elijah719 Flatley871,M,GENERAL PRACTICE,150 LINCOLN STREET,NEEDHAM,MA,024922914,42.2743931,-71.23662905222776,7,0
b355b48f-4f64-39f6-ad6b-4e33822b7dc8,3e97ce4f-3ad7-3cea-883f-e2bb4ca89d83,Dan465 Swift555,F,GENERAL PRACTICE,30 NEW CROSSING RD,READING,MA,018673270,42.51809619399502,-71.0959083715027,11,0
08878a83-2ced-3ab6-9f8f-bad4d543c9b1,46daa26f-fda5-38a9-9c45-fda430d28fa6,Caryl47 Bernier607,F,GENERAL PRACTICE,25 RAILROAD SQUARE  SUITE 501,HAVERHILL,MA,018325721,42.7736752,-71.08561759491305,2,0
69f5dd87-1923-36c8-87f2-e09f9b73b842,c0132cf6-1703-3aad-89b4-cc2f2bbc123e,Neville893 Schoen8,M,GENERAL PRACTICE,66 NEWTON STREET,WALTHAM,MA,024536058,42.3746705,-71.22789736306842,14,0
2a924c18-2a97-3f1a-a650-e2c0323125d7,d5920b72-ac1a-3ec4-81ca-e3b75cb7aadd,Donovan745 Daugherty69,M,GENERAL PRACTICE,251 Causeway St.,Boston,MA,02114,42.3665,-71.05931,14,0
a44271c5-3b88-3d9a-b54c-8596fc6adf2a,c4e5b33c-17b8-3f51-a8ba-a327d54e642a,Alton320 Dibbert990,M,GENERAL PRACTICE,94 N ELM ST,WESTFIELD,MA,010852917,42.1322823,-72.7436679,67,0
8cdfb361-ec64-36dc-8576-45c266eecad4,a9f0c80c-2cc2-31ea-9ead-d13d373a6fe4,Mohamed943 Hartmann983,M,GENERAL PRACTICE,140 PRESCOTT ST,NORTH ANDOVER,MA,018451826,42.7052468,-71.11780689673651,2,0
4065183c-9f74-3262-bfe2-2818be6147ce,666c3e81-2ec6-3bff-9dcc-a704edd86960,Ivan258 McClure239,M,GENERAL PRACTICE,770 CONVERSE STREET,LONGMEADOW,MA,011061719,42.0639853,-72.5521444,8,0
4097ea71-331b-38f5-b85e-8a36538bbdda,680532c8-2661-3b39-875a-b6ec0746ccf5,Jolyn4 Dach178,F,GENERAL PRACTICE,30 ATHOL ST,ALLSTON,MA,021341124,42.36075595,-71.13397379082869,52,0
d4139b8b-d26d-35ef-91b6-8d9693c6802c,cc400ddc-c38d-3604-8d89-cea21555719f,Irene779 Kirlin939,F,GENERAL PRACTICE,87 CHESTNUT ST,NATICK,MA,017603644,42.293559188306446,-71.35158050924959,32,0
25fb474d-28f2-3063-824b-dbeb27f81a1c,10dcd91e-6eda-385b-bafb-d5e1ae92dc34,Susanne275 Abernathy524,F,GENERAL PRACTICE,677 W MAIN ST,HYANNIS,MA,026013493,41.652312699999996,-70.32027525205335,12,0
0b0633cd-6492-33db-b29d-019cb54ab744,2836d9ac-c6a6-39d1-8f13-fdf0fc8928f4,Alysha630 Koch169,F,GENERAL PRACTICE,365 EAST ST,TEWKSBURY,MA,018761950,42.6069472,-71.2180803,92,0
b0103f9c-acbd-3ad5-a557-259ada8a0494,15e26ce3-9006-3ce2-9327-493180a15ec1,Luvenia178 Breitenberg711,F,GENERAL PRACTICE,6 GROVE ST,NORWELL,MA,020611534,42.172231693916025,-70.87836493029226,56,0
30ed0bea-defb-34b2-ab1c-51f4ecd33259,7c625dc4-2593-31eb-95fd-6a912832b8bb,Imogene688 Braun514,F,GENERAL PRACTICE,980 WASHINGTON STREET  SUITE 124,DEDHAM,MA,020266704,42.228918,-71.18501264023513,6,0
2ebe9789-c87b-3c8d-a370-4277400a4f25,e2eab39c-5195-34aa-b35f-e89e37cfed01,Miguel815 Roberts511,M,GENERAL PRACTICE,55 FOGG ROAD,WEYMOUTH,MA,021893141,42.175539799999996,-70.9539153674405,284,0
6e23a4f6-ea54-3204-9182-bfffbd7bb496,21989e2e-249c-3b79-acf0-240211e16b4b,Hung902 Ullrich385,M,GENERAL PRACTICE,1290 TREMONT ST,ROXBURY,MA,021203432,42.3327398,-71.09194864251029,29,0
8fd1ca6b-2156-3795-9820-7a5fe09b3191,fdcf2b47-b2fb-355c-8581-0f66edadb8a4,Chris95 Kling921,M,GENERAL PRACTICE,865 CENTRAL AVE,NEEDHAM,MA,024921316,42.2905133,-71.25420518075296,1,0
d0aa91ec-1d4f-35ab-8b34-c53c258276f0,1de7e7d9-9a7a-3a3f-bf4c-b4de450711f2,Clelia416 Morissette863,F,GENERAL PRACTICE,198 LITTLETON RD,WESTFORD,MA,018863429,42.564282,-71.42620615382347,5,0
e7781b68-3a4d-3f4e-af08-0b3af1578688,f52777bd-7313-3b27-8dd5-cd3f87bd3275,Larraine124 Torphy630,F,GENERAL PRACTICE,9 HOPE AVE,WESTWOOD,MA,020902914,42.2139873,-71.2244987,29,0
0c884717-431d-3e97-a5ab-c1d8792d110b,05cc5056-7af4-3afb-9a5a-d7a1c23a2509,Francis500 Lehner980,M,GENERAL PRACTICE,2069 ROOSEVELT AVENUE,WEST SPRINGFIELD,MA,010892595,42.105237,-72.6213712,5,0
7df1b25f-ead6-33c9-ba2e-410812725c62,4705a8fd-19cd-32c1-8b3e-34bcfe84d0bd,Wynell591 Mayert710,F,GENERAL PRACTICE,55 N WASHINGTON ST,NORTH ATTLEBORO,MA,027601607,41.983529,-71.332241,42,0
73f350e2-6a77-37ca-ba5f-1ad29b19fa67,497f39dd-280e-3d58-af5b-c5e3a3a09b10,Randy380 Bergstrom287,F,GENERAL PRACTICE,27 PARK ST,HYANNIS,MA,026015230,41.65363635,-70.27352219234834,220,0
56bc6a91-96c7-3ae2-bd67-934e932babaa,f2a6c4f7-f5b2-361a-95c4-3d635b352a46,Marshall526 Lynch190,M,GENERAL PRACTICE,546 SOUTH STREET EAST,RAYNHAM,MA,027671079,41.8984957,-71.03751432894776,5,0
c0ed411a-11de-31cb-a180-f4770b580bfe,5608c6ae-1f1d-368e-8172-aea4d9d2aefd,Jonathan639 Sporer811,M,GENERAL PRACTICE,12 KENT WAY STE 210,BYFIELD,MA,019221221,42.75468625,-70.9451078257969,1,0
51c7db2e-82ea-31e6-b86c-353d4af445bf,ed0c5b98-dc8a-3fc9-9856-61f1a1c75b11,Edwina60 Gerhold939,F,GENERAL PRACTICE,40 JULIO DR,SHREWSBURY,MA,015453010,42.29191827853838,-71.70343631978118,1,0
ed09cc0d-8cbd-3326-ad2a-46c277193fc4,accb8cdd-6560-3fef-b0a6-f12c3295026a,Gerardo48 Bergstrom287,M,GENERAL PRACTICE,969 PARK STREET,ATTLEBORO,MA,027035115,41.9266899,-71.2611303145582,2,0
d4fd9885-e024-3b7e-8e52-315de5837a49,6618f4ef-656a-347f-b61e-ed4d6c21763a,Reagan466 Greenholt190,F,GENERAL PRACTICE,231 SUTTON ST STE 1A,NORTH ANDOVER,MA,018451620,42.70554405,-71.12856345,72,0
deb78ca6-6c15-3d75-8349-fac29dd87180,390a2aa4-70b4-3a64-a12f-9bd777834c8d,Evangeline16 Howe413,F,GENERAL PRACTICE,710 MAIN STREET,HARWICH PORT,MA,026461931,41.669654699920855,-70.06169919459835,58,0
8e60f533-ef4c-3894-b541-2f5796dc7f4e,18a96051-91f4-3cba-af96-056ea14dfee0,Gaston250 Grimes165,M,GENERAL PRACTICE,25 HIGHLAND AVENUE,NEWBURYPORT,MA,019503872,42.81369325,-70.89091645747592,23,0
ba1c8e31-ffd0-316f-b462-66f28791e5c7,1ab2b5f9-cb95-3236-beec-9b9d4a407c61,Carroll471 Eichmann909,M,GENERAL PRACTICE,725 NORTH ST,PITTSFIELD,MA,012014109,42.4600752,-73.2492795834909,26,0
7668333c-3f32-3a50-a621-204c8c58fccc,41e2a44c-477c-3511-96f9-12c476aa3b6a,Antwan357 Lindgren255,M,GENERAL PRACTICE,85 E NEWTON ST,BOSTON,MA,021183553,42.336277100000004,-71.07085295687423,80,0
9a7547c6-b623-3f58-bd4e-0cad7ae2bee8,9d41e4fc-9507-3ddb-82ad-966046fca031,Cleo27 Lehner980,M,GENERAL PRACTICE,104 RANDOLPH ROAD,WORCESTER,MA,016062465,42.29955605000001,-71.79838133819244,10,0
4f8958a3-6111-3c4a-9c4b-6a6e1bbdfd37,5b0cd0a0-f277-3a66-bee6-d64b5be4a3f5,Waldo53 Hintz995,M,GENERAL PRACTICE,725 NORTH ST,PITTSFIELD,MA,012015493,42.4600752,-73.2492795834909,145,0
93ac750e-e9f6-37a7-bf98-a887d055a295,363631be-d437-3548-98c2-d10b909c1721,Elaina826 Ferry570,F,GENERAL PRACTICE,50 MANSION DRIVE,ROWLEY,MA,019691026,42.73718535100735,-70.88053187301136,1,0
863709b0-8205-3d59-9c27-cc2c24baeb27,c1986c0c-f756-3596-8f90-08adacf220fe,Cristy798 Auer97,F,GENERAL PRACTICE,73 CHESTNUT STREET,SAUGUS,MA,019061605,42.4573919,-70.9918055,18,0
67284069-5529-3b98-8f77-5a3288782178,ad2dab07-4f85-3950-baaa-7c7cd2aa770c,Federico589 Kuhic920,M,GENERAL PRACTICE,55 LAKE AVENUE NORTH,WORCESTER,MA,016550002,42.2774799,-71.76166994969458,113,0
c3d4ab47-32bb-3cd2-bbb6-d524d5f7d108,0d9b0d22-585e-3fd8-ab02-26b5be7915d1,Duane703 Koelpin146,M,GENERAL PRACTICE,516 CAREW ST,SPRINGFIELD,MA,011042330,42.12133575,-72.59217953646302,19,0
acfef797-4b8f-3432-913d-976957acc768,e4dbbb2f-5a51-341d-b5a5-dd91b968b217,Errol226 Gaylord332,M,GENERAL PRACTICE,329 WASHINGTON ST,NORWELL,MA,020611737,42.16319935,-70.86354427737673,2,0
dee14d2c-8a0f-3e13-ab93-da774c3b3402,0d1570ab-371c-3898-9397-95905d8c5166,Jose871 Dicki44,M,GENERAL PRACTICE,750 WASHINGTON ST,BOSTON,MA,021111552,42.3499038,-71.0631836,14,0
fd1e809d-0c0a-3afc-b5f4-0cd7cb4e8d9f,1853aeef-5897-326a-80d6-aa4b0459eb6d,Jewel43 Kassulke119,M,GENERAL PRACTICE,381 WICKENDEN ST,ATTLEBORO,MA,027032247,41.9438129,-71.2806515,1,0
1feb3f1e-f08d-3a23-b450-1d2c5f9f4ec5,94dda4e1-7476-367a-b1f8-37ea7f61a1b7,Dylan44 Robel940,M,GENERAL PRACTICE,145 WARD HILL AVENUE,WESTBOROUGH,MA,015811017,42.2694308,-71.6129907,45,0
e4e26b4f-98fa-3698-9ef3-f5b8f3ec120e,22fa6d28-92b6-3446-a388-f5aba50debaf,Lenard338 Robel940,M,GENERAL PRACTICE,123 CAPTAIN'S ROW,CHELSEA,MA,021504019,42.3917638,-71.0328284,2,0
5abf105d-01ab-3dab-9a0b-15f206267be6,2ca615f3-87f7-3283-a447-d919a883b676,Isaias604 Dickinson688,M,GENERAL PRACTICE,1399 WASHINGTON ST,HANOVER,MA,023391653,42.1441354,-70.8440854,12,0
eb333d48-60e0-3f4b-b8a2-b4d066032dcf,0a689d33-2b0d-3942-8de8-e28812e91c69,Clora637 Pagac496,F,GENERAL PRACTICE,47 SEAVERNS AVE # 5,BROOKLINE,MA,024463806,42.3317642,-71.1211635,39,0
a5ce349f-f0cd-3ff8-9f19-5bea5a4f2b60,cac6f8b3-eafd-31b3-9fa3-8015752ccc2c,Jessie665 Pagac496,M,GENERAL PRACTICE,123 SUMMER ST,WORCESTER,MA,016081216,42.26496835,-71.79655403681465,33,0
6183f7f9-d780-3dd1-91b2-88c75ae44efb,6e517750-a29e-3170-a02b-5733ff523458,Levi940 Abbott774,M,GENERAL PRACTICE,101 BARRY RD,WORCESTER,MA,016091275,42.3030701,-71.8333408960994,114,0
c699c887-72de-3f87-9690-f644fec304a8,d36eba4a-0dfb-3a26-b9fe-eb74594bbe3c,Kyle55 Boyer713,M,GENERAL PRACTICE,1350 MAIN ST,WORCESTER,MA,016031550,42.2416259,-71.85047518091996,1,0
8e39dac8-9981-33a0-b446-5f0e0e6ab060,3f12ebb4-e03c-3453-88d2-4fc9682383df,Erwin847 Stiedemann542,M,GENERAL PRACTICE,726 COUNTY ST,NORTH DARTMOUTH,MA,027473603,41.6389926,-70.9703171,30,0
d82a7932-b8d5-37e5-93fe-f33263338bfd,a9fc7aa5-d3b3-314d-9cf7-af29051d3dd9,Sonia106 Velásquez56,F,GENERAL PRACTICE,1193 SEA STREET,TAUNTON,MA,027803960,41.8946107,-71.11113,8,0
f0045b66-502b-3d39-bef4-7f4eb73cb5dd,9fdce5d5-d4d0-3156-a8d5-8757bfe4e9b3,Pamelia915 Kilback373,F,GENERAL PRACTICE,1 FARMER CIR,ARLINGTON,MA,024742866,42.42405225,-71.16792616556859,41,0
067eb8d2-12bc-3979-af94-90a837814793,b014aec7-7bd8-351f-8808-3e280cbc5be6,Rosaria177 Volkman526,F,GENERAL PRACTICE,70 EAST ST,HAVERHILL,MA,018306700,42.7777829,-71.0767724,105,0
f6e2c9cc-4c6d-33ca-ae38-26fb1f5c3b2e,125eccb3-d003-34ea-9bd8-360dff059782,Débora815 Bonilla161,F,GENERAL PRACTICE,125 PARKER HILL AVENUE,DEDHAM,MA,020266146,42.2489143,-71.1755732,48,0
34ebe4ff-378d-32d9-a8b6-472fc7894b1d,e5b9db6a-8dd8-3622-b9ce-3dc593e111d1,Harvey63 Tromp100,M,GENERAL PRACTICE,1223 BEACON ST STE A,BROOKLINE,MA,024465332,42.3430087,-71.1170155,40,0
472b44df-5eef-333d-bb1d-3d77d6081f4e,36c8b677-a6ce-3266-b71e-ed86d778d0fa,Rebekah348 Rippin620,F,GENERAL PRACTICE,300 FRIBERG PKWY,WESTBOROUGH,MA,015813900,42.28350315,-71.58027718702151,3,0
b49b1828-8a4e-3888-b2d4-2bfa1a413e78,aad05540-c9cb-3805-b3c4-f9b9d9b42b2e,Quentin28 Fritsch593,M,GENERAL PRACTICE,821 E MAIN ST STE 3,CHICOPEE,MA,010206306,42.155774795300516,-72.55672263289513,57,0
c988dff2-79fd-3283-a9fb-cd9e806e4ee2,eea92149-820f-301f-911e-b170e8312842,Tracey100 Hamill307,M,GENERAL PRACTICE,123 SUMMER STREET,WORCESTER,MA,016102177,42.26496835,-71.79655403681465,91,0
f05a2be8-e221-32a0-83e2-2c41608a6c77,19a3afba-b409-3650-a0ab-f3faf6e391ef,Patrina117 Strosin214,F,GENERAL PRACTICE,199 REEDSDALE RD,WALTHAM,MA,024511433,42.3756401,-71.2358004,54,0
1929c94f-9f0d-3ee7-8a61-65336741cc18,0e9d0119-1157-35a0-8bb5-7e0aa3041928,Kari181 Trantow673,F,GENERAL PRACTICE,1049 MAIN STREET,SPRINGFIELD,MA,011032114,42.09977055,-72.58470990760483,8,0
d7a65625-9dfe-3253-a47a-3b75255629da,76b7dbb5-0a02-32a4-9a01-3511f7e45016,Jerrold404 Satterfield305,M,GENERAL PRACTICE,59 COUNTRY WAY,SCITUATE,MA,020663746,42.1806871,-70.74862935148246,2,0
e43a0f82-fcdd-3134-a4da-dbe87a10ce3d,83a08dcf-7ed6-3d2e-afc0-a72c05d2563c,Jerri638 Stiedemann542,F,GENERAL PRACTICE,755 MAIN ST,HAVERHILL,MA,018302166,42.797835,-71.0878121,29,0
260edf3a-5498-30db-b856-9051952ad5c4,b826cbda-f69b-32d0-9e6e-edcb80f692bb,Jake169 Beahan375,M,GENERAL PRACTICE,169 VALENTINE ROAD,PITTSFIELD,MA,012013042,42.45821049070386,-73.27683573566691,4,0
3c5f6a00-ea3c-36cf-9a20-6fa9f862571e,25c85bcc-7e25-36bc-89e8-08e0d473db23,Sharron285 Okuneva707,F,GENERAL PRACTICE,138 S MAIN ST STE 14,MILFORD,MA,017573272,42.1270746,-71.51639128815474,119,0
02153db5-b2a3-354c-b3a7-a4bc45ec0b64,d9b71ccf-6649-3555-9e99-44eac0af257f,Darlene91 Collier206,F,GENERAL PRACTICE,655 DEDHAM ST,WRENTHAM,MA,020931135,42.084901,-71.30689224201797,10,0
ad335108-3213-3674-bc3b-ae03bedbf4e8,2f5c26cd-be8d-351a-97af-23fbcaba0967,Dorethea38 Casper496,F,GENERAL PRACTICE,36 CORDAGE PARK CIR,PLYMOUTH,MA,023607320,41.978323,-70.689036,1,0
f9b1334f-d523-3c16-82b5-c1e30c7f74e9,ec7e487e-7e78-3eac-a9ee-37f8de98a0f9,Marlene554 Hammes673,F,GENERAL PRACTICE,277 WASHINGTON STREET,ABINGTON,MA,023512489,42.10060947239023,-70.94967338146704,7,0
ca523f16-3147-3c20-8422-610a7ac9467a,471f7ca2-38f8-3080-8109-187c73ec0b1f,Collin529 Johnson679,M,GENERAL PRACTICE,27 CONGRESS ST,SALEM,MA,019707308,42.518722068313224,-70.88940635956651,21,0
e1e961f8-f767-3e63-bd3c-6be23b5da6c7,a5577e5c-b886-37a0-8eee-8ff6feb7ea6b,Synthia172 Keebler762,F,GENERAL PRACTICE,330 MOUNT AUBURN ST,CAMBRIDGE,MA,021385502,42.3741033,-71.13417575971958,75,0
ec4efa90-f991-370b-b1c2-daf05e0df8f9,9485907a-9f9c-3c19-a424-b402ee8f99c2,Lavern240 Bogisich202,M,GENERAL PRACTICE,101 PLANTATION STREET,WORCESTER,MA,016043025,42.258026400000006,-71.78384882397785,87,0
914e71f1-8524-3f0c-9741-be9d6e44684c,9dbd44ba-59b2-3d1d-ac91-3880af8081d2,Tori754 Larson43,F,GENERAL PRACTICE,529 MAIN ST STE B,ACTON,MA,017203965,42.4878132338563,-71.43046999422496,66,0
bd920f39-f616-3e7a-8ced-0197a7bf27c3,b5e54a54-ad38-39f3-a5d4-6e73e5d76d2d,Otelia900 Rempel203,F,GENERAL PRACTICE,44 FRONT ST FL 3,WORCESTER,MA,016081722,42.2625621,-71.8018877,78,0
2f77c209-dfad-3b41-aba3-93297048ec22,845fbd9b-2d1c-39a8-8261-28ae40e4fab2,Sam879 Rippin620,F,GENERAL PRACTICE,14 PROSPECT STREET,UPTON,MA,015681431,42.1700209025178,-71.59409308099494,353,0
ab066ae4-e83d-386b-8f62-3974168c2408,bac9dc0c-cb0f-3fa6-aa12-819dd0fb922a,Nicholas495 Greenfelder433,M,GENERAL PRACTICE,1493 CAMBRIDGE ST,SOMERVILLE,MA,021452935,42.3875968,-71.0994968,45,0
2af36bec-1f78-344b-ab17-1c1579725d21,9ce6072b-d039-3cde-8eaf-950211b8ae88,Terrie907 Ratke343,F,GENERAL PRACTICE,147 S MAIN ST,MIDDLETON,MA,019492446,42.585787222720036,-71.00861442427218,16,0
87b1da3c-4fc6-3db5-8dbc-7420ca58ebcc,af8566eb-8918-3ec7-ba44-92b6a2cf8097,Trevor374 Walker122,M,GENERAL PRACTICE,81 HIGHLAND AVE,SALEM,MA,019702714,42.5112107,-70.90516241826194,46,0
27cfdbd4-3587-3764-bf9d-78e9d4f12f28,d1d4d104-68cb-356b-9086-888de7d2826f,Deandre599 Windler79,M,GENERAL PRACTICE,61 Lincoln Street  Suite 112,Framingham,MA,01702,42.28348,-71.41845,2,0
c149c47d-4107-3bcc-82ff-25c70a1b0486,ecd3b321-0a8a-3ce6-81f0-982dd77fce43,Hunter736 Lesch175,M,GENERAL PRACTICE,25 HIGHLAND AVE,NEWBURYPORT,MA,019503867,42.81369325,-70.89091645747592,42,0
33b32ac8-71b4-306b-ad42-b9703b4b434e,42c13743-f36f-370a-a5ca-3e3c9795e02d,Tiffani287 Toy286,F,GENERAL PRACTICE,17 CHIPMAN WAY,KINGSTON,MA,023641039,42.0115267956362,-70.78988939618995,1,0
74ef5c49-327f-32bb-aa7a-151b14e0abeb,a036cdf2-bbc5-3ffd-987f-56e437fd8b74,Lashanda692 Gutmann970,F,GENERAL PRACTICE,265 N MAIN ST,SOUTH YARMOUTH,MA,026642083,41.680980000000005,-70.18292625685085,4,0
c3fa8982-d917-369f-8800-3e8182a54cbd,4f5e8f16-a31b-3071-8556-d7188ede313d,Barrett790 Wolf938,M,GENERAL PRACTICE,575 BEECH ST,HOLYOKE,MA,010402223,42.20105435,-72.628169560868,20,0
7e52ef61-544c-3676-84e4-34956a9bf285,69cb2157-b620-3c51-9c94-f516462d2d55,Sancho742 Vásquez905,M,GENERAL PRACTICE,11 WATER ST,ARLINGTON,MA,02476,42.41642055,-71.15424293038585,15,0
ec2715b4-cb4f-3b97-9e50-6f1c9759ef17,9a20d707-68e4-32c0-b2b2-2f5d5c2012cd,Gerard367 Pouros728,M,GENERAL PRACTICE,131 CAMBRIDGE ST STE 1,BURLINGTON,MA,018033711,42.50284395,-71.19574553661971,55,0
4ea257a9-06cd-3c71-8e29-c409cccd01d4,a25107f7-f4f5-36fc-98e4-f3e1b5875c91,Tracy345 Wilderman619,M,GENERAL PRACTICE,1285 BEACON ST,WOBURN,MA,018012157,42.4979478,-71.1684508,22,0
914237bf-4d2d-3918-9dd6-7a7046faf2f4,0e6c3ad1-24c1-34cb-bb6d-e8438fa319e2,Vern731 Casper496,M,GENERAL PRACTICE,50 DODGE ST,SWAMPSCOTT,MA,019071300,42.4699241,-70.9171507,4,0
f11e64b3-10a4-3397-abad-116a8dfcfce0,3695125c-c052-3ece-898a-2a6448987ae5,Sean831 DuBuque211,M,GENERAL PRACTICE,2040 BOSTON RD STE 5,WILBRAHAM,MA,010951380,42.150295650000004,-72.47288272264812,2,0
7ee3c9d5-8a13-3b79-b956-a43e973e228d,63b93742-6c13-3309-92b6-f7c858e9f320,Leopoldo762 Schmeler639,M,GENERAL PRACTICE,77B WARREN ST,BRIGHTON,MA,021353601,42.348002699999995,-71.14205064012461,60,0
b5c8a94d-3517-3a61-a966-1c2c100a73fe,bdd9ad72-443a-3563-a626-4c45f6d058b2,Zachary28 Bogan287,M,GENERAL PRACTICE,147 PELHAM STREET,WORCESTER,MA,016072105,42.265209,-71.814005,7,0
16b7ce1a-41e4-3105-a0a0-337894cf8c1a,05fcf001-ab24-3d7d-85f7-f64942d82738,Leonarda398 Schumm995,F,GENERAL PRACTICE,250 POND STREET,FRAMINGHAM,MA,017014592,42.2838619,-71.4093719,977,0
b4509be2-cd3e-3e06-8342-0bd76c39115b,7e6db51f-7c1b-3555-9e1c-6269ba6d704d,Jacque955 Streich926,F,GENERAL PRACTICE,120 STAFFORD STREET SUITE 206,WORCESTER,MA,016031461,42.239638,-71.8443785891577,11,0
59ec3447-fe8e-308d-8887-100cf2e14f79,83769f98-fff3-3535-8781-6ace5957136f,Emilia403 Breitenberg711,F,GENERAL PRACTICE,115 NORTH AVENUE,ROCKLAND,MA,023702129,42.13496385,-70.92237824494691,10,0
85f0d95c-ffa5-3d90-8433-6a2eab4b4c99,e7b77e8f-b607-3273-aef9-ad1bca48813f,Rolland302 Turcotte120,M,GENERAL PRACTICE,209 W CENTRAL ST STE 216,NATICK,MA,017603716,42.28202598359604,-71.3899479380402,54,0
5a540227-4472-319a-8f35-569ee84b6f0a,0e3a24c3-b772-3059-b3fd-8a4710068a82,Malka46 Gerhold939,F,GENERAL PRACTICE,416 BROADWAY,RAYNHAM,MA,027671737,41.940680799999996,-71.07864352196617,42,0
3b8a6b09-ed59-3e14-95ed-56091d16e0d3,9adfae03-673d-365d-9052-f705098fa3e4,Daniel959 Wolff180,M,GENERAL PRACTICE,51 BLOSSOM ST,BOSTON,MA,021142699,42.36305545,-71.06643399281765,217,0
0bc82c5e-108b-3f37-8c64-d18f5283ebe1,25431f9a-00e4-36d8-9810-4125328eec50,Kati243 Ruecker817,F,GENERAL PRACTICE,55 FRUIT ST,WALTHAM,MA,02451,42.3756401,-71.2358004,547,0
4900aef2-fb4c-3a59-9a47-ee664524ca41,89171335-b9c0-3326-98d6-a837d432b9fd,Vicente970 Alonzo487,M,GENERAL PRACTICE,150 FLANDERS ROAD,LYNN,MA,019042915,42.466763,-70.9494939,219,0
1e90bc34-80ef-3f6e-a4d3-d3049d3284a3,c1a85a41-6758-3edc-95ec-238b8ac72a40,Wilhemina814 Lesch175,F,GENERAL PRACTICE,65 CENTRAL ST,GEORGETOWN,MA,018332112,42.7211656,-70.99324119227308,49,0
baf1f45a-72d7-3acf-9965-1991c5e41814,01bde980-bf89-3138-8912-7360dff33247,Caroline183 Lang846,F,GENERAL PRACTICE,456 PARK AVE,WORCESTER,MA,016101254,42.25512735,-71.82580924803523,27,0
b52720e9-5cda-3bf8-8d7f-419ad996dcac,217cb6f6-e822-3831-9d9d-ffa104971042,Luther918 Jakubowski832,M,GENERAL PRACTICE,2 REHABILITATION WAY,WOBURN,MA,018016003,42.46352265,-71.161925472006,55,0
3cb0a78a-3b2a-3bf8-ae40-994e512f322b,8a6e21d0-da20-3378-8176-4e5ad2b51983,Wes853 Torphy630,M,GENERAL PRACTICE,84 ELM STREET,HOLLISTON,MA,017462138,42.20234485,-71.42493275079366,25,0
b579d904-c0e7-38eb-b161-2a2ecd4d7932,4e56c7ec-99e5-3023-8e4f-95ad18a03f06,Regenia619 Bosco882,F,GENERAL PRACTICE,28 RIVERSIDE DR STE 101,PEMBROKE,MA,023594947,42.11004715,-70.77534154695786,67,0
9963b681-551b-38f9-ad39-d2b411329810,e2a8b444-9b8f-36ff-84c4-05ee98589482,Francisco472 Gusikowski974,F,GENERAL PRACTICE,8 SHIPWAY PL # C-8,CHARLESTOWN,MA,021294301,42.3778749,-71.0619957,47,0
a4cbb4a1-f2ac-3959-88d0-aff6e3793f1e,71f4c23f-7559-31ff-8f42-a672e80b85a2,Sallie654 Jast432,F,GENERAL PRACTICE,300 FIRST AVENUE,WESTBOROUGH,MA,015812831,42.2694308,-71.6129907,1,0
0d240e36-57ab-3efb-ab4f-4e3722205c81,e0cc7e8e-e1a4-3a02-b589-0a35741d39fe,Octavio643 Towne435,M,GENERAL PRACTICE,990 PARADISE RD,SWAMPSCOTT,MA,019071831,42.48374535000001,-70.90120467000462,39,0
4b6d2cf2-4ea0-3140-b6c5-98ed03b891d2,3517aff1-b163-3cd5-8fff-19710fcdc1b7,Caridad510 Agosto501,F,GENERAL PRACTICE,400 HEMENWAY STREET,MARLBOROUGH,MA,017526762,42.36006255767826,-71.5077613040944,1,0
f1be742b-400b-3370-9968-0f0fe0dd3960,121b0ad1-1beb-3caa-9271-3d3f726bb727,Cortez851 Price929,M,GENERAL PRACTICE,1030 MAIN STREET,WALTHAM,MA,024517447,42.375828,-71.2527956,33,0
73f4c91d-77cb-35fb-9659-f6fafd4b2e87,f6ba791e-fe68-3596-bef4-60751db6a60e,Cleo27 Crooks415,M,GENERAL PRACTICE,37 BIRCH STREET,MILFORD,MA,017575501,42.1424349,-71.48943173357203,1,0
e45220ac-e68a-3e18-8b53-9c7e4cb122a6,b954c464-11ea-312b-a3f8-1350775bfa54,Hortensia953 Walker122,F,GENERAL PRACTICE,123 CAPTAIN'S ROW,CHELSEA,MA,021504019,42.3917638,-71.0328284,1,0
99a82516-7ffd-3a27-97cc-bbac11da2fd4,9f368e75-397f-3d77-a317-9a005512a4e2,Alta896 Pfannerstill264,F,GENERAL PRACTICE,381 PARK AVE,WORCESTER,MA,016101026,42.2583962,-71.82204240042036,136,0
a766ef92-06c1-3530-93a7-0cdfc6a472f8,4d3ec6c2-f6aa-3d7b-adcc-e7107dac8530,Elsa29 Schultz619,F,GENERAL PRACTICE,14 MASONIC CIRCLE,AUBURN,MA,015011341,42.181923125,-71.86839612499999,6,0
5397e707-7463-311c-9cb8-fe309b36fbe6,95f6c328-96dd-3fb8-a56e-9aad566094b4,Burton124 Schoen8,M,GENERAL PRACTICE,4 STONY HILL ROAD,WILBRAHAM,MA,010951027,42.1552861,-72.48384800788648,2,0
1ea27981-da7e-3c5b-962c-0213c899fd70,da2e8443-a0d6-3e87-b651-e2697615f4b5,Luis923 Bergstrom287,M,GENERAL PRACTICE,2000 WASHINGTON ST,NEWTON,MA,024621624,42.332192250000006,-71.24597794166553,39,0
0aabf2fb-736a-3739-8ca4-0d169baaf795,6d16a8e3-3569-38ab-afac-a2f8c1125085,Ángela136 Carrasco324,F,GENERAL PRACTICE,1010 WALTHAM STREET,LEXINGTON,MA,024218052,42.4139392,-71.22929265883278,5,0
62aeee1a-c6ab-3619-b765-b57b7a4a8787,91808f17-7583-32a3-aa55-23b131b327c7,Leonie332 Wunsch504,F,GENERAL PRACTICE,200 CORDWAINER DR,NORWELL,MA,020611671,42.16352995,-70.8846291501739,48,0
66884208-5a9b-3e39-ac87-6a74379e622e,02d7b144-352f-3eac-97db-6fc4a95bf1fa,Dante562 Reinger292,M,GENERAL PRACTICE,120 SEMINARY AVENUE,AUBURNDALE,MA,024662650,42.34002614299451,-71.24911543639162,2,0
37850a5c-6486-313e-b1c9-bee26b2e31e0,53f086de-2fc7-3d35-92c2-aca4ed944e7f,Carisa395 Kutch271,F,GENERAL PRACTICE,1 GENERAL ST,LAWRENCE,MA,018412961,42.7097143,-71.15007700778098,203,0
a65d0fb3-c222-398f-9bc7-e816ee0de2a1,20f63278-6709-3195-b767-782d2a10bd5c,Stacee229 Krajcik437,F,GENERAL PRACTICE,640 CONCORD AVENUE,CAMBRIDGE,MA,021381116,42.389222000000004,-71.14799280677965,5,0
acc5862e-2710-3131-a059-94a1fe2cc2c0,c05d73d0-b348-32ce-9fe5-13a720950f37,Abraham100 McDermott739,M,GENERAL PRACTICE,45 DRUM HILL RD,CHELMSFORD,MA,018241503,42.6255635,-71.3615131,12,0
8c56abf3-cc36-3e77-b175-6a9a37e36149,ac0fde88-b0ad-3388-a4a8-b8fc2a4f4af2,Bobbye345 Wuckert783,F,GENERAL PRACTICE,150 YORK STREET,STOUGHTON,MA,020729105,42.144646800000004,-71.09875876961266,41,0
bed1aaad-fc77-3cfe-9b1d-bdfb0aaa29f0,0e061004-bcc0-3e99-a237-d700823e817b,Kizzie166 Lehner980,F,GENERAL PRACTICE,570 BALDWINVILLE RD,BALDWINVILLE,MA,014361351,42.5953045,-72.07447782689232,21,0
42c4aa6c-80cb-3d30-a1f1-bc5e7f75431b,0592d4e5-a0fb-3143-83cd-8e5a6b066a96,Anderson154 Lemke654,M,GENERAL PRACTICE,20 EAST ST,HANOVER,MA,023391638,42.1278249,-70.82664947485381,12,0
e818df9c-9442-301e-8349-d2edd359ab67,6b9c5830-a278-38ff-887f-ccefd74cf8e8,Amalia471 Caballero789,F,GENERAL PRACTICE,184 LINCOLN STREET,NORTH EASTON,MA,023561799,42.06665855,-71.11947646404934,1,0
6aca19af-ec72-33a8-bfaa-e90325d063e1,7b5bf0fc-c5c0-3f22-980b-fdfff326a9b4,Conchita9 Castañeda925,F,GENERAL PRACTICE,40 CUMBERLAND AVE,NORTH ATTLEBORO,MA,027604445,41.9316677,-71.35407469790115,3,0
895d083b-caad-36c8-aa25-3029c2d86673,ba07b31b-bf14-39b8-be95-4c5ca5062daa,Kim439 Hyatt152,M,GENERAL PRACTICE,1575 CAMBRIDGE ST,CAMBRIDGE,MA,021384308,42.375209549999994,-71.10711344152975,174,0
b2f15d1d-a67e-3b8a-9eb0-64cfed9b6c71,6aae7a31-90df-3455-ad8d-81f8cf2d21e8,Houston994 Funk324,M,GENERAL PRACTICE,680 CENTRE ST,BROCKTON,MA,023023308,42.0872752,-70.9910738855076,117,0
