Id,ORGANIZATION,NAME,GENDER,SPECIALITY,ADDRESS,CITY,STATE,ZIP,LAT,LON,ENCOUNTERS,PROCEDURES
e9ec7d20-61f9-31a2-a3e0-ec8d8559e37b,74ab949d-17ac-3309-83a0-13b4405c66aa,Ted955 Reilly981,M,GENERAL PRACTICE,881 Main Street,Fitchburg,MA,01420,42.586487,-71.80521,94,0
399a69f5-9a26-38d7-87f9-0f12ed37586b,324b4137-57a0-3ae0-89db-1c33f57ae0c1,Marquis364 Satterfield305,M,GENERAL PRACTICE,134 NORTH ST,NORTH READING,MA,018641315,42.5892341,-71.10546522083789,1,0
451f39b2-2311-35eb-9571-e0db7154c1cc,faffaf6a-ee1a-3673-b0b0-421a9c249244,Gustavo235 Armstrong51,M,GENERAL PRACTICE,66 WASHINGTON ST,STOUGHTON,MA,020722571,42.14415820061801,-71.10378319512402,26,0
aaedeb71-21cb-3de5-ad5c-5b52adcfd11c,17a4bae5-8b64-34d7-8144-b428be027bd0,Lindsay928 Ward668,M,GENERAL PRACTICE,512 MAIN STREET  SUITE 211,SHREWSBURY,MA,015456406,42.295109499999995,-71.71808471110307,6,0
928f8a8e-8e84-3dc7-ba06-06892a1f2315,e09d4c49-c2ef-3b0f-9a46-3719d9219306,Ronald408 Emard19,F,GENERAL PRACTICE,60 HOSPITAL RD,LEOMINSTER,MA,014533290,42.54031915,-71.76312990486304,768,0
8115a7e7-5e7a-3ae2-8f5c-65f428dfd869,aa682136-a4df-3942-9f50-e6fcee6c0b73,Bradley693 Runolfsson901,M,GENERAL PRACTICE,501 CORDWAINER DRIVE,NORWELL,MA,020611630,42.1647071,-70.88149077838713,5,0
d2477075-95a3-3873-ad03-9dac8778924a,ab701a70-a658-340e-8f69-ee196a7d40c6,Jolie499 Parisian75,F,GENERAL PRACTICE,484 RTE 134,WORCESTER,MA,016071728,42.2625621,-71.8018877,18,0
d7d76530-96a8-30c7-a634-333e5a7fe6db,39104cad-5228-3e07-9b3e-3ad736b33d5d,Chase54 Muller251,M,GENERAL PRACTICE,200 PROVIDENCE HWY,DEDHAM,MA,020261881,42.22214545274341,-71.18159060546684,25,0
2b6616e9-5abc-30cc-9fef-a69646601aef,a3a72023-3f37-3d77-be82-62085a912993,Natisha940 Bradtke547,F,GENERAL PRACTICE,311 STATE STREET,SPRINGFIELD,MA,011051140,42.10500795,-72.58124154847081,64,0
591919bc-23ab-3fc8-b29b-78eba95b7abe,b4359169-6bc8-3e93-9e0c-19c6bf518e58,Kurt412 Auer97,M,GENERAL PRACTICE,126 MONUMENT ST,HAVERHILL,MA,018322527,42.78715445,-71.10946686154523,1,0
69fc9d6c-8cea-3005-82cb-37613ece9049,a4af40b8-0ddb-34bb-ae4a-95a17e9ad6f3,Tambra47 Heaney114,F,GENERAL PRACTICE,100 MYLES STANDISH BOULEVARD  SUITE 103,TAUNTON,MA,027807340,41.948930849999996,-71.14141318475193,8,0
09860dbd-b3cd-3b13-ba46-45092b963e9c,009f87f0-4bb6-350c-ba41-0b3235a7ca43,Delbert384 Tromp100,M,GENERAL PRACTICE,277 ELLIOT ST,NEWTON UPPER FALLS,MA,024641201,42.3134306,-71.2206105,1,0
e532cc1d-8512-3e4d-b422-b2607d7d223f,fe675917-7b09-3afd-a6e6-128cc4de4734,Rod343 Kohler843,M,GENERAL PRACTICE,319A ALLSTON STREET,BRIGHTON,MA,021357652,42.345093,-71.139804,14,0
0c3c6806-3e00-3e86-a223-2d73a5f98683,bdc3ee76-9cf3-316d-b202-a8da1ea3fa20,Harland508 Rippin620,M,GENERAL PRACTICE,130 RUMFORD AVENUE  SUITE 211,AUBURNDALE,MA,024661370,42.35853505,-71.24125521214887,2,0
8eb894b2-6eb9-3b1c-bdcf-4d6189c3f868,8f0ec876-22d3-3986-892e-4c2052d0fffa,Edwardo860 Harris789,M,GENERAL PRACTICE,94 SUMMER ST,FITCHBURG,MA,014205761,42.57835885,-71.78584786190521,1,0
b8b99c63-540c-35ee-9618-a78dfa0980fd,8e3ca57f-6f74-3d61-9803-ab1424290216,Cristobal567 Batista148,M,GENERAL PRACTICE,89 MORTON STREET,ANDOVER,MA,018102036,42.6551409,-71.12857340697036,6,0
f3b2106e-2ada-339e-a8b4-f95ddf817341,84abfbd5-41c1-3df4-9b31-7ca93cb2309a,Sonia106 Ortiz186,F,GENERAL PRACTICE,85 HERRICK ST,BEVERLY,MA,019151790,42.56415055,-70.8751357650672,53,0
282cc90c-0ccc-3f38-b306-23b1509d09c5,1ddd51d1-7297-3c3b-bad5-98aecd5e4a79,Dinah304 Kub800,F,GENERAL PRACTICE,127 CAMBRIDGE STREET  SUTIE #2B,BURLINGTON,MA,018033735,42.50188325,-71.19559351572005,1,0
13593291-771f-34b7-86b9-94848d6b373a,b66db758-a205-3227-9cfb-bf19d2c1962d,Jamal145 Stroman228,M,GENERAL PRACTICE,121 HARVARD AVENUE  2ND FL,ALLSTON,MA,021342702,42.35241825,-71.13220132573996,8,0
b5b97cb3-3f50-3b94-a76f-80aa6721581d,b99b7849-2b53-33fb-8ce2-e3a95f17ae51,Bee658 Pouros728,F,GENERAL PRACTICE,910 BOSTON POST ROAD SUITE 320,MARLBOROUGH,MA,017523761,42.355106,-71.47654,1,0
6cdd3262-4fbe-3f73-9a8b-de48b1d8024b,32fcdfba-8c93-30f4-b15b-dd3b65c29deb,Jody426 Bernhard322,M,GENERAL PRACTICE,20 NORTH MAPLE STREET,HADLEY,MA,010359715,42.3615107,-72.55261320852942,1,0
df7e5cf6-f76d-32b3-ba82-c6fa6f5e2dda,0ddb0329-b59d-3187-874c-602c649249c8,Lynn917 Cassin499,F,GENERAL PRACTICE,115 W SILVER ST,WESTFIELD,MA,010853678,42.1178811,-72.75935246865802,4,0
e9c575a8-6cd5-30a0-9446-17bad47f1eae,2cf06ddc-4c55-3c91-98f1-fb0188079c27,Shelby741 Rolfson709,M,GENERAL PRACTICE,10 VETERANS MEMORIAL DRIVE,MILFORD,MA,017572900,42.14682295,-71.50153080894427,4,0
c6e64a7f-5782-37ca-a6a9-327af4f855ad,02c936e2-3aee-38b2-88a4-81f3689b7bb7,Elsa29 Ordóñez148,F,GENERAL PRACTICE,120 FISHER AVENUE,BOSTON,MA,021203320,42.3276141,-71.1051603,6,0
f2d9e73f-4c3d-323b-88c1-70848394c653,2b84e56e-08b4-3078-b3ea-4d159208e065,Barton704 Bahringer146,M,GENERAL PRACTICE,1029 PLEASANT ST,BRIDGEWATER,MA,023242301,41.9718173,-71.00937893001648,37,0
c3a12104-c668-3428-9417-95a4359d30da,4ffa4412-1493-3beb-b8f0-6614dde953a4,Sulema841 Ryan260,F,GENERAL PRACTICE,363 HIGHLAND AVENUE,WAREHAM,MA,025715011,41.745636,-70.658192,14,0
60a98114-abfc-3dce-8dff-351c51162718,ede4a423-6258-3ef5-b5ba-0fa6bb579563,Olinda137 Paucek755,F,GENERAL PRACTICE,326 NICHOLS ROAD,FITCHBURG,MA,014205478,42.5974358,-71.80761197366103,25,0
1f3d3e1e-92ba-3bc8-aaee-4218d8fa8289,a14e698d-a9ba-3eae-9c8b-682ec726433d,Brian582 Cummerata161,M,GENERAL PRACTICE,776 WESTERN AVE,LYNN,MA,019052408,42.466763,-70.9494939,42,0
e481c860-5f93-3e3c-9c17-10a30a0a1f57,d4b9a3f0-210d-3e46-a2c7-e099658ac543,Ferdinand55 Moen819,M,GENERAL PRACTICE,7000 GREAT MEADOW ROAD,DEDHAM,MA,020264090,42.266408549999994,-71.19518435636284,18,0
0103e858-820b-347e-b4af-c57b27014e57,5ba6765a-f335-36b0-9c6a-6bb494c5330d,Clemente531 Schamberger479,M,GENERAL PRACTICE,31 OLD ROUTE 7,WESTWOOD,MA,020902333,42.2139873,-71.2244987,21,0
44702c07-45e9-31ff-9c1c-4ba475b1a37f,b6eeaaf7-1683-3bcb-b6ee-81ce304636ef,Ariane992 Pagac496,F,GENERAL PRACTICE,170 GOVERNORS AVE,MELROSE,MA,021763225,42.4564323,-71.064182,197,0
b8c2a8d9-a5bf-3d7e-aa60-8a64e2751459,65eda534-1bdc-3192-8d02-1c3764447790,Shanell37 Hand679,F,GENERAL PRACTICE,1244 BOYLSTON ST,CHESTNUT HILL,MA,024672115,42.3214927,-71.1711481,52,0
772552b9-bb8d-3db2-92b6-f33c9f686240,d3085315-9893-34c7-8889-3a31dc17c2b0,Ethyl508 Rau926,F,GENERAL PRACTICE,1428 MAIN ST STE 7,WALPOLE,MA,020811729,42.1325911,-71.2618886,10,0
1ad729f9-4fcf-3ff3-ae17-50feb0f90b9c,18061fd5-fda8-3e2d-87f0-0f3c87211bcc,Omer483 Koepp521,M,GENERAL PRACTICE,1493 CAMBRIDGE ST,SOMERVILLE,MA,021431408,42.3875968,-71.0994968,17,0
141c127b-9060-332f-806d-0448e8bf0f4c,7489f6e0-fee6-3fff-90b6-444868eb907c,Mariette443 Rau926,F,GENERAL PRACTICE,1 KIDDIE DRIVE  SUITE 106,AVON,MA,023221182,42.130150349999994,-71.05720685110387,16,0
3cc67233-e6cd-3218-8c39-34aaff69343d,fe30f2b4-9bc8-346e-afba-4455d1766545,Germán350 Zapata667,M,GENERAL PRACTICE,17 LAFAYETTE AVENUE,CHELSEA,MA,021502010,42.40019115,-71.03050082480353,5,0
710ab447-8916-377a-a69b-0056f1a58bf3,00fde0ed-5951-3b9f-8413-0f25f85a8d4f,Elmo857 Hodkiewicz467,M,GENERAL PRACTICE,81 OLD COLONY WAY STE D,ORLEANS,MA,026533278,41.78403385,-70.00060868097228,15,0
4ca4478e-d7fa-38fc-b15f-3f4234ada3ce,6cf8a214-8d57-3267-85e5-7719e15cd63e,Cindie288 Zulauf375,F,GENERAL PRACTICE,170 MORTON STREET,JAMAICA PLAIN,MA,021303735,42.299067750000006,-71.10124351911541,35,0
367af7be-1bdf-35ab-9bbc-7805688e7967,4bc0cc09-77e5-37f5-844d-64a6637cae54,Ahmed109 Feil794,M,GENERAL PRACTICE,91 EAST MOUNTAIN ROAD,WESTFIELD,MA,010851801,42.110743549999995,-72.70066160206358,167,0
4cf3d94a-67f0-31f2-b071-5817e53632f1,0fedae9f-701f-3317-9b2f-69aea2202cdc,Sharron285 Batz141,F,GENERAL PRACTICE,88 EAST NEWTON STREET,WINTHROP,MA,021522715,42.3750976,-70.982827,132,0
a0c2cd8b-7e3c-35d1-a52f-43fe22ecc2ec,0cc04ba5-137a-3ef8-acda-e79b25960b2a,Fallon874 Homenick806,F,GENERAL PRACTICE,25 ADAMS ROAD,WILLIAMSTOWN,MA,012672928,42.7009605,-73.18515951851253,7,0
ada146fc-3fb4-3cdd-9c0d-372205355f69,0b5f4cda-f9ae-36a8-a94c-ffbf56f45236,Guadalupe206 Hodkiewicz467,M,GENERAL PRACTICE,210 MARKET ST,NORTH ANDOVER,MA,018451656,42.6839894,-71.1127065,3,0
495b5232-5026-3aba-a763-1c37d4f5d11f,aade280a-3b90-3e48-9648-91109a964a63,Johna806 Klein929,F,GENERAL PRACTICE,909 SUMNER ST,DARTMOUTH,MA,027473826,41.6332267,-70.9879928,16,0
ea9a7a31-68ab-3e59-99c5-f520b290a873,96e9e829-0b71-3ad3-8b41-60e25b5d47d7,Doyle959 Crooks415,M,GENERAL PRACTICE,111 ORIENT AVE,EAST BOSTON,MA,021281006,42.39055278090538,-71.00587148689957,2,0
a0b99a94-e04f-3547-bddd-2249b91b1b97,7a3b8310-02eb-3c47-aa1b-3f55b3ed9de9,Leif534 Dare640,M,GENERAL PRACTICE,6 HATFIELD ST,NORTHAMPTON,MA,010602545,42.333172950000005,-72.6566355591273,2,0
0565d81f-f8eb-3d1e-ac96-fbdc26805cc3,f480acd0-7ef1-350d-aae6-d8e7d53ace57,Gil594 Ondricka197,M,GENERAL PRACTICE,1193 SEA ST,QUINCY,MA,021693544,42.26883395,-70.95264075087945,51,0
447b5f14-1390-3a0d-be71-671af7a2a9f2,440fa4b8-c731-3cf5-81d9-aa3f30a37b95,Bennie663 Abbott774,M,GENERAL PRACTICE,41 & 45 MALL ROAD,PEABODY,MA,019602901,42.5278731,-70.9286609,26,0
1e1afaef-7487-3260-b00a-acd80a954e40,a1434ca1-a1ac-3884-abc7-fc4c35cc8b68,Guillermo498 Dietrich576,M,GENERAL PRACTICE,390 ORLEANS ROAD,NORTH CHATHAM,MA,026501154,41.700306363636365,-69.96549390909091,23,0
d0445819-756b-3ef2-9dbd-0d5eaec37f3d,0fab3c4e-a028-39a6-b15a-be5a88b6aa2a,Cletus494 Paucek755,M,GENERAL PRACTICE,222 STATE STREET,LUDLOW,MA,010563437,42.15547415,-72.47222226666076,273,0
38b977cd-d8a2-3aff-8c9e-e7ae2b2ea113,3b021cb6-4745-3d9d-8436-230055f770bd,Dusty207 Franecki195,M,GENERAL PRACTICE,148 CHESTNUT ST,NEEDHAM,MA,024943238,42.27728075,-71.23665362814043,43,0
89ad5a2d-8eb1-3698-884c-7b645e4f6aec,aaa7ebaf-b1a0-38c1-ba89-a16712cf431c,Buford910 Halvorson124,M,GENERAL PRACTICE,16 PLEASANT STREET,BRIDGEWATER,MA,023242420,41.98625885,-70.97978204646246,5,0
ec5776fb-1d23-3c95-bddc-72087ee36331,ab074997-79db-3114-b6ac-5c21cda8ee3a,Todd315 Abernathy524,M,GENERAL PRACTICE,111 HEADWATERS DR,HARWICH,MA,026451028,41.705945549999996,-70.08904355,2,0
3187863e-b3e3-349b-9e8f-a047c53af94d,ce53c877-0290-390a-b4b4-2462001a1713,Anabel269 Hilll811,F,GENERAL PRACTICE,847 ROGERS STREET  SUITE 201,LOWELL,MA,018524345,42.6275246,-71.27673639687623,15,0
1347da75-d65b-3551-a9a8-ef800f009570,e9a24be5-b0a3-3fd2-a606-dd13498024ea,Estella474 O'Hara248,F,GENERAL PRACTICE,85 E MAIN ST STE A,NORTON,MA,027662307,41.971697,-71.17689334021827,54,0
d655fb37-5306-33c7-b0de-65a770c53af9,05b2593e-1bc1-32ee-8d9f-0aad4fa74ff0,Desmond566 Schaefer657,M,GENERAL PRACTICE,940 Belmont Street,Brockton,MA,02301,42.065655,-71.05398,292,0
b531f6e0-4375-3fca-a66c-5e86e3a6b689,00ffb204-07b4-3c72-a678-fa252e6cf86c,Julio255 Olivo261,M,GENERAL PRACTICE,450 BEDFORD ST,LEXINGTON,MA,02420,42.47370735,-71.25090005,28,0
02dc7843-6970-303e-888e-825cc77dc4d2,b8421363-9807-3b16-a146-95336eea5cfb,Cleveland582 Kuphal363,M,GENERAL PRACTICE,30 LOCUST ST,NORTHAMPTON,MA,010602052,42.33032115,-72.65330802608176,11,0
5352cc2c-f45c-349d-9ad8-48bbc4ea36b8,8424b5ec-ba0a-32e9-94ae-a9d397884093,Booker670 Casper496,M,GENERAL PRACTICE,49 BLANCHARD STREET  SUITE 101,LAWRENCE,MA,018431456,42.69651155,-71.1612176954981,9,0
c1bcb0ed-249f-3237-9cb1-fc2b98cf3ad3,3498e7d3-90fd-366b-bc6a-6f41dad6bae6,Pat3 Bradtke547,M,GENERAL PRACTICE,112 WEST MAIN STREET,NORTHBOROUGH,MA,015321824,42.318559050000005,-71.65097281611972,3,0
1f3865e4-67a1-32a7-b5df-a97c5f337f42,37111f41-8bc5-35d3-9cd9-5b447a11ffd1,Ilene33 Greenholt190,F,GENERAL PRACTICE,TEN INGALLS COURT,METHUEN,MA,018443712,42.7262016,-71.1908924,4,0
4c868de0-25db-3856-80e0-fd6fbcf2a4de,fbd4ccdf-2fdb-3652-9bbe-1ccff886bd34,Alberto639 Adame662,M,GENERAL PRACTICE,320 CENTRAL STREET  UNIT A2,SAUGUS,MA,019062372,42.4632069,-71.0093761,3,0
6efdb60b-af74-3bae-a56b-c86429924ef1,b8e724d5-b999-3029-8a2d-ad30fbd0b9ce,Dorris197 Rolfson709,F,GENERAL PRACTICE,63 MAIN ST,BROCKTON,MA,023014042,42.084598840000005,-71.01995972,28,0
e30990a8-1679-3b2f-99de-ae3cd802a3f6,901c2d40-1ca3-3879-9a20-c663b8adc0a9,Emory494 Schuster709,M,GENERAL PRACTICE,800 WASHINGTON STREET,STONEHAM,MA,021802445,42.4863168,-71.0928919,62,0
66ad4d49-ec0f-3bbf-ba87-175ac268d71e,6170552c-4d27-3e64-8068-64a380f1837d,Leo278 Pacocha935,M,GENERAL PRACTICE,76 SUMMER ST,HAVERHILL,MA,018305814,42.7786873,-71.07306505177553,148,0
34392275-ce17-3853-bfa5-5a3da0a8e118,b9e35b8a-9831-32d8-a6dc-d7a546c126b0,Venus149 Blick895,F,GENERAL PRACTICE,111 HUNTOON MEMORIAL HIGHWAY  1ST FLOOR,SPRINGFIELD,MA,011092550,42.1018764,-72.5886727,179,0
42f549e0-d80d-3bb0-86b8-b57114d366b4,22249c0a-8ce9-3726-a3bb-b037c773ce5c,Thaddeus38 Sauer652,M,GENERAL PRACTICE,337 NEPONSET AVENUE,DORCHESTER,MA,021223103,42.2875144,-71.0470691675753,10,0
fd2f6ee1-c5c2-3cc9-8a04-18f46c337e86,27bf2e46-7445-35e7-9106-3ce1b074db47,Kathryn101 Donnelly343,F,GENERAL PRACTICE,80 BOSTON RD,NORTH BILLERICA,MA,018621034,42.5871093,-71.2948553,2,0
dadf1440-a974-31b1-aede-47e0f68b94a0,e1818b21-4458-3b9c-b2b8-7ed6f57ae078,Sid118 Wilderman619,M,GENERAL PRACTICE,2399 BOSTON ROAD,WILBRAHAM,MA,010951185,42.14668485,-72.45048427046072,15,0
bdf6ad48-3ea5-390f-84fd-53c8da97dec4,8d110f42-6f75-3751-b0c5-b45ab08333a1,Shonna561 Feest103,F,GENERAL PRACTICE,88 WASHINGTON ST,TAUNTON,MA,027802465,41.9062805,-71.09518121351795,8,0
64256ae6-b1c3-3e84-8c33-1fe99975a5eb,200746fc-5d0f-3ec7-a2a9-3d9a219ee139,Arlen68 Rippin620,M,GENERAL PRACTICE,800 CUMMINGS PARK  SUITE 3100,WOBURN,MA,018016355,42.4977745,-71.1237712,41,0
6f9364d7-efba-318b-a8bc-5d5e95096c80,954e01a8-3b27-314e-9c77-254f1ac9c917,Lucia634 Almaraz628,F,GENERAL PRACTICE,116 Long Pond Road,Plymouth,MA,02360,41.924313,-70.656654,95,0
4de218bc-1e3f-32e0-8c5f-28a70e6d7edd,dd3307db-114c-3f11-be44-a9eef6bb3fc5,Francis500 Ratke343,M,GENERAL PRACTICE,269 UNION STREET,LYNN,MA,019011201,42.4652772,-70.94362420273097,39,0
395cef86-2c02-34ca-badb-29bb3914067c,9b1f8cd0-2246-3f4f-82df-23ea314c7665,Claudio955 Bruen238,M,GENERAL PRACTICE,800 ESSEX ST,LAWRENCE,MA,018414617,42.70162725,-71.1755487945157,2,0
07c671a8-5f18-37b4-acdc-962d61af5f08,15d4c950-4691-3996-b4c4-bf06bfb58ff7,Alvin56 Crona259,M,GENERAL PRACTICE,70 EAST ST,METHUEN,MA,018445883,42.7285558,-71.16833738237946,492,0
f1bb0cc4-6202-3807-89f9-3438d4765838,655f2a4f-419c-39d3-8ed6-6c4117eb7e32,Gerardo48 Herzog843,M,GENERAL PRACTICE,21 MAIN ST,NORTH READING,MA,018641326,42.566971949999996,-71.10799861135133,50,0
e186cf4d-7040-3212-ac7a-c6d066905f43,5018c664-e283-30eb-932a-529d9a19b3b5,Rochell365 Stehr398,F,GENERAL PRACTICE,300 SOUTH ST,WOBURN,MA,018014979,42.473347,-71.144086,195,0
ee64f469-aea2-3479-9172-c58110dc6b0e,2e8b42f8-4300-30a9-a576-d513d1021a0a,Beverlee316 Haag279,F,GENERAL PRACTICE,600 CLARK RD,TEWKSBURY,MA,018761699,42.63120935,-71.27023603178071,123,0
54a1df9c-d337-3aa1-8490-d7cc00f22a68,847ba43f-362d-3325-a095-93eb95d9dd90,Anton902 Bayer639,M,GENERAL PRACTICE,60 E SILVER ST,WESTFIELD,MA,010854434,42.1147598,-72.73956114707532,1,0
bf50f3a0-d349-3850-9184-3459337e8eda,d140ed3f-2696-3e78-bd77-1c959ec4fc4d,Orpha286 Marks830,F,GENERAL PRACTICE,863 HATHAWAY ROAD,NEW BEDFORD,MA,027401916,41.6512968,-70.9669902070805,1,0
5c8023ce-e6e9-34e7-ac68-827e2dfa097c,1cff30ba-b91f-3ea2-b80b-770d67856358,Duncan491 Halvorson124,M,GENERAL PRACTICE,359 JONES RD,FALMOUTH,MA,025403341,41.5591273,-70.60352436630029,3,0
956dfe37-0e3f-3f2e-926b-3b8545600b97,39c15c0f-5c49-311e-99d2-1fb99d80e06e,Salvador46 Homenick806,M,GENERAL PRACTICE,398 NEPONSET AVE,DORCHESTER,MA,021223134,42.286764399999996,-71.04402811508834,75,0
7eb571ab-c3a9-32be-a840-71d8fb8890d9,bccd7d67-203c-3d93-b6b0-bff5a146cd1d,Courtney281 Kihn564,M,GENERAL PRACTICE,286 WASHINGTON ST,STOUGHTON,MA,020721763,42.1384306,-71.1022598,8,0
b16cea5a-16a0-3d14-9140-0b449dfdf56f,263d1b03-1560-3fc3-b93d-c33a0cbd5837,Nam74 Treutel973,F,GENERAL PRACTICE,10 RIVERSIDE DRIVE  STE 201,LAKEVILLE,MA,023471689,41.8771119,-70.92344635,10,0
62a7fcaf-f910-3877-8829-07de0bac8789,0d24cc89-3256-330c-b36d-d8de8babef84,Will178 Bernhard322,M,GENERAL PRACTICE,1030 FALMOUTH RD,SOUTH YARMOUTH,MA,026641218,41.6667779,-70.1847414,64,0
4c63d83d-56bf-3ee7-a9c9-2ab62d442e38,db28cc9a-fdfb-35a6-aef7-ab9b933ef244,Judy192 Gleason633,F,GENERAL PRACTICE,8 DANA STREET,CAMBRIDGE,MA,021385402,42.3694992,-71.11011030010101,8,0
27fc4ea1-ff12-3458-b9a4-6f7f0969e123,19a65317-5d32-355e-8f82-88933d48366d,Carl856 King743,F,GENERAL PRACTICE,5 PRECINCT ST,LAKEVILLE,MA,023471468,41.8455651,-70.95195924208448,42,0
10a24a13-9701-391b-96a2-adbc72502c14,a6fb79e7-4abb-3a68-b62d-e501427fdca4,Ricky354 Renner328,M,GENERAL PRACTICE,489 WASHINGTON ST STE 202,AUBURN,MA,015015709,42.187836,-71.83104,78,0
77e8a52b-6cb4-3993-ba28-c47fc31cf023,ea8d287f-b3a9-3800-8798-788e334ee406,Shirly501 Kuphal363,F,GENERAL PRACTICE,81 HIGHLAND AVE,SWAMPSCOTT,MA,019072928,42.4699241,-70.9171507,20,0
bfffa6e4-450d-3b93-b411-a2afdcab644d,c7542447-e06e-32cb-b6db-243c23a0dbc2,Carson894 Krajcik437,M,GENERAL PRACTICE,30 WARREN ST,BOSTON,MA,021353602,42.3501483,-71.14393324457691,182,0
5746db99-08af-3c9b-9cc8-abe1b2a0705b,8bf5325a-c11b-35c4-b07d-17a5aeba8353,Penni796 Okuneva707,F,GENERAL PRACTICE,815 WORCESTER STREET,SPRINGFIELD,MA,011511001,42.1018764,-72.5886727,8,0
3b38dc2f-c108-3f6c-b0cd-5d79d1207ed5,87f3b181-1c52-3161-a15a-ea2d9a04b35f,Matha641 Gerhold939,F,GENERAL PRACTICE,565 TURNPIKE ST STE 71,NORTH ANDOVER,MA,018455936,42.664934200000005,-71.11635234067887,52,0
ff27420a-9df5-3814-ad7d-180b04106a19,621bd7b5-3f4c-3555-8daa-f1216e352f33,Lashawnda573 Williamson769,F,GENERAL PRACTICE,34 AGASSIZ AVE,BELMONT,MA,024785023,42.38815185,-71.19406248191802,1,0
e3214ba5-d2c4-34dc-89de-09a5eee0fa32,46375470-1e20-3ddc-8dc5-010ba53826b6,Jude172 Reynolds644,M,GENERAL PRACTICE,40 WRIGHT ST,PALMER,MA,010691138,42.16934095,-72.34120457065711,48,0
a84123a4-239f-3a66-9465-d28824feb2be,9d2a1656-0f4d-30d1-bc63-eb365a05529c,Isabel214 Ledesma253,F,GENERAL PRACTICE,235 N PEARL ST,BROCKTON,MA,023011794,42.09805395,-71.0609587194362,7,0
195da4ce-3e2f-380c-8d12-11147d03e1e1,a4b91172-69e7-3895-bd89-b9a0868de5c2,Shanita956 Wolff180,F,GENERAL PRACTICE,651 ORCHARD ST,NEW BEDFORD,MA,027441052,41.6149879,-70.93113851963673,20,0
8e9e1398-47f4-3c8c-a91d-50533bfb202d,ca8a919a-05f9-3687-bfb6-42800a70031e,Clair921 Flatley871,F,GENERAL PRACTICE,6111 OAK TREE BLVD STE 301,FRAMINGHAM,MA,017014613,42.3095704,-71.4413097,16,0
9da642d0-8115-3ab8-a375-80124333eaec,be509ccb-bfb7-3b87-8945-8426b689ef9d,Man114 Balistreri607,M,GENERAL PRACTICE,2049 DORCHESTER AVENUE,BOSTON,MA,021244742,42.3554334,-71.060511,27,0
3ff3e6b6-2263-3205-a18a-655d6cee5101,6f90eaad-abe3-3ce0-b9a6-2031c5674f0d,Gordon377 Wuckert783,M,GENERAL PRACTICE,800 TURNPIKE ST STE 300,NORTH ANDOVER,MA,018456156,42.66074825,-71.10724143845708,28,0
cddc5d95-475e-3144-8c34-97c989794bd9,6c7fe370-02c4-3537-8f5e-373b2168b933,Enrique929 Caraballo427,M,GENERAL PRACTICE,60 HOSPITAL ROAD,LEOMINSTER,MA,014533791,42.54031915,-71.76312990486304,2,0
3bbf2be1-ef8d-3df8-ab4d-67287aa43f12,f8918a95-31e8-3ac4-8d12-29ca6080ebda,Domitila545 Vandervort697,F,GENERAL PRACTICE,199 REEDSDALE RD,MILTON,MA,021863926,42.251368299999996,-71.0768393856917,17,0
729be823-b9c2-3a3e-9016-2423352d091b,8d5880eb-1dd8-31ea-b7c5-21709f3bb341,Nicholle822 Satterfield305,F,GENERAL PRACTICE,50 ROWE ST,MELROSE,MA,021763201,42.4592093,-71.06078096379728,31,0
accbf377-580f-30ea-9bc1-962a17ea15c6,0ec04450-c150-322d-b2c3-1449d672a23c,Renaldo199 Huels583,M,GENERAL PRACTICE,110 W SQUANTUM ST,NORTH QUINCY,MA,021712122,42.27259075,-71.03082765,43,0
0998082d-a846-3bb3-bdda-9020797ae4cf,3ff0f58b-7a1f-3334-9449-ff15f68b7d86,Crystle668 McCullough561,F,GENERAL PRACTICE,275 SANDWICH ST,PLYMOUTH,MA,023607761,41.94186605,-70.6455366462985,749,0
98dec802-49e4-347a-b064-1a00ae36a622,70e3ad4f-b9ff-3f3e-9990-2cd7e23a9d1c,Zane918 Bosco882,M,GENERAL PRACTICE,1238 RIVERDALE ST,WEST SPRINGFIELD,MA,010894675,42.1373438,-72.62624707492338,5,0
fa11ffb7-c6e1-3d08-abc9-7b0b2cbcc589,8ddbad9e-b5fc-3895-8a1c-17f32197a865,Robert854 Nicolas769,M,GENERAL PRACTICE,1455 MAIN STREET,CHATHAM,MA,026332083,41.6827332,-69.98755685244114,6,0
65c05932-39f2-31df-b68f-90d69c129061,7e8bd0f2-2746-355e-92ef-9473818c58a2,Suanne858 Okuneva707,F,GENERAL PRACTICE,90 SUTTON STREET  SUITE 3-4,NORTH ANDOVER,MA,018451655,42.705281049999996,-71.13643624887442,18,0
1a229bf7-30d5-3404-a12b-e74e1607e797,dd280187-8662-3732-af81-595d10572911,Clifton91 Lakin515,M,GENERAL PRACTICE,4499 ACUSHNET AVE,NEW BEDFORD,MA,027454707,41.74026055,-70.9450945705336,142,0
aa4bf51b-9125-31d9-982a-cd8a2770e1d4,dae3ee01-f383-366e-9ad6-dc92963064ea,Orville751 Will178,M,GENERAL PRACTICE,1233 MAIN ST,HOLYOKE,MA,010405381,42.16578055,-72.63389634691956,85,0
a5fb182d-c382-3c15-bfda-5b0f059677dd,b7488009-cd48-3a0d-87c4-6c47d1ceb3c8,Marielle507 Hayes766,F,GENERAL PRACTICE,95 COMMERCIAL STREET,BRAINTREE,MA,021844301,42.22110375,-70.97097247044559,9,0
513feb37-d991-3e2c-84a8-e3e18f107cd9,371948e4-733a-33b6-a835-68abefdeb59f,Roxanna261 Gleichner915,F,GENERAL PRACTICE,197 ADAMS RD,WILLIAMSTOWN,MA,012672930,42.704126099999996,-73.19043030392987,40,0
10f4a293-e01e-396b-9e04-14046ae83846,744bdf85-6223-367c-b1ab-e8c8e0a5eb28,Stella203 Hammes673,F,GENERAL PRACTICE,2 REEDSDALE RD,MILTON,MA,021863800,42.258080449999994,-71.08070895097364,18,0
85ebd87b-ce68-34ef-b742-0dbf37674e93,92d919ab-8380-3fda-a5f1-838e69b819c1,Jarrett354 Gutmann970,M,GENERAL PRACTICE,300 TRADECENTER STE 4750,WOBURN,MA,018017420,42.4994143,-71.161659,57,0
18ad9fdd-4e50-33fc-ac4a-11bf10e0cff6,a2cc09de-c1e2-3126-8c09-d49f95225281,Cristi782 Leannon79,F,GENERAL PRACTICE,300 LONGWOOD AVE,WALTHAM,MA,024532741,42.3756401,-71.2358004,2,0
41036c19-1bdb-3657-9869-8babb2eda772,9f2f60a6-87a4-3f45-b753-b63b5b7e9993,Maricruz991 Considine820,F,GENERAL PRACTICE,332 HANOVER STREET,BOSTON,MA,021131901,42.3647421,-71.0536619,13,0
257833a2-46b2-3ef1-ba89-a9b80ba38e9b,44cb1162-a345-3477-8723-c202a3c8cdcd,Shaquita282 Graham902,F,GENERAL PRACTICE,73 W MAIN ST,HOPKINTON,MA,017481619,42.21799145,-71.54005509979045,35,0
0ad87897-c4ff-3ac5-b4f7-59702e755653,f312977e-8f41-3816-84cc-e5b12ba36955,Harlan808 Langosh790,M,GENERAL PRACTICE,1153 CENTRE ST,JAMAICA PLAIN,MA,021303446,42.3017598,-71.12855793387442,12,0
26ba33e3-76cd-3e4a-8df0-14a8fa4c4d61,389323ef-b127-3a06-a22d-e24aef033e5d,Eugenio846 Streich926,M,GENERAL PRACTICE,200 PROVIDENCE HWY,DEDHAM,MA,020261881,42.22214545274341,-71.18159060546684,66,0
d7a7d93c-47a5-3d97-9a64-04c196b9e0bb,ce4d0501-49eb-396a-bc56-545fdfc624b0,Bea654 Daniel959,F,GENERAL PRACTICE,1 HOSPITAL RD,OAK BLUFFS,MA,025571406,41.46063105,-70.57989080295974,21,0
dd0c6d85-3051-3093-88b1-1ef4579be8f5,70e943de-a18b-3e03-a204-ecca2f01b6d1,Joshua658 Wolf938,M,GENERAL PRACTICE,76 NORTH MAIN STREET,WEST BOYLSTON,MA,015831130,42.393642299999996,-71.79207534741954,1,0
96515db7-13a8-33a0-9fb1-68b0d3574127,e69e7cbb-8362-30d1-83f2-3a0c492fe2b1,Chris95 Kub800,F,GENERAL PRACTICE,110 LONG POND RD,PLYMOUTH,MA,023602642,41.9255829,-70.65514326847389,28,0
ea01e4e6-e76e-3ce8-9b9b-597a8536cb77,1ef8d603-bec1-35f5-a830-2a0b919cf47f,Thresa531 Kutch271,F,GENERAL PRACTICE,1801 TURNPIKE STREET,NORTH ANDOVER,MA,018456322,42.6355548,-71.0761760490546,7,0
d4d6ac69-d845-310c-8a76-09f614137a3b,d13ac855-c068-3b57-8d65-fc3c90f32558,Mertie42 Orn563,F,GENERAL PRACTICE,383 SOUTH ORLEANS ROAD,BREWSTER,MA,026312870,41.738964949999996,-70.00124453922743,1,0
a1f40c88-ed9d-3bc8-98c2-e1a437889cdd,afc661fd-71d9-3fc3-adf2-3fc3b5e8a140,Hyman89 Schmeler639,M,GENERAL PRACTICE,680 CENTRE ST,RAYNHAM,MA,02767,41.9487118,-71.0731008,41,0
615908f4-fd5a-3dfc-8955-905a7733d086,be9a14c1-72a6-3186-b199-fdb070768458,Lisabeth458 Roob72,F,GENERAL PRACTICE,18 FRANCES ST,WOBURN,MA,018013006,42.488288600000004,-71.15015700746171,3,0
2eb5b9a4-32f5-3bb8-a4a6-065c32c29015,06cc2462-430f-3322-9c87-7e971125f510,Kai187 Mann644,F,GENERAL PRACTICE,133 OLD ROAD TO 9 ACRE COR,WESTFORD,MA,018863198,42.5792583,-71.4378411,8,0
5bb46501-40f4-3dd9-bdab-0894d90097b0,759de184-595f-3131-ba20-6a412553496d,Laurie826 Pacocha935,F,GENERAL PRACTICE,49 THOMAS PATTEN DR,RANDOLPH,MA,023683901,42.1594587,-71.06112167252701,1,0
cbc704e9-a96a-34cc-9125-25aecdb31076,db106514-f254-3402-b6a4-6d210c78c7e2,Olivia294 Anguiano812,F,GENERAL PRACTICE,211 FRANKLIN STREET,QUINCY,MA,021697833,42.23691085,-71.00237199954586,6,0
3579bf8b-0ece-31ac-ac6e-7c7315284207,ee7fab6f-6438-394f-b1f2-3e452f8f055a,Domonique463 Satterfield305,F,GENERAL PRACTICE,75 BRIMBAL AVENUE,BEVERLY,MA,019156009,42.570099299999995,-70.87108224250409,36,0
79028e4e-6c50-3ffc-b0b8-0c235ab3965f,907b1d2f-2bf8-31b5-abc2-14d6b75faa96,Lizeth852 Ernser583,F,GENERAL PRACTICE,340 MAPLE ST,MARLBOROUGH,MA,017523200,42.3358161,-71.54106510218209,76,0
c820d506-d409-3418-a6a1-dd62272b17ca,352f2e3b-0708-3eb4-9f7e-e73a685bf379,Gregg522 Willms744,M,GENERAL PRACTICE,157 UNION ST,SOUTHBOROUGH,MA,017721215,42.3056501,-71.5245087,97,0
7552bcd7-8ff7-307c-a859-7c01458c8624,34f7bdc0-0550-333e-a53f-5e2af5a6d4ec,Mable471 Kreiger457,F,GENERAL PRACTICE,212 S MEADOW RD UNIT 5C,PLYMOUTH,MA,023605450,41.9426657,-70.7618592,90,0
92540bf4-4197-34ce-9e96-4ce6cbc8cc43,e34d8448-8b98-3f91-9fe7-faeb8a78e1db,Gordon377 Monahan736,M,GENERAL PRACTICE,NEW ENGLAND SINAI HOSPITAL,MILTON,MA,021862377,42.2501425,-71.065573,12,0
b81c8fc7-40eb-3880-8cc3-f36667ad4dab,a2d45ee8-b930-3169-b612-f602961ad212,Adán600 Abeyta738,M,GENERAL PRACTICE,37 MINUTEMAN WAY,SHREWSBURY,MA,015452229,42.288207,-71.73443816915585,69,0
0392d2cf-7e1f-31a3-aeb4-76d0d2a6c1c5,10ffe7b1-2f94-3f12-9288-679da05a1ec9,Brendan864 Hintz995,M,GENERAL PRACTICE,133 LITTLETON RD,WESTFORD,MA,01886,42.57056335,-71.41736646422413,8,0
dc82bec7-3e28-3647-854c-6667b85a9140,d0894f6b-78d7-338d-82ad-b63de4d40014,Lynsey2 Lemke654,F,GENERAL PRACTICE,330 MOUNT AUBURN STREET,WALTHAM,MA,02452,42.3756401,-71.2358004,13,0
edfca8a6-d614-3c7d-afae-da28e28847fd,f43f97f2-af04-3ed0-a42e-3681718cc9b2,Jacques50 Quigley282,M,GENERAL PRACTICE,725 NORTH ST,PITTSFIELD,MA,012014109,42.4600752,-73.2492795834909,31,0
58307309-6251-391b-a707-4956a3c9572e,2f67494e-f17e-3248-ba68-3ca42913cca1,Majorie11 Bergstrom287,F,GENERAL PRACTICE,184 MAIN STREET,FAIRHAVEN,MA,027193259,41.646106,-70.90865208079187,2,0
ab7da119-b833-3e95-beb2-2bbc7b9f7d5e,88975fd9-b47e-3af6-af78-c58e1ecf0d5e,Mónica985 Salazar800,F,GENERAL PRACTICE,115 W SILVER ST,WESTFIELD,MA,010853628,42.1178811,-72.75935246865802,6,0
473e1720-0688-39ef-bb73-3a51d1f78354,15c0c270-968e-3651-8afe-e162149e5e3e,Elias404 Kohler843,M,GENERAL PRACTICE,10 George Street  Gateway Center,Lowell,MA,01852,42.642513,-71.3062,55,0
30afdc33-4a69-369e-b08e-0a0691d8a83b,94ac48ba-e215-3ab9-ba88-a0b926d29cef,Nerissa37 Hahn503,F,GENERAL PRACTICE,300 WINTHROP STREET,MEDFORD,MA,021552311,42.421527,-71.11834,15,0
1a0e497b-a08d-3c00-8937-306706fade3b,0334ad53-5d57-384e-a411-63b075139c06,Stephen891 Stamm704,F,GENERAL PRACTICE,66 CENTRAL STREET,EAST BRIDGEWATER,MA,023331913,42.03160525,-70.9572577506426,40,0
a06c7a86-4735-3899-8d7b-db607bcf33bc,069b90f9-309b-35e4-b990-d1dbacb962cc,Leo278 Strosin214,F,GENERAL PRACTICE,36 LOWER WESTFIELD ROAD,HOLYOKE,MA,010402749,42.16975305,-72.63488031242107,6,0
43aead7d-c3dd-3c5f-bcc6-dd8e946e0115,4ba48ef6-19f2-3177-bfaf-096daaebf26a,Katerine813 Wunsch504,F,GENERAL PRACTICE,275 TURNPIKE ST,BRAINTREE,MA,021845328,42.2064195,-71.005067,49,0
b4e0337a-9164-313b-9411-91e6c8d2af5c,a2047ff6-62f2-34d7-beb9-7e164d989c75,Frederic454 Larkin917,M,GENERAL PRACTICE,1200 CENTRE STREET,ROSLINDALE,MA,021311011,42.29768,-71.130463,2,0
a303780f-4220-3a6e-96cb-9067c814c99c,5d0d1d11-dd8a-3d28-b029-93062b6798a5,Shirley182 Flatley871,M,GENERAL PRACTICE,378 PLANTATION STREET,WORCESTER,MA,016052324,42.27966095,-71.7626143755108,1,0
5595e542-fd91-3936-969a-7a65485086fd,dfcd78f1-f67e-321d-84e3-f658c482c474,Elmo857 Wisoky380,M,GENERAL PRACTICE,64 WOODLANDS WAY,BREWSTER,MA,026312550,41.737807,-70.0036669,98,0
b70c11e5-c2bd-3bab-b1fb-32723827ddf0,cabc0f0d-dcca-34a2-bc6b-519ed1cc7f74,Ronald408 Huels583,M,GENERAL PRACTICE,191 MERRIMACK ST STE 712,HAVERHILL,MA,018306199,42.7742236,-71.08181133783422,58,0
22fa0887-12a8-31fc-936a-0da26d85fd46,bea92616-0fee-39b9-9a23-42c6fd899f35,Arthur650 Beier427,F,GENERAL PRACTICE,10 ERLIN TERRACE,TEWKSBURY,MA,018762666,42.61292480142526,-71.24215126690858,2,0
fd911171-9535-3d07-86ea-16da2d3639c5,7b7ce654-a413-37d1-9d34-97240c0ac580,Landon622 Kihn564,M,GENERAL PRACTICE,1 WRENTHAM ST,BELLINGHAM,MA,020192532,42.025037350000005,-71.48945118224057,1,0
3ace9c45-307f-317b-8841-99dd8675da96,f1c6e386-ed52-3f97-a2b0-4e21ad2d0966,Rhonda22 Bins636,F,GENERAL PRACTICE,54 COURT ST,TAUNTON,MA,027803201,41.9028629,-71.09718927122583,54,0
dcdab641-738c-3038-8657-3dae9475d456,7b20d1c4-c56b-3647-801c-5e4e13679073,Riley817 Prohaska837,M,GENERAL PRACTICE,275 SANDWICH ST,PLYMOUTH,MA,023602183,41.94186605,-70.6455366462985,84,0
86c23257-e84d-3a58-8e04-48eaf4711496,3e97ce4f-3ad7-3cea-883f-e2bb4ca89d83,Fidel864 Swift555,M,GENERAL PRACTICE,30 NEW CROSSING RD,READING,MA,018673270,42.51809619399502,-71.0959083715027,17,0
7fa5deda-1f21-3d1f-8c6a-c6fe18288bb0,c60fc3df-9dbd-3f31-a456-41c84490266f,Lavonna163 Johnson679,F,GENERAL PRACTICE,146 MAC ARTHUR BOULEVARD,BOURNE,MA,025323902,41.7412166,-70.5989196,5,0
2f4cabe1-45d4-30c0-8f4a-6e225ae607df,46daa26f-fda5-38a9-9c45-fda430d28fa6,Trenton748 Bernier607,M,GENERAL PRACTICE,25 RAILROAD SQUARE  SUITE 501,HAVERHILL,MA,018325721,42.7736752,-71.08561759491305,11,0
bc65a5de-1141-319c-b2b4-ed92b75394bf,c0132cf6-1703-3aad-89b4-cc2f2bbc123e,Lovie151 Schoen8,F,GENERAL PRACTICE,66 NEWTON STREET,WALTHAM,MA,024536058,42.3746705,-71.22789736306842,9,0
d4e719be-66bf-3300-bedf-71fa467a92c3,4f59f709-8b84-3d27-a04b-c6b7b5544413,Natividad796 Davis923,F,GENERAL PRACTICE,70 BOLTWOOD WALK,AMHERST,MA,010022271,42.3768779,-72.51840280783739,21,0
6875fea5-af16-3db4-b2ca-d1c5bac5d6c4,c4e5b33c-17b8-3f51-a8ba-a327d54e642a,Kaila152 Dibbert990,F,GENERAL PRACTICE,94 N ELM ST,WESTFIELD,MA,010852917,42.1322823,-72.7436679,23,0
88ed9ef6-fe4e-3d20-b659-e33277891619,36d328a2-68bb-3967-a9bf-00897a7c945f,Jettie913 Rodriguez71,F,GENERAL PRACTICE,299 WAREHAM STREET,MIDDLEBORO,MA,023462905,41.869676,-70.873384,4,0
2d989e31-38c8-37d1-8b27-8383c4677316,6d6ef57e-b2ce-3a69-bacf-4305c51834b0,Leonor133 Munguía264,F,GENERAL PRACTICE,186 HIGHLAND AVE,SOMERVILLE,MA,021431507,42.38845955,-71.10666839512322,1,0
498edf13-4d4d-3d40-b588-a46f79e15aed,552ede7f-2ba4-39ef-9217-29d27b89b8a7,Shameka870 Reichert620,F,GENERAL PRACTICE,87 SHATTUCK STREET,HAVERHILL,MA,018302319,42.796917699999995,-71.05216081525802,14,0
0d9a91d6-1863-3091-b66e-ca5ec98bf6aa,680532c8-2661-3b39-875a-b6ec0746ccf5,Buford910 Dach178,M,GENERAL PRACTICE,30 ATHOL ST,ALLSTON,MA,021341124,42.36075595,-71.13397379082869,31,0
61fae5ce-5cb9-373d-b522-04b1536d6323,51370692-6296-3150-8672-559fc73f964f,Jeromy156 Okuneva707,M,GENERAL PRACTICE,75 FRANCIS ST,WEST BRIDGEWATER,MA,023791542,42.0219112,-71.019004,224,0
777e0e5b-3891-376a-8c9a-d0ac912793b9,b3312a2d-37e9-35a8-b50d-6c165c437baa,Eliseo499 Reinger292,M,GENERAL PRACTICE,45 DIMOCK ST,ROXBURY,MA,021191029,42.32030665,-71.09721114916246,33,0
6dfefd22-c476-3ec0-b255-99b051cf4507,2836d9ac-c6a6-39d1-8f13-fdf0fc8928f4,Carlton317 Koch169,M,GENERAL PRACTICE,365 EAST ST,TEWKSBURY,MA,018761950,42.6069472,-71.2180803,227,0
afee2f7b-d703-378a-b762-a6ab53c9b8f3,a2f8d8fe-665e-390f-8b9b-efdc0b14a77c,Pearlene638 Towne435,F,GENERAL PRACTICE,161 JACKSON ST,LOWELL,MA,018522103,42.6425382,-71.3093946,23,0
cea9afdf-e401-31cf-beee-c6110575bb42,82c72223-f521-3a34-9b9b-4ff366365399,Margaret865 Reinger292,F,GENERAL PRACTICE,2100 DORCHESTER AVENUE,QUINCY,MA,021691870,42.2509914,-71.0037374,239,0
e25e70e6-3a85-3ded-a592-428093b337c2,b5e6f1bd-c744-3556-9775-5ff8399eea33,Hedwig986 Wiza601,F,GENERAL PRACTICE,2284 MAIN ST,CONCORD,MA,017423829,42.44300895,-71.42458458423982,28,0
178f10a4-f958-3e86-aeae-9cbc170d0e4d,7c625dc4-2593-31eb-95fd-6a912832b8bb,Ronny764 Braun514,M,GENERAL PRACTICE,980 WASHINGTON STREET  SUITE 124,DEDHAM,MA,020266704,42.228918,-71.18501264023513,6,0
f2c1647d-10b5-34b8-8b63-581e9e8c3b66,04b252db-4231-3cb5-963d-6f096fb4b97c,Lorie307 Grady603,F,GENERAL PRACTICE,1177 PROVIDENCE HIGHWAY,NORWOOD,MA,020625019,42.194543,-71.1994976,3,0
d7e300f9-7236-3d30-a9a9-e2e719c7969f,a94f4f6e-88ad-39ff-a935-dc87f13327b1,Carlos172 Wiza601,M,GENERAL PRACTICE,370 WEST STREET,LEOMINSTER,MA,014532073,42.535877150000005,-71.77537115047085,11,0
2718f932-3655-3e8e-80c7-259e141e96ef,94f6a3ae-7d8d-3cbc-a788-e400732da7e5,Ammie189 Kuvalis369,F,GENERAL PRACTICE,450 WEST RIVER ST,ORANGE,MA,013649603,42.5928702,-72.32953998953418,66,0
76094368-4d7f-396e-ab13-90e9eaddadb9,4bde4cbc-55f7-3501-90eb-2c88178c7be1,Mireya881 Nikolaus26,F,GENERAL PRACTICE,50 MEMORIAL DR,LEOMINSTER,MA,014532238,42.541995,-71.7628835,66,0
2e480362-a3f1-3d4c-9fa2-3bb4cb353754,e2eab39c-5195-34aa-b35f-e89e37cfed01,January966 Roberts511,F,GENERAL PRACTICE,55 FOGG ROAD,WEYMOUTH,MA,021893141,42.175539799999996,-70.9539153674405,7,0
643f96ef-c22c-3263-a02b-585396c55248,4fa8411f-42f8-3353-8947-bf15254c9dee,Lane844 Gutmann970,F,GENERAL PRACTICE,90 GREENWOOD STREET,WAKEFIELD,MA,018804039,42.476321150000004,-71.06922169005762,2,0
6e7f83a8-75df-32d6-be15-92718c80f363,940d491c-ad61-3bd3-9054-d6d884280934,Morton637 Huels583,M,GENERAL PRACTICE,321 CENTRE STREET,DORCHESTER,MA,021221112,42.29394375,-71.06005213312326,1,0
b5dd1126-e52e-325a-ae71-5c50b0a7925f,68503514-203a-3202-ac09-ea411c96caec,Teodoro374 Kovacek682,M,GENERAL PRACTICE,309 TEATICKET HWY,TEATICKET,MA,025365625,41.568302200000005,-70.59404025373951,37,0
58f23eea-77c4-3e4b-a2b6-e4eeb300d959,497f39dd-280e-3d58-af5b-c5e3a3a09b10,Randy380 Bergstrom287,F,GENERAL PRACTICE,27 PARK ST,HYANNIS,MA,026015230,41.65363635,-70.27352219234834,1951,0
8380297b-f7a8-3195-895a-15e2528ffddf,f2a6c4f7-f5b2-361a-95c4-3d635b352a46,Marshall526 Lynch190,M,GENERAL PRACTICE,546 SOUTH STREET EAST,RAYNHAM,MA,027671079,41.8984957,-71.03751432894776,6,0
4c388585-71e7-3194-9733-3646955a85a7,ed0c5b98-dc8a-3fc9-9856-61f1a1c75b11,Edwina60 Gerhold939,F,GENERAL PRACTICE,40 JULIO DR,SHREWSBURY,MA,015453010,42.29191827853838,-71.70343631978118,1,0
1f0db673-d093-307f-9634-16bc4bf0285e,6618f4ef-656a-347f-b61e-ed4d6c21763a,Reagan466 Greenholt190,F,GENERAL PRACTICE,231 SUTTON ST STE 1A,NORTH ANDOVER,MA,018451620,42.70554405,-71.12856345,43,0
0c18fa4d-21a9-372b-ac5d-e4e5e38fce97,390a2aa4-70b4-3a64-a12f-9bd777834c8d,Hunter736 Howe413,M,GENERAL PRACTICE,710 MAIN STREET,HARWICH PORT,MA,026461931,41.669654699920855,-70.06169919459835,166,0
bf9c8b47-76bd-36aa-a64e-bd1c26e07746,18a96051-91f4-3cba-af96-056ea14dfee0,Silva841 Grimes165,F,GENERAL PRACTICE,25 HIGHLAND AVENUE,NEWBURYPORT,MA,019503872,42.81369325,-70.89091645747592,21,0
f08c0d59-c7f4-3482-b242-58753fb77b87,07ae483b-b351-3add-8b05-afba832b88ea,Lanette41 Murray856,F,GENERAL PRACTICE,5 REDLANDS ROAD,WEST ROXBURY,MA,021321506,42.2879347,-71.15108161583282,12,0
b967f296-634b-3063-a4fc-496ca2d25d9b,a43fd704-ddbc-3f63-b3a0-e97c5d42ab5e,Alysia661 Bogan287,F,GENERAL PRACTICE,447 HILL ST,WHITINSVILLE,MA,015881016,42.1216837,-71.6715608,5,0
be30e0dd-3866-364e-a00c-acbd0bd08430,1bed5229-19d7-3168-94a2-f1f2abb00270,Allan198 Moore224,M,GENERAL PRACTICE,88 WASHINGTON ST,TAUNTON,MA,027802465,41.9062805,-71.09518121351795,89,0
a60dbe71-a08f-3171-9b70-3f00c3b74685,41e2a44c-477c-3511-96f9-12c476aa3b6a,Latoyia537 Lindgren255,F,GENERAL PRACTICE,85 E NEWTON ST,BOSTON,MA,021183553,42.336277100000004,-71.07085295687423,175,0
4a546476-bed1-3cd2-97e2-34f763e556e3,f00601d0-d49e-30ed-bc3e-314379f2103e,Mitsue965 White193,F,GENERAL PRACTICE,490 MAIN ST,MELROSE,MA,021763841,42.4550741,-71.0654799,52,0
b1a14e1b-1ddc-3b08-8525-dd278802ae5b,5b0cd0a0-f277-3a66-bee6-d64b5be4a3f5,Maryann106 Hintz995,F,GENERAL PRACTICE,725 NORTH ST,PITTSFIELD,MA,012015493,42.4600752,-73.2492795834909,61,0
09772d56-71b3-3188-8165-8b25ea514bf1,c8c30d67-e7cc-30ab-972d-28e97aff18a7,Jackie93 Emmerich580,M,GENERAL PRACTICE,100A WARREN ST,BOSTON,MA,021242012,42.3279429,-71.0831806,61,0
c8d1a4db-a761-3827-9eca-bf410080fb43,4956f573-3dc2-3a67-9692-2f57451744e6,Kathe603 Davis923,F,GENERAL PRACTICE,400 BOLTON STREET,MARLBOROUGH,MA,017523912,42.35966285,-71.55290125539051,2,0
48a64510-41fa-3e08-80c8-c3e5d48381e9,b44955d1-f0e2-3beb-a013-708a81dbe430,Ernest565 Runte676,M,GENERAL PRACTICE,680 CENTRE ST,WEST BRIDGEWATER,MA,023791600,42.0219112,-71.019004,77,0
a08e94ff-b65b-3a7b-b1d7-9000c6363376,ad2dab07-4f85-3950-baaa-7c7cd2aa770c,Elvira561 Ureña88,F,GENERAL PRACTICE,55 LAKE AVENUE NORTH,WORCESTER,MA,016550002,42.2774799,-71.76166994969458,5,0
a62d0777-bb2a-3ad7-ae01-0f53713133f8,18b1bb7e-2f93-3253-a7ae-d19c13ffeaa1,Patty600 Bashirian201,F,GENERAL PRACTICE,29 E 29TH ST,WEST NEWBURY,MA,019854201,42.8014795,-70.989778,66,0
24f16643-6653-3aea-a41e-040fe21ede79,67d2f85b-ddc7-3ed0-b90b-6fa5b7b8358a,Marshall526 Jenkins714,M,GENERAL PRACTICE,43 FOUNDRY AVE,WALTHAM,MA,024538313,42.37050535,-71.21908334877376,91,0
5984ac03-9b8b-3911-8839-5947b45c4343,1d45436f-15a9-326e-a452-2e9ffc9fc5e5,Odilia72 Mraz590,F,GENERAL PRACTICE,75 SPRINGFIELD RD,WESTFIELD,MA,010851832,42.111428849999996,-72.71189899299209,48,0
ab084154-e7bc-3206-a22b-db28d38aa281,1853aeef-5897-326a-80d6-aa4b0459eb6d,Kendra609 Kassulke119,F,GENERAL PRACTICE,381 WICKENDEN ST,ATTLEBORO,MA,027032247,41.9438129,-71.2806515,5,0
3cf73cc3-4c27-3319-86ee-fd8f9e568a80,f3030ee3-dfa5-3595-b684-9769e52a580a,Etsuko685 Torp761,F,GENERAL PRACTICE,88 MASONIC HOME ROAD  DAVENPORT BLDG  2ND FL,WEST SPRINGFIELD,MA,010891357,42.105237,-72.6213712,16,0
b8277355-c719-37ee-847a-a41fb2b00717,22fa6d28-92b6-3446-a388-f5aba50debaf,Adriana394 Cavazos163,F,GENERAL PRACTICE,123 CAPTAIN'S ROW,CHELSEA,MA,021504019,42.3917638,-71.0328284,9,0
c8dae921-c898-31de-be9f-52e13764e949,2ca615f3-87f7-3283-a447-d919a883b676,Isaias604 Dickinson688,M,GENERAL PRACTICE,1399 WASHINGTON ST,HANOVER,MA,023391653,42.1441354,-70.8440854,1,0
0a4dc2d8-fc5d-392c-b72e-d5e9a91721f9,c0a33465-d309-3d2a-932e-9d554a7cc19c,Veronika907 Rogahn59,F,GENERAL PRACTICE,100 CENTURY DR,WORCESTER,MA,016061244,42.3138278,-71.7707002,130,0
7818bc79-3661-305b-b1f5-0d03bbccf82b,7f32dd7d-5c35-3ddb-839b-8fbbb930d412,Javier97 Melgar516,M,GENERAL PRACTICE,863 CENTRAL STREET,FRAMINGHAM,MA,017014813,42.30758060362541,-71.42846215724606,1,0
dab4b3df-1ff5-37f8-b218-2714403a0e98,51d38e67-9350-39b8-bbb3-91cc879ae415,Millie392 Hoppe518,F,GENERAL PRACTICE,335 NICHOLS ROAD,FITCHBURG,MA,014201932,42.598254850000004,-71.80841914533654,11,0
fdabd720-4e6d-3039-b24f-4c92efeb56a9,80646050-1c76-3046-bbc8-fd5f0b7c34e6,Raleigh478 Hauck852,M,GENERAL PRACTICE,140 ARNHOW FARM ROAD,FITCHBURG,MA,014201369,42.5903661,-71.8119837,148,0
0662616b-c1cc-3196-b5e2-fe15465b51d8,0a689d33-2b0d-3942-8de8-e28812e91c69,Amalia471 Ceja441,F,GENERAL PRACTICE,47 SEAVERNS AVE # 5,BROOKLINE,MA,024463806,42.3317642,-71.1211635,33,0
27705b49-e977-3a14-877d-45e66aba93fd,e02d9c87-52cb-3f3c-9f97-fe95f260c437,Sheldon401 Hoeger474,M,GENERAL PRACTICE,321 MANLEY STREET,WEST BRIDGEWATER,MA,023791022,42.0338457,-71.05496436428572,8,0
c295e2d1-c614-3fb0-8314-d31c18f4fc34,bb867d36-0c8d-33b4-b19c-a8c026655b6c,Arnoldo445 Macejkovic424,M,GENERAL PRACTICE,200 KENDALL ST,SPRINGFIELD,MA,011042532,42.12161175,-72.57784860231564,1,0
c33601e4-9437-3f0e-89be-41cdfd3d9e7e,1b3fe590-8793-3f08-865d-01fc425a84d4,Mathilde204 Wintheiser220,F,GENERAL PRACTICE,1340 BOYLSTON ST,BOSTON,MA,022154302,42.34392675,-71.09888049065322,36,0
0428d7c9-271c-33c5-b94e-3694fb0b3c6c,3f12ebb4-e03c-3453-88d2-4fc9682383df,Irina619 Stiedemann542,F,GENERAL PRACTICE,726 COUNTY ST,NORTH DARTMOUTH,MA,027473603,41.6389926,-70.9703171,28,0
219016a7-80cc-3447-951c-3a4cc7fe40d9,9c9d017c-0a4d-3e03-9802-4d310ea05c71,Essie785 Schaefer657,F,GENERAL PRACTICE,70 FULTON ST,BOSTON,MA,021091402,42.362439499999994,-71.05377386223965,1,0
156e39ac-cf90-3a92-b047-1adb72511671,b014aec7-7bd8-351f-8808-3e280cbc5be6,Sergio619 Volkman526,M,GENERAL PRACTICE,70 EAST ST,HAVERHILL,MA,018306700,42.7777829,-71.0767724,233,0
e0cb363f-16b2-35b3-a489-caf083d98b2a,b3b56527-d366-3353-bca9-266a12f23051,Obdulia648 Schroeder447,F,GENERAL PRACTICE,60 QUAKER HIGHWAY,UXBRIDGE,MA,015691628,42.06100105,-71.62352848737622,16,0
223b0286-836a-3345-b76f-ae4e06e40ff4,f1664435-2eca-3eff-bd1a-13701e7ad1bd,Elvin140 Marks830,M,GENERAL PRACTICE,300 PASTEUR DRIVE,NEWTON,MA,024592058,42.3370414,-71.2092214,34,0
c07f2402-4f63-392a-9a84-c233178e9c43,125eccb3-d003-34ea-9bd8-360dff059782,Mickey576 Gerlach374,M,GENERAL PRACTICE,125 PARKER HILL AVENUE,DEDHAM,MA,020266146,42.2489143,-71.1755732,110,0
ba586255-5ad2-36ef-a27a-f169bf9196f0,b242f971-3c74-3778-b148-81366c1e6a3f,Jaquelyn689 Bernier607,F,GENERAL PRACTICE,10 CAREMATRIX DR,DEDHAM,MA,020266149,42.2270762,-71.17237295563174,151,0
e20f280f-1cce-3995-a85d-6fb45c3f6179,b93ffa11-ffab-3fe0-8c28-657817801192,Burt293 Berge125,M,GENERAL PRACTICE,9 MAPLE ST,WILBRAHAM,MA,010951730,42.150018599999996,-72.42537320933242,3,0
3bd8a766-75dc-38e9-aded-aaf4a026da04,aad05540-c9cb-3805-b3c4-f9b9d9b42b2e,Quentin28 Fritsch593,M,GENERAL PRACTICE,821 E MAIN ST STE 3,CHICOPEE,MA,010206306,42.155774795300516,-72.55672263289513,197,0
51a11c67-4617-355d-a18e-2e784d41925f,19a3afba-b409-3650-a0ab-f3faf6e391ef,Haywood675 Strosin214,M,GENERAL PRACTICE,199 REEDSDALE RD,WALTHAM,MA,024511433,42.3756401,-71.2358004,14,0
8b105604-f372-3385-bb74-44fab9e637d0,76b7dbb5-0a02-32a4-9a01-3511f7e45016,Jerrold404 Satterfield305,M,GENERAL PRACTICE,59 COUNTRY WAY,SCITUATE,MA,020663746,42.1806871,-70.74862935148246,2,0
78db6c86-bb1d-3456-8805-3aa0c3abdded,83a08dcf-7ed6-3d2e-afc0-a72c05d2563c,Thaddeus38 Stiedemann542,M,GENERAL PRACTICE,755 MAIN ST,HAVERHILL,MA,018302166,42.797835,-71.0878121,40,0
bb7ebe27-8c2d-3458-a347-f3cb74d64cc4,25c85bcc-7e25-36bc-89e8-08e0d473db23,Stephen891 Okuneva707,M,GENERAL PRACTICE,138 S MAIN ST STE 14,MILFORD,MA,017573272,42.1270746,-71.51639128815474,40,0
6356b05c-b9ea-33db-9b57-d294272db17e,c9aabcbd-d4e0-391f-8980-d0be6934ea82,Lindsay928 Leffler128,M,GENERAL PRACTICE,340 PLEASANT ST,BROCKTON,MA,023013236,42.08764334999999,-71.03287346676532,16,0
2be6be8b-e344-3d2c-a98b-cfaa0ccba311,2f5c26cd-be8d-351a-97af-23fbcaba0967,Jamal145 Casper496,M,GENERAL PRACTICE,36 CORDAGE PARK CIR,PLYMOUTH,MA,023607320,41.978323,-70.689036,4,0
92cbe03d-3177-30e9-9c74-6389fe0560a5,e68de1a0-767e-3466-b9a6-43948ee073d3,Simone657 Ratke343,F,GENERAL PRACTICE,160 WELLS AVENUE,NEWTON,MA,024593302,42.29337605,-71.19806353028767,4,0
290d95ae-ab82-3f00-8251-5056d4de6d29,d6c165ec-d9ca-35a5-9bc8-2061cbfb83a2,Stuart913 Lynch190,M,GENERAL PRACTICE,10 ADAMS ST,NORTH CHELMSFORD,MA,018631780,42.6389249,-71.3840196,4,0
26473386-b37e-32eb-af33-75691c7352b1,1cec4304-9757-3a10-ad4f-7e2090c56131,Eugene421 Rohan584,F,GENERAL PRACTICE,55 LAKE AVE N,WORCESTER,MA,016550002,42.2774799,-71.76166994969458,120,0
cc12bf29-999d-3758-bad6-149c37cc269e,5862e05c-9533-3f7a-8f73-215d50f5ee2f,Estell607 Barton704,F,GENERAL PRACTICE,1200 CENTRE ST,ROSLINDALE,MA,021311000,42.29768,-71.130463,696,0
7fd95dd3-ecd2-36e0-a936-d460faf95521,ec7e487e-7e78-3eac-a9ee-37f8de98a0f9,Sid118 Hammes673,M,GENERAL PRACTICE,277 WASHINGTON STREET,ABINGTON,MA,023512489,42.10060947239023,-70.94967338146704,5,0
60d760e9-ac90-3371-b796-edb3c31fd1c7,a5577e5c-b886-37a0-8eee-8ff6feb7ea6b,Leopoldo762 Keebler762,M,GENERAL PRACTICE,330 MOUNT AUBURN ST,CAMBRIDGE,MA,021385502,42.3741033,-71.13417575971958,245,0
3cba9f56-dab2-3027-b3b7-e29cee198c72,5581e43d-0463-3a0b-afc7-a60aea5ac96c,Benita195 VonRueden376,F,GENERAL PRACTICE,57 RIVER RD,ANDOVER,MA,018101144,42.69112645,-71.19636086287642,74,0
f71eddc2-5dba-3aab-976b-c5834f7f4150,ce9c1582-994d-32bf-835c-474a249d2804,Maude482 Veum823,F,GENERAL PRACTICE,275 MARTINE STREET  SUITE 104,FALL RIVER,MA,027231500,41.68393816525316,-71.1220830626733,2,0
2695e1c3-cb00-37d4-9882-06925a255424,6ea4d3d6-d820-387a-a3d1-ed5944ad47a2,Nicolasa738 Larkin917,F,GENERAL PRACTICE,232 PLEASANT ST,METHUEN,MA,018447152,42.7397562,-71.17113575205717,33,0
0ca508c0-47eb-3a7c-886c-82d5b073838a,5b20f93b-fde3-34e2-a878-729686a22042,Setsuko288 Strosin214,F,GENERAL PRACTICE,1 BOSTON MEDICAL CTR PL,BOSTON,MA,022151394,42.3554334,-71.060511,74,0
6acb0350-a298-33cb-80b2-9ef0c0876ded,4eddfa13-f996-3048-9bbc-541b0a29038a,Annelle169 Schmidt332,F,GENERAL PRACTICE,736 CAMBRIDGE ST,BRIGHTON,MA,021353601,42.348649949999995,-71.14799584850206,66,0
3922136a-2dfb-301d-849c-bcc775189111,845fbd9b-2d1c-39a8-8261-28ae40e4fab2,Sam879 Rippin620,F,GENERAL PRACTICE,14 PROSPECT STREET,UPTON,MA,015681431,42.1700209025178,-71.59409308099494,430,0
055925fb-0859-3e60-a96d-6abb202cb184,9ce6072b-d039-3cde-8eaf-950211b8ae88,Saul605 Ratke343,M,GENERAL PRACTICE,147 S MAIN ST,MIDDLETON,MA,019492446,42.585787222720036,-71.00861442427218,30,0
cc9b3ad6-f5b1-3abb-8b2f-0c4f77e61245,2576629d-4a1a-3a63-8c08-779cbd8ef98b,Andrés117 Venegas795,M,GENERAL PRACTICE,204 MAIN ST,ORLEANS,MA,026533428,41.78516795,-69.96772048551409,38,0
250275b6-d50b-3331-a2e2-0e71a5e45687,d4a03501-69f6-3a89-ac27-ed25976fdb6f,Clarence5 Hyatt152,M,GENERAL PRACTICE,25 WOODLAND ROAD,STONEHAM,MA,021801705,42.450448800000004,-71.09076944938434,10,0
68830adb-dd56-3d01-9073-0057f0c69f11,ecd3b321-0a8a-3ce6-81f0-982dd77fce43,Tracie996 Lesch175,F,GENERAL PRACTICE,25 HIGHLAND AVE,NEWBURYPORT,MA,019503867,42.81369325,-70.89091645747592,11,0
9fcefc27-a3a4-375d-b26e-59a77d6e30b0,a036cdf2-bbc5-3ffd-987f-56e437fd8b74,Shayne60 Gutmann970,M,GENERAL PRACTICE,265 N MAIN ST,SOUTH YARMOUTH,MA,026642083,41.680980000000005,-70.18292625685085,4,0
4f6c14d0-d354-3db4-a2b5-6fb0217cbd36,4f5e8f16-a31b-3071-8556-d7188ede313d,Barrett790 Wolf938,M,GENERAL PRACTICE,575 BEECH ST,HOLYOKE,MA,010402223,42.20105435,-72.628169560868,44,0
72a64034-6e87-31fa-bc3a-f8def0c02df4,69cb2157-b620-3c51-9c94-f516462d2d55,Anh979 Schroeder447,F,GENERAL PRACTICE,11 WATER ST,ARLINGTON,MA,02476,42.41642055,-71.15424293038585,54,0
9b1d9f8c-b0dc-30fb-80e1-a05caccb8636,ae3eab22-8868-37bb-9a59-2b8bfe14bf34,Minh326 Smitham825,M,GENERAL PRACTICE,2033 MAIN STREET,ATHOL,MA,01331,42.58522105,-72.20868129339888,226,0
71b24007-e849-34f4-b551-114b55214b15,071a898d-3535-39fd-bf61-d33301aacd04,Felicidad691 Luettgen772,F,GENERAL PRACTICE,104 CHARLES ELDRIDGE RD,LAKEVILLE,MA,023471370,41.8459353,-70.9494854,36,0
710e7711-5045-3c6e-bc86-a990a109acaf,41f66e18-8eb7-32f2-9371-7df5bf2b8d21,Lonnie913 Mraz590,M,GENERAL PRACTICE,170 UNIVERSITY DRIVE,GREENFIELD,MA,013011238,42.6097476,-72.5979752,35,0
62eab30d-8e58-3702-828b-da4ec8d9ed0b,a25107f7-f4f5-36fc-98e4-f3e1b5875c91,Tracy345 Wilderman619,M,GENERAL PRACTICE,1285 BEACON ST,WOBURN,MA,018012157,42.4979478,-71.1684508,8,0
a78f2a22-61a0-3bba-89cb-e5ae541b615d,0e6c3ad1-24c1-34cb-bb6d-e8438fa319e2,Eufemia350 Casper496,F,GENERAL PRACTICE,50 DODGE ST,SWAMPSCOTT,MA,019071300,42.4699241,-70.9171507,2,0
5ddbd0c3-eabf-37da-82b5-0a49e9475492,43ee6bb5-8efa-3bfc-8ca8-1579a5267753,Kristopher775 Roob72,M,GENERAL PRACTICE,235 N PEARL ST,BROCKTON,MA,023011794,42.09805395,-71.0609587194362,1,0
4344c2e7-54ff-32f1-8d07-19299298edba,3695125c-c052-3ece-898a-2a6448987ae5,Sean831 DuBuque211,M,GENERAL PRACTICE,2040 BOSTON RD STE 5,WILBRAHAM,MA,010951380,42.150295650000004,-72.47288272264812,9,0
56b6fca9-4e87-39ff-ab1a-0c8f476e5540,05fcf001-ab24-3d7d-85f7-f64942d82738,Nickolas58 Schumm995,M,GENERAL PRACTICE,250 POND STREET,FRAMINGHAM,MA,017014592,42.2838619,-71.4093719,12,0
e417d6cb-c875-308d-bb80-2356cb662ffa,b529b631-551f-3344-82e4-c58c8b3b1716,Xenia801 Hills818,F,GENERAL PRACTICE,135 ELLIS AVE,NORWOOD,MA,020623946,42.2071374,-71.1867275198222,2,0
bf33345d-911b-3601-851b-a031a4ff92a5,28d71598-85eb-3a0e-90c1-22e0be1af57c,Jodie811 Hermann103,F,GENERAL PRACTICE,38 MULBERRY ST STE 204,NORTHAMPTON,MA,010602832,42.35436315,-72.70256804599192,17,0
424854dc-11a4-34b2-9442-635835db95e3,7baecfbc-ac9c-3f96-9db7-6453ab224b73,Ken316 Kerluke267,M,GENERAL PRACTICE,675 MAIN ST,MELROSE,MA,02176,42.4586199,-71.0629807,18,0
7ab74539-c6d0-32cd-b218-ae6fb680c5b4,9adfae03-673d-365d-9052-f705098fa3e4,Sharilyn202 Wolff180,F,GENERAL PRACTICE,51 BLOSSOM ST,BOSTON,MA,021142699,42.36305545,-71.06643399281765,1065,0
6d5c2f70-b916-31df-867f-bc9ead234c9a,46912be1-43b9-3c0c-9fbd-3d123f2eacc6,Vernita491 Kutch271,F,GENERAL PRACTICE,821 DANIEL SHAYS HWY,ATHOL,MA,013316903,42.572540548950265,-72.2674105528448,4,0
364789a9-6cd4-310e-b922-0bbc65391010,25431f9a-00e4-36d8-9810-4125328eec50,Gregorio366 Marrero674,M,GENERAL PRACTICE,55 FRUIT ST,WALTHAM,MA,02451,42.3756401,-71.2358004,40,0
d120c179-34b2-3dc9-9a11-483cc9976440,01bde980-bf89-3138-8912-7360dff33247,Antonia30 Elizondo706,F,GENERAL PRACTICE,456 PARK AVE,WORCESTER,MA,016101254,42.25512735,-71.82580924803523,5,0
6d100fcd-98dd-3e70-9d9f-051ab50dfa56,217cb6f6-e822-3831-9d9d-ffa104971042,Cira533 Jakubowski832,F,GENERAL PRACTICE,2 REHABILITATION WAY,WOBURN,MA,018016003,42.46352265,-71.161925472006,175,0
1d926a6e-41ac-3123-a87b-701334194155,4e56c7ec-99e5-3023-8e4f-95ad18a03f06,Regenia619 Bosco882,F,GENERAL PRACTICE,28 RIVERSIDE DR STE 101,PEMBROKE,MA,023594947,42.11004715,-70.77534154695786,31,0
d2ddb310-bbb2-3233-95ce-4c5cf11d7322,e2a8b444-9b8f-36ff-84c4-05ee98589482,Elmer371 Gusikowski974,M,GENERAL PRACTICE,8 SHIPWAY PL # C-8,CHARLESTOWN,MA,021294301,42.3778749,-71.0619957,170,0
8962cae1-e7d8-33e8-8314-2dba0540090b,71f4c23f-7559-31ff-8f42-a672e80b85a2,Clayton230 Jast432,M,GENERAL PRACTICE,300 FIRST AVENUE,WESTBOROUGH,MA,015812831,42.2694308,-71.6129907,84,0
bfa97f86-ba5c-364a-b867-2f3a5fbbafa4,3517aff1-b163-3cd5-8fff-19710fcdc1b7,Brendan864 Cremin516,M,GENERAL PRACTICE,400 HEMENWAY STREET,MARLBOROUGH,MA,017526762,42.36006255767826,-71.5077613040944,2,0
f9efa4e0-4766-3ee4-bda1-b2472f42bb0e,121b0ad1-1beb-3caa-9271-3d3f726bb727,Kyoko885 Price929,F,GENERAL PRACTICE,1030 MAIN STREET,WALTHAM,MA,024517447,42.375828,-71.2527956,19,0
fb27051a-7d19-3880-976c-515c97cd95ed,0a2252ba-33de-322f-8f0a-e5b0141f1780,Hue920 Block661,F,GENERAL PRACTICE,632 BLUE  HILL AVENUE,DORCHESTER,MA,021213213,42.2941088,-71.0885355,53,0
07d031c3-e6f8-3748-a84c-cac829c48d0a,2fc3d86d-4194-3ad1-bb8a-99d5d34119a1,Delinda651 Krajcik437,F,GENERAL PRACTICE,300 CONGRESS ST STE 203,QUINCY,MA,021690907,42.2345525,-71.01493330273374,28,0
bd349f97-dc9a-30fc-82fa-95adbcdb2221,e1892a2c-6dca-3c4c-93b7-0e00a9eb8b61,Maragaret140 Erdman779,F,GENERAL PRACTICE,20 EAST ST,HANOVER,MA,023391638,42.1278249,-70.82664947485381,89,0
3c818d37-1ab1-3407-9fe0-392cb4ffcda6,67cade01-dcfe-37b7-8e2c-b712d9e6fbba,Alfredo17 Salas880,M,GENERAL PRACTICE,694 MAIN ST,HOLDEN,MA,015201862,42.3406819,-71.8390289,55,0
78d2caf7-672e-3350-98e5-597c6da1b79c,b954c464-11ea-312b-a3f8-1350775bfa54,Rupert654 Walker122,M,GENERAL PRACTICE,123 CAPTAIN'S ROW,CHELSEA,MA,021504019,42.3917638,-71.0328284,15,0
6f94cb28-a59d-3f00-aae6-48c6c8cff188,7cb70963-6f86-3eab-a12b-88deb31de793,Katelynn452 Ledner144,F,GENERAL PRACTICE,18 DANA HILL ROAD,STERLING,MA,015642414,42.4106904,-71.7976286731579,32,0
e817c638-6755-3890-952a-a1813944683e,95f6c328-96dd-3fb8-a56e-9aad566094b4,Milda157 Schoen8,F,GENERAL PRACTICE,4 STONY HILL ROAD,WILBRAHAM,MA,010951027,42.1552861,-72.48384800788648,3,0
79403b80-be09-3d4e-a4cd-6dc0ccb385f2,19f958ef-57cf-33c1-b068-14b32a980813,Aura483 Bruen238,F,GENERAL PRACTICE,155 BROADWAY RD,DRACUT,MA,018262754,42.67578279999999,-71.29320171860073,151,0
52e79bb7-7664-39d1-917f-7a775cfe021c,91808f17-7583-32a3-aa55-23b131b327c7,Jospeh459 Wunsch504,M,GENERAL PRACTICE,200 CORDWAINER DR,NORWELL,MA,020611671,42.16352995,-70.8846291501739,71,0
775d1d1d-99b5-30c9-89dc-f892e3906121,76baa51d-0d0f-359d-a07b-7b999a43d42e,Lincoln623 Gibson10,M,GENERAL PRACTICE,101 STATION DR STE 240,WESTWOOD,MA,020902336,42.20728361922244,-71.15698168263435,31,0
fc7cb2dd-ebc5-3711-944d-ba7e8777b87e,4d780f61-40cc-3bcb-822b-cb51d398966f,Benton624 Stiedemann542,M,GENERAL PRACTICE,5 GAMELIN ST,HOLYOKE,MA,010404080,42.1642525,-72.63755321877633,1,0
ecb37070-9078-3c70-9471-7763668747c7,53f086de-2fc7-3d35-92c2-aca4ed944e7f,Chang901 Kutch271,M,GENERAL PRACTICE,1 GENERAL ST,LAWRENCE,MA,018412961,42.7097143,-71.15007700778098,202,0
11c8f22f-06f4-3404-bea7-9d00df28bb5b,20f63278-6709-3195-b767-782d2a10bd5c,Stacee229 Krajcik437,F,GENERAL PRACTICE,640 CONCORD AVENUE,CAMBRIDGE,MA,021381116,42.389222000000004,-71.14799280677965,6,0
4972c475-31f9-3a0f-a85e-fd0ce9d49068,c709c5eb-ddd7-3778-84f7-0931a4d1c718,Carmelina668 Goyette777,F,GENERAL PRACTICE,1200 CENTRE ST,ROSLINDALE,MA,021311000,42.29768,-71.130463,2,0
9b07e103-cb94-3ddd-83e6-a878c61cd918,c05d73d0-b348-32ce-9fe5-13a720950f37,Abraham100 McDermott739,M,GENERAL PRACTICE,45 DRUM HILL RD,CHELMSFORD,MA,018241503,42.6255635,-71.3615131,46,0
912d3035-747e-39ce-a992-98ba57a57602,ac0fde88-b0ad-3388-a4a8-b8fc2a4f4af2,Bobbye345 Wuckert783,F,GENERAL PRACTICE,150 YORK STREET,STOUGHTON,MA,020729105,42.144646800000004,-71.09875876961266,27,0
4e68ef43-c70a-38ef-88c0-b7d750313a20,d70d47dc-b40c-3a04-8342-35cbfe716409,Lakenya863 Hilpert278,F,GENERAL PRACTICE,83 LITTLEFIELD RD,NEWTON,MA,024593010,42.3104327,-71.18883283411856,40,0
9645fb3b-3e40-3959-9dfc-40159a1d8fe6,0592d4e5-a0fb-3143-83cd-8e5a6b066a96,Mica978 Lemke654,F,GENERAL PRACTICE,20 EAST ST,HANOVER,MA,023391638,42.1278249,-70.82664947485381,157,0
52f0b1f5-6ff0-3545-813d-f20d07ba97f0,c67ca7ed-4769-3b6c-a0a9-993f1227ff10,Allen322 Veum823,M,GENERAL PRACTICE,1 BLACKBURN DR,GLOUCESTER,MA,019302237,42.6269312,-70.65555242413386,30,0
29644d9a-ccb1-30ef-a379-68e92713d290,6b9c5830-a278-38ff-887f-ccefd74cf8e8,Fawn386 Hettinger594,F,GENERAL PRACTICE,184 LINCOLN STREET,NORTH EASTON,MA,023561799,42.06665855,-71.11947646404934,1,0
f2f74690-9d53-3cf2-b291-b731295ed507,ba07b31b-bf14-39b8-be95-4c5ca5062daa,Kim439 Hyatt152,M,GENERAL PRACTICE,1575 CAMBRIDGE ST,CAMBRIDGE,MA,021384308,42.375209549999994,-71.10711344152975,68,0
44733a15-b015-3a9c-adac-cdcdb9dd12e0,6aae7a31-90df-3455-ad8d-81f8cf2d21e8,Damaris45 Funk324,F,GENERAL PRACTICE,680 CENTRE ST,BROCKTON,MA,023023308,42.0872752,-70.9910738855076,107,0
31237f5b-dfd2-39b3-b54c-eb46b82b57ab,14036728-b721-3e4b-8755-8ee8ab6ed15e,Rocky100 Schmeler639,M,GENERAL PRACTICE,625 MOUNT AUBURN ST,CAMBRIDGE,MA,021384518,42.375351,-71.1468628,33,0
