Id,ORGANIZATION,NAME,GENDER,SPECIALITY,ADDRESS,CITY,STATE,ZIP,LAT,LON,ENCOUNTERS,PROCEDURES
cbd9fc9e-ef7e-33fe-9155-1e6c2730d020,74ab949d-17ac-3309-83a0-13b4405c66aa,Ted955 Reilly981,M,GENERAL PRACTICE,881 Main Street,Fitchburg,MA,01420,42.586487,-71.80521,553,0
c0003f31-0fe2-3ffc-90a5-e10ba3dbb6de,faffaf6a-ee1a-3673-b0b0-421a9c249244,Gustavo235 Armstrong51,M,GENERAL PRACTICE,66 WASHINGTON ST,STOUGHTON,MA,020722571,42.14415820061801,-71.10378319512402,29,0
00d0d493-0c78-3660-bee6-43250337143c,17a4bae5-8b64-34d7-8144-b428be027bd0,Lindsay928 Ward668,M,GENERAL PRACTICE,512 MAIN STREET  SUITE 211,SHREWSBURY,MA,015456406,42.295109499999995,-71.71808471110307,2,0
fe326d8b-d450-3237-9176-8865ce200d0f,4112b8b1-59df-3255-a7ca-f42ee0a4cb2e,Nereida276 Feeney44,F,GENERAL PRACTICE,37 ROUTE 6A,SANDWICH,MA,025631801,41.766329400000004,-70.5147600346998,2,0
5bcd7f2d-3427-330b-a8a5-d21b9744dfef,e09d4c49-c2ef-3b0f-9a46-3719d9219306,Jules135 Emard19,M,GENERAL PRACTICE,60 HOSPITAL RD,LEOMINSTER,MA,014533290,42.54031915,-71.76312990486304,182,0
b8d61c20-8e8b-31ec-97e0-96eed6cb7c29,6fafb5d4-ecca-37ab-8d24-53036a8cbf1e,Wilber603 Nikolaus26,M,GENERAL PRACTICE,320 WEST CENTER STREET  2ND FLOOR,WEST BRIDGEWATER,MA,02379,42.016080599999995,-71.02601589317304,10,0
f7bbf43b-4c10-3d13-873a-91a6ec00c45a,aa682136-a4df-3942-9f50-e6fcee6c0b73,Bradley693 Runolfsson901,M,GENERAL PRACTICE,501 CORDWAINER DRIVE,NORWELL,MA,020611630,42.1647071,-70.88149077838713,13,0
84e6fb70-dd23-3130-a6f7-544c20e065bc,d2284f74-b6da-3a15-9791-84cdf2db18fb,Fernande593 Mosciski958,F,GENERAL PRACTICE,331 E FALMOUTH HWY,E FALMOUTH,MA,025366039,41.57853245,-70.5617374807812,78,0
4d31e1f9-09aa-3468-bbe8-2e59d5e0e9aa,2936ca90-6594-357d-be14-53fe0ab84dd1,Daniel959 Ankunding277,M,GENERAL PRACTICE,11 TREMONT ST,KINGSTON,MA,023641231,42.00823215,-70.72984043580247,58,0
d4757b57-1fb4-36fa-95da-ef7404699288,ab701a70-a658-340e-8f69-ee196a7d40c6,Bud153 Parisian75,M,GENERAL PRACTICE,484 RTE 134,WORCESTER,MA,016071728,42.2625621,-71.8018877,2,0
ce1f33cf-7828-3f73-9e8e-4ea0377ed34c,41e77ca4-b0d7-3c1d-ac88-4ae5a705913d,Wanita14 Pfeffer420,F,GENERAL PRACTICE,20 CLAFLIN STREET,MILFORD,MA,017573356,42.137601149999995,-71.51680334935877,1,0
e21b7b18-d199-3ca3-9318-80307d14a7f6,bee866be-d41f-3259-97b2-0e10331c6c16,Rosy219 Sawayn19,F,GENERAL PRACTICE,589 HIGHLAND AVE,NEEDHAM,MA,024942205,42.300873100000004,-71.22988027903574,1,0
ad5b3a91-b44a-3ccf-abde-f7f1d99ae480,4cf79e95-2815-3a4c-a3b8-951fe548dd27,Catalina187 Medrano332,F,GENERAL PRACTICE,20 ELM ST,PITTSFIELD,MA,012016502,42.4458896,-73.2448206979669,29,0
5c86b1d4-c3a9-3994-8748-b3c7aad02ccd,52ecddd8-42f6-35cc-88a5-cf474c02fb49,Cecil300 Fahey393,M,GENERAL PRACTICE,94 OBERY STREET,PLYMOUTH,MA,023602130,41.93725,-70.65503160208334,34,0
011726b3-74cf-36dd-8025-d7024eb8c30e,fa564970-fde4-332c-91d9-c0747b032d3e,Jennefer743 Hudson301,F,GENERAL PRACTICE,34 SOUTH LINCOLN STREET,NATICK,MA,017606049,42.2731232,-71.3105334275248,3,0
548f81cf-f40d-35ff-a195-fa3f304855cb,39104cad-5228-3e07-9b3e-3ad736b33d5d,Hilda552 Muller251,F,GENERAL PRACTICE,200 PROVIDENCE HWY,DEDHAM,MA,020261881,42.22214545274341,-71.18159060546684,38,0
317290dc-7059-3664-9fcc-cc8717548046,667b46fe-0afa-3f70-a311-bbe3d52db050,Mickey576 Borer986,F,GENERAL PRACTICE,757 BOSTON POST RD,WORCESTER,MA,016071728,42.231371,-72.165386,1,0
8cd97861-5bc9-33aa-84f9-9255f73a4358,a4af40b8-0ddb-34bb-ae4a-95a17e9ad6f3,Cristopher265 Heaney114,M,GENERAL PRACTICE,100 MYLES STANDISH BOULEVARD  SUITE 103,TAUNTON,MA,027807340,41.948930849999996,-71.14141318475193,1,0
1529a253-5692-3226-baaa-c16d3f650802,009f87f0-4bb6-350c-ba41-0b3235a7ca43,Delbert384 Tromp100,M,GENERAL PRACTICE,277 ELLIOT ST,NEWTON UPPER FALLS,MA,024641201,42.3134306,-71.2206105,1,0
6b8512f9-54af-3ee8-bec2-08e2969f36af,5fcff9db-16e4-3e56-aa78-abbc16338097,Marcus77 Schamberger479,M,GENERAL PRACTICE,295 VARNUM AVE,WESTFORD,MA,018863513,42.5792583,-71.4378411,212,0
53ef8156-b409-34a2-9b70-4503dde427d1,40c01d75-1542-3e0b-8e5f-78d3031beba1,Broderick767 Reynolds644,M,GENERAL PRACTICE,505 PARADISE RD,SALEM,MA,019704267,42.485927,-70.900301,29,0
f7d2e79c-a3b9-39fb-9960-c2be98659917,1ddd51d1-7297-3c3b-bad5-98aecd5e4a79,Dinah304 Kub800,F,GENERAL PRACTICE,127 CAMBRIDGE STREET  SUTIE #2B,BURLINGTON,MA,018033735,42.50188325,-71.19559351572005,3,0
11d799b9-dbc9-33e3-ad51-32aee23083a0,4cb90b5f-734d-322f-a2f2-776824e1ce35,Irvin970 Emard19,M,GENERAL PRACTICE,770 CONVERSE STREET,LONGMEADOW,MA,011061719,42.0639853,-72.5521444,1,0
1aa46d09-f1f4-3e6f-a349-099abc9584f5,c272e12f-e154-3fee-b05d-b7c0cab2657d,Trinidad33 King743,M,GENERAL PRACTICE,800 WASHINGTON ST,NORWOOD,MA,020623487,42.1886973,-71.2005241,71,0
c13ef0df-d73c-3789-a195-7c6a01eb257e,b66db758-a205-3227-9cfb-bf19d2c1962d,Jamal145 Stroman228,M,GENERAL PRACTICE,121 HARVARD AVENUE  2ND FL,ALLSTON,MA,021342702,42.35241825,-71.13220132573996,3,0
9aaaf197-5934-3358-9468-63c9ad1ea571,5fa5e611-be3d-3ebb-8f71-124325f6005f,Isiah14 Nikolaus26,M,GENERAL PRACTICE,480 ROUTE 6A,EAST SANDWICH,MA,025371438,41.742172,-70.45251,132,0
94438011-95ce-30e9-8ecd-e49c7a86cc8e,05137a62-1a8f-34ff-8baf-a0c35c238ea0,Colleen54 Olson653,F,GENERAL PRACTICE,750  ATTUCKS LANE,HYANNIS,MA,026011950,41.676027500000004,-70.29727035,6,0
06fdf128-b2df-3d3e-b2e7-fd735df10dcc,7b9a19b2-d900-3f93-a47b-4b88491fb57b,Tommy814 Witting912,F,GENERAL PRACTICE,308 KINGSTOWN WAY,DUXBURY,MA,023324647,42.030389650000004,-70.73959947632582,2,0
7f7b30da-6db9-3e47-b3bc-692322273859,a14e698d-a9ba-3eae-9c8b-682ec726433d,Germán350 Dueñas839,M,GENERAL PRACTICE,776 WESTERN AVE,LYNN,MA,019052408,42.466763,-70.9494939,125,0
f9f9c685-9e1e-33f9-ba1d-eb20082c90ae,69eae27b-7445-3652-bd34-b535abe0b011,Hong136 Schneider199,F,GENERAL PRACTICE,9 BICKNELL ST,QUINCY,MA,021696003,42.252227399999995,-70.96584679278924,59,0
431bfab8-c725-37b3-be2f-b78109f02277,dd9914b0-9491-3330-a890-d34e95e497ea,Taylor21 Haley279,M,GENERAL PRACTICE,1061 PLEASANT ST,NEW BEDFORD,MA,027406728,41.64280275,-70.92865004309593,121,0
da07a32b-3297-3974-895a-26a5f7ac6c20,4c1a8ea6-b690-3c28-a02e-ebd82190ee65,Hui924 Cronin387,F,GENERAL PRACTICE,885 WASHINGTON ST,BOSTON,MA,021111415,42.3479909,-71.064924,4,0
0c493386-5b48-312e-90a6-f3e416538fad,5ba6765a-f335-36b0-9c6a-6bb494c5330d,Clemente531 Schamberger479,M,GENERAL PRACTICE,31 OLD ROUTE 7,WESTWOOD,MA,020902333,42.2139873,-71.2244987,26,0
03b1ad2c-a760-3fb9-a8ee-81f5efb1ff0c,b6eeaaf7-1683-3bcb-b6ee-81ce304636ef,Zachery872 Pagac496,M,GENERAL PRACTICE,170 GOVERNORS AVE,MELROSE,MA,021763225,42.4564323,-71.064182,184,0
7c469433-4841-3209-ac99-634d524a1205,1c42af32-f17e-32ec-b007-4ff8e2de493e,Ivette731 Wunsch504,F,GENERAL PRACTICE,235 NORTH PEARL STREET,STOUGHTON,MA,020723396,42.1004556,-71.0668392,38,0
d3be9de1-3f59-3481-bfa0-527a9744c604,65eda534-1bdc-3192-8d02-1c3764447790,Alonso270 Hand679,M,GENERAL PRACTICE,1244 BOYLSTON ST,CHESTNUT HILL,MA,024672115,42.3214927,-71.1711481,33,0
33c28431-2c88-3b92-b302-904d32b828d0,d613e441-68e8-3502-8adb-3f770a1276bf,Emmaline88 Witting912,F,GENERAL PRACTICE,114 WATER ST,MILFORD,MA,017573007,42.13661855,-71.53474614336832,346,0
f2771218-6f95-357e-9378-c964f58abf02,de29a374-221b-3cb4-8051-a02c1a35e5b7,Gwyneth692 Marvin195,F,GENERAL PRACTICE,562 WASHINGTON ST,SOUTH ATTLEBORO,MA,027036942,41.912892049999996,-71.36135809627689,56,0
6806a0cc-e862-32ef-8a3d-ccbfde1fab68,469171e3-f6ec-3258-8e16-7038f6a439c0,Mireille557 Brakus656,F,GENERAL PRACTICE,COUNTRYSIDE DRIVE,MILFORD,MA,017571252,42.1413353,-71.5192019,11,0
7b9b48b8-2276-3f69-95fc-5d14ebbd1813,6da1fb82-e214-3226-b32c-e93faf0c3764,María842 Arevalo970,F,GENERAL PRACTICE,1 UNION STREET,LAWRENCE,MA,018401815,42.706184,-71.153288,2,0
6852b2ca-bf65-3245-9450-26f99860fdb3,1faab3d1-2ae5-3110-8e5f-c65b92ca906d,Theodore876 Ankunding277,M,GENERAL PRACTICE,29 LEWIS AVE,GREAT BARRINGTON,MA,012301713,42.19093125,-73.3715000043024,133,0
9ffd9778-5c0f-3bf4-9df8-926e6c006922,c64c848c-0315-3115-87fa-80c360bb6a73,Sondra191 Zieme486,F,GENERAL PRACTICE,142 BERKELEY ST,BOSTON,MA,021164608,42.3489076,-71.0721378,28,0
9196571e-f8a9-3672-95f0-5b9885bc7470,76281d34-caff-30e0-8545-bcdf33182109,Jewell855 Schmeler639,M,GENERAL PRACTICE,500 WILBUR AVENUE,SOMERSET,MA,027252051,41.72075205,-71.16843052114558,1,0
fad69e63-b49a-3143-ac10-9ab6b33964b2,b3ada130-6443-3a8e-98c7-4ec127a2b0c4,Ned189 Haley279,M,GENERAL PRACTICE,ONE GREAT ROAD,ACTON,MA,017205601,42.4850931,-71.43284,3,0
38461526-7e3b-3156-aaf7-0c88b4cdf90c,7489f6e0-fee6-3fff-90b6-444868eb907c,Kasey569 Rau926,M,GENERAL PRACTICE,1 KIDDIE DRIVE  SUITE 106,AVON,MA,023221182,42.130150349999994,-71.05720685110387,1,0
9553e7e4-6388-37ae-9d2a-77b6b8ac2fb6,1e11392b-1278-3e70-93cd-f396cbd0c265,Gerry91 Block661,F,GENERAL PRACTICE,115 LINCOLN ST,NATICK,MA,017607700,42.2843753,-71.3441395,411,0
e7afb91e-f5b6-3f98-be7a-28fc0d1538f5,fe30f2b4-9bc8-346e-afba-4455d1766545,Wilson960 Turner526,M,GENERAL PRACTICE,17 LAFAYETTE AVENUE,CHELSEA,MA,021502010,42.40019115,-71.03050082480353,13,0
6d463a25-b4ce-3521-bd1f-950b7fdc80f8,13161e5b-02d2-3d19-8b48-26ef0becfc83,Janet238 Crooks415,F,GENERAL PRACTICE,165 CAPTAIN'S ROW,CHELSEA,MA,021504019,42.3917638,-71.0328284,5,0
f303da94-28ca-3d82-91cf-006f60b915c5,4bc0cc09-77e5-37f5-844d-64a6637cae54,Ahmed109 Feil794,M,GENERAL PRACTICE,91 EAST MOUNTAIN ROAD,WESTFIELD,MA,010851801,42.110743549999995,-72.70066160206358,97,0
6f2aa39c-de51-33fa-b696-690067416f12,0fedae9f-701f-3317-9b2f-69aea2202cdc,Willian804 Batz141,M,GENERAL PRACTICE,88 EAST NEWTON STREET,WINTHROP,MA,021522715,42.3750976,-70.982827,60,0
434159f2-2067-33fb-a72e-3c110a73ba68,9043e647-568d-3e87-9fc0-756a416392d3,Deandre599 Hartmann983,M,GENERAL PRACTICE,27 CENTENNIAL DR,PEABODY,MA,01960,42.52388415,-70.9519832,16,0
37f2def5-e84b-3499-bfdf-51b5b1b2d98d,3e16ee4b-2dc7-3e29-ab5b-0ce980c362b1,Pandora807 Sauer652,F,GENERAL PRACTICE,1200 SUFFIELD ST,AGAWAM,MA,010012933,42.04892565,-72.63626743195428,1,0
3b193562-3bad-386e-bf93-3b3965feac9e,ccb716b1-277f-3eff-999f-3ac0df45713a,Genaro214 Boehm581,M,GENERAL PRACTICE,25 LAFAYETTE ST,MARBLEHEAD,MA,019451939,42.4938348,-70.87382362834484,1,0
199f3232-28ff-3364-8986-1b901a0eaf18,9ab139f5-d278-31b4-b44e-feffdea65613,Shayla126 White193,F,GENERAL PRACTICE,88 ROUTE 6A 101,SANDWICH,MA,025631866,41.764922,-70.502215,31,0
323fb46a-4e2d-3fd1-bc31-9a789cd6b1a5,a3327df4-d092-350b-b551-e60c82076c9a,King743 Predovic534,M,GENERAL PRACTICE,46 NORTH MAIN ST,W BROOKFIELD,MA,015853232,42.23754835,-72.13791547215251,49,0
9b0fd33b-2f13-382c-b9a0-045245415cc0,18764c6a-31fe-391c-80ac-6a5b761e06d6,Chadwick722 Doyle959,M,GENERAL PRACTICE,19 OBERY ST,PLYMOUTH,MA,023602129,41.94456995,-70.64966444737888,2,0
a2433568-81c4-3ef6-a5de-bba1f4e079d9,e59fb2d5-508c-38c6-af2e-21d8216dd2b0,Logan497 Fisher429,M,GENERAL PRACTICE,759 CHESTNUT ST,WARE,MA,010821625,42.256476,-72.237482,19,0
27abe1ee-879b-38f7-bdc4-eb4f8d4df060,7a3b8310-02eb-3c47-aa1b-3f55b3ed9de9,Jesús825 Benítez559,M,GENERAL PRACTICE,6 HATFIELD ST,NORTHAMPTON,MA,010602545,42.333172950000005,-72.6566355591273,1,0
bef84201-9526-33ff-80f1-7c6d7b82d157,ecadbc11-930c-3903-b706-f8ef4bc9089e,Erwin847 Baumbach677,M,GENERAL PRACTICE,780 CHESTNUT ST,SPRINGFIELD,MA,011031109,42.1211633,-72.60614164702717,49,0
3a3d9144-3d39-3d70-8c84-acba5c5e887f,0f9d1260-db33-3483-b2b6-5483cfcb739c,Lizette501 Lebsack687,F,GENERAL PRACTICE,361 WOODWARD ST,WABAN,MA,024682027,42.326011949999994,-71.2254251580706,20,0
08543a70-be4a-3123-96d9-b6cb9f70a78f,794b1cc2-97be-30a4-83a0-4bf6add43c74,Lillia547 Gutmann970,F,GENERAL PRACTICE,215 THATCHER STREET,BROCKTON,MA,023023949,42.0740963,-70.99660306096918,3,0
e87aa4ce-e725-32f9-90d4-19fa9315dde1,440fa4b8-c731-3cf5-81d9-aa3f30a37b95,Bennie663 Abbott774,M,GENERAL PRACTICE,41 & 45 MALL ROAD,PEABODY,MA,019602901,42.5278731,-70.9286609,10,0
ee6d722e-acde-3994-bad2-c3156f2029d1,0fab3c4e-a028-39a6-b15a-be5a88b6aa2a,Cletus494 Paucek755,M,GENERAL PRACTICE,222 STATE STREET,LUDLOW,MA,010563437,42.15547415,-72.47222226666076,139,0
8af8f0bd-ace5-3127-b147-2a61510f4df7,3b021cb6-4745-3d9d-8436-230055f770bd,Dusty207 Franecki195,M,GENERAL PRACTICE,148 CHESTNUT ST,NEEDHAM,MA,024943238,42.27728075,-71.23665362814043,56,0
524b161b-735f-3fbd-ab84-b2ff49a3fecd,ce53c877-0290-390a-b4b4-2462001a1713,Greg949 Hilll811,M,GENERAL PRACTICE,847 ROGERS STREET  SUITE 201,LOWELL,MA,018524345,42.6275246,-71.27673639687623,10,0
60c2ce1c-9a07-3d1a-a893-00fec9d13024,00ffb204-07b4-3c72-a678-fa252e6cf86c,Alex454 Satterfield305,M,GENERAL PRACTICE,450 BEDFORD ST,LEXINGTON,MA,02420,42.47370735,-71.25090005,31,0
cc1fcc95-fff5-3351-a881-36e0edb08b2b,ad82d624-72eb-3c7d-a76d-79f2668d1390,Mathew182 Howe413,M,GENERAL PRACTICE,3 WOODLAND RD,STONEHAM,MA,021801711,42.452443099999996,-71.08939988105112,49,0
772f59e2-5148-3d43-8d3e-df520919a806,70a26106-6797-39f8-83e6-6bcf212b99ad,Zackary401 Mohr916,M,GENERAL PRACTICE,340 MAIN ST,WORCESTER,MA,016081601,42.53616075,-71.74831883675786,23,0
ef28d6d7-dfe6-3397-8cec-da56c6833347,b8421363-9807-3b16-a146-95336eea5cfb,Cleveland582 Kuphal363,M,GENERAL PRACTICE,30 LOCUST ST,NORTHAMPTON,MA,010602052,42.33032115,-72.65330802608176,117,0
e9774128-d6b3-3a29-a8f3-537826928858,b8e724d5-b999-3029-8a2d-ad30fbd0b9ce,Dorris197 Rolfson709,F,GENERAL PRACTICE,63 MAIN ST,BROCKTON,MA,023014042,42.084598840000005,-71.01995972,28,0
e9146922-1338-3d9d-b687-6150351722a2,901c2d40-1ca3-3879-9a20-c663b8adc0a9,Chanelle850 Schuster709,F,GENERAL PRACTICE,800 WASHINGTON STREET,STONEHAM,MA,021802445,42.4863168,-71.0928919,88,0
0a9bd121-fb73-3c7d-bfbd-75f23bcbc74e,6170552c-4d27-3e64-8068-64a380f1837d,Jackelyn13 Pacocha935,F,GENERAL PRACTICE,76 SUMMER ST,HAVERHILL,MA,018305814,42.7786873,-71.07306505177553,24,0
96098a93-d4b6-35fd-83bc-2c7aa50bebe3,e6cc6043-299a-3581-8f6b-b3b5d62c46ae,Ellen406 Farrell962,F,GENERAL PRACTICE,532 SUMNER AVE,SPRINGFIELD,MA,011082458,42.08631583333334,-72.55792579166666,92,0
e220a82e-db76-3ab9-a4c3-31bfea8c52ca,b9e35b8a-9831-32d8-a6dc-d7a546c126b0,Domenic627 Blick895,M,GENERAL PRACTICE,111 HUNTOON MEMORIAL HIGHWAY  1ST FLOOR,SPRINGFIELD,MA,011092550,42.1018764,-72.5886727,43,0
44883dcb-a322-36b3-af79-042030f8dafa,2f735290-1603-31b5-b561-7c8e0d413170,Jolynn62 Adams676,F,GENERAL PRACTICE,100 FOXBOROUGH BLVD STE 230,FOXBOROUGH,MA,020352878,42.041851949999995,-71.23486657070565,20,0
18477f10-5816-3af8-88b8-46439fa85631,328f813e-4de8-3ec2-a113-43f3ddfb0b2a,Eldridge510 Roob72,M,GENERAL PRACTICE,30-40 WESTPARK STREET,BROCKTON,MA,023015241,42.0834335,-71.0183787,46,0
3f7aedb9-1550-39cc-93be-e1f21e928c77,dd3307db-114c-3f11-be44-a9eef6bb3fc5,Francis500 Ratke343,M,GENERAL PRACTICE,269 UNION STREET,LYNN,MA,019011201,42.4652772,-70.94362420273097,28,0
4c261463-0556-3948-a05c-6ebe5cb7f626,2e8b42f8-4300-30a9-a576-d513d1021a0a,Chris95 Haag279,M,GENERAL PRACTICE,600 CLARK RD,TEWKSBURY,MA,018761699,42.63120935,-71.27023603178071,30,0
07edfcc3-eab2-3984-b216-62afaba1aaab,1cff30ba-b91f-3ea2-b80b-770d67856358,Duncan491 Halvorson124,M,GENERAL PRACTICE,359 JONES RD,FALMOUTH,MA,025403341,41.5591273,-70.60352436630029,17,0
989777c0-9dbc-331d-9146-044ecbebf0b8,bccd7d67-203c-3d93-b6b0-bff5a146cd1d,Courtney281 Kihn564,M,GENERAL PRACTICE,286 WASHINGTON ST,STOUGHTON,MA,020721763,42.1384306,-71.1022598,17,0
1c15311d-f18d-372e-bdb7-ed2104dc2aed,63cb4d95-04a9-3a35-b5d9-f89e0377a48d,Thanh759 Weber641,M,GENERAL PRACTICE,211 PARK ST,ATTLEBORO,MA,027033143,41.9419187,-71.2752081695297,179,0
d33b027f-b47c-3368-a748-72f37c4560c8,6e290541-eba3-37fc-a3e2-e58f77e84c7e,Gregory545 Toy286,M,GENERAL PRACTICE,15 LENOX ST.,SPRINGFIELD,MA,011083122,42.085779,-72.55846414285715,33,0
ec4e03dc-a18a-3274-b3cd-be4c2be75d4d,263d1b03-1560-3fc3-b93d-c33a0cbd5837,Nam74 Treutel973,F,GENERAL PRACTICE,10 RIVERSIDE DRIVE  STE 201,LAKEVILLE,MA,023471689,41.8771119,-70.92344635,9,0
e4a5e342-b7d6-38aa-bb58-bfa32fcd84e2,19a65317-5d32-355e-8f82-88933d48366d,Wes853 King743,M,GENERAL PRACTICE,5 PRECINCT ST,LAKEVILLE,MA,023471468,41.8455651,-70.95195924208448,51,0
5b9c9b8a-5ca3-3f21-970e-0a4f7c783f37,844a8cb2-4164-35b2-88b8-dffa2889a738,Shemeka786 Conn188,F,GENERAL PRACTICE,150 UNIVERSITY DRIVE,AMHERST,MA,010022232,42.368937,-72.53247107203978,11,0
31333917-bafb-3659-afcd-6d7b5a7d0afd,52e42aa3-27fb-3298-a3ae-25529dfe6347,Kaley842 Mills423,F,GENERAL PRACTICE,85 BEAUMONT DR,NORTHBRIDGE,MA,015341093,42.15719035,-71.6521339767302,2,0
9f7f5f46-0867-396d-b2f0-7913ac3f68ae,c7542447-e06e-32cb-b6db-243c23a0dbc2,Carson894 Krajcik437,M,GENERAL PRACTICE,30 WARREN ST,BOSTON,MA,021353602,42.3501483,-71.14393324457691,5,0
e8e3d8c0-6d64-36b4-b9e6-363acc0bce37,50c47685-8125-3c50-8311-8bd7ba9e9108,Beth967 McKenzie376,F,GENERAL PRACTICE,4199 WASHINGTON ST,ROSLINDALE,MA,021311733,42.2871447,-71.1277526,32,0
8b552482-b8b1-3b96-9bd0-f3b67682ae09,aba3e6f6-4562-342e-b90f-dd61b117f394,Norbert530 White193,M,GENERAL PRACTICE,438 CHESTNUT STREET,SPRINGFIELD,MA,011072008,42.11291091861002,-72.59692685125127,20,0
25064b5e-ccee-37d3-a617-f710e0dde97a,ca8a919a-05f9-3687-bfb6-42800a70031e,Clair921 Flatley871,F,GENERAL PRACTICE,6111 OAK TREE BLVD STE 301,FRAMINGHAM,MA,017014613,42.3095704,-71.4413097,53,0
f7ca4555-a743-3553-9563-6f12c330f282,be509ccb-bfb7-3b87-8945-8426b689ef9d,Man114 Balistreri607,M,GENERAL PRACTICE,2049 DORCHESTER AVENUE,BOSTON,MA,021244742,42.3554334,-71.060511,5,0
c58ddccd-7106-35d7-a10e-47749a4bd5f5,065eba51-cef7-3976-8654-ba8e7df887ce,Lyndon118 Block661,M,GENERAL PRACTICE,1165 NORTH PLEASANT STREET,AMHERST,MA,01002,42.40927615,-72.52971238527101,2,0
1f1066c2-be2a-3ec4-84c8-3c0219cfbcd7,a06b1a97-d6ce-3ea1-ba4a-2ef85a8114ab,Kyle55 Goyette777,M,GENERAL PRACTICE,400 GROTON ROAD,AYER,MA,014321171,42.57821195,-71.5733060441645,9,0
850e29d0-1cdc-3639-8d8b-0a0ab6b2b309,f8918a95-31e8-3ac4-8d12-29ca6080ebda,Rudolf736 Vandervort697,M,GENERAL PRACTICE,199 REEDSDALE RD,MILTON,MA,021863926,42.251368299999996,-71.0768393856917,33,0
4b938902-093c-3b85-b609-bd890c9eb339,8d5880eb-1dd8-31ea-b7c5-21709f3bb341,Nicholle822 Satterfield305,F,GENERAL PRACTICE,50 ROWE ST,MELROSE,MA,021763201,42.4592093,-71.06078096379728,70,0
23f2a311-940e-3ef6-ab19-ffb796f92c98,ca9ee1b8-abeb-3b62-a017-8839fbe10847,Anika194 Miller503,F,GENERAL PRACTICE,172 LAWRENCE STREET,LAWRENCE,MA,018413849,42.7138132,-71.1639172,1,0
bb8d135f-c6d6-3e9b-9344-4a1f82e3262d,3ff0f58b-7a1f-3334-9449-ff15f68b7d86,Winston220 McCullough561,M,GENERAL PRACTICE,275 SANDWICH ST,PLYMOUTH,MA,023607761,41.94186605,-70.6455366462985,820,0
d58e5c71-70e2-30ec-9cf7-971e56c4d11c,dd280187-8662-3732-af81-595d10572911,Clifton91 Lakin515,M,GENERAL PRACTICE,4499 ACUSHNET AVE,NEW BEDFORD,MA,027454707,41.74026055,-70.9450945705336,780,0
35aec726-5cd6-31a6-89a8-f3448aeda25e,a6964d47-8af0-3df2-b99d-d8414eb1cfa3,Reggie481 Schiller186,M,GENERAL PRACTICE,200 MAY ST,SOUTH ATTLEBORO,MA,027035520,41.924394750000005,-71.36076410900014,65,0
514d2b12-0489-3a10-a8f1-0460e1a8e5ca,004554b4-3068-3938-832d-fa7cbe1cd1fb,José Luis472 Rosales49,M,GENERAL PRACTICE,25 STONEHAVEN DRIVE,WEYMOUTH,MA,021903951,42.1589443,-70.94970431672323,10,0
e07f0c3b-d90c-3f6e-bf0c-64d30b04453a,b7b02632-03e1-330a-aa40-fdee22899633,Corie618 Cormier289,F,GENERAL PRACTICE,840 HARRISON AVE,ROXBURY,MA,021203432,42.3279605,-71.0830607,37,0
7903eb56-9381-3383-aac0-4fbd5c9d549a,63b4f233-fb49-3b1e-a17c-2d572367b131,Jerry654 Baumbach677,M,GENERAL PRACTICE,2222 CENTRE STREET,WEST ROXBURY,MA,021324034,42.27370345,-71.15856364656862,3,0
d1aa3493-866d-3e30-93e0-87ff00a40f56,9d989fcf-4ad9-3972-ada3-f275d967781e,Dominic463 Miller503,M,GENERAL PRACTICE,100 TER HEUN DR,SANDWICH,MA,025632377,41.7579043,-70.4968152,784,0
78776876-c779-3467-b5c1-0e542f4863ba,87472bc2-7c23-37cc-8355-7f3e88614b6b,Leilani136 Kris249,F,GENERAL PRACTICE,305 MAPLE STREET,EAST LONGMEADOW,MA,010282765,42.059258494749486,-72.53388585052694,10,0
6954071f-9144-3768-9630-727e3778ad21,b69bccdc-5ad3-3ded-a018-3cd8f369c9d2,Marleen824 Ziemann98,F,GENERAL PRACTICE,120 S MAIN STREET,CENTERVILLE,MA,026323246,41.649898300000004,-70.34309844876677,3,0
c1ff7ad1-4708-3fcb-bd1c-09e40472cbb8,af3871c3-2098-3051-bcb7-8a919e194a16,Sherwood961 O'Conner199,M,GENERAL PRACTICE,97 LIBBEY PKWY,WEYMOUTH,MA,021893110,42.19322885,-70.94589987654936,59,0
62724d65-9276-30bb-b8f6-c579feea363a,542185c1-943a-30f4-aba0-0efaa92488a4,Luetta803 Rau926,F,GENERAL PRACTICE,142 LAKE ST,ARLINGTON,MA,024764738,42.40328885,-71.15140830652837,11,0
5379d8bf-b67c-3dc2-b509-4b8049c99460,a2cc09de-c1e2-3126-8c09-d49f95225281,Cristi782 Leannon79,F,GENERAL PRACTICE,300 LONGWOOD AVE,WALTHAM,MA,024532741,42.3756401,-71.2358004,4,0
d7eecf91-b2e6-39da-b613-61647f9d7f52,9f2f60a6-87a4-3f45-b753-b63b5b7e9993,Raul814 Considine820,M,GENERAL PRACTICE,332 HANOVER STREET,BOSTON,MA,021131901,42.3647421,-71.0536619,82,0
f73d1e08-1732-3f5a-b486-f306f41eb674,f341c366-8313-3790-ab26-d8d27b116ff5,Augustine565 Greenholt190,M,GENERAL PRACTICE,80 LINCOLN STREET,WALTHAM,MA,024535465,42.39322121170625,-71.24104146434591,29,0
ce70fc17-472c-32e9-aed3-81cc2a819636,0519b293-2e92-3eb3-aeef-233da0babc93,Juan88 Friesen796,M,GENERAL PRACTICE,40 PARKHURST ROAD,CHELMSFORD,MA,018241511,42.6198215,-71.36189212971482,6,0
06adcbed-1959-3a6b-b3e2-636f2cdd96db,4ffc4e4b-9d8d-3c30-ad84-fc9a7209da94,Troy560 Carter549,M,GENERAL PRACTICE,4525 ACUSHNET AVENUE,NEW BEDFORD,MA,027454727,41.74080975,-70.94731021257817,8,0
cfc4abf9-0373-3404-bb3c-e1e3847e7d83,bebc1dac-6c42-3225-b0ba-23278cdf2a62,Antonia30 Hackett68,M,GENERAL PRACTICE,464 MAIN STREET,AGAWAM,MA,010011826,42.07695165,-72.62026217030348,13,0
727a1aa7-063f-3b5b-91d4-d4ada1c7ed22,ce4d0501-49eb-396a-bc56-545fdfc624b0,Bea654 Daniel959,F,GENERAL PRACTICE,1 HOSPITAL RD,OAK BLUFFS,MA,025571406,41.46063105,-70.57989080295974,1418,0
bc8d2f94-3f2c-3ad2-914a-9bd044f4de1a,e69e7cbb-8362-30d1-83f2-3a0c492fe2b1,Isaac321 Kub800,M,GENERAL PRACTICE,110 LONG POND RD,PLYMOUTH,MA,023602642,41.9255829,-70.65514326847389,268,0
292c7f72-c51e-33e4-b423-b6399a051baf,06cc2462-430f-3322-9c87-7e971125f510,Bryon392 Mann644,M,GENERAL PRACTICE,133 OLD ROAD TO 9 ACRE COR,WESTFORD,MA,018863198,42.5792583,-71.4378411,126,0
fa5ca5b9-ae0f-3a2e-b267-7a8976f21a90,98bf9e06-f827-310f-8022-35ee33686f76,Ilana185 Torp761,F,GENERAL PRACTICE,204 PROCTOR AVE,REVERE,MA,021514923,42.41420445,-71.0184707933218,2,0
725b102d-adea-38cb-8afa-bb667d66813d,dfc0bac0-55a9-3f25-b0e3-78f9f586560c,Wade235 Windler79,M,GENERAL PRACTICE,444 STOCKBRIDGE ROAD,GREAT BARRINGTON,MA,012301295,42.22088152406833,-73.34280352682327,32,0
afcd1504-ac78-3cd5-85e6-f6a36d3aae97,ee7fab6f-6438-394f-b1f2-3e452f8f055a,Trey250 Satterfield305,M,GENERAL PRACTICE,75 BRIMBAL AVENUE,BEVERLY,MA,019156009,42.570099299999995,-70.87108224250409,5,0
2428ef7a-a445-38b8-adea-87a28f3f2e23,907b1d2f-2bf8-31b5-abc2-14d6b75faa96,Ellis535 Ernser583,M,GENERAL PRACTICE,340 MAPLE ST,MARLBOROUGH,MA,017523200,42.3358161,-71.54106510218209,53,0
a770f729-74f2-3ff1-ab1e-6f4a1750a1ec,880fad59-9c38-3a21-a39f-ccc801502ab3,Halina47 Pollich983,F,GENERAL PRACTICE,799 CONCORD AVENUE,CAMBRIDGE,MA,021381048,42.390849395521705,-71.1556550001627,1,0
f95b8db5-bce2-39be-b46d-5e311e6e5dff,352f2e3b-0708-3eb4-9f7e-e73a685bf379,Araceli695 Willms744,F,GENERAL PRACTICE,157 UNION ST,SOUTHBOROUGH,MA,017721215,42.3056501,-71.5245087,215,0
e0534950-fb9f-3507-b288-653dedd1fcaa,a2d45ee8-b930-3169-b612-f602961ad212,Florance664 Leannon79,F,GENERAL PRACTICE,37 MINUTEMAN WAY,SHREWSBURY,MA,015452229,42.288207,-71.73443816915585,28,0
013500ef-c182-3a3c-b557-395f642b8934,0fa1cab9-83c1-3c85-b7bc-53d8b922e2f7,Annita733 Frami345,F,GENERAL PRACTICE,115 LINCOLN STREET,WORCESTER,MA,016081216,42.2768165,-71.795274,1,0
a7b2b54a-166b-3acd-adc0-c4bcfe643c1a,817f4acb-0184-3146-9ce0-87197d8f115a,José Emilio366 Molina998,M,GENERAL PRACTICE,30 NEWCROSSING RD STE 301,READING,MA,01867,42.51809619399502,-71.0959083715027,24,0
2d25e24d-41c5-3935-af7b-c63052b5dd44,4887dc20-9ef6-3cc2-9c56-858388049a50,Renato359 Kertzmann286,M,GENERAL PRACTICE,168 WEST CENTRAL STREET,NATICK,MA,017604122,42.282113100000004,-71.37898579435048,8,0
dcf7e956-cc45-3d4e-911a-132f4a40a92b,10ffe7b1-2f94-3f12-9288-679da05a1ec9,Odessa199 Hintz995,F,GENERAL PRACTICE,133 LITTLETON RD,WESTFORD,MA,01886,42.57056335,-71.41736646422413,78,0
5e339d00-24b3-3058-9ca7-f49219a60188,d0894f6b-78d7-338d-82ad-b63de4d40014,Dewayne363 Lemke654,M,GENERAL PRACTICE,330 MOUNT AUBURN STREET,WALTHAM,MA,02452,42.3756401,-71.2358004,104,0
8de77fcd-f406-3b85-b951-7e1c2d0eed93,3d5fbf38-c781-3e04-8c7e-5a402611b7d4,Vito638 Barton704,M,GENERAL PRACTICE,260 ELM ST,SOMERVILLE,MA,021442951,42.3955992,-71.1227391,35,0
8831de50-006d-397f-91a1-82919cb008d9,f43f97f2-af04-3ed0-a42e-3681718cc9b2,Dorcas534 Quigley282,F,GENERAL PRACTICE,725 NORTH ST,PITTSFIELD,MA,012014109,42.4600752,-73.2492795834909,11,0
227b25d2-6c4d-310d-958e-413b17e1605c,2f67494e-f17e-3248-ba68-3ca42913cca1,Majorie11 Bergstrom287,F,GENERAL PRACTICE,184 MAIN STREET,FAIRHAVEN,MA,027193259,41.646106,-70.90865208079187,8,0
a46adb1d-a97b-315e-a1f1-e7018d81582e,52efa2e5-007f-3396-a83a-28ca015f0595,Walton167 Turner526,M,GENERAL PRACTICE,20 N PARK AVE STE 2200A,PLYMOUTH,MA,023604090,41.960434631488596,-70.67007876763536,6,0
f7a83c69-0a7c-3ff4-a018-4dee9038136f,ba5db88e-396b-39a6-9a0a-e9791bc709b7,Carmelia328 Olson653,F,GENERAL PRACTICE,80 ANDOVER ST,ANDOVER,MA,018105606,42.6390425,-71.15835003183432,1,0
ba952cbd-7d59-3bc2-838c-d7eea64479c2,edd58f69-ad5f-346b-b1f9-530ccdc895f6,Shawn523 Padberg411,F,GENERAL PRACTICE,52 CARPENTER ST,ATTLEBORO,MA,027032472,41.9369576,-71.27996091755344,75,0
15b25291-708c-3312-a96e-c85ddcb2dcce,94ac48ba-e215-3ab9-ba88-a0b926d29cef,Nerissa37 Hahn503,F,GENERAL PRACTICE,300 WINTHROP STREET,MEDFORD,MA,021552311,42.421527,-71.11834,7,0
6f49baf9-b6d7-31ed-892e-99e20c2c052f,0334ad53-5d57-384e-a411-63b075139c06,Silas208 Stamm704,M,GENERAL PRACTICE,66 CENTRAL STREET,EAST BRIDGEWATER,MA,023331913,42.03160525,-70.9572577506426,9,0
2d3c8a2d-e822-3720-8fe2-37774b90803c,48a6d3ab-50ef-349e-8945-2558a78f378e,Mercy752 Kuhlman484,F,GENERAL PRACTICE,795 MIDDLE ST,SWANSEA,MA,027774114,41.730919,-71.208117,37,0
86246339-10d2-30fe-beaf-b1b2e29636d5,0a8a4b11-d0b8-3cd2-92cd-983de5189cfa,Angelena945 Nicolas769,F,GENERAL PRACTICE,111 BIRCH STREET,LYNN,MA,019021574,42.47859105,-70.93458444045801,42,0
326c3a08-8927-3b1a-9dbb-b9a3185b0ce5,7b7ce654-a413-37d1-9d34-97240c0ac580,Liberty95 Kihn564,F,GENERAL PRACTICE,1 WRENTHAM ST,BELLINGHAM,MA,020192532,42.025037350000005,-71.48945118224057,32,0
dded3975-6293-36cd-8cdf-181418de84a5,95b01a7c-e16a-37d4-b354-c404baa00203,Foster87 Gibson10,M,GENERAL PRACTICE,290 SOUTH STREET,PITTSFIELD,MA,012016824,42.440485002637104,-73.25677853480586,3,0
c5938844-eb8a-3402-853b-5c51c9705f55,929528f5-8239-36c7-aacb-39424ede9cc5,Enola75 Schinner682,F,GENERAL PRACTICE,40 SUNSET AVENUE,LENOX,MA,012402018,42.35951405,-73.28778674276077,7,0
e8fd7ce4-b038-31f3-9941-63fa0d218976,7b20d1c4-c56b-3647-801c-5e4e13679073,Mozell819 Prohaska837,F,GENERAL PRACTICE,275 SANDWICH ST,PLYMOUTH,MA,023602183,41.94186605,-70.6455366462985,85,0
e4b319c4-1d42-3eb1-8fdf-20c65eb5d413,3e97ce4f-3ad7-3cea-883f-e2bb4ca89d83,Dan465 Swift555,F,GENERAL PRACTICE,30 NEW CROSSING RD,READING,MA,018673270,42.51809619399502,-71.0959083715027,10,0
c28df4d3-beb9-3438-b844-dd3f73b0ff20,c0132cf6-1703-3aad-89b4-cc2f2bbc123e,Neville893 Schoen8,M,GENERAL PRACTICE,66 NEWTON STREET,WALTHAM,MA,024536058,42.3746705,-71.22789736306842,2,0
f3d9a3f5-7bd0-3283-b354-bb06f46b2423,4f59f709-8b84-3d27-a04b-c6b7b5544413,Natividad796 Davis923,F,GENERAL PRACTICE,70 BOLTWOOD WALK,AMHERST,MA,010022271,42.3768779,-72.51840280783739,96,0
b6b051d6-e098-323a-afc3-3eae6da76f5b,552ede7f-2ba4-39ef-9217-29d27b89b8a7,Gordon377 Reichert620,M,GENERAL PRACTICE,87 SHATTUCK STREET,HAVERHILL,MA,018302319,42.796917699999995,-71.05216081525802,1,0
daeb34e1-2f61-32b3-907e-8fe386cf4d0b,cc400ddc-c38d-3604-8d89-cea21555719f,Irene779 Kirlin939,F,GENERAL PRACTICE,87 CHESTNUT ST,NATICK,MA,017603644,42.293559188306446,-71.35158050924959,80,0
15c435fa-dce8-3a59-a007-f9754a64917b,51370692-6296-3150-8672-559fc73f964f,Almeda560 Okuneva707,F,GENERAL PRACTICE,75 FRANCIS ST,WEST BRIDGEWATER,MA,023791542,42.0219112,-71.019004,143,0
8e4a189f-832b-397f-b117-09bf9a97e3c3,10dcd91e-6eda-385b-bafb-d5e1ae92dc34,Adolfo777 Abernathy524,M,GENERAL PRACTICE,677 W MAIN ST,HYANNIS,MA,026013493,41.652312699999996,-70.32027525205335,43,0
01e6a217-cdb2-32ee-9786-a93d9aac25bc,c6b019eb-28ec-36f6-abf3-bcc4d1d58966,Sherwood961 Aufderhar910,M,GENERAL PRACTICE,33 AVON ST,WAKEFIELD,MA,018802310,42.50403445,-71.07462951514611,35,0
ebb16fe7-0e13-3ec8-ab88-4c00ec9b0c33,b5b380d2-df21-3389-abf0-08551c7e1f2d,Ricardo560 Lara964,M,GENERAL PRACTICE,85 PATTON RD,DEVENS,MA,014344401,42.5304204,-71.61505519305638,11,0
e39fbd8f-5b29-3063-9993-19c3310557e3,31e00f85-6909-3d9f-afc6-5ae507ab0c06,Josephine273 Collier206,F,GENERAL PRACTICE,382 GROVE STREET,BRAINTREE,MA,021847324,42.189369400000004,-70.98451984814267,34,0
9bc07a12-b903-3851-9bf5-01e81d5ae2fc,dd8f40be-2c90-347a-abf6-c07a5ad4148f,Kirstin394 Bashirian201,F,GENERAL PRACTICE,105 CHESTNUT ST,NEEDHAM,MA,024922520,42.2784618,-71.23770041644639,60,0
cabb64bd-fbdc-36ec-9eca-39642f108904,06376cbe-4880-384b-b459-7ce3eef36ced,Cody889 Ratke343,F,GENERAL PRACTICE,387 QUARRY ST,FALL RIVER,MA,027231026,41.6932713,-71.1402431739568,30,0
2aaedcbf-b1bb-3cf5-b751-09bc5afac769,b3312a2d-37e9-35a8-b50d-6c165c437baa,Lorretta561 Reinger292,F,GENERAL PRACTICE,45 DIMOCK ST,ROXBURY,MA,021191029,42.32030665,-71.09721114916246,6,0
ef7915e1-74a3-363f-9037-c602886f45e1,2836d9ac-c6a6-39d1-8f13-fdf0fc8928f4,Alysha630 Koch169,F,GENERAL PRACTICE,365 EAST ST,TEWKSBURY,MA,018761950,42.6069472,-71.2180803,304,0
e00e84f5-9c27-3fe8-9fa1-77e833b94435,82c72223-f521-3a34-9b9b-4ff366365399,Shon148 Reinger292,M,GENERAL PRACTICE,2100 DORCHESTER AVENUE,QUINCY,MA,021691870,42.2509914,-71.0037374,99,0
79271320-636e-3737-b1f2-926860728e3e,04b252db-4231-3cb5-963d-6f096fb4b97c,José3 Menéndez746,M,GENERAL PRACTICE,1177 PROVIDENCE HIGHWAY,NORWOOD,MA,020625019,42.194543,-71.1994976,3,0
c0ce3045-453c-3b0a-a02d-2bd07e512686,a94f4f6e-88ad-39ff-a935-dc87f13327b1,Carlos172 Wiza601,M,GENERAL PRACTICE,370 WEST STREET,LEOMINSTER,MA,014532073,42.535877150000005,-71.77537115047085,3,0
94bbd02d-c2dd-3f69-a1ae-0878847f1cb0,94f6a3ae-7d8d-3cbc-a788-e400732da7e5,Norma469 Ramón841,F,GENERAL PRACTICE,450 WEST RIVER ST,ORANGE,MA,013649603,42.5928702,-72.32953998953418,61,0
0c0188c1-24f8-35f4-bf13-b23c3d1eed00,4bde4cbc-55f7-3501-90eb-2c88178c7be1,Mireya881 Nikolaus26,F,GENERAL PRACTICE,50 MEMORIAL DR,LEOMINSTER,MA,014532238,42.541995,-71.7628835,28,0
c8367d70-a735-3405-9ce2-40e174ab5d1a,e2eab39c-5195-34aa-b35f-e89e37cfed01,January966 Roberts511,F,GENERAL PRACTICE,55 FOGG ROAD,WEYMOUTH,MA,021893141,42.175539799999996,-70.9539153674405,225,0
8a69562c-8a2e-3187-b058-a4ab8e5a131c,4fa8411f-42f8-3353-8947-bf15254c9dee,Jess275 Gutmann970,M,GENERAL PRACTICE,90 GREENWOOD STREET,WAKEFIELD,MA,018804039,42.476321150000004,-71.06922169005762,3,0
5385426d-1a38-37a9-92b5-38be196a1eeb,a977feef-f585-3fa8-8deb-7e60fc2cab30,Kimbra238 Schulist381,F,GENERAL PRACTICE,2314 MAIN STREET,TEWKSBURY,MA,018763128,42.58023655,-71.19367180835906,18,0
f1d4b6d7-7c16-3d67-9cb1-e9bb7834384f,1de7e7d9-9a7a-3a3f-bf4c-b4de450711f2,Vince741 Morissette863,M,GENERAL PRACTICE,198 LITTLETON RD,WESTFORD,MA,018863429,42.564282,-71.42620615382347,12,0
77deefa3-4438-336c-82a4-38f1e6635bc7,4705a8fd-19cd-32c1-8b3e-34bcfe84d0bd,Jimmie93 Mayert710,M,GENERAL PRACTICE,55 N WASHINGTON ST,NORTH ATTLEBORO,MA,027601607,41.983529,-71.332241,31,0
ba53cf8b-d231-3b70-b269-9d4a2f993aa2,497f39dd-280e-3d58-af5b-c5e3a3a09b10,Arden380 Bergstrom287,M,GENERAL PRACTICE,27 PARK ST,HYANNIS,MA,026015230,41.65363635,-70.27352219234834,121,0
bf931cfe-4db9-3ff8-bc73-4fc4e960b275,578b56de-fe9c-32e1-aea4-876f8bc01e9c,Agnes294 Dooley940,F,GENERAL PRACTICE,49 HILLSIDE STREET,FALL RIVER,MA,027205211,41.707406500000005,-71.14593659462452,54,0
d7fbaef0-3e54-3d4c-b04b-af284ef2f0c8,accb8cdd-6560-3fef-b0a6-f12c3295026a,Kerrie266 Bergstrom287,F,GENERAL PRACTICE,969 PARK STREET,ATTLEBORO,MA,027035115,41.9266899,-71.2611303145582,19,0
a8122360-7402-32f0-b96f-755b822ff3db,c2e93fb4-abf2-3210-b6ec-4d1ecb2b76f0,Francene766 Halvorson124,F,GENERAL PRACTICE,62 BROWN ST,HAVERHILL,MA,01830,42.76512700000001,-71.04617174286321,38,0
0a8894f8-ae00-36f9-a859-6c1623685091,07ae483b-b351-3add-8b05-afba832b88ea,Lanette41 Murray856,F,GENERAL PRACTICE,5 REDLANDS ROAD,WEST ROXBURY,MA,021321506,42.2879347,-71.15108161583282,19,0
c90fea30-e99e-3224-bf60-71ad06251912,ec509895-6196-36d1-b91e-272bed7e6196,Jenae263 Veum823,F,GENERAL PRACTICE,40 ARMINGTON ST,ALLSTON,MA,021342406,42.3521617,-71.1375176,28,0
ef0ad580-8504-3d4c-a2ba-b36b2f6057e8,41e2a44c-477c-3511-96f9-12c476aa3b6a,Antwan357 Lindgren255,M,GENERAL PRACTICE,85 E NEWTON ST,BOSTON,MA,021183553,42.336277100000004,-71.07085295687423,100,0
99f888ac-df4f-38b7-b061-cacc64898eea,f00601d0-d49e-30ed-bc3e-314379f2103e,Elijah719 White193,M,GENERAL PRACTICE,490 MAIN ST,MELROSE,MA,021763841,42.4550741,-71.0654799,31,0
8a6c5aab-8071-35be-b36e-f4b22f7d3d39,71a1e089-024e-3255-a536-9204586fa4fc,Millard193 Doyle959,M,GENERAL PRACTICE,1 GORHAM IS,WEST YARMOUTH,MA,026733200,41.6501114,-70.2411312,1,0
bfd7564f-1806-346f-869c-dd7150455d59,5b0cd0a0-f277-3a66-bee6-d64b5be4a3f5,Waldo53 Hintz995,M,GENERAL PRACTICE,725 NORTH ST,PITTSFIELD,MA,012015493,42.4600752,-73.2492795834909,22,0
d5a99a86-5213-3342-aaf6-2fa3fbc21667,79a06fd6-9f2b-35e3-9b11-0bc5ff89e17c,Lady554 Kovacek682,F,GENERAL PRACTICE,225 Boston Road  Suite 107,Lynn,MA,01904,42.470093,-70.95994,182,0
8128a732-5a1c-32f1-a455-69d25370f427,b44955d1-f0e2-3beb-a013-708a81dbe430,Ernest565 Runte676,M,GENERAL PRACTICE,680 CENTRE ST,WEST BRIDGEWATER,MA,023791600,42.0219112,-71.019004,58,0
40ce3136-0858-321d-8a1f-84f181e64fd1,c0e23859-5a95-3aa0-8c3b-0143df64f507,Roberto515 Grant908,F,GENERAL PRACTICE,188 COMMONWEALTH RD,WAYLAND,MA,017785027,42.318727100000004,-71.36211489369597,1,0
9378d292-86d9-3c45-a690-f12919fa7060,67d2f85b-ddc7-3ed0-b90b-6fa5b7b8358a,Norah104 Jenkins714,F,GENERAL PRACTICE,43 FOUNDRY AVE,WALTHAM,MA,024538313,42.37050535,-71.21908334877376,31,0
b1b5eab8-8607-349a-9b72-0e566111449d,0d1570ab-371c-3898-9397-95905d8c5166,Jose871 Dicki44,M,GENERAL PRACTICE,750 WASHINGTON ST,BOSTON,MA,021111552,42.3499038,-71.0631836,75,0
11fc633c-11c0-388d-9eb0-76469edde2a6,1853aeef-5897-326a-80d6-aa4b0459eb6d,Kendra609 Kassulke119,F,GENERAL PRACTICE,381 WICKENDEN ST,ATTLEBORO,MA,027032247,41.9438129,-71.2806515,23,0
0c1e5a46-b73b-3fc3-a2f8-6086b9088d33,8a87ef73-eaa2-340a-bec5-c3cef01ef836,Raymond398 Rodriguez71,M,GENERAL PRACTICE,3 PARK DR,WESTFORD,MA,018863511,42.556814700000004,-71.43463308318695,1,0
0c3c5497-2a35-3917-b9a1-8cec119a7d52,2ca615f3-87f7-3283-a447-d919a883b676,Elizbeth263 Dickinson688,F,GENERAL PRACTICE,1399 WASHINGTON ST,HANOVER,MA,023391653,42.1441354,-70.8440854,3,0
977d18be-1ef4-3557-aef0-e7606c3edbc0,c0a33465-d309-3d2a-932e-9d554a7cc19c,Veronika907 Rogahn59,F,GENERAL PRACTICE,100 CENTURY DR,WORCESTER,MA,016061244,42.3138278,-71.7707002,13,0
f436e879-af9f-3679-86ca-d585b625a4fa,7f32dd7d-5c35-3ddb-839b-8fbbb930d412,Javier97 Melgar516,M,GENERAL PRACTICE,863 CENTRAL STREET,FRAMINGHAM,MA,017014813,42.30758060362541,-71.42846215724606,5,0
72b81d63-83ad-342a-b92b-7e0495516687,51d38e67-9350-39b8-bbb3-91cc879ae415,Darrick836 Hoppe518,M,GENERAL PRACTICE,335 NICHOLS ROAD,FITCHBURG,MA,014201932,42.598254850000004,-71.80841914533654,11,0
e5bb67e1-b1df-3e34-8e25-6b2bfe19ea5b,9fdce5d5-d4d0-3156-a8d5-8757bfe4e9b3,Rosario163 Kilback373,M,GENERAL PRACTICE,1 FARMER CIR,ARLINGTON,MA,024742866,42.42405225,-71.16792616556859,5,0
ee4c517a-2eed-3e9f-81a8-23a4445b5b9a,86f41096-d81f-3e26-b770-b26adc017d3e,Floyd420 Prohaska837,M,GENERAL PRACTICE,288 WASHINGTON STREET,QUINCY,MA,021695523,42.24983615,-70.9902487341626,16,0
75eebb4d-1049-3fef-ad2d-388ba1c39e12,b3b56527-d366-3353-bca9-266a12f23051,Obdulia648 Schroeder447,F,GENERAL PRACTICE,60 QUAKER HIGHWAY,UXBRIDGE,MA,015691628,42.06100105,-71.62352848737622,15,0
43e211ad-9af5-35c3-96cf-dad5ba7c5674,125eccb3-d003-34ea-9bd8-360dff059782,Mickey576 Gerlach374,M,GENERAL PRACTICE,125 PARKER HILL AVENUE,DEDHAM,MA,020266146,42.2489143,-71.1755732,52,0
89609c0c-4328-3eef-aec7-ed83b99924c8,a1a024f0-95e2-3db4-a771-e2f17c5da162,Shella455 Schmidt332,F,GENERAL PRACTICE,18 NEWTON ST,BROCKTON,MA,023015115,42.0785392,-71.02602473630952,28,0
5cccf34b-a391-385b-8f79-a0e6eda85f7b,aad05540-c9cb-3805-b3c4-f9b9d9b42b2e,Quentin28 Fritsch593,M,GENERAL PRACTICE,821 E MAIN ST STE 3,CHICOPEE,MA,010206306,42.155774795300516,-72.55672263289513,27,0
fa6b9ded-9ef1-3d2f-b95d-e8b76c8767e3,1aa9084e-2b86-3d6e-93ab-dbe6d4dda601,Jani266 Schultz619,F,GENERAL PRACTICE,100 OLD BILLERICA RD,BEDFORD,MA,017301267,42.499905749999996,-71.25668964877971,1,0
a9ec099d-1c43-3022-89ee-3444b8e26620,b90ee64e-4559-32db-97d7-0341740a71f1,Angelika194 Cartwright189,F,GENERAL PRACTICE,123 SUMMER ST,WORCESTER,MA,016081216,42.26496835,-71.79655403681465,17,0
817adaf2-4f6a-31b1-9a9d-6ab31d7a7f96,f692f508-aa5e-3060-b98a-23165e5aa12f,Deon400 Crona259,F,GENERAL PRACTICE,35 NEW ENGLAND BUSINESS CENTER DR STE 207,NORWOOD,MA,020624692,42.194543,-71.1994976,5,0
d1a9cec1-f9ba-300f-a002-1bb1ddd6d538,2f5c26cd-be8d-351a-97af-23fbcaba0967,Jamal145 Casper496,M,GENERAL PRACTICE,36 CORDAGE PARK CIR,PLYMOUTH,MA,023607320,41.978323,-70.689036,1,0
469aa5fc-84ae-3596-814a-af851137d460,e68de1a0-767e-3466-b9a6-43948ee073d3,Simone657 Ratke343,F,GENERAL PRACTICE,160 WELLS AVENUE,NEWTON,MA,024593302,42.29337605,-71.19806353028767,7,0
bcf6d9ce-cebe-3de6-b7c8-220cf92f5ee8,cbebae9e-f95e-3d2c-9712-289ea8d6aeec,Xochitl483 Haley279,F,GENERAL PRACTICE,49 ROBINWOOD AVENUE,QUINCY,MA,021698130,42.2509914,-71.0037374,40,0
52b3303b-e155-34f2-9b1c-56aa16562fb9,82ed13dd-9643-31e1-a56c-ff9a28a9d671,Ricardo560 Gaitán874,M,GENERAL PRACTICE,290 ROUTE 130,FORESTDALE,MA,02644,41.713592,-70.4889162,31,0
e6a5f9b7-3da5-3fc4-851b-ddb3cfa13049,5862e05c-9533-3f7a-8f73-215d50f5ee2f,Emilio417 Barton704,M,GENERAL PRACTICE,1200 CENTRE ST,ROSLINDALE,MA,021311000,42.29768,-71.130463,66,0
ae0e0f4f-94ca-3b7e-8db3-aad26edaf554,ec7e487e-7e78-3eac-a9ee-37f8de98a0f9,Marlene554 Hammes673,F,GENERAL PRACTICE,277 WASHINGTON STREET,ABINGTON,MA,023512489,42.10060947239023,-70.94967338146704,10,0
162a545d-aaab-3224-b622-598f7aa8cbb3,55809329-c479-30a9-824e-4768d46c0244,Myron933 Fadel536,M,GENERAL PRACTICE,280 MERRIMACK ST STE 103,LAWRENCE,MA,018431780,42.70271530167854,-71.14888290326759,38,0
ec89eeab-b6dc-3ad3-a924-7a9f6890d888,411f14a5-de79-3e08-81d6-301270cc2275,Fredrick998 Harvey63,M,GENERAL PRACTICE,64 CONCORD STREET,WILMINGTON,MA,018872179,42.55962465,-71.13772203658047,53,0
09d6668c-3fa7-34c7-8ff3-ec106150b5f2,a5577e5c-b886-37a0-8eee-8ff6feb7ea6b,Leopoldo762 Keebler762,M,GENERAL PRACTICE,330 MOUNT AUBURN ST,CAMBRIDGE,MA,021385502,42.3741033,-71.13417575971958,18,0
58f3e062-48f0-3037-8519-251146271fd6,7dcab1ad-0e13-3700-9eb0-70767c5e2b55,German382 Wilkinson796,M,GENERAL PRACTICE,1515 ALLEN ST,SPRINGFIELD,MA,011181803,42.095299499999996,-72.50943136142334,1,0
cd30fef8-11de-31b7-9343-46e91deea7ba,9b8a7a25-b923-3710-9f3c-d42919a3f54f,Kayce253 Ondricka197,F,GENERAL PRACTICE,146 MAIN ST,MAYNARD,MA,017542651,42.4309786,-71.4552968,61,0
5342fb1c-2c8f-37f7-8a07-1392eded3bda,966245ce-e84d-36b0-a838-2e0b5bb2e668,Refugio197 Crooks415,M,GENERAL PRACTICE,1425 BLUE HILL AVENUE,MATTAPAN,MA,021262122,42.2754929,-71.09384131587021,10,0
e57ded12-4981-387b-960a-02f4665516ae,845fbd9b-2d1c-39a8-8261-28ae40e4fab2,Bennett146 Rippin620,M,GENERAL PRACTICE,14 PROSPECT STREET,UPTON,MA,015681431,42.1700209025178,-71.59409308099494,891,0
cc5562a4-f298-3b78-a832-c089529f761f,bac9dc0c-cb0f-3fa6-aa12-819dd0fb922a,Nicholas495 Greenfelder433,M,GENERAL PRACTICE,1493 CAMBRIDGE ST,SOMERVILLE,MA,021452935,42.3875968,-71.0994968,77,0
f1065ea4-ee6f-3368-9518-8ac6ae2baa62,9ce6072b-d039-3cde-8eaf-950211b8ae88,Saul605 Ratke343,M,GENERAL PRACTICE,147 S MAIN ST,MIDDLETON,MA,019492446,42.585787222720036,-71.00861442427218,1,0
8ddb8288-47e8-3f5a-8222-a04affff392a,af8566eb-8918-3ec7-ba44-92b6a2cf8097,Madelaine318 Walker122,F,GENERAL PRACTICE,81 HIGHLAND AVE,SALEM,MA,019702714,42.5112107,-70.90516241826194,137,0
3a82f560-99cb-338c-b120-7753b63bdb79,d4a03501-69f6-3a89-ac27-ed25976fdb6f,Mercedes82 Escobedo608,F,GENERAL PRACTICE,25 WOODLAND ROAD,STONEHAM,MA,021801705,42.450448800000004,-71.09076944938434,9,0
5909bbe1-f8b7-37dd-aa9f-6d96b6c7854e,42c13743-f36f-370a-a5ca-3e3c9795e02d,Wade235 Toy286,M,GENERAL PRACTICE,17 CHIPMAN WAY,KINGSTON,MA,023641039,42.0115267956362,-70.78988939618995,1,0
8467a3df-7da5-3fdd-8e81-1a943eea3ebf,ae3eab22-8868-37bb-9a59-2b8bfe14bf34,Minh326 Smitham825,M,GENERAL PRACTICE,2033 MAIN STREET,ATHOL,MA,01331,42.58522105,-72.20868129339888,103,0
7eee101b-c9de-3ee4-87f6-820600dba2fc,615416de-5217-3c11-9828-2d4bacd1d9cb,David908 Correa904,M,GENERAL PRACTICE,434 ROUTE 134,HYANNIS,MA,026011854,41.6753274,-70.309939,4,0
8e64c6cb-18db-3919-af34-478eebb83a96,41f66e18-8eb7-32f2-9371-7df5bf2b8d21,Lonnie913 Mraz590,M,GENERAL PRACTICE,170 UNIVERSITY DRIVE,GREENFIELD,MA,013011238,42.6097476,-72.5979752,1,0
3c92aa31-4a20-398d-a204-68787feb0fd1,a25107f7-f4f5-36fc-98e4-f3e1b5875c91,Yesenia104 Wilderman619,F,GENERAL PRACTICE,1285 BEACON ST,WOBURN,MA,018012157,42.4979478,-71.1684508,51,0
8eb3df7c-48b8-31d5-823b-3e0c09c28cd9,0e6c3ad1-24c1-34cb-bb6d-e8438fa319e2,Vern731 Casper496,M,GENERAL PRACTICE,50 DODGE ST,SWAMPSCOTT,MA,019071300,42.4699241,-70.9171507,3,0
68fa3954-767b-3628-9f69-1493357c9d2e,05fcf001-ab24-3d7d-85f7-f64942d82738,Leonarda398 Schumm995,F,GENERAL PRACTICE,250 POND STREET,FRAMINGHAM,MA,017014592,42.2838619,-71.4093719,71,0
ea84574b-d5bf-3f1d-8481-9569685106cf,e87cda4c-1ad8-3a9e-b55f-7bfe987610ce,Josh874 Bechtelar572,M,GENERAL PRACTICE,326 NICHOLS RD,FITCHBURG,MA,014201914,42.5974358,-71.80761197366103,35,0
e4a2ebf8-c91e-3376-8b69-9afd5dd75eea,e7b77e8f-b607-3273-aef9-ad1bca48813f,Rolland302 Turcotte120,M,GENERAL PRACTICE,209 W CENTRAL ST STE 216,NATICK,MA,017603716,42.28202598359604,-71.3899479380402,39,0
27dc1ad2-8723-3d35-9755-2c90e31aea20,d24e558b-6659-3c62-bfa7-938aa245c8a8,Francisco472 Crooks415,M,GENERAL PRACTICE,4 COURTHOUSE LANE SUITE 1-3,CHELMSFORD,MA,018241737,42.62439345,-71.35881000636567,54,0
a6ae29ef-3f97-3350-b542-647e35006d87,e5d50afe-8c7d-35f5-96f5-fb8941403b0f,Amparo58 Hayes766,F,GENERAL PRACTICE,125 S CLARK ST STE 900,FALL RIVER,MA,02722,41.74223,-71.129706,17,0
4ee68efc-089e-3a8a-8cca-86b2fe1a159c,9adfae03-673d-365d-9052-f705098fa3e4,Sharilyn202 Wolff180,F,GENERAL PRACTICE,51 BLOSSOM ST,BOSTON,MA,021142699,42.36305545,-71.06643399281765,170,0
c721fba7-295d-35dd-8832-bc3fdfa6f15e,48a07866-e8d7-3268-aa3c-ca3237c8e6f3,Devona405 Stamm704,F,GENERAL PRACTICE,188 PROVIDENCE ST,HYDE PARK,MA,021361861,42.2682551,-71.12174592925336,69,0
e3a30e8e-3855-369c-b166-82497570a664,25431f9a-00e4-36d8-9810-4125328eec50,Paris331 Ruecker817,M,GENERAL PRACTICE,55 FRUIT ST,WALTHAM,MA,02451,42.3756401,-71.2358004,39,0
d01d2102-fd73-3648-badc-210e7a6bb94a,89171335-b9c0-3326-98d6-a837d432b9fd,Lorette239 Hauck852,F,GENERAL PRACTICE,150 FLANDERS ROAD,LYNN,MA,019042915,42.466763,-70.9494939,9,0
1b7b8c5a-e7e3-3c8d-addd-b3cd8db8557a,e2a8b444-9b8f-36ff-84c4-05ee98589482,Elmer371 Gusikowski974,M,GENERAL PRACTICE,8 SHIPWAY PL # C-8,CHARLESTOWN,MA,021294301,42.3778749,-71.0619957,113,0
2e5c7373-dae9-36bf-9376-82a1eef5f679,05f80ed8-6a7a-3728-8b5c-c5c995c8244a,Vernita491 Cartwright189,F,GENERAL PRACTICE,150 South Huntington Avenue,Jamaica Plain,MA,02130,42.32809,-71.11076,22,0
e3a761b1-79fa-3815-9533-8efa98748c00,3517aff1-b163-3cd5-8fff-19710fcdc1b7,Ladawn167 Cremin516,F,GENERAL PRACTICE,400 HEMENWAY STREET,MARLBOROUGH,MA,017526762,42.36006255767826,-71.5077613040944,10,0
2bef45b9-df19-3c28-975d-86dd59de409f,18d2c9c2-4b92-3664-9b8e-419aff3ce942,Aleshia311 Block661,F,GENERAL PRACTICE,175 GROVE STREET,BRAINTREE,MA,021847253,42.19127375,-70.99279579751581,3,0
505c3eff-af98-33bb-8f63-151531e78927,121b0ad1-1beb-3caa-9271-3d3f726bb727,Cortez851 Price929,M,GENERAL PRACTICE,1030 MAIN STREET,WALTHAM,MA,024517447,42.375828,-71.2527956,15,0
4a9b1845-782d-3c9c-9e32-c3f9caa896ec,f6ba791e-fe68-3596-bef4-60751db6a60e,Freeda113 Crooks415,F,GENERAL PRACTICE,37 BIRCH STREET,MILFORD,MA,017575501,42.1424349,-71.48943173357203,2,0
c08e3b87-0ffc-3bac-a78d-2f73e259e124,e1892a2c-6dca-3c4c-93b7-0e00a9eb8b61,Derek111 Erdman779,M,GENERAL PRACTICE,20 EAST ST,HANOVER,MA,023391638,42.1278249,-70.82664947485381,195,0
9c490f55-2dda-3402-9075-ba4f2a25bed6,67cade01-dcfe-37b7-8e2c-b712d9e6fbba,Lelah386 Wintheiser220,F,GENERAL PRACTICE,694 MAIN ST,HOLDEN,MA,015201862,42.3406819,-71.8390289,20,0
fe72f6ca-d663-3601-a623-17037eb373e2,11a40a26-a5a3-331d-aef0-d06dd90e2b4e,Len277 Wintheiser220,M,GENERAL PRACTICE,10 OSTERVILLE WEST BARNSTABLE RD,YARMOUTH PORT,MA,026752000,41.7020544,-70.249465,49,0
087c0607-8c97-3532-9c50-4fb638f8b7e9,95f6c328-96dd-3fb8-a56e-9aad566094b4,Milda157 Schoen8,F,GENERAL PRACTICE,4 STONY HILL ROAD,WILBRAHAM,MA,010951027,42.1552861,-72.48384800788648,1,0
a5821340-08d7-3306-aaf9-2fe0c35120f7,485ae27b-c5ba-3fd0-9a16-c9eea20be185,Alejandro916 Kris249,M,GENERAL PRACTICE,275 MARTINE STREET  SUITE 202,FALL RIVER,MA,027231518,41.68393816525316,-71.1220830626733,4,0
72e61811-f38e-3a0d-b2ad-f267d85a369f,19f958ef-57cf-33c1-b068-14b32a980813,Jordon466 Bruen238,M,GENERAL PRACTICE,155 BROADWAY RD,DRACUT,MA,018262754,42.67578279999999,-71.29320171860073,35,0
4e1a85b4-cc36-3b7f-be3a-0d57197c34ef,da2e8443-a0d6-3e87-b651-e2697615f4b5,Luis923 Bergstrom287,M,GENERAL PRACTICE,2000 WASHINGTON ST,NEWTON,MA,024621624,42.332192250000006,-71.24597794166553,48,0
4b05b344-4eca-3926-9157-df0e5635d514,6d16a8e3-3569-38ab-afac-a2f8c1125085,Miguelina323 Crona259,F,GENERAL PRACTICE,1010 WALTHAM STREET,LEXINGTON,MA,024218052,42.4139392,-71.22929265883278,3,0
9db513d9-35ee-3d6a-a320-3df5ad0cf522,91808f17-7583-32a3-aa55-23b131b327c7,Leonie332 Wunsch504,F,GENERAL PRACTICE,200 CORDWAINER DR,NORWELL,MA,020611671,42.16352995,-70.8846291501739,67,0
33369b03-3ba5-3f69-afd7-3d221a055b92,02d7b144-352f-3eac-97db-6fc4a95bf1fa,Greta919 Reinger292,F,GENERAL PRACTICE,120 SEMINARY AVENUE,AUBURNDALE,MA,024662650,42.34002614299451,-71.24911543639162,11,0
650dde23-bd17-31a8-a794-7d6fae20666f,53f086de-2fc7-3d35-92c2-aca4ed944e7f,Carisa395 Kutch271,F,GENERAL PRACTICE,1 GENERAL ST,LAWRENCE,MA,018412961,42.7097143,-71.15007700778098,20,0
070d6484-1474-3b78-80cd-60346fcd1a5f,20f63278-6709-3195-b767-782d2a10bd5c,Guadalupe206 León820,F,GENERAL PRACTICE,640 CONCORD AVENUE,CAMBRIDGE,MA,021381116,42.389222000000004,-71.14799280677965,3,0
bca1b41d-d0c2-3ff2-b354-84b7e5072093,de2ceae4-ddad-3174-9a1b-f32ea37e53f8,Quinton758 Jaskolski867,M,GENERAL PRACTICE,107 LINCOLN STREET,WORCESTER,MA,016052431,42.276415099999994,-71.79469158738553,5,0
803e7dec-502b-34c9-986c-a2cdc28db0ae,c709c5eb-ddd7-3778-84f7-0931a4d1c718,Carmelina668 Goyette777,F,GENERAL PRACTICE,1200 CENTRE ST,ROSLINDALE,MA,021311000,42.29768,-71.130463,138,0
0c4f9927-0cb1-3cc4-80b8-afed78df7321,c05d73d0-b348-32ce-9fe5-13a720950f37,Abraham100 McDermott739,M,GENERAL PRACTICE,45 DRUM HILL RD,CHELMSFORD,MA,018241503,42.6255635,-71.3615131,8,0
78656e99-191a-32b9-8cda-9159bb5c3749,d70d47dc-b40c-3a04-8342-35cbfe716409,Lakenya863 Hilpert278,F,GENERAL PRACTICE,83 LITTLEFIELD RD,NEWTON,MA,024593010,42.3104327,-71.18883283411856,36,0
611505d3-731d-3f5e-b6a2-7017c7c1149a,0592d4e5-a0fb-3143-83cd-8e5a6b066a96,Anderson154 Lemke654,M,GENERAL PRACTICE,20 EAST ST,HANOVER,MA,023391638,42.1278249,-70.82664947485381,157,0
92d27b7f-9e1b-3be2-9688-ca571729e0d7,c67ca7ed-4769-3b6c-a0a9-993f1227ff10,Londa304 Veum823,F,GENERAL PRACTICE,1 BLACKBURN DR,GLOUCESTER,MA,019302237,42.6269312,-70.65555242413386,100,0
69a31a64-f1e6-36e1-a43c-ba3edcd23424,7b5bf0fc-c5c0-3f22-980b-fdfff326a9b4,Isidro558 Kling921,M,GENERAL PRACTICE,40 CUMBERLAND AVE,NORTH ATTLEBORO,MA,027604445,41.9316677,-71.35407469790115,11,0
3c681a58-65b8-36c0-ba23-9a4ae1cf07b6,6aae7a31-90df-3455-ad8d-81f8cf2d21e8,Houston994 Funk324,M,GENERAL PRACTICE,680 CENTRE ST,BROCKTON,MA,023023308,42.0872752,-70.9910738855076,410,0
39f2ef6b-210f-3928-9efb-422e341e491f,14036728-b721-3e4b-8755-8ee8ab6ed15e,Rocky100 Schmeler639,M,GENERAL PRACTICE,625 MOUNT AUBURN ST,CAMBRIDGE,MA,021384518,42.375351,-71.1468628,46,0
