Id,ORGANIZATION,NAME,GENDER,SPECIALITY,ADDRESS,CITY,STATE,ZIP,LAT,LON,ENCOUNTERS,PROCEDURES
4e87f39b-e0ac-3fef-ba8e-7e05be5cf85c,74ab949d-17ac-3309-83a0-13b4405c66aa,Gabriel934 Reilly981,F,GENERAL PRACTICE,881 Main Street,Fitchburg,MA,01420,42.586487,-71.80521,408,0
17e5b974-6c2c-3b9b-a3b7-b670bbdeb53a,17a4bae5-8b64-34d7-8144-b428be027bd0,Olympia319 Ward668,F,GENERAL PRACTICE,512 MAIN STREET  SUITE 211,SHREWSBURY,MA,015456406,42.295109499999995,-71.71808471110307,4,0
b4a988e2-027c-312c-bd20-797de57e649f,e09d4c49-c2ef-3b0f-9a46-3719d9219306,Ronald408 Emard19,F,GENERAL PRACTICE,60 HOSPITAL RD,LEOMINSTER,MA,014533290,42.54031915,-71.76312990486304,65,0
26979843-5d11-3b04-a9e1-db0267430642,6fafb5d4-ecca-37ab-8d24-53036a8cbf1e,Wilber603 Nikolaus26,M,GENERAL PRACTICE,320 WEST CENTER STREET  2ND FLOOR,WEST BRIDGEWATER,MA,02379,42.016080599999995,-71.02601589317304,2,0
d6319dcd-6fd5-3f39-8f59-ef7467fdd866,2936ca90-6594-357d-be14-53fe0ab84dd1,Daniel959 Ankunding277,M,GENERAL PRACTICE,11 TREMONT ST,KINGSTON,MA,023641231,42.00823215,-70.72984043580247,81,0
141623ba-5df0-332e-ba3f-b95d70f83701,42d4b607-f14d-370a-818e-40965685776c,Arlen68 Hettinger594,M,GENERAL PRACTICE,3 WASHINGTON ST STE 220,NORTH EASTON,MA,023561034,42.0667665,-71.1036592,31,0
f7515c4e-1e4f-3c45-a7fc-08750eb7456f,ab701a70-a658-340e-8f69-ee196a7d40c6,Bud153 Parisian75,M,GENERAL PRACTICE,484 RTE 134,WORCESTER,MA,016071728,42.2625621,-71.8018877,5,0
a2316ecf-23d5-3a79-9ea6-065af787680b,88e28a1c-aad9-36d0-832b-b579ecb95c3d,Cherish740 Toy286,F,GENERAL PRACTICE,14 MANNING AVENUE,LEOMINSTER,MA,014535768,42.5253035,-71.7584413,28,0
eb6e5aba-066f-31e8-a023-44d45d5f481f,65450d34-6d61-3601-b325-9d471587b016,Marisol435 Carmona375,F,GENERAL PRACTICE,4 COURTHOUSE LN,CHELMSFORD,MA,018241731,42.62439345,-71.35881000636567,21,0
0f32bae1-ecf4-33b8-8bb6-d99683c6cf85,fa564970-fde4-332c-91d9-c0747b032d3e,Jennefer743 Hudson301,F,GENERAL PRACTICE,34 SOUTH LINCOLN STREET,NATICK,MA,017606049,42.2731232,-71.3105334275248,5,0
95cda72d-70b6-3bc4-94bf-c0446816285d,4846e68f-845b-38e6-aa40-48196bf9ff0e,Wesley533 Corwin846,M,GENERAL PRACTICE,130 COLRAIN RD,GREENFIELD,MA,013019625,42.59140995,-72.62336230812821,1,0
96a8fdd8-85df-3da8-a09d-488902ea2de3,667b46fe-0afa-3f70-a311-bbe3d52db050,Mickey576 Borer986,F,GENERAL PRACTICE,757 BOSTON POST RD,WORCESTER,MA,016071728,42.231371,-72.165386,3,0
4d64963f-e16e-3486-acc4-f210bf750d99,a4af40b8-0ddb-34bb-ae4a-95a17e9ad6f3,Tambra47 Heaney114,F,GENERAL PRACTICE,100 MYLES STANDISH BOULEVARD  SUITE 103,TAUNTON,MA,027807340,41.948930849999996,-71.14141318475193,1,0
a6981a0c-5860-342a-b612-0669f03b3a58,bdc3ee76-9cf3-316d-b202-a8da1ea3fa20,Laverna97 Rippin620,F,GENERAL PRACTICE,130 RUMFORD AVENUE  SUITE 211,AUBURNDALE,MA,024661370,42.35853505,-71.24125521214887,1,0
150811eb-82bd-3066-a060-cc3b550c8c49,8e3ca57f-6f74-3d61-9803-ab1424290216,Humberto482 Mann644,M,GENERAL PRACTICE,89 MORTON STREET,ANDOVER,MA,018102036,42.6551409,-71.12857340697036,2,0
32aa8ee6-ac73-39be-a493-8c13c2f0ffa5,5fcff9db-16e4-3e56-aa78-abbc16338097,Marcus77 Schamberger479,M,GENERAL PRACTICE,295 VARNUM AVE,WESTFORD,MA,018863513,42.5792583,-71.4378411,509,0
8e7a2da4-aa21-345d-838a-8cb989bb114e,fa09396a-2926-3b21-ad0c-9f6cabbce0eb,Brigitte394 Bartoletti50,F,GENERAL PRACTICE,1210 BOSTON PROVIDENCE TPKE,NORWOOD,MA,020625061,42.1714075,-71.1951186,1,0
8610f35a-f851-315b-8e42-66566c3f6d93,233b0cce-d2eb-3d4e-bbfb-539cb9dccf4c,Rosana394 Christiansen251,F,GENERAL PRACTICE,100 LOCKE DR,MARLBOROUGH,MA,017527235,42.34926605,-71.580845441892,2,0
a7806727-c8c2-3711-a08a-9a26610eeb91,2e1eaaf1-ebb0-332c-8921-f48e15b91879,Tambra47 Nolan344,F,GENERAL PRACTICE,2 SEAPORT DRIVE,QUINCY,MA,021711599,42.29287335,-71.03019020136307,12,0
a502a783-13ca-32f6-a5a7-17c013c7cbde,c272e12f-e154-3fee-b05d-b7c0cab2657d,Shasta644 King743,F,GENERAL PRACTICE,800 WASHINGTON ST,NORWOOD,MA,020623487,42.1886973,-71.2005241,83,0
ae1e05e9-84dd-3b0d-8554-e58cff3dcab1,b66db758-a205-3227-9cfb-bf19d2c1962d,Noreen211 Stroman228,F,GENERAL PRACTICE,121 HARVARD AVENUE  2ND FL,ALLSTON,MA,021342702,42.35241825,-71.13220132573996,8,0
abd09570-be4c-3d19-a1ec-045cc896cffd,b99b7849-2b53-33fb-8ce2-e3a95f17ae51,Bee658 Pouros728,F,GENERAL PRACTICE,910 BOSTON POST ROAD SUITE 320,MARLBOROUGH,MA,017523761,42.355106,-71.47654,13,0
0685ecd1-9324-3b8f-a658-2458901c8e8a,2cf06ddc-4c55-3c91-98f1-fb0188079c27,Alena861 Rolfson709,F,GENERAL PRACTICE,10 VETERANS MEMORIAL DRIVE,MILFORD,MA,017572900,42.14682295,-71.50153080894427,2,0
e1022061-4a15-3b93-8a0b-100ef483a3dc,5f7663da-4b19-3629-b8f2-fb07d75421d9,Buck819 Johnson679,M,GENERAL PRACTICE,42 ASBURY ST,SOUTH HAMILTON,MA,019821808,42.61322825,-70.87300675048934,23,0
35210dfc-935b-3f4a-a34d-7ea36f89672c,5fa5e611-be3d-3ebb-8f71-124325f6005f,Isiah14 Nikolaus26,M,GENERAL PRACTICE,480 ROUTE 6A,EAST SANDWICH,MA,025371438,41.742172,-70.45251,67,0
50a00c10-978d-3f85-bee5-9341f498f7ea,bf556284-7513-3620-a10e-5393183a9a87,Jesus702 Roob72,M,GENERAL PRACTICE,795 MIDDLE ST,FALL RIVER,MA,027211733,41.6924092,-71.16345107025307,299,0
183e0b35-fe05-3f1f-922d-347f73bd58c0,2b84e56e-08b4-3078-b3ea-4d159208e065,Barton704 Bahringer146,M,GENERAL PRACTICE,1029 PLEASANT ST,BRIDGEWATER,MA,023242301,41.9718173,-71.00937893001648,32,0
8a4f23dd-9dec-3a37-b682-d4936e554348,4ffa4412-1493-3beb-b8f0-6614dde953a4,Harland508 Ryan260,M,GENERAL PRACTICE,363 HIGHLAND AVENUE,WAREHAM,MA,025715011,41.745636,-70.658192,128,0
a7e11982-9cf7-363d-bcdb-3076c1376d49,a14e698d-a9ba-3eae-9c8b-682ec726433d,Leticia253 Dueñas839,F,GENERAL PRACTICE,776 WESTERN AVE,LYNN,MA,019052408,42.466763,-70.9494939,4,0
850046d4-c182-3d20-8f72-3764295b5c4d,dd9914b0-9491-3330-a890-d34e95e497ea,Assunta351 Haley279,F,GENERAL PRACTICE,1061 PLEASANT ST,NEW BEDFORD,MA,027406728,41.64280275,-70.92865004309593,76,0
f74e2d2d-05ba-39e2-bf66-ed9ca3482468,c3a898a1-c269-39b4-80d7-accb96a03bbc,Brock407 Friesen796,M,GENERAL PRACTICE,32 CHESTNUT ST,EAST LONGMEADOW,MA,010282803,42.0532618,-72.50214900582449,1,0
3b1bcbf6-40e3-32c8-8a81-fafe3328daaf,4c1a8ea6-b690-3c28-a02e-ebd82190ee65,Marcos263 Cronin387,M,GENERAL PRACTICE,885 WASHINGTON ST,BOSTON,MA,021111415,42.3479909,-71.064924,7,0
dfe42982-a040-34a9-97ef-fa57d9be8818,a7147477-c4dd-3018-b921-2707d7e098ee,Chrystal576 Kreiger457,F,GENERAL PRACTICE,164 PARKINGWAY,QUINCY,MA,021695020,42.245070088637796,-71.00313070924581,6,0
76b42b89-88c3-3aa0-9ca3-c1ad400aae00,5ba6765a-f335-36b0-9c6a-6bb494c5330d,Carlota980 Solís294,F,GENERAL PRACTICE,31 OLD ROUTE 7,WESTWOOD,MA,020902333,42.2139873,-71.2244987,5,0
ccbdddda-bf06-353d-8fe1-ef477600f154,b6eeaaf7-1683-3bcb-b6ee-81ce304636ef,Ariane992 Pagac496,F,GENERAL PRACTICE,170 GOVERNORS AVE,MELROSE,MA,021763225,42.4564323,-71.064182,200,0
ff043a36-4c7c-3aae-a428-faf5aaeff3bd,b03b624d-c939-3688-986d-9555b8009a3b,Trinity427 Hartmann983,F,GENERAL PRACTICE,230 MAPLE ST,HOLYOKE,MA,010405144,42.207406,-72.608419,32,0
260a0fa5-faa9-3548-b322-f45e309b8312,ea153d0a-9ccc-3769-9a25-934b417071b7,Tashina114 Towne435,F,GENERAL PRACTICE,463 WORCESTER RD,FRAMINGHAM,MA,017015354,42.3095704,-71.4413097,40,0
e1199177-b551-351a-be7b-c7f805a1ca3b,d3085315-9893-34c7-8889-3a31dc17c2b0,Ethyl508 Rau926,F,GENERAL PRACTICE,1428 MAIN ST STE 7,WALPOLE,MA,020811729,42.1325911,-71.2618886,173,0
a4eef7c1-976d-36fb-8f1a-489168c09381,18061fd5-fda8-3e2d-87f0-0f3c87211bcc,Margarite168 Koepp521,F,GENERAL PRACTICE,1493 CAMBRIDGE ST,SOMERVILLE,MA,021431408,42.3875968,-71.0994968,79,0
cf2941aa-f02b-3cca-8bb9-a06d6e59fe7b,c64c848c-0315-3115-87fa-80c360bb6a73,Mitchel812 Zieme486,M,GENERAL PRACTICE,142 BERKELEY ST,BOSTON,MA,021164608,42.3489076,-71.0721378,19,0
5a51fecb-eed7-372c-8d60-6e879ebd8bf3,a2b4aab1-3117-3d51-81d3-81c0ed9ad6f4,Ezequiel972 Kertzmann286,M,GENERAL PRACTICE,34 SCHOOL ST,FOXBOROUGH,MA,020352318,42.06467495,-71.25151295640843,13,0
7bb96d14-3575-3c48-9925-9ba8a7e8b41d,76281d34-caff-30e0-8545-bcdf33182109,Jewell855 Schmeler639,M,GENERAL PRACTICE,500 WILBUR AVENUE,SOMERSET,MA,027252051,41.72075205,-71.16843052114558,1,0
08479407-f6b2-3ed1-98a3-c271b2e6a495,b3ada130-6443-3a8e-98c7-4ec127a2b0c4,Ned189 Haley279,M,GENERAL PRACTICE,ONE GREAT ROAD,ACTON,MA,017205601,42.4850931,-71.43284,189,0
1db206cd-225f-39b3-bcc6-c8688aef8034,a36dcb53-a762-38d4-ae84-40f46195a6dd,Basil991 Reilly981,M,GENERAL PRACTICE,260 EASTHAMPTON ROAD,HOLYOKE,MA,010401213,42.226424,-72.646798,1,0
d6cb023e-6194-3d78-b220-d2718d8087c0,7489f6e0-fee6-3fff-90b6-444868eb907c,Rubén780 de Jesús414,M,GENERAL PRACTICE,1 KIDDIE DRIVE  SUITE 106,AVON,MA,023221182,42.130150349999994,-71.05720685110387,3,0
cc6e269a-33b1-3ea3-83a7-272a19e77581,545dcda5-7471-374e-9251-b4b685197d3c,Lezlie553 Koss676,F,GENERAL PRACTICE,175 CONNORS STREET,GARDNER,MA,014402637,42.5730593,-71.99713285,49,0
9db3de4c-3628-3c38-ba55-f7d8027130f5,1e11392b-1278-3e70-93cd-f396cbd0c265,Gerry91 Block661,F,GENERAL PRACTICE,115 LINCOLN ST,NATICK,MA,017607700,42.2843753,-71.3441395,231,0
a1a9debf-2bbf-3978-9db1-76dabd067591,6cf8a214-8d57-3267-85e5-7719e15cd63e,Cindie288 Zulauf375,F,GENERAL PRACTICE,170 MORTON STREET,JAMAICA PLAIN,MA,021303735,42.299067750000006,-71.10124351911541,23,0
93c10591-fdc1-3729-8ce7-3156f744e5c8,0fedae9f-701f-3317-9b2f-69aea2202cdc,Willian804 Batz141,M,GENERAL PRACTICE,88 EAST NEWTON STREET,WINTHROP,MA,021522715,42.3750976,-70.982827,144,0
9f60c80d-12b0-3a93-99d9-b2196f65a593,19816ebf-3526-3d7e-af24-c99f3526cd47,Ona426 Hauck852,F,GENERAL PRACTICE,859 WILLARD ST,QUINCY,MA,021697469,42.227898,-71.031555,35,0
7ad1b6e7-b474-3b67-87db-43ed29711e1a,9ab139f5-d278-31b4-b44e-feffdea65613,Dexter530 White193,M,GENERAL PRACTICE,88 ROUTE 6A 101,SANDWICH,MA,025631866,41.764922,-70.502215,7,0
2fa3bc8f-7061-34cc-8846-8dc01e391f4a,59b83717-c85e-30fe-bdf7-3717c490afb2,Terica746 Wolff180,F,GENERAL PRACTICE,800 WASHINGTON ST,NORWOOD,MA,020623487,42.1886973,-71.2005241,71,0
1baf865c-067e-3dfd-9974-305ecf357cf0,aade280a-3b90-3e48-9648-91109a964a63,Johna806 Klein929,F,GENERAL PRACTICE,909 SUMNER ST,DARTMOUTH,MA,027473826,41.6332267,-70.9879928,175,0
2ca22e6a-7d76-3095-8815-c3950607fdd7,981338c4-287c-3621-bc45-8b0b9f1b8922,Denis399 Kohler843,M,GENERAL PRACTICE,640 BOLTON ST,MARLBOROUGH,MA,017523999,42.3658183,-71.55914630258509,229,0
d3d57381-0fc1-3785-afa9-7f09b7d8e5e4,96e9e829-0b71-3ad3-8b41-60e25b5d47d7,Doyle959 Crooks415,M,GENERAL PRACTICE,111 ORIENT AVE,EAST BOSTON,MA,021281006,42.39055278090538,-71.00587148689957,1,0
a0af0e19-d9c4-30a3-b7dc-5521556147bc,7a3b8310-02eb-3c47-aa1b-3f55b3ed9de9,Lauretta754 Dare640,F,GENERAL PRACTICE,6 HATFIELD ST,NORTHAMPTON,MA,010602545,42.333172950000005,-72.6566355591273,7,0
93987a41-7349-32f2-922e-d9301f384811,0f9d1260-db33-3483-b2b6-5483cfcb739c,Felipe97 Lebsack687,M,GENERAL PRACTICE,361 WOODWARD ST,WABAN,MA,024682027,42.326011949999994,-71.2254251580706,26,0
e003399a-401c-378b-ab5d-469638fb844d,440fa4b8-c731-3cf5-81d9-aa3f30a37b95,Joanna347 Abbott774,F,GENERAL PRACTICE,41 & 45 MALL ROAD,PEABODY,MA,019602901,42.5278731,-70.9286609,257,0
59542574-84a5-3ca5-999f-8894298f42c3,0fab3c4e-a028-39a6-b15a-be5a88b6aa2a,Agustín529 Gaona896,M,GENERAL PRACTICE,222 STATE STREET,LUDLOW,MA,010563437,42.15547415,-72.47222226666076,135,0
240099f2-5a0e-3e43-a696-d07bb008b6ab,3b021cb6-4745-3d9d-8436-230055f770bd,Horacio317 Collado928,M,GENERAL PRACTICE,148 CHESTNUT ST,NEEDHAM,MA,024943238,42.27728075,-71.23665362814043,92,0
bc3663c9-506d-374c-8348-14e6feea19c6,ce53c877-0290-390a-b4b4-2462001a1713,Anabel269 Hilll811,F,GENERAL PRACTICE,847 ROGERS STREET  SUITE 201,LOWELL,MA,018524345,42.6275246,-71.27673639687623,4,0
3d40c37b-968a-33dd-b04d-f17ff5fa0a88,34f0b10a-5e29-31de-a75e-e0bb03c0c0d4,Dierdre747 Leuschke194,F,GENERAL PRACTICE,56 COLPITTS RD,WESTON,MA,024931568,42.36610065,-71.3036759,28,0
c76d6518-b931-3175-8223-8a65ecf13601,e9a24be5-b0a3-3fd2-a606-dd13498024ea,Darwin703 O'Hara248,M,GENERAL PRACTICE,85 E MAIN ST STE A,NORTON,MA,027662307,41.971697,-71.17689334021827,18,0
9ca8caa8-a57b-396e-8314-793ab19255af,57e4e5fa-d68d-3caa-a5ad-37beb1b51207,Abdul218 White193,M,GENERAL PRACTICE,800 WASHINGTON ST,NORWOOD,MA,020623487,42.1886973,-71.2005241,46,0
1f51e23d-8639-3959-9650-1a2fe3041b2f,2befa435-3070-3350-a15c-e43ac1e84b24,Teressa589 Schuster709,F,GENERAL PRACTICE,575 BEECH STREET,HOLYOKE,MA,010406604,42.20105435,-72.628169560868,11,0
97974f84-89db-3f3b-8145-e0fcea4059d0,c92cc255-6778-3307-8092-987d667be4ce,Codi873 Bogisich202,F,GENERAL PRACTICE,89 FOSTER ST,PEABODY,MA,019608925,42.5278731,-70.9286609,70,0
ebb4279f-0035-3b69-922a-7b647c99409e,00ffb204-07b4-3c72-a678-fa252e6cf86c,Kathlene786 Satterfield305,F,GENERAL PRACTICE,450 BEDFORD ST,LEXINGTON,MA,02420,42.47370735,-71.25090005,115,0
3a3d9d88-1a66-3643-a339-bf828dcf54ff,b8421363-9807-3b16-a146-95336eea5cfb,Cleveland582 Kuphal363,M,GENERAL PRACTICE,30 LOCUST ST,NORTHAMPTON,MA,010602052,42.33032115,-72.65330802608176,470,0
b71eb5b7-e8d0-3bfa-89f2-039e2afc5840,945104f1-4b95-3eed-bd02-5efa0afbf34d,Lauri399 Keebler762,F,GENERAL PRACTICE,20 CENTRAL AVE # 506,LYNN,MA,019011201,42.46410018181818,-70.9465129090909,3,0
5cb74165-06ec-32ac-8ffd-54434d0fce65,3076e02a-deac-3e81-96a9-1d32cbda6fca,Randy380 Kilback373,F,GENERAL PRACTICE,59 EASTWOOD CIRCLE,GARDNER,MA,014403901,42.567006649999996,-71.97817904424542,3,0
78215190-884a-3f27-ac08-ad2db1caf5ee,e854f053-5621-31fa-afa1-29040b0d7466,Zane918 Ferry570,M,GENERAL PRACTICE,1575 BLUE HILL AVE,BOSTON,MA,021262122,42.2698727,-71.0940406,43,0
cd46b8c2-b5de-3c33-917f-d82ec8069b90,fbd4ccdf-2fdb-3652-9bbe-1ccff886bd34,Tana168 Collins926,F,GENERAL PRACTICE,320 CENTRAL STREET  UNIT A2,SAUGUS,MA,019062372,42.4632069,-71.0093761,9,0
91d8bfdb-9672-3a90-b165-5d966c3a3d35,e6cc6043-299a-3581-8f6b-b3b5d62c46ae,Fritz267 Farrell962,M,GENERAL PRACTICE,532 SUMNER AVE,SPRINGFIELD,MA,011082458,42.08631583333334,-72.55792579166666,48,0
0106569e-a62c-39f7-a34e-186097a65060,b9e35b8a-9831-32d8-a6dc-d7a546c126b0,Domenic627 Blick895,M,GENERAL PRACTICE,111 HUNTOON MEMORIAL HIGHWAY  1ST FLOOR,SPRINGFIELD,MA,011092550,42.1018764,-72.5886727,8,0
59223082-3aac-3d66-a60f-0ccd1bc87cd1,18df2721-3f76-3f83-94d5-63597cedd298,Gail741 Romaguera67,M,GENERAL PRACTICE,909 SUMNER ST,STOUGHTON,MA,020723396,42.1005097,-71.0830269025407,56,0
3792f9ca-69c1-3970-8792-a59427c150e0,38508743-50d1-3429-8fe2-37e42ddaf20e,Marth98 Mayer370,F,GENERAL PRACTICE,164 HIGH ST,GREENFIELD,MA,013012778,42.595268700000005,-72.59288632376354,96,0
5425da27-a2f6-3284-9667-213e290eb99e,dd3307db-114c-3f11-be44-a9eef6bb3fc5,Evelin941 Ratke343,F,GENERAL PRACTICE,269 UNION STREET,LYNN,MA,019011201,42.4652772,-70.94362420273097,49,0
ba899964-c21f-38f5-95bf-30c9b75cb872,36d96ba1-1b43-3fda-b4b0-84205d5b3a16,Kurtis994 O'Conner199,M,GENERAL PRACTICE,10 BELLAMY ST,BRIGHTON,MA,021351502,42.354847649999996,-71.16853348093532,2,0
a8dd1c9d-00d6-3ca8-b776-4c75b1e77d94,f2068cee-c75c-321d-9b2c-c33535db89c9,Charles364 Prosacco716,F,GENERAL PRACTICE,32 BOSSI AVE,RANDOLPH,MA,023682002,42.20017865,-71.0582074,79,0
d74ac680-9421-39f6-afb6-68e5004f0652,15d4c950-4691-3996-b4c4-bf06bfb58ff7,Alvin56 Crona259,M,GENERAL PRACTICE,70 EAST ST,METHUEN,MA,018445883,42.7285558,-71.16833738237946,47,0
d2a09bad-cf8d-3e27-80d6-895ae273e365,2e8b42f8-4300-30a9-a576-d513d1021a0a,Beverlee316 Haag279,F,GENERAL PRACTICE,600 CLARK RD,TEWKSBURY,MA,018761699,42.63120935,-71.27023603178071,40,0
1c56c5f2-fc5d-389c-9b8b-a7a7d67468d4,d140ed3f-2696-3e78-bd77-1c959ec4fc4d,Jamal145 Marks830,M,GENERAL PRACTICE,863 HATHAWAY ROAD,NEW BEDFORD,MA,027401916,41.6512968,-70.9669902070805,13,0
53cd012e-3e88-3b8e-949f-ffa8552f44a4,4ff8b164-4cf5-3ab4-b0f2-7ce8fda920e5,Latrisha74 Mante251,F,GENERAL PRACTICE,800 WASHINGTON ST,WORCESTER,MA,016550002,42.180483,-71.867782,32,0
0c0a0085-75e3-31fb-843d-a2a7845f62c8,bccd7d67-203c-3d93-b6b0-bff5a146cd1d,Paulene52 Kihn564,F,GENERAL PRACTICE,286 WASHINGTON ST,STOUGHTON,MA,020721763,42.1384306,-71.1022598,33,0
6eecb603-df0c-3b56-98f2-eb719603c527,63cb4d95-04a9-3a35-b5d9-f89e0377a48d,Thanh759 Weber641,M,GENERAL PRACTICE,211 PARK ST,ATTLEBORO,MA,027033143,41.9419187,-71.2752081695297,242,0
fb7fcec0-addd-38ab-af7e-ed559fe59a12,6e290541-eba3-37fc-a3e2-e58f77e84c7e,Christeen33 Toy286,F,GENERAL PRACTICE,15 LENOX ST.,SPRINGFIELD,MA,011083122,42.085779,-72.55846414285715,19,0
ceb6bf97-bdce-314f-9223-4525ee4c8e70,a2a41caf-758f-3962-8e5f-e6e603f93d17,Rhett759 Padberg411,M,GENERAL PRACTICE,111 HUNTOON MEMORIAL HWY,ROCHDALE,MA,015421305,42.2020225,-71.89891616754682,317,0
54ebffd5-3ebd-37f4-bf18-ed5630e6ab8f,ce5a2589-44ba-3e2f-ac0d-76c482da6091,Idalia306 Moore224,F,GENERAL PRACTICE,178 LOWELL STREET,LEXINGTON,MA,024202719,42.438544300000004,-71.19310317632329,1,0
5a58b077-13d3-37ee-86fa-12ccdf375228,db28cc9a-fdfb-35a6-aef7-ab9b933ef244,Clement78 Gleason633,M,GENERAL PRACTICE,8 DANA STREET,CAMBRIDGE,MA,021385402,42.3694992,-71.11011030010101,1,0
c947042c-c2be-3354-9f28-e1d9aab47b6e,844a8cb2-4164-35b2-88b8-dffa2889a738,Shemeka786 Conn188,F,GENERAL PRACTICE,150 UNIVERSITY DRIVE,AMHERST,MA,010022232,42.368937,-72.53247107203978,5,0
43c4717a-6277-3a5d-8a35-2d92a03be83c,a6fb79e7-4abb-3a68-b62d-e501427fdca4,Barb55 Renner328,F,GENERAL PRACTICE,489 WASHINGTON ST STE 202,AUBURN,MA,015015709,42.187836,-71.83104,77,0
e4361dae-0c17-388c-9a7c-909c45953610,756ed90d-15f4-377d-b99f-ca1de5633481,Cathleen724 Runte676,F,GENERAL PRACTICE,115 HOLLISTON ST,MEDWAY,MA,020531954,42.158983899999996,-71.41067830029175,1,0
3becbb00-3efe-3e7b-a515-0a6c7a19b4d3,9d0e702d-50a0-3f4c-9126-0951d560fd4b,Hellen346 Roberts511,F,GENERAL PRACTICE,189 MAY ST,WORCESTER,MA,016024339,42.25986305,-71.83597786023279,54,0
f44fe771-5dab-3d3c-a67d-1160d9ec02a0,ea8d287f-b3a9-3800-8798-788e334ee406,Palmer257 Kuphal363,M,GENERAL PRACTICE,81 HIGHLAND AVE,SWAMPSCOTT,MA,019072928,42.4699241,-70.9171507,63,0
5be21f1c-d58b-3ec2-a2b9-ff5791145076,c7542447-e06e-32cb-b6db-243c23a0dbc2,Chantell995 Krajcik437,F,GENERAL PRACTICE,30 WARREN ST,BOSTON,MA,021353602,42.3501483,-71.14393324457691,115,0
de7889db-7f52-3788-a463-10106377b098,d9fe2c9c-135e-3da3-8de8-1a0ff165d886,Bettina657 Marquardt819,F,GENERAL PRACTICE,1430 MAIN ST,WORCESTER,MA,016091121,42.2492003,-71.92931780325071,24,0
dcaeffc2-76df-3ac0-8c84-c5b0138456bf,9d2a1656-0f4d-30d1-bc63-eb365a05529c,Maynard46 Ward668,M,GENERAL PRACTICE,235 N PEARL ST,BROCKTON,MA,023011794,42.09805395,-71.0609587194362,18,0
bf3415a5-4c8d-3508-b1d2-06766a9f3a1c,9203d0d2-ca7d-3421-9361-974402ffb561,Shelby741 Shields502,M,GENERAL PRACTICE,58 OLD NORTH RD,WORTHINGTON,MA,010989708,42.414246,-72.93841842197347,30,0
306f9cc6-45ce-314b-a3ea-12b21bfe875e,065eba51-cef7-3976-8654-ba8e7df887ce,Lyndon118 Block661,M,GENERAL PRACTICE,1165 NORTH PLEASANT STREET,AMHERST,MA,01002,42.40927615,-72.52971238527101,21,0
f84ed081-bd15-307f-899d-7451cf41adaa,73c7eaf8-f8b3-383f-b3e1-4d8ff5ca255d,Nicki254 Bartell116,F,GENERAL PRACTICE,161 FALMOUTH RD,MASHPEE,MA,026492662,41.6314877,-70.46769809885944,1,0
0384bed2-f600-3c08-8288-90da2cf99f7f,6873525f-1680-3ceb-b536-270d44b46e2e,Raymond398 Nicolas769,M,GENERAL PRACTICE,500 COLUMBIA RD,DORCHESTER,MA,021252322,42.3147979,-71.067633,27,0
ed3a9c62-c61e-3ecc-bb3c-c02137d9b172,9fbf3c5e-5f22-3b9f-9032-39d6de320874,Rufus33 Langosh790,M,GENERAL PRACTICE,150 FLANDERS RD,WESTBOROUGH,MA,015811017,42.2770724,-71.5679154706427,2,0
5396b9e7-87ed-3374-8d64-b195d94b2a75,f8918a95-31e8-3ac4-8d12-29ca6080ebda,Domitila545 Vandervort697,F,GENERAL PRACTICE,199 REEDSDALE RD,MILTON,MA,021863926,42.251368299999996,-71.0768393856917,256,0
648e059a-4983-3d0f-beb7-b0782675a9d7,8d5880eb-1dd8-31ea-b7c5-21709f3bb341,Jared66 Satterfield305,M,GENERAL PRACTICE,50 ROWE ST,MELROSE,MA,021763201,42.4592093,-71.06078096379728,88,0
220e34c0-7d35-3296-9c12-ec259dafe01b,0ec04450-c150-322d-b2c3-1449d672a23c,Gloria696 Esparza426,F,GENERAL PRACTICE,110 W SQUANTUM ST,NORTH QUINCY,MA,021712122,42.27259075,-71.03082765,47,0
0dc8d86e-e238-34f2-9210-6c08a44f0ffb,ed15e49b-cf32-3534-ab69-4ac95f445185,Tera136 Cummerata161,F,GENERAL PRACTICE,154 HUMPHREY ST STE 2,SWAMPSCOTT,MA,019072512,42.46782265510134,-70.91636048298452,10,0
d0b42414-4bcf-3675-a042-39d22a775b76,3ff0f58b-7a1f-3334-9449-ff15f68b7d86,Winston220 McCullough561,M,GENERAL PRACTICE,275 SANDWICH ST,PLYMOUTH,MA,023607761,41.94186605,-70.6455366462985,49,0
08bc3656-ec72-3961-a11a-f9741aed03e5,4e0ec952-dd08-359e-87af-b13809b955ac,Bryon392 Mills423,M,GENERAL PRACTICE,37 DERBY ST,QUINCY,MA,021697564,42.2509914,-71.0037374,66,0
04042329-5205-3aee-9a76-fcd92429f0a1,70e3ad4f-b9ff-3f3e-9990-2cd7e23a9d1c,Tambra47 Bosco882,F,GENERAL PRACTICE,1238 RIVERDALE ST,WEST SPRINGFIELD,MA,010894675,42.1373438,-72.62624707492338,1,0
f57822d8-6092-3bb2-9889-8ead22dc195a,80458ace-5754-39b0-807a-1a5b119cb5bb,Wilbert25 Nolan344,M,GENERAL PRACTICE,11 PONTIAC AVE,WEBSTER,MA,015701629,42.06282535,-71.87016198711046,1,0
223115c2-bc48-355f-aacf-924cb59684e6,dd280187-8662-3732-af81-595d10572911,Mertie42 Lakin515,F,GENERAL PRACTICE,4499 ACUSHNET AVE,NEW BEDFORD,MA,027454707,41.74026055,-70.9450945705336,198,0
f8b7c280-9c8e-3cdf-8c5f-a9e360c85d73,a6964d47-8af0-3df2-b99d-d8414eb1cfa3,Adrienne302 Schiller186,F,GENERAL PRACTICE,200 MAY ST,SOUTH ATTLEBORO,MA,027035520,41.924394750000005,-71.36076410900014,160,0
85b07cd7-0f65-387c-908e-0340b00f9719,e2a4a148-7e7e-3df4-aa79-1835caf7baea,Nada112 Grady603,F,GENERAL PRACTICE,472 MAIN ST,ACTON,MA,017205953,42.4861111,-71.4335468,32,0
4ea3d301-0e3e-388b-b371-e03b999949cf,089bceb2-0ecb-3650-95e9-e7260248b809,Estella474 Reynolds644,F,GENERAL PRACTICE,50 W MAIN ST,HOPKINTON,MA,017481672,42.22029125,-71.53814854921914,14,0
be13b63b-f3bc-3325-8095-ce9ecaaf3d8c,63b4f233-fb49-3b1e-a17c-2d572367b131,Tanika746 Baumbach677,F,GENERAL PRACTICE,2222 CENTRE STREET,WEST ROXBURY,MA,021324034,42.27370345,-71.15856364656862,41,0
9da6eb32-0328-3919-9fee-086d31645fdc,9d989fcf-4ad9-3972-ada3-f275d967781e,Cristi782 Miller503,F,GENERAL PRACTICE,100 TER HEUN DR,SANDWICH,MA,025632377,41.7579043,-70.4968152,163,0
18529e11-010a-3398-ab9b-cc696ccb2427,87472bc2-7c23-37cc-8355-7f3e88614b6b,Leilani136 Kris249,F,GENERAL PRACTICE,305 MAPLE STREET,EAST LONGMEADOW,MA,010282765,42.059258494749486,-72.53388585052694,11,0
7a2dccb8-c5af-35ee-8e23-cd22ec4e5cbb,b69bccdc-5ad3-3ded-a018-3cd8f369c9d2,Marleen824 Ziemann98,F,GENERAL PRACTICE,120 S MAIN STREET,CENTERVILLE,MA,026323246,41.649898300000004,-70.34309844876677,8,0
e604978d-9fc5-38fd-8f9d-fe363b34a09e,af3871c3-2098-3051-bcb7-8a919e194a16,Stephane228 O'Conner199,F,GENERAL PRACTICE,97 LIBBEY PKWY,WEYMOUTH,MA,021893110,42.19322885,-70.94589987654936,3,0
2ad6ea65-7460-3668-8431-47d88cda6061,a2cc09de-c1e2-3126-8c09-d49f95225281,Cristi782 Leannon79,F,GENERAL PRACTICE,300 LONGWOOD AVE,WALTHAM,MA,024532741,42.3756401,-71.2358004,68,0
5499f328-18bb-33d7-904b-ed42c1fb187e,9f2f60a6-87a4-3f45-b753-b63b5b7e9993,Raul814 Considine820,M,GENERAL PRACTICE,332 HANOVER STREET,BOSTON,MA,021131901,42.3647421,-71.0536619,77,0
633ec72a-485e-3760-9626-13218818f983,ab16be57-62ea-39a5-8f7a-ee1285cf6934,Ciara810 Gibson10,F,GENERAL PRACTICE,115 MILL ST,PETERSHAM,MA,013669503,42.4865962,-72.1893057,188,0
ab14ca79-7c17-3e18-aa13-83e4326fa0b5,f341c366-8313-3790-ab26-d8d27b116ff5,Odell776 Greenholt190,F,GENERAL PRACTICE,80 LINCOLN STREET,WALTHAM,MA,024535465,42.39322121170625,-71.24104146434591,22,0
0bcbbc55-f9da-3bd0-aa11-dcd531b408c8,0519b293-2e92-3eb3-aeef-233da0babc93,Joslyn677 Friesen796,F,GENERAL PRACTICE,40 PARKHURST ROAD,CHELMSFORD,MA,018241511,42.6198215,-71.36189212971482,6,0
51eb71ba-fcf8-3d33-9751-f74ba3693cdc,afc661fd-71d9-3fc3-adf2-3fc3b5e8a140,Leontine92 Schmeler639,F,GENERAL PRACTICE,680 CENTRE ST,RAYNHAM,MA,02767,41.9487118,-71.0731008,25,0
2b6337ac-10ef-35b9-ad61-a049200b3a94,06cc2462-430f-3322-9c87-7e971125f510,Kai187 Mann644,F,GENERAL PRACTICE,133 OLD ROAD TO 9 ACRE COR,WESTFORD,MA,018863198,42.5792583,-71.4378411,294,0
23dbccd1-ccee-3116-9f6b-d8f42d91c72d,2b3f6816-b774-3bb5-8654-915e5f712f9c,Dante562 White193,M,GENERAL PRACTICE,1650 WASHINGTON ST,WEST NEWTON,MA,024652241,42.34253672934744,-71.23694527065257,1,0
95cb6207-ed2c-374d-979f-906c521d40ea,db106514-f254-3402-b6a4-6d210c78c7e2,Morris740 Runolfsdottir785,M,GENERAL PRACTICE,211 FRANKLIN STREET,QUINCY,MA,021697833,42.23691085,-71.00237199954586,15,0
1c43dbee-e758-35a8-a539-44d095cad0fd,ee7fab6f-6438-394f-b1f2-3e452f8f055a,Trey250 Satterfield305,M,GENERAL PRACTICE,75 BRIMBAL AVENUE,BEVERLY,MA,019156009,42.570099299999995,-70.87108224250409,3,0
36580304-53a4-34cd-bbdf-8a631c867ee1,79508e39-d0b0-3613-9d54-168f6e1c3a18,Antonette454 Tromp100,F,GENERAL PRACTICE,200 GROTON ROAD,GROTON,MA,014502056,42.577352149999996,-71.57414587343038,13,0
cea1b925-1bdd-3feb-afe5-a3d7b27ec97e,907b1d2f-2bf8-31b5-abc2-14d6b75faa96,Ellis535 Ernser583,M,GENERAL PRACTICE,340 MAPLE ST,MARLBOROUGH,MA,017523200,42.3358161,-71.54106510218209,26,0
477008cf-9d80-3eb6-bac1-53b74b36f7cb,880fad59-9c38-3a21-a39f-ccc801502ab3,Maurice742 Pollich983,M,GENERAL PRACTICE,799 CONCORD AVENUE,CAMBRIDGE,MA,021381048,42.390849395521705,-71.1556550001627,12,0
0f729508-c9d7-32fb-b829-4c95f710fdf2,352f2e3b-0708-3eb4-9f7e-e73a685bf379,Araceli695 Willms744,F,GENERAL PRACTICE,157 UNION ST,SOUTHBOROUGH,MA,017721215,42.3056501,-71.5245087,451,0
5fe9cc99-f14a-3e43-a74f-e131d2cbb3e3,a2d45ee8-b930-3169-b612-f602961ad212,Florance664 Leannon79,F,GENERAL PRACTICE,37 MINUTEMAN WAY,SHREWSBURY,MA,015452229,42.288207,-71.73443816915585,29,0
443f9fa8-6148-3b29-ae0d-edcdd1b69f2c,a767ef82-13a7-356f-8fb8-5e8869426bda,Palma671 Willms744,F,GENERAL PRACTICE,3 HARVEST CIR,LINCOLN,MA,017733213,42.44715,-71.319067,1,0
40e0c771-4a44-3e74-8d16-07c82d55734a,10ffe7b1-2f94-3f12-9288-679da05a1ec9,Odessa199 Hintz995,F,GENERAL PRACTICE,133 LITTLETON RD,WESTFORD,MA,01886,42.57056335,-71.41736646422413,128,0
7651ae63-4bed-376f-a7e1-e2ceaca4e207,e98ef46c-e94c-34bc-9cf5-134d8ddcbac5,Jamey282 Olson653,M,GENERAL PRACTICE,10 EMORY ST,ATTLEBORO,MA,027033002,41.9447388,-71.27972821642685,3,0
9ad90dd2-5725-344f-9d8f-974f6c4366e7,fa34d205-5ac2-3ba2-80a4-bef345dc57f5,Lamar193 Daniel959,M,GENERAL PRACTICE,37 BROADWAY,ARLINGTON,MA,024745552,42.408086,-71.135914,1,0
f0447b75-b66e-388c-8948-dd1aa24ea2a5,fb4a08b8-57ee-382b-b3cb-43d94f1bb4c0,Theo630 Hammes673,F,GENERAL PRACTICE,1010 SOUTH MAIN STREET,FALL RIVER,MA,027242855,41.690775450000004,-71.16515282264554,94,0
509ba0fc-5c1b-36f5-b152-92e7068df882,2b97893e-dc50-378b-a266-f089b8450329,Gary33 Torphy630,M,GENERAL PRACTICE,250 MOUNT VERNON ST,DORCHESTER,MA,021253120,42.3194571,-71.04610844302991,43,0
14b909df-ec6d-3795-93a0-1d1e99bc45ea,d0894f6b-78d7-338d-82ad-b63de4d40014,Dewayne363 Lemke654,M,GENERAL PRACTICE,330 MOUNT AUBURN STREET,WALTHAM,MA,02452,42.3756401,-71.2358004,14,0
4c011c11-e45f-3bd8-8713-075c0a63ebb4,310d02fb-ba0c-3b5a-9ab3-8d7bb8e7b661,Felica690 Farrell962,F,GENERAL PRACTICE,709 WASHINGTON STREET,CANTON,MA,02021,42.1561851,-71.1452049,75,0
cbda2d01-1114-3e5c-8ee1-333c52cebc73,3d5fbf38-c781-3e04-8c7e-5a402611b7d4,Vito638 Barton704,M,GENERAL PRACTICE,260 ELM ST,SOMERVILLE,MA,021442951,42.3955992,-71.1227391,143,0
a9cab53a-d4e7-3d95-ac3f-8d6aa873ff42,fd5342f0-10c0-3f48-9c7e-7100a64db139,September423 Abshire638,F,GENERAL PRACTICE,30 PRINCETON BOULEVARD,LOWELL,MA,018512405,42.6353691,-71.3322833,3,0
738c922e-51f1-3235-9ed9-9ce63a52ae47,e119dcbb-0c33-3ec1-bf97-5f477799e5cb,Karey608 Kerluke267,F,GENERAL PRACTICE,312 MILLBURY AVENUE,MILLBURY,MA,015273622,42.22515325,-71.75735371350069,1,0
d345e687-967e-3b4d-b9f8-c0962ae79c12,2f67494e-f17e-3248-ba68-3ca42913cca1,Majorie11 Bergstrom287,F,GENERAL PRACTICE,184 MAIN STREET,FAIRHAVEN,MA,027193259,41.646106,-70.90865208079187,13,0
f92af59e-0a1b-38b9-aa3b-aec8f198de41,88975fd9-b47e-3af6-af78-c58e1ecf0d5e,Barry322 Feil794,M,GENERAL PRACTICE,115 W SILVER ST,WESTFIELD,MA,010853628,42.1178811,-72.75935246865802,21,0
566be322-3c51-38df-a53e-4990d5d29804,52efa2e5-007f-3396-a83a-28ca015f0595,Walton167 Turner526,M,GENERAL PRACTICE,20 N PARK AVE STE 2200A,PLYMOUTH,MA,023604090,41.960434631488596,-70.67007876763536,1,0
f3b43c57-6418-37d2-bf8f-ca07d1e32883,19439108-9835-38fe-8ee2-1226a355cfba,Anderson154 Kunze215,M,GENERAL PRACTICE,694 WORCESTER RD,WELLESLEY,MA,024822837,42.2964859,-71.2925571,3,0
e8d2f541-9bd2-3c96-94ad-364fbd114c4d,b5789b71-fc8e-3b7e-9eb2-3fc577943117,Elvia127 Miller503,F,GENERAL PRACTICE,81 RESERVOIR DRIVE,ATHOL,MA,013314901,42.581152349999996,-72.18775715069674,34,0
99af063d-82f3-352d-9702-77801aa21087,94ac48ba-e215-3ab9-ba88-a0b926d29cef,Barton704 Hahn503,M,GENERAL PRACTICE,300 WINTHROP STREET,MEDFORD,MA,021552311,42.421527,-71.11834,24,0
a50ff34d-d993-3f4e-8179-a13a21a0c580,b3f4de6b-901d-3856-ba81-35dc48a63d17,Jeana169 Cronin387,F,GENERAL PRACTICE,451 ANDOVER ST STE 205,NORTH ANDOVER,MA,018455079,42.6734518,-71.1268776,20,0
dfee6458-f7c1-3456-92fe-a6c296ff27d4,4ba48ef6-19f2-3177-bfaf-096daaebf26a,Norma469 Naranjo39,F,GENERAL PRACTICE,275 TURNPIKE ST,BRAINTREE,MA,021845328,42.2064195,-71.005067,76,0
ec3f9d9c-bfb0-3e39-9222-d848162fd7b1,e5ce3b83-f5e6-308d-aa64-82539fc2d906,Kyong970 Dach178,F,GENERAL PRACTICE,1842 BEACON ST,BROOKLINE,MA,024451922,42.33728028715071,-71.14536064081996,1,0
d5077b9f-4086-3e59-a67a-bc1fe18cfb86,0a8a4b11-d0b8-3cd2-92cd-983de5189cfa,Del587 Nicolas769,M,GENERAL PRACTICE,111 BIRCH STREET,LYNN,MA,019021574,42.47859105,-70.93458444045801,16,0
eadd580a-6718-31f4-80dc-4c1dd39b9686,335fe080-43f9-3219-84bd-031c4fcfe9d5,Claud279 Hilll811,M,GENERAL PRACTICE,146 PARK AVE,ARLINGTON,MA,024765829,42.421350950000004,-71.18224816367342,2,0
d77bbf0b-2a10-3f9d-80bb-542bc06b50ab,7b7ce654-a413-37d1-9d34-97240c0ac580,Liberty95 Kihn564,F,GENERAL PRACTICE,1 WRENTHAM ST,BELLINGHAM,MA,020192532,42.025037350000005,-71.48945118224057,23,0
8005ee65-007b-3e4b-aea4-91cd328e79e7,93bf4a6b-8fb3-3a1e-9be6-4958736f2bfb,Kory651 Trantow673,M,GENERAL PRACTICE,1102 WASHINGTON ST,BRAINTREE,MA,021845438,42.19876545530798,-71.00672788298964,3,0
ec261867-47ef-34f0-bdf5-1bdaf8f2e190,7b20d1c4-c56b-3647-801c-5e4e13679073,Mozell819 Prohaska837,F,GENERAL PRACTICE,275 SANDWICH ST,PLYMOUTH,MA,023602183,41.94186605,-70.6455366462985,270,0
201babbc-f582-307b-9670-cbc7d3919471,3e97ce4f-3ad7-3cea-883f-e2bb4ca89d83,Dan465 Swift555,F,GENERAL PRACTICE,30 NEW CROSSING RD,READING,MA,018673270,42.51809619399502,-71.0959083715027,1,0
d91693ce-fb89-3160-bae1-fb40aa0e391f,c60fc3df-9dbd-3f31-a456-41c84490266f,Booker670 Johnson679,M,GENERAL PRACTICE,146 MAC ARTHUR BOULEVARD,BOURNE,MA,025323902,41.7412166,-70.5989196,7,0
5d085536-d066-30d1-b851-3f5a18142127,c0132cf6-1703-3aad-89b4-cc2f2bbc123e,Neville893 Schoen8,M,GENERAL PRACTICE,66 NEWTON STREET,WALTHAM,MA,024536058,42.3746705,-71.22789736306842,5,0
c2e3b307-44ca-3d43-9eb2-4e0af0570664,d5920b72-ac1a-3ec4-81ca-e3b75cb7aadd,Donovan745 Daugherty69,M,GENERAL PRACTICE,251 Causeway St.,Boston,MA,02114,42.3665,-71.05931,740,0
24685d4d-1a4f-36fc-ab34-88dbdcda8748,4f59f709-8b84-3d27-a04b-c6b7b5544413,Jamison785 Davis923,M,GENERAL PRACTICE,70 BOLTWOOD WALK,AMHERST,MA,010022271,42.3768779,-72.51840280783739,255,0
82aa7ce1-67e8-37e5-848b-288650d09d40,c4e5b33c-17b8-3f51-a8ba-a327d54e642a,Eloisa55 Arellano2,F,GENERAL PRACTICE,94 N ELM ST,WESTFIELD,MA,010852917,42.1322823,-72.7436679,32,0
5d8a626a-ce29-30d1-89ac-682be80aef25,6d6ef57e-b2ce-3a69-bacf-4305c51834b0,Lesha323 Skiles927,F,GENERAL PRACTICE,186 HIGHLAND AVE,SOMERVILLE,MA,021431507,42.38845955,-71.10666839512322,1,0
fd96799d-b051-36e8-a7ed-29b77b88757e,79d49935-bcc0-36ca-920b-45365c367438,Sherita708 Hudson301,F,GENERAL PRACTICE,409 W BROADWAY,SOUTH BOSTON,MA,021272245,42.336831,-71.047958,95,0
da1eb889-f9e6-3ef2-9239-273c42a88805,0f2c58ec-5323-3c0f-9bdf-af0df7eb2a2b,Mana631 Boehm581,F,GENERAL PRACTICE,130 DORCHESTER STREET,SOUTH BOSTON,MA,021272642,42.3334312,-71.0494949,9,0
e8deabe0-c8b3-33ff-846e-bb1b8255b748,680532c8-2661-3b39-875a-b6ec0746ccf5,Jolyn4 Dach178,F,GENERAL PRACTICE,30 ATHOL ST,ALLSTON,MA,021341124,42.36075595,-71.13397379082869,30,0
7b7ae961-9eee-3355-aeee-bd0d76323f78,cc400ddc-c38d-3604-8d89-cea21555719f,Fritz267 Kirlin939,M,GENERAL PRACTICE,87 CHESTNUT ST,NATICK,MA,017603644,42.293559188306446,-71.35158050924959,24,0
c40b7466-6c36-377d-8a88-278fa5d6f704,51370692-6296-3150-8672-559fc73f964f,Jeromy156 Okuneva707,M,GENERAL PRACTICE,75 FRANCIS ST,WEST BRIDGEWATER,MA,023791542,42.0219112,-71.019004,16,0
9ceeb89b-451c-331f-9d07-17efb125f71d,362cc3af-dcb0-31d0-a2be-a5ba9d016aeb,Muriel394 Tromp100,F,GENERAL PRACTICE,629 SALISBURY ST,WORCESTER,MA,016091121,42.2932691,-71.8390048,1,0
b7d075ed-f55c-33d1-999d-e0ae082f945f,b5b380d2-df21-3389-abf0-08551c7e1f2d,Rueben647 Friesen796,M,GENERAL PRACTICE,85 PATTON RD,DEVENS,MA,014344401,42.5304204,-71.61505519305638,588,0
f4173e24-4aaf-37fb-884c-5b4c64e7822d,7f2ffa4e-e192-3b51-b5ca-81bbf077f160,Zaida719 Krajcik437,F,GENERAL PRACTICE,601 SHERMAN ST,CANTON,MA,020212025,42.1635341,-71.15024107129324,1,0
90373d51-b4c8-3774-ac42-1e90cef9ed89,06376cbe-4880-384b-b459-7ce3eef36ced,Cody889 Ratke343,F,GENERAL PRACTICE,387 QUARRY ST,FALL RIVER,MA,027231026,41.6932713,-71.1402431739568,34,0
9f90873c-6319-317e-b6e5-c89ca96baa2f,b3312a2d-37e9-35a8-b50d-6c165c437baa,Eliseo499 Reinger292,M,GENERAL PRACTICE,45 DIMOCK ST,ROXBURY,MA,021191029,42.32030665,-71.09721114916246,6,0
770f0283-c903-3cd2-99c3-37548fc7d734,2836d9ac-c6a6-39d1-8f13-fdf0fc8928f4,Carlton317 Koch169,M,GENERAL PRACTICE,365 EAST ST,TEWKSBURY,MA,018761950,42.6069472,-71.2180803,151,0
797e6ec9-a6b2-3e36-9dd0-7b1103d61d8f,82c72223-f521-3a34-9b9b-4ff366365399,Margaret865 Reinger292,F,GENERAL PRACTICE,2100 DORCHESTER AVENUE,QUINCY,MA,021691870,42.2509914,-71.0037374,406,0
41be16dd-6e7f-3d3c-bd00-1a3dd4d58169,423ee6a6-6928-3a01-a49d-9687361747a4,Kelley882 Yost751,M,GENERAL PRACTICE,7 LORING HILLS AVE,SALEM,MA,019704267,42.48646565,-70.90338797731044,3,0
a46b4c06-dd75-3c41-9150-51e8c30248c8,04b252db-4231-3cb5-963d-6f096fb4b97c,Horace32 Grady603,M,GENERAL PRACTICE,1177 PROVIDENCE HIGHWAY,NORWOOD,MA,020625019,42.194543,-71.1994976,1,0
8d7614b9-ad63-3b59-9446-3552d647615a,94f6a3ae-7d8d-3cbc-a788-e400732da7e5,Ammie189 Kuvalis369,F,GENERAL PRACTICE,450 WEST RIVER ST,ORANGE,MA,013649603,42.5928702,-72.32953998953418,3,0
7ab73402-862a-3c1d-aa0c-882b02ab0f1a,e2eab39c-5195-34aa-b35f-e89e37cfed01,Miguel815 Roberts511,M,GENERAL PRACTICE,55 FOGG ROAD,WEYMOUTH,MA,021893141,42.175539799999996,-70.9539153674405,158,0
f42c0353-e9a1-3257-95ec-1a21610cb427,4fa8411f-42f8-3353-8947-bf15254c9dee,Jess275 Gutmann970,M,GENERAL PRACTICE,90 GREENWOOD STREET,WAKEFIELD,MA,018804039,42.476321150000004,-71.06922169005762,2,0
bbdc254d-4318-33d5-af0a-f1296135dc49,21989e2e-249c-3b79-acf0-240211e16b4b,Hung902 Ullrich385,M,GENERAL PRACTICE,1290 TREMONT ST,ROXBURY,MA,021203432,42.3327398,-71.09194864251029,56,0
81317652-1cae-3e1e-85ac-d08de3bc4540,a977feef-f585-3fa8-8deb-7e60fc2cab30,Kimbra238 Schulist381,F,GENERAL PRACTICE,2314 MAIN STREET,TEWKSBURY,MA,018763128,42.58023655,-71.19367180835906,3,0
b4acafb1-a38c-34b6-a93e-2a7d969236f7,1de7e7d9-9a7a-3a3f-bf4c-b4de450711f2,Clelia416 Morissette863,F,GENERAL PRACTICE,198 LITTLETON RD,WESTFORD,MA,018863429,42.564282,-71.42620615382347,426,0
09df890c-bda9-3d1e-9275-6e82ec904409,f52777bd-7313-3b27-8dd5-cd3f87bd3275,Larraine124 Torphy630,F,GENERAL PRACTICE,9 HOPE AVE,WESTWOOD,MA,020902914,42.2139873,-71.2244987,29,0
38c8f323-2fb0-3cfd-9c5d-bf5b53b883f2,4705a8fd-19cd-32c1-8b3e-34bcfe84d0bd,Wynell591 Mayert710,F,GENERAL PRACTICE,55 N WASHINGTON ST,NORTH ATTLEBORO,MA,027601607,41.983529,-71.332241,201,0
6e2d17e6-2487-3e75-9a57-b97b98c818d0,f2a6c4f7-f5b2-361a-95c4-3d635b352a46,Marshall526 Lynch190,M,GENERAL PRACTICE,546 SOUTH STREET EAST,RAYNHAM,MA,027671079,41.8984957,-71.03751432894776,1,0
7480bf9c-daee-3853-83d0-d79961d91ed7,578b56de-fe9c-32e1-aea4-876f8bc01e9c,Ollie731 Dooley940,M,GENERAL PRACTICE,49 HILLSIDE STREET,FALL RIVER,MA,027205211,41.707406500000005,-71.14593659462452,38,0
37613a6d-7b83-3ced-aab0-aaa636999bdf,0d7fd824-1c7b-3f8b-a662-f6c2005e82e1,Arminda86 Trantow673,F,GENERAL PRACTICE,88 MASONIC HOME ROAD,CHARLTON,MA,015071394,42.1389039,-71.9782681,5,0
368a2e9e-2464-35c9-8540-d911f25e8431,792f1ce2-3420-3f91-bd8c-ce680ef4c5d2,Ervin886 Leannon79,M,GENERAL PRACTICE,309 DRIFTWAY,SCITUATE,MA,020661905,42.1766448,-70.74318482072749,1,0
a7b7e6b8-b3ca-3d8c-bb3a-0c69534e8c33,83445caa-116b-3a1e-a75e-8104d321c4c3,Cythia210 Crona259,F,GENERAL PRACTICE,315 MAIN ST STE 101,NORTH READING,MA,018641326,42.596733799999996,-71.11988300141903,29,0
6ce6f6f6-1c2f-3672-b268-74d24a3f2885,a2df2aea-9c53-31f4-baea-02ea5ea1e553,Leon728 Lehner980,M,GENERAL PRACTICE,95 LAUREL STREET,GREENFIELD,MA,013013106,42.58163075,-72.61795013515538,6,0
b8880ad4-1fbc-3430-8a18-16e1fbc3e4f4,1214a335-7c67-3a89-8066-6398b0f92717,Julio255 Ibarra303,M,GENERAL PRACTICE,1190 VFW PKWY,WEST ROXBURY,MA,021324208,42.28120455,-71.1703629049206,1,0
a4206658-5102-3e94-b810-1fe4253e2695,41e2a44c-477c-3511-96f9-12c476aa3b6a,Latoyia537 Lindgren255,F,GENERAL PRACTICE,85 E NEWTON ST,BOSTON,MA,021183553,42.336277100000004,-71.07085295687423,144,0
69637e11-18d2-3ea2-8bc8-0dc22b8506f3,9d41e4fc-9507-3ddb-82ad-966046fca031,Cleo27 Lehner980,M,GENERAL PRACTICE,104 RANDOLPH ROAD,WORCESTER,MA,016062465,42.29955605000001,-71.79838133819244,5,0
a4577918-d589-3256-8900-c7b1b4d5ff54,4956f573-3dc2-3a67-9692-2f57451744e6,Kathe603 Davis923,F,GENERAL PRACTICE,400 BOLTON STREET,MARLBOROUGH,MA,017523912,42.35966285,-71.55290125539051,64,0
5185601f-bc31-3476-8b52-32f4791ca495,c1986c0c-f756-3596-8f90-08adacf220fe,Dong972 Auer97,M,GENERAL PRACTICE,73 CHESTNUT STREET,SAUGUS,MA,019061605,42.4573919,-70.9918055,5,0
77cb5aaa-b57e-3693-b58c-2d0144c4ecef,ad2dab07-4f85-3950-baaa-7c7cd2aa770c,Gertrud593 Kuhic920,F,GENERAL PRACTICE,55 LAKE AVENUE NORTH,WORCESTER,MA,016550002,42.2774799,-71.76166994969458,1,0
ae671861-85a6-32d0-b849-2ceb01bdd527,67d2f85b-ddc7-3ed0-b90b-6fa5b7b8358a,Norah104 Jenkins714,F,GENERAL PRACTICE,43 FOUNDRY AVE,WALTHAM,MA,024538313,42.37050535,-71.21908334877376,26,0
47490a2b-6762-3b8d-9b16-ae508d1940ad,d3335d07-2a2c-35d7-9b87-c022393b6793,Joaquín233 Ulibarri312,M,GENERAL PRACTICE,137 NICHOLS STREET,NORWOOD,MA,020622009,42.1930792,-71.20868232395514,1,0
f9f3fae4-dc84-35d4-a047-9dc30de38319,0d1570ab-371c-3898-9397-95905d8c5166,Santina680 Dicki44,F,GENERAL PRACTICE,750 WASHINGTON ST,BOSTON,MA,021111552,42.3499038,-71.0631836,237,0
ebf6da27-e925-3221-b2c1-951b9b1cc3b2,1853aeef-5897-326a-80d6-aa4b0459eb6d,Kendra609 Kassulke119,F,GENERAL PRACTICE,381 WICKENDEN ST,ATTLEBORO,MA,027032247,41.9438129,-71.2806515,39,0
89b34bad-e97c-3284-9d51-7f596bd68276,22fa6d28-92b6-3446-a388-f5aba50debaf,Clarence5 Robel940,F,GENERAL PRACTICE,123 CAPTAIN'S ROW,CHELSEA,MA,021504019,42.3917638,-71.0328284,3,0
df8de344-3c4e-3644-97df-a5f65e0856f7,c0a33465-d309-3d2a-932e-9d554a7cc19c,Veronika907 Rogahn59,F,GENERAL PRACTICE,100 CENTURY DR,WORCESTER,MA,016061244,42.3138278,-71.7707002,111,0
39232d59-4770-3b28-8a2b-4c83fd173e37,5e0ceaa0-5254-34c4-b5a7-ddc919790121,Columbus656 Goodwin327,M,GENERAL PRACTICE,HOLYOKE CARE CENTER LLC,HOLYOKE,MA,010402701,42.2071434,-72.60765,2,0
fe24630c-0b4d-37fb-9209-f256681c4e3a,0583e4f7-f1c2-3100-8e0c-d0decc7ef261,Dusti191 Howe413,F,GENERAL PRACTICE,123 WATERHOUSE ROAD,BOURNE,MA,025323890,41.72840155,-70.58506829999999,48,0
5552f124-8a26-3833-b8ad-42d51f671ace,0be0e035-8dad-387e-bbdd-a5a469c4311f,Tyler508 Howe413,M,GENERAL PRACTICE,480 MAPLE ST,DANVERS,MA,019234065,42.584178050000006,-70.97197467750539,46,0
8f8626ee-fc3c-304f-9eb1-34366d01bd4f,3f12ebb4-e03c-3453-88d2-4fc9682383df,Irina619 Stiedemann542,F,GENERAL PRACTICE,726 COUNTY ST,NORTH DARTMOUTH,MA,027473603,41.6389926,-70.9703171,46,0
3e08efd1-1193-3bff-96ad-7ba68b026926,477c3c1a-ba1a-3102-8a91-56624ba236e4,Jacquiline133 Davis923,F,GENERAL PRACTICE,642 BOSTON POST RD,SUDBURY,MA,017763302,42.36142375,-71.44123077142632,1,0
77ef80e1-1c7e-3a70-a5f4-7d7ae95a2976,8ec2ca51-abb4-35dd-b90f-6c6aad6d2124,Elisha578 Conn188,M,GENERAL PRACTICE,22 JOHNSON STREET,PEABODY,MA,019602311,42.54644385,-70.99288129112277,10,0
c78ff404-730e-3f16-a375-24ba0da39357,ea468462-3080-302e-b405-9127a396c310,Caroll955 Rowe323,F,GENERAL PRACTICE,600 CUMMINGS CTR STE 270X,WOBURN,MA,018013200,42.4792618,-71.1522766,2,0
a1351002-0d1c-331c-b144-34c5edab2c28,8af3b144-0e1a-3c90-937d-81a4ed026080,Guillermo498 Fay398,M,GENERAL PRACTICE,800 WASHINGTON STREET,NORWOOD,MA,020623489,42.1886973,-71.2005241,599,0
4cf2d320-1b81-3be8-8f52-5c5a49c0e272,9fdce5d5-d4d0-3156-a8d5-8757bfe4e9b3,Pamelia915 Kilback373,F,GENERAL PRACTICE,1 FARMER CIR,ARLINGTON,MA,024742866,42.42405225,-71.16792616556859,137,0
3bfcfc41-d537-30ec-a7e8-1b6e1a490edb,125eccb3-d003-34ea-9bd8-360dff059782,Rolande819 Gerlach374,F,GENERAL PRACTICE,125 PARKER HILL AVENUE,DEDHAM,MA,020266146,42.2489143,-71.1755732,25,0
84ab970c-1b37-37f9-8cf0-004e91afadb3,a8a4e435-687f-3ecb-9af8-09b4636d1a1a,Chance908 Skiles927,M,GENERAL PRACTICE,107 COMMERCIAL ST,MASHPEE,MA,026496507,41.60736455,-70.49065684933157,18,0
b22862bb-1b12-36f1-90d2-c537f36c4b8b,e5b9db6a-8dd8-3622-b9ce-3dc593e111d1,Carmelita854 Tromp100,F,GENERAL PRACTICE,1223 BEACON ST STE A,BROOKLINE,MA,024465332,42.3430087,-71.1170155,14,0
c0d22a10-a057-36fb-8aef-375cc2d0634b,2987ddf5-7ff2-3e4a-9e25-d654a10313fd,Ted955 O'Connell601,M,GENERAL PRACTICE,519 MAIN STREET,MEDFIELD,MA,020522522,42.186209649999995,-71.30745495273302,15,0
d2f76dfb-ae63-3924-b327-449e6654066b,ce3b504c-f15c-3bcf-ba6e-dcb551cc7d7f,Denisha680 Schmitt836,F,GENERAL PRACTICE,112 SOUTHAMPTON ST,BOSTON,MA,021182711,42.33240995,-71.06915010706255,54,0
9bfa6e91-d3ee-304c-8942-c002b8ee2c0b,19a3afba-b409-3650-a0ab-f3faf6e391ef,Patrina117 Strosin214,F,GENERAL PRACTICE,199 REEDSDALE RD,WALTHAM,MA,024511433,42.3756401,-71.2358004,14,0
6a0df43d-111e-3dd8-92b7-c19b9344b374,76b7dbb5-0a02-32a4-9a01-3511f7e45016,Emerita401 Satterfield305,F,GENERAL PRACTICE,59 COUNTRY WAY,SCITUATE,MA,020663746,42.1806871,-70.74862935148246,16,0
a3d3d71c-9ebe-3800-8ea9-ff27e54aa82d,25c85bcc-7e25-36bc-89e8-08e0d473db23,Stephen891 Okuneva707,M,GENERAL PRACTICE,138 S MAIN ST STE 14,MILFORD,MA,017573272,42.1270746,-71.51639128815474,92,0
09186399-cd65-35d6-a418-0ee8874a43af,d9b71ccf-6649-3555-9e99-44eac0af257f,Javier97 Collier206,M,GENERAL PRACTICE,655 DEDHAM ST,WRENTHAM,MA,020931135,42.084901,-71.30689224201797,39,0
b6c76bf4-08f9-374c-9884-01ce2b9e6bcf,e68de1a0-767e-3466-b9a6-43948ee073d3,Simone657 Ratke343,F,GENERAL PRACTICE,160 WELLS AVENUE,NEWTON,MA,024593302,42.29337605,-71.19806353028767,1,0
0504d42b-f622-30d3-86be-bae45526d3c8,2fb77691-5353-358a-bc94-90af77dd654b,Isabela97 Duran646,F,GENERAL PRACTICE,200 GROTON RD,AYER,MA,014321168,42.577352149999996,-71.57414587343038,3,0
7dd1c304-b7cf-349e-b6da-e00cedfc24ab,cbebae9e-f95e-3d2c-9712-289ea8d6aeec,Xochitl483 Haley279,F,GENERAL PRACTICE,49 ROBINWOOD AVENUE,QUINCY,MA,021698130,42.2509914,-71.0037374,128,0
d7483ef3-32d7-3723-8fd2-15f81dd54e90,1cec4304-9757-3a10-ad4f-7e2090c56131,Theo630 Rohan584,M,GENERAL PRACTICE,55 LAKE AVE N,WORCESTER,MA,016550002,42.2774799,-71.76166994969458,37,0
3c6fc10c-0525-31fd-b74f-27c40a0be7ef,5862e05c-9533-3f7a-8f73-215d50f5ee2f,Estell607 Barton704,F,GENERAL PRACTICE,1200 CENTRE ST,ROSLINDALE,MA,021311000,42.29768,-71.130463,6,0
877c2894-04e9-3af3-813b-f346096973c0,ad482681-b4c4-3fce-ac59-78c83d31b0ba,Jeanie708 Turner526,F,GENERAL PRACTICE,130 CHESTNUT ST,FRANKLIN,MA,020383903,42.08345955,-71.38413379825735,2,0
2ebe0f89-e996-3006-ba28-a76b05fcccaa,a8f1424c-00bc-3403-8db5-cd600978f3a4,Amos720 Bogan287,M,GENERAL PRACTICE,8 BURNHAM ST,TURNERS FALLS,MA,013761816,42.6042523,-72.5564777,27,0
09c8aa2a-effc-3a60-9e0c-f6875e9b8cc0,471f7ca2-38f8-3080-8109-187c73ec0b1f,Collin529 Johnson679,M,GENERAL PRACTICE,27 CONGRESS ST,SALEM,MA,019707308,42.518722068313224,-70.88940635956651,32,0
d5ae965a-64a6-3881-a36a-6596081490c2,5581e43d-0463-3a0b-afc7-a60aea5ac96c,Brock407 VonRueden376,M,GENERAL PRACTICE,57 RIVER RD,ANDOVER,MA,018101144,42.69112645,-71.19636086287642,4,0
59b8707c-9789-3ba3-8ea2-0bc0330932df,7dcab1ad-0e13-3700-9eb0-70767c5e2b55,Dana512 Wilkinson796,F,GENERAL PRACTICE,1515 ALLEN ST,SPRINGFIELD,MA,011181803,42.095299499999996,-72.50943136142334,9,0
a7d5a17a-8923-3939-b243-44c73341d8fa,ce9c1582-994d-32bf-835c-474a249d2804,Clifton91 Veum823,M,GENERAL PRACTICE,275 MARTINE STREET  SUITE 104,FALL RIVER,MA,027231500,41.68393816525316,-71.1220830626733,75,0
f80ea2a0-6466-3466-930e-fdca67200af0,6ea4d3d6-d820-387a-a3d1-ed5944ad47a2,Nicolasa738 Larkin917,F,GENERAL PRACTICE,232 PLEASANT ST,METHUEN,MA,018447152,42.7397562,-71.17113575205717,28,0
f004f5ee-ef36-3f6b-bdac-666a4fb06bb0,e7722de2-0e62-3dc9-a163-a7003956673b,Charlena802 Lockman863,F,GENERAL PRACTICE,1 EDGEWATER DRIVE  SUITE 103,NORWOOD,MA,020624669,42.16153305,-71.20162617190071,3,0
4b7d2955-2241-3189-9774-ae3546fe3c56,9b8a7a25-b923-3710-9f3c-d42919a3f54f,Heriberto162 Ondricka197,M,GENERAL PRACTICE,146 MAIN ST,MAYNARD,MA,017542651,42.4309786,-71.4552968,763,0
7e5ede20-92a8-3ed4-ab4a-5c7e9405650c,966245ce-e84d-36b0-a838-2e0b5bb2e668,Refugio197 Crooks415,M,GENERAL PRACTICE,1425 BLUE HILL AVENUE,MATTAPAN,MA,021262122,42.2754929,-71.09384131587021,6,0
111edd5a-cc11-35c8-8a37-fa6ac08ca4c1,b574fc4f-313c-38a4-9baf-7e12e431a499,Georgeanna785 Schulist381,F,GENERAL PRACTICE,511 W GROVE ST,MIDDLEBORO,MA,023461479,41.90036455,-70.9535889372234,32,0
a9eb7037-7518-3942-8c3b-9abb816739a1,2bde75a8-708f-3930-8d57-100ab365d413,Sunny31 Gleason633,F,GENERAL PRACTICE,173 WORCESTER ST,WELLESLEY,MA,024815521,42.2964859,-71.2925571,42,0
8978a712-f393-3d08-8d21-f07431b32a5e,9656a864-3b93-356f-9fa6-d7988e249977,Josh874 Feil794,M,GENERAL PRACTICE,950 N MAIN ST STE 203,RANDOLPH,MA,023683064,42.1871612,-71.0568102,30,0
ba22f8ef-7228-3649-8a6d-73cd8561f448,845fbd9b-2d1c-39a8-8261-28ae40e4fab2,Sam879 Rippin620,F,GENERAL PRACTICE,14 PROSPECT STREET,UPTON,MA,015681431,42.1700209025178,-71.59409308099494,73,0
35df2b32-3e04-3632-9468-ddc7a4c40a28,946ec45f-5c4a-361f-b158-927144864133,Jorge203 Harvey63,M,GENERAL PRACTICE,19 MIDSTATE DRIVE  SUITE 130,AUBURN,MA,015011856,42.1894693,-71.85604765,7,0
0414eb9d-6b72-3118-96e3-8d2cd204f239,bac9dc0c-cb0f-3fa6-aa12-819dd0fb922a,Floy720 Greenfelder433,F,GENERAL PRACTICE,1493 CAMBRIDGE ST,SOMERVILLE,MA,021452935,42.3875968,-71.0994968,331,0
55b21eea-23f8-3efd-854e-4719d1197413,84d5768f-3a21-3da9-aad2-bbf7a3ae2700,Elba502 Schneider199,F,GENERAL PRACTICE,817 MERRIMACK ST,LOWELL,MA,018543548,42.650296999999995,-71.32263756223612,36,0
07e9ae05-cb0a-313a-b358-e230a3cd61ad,af8566eb-8918-3ec7-ba44-92b6a2cf8097,Trevor374 Walker122,M,GENERAL PRACTICE,81 HIGHLAND AVE,SALEM,MA,019702714,42.5112107,-70.90516241826194,39,0
46ab4447-337f-3a5a-a29c-4d089a5b1053,d1d4d104-68cb-356b-9086-888de7d2826f,Ellyn26 Windler79,F,GENERAL PRACTICE,61 Lincoln Street  Suite 112,Framingham,MA,01702,42.28348,-71.41845,3032,0
e5298f26-2f4f-3608-b68a-f5c9de902bc8,058176fd-cbb0-328b-8411-c19f5045032d,Dion244 Sanford861,M,GENERAL PRACTICE,840 EMERSON GARDENS ROAD,LEXINGTON,MA,02420,42.43761961817366,-71.19888753880475,6,0
d8cb6577-83c3-32b6-9096-d7472c52e296,4f5e8f16-a31b-3071-8556-d7188ede313d,Barrett790 Wolf938,M,GENERAL PRACTICE,575 BEECH ST,HOLYOKE,MA,010402223,42.20105435,-72.628169560868,95,0
0150bf71-ea9e-34e3-bbca-dbccb7b85325,69cb2157-b620-3c51-9c94-f516462d2d55,Anh979 Schroeder447,F,GENERAL PRACTICE,11 WATER ST,ARLINGTON,MA,02476,42.41642055,-71.15424293038585,28,0
c0c8100e-1aee-3db7-84cc-985d81ac751a,218e58e4-9642-3ebd-9b39-34d15f22c620,Jung484 Lowe577,F,GENERAL PRACTICE,977 MAIN ST,WALTHAM,MA,024517406,42.376452150000006,-71.25063779999999,21,0
874670bd-1765-3eb4-a57d-69befefb2228,41f66e18-8eb7-32f2-9371-7df5bf2b8d21,Noma845 Mraz590,F,GENERAL PRACTICE,170 UNIVERSITY DRIVE,GREENFIELD,MA,013011238,42.6097476,-72.5979752,1,0
de556b70-7ce7-325c-b208-fa2f48817535,a25107f7-f4f5-36fc-98e4-f3e1b5875c91,Tracy345 Wilderman619,M,GENERAL PRACTICE,1285 BEACON ST,WOBURN,MA,018012157,42.4979478,-71.1684508,71,0
f9458ba1-2a93-3108-b712-2c5486c2f53a,0e6c3ad1-24c1-34cb-bb6d-e8438fa319e2,Vern731 Casper496,M,GENERAL PRACTICE,50 DODGE ST,SWAMPSCOTT,MA,019071300,42.4699241,-70.9171507,7,0
93ce5456-e39f-3a72-b133-4b7dd5c16994,3662bcd2-07cc-364c-bd86-161bb738aacf,Arielle168 Dare640,F,GENERAL PRACTICE,1340 CENTRE ST STE 208,NEWTON,MA,024611900,42.3281027,-71.19582114345262,1,0
86335973-9556-30fc-81f6-ccfdbe0cb57c,43ee6bb5-8efa-3bfc-8ca8-1579a5267753,Kristopher775 Roob72,M,GENERAL PRACTICE,235 N PEARL ST,BROCKTON,MA,023011794,42.09805395,-71.0609587194362,3,0
ef9d5296-d747-39d9-bc25-3478be449f21,05fcf001-ab24-3d7d-85f7-f64942d82738,Nickolas58 Schumm995,M,GENERAL PRACTICE,250 POND STREET,FRAMINGHAM,MA,017014592,42.2838619,-71.4093719,183,0
03d12124-bf15-3d49-90bf-4b9cb6b5cc02,b8d40f5c-9e4d-3639-89ef-8bf375cb3184,Joshua658 Howe413,M,GENERAL PRACTICE,190 OLD DERBY STREET,HINGHAM,MA,020434065,42.1807101,-70.9170852970031,3,0
b89cd59e-03ef-39b2-908b-8c2aa0dea8ba,48a07866-e8d7-3268-aa3c-ca3237c8e6f3,Devona405 Stamm704,F,GENERAL PRACTICE,188 PROVIDENCE ST,HYDE PARK,MA,021361861,42.2682551,-71.12174592925336,19,0
1fe72586-5b0c-3ddb-a5a4-7b2e3e783e11,25431f9a-00e4-36d8-9810-4125328eec50,Paris331 Ruecker817,M,GENERAL PRACTICE,55 FRUIT ST,WALTHAM,MA,02451,42.3756401,-71.2358004,35,0
af0d8f63-c85a-3a8a-a9de-245e74803acb,89171335-b9c0-3326-98d6-a837d432b9fd,Louis204 Hauck852,M,GENERAL PRACTICE,150 FLANDERS ROAD,LYNN,MA,019042915,42.466763,-70.9494939,104,0
8497ad11-1689-3891-9b92-4ca74c69c867,01bde980-bf89-3138-8912-7360dff33247,Bradly656 Lang846,M,GENERAL PRACTICE,456 PARK AVE,WORCESTER,MA,016101254,42.25512735,-71.82580924803523,4,0
b1d6d864-27fd-3e0d-85de-5e7c96366c1d,217cb6f6-e822-3831-9d9d-ffa104971042,Luther918 Jakubowski832,M,GENERAL PRACTICE,2 REHABILITATION WAY,WOBURN,MA,018016003,42.46352265,-71.161925472006,729,0
4ba68afa-6aeb-3872-a8ab-7a9b7c53a6ec,8a6e21d0-da20-3378-8176-4e5ad2b51983,Laine739 Torphy630,F,GENERAL PRACTICE,84 ELM STREET,HOLLISTON,MA,017462138,42.20234485,-71.42493275079366,9,0
98a83d79-a349-3623-9467-2ee71925e5e0,4e56c7ec-99e5-3023-8e4f-95ad18a03f06,Regenia619 Bosco882,F,GENERAL PRACTICE,28 RIVERSIDE DR STE 101,PEMBROKE,MA,023594947,42.11004715,-70.77534154695786,35,0
2a46dfba-e40d-3e33-8aed-f47fe0a76509,3517aff1-b163-3cd5-8fff-19710fcdc1b7,Brendan864 Cremin516,M,GENERAL PRACTICE,400 HEMENWAY STREET,MARLBOROUGH,MA,017526762,42.36006255767826,-71.5077613040944,54,0
b8b2dc3e-88ea-31ad-a997-e3c92d21497f,18d2c9c2-4b92-3664-9b8e-419aff3ce942,Aleshia311 Block661,F,GENERAL PRACTICE,175 GROVE STREET,BRAINTREE,MA,021847253,42.19127375,-70.99279579751581,12,0
2578e0bb-4a6e-3c07-b671-cbc1159ade53,121b0ad1-1beb-3caa-9271-3d3f726bb727,Kyoko885 Price929,F,GENERAL PRACTICE,1030 MAIN STREET,WALTHAM,MA,024517447,42.375828,-71.2527956,7,0
df219073-40fb-3a62-bd22-8a8e82752c31,9ba25035-53e5-344b-9b9e-94331a58d1d4,Lucilla742 Schultz619,F,GENERAL PRACTICE,420 MAIN ST,WALPOLE,MA,020812553,42.161882199999994,-71.2388707178431,48,0
a9ec725e-07f1-3b1d-8118-d7ad30926a8b,0a2252ba-33de-322f-8f0a-e5b0141f1780,Hue920 Block661,F,GENERAL PRACTICE,632 BLUE  HILL AVENUE,DORCHESTER,MA,021213213,42.2941088,-71.0885355,3,0
ea422b21-20d6-3b2b-ad5b-0e6f556cebde,f6ba791e-fe68-3596-bef4-60751db6a60e,Freeda113 Crooks415,F,GENERAL PRACTICE,37 BIRCH STREET,MILFORD,MA,017575501,42.1424349,-71.48943173357203,6,0
40c36c29-46a2-3649-a0ad-5affd06ad17a,2fc3d86d-4194-3ad1-bb8a-99d5d34119a1,Delinda651 Krajcik437,F,GENERAL PRACTICE,300 CONGRESS ST STE 203,QUINCY,MA,021690907,42.2345525,-71.01493330273374,34,0
b4ffc1e1-c684-3051-ac5f-63aca6434824,67cade01-dcfe-37b7-8e2c-b712d9e6fbba,Terrence276 Wintheiser220,M,GENERAL PRACTICE,694 MAIN ST,HOLDEN,MA,015201862,42.3406819,-71.8390289,98,0
d897dd3c-3f34-392b-8337-688b26b56411,b954c464-11ea-312b-a3f8-1350775bfa54,Felipe97 Alemán808,M,GENERAL PRACTICE,123 CAPTAIN'S ROW,CHELSEA,MA,021504019,42.3917638,-71.0328284,3,0
56d0eb9b-4ead-36ca-85ca-4b2f54061334,4d3ec6c2-f6aa-3d7b-adcc-e7107dac8530,Armand155 Schultz619,M,GENERAL PRACTICE,14 MASONIC CIRCLE,AUBURN,MA,015011341,42.181923125,-71.86839612499999,5,0
390e1d4a-eecc-3b7b-9294-111b19bbfeaf,7cb70963-6f86-3eab-a12b-88deb31de793,Katelynn452 Ledner144,F,GENERAL PRACTICE,18 DANA HILL ROAD,STERLING,MA,015642414,42.4106904,-71.7976286731579,1,0
e7681f63-e711-3ebc-b5c7-be0fe099d437,485ae27b-c5ba-3fd0-9a16-c9eea20be185,Alejandro916 Kris249,M,GENERAL PRACTICE,275 MARTINE STREET  SUITE 202,FALL RIVER,MA,027231518,41.68393816525316,-71.1220830626733,1,0
8d9124f8-ab8e-3c07-a94d-8d28d1912d31,6d16a8e3-3569-38ab-afac-a2f8c1125085,Miguelina323 Crona259,F,GENERAL PRACTICE,1010 WALTHAM STREET,LEXINGTON,MA,024218052,42.4139392,-71.22929265883278,12,0
489232da-2acc-3c15-b52e-74aea5e20501,53f086de-2fc7-3d35-92c2-aca4ed944e7f,Carisa395 Kutch271,F,GENERAL PRACTICE,1 GENERAL ST,LAWRENCE,MA,018412961,42.7097143,-71.15007700778098,5,0
d34fc415-d13f-3031-becf-4dc3f33f2a40,8d81bd8c-ad6c-37f7-95c9-75fd3de24e86,Hunter736 Marquardt819,M,GENERAL PRACTICE,118 MAIN ST,STURBRIDGE,MA,015661533,42.0905134,-72.06606362965572,63,0
04fa5ef7-0488-3e8d-80da-b0a5fc7ba525,c05d73d0-b348-32ce-9fe5-13a720950f37,Rema399 McDermott739,F,GENERAL PRACTICE,45 DRUM HILL RD,CHELMSFORD,MA,018241503,42.6255635,-71.3615131,1,0
867172fb-1485-3f57-8abf-6b2ed32ca519,c0cc8f8d-a479-3f83-9e1f-1fd556b944ef,Lu473 Heathcote539,F,GENERAL PRACTICE,250 PARADISE RD,SWAMPSCOTT,MA,01907,42.47638005,-70.91253402512964,69,0
03d98292-1ad9-39ed-9f17-8ce191af74cb,ac0fde88-b0ad-3388-a4a8-b8fc2a4f4af2,Lloyd546 Wuckert783,M,GENERAL PRACTICE,150 YORK STREET,STOUGHTON,MA,020729105,42.144646800000004,-71.09875876961266,81,0
d08b693f-d35d-3735-88e7-db2572a209d3,d70d47dc-b40c-3a04-8342-35cbfe716409,Lakenya863 Hilpert278,F,GENERAL PRACTICE,83 LITTLEFIELD RD,NEWTON,MA,024593010,42.3104327,-71.18883283411856,30,0
f577dc13-421c-32a1-9260-7c53ff217145,de3cc142-803a-3ed4-8945-75ec88a84784,Brittni468 Trantow673,F,GENERAL PRACTICE,51 HOSPITAL ROAD,BALDWINVILLE,MA,014361215,42.6108483,-72.0608364,4,0
405df309-6323-3f1b-910e-cec0fe1d6371,0592d4e5-a0fb-3143-83cd-8e5a6b066a96,Mica978 Lemke654,F,GENERAL PRACTICE,20 EAST ST,HANOVER,MA,023391638,42.1278249,-70.82664947485381,2,0
b0cd848d-707e-306d-9481-6400a3cf00ad,c67ca7ed-4769-3b6c-a0a9-993f1227ff10,Londa304 Veum823,F,GENERAL PRACTICE,1 BLACKBURN DR,GLOUCESTER,MA,019302237,42.6269312,-70.65555242413386,17,0
a1234416-a933-3e7c-93a2-adc652ff65fb,6b9c5830-a278-38ff-887f-ccefd74cf8e8,Fawn386 Hettinger594,F,GENERAL PRACTICE,184 LINCOLN STREET,NORTH EASTON,MA,023561799,42.06665855,-71.11947646404934,3,0
a7684d94-b8be-3316-a9e6-3f57f3cf36fd,ba07b31b-bf14-39b8-be95-4c5ca5062daa,Hermelinda327 Hyatt152,F,GENERAL PRACTICE,1575 CAMBRIDGE ST,CAMBRIDGE,MA,021384308,42.375209549999994,-71.10711344152975,4,0
edbd76be-b685-332e-ab36-feb1d2252032,14036728-b721-3e4b-8755-8ee8ab6ed15e,Melodie819 Schmeler639,F,GENERAL PRACTICE,625 MOUNT AUBURN ST,CAMBRIDGE,MA,021384518,42.375351,-71.1468628,66,0
f7b89327-e87b-333d-82ab-4303192fbfa9,104079d4-560e-3eb8-9a48-d495835a3997,Nevada145 Schmeler639,F,GENERAL PRACTICE,68 CAMP ST,MASHPEE,MA,026493465,41.6484421,-70.4811383,57,0
