Id,ORGANIZATION,NAME,GENDER,SPECIALITY,ADDRESS,CITY,STATE,ZIP,LAT,LON,ENCOUNTERS,PROCEDURES
22d80c8d-fb8f-322d-9753-22002b043474,74ab949d-17ac-3309-83a0-13b4405c66aa,Ted955 Reilly981,M,GENERAL PRACTICE,881 Main Street,Fitchburg,MA,01420,42.586487,-71.80521,66,0
76781d9f-6cd0-30f2-81b3-359fad974235,faffaf6a-ee1a-3673-b0b0-421a9c249244,Gustavo235 Armstrong51,M,GENERAL PRACTICE,66 WASHINGTON ST,STOUGHTON,MA,020722571,42.14415820061801,-71.10378319512402,34,0
5fca6a38-55af-324f-835b-0eb5837afc1c,17a4bae5-8b64-34d7-8144-b428be027bd0,Isabela97 Solorio55,F,GENERAL PRACTICE,512 MAIN STREET  SUITE 211,SHREWSBURY,MA,015456406,42.295109499999995,-71.71808471110307,5,0
ba6549d1-a946-3225-a839-c06c74d9a09b,e09d4c49-c2ef-3b0f-9a46-3719d9219306,Jules135 Emard19,M,GENERAL PRACTICE,60 HOSPITAL RD,LEOMINSTER,MA,014533290,42.54031915,-71.76312990486304,30,0
4039820c-701b-3025-9811-becb75c9961c,c241b977-4131-32e4-9957-e0a00b2a1e5f,Kip442 Krajcik437,M,GENERAL PRACTICE,94 MAIN STREET,HYANNIS,MA,026013146,41.6562802,-70.27448000204822,1,0
43c658bf-4c92-3c66-87da-57ad9d808cd5,e3089df2-a1db-372a-b660-30392d8c197b,Isaiah615 Waters156,M,GENERAL PRACTICE,178 N MAIN ST,SHARON,MA,020671229,42.13301625,-71.17263163492832,48,0
9e5ea2e1-bb04-3a57-a5f6-51cb6a99b3ef,ab701a70-a658-340e-8f69-ee196a7d40c6,Jolie499 Parisian75,F,GENERAL PRACTICE,484 RTE 134,WORCESTER,MA,016071728,42.2625621,-71.8018877,94,0
47c02f03-2ece-3975-86f6-95d18a3ba77f,11ba6a26-59b4-3728-a268-6dc9929962b4,Archie818 McCullough561,M,GENERAL PRACTICE,200 GOVERNORS AVENUE,MEDFORD,MA,021551644,42.42711615,-71.1121606632448,5,0
218367c5-cbff-32ec-b03e-f6a555194708,39104cad-5228-3e07-9b3e-3ad736b33d5d,Sergio619 Caballero789,M,GENERAL PRACTICE,200 PROVIDENCE HWY,DEDHAM,MA,020261881,42.22214545274341,-71.18159060546684,77,0
db2fecde-d97b-30b0-8acc-2b34a2054c64,667b46fe-0afa-3f70-a311-bbe3d52db050,Joshua658 Borer986,M,GENERAL PRACTICE,757 BOSTON POST RD,WORCESTER,MA,016071728,42.231371,-72.165386,9,0
3c5996ba-cfd5-303d-abdb-47a529ea8549,643eac8e-1620-3b6a-b9f3-664b003d22cd,Lasonya941 Kiehn525,F,GENERAL PRACTICE,34 GIFFORD ST,NEW BEDFORD,MA,027442610,41.6177929,-70.91890087055067,24,0
53e5cd43-4d68-399c-886f-b57a0089c4ef,8e3ca57f-6f74-3d61-9803-ab1424290216,Humberto482 Mann644,M,GENERAL PRACTICE,89 MORTON STREET,ANDOVER,MA,018102036,42.6551409,-71.12857340697036,7,0
a62c329d-84bd-34a4-ae72-5b8a8a0b2370,5fcff9db-16e4-3e56-aa78-abbc16338097,Marcus77 Schamberger479,M,GENERAL PRACTICE,295 VARNUM AVE,WESTFORD,MA,018863513,42.5792583,-71.4378411,105,0
4cddeff2-e199-31ed-9e15-de1fa85ceb18,fa09396a-2926-3b21-ad0c-9f6cabbce0eb,Brigitte394 Bartoletti50,F,GENERAL PRACTICE,1210 BOSTON PROVIDENCE TPKE,NORWOOD,MA,020625061,42.1714075,-71.1951186,13,0
8369adc2-9ffe-310a-9096-4d0f7851fb96,84abfbd5-41c1-3df4-9b31-7ca93cb2309a,Jean712 Block661,F,GENERAL PRACTICE,85 HERRICK ST,BEVERLY,MA,019151790,42.56415055,-70.8751357650672,50,0
b2e62a00-7379-38ad-8c09-285fc9d0afd8,1ddd51d1-7297-3c3b-bad5-98aecd5e4a79,Teodoro374 Delvalle807,M,GENERAL PRACTICE,127 CAMBRIDGE STREET  SUTIE #2B,BURLINGTON,MA,018033735,42.50188325,-71.19559351572005,14,0
5dfdc01b-32a6-35ad-84b1-9bbfebcd55a4,c272e12f-e154-3fee-b05d-b7c0cab2657d,Trinidad33 King743,M,GENERAL PRACTICE,800 WASHINGTON ST,NORWOOD,MA,020623487,42.1886973,-71.2005241,252,0
d444fd99-bb28-3414-a9c3-efef6610fcf5,f6a306cf-7bd6-35f4-a6b7-2d07d273914c,Carolynn568 Von197,F,GENERAL PRACTICE,63 FOUNTAIN ST STE 402,FRAMINGHAM,MA,017026280,42.27595495,-71.42631150114194,28,0
b5322208-51df-3871-bc4e-a3dadc0c3955,32fcdfba-8c93-30f4-b15b-dd3b65c29deb,Sparkle906 Bernhard322,F,GENERAL PRACTICE,20 NORTH MAPLE STREET,HADLEY,MA,010359715,42.3615107,-72.55261320852942,3,0
e7aaf2e0-ba25-3220-a59f-4f5659829129,1e3ca321-fbbb-3546-b9ea-c3761a20324a,Clotilde434 Howe413,F,GENERAL PRACTICE,605 Lincoln Street,Worcester,MA,01605,42.297756,-71.766815,82,0
06a8e772-5af5-37b6-a0a3-d747885109be,02c936e2-3aee-38b2-88a4-81f3689b7bb7,Royce974 Kohler843,F,GENERAL PRACTICE,120 FISHER AVENUE,BOSTON,MA,021203320,42.3276141,-71.1051603,3,0
b010f514-ccac-3531-8e6f-bbae1120897e,05137a62-1a8f-34ff-8baf-a0c35c238ea0,Colleen54 Olson653,F,GENERAL PRACTICE,750  ATTUCKS LANE,HYANNIS,MA,026011950,41.676027500000004,-70.29727035,11,0
9ce343f7-d1df-39e4-aeb6-46558efdf019,4ffa4412-1493-3beb-b8f0-6614dde953a4,Sulema841 Ryan260,F,GENERAL PRACTICE,363 HIGHLAND AVENUE,WAREHAM,MA,025715011,41.745636,-70.658192,70,0
a75b9e1e-9705-3901-bdcf-72e3f6f15ba8,ede4a423-6258-3ef5-b5ba-0fa6bb579563,Pablo44 Paucek755,M,GENERAL PRACTICE,326 NICHOLS ROAD,FITCHBURG,MA,014205478,42.5974358,-71.80761197366103,3,0
c7c3f9ea-d92a-3996-a88e-9b14c1719245,a14e698d-a9ba-3eae-9c8b-682ec726433d,Karla801 Cummerata161,F,GENERAL PRACTICE,776 WESTERN AVE,LYNN,MA,019052408,42.466763,-70.9494939,34,0
d9d8f8b4-ecbb-3cd1-be3e-96eb5b6058fc,69eae27b-7445-3652-bd34-b535abe0b011,Sidney996 Schneider199,M,GENERAL PRACTICE,9 BICKNELL ST,QUINCY,MA,021696003,42.252227399999995,-70.96584679278924,28,0
0f72424e-8376-3c58-8c20-4172accc04e9,dd9914b0-9491-3330-a890-d34e95e497ea,Assunta351 Haley279,F,GENERAL PRACTICE,1061 PLEASANT ST,NEW BEDFORD,MA,027406728,41.64280275,-70.92865004309593,15,0
af4e632f-d253-36ca-95b2-9c53d853c6a7,5ba6765a-f335-36b0-9c6a-6bb494c5330d,Sasha806 Schamberger479,F,GENERAL PRACTICE,31 OLD ROUTE 7,WESTWOOD,MA,020902333,42.2139873,-71.2244987,13,0
903d0964-3578-3a81-a5a4-9aaa7b8bbe99,d613e441-68e8-3502-8adb-3f770a1276bf,Colin861 Witting912,M,GENERAL PRACTICE,114 WATER ST,MILFORD,MA,017573007,42.13661855,-71.53474614336832,28,0
be23ac2f-c9c1-3a9b-ab93-daa64e312fca,b03b624d-c939-3688-986d-9555b8009a3b,Trinity427 Hartmann983,F,GENERAL PRACTICE,230 MAPLE ST,HOLYOKE,MA,010405144,42.207406,-72.608419,8,0
21421dae-8aef-38cd-bb24-a8fef50907ec,18061fd5-fda8-3e2d-87f0-0f3c87211bcc,Margarite168 Koepp521,F,GENERAL PRACTICE,1493 CAMBRIDGE ST,SOMERVILLE,MA,021431408,42.3875968,-71.0994968,32,0
bfde6224-1004-310b-a07e-a2621f74fd60,b3ada130-6443-3a8e-98c7-4ec127a2b0c4,Natalya468 Haley279,F,GENERAL PRACTICE,ONE GREAT ROAD,ACTON,MA,017205601,42.4850931,-71.43284,1,0
26a46d01-a6ec-33e1-b778-c3b8f06812e7,084b19be-a78e-3626-b156-a50134fa7fe2,James276 Smitham825,M,GENERAL PRACTICE,10 RESEARCH PL STE 202,NORTH CHELMSFORD,MA,018632439,42.6389798,-71.3828403,63,0
9ec81c3f-ef22-38bb-8697-45834091a809,06f1d816-dd54-3409-bd94-8dc2745f807c,Yulanda554 Hand679,F,GENERAL PRACTICE,12 KENT WAY  SUITE 210,BYFIELD,MA,019221221,42.75468625,-70.9451078257969,7,0
24c044b1-9803-3ce7-8bf4-4222e4ea7074,fe30f2b4-9bc8-346e-afba-4455d1766545,Wilson960 Turner526,M,GENERAL PRACTICE,17 LAFAYETTE AVENUE,CHELSEA,MA,021502010,42.40019115,-71.03050082480353,20,0
5e5811d7-7d75-36b2-b849-dabb158742bd,6cf8a214-8d57-3267-85e5-7719e15cd63e,Cindie288 Zulauf375,F,GENERAL PRACTICE,170 MORTON STREET,JAMAICA PLAIN,MA,021303735,42.299067750000006,-71.10124351911541,11,0
7c355076-7f52-398a-be6e-e77e8104c27c,0fedae9f-701f-3317-9b2f-69aea2202cdc,Sharron285 Batz141,F,GENERAL PRACTICE,88 EAST NEWTON STREET,WINTHROP,MA,021522715,42.3750976,-70.982827,143,0
108e6785-731c-3b11-b2f0-cac46b3e927f,3e16ee4b-2dc7-3e29-ab5b-0ce980c362b1,Pandora807 Sauer652,F,GENERAL PRACTICE,1200 SUFFIELD ST,AGAWAM,MA,010012933,42.04892565,-72.63626743195428,1,0
b46a0241-08e0-3498-b617-7800dd5ca545,ccb716b1-277f-3eff-999f-3ac0df45713a,Genaro214 Boehm581,M,GENERAL PRACTICE,25 LAFAYETTE ST,MARBLEHEAD,MA,019451939,42.4938348,-70.87382362834484,2,0
3cb74f87-da15-3908-badc-0e9afffd4f81,a3327df4-d092-350b-b551-e60c82076c9a,Debra128 Predovic534,F,GENERAL PRACTICE,46 NORTH MAIN ST,W BROOKFIELD,MA,015853232,42.23754835,-72.13791547215251,91,0
c8658bee-945e-3d9d-b9ae-544b9a595250,aade280a-3b90-3e48-9648-91109a964a63,Josef103 Klein929,M,GENERAL PRACTICE,909 SUMNER ST,DARTMOUTH,MA,027473826,41.6332267,-70.9879928,144,0
12c6865b-66ee-38b2-8050-1335956ca87c,981338c4-287c-3621-bc45-8b0b9f1b8922,Denis399 Kohler843,M,GENERAL PRACTICE,640 BOLTON ST,MARLBOROUGH,MA,017523999,42.3658183,-71.55914630258509,28,0
c9b58d6b-45da-3a51-8644-8fcee6382e1d,e59fb2d5-508c-38c6-af2e-21d8216dd2b0,Logan497 Fisher429,M,GENERAL PRACTICE,759 CHESTNUT ST,WARE,MA,010821625,42.256476,-72.237482,270,0
1487239a-097e-300c-b662-8ac87e134d26,7a3b8310-02eb-3c47-aa1b-3f55b3ed9de9,Leif534 Dare640,M,GENERAL PRACTICE,6 HATFIELD ST,NORTHAMPTON,MA,010602545,42.333172950000005,-72.6566355591273,2,0
2db7dec7-d086-3601-a42c-a62d5ef3410b,ecadbc11-930c-3903-b706-f8ef4bc9089e,Erwin847 Baumbach677,M,GENERAL PRACTICE,780 CHESTNUT ST,SPRINGFIELD,MA,011031109,42.1211633,-72.60614164702717,72,0
f7e050f6-b11b-3695-b4a7-11b813811979,0f9d1260-db33-3483-b2b6-5483cfcb739c,Felipe97 Lebsack687,M,GENERAL PRACTICE,361 WOODWARD ST,WABAN,MA,024682027,42.326011949999994,-71.2254251580706,20,0
81c4d95c-6f7c-3e70-940b-fc409bf30ff4,794b1cc2-97be-30a4-83a0-4bf6add43c74,Mercedes82 Gurule738,F,GENERAL PRACTICE,215 THATCHER STREET,BROCKTON,MA,023023949,42.0740963,-70.99660306096918,3,0
0115d555-8c95-3614-b8e0-211f2ec4908e,440fa4b8-c731-3cf5-81d9-aa3f30a37b95,Bennie663 Abbott774,M,GENERAL PRACTICE,41 & 45 MALL ROAD,PEABODY,MA,019602901,42.5278731,-70.9286609,109,0
900c6ff1-b239-34f0-bce3-212f5509b81c,0fab3c4e-a028-39a6-b15a-be5a88b6aa2a,Cletus494 Paucek755,M,GENERAL PRACTICE,222 STATE STREET,LUDLOW,MA,010563437,42.15547415,-72.47222226666076,119,0
9b64cc74-8d68-3545-a816-ee76738b1972,3b021cb6-4745-3d9d-8436-230055f770bd,Eleni953 Franecki195,F,GENERAL PRACTICE,148 CHESTNUT ST,NEEDHAM,MA,024943238,42.27728075,-71.23665362814043,132,0
f59a6f99-a913-305d-9bda-1892dab20da4,ce53c877-0290-390a-b4b4-2462001a1713,Anabel269 Hilll811,F,GENERAL PRACTICE,847 ROGERS STREET  SUITE 201,LOWELL,MA,018524345,42.6275246,-71.27673639687623,8,0
ac880075-baa8-3656-82aa-819bfd231bab,57e4e5fa-d68d-3caa-a5ad-37beb1b51207,Miguel Ángel46 Delgado712,M,GENERAL PRACTICE,800 WASHINGTON ST,NORWOOD,MA,020623487,42.1886973,-71.2005241,95,0
1753cdbb-bc77-3db4-9bed-1e9de82bf81a,be895734-2bc8-387a-8897-7023aee72926,Jesenia223 Torp761,F,GENERAL PRACTICE,12A ELMWOOD ST,REVERE,MA,021514604,42.420126,-70.997252,12,0
6c1e25d9-63d3-3e57-b175-75b0b43f6322,00ffb204-07b4-3c72-a678-fa252e6cf86c,Kathlene786 Satterfield305,F,GENERAL PRACTICE,450 BEDFORD ST,LEXINGTON,MA,02420,42.47370735,-71.25090005,32,0
995f02bf-4111-3e95-929e-a3124096a6f7,ad82d624-72eb-3c7d-a76d-79f2668d1390,Georgianne697 Howe413,F,GENERAL PRACTICE,3 WOODLAND RD,STONEHAM,MA,021801711,42.452443099999996,-71.08939988105112,47,0
77df89c6-affc-393f-9e2c-b4b24697e08f,b8421363-9807-3b16-a146-95336eea5cfb,Cleveland582 Kuphal363,M,GENERAL PRACTICE,30 LOCUST ST,NORTHAMPTON,MA,010602052,42.33032115,-72.65330802608176,62,0
ed55d8a4-0316-3004-83ba-54fd22b1ce43,901c2d40-1ca3-3879-9a20-c663b8adc0a9,Emory494 Schuster709,M,GENERAL PRACTICE,800 WASHINGTON STREET,STONEHAM,MA,021802445,42.4863168,-71.0928919,33,0
5cbe7b88-71ba-3b7c-b027-ab8324c29eef,6170552c-4d27-3e64-8068-64a380f1837d,Jackelyn13 Pacocha935,F,GENERAL PRACTICE,76 SUMMER ST,HAVERHILL,MA,018305814,42.7786873,-71.07306505177553,904,0
eccf554f-c43b-38e5-9911-a5179ce61667,b9e35b8a-9831-32d8-a6dc-d7a546c126b0,Gerardo48 Montez99,M,GENERAL PRACTICE,111 HUNTOON MEMORIAL HIGHWAY  1ST FLOOR,SPRINGFIELD,MA,011092550,42.1018764,-72.5886727,159,0
ab0d6460-0522-3dd7-a8a9-8dffa8b3cd1d,38508743-50d1-3429-8fe2-37e42ddaf20e,Erick204 Mayer370,M,GENERAL PRACTICE,164 HIGH ST,GREENFIELD,MA,013012778,42.595268700000005,-72.59288632376354,915,0
a592b447-0b78-3923-90b0-8548b421c79c,2f735290-1603-31b5-b561-7c8e0d413170,Jolynn62 Adams676,F,GENERAL PRACTICE,100 FOXBOROUGH BLVD STE 230,FOXBOROUGH,MA,020352878,42.041851949999995,-71.23486657070565,37,0
97e7c7a8-3173-3b59-97b0-1dc69cddd0d1,e1818b21-4458-3b9c-b2b8-7ed6f57ae078,Sid118 Wilderman619,M,GENERAL PRACTICE,2399 BOSTON ROAD,WILBRAHAM,MA,010951185,42.14668485,-72.45048427046072,6,0
df5b07e5-2692-3a7b-994c-00086c453582,970993ce-f590-3150-9733-0e02c569b87f,Rodger755 Wilderman619,M,GENERAL PRACTICE,150 YORK ST,STOUGHTON,MA,020721829,42.144646800000004,-71.09875876961266,1,0
c54c8fbc-b417-3d8f-91c3-7972b48f15de,328f813e-4de8-3ec2-a113-43f3ddfb0b2a,Victoria535 Roob72,F,GENERAL PRACTICE,30-40 WESTPARK STREET,BROCKTON,MA,023015241,42.0834335,-71.0183787,39,0
1a56e71f-6282-3463-9981-64883a1fd73f,200746fc-5d0f-3ec7-a2a9-3d9a219ee139,Arlen68 Rippin620,M,GENERAL PRACTICE,800 CUMMINGS PARK  SUITE 3100,WOBURN,MA,018016355,42.4977745,-71.1237712,7,0
c3d07214-c20f-3f33-ad41-0e55adf5b024,f2068cee-c75c-321d-9b2c-c33535db89c9,Charles364 Prosacco716,F,GENERAL PRACTICE,32 BOSSI AVE,RANDOLPH,MA,023682002,42.20017865,-71.0582074,31,0
013cbd65-144f-3a4a-9fda-72b6543e4017,15d4c950-4691-3996-b4c4-bf06bfb58ff7,Azucena377 Crona259,F,GENERAL PRACTICE,70 EAST ST,METHUEN,MA,018445883,42.7285558,-71.16833738237946,11,0
3ea4ea33-cbe6-3f5f-a6fb-253ecdd58071,5018c664-e283-30eb-932a-529d9a19b3b5,Rochell365 Stehr398,F,GENERAL PRACTICE,300 SOUTH ST,WOBURN,MA,018014979,42.473347,-71.144086,220,0
f42dc04e-0d16-3c42-a908-fc3c93738406,2e8b42f8-4300-30a9-a576-d513d1021a0a,Beverlee316 Haag279,F,GENERAL PRACTICE,600 CLARK RD,TEWKSBURY,MA,018761699,42.63120935,-71.27023603178071,57,0
8c82eb1f-044b-37d5-af15-2002175ceef4,0caa0116-ef9a-3d4c-bcff-9c405a9d2bda,Yasmin241 Emard19,F,GENERAL PRACTICE,105 CHESTNUT ST STE 35,PLYMOUTH,MA,023604054,41.884685,-70.847219,33,0
1928ef5f-aaca-3663-9f40-407f8b473804,d140ed3f-2696-3e78-bd77-1c959ec4fc4d,Jamal145 Marks830,M,GENERAL PRACTICE,863 HATHAWAY ROAD,NEW BEDFORD,MA,027401916,41.6512968,-70.9669902070805,24,0
be7b8b66-a83d-3758-b0bc-766e4ea5d446,d4e48a16-0a60-3e90-81e5-c35b22ffe6af,Elmer371 Kutch271,F,GENERAL PRACTICE,856 STATE RD,NORTH ADAMS,MA,012473027,42.69967208677275,-73.16330754755236,39,0
87b79f58-89ee-3369-a6ad-33f0f93fd564,4ff8b164-4cf5-3ab4-b0f2-7ce8fda920e5,Latrisha74 Mante251,F,GENERAL PRACTICE,800 WASHINGTON ST,WORCESTER,MA,016550002,42.180483,-71.867782,37,0
659e47dc-79ad-3ae9-b880-6adffc20e48d,c3e56d13-ebb5-3d4d-908f-3f2a6a4de7aa,Alonzo487 Reynolds644,M,GENERAL PRACTICE,233 MIDDLE ST,BRAINTREE,MA,021844840,42.2180597,-70.9924896,2,0
ca0b0c79-17c8-3ef4-a03d-86cbd5caf523,bccd7d67-203c-3d93-b6b0-bff5a146cd1d,Paulene52 Kihn564,F,GENERAL PRACTICE,286 WASHINGTON ST,STOUGHTON,MA,020721763,42.1384306,-71.1022598,8,0
be4dcdfc-5358-389e-8cce-d22927d9da9b,63cb4d95-04a9-3a35-b5d9-f89e0377a48d,Thanh759 Weber641,M,GENERAL PRACTICE,211 PARK ST,ATTLEBORO,MA,027033143,41.9419187,-71.2752081695297,15,0
136bd857-d43f-3690-8359-d1f9700b60b4,a2a41caf-758f-3962-8e5f-e6e603f93d17,Rhett759 Padberg411,M,GENERAL PRACTICE,111 HUNTOON MEMORIAL HWY,ROCHDALE,MA,015421305,42.2020225,-71.89891616754682,79,0
fece7c7d-411f-3fcb-9796-757af79c0e13,0d24cc89-3256-330c-b36d-d8de8babef84,Delicia67 Bernhard322,F,GENERAL PRACTICE,1030 FALMOUTH RD,SOUTH YARMOUTH,MA,026641218,41.6667779,-70.1847414,46,0
fcfd1da9-56b7-344f-96d9-357eebebd6ae,db28cc9a-fdfb-35a6-aef7-ab9b933ef244,Clement78 Gleason633,M,GENERAL PRACTICE,8 DANA STREET,CAMBRIDGE,MA,021385402,42.3694992,-71.11011030010101,7,0
6bb3b49e-e1ab-3b96-b300-ca3ea648094e,a6fb79e7-4abb-3a68-b62d-e501427fdca4,Barb55 Renner328,F,GENERAL PRACTICE,489 WASHINGTON ST STE 202,AUBURN,MA,015015709,42.187836,-71.83104,28,0
e97f2442-c44d-3727-ab69-6743236fd9f8,5117bb89-3a9f-3740-a0f1-c3a1a8d7851e,Rashad361 Predovic534,M,GENERAL PRACTICE,20 ELM ST,PITTSFIELD,MA,012016502,42.4458896,-73.2448206979669,55,0
a4681ba5-1b38-3868-a336-60008355e875,9d0e702d-50a0-3f4c-9126-0951d560fd4b,Otha286 Roberts511,M,GENERAL PRACTICE,189 MAY ST,WORCESTER,MA,016024339,42.25986305,-71.83597786023279,41,0
465384bd-0282-3ed1-8329-bc70c094a505,ea8d287f-b3a9-3800-8798-788e334ee406,Palmer257 Kuphal363,M,GENERAL PRACTICE,81 HIGHLAND AVE,SWAMPSCOTT,MA,019072928,42.4699241,-70.9171507,166,0
160f584a-eb12-329a-96f7-0284374b7f72,50c47685-8125-3c50-8311-8bd7ba9e9108,Beth967 McKenzie376,F,GENERAL PRACTICE,4199 WASHINGTON ST,ROSLINDALE,MA,021311733,42.2871447,-71.1277526,34,0
0a9a237a-5c6d-32d5-99c0-70737199e202,8bf5325a-c11b-35c4-b07d-17a5aeba8353,Penni796 Okuneva707,F,GENERAL PRACTICE,815 WORCESTER STREET,SPRINGFIELD,MA,011511001,42.1018764,-72.5886727,3,0
7783150e-a3c5-345c-9d46-d8bea68a2007,46375470-1e20-3ddc-8dc5-010ba53826b6,Jude172 Reynolds644,M,GENERAL PRACTICE,40 WRIGHT ST,PALMER,MA,010691138,42.16934095,-72.34120457065711,98,0
28596212-cb83-3d81-959a-a6bd46db98f5,aba3e6f6-4562-342e-b90f-dd61b117f394,Norbert530 White193,M,GENERAL PRACTICE,438 CHESTNUT STREET,SPRINGFIELD,MA,011072008,42.11291091861002,-72.59692685125127,3,0
22624dbd-bd75-3b5f-bef3-20e87b641a0c,a4b91172-69e7-3895-bd89-b9a0868de5c2,Salvador46 Wolff180,M,GENERAL PRACTICE,651 ORCHARD ST,NEW BEDFORD,MA,027441052,41.6149879,-70.93113851963673,54,0
fd08a4fc-318b-3799-b05d-06a6e2db6eaa,50c7f768-9138-3dae-a67d-953bdf9ad754,Marco Antonio298 Guerrero997,M,GENERAL PRACTICE,125 COUNTY STREET,TAUNTON,MA,027803561,41.8960599,-71.07799243944345,13,0
f649e347-9fc5-3077-ac26-7d3f0f1693e3,a194e94a-dd16-347e-95ea-8d00052c14d1,Elvera717 Gusikowski974,F,GENERAL PRACTICE,833 MAIN ST,S YARMOUTH,MA,026645254,41.65171785,-70.21464095380932,28,0
6a821afe-1840-3258-979f-d64ffe27a1b2,be509ccb-bfb7-3b87-8945-8426b689ef9d,Man114 Balistreri607,M,GENERAL PRACTICE,2049 DORCHESTER AVENUE,BOSTON,MA,021244742,42.3554334,-71.060511,2,0
4daa547e-a183-3b2a-8210-438cfeee1729,1f9d5a6b-d2ea-3000-bb9d-b22c00ffbbb2,Daria61 Weber641,F,GENERAL PRACTICE,2033 MAIN ST,ATHOL,MA,013313535,42.58522105,-72.20868129339888,42,0
b4d9fbc9-fdca-369d-bbba-019479923f08,f8918a95-31e8-3ac4-8d12-29ca6080ebda,Domitila545 Vandervort697,F,GENERAL PRACTICE,199 REEDSDALE RD,MILTON,MA,021863926,42.251368299999996,-71.0768393856917,24,0
153bd3a8-2cfa-38f0-b801-b1c87cfdd284,f99f149d-87f2-3900-b433-d2d87144e34e,Rubén780 Samaniego616,M,GENERAL PRACTICE,1 HOSPITAL RD,OAK BLUFFS,MA,025572747,41.46063105,-70.57989080295974,6,0
5edd878e-d2b3-3946-ad11-f16bce2f4524,3ff0f58b-7a1f-3334-9449-ff15f68b7d86,Winston220 McCullough561,M,GENERAL PRACTICE,275 SANDWICH ST,PLYMOUTH,MA,023607761,41.94186605,-70.6455366462985,27,0
4a22e5e4-fc0a-3ce3-9fef-60c948955bf0,70e3ad4f-b9ff-3f3e-9990-2cd7e23a9d1c,Zane918 Bosco882,M,GENERAL PRACTICE,1238 RIVERDALE ST,WEST SPRINGFIELD,MA,010894675,42.1373438,-72.62624707492338,1,0
f4fa1412-7ae4-3adb-8e35-3320a923f8f4,dd280187-8662-3732-af81-595d10572911,Clifton91 Lakin515,M,GENERAL PRACTICE,4499 ACUSHNET AVE,NEW BEDFORD,MA,027454707,41.74026055,-70.9450945705336,24,0
67561ae3-aa4f-34c6-bcc2-a7990635f6eb,92d919ab-8380-3fda-a5f1-838e69b819c1,Velda682 Gutmann970,F,GENERAL PRACTICE,300 TRADECENTER STE 4750,WOBURN,MA,018017420,42.4994143,-71.161659,58,0
13fc5b6d-e2f7-3f93-8574-989ef1685d2c,a2cc09de-c1e2-3126-8c09-d49f95225281,Cristi782 Leannon79,F,GENERAL PRACTICE,300 LONGWOOD AVE,WALTHAM,MA,024532741,42.3756401,-71.2358004,13,0
fcbb0888-e965-3a34-ad28-df5c2efaec7f,9f2f60a6-87a4-3f45-b753-b63b5b7e9993,Maricruz991 Considine820,F,GENERAL PRACTICE,332 HANOVER STREET,BOSTON,MA,021131901,42.3647421,-71.0536619,14,0
6404b9e0-793b-3ba1-a459-fc287e208eaa,44cb1162-a345-3477-8723-c202a3c8cdcd,Shaquita282 Graham902,F,GENERAL PRACTICE,73 W MAIN ST,HOPKINTON,MA,017481619,42.21799145,-71.54005509979045,54,0
e28accae-4966-3653-8db1-e933793d0f83,0519b293-2e92-3eb3-aeef-233da0babc93,Juan88 Friesen796,M,GENERAL PRACTICE,40 PARKHURST ROAD,CHELMSFORD,MA,018241511,42.6198215,-71.36189212971482,10,0
903cf706-2f7a-3357-81ac-ec7a9ef02348,bebc1dac-6c42-3225-b0ba-23278cdf2a62,Cherry401 Hackett68,F,GENERAL PRACTICE,464 MAIN STREET,AGAWAM,MA,010011826,42.07695165,-72.62026217030348,14,0
d707a215-e168-3762-8698-56bc2b2956b6,82248deb-13cc-31b2-8764-0233e159a93a,Hank686 Kemmer137,M,GENERAL PRACTICE,19 DEPOT STREET,ADAMS,MA,012201856,42.623644600000006,-73.11852130252683,8,0
d946aa55-e4bc-3444-a5e2-1333c809aed2,ce4d0501-49eb-396a-bc56-545fdfc624b0,Mauricio81 Daniel959,M,GENERAL PRACTICE,1 HOSPITAL RD,OAK BLUFFS,MA,025571406,41.46063105,-70.57989080295974,2063,0
9dbb9315-673e-3ba0-8719-a277827ea502,afc661fd-71d9-3fc3-adf2-3fc3b5e8a140,Hyman89 Schmeler639,M,GENERAL PRACTICE,680 CENTRE ST,RAYNHAM,MA,02767,41.9487118,-71.0731008,123,0
1ba312c6-bc9b-3387-86d9-e6b2a64b4f2c,06cc2462-430f-3322-9c87-7e971125f510,Kai187 Mann644,F,GENERAL PRACTICE,133 OLD ROAD TO 9 ACRE COR,WESTFORD,MA,018863198,42.5792583,-71.4378411,98,0
f2046699-d386-3f75-8aa1-185617379caf,98bf9e06-f827-310f-8022-35ee33686f76,Edward499 Torp761,M,GENERAL PRACTICE,204 PROCTOR AVE,REVERE,MA,021514923,42.41420445,-71.0184707933218,1,0
2c4b7d17-0ded-3e16-b5eb-6dda1d6a81bb,db106514-f254-3402-b6a4-6d210c78c7e2,Kimbra238 Runolfsdottir785,F,GENERAL PRACTICE,211 FRANKLIN STREET,QUINCY,MA,021697833,42.23691085,-71.00237199954586,11,0
394b384f-ec04-3c67-bc54-9c97880cfa28,ee7fab6f-6438-394f-b1f2-3e452f8f055a,Domonique463 Satterfield305,F,GENERAL PRACTICE,75 BRIMBAL AVENUE,BEVERLY,MA,019156009,42.570099299999995,-70.87108224250409,24,0
d119baca-54a2-32f7-af73-dbc8897e7200,907b1d2f-2bf8-31b5-abc2-14d6b75faa96,Ellis535 Ernser583,M,GENERAL PRACTICE,340 MAPLE ST,MARLBOROUGH,MA,017523200,42.3358161,-71.54106510218209,23,0
6830404e-b1db-3ae1-991e-57ee90c4dd2f,1ce0d1a3-b507-3ad1-afc5-b25bfe48b8dc,Dovie983 Welch179,F,GENERAL PRACTICE,10 PEARL STREET,STOUGHTON,MA,020722364,42.125716800000006,-71.1025481568314,11,0
9ce35811-1272-305c-a377-49cd9b2d947a,880fad59-9c38-3a21-a39f-ccc801502ab3,Halina47 Pollich983,F,GENERAL PRACTICE,799 CONCORD AVENUE,CAMBRIDGE,MA,021381048,42.390849395521705,-71.1556550001627,4,0
611ad96a-f393-3331-8038-735b09be3e08,352f2e3b-0708-3eb4-9f7e-e73a685bf379,Gregg522 Willms744,M,GENERAL PRACTICE,157 UNION ST,SOUTHBOROUGH,MA,017721215,42.3056501,-71.5245087,64,0
120a6db2-6285-37de-ac05-2be7f1e69c0b,a2d45ee8-b930-3169-b612-f602961ad212,Florance664 Leannon79,F,GENERAL PRACTICE,37 MINUTEMAN WAY,SHREWSBURY,MA,015452229,42.288207,-71.73443816915585,24,0
786ac1bc-23c6-35cb-a237-5c4513ac538c,4fa643ae-1f58-3c2e-9f33-0ba56345ad10,Sharyl439 Williamson769,F,GENERAL PRACTICE,361 MAIN ST,WAREHAM,MA,025712153,41.761384899999996,-70.71911431737183,31,0
9de97fb2-4a36-3e73-ba23-a0c2346deb5b,a73a3693-57ac-367e-b29e-f0f834cbaf66,Chelsey293 Simonis280,F,GENERAL PRACTICE,10 CORDAGE PARK CIR,PLYMOUTH,MA,023607318,41.9788991,-70.6879608,28,0
2d312216-1433-3a77-a29e-f1d766339b2d,2b97893e-dc50-378b-a266-f089b8450329,Magdalena964 Torphy630,F,GENERAL PRACTICE,250 MOUNT VERNON ST,DORCHESTER,MA,021253120,42.3194571,-71.04610844302991,68,0
6ca133ad-e406-3d4f-bdb1-16f6ca77e692,d0894f6b-78d7-338d-82ad-b63de4d40014,Dewayne363 Lemke654,M,GENERAL PRACTICE,330 MOUNT AUBURN STREET,WALTHAM,MA,02452,42.3756401,-71.2358004,5,0
2c9473d8-7f4b-327a-a5fa-dbfcd252c53b,5d1b509e-a048-357f-807e-6b863006e337,Lorenzo669 Parra592,M,GENERAL PRACTICE,65 WALNUT ST,WELLESLEY HILLS,MA,024812118,42.3213892,-71.2586343,25,0
c8c77ef3-6558-3440-b3b3-81ca27e796ab,3d5fbf38-c781-3e04-8c7e-5a402611b7d4,Enriqueta274 Barton704,F,GENERAL PRACTICE,260 ELM ST,SOMERVILLE,MA,021442951,42.3955992,-71.1227391,181,0
a56dc10a-3669-3f99-9e23-e2de4ecaaaab,f43f97f2-af04-3ed0-a42e-3681718cc9b2,Dorcas534 Quigley282,F,GENERAL PRACTICE,725 NORTH ST,PITTSFIELD,MA,012014109,42.4600752,-73.2492795834909,833,0
c8267016-3187-323d-a605-bbb52d634b11,f202fe9c-c1dd-30d5-805e-6a26904dbbce,Thad495 Fahey393,M,GENERAL PRACTICE,256 GEORGETOWN RD,BOXFORD,MA,019211642,42.697599999999994,-70.98887494259449,72,0
e68afc41-8284-37b0-8584-3b07e32cc5ff,9ed61c49-1d0c-3774-b528-d75b50938fe2,See995 Stoltenberg489,F,GENERAL PRACTICE,110 West Squantum Street,Quincy,MA,02169,42.272617,-71.03133,21,0
aec9856c-4013-3159-a2b4-6c169c336e6e,2f67494e-f17e-3248-ba68-3ca42913cca1,Vicente970 Reséndez908,M,GENERAL PRACTICE,184 MAIN STREET,FAIRHAVEN,MA,027193259,41.646106,-70.90865208079187,3,0
314f0a6b-8500-3ebf-80a1-1ec9af110065,eb7b9a53-ce15-3de6-85b9-4aa4e3f26bac,Sonny285 Witting912,M,GENERAL PRACTICE,194 BOARDMAN ST,HAVERHILL,MA,018306405,42.77171213955692,-71.05879730251671,1,0
7bf11ede-fbbf-38fd-b7da-d4299718789a,edd58f69-ad5f-346b-b1f9-530ccdc895f6,Johnathan55 Padberg411,M,GENERAL PRACTICE,52 CARPENTER ST,ATTLEBORO,MA,027032472,41.9369576,-71.27996091755344,21,0
00b1a913-31e7-3941-8f26-9a07f04e62c9,94ac48ba-e215-3ab9-ba88-a0b926d29cef,Barton704 Hahn503,M,GENERAL PRACTICE,300 WINTHROP STREET,MEDFORD,MA,021552311,42.421527,-71.11834,14,0
38723315-5fbb-3851-b5f9-c6fcbe1696ca,0334ad53-5d57-384e-a411-63b075139c06,Silas208 Stamm704,M,GENERAL PRACTICE,66 CENTRAL STREET,EAST BRIDGEWATER,MA,023331913,42.03160525,-70.9572577506426,10,0
43330d38-5849-3ad9-b63b-2b5e725cf713,b3f4de6b-901d-3856-ba81-35dc48a63d17,Darren774 Cronin387,M,GENERAL PRACTICE,451 ANDOVER ST STE 205,NORTH ANDOVER,MA,018455079,42.6734518,-71.1268776,50,0
529a49bb-5681-303e-b17d-2945b07bf4de,4ba48ef6-19f2-3177-bfaf-096daaebf26a,Gerald181 Wunsch504,M,GENERAL PRACTICE,275 TURNPIKE ST,BRAINTREE,MA,021845328,42.2064195,-71.005067,46,0
1b621e29-d146-35c4-9c41-c8d3435678f4,f438b8e0-d856-328a-b193-2b014fc4cb97,Tyron580 Reinger292,M,GENERAL PRACTICE,981 VARNUM AVENUE,LOWELL,MA,018541913,42.64591185,-71.36487149058269,3,0
6521da89-0296-38bd-b158-83ac049f380a,936ceb96-2b12-371f-aa68-ee02a9c06f4c,Eddie505 Keeling57,F,GENERAL PRACTICE,225 BOSTON ST,LYNN,MA,019043124,42.470497449999996,-70.96003668151566,71,0
b25ac536-aae3-3d04-bffe-59f27f6a763d,5d0d1d11-dd8a-3d28-b029-93062b6798a5,Shirley182 Flatley871,M,GENERAL PRACTICE,378 PLANTATION STREET,WORCESTER,MA,016052324,42.27966095,-71.7626143755108,2,0
27c014ed-9fb4-3aca-aa68-dbf3a87b3944,686dbc4c-72c6-37b9-a8a8-46839da327a2,Hope196 Mertz280,F,GENERAL PRACTICE,34 PEARLY LN,GREENFIELD,MA,01301,42.6097476,-72.5979752,2,0
1b7da07b-390c-3d99-ad98-7bacd6318b87,a855314b-4fb5-37fc-8015-5caa96c928b1,Terrence276 Kiehn525,M,GENERAL PRACTICE,759 CHESTNUT ST,SPRINGFIELD,MA,011991001,42.121522049999996,-72.60300615153007,132,0
2b9b65ce-f83a-36f3-a530-bc0bd7300cf3,0a8a4b11-d0b8-3cd2-92cd-983de5189cfa,Angelena945 Nicolas769,F,GENERAL PRACTICE,111 BIRCH STREET,LYNN,MA,019021574,42.47859105,-70.93458444045801,14,0
ca7e190e-a1a8-353a-814d-d167f947b91e,7b7ce654-a413-37d1-9d34-97240c0ac580,Landon622 Kihn564,M,GENERAL PRACTICE,1 WRENTHAM ST,BELLINGHAM,MA,020192532,42.025037350000005,-71.48945118224057,4,0
3960567d-f14d-31c2-9d0b-89111506e84c,95b01a7c-e16a-37d4-b354-c404baa00203,Foster87 Gibson10,M,GENERAL PRACTICE,290 SOUTH STREET,PITTSFIELD,MA,012016824,42.440485002637104,-73.25677853480586,17,0
6cd6e3d5-0844-3ce4-a3df-b718c3f4eb8e,7b20d1c4-c56b-3647-801c-5e4e13679073,Riley817 Prohaska837,M,GENERAL PRACTICE,275 SANDWICH ST,PLYMOUTH,MA,023602183,41.94186605,-70.6455366462985,7,0
1c9ca9d2-7136-3101-9a5e-eb8ff676a35a,880c8804-deb0-35b0-9132-06950118b8b3,Sherron201 Flatley871,F,GENERAL PRACTICE,150 LINCOLN STREET,NEEDHAM,MA,024922914,42.2743931,-71.23662905222776,8,0
5f6308df-ae55-38bf-87a8-705f0903ea16,3e97ce4f-3ad7-3cea-883f-e2bb4ca89d83,Dan465 Swift555,F,GENERAL PRACTICE,30 NEW CROSSING RD,READING,MA,018673270,42.51809619399502,-71.0959083715027,2,0
75f633a3-3fe5-316a-a55c-4e38eefabc7c,71d9e7fe-5a34-3f11-8edb-f79c482785fe,Liane379 Kunze215,F,GENERAL PRACTICE,42 CAPE RD,MILFORD,MA,017573292,42.1274477,-71.5195252,99,0
d24b5f96-868a-3a98-b574-d36082689cc1,4f59f709-8b84-3d27-a04b-c6b7b5544413,Natividad796 Davis923,F,GENERAL PRACTICE,70 BOLTWOOD WALK,AMHERST,MA,010022271,42.3768779,-72.51840280783739,29,0
157c7591-4a9c-3210-816d-b0226df3660f,36d328a2-68bb-3967-a9bf-00897a7c945f,Lynn917 Rodriguez71,M,GENERAL PRACTICE,299 WAREHAM STREET,MIDDLEBORO,MA,023462905,41.869676,-70.873384,47,0
9d979af6-6c18-3a64-a867-f11423797eb9,6d6ef57e-b2ce-3a69-bacf-4305c51834b0,Lesha323 Skiles927,F,GENERAL PRACTICE,186 HIGHLAND AVE,SOMERVILLE,MA,021431507,42.38845955,-71.10666839512322,1,0
85306cb8-d08a-3c3b-8601-fe61a3e1c63b,552ede7f-2ba4-39ef-9217-29d27b89b8a7,Shameka870 Reichert620,F,GENERAL PRACTICE,87 SHATTUCK STREET,HAVERHILL,MA,018302319,42.796917699999995,-71.05216081525802,2,0
c646c9d6-5ea7-3279-8f97-2fb8d667ac51,a079d416-e8fe-3286-8ef3-6d289d7b5ad9,Nan75 Collins926,F,GENERAL PRACTICE,233 Stevens St,Hyannis,MA,02601,41.651745,-70.294235,131,0
0fc29568-6146-375c-a5b5-ac87e61e5f60,0f2c58ec-5323-3c0f-9bdf-af0df7eb2a2b,Owen89 Boehm581,M,GENERAL PRACTICE,130 DORCHESTER STREET,SOUTH BOSTON,MA,021272642,42.3334312,-71.0494949,19,0
93220b12-3a59-3dc2-beba-13113dd7becd,51370692-6296-3150-8672-559fc73f964f,Almeda560 Okuneva707,F,GENERAL PRACTICE,75 FRANCIS ST,WEST BRIDGEWATER,MA,023791542,42.0219112,-71.019004,126,0
7361af34-e11c-358b-b63a-76d8fcf50c18,c6b019eb-28ec-36f6-abf3-bcc4d1d58966,Sherwood961 Aufderhar910,M,GENERAL PRACTICE,33 AVON ST,WAKEFIELD,MA,018802310,42.50403445,-71.07462951514611,28,0
9eb10643-256c-3dfd-a9f8-610c9a583850,06376cbe-4880-384b-b459-7ce3eef36ced,Lynwood354 Ratke343,M,GENERAL PRACTICE,387 QUARRY ST,FALL RIVER,MA,027231026,41.6932713,-71.1402431739568,74,0
3b55f437-786a-34f2-9c07-8dd10fdae467,2836d9ac-c6a6-39d1-8f13-fdf0fc8928f4,Carlton317 Koch169,M,GENERAL PRACTICE,365 EAST ST,TEWKSBURY,MA,018761950,42.6069472,-71.2180803,362,0
9018bd1f-b631-33cc-b2db-60e6af0660f4,a2f8d8fe-665e-390f-8b9b-efdc0b14a77c,Armand155 Towne435,M,GENERAL PRACTICE,161 JACKSON ST,LOWELL,MA,018522103,42.6425382,-71.3093946,2,0
17db113d-ba8a-3a38-b9d6-a5dab35b6f03,82c72223-f521-3a34-9b9b-4ff366365399,Margaret865 Reinger292,F,GENERAL PRACTICE,2100 DORCHESTER AVENUE,QUINCY,MA,021691870,42.2509914,-71.0037374,41,0
041e8b8f-bc3d-3735-8115-48ecc2413358,470e2fc6-33df-31c6-a448-ac918dcc19d9,Andreas188 Swaniawski813,M,GENERAL PRACTICE,34 MAIN ST,HAMPDEN,MA,010369642,42.1226047,-72.2062130792683,1,0
d68faec2-03f0-3786-8fd5-a4f921913f44,b5e6f1bd-c744-3556-9775-5ff8399eea33,Whitney250 Wiza601,M,GENERAL PRACTICE,2284 MAIN ST,CONCORD,MA,017423829,42.44300895,-71.42458458423982,19,0
32e978e9-a4f2-3271-acf2-81b575446a74,423ee6a6-6928-3a01-a49d-9687361747a4,Kelley882 Yost751,M,GENERAL PRACTICE,7 LORING HILLS AVE,SALEM,MA,019704267,42.48646565,-70.90338797731044,1,0
a038fef7-281f-3239-a884-c052106d6db6,7c625dc4-2593-31eb-95fd-6a912832b8bb,Imogene688 Braun514,F,GENERAL PRACTICE,980 WASHINGTON STREET  SUITE 124,DEDHAM,MA,020266704,42.228918,-71.18501264023513,23,0
71704a5f-7df7-3330-8a43-ee7e2d3d0fd7,f22bc2ac-f8bd-3f9f-9a40-93db37639d3f,Glennis930 Erdman779,F,GENERAL PRACTICE,735 ATTUCKS LN,HYANNIS,MA,026011867,41.6747631,-70.29768515601289,45,0
769df502-7a80-3fcb-b4de-79b5253dc4ff,94f6a3ae-7d8d-3cbc-a788-e400732da7e5,Malcolm243 Kuvalis369,M,GENERAL PRACTICE,450 WEST RIVER ST,ORANGE,MA,013649603,42.5928702,-72.32953998953418,3,0
407078b2-cd1f-3755-9a3a-e308eb382c09,4fa8411f-42f8-3353-8947-bf15254c9dee,Jess275 Gutmann970,M,GENERAL PRACTICE,90 GREENWOOD STREET,WAKEFIELD,MA,018804039,42.476321150000004,-71.06922169005762,10,0
88a210c9-ef52-37eb-97d5-9fba25a77082,21989e2e-249c-3b79-acf0-240211e16b4b,Hung902 Ullrich385,M,GENERAL PRACTICE,1290 TREMONT ST,ROXBURY,MA,021203432,42.3327398,-71.09194864251029,32,0
3993ba98-a601-3d1a-af47-b966af7f685e,a977feef-f585-3fa8-8deb-7e60fc2cab30,Keneth579 Schulist381,M,GENERAL PRACTICE,2314 MAIN STREET,TEWKSBURY,MA,018763128,42.58023655,-71.19367180835906,2,0
e01856a3-9336-3dc5-b323-a247cc2b8a31,1de7e7d9-9a7a-3a3f-bf4c-b4de450711f2,Vince741 Morissette863,M,GENERAL PRACTICE,198 LITTLETON RD,WESTFORD,MA,018863429,42.564282,-71.42620615382347,8,0
14f450a0-fe18-3070-a280-e2f82e85f038,df3f566c-97e5-31ed-b0fe-4b452666f736,Sandie760 Rodriguez71,F,GENERAL PRACTICE,300 CHESTNUT ST,NEEDHAM,MA,024922477,42.27522125,-71.23743483674366,52,0
611af0dd-166d-351a-a890-125a8223a371,497f39dd-280e-3d58-af5b-c5e3a3a09b10,Randy380 Bergstrom287,F,GENERAL PRACTICE,27 PARK ST,HYANNIS,MA,026015230,41.65363635,-70.27352219234834,372,0
b63308c8-55ac-3d69-8ee7-7bbb9271d741,eaaf102d-0188-3a69-a751-030645e2a7b0,Cathey606 Kiehn525,F,GENERAL PRACTICE,605 MAIN STREET,WAREHAM,MA,025711031,41.76766153042966,-70.73096212925822,62,0
fa021fb4-52b3-3968-a876-e0fe5c2dd61a,578b56de-fe9c-32e1-aea4-876f8bc01e9c,Agnes294 Dooley940,F,GENERAL PRACTICE,49 HILLSIDE STREET,FALL RIVER,MA,027205211,41.707406500000005,-71.14593659462452,170,0
e84f7fb6-c3d9-35d4-98ce-41d534017818,5608c6ae-1f1d-368e-8172-aea4d9d2aefd,Karin721 Sporer811,F,GENERAL PRACTICE,12 KENT WAY STE 210,BYFIELD,MA,019221221,42.75468625,-70.9451078257969,2,0
7097c9de-44d7-33d8-b72b-065ba053308f,0d7fd824-1c7b-3f8b-a662-f6c2005e82e1,Arminda86 Trantow673,F,GENERAL PRACTICE,88 MASONIC HOME ROAD,CHARLTON,MA,015071394,42.1389039,-71.9782681,16,0
aaaa885e-0390-366b-a5f7-d95d1bdb955e,a525d084-5a8f-3859-a048-2130a4092ec8,Samuel331 Runte676,M,GENERAL PRACTICE,2 MOUNT ROYAL AVENUE  SUITE 350,MARLBOROUGH,MA,017521976,42.34042135,-71.57841367654626,1,0
7ebbc1f4-e2d8-36f8-abe6-551d9bfb2719,accb8cdd-6560-3fef-b0a6-f12c3295026a,Gerardo48 Bergstrom287,M,GENERAL PRACTICE,969 PARK STREET,ATTLEBORO,MA,027035115,41.9266899,-71.2611303145582,2,0
2a7b77be-f4dc-34dd-84ec-c42433b30414,390a2aa4-70b4-3a64-a12f-9bd777834c8d,Hunter736 Howe413,M,GENERAL PRACTICE,710 MAIN STREET,HARWICH PORT,MA,026461931,41.669654699920855,-70.06169919459835,36,0
156ba60b-05f5-3d19-ac62-eb438ca3f174,1ab2b5f9-cb95-3236-beec-9b9d4a407c61,Latoria810 Eichmann909,F,GENERAL PRACTICE,725 NORTH ST,PITTSFIELD,MA,012014109,42.4600752,-73.2492795834909,2,0
b9ad6bd4-dced-306f-a0ba-4b6c9cdab2b7,07ae483b-b351-3add-8b05-afba832b88ea,Harold594 Murray856,M,GENERAL PRACTICE,5 REDLANDS ROAD,WEST ROXBURY,MA,021321506,42.2879347,-71.15108161583282,19,0
7b65efdf-95c9-3e3d-9a94-e55e6026930f,41e2a44c-477c-3511-96f9-12c476aa3b6a,Latoyia537 Lindgren255,F,GENERAL PRACTICE,85 E NEWTON ST,BOSTON,MA,021183553,42.336277100000004,-71.07085295687423,119,0
f2814cb2-8e66-3d2b-ae02-8bf0e3fb86ba,97a14f8a-1b8c-3b40-b5bd-f44f1440c1ba,Vincent299 Bergnaum523,M,GENERAL PRACTICE,23 WHITES PATH,W YARMOUTH,MA,026733200,41.6501114,-70.2411312,52,0
0d3b35d0-0511-3d2d-9b20-c3200cc64577,5b0cd0a0-f277-3a66-bee6-d64b5be4a3f5,Waldo53 Hintz995,M,GENERAL PRACTICE,725 NORTH ST,PITTSFIELD,MA,012015493,42.4600752,-73.2492795834909,2,0
67814692-2025-3e73-8c70-566ffac15521,79a06fd6-9f2b-35e3-9b11-0bc5ff89e17c,Waylon572 Kovacek682,M,GENERAL PRACTICE,225 Boston Road  Suite 107,Lynn,MA,01904,42.470093,-70.95994,206,0
bea68a65-2141-3a75-99d6-351128629794,4956f573-3dc2-3a67-9692-2f57451744e6,Kathe603 Davis923,F,GENERAL PRACTICE,400 BOLTON STREET,MARLBOROUGH,MA,017523912,42.35966285,-71.55290125539051,3,0
28d70239-75b2-3d40-8e1e-7b6a9b17510e,b44955d1-f0e2-3beb-a013-708a81dbe430,Idella49 Runte676,F,GENERAL PRACTICE,680 CENTRE ST,WEST BRIDGEWATER,MA,023791600,42.0219112,-71.019004,94,0
2c725fad-c4ce-3e38-bd5c-a7c325a095ff,ad2dab07-4f85-3950-baaa-7c7cd2aa770c,Gertrud593 Kuhic920,F,GENERAL PRACTICE,55 LAKE AVENUE NORTH,WORCESTER,MA,016550002,42.2774799,-71.76166994969458,119,0
eb94f4dc-d10a-3e54-ba2c-74fd83d3e623,67d2f85b-ddc7-3ed0-b90b-6fa5b7b8358a,Marshall526 Jenkins714,M,GENERAL PRACTICE,43 FOUNDRY AVE,WALTHAM,MA,024538313,42.37050535,-71.21908334877376,33,0
9b90c89f-93cd-3307-bc9a-555e7c40a442,0d9b0d22-585e-3fd8-ab02-26b5be7915d1,Duane703 Koelpin146,M,GENERAL PRACTICE,516 CAREW ST,SPRINGFIELD,MA,011042330,42.12133575,-72.59217953646302,28,0
29b3763c-1113-3a24-8572-61a46462e50b,d3335d07-2a2c-35d7-9b87-c022393b6793,Nancie476 Lubowitz58,F,GENERAL PRACTICE,137 NICHOLS STREET,NORWOOD,MA,020622009,42.1930792,-71.20868232395514,7,0
8ba9dc63-e8c2-383a-9031-314602010985,0d1570ab-371c-3898-9397-95905d8c5166,Santina680 Dicki44,F,GENERAL PRACTICE,750 WASHINGTON ST,BOSTON,MA,021111552,42.3499038,-71.0631836,776,0
1c5d53e9-dace-3ba8-a286-0edb1041a9ef,1853aeef-5897-326a-80d6-aa4b0459eb6d,Kendra609 Kassulke119,F,GENERAL PRACTICE,381 WICKENDEN ST,ATTLEBORO,MA,027032247,41.9438129,-71.2806515,18,0
eb6a61be-bd20-3568-98a0-e87b4b412667,93552c27-f173-385f-8849-ee56c25f638b,Song837 Cummerata161,F,GENERAL PRACTICE,359 HIGH ST,GREENFIELD,MA,013012617,42.6033006,-72.58135309677492,1,0
c8454df2-f3ef-3ab5-bb77-f2aa89ebeded,f3030ee3-dfa5-3595-b684-9769e52a580a,Emilio417 Esquivel546,M,GENERAL PRACTICE,88 MASONIC HOME ROAD  DAVENPORT BLDG  2ND FL,WEST SPRINGFIELD,MA,010891357,42.105237,-72.6213712,9,0
eb061e64-87e5-3fd4-89e2-980d6171a13a,94dda4e1-7476-367a-b1f8-37ea7f61a1b7,Dylan44 Robel940,M,GENERAL PRACTICE,145 WARD HILL AVENUE,WESTBOROUGH,MA,015811017,42.2694308,-71.6129907,1,0
1371161d-fe02-3aff-a2bc-abbad5107391,22fa6d28-92b6-3446-a388-f5aba50debaf,Clarence5 Robel940,F,GENERAL PRACTICE,123 CAPTAIN'S ROW,CHELSEA,MA,021504019,42.3917638,-71.0328284,9,0
7350bbb4-a05b-399a-9cad-1a3e6af04766,689f8809-c101-38db-b3c9-580b4c37f268,Joel444 Bins636,M,GENERAL PRACTICE,364 STATE RD,VINEYARD HAVEN,MA,025685624,41.44720825,-70.61474940346154,298,0
fffdc2e7-c175-3e01-a2da-185da48c378d,80646050-1c76-3046-bbc8-fd5f0b7c34e6,Raleigh478 Hauck852,M,GENERAL PRACTICE,140 ARNHOW FARM ROAD,FITCHBURG,MA,014201369,42.5903661,-71.8119837,24,0
62b1bc3a-e48e-3187-9d6d-55380621d7ed,0be0e035-8dad-387e-bbdd-a5a469c4311f,Tyler508 Howe413,M,GENERAL PRACTICE,480 MAPLE ST,DANVERS,MA,019234065,42.584178050000006,-70.97197467750539,9,0
f081fd61-3050-3b27-afb5-e1fefc8b5298,3f12ebb4-e03c-3453-88d2-4fc9682383df,Erwin847 Stiedemann542,M,GENERAL PRACTICE,726 COUNTY ST,NORTH DARTMOUTH,MA,027473603,41.6389926,-70.9703171,61,0
d596737f-9e39-3d8a-ada0-62882b6f78b2,9c9d017c-0a4d-3e03-9802-4d310ea05c71,Essie785 Schaefer657,F,GENERAL PRACTICE,70 FULTON ST,BOSTON,MA,021091402,42.362439499999994,-71.05377386223965,1,0
39cd07b0-630a-3db1-b8ea-b6f21a1ef3bd,8ec2ca51-abb4-35dd-b90f-6c6aad6d2124,Elisha578 Conn188,M,GENERAL PRACTICE,22 JOHNSON STREET,PEABODY,MA,019602311,42.54644385,-70.99288129112277,1,0
4931c0f7-2cf6-337e-a307-9bd159e2bbd3,8af3b144-0e1a-3c90-937d-81a4ed026080,Guillermo498 Fay398,M,GENERAL PRACTICE,800 WASHINGTON STREET,NORWOOD,MA,020623489,42.1886973,-71.2005241,119,0
2e97ff44-8212-3dab-98c7-7bc7fa499360,9fdce5d5-d4d0-3156-a8d5-8757bfe4e9b3,Rosario163 Kilback373,M,GENERAL PRACTICE,1 FARMER CIR,ARLINGTON,MA,024742866,42.42405225,-71.16792616556859,20,0
ea263977-f8e1-3045-9ce1-01502f262315,86f41096-d81f-3e26-b770-b26adc017d3e,Ka422 Prohaska837,F,GENERAL PRACTICE,288 WASHINGTON STREET,QUINCY,MA,021695523,42.24983615,-70.9902487341626,7,0
09d44675-d050-3622-808d-a0995ed3f160,b3b56527-d366-3353-bca9-266a12f23051,Gil594 Schroeder447,M,GENERAL PRACTICE,60 QUAKER HIGHWAY,UXBRIDGE,MA,015691628,42.06100105,-71.62352848737622,31,0
7a61773b-9225-3023-a35b-c1d883c7cc97,125eccb3-d003-34ea-9bd8-360dff059782,Mickey576 Gerlach374,M,GENERAL PRACTICE,125 PARKER HILL AVENUE,DEDHAM,MA,020266146,42.2489143,-71.1755732,337,0
dd3ad083-97a1-383f-b35f-3dfc07b55548,36c8b677-a6ce-3266-b71e-ed86d778d0fa,Rebekah348 Rippin620,F,GENERAL PRACTICE,300 FRIBERG PKWY,WESTBOROUGH,MA,015813900,42.28350315,-71.58027718702151,56,0
9a37b55a-ab76-3601-bd8d-a4db44a855e6,e92dad8b-f485-315a-8fc4-1d7adfdc9c00,Laurena366 Anderson154,F,GENERAL PRACTICE,581 FAUNCE CORNER RD,DARTMOUTH,MA,027471242,41.676111381167445,-70.98788528176077,121,0
0ef9da3a-7313-346a-9da7-246794afc19c,6929d249-cc27-33aa-a871-b6f26059615d,Deon400 Fritsch593,M,GENERAL PRACTICE,ONE HOSPITAL ROAD  FIRST FL  WING 5   PO BOX 1477,OAK BLUFFS,MA,025571406,41.4538523,-70.5684713,89,0
a0f53300-c2b2-350a-a829-27edf94d5fb7,aad05540-c9cb-3805-b3c4-f9b9d9b42b2e,Víctor493 Maya972,M,GENERAL PRACTICE,821 E MAIN ST STE 3,CHICOPEE,MA,010206306,42.155774795300516,-72.55672263289513,77,0
cb2bcfc0-383b-38aa-a15c-e04b4dd94bb8,2e73956a-942f-36f3-b88c-f88e782e578f,Ivory697 Boyle917,M,GENERAL PRACTICE,790 TURNPIKE STREET  SUITE 202,NORTH ANDOVER,MA,018456138,42.661547049999996,-71.10774565195425,1,0
03ee3ea6-091d-3c42-8334-78f91d2fb0cb,ce3b504c-f15c-3bcf-ba6e-dcb551cc7d7f,Denisha680 Schmitt836,F,GENERAL PRACTICE,112 SOUTHAMPTON ST,BOSTON,MA,021182711,42.33240995,-71.06915010706255,19,0
4176229c-6409-349d-95fb-f6fa7b0276de,19a3afba-b409-3650-a0ab-f3faf6e391ef,Patrina117 Strosin214,F,GENERAL PRACTICE,199 REEDSDALE RD,WALTHAM,MA,024511433,42.3756401,-71.2358004,1,0
6ba499cf-0f64-37ae-8f6a-9c97ea6effb2,0e9d0119-1157-35a0-8bb5-7e0aa3041928,Rosa195 Cervantes583,F,GENERAL PRACTICE,1049 MAIN STREET,SPRINGFIELD,MA,011032114,42.09977055,-72.58470990760483,110,0
7794a269-141b-3803-bb79-f834a6691caf,76b7dbb5-0a02-32a4-9a01-3511f7e45016,Jerrold404 Satterfield305,M,GENERAL PRACTICE,59 COUNTRY WAY,SCITUATE,MA,020663746,42.1806871,-70.74862935148246,2,0
b740d342-af9a-3542-85b5-61e0a2e98566,83a08dcf-7ed6-3d2e-afc0-a72c05d2563c,Felipe97 Escobedo608,M,GENERAL PRACTICE,755 MAIN ST,HAVERHILL,MA,018302166,42.797835,-71.0878121,27,0
2da9f8bb-53ea-3850-99dd-8b9bc3acd00f,e68de1a0-767e-3466-b9a6-43948ee073d3,Gene733 Ratke343,M,GENERAL PRACTICE,160 WELLS AVENUE,NEWTON,MA,024593302,42.29337605,-71.19806353028767,1,0
29c8043c-29fa-3452-8fb2-036ca734f503,d6c165ec-d9ca-35a5-9bc8-2061cbfb83a2,Stuart913 Lynch190,M,GENERAL PRACTICE,10 ADAMS ST,NORTH CHELMSFORD,MA,018631780,42.6389249,-71.3840196,38,0
2b680918-e6f1-3752-8089-db76978d20a3,cbebae9e-f95e-3d2c-9712-289ea8d6aeec,George991 Haley279,M,GENERAL PRACTICE,49 ROBINWOOD AVENUE,QUINCY,MA,021698130,42.2509914,-71.0037374,56,0
ce4f795b-9c48-3211-951b-ef15251c1999,1cec4304-9757-3a10-ad4f-7e2090c56131,Theo630 Rohan584,M,GENERAL PRACTICE,55 LAKE AVE N,WORCESTER,MA,016550002,42.2774799,-71.76166994969458,80,0
7fadc22b-f3fc-345d-8062-62609348b7a3,ec7e487e-7e78-3eac-a9ee-37f8de98a0f9,Marlene554 Hammes673,F,GENERAL PRACTICE,277 WASHINGTON STREET,ABINGTON,MA,023512489,42.10060947239023,-70.94967338146704,7,0
fc098d8c-124f-35b4-94a9-99194ab8a603,a8f1424c-00bc-3403-8db5-cd600978f3a4,Corazon138 Bogan287,F,GENERAL PRACTICE,8 BURNHAM ST,TURNERS FALLS,MA,013761816,42.6042523,-72.5564777,82,0
14bf2d36-b307-3819-9a88-a51a64f7318d,411f14a5-de79-3e08-81d6-301270cc2275,Janee223 Harvey63,F,GENERAL PRACTICE,64 CONCORD STREET,WILMINGTON,MA,018872179,42.55962465,-71.13772203658047,32,0
e30a8ac3-aa0f-3333-a8cc-fa2859807af2,471f7ca2-38f8-3080-8109-187c73ec0b1f,María842 Ybarra887,F,GENERAL PRACTICE,27 CONGRESS ST,SALEM,MA,019707308,42.518722068313224,-70.88940635956651,62,0
5dab38ae-452b-3e14-91fd-7f832255cfe3,a5577e5c-b886-37a0-8eee-8ff6feb7ea6b,Leopoldo762 Keebler762,M,GENERAL PRACTICE,330 MOUNT AUBURN ST,CAMBRIDGE,MA,021385502,42.3741033,-71.13417575971958,52,0
a74aa6fe-7479-3bfb-859b-837725f6192f,5581e43d-0463-3a0b-afc7-a60aea5ac96c,Brock407 VonRueden376,M,GENERAL PRACTICE,57 RIVER RD,ANDOVER,MA,018101144,42.69112645,-71.19636086287642,28,0
959131ed-1438-3aa6-a0f5-daf3d51efaf3,ce9c1582-994d-32bf-835c-474a249d2804,Clifton91 Veum823,M,GENERAL PRACTICE,275 MARTINE STREET  SUITE 104,FALL RIVER,MA,027231500,41.68393816525316,-71.1220830626733,38,0
e6abf053-dc1e-3924-ad67-3fa3d6d8d0e4,e7722de2-0e62-3dc9-a163-a7003956673b,Weldon459 Lockman863,M,GENERAL PRACTICE,1 EDGEWATER DRIVE  SUITE 103,NORWOOD,MA,020624669,42.16153305,-71.20162617190071,5,0
e25d4fb8-95fd-396b-bd2a-974be06b00fc,845fbd9b-2d1c-39a8-8261-28ae40e4fab2,Bennett146 Rippin620,M,GENERAL PRACTICE,14 PROSPECT STREET,UPTON,MA,015681431,42.1700209025178,-71.59409308099494,516,0
1d9795c9-22be-318f-bd6a-a571dbbe35b7,bac9dc0c-cb0f-3fa6-aa12-819dd0fb922a,Floy720 Greenfelder433,F,GENERAL PRACTICE,1493 CAMBRIDGE ST,SOMERVILLE,MA,021452935,42.3875968,-71.0994968,213,0
87f3dfa2-d1b9-34e5-8789-e80db661fa9b,84d5768f-3a21-3da9-aad2-bbf7a3ae2700,Hank686 Schneider199,M,GENERAL PRACTICE,817 MERRIMACK ST,LOWELL,MA,018543548,42.650296999999995,-71.32263756223612,21,0
517f6c17-9ed6-36c7-8a92-614bff518aeb,9ce6072b-d039-3cde-8eaf-950211b8ae88,Terrie907 Ratke343,F,GENERAL PRACTICE,147 S MAIN ST,MIDDLETON,MA,019492446,42.585787222720036,-71.00861442427218,36,0
af5231c6-513a-3300-a87c-a56c6a5d2739,af8566eb-8918-3ec7-ba44-92b6a2cf8097,Madelaine318 Walker122,F,GENERAL PRACTICE,81 HIGHLAND AVE,SALEM,MA,019702714,42.5112107,-70.90516241826194,269,0
ff9018fd-b8b7-3a54-8980-e818063c53e4,d1d4d104-68cb-356b-9086-888de7d2826f,Ellyn26 Windler79,F,GENERAL PRACTICE,61 Lincoln Street  Suite 112,Framingham,MA,01702,42.28348,-71.41845,27,0
8e8a4e2b-27c7-3f38-a1a9-b46b28bfb689,a036cdf2-bbc5-3ffd-987f-56e437fd8b74,Lashanda692 Gutmann970,F,GENERAL PRACTICE,265 N MAIN ST,SOUTH YARMOUTH,MA,026642083,41.680980000000005,-70.18292625685085,18,0
0ac6ef28-fd01-3ef4-9797-4de7ce2e8fd6,69cb2157-b620-3c51-9c94-f516462d2d55,Anh979 Schroeder447,F,GENERAL PRACTICE,11 WATER ST,ARLINGTON,MA,02476,42.41642055,-71.15424293038585,35,0
658f6e73-bed9-37b4-8a05-21ec76e71810,ae3eab22-8868-37bb-9a59-2b8bfe14bf34,Minh326 Smitham825,M,GENERAL PRACTICE,2033 MAIN STREET,ATHOL,MA,01331,42.58522105,-72.20868129339888,50,0
dcfeb52c-a982-381e-910e-d0830677fdce,9a20d707-68e4-32c0-b2b2-2f5d5c2012cd,Gerard367 Pouros728,M,GENERAL PRACTICE,131 CAMBRIDGE ST STE 1,BURLINGTON,MA,018033711,42.50284395,-71.19574553661971,18,0
84d98489-7056-378d-b190-db80d637c69b,41f66e18-8eb7-32f2-9371-7df5bf2b8d21,Lonnie913 Mraz590,M,GENERAL PRACTICE,170 UNIVERSITY DRIVE,GREENFIELD,MA,013011238,42.6097476,-72.5979752,98,0
2144802c-edae-3b86-b4c4-9f3a2b4f9e21,a25107f7-f4f5-36fc-98e4-f3e1b5875c91,Yesenia104 Wilderman619,F,GENERAL PRACTICE,1285 BEACON ST,WOBURN,MA,018012157,42.4979478,-71.1684508,16,0
8a672449-c5ac-3128-89ba-f83475bfcdd8,0e6c3ad1-24c1-34cb-bb6d-e8438fa319e2,Eufemia350 Casper496,F,GENERAL PRACTICE,50 DODGE ST,SWAMPSCOTT,MA,019071300,42.4699241,-70.9171507,19,0
49a9a6e7-01e7-3d51-9b89-4ac3c6907697,4f9dd195-07b8-3a81-8b7a-58852a0e6cdf,Tonja658 Goyette777,F,GENERAL PRACTICE,47 E MAIN ST,WEST BROOKFIELD,MA,015852906,42.2355113,-72.1381676,1,0
0573b0b3-e9ff-3252-8a47-e8738a40ea3c,3695125c-c052-3ece-898a-2a6448987ae5,Sean831 DuBuque211,M,GENERAL PRACTICE,2040 BOSTON RD STE 5,WILBRAHAM,MA,010951380,42.150295650000004,-72.47288272264812,1,0
4b449ee1-0395-33fc-8bfe-606a15d5f068,05fcf001-ab24-3d7d-85f7-f64942d82738,Leonarda398 Schumm995,F,GENERAL PRACTICE,250 POND STREET,FRAMINGHAM,MA,017014592,42.2838619,-71.4093719,24,0
1d7d6e04-6f41-338c-918b-0ca5938857f4,7e6db51f-7c1b-3555-9e1c-6269ba6d704d,Drew592 Streich926,M,GENERAL PRACTICE,120 STAFFORD STREET SUITE 206,WORCESTER,MA,016031461,42.239638,-71.8443785891577,2,0
fa59e4f9-57eb-3b90-8c8a-5a5116aea523,0e3a24c3-b772-3059-b3fd-8a4710068a82,Rex53 Gerhold939,M,GENERAL PRACTICE,416 BROADWAY,RAYNHAM,MA,027671737,41.940680799999996,-71.07864352196617,37,0
6a2d228c-816b-3d9a-8e58-4770776a1000,28d71598-85eb-3a0e-90c1-22e0be1af57c,Jodie811 Hermann103,F,GENERAL PRACTICE,38 MULBERRY ST STE 204,NORTHAMPTON,MA,010602832,42.35436315,-72.70256804599192,28,0
9e5e9ce4-84ba-3962-9fb9-b74a70406047,9adfae03-673d-365d-9052-f705098fa3e4,Sharilyn202 Wolff180,F,GENERAL PRACTICE,51 BLOSSOM ST,BOSTON,MA,021142699,42.36305545,-71.06643399281765,197,0
1b22cdb0-5124-35c9-9bd0-26301e058515,9f85a8c8-007c-3490-a7b7-4a0324c13307,Augustus49 Robel940,M,GENERAL PRACTICE,70 FULTON ST,BOSTON,MA,021091402,42.362439499999994,-71.05377386223965,26,0
74aff797-cab0-3fa0-b6d0-e706781b3208,25431f9a-00e4-36d8-9810-4125328eec50,Paris331 Ruecker817,M,GENERAL PRACTICE,55 FRUIT ST,WALTHAM,MA,02451,42.3756401,-71.2358004,2,0
ea6bae72-b491-3df2-93cb-35c0d3e31313,c1a85a41-6758-3edc-95ec-238b8ac72a40,Wilhemina814 Lesch175,F,GENERAL PRACTICE,65 CENTRAL ST,GEORGETOWN,MA,018332112,42.7211656,-70.99324119227308,78,0
6d8bd256-42d2-3403-8c63-5fcc4eb017df,217cb6f6-e822-3831-9d9d-ffa104971042,Cira533 Jakubowski832,F,GENERAL PRACTICE,2 REHABILITATION WAY,WOBURN,MA,018016003,42.46352265,-71.161925472006,80,0
1c22ee65-3605-3db5-8e29-08937eeb9110,8a6e21d0-da20-3378-8176-4e5ad2b51983,Laine739 Torphy630,F,GENERAL PRACTICE,84 ELM STREET,HOLLISTON,MA,017462138,42.20234485,-71.42493275079366,3,0
a008e191-0dfa-3ab3-b035-49d7d2e69cb4,e2a8b444-9b8f-36ff-84c4-05ee98589482,Francisco472 Gusikowski974,F,GENERAL PRACTICE,8 SHIPWAY PL # C-8,CHARLESTOWN,MA,021294301,42.3778749,-71.0619957,101,0
c616e41b-29b2-3249-a923-30dd89f15bba,71f4c23f-7559-31ff-8f42-a672e80b85a2,Clayton230 Jast432,M,GENERAL PRACTICE,300 FIRST AVENUE,WESTBOROUGH,MA,015812831,42.2694308,-71.6129907,65,0
81f10e93-bf47-3c73-9821-3f6fe87cd376,e0cc7e8e-e1a4-3a02-b589-0a35741d39fe,Alla648 Towne435,F,GENERAL PRACTICE,990 PARADISE RD,SWAMPSCOTT,MA,019071831,42.48374535000001,-70.90120467000462,45,0
07ba1548-d23e-345e-96db-0af1e4a33468,121b0ad1-1beb-3caa-9271-3d3f726bb727,Kyoko885 Price929,F,GENERAL PRACTICE,1030 MAIN STREET,WALTHAM,MA,024517447,42.375828,-71.2527956,2,0
d45c67f0-4771-3e60-af82-3a465509bdc9,9ba25035-53e5-344b-9b9e-94331a58d1d4,Edwin773 Schultz619,M,GENERAL PRACTICE,420 MAIN ST,WALPOLE,MA,020812553,42.161882199999994,-71.2388707178431,35,0
aca75429-2b29-32fb-bff5-b7629b93c1a9,2fc3d86d-4194-3ad1-bb8a-99d5d34119a1,Delinda651 Krajcik437,F,GENERAL PRACTICE,300 CONGRESS ST STE 203,QUINCY,MA,021690907,42.2345525,-71.01493330273374,25,0
632bd819-e316-322c-adb1-9a60a85e7b2b,b954c464-11ea-312b-a3f8-1350775bfa54,Hortensia953 Walker122,F,GENERAL PRACTICE,123 CAPTAIN'S ROW,CHELSEA,MA,021504019,42.3917638,-71.0328284,3,0
f920ed6d-e8db-38e4-8ee2-b443e702a44f,4d3ec6c2-f6aa-3d7b-adcc-e7107dac8530,Débora815 Esquibel766,F,GENERAL PRACTICE,14 MASONIC CIRCLE,AUBURN,MA,015011341,42.181923125,-71.86839612499999,5,0
ca14d61f-201d-3c6f-b76a-f12e1f1a7053,95f6c328-96dd-3fb8-a56e-9aad566094b4,Burton124 Schoen8,M,GENERAL PRACTICE,4 STONY HILL ROAD,WILBRAHAM,MA,010951027,42.1552861,-72.48384800788648,7,0
5898e527-9f43-3ca0-96f4-c7973d7ebd95,19f958ef-57cf-33c1-b068-14b32a980813,Jordon466 Bruen238,M,GENERAL PRACTICE,155 BROADWAY RD,DRACUT,MA,018262754,42.67578279999999,-71.29320171860073,33,0
85ed68e2-a4ec-3d71-bb61-8653b923b65d,da2e8443-a0d6-3e87-b651-e2697615f4b5,Rutha66 Bergstrom287,F,GENERAL PRACTICE,2000 WASHINGTON ST,NEWTON,MA,024621624,42.332192250000006,-71.24597794166553,16,0
42a6eb94-9f1a-3424-bbe3-a117d76f1fd1,587f07bd-7d69-3291-9aea-abef74f30045,Arlen68 Davis923,M,GENERAL PRACTICE,228 ALMONT ST,MATTAPAN,MA,021261487,42.2805395,-71.09839825,24,0
4e05f61c-3803-326d-b6ec-43c0d65960d9,02d7b144-352f-3eac-97db-6fc4a95bf1fa,Dante562 Reinger292,M,GENERAL PRACTICE,120 SEMINARY AVENUE,AUBURNDALE,MA,024662650,42.34002614299451,-71.24911543639162,2,0
1a1a6793-4737-3026-bda3-33e93bc98305,53f086de-2fc7-3d35-92c2-aca4ed944e7f,Carisa395 Kutch271,F,GENERAL PRACTICE,1 GENERAL ST,LAWRENCE,MA,018412961,42.7097143,-71.15007700778098,53,0
03478ffa-d8a1-318a-b9e3-fd71009fdf36,6c71cd3b-4f9d-3de3-ad76-5e21f00c7ddd,Elmer371 Skiles927,F,GENERAL PRACTICE,349 HAYDENVILLE RD,LEEDS,MA,010539767,42.3612643,-72.69018391711995,1,0
ca98c26a-ae49-3347-8b1f-c7bffc061b81,c709c5eb-ddd7-3778-84f7-0931a4d1c718,Jim478 Goyette777,M,GENERAL PRACTICE,1200 CENTRE ST,ROSLINDALE,MA,021311000,42.29768,-71.130463,100,0
30697123-14be-3bed-8ae7-df8a3d6e1fac,079dd7d3-2003-331d-b49a-1b5c1b2870cb,Lucio648 Schmeler639,M,GENERAL PRACTICE,200 MILL ROAD SUITE 120,FAIRHAVEN,MA,027195252,41.650636,-70.88137185966522,3,0
3da268fb-bdfd-310c-9a39-dba5447a0fbc,c05d73d0-b348-32ce-9fe5-13a720950f37,Rema399 McDermott739,F,GENERAL PRACTICE,45 DRUM HILL RD,CHELMSFORD,MA,018241503,42.6255635,-71.3615131,5,0
1649047a-27fb-31d1-8f6c-d867d438644c,ac0fde88-b0ad-3388-a4a8-b8fc2a4f4af2,Lloyd546 Wuckert783,M,GENERAL PRACTICE,150 YORK STREET,STOUGHTON,MA,020729105,42.144646800000004,-71.09875876961266,99,0
a276d242-242b-3844-8df7-50fc81ab7230,d70d47dc-b40c-3a04-8342-35cbfe716409,Marcelino726 Hilpert278,M,GENERAL PRACTICE,83 LITTLEFIELD RD,NEWTON,MA,024593010,42.3104327,-71.18883283411856,51,0
6a6c01a7-4347-3474-8cff-7d2fd52f4155,0592d4e5-a0fb-3143-83cd-8e5a6b066a96,Anderson154 Lemke654,M,GENERAL PRACTICE,20 EAST ST,HANOVER,MA,023391638,42.1278249,-70.82664947485381,165,0
23cf4f82-aab2-3718-9a0a-b692fdf250a9,6aae7a31-90df-3455-ad8d-81f8cf2d21e8,Houston994 Funk324,M,GENERAL PRACTICE,680 CENTRE ST,BROCKTON,MA,023023308,42.0872752,-70.9910738855076,169,0
