Id,ORGANIZATION,NAME,GENDER,SPECIALITY,ADDRESS,CITY,STATE,ZIP,LAT,LON,ENCOUNTERS,PROCEDURES
5a664e08-8ee8-391f-81fd-cc241c0ae8d8,74ab949d-17ac-3309-83a0-13b4405c66aa,Juan88 Rendón540,M,GENERAL PRACTICE,881 Main Street,Fitchburg,MA,01420,42.586487,-71.80521,262,0
2831bd92-4c62-3191-93ef-0c708bb2c3fa,17a4bae5-8b64-34d7-8144-b428be027bd0,Olympia319 Ward668,F,GENERAL PRACTICE,512 MAIN STREET  SUITE 211,SHREWSBURY,MA,015456406,42.295109499999995,-71.71808471110307,15,0
1b6f6d42-f394-39b7-b5be-70e1f86e1c4f,ef5390b4-cba5-3d83-96db-af783a7adb43,Milan77 Anderson154,M,GENERAL PRACTICE,360 MERRIMACK ST,MALDEN,MA,021482329,42.4250964,-71.066163,1,0
404f8742-de0d-3002-ba7c-91fde776334a,6fafb5d4-ecca-37ab-8d24-53036a8cbf1e,Wilber603 Nikolaus26,M,GENERAL PRACTICE,320 WEST CENTER STREET  2ND FLOOR,WEST BRIDGEWATER,MA,02379,42.016080599999995,-71.02601589317304,1,0
c316538c-bb00-3b81-a71b-0efbe2ddab2b,03d0392a-7361-32b3-81c9-8c8ac985be00,Sid118 Daniel959,M,GENERAL PRACTICE,280 WASHINGTON ST STE 204,BROOKLINE,MA,024451922,42.33302785,-71.1193506756953,37,0
fd52509e-e668-31b2-a8a7-21d8b4db745a,a418cf76-2ee3-3736-a752-29ee33e86015,Nicolas769 Kuhlman484,M,GENERAL PRACTICE,62 CENTER STREET,FAIRHAVEN,MA,027193823,41.63663425,-70.90101829397507,2,0
c59eb6ed-4847-310d-8cf3-9c43737b5539,2936ca90-6594-357d-be14-53fe0ab84dd1,Daniel959 Ankunding277,M,GENERAL PRACTICE,11 TREMONT ST,KINGSTON,MA,023641231,42.00823215,-70.72984043580247,32,0
3f7f7bd2-63c7-301f-a491-b48d970207a2,ab701a70-a658-340e-8f69-ee196a7d40c6,Eduardo902 Villegas15,M,GENERAL PRACTICE,484 RTE 134,WORCESTER,MA,016071728,42.2625621,-71.8018877,4,0
7061208c-1496-3256-b6eb-f9b1510985fe,11ba6a26-59b4-3728-a268-6dc9929962b4,Archie818 McCullough561,M,GENERAL PRACTICE,200 GOVERNORS AVENUE,MEDFORD,MA,021551644,42.42711615,-71.1121606632448,11,0
1dc8f8ba-6ab8-37b2-9f23-038f9d262806,f736c0f5-6d39-3e26-8ac1-39e1fc60dfbe,Huong243 Jakubowski832,F,GENERAL PRACTICE,11 QUARRY HILL ROAD,LEE,MA,012389645,42.2816564,-73.25307843923315,61,0
a778e233-9614-3d11-b2fc-7d3398edcc80,88e28a1c-aad9-36d0-832b-b579ecb95c3d,Anthony633 Toy286,M,GENERAL PRACTICE,14 MANNING AVENUE,LEOMINSTER,MA,014535768,42.5253035,-71.7584413,28,0
2bcce01a-2351-3798-b6aa-06c01833722b,4cf79e95-2815-3a4c-a3b8-951fe548dd27,Jasper743 Champlin946,M,GENERAL PRACTICE,20 ELM ST,PITTSFIELD,MA,012016502,42.4458896,-73.2448206979669,62,0
1c63b179-7457-3122-bf58-a37218d1597b,30ff462c-c7a9-3b0e-9e41-a6af0433996e,Adan632 Hilpert278,M,GENERAL PRACTICE,1188 PARKER ST,SPRINGFIELD,MA,01129,42.1166398,-72.4991848,17,0
86896040-7517-3db1-a497-3b7249291857,4bf8af75-4da2-331d-b94e-9975a887face,Gussie514 Mosciski958,F,GENERAL PRACTICE,57 PROSPECT ST,NANTUCKET,MA,025542799,41.27514065,-70.10108985970798,14,0
7b08989b-0d3a-3fdf-a652-fe84526b5191,a4af40b8-0ddb-34bb-ae4a-95a17e9ad6f3,Cristopher265 Heaney114,M,GENERAL PRACTICE,100 MYLES STANDISH BOULEVARD  SUITE 103,TAUNTON,MA,027807340,41.948930849999996,-71.14141318475193,6,0
8cebe1d2-7b8b-36c2-abb9-4d5d905ba43f,f945589f-88aa-366b-9e9d-2418d091112d,Azzie965 Ziemann98,F,GENERAL PRACTICE,105 ERDMAN WAY,LEOMINSTER,MA,014531805,42.54685255,-71.75737313871981,61,0
70e2698e-0679-34b2-8c83-528418186789,5fcff9db-16e4-3e56-aa78-abbc16338097,Marcus77 Schamberger479,M,GENERAL PRACTICE,295 VARNUM AVE,WESTFORD,MA,018863513,42.5792583,-71.4378411,36,0
ea2b33f2-9517-30b2-b433-085b2c28c180,fa09396a-2926-3b21-ad0c-9f6cabbce0eb,Brigitte394 Bartoletti50,F,GENERAL PRACTICE,1210 BOSTON PROVIDENCE TPKE,NORWOOD,MA,020625061,42.1714075,-71.1951186,1,0
ea467bdb-2a1c-313a-92b5-ad6f427a8476,c272e12f-e154-3fee-b05d-b7c0cab2657d,Shasta644 King743,F,GENERAL PRACTICE,800 WASHINGTON ST,NORWOOD,MA,020623487,42.1886973,-71.2005241,78,0
bda14c7a-400b-3f0a-ba11-4fe7c3652eec,8d0f0e66-b1dc-37fd-8b4e-0dcb6b3b446e,Krystal150 Pollich983,F,GENERAL PRACTICE,200 Springs Rd.,Bedford,MA,01730,42.503376,-71.272644,852,0
4b1da1a2-bcd0-387f-9165-2bc8c5591dfc,b66db758-a205-3227-9cfb-bf19d2c1962d,Jamal145 Stroman228,M,GENERAL PRACTICE,121 HARVARD AVENUE  2ND FL,ALLSTON,MA,021342702,42.35241825,-71.13220132573996,3,0
859f6a45-22db-3b5e-80f4-df7e6132042a,32fcdfba-8c93-30f4-b15b-dd3b65c29deb,Jody426 Bernhard322,M,GENERAL PRACTICE,20 NORTH MAPLE STREET,HADLEY,MA,010359715,42.3615107,-72.55261320852942,7,0
b9c54ee7-cb89-35b5-a4b1-e7b4a19d0e22,0ddb0329-b59d-3187-874c-602c649249c8,Eldon28 Cassin499,M,GENERAL PRACTICE,115 W SILVER ST,WESTFIELD,MA,010853678,42.1178811,-72.75935246865802,7,0
196a4f32-4ed6-347a-ab5f-743d6fef3b56,02c936e2-3aee-38b2-88a4-81f3689b7bb7,Royce974 Kohler843,F,GENERAL PRACTICE,120 FISHER AVENUE,BOSTON,MA,021203320,42.3276141,-71.1051603,14,0
9805ef3c-9b8a-301e-a75c-1ebccc55da69,609ec9f1-e806-3427-b912-9e3b2915521d,Cherrie404 Conn188,F,GENERAL PRACTICE,575 BEECH STREET,HOLYOKE,MA,010406604,42.20105435,-72.628169560868,7,0
4bac198f-9b70-377f-9c2a-5ffc7843a6b0,bf556284-7513-3620-a10e-5393183a9a87,Tabatha105 Roob72,F,GENERAL PRACTICE,795 MIDDLE ST,FALL RIVER,MA,027211733,41.6924092,-71.16345107025307,153,0
b45b8d1b-3c87-3450-ab22-6ab2899b57b1,365eae93-6352-3d48-9a8d-dc9fa4b917be,Tyson541 Kertzmann286,M,GENERAL PRACTICE,32 HOSPITAL HILL RD,GARDNER,MA,014402302,42.572366450000004,-71.97690789055164,2,0
7621cbf1-1ff4-38dc-af70-a22e1d156798,05137a62-1a8f-34ff-8baf-a0c35c238ea0,Houston994 Olson653,M,GENERAL PRACTICE,750  ATTUCKS LANE,HYANNIS,MA,026011950,41.676027500000004,-70.29727035,12,0
c46aa6e1-48e4-3c8f-b059-d90dfede9620,a14e698d-a9ba-3eae-9c8b-682ec726433d,Brian582 Cummerata161,M,GENERAL PRACTICE,776 WESTERN AVE,LYNN,MA,019052408,42.466763,-70.9494939,187,0
f51a987d-6e3c-30b4-904c-6035ac2ad1d0,d4b9a3f0-210d-3e46-a2c7-e099658ac543,Lucina142 Moen819,F,GENERAL PRACTICE,7000 GREAT MEADOW ROAD,DEDHAM,MA,020264090,42.266408549999994,-71.19518435636284,1,0
96fcb9a0-6515-3fd7-9824-597e48c94b71,7f26da64-69ab-3db4-b285-c48c9836a653,Frances376 Hansen121,F,GENERAL PRACTICE,500 WENTWORTH AVE,LOWELL,MA,018524937,42.631409,-71.283668,1,0
2545dc45-7a3e-3fd9-9780-c0debf3bc1bd,4c1a8ea6-b690-3c28-a02e-ebd82190ee65,Hui924 Cronin387,F,GENERAL PRACTICE,885 WASHINGTON ST,BOSTON,MA,021111415,42.3479909,-71.064924,143,0
d7952afb-ba92-39c1-aa96-312e1cf7e97b,5ba6765a-f335-36b0-9c6a-6bb494c5330d,Sasha806 Schamberger479,F,GENERAL PRACTICE,31 OLD ROUTE 7,WESTWOOD,MA,020902333,42.2139873,-71.2244987,7,0
a5dc37be-9509-3e9c-9636-e71eaf5d808e,b6eeaaf7-1683-3bcb-b6ee-81ce304636ef,Zachery872 Pagac496,M,GENERAL PRACTICE,170 GOVERNORS AVE,MELROSE,MA,021763225,42.4564323,-71.064182,19,0
0ef25934-54ca-3156-8eb1-ba939457af85,de29a374-221b-3cb4-8051-a02c1a35e5b7,Morgan564 Marvin195,M,GENERAL PRACTICE,562 WASHINGTON ST,SOUTH ATTLEBORO,MA,027036942,41.912892049999996,-71.36135809627689,44,0
d289a455-77b6-3a0d-8849-9193a27b6af4,b0b89e26-30e3-35d4-af87-29fb529579cf,Julian715 Jakubowski832,M,GENERAL PRACTICE,391 HANOVER ST,FALL RIVER,MA,027205432,41.71019285,-71.14377103194548,1,0
cab5686d-bec7-3ea2-8e18-6e544165c02e,ea153d0a-9ccc-3769-9a25-934b417071b7,Adam631 Towne435,M,GENERAL PRACTICE,463 WORCESTER RD,FRAMINGHAM,MA,017015354,42.3095704,-71.4413097,141,0
176606c8-8c6c-3291-bc77-250a54e8b8b3,d3085315-9893-34c7-8889-3a31dc17c2b0,Zachery872 Rau926,M,GENERAL PRACTICE,1428 MAIN ST STE 7,WALPOLE,MA,020811729,42.1325911,-71.2618886,188,0
afe4750e-71cc-3a79-a782-280c20cf7dd8,18061fd5-fda8-3e2d-87f0-0f3c87211bcc,Rocio28 Montaño969,F,GENERAL PRACTICE,1493 CAMBRIDGE ST,SOMERVILLE,MA,021431408,42.3875968,-71.0994968,393,0
5ccf411f-5c35-3220-a2b4-3953f051a586,1faab3d1-2ae5-3110-8e5f-c65b92ca906d,Terri848 Ankunding277,F,GENERAL PRACTICE,29 LEWIS AVE,GREAT BARRINGTON,MA,012301713,42.19093125,-73.3715000043024,669,0
fd60b143-5113-366f-9275-83f313cb9021,76281d34-caff-30e0-8545-bcdf33182109,Jane262 Schmeler639,F,GENERAL PRACTICE,500 WILBUR AVENUE,SOMERSET,MA,027252051,41.72075205,-71.16843052114558,34,0
10f2311f-2e07-3820-bfb6-037ba5027adf,b3ada130-6443-3a8e-98c7-4ec127a2b0c4,Ned189 Haley279,M,GENERAL PRACTICE,ONE GREAT ROAD,ACTON,MA,017205601,42.4850931,-71.43284,2,0
82c133ac-0f6d-3921-889b-544aa3fdb0bd,7489f6e0-fee6-3fff-90b6-444868eb907c,Kasey569 Rau926,M,GENERAL PRACTICE,1 KIDDIE DRIVE  SUITE 106,AVON,MA,023221182,42.130150349999994,-71.05720685110387,12,0
4eed6df6-2758-368a-a8be-a2897e69ce7f,1e11392b-1278-3e70-93cd-f396cbd0c265,Gino587 Block661,M,GENERAL PRACTICE,115 LINCOLN ST,NATICK,MA,017607700,42.2843753,-71.3441395,5,0
04f89391-433c-3df1-b54c-de87cf9bacf2,fe30f2b4-9bc8-346e-afba-4455d1766545,Georgetta870 Turner526,F,GENERAL PRACTICE,17 LAFAYETTE AVENUE,CHELSEA,MA,021502010,42.40019115,-71.03050082480353,7,0
0a7702a8-7899-3bf6-8d30-3f6a2b1bb5e2,0fedae9f-701f-3317-9b2f-69aea2202cdc,Willian804 Batz141,M,GENERAL PRACTICE,88 EAST NEWTON STREET,WINTHROP,MA,021522715,42.3750976,-70.982827,133,0
bdf6d544-93f6-34de-b4b1-757f5f12ffbb,ccb716b1-277f-3eff-999f-3ac0df45713a,Mahalia897 Boehm581,F,GENERAL PRACTICE,25 LAFAYETTE ST,MARBLEHEAD,MA,019451939,42.4938348,-70.87382362834484,3,0
762ffaad-fa3b-36ac-ad08-e9aacf8da66c,aade280a-3b90-3e48-9648-91109a964a63,Johna806 Klein929,F,GENERAL PRACTICE,909 SUMNER ST,DARTMOUTH,MA,027473826,41.6332267,-70.9879928,1029,0
ade08fef-c045-30b9-b6ea-f2998fdeeaf8,7a3b8310-02eb-3c47-aa1b-3f55b3ed9de9,Jesús825 Benítez559,M,GENERAL PRACTICE,6 HATFIELD ST,NORTHAMPTON,MA,010602545,42.333172950000005,-72.6566355591273,8,0
9765e8e1-8a42-3fbc-a420-a1cde12d8984,f480acd0-7ef1-350d-aae6-d8e7d53ace57,Danelle47 Ondricka197,F,GENERAL PRACTICE,1193 SEA ST,QUINCY,MA,021693544,42.26883395,-70.95264075087945,53,0
71ebac67-d5eb-328d-9545-59932a2db4b5,794b1cc2-97be-30a4-83a0-4bf6add43c74,Hugo693 Gutmann970,M,GENERAL PRACTICE,215 THATCHER STREET,BROCKTON,MA,023023949,42.0740963,-70.99660306096918,4,0
2aed9a97-6133-392f-b2c0-1cfd796b4f2e,440fa4b8-c731-3cf5-81d9-aa3f30a37b95,Joanna347 Abbott774,F,GENERAL PRACTICE,41 & 45 MALL ROAD,PEABODY,MA,019602901,42.5278731,-70.9286609,96,0
12dfda78-7e19-307d-a68f-cf44f58f14b0,0fab3c4e-a028-39a6-b15a-be5a88b6aa2a,Cletus494 Paucek755,M,GENERAL PRACTICE,222 STATE STREET,LUDLOW,MA,010563437,42.15547415,-72.47222226666076,554,0
e48b5167-a82d-3ad9-9c0d-ba9418313b9d,ce53c877-0290-390a-b4b4-2462001a1713,Greg949 Hilll811,M,GENERAL PRACTICE,847 ROGERS STREET  SUITE 201,LOWELL,MA,018524345,42.6275246,-71.27673639687623,15,0
f54e36c8-7dc6-32b2-ad27-9ad4c394b63b,34f0b10a-5e29-31de-a75e-e0bb03c0c0d4,Heath320 Leuschke194,M,GENERAL PRACTICE,56 COLPITTS RD,WESTON,MA,024931568,42.36610065,-71.3036759,47,0
b809ca49-1f22-3d7e-b791-65a40faa9fbd,e9a24be5-b0a3-3fd2-a606-dd13498024ea,Darwin703 O'Hara248,M,GENERAL PRACTICE,85 E MAIN ST STE A,NORTON,MA,027662307,41.971697,-71.17689334021827,89,0
17be5295-cb0e-332c-958a-eede18b20aad,57e4e5fa-d68d-3caa-a5ad-37beb1b51207,Latrina689 White193,F,GENERAL PRACTICE,800 WASHINGTON ST,NORWOOD,MA,020623487,42.1886973,-71.2005241,68,0
5db3cf20-7218-3115-8be5-05fc9e664599,c92cc255-6778-3307-8092-987d667be4ce,Codi873 Bogisich202,F,GENERAL PRACTICE,89 FOSTER ST,PEABODY,MA,019608925,42.5278731,-70.9286609,16,0
44d18125-a3ef-3028-a99f-5e98f2388340,00ffb204-07b4-3c72-a678-fa252e6cf86c,Kathlene786 Satterfield305,F,GENERAL PRACTICE,450 BEDFORD ST,LEXINGTON,MA,02420,42.47370735,-71.25090005,42,0
ebefe087-46bb-37f0-a1d7-5be31d7bf1fa,b8421363-9807-3b16-a146-95336eea5cfb,Saundra460 Kuphal363,F,GENERAL PRACTICE,30 LOCUST ST,NORTHAMPTON,MA,010602052,42.33032115,-72.65330802608176,763,0
ad68424b-bbf7-341c-9eea-955dc57bc7ab,8424b5ec-ba0a-32e9-94ae-a9d397884093,Ileen763 Casper496,F,GENERAL PRACTICE,49 BLANCHARD STREET  SUITE 101,LAWRENCE,MA,018431456,42.69651155,-71.1612176954981,11,0
e155711f-9267-38f3-a35f-3ac43b07187d,7567027f-af4e-3cd6-b1bf-e764ca3a5866,Rusty501 Rodriguez71,M,GENERAL PRACTICE,215 BICENTENNIAL HWY,SPRINGFIELD,MA,011181962,42.095480800000004,-72.50509214731676,2,0
1e097ac0-56e4-35d9-9888-c08a6c4955cf,3076e02a-deac-3e81-96a9-1d32cbda6fca,Cecil300 Kilback373,M,GENERAL PRACTICE,59 EASTWOOD CIRCLE,GARDNER,MA,014403901,42.567006649999996,-71.97817904424542,5,0
40b02bce-87d6-3f98-a924-c291ef72cd04,fbd4ccdf-2fdb-3652-9bbe-1ccff886bd34,Alberto639 Adame662,M,GENERAL PRACTICE,320 CENTRAL STREET  UNIT A2,SAUGUS,MA,019062372,42.4632069,-71.0093761,11,0
c97f30ba-210a-327d-b604-fb92b5d37c98,b8e724d5-b999-3029-8a2d-ad30fbd0b9ce,Dorris197 Rolfson709,F,GENERAL PRACTICE,63 MAIN ST,BROCKTON,MA,023014042,42.084598840000005,-71.01995972,50,0
48f12ef6-9608-32c3-999b-3134e5d103cf,e6cc6043-299a-3581-8f6b-b3b5d62c46ae,Fritz267 Farrell962,M,GENERAL PRACTICE,532 SUMNER AVE,SPRINGFIELD,MA,011082458,42.08631583333334,-72.55792579166666,120,0
3039eb92-95b1-3aad-b763-79008fccbd0c,06988693-a9d8-392b-a2ce-a07de8a931ad,Krystyna791 Reinger292,F,GENERAL PRACTICE,136 BOSTON POST RD,SUDBURY,MA,017762406,42.3638568,-71.39664274207772,1,0
c270bbf0-06fe-32c9-a7ff-526c3bdb0a95,2f735290-1603-31b5-b561-7c8e0d413170,Jolynn62 Adams676,F,GENERAL PRACTICE,100 FOXBOROUGH BLVD STE 230,FOXBOROUGH,MA,020352878,42.041851949999995,-71.23486657070565,35,0
9a98d1b9-de0e-3bad-af7b-e421e1fff58e,328f813e-4de8-3ec2-a113-43f3ddfb0b2a,Eldridge510 Roob72,M,GENERAL PRACTICE,30-40 WESTPARK STREET,BROCKTON,MA,023015241,42.0834335,-71.0183787,39,0
34ef9bdf-e930-36d4-b21a-4fab1ffb030a,dd3307db-114c-3f11-be44-a9eef6bb3fc5,Evelin941 Ratke343,F,GENERAL PRACTICE,269 UNION STREET,LYNN,MA,019011201,42.4652772,-70.94362420273097,29,0
61b8c4e8-f303-3813-9745-7bcd9fbf7b70,66505876-04a4-3f6e-9aa8-7232ee43ab76,Iola859 Rodriguez71,F,GENERAL PRACTICE,548 ELM STREET,NORTHAMPTON,MA,010602832,42.327755,-72.657308,2,0
2883c2be-76c3-3f4d-89f3-d4a16fe4e61d,5018c664-e283-30eb-932a-529d9a19b3b5,Numbers230 Stehr398,M,GENERAL PRACTICE,300 SOUTH ST,WOBURN,MA,018014979,42.473347,-71.144086,11,0
804a13a3-c3f3-3945-8c02-587f42862bf8,2e8b42f8-4300-30a9-a576-d513d1021a0a,Beverlee316 Haag279,F,GENERAL PRACTICE,600 CLARK RD,TEWKSBURY,MA,018761699,42.63120935,-71.27023603178071,102,0
02bacf45-81b3-3b2d-8ef3-a684827f1589,d140ed3f-2696-3e78-bd77-1c959ec4fc4d,Eva64 Saiz247,F,GENERAL PRACTICE,863 HATHAWAY ROAD,NEW BEDFORD,MA,027401916,41.6512968,-70.9669902070805,42,0
569e8d6b-1083-3f6d-972e-d1e9cfa822ce,d4e48a16-0a60-3e90-81e5-c35b22ffe6af,Elmer371 Kutch271,F,GENERAL PRACTICE,856 STATE RD,NORTH ADAMS,MA,012473027,42.69967208677275,-73.16330754755236,2,0
74ba2463-adec-3fd2-8c05-3e22da6f5b52,4ff8b164-4cf5-3ab4-b0f2-7ce8fda920e5,Theo630 Mante251,M,GENERAL PRACTICE,800 WASHINGTON ST,WORCESTER,MA,016550002,42.180483,-71.867782,70,0
6cedde30-0bb6-32f7-be31-70d028abdcae,8f22037a-070f-3fcf-8f39-fa879f0ae107,Albert312 Hermann103,M,GENERAL PRACTICE,567 DARTMOUTH ST,S DARTMOUTH,MA,027481826,41.61112,-70.93937914285715,2,0
1a3465ca-0c67-3164-8d22-365e632a10f8,bccd7d67-203c-3d93-b6b0-bff5a146cd1d,Courtney281 Kihn564,M,GENERAL PRACTICE,286 WASHINGTON ST,STOUGHTON,MA,020721763,42.1384306,-71.1022598,56,0
8972bdd9-8f2f-3f88-9b55-7e8d8b882c73,63cb4d95-04a9-3a35-b5d9-f89e0377a48d,Chu728 Weber641,F,GENERAL PRACTICE,211 PARK ST,ATTLEBORO,MA,027033143,41.9419187,-71.2752081695297,285,0
9ebf0220-2068-3c29-a1e9-8dc51af3d069,4e880cb9-1ca0-3582-b8cf-8a59b0d2b878,Haywood675 Bednar518,M,GENERAL PRACTICE,51 S CHURCH ST,PITTSFIELD,MA,012016178,42.44648205,-73.25863241543368,39,0
7fd83906-e0da-3487-8bc4-ee92ad664661,a2a41caf-758f-3962-8e5f-e6e603f93d17,Noelle559 Padberg411,F,GENERAL PRACTICE,111 HUNTOON MEMORIAL HWY,ROCHDALE,MA,015421305,42.2020225,-71.89891616754682,226,0
ee87b16b-c48f-34b7-ab2c-8741f0986f24,0d24cc89-3256-330c-b36d-d8de8babef84,Will178 Bernhard322,M,GENERAL PRACTICE,1030 FALMOUTH RD,SOUTH YARMOUTH,MA,026641218,41.6667779,-70.1847414,35,0
f6c16e0a-0c8f-340c-9b35-b3b5ca5fe8a1,db28cc9a-fdfb-35a6-aef7-ab9b933ef244,Clement78 Gleason633,M,GENERAL PRACTICE,8 DANA STREET,CAMBRIDGE,MA,021385402,42.3694992,-71.11011030010101,52,0
2cbc033a-962e-3412-984f-2f9d5519440c,9d0e702d-50a0-3f4c-9126-0951d560fd4b,Hellen346 Roberts511,F,GENERAL PRACTICE,189 MAY ST,WORCESTER,MA,016024339,42.25986305,-71.83597786023279,439,0
cf0faf02-72dd-3f1b-8eb7-0f25dae1330e,ea8d287f-b3a9-3800-8798-788e334ee406,Palmer257 Kuphal363,M,GENERAL PRACTICE,81 HIGHLAND AVE,SWAMPSCOTT,MA,019072928,42.4699241,-70.9171507,12,0
bddd094b-9e55-3d21-ac76-547dff87b8d7,c7542447-e06e-32cb-b6db-243c23a0dbc2,Carson894 Krajcik437,M,GENERAL PRACTICE,30 WARREN ST,BOSTON,MA,021353602,42.3501483,-71.14393324457691,40,0
fc03316d-21ba-369f-bb61-0653f6227b36,d9fe2c9c-135e-3da3-8de8-1a0ff165d886,Eldridge510 Marquardt819,M,GENERAL PRACTICE,1430 MAIN ST,WORCESTER,MA,016091121,42.2492003,-71.92931780325071,31,0
b89cbb2e-f139-3bdf-b09e-0d9748fef52f,50c47685-8125-3c50-8311-8bd7ba9e9108,Kirby843 McKenzie376,M,GENERAL PRACTICE,4199 WASHINGTON ST,ROSLINDALE,MA,021311733,42.2871447,-71.1277526,105,0
7f67c3a5-6d58-3793-acb3-092cc9f97645,0b2738b6-7911-3aa4-8b6e-7e1df7c14fe1,Hilton264 Stokes453,M,GENERAL PRACTICE,888 N MAIN ST,BROCKTON,MA,023011668,42.1061239,-71.02807965450519,1,0
17b9241e-9883-351c-9145-f765130e3f38,9d2a1656-0f4d-30d1-bc63-eb365a05529c,Lorene243 Ward668,F,GENERAL PRACTICE,235 N PEARL ST,BROCKTON,MA,023011794,42.09805395,-71.0609587194362,6,0
60e678e1-1823-35fa-800b-79ba5467802b,a4b91172-69e7-3895-bd89-b9a0868de5c2,Salvador46 Wolff180,M,GENERAL PRACTICE,651 ORCHARD ST,NEW BEDFORD,MA,027441052,41.6149879,-70.93113851963673,76,0
4f54ad31-2eaa-3bce-8128-6d3acd92f1b5,72f50aa0-d8c9-34dc-ac58-c428323f3bcd,Ricky354 Little434,M,GENERAL PRACTICE,55 FRUIT ST,BOSTON,MA,021142696,42.36286045,-71.06875296664998,49,0
a9deeed5-d14b-39dc-a139-986be35e4d0e,eee00932-ca82-36bc-b7e8-e3fff6dbaeaa,Verónica383 Gonzales379,F,GENERAL PRACTICE,450 BROOKLINE AVE,WEYMOUTH,MA,021893141,42.2212188,-70.9391625,84,0
b2518070-8208-39a3-9a5c-b146e7b04c07,a194e94a-dd16-347e-95ea-8d00052c14d1,Elvera717 Gusikowski974,F,GENERAL PRACTICE,833 MAIN ST,S YARMOUTH,MA,026645254,41.65171785,-70.21464095380932,13,0
cbd5ed4d-e0df-3925-ac9f-bf413e8aa93b,be509ccb-bfb7-3b87-8945-8426b689ef9d,Man114 Balistreri607,M,GENERAL PRACTICE,2049 DORCHESTER AVENUE,BOSTON,MA,021244742,42.3554334,-71.060511,1,0
bfaf9510-e11d-312d-9873-895a524301ad,bce5b907-584b-345d-bbcf-912cf56cb6c3,Monte325 Parisian75,M,GENERAL PRACTICE,11-15 SANDERSDALE ROAD,WORCESTER,MA,016032467,42.0667952,-72.0084995,49,0
a1dc2721-f645-3fd6-bb84-57adcae82005,9cec3b3c-fe3f-344e-b9c3-e414dafcd19f,Otis335 Dickens475,M,GENERAL PRACTICE,120 MAIN ST,MALDEN,MA,021486904,42.41918695,-71.06618960434116,1,0
8fc44650-229f-3324-b5fe-a92eb96154c0,3ff0f58b-7a1f-3334-9449-ff15f68b7d86,Winston220 McCullough561,M,GENERAL PRACTICE,275 SANDWICH ST,PLYMOUTH,MA,023607761,41.94186605,-70.6455366462985,13,0
23445905-0453-3574-890f-9a141dac4ff7,70e3ad4f-b9ff-3f3e-9990-2cd7e23a9d1c,Tambra47 Bosco882,F,GENERAL PRACTICE,1238 RIVERDALE ST,WEST SPRINGFIELD,MA,010894675,42.1373438,-72.62624707492338,91,0
ee620c64-3a80-351e-b57b-5fa630922c66,09434cf4-ae0d-32ad-bc16-5ce7b0e5c12b,Chelsea317 Christiansen251,F,GENERAL PRACTICE,1041L Pearl St.,Brockton,MA,02301,42.055134,-71.06661,33,0
ea7bc17b-3e0b-3ba8-96dd-6dad4728b445,a6964d47-8af0-3df2-b99d-d8414eb1cfa3,Adrienne302 Schiller186,F,GENERAL PRACTICE,200 MAY ST,SOUTH ATTLEBORO,MA,027035520,41.924394750000005,-71.36076410900014,91,0
37b843f9-77a6-3733-bdb5-dbca017a8b6d,b7488009-cd48-3a0d-87c4-6c47d1ceb3c8,Marielle507 Hayes766,F,GENERAL PRACTICE,95 COMMERCIAL STREET,BRAINTREE,MA,021844301,42.22110375,-70.97097247044559,2,0
a93298f9-b4cc-313d-8275-91b429980f57,f82ff162-c689-3682-876c-220cf96eb97b,Janey243 Schoen8,F,GENERAL PRACTICE,74 MAIN ST,FRAMINGHAM,MA,017022952,42.2976266,-71.42605348361442,93,0
06e7e56a-30c3-38c7-8b66-2668bd2d841c,9d989fcf-4ad9-3972-ada3-f275d967781e,Dominic463 Miller503,M,GENERAL PRACTICE,100 TER HEUN DR,SANDWICH,MA,025632377,41.7579043,-70.4968152,2,0
24b64a03-dfc1-3c53-bd71-82b8f91ebf4a,87472bc2-7c23-37cc-8355-7f3e88614b6b,Leilani136 Kris249,F,GENERAL PRACTICE,305 MAPLE STREET,EAST LONGMEADOW,MA,010282765,42.059258494749486,-72.53388585052694,24,0
9dcd431c-6d7a-35a8-830a-47c19f472274,b69bccdc-5ad3-3ded-a018-3cd8f369c9d2,Wendell199 Ziemann98,M,GENERAL PRACTICE,120 S MAIN STREET,CENTERVILLE,MA,026323246,41.649898300000004,-70.34309844876677,108,0
bef84600-6778-3813-931b-52d638a07df7,a2cc09de-c1e2-3126-8c09-d49f95225281,Darnell564 Leannon79,M,GENERAL PRACTICE,300 LONGWOOD AVE,WALTHAM,MA,024532741,42.3756401,-71.2358004,28,0
5f7aa78b-9dcc-3cac-a248-b0a22d8abd98,9f2f60a6-87a4-3f45-b753-b63b5b7e9993,Raul814 Considine820,M,GENERAL PRACTICE,332 HANOVER STREET,BOSTON,MA,021131901,42.3647421,-71.0536619,93,0
3a3fd7fa-6f5b-3218-bfc5-cc1f8191f4cb,1de1aeee-4088-391b-af7a-95d7cfaeaf32,Jerrod232 Denesik803,M,GENERAL PRACTICE,57 PROSPECT ST,NANTUCKET,MA,025542799,41.27514065,-70.10108985970798,5,0
ca6c998e-8dc6-33ba-a258-bb502131b948,8fede172-e8ad-3a42-ba59-5d63b0fdc670,Elroy493 Stokes453,M,GENERAL PRACTICE,460 W MAIN ST,HYANNIS,MA,026013855,41.64987207007028,-70.31279933758786,39,0
e3bece4a-6cd2-3144-b989-86e4b9e92f0e,389323ef-b127-3a06-a22d-e24aef033e5d,Dina200 Streich926,F,GENERAL PRACTICE,200 PROVIDENCE HWY,DEDHAM,MA,020261881,42.22214545274341,-71.18159060546684,28,0
cf5e6530-8c97-395c-8b88-1bb0793ed031,afc661fd-71d9-3fc3-adf2-3fc3b5e8a140,Hyman89 Schmeler639,M,GENERAL PRACTICE,680 CENTRE ST,RAYNHAM,MA,02767,41.9487118,-71.0731008,36,0
aca10208-8212-3347-aa0e-564930a45ddc,06cc2462-430f-3322-9c87-7e971125f510,Bryon392 Mann644,M,GENERAL PRACTICE,133 OLD ROAD TO 9 ACRE COR,WESTFORD,MA,018863198,42.5792583,-71.4378411,12,0
4325285c-d82c-3488-a556-46da659151e1,759de184-595f-3131-ba20-6a412553496d,Marco578 Pacocha935,M,GENERAL PRACTICE,49 THOMAS PATTEN DR,RANDOLPH,MA,023683901,42.1594587,-71.06112167252701,1,0
e30d8f56-357f-3af6-b5b2-9ac19903c282,dfc0bac0-55a9-3f25-b0e3-78f9f586560c,Cecilia788 Alaniz897,F,GENERAL PRACTICE,444 STOCKBRIDGE ROAD,GREAT BARRINGTON,MA,012301295,42.22088152406833,-73.34280352682327,46,0
41f1e231-8e75-31c4-b4cd-f21cc6632ae6,ee7fab6f-6438-394f-b1f2-3e452f8f055a,Trey250 Satterfield305,M,GENERAL PRACTICE,75 BRIMBAL AVENUE,BEVERLY,MA,019156009,42.570099299999995,-70.87108224250409,9,0
0d08587d-b12e-3296-938f-7b272b974eff,79508e39-d0b0-3613-9d54-168f6e1c3a18,Antonette454 Tromp100,F,GENERAL PRACTICE,200 GROTON ROAD,GROTON,MA,014502056,42.577352149999996,-71.57414587343038,2,0
b4660774-b8c8-302d-8569-b8cdbb29e290,907b1d2f-2bf8-31b5-abc2-14d6b75faa96,Horacio317 Domínguez946,M,GENERAL PRACTICE,340 MAPLE ST,MARLBOROUGH,MA,017523200,42.3358161,-71.54106510218209,94,0
a7c75d35-8897-3e81-8d17-f1b2ed51992b,352f2e3b-0708-3eb4-9f7e-e73a685bf379,Gregg522 Willms744,M,GENERAL PRACTICE,157 UNION ST,SOUTHBOROUGH,MA,017721215,42.3056501,-71.5245087,224,0
19428117-0495-36e1-942a-017d34e98243,a2d45ee8-b930-3169-b612-f602961ad212,Florance664 Leannon79,F,GENERAL PRACTICE,37 MINUTEMAN WAY,SHREWSBURY,MA,015452229,42.288207,-71.73443816915585,92,0
e7b569d1-0ecf-3f8c-96c9-40c0e67ebace,0fa1cab9-83c1-3c85-b7bc-53d8b922e2f7,Rod343 Frami345,M,GENERAL PRACTICE,115 LINCOLN STREET,WORCESTER,MA,016081216,42.2768165,-71.795274,73,0
e1d6c777-698e-36fe-977c-003471359e38,4887dc20-9ef6-3cc2-9c56-858388049a50,Renato359 Kertzmann286,M,GENERAL PRACTICE,168 WEST CENTRAL STREET,NATICK,MA,017604122,42.282113100000004,-71.37898579435048,1,0
02b0e089-756e-3ef8-b5d2-2e2b3688e08d,fa34d205-5ac2-3ba2-80a4-bef345dc57f5,Shawnna218 Daniel959,F,GENERAL PRACTICE,37 BROADWAY,ARLINGTON,MA,024745552,42.408086,-71.135914,3,0
91d7244a-c959-35af-aa03-5f691f693257,fb4a08b8-57ee-382b-b3cb-43d94f1bb4c0,Ignacio928 Abeyta738,M,GENERAL PRACTICE,1010 SOUTH MAIN STREET,FALL RIVER,MA,027242855,41.690775450000004,-71.16515282264554,96,0
83947251-d787-31a0-ac88-05e986009ce6,2b97893e-dc50-378b-a266-f089b8450329,Gary33 Torphy630,M,GENERAL PRACTICE,250 MOUNT VERNON ST,DORCHESTER,MA,021253120,42.3194571,-71.04610844302991,88,0
5e07e645-13f6-36cd-bf80-b980a5484f60,d0894f6b-78d7-338d-82ad-b63de4d40014,Lynsey2 Lemke654,F,GENERAL PRACTICE,330 MOUNT AUBURN STREET,WALTHAM,MA,02452,42.3756401,-71.2358004,1,0
bf9221d1-316c-3130-84dc-855b624e928a,2513c728-9d3e-376d-aedd-0f00fde719b2,Rickey821 Smith67,M,GENERAL PRACTICE,55 WEST ST,WALPOLE,MA,020811837,42.1442924,-71.2579691,30,0
fd0c7a01-1f02-34fb-939c-972bb307b1fa,3d5fbf38-c781-3e04-8c7e-5a402611b7d4,Vito638 Barton704,M,GENERAL PRACTICE,260 ELM ST,SOMERVILLE,MA,021442951,42.3955992,-71.1227391,74,0
298eae26-b291-35c2-b4b5-54f23b1bd5c3,f43f97f2-af04-3ed0-a42e-3681718cc9b2,Dorcas534 Quigley282,F,GENERAL PRACTICE,725 NORTH ST,PITTSFIELD,MA,012014109,42.4600752,-73.2492795834909,67,0
494109a2-5f49-3ea9-a788-9d0d35e132a5,7ac466c6-7968-33fd-882c-6d5418f88c8a,Alvin56 Hayes766,M,GENERAL PRACTICE,2 MEETING HOUSE RD,CHELMSFORD,MA,018242700,42.60140085,-71.35097894451894,33,0
f194969f-4275-335e-b1b4-9996dbe849c6,0d19a52f-6f9b-32aa-9aad-6b7027cc668e,Spencer878 Mills423,M,GENERAL PRACTICE,7 SANDISFIELD ROAD BOX 216,SANDISFIELD,MA,012559621,42.1131485,-73.1299243,33,0
58fbf694-b797-30a3-8800-6e04727e165b,88975fd9-b47e-3af6-af78-c58e1ecf0d5e,Barry322 Feil794,M,GENERAL PRACTICE,115 W SILVER ST,WESTFIELD,MA,010853628,42.1178811,-72.75935246865802,114,0
56617dfd-81d4-3382-ab41-fa16f355a5f2,52efa2e5-007f-3396-a83a-28ca015f0595,Walton167 Turner526,M,GENERAL PRACTICE,20 N PARK AVE STE 2200A,PLYMOUTH,MA,023604090,41.960434631488596,-70.67007876763536,1,0
e443c358-f8b4-3b53-a7ee-5a8dfea5ad33,ba5db88e-396b-39a6-9a0a-e9791bc709b7,Guillermina633 Valle770,F,GENERAL PRACTICE,80 ANDOVER ST,ANDOVER,MA,018105606,42.6390425,-71.15835003183432,1,0
aac5885a-57d3-30e8-b189-4f3f08938b02,edd58f69-ad5f-346b-b1f9-530ccdc895f6,Shawn523 Padberg411,F,GENERAL PRACTICE,52 CARPENTER ST,ATTLEBORO,MA,027032472,41.9369576,-71.27996091755344,98,0
37a1d324-6a3c-3085-a13c-26666f96a044,94ac48ba-e215-3ab9-ba88-a0b926d29cef,Nerissa37 Hahn503,F,GENERAL PRACTICE,300 WINTHROP STREET,MEDFORD,MA,021552311,42.421527,-71.11834,11,0
6e5df092-d20a-3b61-94f3-e9ab4dd80114,069b90f9-309b-35e4-b990-d1dbacb962cc,Thomas756 Strosin214,M,GENERAL PRACTICE,36 LOWER WESTFIELD ROAD,HOLYOKE,MA,010402749,42.16975305,-72.63488031242107,2,0
b24dd466-ab45-3fb5-afe0-fba9af3cc13e,d087a353-12da-3785-b121-fb1291f8a721,Thad495 Baumbach677,M,GENERAL PRACTICE,17 CLARENCE ST,WORCESTER,MA,016052430,42.287673653061226,-71.80890779591836,34,0
70124ffd-69ec-32bc-96b2-0baa7c106f6a,e5ce3b83-f5e6-308d-aa64-82539fc2d906,Garret233 Dach178,M,GENERAL PRACTICE,1842 BEACON ST,BROOKLINE,MA,024451922,42.33728028715071,-71.14536064081996,1,0
dc610b11-72e6-3b87-adee-0450405f8979,a2047ff6-62f2-34d7-beb9-7e164d989c75,Frederic454 Larkin917,M,GENERAL PRACTICE,1200 CENTRE STREET,ROSLINDALE,MA,021311011,42.29768,-71.130463,10,0
25da0066-4058-3ea1-b43a-36625065c2e0,936ceb96-2b12-371f-aa68-ee02a9c06f4c,Alan320 Keeling57,M,GENERAL PRACTICE,225 BOSTON ST,LYNN,MA,019043124,42.470497449999996,-70.96003668151566,91,0
f5aaf104-b69b-35d3-8330-840919f30770,51759ecf-0948-3f61-b8fc-09dd8f2b90a1,Hazel720 Schultz619,F,GENERAL PRACTICE,CHRISTIAN HILL ROAD,GREAT BARRINGTON,MA,012301108,42.207865,-73.360405,2,0
e64fdf1f-ef94-37ac-90bb-693677a604c5,48a6d3ab-50ef-349e-8945-2558a78f378e,Mercy752 Kuhlman484,F,GENERAL PRACTICE,795 MIDDLE ST,SWANSEA,MA,027774114,41.730919,-71.208117,262,0
6c1d44f0-777b-382a-9d05-406d9493ffdf,0a8a4b11-d0b8-3cd2-92cd-983de5189cfa,Del587 Nicolas769,M,GENERAL PRACTICE,111 BIRCH STREET,LYNN,MA,019021574,42.47859105,-70.93458444045801,1,0
42120dce-af9e-3a0e-8ed2-6c6c1d428d90,95b01a7c-e16a-37d4-b354-c404baa00203,Clemente531 Canales95,M,GENERAL PRACTICE,290 SOUTH STREET,PITTSFIELD,MA,012016824,42.440485002637104,-73.25677853480586,8,0
a4d3ab2e-180c-34e4-aa44-7bb83d102431,df852cb2-9fe0-3c90-87ac-46e5f980ee3b,Virginia437 Olvera69,F,GENERAL PRACTICE,3 PATTERSON ROAD  SUITE 3,SHIRLEY,MA,014642907,42.552462649999995,-71.62383665745185,8,0
042785ef-fd80-31c2-860d-4eeb988bbd8f,281525ef-5743-34a8-9339-66c8b4be6668,Concepción765 Quintana711,F,GENERAL PRACTICE,555 PLANTATION STREET,WORCESTER,MA,016052376,42.2907683,-71.7649752,1,0
952e81ed-45fb-3251-bdae-4e63f8593aaf,3e97ce4f-3ad7-3cea-883f-e2bb4ca89d83,Marisol435 Cedillo160,F,GENERAL PRACTICE,30 NEW CROSSING RD,READING,MA,018673270,42.51809619399502,-71.0959083715027,26,0
a2a47088-2daa-3a8f-80e0-a1289f8099ef,e982819a-87b3-3124-a0f2-85f8afcc7731,Alfred550 Goldner995,M,GENERAL PRACTICE,140 COMMONWEALTH AVE STE 202,DANVERS,MA,019233625,42.5524742,-70.94443165548033,40,0
220f6353-47c7-3ecc-a0f4-28c21f89b206,d5920b72-ac1a-3ec4-81ca-e3b75cb7aadd,Merrilee429 Daugherty69,F,GENERAL PRACTICE,251 Causeway St.,Boston,MA,02114,42.3665,-71.05931,88,0
c0242195-8a8f-36ad-81f7-bd24aeb8f033,c4e5b33c-17b8-3f51-a8ba-a327d54e642a,Kaila152 Dibbert990,F,GENERAL PRACTICE,94 N ELM ST,WESTFIELD,MA,010852917,42.1322823,-72.7436679,71,0
d8561d71-aede-31f9-bc31-0a0c0d87d63f,6d6ef57e-b2ce-3a69-bacf-4305c51834b0,Frankie174 Skiles927,M,GENERAL PRACTICE,186 HIGHLAND AVE,SOMERVILLE,MA,021431507,42.38845955,-71.10666839512322,1,0
0ed0651e-37f3-3dcd-b7b9-28c6ce691f7f,0f2c58ec-5323-3c0f-9bdf-af0df7eb2a2b,Owen89 Boehm581,M,GENERAL PRACTICE,130 DORCHESTER STREET,SOUTH BOSTON,MA,021272642,42.3334312,-71.0494949,17,0
3a1fb996-f7ff-3300-bae7-b263b19de769,cc400ddc-c38d-3604-8d89-cea21555719f,Irene779 Kirlin939,F,GENERAL PRACTICE,87 CHESTNUT ST,NATICK,MA,017603644,42.293559188306446,-71.35158050924959,14,0
fd670f8b-1b96-3047-a46f-307c29013213,51370692-6296-3150-8672-559fc73f964f,Almeda560 Okuneva707,F,GENERAL PRACTICE,75 FRANCIS ST,WEST BRIDGEWATER,MA,023791542,42.0219112,-71.019004,45,0
14f78612-aea2-3612-a809-117c214ad9e8,10dcd91e-6eda-385b-bafb-d5e1ae92dc34,Adolfo777 Abernathy524,M,GENERAL PRACTICE,677 W MAIN ST,HYANNIS,MA,026013493,41.652312699999996,-70.32027525205335,101,0
248a8395-b11a-3939-a032-ab673f0d1581,c6b019eb-28ec-36f6-abf3-bcc4d1d58966,Sherwood961 Aufderhar910,M,GENERAL PRACTICE,33 AVON ST,WAKEFIELD,MA,018802310,42.50403445,-71.07462951514611,16,0
51644e3d-40d4-3c7f-b8ea-b6cb3d92050a,b5b380d2-df21-3389-abf0-08551c7e1f2d,Madeline975 Friesen796,F,GENERAL PRACTICE,85 PATTON RD,DEVENS,MA,014344401,42.5304204,-71.61505519305638,126,0
cb84372a-c1f8-356c-8a1b-b6b160c6aed6,31e00f85-6909-3d9f-afc6-5ae507ab0c06,Kyle55 Collier206,M,GENERAL PRACTICE,382 GROVE STREET,BRAINTREE,MA,021847324,42.189369400000004,-70.98451984814267,152,0
f7263df1-a8fa-3856-9563-3175f28f90bb,06376cbe-4880-384b-b459-7ce3eef36ced,Lynwood354 Ratke343,M,GENERAL PRACTICE,387 QUARRY ST,FALL RIVER,MA,027231026,41.6932713,-71.1402431739568,54,0
60a55729-4b9c-31f1-a6fb-8629013b9e98,2836d9ac-c6a6-39d1-8f13-fdf0fc8928f4,Alysha630 Koch169,F,GENERAL PRACTICE,365 EAST ST,TEWKSBURY,MA,018761950,42.6069472,-71.2180803,331,0
2309f6e0-3a97-312a-9d53-080f2ac7f339,a2f8d8fe-665e-390f-8b9b-efdc0b14a77c,Pearlene638 Towne435,F,GENERAL PRACTICE,161 JACKSON ST,LOWELL,MA,018522103,42.6425382,-71.3093946,2,0
3f9fa81c-b832-32c3-8cd3-ddd3f2f94d38,82c72223-f521-3a34-9b9b-4ff366365399,Shon148 Reinger292,M,GENERAL PRACTICE,2100 DORCHESTER AVENUE,QUINCY,MA,021691870,42.2509914,-71.0037374,10,0
e35238b3-d2b8-3df8-b9a0-808848390623,7c625dc4-2593-31eb-95fd-6a912832b8bb,Ronny764 Braun514,M,GENERAL PRACTICE,980 WASHINGTON STREET  SUITE 124,DEDHAM,MA,020266704,42.228918,-71.18501264023513,8,0
143bd2e5-3a4d-3d3e-9ae4-5fa886b371cf,f22bc2ac-f8bd-3f9f-9a40-93db37639d3f,Glennis930 Erdman779,F,GENERAL PRACTICE,735 ATTUCKS LN,HYANNIS,MA,026011867,41.6747631,-70.29768515601289,64,0
7ca73444-75a2-316f-a45f-44ec5b7d2154,04b252db-4231-3cb5-963d-6f096fb4b97c,Lorie307 Grady603,F,GENERAL PRACTICE,1177 PROVIDENCE HIGHWAY,NORWOOD,MA,020625019,42.194543,-71.1994976,17,0
2932dea8-53f4-3a4d-ab60-2cb9702aeb44,83579123-f29c-39b8-9f5f-8f79e91683c7,Armando772 Carrera906,M,GENERAL PRACTICE,100 CENTURY DR,WORCESTER,MA,016061244,42.3138278,-71.7707002,25,0
f1fc7bb1-ec4d-30e3-b5de-1a8cbb4ad49f,e2eab39c-5195-34aa-b35f-e89e37cfed01,January966 Roberts511,F,GENERAL PRACTICE,55 FOGG ROAD,WEYMOUTH,MA,021893141,42.175539799999996,-70.9539153674405,32,0
bb97cbb6-5c20-385f-9a20-86a9daee092f,4fa8411f-42f8-3353-8947-bf15254c9dee,Jess275 Gutmann970,M,GENERAL PRACTICE,90 GREENWOOD STREET,WAKEFIELD,MA,018804039,42.476321150000004,-71.06922169005762,2,0
ac8e9c5b-23a1-30fa-ae87-5b0dbba5f18b,a977feef-f585-3fa8-8deb-7e60fc2cab30,Kimbra238 Schulist381,F,GENERAL PRACTICE,2314 MAIN STREET,TEWKSBURY,MA,018763128,42.58023655,-71.19367180835906,13,0
2041dc4c-b906-3946-9c34-ea23b3eb6b4a,3f75cc55-b046-3d03-b4ff-ec338624ce10,Jean712 Jacobs452,M,GENERAL PRACTICE,77 WOLCOTT AVE,NEW BEDFORD,MA,027451033,41.6362152,-70.934205,45,0
23d47e62-a18d-3b76-b59e-9d04e8854aac,1de7e7d9-9a7a-3a3f-bf4c-b4de450711f2,Clemente531 Quintana711,M,GENERAL PRACTICE,198 LITTLETON RD,WESTFORD,MA,018863429,42.564282,-71.42620615382347,2,0
78b55799-82b3-3a4c-bc3b-8ec867083fbc,4705a8fd-19cd-32c1-8b3e-34bcfe84d0bd,Jimmie93 Mayert710,M,GENERAL PRACTICE,55 N WASHINGTON ST,NORTH ATTLEBORO,MA,027601607,41.983529,-71.332241,44,0
8435ce0f-2bf7-3f3e-8e3d-59da33333a66,497f39dd-280e-3d58-af5b-c5e3a3a09b10,Randy380 Bergstrom287,F,GENERAL PRACTICE,27 PARK ST,HYANNIS,MA,026015230,41.65363635,-70.27352219234834,1382,0
11637d2a-cb96-35a3-b115-4ddcba5fc5f9,f2a6c4f7-f5b2-361a-95c4-3d635b352a46,Dusty207 Lynch190,F,GENERAL PRACTICE,546 SOUTH STREET EAST,RAYNHAM,MA,027671079,41.8984957,-71.03751432894776,5,0
2850d48e-bec2-3cb2-8bab-1a35471c9c5e,b0762027-dc86-335b-8310-f4f031c1caca,Buena501 Swift555,F,GENERAL PRACTICE,765 WEST CENTER STREET,WEST BRIDGEWATER,MA,023791517,42.01302315,-71.05345585281756,1,0
d29a193d-0157-34d7-bd83-a1068d9324d9,0d7fd824-1c7b-3f8b-a662-f6c2005e82e1,Arminda86 Trantow673,F,GENERAL PRACTICE,88 MASONIC HOME ROAD,CHARLTON,MA,015071394,42.1389039,-71.9782681,21,0
8e393115-63c1-326c-864d-f3273d963153,ed0c5b98-dc8a-3fc9-9856-61f1a1c75b11,Edwina60 Gerhold939,F,GENERAL PRACTICE,40 JULIO DR,SHREWSBURY,MA,015453010,42.29191827853838,-71.70343631978118,3,0
135e7191-6989-3d52-9bd2-a12571d69a02,a525d084-5a8f-3859-a048-2130a4092ec8,Samuel331 Runte676,M,GENERAL PRACTICE,2 MOUNT ROYAL AVENUE  SUITE 350,MARLBOROUGH,MA,017521976,42.34042135,-71.57841367654626,25,0
cc6abeb8-374c-3ea7-9e7e-4a76a2a048d1,accb8cdd-6560-3fef-b0a6-f12c3295026a,Gregorio366 Bonilla161,M,GENERAL PRACTICE,969 PARK STREET,ATTLEBORO,MA,027035115,41.9266899,-71.2611303145582,28,0
e94035db-7cb0-3e58-9fde-5b8835be9e36,83445caa-116b-3a1e-a75e-8104d321c4c3,Peter292 Crona259,M,GENERAL PRACTICE,315 MAIN ST STE 101,NORTH READING,MA,018641326,42.596733799999996,-71.11988300141903,49,0
aa12b654-acc3-3692-a7b0-a497e275fe7e,1ab2b5f9-cb95-3236-beec-9b9d4a407c61,Carroll471 Eichmann909,M,GENERAL PRACTICE,725 NORTH ST,PITTSFIELD,MA,012014109,42.4600752,-73.2492795834909,26,0
0b843c57-47d2-3683-803f-0039998af4b4,07ae483b-b351-3add-8b05-afba832b88ea,Lanette41 Murray856,F,GENERAL PRACTICE,5 REDLANDS ROAD,WEST ROXBURY,MA,021321506,42.2879347,-71.15108161583282,12,0
29a81c39-00cc-3fbe-9f66-420a8aeab98f,41e2a44c-477c-3511-96f9-12c476aa3b6a,Latoyia537 Lindgren255,F,GENERAL PRACTICE,85 E NEWTON ST,BOSTON,MA,021183553,42.336277100000004,-71.07085295687423,42,0
63bce235-3c8c-3539-924b-488de03de0bf,6df069d9-5273-32df-bee8-b6a5a20c2ece,Dee580 Fahey393,M,GENERAL PRACTICE,474 West Main Street,Hyannis,MA,02601,41.650307,-70.313515,87,0
828a39eb-6d6f-37dc-b76d-f637831ef3e8,9d41e4fc-9507-3ddb-82ad-966046fca031,Ashlyn643 Lehner980,F,GENERAL PRACTICE,104 RANDOLPH ROAD,WORCESTER,MA,016062465,42.29955605000001,-71.79838133819244,4,0
5b4ca661-cd4e-3a4e-9448-cddc4b295ea4,5b0cd0a0-f277-3a66-bee6-d64b5be4a3f5,Waldo53 Hintz995,M,GENERAL PRACTICE,725 NORTH ST,PITTSFIELD,MA,012015493,42.4600752,-73.2492795834909,12,0
c796cbe0-906e-361d-aab3-255088076dce,b44955d1-f0e2-3beb-a013-708a81dbe430,Idella49 Runte676,F,GENERAL PRACTICE,680 CENTRE ST,WEST BRIDGEWATER,MA,023791600,42.0219112,-71.019004,53,0
ce0c2e2c-d971-3cbb-9dce-16e7b4c7d3e6,c0e23859-5a95-3aa0-8c3b-0143df64f507,Roberto515 Grant908,F,GENERAL PRACTICE,188 COMMONWEALTH RD,WAYLAND,MA,017785027,42.318727100000004,-71.36211489369597,1,0
ef527380-d237-3abc-ba73-916b64c49357,81bf8321-f3b9-329d-8c7d-e50fc1141351,Rhett759 Bode78,M,GENERAL PRACTICE,35 WINTER ST STE 301,HYANNIS,MA,026013893,41.6528525,-70.28654323707113,15,0
f9b3647e-1005-36a4-b73f-1b5b1f89a4cc,ad2dab07-4f85-3950-baaa-7c7cd2aa770c,Gertrud593 Kuhic920,F,GENERAL PRACTICE,55 LAKE AVENUE NORTH,WORCESTER,MA,016550002,42.2774799,-71.76166994969458,206,0
ca91a413-5907-32a6-9150-d44848040618,67d2f85b-ddc7-3ed0-b90b-6fa5b7b8358a,Norah104 Jenkins714,F,GENERAL PRACTICE,43 FOUNDRY AVE,WALTHAM,MA,024538313,42.37050535,-71.21908334877376,28,0
4943b1a6-c3be-31f3-abec-4a3918499243,0d1570ab-371c-3898-9397-95905d8c5166,Jose871 Dicki44,M,GENERAL PRACTICE,750 WASHINGTON ST,BOSTON,MA,021111552,42.3499038,-71.0631836,462,0
0755d6bc-1cb3-33c0-89c3-f0c6c7c5c4f1,1853aeef-5897-326a-80d6-aa4b0459eb6d,Jewel43 Kassulke119,M,GENERAL PRACTICE,381 WICKENDEN ST,ATTLEBORO,MA,027032247,41.9438129,-71.2806515,197,0
6663f394-3c28-3d42-9731-a187b7cca05d,4b7e26e6-e5b1-38c9-b4ac-fde9a0f93177,Maggie320 Eichmann909,F,GENERAL PRACTICE,38 BROAD STREET,QUINCY,MA,021694604,42.2560352,-70.99469254391217,6,0
229292db-4bd6-3f24-8256-828efbb5a491,01bb7b5c-f850-3c4e-a3f1-442d8273559a,Dennis979 Effertz744,F,GENERAL PRACTICE,395 PLEASANT ST,NORTHAMPTON,MA,010603914,42.3150543,-72.62555561349089,73,0
b3a867c1-0a84-3ad9-94d9-fc5763700e74,2ca615f3-87f7-3283-a447-d919a883b676,Elizbeth263 Dickinson688,F,GENERAL PRACTICE,1399 WASHINGTON ST,HANOVER,MA,023391653,42.1441354,-70.8440854,3,0
0fc59e2d-81ed-38d3-a6e4-bec9efbbe14d,c0a33465-d309-3d2a-932e-9d554a7cc19c,Nathanael908 Rogahn59,M,GENERAL PRACTICE,100 CENTURY DR,WORCESTER,MA,016061244,42.3138278,-71.7707002,31,0
452e74f9-1041-3261-a4c8-9b18efbb799f,7f32dd7d-5c35-3ddb-839b-8fbbb930d412,Tyron580 Littel644,M,GENERAL PRACTICE,863 CENTRAL STREET,FRAMINGHAM,MA,017014813,42.30758060362541,-71.42846215724606,12,0
5310173f-12d9-3c6b-abdc-10251db09a20,0a689d33-2b0d-3942-8de8-e28812e91c69,Noah480 Pagac496,M,GENERAL PRACTICE,47 SEAVERNS AVE # 5,BROOKLINE,MA,024463806,42.3317642,-71.1211635,8,0
dd301b7c-049e-3748-ab5f-082d96d456ca,d36eba4a-0dfb-3a26-b9fe-eb74594bbe3c,Bonita405 Boyer713,F,GENERAL PRACTICE,1350 MAIN ST,WORCESTER,MA,016031550,42.2416259,-71.85047518091996,1,0
726cbfc8-f8aa-3e51-8352-10832911a6e7,1b3fe590-8793-3f08-865d-01fc425a84d4,Fredrick998 Wintheiser220,M,GENERAL PRACTICE,1340 BOYLSTON ST,BOSTON,MA,022154302,42.34392675,-71.09888049065322,150,0
e6fc2783-b692-3f21-b27e-a2de8d350198,3f12ebb4-e03c-3453-88d2-4fc9682383df,Erwin847 Stiedemann542,M,GENERAL PRACTICE,726 COUNTY ST,NORTH DARTMOUTH,MA,027473603,41.6389926,-70.9703171,114,0
f0612447-3442-3293-89ff-7fe4943c7af1,8af3b144-0e1a-3c90-937d-81a4ed026080,Guillermo498 Fay398,M,GENERAL PRACTICE,800 WASHINGTON STREET,NORWOOD,MA,020623489,42.1886973,-71.2005241,131,0
368c8471-5e03-3711-a862-ed9f4af3536c,125eccb3-d003-34ea-9bd8-360dff059782,Rolande819 Gerlach374,F,GENERAL PRACTICE,125 PARKER HILL AVENUE,DEDHAM,MA,020266146,42.2489143,-71.1755732,13,0
cea212a3-3feb-3fb0-a97b-0174723bb4c6,b242f971-3c74-3778-b148-81366c1e6a3f,Jaquelyn689 Bernier607,F,GENERAL PRACTICE,10 CAREMATRIX DR,DEDHAM,MA,020266149,42.2270762,-71.17237295563174,115,0
30e006e6-aec2-3a17-bd93-218870d847e9,36c8b677-a6ce-3266-b71e-ed86d778d0fa,Jerrell6 Rippin620,M,GENERAL PRACTICE,300 FRIBERG PKWY,WESTBOROUGH,MA,015813900,42.28350315,-71.58027718702151,201,0
d244bce0-049e-3125-8ba3-abc4c9acdce4,2e73956a-942f-36f3-b88c-f88e782e578f,Elli820 Boyle917,F,GENERAL PRACTICE,790 TURNPIKE STREET  SUITE 202,NORTH ANDOVER,MA,018456138,42.661547049999996,-71.10774565195425,4,0
5b589da8-b5e0-377d-856e-a09646634197,2987ddf5-7ff2-3e4a-9e25-d654a10313fd,Ted955 O'Connell601,M,GENERAL PRACTICE,519 MAIN STREET,MEDFIELD,MA,020522522,42.186209649999995,-71.30745495273302,36,0
46150c09-ff83-3020-a426-528293569bf2,ce3b504c-f15c-3bcf-ba6e-dcb551cc7d7f,Denisha680 Schmitt836,F,GENERAL PRACTICE,112 SOUTHAMPTON ST,BOSTON,MA,021182711,42.33240995,-71.06915010706255,51,0
4652dae8-8689-3155-ba67-5fd8c3ca3008,19a3afba-b409-3650-a0ab-f3faf6e391ef,Patrina117 Strosin214,F,GENERAL PRACTICE,199 REEDSDALE RD,WALTHAM,MA,024511433,42.3756401,-71.2358004,22,0
7a3d4d36-1235-37eb-8a66-279fd0427055,562176c7-c337-3bd1-b8f4-89853772589b,Lenny728 Schuppe920,M,GENERAL PRACTICE,877 SOUTH ST,PITTSFIELD,MA,012018243,42.417399950000004,-73.25836946569122,1,0
7c340086-3081-333e-96d8-d788f37ea7e0,6ff4bb75-c014-3f73-a574-620cf1538d85,Manda751 Hamill307,F,GENERAL PRACTICE,250 GREEN ST,GARDNER,MA,01440,42.586896550000006,-71.98672640006858,35,0
80944b54-793b-3c46-b9b7-8d5c3d4afe1d,1cec4304-9757-3a10-ad4f-7e2090c56131,Theo630 Rohan584,M,GENERAL PRACTICE,55 LAKE AVE N,WORCESTER,MA,016550002,42.2774799,-71.76166994969458,3,0
67fc9917-c8fe-37c0-81b8-fcf042f97622,5862e05c-9533-3f7a-8f73-215d50f5ee2f,Estell607 Barton704,F,GENERAL PRACTICE,1200 CENTRE ST,ROSLINDALE,MA,021311000,42.29768,-71.130463,82,0
0e04233f-c472-395e-a2e3-c42425535e5e,ec7e487e-7e78-3eac-a9ee-37f8de98a0f9,Marlene554 Hammes673,F,GENERAL PRACTICE,277 WASHINGTON STREET,ABINGTON,MA,023512489,42.10060947239023,-70.94967338146704,4,0
3c63b6ed-ceb1-36ad-81c3-5b0c4ec16fd4,411f14a5-de79-3e08-81d6-301270cc2275,Fredrick998 Harvey63,M,GENERAL PRACTICE,64 CONCORD STREET,WILMINGTON,MA,018872179,42.55962465,-71.13772203658047,28,0
190f8d16-530f-33e1-b638-d22fee30d290,471f7ca2-38f8-3080-8109-187c73ec0b1f,Collin529 Johnson679,M,GENERAL PRACTICE,27 CONGRESS ST,SALEM,MA,019707308,42.518722068313224,-70.88940635956651,62,0
222e0fdc-a9ff-34ef-9cb7-26380f82522c,20df65a4-7567-3066-b680-0f71b0c31d38,Kristina583 Bashirian201,F,GENERAL PRACTICE,242 GREEN ST,GARDNER,MA,014401336,42.58685735,-71.98748072431209,68,0
8f6c0930-43de-3dc4-9f8c-452411f0ba9d,5581e43d-0463-3a0b-afc7-a60aea5ac96c,Benita195 VonRueden376,F,GENERAL PRACTICE,57 RIVER RD,ANDOVER,MA,018101144,42.69112645,-71.19636086287642,60,0
a84e700a-fc30-3df0-87f8-3202ef36db88,7dcab1ad-0e13-3700-9eb0-70767c5e2b55,Dana512 Wilkinson796,F,GENERAL PRACTICE,1515 ALLEN ST,SPRINGFIELD,MA,011181803,42.095299499999996,-72.50943136142334,52,0
4fe3bea2-f192-3c4a-bce9-e5ec1a80458f,ce9c1582-994d-32bf-835c-474a249d2804,Maude482 Veum823,F,GENERAL PRACTICE,275 MARTINE STREET  SUITE 104,FALL RIVER,MA,027231500,41.68393816525316,-71.1220830626733,13,0
95c1cfc0-1ce4-342e-9807-c00d00490770,e7722de2-0e62-3dc9-a163-a7003956673b,Weldon459 Lockman863,M,GENERAL PRACTICE,1 EDGEWATER DRIVE  SUITE 103,NORWOOD,MA,020624669,42.16153305,-71.20162617190071,1,0
56f60934-c269-3b69-b1f5-2108d5a5a193,62b55e5b-b58f-354d-8f2d-f2a330bc619e,Brandon214 Gerlach374,M,GENERAL PRACTICE,201 HIGHLAND ST,CLINTON,MA,015101037,42.42738865,-71.69329092351188,5,0
f941e2e1-ab52-30ce-8086-e2024176f905,9dbd44ba-59b2-3d1d-ac91-3880af8081d2,Tori754 Larson43,F,GENERAL PRACTICE,529 MAIN ST STE B,ACTON,MA,017203965,42.4878132338563,-71.43046999422496,33,0
4a80194e-4a1f-317e-b15d-e0beaa8efaf2,35eba9db-902f-32e6-b302-0e5ef8fa5c68,Laverne101 Schumm995,F,GENERAL PRACTICE,66 BROAD ST,WESTFIELD,MA,010852927,42.1165587,-72.74727440058362,2,0
4fb0a952-bd19-3663-99e3-98c383fe7027,b7866c75-5e56-36b0-b9c5-c63051677b69,Elias404 Skiles927,M,GENERAL PRACTICE,45 RESNIK RD,SANDWICH,MA,02563,41.7579043,-70.4968152,9,0
7ab2d416-71e5-3174-a375-443e4021a8f6,9656a864-3b93-356f-9fa6-d7988e249977,Josh874 Feil794,M,GENERAL PRACTICE,950 N MAIN ST STE 203,RANDOLPH,MA,023683064,42.1871612,-71.0568102,103,0
4f6b6cde-311c-3c81-ba2c-cf2e32faeb8f,bac9dc0c-cb0f-3fa6-aa12-819dd0fb922a,Floy720 Greenfelder433,F,GENERAL PRACTICE,1493 CAMBRIDGE ST,SOMERVILLE,MA,021452935,42.3875968,-71.0994968,109,0
18e93177-deb6-35c9-b99d-1bf76dcedf16,9ce6072b-d039-3cde-8eaf-950211b8ae88,Terrie907 Ratke343,F,GENERAL PRACTICE,147 S MAIN ST,MIDDLETON,MA,019492446,42.585787222720036,-71.00861442427218,1,0
be220cab-8328-3c3d-8ea5-eb1b9cc8ec68,af8566eb-8918-3ec7-ba44-92b6a2cf8097,Trevor374 Walker122,M,GENERAL PRACTICE,81 HIGHLAND AVE,SALEM,MA,019702714,42.5112107,-70.90516241826194,92,0
f3b34081-5ab5-31d5-b731-ffbf7dc75198,a036cdf2-bbc5-3ffd-987f-56e437fd8b74,Margarita164 Tejeda887,F,GENERAL PRACTICE,265 N MAIN ST,SOUTH YARMOUTH,MA,026642083,41.680980000000005,-70.18292625685085,13,0
ad6c5967-401a-3c93-9466-c6b2aae408e9,69cb2157-b620-3c51-9c94-f516462d2d55,Luther918 Schroeder447,M,GENERAL PRACTICE,11 WATER ST,ARLINGTON,MA,02476,42.41642055,-71.15424293038585,24,0
8dd67f62-2286-3165-984c-a4008cf1af52,615416de-5217-3c11-9828-2d4bacd1d9cb,Keli839 Williamson769,F,GENERAL PRACTICE,434 ROUTE 134,HYANNIS,MA,026011854,41.6753274,-70.309939,4,0
1c06dc72-e4a8-3a4c-8456-d309f16b5a65,a25107f7-f4f5-36fc-98e4-f3e1b5875c91,Yesenia104 Wilderman619,F,GENERAL PRACTICE,1285 BEACON ST,WOBURN,MA,018012157,42.4979478,-71.1684508,41,0
62649436-af8c-38e1-bbec-3c3160333809,0e6c3ad1-24c1-34cb-bb6d-e8438fa319e2,Eufemia350 Casper496,F,GENERAL PRACTICE,50 DODGE ST,SWAMPSCOTT,MA,019071300,42.4699241,-70.9171507,1,0
aab6e0c8-0965-36ac-9939-66a997ddee20,43ee6bb5-8efa-3bfc-8ca8-1579a5267753,Shawanna357 Roob72,F,GENERAL PRACTICE,235 N PEARL ST,BROCKTON,MA,023011794,42.09805395,-71.0609587194362,22,0
1ee9c192-09aa-337b-800c-657f5d37108a,05fcf001-ab24-3d7d-85f7-f64942d82738,Nickolas58 Schumm995,M,GENERAL PRACTICE,250 POND STREET,FRAMINGHAM,MA,017014592,42.2838619,-71.4093719,274,0
9465c490-7aa3-3cda-9b01-ba24c1b3c3f1,7e6db51f-7c1b-3555-9e1c-6269ba6d704d,Drew592 Streich926,M,GENERAL PRACTICE,120 STAFFORD STREET SUITE 206,WORCESTER,MA,016031461,42.239638,-71.8443785891577,11,0
a2cfe7c7-f70f-314c-8285-2a747d05bd4b,83769f98-fff3-3535-8781-6ace5957136f,Emilia403 Breitenberg711,F,GENERAL PRACTICE,115 NORTH AVENUE,ROCKLAND,MA,023702129,42.13496385,-70.92237824494691,5,0
e236ebfb-5f44-33e4-a431-66bf828a38ee,1b26464f-ebe5-3045-b976-40f9979418c6,Mario764 Sotelo656,M,GENERAL PRACTICE,243 KING ST,NORTHAMPTON,MA,010602367,42.331161,-72.634183,1,0
0243d494-9bfc-36df-8965-bd81fb618281,0e3a24c3-b772-3059-b3fd-8a4710068a82,Malka46 Gerhold939,F,GENERAL PRACTICE,416 BROADWAY,RAYNHAM,MA,027671737,41.940680799999996,-71.07864352196617,22,0
88d4d21e-7824-3b0d-b1b0-418a74421831,7d43f2a3-b6a3-3613-bae4-3b8b869e79e3,Nikita578 Rogahn59,F,GENERAL PRACTICE,1485 DORCHESTER AVE STE 205,BOSTON,MA,021221301,42.3554334,-71.060511,18,0
e0697968-39be-3b67-9c53-60811bd5ad62,b8d40f5c-9e4d-3639-89ef-8bf375cb3184,Sarai636 Howe413,F,GENERAL PRACTICE,190 OLD DERBY STREET,HINGHAM,MA,020434065,42.1807101,-70.9170852970031,1,0
2b9f3305-c8d3-3876-adce-3b257324d598,9adfae03-673d-365d-9052-f705098fa3e4,Sharilyn202 Wolff180,F,GENERAL PRACTICE,51 BLOSSOM ST,BOSTON,MA,021142699,42.36305545,-71.06643399281765,203,0
dd6889ae-5ce9-392c-bd3d-5dcf44323a52,a130ed39-d3a2-3b2a-91fe-0c14f5e26eb2,Chery887 Nicolas769,F,GENERAL PRACTICE,EAST CREEK ROAD,NANTUCKET,MA,025544015,41.273999,-70.091114,2,0
7a14b2f5-d2da-3d9b-99e7-5aa9c47dfb89,89171335-b9c0-3326-98d6-a837d432b9fd,Lorette239 Hauck852,F,GENERAL PRACTICE,150 FLANDERS ROAD,LYNN,MA,019042915,42.466763,-70.9494939,218,0
b7682f8f-d54d-3124-ba6a-3cb26d1532f8,01bde980-bf89-3138-8912-7360dff33247,Caroline183 Lang846,F,GENERAL PRACTICE,456 PARK AVE,WORCESTER,MA,016101254,42.25512735,-71.82580924803523,17,0
c7401877-4ace-3c14-97f1-036a4186461c,e2a8b444-9b8f-36ff-84c4-05ee98589482,Francisco472 Gusikowski974,F,GENERAL PRACTICE,8 SHIPWAY PL # C-8,CHARLESTOWN,MA,021294301,42.3778749,-71.0619957,173,0
51ddcc56-a513-337d-8bee-e8225d666a03,65dac97b-bb0c-38ae-94bc-bf29ac9687ea,Sebastian508 Rowe323,M,GENERAL PRACTICE,265 MAIN STREET,DALTON,MA,012261614,42.472932099999994,-73.17745071097283,7,0
050069d6-4c6a-3982-8955-5b60396ec751,05f80ed8-6a7a-3728-8b5c-c5c995c8244a,Peter292 Cartwright189,M,GENERAL PRACTICE,150 South Huntington Avenue,Jamaica Plain,MA,02130,42.32809,-71.11076,91,0
08a6acf1-79b3-3155-8028-3afcf3194fce,18d2c9c2-4b92-3664-9b8e-419aff3ce942,Aleshia311 Block661,F,GENERAL PRACTICE,175 GROVE STREET,BRAINTREE,MA,021847253,42.19127375,-70.99279579751581,11,0
d1bb5f90-61a5-3461-8cf6-2a379f27814c,121b0ad1-1beb-3caa-9271-3d3f726bb727,Cortez851 Price929,M,GENERAL PRACTICE,1030 MAIN STREET,WALTHAM,MA,024517447,42.375828,-71.2527956,10,0
9d552567-e9a5-3112-84c7-1c28f8eeef9f,9ba25035-53e5-344b-9b9e-94331a58d1d4,Edwin773 Schultz619,M,GENERAL PRACTICE,420 MAIN ST,WALPOLE,MA,020812553,42.161882199999994,-71.2388707178431,44,0
28b0a80a-a6e3-3c66-97a4-4f36bcfb8777,4f029aea-a3f7-3429-a477-45cfe183c3f9,Curtis94 Lesch175,M,GENERAL PRACTICE,1675 NORTH MAIN STREET,LANCASTER,MA,015232405,42.4761132,-71.6873032,3,0
fb54c346-d225-3bb9-a27c-a4c62e46a4e3,67cade01-dcfe-37b7-8e2c-b712d9e6fbba,Lelah386 Wintheiser220,F,GENERAL PRACTICE,694 MAIN ST,HOLDEN,MA,015201862,42.3406819,-71.8390289,29,0
8eaea383-23ad-3a87-bc19-1d9d9d479305,11a40a26-a5a3-331d-aef0-d06dd90e2b4e,Jacinta658 Wintheiser220,F,GENERAL PRACTICE,10 OSTERVILLE WEST BARNSTABLE RD,YARMOUTH PORT,MA,026752000,41.7020544,-70.249465,64,0
72b68153-51ac-3e8a-ae9b-eea20b9b913f,b954c464-11ea-312b-a3f8-1350775bfa54,Hortensia953 Walker122,F,GENERAL PRACTICE,123 CAPTAIN'S ROW,CHELSEA,MA,021504019,42.3917638,-71.0328284,9,0
e49b6ad3-08f0-329a-94f2-ed43b054d77d,9f368e75-397f-3d77-a317-9a005512a4e2,Franklin857 Pfannerstill264,M,GENERAL PRACTICE,381 PARK AVE,WORCESTER,MA,016101026,42.2583962,-71.82204240042036,60,0
ba7f9955-476e-3cb6-a3ec-9336732a79e4,4d3ec6c2-f6aa-3d7b-adcc-e7107dac8530,Javier97 Esquibel766,M,GENERAL PRACTICE,14 MASONIC CIRCLE,AUBURN,MA,015011341,42.181923125,-71.86839612499999,5,0
5c0052a5-c248-3c99-bb0e-17de2679aaba,19f958ef-57cf-33c1-b068-14b32a980813,Aura483 Bruen238,F,GENERAL PRACTICE,155 BROADWAY RD,DRACUT,MA,018262754,42.67578279999999,-71.29320171860073,43,0
2ce44612-d0ca-3220-9e4e-e928cd806d8a,47602b5b-f4aa-3c73-aa26-2268ccf7a83c,Kathie378 Fisher429,F,GENERAL PRACTICE,90 LINDALL STREET,DANVERS,MA,019232125,42.574712149999996,-70.94359556912616,5,0
6bab2143-fd9d-30c1-92bd-2639f3fffdc9,6d16a8e3-3569-38ab-afac-a2f8c1125085,Lynn917 Crona259,M,GENERAL PRACTICE,1010 WALTHAM STREET,LEXINGTON,MA,024218052,42.4139392,-71.22929265883278,7,0
adeb9c4d-eb54-3705-9eb0-990bd85fd123,91808f17-7583-32a3-aa55-23b131b327c7,Jospeh459 Wunsch504,M,GENERAL PRACTICE,200 CORDWAINER DR,NORWELL,MA,020611671,42.16352995,-70.8846291501739,54,0
d927a350-a14c-345b-b3c9-8a36e32f1a6e,76baa51d-0d0f-359d-a07b-7b999a43d42e,Dong972 Gibson10,F,GENERAL PRACTICE,101 STATION DR STE 240,WESTWOOD,MA,020902336,42.20728361922244,-71.15698168263435,55,0
c036fdf4-529e-3be7-8189-8176ac33f3b9,53f086de-2fc7-3d35-92c2-aca4ed944e7f,Carisa395 Kutch271,F,GENERAL PRACTICE,1 GENERAL ST,LAWRENCE,MA,018412961,42.7097143,-71.15007700778098,12,0
85d6813f-4580-3f78-acfd-3cb5814a068d,b636c344-0fda-3eea-96cf-1190f8d1d8fc,Jae222 Ondricka197,F,GENERAL PRACTICE,780 MAIN STREET,GREAT BARRINGTON,MA,012302148,42.17823835,-73.36310566431717,56,0
051fb9be-6670-3fb7-99e0-f5c09124d121,c709c5eb-ddd7-3778-84f7-0931a4d1c718,Carmelina668 Goyette777,F,GENERAL PRACTICE,1200 CENTRE ST,ROSLINDALE,MA,021311000,42.29768,-71.130463,131,0
11b0387c-0ed9-3c0d-934d-6548afc0f2ae,c05d73d0-b348-32ce-9fe5-13a720950f37,Abraham100 McDermott739,M,GENERAL PRACTICE,45 DRUM HILL RD,CHELMSFORD,MA,018241503,42.6255635,-71.3615131,26,0
810555fc-9974-3ddc-b412-751474e14202,ac0fde88-b0ad-3388-a4a8-b8fc2a4f4af2,Lloyd546 Wuckert783,M,GENERAL PRACTICE,150 YORK STREET,STOUGHTON,MA,020729105,42.144646800000004,-71.09875876961266,110,0
d345d783-8095-3c09-86a6-a70d3dba3c7e,e2d88cfd-5294-39cb-8580-4661141bfaa1,Jan231 Ernser583,M,GENERAL PRACTICE,195 PLEASANT ST,ATTLEBORO,MA,027032419,41.9502721,-71.27325564751882,1,0
28aca4b1-9f98-3416-8806-2d7c3a929a06,0592d4e5-a0fb-3143-83cd-8e5a6b066a96,Mica978 Lemke654,F,GENERAL PRACTICE,20 EAST ST,HANOVER,MA,023391638,42.1278249,-70.82664947485381,25,0
dce2394d-87b5-3789-9f8a-3eb264b971e4,7b5bf0fc-c5c0-3f22-980b-fdfff326a9b4,Isidro558 Kling921,M,GENERAL PRACTICE,40 CUMBERLAND AVE,NORTH ATTLEBORO,MA,027604445,41.9316677,-71.35407469790115,2,0
e33e731d-75e6-338e-a05d-955080c94a79,ba07b31b-bf14-39b8-be95-4c5ca5062daa,Hermelinda327 Hyatt152,F,GENERAL PRACTICE,1575 CAMBRIDGE ST,CAMBRIDGE,MA,021384308,42.375209549999994,-71.10711344152975,234,0
54ede757-7ee3-3810-a7b1-9d2906b8c941,064ba8c8-f6f7-3582-8f41-c963ceedfee4,Lexie163 Ankunding277,F,GENERAL PRACTICE,500 BELMONT STREET,BROCKTON,MA,023014985,42.07465845,-71.03975419622803,1,0
29174203-b96a-3c0b-bdd7-edeec066cceb,6aae7a31-90df-3455-ad8d-81f8cf2d21e8,Damaris45 Funk324,F,GENERAL PRACTICE,680 CENTRE ST,BROCKTON,MA,023023308,42.0872752,-70.9910738855076,239,0
