Id,ORGANIZATION,NAME,GENDER,SPECIALITY,ADDRESS,CITY,STATE,ZIP,LAT,LON,ENCOUNTERS,PROCEDURES
fc466923-0584-327c-81a2-d89968038739,74ab949d-17ac-3309-83a0-13b4405c66aa,Gabriel934 Reilly981,F,GENERAL PRACTICE,881 Main Street,Fitchburg,MA,01420,42.586487,-71.80521,231,0
897a6057-c5e1-3f50-adff-424627abaa72,17a4bae5-8b64-34d7-8144-b428be027bd0,Lindsay928 Ward668,M,GENERAL PRACTICE,512 MAIN STREET  SUITE 211,SHREWSBURY,MA,015456406,42.295109499999995,-71.71808471110307,3,0
f9467d1b-3c03-3672-b865-7c3e3a756f4d,4112b8b1-59df-3255-a7ca-f42ee0a4cb2e,Nereida276 Feeney44,F,GENERAL PRACTICE,37 ROUTE 6A,SANDWICH,MA,025631801,41.766329400000004,-70.5147600346998,13,0
fe4d943c-49c9-38c6-93e3-6a4a2f1c72b5,e09d4c49-c2ef-3b0f-9a46-3719d9219306,Jules135 Emard19,M,GENERAL PRACTICE,60 HOSPITAL RD,LEOMINSTER,MA,014533290,42.54031915,-71.76312990486304,349,0
a09d9b18-f50f-3ee6-a477-fbc173309168,ef5390b4-cba5-3d83-96db-af783a7adb43,Evan94 Anderson154,F,GENERAL PRACTICE,360 MERRIMACK ST,MALDEN,MA,021482329,42.4250964,-71.066163,1,0
bfc5ade0-6c3b-35e9-9fe4-28978f4c74e9,aa682136-a4df-3942-9f50-e6fcee6c0b73,Bradley693 Runolfsson901,M,GENERAL PRACTICE,501 CORDWAINER DRIVE,NORWELL,MA,020611630,42.1647071,-70.88149077838713,14,0
1883b09e-0ccc-3ad8-bd11-c5379a4f7d41,5becf220-2978-3f33-bd38-9326947f85de,Tijuana228 Leannon79,F,GENERAL PRACTICE,240 LYNNFIELD STREET,PEABODY,MA,019605055,42.5141736,-70.97106354209534,1,0
ce0efd23-20cd-3266-860e-941e19c43eb0,ae88fd02-4911-3625-9e97-85b626ed3b0b,Adolph80 Farrell962,M,GENERAL PRACTICE,476 VARNUM AVE,LOWELL,MA,018542122,42.6443795,-71.34721987550876,1,0
0ab826db-bcf7-3a86-a198-7376382b6243,a58ec72a-cf43-3de5-88c1-de2fbec976a5,Blossom971 Bartoletti50,F,GENERAL PRACTICE,255 CENTRAL AVE,CHELSEA,MA,021503508,42.38804035,-71.02650270378646,1,0
b2cd5acb-9f40-3797-8377-fe2bd8ce55c9,ab701a70-a658-340e-8f69-ee196a7d40c6,Bud153 Parisian75,M,GENERAL PRACTICE,484 RTE 134,WORCESTER,MA,016071728,42.2625621,-71.8018877,24,0
0ec61464-6397-3007-95cd-b7e00c46e3b5,41e77ca4-b0d7-3c1d-ac88-4ae5a705913d,Joaquín233 Osorio731,M,GENERAL PRACTICE,20 CLAFLIN STREET,MILFORD,MA,017573356,42.137601149999995,-71.51680334935877,2,0
f14ff72d-24e6-3005-a52f-1f8759d6cd85,11ba6a26-59b4-3728-a268-6dc9929962b4,Archie818 McCullough561,M,GENERAL PRACTICE,200 GOVERNORS AVENUE,MEDFORD,MA,021551644,42.42711615,-71.1121606632448,10,0
4178bf7e-673f-3502-bc31-0af625204112,f736c0f5-6d39-3e26-8ac1-39e1fc60dfbe,Huong243 Jakubowski832,F,GENERAL PRACTICE,11 QUARRY HILL ROAD,LEE,MA,012389645,42.2816564,-73.25307843923315,46,0
b7f5e625-18d4-316f-b310-3b7f71dbaf05,52ecddd8-42f6-35cc-88a5-cf474c02fb49,Cecil300 Fahey393,M,GENERAL PRACTICE,94 OBERY STREET,PLYMOUTH,MA,023602130,41.93725,-70.65503160208334,2,0
049caa55-bddd-38e3-80fb-24f334821e2d,75f0d4cd-dbbb-3037-b6ad-2e99665728c7,Norah104 Friesen796,F,GENERAL PRACTICE,70 FULTON ST,BOSTON,MA,021091402,42.362439499999994,-71.05377386223965,32,0
2f3d9309-98de-3709-9a9d-380d3344f805,39104cad-5228-3e07-9b3e-3ad736b33d5d,Chase54 Muller251,M,GENERAL PRACTICE,200 PROVIDENCE HWY,DEDHAM,MA,020261881,42.22214545274341,-71.18159060546684,67,0
eb212bbe-f2a6-38c9-955d-f699d66e04e2,4846e68f-845b-38e6-aa40-48196bf9ff0e,Carylon722 Corwin846,F,GENERAL PRACTICE,130 COLRAIN RD,GREENFIELD,MA,013019625,42.59140995,-72.62336230812821,1,0
69872d9d-7136-3483-b205-5fe6c5ef99c5,667b46fe-0afa-3f70-a311-bbe3d52db050,Mickey576 Borer986,F,GENERAL PRACTICE,757 BOSTON POST RD,WORCESTER,MA,016071728,42.231371,-72.165386,28,0
2e56ef69-cf28-3700-902c-a59b7055940e,0ff7cb48-0c93-31cf-9442-0b034084d588,Erlene813 Kreiger457,F,GENERAL PRACTICE,2 BEAUMONT AVE,BROCKTON,MA,023023302,42.0835203,-70.98856021035954,1,0
91b78ff4-3b92-3156-ba93-70169ee47419,8e3ca57f-6f74-3d61-9803-ab1424290216,Humberto482 Mann644,M,GENERAL PRACTICE,89 MORTON STREET,ANDOVER,MA,018102036,42.6551409,-71.12857340697036,1,0
d0c519bb-d271-32f2-b9e7-a2809169f83a,5fcff9db-16e4-3e56-aa78-abbc16338097,Marcus77 Schamberger479,M,GENERAL PRACTICE,295 VARNUM AVE,WESTFORD,MA,018863513,42.5792583,-71.4378411,1,0
7856708a-95b1-3c1e-b978-1352f778a931,40c01d75-1542-3e0b-8e5f-78d3031beba1,Daysi106 Reynolds644,F,GENERAL PRACTICE,505 PARADISE RD,SALEM,MA,019704267,42.485927,-70.900301,88,0
a1c8481e-50db-3f71-943b-cae3200e6497,c272e12f-e154-3fee-b05d-b7c0cab2657d,Shasta644 King743,F,GENERAL PRACTICE,800 WASHINGTON ST,NORWOOD,MA,020623487,42.1886973,-71.2005241,23,0
3b290174-08f0-32f6-a080-a0de22ec01a7,0ddb0329-b59d-3187-874c-602c649249c8,Carmen818 Lebrón484,F,GENERAL PRACTICE,115 W SILVER ST,WESTFIELD,MA,010853678,42.1178811,-72.75935246865802,45,0
db2aa198-db82-372a-80da-df827c993749,02c936e2-3aee-38b2-88a4-81f3689b7bb7,Aaron697 Kohler843,M,GENERAL PRACTICE,120 FISHER AVENUE,BOSTON,MA,021203320,42.3276141,-71.1051603,3,0
bba7e897-7077-322e-a8e0-8aa9bc1e1bae,609ec9f1-e806-3427-b912-9e3b2915521d,Cherrie404 Conn188,F,GENERAL PRACTICE,575 BEECH STREET,HOLYOKE,MA,010406604,42.20105435,-72.628169560868,3,0
1876a538-4a5a-3460-b72a-5993e8624940,5fa5e611-be3d-3ebb-8f71-124325f6005f,Isiah14 Nikolaus26,M,GENERAL PRACTICE,480 ROUTE 6A,EAST SANDWICH,MA,025371438,41.742172,-70.45251,53,0
be07cfc8-1365-3e54-9310-20631fe3df28,e93b27a8-6507-3595-84a5-f899ce23a72d,Gertha313 Sanford861,F,GENERAL PRACTICE,70 EAST STREET,NORTH ANDOVER,MA,018456144,42.6839894,-71.1127065,48,0
1ed83e2a-ffdb-32b5-9e69-75b679f97e71,2b84e56e-08b4-3078-b3ea-4d159208e065,Verda448 Bahringer146,F,GENERAL PRACTICE,1029 PLEASANT ST,BRIDGEWATER,MA,023242301,41.9718173,-71.00937893001648,30,0
3a6588b3-e22a-3852-8355-3cb0f99149a3,05137a62-1a8f-34ff-8baf-a0c35c238ea0,Colleen54 Olson653,F,GENERAL PRACTICE,750  ATTUCKS LANE,HYANNIS,MA,026011950,41.676027500000004,-70.29727035,3,0
86b9c39f-f311-3660-a80f-a3e2b5336094,4ffa4412-1493-3beb-b8f0-6614dde953a4,Harland508 Ryan260,M,GENERAL PRACTICE,363 HIGHLAND AVENUE,WAREHAM,MA,025715011,41.745636,-70.658192,193,0
24a5920c-4cba-360f-929c-ee0a34a41287,ede4a423-6258-3ef5-b5ba-0fa6bb579563,Pablo44 Paucek755,M,GENERAL PRACTICE,326 NICHOLS ROAD,FITCHBURG,MA,014205478,42.5974358,-71.80761197366103,7,0
72228fe4-1cc7-3175-9dcc-748ed64d7cf3,a14e698d-a9ba-3eae-9c8b-682ec726433d,Brian582 Cummerata161,M,GENERAL PRACTICE,776 WESTERN AVE,LYNN,MA,019052408,42.466763,-70.9494939,10,0
9a2c0182-f748-3205-8e3d-6422fcfaec62,dd9914b0-9491-3330-a890-d34e95e497ea,Taylor21 Haley279,M,GENERAL PRACTICE,1061 PLEASANT ST,NEW BEDFORD,MA,027406728,41.64280275,-70.92865004309593,76,0
a30d5be8-c67a-3de7-b0f6-9ec609876f6b,a7147477-c4dd-3018-b921-2707d7e098ee,Chrystal576 Kreiger457,F,GENERAL PRACTICE,164 PARKINGWAY,QUINCY,MA,021695020,42.245070088637796,-71.00313070924581,14,0
8afd75d4-06f9-3268-be54-2cda931f7ff3,b6eeaaf7-1683-3bcb-b6ee-81ce304636ef,Zachery872 Pagac496,M,GENERAL PRACTICE,170 GOVERNORS AVE,MELROSE,MA,021763225,42.4564323,-71.064182,827,0
59c262d1-04e5-394a-b2a6-929d8855d200,65eda534-1bdc-3192-8d02-1c3764447790,Shanell37 Hand679,F,GENERAL PRACTICE,1244 BOYLSTON ST,CHESTNUT HILL,MA,024672115,42.3214927,-71.1711481,43,0
e301be05-07ac-3f00-ba35-1ec6e7486cac,d613e441-68e8-3502-8adb-3f770a1276bf,Colin861 Witting912,M,GENERAL PRACTICE,114 WATER ST,MILFORD,MA,017573007,42.13661855,-71.53474614336832,82,0
2c8816b0-a6e4-3bbe-b9f2-43396ca23174,d3085315-9893-34c7-8889-3a31dc17c2b0,Ethyl508 Rau926,F,GENERAL PRACTICE,1428 MAIN ST STE 7,WALPOLE,MA,020811729,42.1325911,-71.2618886,46,0
6ea66c25-c6ef-3cc1-8a91-1297b1223308,469171e3-f6ec-3258-8e16-7038f6a439c0,Mireille557 Brakus656,F,GENERAL PRACTICE,COUNTRYSIDE DRIVE,MILFORD,MA,017571252,42.1413353,-71.5192019,12,0
6ae3446e-f4af-36d8-aa3d-557515cb7949,18061fd5-fda8-3e2d-87f0-0f3c87211bcc,Omer483 Koepp521,M,GENERAL PRACTICE,1493 CAMBRIDGE ST,SOMERVILLE,MA,021431408,42.3875968,-71.0994968,633,0
737d86b2-8a93-3b04-9796-370ae0afac55,1faab3d1-2ae5-3110-8e5f-c65b92ca906d,Theodore876 Ankunding277,M,GENERAL PRACTICE,29 LEWIS AVE,GREAT BARRINGTON,MA,012301713,42.19093125,-73.3715000043024,34,0
8ae92bee-a830-30b9-a845-f68d0fbf4348,1e11392b-1278-3e70-93cd-f396cbd0c265,Gino587 Block661,M,GENERAL PRACTICE,115 LINCOLN ST,NATICK,MA,017607700,42.2843753,-71.3441395,39,0
55ef8e2c-6e66-316e-9d70-b5c7510521ae,fe30f2b4-9bc8-346e-afba-4455d1766545,Georgetta870 Turner526,F,GENERAL PRACTICE,17 LAFAYETTE AVENUE,CHELSEA,MA,021502010,42.40019115,-71.03050082480353,3,0
2347fa01-1b54-369c-8442-ee9bedaa4d21,6cf8a214-8d57-3267-85e5-7719e15cd63e,Cindie288 Zulauf375,F,GENERAL PRACTICE,170 MORTON STREET,JAMAICA PLAIN,MA,021303735,42.299067750000006,-71.10124351911541,127,0
8ac0c597-34dc-30bd-b636-357525dd6b3d,0fedae9f-701f-3317-9b2f-69aea2202cdc,Sharron285 Batz141,F,GENERAL PRACTICE,88 EAST NEWTON STREET,WINTHROP,MA,021522715,42.3750976,-70.982827,26,0
9aa8e235-e3c3-33b1-83da-cb6fafc9f8d2,9043e647-568d-3e87-9fc0-756a416392d3,Alica364 Hartmann983,F,GENERAL PRACTICE,27 CENTENNIAL DR,PEABODY,MA,01960,42.52388415,-70.9519832,32,0
25daafba-b9df-31ab-8afb-9110c864fa92,9ab139f5-d278-31b4-b44e-feffdea65613,Dexter530 White193,M,GENERAL PRACTICE,88 ROUTE 6A 101,SANDWICH,MA,025631866,41.764922,-70.502215,7,0
7d2fd940-0328-3ac3-9b10-257fe08d2b59,6adc9d34-9b73-3285-abb7-56e567f1ba26,Keven605 Wunsch504,M,GENERAL PRACTICE,271 NAHANT RD,NAHANT,MA,019081341,42.42554385,-70.91995214383596,1,0
1c0e2a7d-5fd8-370c-9eb7-560666401714,980d9bfa-a344-3bff-8c02-232dd0e8fd34,Ramiro608 Mireles421,M,GENERAL PRACTICE,100 TRADE CENTER SUITE G-700,WOBURN,MA,018011851,42.4792618,-71.1522766,29,0
76f24640-2632-3467-ad0d-6c86cf5c2104,f480acd0-7ef1-350d-aae6-d8e7d53ace57,Gil594 Ondricka197,M,GENERAL PRACTICE,1193 SEA ST,QUINCY,MA,021693544,42.26883395,-70.95264075087945,29,0
e8b5e98f-2121-3c1f-afe0-c6a54911b158,794b1cc2-97be-30a4-83a0-4bf6add43c74,Lillia547 Gutmann970,F,GENERAL PRACTICE,215 THATCHER STREET,BROCKTON,MA,023023949,42.0740963,-70.99660306096918,7,0
46e124ac-61f6-3b70-a33b-bb521ec1c6e3,440fa4b8-c731-3cf5-81d9-aa3f30a37b95,Joanna347 Abbott774,F,GENERAL PRACTICE,41 & 45 MALL ROAD,PEABODY,MA,019602901,42.5278731,-70.9286609,63,0
3a4fcf44-42cd-368f-b121-e8c8ae7da1f6,b0016371-afcb-37a6-8f90-5e3786e7806f,Claudio955 Toy286,M,GENERAL PRACTICE,629 SALISBURY ST,WORCESTER,MA,016091120,42.2932691,-71.8390048,1,0
b002af4b-df3e-37cd-8148-7bd5812da8f5,aaa7ebaf-b1a0-38c1-ba89-a16712cf431c,Violette536 Halvorson124,F,GENERAL PRACTICE,16 PLEASANT STREET,BRIDGEWATER,MA,023242420,41.98625885,-70.97978204646246,2,0
f5d1f987-332a-341e-b228-6bf1f0c8e925,ce53c877-0290-390a-b4b4-2462001a1713,Greg949 Hilll811,M,GENERAL PRACTICE,847 ROGERS STREET  SUITE 201,LOWELL,MA,018524345,42.6275246,-71.27673639687623,3,0
8fea8a98-a7f9-37d4-bf2a-c8d30d65056c,57e4e5fa-d68d-3caa-a5ad-37beb1b51207,Latrina689 White193,F,GENERAL PRACTICE,800 WASHINGTON ST,NORWOOD,MA,020623487,42.1886973,-71.2005241,82,0
ecea33f5-82c6-342c-8734-a19a21b2ff84,2c1eda9d-6d75-3c4e-86f1-d850d4ccfcdf,Hisako109 Moore224,F,GENERAL PRACTICE,238 W MAIN ST,NORTHBOROUGH,MA,015321804,42.31181264999999,-71.65685612428547,1,0
d1daed7b-b8c4-3ead-aa7b-413a670eefdd,ad82d624-72eb-3c7d-a76d-79f2668d1390,Georgianne697 Howe413,F,GENERAL PRACTICE,3 WOODLAND RD,STONEHAM,MA,021801711,42.452443099999996,-71.08939988105112,187,0
a629a650-9c01-3fd9-923b-1569e4731586,3498e7d3-90fd-366b-bc6a-6f41dad6bae6,Olympia319 Bradtke547,F,GENERAL PRACTICE,112 WEST MAIN STREET,NORTHBOROUGH,MA,015321824,42.318559050000005,-71.65097281611972,6,0
c2dc4523-2e47-3a7c-a8d1-47aa00433f14,37111f41-8bc5-35d3-9cd9-5b447a11ffd1,Ilene33 Greenholt190,F,GENERAL PRACTICE,TEN INGALLS COURT,METHUEN,MA,018443712,42.7262016,-71.1908924,35,0
5c31157d-d284-3bdf-b9de-47d677b98d6b,68ea50ba-275f-3f6c-ad1f-0aefae7144eb,Alan320 West559,M,GENERAL PRACTICE,25 ARMORY ST,WEST NEWTON,MA,024652110,42.3504314,-71.21988040449209,1,0
afe3c9d8-64f7-3fa3-96aa-d3c0f0600eb0,fbd4ccdf-2fdb-3652-9bbe-1ccff886bd34,Jermaine675 Collins926,M,GENERAL PRACTICE,320 CENTRAL STREET  UNIT A2,SAUGUS,MA,019062372,42.4632069,-71.0093761,55,0
49ace8b1-e93a-3b6f-a78d-001fb20cc882,901c2d40-1ca3-3879-9a20-c663b8adc0a9,Emory494 Schuster709,M,GENERAL PRACTICE,800 WASHINGTON STREET,STONEHAM,MA,021802445,42.4863168,-71.0928919,25,0
ecd9f51e-0a29-3058-996e-5aa63bce4764,b9e35b8a-9831-32d8-a6dc-d7a546c126b0,Venus149 Blick895,F,GENERAL PRACTICE,111 HUNTOON MEMORIAL HIGHWAY  1ST FLOOR,SPRINGFIELD,MA,011092550,42.1018764,-72.5886727,198,0
4c7d6ee7-dde8-3d4a-9fce-ccefe10632ce,38508743-50d1-3429-8fe2-37e42ddaf20e,Marth98 Mayer370,F,GENERAL PRACTICE,164 HIGH ST,GREENFIELD,MA,013012778,42.595268700000005,-72.59288632376354,152,0
659a2089-b869-3861-a432-d2aaa52db2db,27bf2e46-7445-35e7-9106-3ce1b074db47,Kathryn101 Donnelly343,F,GENERAL PRACTICE,80 BOSTON RD,NORTH BILLERICA,MA,018621034,42.5871093,-71.2948553,1,0
5ee3ead1-2826-3f74-891b-01b50d34542a,328f813e-4de8-3ec2-a113-43f3ddfb0b2a,Eldridge510 Roob72,M,GENERAL PRACTICE,30-40 WESTPARK STREET,BROCKTON,MA,023015241,42.0834335,-71.0183787,79,0
e4064252-0694-37b4-81dc-b58bf98560c0,810c33cd-83fe-36e9-8fe6-ef78eb2c6fb9,Brenton674 Hackett68,M,GENERAL PRACTICE,3 VISION DR,NATICK,MA,017602059,42.3026972,-71.35370110550767,1,0
d12203a9-2e46-3518-a6b8-f94c24020699,15d4c950-4691-3996-b4c4-bf06bfb58ff7,Alvin56 Crona259,M,GENERAL PRACTICE,70 EAST ST,METHUEN,MA,018445883,42.7285558,-71.16833738237946,57,0
a2745324-4888-3ede-b00f-e519d842d1d8,5ba77f2c-8ce5-3dde-bb46-3ffcceb3bfbf,Cedric746 Quitzon246,M,GENERAL PRACTICE,188 FLORENCE ST,CHESTNUT HILL,MA,024672641,42.31835025,-71.17401686317635,1,0
586e8125-ebf0-39fd-9b5c-2f7ee922fe30,d4e48a16-0a60-3e90-81e5-c35b22ffe6af,Bertram873 Kutch271,M,GENERAL PRACTICE,856 STATE RD,NORTH ADAMS,MA,012473027,42.69967208677275,-73.16330754755236,1,0
ace33f4f-f678-3dd4-a30f-03be9405278b,bccd7d67-203c-3d93-b6b0-bff5a146cd1d,Courtney281 Kihn564,M,GENERAL PRACTICE,286 WASHINGTON ST,STOUGHTON,MA,020721763,42.1384306,-71.1022598,6,0
79a85b1f-99bf-3cea-91a0-94c80d1dbb19,432821fe-58ed-33eb-823c-b4447a52c7e9,Criselda629 O'Keefe54,F,GENERAL PRACTICE,1071 VARNUM AVE,LOWELL,MA,018541131,42.64497212195122,-71.36843231707317,1,0
4f5aba79-4bff-3da4-8685-92e607621ce6,a2a41caf-758f-3962-8e5f-e6e603f93d17,Noelle559 Padberg411,F,GENERAL PRACTICE,111 HUNTOON MEMORIAL HWY,ROCHDALE,MA,015421305,42.2020225,-71.89891616754682,1335,0
60b83ae4-161e-3452-ae39-da8931fbdbb8,3d09dd1a-257d-3eee-977d-1b076002cf2d,Keenan632 Reichert620,M,GENERAL PRACTICE,620 LAUREL ST,LEE,MA,012389181,42.325270573922175,-73.26123519130739,1,0
ba481616-a73a-3c65-b7e6-d15f01f85005,db28cc9a-fdfb-35a6-aef7-ab9b933ef244,Judy192 Gleason633,F,GENERAL PRACTICE,8 DANA STREET,CAMBRIDGE,MA,021385402,42.3694992,-71.11011030010101,55,0
5e07ff3f-5bd9-3dca-abb5-4014bad0217b,a6fb79e7-4abb-3a68-b62d-e501427fdca4,Ricky354 Renner328,M,GENERAL PRACTICE,489 WASHINGTON ST STE 202,AUBURN,MA,015015709,42.187836,-71.83104,39,0
74b6e694-0874-3d56-8daf-3c753b0729f3,9d0e702d-50a0-3f4c-9126-0951d560fd4b,Otha286 Roberts511,M,GENERAL PRACTICE,189 MAY ST,WORCESTER,MA,016024339,42.25986305,-71.83597786023279,104,0
1eef19bf-06a3-388e-be0d-e42b2c62676f,f0e3e152-0b08-3819-b962-b043f63f6dc1,Kirby843 Rippin620,M,GENERAL PRACTICE,1010 VARNUM AVENUE,LOWELL,MA,018541915,42.6422606,-71.36626685573418,2,0
90c81fc3-8705-3c1f-8793-ac3be895aa13,81b1ef2b-8d3c-3923-859d-ae56099e037a,Lesley194 Bradtke547,M,GENERAL PRACTICE,19 VARNUM STREET,LOWELL,MA,018502132,42.6520846,-71.29979019978185,1,0
2571f1eb-14e2-35f7-8517-bbfa5f1a87b9,ea8d287f-b3a9-3800-8798-788e334ee406,Shirly501 Kuphal363,F,GENERAL PRACTICE,81 HIGHLAND AVE,SWAMPSCOTT,MA,019072928,42.4699241,-70.9171507,729,0
b4f858a2-cab6-3b1f-9f25-e7c98daff737,c7542447-e06e-32cb-b6db-243c23a0dbc2,Carson894 Krajcik437,M,GENERAL PRACTICE,30 WARREN ST,BOSTON,MA,021353602,42.3501483,-71.14393324457691,153,0
de5d7dc8-9153-3576-bf49-b16d0f16d8cb,50c47685-8125-3c50-8311-8bd7ba9e9108,Kirby843 McKenzie376,M,GENERAL PRACTICE,4199 WASHINGTON ST,ROSLINDALE,MA,021311733,42.2871447,-71.1277526,21,0
640798f6-85b3-3fc6-88eb-95ff9a9972a8,aba3e6f6-4562-342e-b90f-dd61b117f394,Maryjane289 White193,F,GENERAL PRACTICE,438 CHESTNUT STREET,SPRINGFIELD,MA,011072008,42.11291091861002,-72.59692685125127,1,0
b96bc7ef-9a8b-3ed2-a9f1-fd2823f0938b,47fb5a56-bee5-3ecd-9958-706b20831c82,Ezra452 Torp761,M,GENERAL PRACTICE,600 CUMMINGS CENTER  SUITE 270X,WOBURN,MA,018016356,42.4792618,-71.1522766,4,0
ccd4bfd3-d209-38d1-8441-0cddc1ac7538,be509ccb-bfb7-3b87-8945-8426b689ef9d,Man114 Balistreri607,M,GENERAL PRACTICE,2049 DORCHESTER AVENUE,BOSTON,MA,021244742,42.3554334,-71.060511,1,0
b464f0b4-ecd6-3514-8846-91eac9e0d29e,5573074b-edf7-31cd-a5f4-6e118c6f602d,Emmanuel930 Kshlerin58,M,GENERAL PRACTICE,825 WASHINGTON ST,NORWOOD,MA,020623449,42.18864775,-71.20380467780485,71,0
35075f1a-d55b-356a-924a-c540d396ebfb,6873525f-1680-3ceb-b536-270d44b46e2e,Raymond398 Nicolas769,M,GENERAL PRACTICE,500 COLUMBIA RD,DORCHESTER,MA,021252322,42.3147979,-71.067633,110,0
40294faa-9023-325b-8910-32efb2eaa19e,8d5880eb-1dd8-31ea-b7c5-21709f3bb341,Nicholle822 Satterfield305,F,GENERAL PRACTICE,50 ROWE ST,MELROSE,MA,021763201,42.4592093,-71.06078096379728,103,0
87e1eb2e-e7bf-307c-aa57-ec131a6a4d8c,70e3ad4f-b9ff-3f3e-9990-2cd7e23a9d1c,Zane918 Bosco882,M,GENERAL PRACTICE,1238 RIVERDALE ST,WEST SPRINGFIELD,MA,010894675,42.1373438,-72.62624707492338,48,0
1cf47ad0-89f9-3fa2-b6b1-f59b5232398d,75846b1f-d0ec-3255-9bdd-d09eb0a9dd0d,Vanita165 Bartell116,F,GENERAL PRACTICE,575 BEECH ST,HOLYOKE,MA,010402296,42.20105435,-72.628169560868,38,0
8bb0e1f9-90d7-33f0-99f6-689589ce9515,7e8bd0f2-2746-355e-92ef-9473818c58a2,José Luis472 Hidalgo930,M,GENERAL PRACTICE,90 SUTTON STREET  SUITE 3-4,NORTH ANDOVER,MA,018451655,42.705281049999996,-71.13643624887442,21,0
834b48f3-853d-3097-9884-4357e67caf2f,dd280187-8662-3732-af81-595d10572911,Clifton91 Lakin515,M,GENERAL PRACTICE,4499 ACUSHNET AVE,NEW BEDFORD,MA,027454707,41.74026055,-70.9450945705336,510,0
8a4c8808-8a9d-33c8-85ae-d7d6a2f59bba,a6964d47-8af0-3df2-b99d-d8414eb1cfa3,Reggie481 Schiller186,M,GENERAL PRACTICE,200 MAY ST,SOUTH ATTLEBORO,MA,027035520,41.924394750000005,-71.36076410900014,10,0
54d5b8e6-d31e-393e-8287-b7eefdce8748,dae3ee01-f383-366e-9ad6-dc92963064ea,Kristin64 Will178,F,GENERAL PRACTICE,1233 MAIN ST,HOLYOKE,MA,010405381,42.16578055,-72.63389634691956,261,0
0dc694f9-ee0c-3419-9d19-6ab6b265541a,dac75bc1-cbfa-306b-9a0a-88d5edf3638d,Ramiro608 Gallegos952,M,GENERAL PRACTICE,170 COREY ROAD,BRIGHTON,MA,021358244,42.3433093,-71.14003855124017,16,0
1177cc04-2f8c-3b5c-b967-2c8d647f0d8a,63b4f233-fb49-3b1e-a17c-2d572367b131,Jerry654 Baumbach677,M,GENERAL PRACTICE,2222 CENTRE STREET,WEST ROXBURY,MA,021324034,42.27370345,-71.15856364656862,26,0
a66a76d7-6349-3b5f-9caa-14e4dc4c22df,9d989fcf-4ad9-3972-ada3-f275d967781e,Dominic463 Miller503,M,GENERAL PRACTICE,100 TER HEUN DR,SANDWICH,MA,025632377,41.7579043,-70.4968152,197,0
7329e337-42a5-3eae-9fff-0055442329b3,7a5f7ae1-8437-3f5e-b788-5c2ad57f0a0b,Millicent213 Mertz280,F,GENERAL PRACTICE,29 ORCHARD ST,SOUTHBRIDGE,MA,015504003,42.076356200000006,-72.04167805,215,0
d3992209-fe89-330d-9190-7832afaf0cfb,b69bccdc-5ad3-3ded-a018-3cd8f369c9d2,Wendell199 Ziemann98,M,GENERAL PRACTICE,120 S MAIN STREET,CENTERVILLE,MA,026323246,41.649898300000004,-70.34309844876677,1,0
6529ac9c-0054-39ee-8d74-9126b03de4f0,af3871c3-2098-3051-bcb7-8a919e194a16,Sherwood961 O'Conner199,M,GENERAL PRACTICE,97 LIBBEY PKWY,WEYMOUTH,MA,021893110,42.19322885,-70.94589987654936,32,0
bdd9a035-c153-3890-bbd4-3add1e99984b,542185c1-943a-30f4-aba0-0efaa92488a4,Wilbur107 Rau926,M,GENERAL PRACTICE,142 LAKE ST,ARLINGTON,MA,024764738,42.40328885,-71.15140830652837,84,0
96b06d48-cc1c-3ed5-9ab1-8ee176cd5e47,a2cc09de-c1e2-3126-8c09-d49f95225281,Cristi782 Leannon79,F,GENERAL PRACTICE,300 LONGWOOD AVE,WALTHAM,MA,024532741,42.3756401,-71.2358004,117,0
2ae6a225-b9d4-34c3-a20a-dcf90292f96b,9f2f60a6-87a4-3f45-b753-b63b5b7e9993,María Cristina383 Gamboa193,F,GENERAL PRACTICE,332 HANOVER STREET,BOSTON,MA,021131901,42.3647421,-71.0536619,35,0
e2bfd03b-cfe4-3518-9e8d-80a1bbc64ff2,ab16be57-62ea-39a5-8f7a-ee1285cf6934,Rogelio17 Gibson10,M,GENERAL PRACTICE,115 MILL ST,PETERSHAM,MA,013669503,42.4865962,-72.1893057,67,0
fe598f58-ab14-3b21-90ef-9249ae4c8fb2,f312977e-8f41-3816-84cc-e5b12ba36955,Harlan808 Langosh790,M,GENERAL PRACTICE,1153 CENTRE ST,JAMAICA PLAIN,MA,021303446,42.3017598,-71.12855793387442,35,0
12bd9afd-e37e-3013-8cab-553acfea1466,4ffc4e4b-9d8d-3c30-ad84-fc9a7209da94,Troy560 Carter549,M,GENERAL PRACTICE,4525 ACUSHNET AVENUE,NEW BEDFORD,MA,027454727,41.74080975,-70.94731021257817,66,0
2366f23d-21d5-38af-ba0b-5bfffc361652,bebc1dac-6c42-3225-b0ba-23278cdf2a62,Antonia30 Hackett68,M,GENERAL PRACTICE,464 MAIN STREET,AGAWAM,MA,010011826,42.07695165,-72.62026217030348,16,0
09341fe7-7ec1-3095-8ae5-788570f1810b,82248deb-13cc-31b2-8764-0233e159a93a,Lan153 Kemmer137,F,GENERAL PRACTICE,19 DEPOT STREET,ADAMS,MA,012201856,42.623644600000006,-73.11852130252683,11,0
4c372407-ebd7-3d97-9511-0730556c3061,e69e7cbb-8362-30d1-83f2-3a0c492fe2b1,Isaac321 Kub800,M,GENERAL PRACTICE,110 LONG POND RD,PLYMOUTH,MA,023602642,41.9255829,-70.65514326847389,28,0
4dd67a57-18c0-3bf9-871c-00291aa9bd32,afc661fd-71d9-3fc3-adf2-3fc3b5e8a140,Leontine92 Schmeler639,F,GENERAL PRACTICE,680 CENTRE ST,RAYNHAM,MA,02767,41.9487118,-71.0731008,24,0
8c5b7c22-541a-314d-98b0-864301c80ee9,06cc2462-430f-3322-9c87-7e971125f510,Bryon392 Mann644,M,GENERAL PRACTICE,133 OLD ROAD TO 9 ACRE COR,WESTFORD,MA,018863198,42.5792583,-71.4378411,345,0
8df0534f-d7f4-3763-8238-306e501bf31a,759de184-595f-3131-ba20-6a412553496d,Laurie826 Pacocha935,F,GENERAL PRACTICE,49 THOMAS PATTEN DR,RANDOLPH,MA,023683901,42.1594587,-71.06112167252701,1,0
842f88ed-168d-385e-a59b-4b8bd314bfd0,db106514-f254-3402-b6a4-6d210c78c7e2,Kimbra238 Runolfsdottir785,F,GENERAL PRACTICE,211 FRANKLIN STREET,QUINCY,MA,021697833,42.23691085,-71.00237199954586,8,0
6e6f792d-b95d-3c74-953c-08e3b039279b,ee7fab6f-6438-394f-b1f2-3e452f8f055a,Domonique463 Satterfield305,F,GENERAL PRACTICE,75 BRIMBAL AVENUE,BEVERLY,MA,019156009,42.570099299999995,-70.87108224250409,62,0
9ff2b43d-63c5-376a-841d-e6fed45175ee,79508e39-d0b0-3613-9d54-168f6e1c3a18,Lynwood354 Tromp100,M,GENERAL PRACTICE,200 GROTON ROAD,GROTON,MA,014502056,42.577352149999996,-71.57414587343038,77,0
0f2bdee1-1f91-31ec-b012-791745468d8f,907b1d2f-2bf8-31b5-abc2-14d6b75faa96,Ellis535 Ernser583,M,GENERAL PRACTICE,340 MAPLE ST,MARLBOROUGH,MA,017523200,42.3358161,-71.54106510218209,20,0
d98ed340-1619-3713-aebf-97c20477fea1,880fad59-9c38-3a21-a39f-ccc801502ab3,Halina47 Pollich983,F,GENERAL PRACTICE,799 CONCORD AVENUE,CAMBRIDGE,MA,021381048,42.390849395521705,-71.1556550001627,22,0
a91652ac-d39e-33b1-b311-f834bd4f476f,352f2e3b-0708-3eb4-9f7e-e73a685bf379,Gregg522 Willms744,M,GENERAL PRACTICE,157 UNION ST,SOUTHBOROUGH,MA,017721215,42.3056501,-71.5245087,21,0
3a202062-3969-3502-b75f-d66f5bea2f11,ef95a6b4-cf95-32c2-b6e5-0488faaa3ac4,Jacques50 Walter473,M,GENERAL PRACTICE,259 LOWELL ST,SOMERVILLE,MA,021442666,42.3922293,-71.1061564,49,0
d6f5d558-6af7-3951-b343-e2fecd5c3ece,2164ee72-e9d8-312a-8bf4-a4abc55771b7,Alva958 Ritchie586,M,GENERAL PRACTICE,84 CHAPIN ST,SOUTHBRIDGE,MA,015502408,42.073771750000006,-72.03709326666669,4,0
251b6575-68e4-3875-8d0d-d10f06f32982,a2d45ee8-b930-3169-b612-f602961ad212,Valentine262 Leannon79,M,GENERAL PRACTICE,37 MINUTEMAN WAY,SHREWSBURY,MA,015452229,42.288207,-71.73443816915585,84,0
c5526b65-1673-345d-919f-3c5bbf653a29,4fa643ae-1f58-3c2e-9f33-0ba56345ad10,Sharyl439 Williamson769,F,GENERAL PRACTICE,361 MAIN ST,WAREHAM,MA,025712153,41.761384899999996,-70.71911431737183,112,0
72f710a8-c543-3e5a-9691-9173846a3df0,fa34d205-5ac2-3ba2-80a4-bef345dc57f5,Shawnna218 Daniel959,F,GENERAL PRACTICE,37 BROADWAY,ARLINGTON,MA,024745552,42.408086,-71.135914,1,0
d0692e03-a29e-3d17-b21a-4e5ab992c7db,fb4a08b8-57ee-382b-b3cb-43d94f1bb4c0,Jude172 Hammes673,M,GENERAL PRACTICE,1010 SOUTH MAIN STREET,FALL RIVER,MA,027242855,41.690775450000004,-71.16515282264554,29,0
4e78f60f-5d18-3c45-9290-081d6748defb,d0894f6b-78d7-338d-82ad-b63de4d40014,Dewayne363 Lemke654,M,GENERAL PRACTICE,330 MOUNT AUBURN STREET,WALTHAM,MA,02452,42.3756401,-71.2358004,1,0
2466a8eb-31d9-3845-86ce-81d19b9560ac,3d5fbf38-c781-3e04-8c7e-5a402611b7d4,Vito638 Barton704,M,GENERAL PRACTICE,260 ELM ST,SOMERVILLE,MA,021442951,42.3955992,-71.1227391,196,0
c1595b08-77c8-3574-b372-e513a6f5359c,f43f97f2-af04-3ed0-a42e-3681718cc9b2,Jacques50 Quigley282,M,GENERAL PRACTICE,725 NORTH ST,PITTSFIELD,MA,012014109,42.4600752,-73.2492795834909,1,0
78f0c2ea-8dab-392a-9b2d-4a3ce1e5a72d,fd5342f0-10c0-3f48-9c7e-7100a64db139,September423 Abshire638,F,GENERAL PRACTICE,30 PRINCETON BOULEVARD,LOWELL,MA,018512405,42.6353691,-71.3322833,81,0
280582fd-b570-3912-8f3b-d4ec730f142a,e119dcbb-0c33-3ec1-bf97-5f477799e5cb,Lamont867 Kerluke267,M,GENERAL PRACTICE,312 MILLBURY AVENUE,MILLBURY,MA,015273622,42.22515325,-71.75735371350069,2,0
ac7d60b3-2dfa-3761-be11-4f6870203367,7ac466c6-7968-33fd-882c-6d5418f88c8a,Valeri645 Hayes766,F,GENERAL PRACTICE,2 MEETING HOUSE RD,CHELMSFORD,MA,018242700,42.60140085,-71.35097894451894,113,0
1b5a890c-28e4-3d75-bdf9-266734e874ae,2f67494e-f17e-3248-ba68-3ca42913cca1,Brock407 Bergstrom287,M,GENERAL PRACTICE,184 MAIN STREET,FAIRHAVEN,MA,027193259,41.646106,-70.90865208079187,5,0
b79dfbfc-3331-3a4c-a5f4-02ff53638f06,88975fd9-b47e-3af6-af78-c58e1ecf0d5e,Azzie965 Feil794,F,GENERAL PRACTICE,115 W SILVER ST,WESTFIELD,MA,010853628,42.1178811,-72.75935246865802,245,0
6769e0eb-2fca-38ac-871b-f5a40638ccab,19439108-9835-38fe-8ee2-1226a355cfba,Georgeann302 Kunze215,F,GENERAL PRACTICE,694 WORCESTER RD,WELLESLEY,MA,024822837,42.2964859,-71.2925571,4,0
199907cc-f175-3f39-ac50-660e06bc9810,b5789b71-fc8e-3b7e-9eb2-3fc577943117,Ralph813 Miller503,M,GENERAL PRACTICE,81 RESERVOIR DRIVE,ATHOL,MA,013314901,42.581152349999996,-72.18775715069674,46,0
163a0cda-7de8-3767-9bd0-3f2c24c8415e,94ac48ba-e215-3ab9-ba88-a0b926d29cef,Nerissa37 Hahn503,F,GENERAL PRACTICE,300 WINTHROP STREET,MEDFORD,MA,021552311,42.421527,-71.11834,23,0
50b5c253-3bfc-3816-b6c0-190e436dd6cf,069b90f9-309b-35e4-b990-d1dbacb962cc,Thomas756 Strosin214,M,GENERAL PRACTICE,36 LOWER WESTFIELD ROAD,HOLYOKE,MA,010402749,42.16975305,-72.63488031242107,81,0
c51c8385-0088-3bee-a51b-ddc1f106587d,b3f4de6b-901d-3856-ba81-35dc48a63d17,Jeana169 Cronin387,F,GENERAL PRACTICE,451 ANDOVER ST STE 205,NORTH ANDOVER,MA,018455079,42.6734518,-71.1268776,13,0
44e9e945-a8f5-3281-bc0f-d6f5231fa115,e5ce3b83-f5e6-308d-aa64-82539fc2d906,Garret233 Dach178,M,GENERAL PRACTICE,1842 BEACON ST,BROOKLINE,MA,024451922,42.33728028715071,-71.14536064081996,1,0
9470240f-73cf-3115-b9f1-5bf0a1c121ae,f438b8e0-d856-328a-b193-2b014fc4cb97,Karri995 Reinger292,F,GENERAL PRACTICE,981 VARNUM AVENUE,LOWELL,MA,018541913,42.64591185,-71.36487149058269,10,0
1f247e03-9401-36b3-bad2-bc31c3925e5a,a2047ff6-62f2-34d7-beb9-7e164d989c75,Emma804 Larkin917,F,GENERAL PRACTICE,1200 CENTRE STREET,ROSLINDALE,MA,021311011,42.29768,-71.130463,5,0
eefa8e03-390d-33dd-b7dc-e49b804027cb,936ceb96-2b12-371f-aa68-ee02a9c06f4c,Eddie505 Keeling57,F,GENERAL PRACTICE,225 BOSTON ST,LYNN,MA,019043124,42.470497449999996,-70.96003668151566,52,0
cf3af1c9-b262-3409-bbfe-532f8f0e6f14,48a6d3ab-50ef-349e-8945-2558a78f378e,Junior695 Kuhlman484,M,GENERAL PRACTICE,795 MIDDLE ST,SWANSEA,MA,027774114,41.730919,-71.208117,40,0
7038ccd7-13d5-3cfa-ae99-92a9d650b925,0a8a4b11-d0b8-3cd2-92cd-983de5189cfa,Del587 Nicolas769,M,GENERAL PRACTICE,111 BIRCH STREET,LYNN,MA,019021574,42.47859105,-70.93458444045801,14,0
68bcf4a8-d134-31f6-bec3-03ba6defe0c2,cabc0f0d-dcca-34a2-bc6b-519ed1cc7f74,Ronald408 Huels583,M,GENERAL PRACTICE,191 MERRIMACK ST STE 712,HAVERHILL,MA,018306199,42.7742236,-71.08181133783422,16,0
b64894c5-6aaf-3640-aaa9-f9ddb7884825,7b7ce654-a413-37d1-9d34-97240c0ac580,Liberty95 Kihn564,F,GENERAL PRACTICE,1 WRENTHAM ST,BELLINGHAM,MA,020192532,42.025037350000005,-71.48945118224057,2,0
08c07310-75be-381b-8cfc-b7a1a9b5077c,929528f5-8239-36c7-aacb-39424ede9cc5,Enola75 Schinner682,F,GENERAL PRACTICE,40 SUNSET AVENUE,LENOX,MA,012402018,42.35951405,-73.28778674276077,5,0
cc2ad6ba-4be4-37b8-91b5-4c10038dabb3,7b20d1c4-c56b-3647-801c-5e4e13679073,Riley817 Prohaska837,M,GENERAL PRACTICE,275 SANDWICH ST,PLYMOUTH,MA,023602183,41.94186605,-70.6455366462985,31,0
ca366188-f832-3338-870a-ed841fec81a5,df852cb2-9fe0-3c90-87ac-46e5f980ee3b,Columbus656 Koch169,M,GENERAL PRACTICE,3 PATTERSON ROAD  SUITE 3,SHIRLEY,MA,014642907,42.552462649999995,-71.62383665745185,7,0
b66b761c-ad49-3c70-8250-2652eaa9a220,281525ef-5743-34a8-9339-66c8b4be6668,Dane516 Crona259,M,GENERAL PRACTICE,555 PLANTATION STREET,WORCESTER,MA,016052376,42.2907683,-71.7649752,7,0
5970f2f7-1167-333c-954a-59195ab7467e,2399f9b0-28d7-3355-ae52-474326a3b021,Viki353 Boehm581,F,GENERAL PRACTICE,23 N ASHLAND ST,WORCESTER,MA,016093041,42.26901755,-71.80739730766234,59,0
df190177-9803-3540-96e1-a56bde694cbd,3e97ce4f-3ad7-3cea-883f-e2bb4ca89d83,Dan465 Swift555,F,GENERAL PRACTICE,30 NEW CROSSING RD,READING,MA,018673270,42.51809619399502,-71.0959083715027,216,0
ea41ae5b-7708-3e4a-b50b-0dfd0b5597c3,c0132cf6-1703-3aad-89b4-cc2f2bbc123e,Lovie151 Schoen8,F,GENERAL PRACTICE,66 NEWTON STREET,WALTHAM,MA,024536058,42.3746705,-71.22789736306842,2,0
f84a132e-68d9-3f6d-b231-55aa482d11eb,d5920b72-ac1a-3ec4-81ca-e3b75cb7aadd,Donovan745 Daugherty69,M,GENERAL PRACTICE,251 Causeway St.,Boston,MA,02114,42.3665,-71.05931,1311,0
33da73f8-3baf-3cf9-b15c-8ee449b8583f,c4e5b33c-17b8-3f51-a8ba-a327d54e642a,Kaila152 Dibbert990,F,GENERAL PRACTICE,94 N ELM ST,WESTFIELD,MA,010852917,42.1322823,-72.7436679,102,0
d9a028c7-4932-3522-b088-49bca6d52a5d,0f2c58ec-5323-3c0f-9bdf-af0df7eb2a2b,Owen89 Boehm581,M,GENERAL PRACTICE,130 DORCHESTER STREET,SOUTH BOSTON,MA,021272642,42.3334312,-71.0494949,9,0
a4e341ef-2a0d-3590-9925-6d6cbdbe7a08,cc400ddc-c38d-3604-8d89-cea21555719f,Fritz267 Kirlin939,M,GENERAL PRACTICE,87 CHESTNUT ST,NATICK,MA,017603644,42.293559188306446,-71.35158050924959,45,0
e9f3b774-c8b5-3418-8ee7-fabbeea7721f,10dcd91e-6eda-385b-bafb-d5e1ae92dc34,Susanne275 Abernathy524,F,GENERAL PRACTICE,677 W MAIN ST,HYANNIS,MA,026013493,41.652312699999996,-70.32027525205335,28,0
ab3a34e8-2af9-335e-8dd0-d5d03964fee2,cdc87240-38e9-36f8-959b-706642e01e11,Chun678 Armstrong51,F,GENERAL PRACTICE,243 CHARLES ST,STONEHAM,MA,021803559,42.4814675,-71.0924311,46,0
4659fb2f-082b-389f-8bb6-aeb1bade905e,c6b019eb-28ec-36f6-abf3-bcc4d1d58966,Maren639 Aufderhar910,F,GENERAL PRACTICE,33 AVON ST,WAKEFIELD,MA,018802310,42.50403445,-71.07462951514611,24,0
793e64bb-aaa9-3970-9d83-6a8cb16391ce,b3312a2d-37e9-35a8-b50d-6c165c437baa,Eliseo499 Reinger292,M,GENERAL PRACTICE,45 DIMOCK ST,ROXBURY,MA,021191029,42.32030665,-71.09721114916246,52,0
dd26d03c-94d3-39da-b3a3-294282cc8c72,2836d9ac-c6a6-39d1-8f13-fdf0fc8928f4,Carlton317 Koch169,M,GENERAL PRACTICE,365 EAST ST,TEWKSBURY,MA,018761950,42.6069472,-71.2180803,971,0
a80bf3f7-22c9-3560-8e78-a02802df7f9c,a2f8d8fe-665e-390f-8b9b-efdc0b14a77c,Armand155 Towne435,M,GENERAL PRACTICE,161 JACKSON ST,LOWELL,MA,018522103,42.6425382,-71.3093946,2,0
8fb5af43-0a2e-3963-a199-c69f9b979add,7dddc0c2-9f1d-3e4e-b2f2-fc7e6abbed31,Genevie117 Gibson10,F,GENERAL PRACTICE,160 MERRIMACK STREET  SUITE 1,METHUEN,MA,018446117,42.7334079,-71.13599310716302,2,0
b92ae05b-d0d8-3e88-9698-33f4906533a6,82c72223-f521-3a34-9b9b-4ff366365399,Margaret865 Reinger292,F,GENERAL PRACTICE,2100 DORCHESTER AVENUE,QUINCY,MA,021691870,42.2509914,-71.0037374,206,0
5af432d5-b37e-32bd-9b34-c78f6c7882e7,423ee6a6-6928-3a01-a49d-9687361747a4,Kelley882 Yost751,M,GENERAL PRACTICE,7 LORING HILLS AVE,SALEM,MA,019704267,42.48646565,-70.90338797731044,1,0
af0ecab1-6478-32e9-b70b-10fa56cdccf3,04b252db-4231-3cb5-963d-6f096fb4b97c,Horace32 Grady603,M,GENERAL PRACTICE,1177 PROVIDENCE HIGHWAY,NORWOOD,MA,020625019,42.194543,-71.1994976,146,0
33a14767-bbdf-389f-b53e-86b578557368,83579123-f29c-39b8-9f5f-8f79e91683c7,Reggie481 Kassulke119,M,GENERAL PRACTICE,100 CENTURY DR,WORCESTER,MA,016061244,42.3138278,-71.7707002,51,0
74fd5cf9-45bc-3ab8-9a2a-1fe18640799d,e2eab39c-5195-34aa-b35f-e89e37cfed01,Miguel815 Roberts511,M,GENERAL PRACTICE,55 FOGG ROAD,WEYMOUTH,MA,021893141,42.175539799999996,-70.9539153674405,1016,0
ac7154af-6aec-3232-990d-96c6a5085867,a977feef-f585-3fa8-8deb-7e60fc2cab30,Kimbra238 Schulist381,F,GENERAL PRACTICE,2314 MAIN STREET,TEWKSBURY,MA,018763128,42.58023655,-71.19367180835906,11,0
234e7fac-3a5b-35d8-a402-87afdc991aa4,1de7e7d9-9a7a-3a3f-bf4c-b4de450711f2,Isabel214 Quintana711,F,GENERAL PRACTICE,198 LITTLETON RD,WESTFORD,MA,018863429,42.564282,-71.42620615382347,4,0
71f4d0b1-1f1c-3afe-8e67-d19b4d826079,497f39dd-280e-3d58-af5b-c5e3a3a09b10,Randy380 Bergstrom287,F,GENERAL PRACTICE,27 PARK ST,HYANNIS,MA,026015230,41.65363635,-70.27352219234834,93,0
f1b4ad33-5100-371a-aa97-16a5d079a47a,eaaf102d-0188-3a69-a751-030645e2a7b0,Cathey606 Kiehn525,F,GENERAL PRACTICE,605 MAIN STREET,WAREHAM,MA,025711031,41.76766153042966,-70.73096212925822,16,0
b4183b4e-4278-319d-a083-5b91edfb5ab4,0d7fd824-1c7b-3f8b-a662-f6c2005e82e1,Arminda86 Trantow673,F,GENERAL PRACTICE,88 MASONIC HOME ROAD,CHARLTON,MA,015071394,42.1389039,-71.9782681,42,0
cdecc427-193d-3a49-829e-da9133eb0122,6618f4ef-656a-347f-b61e-ed4d6c21763a,Reagan466 Greenholt190,F,GENERAL PRACTICE,231 SUTTON ST STE 1A,NORTH ANDOVER,MA,018451620,42.70554405,-71.12856345,41,0
7e5f51e7-4e41-3780-8605-b8290c4884c7,7445ae34-b648-3d3a-b8cf-0eb630061b6e,Brenton674 Pagac496,M,GENERAL PRACTICE,34 CEDAR ST STE 4,WEST ROXBURY,MA,021324338,42.2792649,-71.1494972,3,0
00906bec-74a1-3440-99ae-02a48942886e,a2df2aea-9c53-31f4-baea-02ea5ea1e553,Almeta56 Lehner980,F,GENERAL PRACTICE,95 LAUREL STREET,GREENFIELD,MA,013013106,42.58163075,-72.61795013515538,13,0
84d57a57-9330-3b9e-bb15-9a43514f828d,18a96051-91f4-3cba-af96-056ea14dfee0,Silva841 Grimes165,F,GENERAL PRACTICE,25 HIGHLAND AVENUE,NEWBURYPORT,MA,019503872,42.81369325,-70.89091645747592,16,0
12f97dd4-efad-311a-9670-28705ac24256,41e2a44c-477c-3511-96f9-12c476aa3b6a,Latoyia537 Lindgren255,F,GENERAL PRACTICE,85 E NEWTON ST,BOSTON,MA,021183553,42.336277100000004,-71.07085295687423,141,0
9cf8f671-6388-3dd6-bbf0-262d0ee12098,6df069d9-5273-32df-bee8-b6a5a20c2ece,Dee580 Fahey393,M,GENERAL PRACTICE,474 West Main Street,Hyannis,MA,02601,41.650307,-70.313515,87,0
a908e5fa-4739-3409-9ce5-0b3e87f71cb8,9d41e4fc-9507-3ddb-82ad-966046fca031,Ashlyn643 Lehner980,F,GENERAL PRACTICE,104 RANDOLPH ROAD,WORCESTER,MA,016062465,42.29955605000001,-71.79838133819244,88,0
99cd40ce-10c5-3072-b7f9-c2c708c13e8c,71a1e089-024e-3255-a536-9204586fa4fc,Allyson474 Doyle959,F,GENERAL PRACTICE,1 GORHAM IS,WEST YARMOUTH,MA,026733200,41.6501114,-70.2411312,1,0
ba66c8a4-f11d-313b-892f-e0d29bf6371e,5b0cd0a0-f277-3a66-bee6-d64b5be4a3f5,Waldo53 Hintz995,M,GENERAL PRACTICE,725 NORTH ST,PITTSFIELD,MA,012015493,42.4600752,-73.2492795834909,2,0
5aa15095-96ba-3e7d-a152-18f3da8d77fc,c1986c0c-f756-3596-8f90-08adacf220fe,Dong972 Auer97,M,GENERAL PRACTICE,73 CHESTNUT STREET,SAUGUS,MA,019061605,42.4573919,-70.9918055,3,0
8943b707-c709-3b67-aa86-625e859d4b1d,ad2dab07-4f85-3950-baaa-7c7cd2aa770c,Elvira561 Ureña88,F,GENERAL PRACTICE,55 LAKE AVENUE NORTH,WORCESTER,MA,016550002,42.2774799,-71.76166994969458,57,0
7965e6d5-ad44-39dc-9ffc-b4743cafb155,67d2f85b-ddc7-3ed0-b90b-6fa5b7b8358a,Cristian531 Peña909,M,GENERAL PRACTICE,43 FOUNDRY AVE,WALTHAM,MA,024538313,42.37050535,-71.21908334877376,61,0
8b73b526-f6ce-3942-a9bd-666afb1e12c0,e4dbbb2f-5a51-341d-b5a5-dd91b968b217,Errol226 Gaylord332,M,GENERAL PRACTICE,329 WASHINGTON ST,NORWELL,MA,020611737,42.16319935,-70.86354427737673,4,0
e6d5fefe-f837-3be3-8080-3d401e2e8add,d3335d07-2a2c-35d7-9b87-c022393b6793,Xavier983 Lubowitz58,M,GENERAL PRACTICE,137 NICHOLS STREET,NORWOOD,MA,020622009,42.1930792,-71.20868232395514,12,0
96321344-8b34-3ab9-93c9-e849d8d381b2,0d1570ab-371c-3898-9397-95905d8c5166,Jose871 Dicki44,M,GENERAL PRACTICE,750 WASHINGTON ST,BOSTON,MA,021111552,42.3499038,-71.0631836,44,0
d2c9114f-ed41-3b03-ac6e-a9b1d1c85b3e,1853aeef-5897-326a-80d6-aa4b0459eb6d,Jewel43 Kassulke119,M,GENERAL PRACTICE,381 WICKENDEN ST,ATTLEBORO,MA,027032247,41.9438129,-71.2806515,6,0
060e857c-6229-39e7-905a-70f76e14763d,4b7e26e6-e5b1-38c9-b4ac-fde9a0f93177,Edmundo94 Eichmann909,M,GENERAL PRACTICE,38 BROAD STREET,QUINCY,MA,021694604,42.2560352,-70.99469254391217,4,0
ce957546-492a-3069-a122-e90b05fdf6e5,f3030ee3-dfa5-3595-b684-9769e52a580a,Carter549 Torp761,M,GENERAL PRACTICE,88 MASONIC HOME ROAD  DAVENPORT BLDG  2ND FL,WEST SPRINGFIELD,MA,010891357,42.105237,-72.6213712,1,0
64ff8707-ad57-3d83-9171-ff01ff610754,94dda4e1-7476-367a-b1f8-37ea7f61a1b7,Dylan44 Robel940,M,GENERAL PRACTICE,145 WARD HILL AVENUE,WESTBOROUGH,MA,015811017,42.2694308,-71.6129907,52,0
28786cf0-1a0b-325e-a06e-129f71685486,c56fe86b-652f-3359-ad8e-4b8502d94cb9,Harold594 Erdman779,M,GENERAL PRACTICE,5060 WASHINGTON ST,WEST ROXBURY,MA,021324738,42.2649902,-71.15254191018812,2,0
0d8770c0-493e-3656-ad30-6e26ed56f1bb,2ca615f3-87f7-3283-a447-d919a883b676,Elizbeth263 Dickinson688,F,GENERAL PRACTICE,1399 WASHINGTON ST,HANOVER,MA,023391653,42.1441354,-70.8440854,12,0
3c7b0ce7-2387-31d1-812e-0a2b1ae5cc59,c0a33465-d309-3d2a-932e-9d554a7cc19c,Vicente970 Gamboa193,M,GENERAL PRACTICE,100 CENTURY DR,WORCESTER,MA,016061244,42.3138278,-71.7707002,103,0
7b8c3612-f8c7-3fab-bbfe-9c82a461e801,51d38e67-9350-39b8-bbb3-91cc879ae415,Millie392 Hoppe518,F,GENERAL PRACTICE,335 NICHOLS ROAD,FITCHBURG,MA,014201932,42.598254850000004,-71.80841914533654,20,0
c58299bd-69d3-3028-9fd7-60c4ad75dc4b,80646050-1c76-3046-bbc8-fd5f0b7c34e6,Raleigh478 Hauck852,M,GENERAL PRACTICE,140 ARNHOW FARM ROAD,FITCHBURG,MA,014201369,42.5903661,-71.8119837,70,0
ba0f1e16-ecfb-3c4a-9e01-405ddd2d087e,0a689d33-2b0d-3942-8de8-e28812e91c69,Clora637 Pagac496,F,GENERAL PRACTICE,47 SEAVERNS AVE # 5,BROOKLINE,MA,024463806,42.3317642,-71.1211635,44,0
76741cb6-bd9c-3523-8c17-74645ce5b005,cac6f8b3-eafd-31b3-9fa3-8015752ccc2c,Jessie665 Pagac496,M,GENERAL PRACTICE,123 SUMMER ST,WORCESTER,MA,016081216,42.26496835,-71.79655403681465,271,0
eb7b730e-4cbe-346f-b6b5-76bd063087d1,6e517750-a29e-3170-a02b-5733ff523458,Margarita164 Abbott774,F,GENERAL PRACTICE,101 BARRY RD,WORCESTER,MA,016091275,42.3030701,-71.8333408960994,8,0
39c4ff27-4289-3826-8df5-a0a1c878c748,0be0e035-8dad-387e-bbdd-a5a469c4311f,Tyler508 Howe413,M,GENERAL PRACTICE,480 MAPLE ST,DANVERS,MA,019234065,42.584178050000006,-70.97197467750539,53,0
d7f2852a-93c6-3680-8b36-c29651199179,8ec2ca51-abb4-35dd-b90f-6c6aad6d2124,Elisha578 Conn188,M,GENERAL PRACTICE,22 JOHNSON STREET,PEABODY,MA,019602311,42.54644385,-70.99288129112277,9,0
a6ae0f95-5d29-37f2-830c-37c722d8aad3,8af3b144-0e1a-3c90-937d-81a4ed026080,Latasha666 Fay398,F,GENERAL PRACTICE,800 WASHINGTON STREET,NORWOOD,MA,020623489,42.1886973,-71.2005241,81,0
dc1ded83-ba55-3096-84d7-7357deb07382,86f41096-d81f-3e26-b770-b26adc017d3e,Ka422 Prohaska837,F,GENERAL PRACTICE,288 WASHINGTON STREET,QUINCY,MA,021695523,42.24983615,-70.9902487341626,1,0
03ad2d02-8b44-3b6a-9221-fbb931859fea,b014aec7-7bd8-351f-8808-3e280cbc5be6,Sergio619 Volkman526,M,GENERAL PRACTICE,70 EAST ST,HAVERHILL,MA,018306700,42.7777829,-71.0767724,11,0
81e8ab12-c6a6-3563-acba-03b09fb2995f,125eccb3-d003-34ea-9bd8-360dff059782,Rolande819 Gerlach374,F,GENERAL PRACTICE,125 PARKER HILL AVENUE,DEDHAM,MA,020266146,42.2489143,-71.1755732,518,0
c3e19211-62ae-39d6-a91e-ad03c4acc0bd,51e96f40-2058-378a-b3bd-d83c50d5cbcb,Winter723 Jones311,F,GENERAL PRACTICE,200 NICKERSON RD STE 110,PLYMOUTH,MA,023602480,41.75001,-70.632075,28,0
68d87216-a54b-36b5-a641-84497f1caf9b,aad05540-c9cb-3805-b3c4-f9b9d9b42b2e,Víctor493 Maya972,M,GENERAL PRACTICE,821 E MAIN ST STE 3,CHICOPEE,MA,010206306,42.155774795300516,-72.55672263289513,28,0
8c54e01e-a76e-3f3f-89e8-01c858deca18,eea92149-820f-301f-911e-b170e8312842,Tracey100 Hamill307,M,GENERAL PRACTICE,123 SUMMER STREET,WORCESTER,MA,016102177,42.26496835,-71.79655403681465,1,0
ed014e8c-cae7-3972-89fc-290054f8e76a,19a3afba-b409-3650-a0ab-f3faf6e391ef,Haywood675 Strosin214,M,GENERAL PRACTICE,199 REEDSDALE RD,WALTHAM,MA,024511433,42.3756401,-71.2358004,8,0
f49f2c83-4522-31dd-9c77-365f854c820c,0e9d0119-1157-35a0-8bb5-7e0aa3041928,Gino587 Trantow673,M,GENERAL PRACTICE,1049 MAIN STREET,SPRINGFIELD,MA,011032114,42.09977055,-72.58470990760483,72,0
40a41682-27f4-3bac-a3df-ac121b50d685,76b7dbb5-0a02-32a4-9a01-3511f7e45016,Jerrold404 Satterfield305,M,GENERAL PRACTICE,59 COUNTRY WAY,SCITUATE,MA,020663746,42.1806871,-70.74862935148246,12,0
9c47c1ed-7f0b-3341-9af7-4059e675ba6d,25c85bcc-7e25-36bc-89e8-08e0d473db23,Sharron285 Okuneva707,F,GENERAL PRACTICE,138 S MAIN ST STE 14,MILFORD,MA,017573272,42.1270746,-71.51639128815474,47,0
163609c8-b3f3-3f82-956e-c1782c2a0592,d9b71ccf-6649-3555-9e99-44eac0af257f,Darlene91 Collier206,F,GENERAL PRACTICE,655 DEDHAM ST,WRENTHAM,MA,020931135,42.084901,-71.30689224201797,2,0
40908f23-f856-32a3-ba5b-53127e5d64be,2fb77691-5353-358a-bc94-90af77dd654b,Donnell534 D'Amore443,M,GENERAL PRACTICE,200 GROTON RD,AYER,MA,014321168,42.577352149999996,-71.57414587343038,4,0
dd20451f-08ee-3326-a178-6784a2beffa1,d6c165ec-d9ca-35a5-9bc8-2061cbfb83a2,Stuart913 Lynch190,M,GENERAL PRACTICE,10 ADAMS ST,NORTH CHELMSFORD,MA,018631780,42.6389249,-71.3840196,27,0
74d288bd-bc9f-3ce1-b9e2-1519c66ef91a,cbebae9e-f95e-3d2c-9712-289ea8d6aeec,George991 Haley279,M,GENERAL PRACTICE,49 ROBINWOOD AVENUE,QUINCY,MA,021698130,42.2509914,-71.0037374,105,0
e4dd7eb8-b696-3c7b-880e-57e64582ee44,1cec4304-9757-3a10-ad4f-7e2090c56131,Theo630 Rohan584,M,GENERAL PRACTICE,55 LAKE AVE N,WORCESTER,MA,016550002,42.2774799,-71.76166994969458,11,0
2a0acfa0-e4a5-3f01-9e55-d9b963495467,5862e05c-9533-3f7a-8f73-215d50f5ee2f,Emilio417 Barton704,M,GENERAL PRACTICE,1200 CENTRE ST,ROSLINDALE,MA,021311000,42.29768,-71.130463,73,0
f3738f8a-85e0-3a1b-a237-a57b90f6e0f7,ec7e487e-7e78-3eac-a9ee-37f8de98a0f9,Esperanza675 Zepeda235,F,GENERAL PRACTICE,277 WASHINGTON STREET,ABINGTON,MA,023512489,42.10060947239023,-70.94967338146704,6,0
7e636440-081b-332c-915c-1eab4f34d056,471f7ca2-38f8-3080-8109-187c73ec0b1f,Reginia455 Johnson679,F,GENERAL PRACTICE,27 CONGRESS ST,SALEM,MA,019707308,42.518722068313224,-70.88940635956651,47,0
5e1b2df8-034b-3363-ad31-c159a4e29240,a5577e5c-b886-37a0-8eee-8ff6feb7ea6b,Lucas404 Arteaga169,M,GENERAL PRACTICE,330 MOUNT AUBURN ST,CAMBRIDGE,MA,021385502,42.3741033,-71.13417575971958,333,0
45a6ce16-f498-37ed-87e6-65a62994934f,20df65a4-7567-3066-b680-0f71b0c31d38,Kristina583 Bashirian201,F,GENERAL PRACTICE,242 GREEN ST,GARDNER,MA,014401336,42.58685735,-71.98748072431209,47,0
ba106a1c-03a1-31b5-b3a4-9321b39bca21,5581e43d-0463-3a0b-afc7-a60aea5ac96c,Brock407 VonRueden376,M,GENERAL PRACTICE,57 RIVER RD,ANDOVER,MA,018101144,42.69112645,-71.19636086287642,32,0
ba551d17-1650-3bd9-bb98-d10cbb458856,8269bd00-d9ff-3bda-a585-9587bc1d330b,Alisia5 Jacobson885,F,GENERAL PRACTICE,223 SWANTON ST,WINCHESTER,MA,018901968,42.4616579,-71.13927131946744,1,0
b36acbc0-2e4e-3b4e-b6b0-5310b0198d8a,9485907a-9f9c-3c19-a424-b402ee8f99c2,Tynisha348 Bogisich202,F,GENERAL PRACTICE,101 PLANTATION STREET,WORCESTER,MA,016043025,42.258026400000006,-71.78384882397785,4,0
ac45c81a-be7f-3272-b40c-656d8ca6e557,b7866c75-5e56-36b0-b9c5-c63051677b69,Elias404 Skiles927,M,GENERAL PRACTICE,45 RESNIK RD,SANDWICH,MA,02563,41.7579043,-70.4968152,53,0
c734e806-6f4f-3b29-afc2-2cc844b8179d,9656a864-3b93-356f-9fa6-d7988e249977,France571 Feil794,F,GENERAL PRACTICE,950 N MAIN ST STE 203,RANDOLPH,MA,023683064,42.1871612,-71.0568102,33,0
c05d536f-c8aa-39a1-b78f-f9e70883cd19,845fbd9b-2d1c-39a8-8261-28ae40e4fab2,Sam879 Rippin620,F,GENERAL PRACTICE,14 PROSPECT STREET,UPTON,MA,015681431,42.1700209025178,-71.59409308099494,275,0
98574f16-3db7-398d-a1be-5941369c7442,946ec45f-5c4a-361f-b158-927144864133,Glynda607 Harvey63,F,GENERAL PRACTICE,19 MIDSTATE DRIVE  SUITE 130,AUBURN,MA,015011856,42.1894693,-71.85604765,2,0
6a0254d1-70c5-3827-9f92-09892127ed76,bac9dc0c-cb0f-3fa6-aa12-819dd0fb922a,Floy720 Greenfelder433,F,GENERAL PRACTICE,1493 CAMBRIDGE ST,SOMERVILLE,MA,021452935,42.3875968,-71.0994968,89,0
da2417f0-2cab-371a-aa5e-306a2e06fbb9,84d5768f-3a21-3da9-aad2-bbf7a3ae2700,Elba502 Schneider199,F,GENERAL PRACTICE,817 MERRIMACK ST,LOWELL,MA,018543548,42.650296999999995,-71.32263756223612,113,0
3c361bad-1b0f-3eb5-ab86-273af6458e70,9ce6072b-d039-3cde-8eaf-950211b8ae88,Saul605 Ratke343,M,GENERAL PRACTICE,147 S MAIN ST,MIDDLETON,MA,019492446,42.585787222720036,-71.00861442427218,51,0
e02f0e3e-952a-3f4a-a3f1-1a9dde39c99c,af8566eb-8918-3ec7-ba44-92b6a2cf8097,Trevor374 Walker122,M,GENERAL PRACTICE,81 HIGHLAND AVE,SALEM,MA,019702714,42.5112107,-70.90516241826194,38,0
bef5dbbd-d728-39e0-919a-0513bf152918,d4a03501-69f6-3a89-ac27-ed25976fdb6f,Clarence5 Hyatt152,M,GENERAL PRACTICE,25 WOODLAND ROAD,STONEHAM,MA,021801705,42.450448800000004,-71.09076944938434,27,0
f83401c6-88e7-3b05-ac49-b4e168d49255,ecd3b321-0a8a-3ce6-81f0-982dd77fce43,Hunter736 Lesch175,M,GENERAL PRACTICE,25 HIGHLAND AVE,NEWBURYPORT,MA,019503867,42.81369325,-70.89091645747592,87,0
e1bc4ad2-9f8d-31cf-801c-49363b107ad5,4f5e8f16-a31b-3071-8556-d7188ede313d,Kala987 Wolf938,F,GENERAL PRACTICE,575 BEECH ST,HOLYOKE,MA,010402223,42.20105435,-72.628169560868,30,0
5abd8cee-3774-318f-8b6b-127d42b609ca,9a20d707-68e4-32c0-b2b2-2f5d5c2012cd,Gerard367 Pouros728,M,GENERAL PRACTICE,131 CAMBRIDGE ST STE 1,BURLINGTON,MA,018033711,42.50284395,-71.19574553661971,44,0
e386698f-2c88-3821-a0e4-e57b1e72a30a,f90ef475-defe-363d-a926-573b38f804a2,Kristopher775 Schiller186,M,GENERAL PRACTICE,54 HOPEDALE ST,HOPKINTON,MA,017481672,42.2288875,-71.5196439,20,0
4dda16ed-499d-3e73-98b8-3d185adcc0f6,071a898d-3535-39fd-bf61-d33301aacd04,Jefferey580 Luettgen772,M,GENERAL PRACTICE,104 CHARLES ELDRIDGE RD,LAKEVILLE,MA,023471370,41.8459353,-70.9494854,35,0
eda10544-fe01-3b85-bbf8-92e4e520dea1,41f66e18-8eb7-32f2-9371-7df5bf2b8d21,Lonnie913 Mraz590,M,GENERAL PRACTICE,170 UNIVERSITY DRIVE,GREENFIELD,MA,013011238,42.6097476,-72.5979752,2,0
ae92ca57-cbb2-3c71-b9cc-2eb9dd6fb63b,a25107f7-f4f5-36fc-98e4-f3e1b5875c91,Yesenia104 Wilderman619,F,GENERAL PRACTICE,1285 BEACON ST,WOBURN,MA,018012157,42.4979478,-71.1684508,32,0
74196780-ec75-3009-85e7-ee505aaeb8cb,0e6c3ad1-24c1-34cb-bb6d-e8438fa319e2,Eufemia350 Casper496,F,GENERAL PRACTICE,50 DODGE ST,SWAMPSCOTT,MA,019071300,42.4699241,-70.9171507,34,0
33222051-80ab-374d-aad5-01d7ac2a7f69,b4ca31a9-9d34-3ea1-93c4-443941622304,Ellie521 Nicolas769,F,GENERAL PRACTICE,102 MAIN ST,GREENFIELD,MA,013013224,42.5879173,-72.6055828841603,73,0
0addc75c-cc4c-35ea-ae74-3f188cc35a6f,3662bcd2-07cc-364c-bd86-161bb738aacf,Arielle168 Dare640,F,GENERAL PRACTICE,1340 CENTRE ST STE 208,NEWTON,MA,024611900,42.3281027,-71.19582114345262,1,0
3d9eb783-4620-3c62-81be-e65528098d32,bdd9ad72-443a-3563-a626-4c45f6d058b2,Angele108 Bogan287,F,GENERAL PRACTICE,147 PELHAM STREET,WORCESTER,MA,016072105,42.265209,-71.814005,6,0
7712f890-bbbe-3767-94a7-026398ab4b82,e87cda4c-1ad8-3a9e-b55f-7bfe987610ce,Josh874 Bechtelar572,M,GENERAL PRACTICE,326 NICHOLS RD,FITCHBURG,MA,014201914,42.5974358,-71.80761197366103,81,0
ce0e8eba-14d9-3573-af51-2685673a6d2a,62ccfb55-1f60-3450-a607-706bedc9ef4e,Maximo817 Greenholt190,M,GENERAL PRACTICE,120 MURRAY STREET,MEDFORD,MA,021551300,42.42974035,-71.08853906104483,2,0
b4baa696-5ad3-3bb9-8990-552715f869ba,f68ebf98-ba5b-35af-b2bd-da56cc5b13be,Jen355 Hintz995,F,GENERAL PRACTICE,270 LITTLETON RD STE 22,WESTFORD,MA,018863524,42.5569148,-71.4366336131239,1,0
6f03c56d-9eac-305e-b7ef-e9dc35520322,9adfae03-673d-365d-9052-f705098fa3e4,Sharilyn202 Wolff180,F,GENERAL PRACTICE,51 BLOSSOM ST,BOSTON,MA,021142699,42.36305545,-71.06643399281765,179,0
fa1ca0e4-a67e-3bf1-a1bc-ade8c01371ea,48a07866-e8d7-3268-aa3c-ca3237c8e6f3,Moshe758 Stamm704,M,GENERAL PRACTICE,188 PROVIDENCE ST,HYDE PARK,MA,021361861,42.2682551,-71.12174592925336,109,0
ef47b228-fe76-3d74-89f0-c1e3a22eac31,89171335-b9c0-3326-98d6-a837d432b9fd,Lorette239 Hauck852,F,GENERAL PRACTICE,150 FLANDERS ROAD,LYNN,MA,019042915,42.466763,-70.9494939,37,0
0a9302bb-f13c-3d00-ad08-03e35432bc3c,01bde980-bf89-3138-8912-7360dff33247,Bradly656 Lang846,M,GENERAL PRACTICE,456 PARK AVE,WORCESTER,MA,016101254,42.25512735,-71.82580924803523,9,0
4b7d5fd1-320e-30cc-98cb-c5c1494f9e5d,217cb6f6-e822-3831-9d9d-ffa104971042,Cira533 Jakubowski832,F,GENERAL PRACTICE,2 REHABILITATION WAY,WOBURN,MA,018016003,42.46352265,-71.161925472006,44,0
a3e65f98-2d6a-3d1b-934c-900b69db74b9,e2a8b444-9b8f-36ff-84c4-05ee98589482,Francisco472 Gusikowski974,F,GENERAL PRACTICE,8 SHIPWAY PL # C-8,CHARLESTOWN,MA,021294301,42.3778749,-71.0619957,40,0
4df6457d-9953-34c0-9fe8-71c3bbad24b6,71f4c23f-7559-31ff-8f42-a672e80b85a2,Ramiro608 Magaña874,M,GENERAL PRACTICE,300 FIRST AVENUE,WESTBOROUGH,MA,015812831,42.2694308,-71.6129907,12,0
556ce8a0-5e4c-3ede-b18e-afe80fbe6062,3517aff1-b163-3cd5-8fff-19710fcdc1b7,Ladawn167 Cremin516,F,GENERAL PRACTICE,400 HEMENWAY STREET,MARLBOROUGH,MA,017526762,42.36006255767826,-71.5077613040944,1,0
921685fd-ba32-3761-88d0-1f67c9132649,a1e6fb9c-542a-3e6f-a830-2a9e87769075,Odis959 Metz686,M,GENERAL PRACTICE,500 COLUMBIA ROAD,DORCHESTER,MA,021252424,42.3147979,-71.067633,23,0
d7da5560-81a6-3982-97ee-d26c56778589,18d2c9c2-4b92-3664-9b8e-419aff3ce942,Aleshia311 Block661,F,GENERAL PRACTICE,175 GROVE STREET,BRAINTREE,MA,021847253,42.19127375,-70.99279579751581,6,0
ab5be6ee-2842-3f02-a0b5-145f5cb0274a,121b0ad1-1beb-3caa-9271-3d3f726bb727,Cortez851 Price929,M,GENERAL PRACTICE,1030 MAIN STREET,WALTHAM,MA,024517447,42.375828,-71.2527956,17,0
6ae15ca6-ed38-3ba4-b195-621cc584f4d4,f6ba791e-fe68-3596-bef4-60751db6a60e,Cleo27 Crooks415,M,GENERAL PRACTICE,37 BIRCH STREET,MILFORD,MA,017575501,42.1424349,-71.48943173357203,5,0
d41735d2-3dec-3c24-8ae8-b9bdfdb8440c,2fc3d86d-4194-3ad1-bb8a-99d5d34119a1,Trent525 Krajcik437,M,GENERAL PRACTICE,300 CONGRESS ST STE 203,QUINCY,MA,021690907,42.2345525,-71.01493330273374,95,0
29e60d87-a4b0-32d8-92c1-2f7f310e26bf,e1892a2c-6dca-3c4c-93b7-0e00a9eb8b61,Derek111 Erdman779,M,GENERAL PRACTICE,20 EAST ST,HANOVER,MA,023391638,42.1278249,-70.82664947485381,175,0
695d1b46-2c7d-3469-9173-73fbc55695a5,67cade01-dcfe-37b7-8e2c-b712d9e6fbba,Terrence276 Wintheiser220,M,GENERAL PRACTICE,694 MAIN ST,HOLDEN,MA,015201862,42.3406819,-71.8390289,39,0
80e49ce2-ee39-3461-8e31-736bca46cba4,11a40a26-a5a3-331d-aef0-d06dd90e2b4e,Len277 Wintheiser220,M,GENERAL PRACTICE,10 OSTERVILLE WEST BARNSTABLE RD,YARMOUTH PORT,MA,026752000,41.7020544,-70.249465,54,0
0592d03f-f314-302c-bfc1-eabfd300ec84,b954c464-11ea-312b-a3f8-1350775bfa54,Hortensia953 Walker122,F,GENERAL PRACTICE,123 CAPTAIN'S ROW,CHELSEA,MA,021504019,42.3917638,-71.0328284,15,0
bb5336ed-6c1b-39ed-9907-f9ec5cf792e5,19f958ef-57cf-33c1-b068-14b32a980813,María Eugenia578 Saldaña5,F,GENERAL PRACTICE,155 BROADWAY RD,DRACUT,MA,018262754,42.67578279999999,-71.29320171860073,52,0
dde30c34-fa32-3bbb-997d-a9ac4d9c1303,f0214766-e2d0-3793-b2b6-4e1ea5df2a87,Otto672 Klein929,M,GENERAL PRACTICE,298 JARVIS AVE,HOLYOKE,MA,010401288,42.2087949,-72.6430892731527,1,0
f633c4e3-0de1-3746-ad35-c7b8c6d3f8dd,1676f96e-65fc-350d-918b-453697bf07ff,Horace32 D'Amore443,M,GENERAL PRACTICE,120 LONGWATER DRIVE,NORWELL,MA,020611653,42.15682485,-70.8792143504961,2,0
9c791518-e5a5-3119-8bae-dfa79bf75eb1,486bf543-9696-3d51-aa70-28a3044ce490,Enrique929 Griego535,M,GENERAL PRACTICE,777 NORTH STREET,PITTSFIELD,MA,012014147,42.46054825,-73.24880457390918,9,0
7c87d8ee-2a38-3eb9-9b8e-d7f51f545f6d,53f086de-2fc7-3d35-92c2-aca4ed944e7f,Carisa395 Kutch271,F,GENERAL PRACTICE,1 GENERAL ST,LAWRENCE,MA,018412961,42.7097143,-71.15007700778098,260,0
0bb0ea70-7c33-32bf-a344-7d60f739aafa,20f63278-6709-3195-b767-782d2a10bd5c,Stacee229 Krajcik437,F,GENERAL PRACTICE,640 CONCORD AVENUE,CAMBRIDGE,MA,021381116,42.389222000000004,-71.14799280677965,4,0
c009d9aa-f0f8-3e16-bb6e-edfbd4b30634,c709c5eb-ddd7-3778-84f7-0931a4d1c718,Jim478 Goyette777,M,GENERAL PRACTICE,1200 CENTRE ST,ROSLINDALE,MA,021311000,42.29768,-71.130463,938,0
8d90e29a-915e-3db7-a1df-f8d19bb9cc3f,c05d73d0-b348-32ce-9fe5-13a720950f37,Rema399 McDermott739,F,GENERAL PRACTICE,45 DRUM HILL RD,CHELMSFORD,MA,018241503,42.6255635,-71.3615131,54,0
4401872b-8d8c-3618-b888-6ddba2912529,0e061004-bcc0-3e99-a237-d700823e817b,Kizzie166 Lehner980,F,GENERAL PRACTICE,570 BALDWINVILLE RD,BALDWINVILLE,MA,014361351,42.5953045,-72.07447782689232,56,0
5f8b807c-a1a5-33fe-839c-c1eac1df859b,de3cc142-803a-3ed4-8945-75ec88a84784,Kory651 Trantow673,M,GENERAL PRACTICE,51 HOSPITAL ROAD,BALDWINVILLE,MA,014361215,42.6108483,-72.0608364,7,0
416bcdab-8f54-3897-b781-0731b200da24,0592d4e5-a0fb-3143-83cd-8e5a6b066a96,Mica978 Lemke654,F,GENERAL PRACTICE,20 EAST ST,HANOVER,MA,023391638,42.1278249,-70.82664947485381,25,0
d862a4c0-4c4d-3955-b59e-ae7781c22110,c67ca7ed-4769-3b6c-a0a9-993f1227ff10,Francisco472 Casárez469,M,GENERAL PRACTICE,1 BLACKBURN DR,GLOUCESTER,MA,019302237,42.6269312,-70.65555242413386,40,0
a47ba562-8fe4-317c-92f7-3542746b352a,6aae7a31-90df-3455-ad8d-81f8cf2d21e8,Houston994 Funk324,M,GENERAL PRACTICE,680 CENTRE ST,BROCKTON,MA,023023308,42.0872752,-70.9910738855076,155,0
49bce04c-f73f-3866-8e6d-8d92a897dd75,14036728-b721-3e4b-8755-8ee8ab6ed15e,Melodie819 Schmeler639,F,GENERAL PRACTICE,625 MOUNT AUBURN ST,CAMBRIDGE,MA,021384518,42.375351,-71.1468628,41,0
