Id,ORGANIZATION,NAME,GENDER,SPECIALITY,ADDRESS,CITY,STATE,ZIP,LAT,LON,ENCOUNTERS,PROCEDURES
db479d3f-e4bd-34bd-9c54-803671fcb74a,74ab949d-17ac-3309-83a0-13b4405c66aa,Ted955 Reilly981,M,GENERAL PRACTICE,881 Main Street,Fitchburg,MA,01420,42.586487,-71.80521,88,0
ef5a99e7-0009-36f4-9bd1-5189a7f570ae,17a4bae5-8b64-34d7-8144-b428be027bd0,Olympia319 Ward668,F,GENERAL PRACTICE,512 MAIN STREET  SUITE 211,SHREWSBURY,MA,015456406,42.295109499999995,-71.71808471110307,22,0
c5febd40-eea1-3d17-a954-5b23cf227261,e09d4c49-c2ef-3b0f-9a46-3719d9219306,Ronald408 Emard19,F,GENERAL PRACTICE,60 HOSPITAL RD,LEOMINSTER,MA,014533290,42.54031915,-71.76312990486304,87,0
bf24dc00-355a-36f8-95b0-cb1d24c7f3de,ef5390b4-cba5-3d83-96db-af783a7adb43,Milan77 Anderson154,M,GENERAL PRACTICE,360 MERRIMACK ST,MALDEN,MA,021482329,42.4250964,-71.066163,1,0
3a2b5f91-9949-34d0-8623-1cd2495203c3,d2284f74-b6da-3a15-9791-84cdf2db18fb,Fernande593 Mosciski958,F,GENERAL PRACTICE,331 E FALMOUTH HWY,E FALMOUTH,MA,025366039,41.57853245,-70.5617374807812,51,0
68b8489c-b32c-368e-b5a4-9bada2eaf404,2936ca90-6594-357d-be14-53fe0ab84dd1,Daniel959 Ankunding277,M,GENERAL PRACTICE,11 TREMONT ST,KINGSTON,MA,023641231,42.00823215,-70.72984043580247,112,0
8fee0a06-6d89-3a12-975c-7345ab93928c,ab701a70-a658-340e-8f69-ee196a7d40c6,Jolie499 Parisian75,F,GENERAL PRACTICE,484 RTE 134,WORCESTER,MA,016071728,42.2625621,-71.8018877,43,0
cf857c4a-ec12-3d1a-8b77-5062c8bf7eed,41e77ca4-b0d7-3c1d-ac88-4ae5a705913d,Wanita14 Pfeffer420,F,GENERAL PRACTICE,20 CLAFLIN STREET,MILFORD,MA,017573356,42.137601149999995,-71.51680334935877,2,0
630f1aa0-7352-3ba3-af2c-837cf4bc703d,71472d9b-aa5c-3b49-a5c3-d0eee8859015,Cuc113 Kutch271,F,GENERAL PRACTICE,118 WATERHOUSE RD STE C,BOURNE,MA,025328305,41.7281115,-70.5861571324252,121,0
69db4ffe-39ca-3e01-9bd7-ed5ee4e0e1f5,4bf8af75-4da2-331d-b94e-9975a887face,Teresa94 Otero621,F,GENERAL PRACTICE,57 PROSPECT ST,NANTUCKET,MA,025542799,41.27514065,-70.10108985970798,64,0
2be8574f-3ffb-3937-94b9-1c3ac11f063c,667b46fe-0afa-3f70-a311-bbe3d52db050,Mickey576 Borer986,F,GENERAL PRACTICE,757 BOSTON POST RD,WORCESTER,MA,016071728,42.231371,-72.165386,806,0
1a60c887-eb12-3db9-a763-df1c37e908c8,775df862-d2d1-3a68-9814-043f6aa6ea66,Kimberlee228 Barrows492,F,GENERAL PRACTICE,770 CONVERSE ST,LONGMEADOW,MA,011061719,42.0639853,-72.5521444,1,0
4d7710bb-0613-391f-adf6-26e20242cc3c,8e3ca57f-6f74-3d61-9803-ab1424290216,Humberto482 Mann644,M,GENERAL PRACTICE,89 MORTON STREET,ANDOVER,MA,018102036,42.6551409,-71.12857340697036,17,0
9ac6a50b-d33c-3a78-8103-13ae5cc491c5,4cb90b5f-734d-322f-a2f2-776824e1ce35,Lesha323 Emard19,F,GENERAL PRACTICE,770 CONVERSE STREET,LONGMEADOW,MA,011061719,42.0639853,-72.5521444,46,0
47c0ac7a-cbff-34e4-bb09-4494244d655c,2e1eaaf1-ebb0-332c-8921-f48e15b91879,Tambra47 Nolan344,F,GENERAL PRACTICE,2 SEAPORT DRIVE,QUINCY,MA,021711599,42.29287335,-71.03019020136307,11,0
d4e340df-4a4d-30fa-ba5b-e88c2ec26111,c272e12f-e154-3fee-b05d-b7c0cab2657d,Trinidad33 King743,M,GENERAL PRACTICE,800 WASHINGTON ST,NORWOOD,MA,020623487,42.1886973,-71.2005241,12,0
6d24dfbd-bd74-3661-ac98-2843106fc433,32fcdfba-8c93-30f4-b15b-dd3b65c29deb,Jody426 Bernhard322,M,GENERAL PRACTICE,20 NORTH MAPLE STREET,HADLEY,MA,010359715,42.3615107,-72.55261320852942,16,0
3c085da1-0112-3015-bfda-5ff622097982,764bf964-6ab7-30eb-885b-3d713ca43265,Carrol931 Wilderman619,F,GENERAL PRACTICE,ROUTE 6   P O BOX 1430,WELLFLEET,MA,026677402,41.936423,-70.021074,3,0
149c5f44-c669-31a4-a6e5-e31d3bfd5ebe,609ec9f1-e806-3427-b912-9e3b2915521d,Terence292 Conn188,M,GENERAL PRACTICE,575 BEECH STREET,HOLYOKE,MA,010406604,42.20105435,-72.628169560868,1,0
03e9b307-c9e2-39f0-b80b-43754dfefc1f,7b9a19b2-d900-3f93-a47b-4b88491fb57b,Francis500 Witting912,M,GENERAL PRACTICE,308 KINGSTOWN WAY,DUXBURY,MA,023324647,42.030389650000004,-70.73959947632582,2,0
33c6d949-b02c-3b96-90b0-8be55553063e,4ffa4412-1493-3beb-b8f0-6614dde953a4,Harland508 Ryan260,M,GENERAL PRACTICE,363 HIGHLAND AVENUE,WAREHAM,MA,025715011,41.745636,-70.658192,290,0
555291bb-096d-3bf9-b237-7b8e6227b39a,a14e698d-a9ba-3eae-9c8b-682ec726433d,Brian582 Cummerata161,M,GENERAL PRACTICE,776 WESTERN AVE,LYNN,MA,019052408,42.466763,-70.9494939,33,0
347335bb-c42c-3271-ab2e-2f1af19945a6,dd9914b0-9491-3330-a890-d34e95e497ea,Assunta351 Haley279,F,GENERAL PRACTICE,1061 PLEASANT ST,NEW BEDFORD,MA,027406728,41.64280275,-70.92865004309593,51,0
9cc377ea-ad97-3812-92d4-93577b42e1cc,4c1a8ea6-b690-3c28-a02e-ebd82190ee65,Hui924 Cronin387,F,GENERAL PRACTICE,885 WASHINGTON ST,BOSTON,MA,021111415,42.3479909,-71.064924,5,0
fcff9550-7cd3-37c3-87db-9c71f51b69d6,b6eeaaf7-1683-3bcb-b6ee-81ce304636ef,Zachery872 Pagac496,M,GENERAL PRACTICE,170 GOVERNORS AVE,MELROSE,MA,021763225,42.4564323,-71.064182,254,0
15f9fefa-4f07-34a3-8b8b-9d710ee6e7c4,12dc66ee-e2c7-3d5a-892e-157ff1d47f32,Venice604 Rogahn59,F,GENERAL PRACTICE,242 GREEN ST,WINCHENDON,MA,014751820,42.68061,-72.060691,82,0
dd4a8209-ccca-3461-8ae3-37645235ad1c,d613e441-68e8-3502-8adb-3f770a1276bf,Emmaline88 Witting912,F,GENERAL PRACTICE,114 WATER ST,MILFORD,MA,017573007,42.13661855,-71.53474614336832,41,0
9867bf94-7ad0-32d9-9f56-5f45ac0e12e9,05abc3ba-9d27-385d-9d81-79f3ce77709b,Hayden835 Howe413,M,GENERAL PRACTICE,10 MARY SCANO DR,WORCESTER,MA,016052884,42.27503365,-71.77776403320533,1,0
fb3eb6d3-548b-3105-8647-604a46ffe71c,ea153d0a-9ccc-3769-9a25-934b417071b7,Adam631 Towne435,M,GENERAL PRACTICE,463 WORCESTER RD,FRAMINGHAM,MA,017015354,42.3095704,-71.4413097,57,0
ee3310a0-135b-31e6-b69b-4855acb0e279,469171e3-f6ec-3258-8e16-7038f6a439c0,Mireille557 Brakus656,F,GENERAL PRACTICE,COUNTRYSIDE DRIVE,MILFORD,MA,017571252,42.1413353,-71.5192019,12,0
ecae534a-b19c-337e-84ed-fa89e909dbf3,18061fd5-fda8-3e2d-87f0-0f3c87211bcc,Margarite168 Koepp521,F,GENERAL PRACTICE,1493 CAMBRIDGE ST,SOMERVILLE,MA,021431408,42.3875968,-71.0994968,117,0
42230819-851f-3a0c-95a5-7b439902419a,b3ada130-6443-3a8e-98c7-4ec127a2b0c4,Ned189 Haley279,M,GENERAL PRACTICE,ONE GREAT ROAD,ACTON,MA,017205601,42.4850931,-71.43284,21,0
0bd6230b-28ed-3d1b-a59e-350ba8eee7d6,45ce6eff-535b-37e2-bed3-1946200aa03f,Mora209 Blanda868,F,GENERAL PRACTICE,309 BELMONT STREET,WORCESTER,MA,016041059,42.280233499999994,-71.7694812367883,241,0
b742effe-bc0c-3a07-aa2c-0a2a6500f3ed,1e11392b-1278-3e70-93cd-f396cbd0c265,Lucas404 Esquivel546,M,GENERAL PRACTICE,115 LINCOLN ST,NATICK,MA,017607700,42.2843753,-71.3441395,69,0
879f5d2a-9543-32f8-b291-739dbb7ea8e6,fe30f2b4-9bc8-346e-afba-4455d1766545,Georgetta870 Turner526,F,GENERAL PRACTICE,17 LAFAYETTE AVENUE,CHELSEA,MA,021502010,42.40019115,-71.03050082480353,28,0
b5dc4903-4cdd-362f-9525-93af10ffe30d,00fde0ed-5951-3b9f-8413-0f25f85a8d4f,Elmo857 Hodkiewicz467,M,GENERAL PRACTICE,81 OLD COLONY WAY STE D,ORLEANS,MA,026533278,41.78403385,-70.00060868097228,24,0
afbc4784-24a1-3cad-88f6-89f210b9710f,6cf8a214-8d57-3267-85e5-7719e15cd63e,Cindie288 Zulauf375,F,GENERAL PRACTICE,170 MORTON STREET,JAMAICA PLAIN,MA,021303735,42.299067750000006,-71.10124351911541,140,0
0d93f187-b95a-3f10-9d96-946dfb88bb82,13161e5b-02d2-3d19-8b48-26ef0becfc83,Erasmo545 Crooks415,M,GENERAL PRACTICE,165 CAPTAIN'S ROW,CHELSEA,MA,021504019,42.3917638,-71.0328284,3,0
fb42c1d3-1f7d-38a7-a105-25040ef18020,2fd34be1-9720-3dad-b8bd-815e173b92fb,Damon455 Orn563,M,GENERAL PRACTICE,87 HERRICK ST,BEVERLY,MA,019152773,42.56523335,-70.87472842494441,1,0
20af0a7c-d767-33a9-a95e-3d29e886f83e,0fedae9f-701f-3317-9b2f-69aea2202cdc,Willian804 Batz141,M,GENERAL PRACTICE,88 EAST NEWTON STREET,WINTHROP,MA,021522715,42.3750976,-70.982827,428,0
cb455f65-56a4-32c1-b28c-95ab25301005,86bbc3aa-e927-3d56-9d77-ab701b4b2926,Lucien408 Howe413,M,GENERAL PRACTICE,538 ROBESON STREET,FALL RIVER,MA,027205496,41.707225,-71.1432141111111,1,0
2b7a9755-91c7-34f4-a3a9-946750e5a64a,a3327df4-d092-350b-b551-e60c82076c9a,King743 Predovic534,M,GENERAL PRACTICE,46 NORTH MAIN ST,W BROOKFIELD,MA,015853232,42.23754835,-72.13791547215251,32,0
ebf60b4c-2877-3039-ad72-cb3bff5eaf4f,aade280a-3b90-3e48-9648-91109a964a63,Johna806 Klein929,F,GENERAL PRACTICE,909 SUMNER ST,DARTMOUTH,MA,027473826,41.6332267,-70.9879928,382,0
c2284804-809c-3cd5-aead-0b42361d0e63,e59fb2d5-508c-38c6-af2e-21d8216dd2b0,Nicholle822 Fisher429,F,GENERAL PRACTICE,759 CHESTNUT ST,WARE,MA,010821625,42.256476,-72.237482,530,0
3c6e0264-f59b-311f-855f-3a9f19265e81,7a3b8310-02eb-3c47-aa1b-3f55b3ed9de9,Leif534 Dare640,M,GENERAL PRACTICE,6 HATFIELD ST,NORTHAMPTON,MA,010602545,42.333172950000005,-72.6566355591273,5,0
a64443f6-471d-3672-9c86-31fe1b3ad034,980d9bfa-a344-3bff-8c02-232dd0e8fd34,Pearlie554 Lakin515,F,GENERAL PRACTICE,100 TRADE CENTER SUITE G-700,WOBURN,MA,018011851,42.4792618,-71.1522766,30,0
a35feeb1-4975-3c02-ad9e-b7ce8d41c60f,794b1cc2-97be-30a4-83a0-4bf6add43c74,Lillia547 Gutmann970,F,GENERAL PRACTICE,215 THATCHER STREET,BROCKTON,MA,023023949,42.0740963,-70.99660306096918,13,0
20794661-5a25-354b-8893-8a48891b9bbb,440fa4b8-c731-3cf5-81d9-aa3f30a37b95,Joanna347 Abbott774,F,GENERAL PRACTICE,41 & 45 MALL ROAD,PEABODY,MA,019602901,42.5278731,-70.9286609,104,0
f4d4dbf0-9995-365f-b2f5-c53beda2f308,0fab3c4e-a028-39a6-b15a-be5a88b6aa2a,Cletus494 Paucek755,M,GENERAL PRACTICE,222 STATE STREET,LUDLOW,MA,010563437,42.15547415,-72.47222226666076,197,0
63b14a34-344d-32bf-81bf-e5e0e5c2a984,83f59b06-c094-345b-afae-856f22c1ac2c,Josefina523 Cruz300,F,GENERAL PRACTICE,255 Park Ave Suite # 900,Worcester,MA,01609,42.265556,-71.818665,1006,0
86b2f0ee-31d3-3926-87ce-5dfec6dd3047,34f0b10a-5e29-31de-a75e-e0bb03c0c0d4,Dierdre747 Leuschke194,F,GENERAL PRACTICE,56 COLPITTS RD,WESTON,MA,024931568,42.36610065,-71.3036759,58,0
b4436980-c3f8-3609-9174-187713db77a9,545ea18f-060c-389b-98f8-b6943979c207,Olen518 Farrell962,M,GENERAL PRACTICE,6 ESSEX CENTER DR STE 201,PEABODY,MA,019602906,42.539944,-70.950156,48,0
41175090-e2a1-37d1-ae65-0264da004dcc,ad82d624-72eb-3c7d-a76d-79f2668d1390,Mathew182 Howe413,M,GENERAL PRACTICE,3 WOODLAND RD,STONEHAM,MA,021801711,42.452443099999996,-71.08939988105112,96,0
807f10fe-488c-3313-a1f2-65f05dc76f5c,b8421363-9807-3b16-a146-95336eea5cfb,Cleveland582 Kuphal363,M,GENERAL PRACTICE,30 LOCUST ST,NORTHAMPTON,MA,010602052,42.33032115,-72.65330802608176,241,0
c6beca56-c392-31d4-a988-f48c07d26f20,8424b5ec-ba0a-32e9-94ae-a9d397884093,Ileen763 Casper496,F,GENERAL PRACTICE,49 BLANCHARD STREET  SUITE 101,LAWRENCE,MA,018431456,42.69651155,-71.1612176954981,37,0
ac6a8596-9890-32f1-abfc-b9277b77d54a,37111f41-8bc5-35d3-9cd9-5b447a11ffd1,Ilene33 Greenholt190,F,GENERAL PRACTICE,TEN INGALLS COURT,METHUEN,MA,018443712,42.7262016,-71.1908924,4,0
8fca44e3-c057-34ad-99f8-75e09dd62bf9,945104f1-4b95-3eed-bd02-5efa0afbf34d,Lauri399 Keebler762,F,GENERAL PRACTICE,20 CENTRAL AVE # 506,LYNN,MA,019011201,42.46410018181818,-70.9465129090909,1,0
e58d6ff5-d236-3fb0-bd8b-c8893a82b9db,fbd4ccdf-2fdb-3652-9bbe-1ccff886bd34,Tana168 Collins926,F,GENERAL PRACTICE,320 CENTRAL STREET  UNIT A2,SAUGUS,MA,019062372,42.4632069,-71.0093761,7,0
d6e8a499-bc77-3e75-9f19-8efa56c09d33,65f0254a-73a3-3b06-bced-54d511445535,Elbert916 Carter549,M,GENERAL PRACTICE,720 BOSTON POST ROAD,MARLBOROUGH,MA,017523766,42.355106,-71.47654,8,0
6f1fe906-f741-3d49-a17c-89ec00dc012e,901c2d40-1ca3-3879-9a20-c663b8adc0a9,Chanelle850 Schuster709,F,GENERAL PRACTICE,800 WASHINGTON STREET,STONEHAM,MA,021802445,42.4863168,-71.0928919,140,0
4404ff21-b898-3cd3-aca3-a6d8e2b32552,6170552c-4d27-3e64-8068-64a380f1837d,Jackelyn13 Pacocha935,F,GENERAL PRACTICE,76 SUMMER ST,HAVERHILL,MA,018305814,42.7786873,-71.07306505177553,143,0
f0412f98-58cb-3643-96e5-369ec4637e7f,b9e35b8a-9831-32d8-a6dc-d7a546c126b0,Gerardo48 Montez99,M,GENERAL PRACTICE,111 HUNTOON MEMORIAL HIGHWAY  1ST FLOOR,SPRINGFIELD,MA,011092550,42.1018764,-72.5886727,373,0
df020b99-e559-32d9-a7c4-2ac08d8c9749,22249c0a-8ce9-3726-a3bb-b037c773ce5c,Leah288 Sauer652,F,GENERAL PRACTICE,337 NEPONSET AVENUE,DORCHESTER,MA,021223103,42.2875144,-71.0470691675753,4,0
7a366c8b-b6b2-3884-abea-3fded23eaa89,6b2e5b97-70f6-3219-8c99-86de138e6808,Forest317 Rutherford999,M,GENERAL PRACTICE,123 SUMMER ST,WORCESTER,MA,01608,42.26496835,-71.79655403681465,34,0
8fd479fc-0a8e-36bc-88d8-7cc8f5830664,8d110f42-6f75-3751-b0c5-b45ab08333a1,Lino542 Feest103,M,GENERAL PRACTICE,88 WASHINGTON ST,TAUNTON,MA,027802465,41.9062805,-71.09518121351795,66,0
021f2158-22c5-3571-92df-39346b7ecc9b,dd3307db-114c-3f11-be44-a9eef6bb3fc5,Evelin941 Ratke343,F,GENERAL PRACTICE,269 UNION STREET,LYNN,MA,019011201,42.4652772,-70.94362420273097,166,0
e6249b60-18ba-3361-98ae-f67f5026cd0f,15d4c950-4691-3996-b4c4-bf06bfb58ff7,Alvin56 Crona259,M,GENERAL PRACTICE,70 EAST ST,METHUEN,MA,018445883,42.7285558,-71.16833738237946,300,0
cc83a519-b300-3b4b-b19a-cf78f2edeba2,655f2a4f-419c-39d3-8ed6-6c4117eb7e32,Aurore252 Herzog843,F,GENERAL PRACTICE,21 MAIN ST,NORTH READING,MA,018641326,42.566971949999996,-71.10799861135133,67,0
02ae51bb-8e1a-3351-a7e5-0dcb9ab41ffc,0caa0116-ef9a-3d4c-bcff-9c405a9d2bda,Yasmin241 Emard19,F,GENERAL PRACTICE,105 CHESTNUT ST STE 35,PLYMOUTH,MA,023604054,41.884685,-70.847219,42,0
cec5a2c7-ab44-3dec-a03e-192c1269e7c4,4ff3563e-f909-3a06-902d-26c28d9d5355,Kirk871 Cormier289,M,GENERAL PRACTICE,876 FALMOUTH RD,HYANNIS,MA,026012322,41.6619029,-70.31909857281401,1,0
d66a5164-ebd8-3f5d-a5f2-7796eabcb0b3,d140ed3f-2696-3e78-bd77-1c959ec4fc4d,Orpha286 Marks830,F,GENERAL PRACTICE,863 HATHAWAY ROAD,NEW BEDFORD,MA,027401916,41.6512968,-70.9669902070805,61,0
a06059af-4473-3d7e-ac0f-78a179622ee6,1cff30ba-b91f-3ea2-b80b-770d67856358,Annamae625 Halvorson124,F,GENERAL PRACTICE,359 JONES RD,FALMOUTH,MA,025403341,41.5591273,-70.60352436630029,47,0
0b3307a9-81be-39d1-8e27-113c7d2991b2,39c15c0f-5c49-311e-99d2-1fb99d80e06e,Salvador46 Homenick806,M,GENERAL PRACTICE,398 NEPONSET AVE,DORCHESTER,MA,021223134,42.286764399999996,-71.04402811508834,117,0
2c4f1485-242f-34d1-b239-16e9de96f6a5,e39e92a8-2fde-314a-8fb1-8551218f03d9,Reinaldo138 Runolfsdottir785,M,GENERAL PRACTICE,60 EAST ST,METHUEN,MA,018444547,42.7265686,-71.16640139527428,16,0
ed264e77-4ccd-386b-bcbd-6a8165f576fe,c58f91d8-cd19-30c4-9f61-4eb50ae5d837,Rolando809 Senger904,M,GENERAL PRACTICE,10 CENTER ST STE 209,LYNNFIELD,MA,019402663,42.5389836,-71.0481084,7,0
da9f068e-c8ef-314d-9b2e-fcacaf1117c4,8f22037a-070f-3fcf-8f39-fa879f0ae107,Albert312 Hermann103,M,GENERAL PRACTICE,567 DARTMOUTH ST,S DARTMOUTH,MA,027481826,41.61112,-70.93937914285715,1,0
3c8f1bae-7ef9-31d3-b311-bc43f9ab7631,bccd7d67-203c-3d93-b6b0-bff5a146cd1d,Courtney281 Kihn564,M,GENERAL PRACTICE,286 WASHINGTON ST,STOUGHTON,MA,020721763,42.1384306,-71.1022598,9,0
5f2d79ef-af45-3562-886a-96a88788618f,63cb4d95-04a9-3a35-b5d9-f89e0377a48d,Thanh759 Weber641,M,GENERAL PRACTICE,211 PARK ST,ATTLEBORO,MA,027033143,41.9419187,-71.2752081695297,70,0
dad46ca4-e807-3ba3-bc96-95e6914fc550,13f83225-b984-345a-a353-11237d5aadfb,Mitchell808 Schroeder447,M,GENERAL PRACTICE,450 W RIVER ST,ORANGE,MA,013641408,42.5928702,-72.32953998953418,21,0
3cb39775-5243-3967-85bd-7a92ec3ac58e,6e290541-eba3-37fc-a3e2-e58f77e84c7e,Christeen33 Toy286,F,GENERAL PRACTICE,15 LENOX ST.,SPRINGFIELD,MA,011083122,42.085779,-72.55846414285715,85,0
629ae6a6-e0b1-324c-811a-44a636078d6e,a2a41caf-758f-3962-8e5f-e6e603f93d17,Noelle559 Padberg411,F,GENERAL PRACTICE,111 HUNTOON MEMORIAL HWY,ROCHDALE,MA,015421305,42.2020225,-71.89891616754682,59,0
d16f9c89-4634-304e-bd61-0cac30c8f261,0d24cc89-3256-330c-b36d-d8de8babef84,Will178 Bernhard322,M,GENERAL PRACTICE,1030 FALMOUTH RD,SOUTH YARMOUTH,MA,026641218,41.6667779,-70.1847414,67,0
44e08396-680f-3c48-b7a5-fe94a49417b5,db28cc9a-fdfb-35a6-aef7-ab9b933ef244,Judy192 Gleason633,F,GENERAL PRACTICE,8 DANA STREET,CAMBRIDGE,MA,021385402,42.3694992,-71.11011030010101,20,0
a9fc706c-97ed-3531-a635-7d105a04886c,19a65317-5d32-355e-8f82-88933d48366d,Wes853 King743,M,GENERAL PRACTICE,5 PRECINCT ST,LAKEVILLE,MA,023471468,41.8455651,-70.95195924208448,30,0
5c11aca7-45ca-35d0-8209-de0c60eed0de,bfb9ab7d-7b8a-36c9-ac27-d210a6f6f412,Neal874 Bechtelar572,M,GENERAL PRACTICE,8 LEWIS POINT ROAD,BUZZARDS BAY,MA,025325613,41.745383,-70.618087,2,0
eb6c7729-23bf-38ca-8f0d-101ba3dce73e,a6fb79e7-4abb-3a68-b62d-e501427fdca4,Ricky354 Renner328,M,GENERAL PRACTICE,489 WASHINGTON ST STE 202,AUBURN,MA,015015709,42.187836,-71.83104,65,0
3fb33058-d39f-3146-a8d2-89e6a5b1c92e,9d0e702d-50a0-3f4c-9126-0951d560fd4b,Otha286 Roberts511,M,GENERAL PRACTICE,189 MAY ST,WORCESTER,MA,016024339,42.25986305,-71.83597786023279,284,0
5167cc3b-d433-398e-b2c9-c02682f6f42d,c7542447-e06e-32cb-b6db-243c23a0dbc2,Carson894 Krajcik437,M,GENERAL PRACTICE,30 WARREN ST,BOSTON,MA,021353602,42.3501483,-71.14393324457691,144,0
b97aee9c-3c33-30a9-a305-f02cb6a7f2ba,d9fe2c9c-135e-3da3-8de8-1a0ff165d886,Eldridge510 Marquardt819,M,GENERAL PRACTICE,1430 MAIN ST,WORCESTER,MA,016091121,42.2492003,-71.92931780325071,28,0
164d1e74-fd47-381e-8d91-80277c2da70a,87f3b181-1c52-3161-a15a-ea2d9a04b35f,Frederick289 Gerhold939,M,GENERAL PRACTICE,565 TURNPIKE ST STE 71,NORTH ANDOVER,MA,018455936,42.664934200000005,-71.11635234067887,28,0
93b867c4-9eb6-317a-9f26-5995e40c1884,43e22208-dae0-3196-b30b-17b3c50679c2,Diego848 O'Kon634,M,GENERAL PRACTICE,147 PELHAM ST,METHUEN,MA,018442060,42.7288158,-71.20222773774655,52,0
6679194f-cec3-33b6-9dce-2691cda2ca52,aba3e6f6-4562-342e-b90f-dd61b117f394,Norbert530 White193,M,GENERAL PRACTICE,438 CHESTNUT STREET,SPRINGFIELD,MA,011072008,42.11291091861002,-72.59692685125127,2,0
5cc83b32-8797-38ad-abef-4e7c77e13e65,a4b91172-69e7-3895-bd89-b9a0868de5c2,Shanita956 Wolff180,F,GENERAL PRACTICE,651 ORCHARD ST,NEW BEDFORD,MA,027441052,41.6149879,-70.93113851963673,66,0
f1cccf66-08bc-357d-8fb8-0e572d36cdc9,47fb5a56-bee5-3ecd-9958-706b20831c82,Karey608 Torp761,F,GENERAL PRACTICE,600 CUMMINGS CENTER  SUITE 270X,WOBURN,MA,018016356,42.4792618,-71.1522766,4,0
7a05cc4e-3e56-3586-8868-3c6af42500a5,ca8a919a-05f9-3687-bfb6-42800a70031e,Clair921 Flatley871,F,GENERAL PRACTICE,6111 OAK TREE BLVD STE 301,FRAMINGHAM,MA,017014613,42.3095704,-71.4413097,87,0
f2d83016-2bc5-38ee-90e7-efcca961355a,50c7f768-9138-3dae-a67d-953bdf9ad754,Glenn0 Bogisich202,M,GENERAL PRACTICE,125 COUNTY STREET,TAUNTON,MA,027803561,41.8960599,-71.07799243944345,62,0
676b7090-8537-3df1-aacc-cc9fe8a2c879,be509ccb-bfb7-3b87-8945-8426b689ef9d,Man114 Balistreri607,M,GENERAL PRACTICE,2049 DORCHESTER AVENUE,BOSTON,MA,021244742,42.3554334,-71.060511,16,0
20c3d53e-d68d-324b-a153-9c76a322ae5b,73c7eaf8-f8b3-383f-b3e1-4d8ff5ca255d,Mauro926 Bartell116,M,GENERAL PRACTICE,161 FALMOUTH RD,MASHPEE,MA,026492662,41.6314877,-70.46769809885944,4,0
17607d00-513c-3885-930c-90f2a6b3778a,da35b999-0af8-380e-9912-cd8b3bc09f53,Roland928 Hirthe744,M,GENERAL PRACTICE,50 REDFIELD ST,WORCESTER,MA,016081531,42.2625621,-71.8018877,27,0
83a5870c-05e7-3d03-9b12-49207a882e77,8d5880eb-1dd8-31ea-b7c5-21709f3bb341,Nicholle822 Satterfield305,F,GENERAL PRACTICE,50 ROWE ST,MELROSE,MA,021763201,42.4592093,-71.06078096379728,49,0
abc1a255-1be1-3a25-a63e-8dbcb71efeda,fd650ebc-a642-3818-b073-692473cd31f1,Larisa542 Kris249,F,GENERAL PRACTICE,900 CUMMING CENTER,BEVERLY,MA,019156181,42.5584284,-70.8800491,32,0
d333cd0a-5c5b-393a-828a-bdff2562ea1c,3ff0f58b-7a1f-3334-9449-ff15f68b7d86,Crystle668 McCullough561,F,GENERAL PRACTICE,275 SANDWICH ST,PLYMOUTH,MA,023607761,41.94186605,-70.6455366462985,177,0
3070cffa-7fed-398d-97b9-c1ceefa3cf15,171254da-957c-304a-b3fc-51a2d3ebee43,James276 Schmitt836,M,GENERAL PRACTICE,108 Merrimack St.,Haverhill,MA,01830,42.77449,-71.07901,164,0
b5fe1abf-31c6-3bcb-af31-15588ea67062,75846b1f-d0ec-3255-9bdd-d09eb0a9dd0d,Vanita165 Bartell116,F,GENERAL PRACTICE,575 BEECH ST,HOLYOKE,MA,010402296,42.20105435,-72.628169560868,14,0
2d86d275-5654-397f-98d3-5effcef776af,dd280187-8662-3732-af81-595d10572911,Clifton91 Lakin515,M,GENERAL PRACTICE,4499 ACUSHNET AVE,NEW BEDFORD,MA,027454707,41.74026055,-70.9450945705336,173,0
86ca2f5c-0fcc-3317-a89f-7bcda82d88d0,c6907774-d9cd-3408-b554-08b135423b40,Judi176 Stokes453,F,GENERAL PRACTICE,642 BOSTON POST RD,SUDBURY,MA,017763302,42.36142375,-71.44123077142632,1,0
928bd647-f03c-37d4-9465-116647a6e8c3,63b4f233-fb49-3b1e-a17c-2d572367b131,Tanika746 Baumbach677,F,GENERAL PRACTICE,2222 CENTRE STREET,WEST ROXBURY,MA,021324034,42.27370345,-71.15856364656862,8,0
cb03b4da-7b52-3aef-907e-973f2ca3bff0,9d989fcf-4ad9-3972-ada3-f275d967781e,Cristi782 Miller503,F,GENERAL PRACTICE,100 TER HEUN DR,SANDWICH,MA,025632377,41.7579043,-70.4968152,1337,0
247f9539-6401-3ecc-84a2-1af027f113ca,7a5f7ae1-8437-3f5e-b788-5c2ad57f0a0b,Millicent213 Mertz280,F,GENERAL PRACTICE,29 ORCHARD ST,SOUTHBRIDGE,MA,015504003,42.076356200000006,-72.04167805,28,0
8bf29efc-8690-398d-a721-4511b2013987,b69bccdc-5ad3-3ded-a018-3cd8f369c9d2,Marleen824 Ziemann98,F,GENERAL PRACTICE,120 S MAIN STREET,CENTERVILLE,MA,026323246,41.649898300000004,-70.34309844876677,2,0
a5a5d665-18fd-3cee-9e68-e7050978f5b9,542185c1-943a-30f4-aba0-0efaa92488a4,Luetta803 Rau926,F,GENERAL PRACTICE,142 LAKE ST,ARLINGTON,MA,024764738,42.40328885,-71.15140830652837,41,0
3eea7733-572d-3dd8-a24f-1b66cf34a31e,de32e6d9-848e-35d4-a217-e62eb5e0bc7b,Rayford811 Abbott774,M,GENERAL PRACTICE,77 HIGH ST,NEWBURYPORT,MA,019503071,42.8055312,-70.87001791778893,2,0
a3fc3a9c-36a3-35f9-9d51-d15a11e7b023,0319f6d9-60a3-36ac-9f26-b782d7997b1c,Roger751 Quitzon246,M,GENERAL PRACTICE,22 MILL ST,ARLINGTON,MA,024764738,42.4177455,-71.1579688,29,0
11356488-d52e-3335-8a89-6d9fa4191877,9f2f60a6-87a4-3f45-b753-b63b5b7e9993,Raul814 Considine820,M,GENERAL PRACTICE,332 HANOVER STREET,BOSTON,MA,021131901,42.3647421,-71.0536619,77,0
0f5d7755-9427-328f-98b2-36326574b0da,ab16be57-62ea-39a5-8f7a-ee1285cf6934,Rogelio17 Gibson10,M,GENERAL PRACTICE,115 MILL ST,PETERSHAM,MA,013669503,42.4865962,-72.1893057,15,0
b55abf8f-a952-3b74-bc64-033518e1b959,1de1aeee-4088-391b-af7a-95d7cfaeaf32,Jerrod232 Denesik803,M,GENERAL PRACTICE,57 PROSPECT ST,NANTUCKET,MA,025542799,41.27514065,-70.10108985970798,1,0
1b292a8c-07be-3bbb-a7e8-ccc286a96a6f,4ffc4e4b-9d8d-3c30-ad84-fc9a7209da94,Madelyn308 Carter549,F,GENERAL PRACTICE,4525 ACUSHNET AVENUE,NEW BEDFORD,MA,027454727,41.74080975,-70.94731021257817,5,0
99a0c58b-2184-3283-bacf-ef9ea4d783fe,bebc1dac-6c42-3225-b0ba-23278cdf2a62,Cherry401 Hackett68,F,GENERAL PRACTICE,464 MAIN STREET,AGAWAM,MA,010011826,42.07695165,-72.62026217030348,1,0
a972ad65-8138-3767-88b7-75dec251d204,ce4d0501-49eb-396a-bc56-545fdfc624b0,Mauricio81 Daniel959,M,GENERAL PRACTICE,1 HOSPITAL RD,OAK BLUFFS,MA,025571406,41.46063105,-70.57989080295974,127,0
18ecec5d-beab-3165-b089-69fddcc1b36e,1ef8d603-bec1-35f5-a830-2a0b919cf47f,Thresa531 Kutch271,F,GENERAL PRACTICE,1801 TURNPIKE STREET,NORTH ANDOVER,MA,018456322,42.6355548,-71.0761760490546,12,0
82a5a948-ef98-3ab8-aacc-0d4f352c3e00,d13ac855-c068-3b57-8d65-fc3c90f32558,Dorsey40 Orn563,M,GENERAL PRACTICE,383 SOUTH ORLEANS ROAD,BREWSTER,MA,026312870,41.738964949999996,-70.00124453922743,2,0
b5a8b29a-9217-369c-94b1-6bc75ba47cca,06cc2462-430f-3322-9c87-7e971125f510,Bryon392 Mann644,M,GENERAL PRACTICE,133 OLD ROAD TO 9 ACRE COR,WESTFORD,MA,018863198,42.5792583,-71.4378411,199,0
a08cbcd3-9082-3bd8-9feb-75b2d9064fbf,98bf9e06-f827-310f-8022-35ee33686f76,Ilana185 Torp761,F,GENERAL PRACTICE,204 PROCTOR AVE,REVERE,MA,021514923,42.41420445,-71.0184707933218,3,0
84e1bd67-e47d-39f7-b6a8-e09f3080e615,db106514-f254-3402-b6a4-6d210c78c7e2,Morris740 Runolfsdottir785,M,GENERAL PRACTICE,211 FRANKLIN STREET,QUINCY,MA,021697833,42.23691085,-71.00237199954586,3,0
0c99b917-29e4-3cff-a7bc-609bc1ed2f56,ee7fab6f-6438-394f-b1f2-3e452f8f055a,Trey250 Satterfield305,M,GENERAL PRACTICE,75 BRIMBAL AVENUE,BEVERLY,MA,019156009,42.570099299999995,-70.87108224250409,6,0
2f485464-a55a-3561-83e7-6c622b5c3636,880fad59-9c38-3a21-a39f-ccc801502ab3,Maurice742 Pollich983,M,GENERAL PRACTICE,799 CONCORD AVENUE,CAMBRIDGE,MA,021381048,42.390849395521705,-71.1556550001627,10,0
29eab8af-3502-3a3b-8bbe-de1784a884f6,352f2e3b-0708-3eb4-9f7e-e73a685bf379,Araceli695 Willms744,F,GENERAL PRACTICE,157 UNION ST,SOUTHBOROUGH,MA,017721215,42.3056501,-71.5245087,116,0
ddc65993-0061-393b-968a-0228c8de9abf,a2d45ee8-b930-3169-b612-f602961ad212,Valentine262 Leannon79,M,GENERAL PRACTICE,37 MINUTEMAN WAY,SHREWSBURY,MA,015452229,42.288207,-71.73443816915585,91,0
99072b04-d0b1-3326-9a34-a8fa0fb948d0,4fa643ae-1f58-3c2e-9f33-0ba56345ad10,Trevor374 Williamson769,M,GENERAL PRACTICE,361 MAIN ST,WAREHAM,MA,025712153,41.761384899999996,-70.71911431737183,49,0
c680c207-32ff-39b4-a8b8-6e13e60cd01a,3d5fbf38-c781-3e04-8c7e-5a402611b7d4,Vito638 Barton704,M,GENERAL PRACTICE,260 ELM ST,SOMERVILLE,MA,021442951,42.3955992,-71.1227391,78,0
dfe1f9d1-13a0-33e8-96b6-1d2cda6c84ff,d6b03647-983f-3162-af9e-b12aea026f13,Son314 MacGyver246,M,GENERAL PRACTICE,65 NEWBURYPORT TPKE,NEWBURY,MA,019501199,42.7891081,-70.87774011339009,48,0
77fad703-7721-3e96-9be9-33a9770945d3,03c5769d-b185-35ee-b563-9e651cff95bc,Delbert384 Rohan584,M,GENERAL PRACTICE,807 WILBRAHAM RD,SPRINGFIELD,MA,011092067,42.1108434,-72.5341133,1,0
88ce9f97-c6a9-3e28-93df-6a6e7c812c73,2f67494e-f17e-3248-ba68-3ca42913cca1,Majorie11 Bergstrom287,F,GENERAL PRACTICE,184 MAIN STREET,FAIRHAVEN,MA,027193259,41.646106,-70.90865208079187,3,0
77de9b4d-9a9f-3239-bb78-aba49575989a,15c0c270-968e-3651-8afe-e162149e5e3e,Vida128 Kohler843,F,GENERAL PRACTICE,10 George Street  Gateway Center,Lowell,MA,01852,42.642513,-71.3062,3,0
2cdf4000-1b18-33f0-9df6-fe57151908c7,52efa2e5-007f-3396-a83a-28ca015f0595,Walton167 Turner526,M,GENERAL PRACTICE,20 N PARK AVE STE 2200A,PLYMOUTH,MA,023604090,41.960434631488596,-70.67007876763536,146,0
20d1152c-2b65-31ba-b6b6-e3870a0bfd73,19439108-9835-38fe-8ee2-1226a355cfba,Georgeann302 Kunze215,F,GENERAL PRACTICE,694 WORCESTER RD,WELLESLEY,MA,024822837,42.2964859,-71.2925571,6,0
80596451-e7f2-3af9-a13f-f467cd18c377,ba5db88e-396b-39a6-9a0a-e9791bc709b7,Lester513 Olson653,M,GENERAL PRACTICE,80 ANDOVER ST,ANDOVER,MA,018105606,42.6390425,-71.15835003183432,1,0
996ac69b-808b-3abe-b4a2-cbb0fcbea94b,b5789b71-fc8e-3b7e-9eb2-3fc577943117,Javier97 Sánchez310,M,GENERAL PRACTICE,81 RESERVOIR DRIVE,ATHOL,MA,013314901,42.581152349999996,-72.18775715069674,9,0
b29a737e-4b3e-3756-bc2f-0e6c15492076,edd58f69-ad5f-346b-b1f9-530ccdc895f6,Johnathan55 Padberg411,M,GENERAL PRACTICE,52 CARPENTER ST,ATTLEBORO,MA,027032472,41.9369576,-71.27996091755344,5,0
2cdae35c-b6fb-3e5d-a162-b66082ef4650,8395b012-c9c6-3b96-a7f9-edd24c9a3006,Raymundo71 Crona259,M,GENERAL PRACTICE,123 SOUTH STREET,PLYMOUTH,MA,023602945,41.9432166,-70.6595797,1,0
3a2a1511-ec82-3099-97b3-76c95639cd84,936ceb96-2b12-371f-aa68-ee02a9c06f4c,Eddie505 Keeling57,F,GENERAL PRACTICE,225 BOSTON ST,LYNN,MA,019043124,42.470497449999996,-70.96003668151566,38,0
e611c24f-beb6-394d-af43-57dfe3d95a0d,dfcd78f1-f67e-321d-84e3-f658c482c474,Elmo857 Wisoky380,M,GENERAL PRACTICE,64 WOODLANDS WAY,BREWSTER,MA,026312550,41.737807,-70.0036669,43,0
a755408a-e656-3f41-8e61-1a12e68e80e3,0a8a4b11-d0b8-3cd2-92cd-983de5189cfa,Javier97 Zamudio115,M,GENERAL PRACTICE,111 BIRCH STREET,LYNN,MA,019021574,42.47859105,-70.93458444045801,10,0
ffa18d4f-a2dd-38c0-aefe-a9dfee085f96,7b7ce654-a413-37d1-9d34-97240c0ac580,Liberty95 Kihn564,F,GENERAL PRACTICE,1 WRENTHAM ST,BELLINGHAM,MA,020192532,42.025037350000005,-71.48945118224057,4,0
5da6563b-d73b-351e-825b-a88afbf757ee,548e7abd-14d4-3c28-aa82-790240af9e02,Catherina275 Schulist381,F,GENERAL PRACTICE,1 BATHOL ST,WAKEFIELD,MA,018803655,42.474535700000004,-71.07390865583827,1,0
bd15ba7e-1520-3381-8338-c62e8c517221,f1c6e386-ed52-3f97-a2b0-4e21ad2d0966,Frederick289 Bins636,M,GENERAL PRACTICE,54 COURT ST,TAUNTON,MA,027803201,41.9028629,-71.09718927122583,98,0
b24bba9f-044f-36bd-9c0d-bc8d8acd1d44,7b20d1c4-c56b-3647-801c-5e4e13679073,Riley817 Prohaska837,M,GENERAL PRACTICE,275 SANDWICH ST,PLYMOUTH,MA,023602183,41.94186605,-70.6455366462985,142,0
6d235617-b465-34ec-bb85-5b645428948b,281525ef-5743-34a8-9339-66c8b4be6668,Jacobo456 Quintana711,M,GENERAL PRACTICE,555 PLANTATION STREET,WORCESTER,MA,016052376,42.2907683,-71.7649752,2,0
f799c618-290b-3c4f-bc4c-05c151f4c1f0,3e97ce4f-3ad7-3cea-883f-e2bb4ca89d83,Fidel864 Swift555,M,GENERAL PRACTICE,30 NEW CROSSING RD,READING,MA,018673270,42.51809619399502,-71.0959083715027,8,0
8dee4322-3eac-3b3b-893e-e79c2181b715,c60fc3df-9dbd-3f31-a456-41c84490266f,Lavonna163 Johnson679,F,GENERAL PRACTICE,146 MAC ARTHUR BOULEVARD,BOURNE,MA,025323902,41.7412166,-70.5989196,17,0
0398236b-a61a-3bd4-81b6-3ef8e5e2a2fc,71d9e7fe-5a34-3f11-8edb-f79c482785fe,Liane379 Kunze215,F,GENERAL PRACTICE,42 CAPE RD,MILFORD,MA,017573292,42.1274477,-71.5195252,79,0
34d448fe-ddf3-3bef-aef3-78d63275258e,4f59f709-8b84-3d27-a04b-c6b7b5544413,Natividad796 Davis923,F,GENERAL PRACTICE,70 BOLTWOOD WALK,AMHERST,MA,010022271,42.3768779,-72.51840280783739,104,0
015ce1cd-c288-3cfc-b3c5-bc62326579dc,36d328a2-68bb-3967-a9bf-00897a7c945f,Jettie913 Rodriguez71,F,GENERAL PRACTICE,299 WAREHAM STREET,MIDDLEBORO,MA,023462905,41.869676,-70.873384,9,0
214b9ec6-f777-3f40-a429-d36f9a2c2046,5225cc87-6a30-303c-a882-5f001cee7f0e,Clara183 Zamudio115,F,GENERAL PRACTICE,110 W SQUANTUM ST,QUINCY,MA,021712122,42.27259075,-71.03082765,37,0
49fa0386-ee19-39ba-8e59-fd3b20baa572,6d6ef57e-b2ce-3a69-bacf-4305c51834b0,Lesha323 Skiles927,F,GENERAL PRACTICE,186 HIGHLAND AVE,SOMERVILLE,MA,021431507,42.38845955,-71.10666839512322,1,0
544606a9-2d81-36bd-803c-03c41eaaaf05,79d49935-bcc0-36ca-920b-45365c367438,Jamel269 Hudson301,M,GENERAL PRACTICE,409 W BROADWAY,SOUTH BOSTON,MA,021272245,42.336831,-71.047958,48,0
8671a7ce-7a9c-3c0d-b1dc-a919c51d95c8,0f2c58ec-5323-3c0f-9bdf-af0df7eb2a2b,Owen89 Boehm581,M,GENERAL PRACTICE,130 DORCHESTER STREET,SOUTH BOSTON,MA,021272642,42.3334312,-71.0494949,7,0
39eb53c3-648c-3aee-aec5-fdfaef4c8979,51370692-6296-3150-8672-559fc73f964f,Jeromy156 Okuneva707,M,GENERAL PRACTICE,75 FRANCIS ST,WEST BRIDGEWATER,MA,023791542,42.0219112,-71.019004,100,0
2cf1a1bc-9d73-3079-ad9d-7f2f7d2eddc0,10dcd91e-6eda-385b-bafb-d5e1ae92dc34,Adolfo777 Abernathy524,M,GENERAL PRACTICE,677 W MAIN ST,HYANNIS,MA,026013493,41.652312699999996,-70.32027525205335,36,0
41ff5e51-88b5-3fe7-a090-f1b97fb518a0,cdc87240-38e9-36f8-959b-706642e01e11,Chun678 Armstrong51,F,GENERAL PRACTICE,243 CHARLES ST,STONEHAM,MA,021803559,42.4814675,-71.0924311,47,0
87e1ea7b-0b9c-3eb4-ba81-baf303ba5896,c6b019eb-28ec-36f6-abf3-bcc4d1d58966,Sherwood961 Aufderhar910,M,GENERAL PRACTICE,33 AVON ST,WAKEFIELD,MA,018802310,42.50403445,-71.07462951514611,23,0
c4f0267b-240e-3d42-adf0-1ff94ff91b6a,b3312a2d-37e9-35a8-b50d-6c165c437baa,Lorretta561 Reinger292,F,GENERAL PRACTICE,45 DIMOCK ST,ROXBURY,MA,021191029,42.32030665,-71.09721114916246,64,0
4cbd7b02-4834-3309-8bca-2d97e14e5b5e,6afea80b-1e56-3487-a326-f4a979f92c28,Rueben647 Tillman293,M,GENERAL PRACTICE,34 BATES RD,MASHPEE,MA,026493280,41.61929295,-70.49056908851608,134,0
26a95cd2-7e99-3b30-9e17-de7422321474,2836d9ac-c6a6-39d1-8f13-fdf0fc8928f4,Alysha630 Koch169,F,GENERAL PRACTICE,365 EAST ST,TEWKSBURY,MA,018761950,42.6069472,-71.2180803,115,0
b7a05810-025c-3f2d-a603-e287e7fddc2f,7dddc0c2-9f1d-3e4e-b2f2-fc7e6abbed31,Bryan958 Gibson10,M,GENERAL PRACTICE,160 MERRIMACK STREET  SUITE 1,METHUEN,MA,018446117,42.7334079,-71.13599310716302,1,0
0dfd4284-effb-3660-a0f8-be4ce7ffe8a8,82c72223-f521-3a34-9b9b-4ff366365399,Margaret865 Reinger292,F,GENERAL PRACTICE,2100 DORCHESTER AVENUE,QUINCY,MA,021691870,42.2509914,-71.0037374,62,0
7bb8f194-c11f-35b8-855e-dd7497bf921a,470e2fc6-33df-31c6-a448-ac918dcc19d9,Andreas188 Swaniawski813,M,GENERAL PRACTICE,34 MAIN ST,HAMPDEN,MA,010369642,42.1226047,-72.2062130792683,6,0
5b32fe4e-9ccf-331b-bc45-284ddfbcadef,7b4c5725-41a1-38e2-8d17-180e0c029fef,Marisa391 Larkin917,F,GENERAL PRACTICE,116 COURT ST,PLYMOUTH,MA,023603808,41.96037605,-70.67160846967218,32,0
ddeb6aae-355e-3841-9590-ebaa0d1ddaac,04b252db-4231-3cb5-963d-6f096fb4b97c,Lorie307 Grady603,F,GENERAL PRACTICE,1177 PROVIDENCE HIGHWAY,NORWOOD,MA,020625019,42.194543,-71.1994976,18,0
4348e9a2-258d-3853-bb43-f12102c74458,4fa8411f-42f8-3353-8947-bf15254c9dee,Jess275 Gutmann970,M,GENERAL PRACTICE,90 GREENWOOD STREET,WAKEFIELD,MA,018804039,42.476321150000004,-71.06922169005762,8,0
2512b563-0640-32a2-ba99-3f5fa99143f3,a977feef-f585-3fa8-8deb-7e60fc2cab30,Kimbra238 Schulist381,F,GENERAL PRACTICE,2314 MAIN STREET,TEWKSBURY,MA,018763128,42.58023655,-71.19367180835906,12,0
69f74268-9935-30de-a4b6-4943c42470fd,22b57e3f-4143-33e6-abb9-e6ff074f1c46,Jeraldine574 Hintz995,F,GENERAL PRACTICE,750 WOBURN STREET,WILMINGTON,MA,018873480,42.5346051,-71.14953004087923,1,0
2614b69e-a0e4-31fe-89db-5f2dbfa7fe03,1de7e7d9-9a7a-3a3f-bf4c-b4de450711f2,Clelia416 Morissette863,F,GENERAL PRACTICE,198 LITTLETON RD,WESTFORD,MA,018863429,42.564282,-71.42620615382347,10,0
47482740-3dd2-3998-80f5-1c7a1fa111af,940d491c-ad61-3bd3-9054-d6d884280934,Petrina721 Huels583,F,GENERAL PRACTICE,321 CENTRE STREET,DORCHESTER,MA,021221112,42.29394375,-71.06005213312326,1,0
dbf80b2e-7480-3039-9eb2-d01af4d082b8,f52777bd-7313-3b27-8dd5-cd3f87bd3275,Larraine124 Torphy630,F,GENERAL PRACTICE,9 HOPE AVE,WESTWOOD,MA,020902914,42.2139873,-71.2244987,28,0
829e60e7-e3d3-320a-8fdd-8133389f0fb4,4705a8fd-19cd-32c1-8b3e-34bcfe84d0bd,Jimmie93 Mayert710,M,GENERAL PRACTICE,55 N WASHINGTON ST,NORTH ATTLEBORO,MA,027601607,41.983529,-71.332241,39,0
9b1c40ce-6b4b-368a-a183-19f2948c52a7,497f39dd-280e-3d58-af5b-c5e3a3a09b10,Arden380 Bergstrom287,M,GENERAL PRACTICE,27 PARK ST,HYANNIS,MA,026015230,41.65363635,-70.27352219234834,307,0
a284d995-c29e-35da-8e68-bae2ccd1d572,eaaf102d-0188-3a69-a751-030645e2a7b0,Cathey606 Kiehn525,F,GENERAL PRACTICE,605 MAIN STREET,WAREHAM,MA,025711031,41.76766153042966,-70.73096212925822,8,0
2c57d109-6bba-3c33-9d60-370da93b38a5,0d7fd824-1c7b-3f8b-a662-f6c2005e82e1,Lyndon118 Trantow673,M,GENERAL PRACTICE,88 MASONIC HOME ROAD,CHARLTON,MA,015071394,42.1389039,-71.9782681,480,0
96b4ee18-47f6-3646-bc94-d4131adbcab0,accb8cdd-6560-3fef-b0a6-f12c3295026a,Kerrie266 Bergstrom287,F,GENERAL PRACTICE,969 PARK STREET,ATTLEBORO,MA,027035115,41.9266899,-71.2611303145582,5,0
1aa543d0-f521-3473-9f29-7acee36fd196,83445caa-116b-3a1e-a75e-8104d321c4c3,Peter292 Crona259,M,GENERAL PRACTICE,315 MAIN ST STE 101,NORTH READING,MA,018641326,42.596733799999996,-71.11988300141903,68,0
0f838ca2-a1fd-3b59-ab89-c1a37057a3df,390a2aa4-70b4-3a64-a12f-9bd777834c8d,Hunter736 Howe413,M,GENERAL PRACTICE,710 MAIN STREET,HARWICH PORT,MA,026461931,41.669654699920855,-70.06169919459835,4,0
90578bba-73eb-3b50-8cf3-d93ec773c4b1,18a96051-91f4-3cba-af96-056ea14dfee0,Gaston250 Grimes165,M,GENERAL PRACTICE,25 HIGHLAND AVENUE,NEWBURYPORT,MA,019503872,42.81369325,-70.89091645747592,10,0
a7fb8996-653c-3c74-aa0a-e86b295ec065,c2e93fb4-abf2-3210-b6ec-4d1ecb2b76f0,Francene766 Halvorson124,F,GENERAL PRACTICE,62 BROWN ST,HAVERHILL,MA,01830,42.76512700000001,-71.04617174286321,42,0
5a5f8b50-42f8-3d92-9e2d-cb5ef1baf895,1bed5229-19d7-3168-94a2-f1f2abb00270,Allan198 Moore224,M,GENERAL PRACTICE,88 WASHINGTON ST,TAUNTON,MA,027802465,41.9062805,-71.09518121351795,794,0
3447846a-5975-3475-87d3-1464aee3f26c,41e2a44c-477c-3511-96f9-12c476aa3b6a,Antwan357 Lindgren255,M,GENERAL PRACTICE,85 E NEWTON ST,BOSTON,MA,021183553,42.336277100000004,-71.07085295687423,335,0
313cd3e0-f24b-3c2a-ab83-d65f1ae2c7ca,b44955d1-f0e2-3beb-a013-708a81dbe430,Ernest565 Runte676,M,GENERAL PRACTICE,680 CENTRE ST,WEST BRIDGEWATER,MA,023791600,42.0219112,-71.019004,52,0
c7be6b3e-3197-32c3-b943-b9e6dfa94454,c1986c0c-f756-3596-8f90-08adacf220fe,Dong972 Auer97,M,GENERAL PRACTICE,73 CHESTNUT STREET,SAUGUS,MA,019061605,42.4573919,-70.9918055,2,0
8ab5b064-85d6-3a51-8bb8-641a629f1747,ad2dab07-4f85-3950-baaa-7c7cd2aa770c,Gertrud593 Kuhic920,F,GENERAL PRACTICE,55 LAKE AVENUE NORTH,WORCESTER,MA,016550002,42.2774799,-71.76166994969458,62,0
655e29f5-1605-309b-a80f-42727fbbc9ab,d3335d07-2a2c-35d7-9b87-c022393b6793,Xavier983 Lubowitz58,M,GENERAL PRACTICE,137 NICHOLS STREET,NORWOOD,MA,020622009,42.1930792,-71.20868232395514,2,0
7c330d21-97b5-3629-a344-5f59339c9b2d,0d1570ab-371c-3898-9397-95905d8c5166,Santina680 Dicki44,F,GENERAL PRACTICE,750 WASHINGTON ST,BOSTON,MA,021111552,42.3499038,-71.0631836,23,0
32d38ce4-c398-3e58-bad1-577bbfc6de25,1853aeef-5897-326a-80d6-aa4b0459eb6d,Kendra609 Kassulke119,F,GENERAL PRACTICE,381 WICKENDEN ST,ATTLEBORO,MA,027032247,41.9438129,-71.2806515,46,0
e0331aef-fdf3-3945-bead-f663b4585acf,bdaa3017-130e-34e9-b3ac-ca6d992e8b50,Theron432 Bednar518,M,GENERAL PRACTICE,150 WATER STREET,HAVERHILL,MA,018306213,42.77508795,-71.07182802882255,8,0
c3662630-48fa-3dc1-960b-632b07c29da3,c0a33465-d309-3d2a-932e-9d554a7cc19c,Veronika907 Rogahn59,F,GENERAL PRACTICE,100 CENTURY DR,WORCESTER,MA,016061244,42.3138278,-71.7707002,140,0
4304850a-225d-3be1-a786-e20b50fad862,0583e4f7-f1c2-3100-8e0c-d0decc7ef261,Jewel43 Howe413,M,GENERAL PRACTICE,123 WATERHOUSE ROAD,BOURNE,MA,025323890,41.72840155,-70.58506829999999,49,0
beed7e66-408f-3743-a59d-45ad08c55c5a,ce81052f-7c77-3cd7-8c30-930339a79ceb,Delorse592 Cummings51,F,GENERAL PRACTICE,363 ALBANY ST,BOSTON,MA,021182503,42.342456,-71.062887,28,0
35b4b2b1-36e0-326f-a9b4-029c88dd535f,7f32dd7d-5c35-3ddb-839b-8fbbb930d412,Tyron580 Littel644,M,GENERAL PRACTICE,863 CENTRAL STREET,FRAMINGHAM,MA,017014813,42.30758060362541,-71.42846215724606,1,0
508d89ef-7774-3b13-b8b9-ec3b4aee1199,51d38e67-9350-39b8-bbb3-91cc879ae415,Millie392 Hoppe518,F,GENERAL PRACTICE,335 NICHOLS ROAD,FITCHBURG,MA,014201932,42.598254850000004,-71.80841914533654,3,0
728aabae-4b13-3faa-a70d-457ca80f0c24,cac6f8b3-eafd-31b3-9fa3-8015752ccc2c,Jessie665 Pagac496,M,GENERAL PRACTICE,123 SUMMER ST,WORCESTER,MA,016081216,42.26496835,-71.79655403681465,71,0
057c0f59-b14a-3b8d-94ad-c51504c0222d,6e517750-a29e-3170-a02b-5733ff523458,Levi940 Abbott774,M,GENERAL PRACTICE,101 BARRY RD,WORCESTER,MA,016091275,42.3030701,-71.8333408960994,65,0
dbd5069c-2732-38c0-8baa-95f88a4f21c1,d36eba4a-0dfb-3a26-b9fe-eb74594bbe3c,Bonita405 Boyer713,F,GENERAL PRACTICE,1350 MAIN ST,WORCESTER,MA,016031550,42.2416259,-71.85047518091996,2,0
3a42df7e-1b54-335d-997c-c7dbff57c0a0,3f12ebb4-e03c-3453-88d2-4fc9682383df,Erwin847 Stiedemann542,M,GENERAL PRACTICE,726 COUNTY ST,NORTH DARTMOUTH,MA,027473603,41.6389926,-70.9703171,29,0
60217066-2ea3-3952-a4db-7a91abb6e75b,9c9d017c-0a4d-3e03-9802-4d310ea05c71,Essie785 Schaefer657,F,GENERAL PRACTICE,70 FULTON ST,BOSTON,MA,021091402,42.362439499999994,-71.05377386223965,4,0
b1604acc-2df6-3bd5-bde3-38ae14faf5ff,8ec2ca51-abb4-35dd-b90f-6c6aad6d2124,Rosario163 Galindo802,F,GENERAL PRACTICE,22 JOHNSON STREET,PEABODY,MA,019602311,42.54644385,-70.99288129112277,5,0
4bc4f184-c3f8-3344-a9be-af861f187896,8af3b144-0e1a-3c90-937d-81a4ed026080,Guillermo498 Fay398,M,GENERAL PRACTICE,800 WASHINGTON STREET,NORWOOD,MA,020623489,42.1886973,-71.2005241,5,0
774bfb90-b710-3512-ba99-ba3578ac0401,a35fd733-dc1a-33f0-a308-292ff5581287,Julianne852 Schaefer657,F,GENERAL PRACTICE,15 STRAW AVE,FLORENCE,MA,010621491,42.335654,-72.663286,28,0
86e63f9f-5b5c-325e-93dc-268a5fa16678,125eccb3-d003-34ea-9bd8-360dff059782,Rolande819 Gerlach374,F,GENERAL PRACTICE,125 PARKER HILL AVENUE,DEDHAM,MA,020266146,42.2489143,-71.1755732,176,0
a3e59aa3-fee0-38b4-bd35-b12778710e3e,e5b9db6a-8dd8-3622-b9ce-3dc593e111d1,Carmelita854 Tromp100,F,GENERAL PRACTICE,1223 BEACON ST STE A,BROOKLINE,MA,024465332,42.3430087,-71.1170155,50,0
b768de70-d6dd-3807-963c-df516a885717,aad05540-c9cb-3805-b3c4-f9b9d9b42b2e,Quentin28 Fritsch593,M,GENERAL PRACTICE,821 E MAIN ST STE 3,CHICOPEE,MA,010206306,42.155774795300516,-72.55672263289513,40,0
0e210976-e307-350b-b1f0-e7e46227f0a6,ce3b504c-f15c-3bcf-ba6e-dcb551cc7d7f,Dale454 Schmitt836,M,GENERAL PRACTICE,112 SOUTHAMPTON ST,BOSTON,MA,021182711,42.33240995,-71.06915010706255,55,0
0d624bd0-85b0-32a4-be9f-b5e0cf3cbd50,eea92149-820f-301f-911e-b170e8312842,Tracey100 Hamill307,M,GENERAL PRACTICE,123 SUMMER STREET,WORCESTER,MA,016102177,42.26496835,-71.79655403681465,22,0
93440243-829b-3914-8786-53a5cf5232e7,0e9d0119-1157-35a0-8bb5-7e0aa3041928,Gino587 Trantow673,M,GENERAL PRACTICE,1049 MAIN STREET,SPRINGFIELD,MA,011032114,42.09977055,-72.58470990760483,31,0
7c1f2be0-3a3f-3656-a171-b51bb9aeebb3,2f5c26cd-be8d-351a-97af-23fbcaba0967,Jamal145 Casper496,M,GENERAL PRACTICE,36 CORDAGE PARK CIR,PLYMOUTH,MA,023607320,41.978323,-70.689036,1,0
89a37523-9ae3-37d7-a18f-fbc48605bc46,cbebae9e-f95e-3d2c-9712-289ea8d6aeec,George991 Haley279,M,GENERAL PRACTICE,49 ROBINWOOD AVENUE,QUINCY,MA,021698130,42.2509914,-71.0037374,45,0
71719b96-96e2-372a-8ec8-12904ebdc404,1cec4304-9757-3a10-ad4f-7e2090c56131,Theo630 Rohan584,M,GENERAL PRACTICE,55 LAKE AVE N,WORCESTER,MA,016550002,42.2774799,-71.76166994969458,838,0
0542889e-1694-3ddc-bfe3-0eefeebaa167,26d8e700-7d84-3b34-bfad-274b535ec244,Olin642 Padberg411,M,GENERAL PRACTICE,421 North Main Street,Leeds,MA,01053,42.345066,-72.68291,59,0
e8be567f-f4dc-3c23-832e-ee017897961d,411f14a5-de79-3e08-81d6-301270cc2275,Fredrick998 Harvey63,M,GENERAL PRACTICE,64 CONCORD STREET,WILMINGTON,MA,018872179,42.55962465,-71.13772203658047,55,0
0d73ae7f-bbb2-3919-bd99-30b08cbb1c6c,a5577e5c-b886-37a0-8eee-8ff6feb7ea6b,Synthia172 Keebler762,F,GENERAL PRACTICE,330 MOUNT AUBURN ST,CAMBRIDGE,MA,021385502,42.3741033,-71.13417575971958,120,0
47affc2e-5f14-3bf4-b538-73ad582148b2,20df65a4-7567-3066-b680-0f71b0c31d38,Rayford811 Bashirian201,M,GENERAL PRACTICE,242 GREEN ST,GARDNER,MA,014401336,42.58685735,-71.98748072431209,19,0
54073ff3-e7cd-3b38-b62e-15efb2e11d4d,5581e43d-0463-3a0b-afc7-a60aea5ac96c,Benita195 VonRueden376,F,GENERAL PRACTICE,57 RIVER RD,ANDOVER,MA,018101144,42.69112645,-71.19636086287642,82,0
62e4375e-6b76-3b56-8d33-31a8ba4ad48e,7dcab1ad-0e13-3700-9eb0-70767c5e2b55,German382 Wilkinson796,M,GENERAL PRACTICE,1515 ALLEN ST,SPRINGFIELD,MA,011181803,42.095299499999996,-72.50943136142334,7,0
b89cd323-f164-3ea9-940b-7e298b691054,9485907a-9f9c-3c19-a424-b402ee8f99c2,Tynisha348 Bogisich202,F,GENERAL PRACTICE,101 PLANTATION STREET,WORCESTER,MA,016043025,42.258026400000006,-71.78384882397785,8,0
32c27593-1539-3857-90e8-17d882662918,9b8a7a25-b923-3710-9f3c-d42919a3f54f,Heriberto162 Ondricka197,M,GENERAL PRACTICE,146 MAIN ST,MAYNARD,MA,017542651,42.4309786,-71.4552968,57,0
66b4ddca-2901-3349-ad13-29f211350e1a,9dbd44ba-59b2-3d1d-ac91-3880af8081d2,Rob341 Larson43,M,GENERAL PRACTICE,529 MAIN ST STE B,ACTON,MA,017203965,42.4878132338563,-71.43046999422496,42,0
44969741-a6b5-3038-be0a-81fefe5b51c5,845fbd9b-2d1c-39a8-8261-28ae40e4fab2,Bennett146 Rippin620,M,GENERAL PRACTICE,14 PROSPECT STREET,UPTON,MA,015681431,42.1700209025178,-71.59409308099494,128,0
797a48b1-33c4-3267-8c87-9d70c279652e,946ec45f-5c4a-361f-b158-927144864133,Glynda607 Harvey63,F,GENERAL PRACTICE,19 MIDSTATE DRIVE  SUITE 130,AUBURN,MA,015011856,42.1894693,-71.85604765,3,0
a06c57a3-f94c-38a7-92da-07c740983c0e,bac9dc0c-cb0f-3fa6-aa12-819dd0fb922a,Floy720 Greenfelder433,F,GENERAL PRACTICE,1493 CAMBRIDGE ST,SOMERVILLE,MA,021452935,42.3875968,-71.0994968,131,0
92887bb7-91d4-3c31-ad4d-ab2519b6b91d,9ce6072b-d039-3cde-8eaf-950211b8ae88,Josefina523 Portillo767,F,GENERAL PRACTICE,147 S MAIN ST,MIDDLETON,MA,019492446,42.585787222720036,-71.00861442427218,18,0
1f5fb40a-d3da-364e-a87a-361b5f709b43,af8566eb-8918-3ec7-ba44-92b6a2cf8097,Madelaine318 Walker122,F,GENERAL PRACTICE,81 HIGHLAND AVE,SALEM,MA,019702714,42.5112107,-70.90516241826194,49,0
e2695d1e-024b-3a88-9fe7-df441b21c230,d4a03501-69f6-3a89-ac27-ed25976fdb6f,Clarence5 Hyatt152,M,GENERAL PRACTICE,25 WOODLAND ROAD,STONEHAM,MA,021801705,42.450448800000004,-71.09076944938434,11,0
dc72e9c9-40d8-3d44-ad1d-bde6635e3e13,ecd3b321-0a8a-3ce6-81f0-982dd77fce43,Tracie996 Lesch175,F,GENERAL PRACTICE,25 HIGHLAND AVE,NEWBURYPORT,MA,019503867,42.81369325,-70.89091645747592,85,0
7322baae-57cc-305c-bcdb-09eaf06c2bed,a036cdf2-bbc5-3ffd-987f-56e437fd8b74,Lashanda692 Gutmann970,F,GENERAL PRACTICE,265 N MAIN ST,SOUTH YARMOUTH,MA,026642083,41.680980000000005,-70.18292625685085,8,0
8a30a702-5ac2-3bf8-a6c4-fe35e5affbf0,4f5e8f16-a31b-3071-8556-d7188ede313d,Barrett790 Wolf938,M,GENERAL PRACTICE,575 BEECH ST,HOLYOKE,MA,010402223,42.20105435,-72.628169560868,7,0
6100e561-9346-352c-87a0-419042edc51d,ae3eab22-8868-37bb-9a59-2b8bfe14bf34,Minh326 Smitham825,M,GENERAL PRACTICE,2033 MAIN STREET,ATHOL,MA,01331,42.58522105,-72.20868129339888,1,0
a7929c91-5645-3253-98ef-cb0c6e7438dd,615416de-5217-3c11-9828-2d4bacd1d9cb,Keli839 Williamson769,F,GENERAL PRACTICE,434 ROUTE 134,HYANNIS,MA,026011854,41.6753274,-70.309939,3,0
1ee8308e-e5f8-34eb-b02c-85f51b7af434,41f66e18-8eb7-32f2-9371-7df5bf2b8d21,Lonnie913 Mraz590,M,GENERAL PRACTICE,170 UNIVERSITY DRIVE,GREENFIELD,MA,013011238,42.6097476,-72.5979752,1,0
5d929a2c-8cf0-3565-b525-7bcc333080ca,a25107f7-f4f5-36fc-98e4-f3e1b5875c91,Tracy345 Wilderman619,M,GENERAL PRACTICE,1285 BEACON ST,WOBURN,MA,018012157,42.4979478,-71.1684508,15,0
06dfc7b0-2667-36da-bb8e-ccb368ba7012,0e6c3ad1-24c1-34cb-bb6d-e8438fa319e2,Eufemia350 Casper496,F,GENERAL PRACTICE,50 DODGE ST,SWAMPSCOTT,MA,019071300,42.4699241,-70.9171507,2,0
62dbcaf0-92fc-3b03-8940-139ada95b608,45db4ed7-a93e-3946-9c31-b567ca373de6,Domenic627 Toy286,M,GENERAL PRACTICE,7 Drydock Ave  Suite 2070,Boston,MA,02210,42.34461,-71.03728,16,0
4c08c7c0-220a-3243-8130-70be8322b837,05fcf001-ab24-3d7d-85f7-f64942d82738,Nickolas58 Schumm995,M,GENERAL PRACTICE,250 POND STREET,FRAMINGHAM,MA,017014592,42.2838619,-71.4093719,115,0
6bc9b64c-ad43-3bc1-a74f-7f138212fb1e,7e6db51f-7c1b-3555-9e1c-6269ba6d704d,Drew592 Streich926,M,GENERAL PRACTICE,120 STAFFORD STREET SUITE 206,WORCESTER,MA,016031461,42.239638,-71.8443785891577,22,0
d802ee31-6394-3f7c-8daa-21f07ddacb5b,e87cda4c-1ad8-3a9e-b55f-7bfe987610ce,Josh874 Bechtelar572,M,GENERAL PRACTICE,326 NICHOLS RD,FITCHBURG,MA,014201914,42.5974358,-71.80761197366103,39,0
b33e59bc-8a74-38e2-8064-38a26e52032d,62ccfb55-1f60-3450-a607-706bedc9ef4e,Gerda633 Greenholt190,F,GENERAL PRACTICE,120 MURRAY STREET,MEDFORD,MA,021551300,42.42974035,-71.08853906104483,2,0
79574930-096b-337c-a61a-18cb2bba64ee,7d627533-adbd-320a-9054-db91a2811597,Rachell479 Schroeder447,F,GENERAL PRACTICE,480 JACKSON ST,METHUEN,MA,018444020,42.7327291,-71.16807304424162,1,0
c8bbc368-8cc7-3667-b8f3-20dabcbacf94,e5d50afe-8c7d-35f5-96f5-fb8941403b0f,Justin359 Hayes766,M,GENERAL PRACTICE,125 S CLARK ST STE 900,FALL RIVER,MA,02722,41.74223,-71.129706,28,0
aaf17514-b13a-33b3-9c3a-c57ab0c28907,9adfae03-673d-365d-9052-f705098fa3e4,Daniel959 Wolff180,M,GENERAL PRACTICE,51 BLOSSOM ST,BOSTON,MA,021142699,42.36305545,-71.06643399281765,118,0
6ebd9503-019f-3841-a786-38a44cbd3e2b,48a07866-e8d7-3268-aa3c-ca3237c8e6f3,Devona405 Stamm704,F,GENERAL PRACTICE,188 PROVIDENCE ST,HYDE PARK,MA,021361861,42.2682551,-71.12174592925336,77,0
322d24ed-97bf-3bf3-ae46-6b2baeaf2226,9f85a8c8-007c-3490-a7b7-4a0324c13307,Ignacio928 Coronado577,M,GENERAL PRACTICE,70 FULTON ST,BOSTON,MA,021091402,42.362439499999994,-71.05377386223965,49,0
7599f853-0382-33ed-a2f9-79e6d71ab321,a130ed39-d3a2-3b2a-91fe-0c14f5e26eb2,Chery887 Nicolas769,F,GENERAL PRACTICE,EAST CREEK ROAD,NANTUCKET,MA,025544015,41.273999,-70.091114,8,0
29230b2e-9a2b-3b9f-999b-e861131cd14e,89171335-b9c0-3326-98d6-a837d432b9fd,Louis204 Hauck852,M,GENERAL PRACTICE,150 FLANDERS ROAD,LYNN,MA,019042915,42.466763,-70.9494939,778,0
eb17781c-8213-3244-8a4a-258d5dbf1a3d,01bde980-bf89-3138-8912-7360dff33247,Caroline183 Lang846,F,GENERAL PRACTICE,456 PARK AVE,WORCESTER,MA,016101254,42.25512735,-71.82580924803523,10,0
c38d0389-b45e-3487-afb4-0a2b34758cbb,979d5316-97f4-335d-af9d-d0afba85dc6a,Jolyn4 Borer986,F,GENERAL PRACTICE,57 PROSPECT ST,NANTUCKET,MA,025542799,41.27514065,-70.10108985970798,107,0
59d78f0f-c0a1-3e07-a8a5-5b779f806db2,217cb6f6-e822-3831-9d9d-ffa104971042,Cira533 Jakubowski832,F,GENERAL PRACTICE,2 REHABILITATION WAY,WOBURN,MA,018016003,42.46352265,-71.161925472006,116,0
cc3102b2-8f61-3390-aa9c-ca450ca067eb,e2a8b444-9b8f-36ff-84c4-05ee98589482,Francisco472 Gusikowski974,F,GENERAL PRACTICE,8 SHIPWAY PL # C-8,CHARLESTOWN,MA,021294301,42.3778749,-71.0619957,142,0
7e3662b2-586f-31b0-a144-875048f0340c,121b0ad1-1beb-3caa-9271-3d3f726bb727,Cortez851 Price929,M,GENERAL PRACTICE,1030 MAIN STREET,WALTHAM,MA,024517447,42.375828,-71.2527956,9,0
4320b86a-bd94-3535-ba8f-83096ac20e66,883f57b8-89c6-3dc4-b6da-047705c88623,Parker433 Bailey598,M,GENERAL PRACTICE,363 HIGHLAND AVE,FALL RIVER,MA,027203703,41.7093779,-71.1460783680883,15,0
f89b9c3c-1852-3282-b5b5-692b2aba752f,2fc3d86d-4194-3ad1-bb8a-99d5d34119a1,Trent525 Krajcik437,M,GENERAL PRACTICE,300 CONGRESS ST STE 203,QUINCY,MA,021690907,42.2345525,-71.01493330273374,43,0
0040bb1b-5cde-39e1-8022-7a393b189ff6,67cade01-dcfe-37b7-8e2c-b712d9e6fbba,Lelah386 Wintheiser220,F,GENERAL PRACTICE,694 MAIN ST,HOLDEN,MA,015201862,42.3406819,-71.8390289,43,0
3166f3d3-0257-37b9-8f4b-4d4b3313bd01,b954c464-11ea-312b-a3f8-1350775bfa54,Rupert654 Walker122,M,GENERAL PRACTICE,123 CAPTAIN'S ROW,CHELSEA,MA,021504019,42.3917638,-71.0328284,3,0
6351c4c7-da5d-3321-b66c-801d77db12e7,0dfa7ab2-4acc-360c-ab55-beb8e38a8c1d,Arnoldo445 Osinski784,M,GENERAL PRACTICE,36 CORTADGE PARK,PLYMOUTH,MA,023607320,41.9426657,-70.7618592,34,0
990b98f9-0541-3721-b9b3-0a5228c6d4b4,7cb70963-6f86-3eab-a12b-88deb31de793,Katelynn452 Ledner144,F,GENERAL PRACTICE,18 DANA HILL ROAD,STERLING,MA,015642414,42.4106904,-71.7976286731579,37,0
6d2cd76c-9e14-3569-ba84-6e2d7c248faa,95f6c328-96dd-3fb8-a56e-9aad566094b4,Milda157 Schoen8,F,GENERAL PRACTICE,4 STONY HILL ROAD,WILBRAHAM,MA,010951027,42.1552861,-72.48384800788648,45,0
17a6d45e-2bc4-3ad9-a94d-1580e599bf13,53f086de-2fc7-3d35-92c2-aca4ed944e7f,Chang901 Kutch271,M,GENERAL PRACTICE,1 GENERAL ST,LAWRENCE,MA,018412961,42.7097143,-71.15007700778098,108,0
732b9e51-af2c-3de4-8f25-eccf305efd9f,20f63278-6709-3195-b767-782d2a10bd5c,Jamie386 Krajcik437,M,GENERAL PRACTICE,640 CONCORD AVENUE,CAMBRIDGE,MA,021381116,42.389222000000004,-71.14799280677965,6,0
cb0e1de5-9eaa-311e-98e7-8c1c837f0269,8d81bd8c-ad6c-37f7-95c9-75fd3de24e86,Hunter736 Marquardt819,M,GENERAL PRACTICE,118 MAIN ST,STURBRIDGE,MA,015661533,42.0905134,-72.06606362965572,124,0
1bdd2370-1e06-3ba5-bf67-b96a2f1a576a,c05d73d0-b348-32ce-9fe5-13a720950f37,Rema399 McDermott739,F,GENERAL PRACTICE,45 DRUM HILL RD,CHELMSFORD,MA,018241503,42.6255635,-71.3615131,33,0
99f97618-a9c3-3d5b-818d-4d65406f7062,0e061004-bcc0-3e99-a237-d700823e817b,Cesar434 Lehner980,M,GENERAL PRACTICE,570 BALDWINVILLE RD,BALDWINVILLE,MA,014361351,42.5953045,-72.07447782689232,56,0
f482e812-a7ce-37c8-88c9-a52d71499ea6,de3cc142-803a-3ed4-8945-75ec88a84784,Brittni468 Trantow673,F,GENERAL PRACTICE,51 HOSPITAL ROAD,BALDWINVILLE,MA,014361215,42.6108483,-72.0608364,3,0
ff8c5359-eb7a-359f-a1a3-231b19039bd2,0592d4e5-a0fb-3143-83cd-8e5a6b066a96,Anderson154 Lemke654,M,GENERAL PRACTICE,20 EAST ST,HANOVER,MA,023391638,42.1278249,-70.82664947485381,176,0
2e80d806-aca0-3ffc-9503-d8f585741514,ba07b31b-bf14-39b8-be95-4c5ca5062daa,Hermelinda327 Hyatt152,F,GENERAL PRACTICE,1575 CAMBRIDGE ST,CAMBRIDGE,MA,021384308,42.375209549999994,-71.10711344152975,93,0
6b8704fe-f03d-3615-bcf2-2c96c9deea37,14036728-b721-3e4b-8755-8ee8ab6ed15e,Melodie819 Schmeler639,F,GENERAL PRACTICE,625 MOUNT AUBURN ST,CAMBRIDGE,MA,021384518,42.375351,-71.1468628,46,0
