Id,ORGANIZATION,NAME,GENDER,SPECIALITY,ADDRESS,CITY,STATE,ZIP,LAT,LON,ENCOUNTERS,PROCEDURES
c97aa593-8db1-3014-b02e-31eb8146041a,74ab949d-17ac-3309-83a0-13b4405c66aa,Ted955 Reilly981,M,GENERAL PRACTICE,881 Main Street,Fitchburg,MA,01420,42.586487,-71.80521,339,0
f5243f4c-eff6-37fc-a931-eb8e7bf8c3c4,faffaf6a-ee1a-3673-b0b0-421a9c249244,Gustavo235 Armstrong51,M,GENERAL PRACTICE,66 WASHINGTON ST,STOUGHTON,MA,020722571,42.14415820061801,-71.10378319512402,63,0
7731ab1d-8059-3fff-b9e4-3914cf627ef1,17a4bae5-8b64-34d7-8144-b428be027bd0,Lindsay928 Ward668,M,GENERAL PRACTICE,512 MAIN STREET  SUITE 211,SHREWSBURY,MA,015456406,42.295109499999995,-71.71808471110307,3,0
a6ed2156-576c-3e82-b24d-0ee414791c18,e09d4c49-c2ef-3b0f-9a46-3719d9219306,Jules135 Emard19,M,GENERAL PRACTICE,60 HOSPITAL RD,LEOMINSTER,MA,014533290,42.54031915,-71.76312990486304,34,0
20254285-9ad4-3f10-b601-1177dd7f2a3d,d2284f74-b6da-3a15-9791-84cdf2db18fb,Fernande593 Mosciski958,F,GENERAL PRACTICE,331 E FALMOUTH HWY,E FALMOUTH,MA,025366039,41.57853245,-70.5617374807812,79,0
2d9a2e3b-5cba-3ffc-a0ea-b6f1f0ec5451,ab701a70-a658-340e-8f69-ee196a7d40c6,Elisa944 Villegas15,F,GENERAL PRACTICE,484 RTE 134,WORCESTER,MA,016071728,42.2625621,-71.8018877,39,0
4907f574-d8de-32f0-ab9f-755c59edaa1d,11ba6a26-59b4-3728-a268-6dc9929962b4,Agustín529 Lucero848,M,GENERAL PRACTICE,200 GOVERNORS AVENUE,MEDFORD,MA,021551644,42.42711615,-71.1121606632448,13,0
3a300094-72bb-3437-a1d5-7c508063f5e8,f736c0f5-6d39-3e26-8ac1-39e1fc60dfbe,Huong243 Jakubowski832,F,GENERAL PRACTICE,11 QUARRY HILL ROAD,LEE,MA,012389645,42.2816564,-73.25307843923315,56,0
681161b6-f8ed-32ef-8cd3-dafcd80ebae6,52ecddd8-42f6-35cc-88a5-cf474c02fb49,Maxima831 Fahey393,F,GENERAL PRACTICE,94 OBERY STREET,PLYMOUTH,MA,023602130,41.93725,-70.65503160208334,14,0
88366a8a-948e-3544-8cea-7b48374364e1,2b376b69-72ac-3d68-aceb-018e82b8fc8f,Shaquita282 Klocko335,F,GENERAL PRACTICE,113 CENTRAL AVE,HYDE PARK,MA,021363021,42.26077065,-71.1187885119897,1,0
f2df745c-c6db-3596-9f23-6414562507ff,817a1428-2045-3e89-9fa2-ef7d287d6fa5,Dana512 Schuster709,M,GENERAL PRACTICE,70-71 N PARISH RD,LAWRENCE,MA,01843,42.690315,-71.150015,5,0
1171b72e-e581-3a6a-8d2c-937f70b925eb,667b46fe-0afa-3f70-a311-bbe3d52db050,Mickey576 Borer986,F,GENERAL PRACTICE,757 BOSTON POST RD,WORCESTER,MA,016071728,42.231371,-72.165386,13,0
f44cdf5e-d1fa-38ef-8d7a-16eb4b718607,0ff7cb48-0c93-31cf-9442-0b034084d588,Erlene813 Kreiger457,F,GENERAL PRACTICE,2 BEAUMONT AVE,BROCKTON,MA,023023302,42.0835203,-70.98856021035954,1,0
b9db8d89-4db4-3ba4-ad1f-c23fe98f1b98,a4af40b8-0ddb-34bb-ae4a-95a17e9ad6f3,Tambra47 Heaney114,F,GENERAL PRACTICE,100 MYLES STANDISH BOULEVARD  SUITE 103,TAUNTON,MA,027807340,41.948930849999996,-71.14141318475193,12,0
adcf8061-fd98-377e-ba7d-cc87cbadb7d0,fe675917-7b09-3afd-a6e6-128cc4de4734,Rod343 Kohler843,M,GENERAL PRACTICE,319A ALLSTON STREET,BRIGHTON,MA,021357652,42.345093,-71.139804,12,0
1fab5bf3-27c3-3cfd-927e-c985ea90b277,5fcff9db-16e4-3e56-aa78-abbc16338097,Marcus77 Schamberger479,M,GENERAL PRACTICE,295 VARNUM AVE,WESTFORD,MA,018863513,42.5792583,-71.4378411,185,0
69054674-997e-359f-84fc-c82c50f87062,233b0cce-d2eb-3d4e-bbfb-539cb9dccf4c,Carmen818 Christiansen251,M,GENERAL PRACTICE,100 LOCKE DR,MARLBOROUGH,MA,017527235,42.34926605,-71.580845441892,1,0
c1fa8753-a817-3fcb-958f-36d880f6d31a,c272e12f-e154-3fee-b05d-b7c0cab2657d,Trinidad33 King743,M,GENERAL PRACTICE,800 WASHINGTON ST,NORWOOD,MA,020623487,42.1886973,-71.2005241,11,0
797ba6df-6447-3e4f-9037-9c6c1abb036b,b66db758-a205-3227-9cfb-bf19d2c1962d,Jamal145 Stroman228,M,GENERAL PRACTICE,121 HARVARD AVENUE  2ND FL,ALLSTON,MA,021342702,42.35241825,-71.13220132573996,12,0
97ffc3a7-3963-326e-8562-8a3c130de3da,0ddb0329-b59d-3187-874c-602c649249c8,Eldon28 Cassin499,M,GENERAL PRACTICE,115 W SILVER ST,WESTFIELD,MA,010853678,42.1178811,-72.75935246865802,3,0
e9dae043-7d26-3b1a-961a-df5bb45a86bf,1e3ca321-fbbb-3546-b9ea-c3761a20324a,Clotilde434 Howe413,F,GENERAL PRACTICE,605 Lincoln Street,Worcester,MA,01605,42.297756,-71.766815,901,0
4eb10e29-093d-3b89-98dd-dd4723d63db3,02c936e2-3aee-38b2-88a4-81f3689b7bb7,Royce974 Kohler843,F,GENERAL PRACTICE,120 FISHER AVENUE,BOSTON,MA,021203320,42.3276141,-71.1051603,2,0
e4abba0c-fa40-3c4e-b96a-abea102fd0f3,a14e698d-a9ba-3eae-9c8b-682ec726433d,Karla801 Cummerata161,F,GENERAL PRACTICE,776 WESTERN AVE,LYNN,MA,019052408,42.466763,-70.9494939,36,0
18670ae2-e5c0-3e8e-b6ea-a300cf221bc2,dd9914b0-9491-3330-a890-d34e95e497ea,Benito209 Rojas511,M,GENERAL PRACTICE,1061 PLEASANT ST,NEW BEDFORD,MA,027406728,41.64280275,-70.92865004309593,65,0
1ab0ea7f-0d2b-35cd-a3e4-c0e7d8cc7dce,4c1a8ea6-b690-3c28-a02e-ebd82190ee65,Marcos263 Cronin387,M,GENERAL PRACTICE,885 WASHINGTON ST,BOSTON,MA,021111415,42.3479909,-71.064924,8,0
6f903950-38d3-32c3-b76f-94a8d8d6b029,a7147477-c4dd-3018-b921-2707d7e098ee,Blair400 Kreiger457,M,GENERAL PRACTICE,164 PARKINGWAY,QUINCY,MA,021695020,42.245070088637796,-71.00313070924581,8,0
1fea5fdb-f996-3d5e-b32e-0c88c8267557,d613e441-68e8-3502-8adb-3f770a1276bf,Colin861 Witting912,M,GENERAL PRACTICE,114 WATER ST,MILFORD,MA,017573007,42.13661855,-71.53474614336832,60,0
54d26663-54f2-3cb5-802c-0186c77bad4b,b03b624d-c939-3688-986d-9555b8009a3b,Trinity427 Hartmann983,F,GENERAL PRACTICE,230 MAPLE ST,HOLYOKE,MA,010405144,42.207406,-72.608419,29,0
5c9ee209-b6f4-3d3c-ac84-9bf2d44b7bbb,eed72b73-31ec-3f0a-9ec4-cee4ea7da02a,Love546 Stoltenberg489,F,GENERAL PRACTICE,154 WATER ST,DANVERS,MA,019234103,42.54484315,-70.91821226389943,1,0
86b09708-5905-32be-b34f-640eb6f0dae3,18061fd5-fda8-3e2d-87f0-0f3c87211bcc,Omer483 Koepp521,M,GENERAL PRACTICE,1493 CAMBRIDGE ST,SOMERVILLE,MA,021431408,42.3875968,-71.0994968,153,0
0ff4d0ee-87cf-3cf4-ad1f-79389c5c09a0,1faab3d1-2ae5-3110-8e5f-c65b92ca906d,Theodore876 Ankunding277,M,GENERAL PRACTICE,29 LEWIS AVE,GREAT BARRINGTON,MA,012301713,42.19093125,-73.3715000043024,15,0
1b786cab-64be-3f59-a963-477a5d34473d,c64c848c-0315-3115-87fa-80c360bb6a73,Sondra191 Zieme486,F,GENERAL PRACTICE,142 BERKELEY ST,BOSTON,MA,021164608,42.3489076,-71.0721378,60,0
00d2fcb4-6b65-3208-8f4d-329112ccdb6e,7489f6e0-fee6-3fff-90b6-444868eb907c,Mariette443 Rau926,F,GENERAL PRACTICE,1 KIDDIE DRIVE  SUITE 106,AVON,MA,023221182,42.130150349999994,-71.05720685110387,3,0
72f39843-c3a7-303a-ade6-53dd923992e5,06f1d816-dd54-3409-bd94-8dc2745f807c,Josefina523 Esparza426,F,GENERAL PRACTICE,12 KENT WAY  SUITE 210,BYFIELD,MA,019221221,42.75468625,-70.9451078257969,6,0
4578a28c-632a-3c78-8e29-eb309d3f7aaf,fe30f2b4-9bc8-346e-afba-4455d1766545,Georgetta870 Turner526,F,GENERAL PRACTICE,17 LAFAYETTE AVENUE,CHELSEA,MA,021502010,42.40019115,-71.03050082480353,2,0
21b45f0d-c722-3756-8aa5-b8f73b1de0eb,13161e5b-02d2-3d19-8b48-26ef0becfc83,Janet238 Crooks415,F,GENERAL PRACTICE,165 CAPTAIN'S ROW,CHELSEA,MA,021504019,42.3917638,-71.0328284,2,0
a861a391-d41b-316a-9dd4-ddff4383bea8,0fedae9f-701f-3317-9b2f-69aea2202cdc,Sharron285 Batz141,F,GENERAL PRACTICE,88 EAST NEWTON STREET,WINTHROP,MA,021522715,42.3750976,-70.982827,901,0
39856475-8acc-3076-a6a6-2ba195855998,9043e647-568d-3e87-9fc0-756a416392d3,Alica364 Hartmann983,F,GENERAL PRACTICE,27 CENTENNIAL DR,PEABODY,MA,01960,42.52388415,-70.9519832,49,0
d084c2ce-ae55-381c-95cc-8dd07a3ca9f6,9ab139f5-d278-31b4-b44e-feffdea65613,Shayla126 White193,F,GENERAL PRACTICE,88 ROUTE 6A 101,SANDWICH,MA,025631866,41.764922,-70.502215,2,0
0e33412d-60e1-31e6-a31d-e8bbb54ba36b,aade280a-3b90-3e48-9648-91109a964a63,Josef103 Klein929,M,GENERAL PRACTICE,909 SUMNER ST,DARTMOUTH,MA,027473826,41.6332267,-70.9879928,86,0
ae1aeaf7-82ad-3c03-a1fd-14799b233bd0,981338c4-287c-3621-bc45-8b0b9f1b8922,Esteban536 Caraballo427,M,GENERAL PRACTICE,640 BOLTON ST,MARLBOROUGH,MA,017523999,42.3658183,-71.55914630258509,58,0
5c391072-da91-3e2d-8c88-378450ad82a4,e59fb2d5-508c-38c6-af2e-21d8216dd2b0,Cecilia788 Echevarría842,F,GENERAL PRACTICE,759 CHESTNUT ST,WARE,MA,010821625,42.256476,-72.237482,429,0
d2c2f039-2500-3a40-8dcd-9f32370fe8de,7a3b8310-02eb-3c47-aa1b-3f55b3ed9de9,María842 Benítez559,F,GENERAL PRACTICE,6 HATFIELD ST,NORTHAMPTON,MA,010602545,42.333172950000005,-72.6566355591273,2,0
4ecc94d9-c70b-360e-b3d7-ede5e5bd43a8,ecadbc11-930c-3903-b706-f8ef4bc9089e,Erwin847 Baumbach677,M,GENERAL PRACTICE,780 CHESTNUT ST,SPRINGFIELD,MA,011031109,42.1211633,-72.60614164702717,44,0
1dfdcda9-dfd5-3702-8d0b-373d528be246,980d9bfa-a344-3bff-8c02-232dd0e8fd34,Pearlie554 Lakin515,F,GENERAL PRACTICE,100 TRADE CENTER SUITE G-700,WOBURN,MA,018011851,42.4792618,-71.1522766,51,0
aca66a45-06cd-375b-95d3-25ee3e2c0dea,794b1cc2-97be-30a4-83a0-4bf6add43c74,Hugo693 Gutmann970,M,GENERAL PRACTICE,215 THATCHER STREET,BROCKTON,MA,023023949,42.0740963,-70.99660306096918,7,0
792832d3-02f8-3d67-b481-2a9c8471a34b,440fa4b8-c731-3cf5-81d9-aa3f30a37b95,Bennie663 Abbott774,M,GENERAL PRACTICE,41 & 45 MALL ROAD,PEABODY,MA,019602901,42.5278731,-70.9286609,71,0
7201a038-f3be-3ab6-9389-d27edf0ba946,0fab3c4e-a028-39a6-b15a-be5a88b6aa2a,Miyoko154 Paucek755,F,GENERAL PRACTICE,222 STATE STREET,LUDLOW,MA,010563437,42.15547415,-72.47222226666076,38,0
739c9593-dc76-3e34-9583-dc5536e0dee2,b0016371-afcb-37a6-8f90-5e3786e7806f,Shella455 Toy286,F,GENERAL PRACTICE,629 SALISBURY ST,WORCESTER,MA,016091120,42.2932691,-71.8390048,1,0
e80c24db-a9ec-3300-9d29-e82765c791de,86880e58-8753-3c63-b057-33781df70528,Glenn0 Keeling57,F,GENERAL PRACTICE,49 SAMOSET AVE,HULL,MA,020452512,42.2810432,-70.8703157542509,29,0
c0b31122-0a50-3066-b0bb-6527b30b1a28,83f59b06-c094-345b-afae-856f22c1ac2c,Justin359 Gutmann970,M,GENERAL PRACTICE,255 Park Ave Suite # 900,Worcester,MA,01609,42.265556,-71.818665,147,0
044fc678-37da-32ff-9a7c-c2ba7ee4cb7f,e9a24be5-b0a3-3fd2-a606-dd13498024ea,Estella474 O'Hara248,F,GENERAL PRACTICE,85 E MAIN ST STE A,NORTON,MA,027662307,41.971697,-71.17689334021827,92,0
7a507814-f051-3eaa-9e9a-af939c85e037,57e4e5fa-d68d-3caa-a5ad-37beb1b51207,Abdul218 White193,M,GENERAL PRACTICE,800 WASHINGTON ST,NORWOOD,MA,020623487,42.1886973,-71.2005241,3,0
d63a3d26-90ef-3073-bd62-8a4114531882,2befa435-3070-3350-a15c-e43ac1e84b24,Mateo562 Arredondo74,M,GENERAL PRACTICE,575 BEECH STREET,HOLYOKE,MA,010406604,42.20105435,-72.628169560868,14,0
703ce50d-b1db-348b-b3d0-200175c76682,ad82d624-72eb-3c7d-a76d-79f2668d1390,Samuel331 Alicea505,M,GENERAL PRACTICE,3 WOODLAND RD,STONEHAM,MA,021801711,42.452443099999996,-71.08939988105112,108,0
d7296edd-c86c-3e86-bd05-0ff5c0cd9a17,b8421363-9807-3b16-a146-95336eea5cfb,Saundra460 Kuphal363,F,GENERAL PRACTICE,30 LOCUST ST,NORTHAMPTON,MA,010602052,42.33032115,-72.65330802608176,163,0
e45cc07b-cb9e-311e-a186-ac5937880cb2,8424b5ec-ba0a-32e9-94ae-a9d397884093,Ileen763 Casper496,F,GENERAL PRACTICE,49 BLANCHARD STREET  SUITE 101,LAWRENCE,MA,018431456,42.69651155,-71.1612176954981,4,0
6e273be4-0bac-309e-b8b8-53e45dfd220b,3498e7d3-90fd-366b-bc6a-6f41dad6bae6,Olympia319 Bradtke547,F,GENERAL PRACTICE,112 WEST MAIN STREET,NORTHBOROUGH,MA,015321824,42.318559050000005,-71.65097281611972,15,0
e9c672bb-2439-3f7a-894e-5743a100ba28,cf188e5a-8e03-39fa-9b64-542d64aff1eb,Clyde817 Schroeder447,M,GENERAL PRACTICE,300 BARBER AVE,WORCESTER,MA,016062476,42.295748599999996,-71.7982883685108,1,0
05365771-d7b2-3628-9ecc-618da8770485,24460683-f514-37ef-98c1-724b2fc9aa2a,Dale454 Wilderman619,M,GENERAL PRACTICE,60 HODGES AVE,TAUNTON,MA,027803034,41.91158935,-71.10129620180315,91,0
46f075f9-609f-3c29-96c9-dc624a74960f,901c2d40-1ca3-3879-9a20-c663b8adc0a9,Emory494 Schuster709,M,GENERAL PRACTICE,800 WASHINGTON STREET,STONEHAM,MA,021802445,42.4863168,-71.0928919,549,0
edf82231-e512-3e5c-b6bf-005b3651deb4,6170552c-4d27-3e64-8068-64a380f1837d,Leo278 Pacocha935,M,GENERAL PRACTICE,76 SUMMER ST,HAVERHILL,MA,018305814,42.7786873,-71.07306505177553,140,0
0da07f5f-2313-39f1-a346-e241b6769d90,22249c0a-8ce9-3726-a3bb-b037c773ce5c,Thaddeus38 Sauer652,M,GENERAL PRACTICE,337 NEPONSET AVENUE,DORCHESTER,MA,021223103,42.2875144,-71.0470691675753,9,0
1a00951a-d16a-3eae-889c-d74bbff0487e,38508743-50d1-3429-8fe2-37e42ddaf20e,Erick204 Mayer370,M,GENERAL PRACTICE,164 HIGH ST,GREENFIELD,MA,013012778,42.595268700000005,-72.59288632376354,784,0
e8982c30-177a-3bef-ba5a-f8a12ea73dfe,2f735290-1603-31b5-b561-7c8e0d413170,Amado512 Adams676,M,GENERAL PRACTICE,100 FOXBOROUGH BLVD STE 230,FOXBOROUGH,MA,020352878,42.041851949999995,-71.23486657070565,50,0
8d095d3e-7e66-3251-a3f4-b0c96e3ae9da,6b2e5b97-70f6-3219-8c99-86de138e6808,Tomeka87 Rutherford999,F,GENERAL PRACTICE,123 SUMMER ST,WORCESTER,MA,01608,42.26496835,-71.79655403681465,28,0
b369968e-37c1-320a-ae4a-0911866707ca,e1818b21-4458-3b9c-b2b8-7ed6f57ae078,Tamisha203 Wilderman619,F,GENERAL PRACTICE,2399 BOSTON ROAD,WILBRAHAM,MA,010951185,42.14668485,-72.45048427046072,2,0
7105cc66-bb71-361c-8f4b-582d5b6935d0,970993ce-f590-3150-9733-0e02c569b87f,Anthony633 Wilderman619,F,GENERAL PRACTICE,150 YORK ST,STOUGHTON,MA,020721829,42.144646800000004,-71.09875876961266,2,0
cd019c59-6e3f-3089-9c78-550a33b05806,328f813e-4de8-3ec2-a113-43f3ddfb0b2a,Victoria535 Roob72,F,GENERAL PRACTICE,30-40 WESTPARK STREET,BROCKTON,MA,023015241,42.0834335,-71.0183787,68,0
8d10ccc1-0f26-35d5-b770-51a45aa36183,f2068cee-c75c-321d-9b2c-c33535db89c9,Octavio643 Prosacco716,M,GENERAL PRACTICE,32 BOSSI AVE,RANDOLPH,MA,023682002,42.20017865,-71.0582074,48,0
fe96a6b8-7ff2-3702-b46a-5a3025cfb1d3,5018c664-e283-30eb-932a-529d9a19b3b5,Numbers230 Stehr398,M,GENERAL PRACTICE,300 SOUTH ST,WOBURN,MA,018014979,42.473347,-71.144086,10,0
118cb197-9010-3a51-a542-566255f15fb2,0caa0116-ef9a-3d4c-bcff-9c405a9d2bda,Yasmin241 Emard19,F,GENERAL PRACTICE,105 CHESTNUT ST STE 35,PLYMOUTH,MA,023604054,41.884685,-70.847219,103,0
c8ca2a62-6d9e-3fbc-bedb-dc8ccad44dc8,1cff30ba-b91f-3ea2-b80b-770d67856358,Annamae625 Halvorson124,F,GENERAL PRACTICE,359 JONES RD,FALMOUTH,MA,025403341,41.5591273,-70.60352436630029,50,0
2c0c0d9f-36f2-3746-85d9-ae5326103988,d4e48a16-0a60-3e90-81e5-c35b22ffe6af,Bertram873 Kutch271,M,GENERAL PRACTICE,856 STATE RD,NORTH ADAMS,MA,012473027,42.69967208677275,-73.16330754755236,10,0
341877e6-b432-35d9-9aa2-faf1499b16d6,4ff8b164-4cf5-3ab4-b0f2-7ce8fda920e5,Latrisha74 Mante251,F,GENERAL PRACTICE,800 WASHINGTON ST,WORCESTER,MA,016550002,42.180483,-71.867782,13,0
07447529-4670-32e8-9149-6fd5b50b77b6,bccd7d67-203c-3d93-b6b0-bff5a146cd1d,Paulene52 Kihn564,F,GENERAL PRACTICE,286 WASHINGTON ST,STOUGHTON,MA,020721763,42.1384306,-71.1022598,9,0
5cf415b8-aa23-3806-af53-983de5b93ce0,63cb4d95-04a9-3a35-b5d9-f89e0377a48d,Thanh759 Weber641,M,GENERAL PRACTICE,211 PARK ST,ATTLEBORO,MA,027033143,41.9419187,-71.2752081695297,285,0
6ebee9c3-8c21-3fee-a834-391cf6c79297,263d1b03-1560-3fc3-b93d-c33a0cbd5837,Nam74 Treutel973,F,GENERAL PRACTICE,10 RIVERSIDE DRIVE  STE 201,LAKEVILLE,MA,023471689,41.8771119,-70.92344635,39,0
5593cf4c-133d-346a-81de-104dafbceb6d,4e880cb9-1ca0-3582-b8cf-8a59b0d2b878,Haywood675 Bednar518,M,GENERAL PRACTICE,51 S CHURCH ST,PITTSFIELD,MA,012016178,42.44648205,-73.25863241543368,108,0
9abf46a0-a30f-3938-92ab-0982a6b9f602,a2a41caf-758f-3962-8e5f-e6e603f93d17,Noelle559 Padberg411,F,GENERAL PRACTICE,111 HUNTOON MEMORIAL HWY,ROCHDALE,MA,015421305,42.2020225,-71.89891616754682,196,0
efd8e092-b1ca-3257-bbeb-ecf4d2f04d4b,ca62a361-9c79-32d1-92cc-ffc0d5d19679,Sallie654 Barrows492,F,GENERAL PRACTICE,19 HENRY ST,SHARON,MA,020671714,42.109147300000004,-71.20768205338297,24,0
2d1266c3-388c-3f21-b7a8-9fc90f811aef,db28cc9a-fdfb-35a6-aef7-ab9b933ef244,Clement78 Gleason633,M,GENERAL PRACTICE,8 DANA STREET,CAMBRIDGE,MA,021385402,42.3694992,-71.11011030010101,5,0
7040ad3e-f2cf-3937-91c6-3dae14613a57,844a8cb2-4164-35b2-88b8-dffa2889a738,Shemeka786 Conn188,F,GENERAL PRACTICE,150 UNIVERSITY DRIVE,AMHERST,MA,010022232,42.368937,-72.53247107203978,3,0
ee6e9700-22c6-33d8-87d2-af50ec83e250,4e3c60e6-dbed-32c3-9b03-767d7fbc82b0,Gordon377 Lind531,M,GENERAL PRACTICE,222 RIVER RD,LEEDS,MA,010539783,42.364084399999996,-72.70745188531934,1,0
09a861fd-c186-3932-872a-185618612031,9d0e702d-50a0-3f4c-9126-0951d560fd4b,Otha286 Roberts511,M,GENERAL PRACTICE,189 MAY ST,WORCESTER,MA,016024339,42.25986305,-71.83597786023279,561,0
9d17833b-c1d6-3c3c-9b63-c39d6c1422f3,c7542447-e06e-32cb-b6db-243c23a0dbc2,Chantell995 Krajcik437,F,GENERAL PRACTICE,30 WARREN ST,BOSTON,MA,021353602,42.3501483,-71.14393324457691,226,0
e14d526c-3b33-33e3-9896-f779d306205b,d9fe2c9c-135e-3da3-8de8-1a0ff165d886,Bettina657 Marquardt819,F,GENERAL PRACTICE,1430 MAIN ST,WORCESTER,MA,016091121,42.2492003,-71.92931780325071,31,0
87b31279-2e0d-3ba4-8dbf-bc746f4d5547,50c47685-8125-3c50-8311-8bd7ba9e9108,Beth967 McKenzie376,F,GENERAL PRACTICE,4199 WASHINGTON ST,ROSLINDALE,MA,021311733,42.2871447,-71.1277526,14,0
8397d010-6c69-3cf3-8315-c288de629957,0b2738b6-7911-3aa4-8b6e-7e1df7c14fe1,Kayleen757 Stokes453,F,GENERAL PRACTICE,888 N MAIN ST,BROCKTON,MA,023011668,42.1061239,-71.02807965450519,1,0
267bd4c7-71f9-3a8f-b110-821dff029609,46375470-1e20-3ddc-8dc5-010ba53826b6,Jude172 Reynolds644,M,GENERAL PRACTICE,40 WRIGHT ST,PALMER,MA,010691138,42.16934095,-72.34120457065711,62,0
f8efbdfe-5862-3b7d-a5be-c2742b959d35,a4b91172-69e7-3895-bd89-b9a0868de5c2,Shanita956 Wolff180,F,GENERAL PRACTICE,651 ORCHARD ST,NEW BEDFORD,MA,027441052,41.6149879,-70.93113851963673,42,0
8b68c0ef-82f7-3b0f-9e6a-d92f24bc2fee,47fb5a56-bee5-3ecd-9958-706b20831c82,Ezra452 Torp761,M,GENERAL PRACTICE,600 CUMMINGS CENTER  SUITE 270X,WOBURN,MA,018016356,42.4792618,-71.1522766,3,0
519c7efd-e53a-3261-a045-f41bf1ff8371,72f50aa0-d8c9-34dc-ac58-c428323f3bcd,Danuta945 Little434,F,GENERAL PRACTICE,55 FRUIT ST,BOSTON,MA,021142696,42.36286045,-71.06875296664998,28,0
1d8289fa-f6cd-3b7b-bcb7-59c66edfb90f,eee00932-ca82-36bc-b7e8-e3fff6dbaeaa,Eduardo902 Gonzales379,M,GENERAL PRACTICE,450 BROOKLINE AVE,WEYMOUTH,MA,021893141,42.2212188,-70.9391625,166,0
5444fcc4-b817-3997-ac50-0cd25853ca75,be509ccb-bfb7-3b87-8945-8426b689ef9d,Man114 Balistreri607,M,GENERAL PRACTICE,2049 DORCHESTER AVENUE,BOSTON,MA,021244742,42.3554334,-71.060511,7,0
7ef3df2e-2761-3e6a-86a3-0e3135556d9f,065eba51-cef7-3976-8654-ba8e7df887ce,Traci329 Block661,F,GENERAL PRACTICE,1165 NORTH PLEASANT STREET,AMHERST,MA,01002,42.40927615,-72.52971238527101,5,0
6fbfbc7f-b221-375e-9a0a-05fa7d99fcc6,a06b1a97-d6ce-3ea1-ba4a-2ef85a8114ab,Wanda961 Goyette777,F,GENERAL PRACTICE,400 GROTON ROAD,AYER,MA,014321171,42.57821195,-71.5733060441645,6,0
5eeba372-2e53-36cb-b78d-eb55471e412c,f8918a95-31e8-3ac4-8d12-29ca6080ebda,Rudolf736 Vandervort697,M,GENERAL PRACTICE,199 REEDSDALE RD,MILTON,MA,021863926,42.251368299999996,-71.0768393856917,72,0
9199dacf-82c0-3416-9e77-5066c0886527,0ec04450-c150-322d-b2c3-1449d672a23c,Yolando662 Huels583,F,GENERAL PRACTICE,110 W SQUANTUM ST,NORTH QUINCY,MA,021712122,42.27259075,-71.03082765,44,0
0a9c3467-a8e8-3837-9c5c-dd3cff874cff,fd650ebc-a642-3818-b073-692473cd31f1,Tobias236 Kris249,M,GENERAL PRACTICE,900 CUMMING CENTER,BEVERLY,MA,019156181,42.5584284,-70.8800491,87,0
a2339f17-ba3c-3fd9-8136-916cc7cdb378,f99f149d-87f2-3900-b433-d2d87144e34e,Marhta321 Metz686,F,GENERAL PRACTICE,1 HOSPITAL RD,OAK BLUFFS,MA,025572747,41.46063105,-70.57989080295974,3,0
749fb4a1-2430-3e4c-a3ee-edb1e2230a0d,3ff0f58b-7a1f-3334-9449-ff15f68b7d86,Crystle668 McCullough561,F,GENERAL PRACTICE,275 SANDWICH ST,PLYMOUTH,MA,023607761,41.94186605,-70.6455366462985,128,0
9b4f7048-ef17-37cf-afe9-bde36cc1d91a,70e3ad4f-b9ff-3f3e-9990-2cd7e23a9d1c,Tambra47 Bosco882,F,GENERAL PRACTICE,1238 RIVERDALE ST,WEST SPRINGFIELD,MA,010894675,42.1373438,-72.62624707492338,3,0
7c98329e-d8a7-3ff0-a343-39d8fa0a906d,7e8bd0f2-2746-355e-92ef-9473818c58a2,Suanne858 Okuneva707,F,GENERAL PRACTICE,90 SUTTON STREET  SUITE 3-4,NORTH ANDOVER,MA,018451655,42.705281049999996,-71.13643624887442,6,0
8637a92e-5ea7-3dc0-a768-604150dba8e4,dd280187-8662-3732-af81-595d10572911,Mertie42 Lakin515,F,GENERAL PRACTICE,4499 ACUSHNET AVE,NEW BEDFORD,MA,027454707,41.74026055,-70.9450945705336,418,0
dfb82150-7673-31f6-9440-11bc5bbe13e3,dac75bc1-cbfa-306b-9a0a-88d5edf3638d,Henry768 Ebert178,M,GENERAL PRACTICE,170 COREY ROAD,BRIGHTON,MA,021358244,42.3433093,-71.14003855124017,3,0
29d8a6a1-6d7a-335b-9f01-5f4b31af6ff8,679a8e99-0f35-3eec-94ed-d8341e9fe33c,Maricruz991 Hahn503,F,GENERAL PRACTICE,140 WEBB STREET,WEYMOUTH,MA,021882736,42.22281125,-70.96226691624932,5,0
d9bd61fe-da8d-397b-be95-bab83039f5b2,9d989fcf-4ad9-3972-ada3-f275d967781e,Cristi782 Miller503,F,GENERAL PRACTICE,100 TER HEUN DR,SANDWICH,MA,025632377,41.7579043,-70.4968152,64,0
bacccc9a-d8df-30ae-9399-2afc027c8ade,af3871c3-2098-3051-bcb7-8a919e194a16,Stephane228 O'Conner199,F,GENERAL PRACTICE,97 LIBBEY PKWY,WEYMOUTH,MA,021893110,42.19322885,-70.94589987654936,57,0
60ac78af-676b-3e26-8857-53c3d2e1f409,a2cc09de-c1e2-3126-8c09-d49f95225281,Darnell564 Leannon79,M,GENERAL PRACTICE,300 LONGWOOD AVE,WALTHAM,MA,024532741,42.3756401,-71.2358004,53,0
d934b2a9-a51b-3cbc-9de0-3d60699d28dc,9f2f60a6-87a4-3f45-b753-b63b5b7e9993,Raul814 Considine820,M,GENERAL PRACTICE,332 HANOVER STREET,BOSTON,MA,021131901,42.3647421,-71.0536619,142,0
ae342f5f-a37d-3eea-a02c-b081da39ddac,f341c366-8313-3790-ab26-d8d27b116ff5,Augustine565 Greenholt190,M,GENERAL PRACTICE,80 LINCOLN STREET,WALTHAM,MA,024535465,42.39322121170625,-71.24104146434591,55,0
305f29b6-775f-314b-8885-74d42484b0d7,f312977e-8f41-3816-84cc-e5b12ba36955,Eldora89 Langosh790,F,GENERAL PRACTICE,1153 CENTRE ST,JAMAICA PLAIN,MA,021303446,42.3017598,-71.12855793387442,32,0
44addb4e-9ee7-32d0-b155-f94fbc33b937,0519b293-2e92-3eb3-aeef-233da0babc93,Juan88 Friesen796,M,GENERAL PRACTICE,40 PARKHURST ROAD,CHELMSFORD,MA,018241511,42.6198215,-71.36189212971482,4,0
5842510e-3ca9-3a3c-b672-284abf31b8f5,5c896155-eb9a-383e-9162-a43ebb7f1cc5,Nannie905 Mayert710,F,GENERAL PRACTICE,400 LINDEN PONDS WAY,HINGHAM,MA,020433784,42.1972249,-70.91712645007524,9,0
73b120ad-d6ed-36d4-b87c-865f33f6f686,a730c5e6-a15f-3e36-8112-8579e507d330,Drew592 Ankunding277,M,GENERAL PRACTICE,28 LORD RD,MARLBOROUGH,MA,017524549,42.34718040987546,-71.57283065352654,117,0
5b65c22b-de2e-3133-8622-a660a642e4e9,4ffc4e4b-9d8d-3c30-ad84-fc9a7209da94,Madelyn308 Carter549,F,GENERAL PRACTICE,4525 ACUSHNET AVENUE,NEW BEDFORD,MA,027454727,41.74080975,-70.94731021257817,4,0
44f02dec-612f-39be-8b8a-45c94b5ac6a7,ce4d0501-49eb-396a-bc56-545fdfc624b0,Bea654 Daniel959,F,GENERAL PRACTICE,1 HOSPITAL RD,OAK BLUFFS,MA,025571406,41.46063105,-70.57989080295974,1605,0
febdb1ba-b5bd-30f9-ad51-55fd2ab7ead5,e69e7cbb-8362-30d1-83f2-3a0c492fe2b1,Isaac321 Kub800,M,GENERAL PRACTICE,110 LONG POND RD,PLYMOUTH,MA,023602642,41.9255829,-70.65514326847389,61,0
45d1e72c-37fd-335d-80bf-32bacc0a12f7,1533e36d-5650-326a-bbfd-cfe50a24fab9,Thalia561 Smitham825,F,GENERAL PRACTICE,200 NICKERSON RD STE 110,MARLBOROUGH,MA,017524641,42.333604199999996,-71.58894854839346,1,0
aec9a281-90f2-3c07-9c45-bb68c78b9505,06cc2462-430f-3322-9c87-7e971125f510,María842 Marroquín624,F,GENERAL PRACTICE,133 OLD ROAD TO 9 ACRE COR,WESTFORD,MA,018863198,42.5792583,-71.4378411,94,0
9b5b06df-7746-3461-87c7-ae38af8ab796,ee7fab6f-6438-394f-b1f2-3e452f8f055a,Trey250 Satterfield305,M,GENERAL PRACTICE,75 BRIMBAL AVENUE,BEVERLY,MA,019156009,42.570099299999995,-70.87108224250409,6,0
e4341b11-5a76-3462-8ef2-acd2c2b28899,907b1d2f-2bf8-31b5-abc2-14d6b75faa96,Ellis535 Ernser583,M,GENERAL PRACTICE,340 MAPLE ST,MARLBOROUGH,MA,017523200,42.3358161,-71.54106510218209,41,0
db9bf35d-ac2e-3fe7-8a9c-ebf640efc5db,1ce0d1a3-b507-3ad1-afc5-b25bfe48b8dc,Margarito178 Welch179,M,GENERAL PRACTICE,10 PEARL STREET,STOUGHTON,MA,020722364,42.125716800000006,-71.1025481568314,8,0
cd0eb13a-daa8-308c-9a9d-0413c77cead8,922d1031-d968-39c2-b73c-d5a495c39068,Carlena776 Steuber698,F,GENERAL PRACTICE,350 LINCOLN ST STE 1102,HINGHAM,MA,020432801,42.248735,-70.9209846,46,0
f20e17b3-77d3-3736-b630-d746f52357d6,17512c83-b259-3632-964e-7fa864c557fd,Ai120 Hyatt152,F,GENERAL PRACTICE,329 CONWAY ST,GREENFIELD,MA,013011522,42.6031458,-72.60983214642542,2,0
aa2de7a3-2e6d-3a6a-aa3e-526f33b74664,352f2e3b-0708-3eb4-9f7e-e73a685bf379,Araceli695 Willms744,F,GENERAL PRACTICE,157 UNION ST,SOUTHBOROUGH,MA,017721215,42.3056501,-71.5245087,174,0
a7cfd99a-40a3-340c-8298-803ca236c84a,a2d45ee8-b930-3169-b612-f602961ad212,Valentine262 Leannon79,M,GENERAL PRACTICE,37 MINUTEMAN WAY,SHREWSBURY,MA,015452229,42.288207,-71.73443816915585,95,0
2937e5f9-8a3d-3a6a-9b4e-d03130107e16,0fa1cab9-83c1-3c85-b7bc-53d8b922e2f7,Rod343 Frami345,M,GENERAL PRACTICE,115 LINCOLN STREET,WORCESTER,MA,016081216,42.2768165,-71.795274,34,0
de3c58cb-704d-3c60-b1c3-991084b3ef77,817f4acb-0184-3146-9ce0-87197d8f115a,Julienne688 Buckridge80,F,GENERAL PRACTICE,30 NEWCROSSING RD STE 301,READING,MA,01867,42.51809619399502,-71.0959083715027,60,0
58b9d282-d31e-3748-9f9f-9b8edb508bb0,10ffe7b1-2f94-3f12-9288-679da05a1ec9,Odessa199 Hintz995,F,GENERAL PRACTICE,133 LITTLETON RD,WESTFORD,MA,01886,42.57056335,-71.41736646422413,54,0
612fd76c-ac1d-33b1-96c9-5e636d740b18,d0894f6b-78d7-338d-82ad-b63de4d40014,Lynsey2 Lemke654,F,GENERAL PRACTICE,330 MOUNT AUBURN STREET,WALTHAM,MA,02452,42.3756401,-71.2358004,39,0
b686ebdf-5cb0-3c8b-b2c8-ef41b7dbcd5b,3d5fbf38-c781-3e04-8c7e-5a402611b7d4,Enriqueta274 Barton704,F,GENERAL PRACTICE,260 ELM ST,SOMERVILLE,MA,021442951,42.3955992,-71.1227391,28,0
bdb9ac32-c6b0-35e9-9e2d-661a58727aae,f43f97f2-af04-3ed0-a42e-3681718cc9b2,Dorcas534 Quigley282,F,GENERAL PRACTICE,725 NORTH ST,PITTSFIELD,MA,012014109,42.4600752,-73.2492795834909,121,0
1b002e57-ad94-3e29-ba3f-320148352769,7ac466c6-7968-33fd-882c-6d5418f88c8a,Alvin56 Hayes766,M,GENERAL PRACTICE,2 MEETING HOUSE RD,CHELMSFORD,MA,018242700,42.60140085,-71.35097894451894,37,0
4678d4be-760b-3c87-b5af-8649325d8297,2f67494e-f17e-3248-ba68-3ca42913cca1,Brock407 Bergstrom287,M,GENERAL PRACTICE,184 MAIN STREET,FAIRHAVEN,MA,027193259,41.646106,-70.90865208079187,6,0
3cbd963c-5d47-3b49-87ff-47a51af147f4,0d19a52f-6f9b-32aa-9aad-6b7027cc668e,Antonia30 Sanches349,F,GENERAL PRACTICE,7 SANDISFIELD ROAD BOX 216,SANDISFIELD,MA,012559621,42.1131485,-73.1299243,5,0
dc4dfcd8-aa9b-3945-b126-b5370698b9db,88975fd9-b47e-3af6-af78-c58e1ecf0d5e,Azzie965 Feil794,F,GENERAL PRACTICE,115 W SILVER ST,WESTFIELD,MA,010853628,42.1178811,-72.75935246865802,179,0
72e440a6-de67-39d6-a875-6f19e8ae390f,46e66051-c061-3c31-b439-1d71df92db1c,Bree992 Denesik803,F,GENERAL PRACTICE,11 NORTH ST,STONEHAM,MA,021801040,42.50329135,-71.10023035268328,2,0
303fe67e-bb2f-39c7-867c-60a5066bdad9,eb7b9a53-ce15-3de6-85b9-4aa4e3f26bac,Carli641 Witting912,F,GENERAL PRACTICE,194 BOARDMAN ST,HAVERHILL,MA,018306405,42.77171213955692,-71.05879730251671,1,0
2e775116-b651-3fd0-9720-627584638e86,fd938c9f-a355-3ec7-96f8-516240ea1ba2,Kandi717 Beahan375,F,GENERAL PRACTICE,529 MAIN ST STE 126,PLYMOUTH,MA,023604842,41.7664657,-70.7266525,3,0
de9d068d-7de7-3137-9d1b-5c3acd0fb8e5,94ac48ba-e215-3ab9-ba88-a0b926d29cef,Barton704 Hahn503,M,GENERAL PRACTICE,300 WINTHROP STREET,MEDFORD,MA,021552311,42.421527,-71.11834,17,0
eba35180-5172-380a-8fed-5f4e6f514fa3,069b90f9-309b-35e4-b990-d1dbacb962cc,Thomas756 Strosin214,M,GENERAL PRACTICE,36 LOWER WESTFIELD ROAD,HOLYOKE,MA,010402749,42.16975305,-72.63488031242107,15,0
7500e41a-8630-3bd2-81a3-1381b1bcf01f,b3f4de6b-901d-3856-ba81-35dc48a63d17,Darren774 Cronin387,M,GENERAL PRACTICE,451 ANDOVER ST STE 205,NORTH ANDOVER,MA,018455079,42.6734518,-71.1268776,46,0
7d348746-c397-3e6d-be7a-af6de26234af,e5ce3b83-f5e6-308d-aa64-82539fc2d906,Kyong970 Dach178,F,GENERAL PRACTICE,1842 BEACON ST,BROOKLINE,MA,024451922,42.33728028715071,-71.14536064081996,2,0
ea66398c-dbe9-3c10-ad4e-fdf215eb13fe,f438b8e0-d856-328a-b193-2b014fc4cb97,Karri995 Reinger292,F,GENERAL PRACTICE,981 VARNUM AVENUE,LOWELL,MA,018541913,42.64591185,-71.36487149058269,4,0
4b72a7a3-dd26-3219-b7aa-a63bd57f704b,a2047ff6-62f2-34d7-beb9-7e164d989c75,Emma804 Larkin917,F,GENERAL PRACTICE,1200 CENTRE STREET,ROSLINDALE,MA,021311011,42.29768,-71.130463,2,0
1009cb3e-d442-34e5-9c52-6ac74d479504,5d0d1d11-dd8a-3d28-b029-93062b6798a5,Shirley182 Flatley871,M,GENERAL PRACTICE,378 PLANTATION STREET,WORCESTER,MA,016052324,42.27966095,-71.7626143755108,1,0
52ad0adf-4575-353f-a1cf-3e8b0c938dc0,a855314b-4fb5-37fc-8015-5caa96c928b1,Terrence276 Kiehn525,M,GENERAL PRACTICE,759 CHESTNUT ST,SPRINGFIELD,MA,011991001,42.121522049999996,-72.60300615153007,124,0
d9c54d20-caba-3686-91bc-00fc106957bc,d3fe08e0-6fdc-36bc-8f88-c8b7654cdcd8,Randal152 Paucek755,M,GENERAL PRACTICE,545 SW CUTOFF STE 9,WORCESTER,MA,016071766,42.211685200000005,-71.7968399931798,1,0
dee7ddb9-075a-381c-a1ba-b4846a74ef3c,95b01a7c-e16a-37d4-b354-c404baa00203,Saturnina961 Gibson10,F,GENERAL PRACTICE,290 SOUTH STREET,PITTSFIELD,MA,012016824,42.440485002637104,-73.25677853480586,12,0
c4e8ba12-ff37-3ec8-84e4-ce03591b50bd,7b20d1c4-c56b-3647-801c-5e4e13679073,Riley817 Prohaska837,M,GENERAL PRACTICE,275 SANDWICH ST,PLYMOUTH,MA,023602183,41.94186605,-70.6455366462985,38,0
aba4ef6f-55ca-3da1-86ea-42e8e4502ebe,3e97ce4f-3ad7-3cea-883f-e2bb4ca89d83,Dan465 Swift555,F,GENERAL PRACTICE,30 NEW CROSSING RD,READING,MA,018673270,42.51809619399502,-71.0959083715027,7,0
b887e759-84a3-330c-994f-95a4f2261a87,d5920b72-ac1a-3ec4-81ca-e3b75cb7aadd,Merrilee429 Daugherty69,F,GENERAL PRACTICE,251 Causeway St.,Boston,MA,02114,42.3665,-71.05931,124,0
362dd2e0-88cf-3d81-83c3-344df20fb1cf,4f59f709-8b84-3d27-a04b-c6b7b5544413,Natividad796 Davis923,F,GENERAL PRACTICE,70 BOLTWOOD WALK,AMHERST,MA,010022271,42.3768779,-72.51840280783739,88,0
8e7dc3d1-0184-37f8-8a15-a78d0adb0560,36d328a2-68bb-3967-a9bf-00897a7c945f,Mayte822 Ceballos171,F,GENERAL PRACTICE,299 WAREHAM STREET,MIDDLEBORO,MA,023462905,41.869676,-70.873384,44,0
1312290a-3988-32c2-808f-627beb99714d,79d49935-bcc0-36ca-920b-45365c367438,Sherita708 Hudson301,F,GENERAL PRACTICE,409 W BROADWAY,SOUTH BOSTON,MA,021272245,42.336831,-71.047958,65,0
ff0638dc-28fd-336c-87af-45cc52969210,0f2c58ec-5323-3c0f-9bdf-af0df7eb2a2b,Owen89 Boehm581,M,GENERAL PRACTICE,130 DORCHESTER STREET,SOUTH BOSTON,MA,021272642,42.3334312,-71.0494949,71,0
f00bb660-8eeb-368b-941b-a306db852106,51370692-6296-3150-8672-559fc73f964f,Almeda560 Okuneva707,F,GENERAL PRACTICE,75 FRANCIS ST,WEST BRIDGEWATER,MA,023791542,42.0219112,-71.019004,252,0
64fc0c2a-d3d8-391f-8f9e-80ffdf036671,cdc87240-38e9-36f8-959b-706642e01e11,Vicente970 Armstrong51,M,GENERAL PRACTICE,243 CHARLES ST,STONEHAM,MA,021803559,42.4814675,-71.0924311,49,0
7447f2bd-fa74-395c-bdb0-873cafcb3613,c6b019eb-28ec-36f6-abf3-bcc4d1d58966,Maren639 Aufderhar910,F,GENERAL PRACTICE,33 AVON ST,WAKEFIELD,MA,018802310,42.50403445,-71.07462951514611,149,0
30bcb58b-8fbe-39b5-baa8-d84a61d9f977,82c72223-f521-3a34-9b9b-4ff366365399,Margaret865 Reinger292,F,GENERAL PRACTICE,2100 DORCHESTER AVENUE,QUINCY,MA,021691870,42.2509914,-71.0037374,197,0
bec85b99-28b4-34d1-8a4b-d0a72556d28f,a94f4f6e-88ad-39ff-a935-dc87f13327b1,Carlos172 Wiza601,M,GENERAL PRACTICE,370 WEST STREET,LEOMINSTER,MA,014532073,42.535877150000005,-71.77537115047085,2,0
67fbf8d3-7db3-3de5-9e22-85bf828d4c1f,4bde4cbc-55f7-3501-90eb-2c88178c7be1,Melvin857 Nikolaus26,M,GENERAL PRACTICE,50 MEMORIAL DR,LEOMINSTER,MA,014532238,42.541995,-71.7628835,28,0
66cffd9b-66f0-3ec7-8664-44d6882195bb,e2eab39c-5195-34aa-b35f-e89e37cfed01,January966 Roberts511,F,GENERAL PRACTICE,55 FOGG ROAD,WEYMOUTH,MA,021893141,42.175539799999996,-70.9539153674405,276,0
98777b43-8176-332b-84c0-ab928cd7c7b3,4fa8411f-42f8-3353-8947-bf15254c9dee,Lane844 Gutmann970,F,GENERAL PRACTICE,90 GREENWOOD STREET,WAKEFIELD,MA,018804039,42.476321150000004,-71.06922169005762,16,0
0bf68ad2-2d30-35c3-8fc5-dbf3518e67e0,1de7e7d9-9a7a-3a3f-bf4c-b4de450711f2,Clelia416 Morissette863,F,GENERAL PRACTICE,198 LITTLETON RD,WESTFORD,MA,018863429,42.564282,-71.42620615382347,2,0
4ded5a5b-bf88-35c8-be2c-d59a61111b4e,05cc5056-7af4-3afb-9a5a-d7a1c23a2509,Francis500 Lehner980,M,GENERAL PRACTICE,2069 ROOSEVELT AVENUE,WEST SPRINGFIELD,MA,010892595,42.105237,-72.6213712,6,0
dc8b683d-8655-351a-b96c-efab2b406155,4705a8fd-19cd-32c1-8b3e-34bcfe84d0bd,Wynell591 Mayert710,F,GENERAL PRACTICE,55 N WASHINGTON ST,NORTH ATTLEBORO,MA,027601607,41.983529,-71.332241,65,0
350876a1-020f-319d-ad15-0771d290f736,497f39dd-280e-3d58-af5b-c5e3a3a09b10,Arden380 Bergstrom287,M,GENERAL PRACTICE,27 PARK ST,HYANNIS,MA,026015230,41.65363635,-70.27352219234834,118,0
effc80c9-8aff-3091-ab2d-6a6b1ef1392d,0d7fd824-1c7b-3f8b-a662-f6c2005e82e1,Lyndon118 Trantow673,M,GENERAL PRACTICE,88 MASONIC HOME ROAD,CHARLTON,MA,015071394,42.1389039,-71.9782681,48,0
b09266a0-c959-3361-9adb-9f85988dabb8,ed0c5b98-dc8a-3fc9-9856-61f1a1c75b11,Werner409 Gerhold939,M,GENERAL PRACTICE,40 JULIO DR,SHREWSBURY,MA,015453010,42.29191827853838,-71.70343631978118,1,0
e7d202ca-b001-3f16-bbc1-dbf0da7840bc,a525d084-5a8f-3859-a048-2130a4092ec8,Samuel331 Runte676,M,GENERAL PRACTICE,2 MOUNT ROYAL AVENUE  SUITE 350,MARLBOROUGH,MA,017521976,42.34042135,-71.57841367654626,24,0
562adc0d-7cb7-37c7-9457-1e08846f0e0e,accb8cdd-6560-3fef-b0a6-f12c3295026a,Kerrie266 Bergstrom287,F,GENERAL PRACTICE,969 PARK STREET,ATTLEBORO,MA,027035115,41.9266899,-71.2611303145582,8,0
3a519fd9-271b-3821-a731-d7f2586224c9,a2df2aea-9c53-31f4-baea-02ea5ea1e553,Almeta56 Lehner980,F,GENERAL PRACTICE,95 LAUREL STREET,GREENFIELD,MA,013013106,42.58163075,-72.61795013515538,65,0
95211969-909d-3733-9f8f-d91c93681c78,390a2aa4-70b4-3a64-a12f-9bd777834c8d,Hunter736 Howe413,M,GENERAL PRACTICE,710 MAIN STREET,HARWICH PORT,MA,026461931,41.669654699920855,-70.06169919459835,53,0
6c6ca9e0-4d1d-393f-8f1d-98e5d46b6dca,c2e93fb4-abf2-3210-b6ec-4d1ecb2b76f0,Kyle55 Halvorson124,M,GENERAL PRACTICE,62 BROWN ST,HAVERHILL,MA,01830,42.76512700000001,-71.04617174286321,45,0
271f772e-e7ee-3d46-a6d3-6048490d1a73,1ab2b5f9-cb95-3236-beec-9b9d4a407c61,Latoria810 Eichmann909,F,GENERAL PRACTICE,725 NORTH ST,PITTSFIELD,MA,012014109,42.4600752,-73.2492795834909,17,0
14348908-9b39-33a9-8bbd-7fd69d832d9a,ec509895-6196-36d1-b91e-272bed7e6196,Norbert530 Veum823,M,GENERAL PRACTICE,40 ARMINGTON ST,ALLSTON,MA,021342406,42.3521617,-71.1375176,86,0
8e3ccb5e-1112-3027-af95-0b85815cc997,a43fd704-ddbc-3f63-b3a0-e97c5d42ab5e,Booker670 Bogan287,M,GENERAL PRACTICE,447 HILL ST,WHITINSVILLE,MA,015881016,42.1216837,-71.6715608,3,0
61efaeae-3d2e-300f-8e5a-d7b689cb5ebd,41e2a44c-477c-3511-96f9-12c476aa3b6a,Latoyia537 Lindgren255,F,GENERAL PRACTICE,85 E NEWTON ST,BOSTON,MA,021183553,42.336277100000004,-71.07085295687423,78,0
1a08f9bd-3da5-3ae8-8279-21adc16df936,9d41e4fc-9507-3ddb-82ad-966046fca031,Cleo27 Lehner980,M,GENERAL PRACTICE,104 RANDOLPH ROAD,WORCESTER,MA,016062465,42.29955605000001,-71.79838133819244,14,0
5d21f234-8e71-3536-a6f0-aa344268b279,5b0cd0a0-f277-3a66-bee6-d64b5be4a3f5,Waldo53 Hintz995,M,GENERAL PRACTICE,725 NORTH ST,PITTSFIELD,MA,012015493,42.4600752,-73.2492795834909,247,0
0891d6ca-783a-39e9-ab56-df85f17107e7,ad2dab07-4f85-3950-baaa-7c7cd2aa770c,Gertrud593 Kuhic920,F,GENERAL PRACTICE,55 LAKE AVENUE NORTH,WORCESTER,MA,016550002,42.2774799,-71.76166994969458,99,0
5e64343b-3983-331d-9aea-4a3ee4644de3,a69c3469-9552-3474-9928-20350c16191b,Jon665 Daugherty69,F,GENERAL PRACTICE,64 PERFORMANCE DR.,WEYMOUTH,MA,021893104,42.196492899999996,-70.94257445685295,1,0
5e140345-72c6-3227-b784-ea281f6ad3d2,1853aeef-5897-326a-80d6-aa4b0459eb6d,Kendra609 Kassulke119,F,GENERAL PRACTICE,381 WICKENDEN ST,ATTLEBORO,MA,027032247,41.9438129,-71.2806515,15,0
f72f1e31-3840-3f9e-a352-1bc9c77d7b81,94dda4e1-7476-367a-b1f8-37ea7f61a1b7,Dylan44 Robel940,M,GENERAL PRACTICE,145 WARD HILL AVENUE,WESTBOROUGH,MA,015811017,42.2694308,-71.6129907,85,0
d63eabf2-f287-3964-8f58-3009dfb5eb5e,bdaa3017-130e-34e9-b3ac-ca6d992e8b50,Theron432 Bednar518,M,GENERAL PRACTICE,150 WATER STREET,HAVERHILL,MA,018306213,42.77508795,-71.07182802882255,6,0
4103df23-3f72-3817-9d2a-3b057248f417,22fa6d28-92b6-3446-a388-f5aba50debaf,Clarence5 Robel940,F,GENERAL PRACTICE,123 CAPTAIN'S ROW,CHELSEA,MA,021504019,42.3917638,-71.0328284,5,0
6579bcf8-5dad-3e0e-a88e-f910832a97fe,2ca615f3-87f7-3283-a447-d919a883b676,Isaias604 Dickinson688,M,GENERAL PRACTICE,1399 WASHINGTON ST,HANOVER,MA,023391653,42.1441354,-70.8440854,26,0
7099b22d-df12-3d43-a11c-c2a42b3b1cc1,689f8809-c101-38db-b3c9-580b4c37f268,Joel444 Bins636,M,GENERAL PRACTICE,364 STATE RD,VINEYARD HAVEN,MA,025685624,41.44720825,-70.61474940346154,185,0
dddf0169-d8f4-3c3d-9373-b6ebf9fb17e8,65bd3883-56ee-3eea-8e86-b7e677a30727,Wilhelmina724 Block661,F,GENERAL PRACTICE,150 FLANDERS RD,WESTBOROUGH,MA,015811017,42.2770724,-71.5679154706427,2,0
79fdbe56-e2f6-3042-8ed9-6cf88bc257f4,6450f09c-28fc-3815-abfb-62056b72e508,Kory651 Dicki44,M,GENERAL PRACTICE,20 RESEARCH PL,NORTH CHELMSFORD,MA,018632455,42.6389798,-71.3828403,18,0
8d7ee96b-c87b-3280-8502-a041c58bf932,0a689d33-2b0d-3942-8de8-e28812e91c69,Amalia471 Ceja441,F,GENERAL PRACTICE,47 SEAVERNS AVE # 5,BROOKLINE,MA,024463806,42.3317642,-71.1211635,34,0
f095c636-5fe9-39e7-ab71-5e320ab3884a,6e517750-a29e-3170-a02b-5733ff523458,Margarita164 Abbott774,F,GENERAL PRACTICE,101 BARRY RD,WORCESTER,MA,016091275,42.3030701,-71.8333408960994,118,0
4e72c366-8271-3248-a943-da70daad90b2,a8a4e435-687f-3ecb-9af8-09b4636d1a1a,Chance908 Skiles927,M,GENERAL PRACTICE,107 COMMERCIAL ST,MASHPEE,MA,026496507,41.60736455,-70.49065684933157,41,0
a0408a7e-3beb-3c40-9e20-885df5d12dbd,6929d249-cc27-33aa-a871-b6f26059615d,Deon400 Fritsch593,M,GENERAL PRACTICE,ONE HOSPITAL ROAD  FIRST FL  WING 5   PO BOX 1477,OAK BLUFFS,MA,025571406,41.4538523,-70.5684713,26,0
98895f3c-bfde-3ca3-84a8-a6a560ea48f2,eea92149-820f-301f-911e-b170e8312842,Marcy588 Hamill307,F,GENERAL PRACTICE,123 SUMMER STREET,WORCESTER,MA,016102177,42.26496835,-71.79655403681465,18,0
c854e04b-8d8a-374f-abfd-2eab99c02c44,19a3afba-b409-3650-a0ab-f3faf6e391ef,Haywood675 Strosin214,M,GENERAL PRACTICE,199 REEDSDALE RD,WALTHAM,MA,024511433,42.3756401,-71.2358004,88,0
7d6742c7-0cc2-312f-a95c-0ed321b6f60f,76b7dbb5-0a02-32a4-9a01-3511f7e45016,Jerrold404 Satterfield305,M,GENERAL PRACTICE,59 COUNTRY WAY,SCITUATE,MA,020663746,42.1806871,-70.74862935148246,7,0
01a9d693-d00a-3828-ba57-cee5074f606b,b826cbda-f69b-32d0-9e6e-edcb80f692bb,Kisha966 Beahan375,F,GENERAL PRACTICE,169 VALENTINE ROAD,PITTSFIELD,MA,012013042,42.45821049070386,-73.27683573566691,7,0
bbc103c5-7aef-36d9-8d41-8f62f33fdbae,25c85bcc-7e25-36bc-89e8-08e0d473db23,Sharron285 Okuneva707,F,GENERAL PRACTICE,138 S MAIN ST STE 14,MILFORD,MA,017573272,42.1270746,-71.51639128815474,47,0
dcd840c9-2ddd-3a52-98ad-20130c61b279,c9aabcbd-d4e0-391f-8980-d0be6934ea82,Shonda871 Leffler128,F,GENERAL PRACTICE,340 PLEASANT ST,BROCKTON,MA,023013236,42.08764334999999,-71.03287346676532,44,0
0b477292-2430-34fc-a5f6-71ade533f577,d9b71ccf-6649-3555-9e99-44eac0af257f,Darlene91 Collier206,F,GENERAL PRACTICE,655 DEDHAM ST,WRENTHAM,MA,020931135,42.084901,-71.30689224201797,9,0
ef8751e3-0b53-3995-bb73-560925564dc7,ede8251b-e165-3ef6-b8a0-305217ba8e88,Gene733 Boyle917,F,GENERAL PRACTICE,710 STOCKBRIDGE RD,LEE,MA,012389316,42.29155405,-73.28210389651024,22,0
d244c9fb-0058-3546-ae36-793c84032d91,cbebae9e-f95e-3d2c-9712-289ea8d6aeec,George991 Haley279,M,GENERAL PRACTICE,49 ROBINWOOD AVENUE,QUINCY,MA,021698130,42.2509914,-71.0037374,45,0
94862048-8da1-3094-88a1-3c7156b1d5e0,1cec4304-9757-3a10-ad4f-7e2090c56131,Theo630 Rohan584,M,GENERAL PRACTICE,55 LAKE AVE N,WORCESTER,MA,016550002,42.2774799,-71.76166994969458,69,0
28de19e9-9316-359f-b34b-1af096ae685d,5862e05c-9533-3f7a-8f73-215d50f5ee2f,Estell607 Barton704,F,GENERAL PRACTICE,1200 CENTRE ST,ROSLINDALE,MA,021311000,42.29768,-71.130463,2,0
7489dd3d-4991-32d2-8a1b-f54b87a5e28d,ec7e487e-7e78-3eac-a9ee-37f8de98a0f9,Esperanza675 Zepeda235,F,GENERAL PRACTICE,277 WASHINGTON STREET,ABINGTON,MA,023512489,42.10060947239023,-70.94967338146704,6,0
997e72aa-51e0-33b6-8a07-7293f8d6a279,a8f1424c-00bc-3403-8db5-cd600978f3a4,Amos720 Bogan287,M,GENERAL PRACTICE,8 BURNHAM ST,TURNERS FALLS,MA,013761816,42.6042523,-72.5564777,21,0
072a1bd6-20b7-3701-974b-ab376c7c781e,a5577e5c-b886-37a0-8eee-8ff6feb7ea6b,Synthia172 Keebler762,F,GENERAL PRACTICE,330 MOUNT AUBURN ST,CAMBRIDGE,MA,021385502,42.3741033,-71.13417575971958,157,0
1aa9a933-447f-337f-854f-503634dbb1cb,5581e43d-0463-3a0b-afc7-a60aea5ac96c,Brock407 VonRueden376,M,GENERAL PRACTICE,57 RIVER RD,ANDOVER,MA,018101144,42.69112645,-71.19636086287642,26,0
9214c722-ea18-392e-b5dd-4d5fa63f1c5a,9485907a-9f9c-3c19-a424-b402ee8f99c2,Tynisha348 Bogisich202,F,GENERAL PRACTICE,101 PLANTATION STREET,WORCESTER,MA,016043025,42.258026400000006,-71.78384882397785,13,0
1f8ff475-1f84-31bf-ac37-bd1b50123511,e7722de2-0e62-3dc9-a163-a7003956673b,Weldon459 Lockman863,M,GENERAL PRACTICE,1 EDGEWATER DRIVE  SUITE 103,NORWOOD,MA,020624669,42.16153305,-71.20162617190071,3,0
76c87215-2691-3a7a-8b93-aa16d76b0975,f2f525c9-8e06-3009-b720-ccf449bce7a5,Larhonda769 Fisher429,F,GENERAL PRACTICE,320 PITTSFIELD RD,LENOX,MA,012402377,42.3939874,-73.2706999222404,2,0
2eeeb67a-f0d7-36c2-a79f-fcbe72deccf0,62b55e5b-b58f-354d-8f2d-f2a330bc619e,Brandon214 Gerlach374,M,GENERAL PRACTICE,201 HIGHLAND ST,CLINTON,MA,015101037,42.42738865,-71.69329092351188,533,0
c94b4f7b-c293-3874-bf3a-fa97f40cbdb8,966245ce-e84d-36b0-a838-2e0b5bb2e668,Refugio197 Crooks415,M,GENERAL PRACTICE,1425 BLUE HILL AVENUE,MATTAPAN,MA,021262122,42.2754929,-71.09384131587021,9,0
bae1d2fe-f5f9-3dfb-a91b-ac6f1d4a1c23,58d6127e-ee48-37c3-9f2d-dcd3c050fb25,Thomasena108 Gutmann970,F,GENERAL PRACTICE,73 RUSSELL RD,HUNTINGTON,MA,010509777,42.2244752,-72.8709216,37,0
73086479-3af0-39a4-9ffe-78bdd70f3651,b574fc4f-313c-38a4-9baf-7e12e431a499,Steven797 Schulist381,M,GENERAL PRACTICE,511 W GROVE ST,MIDDLEBORO,MA,023461479,41.90036455,-70.9535889372234,57,0
3a2d95c8-3556-3b07-bfa6-bb06524a273e,35eba9db-902f-32e6-b302-0e5ef8fa5c68,Laverne101 Schumm995,F,GENERAL PRACTICE,66 BROAD ST,WESTFIELD,MA,010852927,42.1165587,-72.74727440058362,1,0
0022ff3b-1f34-386b-ad5c-01590932f0ec,4eddfa13-f996-3048-9bbc-541b0a29038a,Vince741 Schmidt332,M,GENERAL PRACTICE,736 CAMBRIDGE ST,BRIGHTON,MA,021353601,42.348649949999995,-71.14799584850206,82,0
f7d64518-df76-3573-aef1-b4bbea9e4fd2,845fbd9b-2d1c-39a8-8261-28ae40e4fab2,Bennett146 Rippin620,M,GENERAL PRACTICE,14 PROSPECT STREET,UPTON,MA,015681431,42.1700209025178,-71.59409308099494,221,0
6e164e0a-51d1-39e8-92c5-dcbe5b34930d,9ce6072b-d039-3cde-8eaf-950211b8ae88,Saul605 Ratke343,M,GENERAL PRACTICE,147 S MAIN ST,MIDDLETON,MA,019492446,42.585787222720036,-71.00861442427218,5,0
5b24cfdc-7e72-3e0a-9f55-5fbebb1d9977,af8566eb-8918-3ec7-ba44-92b6a2cf8097,Trevor374 Walker122,M,GENERAL PRACTICE,81 HIGHLAND AVE,SALEM,MA,019702714,42.5112107,-70.90516241826194,272,0
e23f3637-511f-3d68-a835-f87ec53be90a,d4a03501-69f6-3a89-ac27-ed25976fdb6f,Clarence5 Hyatt152,M,GENERAL PRACTICE,25 WOODLAND ROAD,STONEHAM,MA,021801705,42.450448800000004,-71.09076944938434,4,0
5e7fe174-792f-3c0b-b459-c38842d190e3,ecd3b321-0a8a-3ce6-81f0-982dd77fce43,Hunter736 Lesch175,M,GENERAL PRACTICE,25 HIGHLAND AVE,NEWBURYPORT,MA,019503867,42.81369325,-70.89091645747592,53,0
783e9816-6ba8-362e-904d-8c2fa17df477,4f5e8f16-a31b-3071-8556-d7188ede313d,Kala987 Wolf938,F,GENERAL PRACTICE,575 BEECH ST,HOLYOKE,MA,010402223,42.20105435,-72.628169560868,27,0
13e4e0da-7857-3586-b086-e0efb91e30ce,69cb2157-b620-3c51-9c94-f516462d2d55,Anh979 Schroeder447,F,GENERAL PRACTICE,11 WATER ST,ARLINGTON,MA,02476,42.41642055,-71.15424293038585,93,0
f0088235-c7bb-3f61-8817-66db641f4e96,218e58e4-9642-3ebd-9b39-34d15f22c620,Jung484 Lowe577,F,GENERAL PRACTICE,977 MAIN ST,WALTHAM,MA,024517406,42.376452150000006,-71.25063779999999,50,0
22aa6003-cd90-3d3b-9ecd-deb096325073,071a898d-3535-39fd-bf61-d33301aacd04,Felicidad691 Luettgen772,F,GENERAL PRACTICE,104 CHARLES ELDRIDGE RD,LAKEVILLE,MA,023471370,41.8459353,-70.9494854,40,0
6416f48a-1127-3319-89a6-f37cb4999bdb,41f66e18-8eb7-32f2-9371-7df5bf2b8d21,Lonnie913 Mraz590,M,GENERAL PRACTICE,170 UNIVERSITY DRIVE,GREENFIELD,MA,013011238,42.6097476,-72.5979752,6,0
3f5604d6-f6a2-3976-81f0-61c2d3264aeb,a25107f7-f4f5-36fc-98e4-f3e1b5875c91,Tracy345 Wilderman619,M,GENERAL PRACTICE,1285 BEACON ST,WOBURN,MA,018012157,42.4979478,-71.1684508,22,0
434a32e2-aed6-3b4c-bbf8-de60e36d0096,0e6c3ad1-24c1-34cb-bb6d-e8438fa319e2,Vern731 Casper496,M,GENERAL PRACTICE,50 DODGE ST,SWAMPSCOTT,MA,019071300,42.4699241,-70.9171507,21,0
4d89975b-f94e-3ff9-a420-211fc18a5b45,b4ca31a9-9d34-3ea1-93c4-443941622304,Emory494 Nicolas769,M,GENERAL PRACTICE,102 MAIN ST,GREENFIELD,MA,013013224,42.5879173,-72.6055828841603,160,0
fc9e5b1c-a96c-34fc-84c8-14957f7e3dc5,3695125c-c052-3ece-898a-2a6448987ae5,Sean831 DuBuque211,M,GENERAL PRACTICE,2040 BOSTON RD STE 5,WILBRAHAM,MA,010951380,42.150295650000004,-72.47288272264812,2,0
0e435330-aa04-30cc-bdeb-05afb3e6f880,bdd9ad72-443a-3563-a626-4c45f6d058b2,Angele108 Bogan287,F,GENERAL PRACTICE,147 PELHAM STREET,WORCESTER,MA,016072105,42.265209,-71.814005,8,0
32de5c12-b4b0-3e57-8e6a-0ff2d650aa14,7e6db51f-7c1b-3555-9e1c-6269ba6d704d,Drew592 Streich926,M,GENERAL PRACTICE,120 STAFFORD STREET SUITE 206,WORCESTER,MA,016031461,42.239638,-71.8443785891577,7,0
2240de42-4bf2-3c08-930d-94cb885922eb,28d71598-85eb-3a0e-90c1-22e0be1af57c,Sammie902 Hermann103,M,GENERAL PRACTICE,38 MULBERRY ST STE 204,NORTHAMPTON,MA,010602832,42.35436315,-72.70256804599192,52,0
c77a4a95-368f-3502-8796-a52e6520730b,a537b406-fdfa-36b4-84da-12512e7e6c63,Margrett284 Davis923,F,GENERAL PRACTICE,795 MIDDLE ST,STOUGHTON,MA,020721829,42.1252079,-71.1022015,120,0
a11dc908-064f-3685-8387-39002858a964,9adfae03-673d-365d-9052-f705098fa3e4,Sharilyn202 Wolff180,F,GENERAL PRACTICE,51 BLOSSOM ST,BOSTON,MA,021142699,42.36305545,-71.06643399281765,146,0
6599023b-c38e-3dd5-abca-6f1989567948,48a07866-e8d7-3268-aa3c-ca3237c8e6f3,Devona405 Stamm704,F,GENERAL PRACTICE,188 PROVIDENCE ST,HYDE PARK,MA,021361861,42.2682551,-71.12174592925336,30,0
20174b0e-2630-3f28-b666-646f465a75fa,25431f9a-00e4-36d8-9810-4125328eec50,Paris331 Ruecker817,M,GENERAL PRACTICE,55 FRUIT ST,WALTHAM,MA,02451,42.3756401,-71.2358004,2,0
1329907d-30b5-3239-bd03-fa0266a54cec,c1a85a41-6758-3edc-95ec-238b8ac72a40,Wilhemina814 Lesch175,F,GENERAL PRACTICE,65 CENTRAL ST,GEORGETOWN,MA,018332112,42.7211656,-70.99324119227308,90,0
28f0aca1-d344-32b5-8750-cf3ca6534620,01bde980-bf89-3138-8912-7360dff33247,Bradly656 Lang846,M,GENERAL PRACTICE,456 PARK AVE,WORCESTER,MA,016101254,42.25512735,-71.82580924803523,40,0
032ce8e7-b241-3799-9fc9-f7f1dbd51e8a,217cb6f6-e822-3831-9d9d-ffa104971042,Cira533 Jakubowski832,F,GENERAL PRACTICE,2 REHABILITATION WAY,WOBURN,MA,018016003,42.46352265,-71.161925472006,260,0
283b4184-53c7-3d7c-87be-9d55a22fc809,4e56c7ec-99e5-3023-8e4f-95ad18a03f06,Duane703 Bosco882,M,GENERAL PRACTICE,28 RIVERSIDE DR STE 101,PEMBROKE,MA,023594947,42.11004715,-70.77534154695786,46,0
dba14e9b-fe57-3a46-8b10-523698f35559,e2a8b444-9b8f-36ff-84c4-05ee98589482,Francisco472 Gusikowski974,F,GENERAL PRACTICE,8 SHIPWAY PL # C-8,CHARLESTOWN,MA,021294301,42.3778749,-71.0619957,13,0
1cf78624-bb5e-3b05-8c46-b90e03688fa3,71f4c23f-7559-31ff-8f42-a672e80b85a2,Clayton230 Jast432,M,GENERAL PRACTICE,300 FIRST AVENUE,WESTBOROUGH,MA,015812831,42.2694308,-71.6129907,23,0
a7f305c1-661b-362c-8ac6-5a637dc2b287,05f80ed8-6a7a-3728-8b5c-c5c995c8244a,Peter292 Cartwright189,M,GENERAL PRACTICE,150 South Huntington Avenue,Jamaica Plain,MA,02130,42.32809,-71.11076,123,0
f17a8422-d458-39bd-a9c0-f2f46266c088,18d2c9c2-4b92-3664-9b8e-419aff3ce942,Aleshia311 Block661,F,GENERAL PRACTICE,175 GROVE STREET,BRAINTREE,MA,021847253,42.19127375,-70.99279579751581,4,0
50c5be6e-399e-35ec-8b41-37e32e21039a,121b0ad1-1beb-3caa-9271-3d3f726bb727,Ester635 Salas880,F,GENERAL PRACTICE,1030 MAIN STREET,WALTHAM,MA,024517447,42.375828,-71.2527956,10,0
6ff53da9-a435-311b-9d15-e4bdec6bdaf8,f3a64526-e8aa-36bb-ac9a-4a6b9fd7d0f6,Greg949 Corkery305,M,GENERAL PRACTICE,385 GROVE ST,WORCESTER,MA,016062726,42.286333299999995,-71.80745147942015,31,0
0a8e472a-b94d-3dc6-83fd-3965d44764b7,4f029aea-a3f7-3429-a477-45cfe183c3f9,Marchelle563 Lesch175,F,GENERAL PRACTICE,1675 NORTH MAIN STREET,LANCASTER,MA,015232405,42.4761132,-71.6873032,13,0
be7ee277-d7a9-35a2-86e1-9aeaa7471209,f6ba791e-fe68-3596-bef4-60751db6a60e,Cleo27 Crooks415,M,GENERAL PRACTICE,37 BIRCH STREET,MILFORD,MA,017575501,42.1424349,-71.48943173357203,3,0
7a891093-c77f-3a45-aab5-8018a00cb02c,2fc3d86d-4194-3ad1-bb8a-99d5d34119a1,Trent525 Krajcik437,M,GENERAL PRACTICE,300 CONGRESS ST STE 203,QUINCY,MA,021690907,42.2345525,-71.01493330273374,55,0
b843830c-3a48-3112-802a-85d2b305f5a9,b954c464-11ea-312b-a3f8-1350775bfa54,Rupert654 Walker122,M,GENERAL PRACTICE,123 CAPTAIN'S ROW,CHELSEA,MA,021504019,42.3917638,-71.0328284,3,0
9c7d82ab-a2b0-3c99-8829-66e917525555,9f368e75-397f-3d77-a317-9a005512a4e2,Franklin857 Pfannerstill264,M,GENERAL PRACTICE,381 PARK AVE,WORCESTER,MA,016101026,42.2583962,-71.82204240042036,28,0
6ada94d5-18b7-35b6-8c83-844a50eb3fdd,c6d162b3-1d7f-368a-9990-671ca77e55d7,Lavona767 Waelchi213,F,GENERAL PRACTICE,629 SALISBURY ST,WORCESTER,MA,016091121,42.2932691,-71.8390048,12,0
d8e61e43-ccdb-3a3e-a605-9e2b4ef766e0,941fb26d-4d24-30af-9c1b-fe0aa8e70cfa,Isabela97 Palomino953,F,GENERAL PRACTICE,1 GENERAL ST,LAWRENCE,MA,018412884,42.7097143,-71.15007700778098,9,0
0de3bac9-bf5f-3927-a6ec-b4581890a016,1676f96e-65fc-350d-918b-453697bf07ff,Horace32 D'Amore443,M,GENERAL PRACTICE,120 LONGWATER DRIVE,NORWELL,MA,020611653,42.15682485,-70.8792143504961,1,0
25789c14-9849-39e0-a8a4-31af2f56ddd6,91808f17-7583-32a3-aa55-23b131b327c7,Leonie332 Wunsch504,F,GENERAL PRACTICE,200 CORDWAINER DR,NORWELL,MA,020611671,42.16352995,-70.8846291501739,105,0
58ef6049-ea60-3b11-9371-16fc6bdd80ec,02d7b144-352f-3eac-97db-6fc4a95bf1fa,Dante562 Reinger292,M,GENERAL PRACTICE,120 SEMINARY AVENUE,AUBURNDALE,MA,024662650,42.34002614299451,-71.24911543639162,4,0
17709657-9fd5-3c3f-9601-46d5935a5edc,53f086de-2fc7-3d35-92c2-aca4ed944e7f,Chang901 Kutch271,M,GENERAL PRACTICE,1 GENERAL ST,LAWRENCE,MA,018412961,42.7097143,-71.15007700778098,238,0
b3021bb4-78c3-396d-a99b-bed2408e3ac3,e498871e-3c3d-3ea1-a79d-4bc09679de84,Chung121 Collins926,M,GENERAL PRACTICE,221 FITZGERALD DRIVE,NEW BEDFORD,MA,027453426,41.6995448,-70.92972651619661,1,0
8b1e4058-c334-3c20-9f68-d706e94ff7f3,8d81bd8c-ad6c-37f7-95c9-75fd3de24e86,Hunter736 Marquardt819,M,GENERAL PRACTICE,118 MAIN ST,STURBRIDGE,MA,015661533,42.0905134,-72.06606362965572,91,0
c3e1fe5c-4e27-3ee9-bbd7-4383788154cb,c05d73d0-b348-32ce-9fe5-13a720950f37,Enrique929 Escobar593,M,GENERAL PRACTICE,45 DRUM HILL RD,CHELMSFORD,MA,018241503,42.6255635,-71.3615131,3,0
cb71ab9e-c0ad-3cf3-b23b-b205aefc24fa,ac0fde88-b0ad-3388-a4a8-b8fc2a4f4af2,Bobbye345 Wuckert783,F,GENERAL PRACTICE,150 YORK STREET,STOUGHTON,MA,020729105,42.144646800000004,-71.09875876961266,6,0
b93c2139-bb48-3644-9b54-4f6591611232,0592d4e5-a0fb-3143-83cd-8e5a6b066a96,Anderson154 Lemke654,M,GENERAL PRACTICE,20 EAST ST,HANOVER,MA,023391638,42.1278249,-70.82664947485381,193,0
be617ea9-ad96-3395-a7df-a1ffbc9e566d,c67ca7ed-4769-3b6c-a0a9-993f1227ff10,Allen322 Veum823,M,GENERAL PRACTICE,1 BLACKBURN DR,GLOUCESTER,MA,019302237,42.6269312,-70.65555242413386,56,0
78119d1c-705f-3729-be74-8e51343b9747,ba07b31b-bf14-39b8-be95-4c5ca5062daa,Hermelinda327 Hyatt152,F,GENERAL PRACTICE,1575 CAMBRIDGE ST,CAMBRIDGE,MA,021384308,42.375209549999994,-71.10711344152975,23,0
4d151417-875c-3be0-9bfb-de98b4323d78,6aae7a31-90df-3455-ad8d-81f8cf2d21e8,Damaris45 Funk324,F,GENERAL PRACTICE,680 CENTRE ST,BROCKTON,MA,023023308,42.0872752,-70.9910738855076,237,0
81f380ef-fd57-39f8-ac04-83810db90acc,14036728-b721-3e4b-8755-8ee8ab6ed15e,Rocky100 Schmeler639,M,GENERAL PRACTICE,625 MOUNT AUBURN ST,CAMBRIDGE,MA,021384518,42.375351,-71.1468628,33,0
b8c939d1-e1f7-335a-bedb-7dd5c7134180,104079d4-560e-3eb8-9a48-d495835a3997,Paris331 Schmeler639,M,GENERAL PRACTICE,68 CAMP ST,MASHPEE,MA,026493465,41.6484421,-70.4811383,27,0
